timestamp,symbol,bot,account,timeframe,signal,signal_type,trigger,confidence,atr,executed,entry_price,sl_price,sl,tp_price,tp,volume_lots,ticket,exit_price,exit_reason,profit,pnl,outcome,duration_minutes,account_balance,account_equity,spread,spread_points,bar_open,bar_high,bar_low,bar_close,ema_fast,ema_slow,ema_separation,rsi,n_bar_high,n_bar_low,conditions_met,ema_50,nearest_sr_level,sr_distance_atr,pattern_type,pin_wick_size,pin_body_ratio,engulf_size_atr,inside_bar_vol_ratio,pattern_detected,sr_nearby,ema_20,momentum_fast_ema,momentum_slow_ema,breakout_high,breakout_low,pullback_distance_atr,volume_ratio,h1_trend,bb_upper,bb_lower,bb_mid,price_position_in_bb,adx,hold_reason
2026-03-24T00:00:23.880813+00:00,XAUUSD,taipan,144385,M30,HOLD,NONE,NONE,0,0.0,0,,,,,,,,,,,,,,,,,,4440.85,4444.43,4440.62,4444.43,4429.780564,4413.93357,15.846994,56.3648,,,,4422.266731,,,NONE,,,,,False,,4413.93357,,,,,,0.0161,,4488.737486,4356.017514,4422.3775,0.6662,15.38,ASIAN
2026-03-24T00:00:23.880813+00:00,WTIcash-1,taipan,144385,M30,HOLD,NONE,NONE,0,0.0,0,,,,,,,,,,,,,,,,,,89.82,90.23,89.75,90.22,89.580389,90.588497,-1.008108,44.6886,,,,93.228929,,,NONE,,,,,False,,90.588497,,,,,,0.0174,,91.71421,87.45579,89.585,0.6491,49.49,ASIAN
2026-03-24T00:05:27.412209+00:00,XAUUSD,taipan,144385,M30,HOLD,NONE,NONE,0,0.0,0,,,,,,,,,,,,,,,,,,4440.85,4446.53,4427.46,4431.14,4426.827231,4412.667856,14.159375,54.0357,,,,4421.745555,,,NONE,,,,,False,,4412.667856,,,,,,0.1779,,4487.406009,4356.019991,4421.713,0.5718,15.39,ASIAN
2026-03-24T00:05:27.412209+00:00,WTIcash-1,taipan,144385,M30,HOLD,NONE,NONE,0,0.0,0,,,,,,,,,,,,,,,,,,89.82,90.44,89.75,90.07,89.547055,90.574211,-1.027156,43.986,,,,93.223046,,,NONE,,,,,False,,90.574211,,,,,,0.1903,,91.698333,87.456667,89.5775,0.6161,49.3,ASIAN
2026-03-24T00:10:30.597587+00:00,XAUUSD,taipan,144385,M30,HOLD,NONE,NONE,0,0.0,0,,,,,,,,,,,,,,,,,,4440.85,4446.53,4427.46,4433.1,4427.262787,4412.854522,14.408265,54.3871,,,,4421.822417,,,NONE,,,,,False,,4412.854522,,,,,,0.3393,,4487.569038,4356.052962,4421.811,0.5858,15.39,ASIAN
2026-03-24T00:10:30.597587+00:00,WTIcash-1,taipan,144385,M30,HOLD,NONE,NONE,0,0.0,0,,,,,,,,,,,,,,,,,,89.82,90.44,89.75,90.26,89.589278,90.592306,-1.003028,44.8729,,,,93.230497,,,NONE,,,,,False,,90.592306,,,,,,0.2966,,91.718795,87.455205,89.587,0.6578,49.3,ASIAN
2026-03-24T00:15:33.699770+00:00,XAUUSD,taipan,144385,M30,HOLD,NONE,NONE,0,0.0,0,,,,,,,,,,,,,,,,,,4440.85,4446.53,4414.16,4416.73,4423.625009,4411.295475,12.329534,51.5854,,,,4421.180457,,,NONE,,,,,False,,4411.295475,,,,,,0.5011,,4486.566153,4355.418847,4420.9925,0.4675,15.18,ASIAN
2026-03-24T00:15:33.699770+00:00,WTIcash-1,taipan,144385,M30,HOLD,NONE,NONE,0,0.0,0,,,,,,,,,,,,,,,,,,89.82,90.62,89.75,90.6,89.664833,90.624687,-0.959854,46.3918,,,,93.24383,,,NONE,,,,,False,,90.624687,,,,,,0.4052,,91.763633,87.444367,89.604,0.7306,49.14,ASIAN
2026-03-24T00:20:36.971206+00:00,XAUUSD,taipan,144385,M30,HOLD,NONE,NONE,0,0.0,0,,,,,,,,,,,,,,,,,,4440.85,4446.53,4401.65,4406.55,4421.362787,4410.325951,11.036836,49.9842,,,,4420.781241,,,NONE,,,,,False,,4410.325951,,,,,,0.6862,,4486.353834,4354.613166,4420.4835,0.3942,15.3,ASIAN
2026-03-24T00:20:36.971206+00:00,WTIcash-1,taipan,144385,M30,HOLD,NONE,NONE,0,0.0,0,,,,,,,,,,,,,,,,,,89.82,90.63,89.75,90.56,89.655944,90.620877,-0.964933,46.2175,,,,93.242262,,,NONE,,,,,False,,90.620877,,,,,,0.519,,91.757821,87.446179,89.602,0.7222,49.13,ASIAN
2026-03-24T00:25:40.116440+00:00,XAUUSD,taipan,144385,M30,HOLD,NONE,NONE,0,0.0,0,,,,,,,,,,,,,,,,,,4440.85,4446.53,4401.65,4404.02,4420.800564,4410.084998,10.715566,49.6016,,,,4420.682025,,,NONE,,,,,False,,4410.084998,,,,,,0.8555,,4486.349605,4354.364395,4420.357,0.3762,15.3,ASIAN
2026-03-24T00:25:40.116440+00:00,WTIcash-1,taipan,144385,M30,HOLD,NONE,NONE,0,0.0,0,,,,,,,,,,,,,,,,,,89.82,90.63,89.75,90.55,89.653722,90.619925,-0.966203,46.1737,,,,93.24187,,,NONE,,,,,False,,90.619925,,,,,,0.593,,91.756389,87.446611,89.6015,0.7201,49.13,ASIAN
2026-03-24T00:30:43.342364+00:00,XAUUSD,taipan,144385,M30,HOLD,NONE,NONE,0,45.91889574438714,0,,,,,,,,,,,,,,,,,,4378.19,4385.3,4377.92,4382.86,4407.861674,4405.244885,2.616789,46.7647,4448.08,4360.81,,4418.218232,,,NONE,,,,,False,,4405.244885,,,4448.08,4360.81,1.9005,0.0271,,4483.540655,4347.426345,4415.4835,0.2603,15.77,ASIAN
2026-03-24T00:30:43.342364+00:00,WTIcash-1,taipan,144385,M30,HOLD,NONE,NONE,0,0.0,0,,,,,,,,,,,,,,,,,,90.59,90.61,90.52,90.58,89.866475,90.619569,-0.753094,46.3079,,,,93.13908,,,NONE,,,,,False,,90.619569,,,,,,0.012,,91.843876,87.441124,89.6425,0.7129,48.07,ASIAN
2026-03-24T00:35:46.360718+00:00,XAUUSD,taipan,144385,M30,HOLD,NONE,NONE,0,47.61318145867281,0,,,,,,,,,,,,,,,,,,4378.19,4387.41,4356.31,4369.72,4404.941674,4403.993457,0.948217,44.86,4448.08,4356.31,,4417.702938,,,NONE,,,,,False,,4403.993457,,,4448.08,4356.31,1.9274,0.2314,,4484.445478,4345.207522,4414.8265,0.176,16.01,ASIAN
2026-03-24T00:35:46.360718+00:00,WTIcash-1,taipan,144385,M30,HOLD,NONE,NONE,0,0.0,0,,,,,,,,,,,,,,,,,,90.59,90.88,90.47,90.73,89.899809,90.633855,-0.734046,46.9965,,,,93.144963,,,NONE,,,,,False,,90.633855,,,,,,0.1129,,91.8658,87.4342,89.65,0.7437,47.84,ASIAN
2026-03-24T00:40:49.616901+00:00,XAUUSD,taipan,144385,M30,HOLD,NONE,NONE,0,49.381752887244254,0,,,,,,,,,,,,,,,,,,4378.19,4387.41,4331.55,4342.69,4398.935007,4401.419171,-2.484164,41.5502,4448.08,4331.55,,4416.642938,,,NONE,,,,,False,,4401.419171,,,4448.08,4331.55,2.3598,0.4266,,4487.679351,4339.270649,4413.475,0.023,16.45,ASIAN
2026-03-24T00:40:49.616901+00:00,WTIcash-1,taipan,144385,M30,HOLD,NONE,NONE,0,0.0,0,,,,,,,,,,,,,,,,,,90.59,91.22,90.47,91.11,89.984253,90.670046,-0.685793,48.6792,,,,93.159865,,,NONE,,,,,False,,90.670046,,,,,,0.2411,,91.929851,87.408149,89.669,0.8187,47.54,ASIAN
2026-03-24T00:45:52.697866+00:00,XAUUSD,taipan,144385,M30,HOLD,NONE,NONE,0,49.381752887244254,0,,,,,,,,,,,,,,,,,,4378.19,4387.41,4331.55,4352.6,4401.137229,4402.36298,-1.225751,42.7054,4448.08,4331.55,,4417.031565,,,NONE,,,,,False,,4402.36298,,,4448.08,4331.55,2.3598,0.6258,,4486.293163,4341.647837,4413.9705,0.0757,16.45,ASIAN
2026-03-24T00:45:52.697866+00:00,WTIcash-1,taipan,144385,M30,HOLD,NONE,NONE,0,0.0,0,,,,,,,,,,,,,,,,,,90.59,91.34,90.47,91.3,90.026475,90.688141,-0.661666,49.4812,,,,93.167316,,,NONE,,,,,False,,90.688141,,,,,,0.3552,,91.966282,87.390718,89.6785,0.8544,47.44,ASIAN
2026-03-24T00:50:55.862926+00:00,XAUUSD,taipan,144385,M30,HOLD,NONE,NONE,0,49.381752887244254,0,,,,,,,,,,,,,,,,,,4378.19,4387.41,4331.55,4370.27,4405.063896,4404.045838,1.018058,44.9328,4448.08,4331.55,,4417.724507,,,NONE,,,,,False,,4404.045838,,,4448.08,4331.55,2.3598,0.8195,,4484.398351,4345.309649,4414.854,0.1795,16.45,ASIAN
2026-03-24T00:50:55.862926+00:00,WTIcash-1,taipan,144385,M30,HOLD,NONE,NONE,0,0.0,0,,,,,,,,,,,,,,,,,,90.59,91.39,90.47,91.14,89.99092,90.672903,-0.681983,48.8075,,,,93.161041,,,NONE,,,,,False,,90.672903,,,,,,0.4557,,91.935413,87.405587,89.6705,0.8244,47.4,ASIAN
2026-03-24T00:55:59.181105+00:00,XAUUSD,taipan,144385,M30,HOLD,NONE,NONE,0,49.381752887244254,0,,,,,,,,,,,,,,,,,,4378.19,4387.41,4331.55,4382.02,4407.675007,4405.164885,2.510122,46.6313,4448.08,4331.55,,4418.185291,,,NONE,,,,,False,,4405.164885,,,4448.08,4331.55,2.3598,0.996,,4483.584408,4347.298592,4415.4415,0.2548,16.45,ASIAN
2026-03-24T00:55:59.181105+00:00,WTIcash-1,taipan,144385,M30,HOLD,NONE,NONE,0,0.0,0,,,,,,,,,,,,,,,,,,90.59,91.39,90.47,90.88,89.933142,90.648141,-0.714999,47.6737,,,,93.150845,,,NONE,,,,,False,,90.648141,,,,,,0.5563,,91.889647,87.425353,89.6575,0.7738,47.4,ASIAN
2026-03-24T01:01:02.486991+00:00,XAUUSD,taipan,144385,M30,HOLD,NONE,NONE,0,46.595199035874884,0,,,,,,,,,,,,,,,,,,4364.5,4371.48,4361.11,4363.86,4394.956857,4399.744692,-4.787835,44.0895,4448.08,4331.55,,4415.404208,,,NONE,,,,,False,,4399.744692,,,4448.08,4331.55,2.5009,0.0489,,4473.462104,4343.398896,4408.4305,0.1573,16.87,ASIAN
2026-03-24T01:01:02.486991+00:00,WTIcash-1,taipan,144385,M30,HOLD,NONE,NONE,0,0.0,0,,,,,,,,,,,,,,,,,,90.8,91.18,90.78,91.15,90.191456,90.689905,-0.498449,48.9613,,,,93.069887,,,NONE,,,,,False,,90.689905,,,,,,0.0577,,91.837765,87.450235,89.644,0.8432,45.8,ASIAN
2026-03-24T01:06:06.100700+00:00,XAUUSD,taipan,144385,M30,HOLD,NONE,NONE,0,47.44877046444637,0,,,,,,,,,,,,,,,,,,4364.5,4374.06,4351.74,4360.88,4394.294635,4399.460883,-5.166248,43.6835,4448.08,4331.55,,4415.287345,,,NONE,,,,,False,,4399.460883,,,4448.08,4331.55,2.4559,0.2733,,4473.755234,4342.807766,4408.2815,0.138,16.87,ASIAN
2026-03-24T01:06:06.100700+00:00,WTIcash-1,taipan,144385,M30,HOLD,NONE,NONE,0,0.0,0,,,,,,,,,,,,,,,,,,90.8,91.65,90.78,91.62,90.2959,90.734667,-0.438767,51.0211,,,,93.088318,,,NONE,,,,,False,,90.734667,,,,,,0.2163,,91.937922,87.397078,89.6675,0.93,45.58,ASIAN
2026-03-24T01:11:09.173188+00:00,XAUUSD,taipan,144385,M30,HOLD,NONE,NONE,0,48.09305617873205,0,,,,,,,,,,,,,,,,,,4364.5,4374.06,4342.72,4359.63,4394.016857,4399.341835,-5.324978,43.5153,4448.08,4331.55,,4415.238325,,,NONE,,,,,False,,4399.341835,,,4448.08,4331.55,2.423,0.4922,,4473.885358,4342.552642,4408.219,0.13,16.87,ASIAN
2026-03-24T01:11:09.173188+00:00,WTIcash-1,taipan,144385,M30,HOLD,NONE,NONE,0,0.0,0,,,,,,,,,,,,,,,,,,90.8,91.83,90.78,91.47,90.262567,90.720381,-0.457814,50.3821,,,,93.082436,,,NONE,,,,,False,,90.720381,,,,,,0.3711,,91.904103,87.415897,89.66,0.9033,45.43,ASIAN
2026-03-24T01:16:12.537365+00:00,XAUUSD,taipan,144385,M30,HOLD,NONE,NONE,0,49.10019903587493,0,,,,,,,,,,,,,,,,,,4364.5,4374.06,4328.62,4336.13,4388.794635,4397.10374,-8.309105,40.5795,4448.08,4328.62,,4414.316757,,,NONE,,,,,False,,4397.10374,,,4448.08,4328.62,2.433,0.704,,4477.067538,4337.020462,4407.044,-0.0064,16.92,ASIAN
2026-03-24T01:16:12.537365+00:00,WTIcash-1,taipan,144385,M30,HOLD,NONE,NONE,0,0.0,0,,,,,,,,,,,,,,,,,,90.8,91.83,90.78,91.44,90.2559,90.717524,-0.461624,50.2522,,,,93.08126,,,NONE,,,,,False,,90.717524,,,,,,0.4793,,91.897544,87.419456,89.6585,0.8978,45.43,ASIAN
2026-03-24T01:21:16.162071+00:00,XAUUSD,taipan,144385,M30,HOLD,NONE,NONE,0,49.10019903587493,0,,,,,,,,,,,,,,,,,,4364.5,4374.06,4328.62,4353.52,4392.659079,4398.75993,-6.100851,42.7119,4448.08,4328.62,,4414.998718,,,NONE,,,,,False,,4398.75993,,,4448.08,4328.62,2.433,0.9108,,4474.580872,4341.246128,4407.9135,0.0921,16.92,ASIAN
2026-03-24T01:21:16.162071+00:00,WTIcash-1,taipan,144385,M30,HOLD,NONE,NONE,0,0.0,0,,,,,,,,,,,,,,,,,,90.8,91.83,90.78,91.55,90.280345,90.728,-0.447655,50.725,,,,93.085573,,,NONE,,,,,False,,90.728,,,,,,0.6185,,91.92193,87.40607,89.664,0.9176,45.43,ASIAN
2026-03-24T01:26:19.823530+00:00,XAUUSD,taipan,144385,M30,HOLD,NONE,NONE,0,49.10019903587493,0,,,,,,,,,,,,,,,,,,4364.5,4374.06,4328.62,4361.16,4394.356857,4399.487549,-5.130692,43.7213,4448.08,4328.62,,4415.298325,,,NONE,,,,,False,,4399.487549,,,4448.08,4328.62,2.433,1.0998,,4473.726663,4342.864337,4408.2955,0.1398,16.92,ASIAN
2026-03-24T01:26:19.823530+00:00,WTIcash-1,taipan,144385,M30,HOLD,NONE,NONE,0,0.0,0,,,,,,,,,,,,,,,,,,90.8,91.83,90.78,91.71,90.3159,90.743239,-0.427339,51.3968,,,,93.091848,,,NONE,,,,,False,,90.743239,,,,,,0.7095,,91.959012,87.384988,89.672,0.9456,45.43,ASIAN
2026-03-24T01:31:22.892194+00:00,XAUUSD,taipan,144385,M30,HOLD,NONE,NONE,0,46.108756240000396,0,,,,,,,,,,,,,,,,,,4354.35,4357.48,4350.26,4354.22,4384.329654,4394.624018,-10.294364,42.7972,4448.08,4328.62,,4412.661864,,,NONE,,,,,False,,4394.624018,,,4448.08,4328.62,2.5908,0.0607,,4468.099741,4337.084259,4402.592,0.1308,17.35,ASIAN
2026-03-24T01:31:22.892194+00:00,WTIcash-1,taipan,144385,M30,HOLD,NONE,NONE,0,1.4281047087500538,0,,,,,,,,,,,,,,,,,,91.69,91.78,91.67,91.75,90.631132,90.837397,-0.206265,51.5808,91.88,88.92,,93.037977,,,NONE,,,,,False,,90.837397,,,91.88,88.92,2.0727,0.0358,,92.244587,87.317413,89.781,0.8996,43.52,ASIAN
2026-03-24T01:36:29.533985+00:00,XAUUSD,taipan,144385,M30,HOLD,NONE,NONE,0,46.884470525714725,0,,,,,,,,,,,,,,,,,,4354.35,4368.34,4350.26,4367.05,4387.180765,4395.845923,-8.665158,45.0778,4448.08,4328.62,,4413.165001,,,NONE,,,,,False,,4395.845923,,,4448.08,4328.62,2.548,0.2715,,4466.974188,4339.492812,4403.2335,0.2162,17.35,ASIAN
2026-03-24T01:36:29.533985+00:00,WTIcash-1,taipan,144385,M30,HOLD,NONE,NONE,0,1.440247565892911,0,,,,,,,,,,,,,,,,,,91.69,91.95,91.67,91.78,90.637799,90.840254,-0.202455,51.7133,91.95,88.92,,93.039153,,,NONE,,,,,False,,90.840254,,,91.95,88.92,2.1038,0.1411,,92.251166,87.313834,89.7825,0.9046,43.46,ASIAN
2026-03-24T01:41:32.870762+00:00,XAUUSD,taipan,144385,M30,HOLD,NONE,NONE,0,47.615184811429046,0,,,,,,,,,,,,,,,,,,4354.35,4368.34,4340.03,4340.23,4381.220765,4393.291637,-12.070872,40.9301,4448.08,4328.62,,4412.113236,,,NONE,,,,,False,,4393.291637,,,4448.08,4328.62,2.5089,0.4767,,4469.828828,4333.956172,4401.8925,0.0462,17.35,ASIAN
2026-03-24T01:41:32.870762+00:00,WTIcash-1,taipan,144385,M30,HOLD,NONE,NONE,0,1.4416761373214821,0,,,,,,,,,,,,,,,,,,91.69,91.97,91.67,91.87,90.657799,90.848826,-0.191027,52.1062,91.97,88.92,,93.042683,,,NONE,,,,,False,,90.848826,,,91.97,88.92,2.1156,0.2472,,92.271276,87.302724,89.787,0.9192,43.44,ASIAN
2026-03-24T01:46:35.952364+00:00,XAUUSD,taipan,144385,M30,HOLD,NONE,NONE,0,49.10375624000048,0,,,,,,,,,,,,,,,,,,4354.35,4368.34,4319.19,4327.19,4378.322988,4392.049733,-13.726745,39.3307,4448.08,4319.19,,4411.601864,,,NONE,,,,,False,,4392.049733,,,4448.08,4319.19,2.6249,0.6794,,4471.865655,4330.615345,4401.2405,-0.0243,17.52,ASIAN
2026-03-24T01:46:35.952364+00:00,WTIcash-1,taipan,144385,M30,HOLD,NONE,NONE,0,1.4552475658929107,0,,,,,,,,,,,,,,,,,,91.69,92.16,91.67,92.09,90.706688,90.869778,-0.16309,53.0404,92.16,88.92,,93.05131,,,NONE,,,,,False,,90.869778,,,92.16,88.92,2.2264,0.3445,,92.322729,87.273271,89.798,0.9539,43.29,ASIAN
2026-03-24T01:51:39.291806+00:00,XAUUSD,taipan,144385,M30,HOLD,NONE,NONE,0,49.888041954286166,0,,,,,,,,,,,,,,,,,,4354.35,4368.34,4308.21,4324.38,4377.698543,4391.782114,-14.083571,39.0023,4448.08,4308.21,,4411.491668,,,NONE,,,,,False,,4391.782114,,,4448.08,4308.21,2.8037,0.8823,,4472.353808,4329.846192,4401.1,-0.0384,17.71,ASIAN
2026-03-24T01:51:39.291806+00:00,WTIcash-1,taipan,144385,M30,HOLD,NONE,NONE,0,1.4638189944643396,0,,,,,,,,,,,,,,,,,,91.69,92.28,91.67,91.85,90.653355,90.846921,-0.193566,52.0195,92.28,88.92,,93.041898,,,NONE,,,,,False,,90.846921,,,92.28,88.92,2.2954,0.463,,92.266759,87.305241,89.786,0.916,43.19,ASIAN
2026-03-24T01:56:42.436552+00:00,XAUUSD,taipan,144385,M30,HOLD,NONE,NONE,0,49.888041954286166,0,,,,,,,,,,,,,,,,,,4354.35,4368.34,4308.21,4329.32,4378.796321,4392.25259,-13.456269,39.5834,4448.08,4308.21,,4411.685393,,,NONE,,,,,False,,4392.25259,,,4448.08,4308.21,2.8037,1.0753,,4471.506877,4331.187123,4401.347,-0.0133,17.71,ASIAN
2026-03-24T01:56:42.436552+00:00,WTIcash-1,taipan,144385,M30,HOLD,NONE,NONE,0,1.4638189944643396,0,,,,,,,,,,,,,,,,,,91.69,92.28,91.67,91.88,90.660021,90.849778,-0.189757,52.1495,92.28,88.92,,93.043075,,,NONE,,,,,False,,90.849778,,,92.28,88.92,2.2954,0.5522,,92.273544,87.301456,89.7875,0.9208,43.19,ASIAN
2026-03-24T02:01:45.818004+00:00,XAUUSD,taipan,144385,M30,HOLD,NONE,NONE,0,47.13603881149409,0,,,,,,,,,,,,,,,,,,4322.08,4325.54,4314.18,4320.2,4364.509731,4384.75969,-20.249959,38.5081,4448.08,4308.21,,4407.821832,,,NONE,,,,,False,,4384.75969,,,4448.08,4308.21,2.9674,0.0765,,4471.449314,4317.784686,4394.617,0.0157,18.44,ASIAN
2026-03-24T02:01:45.818004+00:00,WTIcash-1,taipan,144385,M30,HOLD,NONE,NONE,0,1.3764033698628724,0,,,,,,,,,,,,,,,,,,91.91,92.03,91.79,92.01,90.96693,90.963722,0.003208,52.7342,92.28,88.92,,93.003969,,,NONE,,,,,False,,90.963722,,,92.28,88.92,2.4411,0.0467,,92.581083,87.212917,89.897,0.8936,41.15,ASIAN
2026-03-24T02:06:48.982870+00:00,XAUUSD,taipan,144385,M30,HOLD,NONE,NONE,0,47.88889595435123,0,,,,,,,,,,,,,,,,,,4322.08,4336.08,4314.18,4330.82,4366.869731,4385.771119,-18.901388,40.3988,4448.08,4308.21,,4408.238302,,,NONE,,,,,False,,4385.771119,,,4448.08,4308.21,2.9207,0.284,,4469.934361,4320.361639,4395.148,0.0699,18.44,ASIAN
2026-03-24T02:06:48.982870+00:00,WTIcash-1,taipan,144385,M30,HOLD,NONE,NONE,0,1.389974798434301,0,,,,,,,,,,,,,,,,,,91.91,92.22,91.79,92.1,90.98693,90.972294,0.014636,53.1395,92.28,88.92,,93.007498,,,NONE,,,,,False,,90.972294,,,92.28,88.92,2.4173,0.1541,,92.600757,87.202243,89.9015,0.9072,41.15,ASIAN
2026-03-24T02:11:52.243158+00:00,XAUUSD,taipan,144385,M30,HOLD,NONE,NONE,0,48.32603881149408,0,,,,,,,,,,,,,,,,,,4322.08,4336.08,4308.06,4313.05,4362.920842,4384.078738,-21.157896,37.6574,4448.08,4308.06,,4407.54144,,,NONE,,,,,False,,4384.078738,,,4448.08,4308.06,2.8974,0.4891,,4472.601464,4315.917536,4394.2595,-0.0183,18.44,ASIAN
2026-03-24T02:11:52.243158+00:00,WTIcash-1,taipan,144385,M30,HOLD,NONE,NONE,0,1.389974798434301,0,,,,,,,,,,,,,,,,,,91.91,92.22,91.79,92.1,90.98693,90.972294,0.014636,53.1395,92.28,88.92,,93.007498,,,NONE,,,,,False,,90.972294,,,92.28,88.92,2.4173,0.26,,92.600757,87.202243,89.9015,0.9072,41.15,ASIAN
2026-03-24T02:16:55.396808+00:00,XAUUSD,taipan,144385,M30,HOLD,NONE,NONE,0,48.46675309720838,0,,,,,,,,,,,,,,,,,,4322.08,4336.08,4306.09,4318.71,4364.17862,4384.617785,-20.439165,38.3277,4448.08,4306.09,,4407.7634,,,NONE,,,,,False,,4384.617785,,,4448.08,4306.09,2.9296,0.6836,,4471.680917,4317.404083,4394.5425,0.0085,18.48,ASIAN
2026-03-24T02:16:55.396808+00:00,WTIcash-1,taipan,144385,M30,HOLD,NONE,NONE,0,1.389974798434301,0,,,,,,,,,,,,,,,,,,91.91,92.22,91.79,92.18,91.004708,90.979913,0.024795,53.494,92.28,88.92,,93.010635,,,NONE,,,,,False,,90.979913,,,92.28,88.92,2.4173,0.3311,,92.618676,87.192324,89.9055,0.9192,41.15,ASIAN
2026-03-24T02:21:58.663194+00:00,XAUUSD,taipan,144385,M30,HOLD,NONE,NONE,0,48.46675309720838,0,,,,,,,,,,,,,,,,,,4322.08,4336.08,4306.09,4330.55,4366.809731,4385.745404,-18.935673,40.3491,4448.08,4306.09,,4408.227714,,,NONE,,,,,False,,4385.745404,,,4448.08,4306.09,2.9296,0.866,,4469.969836,4320.299164,4395.1345,0.0685,18.48,ASIAN
2026-03-24T02:21:58.663194+00:00,WTIcash-1,taipan,144385,M30,HOLD,NONE,NONE,0,1.4021176555771582,0,,,,,,,,,,,,,,,,,,91.91,92.39,91.79,92.29,91.029152,90.990389,0.038763,53.9727,92.39,88.92,,93.014949,,,NONE,,,,,False,,90.990389,,,92.39,88.92,2.4748,0.4186,,92.643964,87.178036,89.911,0.9352,41.05,ASIAN
2026-03-24T02:27:01.935379+00:00,XAUUSD,taipan,144385,M30,HOLD,NONE,NONE,0,49.40746738292267,0,,,,,,,,,,,,,,,,,,4322.08,4349.25,4306.09,4337.64,4368.385287,4386.420643,-18.035356,41.6293,4448.08,4306.09,,4408.505753,,,NONE,,,,,False,,4386.420643,,,4448.08,4306.09,2.8739,1.0559,,4469.093208,4321.884792,4395.489,0.107,18.48,ASIAN
2026-03-24T02:27:01.935379+00:00,WTIcash-1,taipan,144385,M30,HOLD,NONE,NONE,0,1.4064033698628726,0,,,,,,,,,,,,,,,,,,91.91,92.39,91.73,91.79,90.918041,90.94277,-0.024729,51.6706,92.39,88.92,,92.995341,,,NONE,,,,,False,,90.94277,,,92.39,88.92,2.4673,0.535,,92.535198,87.236802,89.886,0.8594,41.05,ASIAN
2026-03-24T02:32:05.474899+00:00,XAUUSD,taipan,144385,M30,HOLD,NONE,NONE,0,49.40746738292267,0,,,,,,,,,,,,,,,,,,4351.32,4358.46,4344.54,4353.62,4367.554976,4384.518631,-16.963655,44.345,4448.08,4306.09,,4406.888162,,,NONE,,,,,False,,4384.518631,,,4448.08,4306.09,2.8739,0.0932,,4468.297536,4323.080464,4395.689,0.2103,19.04,ASIAN
2026-03-24T02:32:05.474899+00:00,WTIcash-1,taipan,144385,M30,HOLD,NONE,NONE,0,1.3266602742267968,0,,,,,,,,,,,,,,,,,,91.74,91.98,91.69,91.91,91.131563,91.03144,0.100123,52.2581,92.39,88.92,,92.951161,,,NONE,,,,,False,,91.03144,,,92.39,88.92,2.6156,0.0668,,92.786732,87.205268,89.996,0.8429,39.1,ASIAN
2026-03-24T02:37:08.457174+00:00,XAUUSD,taipan,144385,M30,HOLD,NONE,NONE,0,48.22167892564427,0,,,,,,,,,,,,,,,,,,4351.32,4373.27,4344.54,4365.61,4370.219421,4385.660536,-15.441115,46.3447,4448.08,4306.09,,4407.358358,,,NONE,,,,,False,,4385.660536,,,4448.08,4306.09,2.9445,0.3071,,4467.621308,4324.955692,4396.2885,0.285,18.58,ASIAN
2026-03-24T02:37:08.457174+00:00,WTIcash-1,taipan,144385,M30,HOLD,NONE,NONE,0,1.3359459885125107,0,,,,,,,,,,,,,,,,,,91.74,91.98,91.56,91.72,91.089341,91.013345,0.075996,51.3154,92.39,88.92,,92.94371,,,NONE,,,,,False,,91.013345,,,92.39,88.92,2.5974,0.1815,,92.750968,87.222032,89.9865,0.8135,39.18,ASIAN
2026-03-24T02:42:11.620039+00:00,XAUUSD,taipan,144385,M30,HOLD,NONE,NONE,0,48.22167892564427,0,,,,,,,,,,,,,,,,,,4351.32,4373.27,4344.54,4353.65,4367.561643,4384.521488,-16.959845,44.3502,4448.08,4306.09,,4406.889338,,,NONE,,,,,False,,4384.521488,,,4448.08,4306.09,2.9445,0.5069,,4468.295377,4323.085623,4395.6905,0.2105,18.58,ASIAN
2026-03-24T02:42:11.620039+00:00,WTIcash-1,taipan,144385,M30,HOLD,NONE,NONE,0,1.3359459885125107,0,,,,,,,,,,,,,,,,,,91.74,91.98,91.56,91.74,91.093785,91.01525,0.078535,51.4207,92.39,88.92,,92.944495,,,NONE,,,,,False,,91.01525,,,92.39,88.92,2.5974,0.2683,,92.754622,87.220378,89.9875,0.8167,39.18,ASIAN
2026-03-24T02:47:14.938760+00:00,XAUUSD,taipan,144385,M30,HOLD,NONE,NONE,0,48.64453606850135,0,,,,,,,,,,,,,,,,,,4351.32,4379.19,4344.54,4376.42,4372.621643,4386.69006,-14.068417,48.0283,4448.08,4306.09,,4407.782279,,,NONE,,,,,False,,4386.69006,,,4448.08,4306.09,2.9189,0.705,,4467.342155,4326.315845,4396.829,0.3553,18.41,ASIAN
2026-03-24T02:47:14.938760+00:00,WTIcash-1,taipan,144385,M30,HOLD,NONE,NONE,0,1.3466602742267968,0,,,,,,,,,,,,,,,,,,91.74,91.98,91.41,91.48,91.036007,90.990488,0.045519,50.0846,92.39,88.92,,92.934298,,,NONE,,,,,False,,90.990488,,,92.39,88.92,2.5767,0.4251,,92.709208,87.239792,89.9745,0.7753,39.28,ASIAN
2026-03-24T02:52:18.317433+00:00,XAUUSD,taipan,144385,M30,HOLD,NONE,NONE,0,48.64453606850135,0,,,,,,,,,,,,,,,,,,4351.32,4379.19,4344.54,4354.92,4367.843865,4384.642441,-16.798576,44.569,4448.08,4306.09,,4406.939142,,,NONE,,,,,False,,4384.642441,,,4448.08,4306.09,2.9189,0.8963,,4468.206124,4323.301876,4395.754,0.2182,18.41,ASIAN
2026-03-24T02:52:18.317433+00:00,WTIcash-1,taipan,144385,M30,HOLD,NONE,NONE,0,1.3509459885125112,0,,,,,,,,,,,,,,,,,,91.74,91.98,91.35,91.76,91.09823,91.017155,0.081075,51.5233,92.39,88.92,,92.945279,,,NONE,,,,,False,,91.017155,,,92.39,88.92,2.5686,0.5362,,92.758302,87.218698,89.9885,0.8198,39.32,ASIAN
2026-03-24T02:57:21.710252+00:00,XAUUSD,taipan,144385,M30,HOLD,NONE,NONE,0,48.64453606850135,0,,,,,,,,,,,,,,,,,,4351.32,4379.19,4344.54,4360.61,4369.108309,4385.184346,-16.076037,45.5285,4448.08,4306.09,,4407.162279,,,NONE,,,,,False,,4385.184346,,,4448.08,4306.09,2.9189,1.0802,,4467.857409,4324.219591,4396.0385,0.2533,18.41,ASIAN
2026-03-24T02:57:21.710252+00:00,WTIcash-1,taipan,144385,M30,HOLD,NONE,NONE,0,1.3509459885125112,0,,,,,,,,,,,,,,,,,,91.74,91.98,91.35,91.7,91.084896,91.01144,0.073456,51.2105,92.39,88.92,,92.942926,,,NONE,,,,,False,,91.01144,,,92.39,88.92,2.5686,0.6348,,92.747341,87.223659,89.9855,0.8104,39.32,ASIAN
2026-03-24T03:02:25.208068+00:00,XAUUSD,taipan,144385,M30,HOLD,NONE,NONE,0,48.64453606850135,0,,,,,,,,,,,,,,,,,,4366.06,4367.89,4350.38,4353.38,4366.563747,4382.629283,-16.065536,44.5956,4448.08,4306.09,,4405.260348,,,NONE,,,,,False,,4382.629283,,,4448.08,4306.09,2.9189,0.1033,,4467.71067,4324.76933,4396.24,0.2002,18.35,ASIAN
2026-03-24T03:02:25.208068+00:00,WTIcash-1,taipan,144385,M30,HOLD,NONE,NONE,0,1.270878392673298,0,,,,,,,,,,,,,,,,,,91.66,91.86,91.63,91.84,91.244055,91.086042,0.158013,51.9497,92.39,88.92,,92.89784,,,NONE,,,,,False,,91.086042,,,92.39,88.92,2.7304,0.0424,,92.791021,87.620979,90.206,0.8161,37.71,ASIAN
2026-03-24T03:07:28.798268+00:00,XAUUSD,taipan,144385,M30,HOLD,NONE,NONE,0,48.64453606850135,0,,,,,,,,,,,,,,,,,,4366.06,4367.89,4350.08,4359.69,4367.965969,4383.230236,-15.264267,45.484,4448.08,4306.09,,4405.507799,,,NONE,,,,,False,,4383.230236,,,4448.08,4306.09,2.9189,0.296,,4467.281363,4325.829637,4396.5555,0.2394,18.35,ASIAN
2026-03-24T03:07:28.798268+00:00,WTIcash-1,taipan,144385,M30,HOLD,NONE,NONE,0,1.2823069641018692,0,,,,,,,,,,,,,,,,,,91.66,92.02,91.63,91.83,91.241833,91.08509,0.156743,51.8982,92.39,88.92,,92.897448,,,NONE,,,,,False,,91.08509,,,92.39,88.92,2.7061,0.1652,,92.789194,87.621806,90.2055,0.8144,37.67,ASIAN
2026-03-24T03:12:32.177410+00:00,XAUUSD,taipan,144385,M30,HOLD,NONE,NONE,0,48.64453606850135,0,,,,,,,,,,,,,,,,,,4366.06,4367.89,4350.08,4354.65,4366.845969,4382.750236,-15.904267,44.7716,4448.08,4306.09,,4405.310152,,,NONE,,,,,False,,4382.750236,,,4448.08,4306.09,2.9189,0.4783,,4467.615915,4324.991085,4396.3035,0.208,18.35,ASIAN
2026-03-24T03:12:32.177410+00:00,WTIcash-1,taipan,144385,M30,HOLD,NONE,NONE,0,1.2823069641018692,0,,,,,,,,,,,,,,,,,,91.66,92.02,91.63,91.95,91.2685,91.096519,0.171981,52.51,92.39,88.92,,92.902154,,,NONE,,,,,False,,91.096519,,,92.39,88.92,2.7061,0.2468,,92.811583,87.611417,90.2115,0.8343,37.67,ASIAN
2026-03-24T03:17:35.541156+00:00,XAUUSD,taipan,144385,M30,HOLD,NONE,NONE,0,48.64453606850135,0,,,,,,,,,,,,,,,,,,4366.06,4367.89,4350.08,4363.35,4368.779302,4383.578807,-14.799505,46.0157,4448.08,4306.09,,4405.651329,,,NONE,,,,,False,,4383.578807,,,4448.08,4306.09,2.9189,0.6566,,4467.080629,4326.396371,4396.7385,0.2627,18.35,ASIAN
2026-03-24T03:17:35.541156+00:00,WTIcash-1,taipan,144385,M30,HOLD,NONE,NONE,0,1.2823069641018692,0,,,,,,,,,,,,,,,,,,91.66,92.02,91.63,91.93,91.264055,91.094614,0.169441,52.4091,92.39,88.92,,92.90137,,,NONE,,,,,False,,91.094614,,,92.39,88.92,2.7061,0.3146,,92.807782,87.613218,90.2105,0.831,37.67,ASIAN
2026-03-24T03:22:38.875340+00:00,XAUUSD,taipan,144385,M30,HOLD,NONE,NONE,0,48.64453606850135,0,,,,,,,,,,,,,,,,,,4366.06,4368.1,4350.08,4363.13,4368.730413,4383.557855,-14.827442,45.9834,4448.08,4306.09,,4405.642701,,,NONE,,,,,False,,4383.557855,,,4448.08,4306.09,2.9189,0.8299,,4467.091679,4326.363321,4396.7275,0.2613,18.35,ASIAN
2026-03-24T03:22:38.875340+00:00,WTIcash-1,taipan,144385,M30,HOLD,NONE,NONE,0,1.2844498212447264,0,,,,,,,,,,,,,,,,,,91.66,92.05,91.63,92.02,91.284055,91.103185,0.18087,52.8598,92.39,88.92,,92.904899,,,NONE,,,,,False,,91.103185,,,92.39,88.92,2.7015,0.3898,,92.825106,87.604894,90.215,0.8458,37.65,ASIAN
2026-03-24T03:27:42.172272+00:00,XAUUSD,taipan,144385,M30,HOLD,NONE,NONE,0,48.64453606850135,0,,,,,,,,,,,,,,,,,,4366.06,4368.1,4350.08,4359.47,4367.91708,4383.209283,-15.292203,45.4524,4448.08,4306.09,,4405.499172,,,NONE,,,,,False,,4383.209283,,,4448.08,4306.09,2.9189,0.9885,,4467.294569,4325.794431,4396.5445,0.238,18.35,ASIAN
2026-03-24T03:27:42.172272+00:00,WTIcash-1,taipan,144385,M30,HOLD,NONE,NONE,0,1.2873069641018697,0,,,,,,,,,,,,,,,,,,91.66,92.09,91.63,91.95,91.2685,91.096519,0.171981,52.51,92.39,88.92,,92.902154,,,NONE,,,,,False,,91.096519,,,92.39,88.92,2.6955,0.4549,,92.811583,87.611417,90.2115,0.8343,37.61,ASIAN
2026-03-24T03:32:45.340506+00:00,XAUUSD,taipan,144385,M30,HOLD,NONE,NONE,0,48.64453606850135,0,,,,,,,,,,,,,,,,,,4364.16,4364.79,4347.55,4353.34,4365.529828,4380.789397,-15.259569,44.473,4448.08,4306.09,,4403.638118,,,NONE,,,,,False,,4380.789397,,,4448.08,4306.09,2.9189,0.1058,,4468.003763,4323.366237,4395.685,0.2072,18.35,ASIAN
2026-03-24T03:32:45.340506+00:00,WTIcash-1,taipan,144385,M30,HOLD,NONE,NONE,0,1.2110707658180353,0,,,,,,,,,,,,,,,,,,91.81,92.0,91.78,92.0,91.406858,91.170501,0.236357,52.8331,92.39,88.92,,92.861434,,,NONE,,,,,False,,91.170501,,,92.39,88.92,2.8652,0.0341,,92.948619,87.571381,90.26,0.8236,36.02,ASIAN
2026-03-24T03:37:51.939160+00:00,XAUUSD,taipan,144385,M30,HOLD,NONE,NONE,0,48.64453606850135,0,,,,,,,,,,,,,,,,,,4364.16,4364.79,4340.12,4343.08,4363.249828,4379.812254,-16.562426,43.0061,4448.08,4306.09,,4403.235766,,,NONE,,,,,False,,4379.812254,,,4448.08,4306.09,2.9189,0.291,,4468.887584,4321.456416,4395.172,0.1467,18.52,ASIAN
2026-03-24T03:37:51.939160+00:00,WTIcash-1,taipan,144385,M30,HOLD,NONE,NONE,0,1.2210707658180353,0,,,,,,,,,,,,,,,,,,91.81,92.14,91.78,92.1,91.42908,91.180025,0.249055,53.3619,92.39,88.92,,92.865355,,,NONE,,,,,False,,91.180025,,,92.39,88.92,2.8418,0.0859,,92.96758,87.56242,90.265,0.8395,35.97,ASIAN
2026-03-24T03:42:55.477106+00:00,XAUUSD,taipan,144385,M30,HOLD,NONE,NONE,0,48.64453606850135,0,,,,,,,,,,,,,,,,,,4364.16,4364.79,4338.73,4343.8,4363.409828,4379.880825,-16.470997,43.1059,4448.08,4306.09,,4403.264001,,,NONE,,,,,False,,4379.880825,,,4448.08,4306.09,2.9189,0.4438,,4468.817096,4321.598904,4395.208,0.1508,18.54,ASIAN
2026-03-24T03:42:55.477106+00:00,WTIcash-1,taipan,144385,M30,HOLD,NONE,NONE,0,1.2210707658180353,0,,,,,,,,,,,,,,,,,,91.81,92.14,91.78,92.09,91.426858,91.179072,0.247786,53.3095,92.39,88.92,,92.864963,,,NONE,,,,,False,,91.179072,,,92.39,88.92,2.8418,0.1381,,92.965654,87.563346,90.2645,0.8379,35.97,ASIAN
2026-03-24T03:47:58.767928+00:00,XAUUSD,taipan,144385,M30,HOLD,NONE,NONE,0,48.64453606850135,0,,,,,,,,,,,,,,,,,,4364.16,4364.79,4335.13,4342.92,4363.214272,4379.797016,-16.582744,42.984,4448.08,4306.09,,4403.229491,,,NONE,,,,,False,,4379.797016,,,4448.08,4306.09,2.9189,0.5963,,4468.903419,4321.424581,4395.164,0.1458,18.62,ASIAN
2026-03-24T03:47:58.767928+00:00,WTIcash-1,taipan,144385,M30,HOLD,NONE,NONE,0,1.2210707658180353,0,,,,,,,,,,,,,,,,,,91.81,92.14,91.78,92.07,91.422413,91.177168,0.245245,53.2045,92.39,88.92,,92.864179,,,NONE,,,,,False,,91.177168,,,92.39,88.92,2.8418,0.1837,,92.961821,87.565179,90.2635,0.8347,35.97,ASIAN
2026-03-24T03:53:02.030542+00:00,XAUUSD,taipan,144385,M30,HOLD,NONE,NONE,0,48.64453606850135,0,,,,,,,,,,,,,,,,,,4364.16,4364.79,4335.13,4341.93,4362.994272,4379.70273,-16.708458,42.8477,4448.08,4306.09,,4403.190667,,,NONE,,,,,False,,4379.70273,,,4448.08,4306.09,2.9189,0.7304,,4469.002763,4321.226237,4395.1145,0.1401,18.62,ASIAN
2026-03-24T03:53:02.030542+00:00,WTIcash-1,taipan,144385,M30,HOLD,NONE,NONE,0,1.2282136229608922,0,,,,,,,,,,,,,,,,,,91.81,92.24,91.78,92.1,91.42908,91.180025,0.249055,53.3619,92.39,88.92,,92.865355,,,NONE,,,,,False,,91.180025,,,92.39,88.92,2.8252,0.2442,,92.96758,87.56242,90.265,0.8395,35.87,ASIAN
2026-03-24T03:58:05.595496+00:00,XAUUSD,taipan,144385,M30,HOLD,NONE,NONE,0,48.64453606850135,0,,,,,,,,,,,,,,,,,,4364.16,4364.79,4335.13,4345.27,4363.736494,4380.020825,-16.284331,43.311,4448.08,4306.09,,4403.321648,,,NONE,,,,,False,,4380.020825,,,4448.08,4306.09,2.9189,0.8715,,4468.677088,4321.885912,4395.2815,0.1593,18.62,ASIAN
2026-03-24T03:58:05.595496+00:00,WTIcash-1,taipan,144385,M30,HOLD,NONE,NONE,0,1.2282136229608922,0,,,,,,,,,,,,,,,,,,91.81,92.24,91.78,92.08,91.424635,91.17812,0.246515,53.2571,92.39,88.92,,92.864571,,,NONE,,,,,False,,91.17812,,,92.39,88.92,2.8252,0.2924,,92.963734,87.564266,90.264,0.8363,35.87,ASIAN
2026-03-24T04:03:09.005628+00:00,XAUUSD,taipan,144385,M30,HOLD,NONE,NONE,0,48.64453606850135,0,,,,,,,,,,,,,,,,,,4347.22,4353.39,4346.41,4351.16,4361.277027,4377.439341,-16.162314,44.356,4448.08,4306.09,,4401.349382,,,NONE,,,,,False,,4377.439341,,,4448.08,4306.09,2.9189,0.1019,,4468.210231,4317.126769,4392.6685,0.2253,18.87,ASIAN
2026-03-24T04:03:09.005628+00:00,WTIcash-1,taipan,144385,M30,HOLD,NONE,NONE,0,1.2282136229608922,0,,,,,,,,,,,,,,,,,,92.0,92.16,91.96,92.13,91.571013,91.263605,0.307408,53.5621,92.39,88.92,,92.833269,,,NONE,,,,,False,,91.263605,,,92.39,88.92,2.8252,0.0395,,92.977108,87.557892,90.2675,0.8437,34.25,ASIAN
2026-03-24T04:08:12.122309+00:00,XAUUSD,taipan,144385,M30,HOLD,NONE,NONE,0,48.64453606850135,0,,,,,,,,,,,,,,,,,,4347.22,4357.11,4346.41,4350.13,4361.048138,4377.341246,-16.293108,44.1569,4448.08,4306.09,,4401.30899,,,NONE,,,,,False,,4377.341246,,,4448.08,4306.09,2.9189,0.2502,,4468.27919,4316.95481,4392.617,0.2192,18.87,ASIAN
2026-03-24T04:08:12.122309+00:00,WTIcash-1,taipan,144385,M30,HOLD,NONE,NONE,0,1.1676269102619676,0,,,,,,,,,,,,,,,,,,92.0,92.34,91.96,92.17,91.579902,91.267415,0.312487,53.7843,92.39,88.92,,92.834837,,,NONE,,,,,False,,91.267415,,,92.39,88.92,2.9718,0.1013,,92.984949,87.554051,90.2695,0.8499,34.15,ASIAN
2026-03-24T04:13:15.650127+00:00,XAUUSD,taipan,144385,M30,HOLD,NONE,NONE,0,48.64453606850135,0,,,,,,,,,,,,,,,,,,4347.22,4357.11,4346.41,4348.05,4360.585915,4377.14315,-16.557235,43.7506,4448.08,4306.09,,4401.227422,,,NONE,,,,,False,,4377.14315,,,4448.08,4306.09,2.9189,0.3854,,4468.426384,4316.599616,4392.513,0.2071,18.87,ASIAN
2026-03-24T04:13:15.650127+00:00,WTIcash-1,taipan,144385,M30,HOLD,NONE,NONE,0,1.1676269102619676,0,,,,,,,,,,,,,,,,,,92.0,92.34,91.96,92.27,91.602124,91.276938,0.325186,54.3307,92.39,88.92,,92.838759,,,NONE,,,,,False,,91.276938,,,92.39,88.92,2.9718,0.1438,,93.00501,87.54399,90.2745,0.8654,34.15,ASIAN
2026-03-24T04:18:19.187220+00:00,XAUUSD,taipan,144385,M30,HOLD,NONE,NONE,0,48.64453606850135,0,,,,,,,,,,,,,,,,,,4347.22,4357.11,4340.32,4340.39,4358.883693,4376.413627,-17.529934,42.5662,4448.08,4306.09,,4400.927029,,,NONE,,,,,False,,4376.413627,,,4448.08,4306.09,2.9189,0.5284,,4469.058421,4315.201579,4392.13,0.1637,18.87,ASIAN
2026-03-24T04:18:19.187220+00:00,WTIcash-1,taipan,144385,M30,HOLD,NONE,NONE,0,1.1740554816905393,0,,,,,,,,,,,,,,,,,,92.0,92.43,91.96,92.34,91.617679,91.283605,0.334074,54.7055,92.39,88.92,,92.841504,,,NONE,,,,,False,,91.283605,,,92.39,88.92,2.9556,0.2077,,93.019437,87.536563,90.278,0.8761,34.06,ASIAN
2026-03-24T04:23:22.585425+00:00,XAUUSD,taipan,144385,M30,HOLD,NONE,NONE,0,48.64453606850135,0,,,,,,,,,,,,,,,,,,4347.22,4357.11,4326.53,4331.79,4356.972582,4375.594579,-18.621997,41.3478,4448.08,4306.09,,4400.589775,,,NONE,,,,,False,,4375.594579,,,4448.08,4306.09,2.9189,0.7011,,4469.931242,4313.468758,4391.7,0.1171,19.05,ASIAN
2026-03-24T04:23:22.585425+00:00,WTIcash-1,taipan,144385,M30,HOLD,NONE,NONE,0,1.1740554816905393,0,,,,,,,,,,,,,,,,,,92.0,92.43,91.96,92.3,91.608791,91.279796,0.328995,54.4921,92.39,88.92,,92.839935,,,NONE,,,,,False,,91.279796,,,92.39,88.92,2.9556,0.2485,,93.011154,87.540846,90.276,0.87,34.06,ASIAN
2026-03-24T04:28:25.817301+00:00,XAUUSD,taipan,144385,M30,HOLD,NONE,NONE,0,48.64453606850135,0,,,,,,,,,,,,,,,,,,4347.22,4357.11,4326.53,4340.88,4358.992582,4376.460293,-17.467711,42.6378,4448.08,4306.09,,4400.946245,,,NONE,,,,,False,,4376.460293,,,4448.08,4306.09,2.9189,0.8461,,4469.01382,4315.29518,4392.1545,0.1664,19.05,ASIAN
2026-03-24T04:28:25.817301+00:00,WTIcash-1,taipan,144385,M30,HOLD,NONE,NONE,0,1.1740554816905393,0,,,,,,,,,,,,,,,,,,92.0,92.43,91.96,92.27,91.602124,91.276938,0.325186,54.3307,92.39,88.92,,92.838759,,,NONE,,,,,False,,91.276938,,,92.39,88.92,2.9556,0.2939,,93.00501,87.54399,90.2745,0.8654,34.06,ASIAN
2026-03-24T04:33:29.181065+00:00,XAUUSD,taipan,144385,M30,HOLD,NONE,NONE,0,48.64453606850135,0,,,,,,,,,,,,,,,,,,4339.61,4344.1,4335.95,4340.11,4354.578675,4372.889789,-18.311114,42.5578,4448.08,4306.09,,4398.514222,,,NONE,,,,,False,,4372.889789,,,4448.08,4306.09,2.9189,0.1193,,4466.423345,4309.162655,4387.793,0.1968,19.45,ASIAN
2026-03-24T04:33:29.181065+00:00,WTIcash-1,taipan,144385,M30,HOLD,NONE,NONE,0,1.1740554816905393,0,,,,,,,,,,,,,,,,,,92.2,92.34,92.17,92.24,91.731775,91.362627,0.369148,54.1849,92.39,88.92,,92.812862,,,NONE,,,,,False,,91.362627,,,92.39,88.92,2.9556,0.0493,,93.235635,87.524365,90.38,0.8257,32.38,ASIAN
2026-03-24T04:38:32.301922+00:00,XAUUSD,taipan,144385,M30,HOLD,NONE,NONE,0,48.64453606850135,0,,,,,,,,,,,,,,,,,,4339.61,4345.6,4335.95,4345.3,4355.732008,4373.384075,-17.652067,43.6326,4448.08,4306.09,,4398.717752,,,NONE,,,,,False,,4373.384075,,,4448.08,4306.09,2.9189,0.2549,,4466.051977,4310.053023,4388.0525,0.2259,19.45,ASIAN
2026-03-24T04:38:32.301922+00:00,WTIcash-1,taipan,144385,M30,HOLD,NONE,NONE,0,1.1740554816905393,0,,,,,,,,,,,,,,,,,,92.2,92.34,92.07,92.1,91.700664,91.349294,0.35137,53.2658,92.39,88.92,,92.807372,,,NONE,,,,,False,,91.349294,,,92.39,88.92,2.9556,0.1208,,93.210064,87.535936,90.373,0.8044,32.38,ASIAN
2026-03-24T04:43:35.618199+00:00,XAUUSD,taipan,144385,M30,HOLD,NONE,NONE,0,48.64453606850135,0,,,,,,,,,,,,,,,,,,4339.61,4348.0,4335.95,4343.44,4355.318675,4373.206932,-17.888257,43.2521,4448.08,4306.09,,4398.64481,,,NONE,,,,,False,,4373.206932,,,4448.08,4306.09,2.9189,0.3675,,4466.177735,4309.741265,4387.9595,0.2154,19.45,ASIAN
2026-03-24T04:43:35.618199+00:00,WTIcash-1,taipan,144385,M30,HOLD,NONE,NONE,0,1.1740554816905393,0,,,,,,,,,,,,,,,,,,92.2,92.34,92.05,92.1,91.700664,91.349294,0.35137,53.2658,92.39,88.92,,92.807372,,,NONE,,,,,False,,91.349294,,,92.39,88.92,2.9556,0.1872,,93.210064,87.535936,90.373,0.8044,32.38,ASIAN
2026-03-24T04:48:38.958895+00:00,XAUUSD,taipan,144385,M30,HOLD,NONE,NONE,0,48.64453606850135,0,,,,,,,,,,,,,,,,,,4339.61,4348.89,4335.95,4348.34,4356.407564,4373.673599,-17.266035,44.2437,4448.08,4306.09,,4398.836967,,,NONE,,,,,False,,4373.673599,,,4448.08,4306.09,2.9189,0.4837,,4465.864294,4310.544706,4388.2045,0.2433,19.45,ASIAN
2026-03-24T04:48:38.958895+00:00,WTIcash-1,taipan,144385,M30,HOLD,NONE,NONE,0,1.1740554816905393,0,,,,,,,,,,,,,,,,,,92.2,92.34,91.92,92.06,91.691775,91.345484,0.346291,52.9971,92.39,88.92,,92.805803,,,NONE,,,,,False,,91.345484,,,92.39,88.92,2.9556,0.2555,,93.202989,87.539011,90.371,0.7982,32.42,ASIAN
2026-03-24T04:53:42.503583+00:00,XAUUSD,taipan,144385,M30,HOLD,NONE,NONE,0,48.64453606850135,0,,,,,,,,,,,,,,,,,,4339.61,4349.26,4335.95,4348.41,4356.423119,4373.680265,-17.257146,44.2576,4448.08,4306.09,,4398.839712,,,NONE,,,,,False,,4373.680265,,,4448.08,4306.09,2.9189,0.6094,,4465.860235,4310.555765,4388.208,0.2437,19.45,ASIAN
2026-03-24T04:53:42.503583+00:00,WTIcash-1,taipan,144385,M30,HOLD,NONE,NONE,0,1.1740554816905393,0,,,,,,,,,,,,,,,,,,92.2,92.34,91.92,91.95,91.667331,91.335008,0.332323,52.2719,92.39,88.92,,92.801489,,,NONE,,,,,False,,91.335008,,,92.39,88.92,2.9556,0.3035,,93.184074,87.546926,90.3655,0.7811,32.42,ASIAN
2026-03-24T04:58:46.003918+00:00,XAUUSD,taipan,144385,M30,HOLD,NONE,NONE,0,48.64453606850135,0,,,,,,,,,,,,,,,,,,4339.61,4349.26,4332.08,4332.42,4352.869786,4372.157408,-19.287622,41.3583,4448.08,4306.09,,4398.212654,,,NONE,,,,,False,,4372.157408,,,4448.08,4306.09,2.9189,0.756,,4467.088804,4307.728196,4387.4085,0.1549,19.45,ASIAN
2026-03-24T04:58:46.003918+00:00,WTIcash-1,taipan,144385,M30,HOLD,NONE,NONE,0,1.1740554816905393,0,,,,,,,,,,,,,,,,,,92.2,92.34,91.89,92.0,91.678442,91.33977,0.338672,52.5991,92.39,88.92,,92.80345,,,NONE,,,,,False,,91.33977,,,92.39,88.92,2.9556,0.3695,,93.192573,87.543427,90.368,0.7889,32.44,ASIAN
2026-03-24T05:03:49.625593+00:00,XAUUSD,taipan,144385,M30,HOLD,NONE,NONE,0,48.64453606850135,0,,,,,,,,,,,,,,,,,,4333.36,4338.0,4329.5,4330.2,4347.997982,4368.244186,-20.246204,40.996,4448.08,4306.09,,4395.581427,,,NONE,,,,,False,,4368.244186,,,4448.08,4306.09,2.9189,0.1281,,4463.967311,4301.373689,4382.6705,0.1773,19.87,ASIAN
2026-03-24T05:03:49.625593+00:00,WTIcash-1,taipan,144385,M30,HOLD,NONE,NONE,0,1.1740554816905393,0,,,,,,,,,,,,,,,,,,91.93,92.1,91.87,92.05,91.745455,91.399656,0.345799,52.8922,92.39,88.92,,92.77075,,,NONE,,,,,False,,91.399656,,,92.39,88.92,2.9556,0.0845,,93.372176,87.600824,90.4865,0.7709,30.96,ASIAN
2026-03-24T05:08:53.009147+00:00,XAUUSD,taipan,144385,M30,HOLD,NONE,NONE,0,48.64453606850135,0,,,,,,,,,,,,,,,,,,4333.36,4338.0,4319.9,4324.04,4346.629093,4367.657519,-21.028426,40.0517,4448.08,4306.09,,4395.339858,,,NONE,,,,,False,,4367.657519,,,4448.08,4306.09,2.9189,0.3204,,4464.538242,4300.186758,4382.3625,0.1451,20.09,ASIAN
2026-03-24T05:08:53.009147+00:00,WTIcash-1,taipan,144385,M30,HOLD,NONE,NONE,0,1.1740554816905393,0,,,,,,,,,,,,,,,,,,91.93,92.27,91.87,92.19,91.776566,91.412989,0.363577,53.7397,92.39,88.92,,92.77624,,,NONE,,,,,False,,91.412989,,,92.39,88.92,2.9556,0.1909,,93.395777,87.591223,90.4935,0.7923,30.96,ASIAN
2026-03-24T05:13:56.809222+00:00,XAUUSD,taipan,144385,M30,HOLD,NONE,NONE,0,48.64453606850135,0,,,,,,,,,,,,,,,,,,4333.36,4345.57,4319.9,4337.23,4349.560204,4368.913709,-19.353505,42.3609,4448.08,4306.09,,4395.857113,,,NONE,,,,,False,,4368.913709,,,4448.08,4306.09,2.9189,0.5084,,4463.419407,4302.624593,4383.022,0.2152,20.09,ASIAN
2026-03-24T05:13:56.809222+00:00,WTIcash-1,taipan,144385,M30,HOLD,NONE,NONE,0,1.1740554816905393,0,,,,,,,,,,,,,,,,,,91.93,92.27,91.87,91.9,91.712122,91.38537,0.326752,51.9439,92.39,88.92,,92.764868,,,NONE,,,,,False,,91.38537,,,92.39,88.92,2.9556,0.2944,,93.3483,87.6097,90.479,0.7476,30.96,ASIAN
2026-03-24T05:19:00.206156+00:00,XAUUSD,taipan,144385,M30,HOLD,NONE,NONE,0,48.64453606850135,0,,,,,,,,,,,,,,,,,,4333.36,4346.61,4319.9,4344.91,4351.266871,4369.645138,-18.378267,44.0027,4448.08,4306.09,,4396.15829,,,NONE,,,,,False,,4369.645138,,,4448.08,4306.09,2.9189,0.6914,,4462.951349,4303.860651,4383.406,0.258,20.09,ASIAN
2026-03-24T05:19:00.206156+00:00,WTIcash-1,taipan,144385,M30,HOLD,NONE,NONE,0,1.1740554816905393,0,,,,,,,,,,,,,,,,,,91.93,92.27,91.76,91.86,91.703233,91.38156,0.321673,51.6688,92.39,88.92,,92.763299,,,NONE,,,,,False,,91.38156,,,92.39,88.92,2.9556,0.4018,,93.342182,87.611818,90.477,0.7413,31.06,ASIAN
2026-03-24T05:24:03.655722+00:00,XAUUSD,taipan,144385,M30,HOLD,NONE,NONE,0,48.64453606850135,0,,,,,,,,,,,,,,,,,,4333.36,4346.68,4319.9,4340.69,4350.329093,4369.243233,-18.91414,43.1124,4448.08,4306.09,,4395.992799,,,NONE,,,,,False,,4369.243233,,,4448.08,4306.09,2.9189,0.8763,,4463.19141,4303.19859,4383.195,0.2343,20.09,ASIAN
2026-03-24T05:24:03.655722+00:00,WTIcash-1,taipan,144385,M30,HOLD,NONE,NONE,0,1.1740554816905393,0,,,,,,,,,,,,,,,,,,91.93,92.27,91.76,92.08,91.752122,91.402513,0.349609,53.0764,92.39,88.92,,92.771927,,,NONE,,,,,False,,91.402513,,,92.39,88.92,2.9556,0.5112,,93.377127,87.598873,90.488,0.7755,31.06,ASIAN
2026-03-24T05:29:07.513333+00:00,XAUUSD,taipan,144385,M30,HOLD,NONE,NONE,0,48.64453606850135,0,,,,,,,,,,,,,,,,,,4333.36,4346.68,4319.9,4334.49,4348.951315,4368.652757,-19.701442,41.7516,4448.08,4306.09,,4395.749662,,,NONE,,,,,False,,4368.652757,,,4448.08,4306.09,2.9189,1.0103,,4463.61959,4302.15041,4382.885,0.2003,20.09,ASIAN
2026-03-24T05:29:07.513333+00:00,WTIcash-1,taipan,144385,M30,HOLD,NONE,NONE,0,1.1740554816905393,0,,,,,,,,,,,,,,,,,,91.93,92.31,91.76,92.28,91.796566,91.42156,0.375006,54.2685,92.39,88.92,,92.77977,,,NONE,,,,,False,,91.42156,,,92.39,88.92,2.9556,0.5899,,93.411609,87.584391,90.498,0.8058,31.06,ASIAN
2026-03-24T05:34:22.616894+00:00,XAUUSD,taipan,144385,M30,HOLD,NONE,NONE,0,48.64453606850135,0,,,,,,,,,,,,,,,,,,4334.76,4336.55,4321.01,4328.02,4344.412257,4364.83898,-20.426723,40.6964,4448.08,4306.09,,4393.117652,,,NONE,,,,,False,,4364.83898,,,4448.08,4306.09,2.9189,0.1991,,4454.777335,4298.969665,4376.8735,0.1864,20.68,ASIAN
2026-03-24T05:34:22.616894+00:00,WTIcash-1,taipan,144385,M30,HOLD,NONE,NONE,0,1.1740554816905393,0,,,,,,,,,,,,,,,,,,92.38,92.62,92.37,92.62,91.998564,91.545176,0.453388,56.2561,92.39,88.92,,92.77724,,,NONE,,,,,False,,91.545176,,,92.39,88.92,2.9556,0.1742,,93.674833,87.684167,90.6795,0.8239,29.55,ASIAN
2026-03-24T05:39:26.277140+00:00,XAUUSD,taipan,144385,M30,HOLD,NONE,NONE,0,48.64453606850135,0,,,,,,,,,,,,,,,,,,4334.76,4344.67,4321.01,4336.83,4346.370035,4365.678027,-19.307992,42.3014,4448.08,4306.09,,4393.463142,,,NONE,,,,,False,,4365.678027,,,4448.08,4306.09,2.9189,0.4167,,4454.147001,4300.480999,4377.314,0.2365,20.68,ASIAN
2026-03-24T05:39:26.277140+00:00,WTIcash-1,taipan,144385,M30,HOLD,NONE,NONE,0,1.1740554816905393,0,,,,,,,,,,,,,,,,,,92.38,92.66,92.26,92.35,91.938564,91.519462,0.419102,54.6041,92.39,88.92,,92.766652,,,NONE,,,,,False,,91.519462,,,92.39,88.92,2.9556,0.3437,,93.626742,87.705258,90.666,0.7844,29.5,ASIAN
2026-03-24T05:44:30.227657+00:00,XAUUSD,taipan,144385,M30,HOLD,NONE,NONE,0,48.64453606850135,0,,,,,,,,,,,,,,,,,,4334.76,4373.9,4321.01,4357.78,4351.025591,4367.673265,-16.647674,46.8814,4448.08,4306.09,,4394.284711,,,NONE,,,,,False,,4367.673265,,,4448.08,4306.09,2.9189,0.6424,,4453.421336,4303.301664,4378.3615,0.3629,19.68,ASIAN
2026-03-24T05:44:30.227657+00:00,WTIcash-1,taipan,144385,M30,HOLD,NONE,NONE,0,1.1740554816905393,0,,,,,,,,,,,,,,,,,,92.38,92.66,91.9,91.93,91.84523,91.479462,0.365768,51.6908,92.39,88.92,,92.750181,,,NONE,,,,,False,,91.479462,,,92.39,88.92,2.9556,0.5249,,93.561072,87.728928,90.645,0.7203,29.5,ASIAN
2026-03-24T05:49:34.623761+00:00,XAUUSD,taipan,144385,M30,HOLD,NONE,NONE,0,48.64453606850135,0,,,,,,,,,,,,,,,,,,4334.76,4373.9,4321.01,4364.42,4352.501146,4368.305646,-15.8045,48.185,4448.08,4306.09,,4394.545103,,,NONE,,,,,False,,4368.305646,,,4448.08,4306.09,2.9189,0.8461,,4453.428066,4303.958934,4378.6935,0.4045,19.68,ASIAN
2026-03-24T05:49:34.623761+00:00,WTIcash-1,taipan,144385,M30,HOLD,NONE,NONE,0,1.1740554816905393,0,,,,,,,,,,,,,,,,,,92.38,92.66,91.81,91.98,91.856341,91.484224,0.372117,52.0212,92.39,88.92,,92.752142,,,NONE,,,,,False,,91.484224,,,92.39,88.92,2.9556,0.6918,,93.568292,87.726708,90.6475,0.7281,29.5,ASIAN
2026-03-24T05:54:38.139593+00:00,XAUUSD,taipan,144385,M30,HOLD,NONE,NONE,0,48.64453606850135,0,,,,,,,,,,,,,,,,,,4334.76,4373.9,4321.01,4354.07,4350.201146,4367.319932,-17.118786,46.1241,4448.08,4306.09,,4394.139221,,,NONE,,,,,False,,4367.319932,,,4448.08,4306.09,2.9189,1.0422,,4453.46798,4302.88402,4378.176,0.3399,19.68,ASIAN
2026-03-24T05:54:38.139593+00:00,WTIcash-1,taipan,144385,M30,HOLD,NONE,NONE,0,1.1740554816905393,0,,,,,,,,,,,,,,,,,,92.38,92.66,91.81,92.09,91.880786,91.4947,0.386086,52.7632,92.39,88.92,,92.756456,,,NONE,,,,,False,,91.4947,,,92.39,88.92,2.9556,0.8066,,93.584751,87.721249,90.653,0.7451,29.5,ASIAN
2026-03-24T05:59:41.484957+00:00,XAUUSD,taipan,144385,M30,HOLD,NONE,NONE,0,48.64453606850135,0,,,,,,,,,,,,,,,,,,4334.76,4373.9,4321.01,4347.63,4348.770035,4366.706599,-17.936564,44.7569,4448.08,4306.09,,4393.886672,,,NONE,,,,,False,,4366.706599,,,4448.08,4306.09,2.9189,1.2325,,4453.633564,4302.074436,4377.854,0.3006,19.68,ASIAN
2026-03-24T05:59:41.484957+00:00,WTIcash-1,taipan,144385,M30,HOLD,NONE,NONE,0,1.1740554816905393,0,,,,,,,,,,,,,,,,,,92.38,92.66,91.81,92.04,91.869675,91.489938,0.379737,52.4233,92.39,88.92,,92.754495,,,NONE,,,,,False,,91.489938,,,92.39,88.92,2.9556,0.9778,,93.577172,87.723828,90.6505,0.7374,29.5,ASIAN
2026-03-24T06:00:42.742435+00:00,XAUUSD,taipan,144385,M30,HOLD,NONE,NONE,0,39.72942900496283,0,,,,,,,,,,,,,,,,,,4346.97,4352.89,4342.89,4352.28,4349.47225,4365.293861,-15.821611,45.8331,4448.08,4306.09,,4392.237362,,,NONE,,,,,False,,4365.293861,,,4448.08,4306.09,3.5739,0.035,SELL,4449.912654,4299.921346,4374.917,0.3491,19.3,KILL_ZONE
2026-03-24T06:00:42.742435+00:00,WTIcash-1,taipan,144385,M30,HOLD,NONE,NONE,0,1.006149628353967,0,,,,,,,,,,,,,,,,,,91.98,92.0,91.87,91.92,91.870488,91.525726,0.344762,51.595,92.39,88.92,,92.71973,,,NONE,,,,,False,,91.525726,,,92.39,88.92,3.4488,0.0493,SELL,93.619443,88.007557,90.8135,0.6972,28.06,KILL_ZONE
2026-03-24T06:01:44.250421+00:00,XAUUSD,taipan,144385,M30,HOLD,NONE,NONE,0,39.80157186210564,0,,,,,,,,,,,,,,,,,,4346.97,4353.9,4342.89,4353.9,4349.83225,4365.448147,-15.615897,46.1958,4448.08,4306.09,,4392.300891,,,NONE,,,,,False,,4365.448147,,,4448.08,4306.09,3.5674,0.0845,SELL,4449.894143,4300.101857,4374.998,0.3592,19.3,KILL_ZONE
2026-03-24T06:01:44.250421+00:00,WTIcash-1,taipan,144385,M30,HOLD,NONE,NONE,0,1.016149628353967,0,,,,,,,,,,,,,,,,,,91.98,92.0,91.73,91.76,91.834932,91.510488,0.324444,50.4919,92.39,88.92,,92.713456,,,NONE,,,,,False,,91.510488,,,92.39,88.92,3.4149,0.1151,SELL,93.599045,88.011955,90.8055,0.6708,28.15,KILL_ZONE
2026-03-24T06:02:45.859909+00:00,XAUUSD,taipan,144385,M30,HOLD,NONE,NONE,0,40.16442900496278,0,,,,,,,,,,,,,,,,,,4346.97,4358.98,4342.89,4356.05,4350.310027,4365.652909,-15.342882,46.6697,4448.08,4306.09,,4392.385205,,,NONE,,,,,False,,4365.652909,,,4448.08,4306.09,3.5352,0.1322,SELL,4449.880211,4300.330789,4375.1055,0.3726,19.3,KILL_ZONE
2026-03-24T06:02:45.859909+00:00,WTIcash-1,taipan,144385,M30,HOLD,NONE,NONE,0,1.036149628353967,0,,,,,,,,,,,,,,,,,,91.98,92.0,91.45,91.5,91.777154,91.485726,0.291428,48.7965,92.39,88.92,,92.703259,,,NONE,,,,,False,,91.485726,,,92.39,88.92,3.3489,0.2133,SELL,93.569715,88.015285,90.7925,0.6274,28.42,KILL_ZONE
2026-03-24T06:03:47.345226+00:00,XAUUSD,taipan,144385,M30,HOLD,NONE,NONE,0,40.196571862105685,0,,,,,,,,,,,,,,,,,,4346.97,4359.43,4342.89,4359.3,4351.03225,4365.962433,-14.930183,47.3704,4448.08,4306.09,,4392.512656,,,NONE,,,,,False,,4365.962433,,,4448.08,4306.09,3.5324,0.1782,SELL,4449.882302,4300.653698,4375.268,0.393,19.3,KILL_ZONE
2026-03-24T06:03:47.345226+00:00,WTIcash-1,taipan,144385,M30,HOLD,NONE,NONE,0,1.046149628353967,0,,,,,,,,,,,,,,,,,,91.98,92.0,91.31,91.41,91.757154,91.477155,0.279999,48.2359,92.39,88.92,,92.69973,,,NONE,,,,,False,,91.477155,,,92.39,88.92,3.3169,0.2943,SELL,93.560676,88.015324,90.788,0.6122,28.54,KILL_ZONE
2026-03-24T06:04:49.069877+00:00,XAUUSD,taipan,144385,M30,HOLD,NONE,NONE,0,40.35014329067709,0,,,,,,,,,,,,,,,,,,4346.97,4361.58,4342.89,4358.1,4350.765583,4365.848147,-15.082564,47.1138,4448.08,4306.09,,4392.465597,,,NONE,,,,,False,,4365.848147,,,4448.08,4306.09,3.5189,0.2243,SELL,4449.878276,4300.537724,4375.208,0.3854,19.3,KILL_ZONE
2026-03-24T06:04:49.069877+00:00,WTIcash-1,taipan,144385,M30,HOLD,NONE,NONE,0,1.0482924854968243,0,,,,,,,,,,,,,,,,,,91.98,92.0,91.28,91.49,91.774932,91.484774,0.290158,48.7336,92.39,88.92,,92.702867,,,NONE,,,,,False,,91.484774,,,92.39,88.92,3.3101,0.3718,SELL,93.568682,88.015318,90.792,0.6257,28.57,KILL_ZONE
2026-03-24T06:05:50.861818+00:00,XAUUSD,taipan,144385,M30,HOLD,NONE,NONE,0,40.41657186210568,0,,,,,,,,,,,,,,,,,,4346.97,4362.51,4342.89,4362.51,4351.745583,4366.268147,-14.522564,48.0446,4448.08,4306.09,,4392.638538,,,NONE,,,,,False,,4366.268147,,,4448.08,4306.09,3.5132,0.2695,SELL,4449.911873,4300.945127,4375.4285,0.4133,19.3,KILL_ZONE
2026-03-24T06:05:50.861818+00:00,WTIcash-1,taipan,144385,M30,HOLD,NONE,NONE,0,1.0482924854968243,0,,,,,,,,,,,,,,,,,,91.98,92.0,91.28,91.68,91.817154,91.502869,0.314285,49.9578,92.39,88.92,,92.710318,,,NONE,,,,,False,,91.502869,,,92.39,88.92,3.3101,0.4279,SELL,93.589514,88.013486,90.8015,0.6575,28.57,KILL_ZONE
2026-03-24T06:06:52.342707+00:00,XAUUSD,taipan,144385,M30,HOLD,NONE,NONE,0,40.45657186210564,0,,,,,,,,,,,,,,,,,,4346.97,4363.07,4342.89,4359.17,4351.003361,4365.950052,-14.946691,47.3427,4448.08,4306.09,,4392.507558,,,NONE,,,,,False,,4365.950052,,,4448.08,4306.09,3.5097,0.3109,SELL,4449.881681,4300.641319,4375.2615,0.3922,19.3,KILL_ZONE
2026-03-24T06:06:52.342707+00:00,WTIcash-1,taipan,144385,M30,HOLD,NONE,NONE,0,1.0482924854968243,0,,,,,,,,,,,,,,,,,,91.98,92.0,91.28,91.67,91.814932,91.501917,0.313015,49.8918,92.39,88.92,,92.709926,,,NONE,,,,,False,,91.501917,,,92.39,88.92,3.3101,0.4789,SELL,93.588354,88.013646,90.801,0.6559,28.57,KILL_ZONE
2026-03-24T06:07:53.923999+00:00,XAUUSD,taipan,144385,M30,HOLD,NONE,NONE,0,40.45657186210564,0,,,,,,,,,,,,,,,,,,4346.97,4363.07,4342.89,4357.36,4350.601138,4365.777671,-15.176533,46.9544,4448.08,4306.09,,4392.436578,,,NONE,,,,,False,,4365.777671,,,4448.08,4306.09,3.5097,0.3536,SELL,4449.877694,4300.464306,4375.171,0.3808,19.3,KILL_ZONE
2026-03-24T06:07:53.923999+00:00,WTIcash-1,taipan,144385,M30,HOLD,NONE,NONE,0,1.0482924854968243,0,,,,,,,,,,,,,,,,,,91.98,92.0,91.28,91.68,91.817154,91.502869,0.314285,49.9578,92.39,88.92,,92.710318,,,NONE,,,,,False,,91.502869,,,92.39,88.92,3.3101,0.5137,SELL,93.589514,88.013486,90.8015,0.6575,28.57,KILL_ZONE
2026-03-24T06:08:55.581827+00:00,XAUUSD,taipan,144385,M30,HOLD,NONE,NONE,0,40.90514329067712,0,,,,,,,,,,,,,,,,,,4346.97,4369.35,4342.89,4368.66,4353.11225,4366.853861,-13.741611,49.2893,4448.08,4306.09,,4392.879715,,,NONE,,,,,False,,4366.853861,,,4448.08,4306.09,3.4712,0.3974,SELL,4450.045388,4301.426612,4375.736,0.4524,19.3,KILL_ZONE
2026-03-24T06:08:55.581827+00:00,WTIcash-1,taipan,144385,M30,HOLD,NONE,NONE,0,1.0482924854968243,0,,,,,,,,,,,,,,,,,,91.98,92.0,91.28,91.76,91.834932,91.510488,0.324444,50.4919,92.39,88.92,,92.713456,,,NONE,,,,,False,,91.510488,,,92.39,88.92,3.3101,0.554,SELL,93.599045,88.011955,90.8055,0.6708,28.57,KILL_ZONE
2026-03-24T06:09:57.199696+00:00,XAUUSD,taipan,144385,M30,HOLD,NONE,NONE,0,40.980857576391365,0,,,,,,,,,,,,,,,,,,4346.97,4370.41,4342.89,4369.28,4353.250027,4366.912909,-13.662882,49.4115,4448.08,4306.09,,4392.904029,,,NONE,,,,,False,,4366.912909,,,4448.08,4306.09,3.4648,0.4378,SELL,4450.064476,4301.469524,4375.767,0.4563,19.3,KILL_ZONE
2026-03-24T06:09:57.199696+00:00,WTIcash-1,taipan,144385,M30,HOLD,NONE,NONE,0,1.0482924854968243,0,,,,,,,,,,,,,,,,,,91.98,92.0,91.28,91.58,91.794932,91.493345,0.301587,49.3059,92.39,88.92,,92.706397,,,NONE,,,,,False,,91.493345,,,92.39,88.92,3.3101,0.609,SELL,93.578232,88.014768,90.7965,0.6408,28.57,KILL_ZONE
2026-03-24T06:10:58.732912+00:00,XAUUSD,taipan,144385,M30,HOLD,NONE,NONE,0,41.33514329067709,0,,,,,,,,,,,,,,,,,,4346.97,4375.37,4342.89,4374.68,4354.450027,4367.427195,-12.977168,50.4512,4448.08,4306.09,,4393.115793,,,NONE,,,,,False,,4367.427195,,,4448.08,4306.09,3.4351,0.4783,SELL,4450.27444,4301.79956,4376.037,0.4909,19.25,KILL_ZONE
2026-03-24T06:10:58.732912+00:00,WTIcash-1,taipan,144385,M30,HOLD,NONE,NONE,0,1.0482924854968243,0,,,,,,,,,,,,,,,,,,91.98,92.0,91.28,91.55,91.788266,91.490488,0.297778,49.1136,92.39,88.92,,92.70522,,,NONE,,,,,False,,91.490488,,,92.39,88.92,3.3101,0.6831,SELL,93.574985,88.015015,90.795,0.6358,28.57,KILL_ZONE
2026-03-24T06:12:00.313182+00:00,XAUUSD,taipan,144385,M30,HOLD,NONE,NONE,0,41.33514329067709,0,,,,,,,,,,,,,,,,,,4346.97,4375.37,4342.89,4369.06,4353.201138,4366.891957,-13.690819,49.3682,4448.08,4306.09,,4392.895401,,,NONE,,,,,False,,4366.891957,,,4448.08,4306.09,3.4351,0.5196,SELL,4450.057584,4301.454416,4375.756,0.4549,19.25,KILL_ZONE
2026-03-24T06:12:00.313182+00:00,WTIcash-1,taipan,144385,M30,HOLD,NONE,NONE,0,1.0482924854968243,0,,,,,,,,,,,,,,,,,,91.98,92.0,91.28,91.67,91.814932,91.501917,0.313015,49.8918,92.39,88.92,,92.709926,,,NONE,,,,,False,,91.501917,,,92.39,88.92,3.3101,0.7319,SELL,93.588354,88.013646,90.801,0.6559,28.57,KILL_ZONE
2026-03-24T06:13:01.888435+00:00,XAUUSD,taipan,144385,M30,HOLD,NONE,NONE,0,41.33514329067709,0,,,,,,,,,,,,,,,,,,4346.97,4375.37,4342.89,4364.43,4352.17225,4366.451004,-14.278754,48.4397,4448.08,4306.09,,4392.713832,,,NONE,,,,,False,,4366.451004,,,4448.08,4306.09,3.4351,0.5622,SELL,4449.942687,4301.106313,4375.5245,0.4255,19.25,KILL_ZONE
2026-03-24T06:13:01.888435+00:00,WTIcash-1,taipan,144385,M30,HOLD,NONE,NONE,0,1.0482924854968243,0,,,,,,,,,,,,,,,,,,91.98,92.0,91.28,91.66,91.81271,91.500964,0.311746,49.826,92.39,88.92,,92.709534,,,NONE,,,,,False,,91.500964,,,92.39,88.92,3.3101,0.7859,SELL,93.587201,88.013799,90.8005,0.6542,28.57,KILL_ZONE
2026-03-24T06:14:03.450462+00:00,XAUUSD,taipan,144385,M30,HOLD,NONE,NONE,0,41.33514329067709,0,,,,,,,,,,,,,,,,,,4346.97,4375.37,4342.89,4364.36,4352.156694,4366.444338,-14.287644,48.4254,4448.08,4306.09,,4392.711087,,,NONE,,,,,False,,4366.444338,,,4448.08,4306.09,3.4351,0.602,SELL,4449.94139,4301.10061,4375.521,0.425,19.25,KILL_ZONE
2026-03-24T06:14:03.450462+00:00,WTIcash-1,taipan,144385,M30,HOLD,NONE,NONE,0,1.0482924854968243,0,,,,,,,,,,,,,,,,,,91.98,92.0,91.28,91.62,91.803821,91.497155,0.306666,49.5646,92.39,88.92,,92.707965,,,NONE,,,,,False,,91.497155,,,92.39,88.92,3.3101,0.8415,SELL,93.58266,88.01434,90.7985,0.6475,28.57,KILL_ZONE
2026-03-24T06:15:04.907270+00:00,XAUUSD,taipan,144385,M30,HOLD,NONE,NONE,0,41.33514329067709,0,,,,,,,,,,,,,,,,,,4346.97,4375.37,4342.89,4366.37,4352.603361,4366.635766,-14.032405,48.8329,4448.08,4306.09,,4392.789911,,,NONE,,,,,False,,4366.635766,,,4448.08,4306.09,3.4351,0.6399,SELL,4449.983834,4301.259166,4375.6215,0.4378,19.25,KILL_ZONE
2026-03-24T06:15:04.907270+00:00,WTIcash-1,taipan,144385,M30,HOLD,NONE,NONE,0,1.0482924854968243,0,,,,,,,,,,,,,,,,,,91.98,92.0,91.28,91.62,91.803821,91.497155,0.306666,49.5646,92.39,88.92,,92.707965,,,NONE,,,,,False,,91.497155,,,92.39,88.92,3.3101,0.8777,SELL,93.58266,88.01434,90.7985,0.6475,28.57,KILL_ZONE
2026-03-24T06:16:06.407248+00:00,XAUUSD,taipan,144385,M30,HOLD,NONE,NONE,0,41.33514329067709,0,,,,,,,,,,,,,,,,,,4346.97,4375.37,4342.89,4361.32,4351.481138,4366.154814,-14.673676,47.7967,4448.08,4306.09,,4392.591872,,,NONE,,,,,False,,4366.154814,,,4448.08,4306.09,3.4351,0.6798,SELL,4449.897712,4300.840288,4375.369,0.4057,19.25,KILL_ZONE
2026-03-24T06:16:06.407248+00:00,WTIcash-1,taipan,144385,M30,HOLD,NONE,NONE,0,1.0482924854968243,0,,,,,,,,,,,,,,,,,,91.98,92.0,91.28,91.57,91.79271,91.492393,0.300317,49.2416,92.39,88.92,,92.706005,,,NONE,,,,,False,,91.492393,,,92.39,88.92,3.3101,0.9147,SELL,93.577143,88.014857,90.796,0.6392,28.57,KILL_ZONE
2026-03-24T06:17:07.857385+00:00,XAUUSD,taipan,144385,M30,HOLD,NONE,NONE,0,41.33514329067709,0,,,,,,,,,,,,,,,,,,4346.97,4375.37,4342.89,4365.52,4352.414472,4366.554814,-14.140342,48.6614,4448.08,4306.09,,4392.756578,,,NONE,,,,,False,,4366.554814,,,4448.08,4306.09,3.4351,0.718,SELL,4449.964565,4301.193435,4375.579,0.4324,19.25,KILL_ZONE
2026-03-24T06:17:07.857385+00:00,WTIcash-1,taipan,144385,M30,HOLD,NONE,NONE,0,1.0482924854968243,0,,,,,,,,,,,,,,,,,,91.98,92.0,91.28,91.6,91.799377,91.49525,0.304127,49.4349,92.39,88.92,,92.707181,,,NONE,,,,,False,,91.49525,,,92.39,88.92,3.3101,0.982,SELL,93.580432,88.014568,90.7975,0.6442,28.57,KILL_ZONE
2026-03-24T06:18:09.353871+00:00,XAUUSD,taipan,144385,M30,HOLD,NONE,NONE,0,41.33514329067709,0,,,,,,,,,,,,,,,,,,4346.97,4375.37,4342.89,4374.69,4354.45225,4367.428147,-12.975897,50.4531,4448.08,4306.09,,4393.116185,,,NONE,,,,,False,,4367.428147,,,4448.08,4306.09,3.4351,0.7597,SELL,4450.274902,4301.800098,4376.0375,0.4909,19.25,KILL_ZONE
2026-03-24T06:18:09.353871+00:00,WTIcash-1,taipan,144385,M30,HOLD,NONE,NONE,0,1.0482924854968243,0,,,,,,,,,,,,,,,,,,91.98,92.0,91.28,91.6,91.799377,91.49525,0.304127,49.4349,92.39,88.92,,92.707181,,,NONE,,,,,False,,91.49525,,,92.39,88.92,3.3101,1.0302,SELL,93.580432,88.014568,90.7975,0.6442,28.57,KILL_ZONE
2026-03-24T06:19:10.863280+00:00,XAUUSD,taipan,144385,M30,HOLD,NONE,NONE,0,41.33514329067709,0,,,,,,,,,,,,,,,,,,4346.97,4375.37,4342.89,4371.28,4353.694472,4367.103385,-13.408913,49.8016,4448.08,4306.09,,4392.98246,,,NONE,,,,,False,,4367.103385,,,4448.08,4306.09,3.4351,0.8013,SELL,4450.13309,4301.60091,4375.867,0.4691,19.25,KILL_ZONE
2026-03-24T06:19:10.863280+00:00,WTIcash-1,taipan,144385,M30,HOLD,NONE,NONE,0,1.0482924854968243,0,,,,,,,,,,,,,,,,,,91.98,92.0,91.28,91.64,91.808266,91.499059,0.309207,49.695,92.39,88.92,,92.70875,,,NONE,,,,,False,,91.499059,,,92.39,88.92,3.3101,1.0702,SELL,93.584917,88.014083,90.7995,0.6509,28.57,KILL_ZONE
2026-03-24T06:20:12.079405+00:00,XAUUSD,taipan,144385,M30,HOLD,NONE,NONE,0,41.33514329067709,0,,,,,,,,,,,,,,,,,,4346.97,4375.37,4342.89,4368.44,4353.063361,4366.832909,-13.769548,49.2458,4448.08,4306.09,,4392.871087,,,NONE,,,,,False,,4366.832909,,,4448.08,4306.09,3.4351,0.8398,SELL,4450.038864,4301.411136,4375.725,0.451,19.25,KILL_ZONE
2026-03-24T06:20:12.079405+00:00,WTIcash-1,taipan,144385,M30,HOLD,NONE,NONE,0,1.0482924854968243,0,,,,,,,,,,,,,,,,,,91.98,92.0,91.28,91.67,91.814932,91.501917,0.313015,49.8918,92.39,88.92,,92.709926,,,NONE,,,,,False,,91.501917,,,92.39,88.92,3.3101,1.1047,SELL,93.588354,88.013646,90.801,0.6559,28.57,KILL_ZONE
2026-03-24T06:21:13.806578+00:00,XAUUSD,taipan,144385,M30,HOLD,NONE,NONE,0,41.33514329067709,0,,,,,,,,,,,,,,,,,,4346.97,4375.37,4342.89,4370.74,4353.574472,4367.051957,-13.477485,49.6969,4448.08,4306.09,,4392.961283,,,NONE,,,,,False,,4367.051957,,,4448.08,4306.09,3.4351,0.8776,SELL,4450.113504,4301.566496,4375.84,0.4657,19.25,KILL_ZONE
2026-03-24T06:21:13.806578+00:00,WTIcash-1,taipan,144385,M30,HOLD,NONE,NONE,0,1.0482924854968243,0,,,,,,,,,,,,,,,,,,91.98,92.0,91.28,91.46,91.768266,91.481917,0.286349,48.5457,92.39,88.92,,92.701691,,,NONE,,,,,False,,91.481917,,,92.39,88.92,3.3101,1.1663,SELL,93.565626,88.015374,90.7905,0.6206,28.57,KILL_ZONE
2026-03-24T06:22:15.521368+00:00,XAUUSD,taipan,144385,M30,HOLD,NONE,NONE,0,42.11942900496283,0,,,,,,,,,,,,,,,,,,4346.97,4386.35,4342.89,4384.6,4356.654472,4368.371957,-11.717485,52.254,4448.08,4306.09,,4393.504813,,,NONE,,,,,False,,4368.371957,,,4448.08,4306.09,3.3711,0.9169,SELL,4450.864762,4302.201238,4376.533,0.5543,18.88,KILL_ZONE
2026-03-24T06:22:15.521368+00:00,WTIcash-1,taipan,144385,M30,HOLD,NONE,NONE,0,1.0482924854968243,0,,,,,,,,,,,,,,,,,,91.98,92.0,91.28,91.53,91.783821,91.488583,0.295238,48.9863,92.39,88.92,,92.704436,,,NONE,,,,,False,,91.488583,,,92.39,88.92,3.3101,1.2292,SELL,93.572856,88.015144,90.794,0.6324,28.57,KILL_ZONE
2026-03-24T06:23:16.986685+00:00,XAUUSD,taipan,144385,M30,HOLD,NONE,NONE,0,42.45657186210564,0,,,,,,,,,,,,,,,,,,4346.97,4391.07,4342.89,4388.91,4357.61225,4368.782433,-11.170183,52.997,4448.08,4306.09,,4393.673832,,,NONE,,,,,False,,4368.782433,,,4448.08,4306.09,3.3444,0.9589,SELL,4451.203624,4302.293376,4376.7485,0.5817,18.74,KILL_ZONE
2026-03-24T06:23:16.986685+00:00,WTIcash-1,taipan,144385,M30,HOLD,NONE,NONE,0,1.0482924854968243,0,,,,,,,,,,,,,,,,,,91.98,92.0,91.28,91.47,91.770488,91.482869,0.287619,48.6082,92.39,88.92,,92.702083,,,NONE,,,,,False,,91.482869,,,92.39,88.92,3.3101,1.2649,SELL,93.566638,88.015362,90.791,0.6223,28.57,KILL_ZONE
2026-03-24T06:24:18.459461+00:00,XAUUSD,taipan,144385,M30,HOLD,NONE,NONE,0,42.48728614781995,0,,,,,,,,,,,,,,,,,,4346.97,4391.5,4342.89,4388.69,4357.563361,4368.761481,-11.19812,52.9596,4448.08,4306.09,,4393.665205,,,NONE,,,,,False,,4368.761481,,,4448.08,4306.09,3.3419,1.0011,SELL,4451.185123,4302.289877,4376.7375,0.5803,18.72,KILL_ZONE
2026-03-24T06:24:18.459461+00:00,WTIcash-1,taipan,144385,M30,HOLD,NONE,NONE,0,1.0482924854968243,0,,,,,,,,,,,,,,,,,,91.98,92.0,91.28,91.44,91.763821,91.480012,0.283809,48.4213,92.39,88.92,,92.700907,,,NONE,,,,,False,,91.480012,,,92.39,88.92,3.3101,1.3073,SELL,93.563625,88.015375,90.7895,0.6172,28.57,KILL_ZONE
2026-03-24T06:25:20.056281+00:00,XAUUSD,taipan,144385,M30,HOLD,NONE,NONE,0,42.48728614781995,0,,,,,,,,,,,,,,,,,,4346.97,4391.5,4342.89,4383.2,4356.343361,4368.238623,-11.895262,52.0076,4448.08,4306.09,,4393.449911,,,NONE,,,,,False,,4368.238623,,,4448.08,4306.09,3.3419,1.0437,SELL,4450.765406,4302.160594,4376.463,0.5453,18.72,KILL_ZONE
2026-03-24T06:25:20.056281+00:00,WTIcash-1,taipan,144385,M30,HOLD,NONE,NONE,0,1.0482924854968243,0,,,,,,,,,,,,,,,,,,91.98,92.0,91.28,91.37,91.748266,91.473345,0.274921,47.9908,92.39,88.92,,92.698161,,,NONE,,,,,False,,91.473345,,,92.39,88.92,3.3101,1.359,SELL,93.556844,88.015156,90.786,0.6054,28.57,KILL_ZONE
2026-03-24T06:26:21.455475+00:00,XAUUSD,taipan,144385,M30,HOLD,NONE,NONE,0,42.77871471924852,0,,,,,,,,,,,,,,,,,,4346.97,4395.58,4342.89,4392.78,4358.47225,4369.151004,-10.678754,53.6447,4448.08,4306.09,,4393.825597,,,NONE,,,,,False,,4369.151004,,,4448.08,4306.09,3.3192,1.0861,SELL,4451.550161,4302.333839,4376.942,0.6061,18.6,KILL_ZONE
2026-03-24T06:26:21.455475+00:00,WTIcash-1,taipan,144385,M30,HOLD,NONE,NONE,0,1.056149628353967,0,,,,,,,,,,,,,,,,,,91.98,92.0,91.17,91.29,91.730488,91.465726,0.264762,47.5081,92.39,88.92,,92.695024,,,NONE,,,,,False,,91.465726,,,92.39,88.92,3.2855,1.4198,SELL,93.549523,88.014477,90.782,0.5918,28.66,KILL_ZONE
2026-03-24T06:27:22.913376+00:00,XAUUSD,taipan,144385,M30,HOLD,NONE,NONE,0,42.86800043353423,0,,,,,,,,,,,,,,,,,,4346.97,4396.83,4342.89,4395.31,4359.034472,4369.391957,-10.357485,54.0586,4448.08,4306.09,,4393.924813,,,NONE,,,,,False,,4369.391957,,,4448.08,4306.09,3.3123,1.1286,SELL,4451.79821,4302.33879,4377.0685,0.622,18.56,KILL_ZONE
2026-03-24T06:27:22.913376+00:00,WTIcash-1,taipan,144385,M30,HOLD,NONE,NONE,0,1.056149628353967,0,,,,,,,,,,,,,,,,,,91.98,92.0,91.17,91.45,91.766043,91.480964,0.285079,48.4834,92.39,88.92,,92.701299,,,NONE,,,,,False,,91.480964,,,92.39,88.92,3.2855,1.4777,SELL,93.564622,88.015378,90.79,0.6189,28.66,KILL_ZONE
2026-03-24T06:28:24.222785+00:00,XAUUSD,taipan,144385,M30,HOLD,NONE,NONE,0,42.86800043353423,0,,,,,,,,,,,,,,,,,,4346.97,4396.83,4342.89,4384.91,4356.723361,4368.401481,-11.67812,52.3082,4448.08,4306.09,,4393.51697,,,NONE,,,,,False,,4368.401481,,,4448.08,4306.09,3.3123,1.1695,SELL,4450.887473,4302.209527,4376.5485,0.5562,18.56,KILL_ZONE
2026-03-24T06:28:24.222785+00:00,WTIcash-1,taipan,144385,M30,HOLD,NONE,NONE,0,1.056149628353967,0,,,,,,,,,,,,,,,,,,91.98,92.0,91.17,91.54,91.786043,91.489536,0.296507,49.0499,92.39,88.92,,92.704828,,,NONE,,,,,False,,91.489536,,,92.39,88.92,3.2855,1.5175,SELL,93.573917,88.015083,90.7945,0.6341,28.66,KILL_ZONE
2026-03-24T06:29:25.649417+00:00,XAUUSD,taipan,144385,M30,HOLD,NONE,NONE,0,42.86800043353423,0,,,,,,,,,,,,,,,,,,4346.97,4396.83,4342.89,4385.31,4356.81225,4368.439576,-11.627326,52.378,4448.08,4306.09,,4393.532656,,,NONE,,,,,False,,4368.439576,,,4448.08,4306.09,3.3123,1.2096,SELL,4450.91716,4302.21984,4376.5685,0.5588,18.56,KILL_ZONE
2026-03-24T06:29:25.649417+00:00,WTIcash-1,taipan,144385,M30,HOLD,NONE,NONE,0,1.056149628353967,0,,,,,,,,,,,,,,,,,,91.98,92.0,91.17,91.59,91.797154,91.494297,0.302857,49.3703,92.39,88.92,,92.706789,,,NONE,,,,,False,,91.494297,,,92.39,88.92,3.2855,1.5664,SELL,93.579328,88.014672,90.797,0.6425,28.66,KILL_ZONE
2026-03-24T06:30:26.958231+00:00,XAUUSD,taipan,144385,M30,HOLD,NONE,NONE,0,40.12171516557629,0,,,,,,,,,,,,,,,,,,4386.7,4388.57,4384.15,4384.94,4363.360145,4370.159253,-6.799108,52.2483,4448.08,4306.09,,4393.260616,,,NONE,,,,,False,,4370.159253,,,4448.08,4306.09,3.539,0.022,SELL,4449.793048,4302.172952,4375.983,0.5607,17.53,KILL_ZONE
2026-03-24T06:30:26.958231+00:00,WTIcash-1,taipan,144385,M30,HOLD,NONE,NONE,0,0.9892817629438997,0,,,,,,,,,,,,,,,,,,91.6,91.6,91.48,91.5,91.73112,91.494841,0.236279,48.7529,92.39,88.92,,92.659698,,,NONE,,,,,False,,91.494841,,,92.39,88.92,3.5076,0.0282,SELL,93.459279,88.472721,90.966,0.6071,27.89,KILL_ZONE
2026-03-24T06:31:28.446983+00:00,XAUUSD,taipan,144385,M30,HOLD,NONE,NONE,0,40.37742945129057,0,,,,,,,,,,,,,,,,,,4386.7,4392.15,4384.15,4388.61,4364.1757,4370.508777,-6.333077,52.9667,4448.08,4306.09,,4393.404537,,,NONE,,,,,False,,4370.508777,,,4448.08,4306.09,3.5166,0.0694,SELL,4450.088471,4302.244529,4376.1665,0.5842,17.53,KILL_ZONE
2026-03-24T06:31:28.446983+00:00,WTIcash-1,taipan,144385,M30,HOLD,NONE,NONE,0,0.9899960486581858,0,,,,,,,,,,,,,,,,,,91.6,91.6,91.47,91.5,91.73112,91.494841,0.236279,48.7529,92.39,88.92,,92.659698,,,NONE,,,,,False,,91.494841,,,92.39,88.92,3.5051,0.0724,SELL,93.459279,88.472721,90.966,0.6071,27.89,KILL_ZONE
2026-03-24T06:32:29.967705+00:00,XAUUSD,taipan,144385,M30,HOLD,NONE,NONE,0,40.4474294512906,0,,,,,,,,,,,,,,,,,,4386.7,4393.13,4384.15,4390.19,4364.526811,4370.659253,-6.132442,53.254,4448.08,4306.09,,4393.466498,,,NONE,,,,,False,,4370.659253,,,4448.08,4306.09,3.5105,0.1144,SELL,4450.226817,4302.264183,4376.2455,0.5942,17.53,KILL_ZONE
2026-03-24T06:32:29.967705+00:00,WTIcash-1,taipan,144385,M30,HOLD,NONE,NONE,0,0.9942817629439002,0,,,,,,,,,,,,,,,,,,91.6,91.6,91.41,91.43,91.715565,91.488174,0.227391,48.2833,92.39,88.92,,92.656953,,,NONE,,,,,False,,91.488174,,,92.39,88.92,3.49,0.1134,SELL,93.452817,88.472183,90.9625,0.5939,27.89,KILL_ZONE
2026-03-24T06:33:31.424337+00:00,XAUUSD,taipan,144385,M30,HOLD,NONE,NONE,0,40.45814373700486,0,,,,,,,,,,,,,,,,,,4386.7,4393.28,4384.15,4387.21,4363.864589,4370.375444,-6.510855,52.7091,4448.08,4306.09,,4393.349635,,,NONE,,,,,False,,4370.375444,,,4448.08,4306.09,3.5096,0.1597,SELL,4449.971494,4302.221506,4376.0965,0.5752,17.53,KILL_ZONE
2026-03-24T06:33:31.424337+00:00,WTIcash-1,taipan,144385,M30,HOLD,NONE,NONE,0,1.0049960486581853,0,,,,,,,,,,,,,,,,,,91.6,91.6,91.26,91.26,91.677787,91.471983,0.205804,47.1795,92.39,88.92,,92.650287,,,NONE,,,,,False,,91.471983,,,92.39,88.92,3.4527,0.1672,SELL,93.438753,88.469247,90.954,0.5616,27.89,KILL_ZONE
2026-03-24T06:34:33.249852+00:00,XAUUSD,taipan,144385,M30,HOLD,NONE,NONE,0,40.64814373700485,0,,,,,,,,,,,,,,,,,,4386.7,4393.28,4381.49,4384.32,4363.222367,4370.100206,-6.877839,52.1228,4448.08,4306.09,,4393.236302,,,NONE,,,,,False,,4370.100206,,,4448.08,4306.09,3.4931,0.2043,SELL,4449.746727,4302.157273,4375.952,0.5567,17.53,KILL_ZONE
2026-03-24T06:34:33.249852+00:00,WTIcash-1,taipan,144385,M30,HOLD,NONE,NONE,0,1.0085674772296147,0,,,,,,,,,,,,,,,,,,91.6,91.6,91.21,91.27,91.680009,91.472936,0.207073,47.2431,92.39,88.92,,92.650679,,,NONE,,,,,False,,91.472936,,,92.39,88.92,3.4405,0.2325,SELL,93.439516,88.469484,90.9545,0.5635,27.89,KILL_ZONE
2026-03-24T06:35:34.780942+00:00,XAUUSD,taipan,144385,M30,HOLD,NONE,NONE,0,40.64814373700485,0,,,,,,,,,,,,,,,,,,4386.7,4393.28,4381.49,4385.03,4363.380145,4370.167825,-6.78768,52.2665,4448.08,4306.09,,4393.264145,,,NONE,,,,,False,,4370.167825,,,4448.08,4306.09,3.4931,0.2465,SELL,4449.799858,4302.175142,4375.9875,0.5613,17.53,KILL_ZONE
2026-03-24T06:35:34.780942+00:00,WTIcash-1,taipan,144385,M30,HOLD,NONE,NONE,0,1.0099960486581858,0,,,,,,,,,,,,,,,,,,91.6,91.6,91.19,91.29,91.684453,91.474841,0.209612,47.3706,92.39,88.92,,92.651463,,,NONE,,,,,False,,91.474841,,,92.39,88.92,3.4357,0.2905,SELL,93.441067,88.469933,90.9555,0.5673,27.89,KILL_ZONE
2026-03-24T06:36:36.245623+00:00,XAUUSD,taipan,144385,M30,HOLD,NONE,NONE,0,40.64814373700485,0,,,,,,,,,,,,,,,,,,4386.7,4393.28,4381.49,4383.63,4363.069034,4370.034491,-6.965457,51.9838,4448.08,4306.09,,4393.209243,,,NONE,,,,,False,,4370.034491,,,4448.08,4306.09,3.4931,0.2915,SELL,4449.696398,4302.138602,4375.9175,0.5523,17.53,KILL_ZONE
2026-03-24T06:36:36.245623+00:00,WTIcash-1,taipan,144385,M30,HOLD,NONE,NONE,0,1.0099960486581858,0,,,,,,,,,,,,,,,,,,91.6,91.6,91.19,91.26,91.677787,91.471983,0.205804,47.1795,92.39,88.92,,92.650287,,,NONE,,,,,False,,91.471983,,,92.39,88.92,3.4357,0.3472,SELL,93.438753,88.469247,90.954,0.5616,27.89,KILL_ZONE
2026-03-24T06:37:37.754228+00:00,XAUUSD,taipan,144385,M30,HOLD,NONE,NONE,0,40.85314373700484,0,,,,,,,,,,,,,,,,,,4386.7,4393.28,4378.62,4386.64,4363.737923,4370.321158,-6.583235,52.5954,4448.08,4306.09,,4393.327282,,,NONE,,,,,False,,4370.321158,,,4448.08,4306.09,3.4756,0.3335,SELL,4449.925379,4302.210621,4376.068,0.5716,17.53,KILL_ZONE
2026-03-24T06:37:37.754228+00:00,WTIcash-1,taipan,144385,M30,HOLD,NONE,NONE,0,1.0099960486581858,0,,,,,,,,,,,,,,,,,,91.6,91.6,91.19,91.38,91.704453,91.483412,0.221041,47.9533,92.39,88.92,,92.654993,,,NONE,,,,,False,,91.483412,,,92.39,88.92,3.4357,0.3967,SELL,93.448441,88.471559,90.96,0.5844,27.89,KILL_ZONE
2026-03-24T06:38:39.186544+00:00,XAUUSD,taipan,144385,M30,HOLD,NONE,NONE,0,40.85314373700484,0,,,,,,,,,,,,,,,,,,4386.7,4393.28,4378.62,4389.2,4364.306811,4370.564968,-6.258157,53.0744,4448.08,4306.09,,4393.427674,,,NONE,,,,,False,,4370.564968,,,4448.08,4306.09,3.4756,0.3758,SELL,4450.139348,4302.252652,4376.196,0.5879,17.53,KILL_ZONE
2026-03-24T06:38:39.186544+00:00,WTIcash-1,taipan,144385,M30,HOLD,NONE,NONE,0,1.0099960486581858,0,,,,,,,,,,,,,,,,,,91.6,91.6,91.19,91.49,91.728898,91.493888,0.23501,48.6853,92.39,88.92,,92.659306,,,NONE,,,,,False,,91.493888,,,92.39,88.92,3.4357,0.4422,SELL,93.458332,88.472668,90.9655,0.6052,27.89,KILL_ZONE
2026-03-24T06:39:40.684807+00:00,XAUUSD,taipan,144385,M30,HOLD,NONE,NONE,0,40.85314373700484,0,,,,,,,,,,,,,,,,,,4386.7,4393.28,4378.62,4389.32,4364.333478,4370.576396,-6.242918,53.0962,4448.08,4306.09,,4393.43238,,,NONE,,,,,False,,4370.576396,,,4448.08,4306.09,3.4756,0.4209,SELL,4450.14981,4302.25419,4376.202,0.5887,17.53,KILL_ZONE
2026-03-24T06:39:40.684807+00:00,WTIcash-1,taipan,144385,M30,HOLD,NONE,NONE,0,1.0099960486581858,0,,,,,,,,,,,,,,,,,,91.6,91.6,91.19,91.55,91.742231,91.499602,0.242629,49.094,92.39,88.92,,92.661659,,,NONE,,,,,False,,91.499602,,,92.39,88.92,3.4357,0.4692,SELL,93.464132,88.472868,90.9685,0.6165,27.89,KILL_ZONE
2026-03-24T06:40:42.506657+00:00,XAUUSD,taipan,144385,M30,HOLD,NONE,NONE,0,41.13171516557631,0,,,,,,,,,,,,,,,,,,4386.7,4397.18,4378.62,4387.93,4364.024589,4370.444015,-6.419426,52.8419,4448.08,4306.09,,4393.37787,,,NONE,,,,,False,,4370.444015,,,4448.08,4306.09,3.4521,0.4638,SELL,4450.030995,4302.234005,4376.1325,0.5798,17.52,KILL_ZONE
2026-03-24T06:40:42.506657+00:00,WTIcash-1,taipan,144385,M30,HOLD,NONE,NONE,0,1.0149960486581864,0,,,,,,,,,,,,,,,,,,91.6,91.67,91.19,91.64,91.762231,91.508174,0.254057,49.724,92.39,88.92,,92.665189,,,NONE,,,,,False,,91.508174,,,92.39,88.92,3.4187,0.5124,SELL,93.473367,88.472633,90.973,0.6334,27.89,KILL_ZONE
2026-03-24T06:41:43.950900+00:00,XAUUSD,taipan,144385,M30,HOLD,NONE,NONE,0,41.13171516557631,0,,,,,,,,,,,,,,,,,,4386.7,4397.18,4378.62,4391.82,4364.889034,4370.814491,-5.925457,53.5469,4448.08,4306.09,,4393.530419,,,NONE,,,,,False,,4370.814491,,,4448.08,4306.09,3.4521,0.5045,SELL,4450.376558,4302.277442,4376.327,0.6046,17.52,KILL_ZONE
2026-03-24T06:41:43.950900+00:00,WTIcash-1,taipan,144385,M30,HOLD,NONE,NONE,0,1.0149960486581864,0,,,,,,,,,,,,,,,,,,91.6,91.67,91.19,91.64,91.762231,91.508174,0.254057,49.724,92.39,88.92,,92.665189,,,NONE,,,,,False,,91.508174,,,92.39,88.92,3.4187,0.5583,SELL,93.473367,88.472633,90.973,0.6334,27.89,KILL_ZONE
2026-03-24T06:42:45.825525+00:00,XAUUSD,taipan,144385,M30,HOLD,NONE,NONE,0,41.13171516557631,0,,,,,,,,,,,,,,,,,,4386.7,4397.18,4378.62,4388.3,4364.106811,4370.479253,-6.372442,52.9099,4448.08,4306.09,,4393.39238,,,NONE,,,,,False,,4370.479253,,,4448.08,4306.09,3.4521,0.5466,SELL,4450.062114,4302.239886,4376.151,0.5822,17.52,KILL_ZONE
2026-03-24T06:42:45.825525+00:00,WTIcash-1,taipan,144385,M30,HOLD,NONE,NONE,0,1.0199960486581858,0,,,,,,,,,,,,,,,,,,91.6,91.74,91.19,91.73,91.782231,91.516745,0.265486,50.3484,92.39,88.92,,92.668718,,,NONE,,,,,False,,91.516745,,,92.39,88.92,3.402,0.5945,SELL,93.48324,88.47176,90.9775,0.6502,27.89,KILL_ZONE
2026-03-24T06:43:47.219023+00:00,XAUUSD,taipan,144385,M30,HOLD,NONE,NONE,0,41.13171516557631,0,,,,,,,,,,,,,,,,,,4386.7,4397.18,4378.62,4384.69,4363.304589,4370.135444,-6.830855,52.1976,4448.08,4306.09,,4393.250812,,,NONE,,,,,False,,4370.135444,,,4448.08,4306.09,3.4521,0.5868,SELL,4449.774245,4302.166755,4375.9705,0.5591,17.52,KILL_ZONE
2026-03-24T06:43:47.219023+00:00,WTIcash-1,taipan,144385,M30,HOLD,NONE,NONE,0,1.022138905801043,0,,,,,,,,,,,,,,,,,,91.6,91.77,91.19,91.73,91.782231,91.516745,0.265486,50.3484,92.39,88.92,,92.668718,,,NONE,,,,,False,,91.516745,,,92.39,88.92,3.3948,0.6504,SELL,93.48324,88.47176,90.9775,0.6502,27.89,KILL_ZONE
2026-03-24T06:44:48.642905+00:00,XAUUSD,taipan,144385,M30,HOLD,NONE,NONE,0,41.20457230843342,0,,,,,,,,,,,,,,,,,,4386.7,4397.18,4377.6,4378.19,4361.860145,4369.516396,-7.656251,50.9138,4448.08,4306.09,,4392.99591,,,NONE,,,,,False,,4369.516396,,,4448.08,4306.09,3.446,0.6291,SELL,4449.344746,4301.946254,4375.6455,0.5173,17.52,KILL_ZONE
2026-03-24T06:44:48.642905+00:00,WTIcash-1,taipan,144385,M30,HOLD,NONE,NONE,0,1.022138905801043,0,,,,,,,,,,,,,,,,,,91.6,91.77,91.19,91.67,91.768898,91.511031,0.257867,49.9339,92.39,88.92,,92.666365,,,NONE,,,,,False,,91.511031,,,92.39,88.92,3.3948,0.6909,SELL,93.476587,88.472413,90.9745,0.639,27.89,KILL_ZONE
2026-03-24T06:45:50.301350+00:00,XAUUSD,taipan,144385,M30,HOLD,NONE,NONE,0,41.41528659414776,0,,,,,,,,,,,,,,,,,,4386.7,4397.18,4374.65,4375.75,4361.317923,4369.284015,-7.966092,50.448,4448.08,4306.09,,4392.900223,,,NONE,,,,,False,,4369.284015,,,4448.08,4306.09,3.4284,0.6701,SELL,4449.213089,4301.833911,4375.5235,0.5015,17.52,KILL_ZONE
2026-03-24T06:45:50.301350+00:00,WTIcash-1,taipan,144385,M30,HOLD,NONE,NONE,0,1.022138905801043,0,,,,,,,,,,,,,,,,,,91.6,91.77,91.19,91.74,91.784453,91.517698,0.266755,50.4169,92.39,88.92,,92.66911,,,NONE,,,,,False,,91.517698,,,92.39,88.92,3.3948,0.7294,SELL,93.484376,88.471624,90.978,0.652,27.89,KILL_ZONE
2026-03-24T06:46:51.678992+00:00,XAUUSD,taipan,144385,M30,HOLD,NONE,NONE,0,41.53171516557627,0,,,,,,,,,,,,,,,,,,4386.7,4397.18,4373.02,4380.39,4362.349034,4369.72592,-7.376886,51.3411,4448.08,4306.09,,4393.082184,,,NONE,,,,,False,,4369.72592,,,4448.08,4306.09,3.4188,0.7147,SELL,4449.477301,4302.033699,4375.7555,0.5314,17.52,KILL_ZONE
2026-03-24T06:46:51.678992+00:00,WTIcash-1,taipan,144385,M30,HOLD,NONE,NONE,0,1.031424620086758,0,,,,,,,,,,,,,,,,,,91.6,91.9,91.19,91.87,91.813342,91.530079,0.283263,51.2895,92.39,88.92,,92.674208,,,NONE,,,,,False,,91.530079,,,92.39,88.92,3.3643,0.7743,SELL,93.499855,88.469145,90.9845,0.676,27.89,KILL_ZONE
2026-03-24T06:47:53.150799+00:00,XAUUSD,taipan,144385,M30,HOLD,NONE,NONE,0,41.53171516557627,0,,,,,,,,,,,,,,,,,,4386.7,4397.18,4373.02,4377.05,4361.606811,4369.407825,-7.801014,50.6951,4448.08,4306.09,,4392.951204,,,NONE,,,,,False,,4369.407825,,,4448.08,4306.09,3.4188,0.7509,SELL,4449.281223,4301.895777,4375.5885,0.5099,17.52,KILL_ZONE
2026-03-24T06:47:53.150799+00:00,WTIcash-1,taipan,144385,M30,HOLD,NONE,NONE,0,1.0342817629439003,0,,,,,,,,,,,,,,,,,,91.6,91.94,91.19,91.88,91.815565,91.531031,0.284534,51.3553,92.39,88.92,,92.6746,,,NONE,,,,,False,,91.531031,,,92.39,88.92,3.355,0.818,SELL,93.5011,88.4689,90.985,0.6779,27.89,KILL_ZONE
2026-03-24T06:48:54.909532+00:00,XAUUSD,taipan,144385,M30,HOLD,NONE,NONE,0,41.53171516557627,0,,,,,,,,,,,,,,,,,,4386.7,4397.18,4373.02,4377.91,4361.797923,4369.48973,-7.691807,50.8599,4448.08,4306.09,,4392.984929,,,NONE,,,,,False,,4369.48973,,,4448.08,4306.09,3.4188,0.7899,SELL,4449.328817,4301.934183,4375.6315,0.5155,17.52,KILL_ZONE
2026-03-24T06:48:54.909532+00:00,WTIcash-1,taipan,144385,M30,HOLD,NONE,NONE,0,1.0392817629439008,0,,,,,,,,,,,,,,,,,,91.6,92.01,91.19,91.98,91.837787,91.540555,0.297232,52.0042,92.39,88.92,,92.678522,,,NONE,,,,,False,,91.540555,,,92.39,88.92,3.3388,0.8625,SELL,93.513973,88.466027,90.99,0.6961,27.87,KILL_ZONE
2026-03-24T06:49:56.390469+00:00,XAUUSD,taipan,144385,M30,HOLD,NONE,NONE,0,41.53171516557627,0,,,,,,,,,,,,,,,,,,4386.7,4397.18,4373.02,4377.64,4361.737923,4369.464015,-7.726092,50.808,4448.08,4306.09,,4392.974341,,,NONE,,,,,False,,4369.464015,,,4448.08,4306.09,3.4188,0.8286,SELL,4449.313659,4301.922341,4375.618,0.5137,17.52,KILL_ZONE
2026-03-24T06:49:56.390469+00:00,WTIcash-1,taipan,144385,M30,HOLD,NONE,NONE,0,1.040710334372472,0,,,,,,,,,,,,,,,,,,91.6,92.03,91.19,91.97,91.835565,91.539602,0.295963,51.9401,92.39,88.92,,92.67813,,,NONE,,,,,False,,91.539602,,,92.39,88.92,3.3343,0.9242,SELL,93.512652,88.466348,90.9895,0.6943,27.85,KILL_ZONE
2026-03-24T06:50:57.881038+00:00,XAUUSD,taipan,144385,M30,HOLD,NONE,NONE,0,41.53171516557627,0,,,,,,,,,,,,,,,,,,4386.7,4397.18,4373.02,4378.28,4361.880145,4369.524968,-7.644823,50.9311,4448.08,4306.09,,4392.999439,,,NONE,,,,,False,,4369.524968,,,4448.08,4306.09,3.4188,0.866,SELL,4449.349911,4301.950089,4375.65,0.5178,17.52,KILL_ZONE
2026-03-24T06:50:57.881038+00:00,WTIcash-1,taipan,144385,M30,HOLD,NONE,NONE,0,1.040710334372472,0,,,,,,,,,,,,,,,,,,91.6,92.03,91.19,91.78,91.793342,91.521507,0.271835,50.6887,92.39,88.92,,92.670679,,,NONE,,,,,False,,91.521507,,,92.39,88.92,3.3343,0.9783,SELL,93.488999,88.471001,90.98,0.6594,27.85,KILL_ZONE
2026-03-24T06:51:59.414513+00:00,XAUUSD,taipan,144385,M30,HOLD,NONE,NONE,0,41.53171516557627,0,,,,,,,,,,,,,,,,,,4386.7,4397.18,4373.02,4383.07,4362.944589,4369.981158,-7.036569,51.8716,4448.08,4306.09,,4393.187282,,,NONE,,,,,False,,4369.981158,,,4448.08,4306.09,3.4188,0.9015,SELL,4449.656498,4302.122502,4375.8895,0.5487,17.52,KILL_ZONE
2026-03-24T06:51:59.414513+00:00,WTIcash-1,taipan,144385,M30,HOLD,NONE,NONE,0,1.040710334372472,0,,,,,,,,,,,,,,,,,,91.6,92.03,91.19,91.78,91.793342,91.521507,0.271835,50.6887,92.39,88.92,,92.670679,,,NONE,,,,,False,,91.521507,,,92.39,88.92,3.3343,1.0265,SELL,93.488999,88.471001,90.98,0.6594,27.85,KILL_ZONE
2026-03-24T06:53:00.932813+00:00,XAUUSD,taipan,144385,M30,HOLD,NONE,NONE,0,41.53171516557627,0,,,,,,,,,,,,,,,,,,4386.7,4397.18,4373.02,4381.24,4362.537923,4369.806872,-7.268949,51.5082,4448.08,4306.09,,4393.115518,,,NONE,,,,,False,,4369.806872,,,4448.08,4306.09,3.4188,0.9342,SELL,4449.532029,4302.063971,4375.798,0.5369,17.52,KILL_ZONE
2026-03-24T06:53:00.932813+00:00,WTIcash-1,taipan,144385,M30,HOLD,NONE,NONE,0,1.040710334372472,0,,,,,,,,,,,,,,,,,,91.6,92.03,91.19,91.74,91.784453,91.517698,0.266755,50.4169,92.39,88.92,,92.66911,,,NONE,,,,,False,,91.517698,,,92.39,88.92,3.3343,1.0764,SELL,93.484376,88.471624,90.978,0.652,27.85,KILL_ZONE
2026-03-24T06:54:02.423926+00:00,XAUUSD,taipan,144385,M30,HOLD,NONE,NONE,0,41.53171516557627,0,,,,,,,,,,,,,,,,,,4386.7,4397.18,4373.02,4385.99,4363.593478,4370.259253,-6.665775,52.4622,4448.08,4306.09,,4393.301792,,,NONE,,,,,False,,4370.259253,,,4448.08,4306.09,3.4188,0.9727,SELL,4449.873861,4302.197139,4376.0355,0.5674,17.52,KILL_ZONE
2026-03-24T06:54:02.423926+00:00,WTIcash-1,taipan,144385,M30,HOLD,NONE,NONE,0,1.040710334372472,0,,,,,,,,,,,,,,,,,,91.6,92.03,91.19,91.39,91.706676,91.484364,0.222312,48.019,92.39,88.92,,92.655385,,,NONE,,,,,False,,91.484364,,,92.39,88.92,3.3343,1.1439,SELL,93.4493,88.4717,90.9605,0.5863,27.85,KILL_ZONE
2026-03-24T06:55:03.715145+00:00,XAUUSD,taipan,144385,M30,HOLD,NONE,NONE,0,41.53171516557627,0,,,,,,,,,,,,,,,,,,4386.7,4397.18,4373.02,4389.37,4364.344589,4370.581158,-6.236569,53.1053,4448.08,4306.09,,4393.434341,,,NONE,,,,,False,,4370.581158,,,4448.08,4306.09,3.4188,1.0083,SELL,4450.154181,4302.254819,4376.2045,0.589,17.52,KILL_ZONE
2026-03-24T06:55:03.715145+00:00,WTIcash-1,taipan,144385,M30,HOLD,NONE,NONE,0,1.040710334372472,0,,,,,,,,,,,,,,,,,,91.6,92.03,91.19,91.29,91.684453,91.474841,0.209612,47.3706,92.39,88.92,,92.651463,,,NONE,,,,,False,,91.474841,,,92.39,88.92,3.3343,1.2056,SELL,93.441067,88.469933,90.9555,0.5673,27.85,KILL_ZONE
2026-03-24T06:56:05.152724+00:00,XAUUSD,taipan,144385,M30,HOLD,NONE,NONE,0,41.53171516557627,0,,,,,,,,,,,,,,,,,,4386.7,4397.18,4373.02,4394.71,4365.531256,4371.08973,-5.558474,54.0571,4448.08,4306.09,,4393.643753,,,NONE,,,,,False,,4371.08973,,,4448.08,4306.09,3.4188,1.0498,SELL,4450.659504,4302.283496,4376.4715,0.6229,17.52,KILL_ZONE
2026-03-24T06:56:05.152724+00:00,WTIcash-1,taipan,144385,M30,HOLD,NONE,NONE,0,1.0449960486581864,0,,,,,,,,,,,,,,,,,,91.6,92.03,91.13,91.18,91.660009,91.464364,0.195645,46.6774,92.39,88.92,,92.647149,,,NONE,,,,,False,,91.464364,,,92.39,88.92,3.3206,1.2598,SELL,93.432935,88.467065,90.95,0.5463,27.92,KILL_ZONE
2026-03-24T06:57:06.949242+00:00,XAUUSD,taipan,144385,M30,HOLD,NONE,NONE,0,42.029572308433366,0,,,,,,,,,,,,,,,,,,4386.7,4404.15,4373.02,4400.36,4366.786811,4371.627825,-4.841014,55.0229,4448.08,4306.09,,4393.865321,,,NONE,,,,,False,,4371.627825,,,4448.08,4306.09,3.3783,1.0932,SELL,4451.276701,4302.231299,4376.754,0.6584,17.31,KILL_ZONE
2026-03-24T06:57:06.949242+00:00,WTIcash-1,taipan,144385,M30,HOLD,NONE,NONE,0,1.0471389058010436,0,,,,,,,,,,,,,,,,,,91.6,92.03,91.1,91.15,91.653342,91.461507,0.191835,46.4919,92.39,88.92,,92.645973,,,NONE,,,,,False,,91.461507,,,92.39,88.92,3.3138,1.3102,SELL,93.430887,88.466113,90.9485,0.5406,27.95,KILL_ZONE
2026-03-24T06:58:08.686975+00:00,XAUUSD,taipan,144385,M30,HOLD,NONE,NONE,0,42.10314373700484,0,,,,,,,,,,,,,,,,,,4386.7,4405.18,4373.02,4404.67,4367.744589,4372.038301,-4.293712,55.7328,4448.08,4306.09,,4394.034341,,,NONE,,,,,False,,4372.038301,,,4448.08,4306.09,3.3724,1.1334,SELL,4451.803896,4302.135104,4376.9695,0.6851,17.28,KILL_ZONE
2026-03-24T06:58:08.686975+00:00,WTIcash-1,taipan,144385,M30,HOLD,NONE,NONE,0,1.0542817629439005,0,,,,,,,,,,,,,,,,,,91.6,92.03,91.0,91.15,91.653342,91.461507,0.191835,46.4919,92.39,88.92,,92.645973,,,NONE,,,,,False,,91.461507,,,92.39,88.92,3.2913,1.3752,SELL,93.430887,88.466113,90.9485,0.5406,28.04,KILL_ZONE
2026-03-24T06:59:10.207288+00:00,XAUUSD,taipan,144385,M30,HOLD,NONE,NONE,0,42.10314373700484,0,,,,,,,,,,,,,,,,,,4386.7,4405.18,4373.02,4400.15,4366.740145,4371.607825,-4.86768,54.9877,4448.08,4306.09,,4393.857086,,,NONE,,,,,False,,4371.607825,,,4448.08,4306.09,3.3724,1.171,SELL,4451.252254,4302.234746,4376.7435,0.6571,17.28,KILL_ZONE
2026-03-24T06:59:10.207288+00:00,WTIcash-1,taipan,144385,M30,HOLD,NONE,NONE,0,1.0542817629439005,0,,,,,,,,,,,,,,,,,,91.6,92.03,91.0,91.12,91.646676,91.45865,0.188026,46.3078,92.39,88.92,,92.644796,,,NONE,,,,,False,,91.45865,,,92.39,88.92,3.2913,1.4432,SELL,93.42891,88.46509,90.947,0.5349,28.04,KILL_ZONE
2026-03-24T07:00:11.660035+00:00,XAUUSD,taipan,144385,M30,HOLD,NONE,NONE,0,39.41363403587804,0,,,,,,,,,,,,,,,,,,4401.75,4404.35,4399.9,4404.23,4375.401347,4374.879279,0.522068,55.6885,4448.08,4306.09,,4394.336747,,,NONE,,,,,False,,4374.879279,,,4448.08,4306.09,3.6026,0.0102,SELL,4451.103779,4302.289221,4376.6965,0.685,16.08,KILL_ZONE
2026-03-24T07:00:11.660035+00:00,WTIcash-1,taipan,144385,M30,HOLD,NONE,NONE,0,0.9875473251666854,0,,,,,,,,,,,,,,,,,,91.31,91.31,91.19,91.27,91.581982,91.450162,0.13182,47.2941,92.39,88.92,,92.595078,,,NONE,,,,,False,,91.450162,,,92.39,88.92,3.5138,0.0282,SELL,93.275782,88.914218,91.095,0.5401,27.45,KILL_ZONE
2026-03-24T07:01:13.302774+00:00,XAUUSD,taipan,144385,M30,HOLD,NONE,NONE,0,40.04363403587802,0,,,,,,,,,,,,,,,,,,4401.75,4413.17,4399.9,4409.74,4376.625792,4375.404041,1.221751,56.6318,4448.08,4306.09,,4394.552825,,,NONE,,,,,False,,4375.404041,,,4448.08,4306.09,3.5459,0.0568,SELL,4451.84785,4302.09615,4376.972,0.7188,16.25,KILL_ZONE
2026-03-24T07:01:13.302774+00:00,WTIcash-1,taipan,144385,M30,HOLD,NONE,NONE,0,0.9961187537381133,0,,,,,,,,,,,,,,,,,,91.31,91.35,91.11,91.31,91.590871,91.453971,0.1369,47.5947,92.39,88.92,,92.596646,,,NONE,,,,,False,,91.453971,,,92.39,88.92,3.4835,0.1013,SELL,93.278531,88.915469,91.097,0.5488,27.45,KILL_ZONE
2026-03-24T07:02:14.755662+00:00,XAUUSD,taipan,144385,M30,HOLD,NONE,NONE,0,40.04363403587802,0,,,,,,,,,,,,,,,,,,4401.75,4413.17,4399.9,4410.53,4376.801347,4375.479279,1.322068,56.7638,4448.08,4306.09,,4394.583805,,,NONE,,,,,False,,4375.479279,,,4448.08,4306.09,3.5459,0.0995,SELL,4451.960932,4302.062068,4377.0115,0.7236,16.25,KILL_ZONE
2026-03-24T07:02:14.755662+00:00,WTIcash-1,taipan,144385,M30,HOLD,NONE,NONE,0,1.0046901823095422,0,,,,,,,,,,,,,,,,,,91.31,91.47,91.11,91.37,91.604205,91.459686,0.144519,48.0392,92.39,88.92,,92.598999,,,NONE,,,,,False,,91.459686,,,92.39,88.92,3.4538,0.1629,SELL,93.282929,88.917071,91.1,0.5618,27.45,KILL_ZONE
2026-03-24T07:03:16.239207+00:00,XAUUSD,taipan,144385,M30,HOLD,NONE,NONE,0,40.10863403587801,0,,,,,,,,,,,,,,,,,,4401.75,4414.08,4399.9,4410.18,4376.723569,4375.445946,1.277623,56.7054,4448.08,4306.09,,4394.57008,,,NONE,,,,,False,,4375.445946,,,4448.08,4306.09,3.5401,0.1428,SELL,4451.910636,4302.077364,4376.994,0.7215,16.28,KILL_ZONE
2026-03-24T07:03:16.239207+00:00,WTIcash-1,taipan,144385,M30,HOLD,NONE,NONE,0,1.0161187537381133,0,,,,,,,,,,,,,,,,,,91.31,91.47,90.95,91.02,91.526427,91.426352,0.100075,45.6086,92.39,88.92,,92.585274,,,NONE,,,,,False,,91.426352,,,92.39,88.92,3.415,0.2272,SELL,93.261924,88.903076,91.0825,0.4857,27.5,KILL_ZONE
2026-03-24T07:04:17.746210+00:00,XAUUSD,taipan,144385,M30,HOLD,NONE,NONE,0,40.1600626073066,0,,,,,,,,,,,,,,,,,,4401.75,4414.8,4399.9,4407.95,4376.228014,4375.233565,0.994449,56.3298,4448.08,4306.09,,4394.482629,,,NONE,,,,,False,,4375.233565,,,4448.08,4306.09,3.5356,0.1836,SELL,4451.597538,4302.167462,4376.8825,0.7079,16.3,KILL_ZONE
2026-03-24T07:04:17.746210+00:00,WTIcash-1,taipan,144385,M30,HOLD,NONE,NONE,0,1.021118753738114,0,,,,,,,,,,,,,,,,,,91.31,91.47,90.88,90.9,91.49976,91.414924,0.084836,44.8551,92.39,88.92,,92.580568,,,NONE,,,,,False,,91.414924,,,92.39,88.92,3.3982,0.2871,SELL,93.257309,88.895691,91.0765,0.4595,27.56,KILL_ZONE
2026-03-24T07:05:19.240955+00:00,XAUUSD,taipan,144385,M30,HOLD,NONE,NONE,0,40.1600626073066,0,,,,,,,,,,,,,,,,,,4401.75,4414.8,4399.9,4408.48,4376.345792,4375.284041,1.061751,56.4196,4448.08,4306.09,,4394.503413,,,NONE,,,,,False,,4375.284041,,,4448.08,4306.09,3.5356,0.2269,SELL,4451.670796,4302.147204,4376.909,0.7111,16.3,KILL_ZONE
2026-03-24T07:05:19.240955+00:00,WTIcash-1,taipan,144385,M30,HOLD,NONE,NONE,0,1.021118753738114,0,,,,,,,,,,,,,,,,,,91.31,91.47,90.88,90.97,91.515316,91.42159,0.093726,45.2916,92.39,88.92,,92.583313,,,NONE,,,,,False,,91.42159,,,92.39,88.92,3.3982,0.3379,SELL,93.259841,88.900159,91.08,0.4748,27.56,KILL_ZONE
2026-03-24T07:06:20.882513+00:00,XAUUSD,taipan,144385,M30,HOLD,NONE,NONE,0,40.19863403587803,0,,,,,,,,,,,,,,,,,,4401.75,4415.34,4399.9,4412.16,4377.163569,4375.634517,1.529052,57.0335,4448.08,4306.09,,4394.647727,,,NONE,,,,,False,,4375.634517,,,4448.08,4306.09,3.5322,0.2701,SELL,4452.199278,4301.986722,4377.093,0.7334,16.31,KILL_ZONE
2026-03-24T07:06:20.882513+00:00,WTIcash-1,taipan,144385,M30,HOLD,NONE,NONE,0,1.0368330394523995,0,,,,,,,,,,,,,,,,,,91.31,91.47,90.66,90.73,91.461982,91.398733,0.063249,43.8292,92.39,88.92,,92.573901,,,NONE,,,,,False,,91.398733,,,92.39,88.92,3.3467,0.4155,SELL,93.253027,88.882973,91.068,0.4227,27.76,KILL_ZONE
2026-03-24T07:07:22.147084+00:00,XAUUSD,taipan,144385,M30,HOLD,NONE,NONE,0,40.19863403587803,0,,,,,,,,,,,,,,,,,,4401.75,4415.34,4399.9,4411.01,4376.908014,4375.524993,1.383021,56.8435,4448.08,4306.09,,4394.602629,,,NONE,,,,,False,,4375.524993,,,4448.08,4306.09,3.5322,0.3111,SELL,4452.030418,4302.040582,4377.0355,0.7265,16.31,KILL_ZONE
2026-03-24T07:07:22.147084+00:00,WTIcash-1,taipan,144385,M30,HOLD,NONE,NONE,0,1.0375473251666847,0,,,,,,,,,,,,,,,,,,91.31,91.47,90.65,90.84,91.486427,91.40921,0.077217,44.4876,92.39,88.92,,92.578215,,,NONE,,,,,False,,91.40921,,,92.39,88.92,3.3444,0.4886,SELL,93.255496,88.891504,91.0735,0.4465,27.76,KILL_ZONE
2026-03-24T07:08:23.644458+00:00,XAUUSD,taipan,144385,M30,HOLD,NONE,NONE,0,40.19863403587803,0,,,,,,,,,,,,,,,,,,4401.75,4415.34,4399.9,4409.82,4376.643569,4375.41166,1.231909,56.6452,4448.08,4306.09,,4394.555962,,,NONE,,,,,False,,4375.41166,,,4448.08,4306.09,3.5322,0.3514,SELL,4451.859229,4302.092771,4376.976,0.7193,16.31,KILL_ZONE
2026-03-24T07:08:23.644458+00:00,WTIcash-1,taipan,144385,M30,HOLD,NONE,NONE,0,1.0375473251666847,0,,,,,,,,,,,,,,,,,,91.31,91.47,90.65,91.05,91.533093,91.42921,0.103883,45.8009,92.39,88.92,,92.58645,,,NONE,,,,,False,,91.42921,,,92.39,88.92,3.3444,0.5384,SELL,93.263284,88.904716,91.084,0.4922,27.76,KILL_ZONE
2026-03-24T07:09:24.972679+00:00,XAUUSD,taipan,144385,M30,HOLD,NONE,NONE,0,40.19863403587803,0,,,,,,,,,,,,,,,,,,4401.75,4415.34,4399.9,4411.81,4377.085792,4375.601184,1.484608,56.9759,4448.08,4306.09,,4394.634001,,,NONE,,,,,False,,4375.601184,,,4448.08,4306.09,3.5322,0.3894,SELL,4452.14753,4302.00347,4377.0755,0.7313,16.31,KILL_ZONE
2026-03-24T07:09:24.972679+00:00,WTIcash-1,taipan,144385,M30,HOLD,NONE,NONE,0,1.0375473251666847,0,,,,,,,,,,,,,,,,,,91.31,91.47,90.65,91.07,91.537538,91.431114,0.106424,45.9301,92.39,88.92,,92.587235,,,NONE,,,,,False,,91.431114,,,92.39,88.92,3.3444,0.5917,SELL,93.264237,88.905763,91.085,0.4966,27.76,KILL_ZONE
2026-03-24T07:10:26.318202+00:00,XAUUSD,taipan,144385,M30,HOLD,NONE,NONE,0,40.66149117873514,0,,,,,,,,,,,,,,,,,,4401.75,4421.82,4399.9,4421.82,4379.310236,4376.554517,2.755719,58.5656,4448.08,4306.09,,4395.02655,,,NONE,,,,,False,,4376.554517,,,4448.08,4306.09,3.492,0.4312,SELL,4453.748479,4301.403521,4377.576,0.7904,16.49,KILL_ZONE
2026-03-24T07:10:26.318202+00:00,WTIcash-1,taipan,144385,M30,HOLD,NONE,NONE,0,1.0375473251666847,0,,,,,,,,,,,,,,,,,,91.31,91.47,90.65,91.0,91.521982,91.424448,0.097534,45.4812,92.39,88.92,,92.584489,,,NONE,,,,,False,,91.424448,,,92.39,88.92,3.3444,0.6362,SELL,93.261063,88.901937,91.0815,0.4813,27.76,KILL_ZONE
2026-03-24T07:11:27.715100+00:00,XAUUSD,taipan,144385,M30,HOLD,NONE,NONE,0,40.86363403587799,0,,,,,,,,,,,,,,,,,,4401.75,4424.65,4399.9,4423.73,4379.73468,4376.736422,2.998258,58.8557,4448.08,4306.09,,4395.101452,,,NONE,,,,,False,,4376.736422,,,4448.08,4306.09,3.4747,0.4729,SELL,4454.081955,4301.261045,4377.6715,0.8014,16.57,KILL_ZONE
2026-03-24T07:11:27.715100+00:00,WTIcash-1,taipan,144385,M30,HOLD,NONE,NONE,0,1.0375473251666847,0,,,,,,,,,,,,,,,,,,91.31,91.47,90.65,91.02,91.526427,91.426352,0.100075,45.6086,92.39,88.92,,92.585274,,,NONE,,,,,False,,91.426352,,,92.39,88.92,3.3444,0.689,SELL,93.261924,88.903076,91.0825,0.4857,27.76,KILL_ZONE
2026-03-24T07:12:29.030696+00:00,XAUUSD,taipan,144385,M30,HOLD,NONE,NONE,0,40.86363403587799,0,,,,,,,,,,,,,,,,,,4401.75,4424.65,4399.9,4421.17,4379.165792,4376.492612,2.67318,58.466,4448.08,4306.09,,4395.00106,,,NONE,,,,,False,,4376.492612,,,4448.08,4306.09,3.4747,0.5121,SELL,4453.637009,4301.449991,4377.5435,0.7867,16.57,KILL_ZONE
2026-03-24T07:12:29.030696+00:00,WTIcash-1,taipan,144385,M30,HOLD,NONE,NONE,0,1.0375473251666847,0,,,,,,,,,,,,,,,,,,91.31,91.47,90.65,90.94,91.508649,91.418733,0.089916,45.1035,92.39,88.92,,92.582137,,,NONE,,,,,False,,91.418733,,,92.39,88.92,3.3444,0.7227,SELL,93.258701,88.898299,91.0785,0.4682,27.76,KILL_ZONE
2026-03-24T07:13:30.620533+00:00,XAUUSD,taipan,144385,M30,HOLD,NONE,NONE,0,40.907919750163764,0,,,,,,,,,,,,,,,,,,4401.75,4425.27,4399.9,4423.04,4379.581347,4376.670708,2.910639,58.7514,4448.08,4306.09,,4395.074394,,,NONE,,,,,False,,4376.670708,,,4448.08,4306.09,3.471,0.5528,SELL,4453.960467,4301.313533,4377.637,0.7974,16.59,KILL_ZONE
2026-03-24T07:13:30.620533+00:00,WTIcash-1,taipan,144385,M30,HOLD,NONE,NONE,0,1.0375473251666847,0,,,,,,,,,,,,,,,,,,91.31,91.47,90.65,91.04,91.530871,91.428257,0.102614,45.7366,92.39,88.92,,92.586058,,,NONE,,,,,False,,91.428257,,,92.39,88.92,3.3444,0.7685,SELL,93.262822,88.904178,91.0835,0.49,27.76,KILL_ZONE
2026-03-24T07:14:32.419154+00:00,XAUUSD,taipan,144385,M30,HOLD,NONE,NONE,0,40.907919750163764,0,,,,,,,,,,,,,,,,,,4401.75,4425.27,4399.9,4423.4,4379.661347,4376.704993,2.956354,58.8059,4448.08,4306.09,,4395.088511,,,NONE,,,,,False,,4376.704993,,,4448.08,4306.09,3.471,0.5923,SELL,4454.023709,4301.286291,4377.655,0.7995,16.59,KILL_ZONE
2026-03-24T07:14:32.419154+00:00,WTIcash-1,taipan,144385,M30,HOLD,NONE,NONE,0,1.0375473251666847,0,,,,,,,,,,,,,,,,,,91.31,91.47,90.65,90.96,91.513093,91.420638,0.092455,45.2287,92.39,88.92,,92.582921,,,NONE,,,,,False,,91.420638,,,92.39,88.92,3.3444,0.7945,SELL,93.259451,88.899549,91.0795,0.4726,27.76,KILL_ZONE
2026-03-24T07:15:34.372065+00:00,XAUUSD,taipan,144385,M30,HOLD,NONE,NONE,0,40.907919750163764,0,,,,,,,,,,,,,,,,,,4401.75,4425.27,4399.9,4420.27,4378.965792,4376.406898,2.558894,58.3272,4448.08,4306.09,,4394.965766,,,NONE,,,,,False,,4376.406898,,,4448.08,4306.09,3.471,0.6338,SELL,4453.484367,4301.512633,4377.4985,0.7814,16.59,KILL_ZONE
2026-03-24T07:15:34.372065+00:00,WTIcash-1,taipan,144385,M30,HOLD,NONE,NONE,0,1.0375473251666847,0,,,,,,,,,,,,,,,,,,91.31,91.47,90.65,90.95,91.510871,91.419686,0.091185,45.166,92.39,88.92,,92.582529,,,NONE,,,,,False,,91.419686,,,92.39,88.92,3.3444,0.8233,SELL,93.259071,88.898929,91.079,0.4704,27.76,KILL_ZONE
2026-03-24T07:16:35.731705+00:00,XAUUSD,taipan,144385,M30,HOLD,NONE,NONE,0,40.907919750163764,0,,,,,,,,,,,,,,,,,,4401.75,4425.27,4399.9,4423.95,4379.783569,4376.757374,3.026195,58.8889,4448.08,4306.09,,4395.11008,,,NONE,,,,,False,,4376.757374,,,4448.08,4306.09,3.471,0.6737,SELL,4454.120931,4301.244069,4377.6825,0.8026,16.59,KILL_ZONE
2026-03-24T07:16:35.731705+00:00,WTIcash-1,taipan,144385,M30,HOLD,NONE,NONE,0,1.0568330394523997,0,,,,,,,,,,,,,,,,,,91.31,91.47,90.38,90.43,91.395316,91.370162,0.025154,42.129,92.39,88.92,,92.562137,,,NONE,,,,,False,,91.370162,,,92.39,88.92,3.2834,0.8999,SELL,93.251871,88.854129,91.053,0.3583,27.98,KILL_ZONE
2026-03-24T07:17:37.170556+00:00,XAUUSD,taipan,144385,M30,HOLD,NONE,NONE,0,40.907919750163764,0,,,,,,,,,,,,,,,,,,4401.75,4425.27,4399.9,4422.86,4379.541347,4376.653565,2.887782,58.7241,4448.08,4306.09,,4395.067335,,,NONE,,,,,False,,4376.653565,,,4448.08,4306.09,3.471,0.7128,SELL,4453.928964,4301.327036,4377.628,0.7964,16.59,KILL_ZONE
2026-03-24T07:17:37.170556+00:00,WTIcash-1,taipan,144385,M30,HOLD,NONE,NONE,0,1.0675473251666847,0,,,,,,,,,,,,,,,,,,91.31,91.47,90.23,90.55,91.421982,91.38159,0.040392,42.793,92.39,88.92,,92.566842,,,NONE,,,,,False,,91.38159,,,92.39,88.92,3.2504,1.0159,SELL,93.251359,88.866641,91.059,0.3839,28.09,KILL_ZONE
2026-03-24T07:18:38.847694+00:00,XAUUSD,taipan,144385,M30,HOLD,NONE,NONE,0,40.907919750163764,0,,,,,,,,,,,,,,,,,,4401.75,4425.27,4399.9,4420.31,4378.97468,4376.410708,2.563972,58.3334,4448.08,4306.09,,4394.967335,,,NONE,,,,,False,,4376.410708,,,4448.08,4306.09,3.471,0.7514,SELL,4453.491109,4301.509891,4377.5005,0.7817,16.59,KILL_ZONE
2026-03-24T07:18:38.847694+00:00,WTIcash-1,taipan,144385,M30,HOLD,NONE,NONE,0,1.0675473251666847,0,,,,,,,,,,,,,,,,,,91.31,91.47,90.23,90.61,91.435316,91.387305,0.048011,43.1329,92.39,88.92,,92.569195,,,NONE,,,,,False,,91.387305,,,92.39,88.92,3.2504,1.0847,SELL,93.251589,88.872411,91.062,0.3968,28.09,KILL_ZONE
2026-03-24T07:19:40.417798+00:00,XAUUSD,taipan,144385,M30,HOLD,NONE,NONE,0,40.907919750163764,0,,,,,,,,,,,,,,,,,,4401.75,4425.27,4399.9,4423.78,4379.745792,4376.741184,3.004608,58.8632,4448.08,4306.09,,4395.103413,,,NONE,,,,,False,,4376.741184,,,4448.08,4306.09,3.471,0.7874,SELL,4454.090803,4301.257197,4377.674,0.8017,16.59,KILL_ZONE
2026-03-24T07:19:40.417798+00:00,WTIcash-1,taipan,144385,M30,HOLD,NONE,NONE,0,1.0675473251666847,0,,,,,,,,,,,,,,,,,,91.31,91.47,90.23,90.82,91.481982,91.407305,0.074677,44.3664,92.39,88.92,,92.577431,,,NONE,,,,,False,,91.407305,,,92.39,88.92,3.2504,1.144,SELL,93.254965,88.890035,91.0725,0.4422,28.09,KILL_ZONE
2026-03-24T07:20:41.877060+00:00,XAUUSD,taipan,144385,M30,HOLD,NONE,NONE,0,40.907919750163764,0,,,,,,,,,,,,,,,,,,4401.75,4425.27,4399.9,4420.09,4378.925792,4376.389755,2.536037,58.2993,4448.08,4306.09,,4394.958707,,,NONE,,,,,False,,4376.389755,,,4448.08,4306.09,3.471,0.8238,SELL,4453.454076,4301.524924,4377.4895,0.7804,16.59,KILL_ZONE
2026-03-24T07:20:41.877060+00:00,WTIcash-1,taipan,144385,M30,HOLD,NONE,NONE,0,1.0675473251666847,0,,,,,,,,,,,,,,,,,,91.31,91.47,90.23,90.83,91.484205,91.408257,0.075948,44.4269,92.39,88.92,,92.577823,,,NONE,,,,,False,,91.408257,,,92.39,88.92,3.2504,1.202,SELL,93.255226,88.890774,91.073,0.4443,28.09,KILL_ZONE
2026-03-24T07:21:43.562788+00:00,XAUUSD,taipan,144385,M30,HOLD,NONE,NONE,0,40.907919750163764,0,,,,,,,,,,,,,,,,,,4401.75,4425.27,4399.9,4415.05,4377.805792,4375.909755,1.896037,57.5036,4448.08,4306.09,,4394.76106,,,NONE,,,,,False,,4375.909755,,,4448.08,4306.09,3.471,0.8611,SELL,4452.638391,4301.836609,4377.2375,0.7507,16.59,KILL_ZONE
2026-03-24T07:21:43.562788+00:00,WTIcash-1,taipan,144385,M30,HOLD,NONE,NONE,0,1.0675473251666847,0,,,,,,,,,,,,,,,,,,91.31,91.47,90.23,90.66,91.446427,91.392067,0.05436,43.4204,92.39,88.92,,92.571156,,,NONE,,,,,False,,91.392067,,,92.39,88.92,3.2504,1.2562,SELL,93.252029,88.876971,91.0645,0.4075,28.09,KILL_ZONE
2026-03-24T07:22:45.201894+00:00,XAUUSD,taipan,144385,M30,HOLD,NONE,NONE,0,40.907919750163764,0,,,,,,,,,,,,,,,,,,4401.75,4425.27,4399.9,4417.81,4378.419125,4376.172612,2.246513,57.9431,4448.08,4306.09,,4394.869296,,,NONE,,,,,False,,4376.172612,,,4448.08,4306.09,3.471,0.9001,SELL,4453.077284,4301.673716,4377.3755,0.7671,16.59,KILL_ZONE
2026-03-24T07:22:45.201894+00:00,WTIcash-1,taipan,144385,M30,HOLD,NONE,NONE,0,1.0675473251666847,0,,,,,,,,,,,,,,,,,,91.31,91.47,90.23,90.74,91.464205,91.399686,0.064519,43.8883,92.39,88.92,,92.574293,,,NONE,,,,,False,,91.399686,,,92.39,88.92,3.2504,1.2959,SELL,93.253205,88.883795,91.0685,0.4248,28.09,KILL_ZONE
2026-03-24T07:23:46.575735+00:00,XAUUSD,taipan,144385,M30,HOLD,NONE,NONE,0,40.907919750163764,0,,,,,,,,,,,,,,,,,,4401.75,4425.27,4399.9,4412.89,4377.325792,4375.704041,1.621751,57.1532,4448.08,4306.09,,4394.676354,,,NONE,,,,,False,,4375.704041,,,4448.08,4306.09,3.471,0.9379,SELL,4452.308208,4301.950792,4377.1295,0.7378,16.59,KILL_ZONE
2026-03-24T07:23:46.575735+00:00,WTIcash-1,taipan,144385,M30,HOLD,NONE,NONE,0,1.0675473251666847,0,,,,,,,,,,,,,,,,,,91.31,91.47,90.23,90.82,91.481982,91.407305,0.074677,44.3664,92.39,88.92,,92.577431,,,NONE,,,,,False,,91.407305,,,92.39,88.92,3.2504,1.3373,SELL,93.254965,88.890035,91.0725,0.4422,28.09,KILL_ZONE
2026-03-24T07:24:47.926462+00:00,XAUUSD,taipan,144385,M30,HOLD,NONE,NONE,0,40.907919750163764,0,,,,,,,,,,,,,,,,,,4401.75,4425.27,4399.9,4411.1,4376.928014,4375.533565,1.394449,56.8585,4448.08,4306.09,,4394.606158,,,NONE,,,,,False,,4375.533565,,,4448.08,4306.09,3.471,0.9776,SELL,4452.043512,4302.036488,4377.04,0.7271,16.59,KILL_ZONE
2026-03-24T07:24:47.926462+00:00,WTIcash-1,taipan,144385,M30,HOLD,NONE,NONE,0,1.0675473251666847,0,,,,,,,,,,,,,,,,,,91.31,91.47,90.23,90.95,91.510871,91.419686,0.091185,45.166,92.39,88.92,,92.582529,,,NONE,,,,,False,,91.419686,,,92.39,88.92,3.2504,1.3784,SELL,93.259071,88.898929,91.079,0.4704,28.09,KILL_ZONE
2026-03-24T07:25:49.295837+00:00,XAUUSD,taipan,144385,M30,HOLD,NONE,NONE,0,40.907919750163764,0,,,,,,,,,,,,,,,,,,4401.75,4425.27,4399.9,4411.33,4376.979125,4375.55547,1.423655,56.8966,4448.08,4306.09,,4394.615178,,,NONE,,,,,False,,4375.55547,,,4448.08,4306.09,3.471,1.0107,SELL,4452.077068,4302.025932,4377.0515,0.7284,16.59,KILL_ZONE
2026-03-24T07:25:49.295837+00:00,WTIcash-1,taipan,144385,M30,HOLD,NONE,NONE,0,1.0675473251666847,0,,,,,,,,,,,,,,,,,,91.31,91.47,90.23,90.99,91.51976,91.423495,0.096265,45.4178,92.39,88.92,,92.584097,,,NONE,,,,,False,,91.423495,,,92.39,88.92,3.2504,1.4124,SELL,93.260647,88.901353,91.081,0.4791,28.09,KILL_ZONE
2026-03-24T07:26:50.596188+00:00,XAUUSD,taipan,144385,M30,HOLD,NONE,NONE,0,40.907919750163764,0,,,,,,,,,,,,,,,,,,4401.75,4425.27,4399.9,4407.86,4376.208014,4375.224993,0.983021,56.3145,4448.08,4306.09,,4394.479099,,,NONE,,,,,False,,4375.224993,,,4448.08,4306.09,3.471,1.0455,SELL,4451.58517,4302.17083,4376.878,0.7074,16.59,KILL_ZONE
2026-03-24T07:26:50.596188+00:00,WTIcash-1,taipan,144385,M30,HOLD,NONE,NONE,0,1.0675473251666847,0,,,,,,,,,,,,,,,,,,91.31,91.47,90.23,91.07,91.537538,91.431114,0.106424,45.9301,92.39,88.92,,92.587235,,,NONE,,,,,False,,91.431114,,,92.39,88.92,3.2504,1.4585,SELL,93.264237,88.905763,91.085,0.4966,28.09,KILL_ZONE
2026-03-24T07:27:51.993771+00:00,XAUUSD,taipan,144385,M30,HOLD,NONE,NONE,0,40.907919750163764,0,,,,,,,,,,,,,,,,,,4401.75,4425.27,4399.9,4406.77,4375.965792,4375.121184,0.844608,56.1284,4448.08,4306.09,,4394.436354,,,NONE,,,,,False,,4375.121184,,,4448.08,4306.09,3.471,1.0803,SELL,4451.437036,4302.209964,4376.8235,0.7007,16.59,KILL_ZONE
2026-03-24T07:27:51.993771+00:00,WTIcash-1,taipan,144385,M30,HOLD,NONE,NONE,0,1.0675473251666847,0,,,,,,,,,,,,,,,,,,91.31,91.47,90.23,90.91,91.501982,91.415876,0.086106,44.9169,92.39,88.92,,92.58096,,,NONE,,,,,False,,91.415876,,,92.39,88.92,3.2504,1.4991,SELL,93.257643,88.896357,91.077,0.4617,28.09,KILL_ZONE
2026-03-24T07:28:53.470690+00:00,XAUUSD,taipan,144385,M30,HOLD,NONE,NONE,0,40.907919750163764,0,,,,,,,,,,,,,,,,,,4401.75,4425.27,4399.9,4413.81,4377.530236,4375.79166,1.738576,57.3032,4448.08,4306.09,,4394.712433,,,NONE,,,,,False,,4375.79166,,,4448.08,4306.09,3.471,1.1182,SELL,4452.447406,4301.903594,4377.1755,0.7433,16.59,KILL_ZONE
2026-03-24T07:28:53.470690+00:00,WTIcash-1,taipan,144385,M30,HOLD,NONE,NONE,0,1.0675473251666847,0,,,,,,,,,,,,,,,,,,91.31,91.47,90.23,90.79,91.475316,91.404448,0.070868,44.1859,92.39,88.92,,92.576254,,,NONE,,,,,False,,91.404448,,,92.39,88.92,3.2504,1.5404,SELL,93.254237,88.887763,91.071,0.4356,28.09,KILL_ZONE
2026-03-24T07:29:54.957229+00:00,XAUUSD,taipan,144385,M30,HOLD,NONE,NONE,0,40.907919750163764,0,,,,,,,,,,,,,,,,,,4401.75,4425.27,4399.9,4412.24,4377.181347,4375.642136,1.539211,57.0467,4448.08,4306.09,,4394.650864,,,NONE,,,,,False,,4375.642136,,,4448.08,4306.09,3.471,1.1518,SELL,4452.21115,4301.98285,4377.097,0.7339,16.59,KILL_ZONE
2026-03-24T07:29:54.957229+00:00,WTIcash-1,taipan,144385,M30,HOLD,NONE,NONE,0,1.0675473251666847,0,,,,,,,,,,,,,,,,,,91.31,91.47,90.23,90.81,91.47976,91.406352,0.073408,44.3061,92.39,88.92,,92.577038,,,NONE,,,,,False,,91.406352,,,92.39,88.92,3.2504,1.5678,SELL,93.254713,88.889287,91.072,0.44,28.09,KILL_ZONE
2026-03-24T07:30:57.067561+00:00,XAUUSD,taipan,144385,M30,HOLD,NONE,NONE,0,38.324496928726674,0,,,,,,,,,,,,,,,,,,4412.47,4412.47,4407.73,4407.81,4384.027468,4378.725561,5.301907,56.0098,4448.08,4306.09,,4395.175568,,,NONE,,,,,False,,4378.725561,,,4448.08,4306.09,3.7049,0.0395,SELL,4451.605314,4302.163686,4376.8845,0.7069,15.95,KILL_ZONE
2026-03-24T07:30:57.067561+00:00,WTIcash-1,taipan,144385,M30,HOLD,NONE,NONE,0,1.0005796393520021,0,,,,,,,,,,,,,,,,,,90.79,90.86,90.73,90.85,91.334628,91.350781,-0.016153,44.6908,92.39,88.92,,92.508272,,,NONE,,,,,False,,91.350781,,,92.39,88.92,3.468,0.0502,SELL,93.143333,89.170667,91.157,0.4227,28.15,KILL_ZONE
2026-03-24T07:31:58.576559+00:00,XAUUSD,taipan,144385,M30,HOLD,NONE,NONE,0,38.324496928726674,0,,,,,,,,,,,,,,,,,,4412.47,4412.47,4407.73,4409.78,4384.465245,4378.91318,5.552065,56.4591,4448.08,4306.09,,4395.252823,,,NONE,,,,,False,,4378.91318,,,4448.08,4306.09,3.7049,0.078,SELL,4451.880451,4302.085549,4376.983,0.7189,15.95,KILL_ZONE
2026-03-24T07:31:58.576559+00:00,WTIcash-1,taipan,144385,M30,HOLD,NONE,NONE,0,1.009151067923431,0,,,,,,,,,,,,,,,,,,90.79,90.98,90.73,90.88,91.341295,91.353639,-0.012344,44.9293,92.39,88.92,,92.509448,,,NONE,,,,,False,,91.353639,,,92.39,88.92,3.4385,0.1011,SELL,93.143902,89.173098,91.1585,0.4299,28.15,KILL_ZONE
2026-03-24T07:33:00.021315+00:00,XAUUSD,taipan,144385,M30,HOLD,NONE,NONE,0,38.72806835729808,0,,,,,,,,,,,,,,,,,,4412.47,4412.47,4402.08,4403.09,4382.978579,4378.276037,4.702542,54.9618,4448.08,4306.09,,4394.99047,,,NONE,,,,,False,,4378.276037,,,4448.08,4306.09,3.6663,0.1189,SELL,4450.986884,4302.310116,4376.6485,0.6778,15.95,KILL_ZONE
2026-03-24T07:33:00.021315+00:00,WTIcash-1,taipan,144385,M30,HOLD,NONE,NONE,0,1.0127224964948593,0,,,,,,,,,,,,,,,,,,90.79,91.03,90.73,91.0,91.367962,91.365067,0.002895,45.8632,92.39,88.92,,92.514154,,,NONE,,,,,False,,91.365067,,,92.39,88.92,3.4264,0.1712,SELL,93.147082,89.181918,91.1645,0.4585,28.15,KILL_ZONE
2026-03-24T07:34:01.475774+00:00,XAUUSD,taipan,144385,M30,HOLD,NONE,NONE,0,38.73949692872664,0,,,,,,,,,,,,,,,,,,4412.47,4412.47,4401.92,4409.04,4384.300801,4378.842704,5.458097,56.2895,4448.08,4306.09,,4395.223803,,,NONE,,,,,False,,4378.842704,,,4448.08,4306.09,3.6653,0.1589,SELL,4451.775932,4302.116068,4376.946,0.7144,15.95,KILL_ZONE
2026-03-24T07:34:01.475774+00:00,WTIcash-1,taipan,144385,M30,HOLD,NONE,NONE,0,1.027008210780574,0,,,,,,,,,,,,,,,,,,90.79,91.23,90.73,91.05,91.379073,91.369829,0.009244,46.2431,92.39,88.92,,92.516115,,,NONE,,,,,False,,91.369829,,,92.39,88.92,3.3787,0.2244,SELL,93.148834,89.185166,91.167,0.4705,28.15,KILL_ZONE
2026-03-24T07:35:03.145918+00:00,XAUUSD,taipan,144385,M30,HOLD,NONE,NONE,0,38.73949692872664,0,,,,,,,,,,,,,,,,,,4412.47,4412.47,4401.92,4411.58,4384.865245,4379.084609,5.780636,56.876,4448.08,4306.09,,4395.323411,,,NONE,,,,,False,,4379.084609,,,4448.08,4306.09,3.6653,0.1845,SELL,4452.140522,4302.005478,4377.073,0.7298,15.95,KILL_ZONE
2026-03-24T07:35:03.145918+00:00,WTIcash-1,taipan,144385,M30,HOLD,NONE,NONE,0,1.027008210780574,0,,,,,,,,,,,,,,,,,,90.79,91.23,90.73,91.14,91.399073,91.3784,0.020673,46.9136,92.39,88.92,,92.519644,,,NONE,,,,,False,,91.3784,,,92.39,88.92,3.3787,0.2619,SELL,93.152624,89.190376,91.1715,0.492,28.15,KILL_ZONE
2026-03-24T07:36:04.502175+00:00,XAUUSD,taipan,144385,M30,HOLD,NONE,NONE,0,38.73949692872664,0,,,,,,,,,,,,,,,,,,4412.47,4412.47,4401.92,4406.33,4383.698579,4378.584609,5.11397,55.6769,4448.08,4306.09,,4395.117529,,,NONE,,,,,False,,4378.584609,,,4448.08,4306.09,3.6653,0.2189,SELL,4451.405183,4302.215817,4376.8105,0.6979,15.95,KILL_ZONE
2026-03-24T07:36:04.502175+00:00,WTIcash-1,taipan,144385,M30,HOLD,NONE,NONE,0,1.0284367822091451,0,,,,,,,,,,,,,,,,,,90.79,91.25,90.73,91.19,91.410184,91.383162,0.027022,47.2789,92.39,88.92,,92.521605,,,NONE,,,,,False,,91.383162,,,92.39,88.92,3.3741,0.3079,SELL,93.155083,89.192917,91.174,0.504,28.15,KILL_ZONE
2026-03-24T07:37:06.013979+00:00,XAUUSD,taipan,144385,M30,HOLD,NONE,NONE,0,38.73949692872664,0,,,,,,,,,,,,,,,,,,4412.47,4412.47,4401.92,4407.09,4383.867468,4378.656989,5.210479,55.8473,4448.08,4306.09,,4395.147333,,,NONE,,,,,False,,4378.656989,,,4448.08,4306.09,3.6653,0.2517,SELL,4451.507247,4302.189753,4376.8485,0.7025,15.95,KILL_ZONE
2026-03-24T07:37:06.013979+00:00,WTIcash-1,taipan,144385,M30,HOLD,NONE,NONE,0,1.0284367822091451,0,,,,,,,,,,,,,,,,,,90.79,91.25,90.73,91.1,91.390184,91.374591,0.015593,46.6176,92.39,88.92,,92.518076,,,NONE,,,,,False,,91.374591,,,92.39,88.92,3.3741,0.348,SELL,93.150839,89.188161,91.1695,0.4825,28.15,KILL_ZONE
2026-03-24T07:38:07.488889+00:00,XAUUSD,taipan,144385,M30,HOLD,NONE,NONE,0,38.73949692872664,0,,,,,,,,,,,,,,,,,,4412.47,4412.47,4401.92,4404.06,4383.194134,4378.368418,4.825716,55.1739,4448.08,4306.09,,4395.028509,,,NONE,,,,,False,,4378.368418,,,4448.08,4306.09,3.6653,0.2883,SELL,4451.109249,4302.284751,4376.697,0.6839,15.95,KILL_ZONE
2026-03-24T07:38:07.488889+00:00,WTIcash-1,taipan,144385,M30,HOLD,NONE,NONE,0,1.0284367822091451,0,,,,,,,,,,,,,,,,,,90.79,91.25,90.73,91.2,91.412406,91.384115,0.028291,47.3513,92.39,88.92,,92.521997,,,NONE,,,,,False,,91.384115,,,92.39,88.92,3.3741,0.3899,SELL,93.155605,89.193395,91.1745,0.5064,28.15,KILL_ZONE
2026-03-24T07:39:09.097123+00:00,XAUUSD,taipan,144385,M30,HOLD,NONE,NONE,0,38.77878264301236,0,,,,,,,,,,,,,,,,,,4412.47,4412.47,4401.37,4404.28,4383.243023,4378.38937,4.853653,55.2223,4448.08,4306.09,,4395.037137,,,NONE,,,,,False,,4378.38937,,,4448.08,4306.09,3.6615,0.3233,SELL,4451.137344,4302.278656,4376.708,0.6852,15.95,KILL_ZONE
2026-03-24T07:39:09.097123+00:00,WTIcash-1,taipan,144385,M30,HOLD,NONE,NONE,0,1.0284367822091451,0,,,,,,,,,,,,,,,,,,90.79,91.25,90.73,91.04,91.37685,91.368877,0.007973,46.1675,92.39,88.92,,92.515723,,,NONE,,,,,False,,91.368877,,,92.39,88.92,3.3741,0.4438,SELL,93.148464,89.184536,91.1665,0.4681,28.15,KILL_ZONE
2026-03-24T07:40:10.885122+00:00,XAUUSD,taipan,144385,M30,HOLD,NONE,NONE,0,38.77878264301236,0,,,,,,,,,,,,,,,,,,4412.47,4412.47,4401.37,4410.52,4384.62969,4378.983656,5.646034,56.6298,4448.08,4306.09,,4395.281842,,,NONE,,,,,False,,4378.983656,,,4448.08,4306.09,3.6615,0.3575,SELL,4451.986369,4302.053631,4377.02,0.7234,15.95,KILL_ZONE
2026-03-24T07:40:10.885122+00:00,WTIcash-1,taipan,144385,M30,HOLD,NONE,NONE,0,1.0284367822091451,0,,,,,,,,,,,,,,,,,,90.79,91.25,90.73,91.05,91.379073,91.369829,0.009244,46.2431,92.39,88.92,,92.516115,,,NONE,,,,,False,,91.369829,,,92.39,88.92,3.3741,0.4739,SELL,93.148834,89.185166,91.167,0.4705,28.15,KILL_ZONE
2026-03-24T07:41:12.366461+00:00,XAUUSD,taipan,144385,M30,HOLD,NONE,NONE,0,38.77878264301236,0,,,,,,,,,,,,,,,,,,4412.47,4412.47,4401.37,4402.91,4382.938579,4378.258894,4.679685,54.9226,4448.08,4306.09,,4394.983411,,,NONE,,,,,False,,4378.258894,,,4448.08,4306.09,3.6615,0.3937,SELL,4450.964448,4302.314552,4376.6395,0.6767,15.95,KILL_ZONE
2026-03-24T07:41:12.366461+00:00,WTIcash-1,taipan,144385,M30,HOLD,NONE,NONE,0,1.0284367822091451,0,,,,,,,,,,,,,,,,,,90.79,91.25,90.73,91.01,91.370184,91.366019,0.004165,45.9396,92.39,88.92,,92.514546,,,NONE,,,,,False,,91.366019,,,92.39,88.92,3.3741,0.5105,SELL,93.147412,89.182588,91.165,0.4609,28.15,KILL_ZONE
2026-03-24T07:42:13.885456+00:00,XAUUSD,taipan,144385,M30,HOLD,NONE,NONE,0,38.77878264301236,0,,,,,,,,,,,,,,,,,,4412.47,4412.47,4401.37,4404.97,4383.396356,4378.455085,4.941271,55.3745,4448.08,4306.09,,4395.064195,,,NONE,,,,,False,,4378.455085,,,4448.08,4306.09,3.6615,0.422,SELL,4451.226275,4302.258725,4376.7425,0.6895,15.95,KILL_ZONE
2026-03-24T07:42:13.885456+00:00,WTIcash-1,taipan,144385,M30,HOLD,NONE,NONE,0,1.0284367822091451,0,,,,,,,,,,,,,,,,,,90.79,91.25,90.73,90.99,91.365739,91.364115,0.001624,45.7866,92.39,88.92,,92.513762,,,NONE,,,,,False,,91.364115,,,92.39,88.92,3.3741,0.5489,SELL,93.146761,89.181239,91.164,0.4561,28.15,KILL_ZONE
2026-03-24T07:43:15.436408+00:00,XAUUSD,taipan,144385,M30,HOLD,NONE,NONE,0,38.86949692872662,0,,,,,,,,,,,,,,,,,,4412.47,4412.47,4400.1,4403.56,4383.083023,4378.320799,4.762224,55.0644,4448.08,4306.09,,4395.008901,,,NONE,,,,,False,,4378.320799,,,4448.08,4306.09,3.653,0.4572,SELL,4451.045868,4302.298132,4376.672,0.6808,15.95,KILL_ZONE
2026-03-24T07:43:15.436408+00:00,WTIcash-1,taipan,144385,M30,HOLD,NONE,NONE,0,1.0284367822091451,0,,,,,,,,,,,,,,,,,,90.79,91.25,90.73,91.04,91.37685,91.368877,0.007973,46.1675,92.39,88.92,,92.515723,,,NONE,,,,,False,,91.368877,,,92.39,88.92,3.3741,0.5759,SELL,93.148464,89.184536,91.1665,0.4681,28.15,KILL_ZONE
2026-03-24T07:44:16.876187+00:00,XAUUSD,taipan,144385,M30,HOLD,NONE,NONE,0,38.86949692872662,0,,,,,,,,,,,,,,,,,,4412.47,4412.47,4400.1,4406.45,4383.725245,4378.596037,5.129208,55.7037,4448.08,4306.09,,4395.122235,,,NONE,,,,,False,,4378.596037,,,4448.08,4306.09,3.653,0.4909,SELL,4451.421199,4302.211801,4376.8165,0.6986,15.95,KILL_ZONE
2026-03-24T07:44:16.876187+00:00,WTIcash-1,taipan,144385,M30,HOLD,NONE,NONE,0,1.0284367822091451,0,,,,,,,,,,,,,,,,,,90.79,91.25,90.73,90.92,91.350184,91.357448,-0.007264,45.2442,92.39,88.92,,92.511017,,,NONE,,,,,False,,91.357448,,,92.39,88.92,3.3741,0.6149,SELL,93.144801,89.176199,91.1605,0.4394,28.15,KILL_ZONE
2026-03-24T07:45:18.821427+00:00,XAUUSD,taipan,144385,M30,HOLD,NONE,NONE,0,38.86949692872662,0,,,,,,,,,,,,,,,,,,4412.47,4412.47,4400.1,4406.47,4383.72969,4378.597942,5.131748,55.7082,4448.08,4306.09,,4395.123019,,,NONE,,,,,False,,4378.597942,,,4448.08,4306.09,3.653,0.5253,SELL,4451.423872,4302.211128,4376.8175,0.6987,15.95,KILL_ZONE
2026-03-24T07:45:18.821427+00:00,WTIcash-1,taipan,144385,M30,HOLD,NONE,NONE,0,1.0284367822091451,0,,,,,,,,,,,,,,,,,,90.79,91.25,90.73,90.98,91.363517,91.363162,0.000355,45.7098,92.39,88.92,,92.51337,,,NONE,,,,,False,,91.363162,,,92.39,88.92,3.3741,0.6501,SELL,93.146451,89.180549,91.1635,0.4537,28.15,KILL_ZONE
2026-03-24T07:46:20.282733+00:00,XAUUSD,taipan,144385,M30,HOLD,NONE,NONE,0,38.86949692872662,0,,,,,,,,,,,,,,,,,,4412.47,4412.47,4400.1,4403.12,4382.985245,4378.278894,4.706351,54.9683,4448.08,4306.09,,4394.991646,,,NONE,,,,,False,,4378.278894,,,4448.08,4306.09,3.653,0.5588,SELL,4450.990632,4302.309368,4376.65,0.678,15.95,KILL_ZONE
2026-03-24T07:46:20.282733+00:00,WTIcash-1,taipan,144385,M30,HOLD,NONE,NONE,0,1.0284367822091451,0,,,,,,,,,,,,,,,,,,90.79,91.25,90.73,90.9,91.345739,91.355543,-0.009804,45.0872,92.39,88.92,,92.510232,,,NONE,,,,,False,,91.355543,,,92.39,88.92,3.3741,0.6989,SELL,93.144332,89.174668,91.1595,0.4346,28.15,KILL_ZONE
2026-03-24T07:47:21.951809+00:00,XAUUSD,taipan,144385,M30,HOLD,NONE,NONE,0,38.86949692872662,0,,,,,,,,,,,,,,,,,,4412.47,4412.47,4400.1,4404.92,4383.385245,4378.450323,4.934922,55.3634,4448.08,4306.09,,4395.062235,,,NONE,,,,,False,,4378.450323,,,4448.08,4306.09,3.653,0.5919,SELL,4451.219789,4302.260211,4376.74,0.6892,15.95,KILL_ZONE
2026-03-24T07:47:21.951809+00:00,WTIcash-1,taipan,144385,M30,HOLD,NONE,NONE,0,1.0284367822091451,0,,,,,,,,,,,,,,,,,,90.79,91.25,90.73,90.93,91.352406,91.3584,-0.005994,45.3223,92.39,88.92,,92.511409,,,NONE,,,,,False,,91.3584,,,92.39,88.92,3.3741,0.7401,SELL,93.145051,89.176949,91.161,0.4418,28.15,KILL_ZONE
2026-03-24T07:48:23.462447+00:00,XAUUSD,taipan,144385,M30,HOLD,NONE,NONE,0,39.440211214440886,0,,,,,,,,,,,,,,,,,,4412.47,4420.46,4400.1,4420.46,4386.838579,4379.930323,6.908256,58.4513,4448.08,4306.09,,4395.671646,,,NONE,,,,,False,,4379.930323,,,4448.08,4306.09,3.6001,0.6267,SELL,4453.542808,4301.491192,4377.517,0.7824,15.95,KILL_ZONE
2026-03-24T07:48:23.462447+00:00,WTIcash-1,taipan,144385,M30,HOLD,NONE,NONE,0,1.0284367822091451,0,,,,,,,,,,,,,,,,,,90.79,91.25,90.73,90.86,91.33685,91.351734,-0.014884,44.7705,92.39,88.92,,92.508664,,,NONE,,,,,False,,91.351734,,,92.39,88.92,3.3741,0.7703,SELL,93.143513,89.171487,91.1575,0.4251,28.15,KILL_ZONE
2026-03-24T07:49:24.944017+00:00,XAUUSD,taipan,144385,M30,HOLD,NONE,NONE,0,39.77163978586948,0,,,,,,,,,,,,,,,,,,4412.47,4425.1,4400.1,4424.36,4387.705245,4380.301751,7.403494,59.0873,4448.08,4306.09,,4395.824588,,,NONE,,,,,False,,4380.301751,,,4448.08,4306.09,3.5701,0.6676,SELL,4454.220055,4301.203945,4377.712,0.8049,15.95,KILL_ZONE
2026-03-24T07:49:24.944017+00:00,WTIcash-1,taipan,144385,M30,HOLD,NONE,NONE,0,1.0284367822091451,0,,,,,,,,,,,,,,,,,,90.79,91.25,90.73,90.86,91.33685,91.351734,-0.014884,44.7705,92.39,88.92,,92.508664,,,NONE,,,,,False,,91.351734,,,92.39,88.92,3.3741,0.8103,SELL,93.143513,89.171487,91.1575,0.4251,28.15,KILL_ZONE
2026-03-24T07:50:26.605047+00:00,XAUUSD,taipan,144385,M30,HOLD,NONE,NONE,0,39.77163978586948,0,,,,,,,,,,,,,,,,,,4412.47,4425.1,4400.1,4419.64,4386.656356,4379.852228,6.804128,58.315,4448.08,4306.09,,4395.639489,,,NONE,,,,,False,,4379.852228,,,4448.08,4306.09,3.5701,0.7076,SELL,4453.405121,4301.546879,4377.476,0.7777,15.95,KILL_ZONE
2026-03-24T07:50:26.605047+00:00,WTIcash-1,taipan,144385,M30,HOLD,NONE,NONE,0,1.0334367822091457,0,,,,,,,,,,,,,,,,,,90.79,91.25,90.66,90.71,91.303517,91.337448,-0.033931,43.6801,92.39,88.92,,92.502781,,,NONE,,,,,False,,91.337448,,,92.39,88.92,3.3577,0.8529,SELL,93.141868,89.158132,91.15,0.3896,28.15,KILL_ZONE
2026-03-24T07:51:28.338007+00:00,XAUUSD,taipan,144385,M30,HOLD,NONE,NONE,0,39.77163978586948,0,,,,,,,,,,,,,,,,,,4412.47,4425.1,4400.1,4422.66,4387.327468,4380.139847,7.187621,58.8125,4448.08,4306.09,,4395.757921,,,NONE,,,,,False,,4380.139847,,,4448.08,4306.09,3.5701,0.7433,SELL,4453.920318,4301.333682,4377.627,0.7951,15.95,KILL_ZONE
2026-03-24T07:51:28.338007+00:00,WTIcash-1,taipan,144385,M30,HOLD,NONE,NONE,0,1.0448653536377168,0,,,,,,,,,,,,,,,,,,90.79,91.25,90.5,90.54,91.265739,91.321258,-0.055519,42.6336,92.39,88.92,,92.496115,,,NONE,,,,,False,,91.321258,,,92.39,88.92,3.321,0.9124,SELL,93.142703,89.140297,91.1415,0.3497,28.15,KILL_ZONE
2026-03-24T07:52:29.793965+00:00,XAUUSD,taipan,144385,M30,HOLD,NONE,NONE,0,39.77235407158372,0,,,,,,,,,,,,,,,,,,4412.47,4425.11,4400.1,4424.95,4387.836356,4380.357942,7.478414,59.1819,4448.08,4306.09,,4395.847725,,,NONE,,,,,False,,4380.357942,,,4448.08,4306.09,3.5701,0.7808,SELL,4454.325705,4301.157295,4377.7415,0.8082,15.95,KILL_ZONE
2026-03-24T07:52:29.793965+00:00,WTIcash-1,taipan,144385,M30,HOLD,NONE,NONE,0,1.055579639352003,0,,,,,,,,,,,,,,,,,,90.79,91.25,90.35,90.41,91.23685,91.308877,-0.072027,41.8666,92.39,88.92,,92.491017,,,NONE,,,,,False,,91.308877,,,92.39,88.92,3.2873,0.9912,SELL,93.145253,89.124747,91.135,0.3197,28.15,KILL_ZONE
2026-03-24T07:53:31.185352+00:00,XAUUSD,taipan,144385,M30,HOLD,NONE,NONE,0,40.311639785869446,0,,,,,,,,,,,,,,,,,,4412.47,4432.66,4400.1,4430.06,4388.971912,4380.844609,8.127303,59.9827,4448.08,4306.09,,4396.048117,,,NONE,,,,,False,,4380.844609,,,4448.08,4306.09,3.5223,0.819,SELL,4455.2753,4300.7187,4377.997,0.8369,16.16,KILL_ZONE
2026-03-24T07:53:31.185352+00:00,WTIcash-1,taipan,144385,M30,HOLD,NONE,NONE,0,1.0648653536377168,0,,,,,,,,,,,,,,,,,,90.79,91.25,90.22,90.28,91.207962,91.296496,-0.088534,41.1267,92.39,88.92,,92.485919,,,NONE,,,,,False,,91.296496,,,92.39,88.92,3.2586,1.0507,SELL,93.149435,89.107565,91.1285,0.2901,28.16,KILL_ZONE
2026-03-24T07:54:32.636148+00:00,XAUUSD,taipan,144385,M30,HOLD,NONE,NONE,0,40.311639785869446,0,,,,,,,,,,,,,,,,,,4412.47,4432.66,4400.1,4422.13,4387.20969,4380.08937,7.12032,58.7261,4448.08,4306.09,,4395.737137,,,NONE,,,,,False,,4380.08937,,,4448.08,4306.09,3.5223,0.8559,SELL,4453.828297,4301.372703,4377.6005,0.7921,16.16,KILL_ZONE
2026-03-24T07:54:32.636148+00:00,WTIcash-1,taipan,144385,M30,HOLD,NONE,NONE,0,1.0705796393520024,0,,,,,,,,,,,,,,,,,,90.79,91.25,90.14,90.21,91.192406,91.289829,-0.097423,40.7391,92.39,88.92,,92.483174,,,NONE,,,,,False,,91.289829,,,92.39,88.92,3.2412,1.1063,SELL,93.152355,89.097645,91.125,0.2743,28.22,KILL_ZONE
2026-03-24T07:55:34.074153+00:00,XAUUSD,taipan,144385,M30,HOLD,NONE,NONE,0,40.311639785869446,0,,,,,,,,,,,,,,,,,,4412.47,4432.66,4400.1,4420.54,4386.856356,4379.937942,6.918414,58.4645,4448.08,4306.09,,4395.674784,,,NONE,,,,,False,,4379.937942,,,4448.08,4306.09,3.5223,0.893,SELL,4453.556329,4301.485671,4377.521,0.7829,16.16,KILL_ZONE
2026-03-24T07:55:34.074153+00:00,WTIcash-1,taipan,144385,M30,HOLD,NONE,NONE,0,1.0734367822091457,0,,,,,,,,,,,,,,,,,,90.79,91.25,90.1,90.12,91.172406,91.281258,-0.108852,40.2512,92.39,88.92,,92.479644,,,NONE,,,,,False,,91.281258,,,92.39,88.92,3.2326,1.159,SELL,93.156786,89.084214,91.1205,0.2543,28.25,KILL_ZONE
2026-03-24T07:56:35.632518+00:00,XAUUSD,taipan,144385,M30,HOLD,NONE,NONE,0,40.311639785869446,0,,,,,,,,,,,,,,,,,,4412.47,4432.66,4400.1,4424.36,4387.705245,4380.301751,7.403494,59.0873,4448.08,4306.09,,4395.824588,,,NONE,,,,,False,,4380.301751,,,4448.08,4306.09,3.5223,0.9281,SELL,4454.220055,4301.203945,4377.712,0.8049,16.16,KILL_ZONE
2026-03-24T07:56:35.632518+00:00,WTIcash-1,taipan,144385,M30,HOLD,NONE,NONE,0,1.0734367822091457,0,,,,,,,,,,,,,,,,,,90.79,91.25,90.1,90.24,91.199073,91.292686,-0.093613,40.9043,92.39,88.92,,92.48435,,,NONE,,,,,False,,91.292686,,,92.39,88.92,3.2326,1.2114,SELL,93.151047,89.101953,91.1265,0.2811,28.25,KILL_ZONE
2026-03-24T07:57:37.245194+00:00,XAUUSD,taipan,144385,M30,HOLD,NONE,NONE,0,40.311639785869446,0,,,,,,,,,,,,,,,,,,4412.47,4432.66,4400.1,4417.07,4386.085245,4379.607466,6.477779,57.8821,4448.08,4306.09,,4395.538705,,,NONE,,,,,False,,4379.607466,,,4448.08,4306.09,3.5223,0.9637,SELL,4452.984306,4301.710694,4377.3475,0.7626,16.16,KILL_ZONE
2026-03-24T07:57:37.245194+00:00,WTIcash-1,taipan,144385,M30,HOLD,NONE,NONE,0,1.0834367822091457,0,,,,,,,,,,,,,,,,,,90.79,91.25,89.96,90.15,91.179073,91.284115,-0.105042,40.4125,92.39,88.92,,92.480821,,,NONE,,,,,False,,91.284115,,,92.39,88.92,3.2028,1.2774,SELL,93.155225,89.088775,91.122,0.261,28.35,KILL_ZONE
2026-03-24T07:58:38.834063+00:00,XAUUSD,taipan,144385,M30,HOLD,NONE,NONE,0,40.311639785869446,0,,,,,,,,,,,,,,,,,,4412.47,4432.66,4400.1,4418.13,4386.320801,4379.708418,6.612383,58.0618,4448.08,4306.09,,4395.580274,,,NONE,,,,,False,,4379.708418,,,4448.08,4306.09,3.5223,0.9968,SELL,4453.155896,4301.645104,4377.4005,0.7688,16.16,KILL_ZONE
2026-03-24T07:58:38.834063+00:00,WTIcash-1,taipan,144385,M30,HOLD,NONE,NONE,0,1.0927224964948599,0,,,,,,,,,,,,,,,,,,90.79,91.25,89.83,89.97,91.139073,91.266972,-0.127899,39.4636,92.39,88.92,,92.473762,,,NONE,,,,,False,,91.266972,,,92.39,88.92,3.1756,1.3609,SELL,93.16584,89.06016,91.113,0.2216,28.45,KILL_ZONE
2026-03-24T07:59:40.536540+00:00,XAUUSD,taipan,144385,M30,HOLD,NONE,NONE,0,40.311639785869446,0,,,,,,,,,,,,,,,,,,4412.47,4432.66,4400.1,4418.96,4386.505245,4379.787466,6.717779,58.2014,4448.08,4306.09,,4395.612823,,,NONE,,,,,False,,4379.787466,,,4448.08,4306.09,3.5223,1.0305,SELL,4453.292192,4301.591808,4377.442,0.7737,16.16,KILL_ZONE
2026-03-24T07:59:40.536540+00:00,WTIcash-1,taipan,144385,M30,HOLD,NONE,NONE,0,1.0934367822091458,0,,,,,,,,,,,,,,,,,,90.79,91.25,89.82,89.85,91.112406,91.255543,-0.143137,38.8554,92.39,88.92,,92.469056,,,NONE,,,,,False,,91.255543,,,92.39,88.92,3.1735,1.4241,SELL,93.174555,89.039445,91.107,0.196,28.46,KILL_ZONE
2026-03-24T08:00:42.309265+00:00,XAUUSD,taipan,144385,M30,HOLD,NONE,NONE,0,38.52009431923236,0,,,,,,,,,,,,,,,,,,4417.16,4417.16,4402.25,4406.79,4390.757166,4382.231607,8.525559,55.3798,4448.08,4306.09,,4395.995876,,,NONE,,,,,False,,4382.231607,,,4448.08,4306.09,3.6861,0.0323,SELL,4451.951348,4302.018652,4376.985,0.6988,15.75,KILL_ZONE
2026-03-24T08:00:42.309265+00:00,WTIcash-1,taipan,144385,M30,HOLD,NONE,NONE,0,1.0408953915886314,0,,,,,,,,,,,,,,,,,,89.89,90.16,89.88,90.01,90.86397,91.135197,-0.271227,40.2399,92.39,88.92,,92.371815,,,NONE,,,,,False,,91.135197,,,92.39,88.92,3.3337,0.0754,SELL,93.14654,89.10146,91.124,0.2246,28.83,KILL_ZONE
2026-03-24T08:01:44.022197+00:00,XAUUSD,taipan,144385,M30,HOLD,NONE,NONE,0,38.52009431923236,0,,,,,,,,,,,,,,,,,,4417.16,4417.16,4402.25,4403.78,4390.088277,4381.944941,8.143336,54.6963,4448.08,4306.09,,4395.877837,,,NONE,,,,,False,,4381.944941,,,4448.08,4306.09,3.6861,0.0753,SELL,4451.56061,4302.10839,4376.8345,0.6803,15.75,KILL_ZONE
2026-03-24T08:01:44.022197+00:00,WTIcash-1,taipan,144385,M30,HOLD,NONE,NONE,0,1.0408953915886314,0,,,,,,,,,,,,,,,,,,89.89,90.16,89.88,89.99,90.859526,91.133292,-0.273766,40.0785,92.39,88.92,,92.371031,,,NONE,,,,,False,,91.133292,,,92.39,88.92,3.3337,0.138,SELL,93.147878,89.098122,91.123,0.2202,28.83,KILL_ZONE
2026-03-24T08:02:45.748344+00:00,XAUUSD,taipan,144385,M30,HOLD,NONE,NONE,0,38.52009431923236,0,,,,,,,,,,,,,,,,,,4417.16,4417.16,4402.25,4409.16,4391.283833,4382.457322,8.826511,55.9302,4448.08,4306.09,,4396.088817,,,NONE,,,,,False,,4382.457322,,,4448.08,4306.09,3.6861,0.1162,SELL,4452.27543,4301.93157,4377.1035,0.7132,15.75,KILL_ZONE
2026-03-24T08:02:45.748344+00:00,WTIcash-1,taipan,144385,M30,HOLD,NONE,NONE,0,1.0423239630172028,0,,,,,,,,,,,,,,,,,,89.89,90.16,89.81,89.97,90.855081,91.131387,-0.276306,39.9163,92.39,88.92,,92.370247,,,NONE,,,,,False,,91.131387,,,92.39,88.92,3.3291,0.2189,SELL,93.149252,89.094748,91.122,0.2159,28.83,KILL_ZONE
2026-03-24T08:03:47.268320+00:00,XAUUSD,taipan,144385,M30,HOLD,NONE,NONE,0,38.52009431923236,0,,,,,,,,,,,,,,,,,,4417.16,4417.16,4402.25,4410.94,4391.679388,4382.626845,9.052543,56.3507,4448.08,4306.09,,4396.158621,,,NONE,,,,,False,,4382.626845,,,4448.08,4306.09,3.6861,0.1556,SELL,4452.52827,4301.85673,4377.1925,0.724,15.75,KILL_ZONE
2026-03-24T08:03:47.268320+00:00,WTIcash-1,taipan,144385,M30,HOLD,NONE,NONE,0,1.0423239630172028,0,,,,,,,,,,,,,,,,,,89.89,90.16,89.81,90.09,90.881748,91.142816,-0.261068,40.8766,92.39,88.92,,92.374952,,,NONE,,,,,False,,91.142816,,,92.39,88.92,3.3291,0.2908,SELL,93.14156,89.11444,91.128,0.2422,28.83,KILL_ZONE
2026-03-24T08:04:48.973001+00:00,XAUUSD,taipan,144385,M30,HOLD,NONE,NONE,0,38.52009431923236,0,,,,,,,,,,,,,,,,,,4417.16,4417.16,4402.25,4407.52,4390.919388,4382.301131,8.618257,55.5482,4448.08,4306.09,,4396.024504,,,NONE,,,,,False,,4382.301131,,,4448.08,4306.09,3.6861,0.1958,SELL,4452.049635,4301.993365,4377.0215,0.7032,15.75,KILL_ZONE
2026-03-24T08:04:48.973001+00:00,WTIcash-1,taipan,144385,M30,HOLD,NONE,NONE,0,1.0423239630172028,0,,,,,,,,,,,,,,,,,,89.89,90.16,89.81,89.84,90.826192,91.119006,-0.292814,38.8402,92.39,88.92,,92.365149,,,NONE,,,,,False,,91.119006,,,92.39,88.92,3.3291,0.377,SELL,93.159072,89.071928,91.1155,0.1879,28.83,KILL_ZONE
2026-03-24T08:05:51.727570+00:00,XAUUSD,taipan,144385,M30,HOLD,NONE,NONE,0,38.52009431923236,0,,,,,,,,,,,,,,,,,,4417.16,4417.16,4402.25,4410.98,4391.688277,4382.630655,9.057622,56.3603,4448.08,4306.09,,4396.16019,,,NONE,,,,,False,,4382.630655,,,4448.08,4306.09,3.6861,0.2351,SELL,4452.534044,4301.854956,4377.1945,0.7242,15.75,KILL_ZONE
2026-03-24T08:05:51.727570+00:00,WTIcash-1,taipan,144385,M30,HOLD,NONE,NONE,0,1.0466096773029172,0,,,,,,,,,,,,,,,,,,89.89,90.16,89.75,89.81,90.819526,91.116149,-0.296623,38.6492,92.39,88.92,,92.363972,,,NONE,,,,,False,,91.116149,,,92.39,88.92,3.3155,0.4724,SELL,93.161555,89.066445,91.114,0.1816,28.86,KILL_ZONE
2026-03-24T08:06:53.287160+00:00,XAUUSD,taipan,144385,M30,HOLD,NONE,NONE,0,38.570808604946656,0,,,,,,,,,,,,,,,,,,4417.16,4418.19,4402.25,4417.66,4393.172722,4383.266845,9.905877,57.9847,4448.08,4306.09,,4396.422151,,,NONE,,,,,False,,4383.266845,,,4448.08,4306.09,3.6813,0.2744,SELL,4453.554795,4301.502205,4377.5285,0.7639,15.75,KILL_ZONE
2026-03-24T08:06:53.287160+00:00,WTIcash-1,taipan,144385,M30,HOLD,NONE,NONE,0,1.0487525344457744,0,,,,,,,,,,,,,,,,,,89.89,90.16,89.72,89.9,90.839526,91.124721,-0.285195,39.3417,92.39,88.92,,92.367501,,,NONE,,,,,False,,91.124721,,,92.39,88.92,3.3087,0.5633,SELL,93.15435,89.08265,91.1185,0.2007,28.88,KILL_ZONE
2026-03-24T08:07:54.790581+00:00,XAUUSD,taipan,144385,M30,HOLD,NONE,NONE,0,38.570808604946656,0,,,,,,,,,,,,,,,,,,4417.16,4418.19,4402.25,4411.25,4391.748277,4382.656369,9.091908,56.4246,4448.08,4306.09,,4396.170778,,,NONE,,,,,False,,4382.656369,,,4448.08,4306.09,3.6813,0.3143,SELL,4452.573127,4301.842873,4377.208,0.7258,15.75,KILL_ZONE
2026-03-24T08:07:54.790581+00:00,WTIcash-1,taipan,144385,M30,HOLD,NONE,NONE,0,1.0487525344457744,0,,,,,,,,,,,,,,,,,,89.89,90.16,89.72,90.03,90.868415,91.137102,-0.268687,40.4003,92.39,88.92,,92.372599,,,NONE,,,,,False,,91.137102,,,92.39,88.92,3.3087,0.6319,SELL,93.14524,89.10476,91.125,0.229,28.88,KILL_ZONE
2026-03-24T08:08:56.512370+00:00,XAUUSD,taipan,144385,M30,HOLD,NONE,NONE,0,38.570808604946656,0,,,,,,,,,,,,,,,,,,4417.16,4418.19,4402.25,4412.67,4392.063833,4382.791607,9.272226,56.7656,4448.08,4306.09,,4396.226465,,,NONE,,,,,False,,4382.791607,,,4448.08,4306.09,3.6813,0.3536,SELL,4452.78171,4301.77629,4377.279,0.7344,15.75,KILL_ZONE
2026-03-24T08:08:56.512370+00:00,WTIcash-1,taipan,144385,M30,HOLD,NONE,NONE,0,1.0487525344457744,0,,,,,,,,,,,,,,,,,,89.89,90.16,89.72,90.08,90.879526,91.141863,-0.262337,40.7978,92.39,88.92,,92.37456,,,NONE,,,,,False,,91.141863,,,92.39,88.92,3.3087,0.6955,SELL,93.14215,89.11285,91.1275,0.24,28.88,KILL_ZONE
2026-03-24T08:09:58.274240+00:00,XAUUSD,taipan,144385,M30,HOLD,NONE,NONE,0,38.570808604946656,0,,,,,,,,,,,,,,,,,,4417.16,4418.19,4402.25,4412.64,4392.057166,4382.78875,9.268416,56.7583,4448.08,4306.09,,4396.225288,,,NONE,,,,,False,,4382.78875,,,4448.08,4306.09,3.6813,0.3886,SELL,4452.77725,4301.77775,4377.2775,0.7342,15.75,KILL_ZONE
2026-03-24T08:09:58.274240+00:00,WTIcash-1,taipan,144385,M30,HOLD,NONE,NONE,0,1.0508953915886317,0,,,,,,,,,,,,,,,,,,89.89,90.19,89.72,90.04,90.870637,91.138054,-0.267417,40.4803,92.39,88.92,,92.372992,,,NONE,,,,,False,,91.138054,,,92.39,88.92,3.3019,0.7551,SELL,93.144603,89.106397,91.1255,0.2312,28.88,KILL_ZONE
2026-03-24T08:10:59.949943+00:00,XAUUSD,taipan,144385,M30,HOLD,NONE,NONE,0,38.570808604946656,0,,,,,,,,,,,,,,,,,,4417.16,4418.19,4402.25,4411.3,4391.759388,4382.661131,9.098257,56.4366,4448.08,4306.09,,4396.172739,,,NONE,,,,,False,,4382.661131,,,4448.08,4306.09,3.6813,0.4268,SELL,4452.580385,4301.840615,4377.2105,0.7261,15.75,KILL_ZONE
2026-03-24T08:10:59.949943+00:00,WTIcash-1,taipan,144385,M30,HOLD,NONE,NONE,0,1.0508953915886317,0,,,,,,,,,,,,,,,,,,89.89,90.19,89.72,90.0,90.861748,91.134244,-0.272496,40.1593,92.39,88.92,,92.371423,,,NONE,,,,,False,,91.134244,,,92.39,88.92,3.3019,0.8099,SELL,93.147205,89.099795,91.1235,0.2224,28.88,KILL_ZONE
2026-03-24T08:12:01.862387+00:00,XAUUSD,taipan,144385,M30,HOLD,NONE,NONE,0,38.570808604946656,0,,,,,,,,,,,,,,,,,,4417.16,4418.19,4402.25,4415.4,4392.670499,4383.051607,9.618892,57.4328,4448.08,4306.09,,4396.333523,,,NONE,,,,,False,,4383.051607,,,4448.08,4306.09,3.6813,0.4655,SELL,4453.196967,4301.634033,4377.4155,0.7506,15.75,KILL_ZONE
2026-03-24T08:12:01.862387+00:00,WTIcash-1,taipan,144385,M30,HOLD,NONE,NONE,0,1.0508953915886317,0,,,,,,,,,,,,,,,,,,89.89,90.19,89.72,89.89,90.837303,91.123768,-0.286465,39.2587,92.39,88.92,,92.367109,,,NONE,,,,,False,,91.123768,,,92.39,88.92,3.3019,0.8557,SELL,93.155115,89.080885,91.118,0.1986,28.88,KILL_ZONE
2026-03-24T08:13:03.542989+00:00,XAUUSD,taipan,144385,M30,HOLD,NONE,NONE,0,38.60866574780384,0,,,,,,,,,,,,,,,,,,4417.16,4418.72,4402.25,4418.71,4393.406055,4383.366845,10.03921,58.1753,4448.08,4306.09,,4396.463327,,,NONE,,,,,False,,4383.366845,,,4448.08,4306.09,3.6777,0.5009,SELL,4453.725339,4301.436661,4377.581,0.7701,15.75,KILL_ZONE
2026-03-24T08:13:03.542989+00:00,WTIcash-1,taipan,144385,M30,HOLD,NONE,NONE,0,1.0508953915886317,0,,,,,,,,,,,,,,,,,,89.89,90.19,89.72,90.0,90.861748,91.134244,-0.272496,40.1593,92.39,88.92,,92.371423,,,NONE,,,,,False,,91.134244,,,92.39,88.92,3.3019,0.9126,SELL,93.147205,89.099795,91.1235,0.2224,28.88,KILL_ZONE
2026-03-24T08:14:05.297843+00:00,XAUUSD,taipan,144385,M30,HOLD,NONE,NONE,0,38.76866574780383,0,,,,,,,,,,,,,,,,,,4417.16,4420.96,4402.25,4415.62,4392.719388,4383.07256,9.646828,57.4873,4448.08,4306.09,,4396.342151,,,NONE,,,,,False,,4383.07256,,,4448.08,4306.09,3.6625,0.5402,SELL,4453.231243,4301.621757,4377.4265,0.7519,15.75,KILL_ZONE
2026-03-24T08:14:05.297843+00:00,WTIcash-1,taipan,144385,M30,HOLD,NONE,NONE,0,1.0508953915886317,0,,,,,,,,,,,,,,,,,,89.89,90.19,89.72,89.92,90.84397,91.126625,-0.282655,39.507,92.39,88.92,,92.368286,,,NONE,,,,,False,,91.126625,,,92.39,88.92,3.3019,0.9579,SELL,93.152848,89.086152,91.1195,0.205,28.88,KILL_ZONE
2026-03-24T08:15:06.931276+00:00,XAUUSD,taipan,144385,M30,HOLD,NONE,NONE,0,38.76866574780383,0,,,,,,,,,,,,,,,,,,4417.16,4420.96,4402.25,4413.73,4392.299388,4382.89256,9.406828,57.0228,4448.08,4306.09,,4396.268033,,,NONE,,,,,False,,4382.89256,,,4448.08,4306.09,3.6625,0.5768,SELL,4452.940726,4301.723274,4377.332,0.7407,15.75,KILL_ZONE
2026-03-24T08:15:06.931276+00:00,WTIcash-1,taipan,144385,M30,HOLD,NONE,NONE,0,1.0508953915886317,0,,,,,,,,,,,,,,,,,,89.89,90.19,89.72,89.88,90.835081,91.122816,-0.287735,39.1754,92.39,88.92,,92.366717,,,NONE,,,,,False,,91.122816,,,92.39,88.92,3.3019,1.0374,SELL,93.155888,89.079112,91.1175,0.1965,28.88,KILL_ZONE
2026-03-24T08:16:08.692423+00:00,XAUUSD,taipan,144385,M30,HOLD,NONE,NONE,0,38.76866574780383,0,,,,,,,,,,,,,,,,,,4417.16,4420.96,4402.25,4410.32,4391.541611,4382.567798,8.973813,56.2035,4448.08,4306.09,,4396.134308,,,NONE,,,,,False,,4382.567798,,,4448.08,4306.09,3.6625,0.6137,SELL,4452.439287,4301.883713,4377.1615,0.7202,15.75,KILL_ZONE
2026-03-24T08:16:08.692423+00:00,WTIcash-1,taipan,144385,M30,HOLD,NONE,NONE,0,1.0508953915886317,0,,,,,,,,,,,,,,,,,,89.89,90.19,89.72,89.78,90.812859,91.113292,-0.300433,38.4904,92.39,88.92,,92.362796,,,NONE,,,,,False,,91.113292,,,92.39,88.92,3.3019,1.0932,SELL,93.164117,89.060883,91.1125,0.1753,28.88,KILL_ZONE
2026-03-24T08:17:10.654991+00:00,XAUUSD,taipan,144385,M30,HOLD,NONE,NONE,0,38.76866574780383,0,,,,,,,,,,,,,,,,,,4417.16,4420.96,4402.25,4405.63,4390.499388,4382.121131,8.378257,55.1144,4448.08,4306.09,,4395.950386,,,NONE,,,,,False,,4382.121131,,,4448.08,4306.09,3.6625,0.6486,SELL,4451.79799,4302.05601,4376.927,0.6917,15.75,KILL_ZONE
2026-03-24T08:17:10.654991+00:00,WTIcash-1,taipan,144385,M30,HOLD,NONE,NONE,0,1.0658953915886311,0,,,,,,,,,,,,,,,,,,89.89,90.19,89.51,89.59,90.770637,91.095197,-0.32456,37.5138,92.39,88.92,,92.355345,,,NONE,,,,,False,,91.095197,,,92.39,88.92,3.2555,1.164,SELL,93.182171,89.023829,91.103,0.1362,29.03,KILL_ZONE
2026-03-24T08:18:12.449393+00:00,XAUUSD,taipan,144385,M30,HOLD,NONE,NONE,0,38.76866574780383,0,,,,,,,,,,,,,,,,,,4417.16,4420.96,4402.25,4408.06,4391.039388,4382.35256,8.686828,55.6734,4448.08,4306.09,,4396.04568,,,NONE,,,,,False,,4382.35256,,,4448.08,4306.09,3.6625,0.6814,SELL,4452.123221,4301.973779,4377.0485,0.7065,15.75,KILL_ZONE
2026-03-24T08:18:12.449393+00:00,WTIcash-1,taipan,144385,M30,HOLD,NONE,NONE,0,1.0658953915886311,0,,,,,,,,,,,,,,,,,,89.89,90.19,89.51,89.63,90.779526,91.099006,-0.31948,37.7152,92.39,88.92,,92.356913,,,NONE,,,,,False,,91.099006,,,92.39,88.92,3.2555,1.2225,SELL,93.178111,89.031889,91.105,0.1443,29.03,KILL_ZONE
2026-03-24T08:19:14.171832+00:00,XAUUSD,taipan,144385,M30,HOLD,NONE,NONE,0,38.777237176375245,0,,,,,,,,,,,,,,,,,,4417.16,4420.96,4402.13,4402.16,4389.728277,4381.790655,7.937622,54.3354,4448.08,4306.09,,4395.814308,,,NONE,,,,,False,,4381.790655,,,4448.08,4306.09,3.6617,0.7192,SELL,4451.360046,4302.146954,4376.7535,0.6703,15.75,KILL_ZONE
2026-03-24T08:19:14.171832+00:00,WTIcash-1,taipan,144385,M30,HOLD,NONE,NONE,0,1.0658953915886311,0,,,,,,,,,,,,,,,,,,89.89,90.19,89.51,89.96,90.852859,91.130435,-0.277576,39.8349,92.39,88.92,,92.369854,,,NONE,,,,,False,,91.130435,,,92.39,88.92,3.2555,1.2932,SELL,93.149953,89.093047,91.1215,0.2137,29.03,KILL_ZONE
2026-03-24T08:20:16.032701+00:00,XAUUSD,taipan,144385,M30,HOLD,NONE,NONE,0,38.830808604946675,0,,,,,,,,,,,,,,,,,,4417.16,4420.96,4401.38,4401.77,4389.641611,4381.753512,7.888099,54.2492,4448.08,4306.09,,4395.799014,,,NONE,,,,,False,,4381.753512,,,4448.08,4306.09,3.6566,0.7527,SELL,4451.312784,4302.155216,4376.734,0.6678,15.75,KILL_ZONE
2026-03-24T08:20:16.032701+00:00,WTIcash-1,taipan,144385,M30,HOLD,NONE,NONE,0,1.0808953915886317,0,,,,,,,,,,,,,,,,,,89.89,90.4,89.51,90.4,90.950637,91.17234,-0.221703,43.2208,92.39,88.92,,92.387109,,,NONE,,,,,False,,91.17234,,,92.39,88.92,3.2103,1.3633,SELL,93.12798,89.15902,91.1435,0.3127,29.03,KILL_ZONE
2026-03-24T08:21:17.723273+00:00,XAUUSD,taipan,144385,M30,HOLD,NONE,NONE,0,39.311522890660996,0,,,,,,,,,,,,,,,,,,4417.16,4420.96,4394.65,4398.41,4388.894944,4381.433512,7.461432,53.5179,4448.08,4306.09,,4395.667249,,,NONE,,,,,False,,4381.433512,,,4448.08,4306.09,3.6119,0.7888,SELL,4450.922127,4302.209873,4376.566,0.6469,15.56,KILL_ZONE
2026-03-24T08:21:17.723273+00:00,WTIcash-1,taipan,144385,M30,HOLD,NONE,NONE,0,1.083038248731489,0,,,,,,,,,,,,,,,,,,89.89,90.43,89.51,90.35,90.939526,91.167578,-0.228052,42.8554,92.39,88.92,,92.385149,,,NONE,,,,,False,,91.167578,,,92.39,88.92,3.2039,1.4297,SELL,93.129545,89.152455,91.141,0.3011,29.03,KILL_ZONE
2026-03-24T08:22:19.427654+00:00,XAUUSD,taipan,144385,M30,HOLD,NONE,NONE,0,39.311522890660996,0,,,,,,,,,,,,,,,,,,4417.16,4420.96,4394.65,4397.19,4388.623833,4381.317322,7.306511,53.2572,4448.08,4306.09,,4395.619406,,,NONE,,,,,False,,4381.317322,,,4448.08,4306.09,3.6119,0.8236,SELL,4450.787639,4302.222361,4376.505,0.6392,15.56,KILL_ZONE
2026-03-24T08:22:19.427654+00:00,WTIcash-1,taipan,144385,M30,HOLD,NONE,NONE,0,1.085181105874345,0,,,,,,,,,,,,,,,,,,89.89,90.46,89.51,90.31,90.930637,91.163768,-0.233131,42.5596,92.39,88.92,,92.38358,,,NONE,,,,,False,,91.163768,,,92.39,88.92,3.1976,1.493,SELL,93.130972,89.147028,91.139,0.2919,29.03,KILL_ZONE
2026-03-24T08:23:21.160105+00:00,XAUUSD,taipan,144385,M30,HOLD,NONE,NONE,0,39.325808604946694,0,,,,,,,,,,,,,,,,,,4417.16,4420.96,4394.45,4398.69,4388.957166,4381.460179,7.496987,53.5781,4448.08,4306.09,,4395.678229,,,NONE,,,,,False,,4381.460179,,,4448.08,4306.09,3.6106,0.8586,SELL,4450.953548,4302.206452,4376.58,0.6486,15.56,KILL_ZONE
2026-03-24T08:23:21.160105+00:00,WTIcash-1,taipan,144385,M30,HOLD,NONE,NONE,0,1.085181105874345,0,,,,,,,,,,,,,,,,,,89.89,90.46,89.51,90.21,90.908415,91.154244,-0.245829,41.8067,92.39,88.92,,92.379658,,,NONE,,,,,False,,91.154244,,,92.39,88.92,3.1976,1.5356,SELL,93.135214,89.132786,91.134,0.2691,29.03,KILL_ZONE
2026-03-24T08:24:22.852075+00:00,XAUUSD,taipan,144385,M30,HOLD,NONE,NONE,0,39.325808604946694,0,,,,,,,,,,,,,,,,,,4417.16,4420.96,4394.45,4399.33,4389.099388,4381.521131,7.578257,53.7162,4448.08,4306.09,,4395.703327,,,NONE,,,,,False,,4381.521131,,,4448.08,4306.09,3.6106,0.8941,SELL,4451.026143,4302.197857,4376.612,0.6526,15.56,KILL_ZONE
2026-03-24T08:24:22.852075+00:00,WTIcash-1,taipan,144385,M30,HOLD,NONE,NONE,0,1.085181105874345,0,,,,,,,,,,,,,,,,,,89.89,90.46,89.51,90.24,90.915081,91.157102,-0.242021,42.0346,92.39,88.92,,92.380835,,,NONE,,,,,False,,91.157102,,,92.39,88.92,3.1976,1.5942,SELL,93.133841,89.137159,91.1355,0.2759,29.03,KILL_ZONE
2026-03-24T08:25:24.592038+00:00,XAUUSD,taipan,144385,M30,HOLD,NONE,NONE,0,39.501522890660986,0,,,,,,,,,,,,,,,,,,4417.16,4420.96,4391.99,4393.91,4387.894944,4381.004941,6.890003,52.5688,4448.08,4306.09,,4395.490778,,,NONE,,,,,False,,4381.004941,,,4448.08,4306.09,3.5945,0.9311,SELL,4450.445622,4302.236378,4376.341,0.6185,15.47,KILL_ZONE
2026-03-24T08:25:24.592038+00:00,WTIcash-1,taipan,144385,M30,HOLD,NONE,NONE,0,1.0880382487314884,0,,,,,,,,,,,,,,,,,,89.89,90.5,89.51,90.42,90.955081,91.174244,-0.219163,43.3657,92.39,88.92,,92.387894,,,NONE,,,,,False,,91.174244,,,92.39,88.92,3.1892,1.6533,SELL,93.127422,89.161578,91.1445,0.3173,29.03,KILL_ZONE
2026-03-24T08:26:26.275442+00:00,XAUUSD,taipan,144385,M30,HOLD,NONE,NONE,0,39.53366574780383,0,,,,,,,,,,,,,,,,,,4417.16,4420.96,4391.54,4393.5,4387.803833,4380.965893,6.83794,52.484,4448.08,4306.09,,4395.4747,,,NONE,,,,,False,,4380.965893,,,4448.08,4306.09,3.5916,0.9677,SELL,4450.404882,4302.236118,4376.3205,0.6159,15.46,KILL_ZONE
2026-03-24T08:26:26.275442+00:00,WTIcash-1,taipan,144385,M30,HOLD,NONE,NONE,0,1.1037525344457741,0,,,,,,,,,,,,,,,,,,89.89,90.72,89.51,90.71,91.019526,91.201863,-0.182337,45.3863,92.39,88.92,,92.399266,,,NONE,,,,,False,,91.201863,,,92.39,88.92,3.1438,1.7319,SELL,93.123773,89.194227,91.159,0.3857,29.03,KILL_ZONE
2026-03-24T08:27:27.967294+00:00,XAUUSD,taipan,144385,M30,HOLD,NONE,NONE,0,39.54866574780383,0,,,,,,,,,,,,,,,,,,4417.16,4420.96,4391.33,4392.79,4387.646055,4380.898274,6.747781,52.3378,4448.08,4306.09,,4395.446857,,,NONE,,,,,False,,4380.898274,,,4448.08,4306.09,3.5903,0.9992,SELL,4450.335393,4302.234607,4376.285,0.6114,15.45,KILL_ZONE
2026-03-24T08:27:27.967294+00:00,WTIcash-1,taipan,144385,M30,HOLD,NONE,NONE,0,1.1144668201600603,0,,,,,,,,,,,,,,,,,,89.89,90.87,89.51,90.85,91.050637,91.215197,-0.16456,46.311,92.39,88.92,,92.404756,,,NONE,,,,,False,,91.215197,,,92.39,88.92,3.1136,1.802,SELL,93.125027,89.206973,91.166,0.4193,29.03,KILL_ZONE
2026-03-24T08:28:29.617946+00:00,XAUUSD,taipan,144385,M30,HOLD,NONE,NONE,0,39.54866574780383,0,,,,,,,,,,,,,,,,,,4417.16,4420.96,4391.33,4394.72,4388.074944,4381.082083,6.992861,52.7372,4448.08,4306.09,,4395.522543,,,NONE,,,,,False,,4381.082083,,,4448.08,4306.09,3.5903,1.03,SELL,4450.527425,4302.235575,4376.3815,0.6237,15.45,KILL_ZONE
2026-03-24T08:28:29.617946+00:00,WTIcash-1,taipan,144385,M30,HOLD,NONE,NONE,0,1.1273239630172025,0,,,,,,,,,,,,,,,,,,89.89,91.05,89.51,91.05,91.095081,91.234244,-0.139163,47.579,92.39,88.92,,92.412599,,,NONE,,,,,False,,91.234244,,,92.39,88.92,3.0781,1.8841,SELL,93.130271,89.221729,91.176,0.4678,29.03,KILL_ZONE
2026-03-24T08:29:31.377668+00:00,XAUUSD,taipan,144385,M30,HOLD,NONE,NONE,0,39.54866574780383,0,,,,,,,,,,,,,,,,,,4417.16,4420.96,4391.33,4395.05,4388.148277,4381.113512,7.034765,52.8061,4448.08,4306.09,,4395.535484,,,NONE,,,,,False,,4381.113512,,,4448.08,4306.09,3.5903,1.061,SELL,4450.561253,4302.234747,4376.398,0.6257,15.45,KILL_ZONE
2026-03-24T08:29:31.377668+00:00,WTIcash-1,taipan,144385,M30,HOLD,NONE,NONE,0,1.1280382487314886,0,,,,,,,,,,,,,,,,,,89.89,91.06,89.51,90.93,91.068415,91.222816,-0.154401,46.8255,92.39,88.92,,92.407894,,,NONE,,,,,False,,91.222816,,,92.39,88.92,3.0761,1.9928,SELL,93.126635,89.213365,91.17,0.4387,29.03,KILL_ZONE
2026-03-24T08:30:33.064073+00:00,XAUUSD,taipan,144385,M30,HOLD,NONE,NONE,0,37.07590341357688,0,,,,,,,,,,,,,,,,,,4396.65,4396.65,4391.76,4393.97,4389.72545,4382.479255,7.246195,52.5379,4448.08,4306.09,,4395.537134,,,NONE,,,,,False,,4382.479255,,,4448.08,4306.09,3.8297,0.0193,SELL,4445.804634,4303.881366,4374.843,0.6348,14.8,KILL_ZONE
2026-03-24T08:30:33.064073+00:00,WTIcash-1,taipan,144385,M30,SELL,EMA_PULLBACK,EMA_PULLBACK,0.8,1.064606953245266,0,,,,,,,,,,,,,,,,,,90.87,90.98,90.74,90.82,91.008026,91.181867,-0.173841,46.1557,92.39,88.92,,92.344456,,,SESSION_BREAKOUT,,,,,True,,91.181867,,,92.39,88.92,3.2594,0.0657,SELL,93.020384,89.459616,91.24,0.382,29.55,"Bearish EMA pullback: close 90.82000 rejected EMA fast 91.00803, prev close 90.90000, RSI=46.2, H4 trend=SELL"
2026-03-24T08:30:33.064073+00:00,WTIcash-1,taipan,144385,M30,SELL_EXECUTED,EMA_PULLBACK,EMA_PULLBACK,0.8,1.064606953245266,1,90.83,93.9869104298679,93.9869104298679,85.625,85.625,0.48,6699044,,,,,,,,,,,90.87,90.98,90.74,90.82,91.008026,91.181867,-0.173841,46.1557,92.39,88.92,,92.344456,,,SESSION_BREAKOUT,,,,,True,,91.181867,,,92.39,88.92,3.2594,0.0657,SELL,93.020384,89.459616,91.24,0.382,29.55,"Bearish EMA pullback: close 90.82000 rejected EMA fast 91.00803, prev close 90.90000, RSI=46.2, H4 trend=SELL"
2026-03-24T08:31:36.098126+00:00,XAUUSD,taipan,144385,M30,HOLD,NONE,NONE,0,37.65376055643403,0,,,,,,,,,,,,,,,,,,4396.65,4404.78,4391.76,4402.49,4391.618784,4383.290683,8.328101,54.2888,4448.08,4306.09,,4395.871252,,,NONE,,,,,False,,4383.290683,,,4448.08,4306.09,3.7709,0.0552,SELL,4446.814001,4303.723999,4375.269,0.6902,14.8,KILL_ZONE
2026-03-24T08:32:37.199182+00:00,XAUUSD,taipan,144385,M30,HOLD,NONE,NONE,0,37.65376055643403,0,,,,,,,,,,,,,,,,,,4396.65,4404.78,4391.76,4398.39,4390.707672,4382.900207,7.807465,53.4904,4448.08,4306.09,,4395.710467,,,NONE,,,,,False,,4382.900207,,,4448.08,4306.09,3.7709,0.0901,SELL,4446.303435,4303.824565,4375.064,0.6637,14.8,KILL_ZONE
2026-03-24T08:33:38.409954+00:00,XAUUSD,taipan,144385,M30,HOLD,NONE,NONE,0,37.65376055643403,0,,,,,,,,,,,,,,,,,,4396.65,4404.78,4391.76,4400.09,4391.08545,4383.062112,8.023338,53.8248,4448.08,4306.09,,4395.777134,,,NONE,,,,,False,,4383.062112,,,4448.08,4306.09,3.7709,0.1199,SELL,4446.509574,4303.788426,4375.149,0.6748,14.8,KILL_ZONE
2026-03-24T08:34:40.122011+00:00,XAUUSD,taipan,144385,M30,HOLD,NONE,NONE,0,37.65376055643403,0,,,,,,,,,,,,,,,,,,4396.65,4404.78,4391.76,4398.36,4390.701006,4382.89735,7.803656,53.4845,4448.08,4306.09,,4395.709291,,,NONE,,,,,False,,4382.89735,,,4448.08,4306.09,3.7709,0.1509,SELL,4446.299868,4303.825132,4375.0625,0.6635,14.8,KILL_ZONE
2026-03-24T08:35:41.525953+00:00,XAUUSD,taipan,144385,M30,HOLD,NONE,NONE,0,37.65376055643403,0,,,,,,,,,,,,,,,,,,4396.65,4404.78,4391.76,4401.77,4391.458784,4383.222112,8.236672,54.1506,4448.08,4306.09,,4395.843017,,,NONE,,,,,False,,4383.222112,,,4448.08,4306.09,3.7709,0.1803,SELL,4446.721031,4303.744969,4375.233,0.6856,14.8,KILL_ZONE
2026-03-24T08:36:42.634422+00:00,XAUUSD,taipan,144385,M30,HOLD,NONE,NONE,0,37.65376055643403,0,,,,,,,,,,,,,,,,,,4396.65,4404.78,4391.76,4403.31,4391.801006,4383.368778,8.432228,54.4452,4448.08,4306.09,,4395.903409,,,NONE,,,,,False,,4383.368778,,,4448.08,4306.09,3.7709,0.2104,SELL,4446.921591,4303.698409,4375.31,0.6955,14.8,KILL_ZONE
2026-03-24T08:37:43.661938+00:00,XAUUSD,taipan,144385,M30,HOLD,NONE,NONE,0,37.65376055643403,0,,,,,,,,,,,,,,,,,,4396.65,4404.78,4391.76,4402.9,4391.709895,4383.329731,8.380164,54.3671,4448.08,4306.09,,4395.88733,,,NONE,,,,,False,,4383.329731,,,4448.08,4306.09,3.7709,0.2414,SELL,4446.867569,4303.711431,4375.2895,0.6929,14.8,KILL_ZONE
2026-03-24T08:38:44.807991+00:00,XAUUSD,taipan,144385,M30,HOLD,NONE,NONE,0,37.670189127862635,0,,,,,,,,,,,,,,,,,,4396.65,4405.01,4391.76,4403.58,4391.861006,4383.394493,8.466513,54.4965,4448.08,4306.09,,4395.913997,,,NONE,,,,,False,,4383.394493,,,4448.08,4306.09,3.7693,0.2649,SELL,4446.957415,4303.689585,4375.3235,0.6972,14.8,KILL_ZONE
2026-03-24T08:39:45.867913+00:00,XAUUSD,taipan,144385,M30,HOLD,NONE,NONE,0,37.670189127862635,0,,,,,,,,,,,,,,,,,,4396.65,4405.01,4391.76,4397.34,4390.474339,4382.800207,7.674132,53.2814,4448.08,4306.09,,4395.669291,,,NONE,,,,,False,,4382.800207,,,4448.08,4306.09,3.7693,0.2928,SELL,4446.180068,4303.842932,4375.0115,0.6569,14.8,KILL_ZONE
2026-03-24T08:40:46.962338+00:00,XAUUSD,taipan,144385,M30,HOLD,NONE,NONE,0,37.670189127862635,0,,,,,,,,,,,,,,,,,,4396.65,4405.01,4391.76,4402.74,4391.674339,4383.314493,8.359846,54.3366,4448.08,4306.09,,4395.881056,,,NONE,,,,,False,,4383.314493,,,4448.08,4306.09,3.7693,0.3261,SELL,4446.84661,4303.71639,4375.2815,0.6918,14.8,KILL_ZONE
2026-03-24T08:41:48.058566+00:00,XAUUSD,taipan,144385,M30,HOLD,NONE,NONE,0,37.670189127862635,0,,,,,,,,,,,,,,,,,,4396.65,4405.01,4391.76,4403.73,4391.894339,4383.408778,8.485561,54.5249,4448.08,4306.09,,4395.919879,,,NONE,,,,,False,,4383.408778,,,4448.08,4306.09,3.7693,0.359,SELL,4446.977402,4303.684598,4375.331,0.6982,14.8,KILL_ZONE
2026-03-24T08:42:49.038451+00:00,XAUUSD,taipan,144385,M30,HOLD,NONE,NONE,0,37.71947484214832,0,,,,,,,,,,,,,,,,,,4396.65,4405.7,4391.76,4400.9,4391.26545,4383.139255,8.126195,53.9825,4448.08,4306.09,,4395.808899,,,NONE,,,,,False,,4383.139255,,,4448.08,4306.09,3.7644,0.3908,SELL,4446.610568,4303.768432,4375.1895,0.68,14.8,KILL_ZONE
2026-03-24T08:43:50.290798+00:00,XAUUSD,taipan,144385,M30,HOLD,NONE,NONE,0,37.71947484214832,0,,,,,,,,,,,,,,,,,,4396.65,4405.7,4391.76,4397.26,4390.456561,4382.792588,7.663973,53.2654,4448.08,4306.09,,4395.666154,,,NONE,,,,,False,,4382.792588,,,4448.08,4306.09,3.7644,0.4182,SELL,4446.170792,4303.844208,4375.0075,0.6563,14.8,KILL_ZONE
2026-03-24T08:44:51.573047+00:00,XAUUSD,taipan,144385,M30,HOLD,NONE,NONE,0,37.71947484214832,0,,,,,,,,,,,,,,,,,,4396.65,4405.7,4391.76,4401.64,4391.429895,4383.209731,8.220164,54.1255,4448.08,4306.09,,4395.837918,,,NONE,,,,,False,,4383.209731,,,4448.08,4306.09,3.7644,0.4444,SELL,4446.704394,4303.748606,4375.2265,0.6848,14.8,KILL_ZONE
2026-03-24T08:45:52.767017+00:00,XAUUSD,taipan,144385,M30,HOLD,NONE,NONE,0,37.71947484214832,0,,,,,,,,,,,,,,,,,,4396.65,4405.7,4391.76,4401.79,4391.463228,4383.224017,8.239211,54.1544,4448.08,4306.09,,4395.843801,,,NONE,,,,,False,,4383.224017,,,4448.08,4306.09,3.7644,0.4737,SELL,4446.723594,4303.744406,4375.234,0.6857,14.8,KILL_ZONE
2026-03-24T08:46:53.860661+00:00,XAUUSD,taipan,144385,M30,HOLD,NONE,NONE,0,37.79090341357689,0,,,,,,,,,,,,,,,,,,4396.65,4406.7,4391.76,4404.62,4392.092117,4383.49354,8.598577,54.6928,4448.08,4306.09,,4395.954781,,,NONE,,,,,False,,4383.49354,,,4448.08,4306.09,3.7573,0.5044,SELL,4447.097236,4303.653764,4375.3755,0.7039,14.8,KILL_ZONE
2026-03-24T08:47:54.960169+00:00,XAUUSD,taipan,144385,M30,HOLD,NONE,NONE,0,37.9323319850055,0,,,,,,,,,,,,,,,,,,4396.65,4408.68,4391.76,4408.07,4392.858784,4383.822112,9.036672,55.3324,4448.08,4306.09,,4396.090075,,,NONE,,,,,False,,4383.822112,,,4448.08,4306.09,3.7432,0.5374,SELL,4447.581807,4303.514193,4375.548,0.7257,14.8,KILL_ZONE
2026-03-24T08:48:56.244410+00:00,XAUUSD,taipan,144385,M30,HOLD,NONE,NONE,0,37.94376055643406,0,,,,,,,,,,,,,,,,,,4396.65,4408.84,4391.76,4407.87,4392.814339,4383.803064,9.011275,55.2958,4448.08,4306.09,,4396.082232,,,NONE,,,,,False,,4383.803064,,,4448.08,4306.09,3.7421,0.5719,SELL,4447.552851,4303.523149,4375.538,0.7245,14.8,KILL_ZONE
2026-03-24T08:49:57.294436+00:00,XAUUSD,taipan,144385,M30,HOLD,NONE,NONE,0,38.0859034135769,0,,,,,,,,,,,,,,,,,,4396.65,4410.83,4391.76,4409.41,4393.156561,4383.949731,9.20683,55.5759,4448.08,4306.09,,4396.142624,,,NONE,,,,,False,,4383.949731,,,4448.08,4306.09,3.7282,0.6056,SELL,4447.778549,4303.451451,4375.615,0.7342,14.8,KILL_ZONE
2026-03-24T08:50:58.304161+00:00,XAUUSD,taipan,144385,M30,HOLD,NONE,NONE,0,38.0859034135769,0,,,,,,,,,,,,,,,,,,4396.65,4410.83,4391.76,4402.95,4391.721006,4383.334493,8.386513,54.3767,4448.08,4306.09,,4395.889291,,,NONE,,,,,False,,4383.334493,,,4448.08,4306.09,3.7282,0.6416,SELL,4446.874133,4303.709867,4375.292,0.6932,14.8,KILL_ZONE
2026-03-24T08:51:59.414304+00:00,XAUUSD,taipan,144385,M30,HOLD,NONE,NONE,0,38.0859034135769,0,,,,,,,,,,,,,,,,,,4396.65,4410.83,4391.76,4402.02,4391.514339,4383.245921,8.268418,54.1987,4448.08,4306.09,,4395.85282,,,NONE,,,,,False,,4383.245921,,,4448.08,4306.09,3.7282,0.6805,SELL,4446.753153,4303.737847,4375.2455,0.6872,14.8,KILL_ZONE
2026-03-24T08:53:00.577385+00:00,XAUUSD,taipan,144385,M30,HOLD,NONE,NONE,0,38.0859034135769,0,,,,,,,,,,,,,,,,,,4396.65,4410.83,4391.76,4410.11,4393.312117,4384.016398,9.295719,55.7021,4448.08,4306.09,,4396.170075,,,NONE,,,,,False,,4384.016398,,,4448.08,4306.09,3.7282,0.717,SELL,4447.883209,4303.416791,4375.65,0.7385,14.8,KILL_ZONE
2026-03-24T08:54:01.863145+00:00,XAUUSD,taipan,144385,M30,HOLD,NONE,NONE,0,38.1966176992912,0,,,,,,,,,,,,,,,,,,4396.65,4412.38,4391.76,4407.71,4392.778784,4383.787826,8.990958,55.2665,4448.08,4306.09,,4396.075958,,,NONE,,,,,False,,4383.787826,,,4448.08,4306.09,3.7173,0.7541,SELL,4447.529762,4303.530238,4375.53,0.7235,14.8,KILL_ZONE
2026-03-24T08:55:02.861959+00:00,XAUUSD,taipan,144385,M30,HOLD,NONE,NONE,0,38.31518912786262,0,,,,,,,,,,,,,,,,,,4396.65,4414.04,4391.76,4411.04,4393.518784,4384.104969,9.413815,55.8686,4448.08,4306.09,,4396.206546,,,NONE,,,,,False,,4384.104969,,,4448.08,4306.09,3.7058,0.7891,SELL,4448.024249,4303.368751,4375.6965,0.7443,14.8,KILL_ZONE
2026-03-24T08:56:03.942502+00:00,XAUUSD,taipan,144385,M30,HOLD,NONE,NONE,0,38.31518912786262,0,,,,,,,,,,,,,,,,,,4396.65,4414.04,4391.76,4407.62,4392.758784,4383.779255,8.979529,55.25,4448.08,4306.09,,4396.072428,,,NONE,,,,,False,,4383.779255,,,4448.08,4306.09,3.7058,0.8236,SELL,4447.516804,4303.534196,4375.5255,0.7229,14.8,KILL_ZONE
2026-03-24T08:57:05.053853+00:00,XAUUSD,taipan,144385,M30,HOLD,NONE,NONE,0,38.31518912786262,0,,,,,,,,,,,,,,,,,,4396.65,4414.04,4391.76,4408.1,4392.86545,4383.824969,9.040481,55.3378,4448.08,4306.09,,4396.091252,,,NONE,,,,,False,,4383.824969,,,4448.08,4306.09,3.7058,0.8599,SELL,4447.58616,4303.51284,4375.5495,0.7259,14.8,KILL_ZONE
2026-03-24T08:58:06.130313+00:00,XAUUSD,taipan,144385,M30,HOLD,NONE,NONE,0,38.31518912786262,0,,,,,,,,,,,,,,,,,,4396.65,4414.04,4391.76,4408.23,4392.894339,4383.83735,9.056989,55.3616,4448.08,4306.09,,4396.09635,,,NONE,,,,,False,,4383.83735,,,4448.08,4306.09,3.7058,0.8944,SELL,4447.605049,4303.506951,4375.556,0.7267,14.8,KILL_ZONE
2026-03-24T08:59:07.185629+00:00,XAUUSD,taipan,144385,M30,HOLD,NONE,NONE,0,38.31518912786262,0,,,,,,,,,,,,,,,,,,4396.65,4414.04,4391.76,4411.24,4393.563228,4384.124017,9.439211,55.9043,4448.08,4306.09,,4396.214389,,,NONE,,,,,False,,4384.124017,,,4448.08,4306.09,3.7058,0.9246,SELL,4448.054876,4303.358124,4375.7065,0.7456,14.8,KILL_ZONE
2026-03-24T09:00:08.316214+00:00,XAUUSD,taipan,144385,M30,HOLD,NONE,NONE,0,35.752368950833635,0,,,,,,,,,,,,,,,,,,4412.27,4412.27,4410.15,4410.76,4397.509177,4386.722818,10.786359,55.742,4448.08,4306.09,,4396.808813,,,NONE,,,,,False,,4386.722818,,,4448.08,4306.09,3.9715,0.0073,SELL,4441.838738,4306.547262,4374.193,0.7703,14.19,KILL_ZONE
2026-03-24T09:01:09.457380+00:00,XAUUSD,taipan,144385,M30,HOLD,NONE,NONE,0,36.05094037940501,0,,,,,,,,,,,,,,,,,,4412.27,4414.25,4407.95,4414.25,4398.284733,4387.055199,11.229534,56.4645,4448.08,4306.09,,4396.945676,,,NONE,,,,,False,,4387.055199,,,4448.08,4306.09,3.9386,0.0444,SELL,4442.427151,4306.307849,4374.3675,0.793,14.19,KILL_ZONE
2026-03-24T09:02:10.764725+00:00,XAUUSD,taipan,144385,M30,HOLD,NONE,NONE,0,36.165940379404994,0,,,,,,,,,,,,,,,,,,4412.27,4415.86,4407.95,4411.96,4397.775844,4386.837103,10.938741,56.0321,4448.08,4306.09,,4396.855872,,,NONE,,,,,False,,4386.837103,,,4448.08,4306.09,3.9261,0.0799,SELL,4442.037289,4306.468711,4374.253,0.7781,14.24,KILL_ZONE
2026-03-24T09:03:11.758889+00:00,XAUUSD,taipan,144385,M30,HOLD,NONE,NONE,0,36.1673689508336,0,,,,,,,,,,,,,,,,,,4412.27,4415.88,4407.95,4415.79,4398.626955,4387.201865,11.42509,56.7505,4448.08,4306.09,,4397.006068,,,NONE,,,,,False,,4387.201865,,,4448.08,4306.09,3.9259,0.1182,SELL,4442.697346,4306.191654,4374.4445,0.8029,14.24,KILL_ZONE
2026-03-24T09:04:12.823338+00:00,XAUUSD,taipan,144385,M30,HOLD,NONE,NONE,0,36.39951180797645,0,,,,,,,,,,,,,,,,,,4412.27,4419.13,4407.95,4416.52,4398.789177,4387.271389,11.517788,56.8848,4448.08,4306.09,,4397.034696,,,NONE,,,,,False,,4387.271389,,,4448.08,4306.09,3.9009,0.1534,SELL,4442.82766,4306.13434,4374.481,0.8075,14.35,KILL_ZONE
2026-03-24T09:05:14.115638+00:00,XAUUSD,taipan,144385,M30,HOLD,NONE,NONE,0,36.39951180797645,0,,,,,,,,,,,,,,,,,,4412.27,4419.13,4407.95,4413.81,4398.186955,4387.013294,11.173661,56.3821,4448.08,4306.09,,4396.928421,,,NONE,,,,,False,,4387.013294,,,4448.08,4306.09,3.9009,0.1829,SELL,4442.351132,4306.339868,4374.3455,0.7902,14.35,KILL_ZONE
2026-03-24T09:06:15.182528+00:00,XAUUSD,taipan,144385,M30,HOLD,NONE,NONE,0,36.39951180797645,0,,,,,,,,,,,,,,,,,,4412.27,4419.13,4407.95,4409.05,4397.129177,4386.559961,10.569216,55.3338,4448.08,4306.09,,4396.741755,,,NONE,,,,,False,,4386.559961,,,4448.08,4306.09,3.9009,0.2188,SELL,4441.562688,4306.652312,4374.1075,0.759,14.35,KILL_ZONE
2026-03-24T09:07:16.445918+00:00,XAUUSD,taipan,144385,M30,HOLD,NONE,NONE,0,36.55451180797646,0,,,,,,,,,,,,,,,,,,4412.27,4419.13,4405.78,4405.9,4396.429177,4386.259961,10.169216,54.5972,4448.08,4306.09,,4396.618225,,,NONE,,,,,False,,4386.259961,,,4448.08,4306.09,3.8843,0.2549,SELL,4441.07557,4306.82443,4373.95,0.738,14.35,KILL_ZONE
2026-03-24T09:08:17.543895+00:00,XAUUSD,taipan,144385,M30,HOLD,NONE,NONE,0,36.661654665119315,0,,,,,,,,,,,,,,,,,,4412.27,4419.13,4404.28,4405.92,4396.433622,4386.261865,10.171757,54.6018,4448.08,4306.09,,4396.619009,,,NONE,,,,,False,,4386.261865,,,4448.08,4306.09,3.873,0.287,SELL,4441.078574,4306.823426,4373.951,0.7381,14.35,KILL_ZONE
2026-03-24T09:09:18.614692+00:00,XAUUSD,taipan,144385,M30,HOLD,NONE,NONE,0,36.661654665119315,0,,,,,,,,,,,,,,,,,,4412.27,4419.13,4404.28,4406.83,4396.635844,4386.348532,10.287312,54.8126,4448.08,4306.09,,4396.654696,,,NONE,,,,,False,,4386.348532,,,4448.08,4306.09,3.873,0.3176,SELL,4441.216482,4306.776518,4373.9965,0.7442,14.35,KILL_ZONE
2026-03-24T09:10:19.695601+00:00,XAUUSD,taipan,144385,M30,HOLD,NONE,NONE,0,36.80094037940501,0,,,,,,,,,,,,,,,,,,4412.27,4419.13,4402.33,4405.86,4396.420288,4386.256151,10.164137,54.588,4448.08,4306.09,,4396.616657,,,NONE,,,,,False,,4386.256151,,,4448.08,4306.09,3.8583,0.3506,SELL,4441.069564,4306.826436,4373.948,0.7377,14.35,KILL_ZONE
2026-03-24T09:11:20.794764+00:00,XAUUSD,taipan,144385,M30,HOLD,NONE,NONE,0,36.80094037940501,0,,,,,,,,,,,,,,,,,,4412.27,4419.13,4402.33,4407.69,4396.826955,4386.430437,10.396518,55.0133,4448.08,4306.09,,4396.688421,,,NONE,,,,,False,,4386.430437,,,4448.08,4306.09,3.8583,0.3807,SELL,4441.348958,4306.730042,4374.0395,0.75,14.35,KILL_ZONE
2026-03-24T09:12:21.888321+00:00,XAUUSD,taipan,144385,M30,HOLD,NONE,NONE,0,36.9752260936907,0,,,,,,,,,,,,,,,,,,4412.27,4419.13,4399.89,4400.2,4395.162511,4385.717103,9.445408,53.313,4448.08,4306.09,,4396.394696,,,NONE,,,,,False,,4385.717103,,,4448.08,4306.09,3.8401,0.4147,SELL,4440.265752,4307.064248,4373.665,0.6992,14.35,KILL_ZONE
2026-03-24T09:13:23.127154+00:00,XAUUSD,taipan,144385,M30,HOLD,NONE,NONE,0,36.9752260936907,0,,,,,,,,,,,,,,,,,,4412.27,4419.13,4399.89,4405.25,4396.284733,4386.198056,10.086677,54.4476,4448.08,4306.09,,4396.592735,,,NONE,,,,,False,,4386.198056,,,4448.08,4306.09,3.8401,0.4471,SELL,4440.978535,4306.856465,4373.9175,0.7336,14.35,KILL_ZONE
2026-03-24T09:14:24.139647+00:00,XAUUSD,taipan,144385,M30,HOLD,NONE,NONE,0,37.09522609369072,0,,,,,,,,,,,,,,,,,,4412.27,4419.13,4398.21,4398.28,4394.735844,4385.534246,9.201598,52.8939,4448.08,4306.09,,4396.319402,,,NONE,,,,,False,,4385.534246,,,4448.08,4306.09,3.8277,0.4819,SELL,4440.01406,4307.12394,4373.569,0.686,14.35,KILL_ZONE
2026-03-24T09:15:25.421715+00:00,XAUUSD,taipan,144385,M30,HOLD,NONE,NONE,0,37.173083236547875,0,,,,,,,,,,,,,,,,,,4412.27,4419.13,4397.12,4398.48,4394.780288,4385.553294,9.226994,52.9373,4448.08,4306.09,,4396.327245,,,NONE,,,,,False,,4385.553294,,,4448.08,4306.09,3.8197,0.5159,SELL,4440.039777,4307.118223,4373.579,0.6873,14.35,KILL_ZONE
2026-03-24T09:16:26.528687+00:00,XAUUSD,taipan,144385,M30,HOLD,NONE,NONE,0,37.25094037940503,0,,,,,,,,,,,,,,,,,,4412.27,4419.13,4396.03,4399.25,4394.9514,4385.626627,9.324773,53.1048,4448.08,4306.09,,4396.357441,,,NONE,,,,,False,,4385.626627,,,4448.08,4306.09,3.8117,0.547,SELL,4440.139877,4307.095123,4373.6175,0.6927,14.35,KILL_ZONE
2026-03-24T09:17:27.635063+00:00,XAUUSD,taipan,144385,M30,HOLD,NONE,NONE,0,37.25094037940503,0,,,,,,,,,,,,,,,,,,4412.27,4419.13,4396.03,4403.41,4395.875844,4386.022818,9.853026,54.0287,4448.08,4306.09,,4396.520578,,,NONE,,,,,False,,4386.022818,,,4448.08,4306.09,3.8117,0.5752,SELL,4440.710364,4306.940636,4373.8255,0.7212,14.35,KILL_ZONE
2026-03-24T09:18:28.559440+00:00,XAUUSD,taipan,144385,M30,HOLD,NONE,NONE,0,37.25094037940503,0,,,,,,,,,,,,,,,,,,4412.27,4419.13,4396.03,4408.0,4396.895844,4386.459961,10.435883,55.086,4448.08,4306.09,,4396.700578,,,NONE,,,,,False,,4386.459961,,,4448.08,4306.09,3.8117,0.6061,SELL,4441.39722,4306.71278,4374.055,0.752,14.35,KILL_ZONE
2026-03-24T09:19:29.857602+00:00,XAUUSD,taipan,144385,M30,HOLD,NONE,NONE,0,37.25094037940503,0,,,,,,,,,,,,,,,,,,4412.27,4419.13,4396.03,4414.76,4398.398066,4387.10377,11.294296,56.5596,4448.08,4306.09,,4396.965676,,,NONE,,,,,False,,4387.10377,,,4448.08,4306.09,3.8117,0.638,SELL,4442.515921,4306.270079,4374.393,0.7963,14.35,KILL_ZONE
2026-03-24T09:20:30.866470+00:00,XAUUSD,taipan,144385,M30,HOLD,NONE,NONE,0,37.25094037940503,0,,,,,,,,,,,,,,,,,,4412.27,4419.13,4396.03,4414.61,4398.364733,4387.089484,11.275249,56.5317,4448.08,4306.09,,4396.959794,,,NONE,,,,,False,,4387.089484,,,4448.08,4306.09,3.8117,0.6689,SELL,4442.489739,4306.281261,4374.3855,0.7953,14.35,KILL_ZONE
2026-03-24T09:21:32.042443+00:00,XAUUSD,taipan,144385,M30,HOLD,NONE,NONE,0,37.25094037940503,0,,,,,,,,,,,,,,,,,,4412.27,4419.13,4396.03,4411.81,4397.742511,4386.822818,10.919693,55.9957,4448.08,4306.09,,4396.84999,,,NONE,,,,,False,,4386.822818,,,4448.08,4306.09,3.8117,0.6994,SELL,4442.012253,4306.478747,4374.2455,0.7772,14.35,KILL_ZONE
2026-03-24T09:22:32.990005+00:00,XAUUSD,taipan,144385,M30,HOLD,NONE,NONE,0,37.25094037940503,0,,,,,,,,,,,,,,,,,,4412.27,4419.13,4396.03,4411.07,4397.578066,4386.752341,10.825725,55.8167,4448.08,4306.09,,4396.82097,,,NONE,,,,,False,,4386.752341,,,4448.08,4306.09,3.8117,0.7324,SELL,4441.889649,4306.527351,4374.2085,0.7723,14.35,KILL_ZONE
2026-03-24T09:23:33.982586+00:00,XAUUSD,taipan,144385,M30,HOLD,NONE,NONE,0,37.25094037940503,0,,,,,,,,,,,,,,,,,,4412.27,4419.13,4396.03,4411.15,4397.595844,4386.759961,10.835883,55.836,4448.08,4306.09,,4396.824107,,,NONE,,,,,False,,4386.759961,,,4448.08,4306.09,3.8117,0.7633,SELL,4441.902831,4306.522169,4374.2125,0.7728,14.35,KILL_ZONE
2026-03-24T09:24:34.891407+00:00,XAUUSD,taipan,144385,M30,HOLD,NONE,NONE,0,37.25094037940503,0,,,,,,,,,,,,,,,,,,4412.27,4419.13,4396.03,4410.32,4397.4114,4386.680913,10.730487,55.6364,4448.08,4306.09,,4396.791558,,,NONE,,,,,False,,4386.680913,,,4448.08,4306.09,3.8117,0.7903,SELL,4441.766932,4306.575068,4374.171,0.7674,14.35,KILL_ZONE
2026-03-24T09:25:35.831727+00:00,XAUUSD,taipan,144385,M30,HOLD,NONE,NONE,0,37.25094037940503,0,,,,,,,,,,,,,,,,,,4412.27,4419.13,4396.03,4407.36,4396.753622,4386.399008,10.354614,54.9361,4448.08,4306.09,,4396.67548,,,NONE,,,,,False,,4386.399008,,,4448.08,4306.09,3.8117,0.8214,SELL,4441.297878,4306.748122,4374.023,0.7478,14.35,KILL_ZONE
2026-03-24T09:26:36.832697+00:00,XAUUSD,taipan,144385,M30,HOLD,NONE,NONE,0,37.25094037940503,0,,,,,,,,,,,,,,,,,,4412.27,4419.13,4396.03,4407.21,4396.720288,4386.384722,10.335566,54.9011,4448.08,4306.09,,4396.669598,,,NONE,,,,,False,,4386.384722,,,4448.08,4306.09,3.8117,0.8516,SELL,4441.274762,4306.756238,4374.0155,0.7468,14.35,KILL_ZONE
2026-03-24T09:27:37.869583+00:00,XAUUSD,taipan,144385,M30,HOLD,NONE,NONE,0,37.25094037940503,0,,,,,,,,,,,,,,,,,,4412.27,4419.13,4396.03,4408.67,4397.044733,4386.52377,10.520963,55.2439,4448.08,4306.09,,4396.726853,,,NONE,,,,,False,,4386.52377,,,4448.08,4306.09,3.8117,0.8742,SELL,4441.502449,4306.674551,4374.0885,0.7565,14.35,KILL_ZONE
2026-03-24T09:28:38.927731+00:00,XAUUSD,taipan,144385,M30,HOLD,NONE,NONE,0,37.25094037940503,0,,,,,,,,,,,,,,,,,,4412.27,4419.13,4396.03,4408.68,4397.046955,4386.524722,10.522233,55.2462,4448.08,4306.09,,4396.727245,,,NONE,,,,,False,,4386.524722,,,4448.08,4306.09,3.8117,0.893,SELL,4441.504029,4306.673971,4374.089,0.7566,14.35,KILL_ZONE
2026-03-24T09:29:39.929441+00:00,XAUUSD,taipan,144385,M30,HOLD,NONE,NONE,0,37.25094037940503,0,,,,,,,,,,,,,,,,,,4412.27,4419.13,4396.03,4407.37,4396.755844,4386.399961,10.355883,54.9385,4448.08,4306.09,,4396.675872,,,NONE,,,,,False,,4386.399961,,,4448.08,4306.09,3.8117,0.9118,SELL,4441.299422,4306.747578,4374.0235,0.7478,14.35,KILL_ZONE
2026-03-24T09:30:41.136864+00:00,XAUUSD,taipan,144385,M30,HOLD,NONE,NONE,0,34.81015897924183,0,,,,,,,,,,,,,,,,,,4407.23,4408.73,4405.65,4407.03,4399.014792,4388.352663,10.662129,54.8556,4448.08,4306.09,,4397.077828,,,NONE,,,,,False,,4388.352663,,,4448.08,4306.09,4.079,0.0209,SELL,4433.910578,4310.716422,4372.3135,0.7818,13.93,KILL_ZONE
2026-03-24T09:31:42.196194+00:00,XAUUSD,taipan,144385,M30,HOLD,NONE,NONE,0,34.89087326495612,0,,,,,,,,,,,,,,,,,,4407.23,4409.41,4405.2,4405.59,4398.694792,4388.21552,10.479272,54.4967,4448.08,4306.09,,4397.021357,,,NONE,,,,,False,,4388.21552,,,4448.08,4306.09,4.0695,0.0493,SELL,4433.670854,4310.812146,4372.2415,0.7714,13.93,KILL_ZONE
2026-03-24T09:32:43.184662+00:00,XAUUSD,taipan,144385,M30,HOLD,NONE,NONE,0,35.13015897924186,0,,,,,,,,,,,,,,,,,,4407.23,4412.76,4405.2,4407.42,4399.101459,4388.389806,10.711653,54.945,4448.08,4306.09,,4397.093122,,,NONE,,,,,False,,4388.389806,,,4448.08,4306.09,4.0418,0.0781,SELL,4433.976582,4310.689418,4372.333,0.7846,13.93,KILL_ZONE
2026-03-24T09:33:44.254870+00:00,XAUUSD,taipan,144385,M30,HOLD,NONE,NONE,0,35.13015897924186,0,,,,,,,,,,,,,,,,,,4407.23,4412.76,4405.2,4408.68,4399.381459,4388.509806,10.871653,55.2031,4448.08,4306.09,,4397.142534,,,NONE,,,,,False,,4388.509806,,,4448.08,4306.09,4.0418,0.1026,SELL,4434.192953,4310.599047,4372.396,0.7936,13.93,KILL_ZONE
2026-03-24T09:34:45.539013+00:00,XAUUSD,taipan,144385,M30,HOLD,NONE,NONE,0,35.13015897924186,0,,,,,,,,,,,,,,,,,,4407.23,4412.76,4405.2,4411.74,4400.061459,4388.801234,11.260225,55.8177,4448.08,4306.09,,4397.262534,,,NONE,,,,,False,,4388.801234,,,4448.08,4306.09,4.0418,0.13,SELL,4434.738108,4310.359892,4372.549,0.8151,13.93,KILL_ZONE
2026-03-24T09:35:46.536867+00:00,XAUUSD,taipan,144385,M30,HOLD,NONE,NONE,0,35.29158755067045,0,,,,,,,,,,,,,,,,,,4407.23,4415.02,4405.2,4412.17,4400.157014,4388.842187,11.314827,55.9028,4448.08,4306.09,,4397.279396,,,NONE,,,,,False,,4388.842187,,,4448.08,4306.09,4.0233,0.1557,SELL,4434.816928,4310.324072,4372.5705,0.8181,13.93,KILL_ZONE
2026-03-24T09:36:47.732362+00:00,XAUUSD,taipan,144385,M30,HOLD,NONE,NONE,0,35.36301612209902,0,,,,,,,,,,,,,,,,,,4407.23,4416.02,4405.2,4414.97,4400.779237,4389.108853,11.670384,56.4485,4448.08,4306.09,,4397.3892,,,NONE,,,,,False,,4389.108853,,,4448.08,4306.09,4.0152,0.1869,SELL,4435.343331,4310.077669,4372.7105,0.8374,13.93,KILL_ZONE
2026-03-24T09:37:48.703922+00:00,XAUUSD,taipan,144385,M30,HOLD,NONE,NONE,0,35.39444469352757,0,,,,,,,,,,,,,,,,,,4407.23,4416.46,4405.2,4414.79,4400.739237,4389.09171,11.647527,56.4139,4448.08,4306.09,,4397.382142,,,NONE,,,,,False,,4389.09171,,,4448.08,4306.09,4.0116,0.2117,SELL,4435.308809,4310.094191,4372.7015,0.8361,13.93,KILL_ZONE
2026-03-24T09:38:49.774179+00:00,XAUUSD,taipan,144385,M30,HOLD,NONE,NONE,0,35.39444469352757,0,,,,,,,,,,,,,,,,,,4407.23,4416.46,4405.2,4412.8,4400.297014,4388.902187,11.394827,56.0268,4448.08,4306.09,,4397.304102,,,NONE,,,,,False,,4388.902187,,,4448.08,4306.09,4.0116,0.2357,SELL,4434.933384,4310.270616,4372.602,0.8225,13.93,KILL_ZONE
2026-03-24T09:39:50.798342+00:00,XAUUSD,taipan,144385,M30,HOLD,NONE,NONE,0,35.445873264956155,0,,,,,,,,,,,,,,,,,,4407.23,4417.18,4405.2,4417.0,4401.230348,4389.302187,11.928161,56.8358,4448.08,4306.09,,4397.468808,,,NONE,,,,,False,,4389.302187,,,4448.08,4306.09,4.0058,0.2618,SELL,4435.739072,4309.884928,4372.812,0.8511,13.93,KILL_ZONE
2026-03-24T09:40:51.836426+00:00,XAUUSD,taipan,144385,M30,HOLD,NONE,NONE,0,35.69158755067041,0,,,,,,,,,,,,,,,,,,4407.23,4420.62,4405.2,4419.58,4401.803681,4389.547901,12.25578,57.3183,4448.08,4306.09,,4397.569985,,,NONE,,,,,False,,4389.547901,,,4448.08,4306.09,3.9782,0.2953,SELL,4436.258847,4309.623153,4372.941,0.8683,13.98,KILL_ZONE
2026-03-24T09:41:52.844973+00:00,XAUUSD,taipan,144385,M30,HOLD,NONE,NONE,0,35.72301612209902,0,,,,,,,,,,,,,,,,,,4407.23,4421.06,4405.2,4417.76,4401.399237,4389.374567,12.02467,56.9791,4448.08,4306.09,,4397.498612,,,NONE,,,,,False,,4389.374567,,,4448.08,4306.09,3.9747,0.3267,SELL,4435.890242,4309.809758,4372.85,0.8562,14.0,KILL_ZONE
2026-03-24T09:42:54.193533+00:00,XAUUSD,taipan,144385,M30,HOLD,NONE,NONE,0,35.72301612209902,0,,,,,,,,,,,,,,,,,,4407.23,4421.06,4405.2,4417.94,4401.439237,4389.39171,12.047527,57.0129,4448.08,4306.09,,4397.505671,,,NONE,,,,,False,,4389.39171,,,4448.08,4306.09,3.9747,0.3549,SELL,4435.926284,4309.791716,4372.859,0.8574,14.0,KILL_ZONE
2026-03-24T09:43:55.110795+00:00,XAUUSD,taipan,144385,M30,HOLD,NONE,NONE,0,35.72301612209902,0,,,,,,,,,,,,,,,,,,4407.23,4421.06,4405.2,4417.02,4401.234792,4389.304091,11.930701,56.8396,4448.08,4306.09,,4397.469593,,,NONE,,,,,False,,4389.304091,,,4448.08,4306.09,3.9747,0.3826,SELL,4435.743029,4309.882971,4372.813,0.8512,14.0,KILL_ZONE
2026-03-24T09:44:56.264849+00:00,XAUUSD,taipan,144385,M30,HOLD,NONE,NONE,0,35.72301612209902,0,,,,,,,,,,,,,,,,,,4407.23,4421.06,4405.2,4416.16,4401.043681,4389.222187,11.821494,56.6764,4448.08,4306.09,,4397.435867,,,NONE,,,,,False,,4389.222187,,,4448.08,4306.09,3.9747,0.4135,SELL,4435.573893,4309.966107,4372.77,0.8454,14.0,KILL_ZONE
2026-03-24T09:45:57.294503+00:00,XAUUSD,taipan,144385,M30,HOLD,NONE,NONE,0,35.72301612209902,0,,,,,,,,,,,,,,,,,,4407.23,4421.06,4405.2,4419.27,4401.734792,4389.518377,12.216415,57.2609,4448.08,4306.09,,4397.557828,,,NONE,,,,,False,,4389.518377,,,4448.08,4306.09,3.9747,0.4349,SELL,4436.195409,4309.655591,4372.9255,0.8662,14.0,KILL_ZONE
2026-03-24T09:46:58.313342+00:00,XAUUSD,taipan,144385,M30,HOLD,NONE,NONE,0,35.72301612209902,0,,,,,,,,,,,,,,,,,,4407.23,4421.06,4405.2,4416.42,4401.101459,4389.246948,11.854511,56.7259,4448.08,4306.09,,4397.446063,,,NONE,,,,,False,,4389.246948,,,4448.08,4306.09,3.9747,0.4628,SELL,4435.624805,4309.941195,4372.783,0.8472,14.0,KILL_ZONE
2026-03-24T09:47:59.414681+00:00,XAUUSD,taipan,144385,M30,HOLD,NONE,NONE,0,35.72301612209902,0,,,,,,,,,,,,,,,,,,4407.23,4421.06,4405.2,4417.63,4401.370348,4389.362187,12.008161,56.9546,4448.08,4306.09,,4397.493514,,,NONE,,,,,False,,4389.362187,,,4448.08,4306.09,3.9747,0.49,SELL,4435.864268,4309.822732,4372.8435,0.8553,14.0,KILL_ZONE
2026-03-24T09:49:00.443394+00:00,XAUUSD,taipan,144385,M30,HOLD,NONE,NONE,0,35.72301612209902,0,,,,,,,,,,,,,,,,,,4407.23,4421.06,4405.2,4416.67,4401.157014,4389.270758,11.886256,56.7733,4448.08,4306.09,,4397.455867,,,NONE,,,,,False,,4389.270758,,,4448.08,4306.09,3.9747,0.5128,SELL,4435.673941,4309.917059,4372.7955,0.8489,14.0,KILL_ZONE
2026-03-24T09:50:01.385451+00:00,XAUUSD,taipan,144385,M30,HOLD,NONE,NONE,0,35.72301612209902,0,,,,,,,,,,,,,,,,,,4407.23,4421.06,4405.2,4416.18,4401.048126,4389.224091,11.824035,56.6802,4448.08,4306.09,,4397.436651,,,NONE,,,,,False,,4389.224091,,,4448.08,4306.09,3.9747,0.5393,SELL,4435.577802,4309.964198,4372.771,0.8456,14.0,KILL_ZONE
2026-03-24T09:51:02.589372+00:00,XAUUSD,taipan,144385,M30,HOLD,NONE,NONE,0,35.72301612209902,0,,,,,,,,,,,,,,,,,,4407.23,4421.06,4405.2,4415.06,4400.799237,4389.117425,11.681812,56.4659,4448.08,4306.09,,4397.39273,,,NONE,,,,,False,,4389.117425,,,4448.08,4306.09,3.9747,0.5668,SELL,4435.360626,4310.069374,4372.715,0.838,14.0,KILL_ZONE
2026-03-24T09:52:03.799909+00:00,XAUUSD,taipan,144385,M30,HOLD,NONE,NONE,0,35.72301612209902,0,,,,,,,,,,,,,,,,,,4407.23,4421.06,4405.2,4414.65,4400.708126,4389.078377,11.629749,56.3868,4448.08,4306.09,,4397.376651,,,NONE,,,,,False,,4389.078377,,,4448.08,4306.09,3.9747,0.5926,SELL,4435.282023,4310.106977,4372.6945,0.8352,14.0,KILL_ZONE
2026-03-24T09:53:04.809187+00:00,XAUUSD,taipan,144385,M30,HOLD,NONE,NONE,0,35.72301612209902,0,,,,,,,,,,,,,,,,,,4407.23,4421.06,4405.2,4413.92,4400.545903,4389.008853,11.53705,56.2455,4448.08,4306.09,,4397.348024,,,NONE,,,,,False,,4389.008853,,,4448.08,4306.09,3.9747,0.6202,SELL,4435.143269,4310.172731,4372.658,0.8302,14.0,KILL_ZONE
2026-03-24T09:54:06.053800+00:00,XAUUSD,taipan,144385,M30,HOLD,NONE,NONE,0,35.72301612209902,0,,,,,,,,,,,,,,,,,,4407.23,4421.06,4405.2,4416.18,4401.048126,4389.224091,11.824035,56.6802,4448.08,4306.09,,4397.436651,,,NONE,,,,,False,,4389.224091,,,4448.08,4306.09,3.9747,0.6449,SELL,4435.577802,4309.964198,4372.771,0.8456,14.0,KILL_ZONE
2026-03-24T09:55:07.464612+00:00,XAUUSD,taipan,144385,M30,HOLD,NONE,NONE,0,35.72301612209902,0,,,,,,,,,,,,,,,,,,4407.23,4421.06,4405.2,4417.05,4401.241459,4389.306948,11.934511,56.8453,4448.08,4306.09,,4397.470769,,,NONE,,,,,False,,4389.306948,,,4448.08,4306.09,3.9747,0.6711,SELL,4435.748967,4309.880033,4372.8145,0.8514,14.0,KILL_ZONE
2026-03-24T09:56:08.543076+00:00,XAUUSD,taipan,144385,M30,HOLD,NONE,NONE,0,35.74515897924184,0,,,,,,,,,,,,,,,,,,4407.23,4421.37,4405.2,4420.5,4402.008126,4389.63552,12.372606,57.4877,4448.08,4306.09,,4397.606063,,,NONE,,,,,False,,4389.63552,,,4448.08,4306.09,3.9723,0.7025,SELL,4436.448686,4309.525314,4372.987,0.8743,14.01,KILL_ZONE
2026-03-24T09:57:09.535490+00:00,XAUUSD,taipan,144385,M30,HOLD,NONE,NONE,0,36.07015897924185,0,,,,,,,,,,,,,,,,,,4407.23,4425.92,4405.2,4425.63,4403.148126,4390.124091,13.024035,58.4083,4448.08,4306.09,,4397.80724,,,NONE,,,,,False,,4390.124091,,,4448.08,4306.09,3.9365,0.7331,SELL,4437.54962,4308.93738,4373.2435,0.9073,14.16,KILL_ZONE
2026-03-24T09:58:10.842956+00:00,XAUUSD,taipan,144385,M30,HOLD,NONE,NONE,0,36.1173018363847,0,,,,,,,,,,,,,,,,,,4407.23,4426.58,4405.2,4426.54,4403.350348,4390.210758,13.13959,58.5674,4448.08,4306.09,,4397.842926,,,NONE,,,,,False,,4390.210758,,,4448.08,4306.09,3.9314,0.7602,SELL,4437.752284,4308.825716,4373.289,0.913,14.18,KILL_ZONE
2026-03-24T09:59:11.975872+00:00,XAUUSD,taipan,144385,M30,HOLD,NONE,NONE,0,36.397301836384706,0,,,,,,,,,,,,,,,,,,4407.23,4430.5,4405.2,4430.33,4404.19257,4390.57171,13.62086,59.2174,4448.08,4306.09,,4397.991553,,,NONE,,,,,False,,4390.57171,,,4448.08,4306.09,3.9011,0.7892,SELL,4438.619617,4308.337383,4373.4785,0.9364,14.3,KILL_ZONE
2026-03-24T10:00:12.966699+00:00,XAUUSD,taipan,144385,M30,HOLD,NONE,NONE,0,33.98178007235542,0,,,,,,,,,,,,,,,,,,4426.31,4428.36,4426.04,4426.34,4408.417678,4393.630958,14.78672,58.5331,4448.08,4306.09,,4398.947957,,,NONE,,,,,False,,4393.630958,,,4448.08,4306.09,4.1784,0.0074,SELL,4444.353277,4307.040723,4375.697,0.8688,14.28,KILL_ZONE
2026-03-24T10:01:13.948021+00:00,XAUUSD,taipan,144385,M30,HOLD,NONE,NONE,0,34.02678007235543,0,,,,,,,,,,,,,,,,,,4426.31,4428.36,4425.41,4426.4,4408.431011,4393.636672,14.794339,58.5444,4448.08,4306.09,,4398.95031,,,NONE,,,,,False,,4393.636672,,,4448.08,4306.09,4.1729,0.0369,SELL,4444.365599,4307.034401,4375.7,0.8692,14.28,KILL_ZONE
2026-03-24T10:02:15.066000+00:00,XAUUSD,taipan,144385,M30,HOLD,NONE,NONE,0,34.25035150092686,0,,,,,,,,,,,,,,,,,,4426.31,4428.36,4422.28,4423.02,4407.6799,4393.314767,14.365133,57.6681,4448.08,4306.09,,4398.817761,,,NONE,,,,,False,,4393.314767,,,4448.08,4306.09,4.1457,0.0683,SELL,4443.685936,4307.376064,4375.531,0.8484,14.28,KILL_ZONE
2026-03-24T10:03:16.082312+00:00,XAUUSD,taipan,144385,M30,HOLD,NONE,NONE,0,34.767494358069705,0,,,,,,,,,,,,,,,,,,4426.31,4428.36,4415.04,4418.61,4406.6999,4392.894767,13.805133,56.5541,4448.08,4306.09,,4398.64482,,,NONE,,,,,False,,4392.894767,,,4448.08,4306.09,4.084,0.1056,SELL,4442.844234,4307.776766,4375.3105,0.8206,14.28,KILL_ZONE
2026-03-24T10:04:17.097996+00:00,XAUUSD,taipan,144385,M30,HOLD,NONE,NONE,0,34.767494358069705,0,,,,,,,,,,,,,,,,,,4426.31,4428.36,4415.04,4422.85,4407.642122,4393.298577,14.343545,57.6244,4448.08,4306.09,,4398.811094,,,NONE,,,,,False,,4393.298577,,,4448.08,4306.09,4.084,0.1377,SELL,4443.652536,4307.392464,4375.5225,0.8473,14.28,KILL_ZONE
2026-03-24T10:05:18.241416+00:00,XAUUSD,taipan,144385,M30,HOLD,NONE,NONE,0,34.767494358069705,0,,,,,,,,,,,,,,,,,,4426.31,4428.36,4415.04,4418.84,4406.751011,4392.916672,13.834339,56.6112,4448.08,4306.09,,4398.65384,,,NONE,,,,,False,,4392.916672,,,4448.08,4306.09,4.084,0.1712,SELL,4442.886851,4307.757149,4375.322,0.822,14.28,KILL_ZONE
2026-03-24T10:06:19.253694+00:00,XAUUSD,taipan,144385,M30,HOLD,NONE,NONE,0,34.767494358069705,0,,,,,,,,,,,,,,,,,,4426.31,4428.36,4415.04,4421.0,4407.231011,4393.122386,14.108625,57.1525,4448.08,4306.09,,4398.738545,,,NONE,,,,,False,,4393.122386,,,4448.08,4306.09,4.084,0.204,SELL,4443.293987,4307.566013,4375.43,0.8357,14.28,KILL_ZONE
2026-03-24T10:07:20.228239+00:00,XAUUSD,taipan,144385,M30,HOLD,NONE,NONE,0,34.767494358069705,0,,,,,,,,,,,,,,,,,,4426.31,4428.36,4415.04,4421.04,4407.2399,4393.126196,14.113704,57.1626,4448.08,4306.09,,4398.740114,,,NONE,,,,,False,,4393.126196,,,4448.08,4306.09,4.084,0.2368,SELL,4443.301643,4307.562357,4375.432,0.836,14.28,KILL_ZONE
2026-03-24T10:08:21.257608+00:00,XAUUSD,taipan,144385,M30,HOLD,NONE,NONE,0,34.767494358069705,0,,,,,,,,,,,,,,,,,,4426.31,4428.36,4415.04,4424.89,4408.095456,4393.492863,14.602593,58.1539,4448.08,4306.09,,4398.891094,,,NONE,,,,,False,,4393.492863,,,4448.08,4306.09,4.084,0.2678,SELL,4444.058307,4307.190693,4375.6245,0.86,14.28,KILL_ZONE
2026-03-24T10:09:22.271905+00:00,XAUUSD,taipan,144385,M30,HOLD,NONE,NONE,0,34.77320864378399,0,,,,,,,,,,,,,,,,,,4426.31,4428.44,4415.04,4428.15,4408.8199,4393.803339,15.016561,58.8705,4448.08,4306.09,,4399.018938,,,NONE,,,,,False,,4393.803339,,,4448.08,4306.09,4.0833,0.2926,SELL,4444.729032,4306.845968,4375.7875,0.8798,14.28,KILL_ZONE
2026-03-24T10:10:23.234055+00:00,XAUUSD,taipan,144385,M30,HOLD,NONE,NONE,0,34.952494358069714,0,,,,,,,,,,,,,,,,,,4426.31,4430.95,4415.04,4430.62,4409.368789,4394.038577,15.330212,59.3222,4448.08,4306.09,,4399.1158,,,NONE,,,,,False,,4394.038577,,,4448.08,4306.09,4.0624,0.3252,SELL,4445.255156,4306.566844,4375.911,0.8945,14.28,KILL_ZONE
2026-03-24T10:11:24.305722+00:00,XAUUSD,taipan,144385,M30,HOLD,NONE,NONE,0,34.95678007235546,0,,,,,,,,,,,,,,,,,,4426.31,4431.01,4415.04,4427.14,4408.595456,4393.707148,14.888308,58.6829,4448.08,4306.09,,4398.97933,,,NONE,,,,,False,,4393.707148,,,4448.08,4306.09,4.0619,0.3552,SELL,4444.518328,4306.955672,4375.737,0.8737,14.29,KILL_ZONE
2026-03-24T10:12:25.339418+00:00,XAUUSD,taipan,144385,M30,HOLD,NONE,NONE,0,34.95678007235546,0,,,,,,,,,,,,,,,,,,4426.31,4431.01,4415.04,4427.32,4408.635456,4393.724291,14.911165,58.7165,4448.08,4306.09,,4398.986389,,,NONE,,,,,False,,4393.724291,,,4448.08,4306.09,4.0619,0.3829,SELL,4444.555689,4306.936311,4375.746,0.8748,14.29,KILL_ZONE
2026-03-24T10:13:26.686689+00:00,XAUUSD,taipan,144385,M30,HOLD,NONE,NONE,0,34.95678007235546,0,,,,,,,,,,,,,,,,,,4426.31,4431.01,4415.04,4426.44,4408.4399,4393.640482,14.799418,58.5519,4448.08,4306.09,,4398.951879,,,NONE,,,,,False,,4393.640482,,,4448.08,4306.09,4.0619,0.4107,SELL,4444.373819,4307.030181,4375.702,0.8694,14.29,KILL_ZONE
2026-03-24T10:14:27.672683+00:00,XAUUSD,taipan,144385,M30,HOLD,NONE,NONE,0,34.95678007235546,0,,,,,,,,,,,,,,,,,,4426.31,4431.01,4415.04,4423.9,4407.875456,4393.398577,14.476879,57.8957,4448.08,4306.09,,4398.852271,,,NONE,,,,,False,,4393.398577,,,4448.08,4306.09,4.0619,0.44,SELL,4443.860035,4307.289965,4375.575,0.8538,14.29,KILL_ZONE
2026-03-24T10:15:28.661436+00:00,XAUUSD,taipan,144385,M30,HOLD,NONE,NONE,0,34.95678007235546,0,,,,,,,,,,,,,,,,,,4426.31,4431.01,4415.04,4426.88,4408.537678,4393.682386,14.855292,58.6343,4448.08,4306.09,,4398.969134,,,NONE,,,,,False,,4393.682386,,,4448.08,4306.09,4.0619,0.4706,SELL,4444.464507,4306.983493,4375.724,0.8721,14.29,KILL_ZONE
2026-03-24T10:16:30.105317+00:00,XAUUSD,taipan,144385,M30,HOLD,NONE,NONE,0,35.05749435806973,0,,,,,,,,,,,,,,,,,,4426.31,4432.42,4415.04,4432.08,4409.693233,4394.177625,15.515608,59.5845,4448.08,4306.09,,4399.173055,,,NONE,,,,,False,,4394.177625,,,4448.08,4306.09,4.0502,0.5,SELL,4445.573295,4306.394705,4375.984,0.9031,14.33,KILL_ZONE
2026-03-24T10:17:31.239198+00:00,XAUUSD,taipan,144385,M30,HOLD,NONE,NONE,0,35.06892292949829,0,,,,,,,,,,,,,,,,,,4426.31,4432.58,4415.04,4432.27,4409.735456,4394.19572,15.539736,59.6184,4448.08,4306.09,,4399.180506,,,NONE,,,,,False,,4394.19572,,,4448.08,4306.09,4.0489,0.5282,SELL,4445.615084,4306.371916,4375.9935,0.9042,14.34,KILL_ZONE
2026-03-24T10:18:32.184271+00:00,XAUUSD,taipan,144385,M30,HOLD,NONE,NONE,0,35.073208643784035,0,,,,,,,,,,,,,,,,,,4426.31,4432.64,4415.04,4431.2,4409.497678,4394.093815,15.403863,59.4268,4448.08,4306.09,,4399.138545,,,NONE,,,,,False,,4394.093815,,,4448.08,4306.09,4.0484,0.553,SELL,4445.380909,4306.499091,4375.94,0.8979,14.34,KILL_ZONE
2026-03-24T10:19:33.214682+00:00,XAUUSD,taipan,144385,M30,HOLD,NONE,NONE,0,35.073208643784035,0,,,,,,,,,,,,,,,,,,4426.31,4432.64,4415.04,4430.59,4409.362122,4394.03572,15.326402,59.3167,4448.08,4306.09,,4399.114624,,,NONE,,,,,False,,4394.03572,,,4448.08,4306.09,4.0484,0.5803,SELL,4445.248675,4306.570325,4375.9095,0.8943,14.34,KILL_ZONE
2026-03-24T10:20:34.550442+00:00,XAUUSD,taipan,144385,M30,HOLD,NONE,NONE,0,35.073208643784035,0,,,,,,,,,,,,,,,,,,4426.31,4432.64,4415.04,4430.23,4409.282122,4394.001434,15.280688,59.2515,4448.08,4306.09,,4399.100506,,,NONE,,,,,False,,4394.001434,,,4448.08,4306.09,4.0484,0.6091,SELL,4445.171069,4306.611931,4375.8915,0.8922,14.34,KILL_ZONE
2026-03-24T10:21:35.664293+00:00,XAUUSD,taipan,144385,M30,HOLD,NONE,NONE,0,35.073208643784035,0,,,,,,,,,,,,,,,,,,4426.31,4432.64,4415.04,4430.79,4409.406567,4394.054767,15.3518,59.3529,4448.08,4306.09,,4399.122467,,,NONE,,,,,False,,4394.054767,,,4448.08,4306.09,4.0484,0.632,SELL,4445.291928,4306.547072,4375.9195,0.8955,14.34,KILL_ZONE
2026-03-24T10:22:37.001725+00:00,XAUUSD,taipan,144385,M30,HOLD,NONE,NONE,0,35.073208643784035,0,,,,,,,,,,,,,,,,,,4426.31,4432.64,4415.04,4426.36,4408.422122,4393.632863,14.789259,58.5369,4448.08,4306.09,,4398.948742,,,NONE,,,,,False,,4393.632863,,,4448.08,4306.09,4.0484,0.6618,SELL,4444.357383,4307.038617,4375.698,0.8689,14.34,KILL_ZONE
2026-03-24T10:23:37.990636+00:00,XAUUSD,taipan,144385,M30,HOLD,NONE,NONE,0,35.073208643784035,0,,,,,,,,,,,,,,,,,,4426.31,4432.64,4415.04,4428.66,4408.933233,4393.85191,15.081323,58.9646,4448.08,4306.09,,4399.038938,,,NONE,,,,,False,,4393.85191,,,4448.08,4306.09,4.0484,0.6861,SELL,4444.836409,4306.789591,4375.813,0.8828,14.34,KILL_ZONE
2026-03-24T10:24:39.147470+00:00,XAUUSD,taipan,144385,M30,HOLD,NONE,NONE,0,35.073208643784035,0,,,,,,,,,,,,,,,,,,4426.31,4432.64,4415.04,4425.41,4408.211011,4393.542386,14.668625,58.2904,4448.08,4306.09,,4398.911487,,,NONE,,,,,False,,4393.542386,,,4448.08,4306.09,4.0484,0.709,SELL,4444.163467,4307.137533,4375.6505,0.8631,14.34,KILL_ZONE
2026-03-24T10:25:40.327397+00:00,XAUUSD,taipan,144385,M30,HOLD,NONE,NONE,0,35.073208643784035,0,,,,,,,,,,,,,,,,,,4426.31,4432.64,4415.04,4425.38,4408.204345,4393.539529,14.664816,58.2825,4448.08,4306.09,,4398.91031,,,NONE,,,,,False,,4393.539529,,,4448.08,4306.09,4.0484,0.734,SELL,4444.157381,4307.140619,4375.649,0.863,14.34,KILL_ZONE
2026-03-24T10:26:41.443221+00:00,XAUUSD,taipan,144385,M30,HOLD,NONE,NONE,0,35.073208643784035,0,,,,,,,,,,,,,,,,,,4426.31,4432.64,4415.04,4425.36,4408.1999,4393.537625,14.662275,58.2773,4448.08,4306.09,,4398.909526,,,NONE,,,,,False,,4393.537625,,,4448.08,4306.09,4.0484,0.7581,SELL,4444.153325,4307.142675,4375.648,0.8628,14.34,KILL_ZONE
2026-03-24T10:27:42.456191+00:00,XAUUSD,taipan,144385,M30,HOLD,NONE,NONE,0,35.073208643784035,0,,,,,,,,,,,,,,,,,,4426.31,4432.64,4415.04,4423.78,4407.848789,4393.387148,14.461641,57.8646,4448.08,4306.09,,4398.847565,,,NONE,,,,,False,,4393.387148,,,4448.08,4306.09,4.0484,0.785,SELL,4443.836175,4307.301825,4375.569,0.8531,14.34,KILL_ZONE
2026-03-24T10:28:43.649410+00:00,XAUUSD,taipan,144385,M30,HOLD,NONE,NONE,0,35.073208643784035,0,,,,,,,,,,,,,,,,,,4426.31,4432.64,4415.04,4422.32,4407.524345,4393.248101,14.276244,57.4884,4448.08,4306.09,,4398.79031,,,NONE,,,,,False,,4393.248101,,,4448.08,4306.09,4.0484,0.8126,SELL,4443.548895,4307.443105,4375.496,0.844,14.34,KILL_ZONE
2026-03-24T10:29:44.603593+00:00,XAUUSD,taipan,144385,M30,HOLD,NONE,NONE,0,35.073208643784035,0,,,,,,,,,,,,,,,,,,4426.31,4432.64,4415.04,4422.65,4407.597678,4393.279529,14.318149,57.573,4448.08,4306.09,,4398.803251,,,NONE,,,,,False,,4393.279529,,,4448.08,4306.09,4.0484,0.8397,SELL,4443.613339,4307.411661,4375.5125,0.8461,14.34,KILL_ZONE
2026-03-24T10:30:45.667897+00:00,XAUUSD,taipan,144385,M30,HOLD,NONE,NONE,0,32.839408014237264,0,,,,,,,,,,,,,,,,,,4421.83,4422.18,4418.44,4418.44,4409.936219,4395.640436,14.295783,56.4398,4448.08,4306.09,,4399.559289,,,NONE,,,,,False,,4395.640436,,,4448.08,4306.09,4.3238,0.0257,SELL,4448.627041,4307.723959,4378.1755,0.7858,14.37,KILL_ZONE
2026-03-24T10:31:46.935879+00:00,XAUUSD,taipan,144385,M30,HOLD,NONE,NONE,0,32.840122299951496,0,,,,,,,,,,,,,,,,,,4421.83,4422.18,4418.43,4420.13,4410.311774,4395.801388,14.510386,56.8925,4448.08,4306.09,,4399.625564,,,NONE,,,,,False,,4395.801388,,,4448.08,4306.09,4.3237,0.0547,SELL,4448.918632,4307.601368,4378.26,0.7963,14.37,KILL_ZONE
2026-03-24T10:32:48.148172+00:00,XAUUSD,taipan,144385,M30,HOLD,NONE,NONE,0,32.90940801423723,0,,,,,,,,,,,,,,,,,,4421.83,4422.18,4417.46,4420.89,4410.480663,4395.873769,14.606894,57.0984,4448.08,4306.09,,4399.655368,,,NONE,,,,,False,,4395.873769,,,4448.08,4306.09,4.3146,0.0816,SELL,4449.052196,4307.543804,4378.298,0.801,14.37,KILL_ZONE
2026-03-24T10:33:49.140187+00:00,XAUUSD,taipan,144385,M30,HOLD,NONE,NONE,0,32.912265157094375,0,,,,,,,,,,,,,,,,,,4421.83,4422.18,4417.42,4419.53,4410.178441,4395.744245,14.434196,56.7309,4448.08,4306.09,,4399.602035,,,NONE,,,,,False,,4395.744245,,,4448.08,4306.09,4.3142,0.1165,SELL,4448.814252,4307.645748,4378.23,0.7926,14.37,KILL_ZONE
2026-03-24T10:34:50.213435+00:00,XAUUSD,taipan,144385,M30,HOLD,NONE,NONE,0,33.08512229995152,0,,,,,,,,,,,,,,,,,,4421.83,4422.18,4415.0,4416.03,4409.400663,4395.410912,13.989751,55.8066,4448.08,4306.09,,4399.46478,,,NONE,,,,,False,,4395.410912,,,4448.08,4306.09,4.2917,0.1476,SELL,4448.224248,4307.885752,4378.055,0.7706,14.36,KILL_ZONE
2026-03-24T10:35:51.228062+00:00,XAUUSD,taipan,144385,M30,HOLD,NONE,NONE,0,33.1065508713801,0,,,,,,,,,,,,,,,,,,4421.83,4422.18,4414.7,4416.95,4409.605108,4395.498531,14.106577,56.0467,4448.08,4306.09,,4399.500858,,,NONE,,,,,False,,4395.498531,,,4448.08,4306.09,4.2889,0.1789,SELL,4448.376195,4307.825805,4378.101,0.7764,14.35,KILL_ZONE
2026-03-24T10:36:52.226285+00:00,XAUUSD,taipan,144385,M30,HOLD,NONE,NONE,0,33.1065508713801,0,,,,,,,,,,,,,,,,,,4421.83,4422.18,4414.7,4420.06,4410.296219,4395.794722,14.501497,56.8736,4448.08,4306.09,,4399.622819,,,NONE,,,,,False,,4395.794722,,,4448.08,4306.09,4.2889,0.2127,SELL,4448.906406,4307.606594,4378.2565,0.7958,14.35,KILL_ZONE
2026-03-24T10:37:53.223905+00:00,XAUUSD,taipan,144385,M30,HOLD,NONE,NONE,0,33.192265157094376,0,,,,,,,,,,,,,,,,,,4421.83,4423.44,4414.7,4423.38,4411.033996,4396.110912,14.923084,57.6991,4448.08,4306.09,,4399.753015,,,NONE,,,,,False,,4396.110912,,,4448.08,4306.09,4.2778,0.2404,SELL,4449.500278,4307.344722,4378.4225,0.8163,14.35,KILL_ZONE
2026-03-24T10:38:54.478918+00:00,XAUUSD,taipan,144385,M30,HOLD,NONE,NONE,0,33.21940801423724,0,,,,,,,,,,,,,,,,,,4421.83,4423.82,4414.7,4422.98,4410.945108,4396.072817,14.872291,57.6182,4448.08,4306.09,,4399.737329,,,NONE,,,,,False,,4396.072817,,,4448.08,4306.09,4.2743,0.2688,SELL,4449.427219,4307.377781,4378.4025,0.8138,14.35,KILL_ZONE
2026-03-24T10:39:55.543103+00:00,XAUUSD,taipan,144385,M30,HOLD,NONE,NONE,0,33.3422651570944,0,,,,,,,,,,,,,,,,,,4421.83,4425.54,4414.7,4424.87,4411.365108,4396.252817,15.112291,57.9974,4448.08,4306.09,,4399.811446,,,NONE,,,,,False,,4396.252817,,,4448.08,4306.09,4.2586,0.2953,SELL,4449.776026,4307.217974,4378.497,0.8253,14.35,KILL_ZONE
2026-03-24T10:40:56.535711+00:00,XAUUSD,taipan,144385,M30,HOLD,NONE,NONE,0,33.3422651570944,0,,,,,,,,,,,,,,,,,,4421.83,4425.54,4414.7,4422.89,4410.925108,4396.064245,14.860863,57.6,4448.08,4306.09,,4399.733799,,,NONE,,,,,False,,4396.064245,,,4448.08,4306.09,4.2586,0.3239,SELL,4449.410838,4307.385162,4378.398,0.8133,14.35,KILL_ZONE
2026-03-24T10:41:57.486404+00:00,XAUUSD,taipan,144385,M30,HOLD,NONE,NONE,0,33.3422651570944,0,,,,,,,,,,,,,,,,,,4421.83,4425.54,4414.7,4422.74,4410.891774,4396.04996,14.841814,57.5696,4448.08,4306.09,,4399.727917,,,NONE,,,,,False,,4396.04996,,,4448.08,4306.09,4.2586,0.3535,SELL,4449.383581,4307.397419,4378.3905,0.8124,14.35,KILL_ZONE
2026-03-24T10:42:58.544878+00:00,XAUUSD,taipan,144385,M30,HOLD,NONE,NONE,0,33.3422651570944,0,,,,,,,,,,,,,,,,,,4421.83,4425.54,4414.7,4423.06,4410.962885,4396.080436,14.882449,57.6344,4448.08,4306.09,,4399.740466,,,NONE,,,,,False,,4396.080436,,,4448.08,4306.09,4.2586,0.3793,SELL,4449.441798,4307.371202,4378.4065,0.8143,14.35,KILL_ZONE
2026-03-24T10:43:59.586640+00:00,XAUUSD,taipan,144385,M30,HOLD,NONE,NONE,0,33.48940801423729,0,,,,,,,,,,,,,,,,,,4421.83,4427.6,4414.7,4426.95,4411.82733,4396.450912,15.376418,58.407,4448.08,4306.09,,4399.893015,,,NONE,,,,,False,,4396.450912,,,4448.08,4306.09,4.2398,0.4093,SELL,4450.170391,4307.031609,4378.601,0.8378,14.35,KILL_ZONE
2026-03-24T10:45:00.613846+00:00,XAUUSD,taipan,144385,M30,HOLD,NONE,NONE,0,33.48940801423729,0,,,,,,,,,,,,,,,,,,4421.83,4427.6,4414.7,4427.2,4411.882885,4396.474722,15.408163,58.4557,4448.08,4306.09,,4399.902819,,,NONE,,,,,False,,4396.474722,,,4448.08,4306.09,4.2398,0.4426,SELL,4450.218525,4307.008475,4378.6135,0.8393,14.35,KILL_ZONE
2026-03-24T10:46:01.960208+00:00,XAUUSD,taipan,144385,M30,HOLD,NONE,NONE,0,33.536550871380136,0,,,,,,,,,,,,,,,,,,4421.83,4428.26,4414.7,4427.94,4412.04733,4396.545198,15.502132,58.5991,4448.08,4306.09,,4399.931839,,,NONE,,,,,False,,4396.545198,,,4448.08,4306.09,4.2339,0.4739,SELL,4450.361919,4306.939081,4378.6505,0.8437,14.35,KILL_ZONE
2026-03-24T10:47:02.967929+00:00,XAUUSD,taipan,144385,M30,HOLD,NONE,NONE,0,33.609408014237246,0,,,,,,,,,,,,,,,,,,4421.83,4429.28,4414.7,4425.61,4411.529552,4396.323293,15.206259,58.1441,4448.08,4306.09,,4399.840466,,,NONE,,,,,False,,4396.323293,,,4448.08,4306.09,4.2247,0.5016,SELL,4449.915075,4307.152925,4378.534,0.8298,14.35,KILL_ZONE
2026-03-24T10:48:03.960718+00:00,XAUUSD,taipan,144385,M30,HOLD,NONE,NONE,0,33.609408014237246,0,,,,,,,,,,,,,,,,,,4421.83,4429.28,4414.7,4426.81,4411.796219,4396.437579,15.35864,58.3797,4448.08,4306.09,,4399.887525,,,NONE,,,,,False,,4396.437579,,,4448.08,4306.09,4.2247,0.526,SELL,4450.143505,4307.044495,4378.594,0.8369,14.35,KILL_ZONE
2026-03-24T10:49:04.951864+00:00,XAUUSD,taipan,144385,M30,HOLD,NONE,NONE,0,33.609408014237246,0,,,,,,,,,,,,,,,,,,4421.83,4429.28,4414.7,4421.48,4410.611774,4395.92996,14.681814,57.2593,4448.08,4306.09,,4399.678505,,,NONE,,,,,False,,4395.92996,,,4448.08,4306.09,4.2247,0.5575,SELL,4449.156919,4307.498081,4378.3275,0.8046,14.35,KILL_ZONE
2026-03-24T10:50:06.114522+00:00,XAUUSD,taipan,144385,M30,HOLD,NONE,NONE,0,33.609408014237246,0,,,,,,,,,,,,,,,,,,4421.83,4429.28,4414.7,4419.76,4410.229552,4395.76615,14.463402,56.7928,4448.08,4306.09,,4399.611054,,,NONE,,,,,False,,4395.76615,,,4448.08,4306.09,4.2247,0.5852,SELL,4448.854153,4307.628847,4378.2415,0.794,14.35,KILL_ZONE
2026-03-24T10:51:07.074080+00:00,XAUUSD,taipan,144385,M30,HOLD,NONE,NONE,0,33.609408014237246,0,,,,,,,,,,,,,,,,,,4421.83,4429.28,4414.7,4422.99,4410.94733,4396.073769,14.873561,57.6203,4448.08,4306.09,,4399.737721,,,NONE,,,,,False,,4396.073769,,,4448.08,4306.09,4.2247,0.6161,SELL,4449.429041,4307.376959,4378.403,0.8139,14.35,KILL_ZONE
2026-03-24T10:52:08.112399+00:00,XAUUSD,taipan,144385,M30,HOLD,NONE,NONE,0,33.68155087138012,0,,,,,,,,,,,,,,,,,,4421.83,4430.29,4414.7,4429.67,4412.431774,4396.70996,15.721814,58.9307,4448.08,4306.09,,4399.999682,,,NONE,,,,,False,,4396.70996,,,4448.08,4306.09,4.2157,0.6416,SELL,4450.702476,4306.771524,4378.737,0.8539,14.35,KILL_ZONE
2026-03-24T10:53:09.170914+00:00,XAUUSD,taipan,144385,M30,HOLD,NONE,NONE,0,33.77655087138011,0,,,,,,,,,,,,,,,,,,4421.83,4431.62,4414.7,4431.62,4412.865108,4396.895674,15.969434,59.298,4448.08,4306.09,,4400.076152,,,NONE,,,,,False,,4396.895674,,,4448.08,4306.09,4.2038,0.6737,SELL,4451.095201,4306.573799,4378.8345,0.8652,14.35,KILL_ZONE
2026-03-24T10:54:10.145518+00:00,XAUUSD,taipan,144385,M30,HOLD,NONE,NONE,0,33.82297944280872,0,,,,,,,,,,,,,,,,,,4421.83,4432.27,4414.7,4429.16,4412.318441,4396.661388,15.657053,58.8335,4448.08,4306.09,,4399.979682,,,NONE,,,,,False,,4396.661388,,,4448.08,4306.09,4.198,0.7046,SELL,4450.601309,4306.821691,4378.7115,0.8509,14.35,KILL_ZONE
2026-03-24T10:55:11.340695+00:00,XAUUSD,taipan,144385,M30,HOLD,NONE,NONE,0,33.82297944280872,0,,,,,,,,,,,,,,,,,,4421.83,4432.27,4414.7,4426.05,4411.62733,4396.365198,15.262132,58.2308,4448.08,4306.09,,4399.857721,,,NONE,,,,,False,,4396.365198,,,4448.08,4306.09,4.198,0.7296,SELL,4449.998411,4307.113589,4378.556,0.8324,14.35,KILL_ZONE
2026-03-24T10:56:12.349608+00:00,XAUUSD,taipan,144385,M30,HOLD,NONE,NONE,0,34.14297944280869,0,,,,,,,,,,,,,,,,,,4421.83,4436.75,4414.7,4436.38,4413.922885,4397.349007,16.573878,60.1678,4448.08,4306.09,,4400.262819,,,NONE,,,,,False,,4397.349007,,,4448.08,4306.09,4.1587,0.762,SELL,4452.092591,4306.052409,4379.0725,0.8924,14.51,KILL_ZONE
2026-03-24T10:57:13.360839+00:00,XAUUSD,taipan,144385,M30,HOLD,NONE,NONE,0,34.14297944280869,0,,,,,,,,,,,,,,,,,,4421.83,4436.75,4414.7,4433.7,4413.32733,4397.093769,16.233561,59.6827,4448.08,4306.09,,4400.157721,,,NONE,,,,,False,,4397.093769,,,4448.08,4306.09,4.1587,0.7921,SELL,4451.524333,4306.352667,4378.9385,0.8772,14.51,KILL_ZONE
2026-03-24T10:58:14.296501+00:00,XAUUSD,taipan,144385,M30,HOLD,NONE,NONE,0,34.49155087138013,0,,,,,,,,,,,,,,,,,,4421.83,4441.63,4414.7,4440.64,4414.869552,4397.754722,17.11483,60.9153,4448.08,4306.09,,4400.429878,,,NONE,,,,,False,,4397.754722,,,4448.08,4306.09,4.1167,0.8302,SELL,4453.030702,4305.540298,4379.2855,0.916,14.67,KILL_ZONE
2026-03-24T10:59:15.517071+00:00,XAUUSD,taipan,144385,M30,HOLD,NONE,NONE,0,34.49297944280867,0,,,,,,,,,,,,,,,,,,4421.83,4441.65,4414.7,4436.85,4414.02733,4397.393769,16.633561,60.2517,4448.08,4306.09,,4400.28125,,,NONE,,,,,False,,4397.393769,,,4448.08,4306.09,4.1165,0.863,SELL,4452.194008,4305.997992,4379.096,0.895,14.67,KILL_ZONE
2026-03-24T11:00:16.463527+00:00,XAUUSD,taipan,144385,M30,HOLD,NONE,NONE,0,32.23133827238552,0,,,,,,,,,,,,,,,,,,4438.46,4438.46,4435.81,4436.56,4419.343973,4401.278127,18.065846,59.9709,4448.08,4306.09,,4401.769774,,,NONE,,,,,False,,4401.278127,,,4448.08,4306.09,4.4053,0.0129,SELL,4459.985518,4306.566482,4383.276,0.8473,14.97,KILL_ZONE
2026-03-24T11:00:16.463527+00:00,WTIcash-1,taipan,144385,M30,SELL,EMA_PULLBACK,EMA_PULLBACK,0.8,1.007011896219329,0,,,,,,,,,,,,,,,,,,90.77,90.78,90.74,90.78,90.888687,91.067226,-0.178539,46.6292,92.39,88.92,,92.085275,,,SESSION_BREAKOUT,,,,,True,,91.067226,,,92.39,88.92,3.4458,0.0076,SELL,92.721005,90.022995,91.372,0.2806,29.54,"Bearish EMA pullback: close 90.78000 rejected EMA fast 90.88869, prev close 90.77000, RSI=46.6, H4 trend=SELL"
2026-03-24T11:00:16.463527+00:00,WTIcash-1,taipan,144385,M30,SELL_EXECUTED,EMA_PULLBACK,EMA_PULLBACK,0.8,1.007011896219329,1,90.75,93.90051784432899,93.90051784432899,85.545,85.545,0.48,6713361,,,,,,,,,,,90.77,90.78,90.74,90.78,90.888687,91.067226,-0.178539,46.6292,92.39,88.92,,92.085275,,,SESSION_BREAKOUT,,,,,True,,91.067226,,,92.39,88.92,3.4458,0.0076,SELL,92.721005,90.022995,91.372,0.2806,29.54,"Bearish EMA pullback: close 90.78000 rejected EMA fast 90.88869, prev close 90.77000, RSI=46.6, H4 trend=SELL"
2026-03-24T11:01:19.464596+00:00,XAUUSD,taipan,144385,M30,HOLD,NONE,NONE,0,32.474909700956935,0,,,,,,,,,,,,,,,,,,4438.46,4442.05,4435.81,4440.44,4420.206195,4401.647651,18.558544,60.9047,4448.08,4306.09,,4401.921931,,,NONE,,,,,False,,4401.647651,,,4448.08,4306.09,4.3723,0.0528,SELL,4460.764309,4306.175691,4383.47,0.8685,14.99,KILL_ZONE
2026-03-24T11:02:20.437298+00:00,XAUUSD,taipan,144385,M30,HOLD,NONE,NONE,0,36.773481129528385,0,,,,,,,,,,,,,,,,,,4438.46,4442.05,4375.63,4404.16,4412.143973,4398.192412,13.951561,51.9885,4448.08,4306.09,,4400.499186,,,NONE,,,,,False,,4398.192412,,,4448.08,4306.09,3.8612,0.0955,SELL,4454.918516,4308.393484,4381.656,0.6536,13.86,KILL_ZONE
2026-03-24T11:03:21.363317+00:00,XAUUSD,taipan,144385,M30,HOLD,NONE,NONE,0,36.773481129528385,0,,,,,,,,,,,,,,,,,,4438.46,4442.05,4375.63,4408.04,4413.006195,4398.561936,14.444259,52.8306,4448.08,4306.09,,4400.651343,,,NONE,,,,,False,,4398.561936,,,4448.08,4306.09,3.8612,0.1397,SELL,4455.383472,4308.316528,4381.85,0.6781,13.86,KILL_ZONE
2026-03-24T11:04:22.871029+00:00,XAUUSD,taipan,144385,M30,HOLD,NONE,NONE,0,36.773481129528385,0,,,,,,,,,,,,,,,,,,4438.46,4442.05,4375.63,4405.92,4412.535084,4398.360031,14.175053,52.3671,4448.08,4306.09,,4400.568206,,,NONE,,,,,False,,4398.360031,,,4448.08,4306.09,3.8612,0.1816,SELL,4455.124463,4308.363537,4381.744,0.6647,13.86,KILL_ZONE
2026-03-24T11:05:23.856074+00:00,XAUUSD,taipan,144385,M30,HOLD,NONE,NONE,0,36.773481129528385,0,,,,,,,,,,,,,,,,,,4438.46,4442.05,4375.63,4408.74,4413.16175,4398.628603,14.533147,52.9855,4448.08,4306.09,,4400.678794,,,NONE,,,,,False,,4398.628603,,,4448.08,4306.09,3.8612,0.2237,SELL,4455.471606,4308.298394,4381.885,0.6825,13.86,KILL_ZONE
2026-03-24T11:06:24.845068+00:00,XAUUSD,taipan,144385,M30,HOLD,NONE,NONE,0,36.773481129528385,0,,,,,,,,,,,,,,,,,,4438.46,4442.05,4375.63,4409.09,4413.239528,4398.661936,14.577592,53.0632,4448.08,4306.09,,4400.69252,,,NONE,,,,,False,,4398.661936,,,4448.08,4306.09,3.8612,0.2649,SELL,4455.516159,4308.288841,4381.9025,0.6847,13.86,KILL_ZONE
2026-03-24T11:07:26.129427+00:00,XAUUSD,taipan,144385,M30,HOLD,NONE,NONE,0,36.773481129528385,0,,,,,,,,,,,,,,,,,,4438.46,4442.05,4375.63,4411.24,4413.717306,4398.866698,14.850608,53.5459,4448.08,4306.09,,4400.776833,,,NONE,,,,,False,,4398.866698,,,4448.08,4306.09,3.8612,0.3061,SELL,4455.796903,4308.223097,4382.01,0.6981,13.86,KILL_ZONE
2026-03-24T11:08:27.090797+00:00,XAUUSD,taipan,144385,M30,HOLD,NONE,NONE,0,36.773481129528385,0,,,,,,,,,,,,,,,,,,4438.46,4442.05,4375.63,4417.75,4415.163973,4399.486698,15.677275,55.0626,4448.08,4306.09,,4401.032127,,,NONE,,,,,False,,4399.486698,,,4448.08,4306.09,3.8612,0.3472,SELL,4456.720338,4307.950662,4382.3355,0.738,13.86,KILL_ZONE
2026-03-24T11:09:28.158536+00:00,XAUUSD,taipan,144385,M30,HOLD,NONE,NONE,0,36.773481129528385,0,,,,,,,,,,,,,,,,,,4438.46,4442.05,4375.63,4412.75,4414.052861,4399.010508,15.042353,53.8902,4448.08,4306.09,,4400.836049,,,NONE,,,,,False,,4399.010508,,,4448.08,4306.09,3.8612,0.3866,SELL,4456.001312,4308.169688,4382.0855,0.7074,13.86,KILL_ZONE
2026-03-24T11:10:29.115566+00:00,XAUUSD,taipan,144385,M30,HOLD,NONE,NONE,0,36.773481129528385,0,,,,,,,,,,,,,,,,,,4438.46,4442.05,4375.63,4416.91,4414.977306,4399.406698,15.570608,54.8621,4448.08,4306.09,,4400.999186,,,NONE,,,,,False,,4399.406698,,,4448.08,4306.09,3.8612,0.425,SELL,4456.595045,4307.991955,4382.2935,0.7329,13.86,KILL_ZONE
2026-03-24T11:11:30.128932+00:00,XAUUSD,taipan,144385,M30,HOLD,NONE,NONE,0,36.773481129528385,0,,,,,,,,,,,,,,,,,,4438.46,4442.05,4375.63,4410.59,4413.572861,4398.804793,14.768068,53.3991,4448.08,4306.09,,4400.751343,,,NONE,,,,,False,,4398.804793,,,4448.08,4306.09,3.8612,0.4633,SELL,4455.710747,4308.244253,4381.9775,0.694,13.86,KILL_ZONE
2026-03-24T11:12:31.090302+00:00,XAUUSD,taipan,144385,M30,HOLD,NONE,NONE,0,36.773481129528385,0,,,,,,,,,,,,,,,,,,4438.46,4442.05,4375.63,4411.99,4413.883973,4398.938127,14.945846,53.7164,4448.08,4306.09,,4400.806245,,,NONE,,,,,False,,4398.938127,,,4448.08,4306.09,3.8612,0.5019,SELL,4455.897687,4308.197313,4382.0475,0.7027,13.86,KILL_ZONE
2026-03-24T11:13:32.169973+00:00,XAUUSD,taipan,144385,M30,HOLD,NONE,NONE,0,36.773481129528385,0,,,,,,,,,,,,,,,,,,4438.46,4442.05,4375.63,4416.81,4414.955084,4399.397174,15.55791,54.8384,4448.08,4306.09,,4400.995265,,,NONE,,,,,False,,4399.397174,,,4448.08,4306.09,3.8612,0.5403,SELL,4456.58025,4307.99675,4382.2885,0.7323,13.86,KILL_ZONE
2026-03-24T11:14:33.312571+00:00,XAUUSD,taipan,144385,M30,HOLD,NONE,NONE,0,36.773481129528385,0,,,,,,,,,,,,,,,,,,4438.46,4442.05,4375.63,4418.22,4415.268417,4399.53146,15.736957,55.1755,4448.08,4306.09,,4401.050559,,,NONE,,,,,False,,4399.53146,,,4448.08,4306.09,3.8612,0.5742,SELL,4456.791228,4307.926772,4382.359,0.7409,13.86,KILL_ZONE
2026-03-24T11:15:34.358083+00:00,XAUUSD,taipan,144385,M30,HOLD,NONE,NONE,0,36.773481129528385,0,,,,,,,,,,,,,,,,,,4438.46,4442.05,4375.63,4418.19,4415.26175,4399.528603,15.733147,55.1683,4448.08,4306.09,,4401.049382,,,NONE,,,,,False,,4399.528603,,,4448.08,4306.09,3.8612,0.6095,SELL,4456.786686,4307.928314,4382.3575,0.7407,13.86,KILL_ZONE
2026-03-24T11:16:35.264161+00:00,XAUUSD,taipan,144385,M30,HOLD,NONE,NONE,0,36.773481129528385,0,,,,,,,,,,,,,,,,,,4438.46,4442.05,4375.63,4414.3,4414.397306,4399.158127,15.239179,54.2483,4448.08,4306.09,,4400.896833,,,NONE,,,,,False,,4399.158127,,,4448.08,4306.09,3.8612,0.6445,SELL,4456.217307,4308.108693,4382.163,0.717,13.86,KILL_ZONE
2026-03-24T11:17:36.204051+00:00,XAUUSD,taipan,144385,M30,HOLD,NONE,NONE,0,36.773481129528385,0,,,,,,,,,,,,,,,,,,4438.46,4442.05,4375.63,4411.96,4413.877306,4398.93527,14.942036,53.7096,4448.08,4306.09,,4400.805069,,,NONE,,,,,False,,4398.93527,,,4448.08,4306.09,3.8612,0.6813,SELL,4455.893627,4308.198373,4382.046,0.7025,13.86,KILL_ZONE
2026-03-24T11:18:37.194517+00:00,XAUUSD,taipan,144385,M30,HOLD,NONE,NONE,0,36.773481129528385,0,,,,,,,,,,,,,,,,,,4438.46,4442.05,4375.63,4405.72,4412.490639,4398.340984,14.149655,52.3238,4448.08,4306.09,,4400.560363,,,NONE,,,,,False,,4398.340984,,,4448.08,4306.09,3.8612,0.7188,SELL,4455.100644,4308.367356,4381.734,0.6635,13.86,KILL_ZONE
2026-03-24T11:19:38.160528+00:00,XAUUSD,taipan,144385,M30,HOLD,NONE,NONE,0,36.773481129528385,0,,,,,,,,,,,,,,,,,,4438.46,4442.05,4375.63,4411.66,4413.810639,4398.906698,14.903941,53.6413,4448.08,4306.09,,4400.793304,,,NONE,,,,,False,,4398.906698,,,4448.08,4306.09,3.8612,0.7552,SELL,4455.853161,4308.208839,4382.031,0.7007,13.86,KILL_ZONE
2026-03-24T11:20:39.203006+00:00,XAUUSD,taipan,144385,M30,HOLD,NONE,NONE,0,36.773481129528385,0,,,,,,,,,,,,,,,,,,4438.46,4442.05,4375.63,4416.15,4414.808417,4399.334317,15.4741,54.682,4448.08,4306.09,,4400.969382,,,NONE,,,,,False,,4399.334317,,,4448.08,4306.09,3.8612,0.7911,SELL,4456.483243,4308.027757,4382.2555,0.7283,13.86,KILL_ZONE
2026-03-24T11:21:40.562882+00:00,XAUUSD,taipan,144385,M30,HOLD,NONE,NONE,0,36.773481129528385,0,,,,,,,,,,,,,,,,,,4438.46,4442.05,4375.63,4415.8,4414.730639,4399.300984,15.429655,54.5994,4448.08,4306.09,,4400.955657,,,NONE,,,,,False,,4399.300984,,,4448.08,4306.09,3.8612,0.823,SELL,4456.432254,4308.043746,4382.238,0.7262,13.86,KILL_ZONE
2026-03-24T11:22:41.935758+00:00,XAUUSD,taipan,144385,M30,HOLD,NONE,NONE,0,36.773481129528385,0,,,,,,,,,,,,,,,,,,4438.46,4442.05,4375.63,4420.33,4415.737306,4399.732412,16.004894,55.6878,4448.08,4306.09,,4401.133304,,,NONE,,,,,False,,4399.732412,,,4448.08,4306.09,3.8612,0.8538,SELL,4457.116403,4307.812597,4382.4645,0.7536,13.86,KILL_ZONE
2026-03-24T11:23:43.192715+00:00,XAUUSD,taipan,144385,M30,HOLD,NONE,NONE,0,36.773481129528385,0,,,,,,,,,,,,,,,,,,4438.46,4442.05,4375.63,4416.56,4414.899528,4399.373365,15.526163,54.779,4448.08,4306.09,,4400.985461,,,NONE,,,,,False,,4399.373365,,,4448.08,4306.09,3.8612,0.8783,SELL,4456.543373,4308.008627,4382.276,0.7308,13.86,KILL_ZONE
2026-03-24T11:24:44.266324+00:00,XAUUSD,taipan,144385,M30,HOLD,NONE,NONE,0,36.773481129528385,0,,,,,,,,,,,,,,,,,,4438.46,4442.05,4375.63,4414.81,4414.510639,4399.206698,15.303941,54.3672,4448.08,4306.09,,4400.916833,,,NONE,,,,,False,,4399.206698,,,4448.08,4306.09,3.8612,0.9107,SELL,4456.289737,4308.087263,4382.1885,0.7201,13.86,KILL_ZONE
2026-03-24T11:25:45.345552+00:00,XAUUSD,taipan,144385,M30,HOLD,NONE,NONE,0,36.773481129528385,0,,,,,,,,,,,,,,,,,,4438.46,4442.05,4375.63,4411.18,4413.703973,4398.860984,14.842989,53.5323,4448.08,4306.09,,4400.77448,,,NONE,,,,,False,,4398.860984,,,4448.08,4306.09,3.8612,0.9421,SELL,4455.788904,4308.225096,4382.007,0.6977,13.86,KILL_ZONE
2026-03-24T11:26:46.601905+00:00,XAUUSD,taipan,144385,M30,HOLD,NONE,NONE,0,36.773481129528385,0,,,,,,,,,,,,,,,,,,4438.46,4442.05,4375.63,4411.09,4413.683973,4398.852412,14.831561,53.512,4448.08,4306.09,,4400.770951,,,NONE,,,,,False,,4398.852412,,,4448.08,4306.09,3.8612,0.9713,SELL,4455.776923,4308.228077,4382.0025,0.6971,13.86,KILL_ZONE
2026-03-24T11:27:47.633781+00:00,XAUUSD,taipan,144385,M30,HOLD,NONE,NONE,0,36.773481129528385,0,,,,,,,,,,,,,,,,,,4438.46,4442.05,4375.63,4409.4,4413.308417,4398.69146,14.616957,53.1323,4448.08,4306.09,,4400.704676,,,NONE,,,,,False,,4398.69146,,,4448.08,4306.09,3.8612,1.0028,SELL,4455.555889,4308.280111,4381.918,0.6866,13.86,KILL_ZONE
2026-03-24T11:28:48.729020+00:00,XAUUSD,taipan,144385,M30,HOLD,NONE,NONE,0,36.773481129528385,0,,,,,,,,,,,,,,,,,,4438.46,4442.05,4375.63,4412.39,4413.972861,4398.976222,14.996639,53.8078,4448.08,4306.09,,4400.821931,,,NONE,,,,,False,,4398.976222,,,4448.08,4306.09,3.8612,1.0332,SELL,4455.952039,4308.182961,4382.0675,0.7052,13.86,KILL_ZONE
2026-03-24T11:29:49.710692+00:00,XAUUSD,taipan,144385,M30,HOLD,NONE,NONE,0,36.773481129528385,0,,,,,,,,,,,,,,,,,,4438.46,4442.05,4375.63,4413.73,4414.270639,4399.103841,15.166798,54.1161,4448.08,4306.09,,4400.87448,,,NONE,,,,,False,,4399.103841,,,4448.08,4306.09,3.8612,1.06,SELL,4456.137152,4308.131848,4382.1345,0.7135,13.86,KILL_ZONE
2026-03-24T11:30:51.053142+00:00,XAUUSD,taipan,144385,M30,HOLD,NONE,NONE,0,34.33609026681817,0,,,,,,,,,,,,,,,,,,4412.98,4414.33,4411.68,4413.74,4414.040374,4400.441752,13.598622,54.1052,4448.08,4306.09,,4401.354262,,,NONE,,,,,False,,4400.441752,,,4448.08,4306.09,4.1353,0.029,SELL,4456.183555,4317.194445,4386.689,0.6946,13.11,KILL_ZONE
2026-03-24T11:31:52.129449+00:00,XAUUSD,taipan,144385,M30,HOLD,NONE,NONE,0,34.35894740967535,0,,,,,,,,,,,,,,,,,,4412.98,4414.33,4411.36,4412.12,4413.680374,4400.287466,13.392908,53.7292,4448.08,4306.09,,4401.290732,,,NONE,,,,,False,,4400.287466,,,4448.08,4306.09,4.1325,0.0605,SELL,4455.973456,4317.242544,4386.608,0.6839,13.11,KILL_ZONE
2026-03-24T11:32:53.059317+00:00,XAUUSD,taipan,144385,M30,HOLD,NONE,NONE,0,34.89894740967539,0,,,,,,,,,,,,,,,,,,4412.98,4421.89,4411.36,4421.84,4415.840374,4401.21318,14.627194,55.7464,4448.08,4306.09,,4401.671909,,,NONE,,,,,False,,4401.21318,,,4448.08,4306.09,4.0686,0.0948,SELL,4457.342654,4316.845346,4387.094,0.7473,13.11,KILL_ZONE
2026-03-24T11:33:54.319921+00:00,XAUUSD,taipan,144385,M30,HOLD,NONE,NONE,0,35.19609026681823,0,,,,,,,,,,,,,,,,,,4412.98,4426.05,4411.36,4426.05,4416.775929,4401.614133,15.161796,56.5539,4448.08,4306.09,,4401.837007,,,NONE,,,,,False,,4401.614133,,,4448.08,4306.09,4.0343,0.1273,SELL,4458.015249,4316.593751,4387.3045,0.774,13.11,KILL_ZONE
2026-03-24T11:34:55.353728+00:00,XAUUSD,taipan,144385,M30,HOLD,NONE,NONE,0,35.27180455253248,0,,,,,,,,,,,,,,,,,,4412.98,4427.11,4411.36,4427.03,4416.993707,4401.707466,15.286241,56.7377,4448.08,4306.09,,4401.875438,,,NONE,,,,,False,,4401.707466,,,4448.08,4306.09,4.0256,0.1592,SELL,4458.178564,4316.528436,4387.3535,0.7801,13.11,KILL_ZONE
2026-03-24T11:35:56.386426+00:00,XAUUSD,taipan,144385,M30,HOLD,NONE,NONE,0,35.37537598110396,0,,,,,,,,,,,,,,,,,,4412.98,4428.56,4411.36,4424.45,4416.420374,4401.461752,14.958622,56.2505,4448.08,4306.09,,4401.774262,,,NONE,,,,,False,,4401.461752,,,4448.08,4306.09,4.0138,0.1977,SELL,4457.754067,4316.694933,4387.2245,0.7639,13.11,KILL_ZONE
2026-03-24T11:36:57.601842+00:00,XAUUSD,taipan,144385,M30,HOLD,NONE,NONE,0,35.37537598110396,0,,,,,,,,,,,,,,,,,,4412.98,4428.56,4411.36,4423.9,4416.298151,4401.409371,14.88878,56.1452,4448.08,4306.09,,4401.752693,,,NONE,,,,,False,,4401.409371,,,4448.08,4306.09,4.0138,0.2246,SELL,4457.665856,4316.728144,4387.197,0.7604,13.11,KILL_ZONE
2026-03-24T11:37:58.888369+00:00,XAUUSD,taipan,144385,M30,HOLD,NONE,NONE,0,35.52037598110394,0,,,,,,,,,,,,,,,,,,4412.98,4430.59,4411.36,4429.36,4417.511485,4401.929371,15.582114,57.1684,4448.08,4306.09,,4401.966811,,,NONE,,,,,False,,4401.929371,,,4448.08,4306.09,3.9974,0.2601,SELL,4458.576963,4316.363037,4387.47,0.7946,13.11,KILL_ZONE
2026-03-24T11:38:59.853289+00:00,XAUUSD,taipan,144385,M30,HOLD,NONE,NONE,0,35.58394740967533,0,,,,,,,,,,,,,,,,,,4412.98,4431.48,4411.36,4427.96,4417.200374,4401.796038,15.404336,56.9106,4448.08,4306.09,,4401.911909,,,NONE,,,,,False,,4401.796038,,,4448.08,4306.09,3.9903,0.2926,SELL,4458.335881,4316.464119,4387.4,0.7859,13.11,KILL_ZONE
2026-03-24T11:40:00.879893+00:00,XAUUSD,taipan,144385,M30,HOLD,NONE,NONE,0,35.58394740967533,0,,,,,,,,,,,,,,,,,,4412.98,4431.48,4411.36,4424.81,4416.500374,4401.496038,15.004336,56.3191,4448.08,4306.09,,4401.78838,,,NONE,,,,,False,,4401.496038,,,4448.08,4306.09,3.9903,0.3222,SELL,4457.812241,4316.672759,4387.2425,0.7662,13.11,KILL_ZONE
2026-03-24T11:41:01.890947+00:00,XAUUSD,taipan,144385,M30,HOLD,NONE,NONE,0,35.58394740967533,0,,,,,,,,,,,,,,,,,,4412.98,4431.48,4411.36,4424.53,4416.438151,4401.469371,14.96878,56.2658,4448.08,4306.09,,4401.777399,,,NONE,,,,,False,,4401.469371,,,4448.08,4306.09,3.9903,0.351,SELL,4457.766964,4316.690036,4387.2285,0.7644,13.11,KILL_ZONE
2026-03-24T11:42:03.156937+00:00,XAUUSD,taipan,144385,M30,HOLD,NONE,NONE,0,35.58394740967533,0,,,,,,,,,,,,,,,,,,4412.98,4431.48,4411.36,4422.71,4416.033707,4401.296038,14.737669,55.9157,4448.08,4306.09,,4401.706027,,,NONE,,,,,False,,4401.296038,,,4448.08,4306.09,3.9903,0.3843,SELL,4457.477764,4316.797236,4387.1375,0.7529,13.11,KILL_ZONE
2026-03-24T11:43:04.182354+00:00,XAUUSD,taipan,144385,M30,HOLD,NONE,NONE,0,35.58394740967533,0,,,,,,,,,,,,,,,,,,4412.98,4431.48,4411.36,4424.15,4416.353707,4401.43318,14.920527,56.1931,4448.08,4306.09,,4401.762497,,,NONE,,,,,False,,4401.43318,,,4448.08,4306.09,3.9903,0.414,SELL,4457.705852,4316.713148,4387.2095,0.762,13.11,KILL_ZONE
2026-03-24T11:44:05.229357+00:00,XAUUSD,taipan,144385,M30,HOLD,NONE,NONE,0,35.58394740967533,0,,,,,,,,,,,,,,,,,,4412.98,4431.48,4411.36,4421.58,4415.782596,4401.188419,14.594177,55.6955,4448.08,4306.09,,4401.661713,,,NONE,,,,,False,,4401.188419,,,4448.08,4306.09,3.9903,0.443,SELL,4457.302671,4316.859329,4387.081,0.7456,13.11,KILL_ZONE
2026-03-24T11:45:06.279464+00:00,XAUUSD,taipan,144385,M30,HOLD,NONE,NONE,0,35.58394740967533,0,,,,,,,,,,,,,,,,,,4412.98,4431.48,4411.36,4421.91,4415.855929,4401.219847,14.636082,55.7601,4448.08,4306.09,,4401.674654,,,NONE,,,,,False,,4401.219847,,,4448.08,4306.09,3.9903,0.4741,SELL,4457.353449,4316.841551,4387.0975,0.7478,13.11,KILL_ZONE
2026-03-24T11:46:07.567765+00:00,XAUUSD,taipan,144385,M30,HOLD,NONE,NONE,0,35.58394740967533,0,,,,,,,,,,,,,,,,,,4412.98,4431.48,4411.36,4420.84,4415.618151,4401.117942,14.500209,55.5502,4448.08,4306.09,,4401.632693,,,NONE,,,,,False,,4401.117942,,,4448.08,4306.09,3.9903,0.5053,SELL,4457.189872,4316.898128,4387.044,0.7409,13.11,KILL_ZONE
2026-03-24T11:47:08.606766+00:00,XAUUSD,taipan,144385,M30,HOLD,NONE,NONE,0,35.58394740967533,0,,,,,,,,,,,,,,,,,,4412.98,4431.48,4411.36,4422.57,4416.002596,4401.282704,14.719892,55.8886,4448.08,4306.09,,4401.700536,,,NONE,,,,,False,,4401.282704,,,4448.08,4306.09,3.9903,0.5376,SELL,4457.455885,4316.805115,4387.1305,0.752,13.11,KILL_ZONE
2026-03-24T11:48:09.628264+00:00,XAUUSD,taipan,144385,M30,HOLD,NONE,NONE,0,35.58394740967533,0,,,,,,,,,,,,,,,,,,4412.98,4431.48,4411.36,4424.73,4416.482596,4401.488419,14.994177,56.3039,4448.08,4306.09,,4401.785242,,,NONE,,,,,False,,4401.488419,,,4448.08,4306.09,3.9903,0.569,SELL,4457.799283,4316.677717,4387.2385,0.7657,13.11,KILL_ZONE
2026-03-24T11:49:10.667319+00:00,XAUUSD,taipan,144385,M30,HOLD,NONE,NONE,0,35.58394740967533,0,,,,,,,,,,,,,,,,,,4412.98,4431.48,4411.36,4426.46,4416.86704,4401.65318,15.21386,56.631,4448.08,4306.09,,4401.853085,,,NONE,,,,,False,,4401.65318,,,4448.08,4306.09,3.9903,0.5964,SELL,4458.083267,4316.566733,4387.325,0.7765,13.11,KILL_ZONE
2026-03-24T11:50:11.699690+00:00,XAUUSD,taipan,144385,M30,HOLD,NONE,NONE,0,35.58394740967533,0,,,,,,,,,,,,,,,,,,4412.98,4431.48,4411.36,4421.04,4415.662596,4401.13699,14.525606,55.5895,4448.08,4306.09,,4401.640536,,,NONE,,,,,False,,4401.13699,,,4448.08,4306.09,3.9903,0.6248,SELL,4457.220213,4316.887787,4387.054,0.7422,13.11,KILL_ZONE
2026-03-24T11:51:12.725800+00:00,XAUUSD,taipan,144385,M30,HOLD,NONE,NONE,0,35.58394740967533,0,,,,,,,,,,,,,,,,,,4412.98,4431.48,4411.36,4422.96,4416.089263,4401.319847,14.769416,55.9641,4448.08,4306.09,,4401.715831,,,NONE,,,,,False,,4401.319847,,,4448.08,4306.09,3.9903,0.6523,SELL,4457.516964,4316.783036,4387.15,0.7545,13.11,KILL_ZONE
2026-03-24T11:52:13.826108+00:00,XAUUSD,taipan,144385,M30,HOLD,NONE,NONE,0,35.90966169538958,0,,,,,,,,,,,,,,,,,,4412.98,4431.48,4406.8,4407.74,4412.70704,4399.870323,12.836717,52.6743,4448.08,4306.09,,4401.118968,,,NONE,,,,,False,,4399.870323,,,4448.08,4306.09,3.9541,0.6863,SELL,4455.442268,4317.335732,4386.389,0.6546,13.11,KILL_ZONE
2026-03-24T11:53:14.927392+00:00,XAUUSD,taipan,144385,M30,HOLD,NONE,NONE,0,36.23751883824673,0,,,,,,,,,,,,,,,,,,4412.98,4431.48,4402.21,4404.16,4411.911485,4399.529371,12.382114,51.8424,4448.08,4306.09,,4400.978576,,,NONE,,,,,False,,4399.529371,,,4448.08,4306.09,3.9183,0.7249,SELL,4455.048458,4317.371542,4386.21,0.6304,13.11,KILL_ZONE
2026-03-24T11:54:15.917184+00:00,XAUUSD,taipan,144385,M30,HOLD,NONE,NONE,0,37.0603759811039,0,,,,,,,,,,,,,,,,,,4412.98,4431.48,4390.69,4392.35,4409.28704,4398.404609,10.882431,49.275,4448.08,4306.09,,4400.515438,,,NONE,,,,,False,,4398.404609,,,4448.08,4306.09,3.8313,0.7656,SELL,4454.010799,4317.228201,4385.6195,0.5492,13.11,KILL_ZONE
2026-03-24T11:55:16.916540+00:00,XAUUSD,taipan,144385,M30,HOLD,NONE,NONE,0,37.0603759811039,0,,,,,,,,,,,,,,,,,,4412.98,4431.48,4390.69,4400.24,4411.040374,4399.156038,11.884336,50.9611,4448.08,4306.09,,4400.82485,,,NONE,,,,,False,,4399.156038,,,4448.08,4306.09,3.8313,0.8054,SELL,4454.659317,4317.368683,4386.014,0.6036,13.11,KILL_ZONE
2026-03-24T11:56:17.843230+00:00,XAUUSD,taipan,144385,M30,HOLD,NONE,NONE,0,37.0603759811039,0,,,,,,,,,,,,,,,,,,4412.98,4431.48,4390.69,4400.85,4411.175929,4399.214133,11.961796,51.0962,4448.08,4306.09,,4400.848772,,,NONE,,,,,False,,4399.214133,,,4448.08,4306.09,3.8313,0.8437,SELL,4454.716968,4317.372032,4386.0445,0.6078,13.11,KILL_ZONE
2026-03-24T11:57:18.816901+00:00,XAUUSD,taipan,144385,M30,HOLD,NONE,NONE,0,37.0603759811039,0,,,,,,,,,,,,,,,,,,4412.98,4431.48,4390.69,4401.59,4411.340374,4399.284609,12.055765,51.2612,4448.08,4306.09,,4400.877791,,,NONE,,,,,False,,4399.284609,,,4448.08,4306.09,3.8313,0.8815,SELL,4454.788344,4317.374656,4386.0815,0.6129,13.11,KILL_ZONE
2026-03-24T11:58:20.088956+00:00,XAUUSD,taipan,144385,M30,HOLD,NONE,NONE,0,37.0603759811039,0,,,,,,,,,,,,,,,,,,4412.98,4431.48,4390.69,4403.7,4411.809263,4399.485561,12.323702,51.7374,4448.08,4306.09,,4400.960536,,,NONE,,,,,False,,4399.485561,,,4448.08,4306.09,3.8313,0.9193,SELL,4455.000508,4317.373492,4386.187,0.6272,13.11,KILL_ZONE
2026-03-24T11:59:21.109461+00:00,XAUUSD,taipan,144385,M30,HOLD,NONE,NONE,0,37.0603759811039,0,,,,,,,,,,,,,,,,,,4412.98,4431.48,4390.69,4407.23,4412.593707,4399.821752,12.771955,52.5542,4448.08,4306.09,,4401.098968,,,NONE,,,,,False,,4399.821752,,,4448.08,4306.09,3.8313,0.956,SELL,4455.383939,4317.343061,4386.3635,0.6512,13.11,KILL_ZONE
2026-03-24T20:29:07.460211+00:00,WTIcash-1,taipan,144385,M30,TRADE_CLOSED,OUTCOME,OUTCOME,0.8,1.356773636112342,0,90.82,93.99,93.99,85.62,85.62,0.48,6699044,89.26,TRAILING_SL,748.8,748.8,WIN,838.0361444333333,,,,,92.29,92.33,86.77,89.2,91.628755,91.824789,-0.196034,35.0566,,,,92.074513,,,SESSION_BREAKOUT,,,,,True,,91.824789,,,,,,1.1189,,93.825262,90.113738,91.9695,-0.2462,18.4,TRAILING_SL
2026-03-24T20:30:07.799486+00:00,WTIcash-1,taipan,144385,M30,TRADE_CLOSED,OUTCOME,OUTCOME,0.8,1.2812898341048888,0,90.75,93.9,93.9,85.55,85.55,0.48,6713361,89.3,TRAILING_SL,696.0,696.0,WIN,688.3707448,,,,,89.11,89.4,89.11,89.32,91.098415,91.577621,-0.479206,36.276,,,,91.962782,,,SESSION_BREAKOUT,,,,,True,,91.577621,,,,,,0.012,,94.062768,89.721232,91.892,-0.0924,21.06,TRAILING_SL
