timestamp,symbol,bot,account,timeframe,signal,signal_type,trigger,confidence,atr,executed,entry_price,sl_price,sl,tp_price,tp,volume_lots,ticket,exit_price,exit_reason,profit,pnl,outcome,duration_minutes,account_balance,account_equity,spread,spread_points,bar_open,bar_high,bar_low,bar_close,ema_fast,ema_slow,ema_separation,rsi,n_bar_high,n_bar_low,conditions_met,ema_50,nearest_sr_level,sr_distance_atr,pattern_type,pin_wick_size,pin_body_ratio,engulf_size_atr,inside_bar_vol_ratio,pattern_detected,sr_nearby,ema_20,momentum_fast_ema,momentum_slow_ema,breakout_high,breakout_low,pullback_distance_atr,volume_ratio,h1_trend,bb_upper,bb_lower,bb_mid,price_position_in_bb,adx,hold_reason
2026-03-16T00:03:31.621654+00:00,BTCUSD,taipan,24849108,M30,HOLD,NONE,NONE,0,0.0,0,,,,,,,,,,,,,,,,,,72802.55,73004.16,72801.0,72930.52,72400.588427,72013.499343,387.089084,,,,,71662.216739,,,NONE,,,,,False,,72013.499343,,,,,,0.3478,,72842.305705,70833.915295,71838.1105,1.0439,33.61,ASIAN
2026-03-16T00:03:31.621654+00:00,USDJPY.s,taipan,24849108,M30,HOLD,NONE,NONE,0,0.13095398652625811,0,,,,,,,,,,,,,,,,,,159.55,159.55,159.419,159.459,159.548988,159.536659,0.012329,,159.736,159.419,,159.427747,,,NONE,,,,,False,,159.536659,,,159.736,159.419,2.4207,0.226,,159.752011,159.391189,159.5716,0.1879,18.38,ASIAN
2026-03-16T00:03:31.621654+00:00,EURUSD.s,taipan,24849108,M30,HOLD,NONE,NONE,0,0.0010952305096116764,0,,,,,,,,,,,,,,,,,,1.14346,1.14421,1.14343,1.14408,1.143079,1.143637,-0.000558,,1.14421,1.14175,,1.146069,,,NONE,,,,,False,,1.143637,,,1.14421,1.14175,2.2461,0.1771,,1.145585,1.140987,1.143286,0.6727,31.96,ASIAN
2026-03-16T00:03:31.621654+00:00,XAUUSD.s,taipan,24849108,M30,HOLD,NONE,NONE,0,0.0,0,,,,,,,,,,,,,,,,,,4997.51,5021.18,4996.76,5018.17,5014.825349,5035.114837,-20.289488,,,,,5068.288311,,,NONE,,,,,False,,5035.114837,,,,,,0.162,,5091.879962,4981.648038,5036.764,0.3313,45.75,ASIAN
2026-03-16T00:03:31.621654+00:00,USOUSD.s,taipan,24849108,M30,HOLD,NONE,NONE,0,0.0,0,,,,,,,,,,,,,,,,,,98.747,98.857,98.302,98.322,98.882042,97.92341,0.958632,,,,,96.474278,,,NONE,,,,,False,,97.92341,,,,,,0.148,,101.149327,94.147673,97.6485,0.5962,28.47,ASIAN
2026-03-16T00:08:34.250907+00:00,BTCUSD,taipan,24849108,M30,HOLD,NONE,NONE,0,0.0,0,,,,,,,,,,,,,,,,,,72802.55,73004.16,72801.0,72958.86,72406.886205,72016.19839,390.687815,,,,,71663.328112,,,NONE,,,,,False,,72016.19839,,,,,,0.6971,,72850.271761,70828.783239,71839.5275,1.0537,33.61,ASIAN
2026-03-16T00:08:34.250907+00:00,USDJPY.s,taipan,24849108,M30,HOLD,NONE,NONE,0,0.13095398652625811,0,,,,,,,,,,,,,,,,,,159.55,159.55,159.419,159.454,159.547876,159.536183,0.011693,,159.736,159.419,,159.427551,,,NONE,,,,,False,,159.536183,,,159.736,159.419,2.4207,0.4698,,159.75243,159.39027,159.57135,0.176,18.38,ASIAN
2026-03-16T00:08:34.250907+00:00,EURUSD.s,taipan,24849108,M30,HOLD,NONE,NONE,0,0.0011145162238973903,0,,,,,,,,,,,,,,,,,,1.14346,1.14448,1.14343,1.14443,1.143157,1.14367,-0.000513,,1.14448,1.14175,,1.146083,,,NONE,,,,,False,,1.14367,,,1.14448,1.14175,2.4495,0.3651,,1.145633,1.140974,1.143303,0.7418,31.99,ASIAN
2026-03-16T00:08:34.250907+00:00,XAUUSD.s,taipan,24849108,M30,HOLD,NONE,NONE,0,0.0,0,,,,,,,,,,,,,,,,,,4997.51,5028.66,4996.76,5024.63,5016.260904,5035.730075,-19.469171,,,,,5068.541644,,,NONE,,,,,False,,5035.730075,,,,,,0.368,,5091.818526,4982.355474,5037.087,0.3862,45.25,ASIAN
2026-03-16T00:08:34.250907+00:00,USOUSD.s,taipan,24849108,M30,HOLD,NONE,NONE,0,0.0,0,,,,,,,,,,,,,,,,,,98.747,98.857,97.902,97.987,98.807597,97.891506,0.916091,,,,,96.46114,,,NONE,,,,,False,,97.891506,,,,,,0.3641,,101.1222,94.1413,97.63175,0.5509,28.05,ASIAN
2026-03-16T00:13:36.648313+00:00,BTCUSD,taipan,24849108,M30,HOLD,NONE,NONE,0,0.0,0,,,,,,,,,,,,,,,,,,72802.55,73004.16,72708.87,72786.25,72368.528427,71999.759343,368.769084,,,,,71656.559092,,,NONE,,,,,False,,71999.759343,,,,,,0.973,,72803.631328,70858.162672,71830.897,0.9911,33.61,ASIAN
2026-03-16T00:13:36.648313+00:00,USDJPY.s,taipan,24849108,M30,HOLD,NONE,NONE,0,0.13095398652625811,0,,,,,,,,,,,,,,,,,,159.55,159.55,159.419,159.469,159.55121,159.537611,0.013599,,159.736,159.419,,159.428139,,,NONE,,,,,False,,159.537611,,,159.736,159.419,2.4207,0.6494,,159.751248,159.392952,159.5721,0.2122,18.38,ASIAN
2026-03-16T00:13:36.648313+00:00,EURUSD.s,taipan,24849108,M30,HOLD,NONE,NONE,0,0.0011259447953259573,0,,,,,,,,,,,,,,,,,,1.14346,1.14464,1.14343,1.14439,1.143148,1.143666,-0.000518,,1.1446399999999999,1.14175,,1.146081,,,NONE,,,,,False,,1.143666,,,1.1446399999999999,1.14175,2.5667,0.5606,,1.145627,1.140976,1.143301,0.734,32.14,ASIAN
2026-03-16T00:13:36.648313+00:00,XAUUSD.s,taipan,24849108,M30,HOLD,NONE,NONE,0,0.0,0,,,,,,,,,,,,,,,,,,4997.51,5028.66,4996.76,5023.61,5016.034238,5035.632932,-19.598694,,,,,5068.501644,,,NONE,,,,,False,,5035.632932,,,,,,0.535,,5091.818278,4982.253722,5037.036,0.3775,45.25,ASIAN
2026-03-16T00:13:36.648313+00:00,USOUSD.s,taipan,24849108,M30,HOLD,NONE,NONE,0,0.0,0,,,,,,,,,,,,,,,,,,98.747,98.857,97.652,97.987,98.807597,97.891506,0.916091,,,,,96.46114,,,NONE,,,,,False,,97.891506,,,,,,0.5945,,101.1222,94.1413,97.63175,0.5509,27.81,ASIAN
2026-03-16T00:18:39.304460+00:00,BTCUSD,taipan,24849108,M30,HOLD,NONE,NONE,0,0.0,0,,,,,,,,,,,,,,,,,,72802.55,73004.16,72702.94,72750.87,72360.666205,71996.389819,364.276386,,,,,71655.171641,,,NONE,,,,,False,,71996.389819,,,,,,1.197,,72794.648937,70863.607063,71829.128,0.9773,33.61,ASIAN
2026-03-16T00:18:39.304460+00:00,USDJPY.s,taipan,24849108,M30,HOLD,NONE,NONE,0,0.13095398652625811,0,,,,,,,,,,,,,,,,,,159.55,159.55,159.419,159.438,159.544321,159.534659,0.009662,,159.736,159.419,,159.426923,,,NONE,,,,,False,,159.534659,,,159.736,159.419,2.4207,0.8348,,159.75394,159.38716,159.57055,0.1386,18.38,ASIAN
2026-03-16T00:18:39.304460+00:00,EURUSD.s,taipan,24849108,M30,HOLD,NONE,NONE,0,0.0011295162238973934,0,,,,,,,,,,,,,,,,,,1.14346,1.14469,1.14343,1.14461,1.143197,1.143687,-0.00049,,1.14469,1.14175,,1.14609,,,NONE,,,,,False,,1.143687,,,1.14469,1.14175,2.6029,0.7264,,1.145662,1.140963,1.143312,0.7761,32.19,ASIAN
2026-03-16T00:18:39.304460+00:00,XAUUSD.s,taipan,24849108,M30,HOLD,NONE,NONE,0,0.0,0,,,,,,,,,,,,,,,,,,4997.51,5028.66,4996.76,5016.98,5014.560904,5035.001504,-20.4406,,,,,5068.241644,,,NONE,,,,,False,,5035.001504,,,,,,0.6877,,5091.907481,4981.501519,5036.7045,0.3213,45.25,ASIAN
2026-03-16T00:18:39.304460+00:00,USOUSD.s,taipan,24849108,M30,HOLD,NONE,NONE,0,0.0,0,,,,,,,,,,,,,,,,,,98.747,98.857,97.587,97.782,98.762042,97.871982,0.89006,,,,,96.453101,,,NONE,,,,,False,,97.871982,,,,,,0.7387,,101.10876,94.13424,97.6215,0.523,27.75,ASIAN
2026-03-16T00:23:41.882285+00:00,BTCUSD,taipan,24849108,M30,HOLD,NONE,NONE,0,0.0,0,,,,,,,,,,,,,,,,,,72802.55,73004.16,72536.91,72545.1,72314.939538,71976.792676,338.146862,,,,,71647.102229,,,NONE,,,,,False,,71976.792676,,,,,,1.4404,,72746.653712,70891.025288,71818.8395,0.8914,33.61,ASIAN
2026-03-16T00:23:41.882285+00:00,USDJPY.s,taipan,24849108,M30,HOLD,NONE,NONE,0,0.1326682722405439,0,,,,,,,,,,,,,,,,,,159.55,159.55,159.395,159.395,159.534765,159.530564,0.004201,,159.736,159.395,,159.425237,,,NONE,,,,,False,,159.530564,,,159.736,159.395,2.5703,1.0332,,159.759192,159.377608,159.5684,0.0456,18.15,ASIAN
2026-03-16T00:23:41.882285+00:00,EURUSD.s,taipan,24849108,M30,HOLD,NONE,NONE,0,0.0011302305096116839,0,,,,,,,,,,,,,,,,,,1.14346,1.1447,1.14343,1.14469,1.143214,1.143695,-0.000481,,1.1447,1.14175,,1.146093,,,NONE,,,,,False,,1.143695,,,1.1447,1.14175,2.6101,0.8701,,1.145676,1.140957,1.143316,0.7911,32.2,ASIAN
2026-03-16T00:23:41.882285+00:00,XAUUSD.s,taipan,24849108,M30,HOLD,NONE,NONE,0,0.0,0,,,,,,,,,,,,,,,,,,4997.51,5028.66,4996.76,5018.36,5014.867571,5035.132932,-20.265361,,,,,5068.295762,,,NONE,,,,,False,,5035.132932,,,,,,0.8132,,5091.876032,4981.670968,5036.7735,0.3329,45.25,ASIAN
2026-03-16T00:23:41.882285+00:00,USOUSD.s,taipan,24849108,M30,HOLD,NONE,NONE,0,0.0,0,,,,,,,,,,,,,,,,,,98.747,98.857,97.587,98.087,98.82982,97.901029,0.928791,,,,,96.465062,,,NONE,,,,,False,,97.901029,,,,,,0.8971,,101.129628,94.143872,97.63675,0.5645,27.75,ASIAN
2026-03-16T00:28:44.501406+00:00,BTCUSD,taipan,24849108,M30,HOLD,NONE,NONE,0,0.0,0,,,,,,,,,,,,,,,,,,72802.55,73004.16,72492.46,72511.11,72307.386205,71973.555533,333.830672,,,,,71645.769288,,,NONE,,,,,False,,71973.555533,,,,,,1.6053,,72739.46117,70894.81883,71817.14,0.8762,33.61,ASIAN
2026-03-16T00:28:44.501406+00:00,USDJPY.s,taipan,24849108,M30,HOLD,NONE,NONE,0,0.13695398652625834,0,,,,,,,,,,,,,,,,,,159.55,159.55,159.316,159.329,159.520099,159.524278,-0.004179,,159.736,159.335,,159.422649,,,NONE,,,,,False,,159.524278,,,159.736,159.335,2.928,1.2337,,159.770262,159.359938,159.5651,-0.0754,17.91,ASIAN
2026-03-16T00:28:44.501406+00:00,EURUSD.s,taipan,24849108,M30,HOLD,NONE,NONE,0,0.0011445162238973964,0,,,,,,,,,,,,,,,,,,1.14346,1.1449,1.14343,1.14482,1.143243,1.143707,-0.000464,,1.1449,1.14175,,1.146098,,,NONE,,,,,False,,1.143707,,,1.1449,1.14175,2.7523,0.9683,,1.145699,1.140947,1.143323,0.815,32.37,ASIAN
2026-03-16T00:28:44.501406+00:00,XAUUSD.s,taipan,24849108,M30,HOLD,NONE,NONE,0,0.0,0,,,,,,,,,,,,,,,,,,4997.51,5028.66,4996.76,5018.74,5014.952015,5035.169123,-20.217108,,,,,5068.310664,,,NONE,,,,,False,,5035.169123,,,,,,0.9259,,5091.868554,4981.716446,5036.7925,0.3361,45.25,ASIAN
2026-03-16T00:28:44.501406+00:00,USOUSD.s,taipan,24849108,M30,HOLD,NONE,NONE,0,0.0,0,,,,,,,,,,,,,,,,,,98.747,98.857,97.587,98.152,98.844264,97.90722,0.937044,,,,,96.467611,,,NONE,,,,,False,,97.90722,,,,,,0.9763,,101.134762,94.145238,97.64,0.5733,27.75,ASIAN
2026-03-16T00:33:46.997422+00:00,BTCUSD,taipan,24849108,M30,HOLD,NONE,NONE,0,0.0,0,,,,,,,,,,,,,,,,,,72500.75,72583.19,72494.95,72559.98,72361.561616,72028.430063,333.131553,,,,,71681.164489,,,NONE,,,,,False,,72028.430063,,,,,,0.1885,,72836.354025,70890.857975,71863.606,0.8579,35.73,ASIAN
2026-03-16T00:33:46.997422+00:00,USDJPY.s,taipan,24849108,M30,HOLD,NONE,NONE,0,0.13695398652625834,0,,,,,,,,,,,,,,,,,,159.318,159.335,159.302,159.314,159.472571,159.50339,-0.030819,,159.736,159.335,,159.418018,,,NONE,,,,,False,,159.50339,,,159.736,159.335,2.928,0.1491,,159.779932,159.344868,159.5624,-0.071,16.96,ASIAN
2026-03-16T00:33:46.997422+00:00,EURUSD.s,taipan,24849108,M30,HOLD,NONE,NONE,0,0.0010806222631298092,0,,,,,,,,,,,,,,,,,,1.14479,1.14495,1.1447,1.14486,1.143597,1.143815,-0.000218,,1.14495,1.14175,,1.146048,,,NONE,,,,,False,,1.143815,,,1.14495,1.14175,2.9613,0.112,,1.145515,1.14105,1.143282,0.8533,30.64,ASIAN
2026-03-16T00:33:46.997422+00:00,XAUUSD.s,taipan,24849108,M30,HOLD,NONE,NONE,0,22.265744250637102,0,,,,,,,,,,,,,,,,,,5016.77,5028.55,5014.9,5028.23,5017.560456,5034.337642,-16.777186,,5030.45,4967.58,,5066.665672,,,NONE,,,,,False,,5034.337642,,,5030.45,4967.58,2.8236,0.1118,,5079.014215,4987.018785,5033.0165,0.448,44.51,ASIAN
2026-03-16T00:33:46.997422+00:00,USOUSD.s,taipan,24849108,M30,HOLD,NONE,NONE,0,0.0,0,,,,,,,,,,,,,,,,,,98.087,98.187,98.067,98.092,98.65981,97.916201,0.743609,,,,,96.527277,,,NONE,,,,,False,,97.916201,,,,,,0.0608,,100.969938,94.666262,97.8181,0.5435,26.99,ASIAN
2026-03-16T00:39:01.333448+00:00,BTCUSD,taipan,24849108,M30,HOLD,NONE,NONE,0,0.0,0,,,,,,,,,,,,,,,,,,72500.75,72675.41,72494.95,72588.31,72367.857172,72031.128158,336.729014,,,,,71682.275469,,,NONE,,,,,False,,72031.128158,,,,,,0.4142,,72842.113018,70887.931982,71865.0225,0.8701,35.73,ASIAN
2026-03-16T00:39:01.333448+00:00,USDJPY.s,taipan,24849108,M30,HOLD,NONE,NONE,0,0.13695398652625834,0,,,,,,,,,,,,,,,,,,159.318,159.34,159.28,159.281,159.465237,159.500247,-0.03501,,159.736,159.335,,159.416724,,,NONE,,,,,False,,159.500247,,,159.736,159.335,2.928,0.3492,,159.786558,159.334942,159.56075,-0.1194,17.13,ASIAN
2026-03-16T00:39:01.333448+00:00,EURUSD.s,taipan,24849108,M30,HOLD,NONE,NONE,0,0.0010806222631298092,0,,,,,,,,,,,,,,,,,,1.14479,1.14505,1.1447,1.14504,1.143637,1.143832,-0.000195,,1.14495,1.14175,,1.146055,,,NONE,,,,,False,,1.143832,,,1.14495,1.14175,2.9613,0.2551,,1.145552,1.141031,1.143291,0.8868,30.73,ASIAN
2026-03-16T00:39:01.333448+00:00,XAUUSD.s,taipan,24849108,M30,HOLD,NONE,NONE,0,22.42431567920855,0,,,,,,,,,,,,,,,,,,5016.77,5030.77,5014.9,5024.5,5016.731567,5033.982404,-17.250837,,5030.77,4967.58,,5066.519397,,,NONE,,,,,False,,5033.982404,,,5030.77,4967.58,2.8179,0.2608,,5078.93954,4986.72046,5032.83,0.4097,44.37,ASIAN
2026-03-16T00:39:01.333448+00:00,USOUSD.s,taipan,24849108,M30,HOLD,NONE,NONE,0,0.0,0,,,,,,,,,,,,,,,,,,98.087,98.202,97.972,98.007,98.640921,97.908106,0.732815,,,,,96.523943,,,NONE,,,,,False,,97.908106,,,,,,0.1531,,100.964362,94.663338,97.81385,0.5307,26.99,ASIAN
2026-03-16T00:44:03.946644+00:00,BTCUSD,taipan,24849108,M30,HOLD,NONE,NONE,0,0.0,0,,,,,,,,,,,,,,,,,,72500.75,72675.41,72439.02,72534.16,72355.823839,72025.971015,329.852824,,,,,71680.15194,,,NONE,,,,,False,,72025.971015,,,,,,0.5802,,72831.232628,70893.397372,71862.315,0.8467,35.44,ASIAN
2026-03-16T00:44:03.946644+00:00,USDJPY.s,taipan,24849108,M30,HOLD,NONE,NONE,0,0.13695398652625834,0,,,,,,,,,,,,,,,,,,159.318,159.34,159.244,159.289,159.467015,159.501009,-0.033994,,159.736,159.335,,159.417038,,,NONE,,,,,False,,159.501009,,,159.736,159.335,2.928,0.5739,,159.784891,159.337409,159.56115,-0.1082,17.39,ASIAN
2026-03-16T00:44:03.946644+00:00,EURUSD.s,taipan,24849108,M30,HOLD,NONE,NONE,0,0.0010806222631298092,0,,,,,,,,,,,,,,,,,,1.14479,1.14519,1.1447,1.14499,1.143626,1.143827,-0.000201,,1.14495,1.14175,,1.146054,,,NONE,,,,,False,,1.143827,,,1.14495,1.14175,2.9613,0.3884,,1.145542,1.141036,1.143289,0.8775,30.85,ASIAN
2026-03-16T00:44:03.946644+00:00,XAUUSD.s,taipan,24849108,M30,HOLD,NONE,NONE,0,22.42431567920855,0,,,,,,,,,,,,,,,,,,5016.77,5030.77,5014.9,5027.1,5017.309345,5034.230023,-16.920678,,5030.77,4967.58,,5066.621358,,,NONE,,,,,False,,5034.230023,,,5030.77,4967.58,2.8179,0.3908,,5078.985238,4986.934762,5032.96,0.4363,44.37,ASIAN
2026-03-16T00:44:03.946644+00:00,USOUSD.s,taipan,24849108,M30,HOLD,NONE,NONE,0,0.0,0,,,,,,,,,,,,,,,,,,98.087,98.202,97.622,97.717,98.576477,97.880487,0.69599,,,,,96.512571,,,NONE,,,,,False,,97.880487,,,,,,0.2673,,100.948788,94.649912,97.79935,0.4869,26.99,ASIAN
2026-03-16T00:49:06.577711+00:00,BTCUSD,taipan,24849108,M30,HOLD,NONE,NONE,0,0.0,0,,,,,,,,,,,,,,,,,,72500.75,72675.41,72439.02,72609.35,72372.532727,72033.131967,339.40076,,,,,71683.100567,,,NONE,,,,,False,,72033.131967,,,,,,0.7493,,72846.48359,70885.66541,71866.0745,0.8791,35.44,ASIAN
2026-03-16T00:49:06.577711+00:00,USDJPY.s,taipan,24849108,M30,HOLD,NONE,NONE,0,0.13695398652625834,0,,,,,,,,,,,,,,,,,,159.318,159.34,159.244,159.32,159.473904,159.503961,-0.030057,,159.736,159.335,,159.418254,,,NONE,,,,,False,,159.503961,,,159.736,159.335,2.928,0.7396,,159.778801,159.346599,159.5627,-0.0615,17.39,ASIAN
2026-03-16T00:49:06.577711+00:00,EURUSD.s,taipan,24849108,M30,HOLD,NONE,NONE,0,0.0010806222631298092,0,,,,,,,,,,,,,,,,,,1.14479,1.14525,1.1447,1.14521,1.143675,1.143848,-0.000173,,1.14495,1.14175,,1.146062,,,NONE,,,,,False,,1.143848,,,1.14495,1.14175,2.9613,0.5138,,1.14559,1.14101,1.1433,0.917,30.9,ASIAN
2026-03-16T00:49:06.577711+00:00,XAUUSD.s,taipan,24849108,M30,HOLD,NONE,NONE,0,22.42431567920855,0,,,,,,,,,,,,,,,,,,5016.77,5030.77,5014.9,5029.11,5017.756012,5034.421451,-16.665439,,5030.77,4967.58,,5066.700182,,,NONE,,,,,False,,5034.421451,,,5030.77,4967.58,2.8179,0.5235,,5079.040617,4987.080383,5033.0605,0.457,44.37,ASIAN
2026-03-16T00:49:06.577711+00:00,USOUSD.s,taipan,24849108,M30,HOLD,NONE,NONE,0,0.0,0,,,,,,,,,,,,,,,,,,98.087,98.202,97.312,97.582,98.546477,97.86763,0.678847,,,,,96.507277,,,NONE,,,,,False,,97.86763,,,,,,0.3955,,100.94336,94.64184,97.7926,0.4666,26.73,ASIAN
2026-03-16T00:54:09.047420+00:00,BTCUSD,taipan,24849108,M30,HOLD,NONE,NONE,0,0.0,0,,,,,,,,,,,,,,,,,,72500.75,72675.41,72439.02,72587.29,72367.630505,72031.031015,336.59949,,,,,71682.235469,,,NONE,,,,,False,,72031.031015,,,,,,0.8844,,72841.903154,70888.039846,71864.9715,0.8697,35.44,ASIAN
2026-03-16T00:54:09.047420+00:00,USDJPY.s,taipan,24849108,M30,HOLD,NONE,NONE,0,0.13695398652625834,0,,,,,,,,,,,,,,,,,,159.318,159.384,159.244,159.38,159.487237,159.509676,-0.022439,,159.736,159.335,,159.420607,,,NONE,,,,,False,,159.509676,,,159.736,159.335,2.928,0.9581,,159.768896,159.362504,159.5657,0.0431,17.39,ASIAN
2026-03-16T00:54:09.047420+00:00,EURUSD.s,taipan,24849108,M30,HOLD,NONE,NONE,0,0.0010806222631298092,0,,,,,,,,,,,,,,,,,,1.14479,1.1453,1.1447,1.14502,1.143633,1.14383,-0.000197,,1.14495,1.14175,,1.146055,,,NONE,,,,,False,,1.14383,,,1.14495,1.14175,2.9613,0.6365,,1.145548,1.141033,1.14329,0.8831,30.95,ASIAN
2026-03-16T00:54:09.047420+00:00,XAUUSD.s,taipan,24849108,M30,HOLD,NONE,NONE,0,22.42431567920855,0,,,,,,,,,,,,,,,,,,5016.77,5030.77,5014.9,5021.39,5016.040456,5033.686213,-17.645757,,5030.77,4967.58,,5066.397437,,,NONE,,,,,False,,5033.686213,,,5030.77,4967.58,2.8179,0.6693,,5078.923089,4986.425911,5032.6745,0.378,44.37,ASIAN
2026-03-16T00:54:09.047420+00:00,USOUSD.s,taipan,24849108,M30,HOLD,NONE,NONE,0,0.0,0,,,,,,,,,,,,,,,,,,98.087,98.202,97.312,97.757,98.585366,97.884296,0.70107,,,,,96.514139,,,NONE,,,,,False,,97.884296,,,,,,0.5,,100.950619,94.652081,97.80135,0.493,26.73,ASIAN
2026-03-16T00:59:11.543223+00:00,BTCUSD,taipan,24849108,M30,HOLD,NONE,NONE,0,0.0,0,,,,,,,,,,,,,,,,,,72500.75,72675.41,72439.02,72541.01,72357.346061,72026.623396,330.722665,,,,,71680.420567,,,NONE,,,,,False,,72026.623396,,,,,,1.0001,,72832.579403,70892.735597,71862.6575,0.8497,35.44,ASIAN
2026-03-16T00:59:11.543223+00:00,USDJPY.s,taipan,24849108,M30,HOLD,NONE,NONE,0,0.13695398652625834,0,,,,,,,,,,,,,,,,,,159.318,159.405,159.244,159.288,159.466793,159.500914,-0.034121,,159.736,159.335,,159.416999,,,NONE,,,,,False,,159.500914,,,159.736,159.335,2.928,1.2052,,159.785097,159.337103,159.5611,-0.1096,17.39,ASIAN
2026-03-16T00:59:11.543223+00:00,EURUSD.s,taipan,24849108,M30,HOLD,NONE,NONE,0,0.0010806222631298092,0,,,,,,,,,,,,,,,,,,1.14479,1.14547,1.1447,1.14542,1.143722,1.143868,-0.000146,,1.14495,1.14175,,1.14607,,,NONE,,,,,False,,1.143868,,,1.14495,1.14175,2.9613,0.8075,,1.145639,1.140982,1.14331,0.953,31.08,ASIAN
2026-03-16T00:59:11.543223+00:00,XAUUSD.s,taipan,24849108,M30,HOLD,NONE,NONE,0,22.42431567920855,0,,,,,,,,,,,,,,,,,,5016.77,5030.77,5014.9,5027.88,5017.482679,5034.304308,-16.821629,,5030.77,4967.58,,5066.651946,,,NONE,,,,,False,,5034.304308,,,5030.77,4967.58,2.8179,0.7923,,5079.004648,4986.993352,5032.999,0.4444,44.37,ASIAN
2026-03-16T00:59:11.543223+00:00,USOUSD.s,taipan,24849108,M30,HOLD,NONE,NONE,0,0.0,0,,,,,,,,,,,,,,,,,,98.087,98.202,97.312,97.662,98.564255,97.875249,0.689006,,,,,96.510414,,,NONE,,,,,False,,97.875249,,,,,,0.5959,,100.946437,94.646763,97.7966,0.4786,26.73,ASIAN
2026-03-16T01:04:14.173102+00:00,BTCUSD,taipan,24849108,M30,HOLD,NONE,NONE,0,0.0,0,,,,,,,,,,,,,,,,,,72522.3,72616.09,72375.5,72376.87,72358.331628,72058.30856,300.023068,,,,,71707.063284,,,NONE,,,,,False,,72058.30856,,,,,,0.1993,,72881.494129,70933.276871,71907.3855,0.741,36.78,ASIAN
2026-03-16T01:04:14.173102+00:00,USDJPY.s,taipan,24849108,M30,HOLD,NONE,NONE,0,0.13695398652625834,0,,,,,,,,,,,,,,,,,,159.292,159.358,159.277,159.356,159.442691,159.487371,-0.04468,,159.736,159.335,,159.414717,,,NONE,,,,,False,,159.487371,,,159.736,159.335,2.928,0.2045,,159.792755,159.321245,159.557,0.0737,16.91,ASIAN
2026-03-16T01:04:14.173102+00:00,EURUSD.s,taipan,24849108,M30,HOLD,NONE,NONE,0,0.0010806222631298092,0,,,,,,,,,,,,,,,,,,1.1454,1.14557,1.14486,1.14493,1.143987,1.143967,2e-05,,1.14495,1.14175,,1.146025,,,NONE,,,,,False,,1.143967,,,1.14495,1.14175,2.9613,0.2235,,1.145645,1.14098,1.143312,0.8467,29.97,ASIAN
2026-03-16T01:04:14.173102+00:00,XAUUSD.s,taipan,24849108,M30,HOLD,NONE,NONE,0,21.840436695500145,0,,,,,,,,,,,,,,,,,,5025.8,5026.44,5012.19,5016.92,5016.97912,5032.459952,-15.480832,,5030.77,4967.58,,5064.619444,,,NONE,,,,,False,,5032.459952,,,5030.77,4967.58,2.8933,0.2066,,5067.496981,4991.080019,5029.2885,0.3381,43.64,ASIAN
2026-03-16T01:04:14.173102+00:00,USOUSD.s,taipan,24849108,M30,HOLD,NONE,NONE,0,0.0,0,,,,,,,,,,,,,,,,,,97.452,97.902,96.707,97.827,98.36326,97.852128,0.511132,,,,,96.553934,,,NONE,,,,,False,,97.852128,,,,,,0.3427,,100.708046,95.192854,97.95045,0.4776,25.21,ASIAN
2026-03-16T01:09:16.709993+00:00,BTCUSD,taipan,24849108,M30,HOLD,NONE,NONE,0,0.0,0,,,,,,,,,,,,,,,,,,72522.3,72616.09,72359.43,72397.44,72362.902739,72060.267608,302.635131,,,,,71707.869951,,,NONE,,,,,False,,72060.267608,,,,,,0.3829,,72884.650895,70932.177105,71908.414,0.7505,36.7,ASIAN
2026-03-16T01:09:16.709993+00:00,USDJPY.s,taipan,24849108,M30,HOLD,NONE,NONE,0,0.13695398652625834,0,,,,,,,,,,,,,,,,,,159.292,159.395,159.277,159.373,159.446468,159.48899,-0.042522,,159.736,159.335,,159.415383,,,NONE,,,,,False,,159.48899,,,159.736,159.335,2.928,0.4458,,159.790657,159.325043,159.55785,0.103,16.91,ASIAN
2026-03-16T01:09:16.709993+00:00,EURUSD.s,taipan,24849108,M30,HOLD,NONE,NONE,0,0.0010806222631298092,0,,,,,,,,,,,,,,,,,,1.1454,1.14557,1.14458,1.1446,1.143913,1.143936,-2.3e-05,,1.14495,1.14175,,1.146012,,,NONE,,,,,False,,1.143936,,,1.14495,1.14175,2.9613,0.452,,1.145585,1.141007,1.143296,0.7848,29.75,ASIAN
2026-03-16T01:09:16.709993+00:00,XAUUSD.s,taipan,24849108,M30,HOLD,NONE,NONE,0,21.88472240978585,0,,,,,,,,,,,,,,,,,,5025.8,5026.44,5011.57,5014.41,5016.421343,5032.220905,-15.799562,,5030.77,4967.58,,5064.521013,,,NONE,,,,,False,,5032.220905,,,5030.77,4967.58,2.8874,0.4342,,5067.558568,4990.767432,5029.163,0.3079,43.66,ASIAN
2026-03-16T01:09:16.709993+00:00,USOUSD.s,taipan,24849108,M30,HOLD,NONE,NONE,0,0.0,0,,,,,,,,,,,,,,,,,,97.452,97.912,96.707,97.732,98.342149,97.84308,0.499069,,,,,96.550208,,,NONE,,,,,False,,97.84308,,,,,,0.5678,,100.704518,95.186882,97.9457,0.4613,25.21,ASIAN
2026-03-16T01:14:19.467899+00:00,BTCUSD,taipan,24849108,M30,HOLD,NONE,NONE,0,0.0,0,,,,,,,,,,,,,,,,,,72522.3,72616.09,72265.17,72305.3,72342.427183,72051.49237,290.934813,,,,,71704.256617,,,NONE,,,,,False,,72051.49237,,,,,,0.5851,,72871.1561,70936.4579,71903.807,0.7075,36.21,ASIAN
2026-03-16T01:14:19.467899+00:00,USDJPY.s,taipan,24849108,M30,HOLD,NONE,NONE,0,0.13695398652625834,0,,,,,,,,,,,,,,,,,,159.292,159.423,159.277,159.397,159.451802,159.491276,-0.039474,,159.736,159.335,,159.416325,,,NONE,,,,,False,,159.491276,,,159.736,159.335,2.928,0.6324,,159.788062,159.330038,159.55905,0.1462,16.74,ASIAN
2026-03-16T01:14:19.467899+00:00,EURUSD.s,taipan,24849108,M30,HOLD,NONE,NONE,0,0.0010806222631298092,0,,,,,,,,,,,,,,,,,,1.1454,1.14557,1.14428,1.14443,1.143876,1.14392,-4.4e-05,,1.14495,1.14175,,1.146005,,,NONE,,,,,False,,1.14392,,,1.14495,1.14175,2.9613,0.6514,,1.145557,1.141018,1.143288,0.7517,29.43,ASIAN
2026-03-16T01:14:19.467899+00:00,XAUUSD.s,taipan,24849108,M30,HOLD,NONE,NONE,0,23.298293838357278,0,,,,,,,,,,,,,,,,,,5025.8,5026.44,4991.78,4993.54,5011.783565,5030.233286,-18.449721,,5030.77,4967.58,,5063.702582,,,NONE,,,,,False,,5030.233286,,,5030.77,4967.58,2.7122,0.669,,5069.240918,4986.998082,5028.1195,0.0795,44.25,ASIAN
2026-03-16T01:14:19.467899+00:00,USOUSD.s,taipan,24849108,M30,HOLD,NONE,NONE,0,0.0,0,,,,,,,,,,,,,,,,,,97.452,98.222,96.707,97.927,98.385482,97.861651,0.523831,,,,,96.557856,,,NONE,,,,,False,,97.861651,,,,,,0.7735,,100.712466,95.198434,97.95545,0.4948,25.21,ASIAN
2026-03-16T01:19:22.081611+00:00,BTCUSD,taipan,24849108,M30,HOLD,NONE,NONE,0,0.0,0,,,,,,,,,,,,,,,,,,72522.3,72616.09,72265.17,72417.56,72367.37385,72062.183799,305.190051,,,,,71708.65897,,,NONE,,,,,False,,72062.183799,,,,,,0.7754,,72887.817803,70931.022197,71909.42,0.7597,36.21,ASIAN
2026-03-16T01:19:22.081611+00:00,USDJPY.s,taipan,24849108,M30,HOLD,NONE,NONE,0,0.13695398652625834,0,,,,,,,,,,,,,,,,,,159.292,159.427,159.277,159.385,159.449135,159.490133,-0.040998,,159.736,159.335,,159.415854,,,NONE,,,,,False,,159.490133,,,159.736,159.335,2.928,0.8624,,159.789305,159.327595,159.55845,0.1243,16.71,ASIAN
2026-03-16T01:19:22.081611+00:00,EURUSD.s,taipan,24849108,M30,HOLD,NONE,NONE,0,0.0010806222631298092,0,,,,,,,,,,,,,,,,,,1.1454,1.14557,1.14417,1.1445,1.143891,1.143926,-3.5e-05,,1.14495,1.14175,,1.146008,,,NONE,,,,,False,,1.143926,,,1.14495,1.14175,2.9613,0.8334,,1.145568,1.141014,1.143291,0.7655,29.32,ASIAN
2026-03-16T01:19:22.081611+00:00,XAUUSD.s,taipan,24849108,M30,HOLD,NONE,NONE,0,23.865436695500108,0,,,,,,,,,,,,,,,,,,5025.8,5026.44,4983.84,5003.38,5013.970231,5031.170429,-17.200198,,5030.77,4967.58,,5064.088464,,,NONE,,,,,False,,5031.170429,,,5030.77,4967.58,2.6478,0.9133,,5068.197708,4989.025292,5028.6115,0.1813,44.45,ASIAN
2026-03-16T01:19:22.081611+00:00,USOUSD.s,taipan,24849108,M30,HOLD,NONE,NONE,0,0.0,0,,,,,,,,,,,,,,,,,,97.452,98.222,96.707,97.977,98.396593,97.866413,0.53018,,,,,96.559816,,,NONE,,,,,False,,97.866413,,,,,,0.9763,,100.714948,95.200952,97.95795,0.5035,25.21,ASIAN
2026-03-16T01:24:24.610213+00:00,BTCUSD,taipan,24849108,M30,HOLD,NONE,NONE,0,0.0,0,,,,,,,,,,,,,,,,,,72522.3,72616.09,72265.17,72595.9,72407.004961,72079.16856,327.836401,,,,,71715.652696,,,NONE,,,,,False,,72079.16856,,,,,,0.9819,,72919.2265,70917.4475,71918.337,0.8385,36.21,ASIAN
2026-03-16T01:24:24.610213+00:00,USDJPY.s,taipan,24849108,M30,HOLD,NONE,NONE,0,0.13695398652625834,0,,,,,,,,,,,,,,,,,,159.292,159.443,159.277,159.431,159.459357,159.494514,-0.035157,,159.736,159.335,,159.417658,,,NONE,,,,,False,,159.494514,,,159.736,159.335,2.928,1.0658,,159.785156,159.336344,159.56075,0.2109,16.57,ASIAN
2026-03-16T01:24:24.610213+00:00,EURUSD.s,taipan,24849108,M30,HOLD,NONE,NONE,0,0.0010806222631298092,0,,,,,,,,,,,,,,,,,,1.1454,1.14557,1.14412,1.14424,1.143833,1.143902,-6.9e-05,,1.14495,1.14175,,1.145998,,,NONE,,,,,False,,1.143902,,,1.14495,1.14175,2.9613,0.9977,,1.145529,1.141027,1.143278,0.7137,29.27,ASIAN
2026-03-16T01:24:24.610213+00:00,XAUUSD.s,taipan,24849108,M30,HOLD,NONE,NONE,0,23.865436695500108,0,,,,,,,,,,,,,,,,,,5025.8,5026.44,4983.84,4994.84,5012.072454,5030.357095,-18.284641,,5030.77,4967.58,,5063.753562,,,NONE,,,,,False,,5030.357095,,,5030.77,4967.58,2.6478,1.117,,5069.079259,4987.289741,5028.1845,0.0923,44.45,ASIAN
2026-03-16T01:24:24.610213+00:00,USOUSD.s,taipan,24849108,M30,HOLD,NONE,NONE,0,0.0,0,,,,,,,,,,,,,,,,,,97.452,98.222,96.707,97.872,98.37326,97.856413,0.516847,,,,,96.555699,,,NONE,,,,,False,,97.856413,,,,,,1.1536,,100.709945,95.195455,97.9527,0.4854,25.21,ASIAN
2026-03-16T01:29:27.590397+00:00,BTCUSD,taipan,24849108,M30,HOLD,NONE,NONE,0,0.0,0,,,,,,,,,,,,,,,,,,72522.3,72682.26,72265.17,72640.19,72416.847183,72083.386656,333.460527,,,,,71717.389559,,,NONE,,,,,False,,72083.386656,,,,,,1.2742,,72927.928089,70913.174911,71920.5515,0.8572,36.21,ASIAN
2026-03-16T01:29:27.590397+00:00,USDJPY.s,taipan,24849108,M30,HOLD,NONE,NONE,0,0.13695398652625834,0,,,,,,,,,,,,,,,,,,159.292,159.443,159.277,159.405,159.45358,159.492038,-0.038458,,159.736,159.335,,159.416638,,,NONE,,,,,False,,159.492038,,,159.736,159.335,2.928,1.2017,,159.787295,159.331605,159.55945,0.1611,16.57,ASIAN
2026-03-16T01:29:27.590397+00:00,EURUSD.s,taipan,24849108,M30,HOLD,NONE,NONE,0,0.0010806222631298092,0,,,,,,,,,,,,,,,,,,1.1454,1.14557,1.14412,1.1442,1.143825,1.143898,-7.3e-05,,1.14495,1.14175,,1.145996,,,NONE,,,,,False,,1.143898,,,1.14495,1.14175,2.9613,1.1415,,1.145524,1.141028,1.143276,0.7055,29.27,ASIAN
2026-03-16T01:29:27.590397+00:00,XAUUSD.s,taipan,24849108,M30,HOLD,NONE,NONE,0,23.865436695500108,0,,,,,,,,,,,,,,,,,,5025.8,5026.44,4983.84,4988.38,5010.636898,5029.741857,-19.104959,,5030.77,4967.58,,5063.500229,,,NONE,,,,,False,,5029.741857,,,5030.77,4967.58,2.6478,1.3206,,5069.949796,4985.773204,5027.8615,0.031,44.45,ASIAN
2026-03-16T01:29:27.590397+00:00,USOUSD.s,taipan,24849108,M30,HOLD,NONE,NONE,0,0.0,0,,,,,,,,,,,,,,,,,,97.452,98.222,96.707,98.162,98.437704,97.884032,0.553672,,,,,96.567071,,,NONE,,,,,False,,97.884032,,,,,,1.3349,,100.725708,95.208692,97.9672,0.5353,25.21,ASIAN
2026-03-16T01:34:30.115920+00:00,BTCUSD,taipan,24849108,M30,HOLD,NONE,NONE,0,0.0,0,,,,,,,,,,,,,,,,,,72639.64,72639.64,72471.62,72552.15,72446.940402,72128.043708,318.896694,,,,,71750.046511,,,NONE,,,,,False,,72128.043708,,,,,,0.2162,,72996.390454,70952.805546,71974.598,0.7826,36.93,ASIAN
2026-03-16T01:34:30.115920+00:00,USDJPY.s,taipan,24849108,M30,HOLD,NONE,NONE,0,0.13695398652625834,0,,,,,,,,,,,,,,,,,,159.405,159.496,159.403,159.496,159.463006,159.492415,-0.029409,,159.736,159.335,,159.419824,,,NONE,,,,,False,,159.492415,,,159.736,159.335,2.928,0.2537,,159.786972,159.328328,159.55765,0.3656,15.42,ASIAN
2026-03-16T01:34:30.115920+00:00,EURUSD.s,taipan,24849108,M30,HOLD,NONE,NONE,0,0.0010806222631298092,0,,,,,,,,,,,,,,,,,,1.14417,1.14424,1.14388,1.14394,1.143843,1.143898,-5.5e-05,,1.14495,1.14175,,1.145914,,,NONE,,,,,False,,1.143898,,,1.14495,1.14175,2.9613,0.1862,,1.145483,1.141037,1.14326,0.6529,27.35,ASIAN
2026-03-16T01:34:30.115920+00:00,XAUUSD.s,taipan,24849108,M30,HOLD,NONE,NONE,0,22.81290562322356,0,,,,,,,,,,,,,,,,,,4987.97,4991.74,4982.61,4988.64,5005.679563,5025.792927,-20.113364,,5030.77,4967.58,,5060.546235,,,NONE,,,,,False,,5025.792927,,,5030.77,4967.58,2.7699,0.209,,5070.265202,4980.114798,5025.19,0.0946,44.56,ASIAN
2026-03-16T01:34:30.115920+00:00,USOUSD.s,taipan,24849108,M30,HOLD,NONE,NONE,0,0.0,0,,,,,,,,,,,,,,,,,,98.272,98.597,98.057,98.527,98.47656,97.954746,0.521814,,,,,96.648108,,,NONE,,,,,False,,97.954746,,,,,,0.2256,,100.654823,95.580777,98.1178,0.5806,24.05,ASIAN
2026-03-16T01:39:32.772033+00:00,BTCUSD,taipan,24849108,M30,HOLD,NONE,NONE,0,0.0,0,,,,,,,,,,,,,,,,,,72639.64,72656.83,72471.62,72620.53,72462.135957,72134.556089,327.579868,,,,,71752.72808,,,NONE,,,,,False,,72134.556089,,,,,,0.4423,,73008.368211,70947.665789,71978.017,0.8118,36.93,ASIAN
2026-03-16T01:39:32.772033+00:00,USDJPY.s,taipan,24849108,M30,HOLD,NONE,NONE,0,0.13695398652625834,0,,,,,,,,,,,,,,,,,,159.405,159.496,159.403,159.446,159.451895,159.487653,-0.035758,,159.736,159.335,,159.417863,,,NONE,,,,,False,,159.487653,,,159.736,159.335,2.928,0.4945,,159.788359,159.321941,159.55515,0.266,15.42,ASIAN
2026-03-16T01:39:32.772033+00:00,EURUSD.s,taipan,24849108,M30,HOLD,NONE,NONE,0,0.0010806222631298092,0,,,,,,,,,,,,,,,,,,1.14417,1.14443,1.14388,1.14432,1.143928,1.143935,-7e-06,,1.14495,1.14175,,1.145929,,,NONE,,,,,False,,1.143935,,,1.14495,1.14175,2.9613,0.402,,1.145532,1.141026,1.143279,0.731,27.35,ASIAN
2026-03-16T01:39:32.772033+00:00,XAUUSD.s,taipan,24849108,M30,HOLD,NONE,NONE,0,23.225762766080752,0,,,,,,,,,,,,,,,,,,4987.97,4997.52,4982.61,4995.53,5007.210674,5026.449118,-19.238444,,5030.77,4967.58,,5060.816431,,,NONE,,,,,False,,5026.449118,,,5030.77,4967.58,2.7207,0.4341,,5069.525803,4981.543197,5025.5345,0.159,44.56,ASIAN
2026-03-16T01:39:32.772033+00:00,USOUSD.s,taipan,24849108,M30,HOLD,NONE,NONE,0,0.0,0,,,,,,,,,,,,,,,,,,98.272,98.597,98.057,98.152,98.393227,97.919031,0.474196,,,,,96.633402,,,NONE,,,,,False,,97.919031,,,,,,0.4367,,100.628873,95.569227,98.09905,0.5105,24.05,ASIAN
2026-03-16T01:44:35.582082+00:00,BTCUSD,taipan,24849108,M30,HOLD,NONE,NONE,0,0.0,0,,,,,,,,,,,,,,,,,,72639.64,72656.83,72471.62,72565.18,72449.835957,72129.284661,320.551296,,,,,71750.557491,,,NONE,,,,,False,,72129.284661,,,,,,0.64,,72998.607897,70951.891103,71975.2495,0.7882,36.93,ASIAN
2026-03-16T01:44:35.582082+00:00,USDJPY.s,taipan,24849108,M30,HOLD,NONE,NONE,0,0.13695398652625834,0,,,,,,,,,,,,,,,,,,159.405,159.496,159.403,159.444,159.451451,159.487463,-0.036012,,159.736,159.335,,159.417785,,,NONE,,,,,False,,159.487463,,,159.736,159.335,2.928,0.6746,,159.788458,159.321642,159.55505,0.2621,15.42,ASIAN
2026-03-16T01:44:35.582082+00:00,EURUSD.s,taipan,24849108,M30,HOLD,NONE,NONE,0,0.0010806222631298092,0,,,,,,,,,,,,,,,,,,1.14417,1.14454,1.14388,1.14447,1.143961,1.143949,1.2e-05,,1.14495,1.14175,,1.145935,,,NONE,,,,,False,,1.143949,,,1.14495,1.14175,2.9613,0.5467,,1.145555,1.141018,1.143286,0.7609,27.35,ASIAN
2026-03-16T01:44:35.582082+00:00,XAUUSD.s,taipan,24849108,M30,HOLD,NONE,NONE,0,23.61933419465213,0,,,,,,,,,,,,,,,,,,4987.97,5003.03,4982.61,5000.69,5008.357341,5026.940546,-18.583205,,5030.77,4967.58,,5061.018784,,,NONE,,,,,False,,5026.940546,,,5030.77,4967.58,2.6754,0.6315,,5069.098056,4982.486944,5025.7925,0.2102,44.56,ASIAN
2026-03-16T01:44:35.582082+00:00,USOUSD.s,taipan,24849108,M30,HOLD,NONE,NONE,0,0.0,0,,,,,,,,,,,,,,,,,,98.272,98.597,98.057,98.522,98.475449,97.95427,0.521179,,,,,96.647911,,,NONE,,,,,False,,97.95427,,,,,,0.6007,,100.654405,95.580695,98.11755,0.5797,24.05,ASIAN
2026-03-16T01:49:38.277784+00:00,BTCUSD,taipan,24849108,M30,HOLD,NONE,NONE,0,0.0,0,,,,,,,,,,,,,,,,,,72639.64,72656.83,72471.62,72625.42,72463.222624,72135.021804,328.20082,,,,,71752.919844,,,NONE,,,,,False,,72135.021804,,,,,,0.761,,73009.256796,70947.266204,71978.2615,0.8139,36.93,ASIAN
2026-03-16T01:49:38.277784+00:00,USDJPY.s,taipan,24849108,M30,HOLD,NONE,NONE,0,0.13695398652625834,0,,,,,,,,,,,,,,,,,,159.405,159.496,159.392,159.445,159.451673,159.487558,-0.035885,,159.736,159.335,,159.417824,,,NONE,,,,,False,,159.487558,,,159.736,159.335,2.928,0.8345,,159.788408,159.321792,159.5551,0.264,15.42,ASIAN
2026-03-16T01:49:38.277784+00:00,EURUSD.s,taipan,24849108,M30,HOLD,NONE,NONE,0,0.0010806222631298092,0,,,,,,,,,,,,,,,,,,1.14417,1.14483,1.14388,1.14459,1.143988,1.14396,2.8e-05,,1.14495,1.14175,,1.145939,,,NONE,,,,,False,,1.14396,,,1.14495,1.14175,2.9613,0.704,,1.145575,1.14101,1.143292,0.7842,27.35,ASIAN
2026-03-16T01:49:38.277784+00:00,XAUUSD.s,taipan,24849108,M30,HOLD,NONE,NONE,0,24.06861990893784,0,,,,,,,,,,,,,,,,,,4987.97,5009.32,4982.61,5005.38,5009.399563,5027.387213,-17.98765,,5030.77,4967.58,,5061.202706,,,NONE,,,,,False,,5027.387213,,,5030.77,4967.58,2.6254,0.8092,,5068.807831,4983.246169,5026.027,0.2587,44.56,ASIAN
2026-03-16T01:49:38.277784+00:00,USOUSD.s,taipan,24849108,M30,HOLD,NONE,NONE,0,0.0,0,,,,,,,,,,,,,,,,,,98.272,98.717,98.057,98.362,98.439894,97.939031,0.500863,,,,,96.641637,,,NONE,,,,,False,,97.939031,,,,,,0.7801,,100.64204,95.57706,98.10955,0.5498,24.14,ASIAN
2026-03-16T01:54:40.949777+00:00,BTCUSD,taipan,24849108,M30,HOLD,NONE,NONE,0,0.0,0,,,,,,,,,,,,,,,,,,72639.64,72798.09,72471.62,72790.11,72499.820402,72150.706565,349.113837,,,,,71759.378276,,,NONE,,,,,False,,72150.706565,,,,,,0.9581,,73041.603518,70931.388482,71986.496,0.8808,37.14,ASIAN
2026-03-16T01:54:40.949777+00:00,USDJPY.s,taipan,24849108,M30,HOLD,NONE,NONE,0,0.13695398652625834,0,,,,,,,,,,,,,,,,,,159.405,159.496,159.392,159.446,159.451895,159.487653,-0.035758,,159.736,159.335,,159.417863,,,NONE,,,,,False,,159.487653,,,159.736,159.335,2.928,1.0236,,159.788359,159.321941,159.55515,0.266,15.42,ASIAN
2026-03-16T01:54:40.949777+00:00,EURUSD.s,taipan,24849108,M30,HOLD,NONE,NONE,0,0.0010806222631298092,0,,,,,,,,,,,,,,,,,,1.14417,1.14483,1.14388,1.14465,1.144001,1.143966,3.5e-05,,1.14495,1.14175,,1.145942,,,NONE,,,,,False,,1.143966,,,1.14495,1.14175,2.9613,0.8583,,1.145586,1.141005,1.143295,0.7957,27.35,ASIAN
2026-03-16T01:54:40.949777+00:00,XAUUSD.s,taipan,24849108,M30,HOLD,NONE,NONE,0,24.092191337509266,0,,,,,,,,,,,,,,,,,,4987.97,5009.65,4982.61,5009.14,5010.235118,5027.745308,-17.51019,,5030.77,4967.58,,5061.350157,,,NONE,,,,,False,,5027.745308,,,5030.77,4967.58,2.6228,0.9808,,5068.645409,4983.784591,5026.215,0.2988,44.56,ASIAN
2026-03-16T01:54:40.949777+00:00,USOUSD.s,taipan,24849108,M30,HOLD,NONE,NONE,0,0.0,0,,,,,,,,,,,,,,,,,,98.272,98.717,98.057,98.392,98.44656,97.941889,0.504671,,,,,96.642813,,,NONE,,,,,False,,97.941889,,,,,,0.9438,,100.644205,95.577895,98.11105,0.5555,24.14,ASIAN
2026-03-16T01:59:43.590826+00:00,BTCUSD,taipan,24849108,M30,HOLD,NONE,NONE,0,0.0,0,,,,,,,,,,,,,,,,,,72639.64,72850.02,72471.62,72731.63,72486.824846,72145.137042,341.687804,,,,,71757.084942,,,NONE,,,,,False,,72145.137042,,,,,,1.109,,73029.58746,70937.55654,71983.572,0.8576,37.23,ASIAN
2026-03-16T01:59:43.590826+00:00,USDJPY.s,taipan,24849108,M30,HOLD,NONE,NONE,0,0.13695398652625834,0,,,,,,,,,,,,,,,,,,159.405,159.496,159.392,159.421,159.44634,159.485272,-0.038932,,159.736,159.335,,159.416883,,,NONE,,,,,False,,159.485272,,,159.736,159.335,2.928,1.19,,159.789825,159.317975,159.5539,0.2183,15.42,ASIAN
2026-03-16T01:59:43.590826+00:00,EURUSD.s,taipan,24849108,M30,HOLD,NONE,NONE,0,0.0010806222631298092,0,,,,,,,,,,,,,,,,,,1.14417,1.14484,1.14388,1.14481,1.144037,1.143981,5.6e-05,,1.14495,1.14175,,1.145948,,,NONE,,,,,False,,1.143981,,,1.14495,1.14175,2.9613,1.0181,,1.145615,1.140992,1.143303,0.8259,27.35,ASIAN
2026-03-16T01:59:43.590826+00:00,XAUUSD.s,taipan,24849108,M30,HOLD,NONE,NONE,0,24.50004848036641,0,,,,,,,,,,,,,,,,,,4987.97,5015.36,4982.61,5014.54,5011.435118,5028.259594,-16.824476,,5030.77,4967.58,,5061.561922,,,NONE,,,,,False,,5028.259594,,,5030.77,4967.58,2.5792,1.1428,,5068.524844,4984.445156,5026.485,0.3579,44.56,ASIAN
2026-03-16T01:59:43.590826+00:00,USOUSD.s,taipan,24849108,M30,HOLD,NONE,NONE,0,0.0,0,,,,,,,,,,,,,,,,,,98.272,98.717,98.057,98.567,98.485449,97.958555,0.526894,,,,,96.649676,,,NONE,,,,,False,,97.958555,,,,,,1.0984,,100.658244,95.581356,98.1198,0.5881,24.14,ASIAN
2026-03-16T02:04:46.094451+00:00,BTCUSD,taipan,24849108,M30,HOLD,NONE,NONE,0,0.0,0,,,,,,,,,,,,,,,,,,72749.21,72841.19,72707.33,72841.19,72568.353646,72212.814239,355.539407,,,,,71800.164612,,,NONE,,,,,False,,72212.814239,,,,,,0.1535,,73132.949203,70980.617797,72056.7835,0.8644,38.17,ASIAN
2026-03-16T02:04:46.094451+00:00,USDJPY.s,taipan,24849108,M30,HOLD,NONE,NONE,0,0.13695398652625834,0,,,,,,,,,,,,,,,,,,159.413,159.473,159.4,159.429,159.441104,159.479224,-0.03812,,159.736,159.335,,159.417038,,,NONE,,,,,False,,159.479224,,,159.736,159.335,2.928,0.2197,,159.787822,159.302878,159.54535,0.2601,14.36,ASIAN
2026-03-16T02:04:46.094451+00:00,EURUSD.s,taipan,24849108,M30,HOLD,NONE,NONE,0,0.0010806222631298092,0,,,,,,,,,,,,,,,,,,1.14485,1.14495,1.1444,1.1448,1.144211,1.144062,0.000149,,1.14495,1.14175,,1.145904,,,NONE,,,,,False,,1.144062,,,1.14495,1.14175,2.9613,0.1822,,1.14575,1.140953,1.143351,0.802,25.65,ASIAN
2026-03-16T02:04:46.094451+00:00,XAUUSD.s,taipan,24849108,M30,HOLD,NONE,NONE,0,23.287953864144786,0,,,,,,,,,,,,,,,,,,5015.98,5018.74,5012.11,5014.04,5012.264598,5027.03029,-14.765692,,5030.77,4967.58,,5059.753251,,,NONE,,,,,False,,5027.03029,,,5030.77,4967.58,2.7134,0.1698,,5062.655621,4985.549379,5024.1025,0.3695,44.48,ASIAN
2026-03-16T02:04:46.094451+00:00,USOUSD.s,taipan,24849108,M30,HOLD,NONE,NONE,0,0.0,0,,,,,,,,,,,,,,,,,,98.497,98.912,98.382,98.502,98.486534,98.009019,0.477515,,,,,96.721783,,,NONE,,,,,False,,98.009019,,,,,,0.2033,,100.539305,95.973995,98.25665,0.5537,23.3,ASIAN
2026-03-16T02:09:48.966477+00:00,BTCUSD,taipan,24849108,M30,HOLD,NONE,NONE,0,0.0,0,,,,,,,,,,,,,,,,,,72749.21,72846.43,72707.33,72790.47,72557.082535,72207.983763,349.098772,,,,,71798.175592,,,NONE,,,,,False,,72207.983763,,,,,,0.3004,,73122.842607,70985.652393,72054.2475,0.8445,38.17,ASIAN
2026-03-16T02:09:48.966477+00:00,USDJPY.s,taipan,24849108,M30,HOLD,NONE,NONE,0,0.13695398652625834,0,,,,,,,,,,,,,,,,,,159.413,159.473,159.4,159.47,159.450215,159.483128,-0.032913,,159.736,159.335,,159.418646,,,NONE,,,,,False,,159.483128,,,159.736,159.335,2.928,0.4157,,159.786398,159.308402,159.5474,0.3381,14.36,ASIAN
2026-03-16T02:09:48.966477+00:00,EURUSD.s,taipan,24849108,M30,HOLD,NONE,NONE,0,0.0010806222631298092,0,,,,,,,,,,,,,,,,,,1.14485,1.14495,1.1444,1.14477,1.144205,1.144059,0.000146,,1.14495,1.14175,,1.145903,,,NONE,,,,,False,,1.144059,,,1.14495,1.14175,2.9613,0.3662,,1.145745,1.140955,1.14335,0.7965,25.65,ASIAN
2026-03-16T02:09:48.966477+00:00,XAUUSD.s,taipan,24849108,M30,HOLD,NONE,NONE,0,23.39581100700188,0,,,,,,,,,,,,,,,,,,5015.98,5018.74,5010.6,5013.39,5012.120154,5026.968386,-14.848232,,5030.77,4967.58,,5059.727761,,,NONE,,,,,False,,5026.968386,,,5030.77,4967.58,2.7009,0.3473,,5062.659916,4985.480084,5024.07,0.3616,44.48,ASIAN
2026-03-16T02:09:48.966477+00:00,USOUSD.s,taipan,24849108,M30,HOLD,NONE,NONE,0,0.0,0,,,,,,,,,,,,,,,,,,98.497,98.912,98.077,98.167,98.41209,97.977115,0.434975,,,,,96.708646,,,NONE,,,,,False,,97.977115,,,,,,0.3803,,100.51989,95.95991,98.2399,0.484,23.3,ASIAN
2026-03-16T02:14:51.554673+00:00,BTCUSD,taipan,24849108,M30,HOLD,NONE,NONE,0,0.0,0,,,,,,,,,,,,,,,,,,72749.21,72846.43,72657.51,72682.95,72533.189201,72197.743763,335.445438,,,,,71793.959121,,,NONE,,,,,False,,72197.743763,,,,,,0.4302,,73102.853311,70994.889689,72048.8715,0.8008,38.17,ASIAN
2026-03-16T02:14:51.554673+00:00,USDJPY.s,taipan,24849108,M30,HOLD,NONE,NONE,0,0.13695398652625834,0,,,,,,,,,,,,,,,,,,159.413,159.477,159.4,159.465,159.449104,159.482652,-0.033548,,159.736,159.335,,159.41845,,,NONE,,,,,False,,159.482652,,,159.736,159.335,2.928,0.5743,,159.786499,159.307801,159.54715,0.3284,14.36,ASIAN
2026-03-16T02:14:51.554673+00:00,EURUSD.s,taipan,24849108,M30,HOLD,NONE,NONE,0,0.0010806222631298092,0,,,,,,,,,,,,,,,,,,1.14485,1.14495,1.1444,1.14476,1.144203,1.144058,0.000145,,1.14495,1.14175,,1.145903,,,NONE,,,,,False,,1.144058,,,1.14495,1.14175,2.9613,0.5209,,1.145743,1.140956,1.143349,0.7947,25.65,ASIAN
2026-03-16T02:14:51.554673+00:00,XAUUSD.s,taipan,24849108,M30,HOLD,NONE,NONE,0,23.39581100700188,0,,,,,,,,,,,,,,,,,,5015.98,5018.74,5010.6,5014.35,5012.333487,5027.059814,-14.726327,,5030.77,4967.58,,5059.765408,,,NONE,,,,,False,,5027.059814,,,5030.77,4967.58,2.7009,0.5231,,5062.654333,4985.581667,5024.118,0.3733,44.48,ASIAN
2026-03-16T02:14:51.554673+00:00,USOUSD.s,taipan,24849108,M30,HOLD,NONE,NONE,0,0.0,0,,,,,,,,,,,,,,,,,,98.497,99.027,98.077,98.842,98.56209,98.0414,0.52069,,,,,96.735116,,,NONE,,,,,False,,98.0414,,,,,,0.5604,,100.569028,95.978272,98.27365,0.6238,23.39,ASIAN
2026-03-16T02:18:08.032429+00:00,BTCUSD,taipan,24849108,M30,HOLD,NONE,NONE,0,0.0,0,,,,,,,,,,,,,,,,,,72749.21,72846.43,72580.65,72617.67,72518.682535,72191.52662,327.155915,,,,,71791.399121,,,NONE,,,,,False,,72191.52662,,,,,,0.5466,,73091.696154,70999.518846,72045.6075,0.7734,38.17,ASIAN
2026-03-16T02:18:08.032429+00:00,USDJPY.s,taipan,24849108,M30,HOLD,NONE,NONE,0,0.0,0,,,,,,,,,,,,,,,,,,159.413,159.538,159.4,159.522,159.46177,159.488081,-0.026311,,,,,159.420685,,,NONE,,,,,False,,159.488081,,,,,,0.6826,,159.786572,159.313428,159.55,0.4408,14.71,ASIAN
2026-03-16T02:18:08.032429+00:00,EURUSD.s,taipan,24849108,M30,HOLD,NONE,NONE,0,0.0,0,,,,,,,,,,,,,,,,,,1.14485,1.14495,1.1444,1.1447,1.144189,1.144052,0.000137,,,,,1.1459,,,NONE,,,,,False,,1.144052,,,,,,0.6259,,1.145733,1.14096,1.143346,0.7836,25.65,ASIAN
2026-03-16T02:18:08.032429+00:00,XAUUSD.s,taipan,24849108,M30,HOLD,NONE,NONE,0,23.39581100700188,0,,,,,,,,,,,,,,,,,,5015.98,5018.74,5010.6,5015.1,5012.500154,5027.131243,-14.631089,,5030.77,4967.58,,5059.79482,,,NONE,,,,,False,,5027.131243,,,5030.77,4967.58,2.7009,0.6153,,5062.653251,4985.657749,5024.1555,0.3824,44.48,ASIAN
2026-03-16T02:18:08.032429+00:00,USOUSD.s,taipan,24849108,M30,HOLD,NONE,NONE,0,0.0,0,,,,,,,,,,,,,,,,,,98.497,99.027,98.077,98.732,98.537646,98.030924,0.506722,,,,,96.730803,,,NONE,,,,,False,,98.030924,,,,,,0.6326,,100.558315,95.977985,98.26815,0.6013,23.39,ASIAN
2026-03-16T02:23:11.510085+00:00,BTCUSD,taipan,24849108,M30,HOLD,NONE,NONE,0,0.0,0,,,,,,,,,,,,,,,,,,72749.21,72846.43,72504.12,72506.84,72494.053646,72180.971382,313.082264,,,,,71787.052847,,,NONE,,,,,False,,72180.971382,,,,,,0.6787,,73074.504342,71005.627658,72040.066,0.7256,38.17,ASIAN
2026-03-16T02:23:11.510085+00:00,USDJPY.s,taipan,24849108,M30,HOLD,NONE,NONE,0,0.0,0,,,,,,,,,,,,,,,,,,159.413,159.547,159.4,159.52,159.461326,159.48789,-0.026564,,,,,159.420606,,,NONE,,,,,False,,159.48789,,,,,,0.8424,,159.786524,159.313276,159.5499,0.4368,14.78,ASIAN
2026-03-16T02:23:11.510085+00:00,EURUSD.s,taipan,24849108,M30,HOLD,NONE,NONE,0,0.0,0,,,,,,,,,,,,,,,,,,1.14485,1.14495,1.1444,1.14489,1.144231,1.14407,0.000161,,,,,1.145908,,,NONE,,,,,False,,1.14407,,,,,,0.7649,,1.145767,1.140945,1.143356,0.8181,25.65,ASIAN
2026-03-16T02:23:11.510085+00:00,XAUUSD.s,taipan,24849108,M30,HOLD,NONE,NONE,0,23.39581100700188,0,,,,,,,,,,,,,,,,,,5015.98,5018.74,5010.6,5016.41,5012.791265,5027.256005,-14.46474,,5030.77,4967.58,,5059.846192,,,NONE,,,,,False,,5027.256005,,,5030.77,4967.58,2.7009,0.7371,,5062.658289,4985.783711,5024.221,0.3984,44.48,ASIAN
2026-03-16T02:23:11.510085+00:00,USOUSD.s,taipan,24849108,M30,HOLD,NONE,NONE,0,0.0,0,,,,,,,,,,,,,,,,,,98.497,99.027,98.077,98.732,98.537646,98.030924,0.506722,,,,,96.730803,,,NONE,,,,,False,,98.030924,,,,,,0.7158,,100.558315,95.977985,98.26815,0.6013,23.39,ASIAN
2026-03-16T02:28:13.912881+00:00,BTCUSD,taipan,24849108,M30,HOLD,NONE,NONE,0,0.0,0,,,,,,,,,,,,,,,,,,72749.21,72846.43,72376.45,72415.79,72473.820312,72172.299954,301.520358,,,,,71783.482259,,,NONE,,,,,False,,72172.299954,,,,,,0.8125,,73062.073806,71008.953194,72035.5135,0.6852,37.68,ASIAN
2026-03-16T02:28:13.912881+00:00,USDJPY.s,taipan,24849108,M30,HOLD,NONE,NONE,0,0.0,0,,,,,,,,,,,,,,,,,,159.413,159.571,159.4,159.571,159.472659,159.492747,-0.020088,,,,,159.422606,,,NONE,,,,,False,,159.492747,,,,,,0.9785,,159.788816,159.316084,159.55245,0.5392,14.96,ASIAN
2026-03-16T02:28:13.912881+00:00,EURUSD.s,taipan,24849108,M30,HOLD,NONE,NONE,0,0.0,0,,,,,,,,,,,,,,,,,,1.14485,1.14495,1.1444,1.14465,1.144178,1.144047,0.000131,,,,,1.145898,,,NONE,,,,,False,,1.144047,,,,,,0.8696,,1.145725,1.140963,1.143344,0.7743,25.65,ASIAN
2026-03-16T02:28:13.912881+00:00,XAUUSD.s,taipan,24849108,M30,HOLD,NONE,NONE,0,23.410811007001882,0,,,,,,,,,,,,,,,,,,5015.98,5018.74,5010.39,5012.2,5011.855709,5026.855052,-14.999343,,5030.77,4967.58,,5059.681094,,,NONE,,,,,False,,5026.855052,,,5030.77,4967.58,2.6992,0.854,,5062.673351,4985.347649,5024.0105,0.3473,44.48,ASIAN
2026-03-16T02:28:13.912881+00:00,USOUSD.s,taipan,24849108,M30,HOLD,NONE,NONE,0,0.0,0,,,,,,,,,,,,,,,,,,98.497,99.027,98.077,98.942,98.584312,98.050924,0.533388,,,,,96.739038,,,NONE,,,,,False,,98.050924,,,,,,0.8089,,100.579669,95.977631,98.27865,0.6441,23.39,ASIAN
2026-03-16T02:33:16.512764+00:00,BTCUSD,taipan,24849108,M30,HOLD,NONE,NONE,0,0.0,0,,,,,,,,,,,,,,,,,,72444.29,72444.29,72358.99,72360.37,72453.611107,72192.705083,260.906024,,,,,71807.194674,,,NONE,,,,,False,,72192.705083,,,,,,0.0648,,73080.259297,71086.929703,72083.5945,0.6389,38.02,ASIAN
2026-03-16T02:33:16.512764+00:00,USDJPY.s,taipan,24849108,M30,HOLD,NONE,NONE,0,0.0,0,,,,,,,,,,,,,,,,,,159.546,159.569,159.533,159.533,159.48192,159.494513,-0.012593,,,,,159.426031,,,NONE,,,,,False,,159.494513,,,,,,0.1347,,159.782706,159.312694,159.5477,0.4687,14.53,ASIAN
2026-03-16T02:33:16.512764+00:00,EURUSD.s,taipan,24849108,M30,HOLD,NONE,NONE,0,0.0,0,,,,,,,,,,,,,,,,,,1.14478,1.14478,1.14456,1.14464,1.144303,1.144115,0.000188,,,,,1.145854,,,NONE,,,,,False,,1.144115,,,,,,0.1031,,1.145819,1.140934,1.143377,0.7586,24.08,ASIAN
2026-03-16T02:33:16.512764+00:00,XAUUSD.s,taipan,24849108,M30,HOLD,NONE,NONE,0,22.36575357070377,0,,,,,,,,,,,,,,,,,,5012.85,5014.52,5005.74,5008.54,5011.229502,5025.165909,-13.936407,,5030.77,4967.58,,5057.702765,,,NONE,,,,,False,,5025.165909,,,5030.77,4967.58,2.8253,0.1291,,5061.603994,4983.861006,5022.7325,0.3174,44.55,ASIAN
2026-03-16T02:33:16.512764+00:00,USOUSD.s,taipan,24849108,M30,HOLD,NONE,NONE,0,0.0,0,,,,,,,,,,,,,,,,,,98.887,99.197,98.887,99.022,98.672934,98.139099,0.533835,,,,,96.826613,,,NONE,,,,,False,,98.139099,,,,,,0.2029,,100.544773,96.272227,98.4085,0.6436,22.83,ASIAN
2026-03-16T02:38:30.874841+00:00,BTCUSD,taipan,24849108,M30,HOLD,NONE,NONE,0,0.0,0,,,,,,,,,,,,,,,,,,72444.29,72448.94,72358.99,72435.06,72470.208885,72199.818416,270.390469,,,,,71810.123694,,,NONE,,,,,False,,72199.818416,,,,,,0.2013,,73088.908048,71085.749952,72087.329,0.6736,38.02,ASIAN
2026-03-16T02:38:30.874841+00:00,USDJPY.s,taipan,24849108,M30,HOLD,NONE,NONE,0,0.0,0,,,,,,,,,,,,,,,,,,159.546,159.569,159.529,159.535,159.482365,159.494703,-0.012338,,,,,159.42611,,,NONE,,,,,False,,159.494703,,,,,,0.3182,,159.782781,159.312819,159.5478,0.4728,14.53,ASIAN
2026-03-16T02:38:30.874841+00:00,EURUSD.s,taipan,24849108,M30,HOLD,NONE,NONE,0,0.0,0,,,,,,,,,,,,,,,,,,1.14478,1.14478,1.14448,1.14462,1.144299,1.144113,0.000186,,,,,1.145853,,,NONE,,,,,False,,1.144113,,,,,,0.2567,,1.145816,1.140935,1.143375,0.755,24.08,ASIAN
2026-03-16T02:38:30.874841+00:00,XAUUSD.s,taipan,24849108,M30,HOLD,NONE,NONE,0,22.50718214213231,0,,,,,,,,,,,,,,,,,,5012.85,5014.52,5003.76,5006.29,5010.729502,5024.951623,-14.222121,,5030.77,4967.58,,5057.614529,,,NONE,,,,,False,,5024.951623,,,5030.77,4967.58,2.8075,0.3107,,5061.677023,4983.562977,5022.62,0.2909,44.6,ASIAN
2026-03-16T02:38:30.874841+00:00,USOUSD.s,taipan,24849108,M30,HOLD,NONE,NONE,0,0.0,0,,,,,,,,,,,,,,,,,,98.887,99.337,98.887,99.227,98.71849,98.158623,0.559867,,,,,96.834652,,,NONE,,,,,False,,98.158623,,,,,,0.4297,,100.569337,96.268163,98.41875,0.6879,22.94,ASIAN
2026-03-16T02:43:33.507474+00:00,BTCUSD,taipan,24849108,M30,HOLD,NONE,NONE,0,0.0,0,,,,,,,,,,,,,,,,,,72444.29,72473.01,72358.99,72425.05,72467.984441,72198.865083,269.119358,,,,,71809.731145,,,NONE,,,,,False,,72198.865083,,,,,,0.3419,,73087.68565,71085.97135,72086.8285,0.669,38.02,ASIAN
2026-03-16T02:43:33.507474+00:00,USDJPY.s,taipan,24849108,M30,HOLD,NONE,NONE,0,0.0,0,,,,,,,,,,,,,,,,,,159.546,159.57,159.52,159.56,159.48792,159.497084,-0.009164,,,,,159.42709,,,NONE,,,,,False,,159.497084,,,,,,0.4896,,159.784011,159.314089,159.54905,0.5233,14.53,ASIAN
2026-03-16T02:43:33.507474+00:00,EURUSD.s,taipan,24849108,M30,HOLD,NONE,NONE,0,0.0,0,,,,,,,,,,,,,,,,,,1.14478,1.14478,1.14448,1.14476,1.14433,1.144127,0.000203,,,,,1.145859,,,NONE,,,,,False,,1.144127,,,,,,0.3947,,1.145838,1.140927,1.143382,0.7805,24.08,ASIAN
2026-03-16T02:43:33.507474+00:00,XAUUSD.s,taipan,24849108,M30,HOLD,NONE,NONE,0,22.602182142132307,0,,,,,,,,,,,,,,,,,,5012.85,5014.52,5002.43,5005.1,5010.465058,5024.83829,-14.373232,,5030.77,4967.58,,5057.567863,,,NONE,,,,,False,,5024.83829,,,5030.77,4967.58,2.7957,0.4734,,5061.725746,4983.395254,5022.5605,0.2771,44.64,ASIAN
2026-03-16T02:43:33.507474+00:00,USOUSD.s,taipan,24849108,M30,HOLD,NONE,NONE,0,0.0,0,,,,,,,,,,,,,,,,,,98.887,99.337,98.887,99.107,98.691823,98.147194,0.544629,,,,,96.829947,,,NONE,,,,,False,,98.147194,,,,,,0.604,,100.554494,96.271006,98.41275,0.6621,22.94,ASIAN
2026-03-16T02:48:36.135731+00:00,BTCUSD,taipan,24849108,M30,HOLD,NONE,NONE,0,0.0,0,,,,,,,,,,,,,,,,,,72444.29,72496.21,72358.99,72464.52,72476.755552,72202.62413,274.131422,,,,,71811.278988,,,NONE,,,,,False,,72202.62413,,,,,,0.4561,,73092.618466,71084.985534,72088.802,0.6871,38.02,ASIAN
2026-03-16T02:48:36.135731+00:00,USDJPY.s,taipan,24849108,M30,HOLD,NONE,NONE,0,0.0,0,,,,,,,,,,,,,,,,,,159.546,159.572,159.52,159.543,159.484142,159.495465,-0.011323,,,,,159.426423,,,NONE,,,,,False,,159.495465,,,,,,0.7095,,159.783117,159.313283,159.5482,0.4889,14.54,ASIAN
2026-03-16T02:48:36.135731+00:00,EURUSD.s,taipan,24849108,M30,HOLD,NONE,NONE,0,0.0,0,,,,,,,,,,,,,,,,,,1.14478,1.14499,1.14448,1.14499,1.144381,1.144148,0.000233,,,,,1.145868,,,NONE,,,,,False,,1.144148,,,,,,0.5491,,1.145879,1.140909,1.143394,0.8211,24.12,ASIAN
2026-03-16T02:48:36.135731+00:00,XAUUSD.s,taipan,24849108,M30,HOLD,NONE,NONE,0,22.76003928498945,0,,,,,,,,,,,,,,,,,,5012.85,5014.52,5000.22,5000.82,5009.513947,5024.430671,-14.916724,,5030.77,4967.58,,5057.40002,,,NONE,,,,,False,,5024.430671,,,5030.77,4967.58,2.7764,0.6411,,5061.957683,4982.735317,5022.3465,0.2283,44.7,ASIAN
2026-03-16T02:48:36.135731+00:00,USOUSD.s,taipan,24849108,M30,HOLD,NONE,NONE,0,0.0,0,,,,,,,,,,,,,,,,,,98.887,99.337,98.687,98.742,98.610712,98.112433,0.498279,,,,,96.815633,,,NONE,,,,,False,,98.112433,,,,,,0.8101,,100.517473,96.271527,98.3945,0.5818,22.94,ASIAN
2026-03-16T02:53:38.926831+00:00,BTCUSD,taipan,24849108,M30,HOLD,NONE,NONE,0,0.0,0,,,,,,,,,,,,,,,,,,72444.29,72548.46,72358.99,72507.74,72486.359996,72206.740321,279.619675,,,,,71812.97389,,,NONE,,,,,False,,72206.740321,,,,,,0.5534,,73098.36479,71083.56121,72090.963,0.7069,38.02,ASIAN
2026-03-16T02:53:38.926831+00:00,USDJPY.s,taipan,24849108,M30,HOLD,NONE,NONE,0,0.0,0,,,,,,,,,,,,,,,,,,159.546,159.595,159.52,159.572,159.490587,159.498227,-0.00764,,,,,159.427561,,,NONE,,,,,False,,159.498227,,,,,,0.8943,,159.78479,159.31451,159.54965,0.5475,14.72,ASIAN
2026-03-16T02:53:38.926831+00:00,EURUSD.s,taipan,24849108,M30,HOLD,NONE,NONE,0,0.0,0,,,,,,,,,,,,,,,,,,1.14478,1.14507,1.14448,1.14475,1.144328,1.144126,0.000202,,,,,1.145858,,,NONE,,,,,False,,1.144126,,,,,,0.7089,,1.145837,1.140927,1.143382,0.7786,24.2,ASIAN
2026-03-16T02:53:38.926831+00:00,XAUUSD.s,taipan,24849108,M30,HOLD,NONE,NONE,0,22.92861071356092,0,,,,,,,,,,,,,,,,,,5012.85,5014.52,4997.86,5000.21,5009.378391,5024.372576,-14.994185,,5030.77,4967.58,,5057.376098,,,NONE,,,,,False,,5024.372576,,,5030.77,4967.58,2.7559,0.8304,,5061.997849,4982.634151,5022.316,0.2215,44.76,ASIAN
2026-03-16T02:53:38.926831+00:00,USOUSD.s,taipan,24849108,M30,HOLD,NONE,NONE,0,0.0,0,,,,,,,,,,,,,,,,,,98.887,99.337,98.612,99.027,98.674045,98.139575,0.53447,,,,,96.826809,,,NONE,,,,,False,,98.139575,,,,,,0.9726,,100.545327,96.272173,98.40875,0.6447,22.94,ASIAN
2026-03-16T02:58:41.616701+00:00,BTCUSD,taipan,24849108,M30,HOLD,NONE,NONE,0,0.0,0,,,,,,,,,,,,,,,,,,72444.29,72589.37,72358.99,72534.73,72492.357774,72209.310797,283.046977,,,,,71814.032322,,,NONE,,,,,False,,72209.310797,,,,,,0.644,,73102.134465,71082.490535,72092.3125,0.7191,38.02,ASIAN
2026-03-16T02:58:41.616701+00:00,USDJPY.s,taipan,24849108,M30,HOLD,NONE,NONE,0,0.0,0,,,,,,,,,,,,,,,,,,159.546,159.595,159.52,159.576,159.491476,159.498608,-0.007132,,,,,159.427718,,,NONE,,,,,False,,159.498608,,,,,,1.0553,,159.785076,159.314624,159.54985,0.5556,14.72,ASIAN
2026-03-16T02:58:41.616701+00:00,EURUSD.s,taipan,24849108,M30,HOLD,NONE,NONE,0,0.0,0,,,,,,,,,,,,,,,,,,1.14478,1.14507,1.14448,1.14483,1.144345,1.144133,0.000212,,,,,1.145861,,,NONE,,,,,False,,1.144133,,,,,,0.8304,,1.14585,1.140922,1.143386,0.793,24.2,ASIAN
2026-03-16T02:58:41.616701+00:00,XAUUSD.s,taipan,24849108,M30,HOLD,NONE,NONE,0,22.92861071356092,0,,,,,,,,,,,,,,,,,,5012.85,5014.52,4997.86,5004.95,5010.431725,5024.824004,-14.392279,,5030.77,4967.58,,5057.56198,,,NONE,,,,,False,,5024.824004,,,5030.77,4967.58,2.7559,0.9819,,5061.732379,4983.373621,5022.553,0.2754,44.76,ASIAN
2026-03-16T02:58:41.616701+00:00,USOUSD.s,taipan,24849108,M30,HOLD,NONE,NONE,0,0.0,0,,,,,,,,,,,,,,,,,,98.887,99.337,98.612,98.992,98.666268,98.136242,0.530026,,,,,96.825437,,,NONE,,,,,False,,98.136242,,,,,,1.1299,,100.541501,96.272499,98.407,0.637,22.94,ASIAN
2026-03-16T03:03:44.127549+00:00,BTCUSD,taipan,24849108,M30,HOLD,NONE,NONE,0,0.0,0,,,,,,,,,,,,,,,,,,72507.05,72507.05,72427.24,72496.42,72488.478022,72234.270267,254.207755,,,,,71839.695194,,,NONE,,,,,False,,72234.270267,,,,,,0.1014,,73123.384111,71158.009889,72140.697,0.681,38.32,ASIAN
2026-03-16T03:03:44.127549+00:00,USDJPY.s,taipan,24849108,M30,HOLD,NONE,NONE,0,0.0,0,,,,,,,,,,,,,,,,,,159.578,159.632,159.562,159.61,159.518333,159.509475,0.008858,,,,,159.435,,,NONE,,,,,False,,159.509475,,,,,,0.1517,,159.78806,159.31504,159.55155,0.6236,14.78,ASIAN
2026-03-16T03:03:44.127549+00:00,EURUSD.s,taipan,24849108,M30,HOLD,NONE,NONE,0,0.0,0,,,,,,,,,,,,,,,,,,1.14472,1.14488,1.14449,1.14464,1.14439,1.144171,0.000219,,,,,1.145808,,,NONE,,,,,False,,1.144171,,,,,,0.1422,,1.145873,1.140917,1.143395,0.7512,22.85,ASIAN
2026-03-16T03:03:44.127549+00:00,XAUUSD.s,taipan,24849108,M30,HOLD,NONE,NONE,0,21.607995572270365,0,,,,,,,,,,,,,,,,,,5003.48,5005.1,5000.66,5004.56,5008.872823,5022.767432,-13.894609,,5030.77,4967.58,,5055.43415,,,NONE,,,,,False,,5022.767432,,,5030.77,4967.58,2.9244,0.1186,,5059.756856,4981.566144,5020.6615,0.2941,45.01,ASIAN
2026-03-16T03:03:44.127549+00:00,USOUSD.s,taipan,24849108,M30,HOLD,NONE,NONE,0,0.0,0,,,,,,,,,,,,,,,,,,98.887,98.997,98.787,98.882,98.695196,98.197788,0.497408,,,,,96.902118,,,NONE,,,,,False,,98.197788,,,,,,0.1051,,100.542485,96.433215,98.48785,0.5959,22.51,ASIAN
2026-03-16T03:08:46.698434+00:00,BTCUSD,taipan,24849108,M30,HOLD,NONE,NONE,0,0.0,0,,,,,,,,,,,,,,,,,,72507.05,72574.9,72427.24,72487.72,72486.544688,72233.441696,253.102992,,,,,71839.354018,,,NONE,,,,,False,,72233.441696,,,,,,0.1961,,73122.293582,71158.230418,72140.262,0.6769,38.32,ASIAN
2026-03-16T03:08:46.698434+00:00,USDJPY.s,taipan,24849108,M30,HOLD,NONE,NONE,0,0.0,0,,,,,,,,,,,,,,,,,,159.578,159.632,159.548,159.548,159.504555,159.503571,0.000984,,,,,159.432568,,,NONE,,,,,False,,159.503571,,,,,,0.3499,,159.783354,159.313546,159.54845,0.499,14.78,ASIAN
2026-03-16T03:08:46.698434+00:00,EURUSD.s,taipan,24849108,M30,HOLD,NONE,NONE,0,0.0,0,,,,,,,,,,,,,,,,,,1.14472,1.14501,1.14449,1.14501,1.144472,1.144206,0.000266,,,,,1.145823,,,NONE,,,,,False,,1.144206,,,,,,0.3096,,1.145936,1.140891,1.143413,0.8165,22.85,ASIAN
2026-03-16T03:08:46.698434+00:00,XAUUSD.s,taipan,24849108,M30,HOLD,NONE,NONE,0,21.626567000841742,0,,,,,,,,,,,,,,,,,,5003.48,5005.36,5000.66,5004.57,5008.875045,5022.768385,-13.89334,,5030.77,4967.58,,5055.434542,,,NONE,,,,,False,,5022.768385,,,5030.77,4967.58,2.9219,0.2828,,5059.756489,4981.567511,5020.662,0.2942,45.01,ASIAN
2026-03-16T03:08:46.698434+00:00,USOUSD.s,taipan,24849108,M30,HOLD,NONE,NONE,0,0.0,0,,,,,,,,,,,,,,,,,,98.887,99.152,98.787,98.857,98.68964,98.195407,0.494233,,,,,96.901137,,,NONE,,,,,False,,98.195407,,,,,,0.2536,,100.540255,96.432945,98.4866,0.5902,22.51,ASIAN
2026-03-16T03:13:49.228310+00:00,BTCUSD,taipan,24849108,M30,HOLD,NONE,NONE,0,0.0,0,,,,,,,,,,,,,,,,,,72507.05,72580.38,72427.24,72528.5,72495.606911,72237.325505,258.281406,,,,,71840.953233,,,NONE,,,,,False,,72237.325505,,,,,,0.2854,,73127.534305,71157.067695,72142.301,0.696,38.32,ASIAN
2026-03-16T03:13:49.228310+00:00,USDJPY.s,taipan,24849108,M30,HOLD,NONE,NONE,0,0.0,0,,,,,,,,,,,,,,,,,,159.578,159.632,159.507,159.533,159.501222,159.502142,-0.00092,,,,,159.43198,,,NONE,,,,,False,,159.502142,,,,,,0.537,,159.782706,159.312694,159.5477,0.4687,14.78,ASIAN
2026-03-16T03:13:49.228310+00:00,EURUSD.s,taipan,24849108,M30,HOLD,NONE,NONE,0,0.0,0,,,,,,,,,,,,,,,,,,1.14472,1.1451,1.14449,1.14482,1.14443,1.144188,0.000242,,,,,1.145816,,,NONE,,,,,False,,1.144188,,,,,,0.4537,,1.145903,1.140905,1.143404,0.7833,22.89,ASIAN
2026-03-16T03:13:49.228310+00:00,XAUUSD.s,taipan,24849108,M30,HOLD,NONE,NONE,0,21.726567000841783,0,,,,,,,,,,,,,,,,,,5003.48,5006.76,5000.66,5001.56,5008.206156,5022.481718,-14.275562,,5030.77,4967.58,,5055.316503,,,NONE,,,,,False,,5022.481718,,,5030.77,4967.58,2.9084,0.4379,,5059.888975,4981.134025,5020.5115,0.2594,45.01,ASIAN
2026-03-16T03:13:49.228310+00:00,USOUSD.s,taipan,24849108,M30,HOLD,NONE,NONE,0,0.0,0,,,,,,,,,,,,,,,,,,98.887,99.242,98.787,99.042,98.730751,98.213026,0.517725,,,,,96.908392,,,NONE,,,,,False,,98.213026,,,,,,0.3964,,100.558178,96.433522,98.49585,0.6324,22.51,ASIAN
2026-03-16T03:18:51.894120+00:00,BTCUSD,taipan,24849108,M30,HOLD,NONE,NONE,0,0.0,0,,,,,,,,,,,,,,,,,,72507.05,72617.68,72427.24,72574.99,72505.938022,72241.753124,264.184898,,,,,71842.77637,,,NONE,,,,,False,,72241.753124,,,,,,0.4016,,73133.906387,71155.344613,72144.6255,0.7175,38.39,ASIAN
2026-03-16T03:18:51.894120+00:00,USDJPY.s,taipan,24849108,M30,HOLD,NONE,NONE,0,0.0,0,,,,,,,,,,,,,,,,,,159.578,159.632,159.507,159.541,159.503,159.502904,9.6e-05,,,,,159.432294,,,NONE,,,,,False,,159.502904,,,,,,0.6696,,159.783028,159.313172,159.5481,0.4849,14.78,ASIAN
2026-03-16T03:18:51.894120+00:00,EURUSD.s,taipan,24849108,M30,HOLD,NONE,NONE,0,0.0,0,,,,,,,,,,,,,,,,,,1.14472,1.1451,1.14449,1.14478,1.144421,1.144184,0.000237,,,,,1.145814,,,NONE,,,,,False,,1.144184,,,,,,0.5726,,1.145896,1.140908,1.143402,0.7763,22.89,ASIAN
2026-03-16T03:18:51.894120+00:00,XAUUSD.s,taipan,24849108,M30,HOLD,NONE,NONE,0,21.91370985798463,0,,,,,,,,,,,,,,,,,,5003.48,5006.76,4998.04,5000.43,5007.955045,5022.374099,-14.419054,,5030.77,4967.58,,5055.27219,,,NONE,,,,,False,,5022.374099,,,5030.77,4967.58,2.8836,0.5915,,5059.950036,4980.959964,5020.455,0.2465,45.01,ASIAN
2026-03-16T03:18:51.894120+00:00,USOUSD.s,taipan,24849108,M30,HOLD,NONE,NONE,0,0.0,0,,,,,,,,,,,,,,,,,,98.887,99.242,98.787,99.062,98.735196,98.214931,0.520265,,,,,96.909176,,,NONE,,,,,False,,98.214931,,,,,,0.5516,,100.560312,96.433388,98.49685,0.6369,22.51,ASIAN
2026-03-16T03:23:54.785155+00:00,BTCUSD,taipan,24849108,M30,HOLD,NONE,NONE,0,0.0,0,,,,,,,,,,,,,,,,,,72507.05,72777.97,72427.24,72767.61,72548.742466,72260.097886,288.64458,,,,,71850.330096,,,NONE,,,,,False,,72260.097886,,,,,,0.5419,,73164.702484,71143.810516,72154.2565,0.8035,38.71,ASIAN
2026-03-16T03:23:54.785155+00:00,USDJPY.s,taipan,24849108,M30,HOLD,NONE,NONE,0,0.0,0,,,,,,,,,,,,,,,,,,159.578,159.632,159.507,159.526,159.499666,159.501475,-0.001809,,,,,159.431706,,,NONE,,,,,False,,159.501475,,,,,,0.8113,,159.782469,159.312231,159.54735,0.4546,14.78,ASIAN
2026-03-16T03:23:54.785155+00:00,EURUSD.s,taipan,24849108,M30,HOLD,NONE,NONE,0,0.0,0,,,,,,,,,,,,,,,,,,1.14472,1.1451,1.14449,1.1449,1.144448,1.144196,0.000252,,,,,1.145819,,,NONE,,,,,False,,1.144196,,,,,,0.7121,,1.145916,1.1409,1.143408,0.7974,22.89,ASIAN
2026-03-16T03:23:54.785155+00:00,XAUUSD.s,taipan,24849108,M30,HOLD,NONE,NONE,0,21.91370985798463,0,,,,,,,,,,,,,,,,,,5003.48,5006.76,4998.04,5003.75,5008.692823,5022.69029,-13.997467,,5030.77,4967.58,,5055.402386,,,NONE,,,,,False,,5022.69029,,,5030.77,4967.58,2.8836,0.7217,,5059.788199,4981.453801,5020.621,0.2846,45.01,ASIAN
2026-03-16T03:23:54.785155+00:00,USOUSD.s,taipan,24849108,M30,HOLD,NONE,NONE,0,0.0,0,,,,,,,,,,,,,,,,,,98.887,99.242,98.747,98.972,98.715196,98.20636,0.508836,,,,,96.905647,,,NONE,,,,,False,,98.20636,,,,,,0.6778,,100.55101,96.43369,98.49235,0.6165,22.51,ASIAN
2026-03-16T03:28:57.554487+00:00,BTCUSD,taipan,24849108,M30,HOLD,NONE,NONE,0,0.0,0,,,,,,,,,,,,,,,,,,72507.05,72874.1,72427.24,72832.9,72563.251355,72266.315982,296.935373,,,,,71852.890488,,,NONE,,,,,False,,72266.315982,,,,,,0.7441,,73176.694711,71138.347289,72157.521,0.8313,38.88,ASIAN
2026-03-16T03:28:57.554487+00:00,USDJPY.s,taipan,24849108,M30,HOLD,NONE,NONE,0,0.0,0,,,,,,,,,,,,,,,,,,159.578,159.632,159.499,159.504,159.494777,159.49938,-0.004603,,,,,159.430843,,,NONE,,,,,False,,159.49938,,,,,,0.9516,,159.781995,159.310505,159.54625,0.4104,14.78,ASIAN
2026-03-16T03:28:57.554487+00:00,EURUSD.s,taipan,24849108,M30,HOLD,NONE,NONE,0,0.0,0,,,,,,,,,,,,,,,,,,1.14472,1.1451,1.14449,1.14492,1.144452,1.144198,0.000254,,,,,1.145819,,,NONE,,,,,False,,1.144198,,,,,,0.8292,,1.14592,1.140898,1.143409,0.8009,22.89,ASIAN
2026-03-16T03:28:57.554487+00:00,XAUUSD.s,taipan,24849108,M30,HOLD,NONE,NONE,0,22.195138429413173,0,,,,,,,,,,,,,,,,,,5003.48,5010.7,4998.04,5010.4,5010.170601,5023.323623,-13.153022,,5030.77,4967.58,,5055.66317,,,NONE,,,,,False,,5023.323623,,,5030.77,4967.58,2.847,0.8661,,5059.62746,4982.27954,5020.9535,0.3636,45.01,ASIAN
2026-03-16T03:28:57.554487+00:00,USOUSD.s,taipan,24849108,M30,HOLD,NONE,NONE,0,0.0,0,,,,,,,,,,,,,,,,,,98.887,99.242,98.747,98.797,98.676307,98.189693,0.486614,,,,,96.898784,,,NONE,,,,,False,,98.189693,,,,,,0.7814,,100.535151,96.432049,98.4836,0.5764,22.51,ASIAN
2026-03-16T03:34:00.047626+00:00,BTCUSD,taipan,24849108,M30,HOLD,NONE,NONE,0,0.0,0,,,,,,,,,,,,,,,,,,72846.23,73633.85,72844.98,73628.43,72802.46735,72397.292283,405.175067,,,,,71923.085172,,,NONE,,,,,False,,72397.292283,,,,,,0.4724,,73448.219113,71049.907887,72249.0635,1.0751,40.68,ASIAN
2026-03-16T03:34:00.047626+00:00,USDJPY.s,taipan,24849108,M30,HOLD,NONE,NONE,0,0.0,0,,,,,,,,,,,,,,,,,,159.507,159.508,159.47,159.504,159.497518,159.500165,-0.002647,,,,,159.433806,,,NONE,,,,,False,,159.500165,,,,,,0.1125,,159.779705,159.307295,159.5435,0.4164,14.53,ASIAN
2026-03-16T03:34:00.047626+00:00,EURUSD.s,taipan,24849108,M30,HOLD,NONE,NONE,0,0.0,0,,,,,,,,,,,,,,,,,,1.14495,1.1452,1.14494,1.14509,1.144599,1.144285,0.000314,,,,,1.145792,,,NONE,,,,,False,,1.144285,,,,,,0.117,,1.146065,1.140851,1.143458,0.813,21.78,ASIAN
2026-03-16T03:34:00.047626+00:00,XAUUSD.s,taipan,24849108,M30,HOLD,NONE,NONE,0,22.256567000841788,0,,,,,,,,,,,,,,,,,,5011.17,5013.19,5010.19,5012.7,5010.865776,5022.378199,-11.512423,,5030.77,4967.58,,5054.012928,,,NONE,,,,,False,,5022.378199,,,5030.77,4967.58,2.8392,0.1115,,5056.266889,4982.394111,5019.3305,0.4102,45.11,ASIAN
2026-03-16T03:34:00.047626+00:00,USOUSD.s,taipan,24849108,M30,HOLD,NONE,NONE,0,0.0,0,,,,,,,,,,,,,,,,,,98.857,98.917,98.517,98.567,98.664115,98.231659,0.432456,,,,,96.964233,,,NONE,,,,,False,,98.231659,,,,,,0.0946,,100.479028,96.665372,98.5722,0.4986,21.85,ASIAN
2026-03-16T03:39:02.660355+00:00,BTCUSD,taipan,24849108,M30,HOLD,NONE,NONE,0,0.0,0,,,,,,,,,,,,,,,,,,72846.23,74062.27,72844.98,73937.55,72871.160683,72426.732283,444.4284,,,,,71935.207525,,,NONE,,,,,False,,72426.732283,,,,,,1.0221,,73543.823121,70985.215879,72264.5195,1.1539,41.03,ASIAN
2026-03-16T03:39:02.660355+00:00,USDJPY.s,taipan,24849108,M30,HOLD,NONE,NONE,0,0.0,0,,,,,,,,,,,,,,,,,,159.507,159.508,159.47,159.506,159.497963,159.500355,-0.002392,,,,,159.433885,,,NONE,,,,,False,,159.500355,,,,,,0.2439,,159.779736,159.307464,159.5436,0.4204,14.53,ASIAN
2026-03-16T03:39:02.660355+00:00,EURUSD.s,taipan,24849108,M30,HOLD,NONE,NONE,0,0.0,0,,,,,,,,,,,,,,,,,,1.14495,1.1452,1.14494,1.14505,1.14459,1.144282,0.000308,,,,,1.145791,,,NONE,,,,,False,,1.144282,,,,,,0.2311,,1.146058,1.140854,1.143456,0.8063,21.78,ASIAN
2026-03-16T03:39:02.660355+00:00,XAUUSD.s,taipan,24849108,M30,HOLD,NONE,NONE,0,22.256567000841788,0,,,,,,,,,,,,,,,,,,5011.17,5015.29,5010.19,5014.88,5011.35022,5022.585818,-11.235598,,5030.77,4967.58,,5054.098418,,,NONE,,,,,False,,5022.585818,,,5030.77,4967.58,2.8392,0.236,,5056.306303,4982.572697,5019.4395,0.4382,44.95,ASIAN
2026-03-16T03:39:02.660355+00:00,USOUSD.s,taipan,24849108,M30,HOLD,NONE,NONE,0,0.0,0,,,,,,,,,,,,,,,,,,98.857,98.917,98.517,98.732,98.700782,98.247373,0.453409,,,,,96.970704,,,NONE,,,,,False,,98.247373,,,,,,0.1748,,100.48861,96.67229,98.58045,0.5397,21.85,ASIAN
2026-03-16T03:44:05.064163+00:00,BTCUSD,taipan,24849108,M30,HOLD,NONE,NONE,0,0.0,0,,,,,,,,,,,,,,,,,,72846.23,74300.66,72844.98,73754.03,72830.378461,72409.254187,421.124274,,,,,71928.010662,,,NONE,,,,,False,,72409.254187,,,,,,1.4731,,73485.821441,71024.865559,72255.3435,1.109,41.19,ASIAN
2026-03-16T03:44:05.064163+00:00,USDJPY.s,taipan,24849108,M30,HOLD,NONE,NONE,0,0.0,0,,,,,,,,,,,,,,,,,,159.507,159.508,159.47,159.481,159.492407,159.497974,-0.005567,,,,,159.432904,,,NONE,,,,,False,,159.497974,,,,,,0.3723,,159.779586,159.305114,159.54235,0.3707,14.53,ASIAN
2026-03-16T03:44:05.064163+00:00,EURUSD.s,taipan,24849108,M30,HOLD,NONE,NONE,0,0.0,0,,,,,,,,,,,,,,,,,,1.14495,1.14522,1.14494,1.14522,1.144628,1.144298,0.00033,,,,,1.145797,,,NONE,,,,,False,,1.144298,,,,,,0.349,,1.146089,1.14084,1.143465,0.8344,21.8,ASIAN
2026-03-16T03:44:05.064163+00:00,XAUUSD.s,taipan,24849108,M30,HOLD,NONE,NONE,0,22.256567000841788,0,,,,,,,,,,,,,,,,,,5011.17,5015.69,5010.19,5015.16,5011.412442,5022.612484,-11.200042,,5030.77,4967.58,,5054.109398,,,NONE,,,,,False,,5022.612484,,,5030.77,4967.58,2.8392,0.342,,5056.313225,4982.593775,5019.4535,0.4418,44.91,ASIAN
2026-03-16T03:44:05.064163+00:00,USOUSD.s,taipan,24849108,M30,HOLD,NONE,NONE,0,0.0,0,,,,,,,,,,,,,,,,,,98.857,99.292,98.517,99.072,98.776337,98.279754,0.496583,,,,,96.984037,,,NONE,,,,,False,,98.279754,,,,,,0.3137,,100.517317,96.677583,98.59745,0.6236,21.85,ASIAN
2026-03-16T03:49:07.420626+00:00,BTCUSD,taipan,24849108,M30,HOLD,NONE,NONE,0,0.0,0,,,,,,,,,,,,,,,,,,72846.23,74300.66,72844.98,73547.15,72784.405128,72389.55133,394.853798,,,,,71919.897721,,,NONE,,,,,False,,72389.55133,,,,,,1.81,,73424.867795,71065.131205,72244.9995,1.0518,41.19,ASIAN
2026-03-16T03:49:07.420626+00:00,USDJPY.s,taipan,24849108,M30,HOLD,NONE,NONE,0,0.0,0,,,,,,,,,,,,,,,,,,159.507,159.508,159.464,159.494,159.495296,159.499212,-0.003916,,,,,159.433414,,,NONE,,,,,False,,159.499212,,,,,,0.5255,,159.779599,159.306401,159.543,0.3964,14.47,ASIAN
2026-03-16T03:49:07.420626+00:00,EURUSD.s,taipan,24849108,M30,HOLD,NONE,NONE,0,0.0,0,,,,,,,,,,,,,,,,,,1.14495,1.14531,1.14494,1.14509,1.144599,1.144285,0.000314,,,,,1.145792,,,NONE,,,,,False,,1.144285,,,,,,0.4569,,1.146065,1.140851,1.143458,0.813,21.9,ASIAN
2026-03-16T03:49:07.420626+00:00,XAUUSD.s,taipan,24849108,M30,HOLD,NONE,NONE,0,21.37466903558919,0,,,,,,,,,,,,,,,,,,5011.17,5020.1,5010.19,5018.47,5012.147998,5022.927722,-10.779724,,5030.77,4967.58,,5054.239202,,,NONE,,,,,False,,5022.927722,,,5030.77,4967.58,2.9563,0.4628,,5056.427243,4982.810757,5019.619,0.4844,44.58,ASIAN
2026-03-16T03:49:07.420626+00:00,USOUSD.s,taipan,24849108,M30,HOLD,NONE,NONE,0,0.0,0,,,,,,,,,,,,,,,,,,98.857,99.292,98.517,98.917,98.741893,98.264992,0.476901,,,,,96.977959,,,NONE,,,,,False,,98.264992,,,,,,0.3937,,100.502741,96.676659,98.5897,0.5855,21.85,ASIAN
2026-03-16T03:54:10.083570+00:00,BTCUSD,taipan,24849108,M30,HOLD,NONE,NONE,0,0.0,0,,,,,,,,,,,,,,,,,,72846.23,74300.66,72844.98,73696.78,72817.656239,72403.801807,413.854432,,,,,71925.765564,,,NONE,,,,,False,,72403.801807,,,,,,2.0346,,73468.46013,71036.50187,72252.481,1.0939,41.19,ASIAN
2026-03-16T03:54:10.083570+00:00,USDJPY.s,taipan,24849108,M30,HOLD,NONE,NONE,0,0.0,0,,,,,,,,,,,,,,,,,,159.507,159.508,159.464,159.474,159.490852,159.497308,-0.006456,,,,,159.43263,,,NONE,,,,,False,,159.497308,,,,,,0.66,,159.779637,159.304363,159.542,0.3569,14.47,ASIAN
2026-03-16T03:54:10.083570+00:00,EURUSD.s,taipan,24849108,M30,HOLD,NONE,NONE,0,0.0,0,,,,,,,,,,,,,,,,,,1.14495,1.14531,1.14494,1.14508,1.144597,1.144284,0.000313,,,,,1.145792,,,NONE,,,,,False,,1.144284,,,,,,0.5475,,1.146063,1.140852,1.143458,0.8114,21.9,ASIAN
2026-03-16T03:54:10.083570+00:00,XAUUSD.s,taipan,24849108,M30,HOLD,NONE,NONE,0,21.39609760701771,0,,,,,,,,,,,,,,,,,,5011.17,5020.4,5010.19,5020.12,5012.514665,5023.084865,-10.5702,,5030.77,4967.58,,5054.303908,,,NONE,,,,,False,,5023.084865,,,5030.77,4967.58,2.9533,0.5612,,5056.506296,4982.896704,5019.7015,0.5057,44.56,ASIAN
2026-03-16T03:54:10.083570+00:00,USOUSD.s,taipan,24849108,M30,HOLD,NONE,NONE,0,0.0,0,,,,,,,,,,,,,,,,,,98.857,99.292,98.517,99.262,98.81856,98.297849,0.520711,,,,,96.991488,,,NONE,,,,,False,,98.297849,,,,,,0.4632,,100.538549,96.675351,98.60695,0.6696,21.85,ASIAN
2026-03-16T03:59:12.821236+00:00,BTCUSD,taipan,24849108,M30,HOLD,NONE,NONE,0,0.0,0,,,,,,,,,,,,,,,,,,72846.23,74300.66,72844.98,73629.79,72802.769572,72397.421807,405.347765,,,,,71923.138505,,,NONE,,,,,False,,72397.421807,,,,,,2.1438,,73448.616566,71049.646434,72249.1315,1.0755,41.19,ASIAN
2026-03-16T03:59:12.821236+00:00,USDJPY.s,taipan,24849108,M30,HOLD,NONE,NONE,0,0.0,0,,,,,,,,,,,,,,,,,,159.507,159.508,159.464,159.489,159.494185,159.498736,-0.004551,,,,,159.433218,,,NONE,,,,,False,,159.498736,,,,,,0.7646,,159.779577,159.305923,159.54275,0.3865,14.47,ASIAN
2026-03-16T03:59:12.821236+00:00,EURUSD.s,taipan,24849108,M30,HOLD,NONE,NONE,0,0.0,0,,,,,,,,,,,,,,,,,,1.14495,1.14531,1.14486,1.145,1.144579,1.144277,0.000302,,,,,1.145789,,,NONE,,,,,False,,1.144277,,,,,,0.6505,,1.146049,1.140858,1.143454,0.7979,21.9,ASIAN
2026-03-16T03:59:12.821236+00:00,XAUUSD.s,taipan,24849108,M30,HOLD,NONE,NONE,0,21.410383321303474,0,,,,,,,,,,,,,,,,,,5011.17,5020.6,5010.19,5018.46,5012.145776,5022.92677,-10.780994,,5030.77,4967.58,,5054.23881,,,NONE,,,,,False,,5022.92677,,,5030.77,4967.58,2.9514,0.6587,,5056.426809,4982.810191,5019.6185,0.4843,44.55,ASIAN
2026-03-16T03:59:12.821236+00:00,USOUSD.s,taipan,24849108,M30,HOLD,NONE,NONE,0,0.0,0,,,,,,,,,,,,,,,,,,98.857,99.307,98.517,99.222,98.809671,98.29404,0.515631,,,,,96.989919,,,NONE,,,,,False,,98.29404,,,,,,0.5358,,100.533774,96.676126,98.60495,0.66,21.85,ASIAN
2026-03-16T04:04:15.440280+00:00,BTCUSD,taipan,24849108,M30,HOLD,NONE,NONE,0,0.0,0,,,,,,,,,,,,,,,,,,73567.2,73732.14,73566.93,73732.11,72998.469914,72519.140863,479.329051,,,,,71991.709518,,,NONE,,,,,False,,72519.140863,,,,,,0.1805,,73675.940744,71017.361256,72346.651,1.0211,43.33,ASIAN
2026-03-16T04:04:15.440280+00:00,USDJPY.s,taipan,24849108,M30,HOLD,NONE,NONE,0,0.0,0,,,,,,,,,,,,,,,,,,159.49,159.494,159.482,159.49,159.493428,159.49799,-0.004562,,,,,159.435443,,,NONE,,,,,False,,159.49799,,,,,,0.1112,,159.767558,159.302342,159.53495,0.4034,14.18,ASIAN
2026-03-16T04:04:15.440280+00:00,EURUSD.s,taipan,24849108,M30,HOLD,NONE,NONE,0,0.0,0,,,,,,,,,,,,,,,,,,1.14497,1.14506,1.14491,1.14495,1.144658,1.144339,0.000319,,,,,1.145755,,,NONE,,,,,False,,1.144339,,,,,,0.1105,,1.146203,1.140847,1.143525,0.7661,20.99,ASIAN
2026-03-16T04:04:15.440280+00:00,XAUUSD.s,taipan,24849108,M30,HOLD,NONE,NONE,0,21.410383321303474,0,,,,,,,,,,,,,,,,,,5019.14,5026.0,5019.02,5022.77,5014.624245,5022.970434,-8.346189,,5030.77,4967.58,,5053.030752,,,NONE,,,,,False,,5022.970434,,,5030.77,4967.58,2.9514,0.1068,,5050.559601,4985.390399,5017.975,0.5736,43.71,ASIAN
2026-03-16T04:04:15.440280+00:00,USOUSD.s,taipan,24849108,M30,HOLD,NONE,NONE,0,0.0,0,,,,,,,,,,,,,,,,,,99.232,99.487,99.172,99.462,98.956361,98.406136,0.550225,,,,,97.086703,,,NONE,,,,,False,,98.406136,,,,,,0.0906,,100.484048,97.003552,98.7438,0.7063,21.39,ASIAN
2026-03-16T04:09:17.943318+00:00,BTCUSD,taipan,24849108,M30,HOLD,NONE,NONE,0,0.0,0,,,,,,,,,,,,,,,,,,73567.2,73792.98,73566.93,73763.31,73005.403248,72522.112292,483.290956,,,,,71992.933047,,,NONE,,,,,False,,72522.112292,,,,,,0.4031,,73684.402029,71012.019971,72348.211,1.0295,43.33,ASIAN
2026-03-16T04:09:17.943318+00:00,USDJPY.s,taipan,24849108,M30,HOLD,NONE,NONE,0,0.0,0,,,,,,,,,,,,,,,,,,159.49,159.544,159.482,159.54,159.504539,159.502752,0.001787,,,,,159.437404,,,NONE,,,,,False,,159.502752,,,,,,0.2394,,159.769096,159.305804,159.53745,0.5055,14.48,ASIAN
2026-03-16T04:09:17.943318+00:00,EURUSD.s,taipan,24849108,M30,HOLD,NONE,NONE,0,0.0,0,,,,,,,,,,,,,,,,,,1.14497,1.14506,1.14468,1.14476,1.144616,1.144321,0.000295,,,,,1.145748,,,NONE,,,,,False,,1.144321,,,,,,0.2214,,1.146174,1.140857,1.143516,0.7341,20.74,ASIAN
2026-03-16T04:09:17.943318+00:00,XAUUSD.s,taipan,24849108,M30,HOLD,NONE,NONE,0,21.410383321303474,0,,,,,,,,,,,,,,,,,,5019.14,5026.0,5019.02,5022.1,5014.475356,5022.906624,-8.431268,,5030.77,4967.58,,5053.004478,,,NONE,,,,,False,,5022.906624,,,5030.77,4967.58,2.9514,0.2055,,5050.506716,4985.376284,5017.9415,0.5638,43.71,ASIAN
2026-03-16T04:09:17.943318+00:00,USOUSD.s,taipan,24849108,M30,HOLD,NONE,NONE,0,0.0,0,,,,,,,,,,,,,,,,,,99.232,99.487,99.172,99.412,98.94525,98.401374,0.543876,,,,,97.084742,,,NONE,,,,,False,,98.401374,,,,,,0.1591,,100.477343,97.005257,98.7413,0.6932,21.39,ASIAN
2026-03-16T04:14:20.458872+00:00,BTCUSD,taipan,24849108,M30,HOLD,NONE,NONE,0,0.0,0,,,,,,,,,,,,,,,,,,73567.2,73792.98,73566.93,73680.18,72986.929914,72514.195149,472.734765,,,,,71989.673047,,,NONE,,,,,False,,72514.195149,,,,,,0.5633,,73662.105008,71026.003992,72344.0545,1.0069,43.33,ASIAN
2026-03-16T04:14:20.458872+00:00,USDJPY.s,taipan,24849108,M30,HOLD,NONE,NONE,0,0.0,0,,,,,,,,,,,,,,,,,,159.49,159.544,159.482,159.501,159.495872,159.499038,-0.003166,,,,,159.435875,,,NONE,,,,,False,,159.499038,,,,,,0.3351,,159.767712,159.303288,159.5355,0.4257,14.48,ASIAN
2026-03-16T04:14:20.458872+00:00,EURUSD.s,taipan,24849108,M30,HOLD,NONE,NONE,0,0.0,0,,,,,,,,,,,,,,,,,,1.14497,1.14506,1.14468,1.14481,1.144627,1.144326,0.000301,,,,,1.14575,,,NONE,,,,,False,,1.144326,,,,,,0.3227,,1.146181,1.140855,1.143518,0.7426,20.74,ASIAN
2026-03-16T04:14:20.458872+00:00,XAUUSD.s,taipan,24849108,M30,HOLD,NONE,NONE,0,21.410383321303474,0,,,,,,,,,,,,,,,,,,5019.14,5026.0,5019.02,5023.42,5014.76869,5023.032338,-8.263648,,5030.77,4967.58,,5053.056242,,,NONE,,,,,False,,5023.032338,,,5030.77,4967.58,2.9514,0.3054,,5050.613528,4985.401472,5018.0075,0.583,43.71,ASIAN
2026-03-16T04:14:20.458872+00:00,USOUSD.s,taipan,24849108,M30,HOLD,NONE,NONE,0,0.0,0,,,,,,,,,,,,,,,,,,99.232,99.487,99.172,99.312,98.923028,98.39185,0.531178,,,,,97.08082,,,NONE,,,,,False,,98.39185,,,,,,0.2336,,100.464769,97.007831,98.7363,0.6665,21.39,ASIAN
2026-03-16T04:19:23.025050+00:00,BTCUSD,taipan,24849108,M30,HOLD,NONE,NONE,0,0.0,0,,,,,,,,,,,,,,,,,,73567.2,73846.53,73566.93,73800.07,73013.572137,72525.613244,487.958893,,,,,71994.374616,,,NONE,,,,,False,,72525.613244,,,,,,0.7484,,73694.511524,71005.586476,72350.049,1.0393,43.33,ASIAN
2026-03-16T04:19:23.025050+00:00,USDJPY.s,taipan,24849108,M30,HOLD,NONE,NONE,0,0.0,0,,,,,,,,,,,,,,,,,,159.49,159.61,159.482,159.594,159.516539,159.507895,0.008644,,,,,159.439522,,,NONE,,,,,False,,159.507895,,,,,,0.5407,,159.773176,159.307124,159.54015,0.6155,14.95,ASIAN
2026-03-16T04:19:23.025050+00:00,EURUSD.s,taipan,24849108,M30,HOLD,NONE,NONE,0,0.0,0,,,,,,,,,,,,,,,,,,1.14497,1.14506,1.14453,1.14458,1.144576,1.144304,0.000272,,,,,1.145741,,,NONE,,,,,False,,1.144304,,,,,,0.4713,,1.146148,1.140865,1.143507,0.7032,20.55,ASIAN
2026-03-16T04:19:23.025050+00:00,XAUUSD.s,taipan,24849108,M30,HOLD,NONE,NONE,0,21.410383321303474,0,,,,,,,,,,,,,,,,,,5019.14,5026.17,5019.02,5023.42,5014.76869,5023.032338,-8.263648,,5030.77,4967.58,,5053.056242,,,NONE,,,,,False,,5023.032338,,,5030.77,4967.58,2.9514,0.4022,,5050.613528,4985.401472,5018.0075,0.583,43.7,ASIAN
2026-03-16T04:19:23.025050+00:00,USOUSD.s,taipan,24849108,M30,HOLD,NONE,NONE,0,0.0,0,,,,,,,,,,,,,,,,,,99.232,99.487,99.172,99.442,98.951917,98.404231,0.547686,,,,,97.085918,,,NONE,,,,,False,,98.404231,,,,,,0.3023,,100.481333,97.004267,98.7428,0.7011,21.39,ASIAN
2026-03-16T04:24:25.561187+00:00,BTCUSD,taipan,24849108,M30,HOLD,NONE,NONE,0,0.0,0,,,,,,,,,,,,,,,,,,73567.2,74052.97,73566.93,73775.8,73008.178803,72523.301816,484.876987,,,,,71993.422851,,,NONE,,,,,False,,72523.301816,,,,,,0.9497,,73687.82004,71009.85096,72348.8355,1.0329,43.33,ASIAN
2026-03-16T04:24:25.561187+00:00,USDJPY.s,taipan,24849108,M30,HOLD,NONE,NONE,0,0.0,0,,,,,,,,,,,,,,,,,,159.49,159.61,159.482,159.578,159.512983,159.506371,0.006612,,,,,159.438894,,,NONE,,,,,False,,159.506371,,,,,,0.6951,,159.771707,159.306993,159.53935,0.5832,14.95,ASIAN
2026-03-16T04:24:25.561187+00:00,EURUSD.s,taipan,24849108,M30,HOLD,NONE,NONE,0,0.0,0,,,,,,,,,,,,,,,,,,1.14497,1.14506,1.14449,1.1445,1.144558,1.144296,0.000262,,,,,1.145737,,,NONE,,,,,False,,1.144296,,,,,,0.5679,,1.146137,1.140868,1.143503,0.6893,20.5,ASIAN
2026-03-16T04:24:25.561187+00:00,XAUUSD.s,taipan,24849108,M30,HOLD,NONE,NONE,0,21.410383321303474,0,,,,,,,,,,,,,,,,,,5019.14,5026.17,5019.02,5022.09,5014.473134,5022.905672,-8.432538,,5030.77,4967.58,,5053.004085,,,NONE,,,,,False,,5022.905672,,,5030.77,4967.58,2.9514,0.4923,,5050.505948,4985.376052,5017.941,0.5637,43.7,ASIAN
2026-03-16T04:24:25.561187+00:00,USOUSD.s,taipan,24849108,M30,HOLD,NONE,NONE,0,0.0,0,,,,,,,,,,,,,,,,,,99.232,99.637,99.172,99.597,98.986361,98.418993,0.567368,,,,,97.091997,,,NONE,,,,,False,,98.418993,,,,,,0.3613,,100.503528,96.997572,98.75055,0.7414,21.53,ASIAN
2026-03-16T04:29:28.218650+00:00,BTCUSD,taipan,24849108,M30,HOLD,NONE,NONE,0,0.0,0,,,,,,,,,,,,,,,,,,73567.2,74052.97,73566.93,73601.09,72969.354359,72506.662768,462.691591,,,,,71986.571479,,,NONE,,,,,False,,72506.662768,,,,,,1.1725,,73641.642854,71038.557146,72340.1,0.9844,43.33,ASIAN
2026-03-16T04:29:28.218650+00:00,USDJPY.s,taipan,24849108,M30,HOLD,NONE,NONE,0,0.0,0,,,,,,,,,,,,,,,,,,159.49,159.61,159.482,159.602,159.518317,159.508657,0.00966,,,,,159.439835,,,NONE,,,,,False,,159.508657,,,,,,0.8446,,159.773992,159.307108,159.54055,0.6316,14.95,ASIAN
2026-03-16T04:29:28.218650+00:00,EURUSD.s,taipan,24849108,M30,HOLD,NONE,NONE,0,0.0,0,,,,,,,,,,,,,,,,,,1.14497,1.14506,1.14444,1.14452,1.144563,1.144298,0.000265,,,,,1.145738,,,NONE,,,,,False,,1.144298,,,,,,0.6904,,1.14614,1.140867,1.143504,0.6928,20.44,ASIAN
2026-03-16T04:29:28.218650+00:00,XAUUSD.s,taipan,24849108,M30,HOLD,NONE,NONE,0,21.410383321303474,0,,,,,,,,,,,,,,,,,,5019.14,5026.17,5019.02,5021.91,5014.433134,5022.888529,-8.455395,,5030.77,4967.58,,5052.997027,,,NONE,,,,,False,,5022.888529,,,5030.77,4967.58,2.9514,0.5787,,5050.492219,4985.371781,5017.932,0.5611,43.7,ASIAN
2026-03-16T04:29:28.218650+00:00,USOUSD.s,taipan,24849108,M30,HOLD,NONE,NONE,0,0.0,0,,,,,,,,,,,,,,,,,,99.232,99.647,99.172,99.507,98.966361,98.410421,0.55594,,,,,97.088467,,,NONE,,,,,False,,98.410421,,,,,,0.4299,,100.49032,97.00178,98.74605,0.7181,21.53,ASIAN
2026-03-16T04:34:30.815047+00:00,BTCUSD,taipan,24849108,M30,HOLD,NONE,NONE,0,0.0,0,,,,,,,,,,,,,,,,,,73599.87,73789.09,73599.87,73715.98,73135.008452,72621.704862,513.30359,,,,,72054.228756,,,NONE,,,,,False,,72621.704862,,,,,,0.1795,,73813.182788,71100.653212,72456.918,0.9642,45.32,ASIAN
2026-03-16T04:34:30.815047+00:00,USDJPY.s,taipan,24849108,M30,HOLD,NONE,NONE,0,0.0,0,,,,,,,,,,,,,,,,,,159.597,159.61,159.591,159.609,159.537777,159.517869,0.019908,,,,,159.446367,,,NONE,,,,,False,,159.517869,,,,,,0.1196,,159.771662,159.307438,159.53955,0.6496,15.4,ASIAN
2026-03-16T04:34:30.815047+00:00,EURUSD.s,taipan,24849108,M30,HOLD,NONE,NONE,0,0.0,0,,,,,,,,,,,,,,,,,,1.14449,1.14457,1.14447,1.14453,1.14455,1.144318,0.000232,,,,,1.145689,,,NONE,,,,,False,,1.144318,,,,,,0.0738,,1.146227,1.14088,1.143553,0.6826,19.08,ASIAN
2026-03-16T04:34:30.815047+00:00,XAUUSD.s,taipan,24849108,M30,HOLD,NONE,NONE,0,21.410383321303474,0,,,,,,,,,,,,,,,,,,5021.38,5024.76,5018.96,5024.28,5016.53145,5022.976243,-6.444793,,5030.77,4967.58,,5051.8507,,,NONE,,,,,False,,5022.976243,,,5030.77,4967.58,2.9514,0.0922,,5046.691851,4986.919149,5016.8055,0.625,42.91,ASIAN
2026-03-16T04:34:30.815047+00:00,USOUSD.s,taipan,24849108,M30,HOLD,NONE,NONE,0,0.0,0,,,,,,,,,,,,,,,,,,99.497,99.587,99.432,99.567,99.098108,98.51971,0.578398,,,,,97.185069,,,NONE,,,,,False,,98.51971,,,,,,0.0398,,100.565211,97.086089,98.82565,0.7131,21.24,ASIAN
2026-03-16T04:39:33.449658+00:00,BTCUSD,taipan,24849108,M30,HOLD,NONE,NONE,0,0.0,0,,,,,,,,,,,,,,,,,,73599.87,73821.17,73599.87,73646.96,73119.670674,72615.131529,504.539145,,,,,72051.52209,,,NONE,,,,,False,,72615.131529,,,,,,0.4116,,73796.529642,71110.404358,72453.467,0.9443,45.32,ASIAN
2026-03-16T04:39:33.449658+00:00,USDJPY.s,taipan,24849108,M30,HOLD,NONE,NONE,0,0.0,0,,,,,,,,,,,,,,,,,,159.597,159.611,159.565,159.567,159.528444,159.513869,0.014575,,,,,159.44472,,,NONE,,,,,False,,159.513869,,,,,,0.2452,,159.767669,159.307231,159.53745,0.5642,15.41,ASIAN
2026-03-16T04:39:33.449658+00:00,EURUSD.s,taipan,24849108,M30,HOLD,NONE,NONE,0,0.0,0,,,,,,,,,,,,,,,,,,1.14449,1.14457,1.14442,1.14444,1.14453,1.144309,0.000221,,,,,1.145686,,,NONE,,,,,False,,1.144309,,,,,,0.1629,,1.146216,1.140882,1.143549,0.667,19.05,ASIAN
2026-03-16T04:39:33.449658+00:00,XAUUSD.s,taipan,24849108,M30,HOLD,NONE,NONE,0,21.410383321303474,0,,,,,,,,,,,,,,,,,,5021.38,5024.76,5018.17,5018.39,5015.222561,5022.41529,-7.192729,,5030.77,4967.58,,5051.61972,,,NONE,,,,,False,,5022.41529,,,5030.77,4967.58,2.9514,0.1931,,5046.202677,4986.819323,5016.511,0.5316,42.94,ASIAN
2026-03-16T04:39:33.449658+00:00,USOUSD.s,taipan,24849108,M30,HOLD,NONE,NONE,0,0.0,0,,,,,,,,,,,,,,,,,,99.497,99.737,99.432,99.557,99.095886,98.518758,0.577128,,,,,97.184676,,,NONE,,,,,False,,98.518758,,,,,,0.1151,,100.563819,97.086481,98.82515,0.7105,21.33,ASIAN
2026-03-16T04:44:36.018558+00:00,BTCUSD,taipan,24849108,M30,HOLD,NONE,NONE,0,0.0,0,,,,,,,,,,,,,,,,,,73599.87,73821.17,73599.87,73635.32,73117.084007,72614.022957,503.06105,,,,,72051.065619,,,NONE,,,,,False,,72614.022957,,,,,,0.585,,73793.778354,71111.991646,72452.885,0.9409,45.32,ASIAN
2026-03-16T04:44:36.018558+00:00,USDJPY.s,taipan,24849108,M30,HOLD,NONE,NONE,0,0.0,0,,,,,,,,,,,,,,,,,,159.597,159.611,159.565,159.593,159.534222,159.516345,0.017877,,,,,159.44574,,,NONE,,,,,False,,159.516345,,,,,,0.3778,,159.769963,159.307537,159.53875,0.6173,15.41,ASIAN
2026-03-16T04:44:36.018558+00:00,EURUSD.s,taipan,24849108,M30,HOLD,NONE,NONE,0,0.0,0,,,,,,,,,,,,,,,,,,1.14449,1.14457,1.14425,1.14427,1.144492,1.144293,0.000199,,,,,1.145679,,,NONE,,,,,False,,1.144293,,,,,,0.2457,,1.146197,1.140884,1.14354,0.6373,19.12,ASIAN
2026-03-16T04:44:36.018558+00:00,XAUUSD.s,taipan,24849108,M30,HOLD,NONE,NONE,0,21.410383321303474,0,,,,,,,,,,,,,,,,,,5021.38,5024.76,5014.55,5016.65,5014.835895,5022.249576,-7.413681,,5030.77,4967.58,,5051.551484,,,NONE,,,,,False,,5022.249576,,,5030.77,4967.58,2.9514,0.3034,,5046.102689,4986.745311,5016.424,0.5038,43.08,ASIAN
2026-03-16T04:44:36.018558+00:00,USOUSD.s,taipan,24849108,M30,HOLD,NONE,NONE,0,0.0,0,,,,,,,,,,,,,,,,,,99.497,99.737,99.432,99.577,99.10033,98.520662,0.579668,,,,,97.185461,,,NONE,,,,,False,,98.520662,,,,,,0.16,,100.566614,97.085686,98.82615,0.7157,21.33,ASIAN
2026-03-16T04:49:38.701067+00:00,BTCUSD,taipan,24849108,M30,HOLD,NONE,NONE,0,0.0,0,,,,,,,,,,,,,,,,,,73599.87,73925.34,73593.32,73918.7,73180.057341,72641.011529,539.045812,,,,,72062.17856,,,NONE,,,,,False,,72641.011529,,,,,,0.7871,,73865.31774,71068.79026,72467.054,1.0191,45.32,ASIAN
2026-03-16T04:49:38.701067+00:00,USDJPY.s,taipan,24849108,M30,HOLD,NONE,NONE,0,0.0,0,,,,,,,,,,,,,,,,,,159.597,159.611,159.565,159.59,159.533555,159.516059,0.017496,,,,,159.445622,,,NONE,,,,,False,,159.516059,,,,,,0.4994,,159.769668,159.307532,159.5386,0.6112,15.41,ASIAN
2026-03-16T04:49:38.701067+00:00,EURUSD.s,taipan,24849108,M30,HOLD,NONE,NONE,0,0.0,0,,,,,,,,,,,,,,,,,,1.14449,1.14457,1.14421,1.14427,1.144492,1.144293,0.000199,,,,,1.145679,,,NONE,,,,,False,,1.144293,,,,,,0.352,,1.146197,1.140884,1.14354,0.6373,19.17,ASIAN
2026-03-16T04:49:38.701067+00:00,XAUUSD.s,taipan,24849108,M30,HOLD,NONE,NONE,0,21.410383321303474,0,,,,,,,,,,,,,,,,,,5021.38,5024.76,5014.55,5014.97,5014.462561,5022.089576,-7.627015,,5030.77,4967.58,,5051.485602,,,NONE,,,,,False,,5022.089576,,,5030.77,4967.58,2.9514,0.3842,,5046.025505,4986.654495,5016.34,0.4769,43.08,ASIAN
2026-03-16T04:49:38.701067+00:00,USOUSD.s,taipan,24849108,M30,HOLD,NONE,NONE,0,0.0,0,,,,,,,,,,,,,,,,,,99.497,99.737,99.427,99.487,99.08033,98.512091,0.568239,,,,,97.181931,,,NONE,,,,,False,,98.512091,,,,,,0.2,,100.554388,97.088912,98.82165,0.692,21.33,ASIAN
2026-03-16T04:54:41.381683+00:00,BTCUSD,taipan,24849108,M30,HOLD,NONE,NONE,0,0.0,0,,,,,,,,,,,,,,,,,,73599.87,74218.26,73593.32,74217.97,73246.561785,72669.513434,577.048351,,,,,72073.914639,,,NONE,,,,,False,,72669.513434,,,,,,1.0134,,73950.340902,71013.694098,72482.0175,1.0911,45.43,ASIAN
2026-03-16T04:54:41.381683+00:00,USDJPY.s,taipan,24849108,M30,HOLD,NONE,NONE,0,0.0,0,,,,,,,,,,,,,,,,,,159.597,159.611,159.549,159.551,159.524888,159.512345,0.012543,,,,,159.444093,,,NONE,,,,,False,,159.512345,,,,,,0.6421,,159.766547,159.306753,159.53665,0.5312,15.41,ASIAN
2026-03-16T04:54:41.381683+00:00,EURUSD.s,taipan,24849108,M30,HOLD,NONE,NONE,0,0.0,0,,,,,,,,,,,,,,,,,,1.14449,1.14457,1.14419,1.1444,1.144521,1.144305,0.000216,,,,,1.145684,,,NONE,,,,,False,,1.144305,,,,,,0.5252,,1.146212,1.140882,1.143547,0.66,19.19,ASIAN
2026-03-16T04:54:41.381683+00:00,XAUUSD.s,taipan,24849108,M30,HOLD,NONE,NONE,0,21.410383321303474,0,,,,,,,,,,,,,,,,,,5021.38,5024.76,5013.85,5015.05,5014.480339,5022.097195,-7.616856,,5030.77,4967.58,,5051.488739,,,NONE,,,,,False,,5022.097195,,,5030.77,4967.58,2.9514,0.453,,5046.028749,4986.659251,5016.344,0.4782,43.1,ASIAN
2026-03-16T04:54:41.381683+00:00,USOUSD.s,taipan,24849108,M30,HOLD,NONE,NONE,0,0.0,0,,,,,,,,,,,,,,,,,,99.497,99.737,99.414,99.487,99.08033,98.512091,0.568239,,,,,97.181931,,,NONE,,,,,False,,98.512091,,,,,,0.2395,,100.554388,97.088912,98.82165,0.692,21.33,ASIAN
2026-03-16T04:59:44.018398+00:00,BTCUSD,taipan,24849108,M30,HOLD,NONE,NONE,0,0.0,0,,,,,,,,,,,,,,,,,,73599.87,74442.71,73593.32,73801.49,73154.010674,72629.848672,524.162002,,,,,72057.58209,,,NONE,,,,,False,,72629.848672,,,,,,1.2949,,73834.600978,71087.786022,72461.1935,0.9879,45.56,ASIAN
2026-03-16T04:59:44.018398+00:00,USDJPY.s,taipan,24849108,M30,HOLD,NONE,NONE,0,0.0,0,,,,,,,,,,,,,,,,,,159.597,159.611,159.549,159.552,159.52511,159.51244,0.01267,,,,,159.444132,,,NONE,,,,,False,,159.51244,,,,,,0.8274,,159.766611,159.306789,159.5367,0.5333,15.41,ASIAN
2026-03-16T04:59:44.018398+00:00,EURUSD.s,taipan,24849108,M30,HOLD,NONE,NONE,0,0.0,0,,,,,,,,,,,,,,,,,,1.14449,1.14457,1.14407,1.14407,1.144448,1.144274,0.000174,,,,,1.145671,,,NONE,,,,,False,,1.144274,,,,,,0.694,,1.146177,1.140884,1.143531,0.6019,19.33,ASIAN
2026-03-16T04:59:44.018398+00:00,XAUUSD.s,taipan,24849108,M30,HOLD,NONE,NONE,0,21.410383321303474,0,,,,,,,,,,,,,,,,,,5021.38,5024.76,5012.4,5012.99,5014.022561,5021.901005,-7.878444,,5030.77,4967.58,,5051.407955,,,NONE,,,,,False,,5021.901005,,,5030.77,4967.58,2.9514,0.5285,,5045.958931,4986.523069,5016.241,0.4453,43.15,ASIAN
2026-03-16T04:59:44.018398+00:00,USOUSD.s,taipan,24849108,M30,HOLD,NONE,NONE,0,0.0,0,,,,,,,,,,,,,,,,,,99.497,99.737,99.414,99.504,99.084108,98.51371,0.570398,,,,,97.182598,,,NONE,,,,,False,,98.51371,,,,,,0.2914,,100.556628,97.088372,98.8225,0.6965,21.33,ASIAN
2026-03-16T05:04:46.709760+00:00,USDJPY.s,taipan,24849108,M30,HOLD,NONE,NONE,0,0.0,0,,,,,,,,,,,,,,,,,,159.552,159.572,159.527,159.566,159.53437,159.517627,0.016743,,,,,159.448912,,,NONE,,,,,False,,159.517627,,,,,,0.2152,,159.754416,159.309284,159.53185,0.5767,15.58,ASIAN
2026-03-16T05:04:46.709760+00:00,EURUSD.s,taipan,24849108,M30,HOLD,NONE,NONE,0,0.0,0,,,,,,,,,,,,,,,,,,1.14406,1.14425,1.14393,1.14409,1.144368,1.144256,0.000112,,,,,1.145609,,,NONE,,,,,False,,1.144256,,,,,,0.2134,,1.146219,1.141007,1.143613,0.5915,18.49,ASIAN
2026-03-16T05:04:46.709760+00:00,XAUUSD.s,taipan,24849108,M30,HOLD,NONE,NONE,0,21.410383321303474,0,,,,,,,,,,,,,,,,,,5012.74,5015.75,5012.15,5013.56,5013.881745,5021.087666,-7.205921,,5030.77,4967.58,,5049.914765,,,NONE,,,,,False,,5021.087666,,,5030.77,4967.58,2.9514,0.1244,,5042.019279,4987.623721,5014.8215,0.4768,42.66,ASIAN
2026-03-16T05:04:46.709760+00:00,USOUSD.s,taipan,24849108,M30,HOLD,NONE,NONE,0,0.0,0,,,,,,,,,,,,,,,,,,99.515,99.627,99.482,99.492,99.176479,98.607742,0.568737,,,,,97.273496,,,NONE,,,,,False,,98.607742,,,,,,0.0722,,100.624945,97.115755,98.87035,0.6771,21.13,ASIAN
2026-03-16T05:09:55.639090+00:00,USDJPY.s,taipan,24849108,M30,HOLD,NONE,NONE,0,0.0,0,,,,,,,,,,,,,,,,,,159.552,159.576,159.522,159.538,159.528148,159.514961,0.013187,,,,,159.447814,,,NONE,,,,,False,,159.514961,,,,,,0.3559,,159.752463,159.308437,159.53045,0.517,15.53,ASIAN
2026-03-16T05:09:55.639090+00:00,EURUSD.s,taipan,24849108,M30,HOLD,NONE,NONE,0,0.0,0,,,,,,,,,,,,,,,,,,1.14406,1.14426,1.14393,1.14411,1.144373,1.144258,0.000115,,,,,1.14561,,,NONE,,,,,False,,1.144258,,,,,,0.3326,,1.146221,1.141007,1.143614,0.5951,18.49,ASIAN
2026-03-16T05:09:55.639090+00:00,XAUUSD.s,taipan,24849108,M30,HOLD,NONE,NONE,0,21.410383321303474,0,,,,,,,,,,,,,,,,,,5012.74,5015.75,5011.07,5012.59,5013.66619,5020.995285,-7.329095,,5030.77,4967.58,,5049.876726,,,NONE,,,,,False,,5020.995285,,,5030.77,4967.58,2.9514,0.2436,,5041.983707,4987.562293,5014.773,0.4599,42.7,ASIAN
2026-03-16T05:09:55.639090+00:00,USOUSD.s,taipan,24849108,M30,HOLD,NONE,NONE,0,0.0,0,,,,,,,,,,,,,,,,,,99.515,99.627,99.412,99.487,99.175368,98.607266,0.568102,,,,,97.2733,,,NONE,,,,,False,,98.607266,,,,,,0.1329,,100.624323,97.115877,98.8701,0.6758,21.13,ASIAN
2026-03-16T05:15:52.776512+00:00,USDJPY.s,taipan,24849108,M30,HOLD,NONE,NONE,0,0.0,0,,,,,,,,,,,,,,,,,,159.552,159.576,159.451,159.451,159.508814,159.506675,0.002139,,,,,159.444402,,,NONE,,,,,False,,159.506675,,,,,,0.5603,,159.750882,159.301318,159.5261,0.3329,14.81,ASIAN
2026-03-16T05:15:52.776512+00:00,EURUSD.s,taipan,24849108,M30,HOLD,NONE,NONE,0,0.0,0,,,,,,,,,,,,,,,,,,1.14406,1.14426,1.14393,1.14402,1.144353,1.14425,0.000103,,,,,1.145607,,,NONE,,,,,False,,1.14425,,,,,,0.505,,1.146213,1.141006,1.14361,0.5788,18.49,ASIAN
2026-03-16T05:15:52.776512+00:00,XAUUSD.s,taipan,24849108,M30,HOLD,NONE,NONE,0,0.0,0,,,,,,,,,,,,,,,,,,5012.74,5015.75,5009.46,5009.84,5013.055078,5020.733381,-7.678303,,,,,5049.768883,,,NONE,,,,,False,,5020.733381,,,,,,0.3828,,5041.920345,4987.350655,5014.6355,0.4121,42.76,ASIAN
2026-03-16T05:15:52.776512+00:00,USOUSD.s,taipan,24849108,M30,HOLD,NONE,NONE,0,0.0,0,,,,,,,,,,,,,,,,,,99.515,99.657,99.397,99.402,99.156479,98.599171,0.557308,,,,,97.269967,,,NONE,,,,,False,,98.599171,,,,,,0.2129,,100.614182,97.117518,98.86585,0.6533,21.11,ASIAN
2026-03-16T05:20:55.799898+00:00,USDJPY.s,taipan,24849108,M30,HOLD,NONE,NONE,0,0.0,0,,,,,,,,,,,,,,,,,,159.552,159.576,159.416,159.428,159.503703,159.504484,-0.000781,,,,,159.4435,,,NONE,,,,,False,,159.504484,,,,,,0.7508,,159.751578,159.298322,159.52495,0.2861,14.5,ASIAN
2026-03-16T05:20:55.799898+00:00,EURUSD.s,taipan,24849108,M30,HOLD,NONE,NONE,0,0.0,0,,,,,,,,,,,,,,,,,,1.14406,1.14426,1.14388,1.14388,1.144322,1.144236,8.6e-05,,,,,1.145601,,,NONE,,,,,False,,1.144236,,,,,,0.6457,,1.146202,1.141003,1.143603,0.5534,18.55,ASIAN
2026-03-16T05:20:55.799898+00:00,XAUUSD.s,taipan,24849108,M30,HOLD,NONE,NONE,0,0.0,0,,,,,,,,,,,,,,,,,,5012.74,5015.75,5007.86,5008.85,5012.835078,5020.639095,-7.804017,,,,,5049.730059,,,NONE,,,,,False,,5020.639095,,,,,,0.487,,5041.911039,4987.260961,5014.586,0.395,42.82,ASIAN
2026-03-16T05:20:55.799898+00:00,USOUSD.s,taipan,24849108,M30,HOLD,NONE,NONE,0,0.0,0,,,,,,,,,,,,,,,,,,99.515,99.657,99.307,99.317,99.13759,98.591075,0.546515,,,,,97.266633,,,NONE,,,,,False,,98.591075,,,,,,0.2995,,100.60485,97.11835,98.8616,0.6306,20.98,ASIAN
2026-03-16T05:25:58.233811+00:00,USDJPY.s,taipan,24849108,M30,HOLD,NONE,NONE,0,0.0,0,,,,,,,,,,,,,,,,,,159.552,159.576,159.401,159.404,159.49837,159.502199,-0.003829,,,,,159.442559,,,NONE,,,,,False,,159.502199,,,,,,0.8776,,159.752781,159.294719,159.52375,0.2386,14.38,ASIAN
2026-03-16T05:25:58.233811+00:00,EURUSD.s,taipan,24849108,M30,HOLD,NONE,NONE,0,0.0,0,,,,,,,,,,,,,,,,,,1.14406,1.14426,1.14388,1.14398,1.144344,1.144246,9.8e-05,,,,,1.145605,,,NONE,,,,,False,,1.144246,,,,,,0.755,,1.14621,1.141005,1.143608,0.5716,18.55,ASIAN
2026-03-16T05:25:58.233811+00:00,XAUUSD.s,taipan,24849108,M30,HOLD,NONE,NONE,0,0.0,0,,,,,,,,,,,,,,,,,,5012.74,5015.75,5007.86,5011.47,5013.417301,5020.888619,-7.471318,,,,,5049.832805,,,NONE,,,,,False,,5020.888619,,,,,,0.5741,,5041.951223,4987.482777,5014.717,0.4404,42.82,ASIAN
2026-03-16T05:25:58.233811+00:00,USOUSD.s,taipan,24849108,M30,HOLD,NONE,NONE,0,0.0,0,,,,,,,,,,,,,,,,,,99.515,99.657,99.307,99.527,99.184257,98.611075,0.573182,,,,,97.274869,,,NONE,,,,,False,,98.611075,,,,,,0.3665,,100.629373,97.114827,98.8721,0.6863,20.98,ASIAN
2026-03-16T05:31:00.853088+00:00,USDJPY.s,taipan,24849108,M30,HOLD,NONE,NONE,0,0.0,0,,,,,,,,,,,,,,,,,,159.401,159.403,159.375,159.391,159.473991,159.49135,-0.017359,,,,,159.440424,,,NONE,,,,,False,,159.49135,,,,,,0.0643,,159.736223,159.283477,159.50985,0.2375,13.47,ASIAN
2026-03-16T05:31:00.853088+00:00,EURUSD.s,taipan,24849108,M30,HOLD,NONE,NONE,0,0.0,0,,,,,,,,,,,,,,,,,,1.14386,1.1439,1.14375,1.14384,1.144213,1.144198,1.5e-05,,,,,1.145532,,,NONE,,,,,False,,1.144198,,,,,,0.0604,,1.146194,1.14118,1.143687,0.5305,18.0,ASIAN
2026-03-16T05:31:00.853088+00:00,XAUUSD.s,taipan,24849108,M30,HOLD,NONE,NONE,0,0.0,0,,,,,,,,,,,,,,,,,,5010.87,5010.88,5006.62,5007.08,5011.908765,5019.523535,-7.61477,,,,,5048.132615,,,NONE,,,,,False,,5019.523535,,,,,,0.0482,,5035.691147,4989.757853,5012.7245,0.3771,42.55,ASIAN
2026-03-16T05:31:00.853088+00:00,USOUSD.s,taipan,24849108,M30,HOLD,NONE,NONE,0,0.0,0,,,,,,,,,,,,,,,,,,99.537,99.707,99.427,99.677,99.295484,98.713454,0.58203,,,,,97.370343,,,NONE,,,,,False,,98.713454,,,,,,0.0865,,100.640428,97.328472,98.98445,0.7091,20.72,ASIAN
2026-03-16T05:36:03.500933+00:00,USDJPY.s,taipan,24849108,M30,HOLD,NONE,NONE,0,0.0,0,,,,,,,,,,,,,,,,,,159.401,159.403,159.335,159.393,159.474436,159.49154,-0.017104,,,,,159.440502,,,NONE,,,,,False,,159.49154,,,,,,0.3197,,159.736104,159.283796,159.50995,0.2414,13.79,ASIAN
2026-03-16T05:36:03.500933+00:00,EURUSD.s,taipan,24849108,M30,HOLD,NONE,NONE,0,0.0,0,,,,,,,,,,,,,,,,,,1.14386,1.1439,1.14349,1.14356,1.144151,1.144171,-2e-05,,,,,1.145521,,,NONE,,,,,False,,1.144171,,,,,,0.2344,,1.14618,1.141166,1.143673,0.4775,18.3,ASIAN
2026-03-16T05:36:03.500933+00:00,XAUUSD.s,taipan,24849108,M30,HOLD,NONE,NONE,0,0.0,0,,,,,,,,,,,,,,,,,,5010.87,5010.88,5003.17,5005.85,5011.635431,5019.406392,-7.770961,,,,,5048.08438,,,NONE,,,,,False,,5019.406392,,,,,,0.2361,,5035.699769,4989.626231,5012.663,0.3521,42.67,ASIAN
2026-03-16T05:36:03.500933+00:00,USOUSD.s,taipan,24849108,M30,HOLD,NONE,NONE,0,0.0,0,,,,,,,,,,,,,,,,,,99.537,99.707,99.317,99.397,99.233262,98.686787,0.546475,,,,,97.359362,,,NONE,,,,,False,,98.686787,,,,,,0.2729,,100.606388,97.334512,98.97045,0.6304,20.72,ASIAN
2026-03-16T05:41:06.154632+00:00,USDJPY.s,taipan,24849108,M30,HOLD,NONE,NONE,0,0.0,0,,,,,,,,,,,,,,,,,,159.401,159.403,159.335,159.348,159.464436,159.487255,-0.022819,,,,,159.438738,,,NONE,,,,,False,,159.487255,,,,,,0.4933,,159.739576,159.275824,159.5077,0.1556,13.79,ASIAN
2026-03-16T05:41:06.154632+00:00,EURUSD.s,taipan,24849108,M30,HOLD,NONE,NONE,0,0.0,0,,,,,,,,,,,,,,,,,,1.14386,1.1439,1.14349,1.14389,1.144224,1.144203,2.1e-05,,,,,1.145534,,,NONE,,,,,False,,1.144203,,,,,,0.403,,1.146198,1.141181,1.14369,0.54,18.3,ASIAN
2026-03-16T05:41:06.154632+00:00,XAUUSD.s,taipan,24849108,M30,HOLD,NONE,NONE,0,0.0,0,,,,,,,,,,,,,,,,,,5010.87,5016.22,5003.17,5015.94,5013.877654,5020.367344,-6.48969,,,,,5048.480066,,,NONE,,,,,False,,5020.367344,,,,,,0.4251,,5036.017223,4990.317777,5013.1675,0.5607,42.67,ASIAN
2026-03-16T05:41:06.154632+00:00,USOUSD.s,taipan,24849108,M30,HOLD,NONE,NONE,0,0.0,0,,,,,,,,,,,,,,,,,,99.537,99.707,98.887,99.202,99.189928,98.668216,0.521712,,,,,97.351715,,,NONE,,,,,False,,98.668216,,,,,,0.4947,,100.588237,97.333163,98.9607,0.5741,20.1,ASIAN
2026-03-16T05:46:08.561799+00:00,USDJPY.s,taipan,24849108,M30,HOLD,NONE,NONE,0,0.0,0,,,,,,,,,,,,,,,,,,159.401,159.403,159.335,159.385,159.472658,159.490778,-0.01812,,,,,159.440189,,,NONE,,,,,False,,159.490778,,,,,,0.6817,,159.736601,159.282499,159.50955,0.2257,13.79,ASIAN
2026-03-16T05:46:08.561799+00:00,EURUSD.s,taipan,24849108,M30,HOLD,NONE,NONE,0,0.0,0,,,,,,,,,,,,,,,,,,1.14386,1.1439,1.14349,1.14359,1.144157,1.144174,-1.7e-05,,,,,1.145522,,,NONE,,,,,False,,1.144174,,,,,,0.4943,,1.146181,1.141168,1.143674,0.4831,18.3,ASIAN
2026-03-16T05:46:08.561799+00:00,XAUUSD.s,taipan,24849108,M30,HOLD,NONE,NONE,0,0.0,0,,,,,,,,,,,,,,,,,,5010.87,5017.52,5003.17,5016.77,5014.062098,5020.446392,-6.384294,,,,,5048.512615,,,NONE,,,,,False,,5020.446392,,,,,,0.5912,,5036.082927,4990.335073,5013.209,0.5778,42.67,ASIAN
2026-03-16T05:46:08.561799+00:00,USOUSD.s,taipan,24849108,M30,HOLD,NONE,NONE,0,0.0,0,,,,,,,,,,,,,,,,,,99.537,99.707,98.887,99.072,99.161039,98.655835,0.505204,,,,,97.346617,,,NONE,,,,,False,,98.655835,,,,,,0.6195,,100.578715,97.329685,98.9542,0.5363,20.1,ASIAN
2026-03-16T05:51:11.052711+00:00,USDJPY.s,taipan,24849108,M30,HOLD,NONE,NONE,0,0.0,0,,,,,,,,,,,,,,,,,,159.401,159.403,159.311,159.312,159.456436,159.483826,-0.02739,,,,,159.437326,,,NONE,,,,,False,,159.483826,,,,,,0.8756,,159.743484,159.268316,159.5059,0.0919,13.97,ASIAN
2026-03-16T05:51:11.052711+00:00,EURUSD.s,taipan,24849108,M30,HOLD,NONE,NONE,0,0.0,0,,,,,,,,,,,,,,,,,,1.14386,1.1439,1.14349,1.14363,1.144166,1.144178,-1.2e-05,,,,,1.145524,,,NONE,,,,,False,,1.144178,,,,,,0.6289,,1.146183,1.14117,1.143677,0.4907,18.3,ASIAN
2026-03-16T05:51:11.052711+00:00,XAUUSD.s,taipan,24849108,M30,HOLD,NONE,NONE,0,0.0,0,,,,,,,,,,,,,,,,,,5010.87,5017.85,5003.17,5016.78,5014.06432,5020.447344,-6.383024,,,,,5048.513007,,,NONE,,,,,False,,5020.447344,,,,,,0.72,,5036.083755,4990.335245,5013.2095,0.578,42.67,ASIAN
2026-03-16T05:51:11.052711+00:00,USOUSD.s,taipan,24849108,M30,HOLD,NONE,NONE,0,0.0,0,,,,,,,,,,,,,,,,,,99.537,99.707,98.582,98.637,99.064373,98.614406,0.449967,,,,,97.329558,,,NONE,,,,,False,,98.614406,,,,,,0.8543,,100.561965,97.302935,98.93245,0.4093,19.73,ASIAN
2026-03-16T05:54:13.895311+00:00,USDJPY.s,taipan,24849108,M30,HOLD,NONE,NONE,0,0.0,0,,,,,,,,,,,,,,,,,,159.401,159.403,159.311,159.327,159.459769,159.485255,-0.025486,,,,,159.437914,,,NONE,,,,,False,,159.485255,,,,,,1.0,,159.741739,159.271561,159.50665,0.1179,13.97,ASIAN
2026-03-16T05:54:13.895311+00:00,EURUSD.s,taipan,24849108,M30,HOLD,NONE,NONE,0,0.0,0,,,,,,,,,,,,,,,,,,1.14386,1.1439,1.14343,1.14347,1.144131,1.144163,-3.2e-05,,,,,1.145517,,,NONE,,,,,False,,1.144163,,,,,,0.6967,,1.146177,1.14116,1.143668,0.4604,18.36,ASIAN
2026-03-16T05:54:13.895311+00:00,XAUUSD.s,taipan,24849108,M30,HOLD,NONE,NONE,0,0.0,0,,,,,,,,,,,,,,,,,,5010.87,5019.85,5003.17,5019.8,5014.735431,5020.734963,-5.999532,,,,,5048.631438,,,NONE,,,,,False,,5020.734963,,,,,,0.8123,,5036.373449,4990.347551,5013.3605,0.6399,42.67,ASIAN
2026-03-16T05:54:13.895311+00:00,USOUSD.s,taipan,24849108,M30,HOLD,NONE,NONE,0,0.0,0,,,,,,,,,,,,,,,,,,99.537,99.707,98.582,98.772,99.094373,98.627263,0.46711,,,,,97.334852,,,NONE,,,,,False,,98.627263,,,,,,0.9567,,100.564675,97.313725,98.9392,0.4486,19.73,ASIAN
2026-03-16T05:59:17.079910+00:00,USDJPY.s,taipan,24849108,M30,HOLD,NONE,NONE,0,0.0,0,,,,,,,,,,,,,,,,,,159.401,159.403,159.311,159.346,159.463991,159.487064,-0.023073,,,,,159.438659,,,NONE,,,,,False,,159.487064,,,,,,1.2539,,159.739767,159.275433,159.5076,0.152,13.97,ASIAN
2026-03-16T05:59:17.079910+00:00,EURUSD.s,taipan,24849108,M30,HOLD,NONE,NONE,0,0.0,0,,,,,,,,,,,,,,,,,,1.14386,1.1439,1.14323,1.14334,1.144102,1.14415,-4.8e-05,,,,,1.145512,,,NONE,,,,,False,,1.14415,,,,,,0.9461,,1.146173,1.141151,1.143662,0.4359,18.57,ASIAN
2026-03-16T05:59:17.079910+00:00,XAUUSD.s,taipan,24849108,M30,HOLD,NONE,NONE,0,0.0,0,,,,,,,,,,,,,,,,,,5010.87,5019.96,5003.17,5017.24,5014.166542,5020.491154,-6.324612,,,,,5048.531046,,,NONE,,,,,False,,5020.491154,,,,,,0.9796,,5036.122791,4990.342209,5013.2325,0.5875,42.67,ASIAN
2026-03-16T05:59:17.079910+00:00,USOUSD.s,taipan,24849108,M30,HOLD,NONE,NONE,0,0.0,0,,,,,,,,,,,,,,,,,,99.537,99.707,98.287,98.352,99.001039,98.587263,0.413776,,,,,97.318382,,,NONE,,,,,False,,98.587263,,,,,,1.1822,,100.563502,97.272898,98.9182,0.3279,19.57,ASIAN
2026-03-16T21:02:17.122045+00:00,BTCUSD,taipan,24849108,M30,HOLD,NONE,NONE,0,0.0,0,,,,,,,,,,,,,,,,,,74230.03,74230.03,74137.75,74170.39,74028.610372,73838.738668,189.871704,,,,,73331.212283,,,NONE,,,,,False,,73838.738668,,,,,,0.0448,,74378.184609,73303.991391,73841.088,0.8066,36.2,ASIAN
2026-03-16T21:07:19.521402+00:00,BTCUSD,taipan,24849108,M30,HOLD,NONE,NONE,0,0.0,0,,,,,,,,,,,,,,,,,,74230.03,74502.62,74137.75,74282.47,74053.517039,73849.412953,204.104086,,,,,73335.607577,,,NONE,,,,,False,,73849.412953,,,,,,0.2285,,74400.339392,73293.044608,73846.692,0.8936,36.72,ASIAN
2026-03-16T21:12:22.081043+00:00,BTCUSD,taipan,24849108,M30,HOLD,NONE,NONE,0,0.0,0,,,,,,,,,,,,,,,,,,74230.03,74502.62,74137.75,74369.27,74072.805928,73857.67962,215.126308,,,,,73339.011499,,,NONE,,,,,False,,73857.67962,,,,,,0.3031,,74420.205806,73281.858194,73851.032,0.9553,36.72,ASIAN
2026-03-16T21:17:24.636139+00:00,BTCUSD,taipan,24849108,M30,HOLD,NONE,NONE,0,0.0,0,,,,,,,,,,,,,,,,,,74230.03,74502.62,74137.75,74391.58,74077.763706,73859.804382,217.959324,,,,,73339.886401,,,NONE,,,,,False,,73859.804382,,,,,,0.4132,,74425.66867,73278.62633,73852.1475,0.9703,36.72,ASIAN
2026-03-16T21:22:27.231679+00:00,BTCUSD,taipan,24849108,M30,HOLD,NONE,NONE,0,0.0,0,,,,,,,,,,,,,,,,,,74230.03,74502.62,74137.75,74271.38,74051.052595,73848.356763,202.695832,,,,,73335.172675,,,NONE,,,,,False,,73848.356763,,,,,,0.5297,,74397.966439,73294.308561,73846.1375,0.8853,36.72,ASIAN
2026-03-16T21:27:29.880846+00:00,BTCUSD,taipan,24849108,M30,HOLD,NONE,NONE,0,0.0,0,,,,,,,,,,,,,,,,,,74230.03,74502.62,74137.75,74231.59,74042.210372,73844.567239,197.643133,,,,,73333.612283,,,NONE,,,,,False,,73844.567239,,,,,,0.6094,,74389.77374,73298.52226,73844.148,0.855,36.72,ASIAN
2026-03-16T21:32:32.310093+00:00,BTCUSD,taipan,24849108,M30,HOLD,NONE,NONE,0,0.0,0,,,,,,,,,,,,,,,,,,74264.08,74322.48,74241.05,74322.48,74110.104611,73892.880608,217.224003,,,,,73373.552633,,,NONE,,,,,False,,73892.880608,,,,,,0.044,,74455.089537,73314.482463,73884.786,0.8837,37.29,ASIAN
2026-03-16T21:37:34.819053+00:00,BTCUSD,taipan,24849108,M30,HOLD,NONE,NONE,0,0.0,0,,,,,,,,,,,,,,,,,,74264.08,74776.58,74241.05,74770.62,74209.691277,73935.560608,274.130669,,,,,73391.12675,,,NONE,,,,,False,,73935.560608,,,,,,0.1972,,74576.521565,73237.864435,73907.193,1.145,37.74,ASIAN
2026-03-16T21:42:37.642814+00:00,BTCUSD,taipan,24849108,M30,HOLD,NONE,NONE,0,0.0,0,,,,,,,,,,,,,,,,,,74264.08,74793.5,74241.05,74334.76,74112.833499,73894.050132,218.783367,,,,,73374.034201,,,NONE,,,,,False,,73894.050132,,,,,,0.3736,,74457.710574,73313.089426,73885.4,0.8926,37.77,ASIAN
2026-03-16T21:47:40.695642+00:00,BTCUSD,taipan,24849108,M30,HOLD,NONE,NONE,0,0.0,0,,,,,,,,,,,,,,,,,,74264.08,74793.5,74241.05,74436.19,74135.373499,73903.710132,231.663367,,,,,73378.011848,,,NONE,,,,,False,,73903.710132,,,,,,0.5015,,74481.05425,73299.88875,73890.4715,0.962,37.77,ASIAN
2026-03-16T21:52:43.255474+00:00,BTCUSD,taipan,24849108,M30,HOLD,NONE,NONE,0,0.0,0,,,,,,,,,,,,,,,,,,74264.08,74793.5,74241.05,74475.61,74144.133499,73907.464418,236.669081,,,,,73379.557731,,,NONE,,,,,False,,73907.464418,,,,,,0.6845,,74490.90432,73293.98068,73892.4425,0.9872,37.77,ASIAN
2026-03-16T21:57:45.761320+00:00,BTCUSD,taipan,24849108,M30,HOLD,NONE,NONE,0,0.0,0,,,,,,,,,,,,,,,,,,74264.08,74793.5,74241.05,74395.61,74126.355722,73899.84537,226.510352,,,,,73376.420476,,,NONE,,,,,False,,73899.84537,,,,,,0.8406,,74471.360173,73305.524827,73888.4425,0.935,37.77,ASIAN
2026-03-16T22:02:48.219506+00:00,BTCUSD,taipan,24849108,M30,HOLD,NONE,NONE,0,0.0,0,,,,,,,,,,,,,,,,,,74393.58,74491.38,74363.37,74484.63,74204.917907,73955.01352,249.904387,,,,,73419.581966,,,NONE,,,,,False,,73955.01352,,,,,,0.0913,,74558.984706,73279.697294,73919.341,0.9419,38.74,ASIAN
2026-03-16T22:07:50.580536+00:00,BTCUSD,taipan,24849108,M30,HOLD,NONE,NONE,0,0.0,0,,,,,,,,,,,,,,,,,,74393.58,74838.69,74363.37,74838.69,74283.597907,73988.73352,294.864387,,,,,73433.466672,,,NONE,,,,,False,,73988.73352,,,,,,0.2962,,74657.105012,73216.982988,73937.044,1.1261,38.81,ASIAN
2026-03-16T22:12:53.088822+00:00,BTCUSD,taipan,24849108,M30,HOLD,NONE,NONE,0,0.0,0,,,,,,,,,,,,,,,,,,74393.58,74896.58,74363.37,74818.0,74279.000129,73986.763044,292.237085,,,,,73432.655299,,,NONE,,,,,False,,73986.763044,,,,,,0.49,,74650.655368,73221.363632,73936.0095,1.1171,38.89,ASIAN
2026-03-16T22:17:55.528132+00:00,BTCUSD,taipan,24849108,M30,HOLD,NONE,NONE,0,0.0,0,,,,,,,,,,,,,,,,,,74393.58,74896.58,74363.37,74806.77,74276.504574,73985.69352,290.811054,,,,,73432.214907,,,NONE,,,,,False,,73985.69352,,,,,,0.6275,,74647.187781,73223.708219,73935.448,1.1121,38.89,ASIAN
2026-03-16T22:22:58.242212+00:00,BTCUSD,taipan,24849108,M30,HOLD,NONE,NONE,0,0.0,0,,,,,,,,,,,,,,,,,,74393.58,74896.58,74363.37,74707.15,74254.366796,73976.205901,278.160895,,,,,73428.30824,,,NONE,,,,,False,,73976.205901,,,,,,0.7771,,74617.497214,73243.436786,73930.467,1.0652,38.89,ASIAN
2026-03-16T22:28:00.784141+00:00,BTCUSD,taipan,24849108,M30,HOLD,NONE,NONE,0,0.0,0,,,,,,,,,,,,,,,,,,74393.58,74896.58,74363.37,74590.94,74228.542351,73965.138282,263.404069,,,,,73423.750985,,,NONE,,,,,False,,73965.138282,,,,,,0.9282,,74585.49533,73263.81767,73924.6565,1.0041,38.89,ASIAN
2026-03-16T22:33:03.309472+00:00,BTCUSD,taipan,24849108,M30,HOLD,NONE,NONE,0,0.0,0,,,,,,,,,,,,,,,,,,74653.29,74725.08,74614.52,74638.83,74330.345286,74034.597857,295.747429,,,,,73473.849152,,,NONE,,,,,False,,74034.597857,,,,,,0.0922,,74711.011116,73223.130884,73967.071,0.9515,39.94,ASIAN
2026-03-16T22:38:05.796235+00:00,BTCUSD,taipan,24849108,M30,HOLD,NONE,NONE,0,0.0,0,,,,,,,,,,,,,,,,,,74653.29,74749.01,74611.47,74728.21,74350.207508,74043.110238,307.09727,,,,,73477.35425,,,NONE,,,,,False,,74043.110238,,,,,,0.1992,,74733.330929,73209.749071,73971.54,0.9966,39.94,ASIAN
2026-03-16T22:43:19.520855+00:00,BTCUSD,taipan,24849108,M30,HOLD,NONE,NONE,0,0.0,0,,,,,,,,,,,,,,,,,,74653.29,74777.42,74611.47,74765.28,74358.445286,74046.640714,311.804572,,,,,73478.807976,,,NONE,,,,,False,,74046.640714,,,,,,0.3263,,74743.075694,73203.711306,73973.3935,1.0144,39.94,ASIAN
2026-03-16T22:48:21.951776+00:00,BTCUSD,taipan,24849108,M30,HOLD,NONE,NONE,0,0.0,0,,,,,,,,,,,,,,,,,,74653.29,74855.54,74611.47,74836.32,74374.231952,74053.406428,320.825524,,,,,73481.593858,,,NONE,,,,,False,,74053.406428,,,,,,0.4422,,74762.506823,73191.384177,73976.9455,1.047,39.94,ASIAN
2026-03-16T22:53:24.394851+00:00,BTCUSD,taipan,24849108,M30,HOLD,NONE,NONE,0,0.0,0,,,,,,,,,,,,,,,,,,74653.29,74855.54,74611.47,74797.37,74365.576397,74049.696905,315.879492,,,,,73480.066407,,,NONE,,,,,False,,74049.696905,,,,,,0.5445,,74751.732363,73198.263637,73974.998,1.0294,39.94,ASIAN
2026-03-16T22:58:26.772969+00:00,BTCUSD,taipan,24849108,M30,HOLD,NONE,NONE,0,0.0,0,,,,,,,,,,,,,,,,,,74653.29,74855.54,74611.47,74685.96,74340.818619,74039.086428,301.732191,,,,,73475.697387,,,NONE,,,,,False,,74039.086428,,,,,,0.6548,,74722.568702,73216.286298,73969.4275,0.9757,39.94,ASIAN
2026-03-16T23:03:29.294382+00:00,BTCUSD,taipan,24849108,M30,HOLD,NONE,NONE,0,0.0,0,,,,,,,,,,,,,,,,,,74756.49,74762.01,74576.11,74576.44,74405.220654,74096.26627,308.954384,,,,,73521.560457,,,NONE,,,,,False,,74096.26627,,,,,,0.114,,74819.369748,73195.345252,74007.3575,0.8504,40.72,ASIAN
2026-03-16T23:08:31.781360+00:00,BTCUSD,taipan,24849108,M30,HOLD,NONE,NONE,0,0.0,0,,,,,,,,,,,,,,,,,,74756.49,74762.01,74292.26,74309.61,74345.925099,74070.853889,275.07121,,,,,73511.096535,,,NONE,,,,,False,,74070.853889,,,,,,0.2627,,74774.828027,73213.203973,73994.016,0.7021,39.42,ASIAN
2026-03-16T23:13:34.220138+00:00,BTCUSD,taipan,24849108,M30,HOLD,NONE,NONE,0,0.0,0,,,,,,,,,,,,,,,,,,74756.49,74762.01,74242.64,74420.22,74370.505099,74081.388175,289.116924,,,,,73515.434182,,,NONE,,,,,False,,74081.388175,,,,,,0.4068,,74791.261334,73207.831666,73999.5465,0.7657,39.23,ASIAN
2026-03-16T23:18:36.681261+00:00,BTCUSD,taipan,24849108,M30,HOLD,NONE,NONE,0,0.0,0,,,,,,,,,,,,,,,,,,74756.49,74762.01,74242.64,74476.11,74382.925099,74086.711032,296.214067,,,,,73517.625947,,,NONE,,,,,False,,74086.711032,,,,,,0.5056,,74800.674685,73204.007315,74002.341,0.7967,39.23,ASIAN
2026-03-16T23:23:39.174076+00:00,BTCUSD,taipan,24849108,M30,HOLD,NONE,NONE,0,0.0,0,,,,,,,,,,,,,,,,,,74756.49,74762.01,74242.64,74491.04,74386.242877,74088.132937,298.10994,,,,,73518.211437,,,NONE,,,,,False,,74088.132937,,,,,,0.5804,,74803.312165,73202.862835,74003.0875,0.8049,39.23,ASIAN
2026-03-16T23:28:41.858532+00:00,BTCUSD,taipan,24849108,M30,HOLD,NONE,NONE,0,0.0,0,,,,,,,,,,,,,,,,,,74756.49,74762.01,74242.64,74581.63,74406.373988,74096.760556,309.613432,,,,,73521.763986,,,NONE,,,,,False,,74096.760556,,,,,,0.6607,,74820.39795,73194.83605,74007.617,0.8531,39.23,ASIAN
2026-03-16T23:33:44.372198+00:00,BTCUSD,taipan,24849108,M30,HOLD,NONE,NONE,0,0.0,0,,,,,,,,,,,,,,,,,,74604.15,74741.22,74587.59,74715.16,74479.521497,74157.913337,321.60816,,,,,73569.512492,,,NONE,,,,,False,,74157.913337,,,,,,0.0975,,74914.89493,73164.15507,74039.525,0.8859,38.56,ASIAN
2026-03-16T23:38:47.033770+00:00,BTCUSD,taipan,24849108,M30,HOLD,NONE,NONE,0,0.0,0,,,,,,,,,,,,,,,,,,74604.15,74746.48,74587.59,74726.37,74482.012608,74158.980956,323.031652,,,,,73569.9521,,,NONE,,,,,False,,74158.980956,,,,,,0.1966,,74917.289379,73162.881621,74040.0855,0.8912,38.56,ASIAN
2026-03-16T23:43:49.481133+00:00,BTCUSD,taipan,24849108,M30,HOLD,NONE,NONE,0,0.0,0,,,,,,,,,,,,,,,,,,74604.15,74884.83,74587.59,74884.83,74517.225941,74174.072385,343.153556,,,,,73576.166217,,,NONE,,,,,False,,74174.072385,,,,,,0.2798,,74953.711244,73142.305756,74048.0085,0.962,38.82,ASIAN
2026-03-16T23:48:51.982278+00:00,BTCUSD,taipan,24849108,M30,HOLD,NONE,NONE,0,0.0,0,,,,,,,,,,,,,,,,,,74604.15,74908.92,74587.59,74821.12,74503.068163,74168.004766,335.063397,,,,,73573.667786,,,NONE,,,,,False,,74168.004766,,,,,,0.3946,,74938.50152,73151.14448,74044.823,0.9343,38.87,ASIAN
2026-03-16T23:53:54.407472+00:00,BTCUSD,taipan,24849108,M30,HOLD,NONE,NONE,0,0.0,0,,,,,,,,,,,,,,,,,,74604.15,74908.92,74587.59,74736.05,74484.163719,74159.902861,324.260858,,,,,73570.331707,,,NONE,,,,,False,,74159.902861,,,,,,0.5214,,74919.376951,73161.762049,74040.5695,0.8957,38.87,ASIAN
2026-03-16T23:58:56.816101+00:00,BTCUSD,taipan,24849108,M30,HOLD,NONE,NONE,0,0.0,0,,,,,,,,,,,,,,,,,,74604.15,74908.92,74587.59,74833.76,74505.877052,74169.208575,336.668477,,,,,73574.163472,,,NONE,,,,,False,,74169.208575,,,,,,0.6129,,74941.459903,73149.450097,74045.455,0.9399,38.87,ASIAN
