timestamp,symbol,bot,account,timeframe,signal,signal_type,trigger,confidence,atr,executed,entry_price,sl_price,sl,tp_price,tp,volume_lots,ticket,exit_price,exit_reason,profit,pnl,outcome,duration_minutes,account_balance,account_equity,spread,spread_points,bar_open,bar_high,bar_low,bar_close,ema_fast,ema_slow,ema_separation,rsi,n_bar_high,n_bar_low,conditions_met,ema_50,nearest_sr_level,sr_distance_atr,pattern_type,pin_wick_size,pin_body_ratio,engulf_size_atr,inside_bar_vol_ratio,pattern_detected,sr_nearby,ema_20,momentum_fast_ema,momentum_slow_ema,breakout_high,breakout_low,pullback_distance_atr,volume_ratio,h1_trend,bb_upper,bb_lower,bb_mid,price_position_in_bb,adx,hold_reason
2026-03-10T00:01:48.357565+00:00,USDJPY-STD,cobra,24433879,H1,OUTSIDE_HOURS,OUTSIDE_HOURS,NONE,0,0.262999910724424,0,,,,,,,,,,,,,,,,0.018,0.018,157.869,157.876,157.808,157.819,,,,,,,,,,,,,,,,,,,,,,,,,,,,,,,
2026-03-10T00:01:48.358910+00:00,EURUSD-STD,cobra,24433879,H1,OUTSIDE_HOURS,OUTSIDE_HOURS,NONE,0,0.002177152543442405,0,,,,,,,,,,,,,,,,0.00015,0.00015,1.1616,1.1617,1.16133,1.16147,,,,,,,,,,,,,,,,,,,,,,,,,,,,,,,
2026-03-10T00:01:48.359522+00:00,XAUUSD-STD,cobra,24433879,H1,OUTSIDE_HOURS,OUTSIDE_HOURS,NONE,0,28.972319951804188,0,,,,,,,,,,,,,,,,0.25,0.25,5139.67,5141.25,5130.97,5135.24,,,,,,,,,,,,,,,,,,,,,,,,,,,,,,,
2026-03-10T00:01:48.359991+00:00,USOUSD-STD,cobra,24433879,H1,OUTSIDE_HOURS,OUTSIDE_HOURS,NONE,0,4.676729501181023,0,,,,,,,,,,,,,,,,0.072,0.072,88.647,88.997,87.712,87.992,,,,,,,,,,,,,,,,,,,,,,,,,,,,,,,
2026-03-10T00:11:53.236374+00:00,USDJPY-STD,cobra,24433879,H1,OUTSIDE_HOURS,OUTSIDE_HOURS,NONE,0,0.2688570535815644,0,,,,,,,,,,,,,,,,0.019,0.019,157.869,157.944,157.794,157.912,,,,,,,,,,,,,,,,,,,,,,,,,,,,,,,
2026-03-10T00:11:53.236889+00:00,EURUSD-STD,cobra,24433879,H1,OUTSIDE_HOURS,OUTSIDE_HOURS,NONE,0,0.002197152543442393,0,,,,,,,,,,,,,,,,0.00013,0.00013,1.1616,1.16176,1.16111,1.16146,,,,,,,,,,,,,,,,,,,,,,,,,,,,,,,
2026-03-10T00:11:53.237287+00:00,XAUUSD-STD,cobra,24433879,H1,OUTSIDE_HOURS,OUTSIDE_HOURS,NONE,0,28.972319951804188,0,,,,,,,,,,,,,,,,0.23,0.23,5139.67,5141.25,5130.97,5140.77,,,,,,,,,,,,,,,,,,,,,,,,,,,,,,,
2026-03-10T00:11:53.237795+00:00,USOUSD-STD,cobra,24433879,H1,OUTSIDE_HOURS,OUTSIDE_HOURS,NONE,0,4.717872358323881,0,,,,,,,,,,,,,,,,0.072,0.072,88.647,88.997,87.136,88.492,,,,,,,,,,,,,,,,,,,,,,,,,,,,,,,
2026-03-10T00:21:58.258841+00:00,USDJPY-STD,cobra,24433879,H1,OUTSIDE_HOURS,OUTSIDE_HOURS,NONE,0,0.27571419643870754,0,,,,,,,,,,,,,,,,0.019,0.019,157.869,157.944,157.698,157.718,,,,,,,,,,,,,,,,,,,,,,,,,,,,,,,
2026-03-10T00:21:58.259291+00:00,EURUSD-STD,cobra,24433879,H1,OUTSIDE_HOURS,OUTSIDE_HOURS,NONE,0,0.0022464382577281135,0,,,,,,,,,,,,,,,,0.00014,0.00014,1.1616,1.16245,1.16111,1.16245,,,,,,,,,,,,,,,,,,,,,,,,,,,,,,,
2026-03-10T00:21:58.259791+00:00,XAUUSD-STD,cobra,24433879,H1,OUTSIDE_HOURS,OUTSIDE_HOURS,NONE,0,28.972319951804188,0,,,,,,,,,,,,,,,,0.28,0.28,5139.67,5141.25,5130.97,5133.57,,,,,,,,,,,,,,,,,,,,,,,,,,,,,,,
2026-03-10T00:21:58.260193+00:00,USOUSD-STD,cobra,24433879,H1,OUTSIDE_HOURS,OUTSIDE_HOURS,NONE,0,4.74287235832388,0,,,,,,,,,,,,,,,,0.072,0.072,88.647,89.347,87.136,88.907,,,,,,,,,,,,,,,,,,,,,,,,,,,,,,,
2026-03-10T00:32:03.678550+00:00,USDJPY-STD,cobra,24433879,H1,OUTSIDE_HOURS,OUTSIDE_HOURS,NONE,0,0.2802856250101376,0,,,,,,,,,,,,,,,,0.018,0.018,157.869,157.944,157.634,157.757,,,,,,,,,,,,,,,,,,,,,,,,,,,,,,,
2026-03-10T00:32:03.679164+00:00,EURUSD-STD,cobra,24433879,H1,OUTSIDE_HOURS,OUTSIDE_HOURS,NONE,0,0.0022692954005852635,0,,,,,,,,,,,,,,,,0.00014,0.00014,1.1616,1.16277,1.16111,1.16247,,,,,,,,,,,,,,,,,,,,,,,,,,,,,,,
2026-03-10T00:32:03.679593+00:00,XAUUSD-STD,cobra,24433879,H1,OUTSIDE_HOURS,OUTSIDE_HOURS,NONE,0,29.14874852323278,0,,,,,,,,,,,,,,,,0.28,0.28,5139.67,5141.25,5128.5,5129.96,,,,,,,,,,,,,,,,,,,,,,,,,,,,,,,
2026-03-10T00:32:03.680214+00:00,USOUSD-STD,cobra,24433879,H1,OUTSIDE_HOURS,OUTSIDE_HOURS,NONE,0,4.74287235832388,0,,,,,,,,,,,,,,,,0.072,0.072,88.647,89.347,87.136,87.477,,,,,,,,,,,,,,,,,,,,,,,,,,,,,,,
2026-03-10T00:42:08.973298+00:00,USDJPY-STD,cobra,24433879,H1,OUTSIDE_HOURS,OUTSIDE_HOURS,NONE,0,0.28149991072442304,0,,,,,,,,,,,,,,,,0.018,0.018,157.869,157.944,157.617,157.661,,,,,,,,,,,,,,,,,,,,,,,,,,,,,,,
2026-03-10T00:42:08.973825+00:00,EURUSD-STD,cobra,24433879,H1,OUTSIDE_HOURS,OUTSIDE_HOURS,NONE,0,0.002321438257728113,0,,,,,,,,,,,,,,,,0.00013,0.00013,1.1616,1.1635,1.16111,1.16297,,,,,,,,,,,,,,,,,,,,,,,,,,,,,,,
2026-03-10T00:42:08.974343+00:00,XAUUSD-STD,cobra,24433879,H1,OUTSIDE_HOURS,OUTSIDE_HOURS,NONE,0,29.40017709466138,0,,,,,,,,,,,,,,,,0.24,0.24,5139.67,5141.25,5124.98,5133.92,,,,,,,,,,,,,,,,,,,,,,,,,,,,,,,
2026-03-10T00:42:08.974756+00:00,USOUSD-STD,cobra,24433879,H1,OUTSIDE_HOURS,OUTSIDE_HOURS,NONE,0,4.8392295011810225,0,,,,,,,,,,,,,,,,0.072,0.072,88.647,89.347,85.787,86.277,,,,,,,,,,,,,,,,,,,,,,,,,,,,,,,
2026-03-10T00:52:14.244283+00:00,USDJPY-STD,cobra,24433879,H1,OUTSIDE_HOURS,OUTSIDE_HOURS,NONE,0,0.28378562501013604,0,,,,,,,,,,,,,,,,0.018,0.018,157.869,157.944,157.585,157.67,,,,,,,,,,,,,,,,,,,,,,,,,,,,,,,
2026-03-10T00:52:14.244738+00:00,EURUSD-STD,cobra,24433879,H1,OUTSIDE_HOURS,OUTSIDE_HOURS,NONE,0,0.002321438257728113,0,,,,,,,,,,,,,,,,0.00015,0.00015,1.1616,1.1635,1.16111,1.16251,,,,,,,,,,,,,,,,,,,,,,,,,,,,,,,
2026-03-10T00:52:14.245132+00:00,XAUUSD-STD,cobra,24433879,H1,OUTSIDE_HOURS,OUTSIDE_HOURS,NONE,0,29.40017709466138,0,,,,,,,,,,,,,,,,0.24,0.24,5139.67,5141.25,5124.98,5131.06,,,,,,,,,,,,,,,,,,,,,,,,,,,,,,,
2026-03-10T00:52:14.245677+00:00,USOUSD-STD,cobra,24433879,H1,OUTSIDE_HOURS,OUTSIDE_HOURS,NONE,0,4.8756580726095935,0,,,,,,,,,,,,,,,,0.072,0.072,88.647,89.347,85.277,86.117,,,,,,,,,,,,,,,,,,,,,,,,,,,,,,,
2026-03-10T01:02:19.495556+00:00,USDJPY-STD,cobra,24433879,H1,OUTSIDE_HOURS,OUTSIDE_HOURS,NONE,0,0.269806042492923,0,,,,,,,,,,,,,,,,0.019,0.019,157.584,157.621,157.558,157.57,,,,,,,,,,,,,,,,,,,,,,,,,,,,,,,
2026-03-10T01:02:19.496143+00:00,EURUSD-STD,cobra,24433879,H1,OUTSIDE_HOURS,OUTSIDE_HOURS,NONE,0,0.0021884783998095876,0,,,,,,,,,,,,,,,,0.00014,0.00014,1.16257,1.16273,1.16227,1.16254,,,,,,,,,,,,,,,,,,,,,,,,,,,,,,,
2026-03-10T01:02:19.496720+00:00,XAUUSD-STD,cobra,24433879,H1,OUTSIDE_HOURS,OUTSIDE_HOURS,NONE,0,28.548021545602204,0,,,,,,,,,,,,,,,,0.28,0.28,5131.03,5142.12,5124.65,5136.83,,,,,,,,,,,,,,,,,,,,,,,,,,,,,,,
2026-03-10T01:02:19.497126+00:00,USOUSD-STD,cobra,24433879,H1,OUTSIDE_HOURS,OUTSIDE_HOURS,NONE,0,4.589253918499229,0,,,,,,,,,,,,,,,,0.072,0.072,86.782,87.002,86.136,86.497,,,,,,,,,,,,,,,,,,,,,,,,,,,,,,,
2026-03-10T01:12:24.978629+00:00,USDJPY-STD,cobra,24433879,H1,OUTSIDE_HOURS,OUTSIDE_HOURS,NONE,0,0.27216318535006495,0,,,,,,,,,,,,,,,,0.02,0.02,157.584,157.621,157.525,157.564,,,,,,,,,,,,,,,,,,,,,,,,,,,,,,,
2026-03-10T01:12:24.979188+00:00,EURUSD-STD,cobra,24433879,H1,OUTSIDE_HOURS,OUTSIDE_HOURS,NONE,0,0.0021984783998095898,0,,,,,,,,,,,,,,,,0.00014,0.00014,1.16257,1.16273,1.1621299999999999,1.16236,,,,,,,,,,,,,,,,,,,,,,,,,,,,,,,
2026-03-10T01:12:24.979773+00:00,XAUUSD-STD,cobra,24433879,H1,OUTSIDE_HOURS,OUTSIDE_HOURS,NONE,0,29.358735831316515,0,,,,,,,,,,,,,,,,0.27,0.27,5131.03,5153.47,5124.65,5148.75,,,,,,,,,,,,,,,,,,,,,,,,,,,,,,,
2026-03-10T01:12:24.980244+00:00,USOUSD-STD,cobra,24433879,H1,OUTSIDE_HOURS,OUTSIDE_HOURS,NONE,0,4.6598967756420855,0,,,,,,,,,,,,,,,,0.072,0.072,86.782,87.002,85.147,85.852,,,,,,,,,,,,,,,,,,,,,,,,,,,,,,,
2026-03-10T01:22:30.752231+00:00,USDJPY-STD,cobra,24433879,H1,OUTSIDE_HOURS,OUTSIDE_HOURS,NONE,0,0.27552032820720757,0,,,,,,,,,,,,,,,,0.019,0.019,157.584,157.668,157.525,157.644,,,,,,,,,,,,,,,,,,,,,,,,,,,,,,,
2026-03-10T01:22:30.752830+00:00,EURUSD-STD,cobra,24433879,H1,OUTSIDE_HOURS,OUTSIDE_HOURS,NONE,0,0.0022199069712381427,0,,,,,,,,,,,,,,,,0.00014,0.00014,1.16257,1.16293,1.1620300000000001,1.1621,,,,,,,,,,,,,,,,,,,,,,,,,,,,,,,
2026-03-10T01:22:30.753287+00:00,XAUUSD-STD,cobra,24433879,H1,OUTSIDE_HOURS,OUTSIDE_HOURS,NONE,0,29.91087868845934,0,,,,,,,,,,,,,,,,0.24,0.24,5131.03,5161.2,5124.65,5158.67,,,,,,,,,,,,,,,,,,,,,,,,,,,,,,,
2026-03-10T01:22:30.753704+00:00,USOUSD-STD,cobra,24433879,H1,OUTSIDE_HOURS,OUTSIDE_HOURS,NONE,0,4.705968204213515,0,,,,,,,,,,,,,,,,0.072,0.072,86.782,87.002,84.502,86.057,,,,,,,,,,,,,,,,,,,,,,,,,,,,,,,
2026-03-10T01:32:35.837307+00:00,USDJPY-STD,cobra,24433879,H1,OUTSIDE_HOURS,OUTSIDE_HOURS,NONE,0,0.2825917567786354,0,,,,,,,,,,,,,,,,0.019,0.019,157.584,157.767,157.525,157.707,,,,,,,,,,,,,,,,,,,,,,,,,,,,,,,
2026-03-10T01:32:35.839440+00:00,EURUSD-STD,cobra,24433879,H1,OUTSIDE_HOURS,OUTSIDE_HOURS,NONE,0,0.0022749069712381543,0,,,,,,,,,,,,,,,,0.00014,0.00014,1.16257,1.16293,1.16126,1.1614200000000001,,,,,,,,,,,,,,,,,,,,,,,,,,,,,,,
2026-03-10T01:32:35.840005+00:00,XAUUSD-STD,cobra,24433879,H1,OUTSIDE_HOURS,OUTSIDE_HOURS,NONE,0,30.3780215456022,0,,,,,,,,,,,,,,,,0.28,0.28,5131.03,5167.74,5124.65,5155.63,,,,,,,,,,,,,,,,,,,,,,,,,,,,,,,
2026-03-10T01:32:35.840749+00:00,USOUSD-STD,cobra,24433879,H1,OUTSIDE_HOURS,OUTSIDE_HOURS,NONE,0,4.705968204213515,0,,,,,,,,,,,,,,,,0.072,0.072,86.782,87.002,84.502,85.802,,,,,,,,,,,,,,,,,,,,,,,,,,,,,,,
2026-03-10T01:42:42.162919+00:00,USDJPY-STD,cobra,24433879,H1,OUTSIDE_HOURS,OUTSIDE_HOURS,NONE,0,0.2825917567786354,0,,,,,,,,,,,,,,,,0.018,0.018,157.584,157.767,157.525,157.618,,,,,,,,,,,,,,,,,,,,,,,,,,,,,,,
2026-03-10T01:42:42.163617+00:00,EURUSD-STD,cobra,24433879,H1,OUTSIDE_HOURS,OUTSIDE_HOURS,NONE,0,0.0022749069712381543,0,,,,,,,,,,,,,,,,0.00013,0.00013,1.16257,1.16293,1.16126,1.16143,,,,,,,,,,,,,,,,,,,,,,,,,,,,,,,
2026-03-10T01:42:42.164098+00:00,XAUUSD-STD,cobra,24433879,H1,OUTSIDE_HOURS,OUTSIDE_HOURS,NONE,0,30.45945011703079,0,,,,,,,,,,,,,,,,0.25,0.25,5131.03,5168.88,5124.65,5164.94,,,,,,,,,,,,,,,,,,,,,,,,,,,,,,,
2026-03-10T01:42:42.164724+00:00,USOUSD-STD,cobra,24433879,H1,OUTSIDE_HOURS,OUTSIDE_HOURS,NONE,0,4.705968204213515,0,,,,,,,,,,,,,,,,0.072,0.072,86.782,87.002,84.502,85.662,,,,,,,,,,,,,,,,,,,,,,,,,,,,,,,
2026-03-10T01:52:46.809024+00:00,USDJPY-STD,cobra,24433879,H1,OUTSIDE_HOURS,OUTSIDE_HOURS,NONE,0,0.2825917567786354,0,,,,,,,,,,,,,,,,0.019,0.019,157.584,157.767,157.525,157.652,,,,,,,,,,,,,,,,,,,,,,,,,,,,,,,
2026-03-10T01:52:46.809562+00:00,EURUSD-STD,cobra,24433879,H1,OUTSIDE_HOURS,OUTSIDE_HOURS,NONE,0,0.0022849069712381565,0,,,,,,,,,,,,,,,,0.00013,0.00013,1.16257,1.16293,1.16112,1.16168,,,,,,,,,,,,,,,,,,,,,,,,,,,,,,,
2026-03-10T01:52:46.810079+00:00,XAUUSD-STD,cobra,24433879,H1,OUTSIDE_HOURS,OUTSIDE_HOURS,NONE,0,30.62016440274508,0,,,,,,,,,,,,,,,,0.28,0.28,5131.03,5171.13,5124.65,5170.83,,,,,,,,,,,,,,,,,,,,,,,,,,,,,,,
2026-03-10T01:52:46.810698+00:00,USOUSD-STD,cobra,24433879,H1,OUTSIDE_HOURS,OUTSIDE_HOURS,NONE,0,4.705968204213515,0,,,,,,,,,,,,,,,,0.072,0.072,86.782,87.002,84.502,84.727,,,,,,,,,,,,,,,,,,,,,,,,,,,,,,,
2026-03-10T02:02:52.067665+00:00,USDJPY-STD,cobra,24433879,H1,OUTSIDE_HOURS,OUTSIDE_HOURS,NONE,0,0.2661923532005437,0,,,,,,,,,,,,,,,,0.019,0.019,157.62,157.646,157.593,157.644,,,,,,,,,,,,,,,,,,,,,,,,,,,,,,,
2026-03-10T02:02:52.068187+00:00,EURUSD-STD,cobra,24433879,H1,OUTSIDE_HOURS,OUTSIDE_HOURS,NONE,0,0.002153127940929803,0,,,,,,,,,,,,,,,,0.00014,0.00014,1.16194,1.1622,1.16176,1.16178,,,,,,,,,,,,,,,,,,,,,,,,,,,,,,,
2026-03-10T02:02:52.068599+00:00,XAUUSD-STD,cobra,24433879,H1,OUTSIDE_HOURS,OUTSIDE_HOURS,NONE,0,29.932295242183407,0,,,,,,,,,,,,,,,,0.28,0.28,5184.24,5186.94,5179.86,5179.88,,,,,,,,,,,,,,,,,,,,,,,,,,,,,,,
2026-03-10T02:02:52.068998+00:00,USOUSD-STD,cobra,24433879,H1,OUTSIDE_HOURS,OUTSIDE_HOURS,NONE,0,4.40878171204961,0,,,,,,,,,,,,,,,,0.072,0.072,84.927,85.371,84.886,85.266,,,,,,,,,,,,,,,,,,,,,,,,,,,,,,,
2026-03-10T02:17:49.620202+00:00,BTCUSD,cobra,26551110,H1,HOLD,HOLD,NONE,0,611.0213284186606,0,,,,,,,,,,,,,,,,16.98,16.98,69249.43,69365.7,69096.1,69201.0,,,,,,,,68096.49057333633,69454.28333333334,0.33439640128786985,,,,,,none,True,,,,,,,,,,,,,,no_pattern_at_sr
2026-03-10T02:17:49.632538+00:00,USDJPY.s,cobra,26551110,H1,OUTSIDE_HOURS,OUTSIDE_HOURS,NONE,0,0.2679702328402929,0,,,,,,,,,,,,,,,,0.024,0.024,157.618,157.671,157.591,157.631,,,,,,,,,,,,,,,,,,,,,,,,,,,,,,,
2026-03-10T02:17:49.633260+00:00,EURUSD.s,cobra,26551110,H1,OUTSIDE_HOURS,OUTSIDE_HOURS,NONE,0,0.0021631639791095145,0,,,,,,,,,,,,,,,,0.0002,0.0002,1.16191,1.16225,1.16165,1.16219,,,,,,,,,,,,,,,,,,,,,,,,,,,,,,,
2026-03-10T02:17:49.633839+00:00,XAUUSD.s,cobra,26551110,H1,OUTSIDE_HOURS,OUTSIDE_HOURS,NONE,0,30.598798934684385,0,,,,,,,,,,,,,,,,0.36,0.36,5184.19,5186.89,5170.55,5176.3,,,,,,,,,,,,,,,,,,,,,,,,,,,,,,,
2026-03-10T02:17:49.634411+00:00,USOUSD.s,cobra,26551110,H1,OUTSIDE_HOURS,OUTSIDE_HOURS,NONE,0,4.427193171736391,0,,,,,,,,,,,,,,,,0.079,0.079,84.879,85.513,84.714,85.328,,,,,,,,,,,,,,,,,,,,,,,,,,,,,,,
2026-03-10T02:18:50.009089+00:00,BTCUSD,cobra,26551110,H1,HOLD,HOLD,NONE,0,611.0213284186606,0,,,,,,,,,,,,,,,,16.97,16.97,69249.43,69365.7,69096.1,69185.68,,,,,,,,68096.49057333633,69454.28333333334,0.33439640128786985,,,,,,none,True,,,,,,,,,,,,,,no_pattern_at_sr
2026-03-10T02:19:50.368866+00:00,BTCUSD,cobra,26551110,H1,HOLD,HOLD,NONE,0,611.0213284186606,0,,,,,,,,,,,,,,,,17.1,17.1,69249.43,69365.7,69096.1,69165.66,,,,,,,,68096.49057333633,69454.28333333334,0.33439640128786985,,,,,,none,True,,,,,,,,,,,,,,no_pattern_at_sr
2026-03-10T02:20:50.774529+00:00,BTCUSD,cobra,26551110,H1,HOLD,HOLD,NONE,0,611.0213284186606,0,,,,,,,,,,,,,,,,16.97,16.97,69249.43,69365.7,69096.1,69277.46,,,,,,,,68096.49057333633,69454.28333333334,0.33439640128786985,,,,,,none,True,,,,,,,,,,,,,,no_pattern_at_sr
2026-03-10T02:21:51.115216+00:00,BTCUSD,cobra,26551110,H1,HOLD,HOLD,NONE,0,611.0213284186606,0,,,,,,,,,,,,,,,,17.06,17.06,69249.43,69365.7,69096.1,69177.56,,,,,,,,68096.49057333633,69454.28333333334,0.33439640128786985,,,,,,none,True,,,,,,,,,,,,,,no_pattern_at_sr
2026-03-10T02:22:51.466331+00:00,BTCUSD,cobra,26551110,H1,HOLD,HOLD,NONE,0,611.0213284186606,0,,,,,,,,,,,,,,,,17.02,17.02,69249.43,69365.7,69096.1,69174.73,,,,,,,,68096.49057333633,69454.28333333334,0.33439640128786985,,,,,,none,True,,,,,,,,,,,,,,no_pattern_at_sr
2026-03-10T02:23:52.225174+00:00,BTCUSD,cobra,26551110,H1,HOLD,HOLD,NONE,0,611.0213284186606,0,,,,,,,,,,,,,,,,16.98,16.98,69249.43,69365.7,69096.1,69155.93,,,,,,,,68096.49057333633,69454.28333333334,0.33439640128786985,,,,,,none,True,,,,,,,,,,,,,,no_pattern_at_sr
2026-03-10T02:24:52.918968+00:00,BTCUSD,cobra,26551110,H1,HOLD,HOLD,NONE,0,611.0213284186606,0,,,,,,,,,,,,,,,,17.07,17.07,69249.43,69365.7,69096.1,69160.27,,,,,,,,68096.49057333633,69454.28333333334,0.33439640128786985,,,,,,none,True,,,,,,,,,,,,,,no_pattern_at_sr
2026-03-10T02:25:53.253489+00:00,BTCUSD,cobra,26551110,H1,HOLD,HOLD,NONE,0,611.0213284186606,0,,,,,,,,,,,,,,,,16.96,16.96,69249.43,69365.7,69096.1,69213.16,,,,,,,,68096.49057333633,69454.28333333334,0.33439640128786985,,,,,,none,True,,,,,,,,,,,,,,no_pattern_at_sr
2026-03-10T02:26:53.628679+00:00,BTCUSD,cobra,26551110,H1,HOLD,HOLD,NONE,0,611.0213284186606,0,,,,,,,,,,,,,,,,17.02,17.02,69249.43,69365.7,69096.1,69194.67,,,,,,,,68096.49057333633,69454.28333333334,0.33439640128786985,,,,,,none,True,,,,,,,,,,,,,,no_pattern_at_sr
2026-03-10T02:27:53.959402+00:00,BTCUSD,cobra,26551110,H1,HOLD,HOLD,NONE,0,611.0213284186606,0,,,,,,,,,,,,,,,,17.05,17.05,69249.43,69365.7,69096.1,69194.27,,,,,,,,68096.49057333633,69454.28333333334,0.33439640128786985,,,,,,none,True,,,,,,,,,,,,,,no_pattern_at_sr
2026-03-10T02:27:53.959773+00:00,USDJPY.s,cobra,26551110,H1,OUTSIDE_HOURS,OUTSIDE_HOURS,NONE,0,0.2679702328402929,0,,,,,,,,,,,,,,,,0.023,0.023,157.618,157.671,157.591,157.62,,,,,,,,,,,,,,,,,,,,,,,,,,,,,,,
2026-03-10T02:27:53.960177+00:00,EURUSD.s,cobra,26551110,H1,OUTSIDE_HOURS,OUTSIDE_HOURS,NONE,0,0.0021888782648237944,0,,,,,,,,,,,,,,,,0.00019,0.00019,1.16191,1.16261,1.16165,1.16247,,,,,,,,,,,,,,,,,,,,,,,,,,,,,,,
2026-03-10T02:27:53.960585+00:00,XAUUSD.s,cobra,26551110,H1,OUTSIDE_HOURS,OUTSIDE_HOURS,NONE,0,30.598798934684385,0,,,,,,,,,,,,,,,,0.3,0.3,5184.19,5186.89,5170.55,5179.72,,,,,,,,,,,,,,,,,,,,,,,,,,,,,,,
2026-03-10T02:27:53.961092+00:00,USOUSD.s,cobra,26551110,H1,OUTSIDE_HOURS,OUTSIDE_HOURS,NONE,0,4.427978886022105,0,,,,,,,,,,,,,,,,0.079,0.079,84.879,85.524,84.714,85.338,,,,,,,,,,,,,,,,,,,,,,,,,,,,,,,
2026-03-10T02:28:54.290820+00:00,BTCUSD,cobra,26551110,H1,HOLD,HOLD,NONE,0,611.0213284186606,0,,,,,,,,,,,,,,,,16.99,16.99,69249.43,69365.7,69096.1,69282.69,,,,,,,,68096.49057333633,69454.28333333334,0.33439640128786985,,,,,,none,True,,,,,,,,,,,,,,no_pattern_at_sr
2026-03-10T02:29:54.621401+00:00,BTCUSD,cobra,26551110,H1,HOLD,HOLD,NONE,0,611.978471275804,0,,,,,,,,,,,,,,,,16.95,16.95,69249.43,69379.1,69096.1,69372.43,,,,,,,,68096.49057333633,69491.9,0.3953407045440839,,,,,,none,True,,,,,,,,,,,,,,no_pattern_at_sr
2026-03-10T02:30:54.951403+00:00,BTCUSD,cobra,26551110,H1,HOLD,HOLD,NONE,0,643.3434712758041,0,,,,,,,,,,,,,,,,17.1,17.1,69249.43,69818.21,69096.1,69701.25,,,,,,,,68096.49057333633,69491.9,0.37606661262948776,,,,,,none,True,,,,,,,,,,,,,,no_pattern_at_sr
2026-03-10T02:31:55.313615+00:00,BTCUSD,cobra,26551110,H1,HOLD,HOLD,NONE,0,643.3434712758041,0,,,,,,,,,,,,,,,,17.1,17.1,69249.43,69818.21,69096.1,69756.91,,,,,,,,68096.49057333633,69491.9,0.37606661262948776,,,,,,none,True,,,,,,,,,,,,,,no_pattern_at_sr
2026-03-10T02:32:55.643541+00:00,BTCUSD,cobra,26551110,H1,HOLD,HOLD,NONE,0,648.0998998472325,0,,,,,,,,,,,,,,,,17.05,17.05,69249.43,69884.8,69096.1,69879.68,,,,,,,,68096.49057333633,69491.9,0.37330664617756754,,,,,,none,True,,,,,,,,,,,,,,no_pattern_at_sr
2026-03-10T02:33:55.986820+00:00,BTCUSD,cobra,26551110,H1,HOLD,HOLD,NONE,0,649.8477569900897,0,,,,,,,,,,,,,,,,17.1,17.1,69249.43,69909.27,69096.1,69879.89,,,,,,,,68096.49057333633,69491.9,0.37230258533257876,,,,,,none,True,,,,,,,,,,,,,,no_pattern_at_sr
2026-03-10T02:34:56.318569+00:00,BTCUSD,cobra,26551110,H1,HOLD,HOLD,NONE,0,657.6484712758033,0,,,,,,,,,,,,,,,,17.09,17.09,69249.43,70018.48,69096.1,70006.04,,,,,,,,68096.49057333633,69491.9,0.36788650862464095,,,,,,none,True,,,,,,,,,,,,,,no_pattern_at_sr
2026-03-10T02:35:56.658107+00:00,BTCUSD,cobra,26551110,H1,HOLD,HOLD,NONE,0,665.0798998472325,0,,,,,,,,,,,,,,,,17.1,17.1,69249.43,70122.52,69096.1,70093.31,,,,,,,,68096.49057333633,69491.9,0.3637758411516585,,,,,,none,True,,,,,,,,,,,,,,no_pattern_at_sr
2026-03-10T02:36:57.020054+00:00,BTCUSD,cobra,26551110,H1,HOLD,HOLD,NONE,0,670.5834712758042,0,,,,,,,,,,,,,,,,16.96,16.96,69249.43,70199.57,69096.1,70031.79,,,,,,,,68096.49057333633,69491.9,0.3607902824382027,,,,,,none,True,,,,,,,,,,,,,,no_pattern_at_sr
2026-03-10T02:37:57.353505+00:00,BTCUSD,cobra,26551110,H1,HOLD,HOLD,NONE,0,670.5834712758042,0,,,,,,,,,,,,,,,,17.06,17.06,69249.43,70199.57,69096.1,70043.68,,,,,,,,68096.49057333633,69491.9,0.3607902824382027,,,,,,none,True,,,,,,,,,,,,,,no_pattern_at_sr
2026-03-10T02:37:57.353927+00:00,USDJPY.s,cobra,26551110,H1,OUTSIDE_HOURS,OUTSIDE_HOURS,NONE,0,0.2718273756974359,0,,,,,,,,,,,,,,,,0.024,0.024,157.618,157.725,157.591,157.716,,,,,,,,,,,,,,,,,,,,,,,,,,,,,,,
2026-03-10T02:37:57.354330+00:00,EURUSD.s,cobra,26551110,H1,OUTSIDE_HOURS,OUTSIDE_HOURS,NONE,0,0.0021888782648237944,0,,,,,,,,,,,,,,,,0.00018,0.00018,1.16191,1.16261,1.16165,1.16182,,,,,,,,,,,,,,,,,,,,,,,,,,,,,,,
2026-03-10T02:37:57.354830+00:00,XAUUSD.s,cobra,26551110,H1,OUTSIDE_HOURS,OUTSIDE_HOURS,NONE,0,30.598798934684385,0,,,,,,,,,,,,,,,,0.37,0.37,5184.19,5186.89,5170.55,5177.85,,,,,,,,,,,,,,,,,,,,,,,,,,,,,,,
2026-03-10T02:37:57.355330+00:00,USOUSD.s,cobra,26551110,H1,OUTSIDE_HOURS,OUTSIDE_HOURS,NONE,0,4.481550314593534,0,,,,,,,,,,,,,,,,0.079,0.079,84.879,86.274,84.714,86.189,,,,,,,,,,,,,,,,,,,,,,,,,,,,,,,
2026-03-10T02:38:57.776582+00:00,BTCUSD,cobra,26551110,H1,HOLD,HOLD,NONE,0,670.5834712758042,0,,,,,,,,,,,,,,,,17.12,17.12,69249.43,70199.57,69096.1,69944.85,,,,,,,,68096.49057333633,69491.9,0.3607902824382027,,,,,,none,True,,,,,,,,,,,,,,no_pattern_at_sr
2026-03-10T02:39:58.137072+00:00,BTCUSD,cobra,26551110,H1,HOLD,HOLD,NONE,0,670.5834712758042,0,,,,,,,,,,,,,,,,17.02,17.02,69249.43,70199.57,69096.1,70034.21,,,,,,,,68096.49057333633,69491.9,0.3607902824382027,,,,,,none,True,,,,,,,,,,,,,,no_pattern_at_sr
2026-03-10T02:40:58.454173+00:00,BTCUSD,cobra,26551110,H1,HOLD,HOLD,NONE,0,670.5834712758042,0,,,,,,,,,,,,,,,,17.11,17.11,69249.43,70199.57,69096.1,70028.8,,,,,,,,68096.49057333633,69491.9,0.3607902824382027,,,,,,none,True,,,,,,,,,,,,,,no_pattern_at_sr
2026-03-10T02:41:58.806517+00:00,BTCUSD,cobra,26551110,H1,HOLD,HOLD,NONE,0,670.5834712758042,0,,,,,,,,,,,,,,,,16.95,16.95,69249.43,70199.57,69096.1,70043.03,,,,,,,,68096.49057333633,69491.9,0.3607902824382027,,,,,,none,True,,,,,,,,,,,,,,no_pattern_at_sr
2026-03-10T02:42:59.143664+00:00,BTCUSD,cobra,26551110,H1,HOLD,HOLD,NONE,0,686.1984712758032,0,,,,,,,,,,,,,,,,16.95,16.95,69249.43,70418.18,69096.1,70381.32,,,,,,,,68096.49057333633,69491.9,0.3525802083909701,,,,,,none,True,,,,,,,,,,,,,,no_pattern_at_sr
2026-03-10T02:43:59.481919+00:00,BTCUSD,cobra,26551110,H1,HOLD,HOLD,NONE,0,686.1984712758032,0,,,,,,,,,,,,,,,,16.97,16.97,69249.43,70418.18,69096.1,70352.95,,,,,,,,68096.49057333633,69491.9,0.3525802083909701,,,,,,none,True,,,,,,,,,,,,,,no_pattern_at_sr
2026-03-10T02:44:59.827277+00:00,BTCUSD,cobra,26551110,H1,HOLD,HOLD,NONE,0,686.1984712758032,0,,,,,,,,,,,,,,,,16.96,16.96,69249.43,70418.18,69096.1,70317.32,,,,,,,,68096.49057333633,69491.9,0.3525802083909701,,,,,,none,True,,,,,,,,,,,,,,no_pattern_at_sr
2026-03-10T02:46:00.191285+00:00,BTCUSD,cobra,26551110,H1,HOLD,HOLD,NONE,0,689.5884712758036,0,,,,,,,,,,,,,,,,17.07,17.07,69249.43,70465.64,69096.1,70322.88,,,,,,,,68096.49057333633,69491.9,0.3508469327400094,,,,,,none,True,,,,,,,,,,,,,,no_pattern_at_sr
2026-03-10T02:47:00.538166+00:00,BTCUSD,cobra,26551110,H1,HOLD,HOLD,NONE,0,689.5884712758036,0,,,,,,,,,,,,,,,,17.0,17.0,69249.43,70465.64,69096.1,70310.47,,,,,,,,68096.49057333633,69491.9,0.3508469327400094,,,,,,none,True,,,,,,,,,,,,,,no_pattern_at_sr
2026-03-10T02:48:45.731565+00:00,BTCUSD,cobra,26551110,H1,HOLD,HOLD,NONE,0,689.5884712758036,0,,,,,,,,,,,,,,,,17.11,17.11,69249.43,70465.64,69096.1,70435.66,,,,,,,,68096.49057333633,69491.9,0.3508469327400094,,,,,,none,True,,,,,,,,,,,,,,no_pattern_at_sr
2026-03-10T02:48:45.741576+00:00,USDJPY.s,cobra,26551110,H1,OUTSIDE_HOURS,OUTSIDE_HOURS,NONE,0,0.2729702328402945,0,,,,,,,,,,,,,,,,0.024,0.024,157.618,157.741,157.591,157.716,,,,,,,,,,,,,,,,,,,,,,,,,,,,,,,
2026-03-10T02:48:45.742151+00:00,EURUSD.s,cobra,26551110,H1,OUTSIDE_HOURS,OUTSIDE_HOURS,NONE,0,0.002195306836252376,0,,,,,,,,,,,,,,,,0.00018,0.00018,1.16191,1.16261,1.16156,1.16165,,,,,,,,,,,,,,,,,,,,,,,,,,,,,,,
2026-03-10T02:48:45.742825+00:00,XAUUSD.s,cobra,26551110,H1,OUTSIDE_HOURS,OUTSIDE_HOURS,NONE,0,30.598798934684385,0,,,,,,,,,,,,,,,,0.38,0.38,5184.19,5186.89,5170.55,5180.64,,,,,,,,,,,,,,,,,,,,,,,,,,,,,,,
2026-03-10T02:48:45.743359+00:00,USOUSD.s,cobra,26551110,H1,OUTSIDE_HOURS,OUTSIDE_HOURS,NONE,0,4.573336028879248,0,,,,,,,,,,,,,,,,0.079,0.079,84.879,87.559,84.714,87.368,,,,,,,,,,,,,,,,,,,,,,,,,,,,,,,
2026-03-10T02:49:46.083527+00:00,BTCUSD,cobra,26551110,H1,HOLD,HOLD,NONE,0,693.4798998472319,0,,,,,,,,,,,,,,,,17.06,17.06,69249.43,70520.12,69096.1,70519.56,,,,,,,,68096.49057333633,69491.9,0.34887817232090684,,,,,,none,True,,,,,,,,,,,,,,no_pattern_at_sr
2026-03-10T02:50:46.413622+00:00,BTCUSD,cobra,26551110,H1,HOLD,HOLD,NONE,0,697.546328418661,0,,,,,,,,,,,,,,,,16.97,16.97,69249.43,70577.05,69096.1,70474.7,,,,,,,,68096.49057333633,69491.9,0.346844345878024,,,,,,none,True,,,,,,,,,,,,,,no_pattern_at_sr
2026-03-10T02:51:46.814760+00:00,BTCUSD,cobra,26551110,H1,HOLD,HOLD,NONE,0,697.546328418661,0,,,,,,,,,,,,,,,,17.05,17.05,69249.43,70577.05,69096.1,70500.16,,,,,,,,68096.49057333633,69491.9,0.346844345878024,,,,,,none,True,,,,,,,,,,,,,,no_pattern_at_sr
2026-03-10T02:52:47.624090+00:00,BTCUSD,cobra,26551110,H1,HOLD,HOLD,NONE,0,697.546328418661,0,,,,,,,,,,,,,,,,17.02,17.02,69249.43,70577.05,69096.1,70356.76,,,,,,,,68096.49057333633,69491.9,0.346844345878024,,,,,,none,True,,,,,,,,,,,,,,no_pattern_at_sr
2026-03-10T02:53:48.463673+00:00,BTCUSD,cobra,26551110,H1,HOLD,HOLD,NONE,0,697.546328418661,0,,,,,,,,,,,,,,,,16.99,16.99,69249.43,70577.05,69096.1,70298.62,,,,,,,,68096.49057333633,69491.9,0.346844345878024,,,,,,none,True,,,,,,,,,,,,,,no_pattern_at_sr
2026-03-10T02:54:49.067851+00:00,BTCUSD,cobra,26551110,H1,HOLD,HOLD,NONE,0,697.546328418661,0,,,,,,,,,,,,,,,,17.02,17.02,69249.43,70577.05,69096.1,70353.25,,,,,,,,68096.49057333633,69491.9,0.346844345878024,,,,,,none,True,,,,,,,,,,,,,,no_pattern_at_sr
2026-03-10T02:55:49.812832+00:00,BTCUSD,cobra,26551110,H1,HOLD,HOLD,NONE,0,697.546328418661,0,,,,,,,,,,,,,,,,16.95,16.95,69249.43,70577.05,69096.1,70378.94,,,,,,,,68096.49057333633,69491.9,0.346844345878024,,,,,,none,True,,,,,,,,,,,,,,no_pattern_at_sr
2026-03-10T02:56:50.579730+00:00,BTCUSD,cobra,26551110,H1,HOLD,HOLD,NONE,0,697.546328418661,0,,,,,,,,,,,,,,,,17.08,17.08,69249.43,70577.05,69096.1,70285.11,,,,,,,,68096.49057333633,69491.9,0.346844345878024,,,,,,none,True,,,,,,,,,,,,,,no_pattern_at_sr
2026-03-10T02:57:50.949384+00:00,BTCUSD,cobra,26551110,H1,HOLD,HOLD,NONE,0,697.546328418661,0,,,,,,,,,,,,,,,,17.0,17.0,69249.43,70577.05,69096.1,70273.98,,,,,,,,68096.49057333633,69491.9,0.346844345878024,,,,,,none,True,,,,,,,,,,,,,,no_pattern_at_sr
2026-03-10T02:58:51.305694+00:00,BTCUSD,cobra,26551110,H1,HOLD,HOLD,NONE,0,697.546328418661,0,,,,,,,,,,,,,,,,17.0,17.0,69249.43,70577.05,69096.1,70278.28,,,,,,,,68096.49057333633,69491.9,0.346844345878024,,,,,,none,True,,,,,,,,,,,,,,no_pattern_at_sr
2026-03-10T02:58:51.306098+00:00,USDJPY.s,cobra,26551110,H1,OUTSIDE_HOURS,OUTSIDE_HOURS,NONE,0,0.2778988042688651,0,,,,,,,,,,,,,,,,0.024,0.024,157.618,157.81,157.591,157.808,,,,,,,,,,,,,,,,,,,,,,,,,,,,,,,
2026-03-10T02:58:51.306584+00:00,EURUSD.s,cobra,26551110,H1,OUTSIDE_HOURS,OUTSIDE_HOURS,NONE,0,0.0022281639791095122,0,,,,,,,,,,,,,,,,0.00018,0.00018,1.16191,1.16261,1.1611,1.1611799999999999,,,,,,,,,,,,,,,,,,,,,,,,,,,,,,,
2026-03-10T02:58:51.307316+00:00,XAUUSD.s,cobra,26551110,H1,OUTSIDE_HOURS,OUTSIDE_HOURS,NONE,0,30.97879893468443,0,,,,,,,,,,,,,,,,0.37,0.37,5184.19,5186.89,5165.23,5165.69,,,,,,,,,,,,,,,,,,,,,,,,,,,,,,,
2026-03-10T02:58:51.308423+00:00,USOUSD.s,cobra,26551110,H1,OUTSIDE_HOURS,OUTSIDE_HOURS,NONE,0,4.654407457450676,0,,,,,,,,,,,,,,,,0.079,0.079,84.879,88.694,84.714,88.649,,,,,,,,,,,,,,,,,,,,,,,,,,,,,,,
2026-03-10T02:59:51.659111+00:00,BTCUSD,cobra,26551110,H1,HOLD,HOLD,NONE,0,697.546328418661,0,,,,,,,,,,,,,,,,17.03,17.03,69249.43,70577.05,69096.1,70267.2,,,,,,,,68096.49057333633,69491.9,0.346844345878024,,,,,,none,True,,,,,,,,,,,,,,no_pattern_at_sr
2026-03-10T03:00:52.519612+00:00,BTCUSD,cobra,26551110,H1,HOLD,HOLD,NONE,0,651.6865972115577,0,,,,,,,,,,,,,,,,17.09,17.09,70267.84,70278.13,70222.62,70248.63,,,,,,,,68181.76110565469,70577.05,0.4743230892312703,,,,,,none,True,,,,,,,,,,,,,,no_pattern_at_sr
2026-03-10T03:01:53.741947+00:00,BTCUSD,cobra,26551110,H1,HOLD,HOLD,NONE,0,657.894454354414,0,,,,,,,,,,,,,,,,17.01,17.01,70267.84,70365.04,70222.62,70279.56,,,,,,,,68181.76110565469,70577.05,0.46984740174368467,,,,,,none,True,,,,,,,,,,,,,,no_pattern_at_sr
2026-03-10T03:02:54.545306+00:00,BTCUSD,cobra,26551110,H1,HOLD,HOLD,NONE,0,661.2523114972709,0,,,,,,,,,,,,,,,,16.96,16.96,70267.84,70365.04,70175.61,70175.68,,,,,,,,68181.76110565469,70577.05,0.4674615039153271,,,,,,none,True,,,,,,,,,,,,,,no_pattern_at_sr
2026-03-10T03:03:54.909118+00:00,BTCUSD,cobra,26551110,H1,HOLD,HOLD,NONE,0,667.7365972115564,0,,,,,,,,,,,,,,,,17.07,17.07,70267.84,70365.04,70084.83,70089.84,,,,,,,,68181.76110565469,70577.05,0.4629220583248434,,,,,,none,True,,,,,,,,,,,,,,no_pattern_at_sr
2026-03-10T03:04:55.247626+00:00,BTCUSD,cobra,26551110,H1,HOLD,HOLD,NONE,0,671.9180257829856,0,,,,,,,,,,,,,,,,17.1,17.1,70267.84,70365.04,70026.29,70026.9,,,,,,,,68181.76110565469,70577.05,0.4600412373812935,,,,,,none,True,,,,,,,,,,,,,,no_pattern_at_sr
2026-03-10T03:05:56.095336+00:00,BTCUSD,cobra,26551110,H1,HOLD,HOLD,NONE,0,672.3894543544135,0,,,,,,,,,,,,,,,,17.02,17.02,70267.84,70365.04,70019.69,70116.64,,,,,,,,68181.76110565469,70577.05,0.4597186913003994,,,,,,none,True,,,,,,,,,,,,,,no_pattern_at_sr
2026-03-10T03:06:57.015439+00:00,BTCUSD,cobra,26551110,H1,HOLD,HOLD,NONE,0,672.3894543544135,0,,,,,,,,,,,,,,,,17.01,17.01,70267.84,70365.04,70019.69,70099.63,,,,,,,,68181.76110565469,70577.05,0.4597186913003994,,,,,,none,True,,,,,,,,,,,,,,no_pattern_at_sr
2026-03-10T03:07:57.846409+00:00,BTCUSD,cobra,26551110,H1,HOLD,HOLD,NONE,0,672.3894543544135,0,,,,,,,,,,,,,,,,16.94,16.94,70267.84,70365.04,70019.69,70138.5,,,,,,,,68181.76110565469,70577.05,0.4597186913003994,,,,,,none,True,,,,,,,,,,,,,,no_pattern_at_sr
2026-03-10T03:08:58.686732+00:00,BTCUSD,cobra,26551110,H1,HOLD,HOLD,NONE,0,672.3894543544135,0,,,,,,,,,,,,,,,,17.09,17.09,70267.84,70365.04,70019.69,70152.68,,,,,,,,68181.76110565469,70577.05,0.4597186913003994,,,,,,none,True,,,,,,,,,,,,,,no_pattern_at_sr
2026-03-10T03:08:58.687460+00:00,USDJPY.s,cobra,26551110,H1,OUTSIDE_HOURS,OUTSIDE_HOURS,NONE,0,0.26381420192987165,0,,,,,,,,,,,,,,,,0.024,0.024,157.804,157.868,157.791,157.826,,,,,,,,,,,,,,,,,,,,,,,,,,,,,,,
2026-03-10T03:08:58.696033+00:00,EURUSD.s,cobra,26551110,H1,OUTSIDE_HOURS,OUTSIDE_HOURS,NONE,0,0.0021090094083226377,0,,,,,,,,,,,,,,,,0.00018,0.00018,1.16124,1.16148,1.16092,1.16135,,,,,,,,,,,,,,,,,,,,,,,,,,,,,,,
2026-03-10T03:08:58.708671+00:00,XAUUSD.s,cobra,26551110,H1,OUTSIDE_HOURS,OUTSIDE_HOURS,NONE,0,29.431691928598184,0,,,,,,,,,,,,,,,,0.37,0.37,5165.92,5173.22,5165.21,5173.06,,,,,,,,,,,,,,,,,,,,,,,,,,,,,,,
2026-03-10T03:08:58.720347+00:00,USOUSD.s,cobra,26551110,H1,OUTSIDE_HOURS,OUTSIDE_HOURS,NONE,0,4.412317117642144,0,,,,,,,,,,,,,,,,0.079,0.079,88.634,89.499,88.414,89.239,,,,,,,,,,,,,,,,,,,,,,,,,,,,,,,
2026-03-10T03:09:56.276837+00:00,BTCUSD,cobra,26551110,H1,HOLD,HOLD,NONE,0,672.3894543544135,0,,,,,,,,,,,,,,,,16.94,16.94,70267.84,70365.04,70019.69,70155.42,,,,,,,,68181.76110565469,70577.05,0.4597186913003994,,,,,,none,True,,,,,,,,,,,,,,no_pattern_at_sr
2026-03-10T03:09:56.313200+00:00,USDJPY.s,cobra,26551110,H1,OUTSIDE_HOURS,OUTSIDE_HOURS,NONE,0,0.26381420192987165,0,,,,,,,,,,,,,,,,0.024,0.024,157.804,157.868,157.791,157.833,,,,,,,,,,,,,,,,,,,,,,,,,,,,,,,
2026-03-10T03:09:56.340029+00:00,EURUSD.s,cobra,26551110,H1,OUTSIDE_HOURS,OUTSIDE_HOURS,NONE,0,0.0021090094083226377,0,,,,,,,,,,,,,,,,0.00019,0.00019,1.16124,1.16148,1.16092,1.16127,,,,,,,,,,,,,,,,,,,,,,,,,,,,,,,
2026-03-10T03:09:56.355657+00:00,XAUUSD.s,cobra,26551110,H1,OUTSIDE_HOURS,OUTSIDE_HOURS,NONE,0,29.439549071455303,0,,,,,,,,,,,,,,,,0.36,0.36,5165.92,5173.33,5165.21,5170.35,,,,,,,,,,,,,,,,,,,,,,,,,,,,,,,
2026-03-10T03:09:56.356541+00:00,USOUSD.s,cobra,26551110,H1,OUTSIDE_HOURS,OUTSIDE_HOURS,NONE,0,4.412317117642144,0,,,,,,,,,,,,,,,,0.079,0.079,88.634,89.499,88.414,89.054,,,,,,,,,,,,,,,,,,,,,,,,,,,,,,,
2026-03-10T03:10:57.143148+00:00,BTCUSD,cobra,26551110,H1,HOLD,HOLD,NONE,0,672.3894543544135,0,,,,,,,,,,,,,,,,16.97,16.97,70267.84,70365.04,70019.69,70207.99,,,,,,,,68181.76110565469,70577.05,0.4597186913003994,,,,,,none,True,,,,,,,,,,,,,,no_pattern_at_sr
2026-03-10T03:11:57.481398+00:00,BTCUSD,cobra,26551110,H1,HOLD,HOLD,NONE,0,672.3894543544135,0,,,,,,,,,,,,,,,,17.06,17.06,70267.84,70365.04,70019.69,70184.0,,,,,,,,68181.76110565469,70577.05,0.4597186913003994,,,,,,none,True,,,,,,,,,,,,,,no_pattern_at_sr
2026-03-10T03:12:57.831211+00:00,BTCUSD,cobra,26551110,H1,HOLD,HOLD,NONE,0,672.3894543544135,0,,,,,,,,,,,,,,,,17.1,17.1,70267.84,70365.04,70019.69,70120.7,,,,,,,,68181.76110565469,70577.05,0.4597186913003994,,,,,,none,True,,,,,,,,,,,,,,no_pattern_at_sr
2026-03-10T03:13:58.184036+00:00,BTCUSD,cobra,26551110,H1,HOLD,HOLD,NONE,0,672.3894543544135,0,,,,,,,,,,,,,,,,16.96,16.96,70267.84,70365.04,70019.69,70167.42,,,,,,,,68181.76110565469,70577.05,0.4597186913003994,,,,,,none,True,,,,,,,,,,,,,,no_pattern_at_sr
2026-03-10T03:14:58.512682+00:00,BTCUSD,cobra,26551110,H1,HOLD,HOLD,NONE,0,672.3894543544135,0,,,,,,,,,,,,,,,,16.95,16.95,70267.84,70365.04,70019.69,70170.77,,,,,,,,68181.76110565469,70577.05,0.4597186913003994,,,,,,none,True,,,,,,,,,,,,,,no_pattern_at_sr
2026-03-10T03:15:58.842288+00:00,BTCUSD,cobra,26551110,H1,HOLD,HOLD,NONE,0,672.3894543544135,0,,,,,,,,,,,,,,,,17.02,17.02,70267.84,70365.04,70019.69,70141.63,,,,,,,,68181.76110565469,70577.05,0.4597186913003994,,,,,,none,True,,,,,,,,,,,,,,no_pattern_at_sr
2026-03-10T03:16:59.209581+00:00,BTCUSD,cobra,26551110,H1,HOLD,HOLD,NONE,0,672.3894543544135,0,,,,,,,,,,,,,,,,17.04,17.04,70267.84,70365.04,70019.69,70165.21,,,,,,,,68181.76110565469,70577.05,0.4597186913003994,,,,,,none,True,,,,,,,,,,,,,,no_pattern_at_sr
2026-03-10T03:17:59.552835+00:00,BTCUSD,cobra,26551110,H1,HOLD,HOLD,NONE,0,672.3894543544135,0,,,,,,,,,,,,,,,,17.1,17.1,70267.84,70365.04,70019.69,70202.0,,,,,,,,68181.76110565469,70577.05,0.4597186913003994,,,,,,none,True,,,,,,,,,,,,,,no_pattern_at_sr
2026-03-10T03:18:59.876216+00:00,BTCUSD,cobra,26551110,H1,HOLD,HOLD,NONE,0,672.3894543544135,0,,,,,,,,,,,,,,,,16.99,16.99,70267.84,70365.04,70019.69,70151.14,,,,,,,,68181.76110565469,70577.05,0.4597186913003994,,,,,,none,True,,,,,,,,,,,,,,no_pattern_at_sr
2026-03-10T03:20:00.218926+00:00,BTCUSD,cobra,26551110,H1,HOLD,HOLD,NONE,0,672.3894543544135,0,,,,,,,,,,,,,,,,17.03,17.03,70267.84,70365.04,70019.69,70183.3,,,,,,,,68181.76110565469,70577.05,0.4597186913003994,,,,,,none,True,,,,,,,,,,,,,,no_pattern_at_sr
2026-03-10T03:20:00.219464+00:00,USDJPY.s,cobra,26551110,H1,OUTSIDE_HOURS,OUTSIDE_HOURS,NONE,0,0.2644570590727298,0,,,,,,,,,,,,,,,,0.023,0.023,157.804,157.877,157.791,157.866,,,,,,,,,,,,,,,,,,,,,,,,,,,,,,,
2026-03-10T03:20:00.219984+00:00,EURUSD.s,cobra,26551110,H1,OUTSIDE_HOURS,OUTSIDE_HOURS,NONE,0,0.0021090094083226377,0,,,,,,,,,,,,,,,,0.00018,0.00018,1.16124,1.16148,1.16092,1.1612,,,,,,,,,,,,,,,,,,,,,,,,,,,,,,,
2026-03-10T03:20:00.220601+00:00,XAUUSD.s,cobra,26551110,H1,OUTSIDE_HOURS,OUTSIDE_HOURS,NONE,0,29.500263357169615,0,,,,,,,,,,,,,,,,0.33,0.33,5165.92,5173.33,5164.36,5165.52,,,,,,,,,,,,,,,,,,,,,,,,,,,,,,,
2026-03-10T03:20:00.221864+00:00,USOUSD.s,cobra,26551110,H1,OUTSIDE_HOURS,OUTSIDE_HOURS,NONE,0,4.4133885462135725,0,,,,,,,,,,,,,,,,0.079,0.079,88.634,89.499,88.399,88.664,,,,,,,,,,,,,,,,,,,,,,,,,,,,,,,
2026-03-10T03:21:00.568340+00:00,BTCUSD,cobra,26551110,H1,HOLD,HOLD,NONE,0,672.3894543544135,0,,,,,,,,,,,,,,,,17.05,17.05,70267.84,70365.04,70019.69,70205.4,,,,,,,,68181.76110565469,70577.05,0.4597186913003994,,,,,,none,True,,,,,,,,,,,,,,no_pattern_at_sr
2026-03-10T03:22:06.736822+00:00,BTCUSD,cobra,26551110,H1,HOLD,HOLD,NONE,0,672.3894543544135,0,,,,,,,,,,,,,,,,16.95,16.95,70267.84,70365.04,70019.69,70204.14,,,,,,,,68181.76110565469,70577.05,0.4597186913003994,,,,,,none,True,,,,,,,,,,,,,,no_pattern_at_sr
2026-03-10T03:22:06.751572+00:00,USDJPY.s,cobra,26551110,H1,OUTSIDE_HOURS,OUTSIDE_HOURS,NONE,0,0.2644570590727298,0,,,,,,,,,,,,,,,,0.024,0.024,157.804,157.877,157.791,157.833,,,,,,,,,,,,,,,,,,,,,,,,,,,,,,,
2026-03-10T03:22:06.763561+00:00,EURUSD.s,cobra,26551110,H1,OUTSIDE_HOURS,OUTSIDE_HOURS,NONE,0,0.0021090094083226377,0,,,,,,,,,,,,,,,,0.00019,0.00019,1.16124,1.16148,1.16092,1.16138,,,,,,,,,,,,,,,,,,,,,,,,,,,,,,,
2026-03-10T03:22:06.786604+00:00,XAUUSD.s,cobra,26551110,H1,OUTSIDE_HOURS,OUTSIDE_HOURS,NONE,0,29.500263357169615,0,,,,,,,,,,,,,,,,0.36,0.36,5165.92,5173.33,5164.36,5169.44,,,,,,,,,,,,,,,,,,,,,,,,,,,,,,,
2026-03-10T03:22:06.811573+00:00,USOUSD.s,cobra,26551110,H1,OUTSIDE_HOURS,OUTSIDE_HOURS,NONE,0,4.4291028319278585,0,,,,,,,,,,,,,,,,0.079,0.079,88.634,89.499,88.179,88.619,,,,,,,,,,,,,,,,,,,,,,,,,,,,,,,
2026-03-10T03:23:07.655408+00:00,BTCUSD,cobra,26551110,H1,HOLD,HOLD,NONE,0,672.3894543544135,0,,,,,,,,,,,,,,,,17.12,17.12,70267.84,70365.04,70019.69,70191.06,,,,,,,,68181.76110565469,70577.05,0.4597186913003994,,,,,,none,True,,,,,,,,,,,,,,no_pattern_at_sr
2026-03-10T03:24:07.994056+00:00,BTCUSD,cobra,26551110,H1,HOLD,HOLD,NONE,0,672.3894543544135,0,,,,,,,,,,,,,,,,17.02,17.02,70267.84,70365.04,70019.69,70199.72,,,,,,,,68181.76110565469,70577.05,0.4597186913003994,,,,,,none,True,,,,,,,,,,,,,,no_pattern_at_sr
2026-03-10T03:25:08.325465+00:00,BTCUSD,cobra,26551110,H1,HOLD,HOLD,NONE,0,672.3894543544135,0,,,,,,,,,,,,,,,,17.03,17.03,70267.84,70365.04,70019.69,70168.29,,,,,,,,68181.76110565469,70577.05,0.4597186913003994,,,,,,none,True,,,,,,,,,,,,,,no_pattern_at_sr
2026-03-10T03:26:08.656464+00:00,BTCUSD,cobra,26551110,H1,HOLD,HOLD,NONE,0,672.3894543544135,0,,,,,,,,,,,,,,,,17.03,17.03,70267.84,70365.04,70019.69,70178.2,,,,,,,,68181.76110565469,70577.05,0.4597186913003994,,,,,,none,True,,,,,,,,,,,,,,no_pattern_at_sr
2026-03-10T03:27:08.994536+00:00,BTCUSD,cobra,26551110,H1,HOLD,HOLD,NONE,0,672.3894543544135,0,,,,,,,,,,,,,,,,17.12,17.12,70267.84,70365.04,70019.69,70187.37,,,,,,,,68181.76110565469,70577.05,0.4597186913003994,,,,,,none,True,,,,,,,,,,,,,,no_pattern_at_sr
2026-03-10T03:28:09.322848+00:00,BTCUSD,cobra,26551110,H1,HOLD,HOLD,NONE,0,672.3894543544135,0,,,,,,,,,,,,,,,,17.05,17.05,70267.84,70365.04,70019.69,70140.83,,,,,,,,68181.76110565469,70577.05,0.4597186913003994,,,,,,none,True,,,,,,,,,,,,,,no_pattern_at_sr
2026-03-10T03:29:09.808064+00:00,BTCUSD,cobra,26551110,H1,HOLD,HOLD,NONE,0,672.3894543544135,0,,,,,,,,,,,,,,,,17.06,17.06,70267.84,70365.04,70019.69,70142.26,,,,,,,,68181.76110565469,70577.05,0.4597186913003994,,,,,,none,True,,,,,,,,,,,,,,no_pattern_at_sr
2026-03-10T03:30:10.134258+00:00,BTCUSD,cobra,26551110,H1,HOLD,HOLD,NONE,0,672.3894543544135,0,,,,,,,,,,,,,,,,17.02,17.02,70267.84,70365.04,70019.69,70111.44,,,,,,,,68181.76110565469,70577.05,0.4597186913003994,,,,,,none,True,,,,,,,,,,,,,,no_pattern_at_sr
2026-03-10T03:31:10.476524+00:00,BTCUSD,cobra,26551110,H1,HOLD,HOLD,NONE,0,672.3894543544135,0,,,,,,,,,,,,,,,,16.98,16.98,70267.84,70365.04,70019.69,70089.99,,,,,,,,68181.76110565469,70577.05,0.4597186913003994,,,,,,none,True,,,,,,,,,,,,,,no_pattern_at_sr
2026-03-10T03:32:10.808876+00:00,BTCUSD,cobra,26551110,H1,HOLD,HOLD,NONE,0,672.3894543544135,0,,,,,,,,,,,,,,,,17.03,17.03,70267.84,70365.04,70019.69,70071.89,,,,,,,,68181.76110565469,70577.05,0.4597186913003994,,,,,,none,True,,,,,,,,,,,,,,no_pattern_at_sr
2026-03-10T03:32:10.809361+00:00,USDJPY.s,cobra,26551110,H1,OUTSIDE_HOURS,OUTSIDE_HOURS,NONE,0,0.2644570590727298,0,,,,,,,,,,,,,,,,0.023,0.023,157.804,157.877,157.791,157.853,,,,,,,,,,,,,,,,,,,,,,,,,,,,,,,
2026-03-10T03:32:10.809860+00:00,EURUSD.s,cobra,26551110,H1,OUTSIDE_HOURS,OUTSIDE_HOURS,NONE,0,0.0021125808368940577,0,,,,,,,,,,,,,,,,0.00018,0.00018,1.16124,1.16148,1.16087,1.16097,,,,,,,,,,,,,,,,,,,,,,,,,,,,,,,
2026-03-10T03:32:10.810528+00:00,XAUUSD.s,cobra,26551110,H1,OUTSIDE_HOURS,OUTSIDE_HOURS,NONE,0,29.690263357169602,0,,,,,,,,,,,,,,,,0.36,0.36,5165.92,5173.33,5161.7,5166.33,,,,,,,,,,,,,,,,,,,,,,,,,,,,,,,
2026-03-10T03:32:10.811733+00:00,USOUSD.s,cobra,26551110,H1,OUTSIDE_HOURS,OUTSIDE_HOURS,NONE,0,4.4587456890707164,0,,,,,,,,,,,,,,,,0.079,0.079,88.634,89.914,88.179,89.389,,,,,,,,,,,,,,,,,,,,,,,,,,,,,,,
2026-03-10T03:33:11.170939+00:00,BTCUSD,cobra,26551110,H1,HOLD,HOLD,NONE,0,672.3894543544135,0,,,,,,,,,,,,,,,,16.95,16.95,70267.84,70365.04,70019.69,70058.47,,,,,,,,68181.76110565469,70577.05,0.4597186913003994,,,,,,none,True,,,,,,,,,,,,,,no_pattern_at_sr
2026-03-10T03:34:11.613532+00:00,BTCUSD,cobra,26551110,H1,HOLD,HOLD,NONE,0,672.3894543544135,0,,,,,,,,,,,,,,,,16.99,16.99,70267.84,70365.04,70019.69,70078.41,,,,,,,,68181.76110565469,70577.05,0.4597186913003994,,,,,,none,True,,,,,,,,,,,,,,no_pattern_at_sr
2026-03-10T03:35:11.963120+00:00,BTCUSD,cobra,26551110,H1,HOLD,HOLD,NONE,0,672.3894543544135,0,,,,,,,,,,,,,,,,17.01,17.01,70267.84,70365.04,70019.69,70047.71,,,,,,,,68181.76110565469,70577.05,0.4597186913003994,,,,,,none,True,,,,,,,,,,,,,,no_pattern_at_sr
2026-03-10T03:36:12.290169+00:00,BTCUSD,cobra,26551110,H1,HOLD,HOLD,NONE,0,672.3894543544135,0,,,,,,,,,,,,,,,,17.04,17.04,70267.84,70365.04,70019.69,70070.49,,,,,,,,68181.76110565469,70577.05,0.4597186913003994,,,,,,none,True,,,,,,,,,,,,,,no_pattern_at_sr
2026-03-10T03:37:12.630335+00:00,BTCUSD,cobra,26551110,H1,HOLD,HOLD,NONE,0,672.3894543544135,0,,,,,,,,,,,,,,,,17.06,17.06,70267.84,70365.04,70019.69,70043.13,,,,,,,,68181.76110565469,70577.05,0.4597186913003994,,,,,,none,True,,,,,,,,,,,,,,no_pattern_at_sr
2026-03-10T03:38:12.955183+00:00,BTCUSD,cobra,26551110,H1,HOLD,HOLD,NONE,0,672.3894543544135,0,,,,,,,,,,,,,,,,17.06,17.06,70267.84,70365.04,70019.69,70050.34,,,,,,,,68181.76110565469,70577.05,0.4597186913003994,,,,,,none,True,,,,,,,,,,,,,,no_pattern_at_sr
2026-03-10T03:39:13.286335+00:00,BTCUSD,cobra,26551110,H1,HOLD,HOLD,NONE,0,672.4087400686996,0,,,,,,,,,,,,,,,,16.98,16.98,70267.84,70365.04,70019.42,70038.65,,,,,,,,68181.76110565469,70577.05,0.45970550586302467,,,,,,none,True,,,,,,,,,,,,,,no_pattern_at_sr
2026-03-10T03:40:13.697973+00:00,BTCUSD,cobra,26551110,H1,HOLD,HOLD,NONE,0,672.4923114972709,0,,,,,,,,,,,,,,,,16.95,16.95,70267.84,70365.04,70018.25,70063.47,,,,,,,,68181.76110565469,70577.05,0.45964837770677625,,,,,,none,True,,,,,,,,,,,,,,no_pattern_at_sr
2026-03-10T03:41:14.023707+00:00,BTCUSD,cobra,26551110,H1,HOLD,HOLD,NONE,0,672.4923114972709,0,,,,,,,,,,,,,,,,16.98,16.98,70267.84,70365.04,70018.25,70044.8,,,,,,,,68181.76110565469,70577.05,0.45964837770677625,,,,,,none,True,,,,,,,,,,,,,,no_pattern_at_sr
2026-03-10T03:42:14.408119+00:00,BTCUSD,cobra,26551110,H1,HOLD,HOLD,NONE,0,672.4923114972709,0,,,,,,,,,,,,,,,,17.01,17.01,70267.84,70365.04,70018.25,70034.53,,,,,,,,68181.76110565469,70577.05,0.45964837770677625,,,,,,none,True,,,,,,,,,,,,,,no_pattern_at_sr
2026-03-10T03:42:14.408654+00:00,USDJPY.s,cobra,26551110,H1,OUTSIDE_HOURS,OUTSIDE_HOURS,NONE,0,0.2644570590727298,0,,,,,,,,,,,,,,,,0.024,0.024,157.804,157.877,157.791,157.852,,,,,,,,,,,,,,,,,,,,,,,,,,,,,,,
2026-03-10T03:42:14.409303+00:00,EURUSD.s,cobra,26551110,H1,OUTSIDE_HOURS,OUTSIDE_HOURS,NONE,0,0.0021125808368940577,0,,,,,,,,,,,,,,,,0.00019,0.00019,1.16124,1.16148,1.16087,1.16097,,,,,,,,,,,,,,,,,,,,,,,,,,,,,,,
2026-03-10T03:42:14.409974+00:00,XAUUSD.s,cobra,26551110,H1,OUTSIDE_HOURS,OUTSIDE_HOURS,NONE,0,29.80240621431244,0,,,,,,,,,,,,,,,,0.37,0.37,5165.92,5173.33,5160.13,5161.02,,,,,,,,,,,,,,,,,,,,,,,,,,,,,,,
2026-03-10T03:42:14.410942+00:00,USOUSD.s,cobra,26551110,H1,OUTSIDE_HOURS,OUTSIDE_HOURS,NONE,0,4.474388546213572,0,,,,,,,,,,,,,,,,0.079,0.079,88.634,90.133,88.179,89.924,,,,,,,,,,,,,,,,,,,,,,,,,,,,,,,
2026-03-10T03:43:14.768127+00:00,BTCUSD,cobra,26551110,H1,HOLD,HOLD,NONE,0,675.1280257829848,0,,,,,,,,,,,,,,,,17.0,17.0,70267.84,70365.04,69981.35,69982.62,,,,,,,,68181.76110565469,70577.05,0.45785390058649683,,,,,,none,True,,,,,,,,,,,,,,no_pattern_at_sr
2026-03-10T03:44:15.114505+00:00,BTCUSD,cobra,26551110,H1,HOLD,HOLD,NONE,0,684.433740068699,0,,,,,,,,,,,,,,,,16.94,16.94,70267.84,70365.04,69851.07,69867.4,,,,,,,,68181.76110565469,70577.05,0.4516288165001541,,,,,,none,True,,,,,,,,,,,,,,no_pattern_at_sr
2026-03-10T03:45:15.480378+00:00,BTCUSD,cobra,26551110,H1,HOLD,HOLD,NONE,0,689.2037400686999,0,,,,,,,,,,,,,,,,17.07,17.07,70267.84,70365.04,69784.29,69828.53,,,,,,,,68181.76110565469,70577.05,0.4485030797557606,,,,,,none,True,,,,,,,,,,,,,,no_pattern_at_sr
2026-03-10T03:46:15.935088+00:00,BTCUSD,cobra,26551110,H1,HOLD,HOLD,NONE,0,698.3780257829848,0,,,,,,,,,,,,,,,,16.97,16.97,70267.84,70365.04,69655.85,69668.27,,,,,,,,68181.76110565469,70577.05,0.44261129157585205,,,,,,none,True,,,,,,,,,,,,,,no_pattern_at_sr
2026-03-10T03:47:16.289841+00:00,BTCUSD,cobra,26551110,H1,HOLD,HOLD,NONE,0,712.9887400686993,0,,,,,,,,,,,,,,,,17.03,17.03,70267.84,70365.04,69451.3,69464.46,,,,,,,,68181.76110565469,70577.05,0.4335412084771726,,,,,,none,True,,,,,,,,,,,,,,no_pattern_at_sr
2026-03-10T03:48:16.650203+00:00,BTCUSD,cobra,26551110,H1,HOLD,HOLD,NONE,0,714.4594543544132,0,,,,,,,,,,,,,,,,17.01,17.01,70267.84,70365.04,69430.71,69525.97,,,,,,,,68181.76110565469,70577.05,0.4326487642035795,,,,,,none,True,,,,,,,,,,,,,,no_pattern_at_sr
2026-03-10T03:49:16.999715+00:00,BTCUSD,cobra,26551110,H1,HOLD,HOLD,NONE,0,714.4594543544132,0,,,,,,,,,,,,,,,,16.97,16.97,70267.84,70365.04,69430.71,69557.92,,,,,,,,68181.76110565469,70577.05,0.4326487642035795,,,,,,none,True,,,,,,,,,,,,,,no_pattern_at_sr
2026-03-10T03:50:17.338270+00:00,BTCUSD,cobra,26551110,H1,HOLD,HOLD,NONE,0,714.4594543544132,0,,,,,,,,,,,,,,,,17.05,17.05,70267.84,70365.04,69430.71,69485.82,,,,,,,,68181.76110565469,70577.05,0.4326487642035795,,,,,,none,True,,,,,,,,,,,,,,no_pattern_at_sr
2026-03-10T03:51:17.685049+00:00,BTCUSD,cobra,26551110,H1,HOLD,HOLD,NONE,0,714.7665972115564,0,,,,,,,,,,,,,,,,17.11,17.11,70267.84,70365.04,69426.41,69435.28,,,,,,,,68181.76110565469,70577.05,0.4324628503988559,,,,,,none,True,,,,,,,,,,,,,,no_pattern_at_sr
2026-03-10T03:52:18.073777+00:00,BTCUSD,cobra,26551110,H1,HOLD,HOLD,NONE,0,718.404454354414,0,,,,,,,,,,,,,,,,16.98,16.98,70267.84,70365.04,69375.48,69476.62,,,,,,,,68181.76110565469,70577.05,0.4302729446155491,,,,,,none,True,,,,,,,,,,,,,,no_pattern_at_sr
2026-03-10T03:52:18.074256+00:00,USDJPY.s,cobra,26551110,H1,OUTSIDE_HOURS,OUTSIDE_HOURS,NONE,0,0.26659991621558704,0,,,,,,,,,,,,,,,,0.023,0.023,157.804,157.907,157.791,157.898,,,,,,,,,,,,,,,,,,,,,,,,,,,,,,,
2026-03-10T03:52:18.074905+00:00,EURUSD.s,cobra,26551110,H1,OUTSIDE_HOURS,OUTSIDE_HOURS,NONE,0,0.0021240094083226405,0,,,,,,,,,,,,,,,,0.00018,0.00018,1.16124,1.16148,1.16071,1.16076,,,,,,,,,,,,,,,,,,,,,,,,,,,,,,,
2026-03-10T03:52:18.075590+00:00,XAUUSD.s,cobra,26551110,H1,OUTSIDE_HOURS,OUTSIDE_HOURS,NONE,0,30.117406214312428,0,,,,,,,,,,,,,,,,0.31,0.31,5165.92,5173.33,5155.72,5157.36,,,,,,,,,,,,,,,,,,,,,,,,,,,,,,,
2026-03-10T03:52:18.076667+00:00,USOUSD.s,cobra,26551110,H1,OUTSIDE_HOURS,OUTSIDE_HOURS,NONE,0,4.567674260499287,0,,,,,,,,,,,,,,,,0.079,0.079,88.634,91.439,88.179,90.954,,,,,,,,,,,,,,,,,,,,,,,,,,,,,,,
2026-03-10T03:53:18.421166+00:00,BTCUSD,cobra,26551110,H1,HOLD,HOLD,NONE,0,718.404454354414,0,,,,,,,,,,,,,,,,16.99,16.99,70267.84,70365.04,69375.48,69537.05,,,,,,,,68181.76110565469,70577.05,0.4302729446155491,,,,,,none,True,,,,,,,,,,,,,,no_pattern_at_sr
2026-03-10T03:54:18.770129+00:00,BTCUSD,cobra,26551110,H1,HOLD,HOLD,NONE,0,718.404454354414,0,,,,,,,,,,,,,,,,16.98,16.98,70267.84,70365.04,69375.48,69443.84,,,,,,,,68181.76110565469,70577.05,0.4302729446155491,,,,,,none,True,,,,,,,,,,,,,,no_pattern_at_sr
2026-03-10T03:55:19.122988+00:00,BTCUSD,cobra,26551110,H1,HOLD,HOLD,NONE,0,718.404454354414,0,,,,,,,,,,,,,,,,16.96,16.96,70267.84,70365.04,69375.48,69491.27,,,,,,,,68181.76110565469,70577.05,0.4302729446155491,,,,,,none,True,,,,,,,,,,,,,,no_pattern_at_sr
2026-03-10T03:56:19.469182+00:00,BTCUSD,cobra,26551110,H1,HOLD,HOLD,NONE,0,718.404454354414,0,,,,,,,,,,,,,,,,17.02,17.02,70267.84,70365.04,69375.48,69502.3,,,,,,,,68181.76110565469,70577.05,0.4302729446155491,,,,,,none,True,,,,,,,,,,,,,,no_pattern_at_sr
2026-03-10T03:57:19.810611+00:00,BTCUSD,cobra,26551110,H1,HOLD,HOLD,NONE,0,718.404454354414,0,,,,,,,,,,,,,,,,17.0,17.0,70267.84,70365.04,69375.48,69501.21,,,,,,,,68181.76110565469,70577.05,0.4302729446155491,,,,,,none,True,,,,,,,,,,,,,,no_pattern_at_sr
2026-03-10T03:58:20.162415+00:00,BTCUSD,cobra,26551110,H1,HOLD,HOLD,NONE,0,718.404454354414,0,,,,,,,,,,,,,,,,16.96,16.96,70267.84,70365.04,69375.48,69453.9,,,,,,,,68181.76110565469,70577.05,0.4302729446155491,,,,,,none,True,,,,,,,,,,,,,,no_pattern_at_sr
2026-03-10T03:59:20.510491+00:00,BTCUSD,cobra,26551110,H1,HOLD,HOLD,NONE,0,718.404454354414,0,,,,,,,,,,,,,,,,16.96,16.96,70267.84,70365.04,69375.48,69432.83,,,,,,,,68181.76110565469,70577.05,0.4302729446155491,,,,,,none,True,,,,,,,,,,,,,,no_pattern_at_sr
2026-03-10T04:00:20.843330+00:00,BTCUSD,cobra,26551110,H1,HOLD,HOLD,NONE,0,670.5491500028347,0,,,,,,,,,,,,,,,,17.05,17.05,69421.06,69469.08,69421.06,69467.28,,,,,,,,68230.21999411123,69491.9,0.10625619315108936,,,,,,none,True,,,,,,,,,,,,,,no_pattern_at_sr
2026-03-10T04:01:21.193009+00:00,BTCUSD,cobra,26551110,H1,HOLD,HOLD,NONE,0,671.1641500028347,0,,,,,,,,,,,,,,,,17.0,17.0,69421.06,69477.69,69421.06,69476.6,,,,,,,,68230.21999411123,69491.9,0.1061588286557008,,,,,,none,True,,,,,,,,,,,,,,no_pattern_at_sr
2026-03-10T04:02:21.514747+00:00,BTCUSD,cobra,26551110,H1,HOLD,HOLD,NONE,0,672.9720071456917,0,,,,,,,,,,,,,,,,17.04,17.04,69421.06,69503.0,69421.06,69490.73,,,,,,,,68230.21999411123,69491.9,0.10587364592205853,,,,,,none,True,,,,,,,,,,,,,,no_pattern_at_sr
2026-03-10T04:02:21.515330+00:00,USDJPY.s,cobra,26551110,H1,OUTSIDE_HOURS,OUTSIDE_HOURS,NONE,0,0.249771351945292,0,,,,,,,,,,,,,,,,0.023,0.023,157.879,157.909,157.878,157.903,,,,,,,,,,,,,,,,,,,,,,,,,,,,,,,
2026-03-10T04:02:21.515955+00:00,EURUSD.s,cobra,26551110,H1,OUTSIDE_HOURS,OUTSIDE_HOURS,NONE,0,0.0019937230047772985,0,,,,,,,,,,,,,,,,0.00019,0.00019,1.16087,1.1609099999999999,1.16061,1.16076,,,,,,,,,,,,,,,,,,,,,,,,,,,,,,,
2026-03-10T04:02:21.516480+00:00,XAUUSD.s,cobra,26551110,H1,OUTSIDE_HOURS,OUTSIDE_HOURS,NONE,0,28.276878251909885,0,,,,,,,,,,,,,,,,0.34,0.34,5157.53,5159.28,5154.93,5155.97,,,,,,,,,,,,,,,,,,,,,,,,,,,,,,,
2026-03-10T04:02:21.520807+00:00,USOUSD.s,cobra,26551110,H1,OUTSIDE_HOURS,OUTSIDE_HOURS,NONE,0,4.287126089129687,0,,,,,,,,,,,,,,,,0.079,0.079,89.904,90.284,89.644,89.793,,,,,,,,,,,,,,,,,,,,,,,,,,,,,,,
2026-03-10T04:03:21.852664+00:00,BTCUSD,cobra,26551110,H1,HOLD,HOLD,NONE,0,678.3234357171201,0,,,,,,,,,,,,,,,,17.08,17.08,69421.06,69577.92,69421.06,69561.67,,,,,,,,68230.21999411123,69491.9,0.1050383876604158,,,,,,none,True,,,,,,,,,,,,,,no_pattern_at_sr
2026-03-10T04:04:22.197374+00:00,BTCUSD,cobra,26551110,H1,HOLD,HOLD,NONE,0,680.8455785742628,0,,,,,,,,,,,,,,,,17.06,17.06,69421.06,69613.23,69421.06,69573.24,,,,,,,,68230.21999411123,69491.9,0.10464928060369044,,,,,,none,True,,,,,,,,,,,,,,no_pattern_at_sr
2026-03-10T04:05:22.525387+00:00,BTCUSD,cobra,26551110,H1,HOLD,HOLD,NONE,0,680.8455785742628,0,,,,,,,,,,,,,,,,17.0,17.0,69421.06,69613.23,69421.06,69574.55,,,,,,,,68230.21999411123,69491.9,0.10464928060369044,,,,,,none,True,,,,,,,,,,,,,,no_pattern_at_sr
2026-03-10T04:06:22.853519+00:00,BTCUSD,cobra,26551110,H1,HOLD,HOLD,NONE,0,680.8455785742628,0,,,,,,,,,,,,,,,,17.02,17.02,69421.06,69613.23,69421.06,69562.99,,,,,,,,68230.21999411123,69491.9,0.10464928060369044,,,,,,none,True,,,,,,,,,,,,,,no_pattern_at_sr
2026-03-10T04:07:23.183571+00:00,BTCUSD,cobra,26551110,H1,HOLD,HOLD,NONE,0,680.8455785742628,0,,,,,,,,,,,,,,,,17.07,17.07,69421.06,69613.23,69421.06,69570.78,,,,,,,,68230.21999411123,69491.9,0.10464928060369044,,,,,,none,True,,,,,,,,,,,,,,no_pattern_at_sr
2026-03-10T04:08:23.504802+00:00,BTCUSD,cobra,26551110,H1,HOLD,HOLD,NONE,0,682.537007145692,0,,,,,,,,,,,,,,,,17.03,17.03,69421.06,69636.91,69421.06,69603.39,,,,,,,,68230.21999411123,69491.9,0.10438994406759138,,,,,,none,True,,,,,,,,,,,,,,no_pattern_at_sr
2026-03-10T04:09:23.841072+00:00,BTCUSD,cobra,26551110,H1,HOLD,HOLD,NONE,0,682.8705785742633,0,,,,,,,,,,,,,,,,17.09,17.09,69421.06,69641.58,69421.06,69545.27,,,,,,,,68230.21999411123,69491.9,0.10433895123840285,,,,,,none,True,,,,,,,,,,,,,,no_pattern_at_sr
2026-03-10T04:10:24.217864+00:00,BTCUSD,cobra,26551110,H1,HOLD,HOLD,NONE,0,682.8705785742633,0,,,,,,,,,,,,,,,,17.02,17.02,69421.06,69641.58,69421.06,69633.53,,,,,,,,68230.21999411123,69491.9,0.10433895123840285,,,,,,none,True,,,,,,,,,,,,,,no_pattern_at_sr
2026-03-10T04:11:24.569039+00:00,BTCUSD,cobra,26551110,H1,HOLD,HOLD,NONE,0,688.9898642885488,0,,,,,,,,,,,,,,,,17.04,17.04,69421.06,69727.25,69421.06,69663.38,,,,,,,,68230.21999411123,69491.9,0.10341226147582415,,,,,,none,True,,,,,,,,,,,,,,no_pattern_at_sr
2026-03-10T04:12:24.906312+00:00,BTCUSD,cobra,26551110,H1,HOLD,HOLD,NONE,0,688.9898642885488,0,,,,,,,,,,,,,,,,17.04,17.04,69421.06,69727.25,69421.06,69714.35,,,,,,,,68230.21999411123,69491.9,0.10341226147582415,,,,,,none,True,,,,,,,,,,,,,,no_pattern_at_sr
2026-03-10T04:12:24.906823+00:00,USDJPY.s,cobra,26551110,H1,OUTSIDE_HOURS,OUTSIDE_HOURS,NONE,0,0.25148563765957777,0,,,,,,,,,,,,,,,,0.024,0.024,157.879,157.922,157.867,157.882,,,,,,,,,,,,,,,,,,,,,,,,,,,,,,,
2026-03-10T04:12:24.907457+00:00,EURUSD.s,cobra,26551110,H1,OUTSIDE_HOURS,OUTSIDE_HOURS,NONE,0,0.0019937230047772985,0,,,,,,,,,,,,,,,,0.00018,0.00018,1.16087,1.1609099999999999,1.16061,1.16085,,,,,,,,,,,,,,,,,,,,,,,,,,,,,,,
2026-03-10T04:12:24.907974+00:00,XAUUSD.s,cobra,26551110,H1,OUTSIDE_HOURS,OUTSIDE_HOURS,NONE,0,28.428306823338517,0,,,,,,,,,,,,,,,,0.37,0.37,5157.53,5160.77,5154.3,5160.66,,,,,,,,,,,,,,,,,,,,,,,,,,,,,,,
2026-03-10T04:12:24.909238+00:00,USOUSD.s,cobra,26551110,H1,OUTSIDE_HOURS,OUTSIDE_HOURS,NONE,0,4.343197517701116,0,,,,,,,,,,,,,,,,0.079,0.079,89.904,91.069,89.644,90.814,,,,,,,,,,,,,,,,,,,,,,,,,,,,,,,
2026-03-10T04:13:25.241689+00:00,BTCUSD,cobra,26551110,H1,HOLD,HOLD,NONE,0,688.9898642885488,0,,,,,,,,,,,,,,,,17.06,17.06,69421.06,69727.25,69421.06,69707.22,,,,,,,,68230.21999411123,69491.9,0.10341226147582415,,,,,,none,True,,,,,,,,,,,,,,no_pattern_at_sr
2026-03-10T04:14:25.589884+00:00,BTCUSD,cobra,26551110,H1,HOLD,HOLD,NONE,0,691.0712928599773,0,,,,,,,,,,,,,,,,17.07,17.07,69421.06,69756.39,69421.06,69722.27,,,,,,,,68230.21999411123,69491.9,0.10310079544056021,,,,,,none,True,,,,,,,,,,,,,,no_pattern_at_sr
2026-03-10T04:15:25.944672+00:00,BTCUSD,cobra,26551110,H1,HOLD,HOLD,NONE,0,691.0712928599773,0,,,,,,,,,,,,,,,,17.05,17.05,69421.06,69756.39,69421.06,69670.06,,,,,,,,68230.21999411123,69491.9,0.10310079544056021,,,,,,none,True,,,,,,,,,,,,,,no_pattern_at_sr
2026-03-10T04:16:26.318856+00:00,BTCUSD,cobra,26551110,H1,HOLD,HOLD,NONE,0,691.0712928599773,0,,,,,,,,,,,,,,,,17.0,17.0,69421.06,69756.39,69421.06,69691.96,,,,,,,,68230.21999411123,69491.9,0.10310079544056021,,,,,,none,True,,,,,,,,,,,,,,no_pattern_at_sr
2026-03-10T04:17:26.690056+00:00,BTCUSD,cobra,26551110,H1,HOLD,HOLD,NONE,0,691.0712928599773,0,,,,,,,,,,,,,,,,17.05,17.05,69421.06,69756.39,69421.06,69638.71,,,,,,,,68230.21999411123,69491.9,0.10310079544056021,,,,,,none,True,,,,,,,,,,,,,,no_pattern_at_sr
2026-03-10T04:18:27.027769+00:00,BTCUSD,cobra,26551110,H1,HOLD,HOLD,NONE,0,691.0712928599773,0,,,,,,,,,,,,,,,,17.06,17.06,69421.06,69756.39,69421.06,69663.26,,,,,,,,68230.21999411123,69491.9,0.10310079544056021,,,,,,none,True,,,,,,,,,,,,,,no_pattern_at_sr
2026-03-10T04:19:27.404542+00:00,BTCUSD,cobra,26551110,H1,HOLD,HOLD,NONE,0,691.0712928599773,0,,,,,,,,,,,,,,,,16.99,16.99,69421.06,69756.39,69421.06,69621.01,,,,,,,,68230.21999411123,69491.9,0.10310079544056021,,,,,,none,True,,,,,,,,,,,,,,no_pattern_at_sr
2026-03-10T04:20:27.727196+00:00,BTCUSD,cobra,26551110,H1,HOLD,HOLD,NONE,0,691.0712928599773,0,,,,,,,,,,,,,,,,17.01,17.01,69421.06,69756.39,69421.06,69628.58,,,,,,,,68230.21999411123,69491.9,0.10310079544056021,,,,,,none,True,,,,,,,,,,,,,,no_pattern_at_sr
2026-03-10T04:21:28.044814+00:00,BTCUSD,cobra,26551110,H1,HOLD,HOLD,NONE,0,691.0712928599773,0,,,,,,,,,,,,,,,,17.06,17.06,69421.06,69756.39,69421.06,69667.34,,,,,,,,68230.21999411123,69491.9,0.10310079544056021,,,,,,none,True,,,,,,,,,,,,,,no_pattern_at_sr
2026-03-10T04:22:28.405458+00:00,BTCUSD,cobra,26551110,H1,HOLD,HOLD,NONE,0,691.0712928599773,0,,,,,,,,,,,,,,,,16.94,16.94,69421.06,69756.39,69421.06,69716.67,,,,,,,,68230.21999411123,69491.9,0.10310079544056021,,,,,,none,True,,,,,,,,,,,,,,no_pattern_at_sr
2026-03-10T04:22:28.406044+00:00,USDJPY.s,cobra,26551110,H1,OUTSIDE_HOURS,OUTSIDE_HOURS,NONE,0,0.2571999233738623,0,,,,,,,,,,,,,,,,0.024,0.024,157.879,157.922,157.787,157.815,,,,,,,,,,,,,,,,,,,,,,,,,,,,,,,
2026-03-10T04:22:28.408229+00:00,EURUSD.s,cobra,26551110,H1,OUTSIDE_HOURS,OUTSIDE_HOURS,NONE,0,0.002012294433348738,0,,,,,,,,,,,,,,,,0.00018,0.00018,1.16087,1.16117,1.16061,1.16099,,,,,,,,,,,,,,,,,,,,,,,,,,,,,,,
2026-03-10T04:22:28.408795+00:00,XAUUSD.s,cobra,26551110,H1,OUTSIDE_HOURS,OUTSIDE_HOURS,NONE,0,28.83544968048136,0,,,,,,,,,,,,,,,,0.37,0.37,5157.53,5166.47,5154.3,5165.75,,,,,,,,,,,,,,,,,,,,,,,,,,,,,,,
2026-03-10T04:22:28.409650+00:00,USOUSD.s,cobra,26551110,H1,OUTSIDE_HOURS,OUTSIDE_HOURS,NONE,0,4.343197517701116,0,,,,,,,,,,,,,,,,0.079,0.079,89.904,91.069,89.644,90.383,,,,,,,,,,,,,,,,,,,,,,,,,,,,,,,
2026-03-10T04:23:28.743205+00:00,BTCUSD,cobra,26551110,H1,HOLD,HOLD,NONE,0,693.3748642885488,0,,,,,,,,,,,,,,,,16.97,16.97,69421.06,69788.64,69421.06,69749.18,,,,,,,,68230.21999411123,69491.9,0.10275826781391548,,,,,,none,True,,,,,,,,,,,,,,no_pattern_at_sr
2026-03-10T04:24:29.075720+00:00,BTCUSD,cobra,26551110,H1,HOLD,HOLD,NONE,0,693.3748642885488,0,,,,,,,,,,,,,,,,17.1,17.1,69421.06,69788.64,69421.06,69716.87,,,,,,,,68230.21999411123,69491.9,0.10275826781391548,,,,,,none,True,,,,,,,,,,,,,,no_pattern_at_sr
2026-03-10T04:25:29.401693+00:00,BTCUSD,cobra,26551110,H1,HOLD,HOLD,NONE,0,693.3748642885488,0,,,,,,,,,,,,,,,,17.09,17.09,69421.06,69788.64,69421.06,69728.56,,,,,,,,68230.21999411123,69491.9,0.10275826781391548,,,,,,none,True,,,,,,,,,,,,,,no_pattern_at_sr
2026-03-10T04:26:29.746637+00:00,BTCUSD,cobra,26551110,H1,HOLD,HOLD,NONE,0,693.5734357171201,0,,,,,,,,,,,,,,,,17.03,17.03,69421.06,69791.42,69421.06,69791.42,,,,,,,,68230.21999411123,69491.9,0.10272884792124583,,,,,,none,True,,,,,,,,,,,,,,no_pattern_at_sr
2026-03-10T04:27:30.076071+00:00,BTCUSD,cobra,26551110,H1,HOLD,HOLD,NONE,0,694.9441500028346,0,,,,,,,,,,,,,,,,17.07,17.07,69421.06,69810.61,69421.06,69792.56,,,,,,,,68230.21999411123,69491.9,0.10252622458899666,,,,,,none,True,,,,,,,,,,,,,,no_pattern_at_sr
2026-03-10T04:28:30.417478+00:00,BTCUSD,cobra,26551110,H1,HOLD,HOLD,NONE,0,694.9441500028346,0,,,,,,,,,,,,,,,,16.96,16.96,69421.06,69810.61,69421.06,69799.31,,,,,,,,68230.21999411123,69491.9,0.10252622458899666,,,,,,none,True,,,,,,,,,,,,,,no_pattern_at_sr
2026-03-10T04:29:30.778679+00:00,BTCUSD,cobra,26551110,H1,HOLD,HOLD,NONE,0,695.3655785742627,0,,,,,,,,,,,,,,,,17.01,17.01,69421.06,69816.51,69421.06,69801.67,,,,,,,,68230.21999411123,69491.9,0.10246408823699164,,,,,,none,True,,,,,,,,,,,,,,no_pattern_at_sr
2026-03-10T04:30:31.098940+00:00,BTCUSD,cobra,26551110,H1,HOLD,HOLD,NONE,0,695.3655785742627,0,,,,,,,,,,,,,,,,16.96,16.96,69421.06,69816.51,69421.06,69780.74,,,,,,,,68230.21999411123,69491.9,0.10246408823699164,,,,,,none,True,,,,,,,,,,,,,,no_pattern_at_sr
2026-03-10T04:31:31.425957+00:00,BTCUSD,cobra,26551110,H1,HOLD,HOLD,NONE,0,695.3655785742627,0,,,,,,,,,,,,,,,,17.06,17.06,69421.06,69816.51,69421.06,69765.62,,,,,,,,68230.21999411123,69491.9,0.10246408823699164,,,,,,none,True,,,,,,,,,,,,,,no_pattern_at_sr
2026-03-10T04:32:31.767804+00:00,BTCUSD,cobra,26551110,H1,HOLD,HOLD,NONE,0,697.862721431406,0,,,,,,,,,,,,,,,,16.98,16.98,69421.06,69851.47,69421.06,69778.44,,,,,,,,68230.21999411123,69491.9,0.10209744382656964,,,,,,none,True,,,,,,,,,,,,,,no_pattern_at_sr
2026-03-10T04:32:31.768195+00:00,USDJPY.s,cobra,26551110,H1,OUTSIDE_HOURS,OUTSIDE_HOURS,NONE,0,0.2571999233738623,0,,,,,,,,,,,,,,,,0.023,0.023,157.879,157.922,157.787,157.806,,,,,,,,,,,,,,,,,,,,,,,,,,,,,,,
2026-03-10T04:32:31.768927+00:00,EURUSD.s,cobra,26551110,H1,OUTSIDE_HOURS,OUTSIDE_HOURS,NONE,0,0.002014437290491593,0,,,,,,,,,,,,,,,,0.00018,0.00018,1.16087,1.1612,1.16061,1.16111,,,,,,,,,,,,,,,,,,,,,,,,,,,,,,,
2026-03-10T04:32:31.769453+00:00,XAUUSD.s,cobra,26551110,H1,OUTSIDE_HOURS,OUTSIDE_HOURS,NONE,0,28.83544968048136,0,,,,,,,,,,,,,,,,0.34,0.34,5157.53,5166.47,5154.3,5161.92,,,,,,,,,,,,,,,,,,,,,,,,,,,,,,,
2026-03-10T04:32:31.769925+00:00,USOUSD.s,cobra,26551110,H1,OUTSIDE_HOURS,OUTSIDE_HOURS,NONE,0,4.343197517701116,0,,,,,,,,,,,,,,,,0.079,0.079,89.904,91.069,89.644,90.244,,,,,,,,,,,,,,,,,,,,,,,,,,,,,,,
2026-03-10T04:33:32.094765+00:00,BTCUSD,cobra,26551110,H1,HOLD,HOLD,NONE,0,697.862721431406,0,,,,,,,,,,,,,,,,16.97,16.97,69421.06,69851.47,69421.06,69850.97,,,,,,,,68230.21999411123,69491.9,0.10209744382656964,,,,,,none,True,,,,,,,,,,,,,,no_pattern_at_sr
2026-03-10T04:34:32.471929+00:00,BTCUSD,cobra,26551110,H1,HOLD,HOLD,NONE,0,699.2334357171205,0,,,,,,,,,,,,,,,,16.98,16.98,69421.06,69870.66,69421.06,69869.58,,,,,,,,68230.21999411123,69491.9,0.10189730118801793,,,,,,none,True,,,,,,,,,,,,,,no_pattern_at_sr
2026-03-10T04:35:32.834068+00:00,BTCUSD,cobra,26551110,H1,HOLD,HOLD,NONE,0,699.2334357171205,0,,,,,,,,,,,,,,,,17.06,17.06,69421.06,69870.66,69421.06,69839.6,,,,,,,,68230.21999411123,69491.9,0.10189730118801793,,,,,,none,True,,,,,,,,,,,,,,no_pattern_at_sr
2026-03-10T04:36:33.227328+00:00,BTCUSD,cobra,26551110,H1,HOLD,HOLD,NONE,0,704.7305785742628,0,,,,,,,,,,,,,,,,17.0,17.0,69421.06,69947.62,69421.06,69939.95,,,,,,,,68230.21999411123,69491.9,0.101102466908908,,,,,,none,True,,,,,,,,,,,,,,no_pattern_at_sr
2026-03-10T04:37:33.548783+00:00,BTCUSD,cobra,26551110,H1,HOLD,HOLD,NONE,0,708.7070071456913,0,,,,,,,,,,,,,,,,17.0,17.0,69421.06,70003.29,69421.06,69954.24,,,,,,,,68230.21999411123,69491.9,0.10053519900552203,,,,,,none,True,,,,,,,,,,,,,,no_pattern_at_sr
2026-03-10T04:38:33.877534+00:00,BTCUSD,cobra,26551110,H1,HOLD,HOLD,NONE,0,708.7070071456913,0,,,,,,,,,,,,,,,,16.98,16.98,69421.06,70003.29,69421.06,69976.24,,,,,,,,68230.21999411123,69491.9,0.10053519900552203,,,,,,none,True,,,,,,,,,,,,,,no_pattern_at_sr
2026-03-10T04:39:34.222445+00:00,BTCUSD,cobra,26551110,H1,HOLD,HOLD,NONE,0,708.7070071456913,0,,,,,,,,,,,,,,,,16.98,16.98,69421.06,70003.29,69421.06,69927.33,,,,,,,,68230.21999411123,69491.9,0.10053519900552203,,,,,,none,True,,,,,,,,,,,,,,no_pattern_at_sr
2026-03-10T04:40:34.595669+00:00,BTCUSD,cobra,26551110,H1,HOLD,HOLD,NONE,0,708.7070071456913,0,,,,,,,,,,,,,,,,16.99,16.99,69421.06,70003.29,69421.06,69973.92,,,,,,,,68230.21999411123,69491.9,0.10053519900552203,,,,,,none,True,,,,,,,,,,,,,,no_pattern_at_sr
2026-03-10T04:41:34.925261+00:00,BTCUSD,cobra,26551110,H1,HOLD,HOLD,NONE,0,709.1884357171202,0,,,,,,,,,,,,,,,,17.0,17.0,69421.06,70010.03,69421.06,69966.83,,,,,,,,68230.21999411123,69491.9,0.10046695125245961,,,,,,none,True,,,,,,,,,,,,,,no_pattern_at_sr
2026-03-10T04:42:35.285284+00:00,BTCUSD,cobra,26551110,H1,HOLD,HOLD,NONE,0,709.1884357171202,0,,,,,,,,,,,,,,,,16.95,16.95,69421.06,70010.03,69421.06,69959.54,,,,,,,,68230.21999411123,69491.9,0.10046695125245961,,,,,,none,True,,,,,,,,,,,,,,no_pattern_at_sr
2026-03-10T04:42:35.285900+00:00,USDJPY.s,cobra,26551110,H1,OUTSIDE_HOURS,OUTSIDE_HOURS,NONE,0,0.2571999233738623,0,,,,,,,,,,,,,,,,0.023,0.023,157.879,157.922,157.787,157.817,,,,,,,,,,,,,,,,,,,,,,,,,,,,,,,
2026-03-10T04:42:35.286658+00:00,EURUSD.s,cobra,26551110,H1,OUTSIDE_HOURS,OUTSIDE_HOURS,NONE,0,0.002014437290491593,0,,,,,,,,,,,,,,,,0.00018,0.00018,1.16087,1.1612,1.16061,1.16105,,,,,,,,,,,,,,,,,,,,,,,,,,,,,,,
2026-03-10T04:42:35.287186+00:00,XAUUSD.s,cobra,26551110,H1,OUTSIDE_HOURS,OUTSIDE_HOURS,NONE,0,28.83544968048136,0,,,,,,,,,,,,,,,,0.36,0.36,5157.53,5166.47,5154.3,5163.05,,,,,,,,,,,,,,,,,,,,,,,,,,,,,,,
2026-03-10T04:42:35.287977+00:00,USOUSD.s,cobra,26551110,H1,OUTSIDE_HOURS,OUTSIDE_HOURS,NONE,0,4.343197517701116,0,,,,,,,,,,,,,,,,0.079,0.079,89.904,91.069,89.644,90.124,,,,,,,,,,,,,,,,,,,,,,,,,,,,,,,
2026-03-10T04:43:35.633109+00:00,BTCUSD,cobra,26551110,H1,HOLD,HOLD,NONE,0,709.1884357171202,0,,,,,,,,,,,,,,,,16.99,16.99,69421.06,70010.03,69421.06,69967.27,,,,,,,,68230.21999411123,69491.9,0.10046695125245961,,,,,,none,True,,,,,,,,,,,,,,no_pattern_at_sr
2026-03-10T04:44:35.963464+00:00,BTCUSD,cobra,26551110,H1,HOLD,HOLD,NONE,0,709.1884357171202,0,,,,,,,,,,,,,,,,17.01,17.01,69421.06,70010.03,69421.06,69970.7,,,,,,,,68230.21999411123,69491.9,0.10046695125245961,,,,,,none,True,,,,,,,,,,,,,,no_pattern_at_sr
2026-03-10T04:45:36.312963+00:00,BTCUSD,cobra,26551110,H1,HOLD,HOLD,NONE,0,709.1884357171202,0,,,,,,,,,,,,,,,,16.97,16.97,69421.06,70010.03,69421.06,69954.77,,,,,,,,68230.21999411123,69491.9,0.10046695125245961,,,,,,none,True,,,,,,,,,,,,,,no_pattern_at_sr
2026-03-10T04:46:36.668738+00:00,BTCUSD,cobra,26551110,H1,HOLD,HOLD,NONE,0,709.1884357171202,0,,,,,,,,,,,,,,,,17.05,17.05,69421.06,70010.03,69421.06,69932.26,,,,,,,,68230.21999411123,69491.9,0.10046695125245961,,,,,,none,True,,,,,,,,,,,,,,no_pattern_at_sr
2026-03-10T04:47:37.027394+00:00,BTCUSD,cobra,26551110,H1,HOLD,HOLD,NONE,0,709.1884357171202,0,,,,,,,,,,,,,,,,17.05,17.05,69421.06,70010.03,69421.06,69909.53,,,,,,,,68230.21999411123,69491.9,0.10046695125245961,,,,,,none,True,,,,,,,,,,,,,,no_pattern_at_sr
2026-03-10T04:48:37.359630+00:00,BTCUSD,cobra,26551110,H1,HOLD,HOLD,NONE,0,709.1884357171202,0,,,,,,,,,,,,,,,,17.12,17.12,69421.06,70010.03,69421.06,69910.95,,,,,,,,68230.21999411123,69491.9,0.10046695125245961,,,,,,none,True,,,,,,,,,,,,,,no_pattern_at_sr
2026-03-10T04:49:37.714478+00:00,BTCUSD,cobra,26551110,H1,HOLD,HOLD,NONE,0,709.1884357171202,0,,,,,,,,,,,,,,,,17.07,17.07,69421.06,70010.03,69421.06,69926.14,,,,,,,,68230.21999411123,69491.9,0.10046695125245961,,,,,,none,True,,,,,,,,,,,,,,no_pattern_at_sr
2026-03-10T04:50:38.046289+00:00,BTCUSD,cobra,26551110,H1,HOLD,HOLD,NONE,0,709.1884357171202,0,,,,,,,,,,,,,,,,16.97,16.97,69421.06,70010.03,69421.06,69877.8,,,,,,,,68230.21999411123,69491.9,0.10046695125245961,,,,,,none,True,,,,,,,,,,,,,,no_pattern_at_sr
2026-03-10T04:51:38.386740+00:00,BTCUSD,cobra,26551110,H1,HOLD,HOLD,NONE,0,709.1884357171202,0,,,,,,,,,,,,,,,,16.99,16.99,69421.06,70010.03,69421.06,69844.21,,,,,,,,68230.21999411123,69491.9,0.10046695125245961,,,,,,none,True,,,,,,,,,,,,,,no_pattern_at_sr
2026-03-10T04:52:38.725787+00:00,BTCUSD,cobra,26551110,H1,HOLD,HOLD,NONE,0,709.1884357171202,0,,,,,,,,,,,,,,,,17.03,17.03,69421.06,70010.03,69421.06,69890.17,,,,,,,,68230.21999411123,69491.9,0.10046695125245961,,,,,,none,True,,,,,,,,,,,,,,no_pattern_at_sr
2026-03-10T04:52:38.726300+00:00,USDJPY.s,cobra,26551110,H1,OUTSIDE_HOURS,OUTSIDE_HOURS,NONE,0,0.2596284948024352,0,,,,,,,,,,,,,,,,0.024,0.024,157.879,157.922,157.753,157.805,,,,,,,,,,,,,,,,,,,,,,,,,,,,,,,
2026-03-10T04:52:38.726828+00:00,EURUSD.s,cobra,26551110,H1,OUTSIDE_HOURS,OUTSIDE_HOURS,NONE,0,0.00202586586192016,0,,,,,,,,,,,,,,,,0.00018,0.00018,1.16087,1.16136,1.16061,1.16104,,,,,,,,,,,,,,,,,,,,,,,,,,,,,,,
2026-03-10T04:52:38.727478+00:00,XAUUSD.s,cobra,26551110,H1,OUTSIDE_HOURS,OUTSIDE_HOURS,NONE,0,28.83544968048136,0,,,,,,,,,,,,,,,,0.34,0.34,5157.53,5166.47,5154.3,5163.97,,,,,,,,,,,,,,,,,,,,,,,,,,,,,,,
2026-03-10T04:52:38.728001+00:00,USOUSD.s,cobra,26551110,H1,OUTSIDE_HOURS,OUTSIDE_HOURS,NONE,0,4.343197517701116,0,,,,,,,,,,,,,,,,0.079,0.079,89.904,91.069,89.644,90.454,,,,,,,,,,,,,,,,,,,,,,,,,,,,,,,
2026-03-10T04:53:39.071445+00:00,BTCUSD,cobra,26551110,H1,HOLD,HOLD,NONE,0,709.1884357171202,0,,,,,,,,,,,,,,,,17.02,17.02,69421.06,70010.03,69421.06,69915.2,,,,,,,,68230.21999411123,69491.9,0.10046695125245961,,,,,,none,True,,,,,,,,,,,,,,no_pattern_at_sr
2026-03-10T04:54:39.418521+00:00,BTCUSD,cobra,26551110,H1,HOLD,HOLD,NONE,0,709.1884357171202,0,,,,,,,,,,,,,,,,17.04,17.04,69421.06,70010.03,69421.06,69920.19,,,,,,,,68230.21999411123,69491.9,0.10046695125245961,,,,,,none,True,,,,,,,,,,,,,,no_pattern_at_sr
2026-03-10T04:55:39.737341+00:00,BTCUSD,cobra,26551110,H1,HOLD,HOLD,NONE,0,709.1884357171202,0,,,,,,,,,,,,,,,,17.06,17.06,69421.06,70010.03,69421.06,69904.35,,,,,,,,68230.21999411123,69491.9,0.10046695125245961,,,,,,none,True,,,,,,,,,,,,,,no_pattern_at_sr
2026-03-10T04:56:40.168597+00:00,BTCUSD,cobra,26551110,H1,HOLD,HOLD,NONE,0,714.5462928599769,0,,,,,,,,,,,,,,,,16.97,16.97,69421.06,70085.04,69421.06,70085.04,,,,,,,,68230.21999411123,69491.9,0.09971362347262532,,,,,,none,True,,,,,,,,,,,,,,no_pattern_at_sr
2026-03-10T04:57:40.497637+00:00,BTCUSD,cobra,26551110,H1,HOLD,HOLD,NONE,0,717.2527214314055,0,,,,,,,,,,,,,,,,16.96,16.96,69421.06,70122.93,69421.06,70074.44,,,,,,,,68230.21999411123,69491.9,0.09933737143277468,,,,,,none,True,,,,,,,,,,,,,,no_pattern_at_sr
2026-03-10T04:58:40.821074+00:00,BTCUSD,cobra,26551110,H1,HOLD,HOLD,NONE,0,717.2527214314055,0,,,,,,,,,,,,,,,,17.01,17.01,69421.06,70122.93,69421.06,70033.58,,,,,,,,68230.21999411123,69491.9,0.09933737143277468,,,,,,none,True,,,,,,,,,,,,,,no_pattern_at_sr
2026-03-10T04:59:41.149062+00:00,BTCUSD,cobra,26551110,H1,HOLD,HOLD,NONE,0,717.2527214314055,0,,,,,,,,,,,,,,,,17.1,17.1,69421.06,70122.93,69421.06,70030.4,,,,,,,,68230.21999411123,69491.9,0.09933737143277468,,,,,,none,True,,,,,,,,,,,,,,no_pattern_at_sr
2026-03-10T05:00:41.494154+00:00,BTCUSD,cobra,26551110,H1,HOLD,HOLD,NONE,0,671.6060879251603,0,,,,,,,,,,,,,,,,17.01,17.01,70063.14,70087.18,70008.98,70011.31,,,,,,,,68301.85876418429,70577.05,0.7655231381066578,,,,,,none,True,,,,,,,,,,,,,,no_pattern_at_sr
2026-03-10T05:01:41.843697+00:00,BTCUSD,cobra,26551110,H1,HOLD,HOLD,NONE,0,674.1925164965893,0,,,,,,,,,,,,,,,,16.95,16.95,70063.14,70121.78,70007.37,70121.78,,,,,,,,68301.85876418429,70577.05,0.7625863346446765,,,,,,none,True,,,,,,,,,,,,,,no_pattern_at_sr
2026-03-10T05:02:42.236362+00:00,BTCUSD,cobra,26551110,H1,HOLD,HOLD,NONE,0,680.8139450680177,0,,,,,,,,,,,,,,,,17.05,17.05,70063.14,70214.48,70007.37,70152.49,,,,,,,,68301.85876418429,70577.05,0.7551696079736436,,,,,,none,True,,,,,,,,,,,,,,no_pattern_at_sr
2026-03-10T05:02:42.236863+00:00,USDJPY.s,cobra,26551110,H1,OUTSIDE_HOURS,OUTSIDE_HOURS,NONE,0,0.24536931711822485,0,,,,,,,,,,,,,,,,0.024,0.024,157.767,157.776,157.716,157.726,,,,,,,,,,,,,,,,,,,,,,,,,,,,,,,
2026-03-10T05:02:42.237375+00:00,EURUSD.s,cobra,26551110,H1,OUTSIDE_HOURS,OUTSIDE_HOURS,NONE,0,0.0019161611688938368,0,,,,,,,,,,,,,,,,0.00018,0.00018,1.1611,1.16156,1.16107,1.1615,,,,,,,,,,,,,,,,,,,,,,,,,,,,,,,
2026-03-10T05:02:42.237910+00:00,XAUUSD.s,cobra,26551110,H1,OUTSIDE_HOURS,OUTSIDE_HOURS,NONE,0,27.04720242481057,0,,,,,,,,,,,,,,,,0.37,0.37,5163.79,5167.58,5163.78,5167.48,,,,,,,,,,,,,,,,,,,,,,,,,,,,,,,
2026-03-10T05:02:42.238498+00:00,USOUSD.s,cobra,26551110,H1,OUTSIDE_HOURS,OUTSIDE_HOURS,NONE,0,4.151897660892227,0,,,,,,,,,,,,,,,,0.079,0.079,90.499,90.519,88.854,89.189,,,,,,,,,,,,,,,,,,,,,,,,,,,,,,,
2026-03-10T05:03:42.590159+00:00,BTCUSD,cobra,26551110,H1,HOLD,HOLD,NONE,0,680.8139450680177,0,,,,,,,,,,,,,,,,17.07,17.07,70063.14,70214.48,70007.37,70169.24,,,,,,,,68301.85876418429,70577.05,0.7551696079736436,,,,,,none,True,,,,,,,,,,,,,,no_pattern_at_sr
2026-03-10T05:04:42.921395+00:00,BTCUSD,cobra,26551110,H1,HOLD,HOLD,NONE,0,680.8139450680177,0,,,,,,,,,,,,,,,,16.97,16.97,70063.14,70214.48,70007.37,70211.91,,,,,,,,68301.85876418429,70577.05,0.7551696079736436,,,,,,none,True,,,,,,,,,,,,,,no_pattern_at_sr
2026-03-10T05:05:43.280224+00:00,BTCUSD,cobra,26551110,H1,HOLD,HOLD,NONE,0,681.2968022108755,0,,,,,,,,,,,,,,,,17.04,17.04,70063.14,70221.24,70007.37,70164.73,,,,,,,,68301.85876418429,70577.05,0.7546343947771397,,,,,,none,True,,,,,,,,,,,,,,no_pattern_at_sr
2026-03-10T05:06:43.631385+00:00,BTCUSD,cobra,26551110,H1,HOLD,HOLD,NONE,0,681.9339450680183,0,,,,,,,,,,,,,,,,17.0,17.0,70063.14,70230.16,70007.37,70158.03,,,,,,,,68301.85876418429,70577.05,0.7539293266134797,,,,,,none,True,,,,,,,,,,,,,,no_pattern_at_sr
2026-03-10T05:07:43.969488+00:00,BTCUSD,cobra,26551110,H1,HOLD,HOLD,NONE,0,681.9339450680183,0,,,,,,,,,,,,,,,,17.07,17.07,70063.14,70230.16,70007.37,70156.3,,,,,,,,68301.85876418429,70577.05,0.7539293266134797,,,,,,none,True,,,,,,,,,,,,,,no_pattern_at_sr
2026-03-10T05:08:44.340169+00:00,BTCUSD,cobra,26551110,H1,HOLD,HOLD,NONE,0,681.9339450680183,0,,,,,,,,,,,,,,,,17.02,17.02,70063.14,70230.16,70007.37,70135.71,,,,,,,,68301.85876418429,70577.05,0.7539293266134797,,,,,,none,True,,,,,,,,,,,,,,no_pattern_at_sr
2026-03-10T05:09:44.676313+00:00,BTCUSD,cobra,26551110,H1,HOLD,HOLD,NONE,0,681.9339450680183,0,,,,,,,,,,,,,,,,16.98,16.98,70063.14,70230.16,70007.37,70172.34,,,,,,,,68301.85876418429,70577.05,0.7539293266134797,,,,,,none,True,,,,,,,,,,,,,,no_pattern_at_sr
2026-03-10T05:10:45.023766+00:00,BTCUSD,cobra,26551110,H1,HOLD,HOLD,NONE,0,682.3510879251609,0,,,,,,,,,,,,,,,,17.0,17.0,70063.14,70236.0,70007.37,70232.3,,,,,,,,68301.85876418429,70577.05,0.7534684257093082,,,,,,none,True,,,,,,,,,,,,,,no_pattern_at_sr
2026-03-10T05:11:45.410699+00:00,BTCUSD,cobra,26551110,H1,HOLD,HOLD,NONE,0,682.8868022108751,0,,,,,,,,,,,,,,,,16.97,16.97,70063.14,70243.5,70007.37,70173.74,,,,,,,,68301.85876418429,70577.05,0.7528773412159774,,,,,,none,True,,,,,,,,,,,,,,no_pattern_at_sr
2026-03-10T05:12:45.780085+00:00,BTCUSD,cobra,26551110,H1,HOLD,HOLD,NONE,0,683.1018022108748,0,,,,,,,,,,,,,,,,17.06,17.06,70063.14,70246.51,70007.37,70227.07,,,,,,,,68301.85876418429,70577.05,0.7526403800077983,,,,,,none,True,,,,,,,,,,,,,,no_pattern_at_sr
2026-03-10T05:12:45.780479+00:00,USDJPY.s,cobra,26551110,H1,OUTSIDE_HOURS,OUTSIDE_HOURS,NONE,0,0.2502264599753686,0,,,,,,,,,,,,,,,,0.023,0.023,157.767,157.776,157.648,157.65,,,,,,,,,,,,,,,,,,,,,,,,,,,,,,,
2026-03-10T05:12:45.781095+00:00,EURUSD.s,cobra,26551110,H1,OUTSIDE_HOURS,OUTSIDE_HOURS,NONE,0,0.0019304468831795496,0,,,,,,,,,,,,,,,,0.00019,0.00019,1.1611,1.16176,1.16107,1.16159,,,,,,,,,,,,,,,,,,,,,,,,,,,,,,,
2026-03-10T05:12:45.781906+00:00,XAUUSD.s,cobra,26551110,H1,OUTSIDE_HOURS,OUTSIDE_HOURS,NONE,0,27.365773853382002,0,,,,,,,,,,,,,,,,0.34,0.34,5163.79,5172.04,5163.78,5171.78,,,,,,,,,,,,,,,,,,,,,,,,,,,,,,,
2026-03-10T05:12:45.782498+00:00,USOUSD.s,cobra,26551110,H1,OUTSIDE_HOURS,OUTSIDE_HOURS,NONE,0,4.2322548037493695,0,,,,,,,,,,,,,,,,0.079,0.079,90.499,90.519,87.729,88.383,,,,,,,,,,,,,,,,,,,,,,,,,,,,,,,
2026-03-10T05:13:46.122947+00:00,BTCUSD,cobra,26551110,H1,HOLD,HOLD,NONE,0,690.686087925161,0,,,,,,,,,,,,,,,,17.1,17.1,70063.14,70352.69,70007.37,70247.17,,,,,,,,68301.85876418429,70577.05,0.7443757866101872,,,,,,none,True,,,,,,,,,,,,,,no_pattern_at_sr
2026-03-10T05:14:46.466226+00:00,BTCUSD,cobra,26551110,H1,HOLD,HOLD,NONE,0,690.686087925161,0,,,,,,,,,,,,,,,,16.99,16.99,70063.14,70352.69,70007.37,70177.43,,,,,,,,68301.85876418429,70577.05,0.7443757866101872,,,,,,none,True,,,,,,,,,,,,,,no_pattern_at_sr
2026-03-10T05:15:46.812630+00:00,BTCUSD,cobra,26551110,H1,HOLD,HOLD,NONE,0,690.686087925161,0,,,,,,,,,,,,,,,,17.01,17.01,70063.14,70352.69,70007.37,70135.66,,,,,,,,68301.85876418429,70577.05,0.7443757866101872,,,,,,none,True,,,,,,,,,,,,,,no_pattern_at_sr
2026-03-10T05:16:47.142705+00:00,BTCUSD,cobra,26551110,H1,HOLD,HOLD,NONE,0,690.686087925161,0,,,,,,,,,,,,,,,,16.98,16.98,70063.14,70352.69,70007.37,70149.31,,,,,,,,68301.85876418429,70577.05,0.7443757866101872,,,,,,none,True,,,,,,,,,,,,,,no_pattern_at_sr
2026-03-10T05:17:47.520837+00:00,BTCUSD,cobra,26551110,H1,HOLD,HOLD,NONE,0,690.686087925161,0,,,,,,,,,,,,,,,,17.01,17.01,70063.14,70352.69,70007.37,70246.18,,,,,,,,68301.85876418429,70577.05,0.7443757866101872,,,,,,none,True,,,,,,,,,,,,,,no_pattern_at_sr
2026-03-10T05:18:47.866609+00:00,BTCUSD,cobra,26551110,H1,HOLD,HOLD,NONE,0,690.686087925161,0,,,,,,,,,,,,,,,,16.96,16.96,70063.14,70352.69,70007.37,70227.12,,,,,,,,68301.85876418429,70577.05,0.7443757866101872,,,,,,none,True,,,,,,,,,,,,,,no_pattern_at_sr
2026-03-10T05:19:48.216643+00:00,BTCUSD,cobra,26551110,H1,HOLD,HOLD,NONE,0,690.686087925161,0,,,,,,,,,,,,,,,,17.05,17.05,70063.14,70352.69,70007.37,70236.31,,,,,,,,68301.85876418429,70577.05,0.7443757866101872,,,,,,none,True,,,,,,,,,,,,,,no_pattern_at_sr
2026-03-10T05:20:48.547307+00:00,BTCUSD,cobra,26551110,H1,HOLD,HOLD,NONE,0,690.686087925161,0,,,,,,,,,,,,,,,,17.02,17.02,70063.14,70352.69,70007.37,70166.41,,,,,,,,68301.85876418429,70577.05,0.7443757866101872,,,,,,none,True,,,,,,,,,,,,,,no_pattern_at_sr
2026-03-10T05:21:48.882656+00:00,BTCUSD,cobra,26551110,H1,HOLD,HOLD,NONE,0,690.686087925161,0,,,,,,,,,,,,,,,,17.01,17.01,70063.14,70352.69,70007.37,70144.1,,,,,,,,68301.85876418429,70577.05,0.7443757866101872,,,,,,none,True,,,,,,,,,,,,,,no_pattern_at_sr
2026-03-10T05:22:49.221932+00:00,BTCUSD,cobra,26551110,H1,HOLD,HOLD,NONE,0,690.686087925161,0,,,,,,,,,,,,,,,,17.0,17.0,70063.14,70352.69,70007.37,70147.93,,,,,,,,68301.85876418429,70577.05,0.7443757866101872,,,,,,none,True,,,,,,,,,,,,,,no_pattern_at_sr
2026-03-10T05:22:49.222401+00:00,USDJPY.s,cobra,26551110,H1,OUTSIDE_HOURS,OUTSIDE_HOURS,NONE,0,0.2527264599753683,0,,,,,,,,,,,,,,,,0.024,0.024,157.767,157.776,157.613,157.63,,,,,,,,,,,,,,,,,,,,,,,,,,,,,,,
2026-03-10T05:22:49.223034+00:00,EURUSD.s,cobra,26551110,H1,OUTSIDE_HOURS,OUTSIDE_HOURS,NONE,0,0.0019425897403224069,0,,,,,,,,,,,,,,,,0.00019,0.00019,1.1611,1.16193,1.16107,1.16178,,,,,,,,,,,,,,,,,,,,,,,,,,,,,,,
2026-03-10T05:22:49.223537+00:00,XAUUSD.s,cobra,26551110,H1,OUTSIDE_HOURS,OUTSIDE_HOURS,NONE,0,27.511488139096286,0,,,,,,,,,,,,,,,,0.37,0.37,5163.79,5174.08,5163.78,5169.85,,,,,,,,,,,,,,,,,,,,,,,,,,,,,,,
2026-03-10T05:22:49.224889+00:00,USOUSD.s,cobra,26551110,H1,OUTSIDE_HOURS,OUTSIDE_HOURS,NONE,0,4.2322548037493695,0,,,,,,,,,,,,,,,,0.079,0.079,90.499,90.519,87.729,88.254,,,,,,,,,,,,,,,,,,,,,,,,,,,,,,,
2026-03-10T05:23:49.562256+00:00,BTCUSD,cobra,26551110,H1,HOLD,HOLD,NONE,0,690.686087925161,0,,,,,,,,,,,,,,,,16.97,16.97,70063.14,70352.69,70007.37,70112.18,,,,,,,,68301.85876418429,70577.05,0.7443757866101872,,,,,,none,True,,,,,,,,,,,,,,no_pattern_at_sr
2026-03-10T05:24:49.898246+00:00,BTCUSD,cobra,26551110,H1,HOLD,HOLD,NONE,0,690.686087925161,0,,,,,,,,,,,,,,,,17.11,17.11,70063.14,70352.69,70007.37,70115.72,,,,,,,,68301.85876418429,70577.05,0.7443757866101872,,,,,,none,True,,,,,,,,,,,,,,no_pattern_at_sr
2026-03-10T05:25:50.244039+00:00,BTCUSD,cobra,26551110,H1,HOLD,HOLD,NONE,0,690.686087925161,0,,,,,,,,,,,,,,,,16.95,16.95,70063.14,70352.69,70007.37,70125.69,,,,,,,,68301.85876418429,70577.05,0.7443757866101872,,,,,,none,True,,,,,,,,,,,,,,no_pattern_at_sr
2026-03-10T05:26:50.588943+00:00,BTCUSD,cobra,26551110,H1,HOLD,HOLD,NONE,0,690.686087925161,0,,,,,,,,,,,,,,,,17.1,17.1,70063.14,70352.69,70007.37,70101.14,,,,,,,,68301.85876418429,70577.05,0.7443757866101872,,,,,,none,True,,,,,,,,,,,,,,no_pattern_at_sr
2026-03-10T05:27:50.980613+00:00,BTCUSD,cobra,26551110,H1,HOLD,HOLD,NONE,0,690.686087925161,0,,,,,,,,,,,,,,,,17.03,17.03,70063.14,70352.69,70007.37,70041.88,,,,,,,,68301.85876418429,70577.05,0.7443757866101872,,,,,,none,True,,,,,,,,,,,,,,no_pattern_at_sr
2026-03-10T05:28:53.340299+00:00,BTCUSD,cobra,26551110,H1,HOLD,HOLD,NONE,0,690.686087925161,0,,,,,,,,,,,,,,,,17.03,17.03,70063.14,70352.69,70007.37,70016.46,,,,,,,,68301.85876418429,70577.05,0.7443757866101872,,,,,,none,True,,,,,,,,,,,,,,no_pattern_at_sr
2026-03-10T05:29:53.715176+00:00,BTCUSD,cobra,26551110,H1,HOLD,HOLD,NONE,0,690.686087925161,0,,,,,,,,,,,,,,,,17.07,17.07,70063.14,70352.69,70007.37,70030.36,,,,,,,,68301.85876418429,70577.05,0.7443757866101872,,,,,,none,True,,,,,,,,,,,,,,no_pattern_at_sr
2026-03-10T05:30:54.104605+00:00,BTCUSD,cobra,26551110,H1,HOLD,HOLD,NONE,0,690.686087925161,0,,,,,,,,,,,,,,,,17.09,17.09,70063.14,70352.69,70007.37,70073.2,,,,,,,,68301.85876418429,70577.05,0.7443757866101872,,,,,,none,True,,,,,,,,,,,,,,no_pattern_at_sr
2026-03-10T05:31:54.709859+00:00,BTCUSD,cobra,26551110,H1,HOLD,HOLD,NONE,0,690.686087925161,0,,,,,,,,,,,,,,,,17.1,17.1,70063.14,70352.69,70007.37,70071.09,,,,,,,,68301.85876418429,70577.05,0.7443757866101872,,,,,,none,True,,,,,,,,,,,,,,no_pattern_at_sr
2026-03-10T05:32:55.072645+00:00,BTCUSD,cobra,26551110,H1,HOLD,HOLD,NONE,0,690.686087925161,0,,,,,,,,,,,,,,,,16.95,16.95,70063.14,70352.69,70007.37,70092.31,,,,,,,,68301.85876418429,70577.05,0.7443757866101872,,,,,,none,True,,,,,,,,,,,,,,no_pattern_at_sr
2026-03-10T05:32:55.073170+00:00,USDJPY.s,cobra,26551110,H1,OUTSIDE_HOURS,OUTSIDE_HOURS,NONE,0,0.2527264599753683,0,,,,,,,,,,,,,,,,0.023,0.023,157.767,157.776,157.613,157.684,,,,,,,,,,,,,,,,,,,,,,,,,,,,,,,
2026-03-10T05:32:55.073660+00:00,EURUSD.s,cobra,26551110,H1,OUTSIDE_HOURS,OUTSIDE_HOURS,NONE,0,0.0019425897403224069,0,,,,,,,,,,,,,,,,0.00019,0.00019,1.1611,1.16193,1.16107,1.16159,,,,,,,,,,,,,,,,,,,,,,,,,,,,,,,
2026-03-10T05:32:55.074139+00:00,XAUUSD.s,cobra,26551110,H1,OUTSIDE_HOURS,OUTSIDE_HOURS,NONE,0,27.520059567667705,0,,,,,,,,,,,,,,,,0.33,0.33,5163.79,5174.2,5163.78,5168.68,,,,,,,,,,,,,,,,,,,,,,,,,,,,,,,
2026-03-10T05:32:55.075568+00:00,USOUSD.s,cobra,26551110,H1,OUTSIDE_HOURS,OUTSIDE_HOURS,NONE,0,4.2322548037493695,0,,,,,,,,,,,,,,,,0.079,0.079,90.499,90.519,87.729,88.474,,,,,,,,,,,,,,,,,,,,,,,,,,,,,,,
2026-03-10T05:33:55.453184+00:00,BTCUSD,cobra,26551110,H1,HOLD,HOLD,NONE,0,690.686087925161,0,,,,,,,,,,,,,,,,17.04,17.04,70063.14,70352.69,70007.37,70094.7,,,,,,,,68301.85876418429,70577.05,0.7443757866101872,,,,,,none,True,,,,,,,,,,,,,,no_pattern_at_sr
2026-03-10T05:34:56.374519+00:00,BTCUSD,cobra,26551110,H1,HOLD,HOLD,NONE,0,690.686087925161,0,,,,,,,,,,,,,,,,17.06,17.06,70063.14,70352.69,70007.37,70116.21,,,,,,,,68301.85876418429,70577.05,0.7443757866101872,,,,,,none,True,,,,,,,,,,,,,,no_pattern_at_sr
2026-03-10T05:35:56.697859+00:00,BTCUSD,cobra,26551110,H1,HOLD,HOLD,NONE,0,690.686087925161,0,,,,,,,,,,,,,,,,17.08,17.08,70063.14,70352.69,70007.37,70085.26,,,,,,,,68301.85876418429,70577.05,0.7443757866101872,,,,,,none,True,,,,,,,,,,,,,,no_pattern_at_sr
2026-03-10T05:36:57.107680+00:00,BTCUSD,cobra,26551110,H1,HOLD,HOLD,NONE,0,692.6803736394467,0,,,,,,,,,,,,,,,,17.09,17.09,70063.14,70352.69,69979.45,70029.35,,,,,,,,68301.85876418429,70577.05,0.7422326654048078,,,,,,none,True,,,,,,,,,,,,,,no_pattern_at_sr
2026-03-10T05:37:57.432503+00:00,BTCUSD,cobra,26551110,H1,HOLD,HOLD,NONE,0,693.6546593537323,0,,,,,,,,,,,,,,,,16.96,16.96,70063.14,70352.69,69965.81,69985.62,,,,,,,,68301.85876418429,70577.05,0.7411901485373311,,,,,,none,True,,,,,,,,,,,,,,no_pattern_at_sr
2026-03-10T05:38:57.795436+00:00,BTCUSD,cobra,26551110,H1,HOLD,HOLD,NONE,0,696.243945068018,0,,,,,,,,,,,,,,,,16.97,16.97,70063.14,70352.69,69929.56,69986.94,,,,,,,,68301.85876418429,70577.05,0.7384337108307317,,,,,,none,True,,,,,,,,,,,,,,no_pattern_at_sr
2026-03-10T05:39:58.158679+00:00,BTCUSD,cobra,26551110,H1,HOLD,HOLD,NONE,0,696.243945068018,0,,,,,,,,,,,,,,,,17.09,17.09,70063.14,70352.69,69929.56,69961.38,,,,,,,,68301.85876418429,70577.05,0.7384337108307317,,,,,,none,True,,,,,,,,,,,,,,no_pattern_at_sr
2026-03-10T05:40:58.526740+00:00,BTCUSD,cobra,26551110,H1,HOLD,HOLD,NONE,0,698.0368022108745,0,,,,,,,,,,,,,,,,17.08,17.08,70063.14,70352.69,69904.46,69917.04,,,,,,,,68301.85876418429,70577.05,0.7365370971438949,,,,,,none,True,,,,,,,,,,,,,,no_pattern_at_sr
2026-03-10T05:41:58.863644+00:00,BTCUSD,cobra,26551110,H1,HOLD,HOLD,NONE,0,698.0368022108745,0,,,,,,,,,,,,,,,,17.11,17.11,70063.14,70352.69,69904.46,69934.84,,,,,,,,68301.85876418429,70577.05,0.7365370971438949,,,,,,none,True,,,,,,,,,,,,,,no_pattern_at_sr
2026-03-10T05:42:59.194591+00:00,BTCUSD,cobra,26551110,H1,HOLD,HOLD,NONE,0,698.0368022108745,0,,,,,,,,,,,,,,,,16.96,16.96,70063.14,70352.69,69904.46,69943.59,,,,,,,,68301.85876418429,70577.05,0.7365370971438949,,,,,,none,True,,,,,,,,,,,,,,no_pattern_at_sr
2026-03-10T05:42:59.195003+00:00,USDJPY.s,cobra,26551110,H1,OUTSIDE_HOURS,OUTSIDE_HOURS,NONE,0,0.2527264599753683,0,,,,,,,,,,,,,,,,0.024,0.024,157.767,157.776,157.613,157.665,,,,,,,,,,,,,,,,,,,,,,,,,,,,,,,
2026-03-10T05:42:59.195555+00:00,EURUSD.s,cobra,26551110,H1,OUTSIDE_HOURS,OUTSIDE_HOURS,NONE,0,0.0019425897403224069,0,,,,,,,,,,,,,,,,0.00018,0.00018,1.1611,1.16193,1.16107,1.16144,,,,,,,,,,,,,,,,,,,,,,,,,,,,,,,
2026-03-10T05:42:59.196049+00:00,XAUUSD.s,cobra,26551110,H1,OUTSIDE_HOURS,OUTSIDE_HOURS,NONE,0,27.520059567667705,0,,,,,,,,,,,,,,,,0.36,0.36,5163.79,5174.2,5163.78,5169.9,,,,,,,,,,,,,,,,,,,,,,,,,,,,,,,
2026-03-10T05:42:59.197697+00:00,USOUSD.s,cobra,26551110,H1,OUTSIDE_HOURS,OUTSIDE_HOURS,NONE,0,4.2322548037493695,0,,,,,,,,,,,,,,,,0.079,0.079,90.499,90.519,87.729,88.469,,,,,,,,,,,,,,,,,,,,,,,,,,,,,,,
2026-03-10T05:43:59.559125+00:00,BTCUSD,cobra,26551110,H1,HOLD,HOLD,NONE,0,698.0368022108745,0,,,,,,,,,,,,,,,,16.95,16.95,70063.14,70352.69,69904.46,69949.27,,,,,,,,68301.85876418429,70577.05,0.7365370971438949,,,,,,none,True,,,,,,,,,,,,,,no_pattern_at_sr
2026-03-10T05:44:59.885901+00:00,BTCUSD,cobra,26551110,H1,HOLD,HOLD,NONE,0,698.0368022108745,0,,,,,,,,,,,,,,,,17.04,17.04,70063.14,70352.69,69904.46,69911.91,,,,,,,,68301.85876418429,70577.05,0.7365370971438949,,,,,,none,True,,,,,,,,,,,,,,no_pattern_at_sr
2026-03-10T05:46:00.278573+00:00,BTCUSD,cobra,26551110,H1,HOLD,HOLD,NONE,0,698.9210879251606,0,,,,,,,,,,,,,,,,16.98,16.98,70063.14,70352.69,69892.08,69902.73,,,,,,,,68301.85876418429,70577.05,0.7356052190759723,,,,,,none,True,,,,,,,,,,,,,,no_pattern_at_sr
2026-03-10T05:47:00.613831+00:00,BTCUSD,cobra,26551110,H1,HOLD,HOLD,NONE,0,698.9210879251606,0,,,,,,,,,,,,,,,,17.01,17.01,70063.14,70352.69,69892.08,69906.71,,,,,,,,68301.85876418429,70577.05,0.7356052190759723,,,,,,none,True,,,,,,,,,,,,,,no_pattern_at_sr
2026-03-10T05:48:00.975375+00:00,BTCUSD,cobra,26551110,H1,HOLD,HOLD,NONE,0,699.8775164965891,0,,,,,,,,,,,,,,,,17.07,17.07,70063.14,70352.69,69878.69,69891.66,,,,,,,,68301.85876418429,70577.05,0.7345999662535384,,,,,,none,True,,,,,,,,,,,,,,no_pattern_at_sr
2026-03-10T05:49:01.319119+00:00,BTCUSD,cobra,26551110,H1,HOLD,HOLD,NONE,0,699.8775164965891,0,,,,,,,,,,,,,,,,17.09,17.09,70063.14,70352.69,69878.69,69944.26,,,,,,,,68301.85876418429,70577.05,0.7345999662535384,,,,,,none,True,,,,,,,,,,,,,,no_pattern_at_sr
2026-03-10T05:50:01.648672+00:00,BTCUSD,cobra,26551110,H1,HOLD,HOLD,NONE,0,699.8775164965891,0,,,,,,,,,,,,,,,,17.04,17.04,70063.14,70352.69,69878.69,69926.34,,,,,,,,68301.85876418429,70577.05,0.7345999662535384,,,,,,none,True,,,,,,,,,,,,,,no_pattern_at_sr
2026-03-10T05:51:02.046678+00:00,BTCUSD,cobra,26551110,H1,HOLD,HOLD,NONE,0,699.8775164965891,0,,,,,,,,,,,,,,,,16.98,16.98,70063.14,70352.69,69878.69,69938.49,,,,,,,,68301.85876418429,70577.05,0.7345999662535384,,,,,,none,True,,,,,,,,,,,,,,no_pattern_at_sr
2026-03-10T05:52:02.377680+00:00,BTCUSD,cobra,26551110,H1,HOLD,HOLD,NONE,0,699.8775164965891,0,,,,,,,,,,,,,,,,16.97,16.97,70063.14,70352.69,69878.69,69924.9,,,,,,,,68301.85876418429,70577.05,0.7345999662535384,,,,,,none,True,,,,,,,,,,,,,,no_pattern_at_sr
2026-03-10T05:53:02.708078+00:00,BTCUSD,cobra,26551110,H1,HOLD,HOLD,NONE,0,699.8775164965891,0,,,,,,,,,,,,,,,,17.04,17.04,70063.14,70352.69,69878.69,69971.28,,,,,,,,68301.85876418429,70577.05,0.7345999662535384,,,,,,none,True,,,,,,,,,,,,,,no_pattern_at_sr
2026-03-10T05:53:02.708597+00:00,USDJPY.s,cobra,26551110,H1,OUTSIDE_HOURS,OUTSIDE_HOURS,NONE,0,0.2527264599753683,0,,,,,,,,,,,,,,,,0.023,0.023,157.767,157.776,157.613,157.663,,,,,,,,,,,,,,,,,,,,,,,,,,,,,,,
2026-03-10T05:53:02.709091+00:00,EURUSD.s,cobra,26551110,H1,OUTSIDE_HOURS,OUTSIDE_HOURS,NONE,0,0.0019425897403224069,0,,,,,,,,,,,,,,,,0.00019,0.00019,1.1611,1.16193,1.16107,1.1619,,,,,,,,,,,,,,,,,,,,,,,,,,,,,,,
2026-03-10T05:53:02.709582+00:00,XAUUSD.s,cobra,26551110,H1,OUTSIDE_HOURS,OUTSIDE_HOURS,NONE,0,27.59791671052486,0,,,,,,,,,,,,,,,,0.33,0.33,5163.79,5175.29,5163.78,5175.2,,,,,,,,,,,,,,,,,,,,,,,,,,,,,,,
2026-03-10T05:53:02.711056+00:00,USOUSD.s,cobra,26551110,H1,OUTSIDE_HOURS,OUTSIDE_HOURS,NONE,0,4.2533262323207985,0,,,,,,,,,,,,,,,,0.079,0.079,90.499,90.519,87.434,88.274,,,,,,,,,,,,,,,,,,,,,,,,,,,,,,,
2026-03-10T05:54:03.052072+00:00,BTCUSD,cobra,26551110,H1,HOLD,HOLD,NONE,0,699.8775164965891,0,,,,,,,,,,,,,,,,16.97,16.97,70063.14,70352.69,69878.69,69946.79,,,,,,,,68301.85876418429,70577.05,0.7345999662535384,,,,,,none,True,,,,,,,,,,,,,,no_pattern_at_sr
2026-03-10T05:55:03.418778+00:00,BTCUSD,cobra,26551110,H1,HOLD,HOLD,NONE,0,699.8775164965891,0,,,,,,,,,,,,,,,,17.12,17.12,70063.14,70352.69,69878.69,69944.18,,,,,,,,68301.85876418429,70577.05,0.7345999662535384,,,,,,none,True,,,,,,,,,,,,,,no_pattern_at_sr
2026-03-10T05:56:03.748338+00:00,BTCUSD,cobra,26551110,H1,HOLD,HOLD,NONE,0,699.8775164965891,0,,,,,,,,,,,,,,,,17.11,17.11,70063.14,70352.69,69878.69,69936.03,,,,,,,,68301.85876418429,70577.05,0.7345999662535384,,,,,,none,True,,,,,,,,,,,,,,no_pattern_at_sr
2026-03-10T05:57:04.074841+00:00,BTCUSD,cobra,26551110,H1,HOLD,HOLD,NONE,0,699.8775164965891,0,,,,,,,,,,,,,,,,17.06,17.06,70063.14,70352.69,69878.69,69952.13,,,,,,,,68301.85876418429,70577.05,0.7345999662535384,,,,,,none,True,,,,,,,,,,,,,,no_pattern_at_sr
2026-03-10T05:58:04.412521+00:00,BTCUSD,cobra,26551110,H1,HOLD,HOLD,NONE,0,699.8775164965891,0,,,,,,,,,,,,,,,,16.99,16.99,70063.14,70352.69,69878.69,69972.05,,,,,,,,68301.85876418429,70577.05,0.7345999662535384,,,,,,none,True,,,,,,,,,,,,,,no_pattern_at_sr
2026-03-10T05:59:05.417386+00:00,BTCUSD,cobra,26551110,H1,HOLD,HOLD,NONE,0,699.8775164965891,0,,,,,,,,,,,,,,,,17.01,17.01,70063.14,70352.69,69878.69,69962.0,,,,,,,,68301.85876418429,70577.05,0.7345999662535384,,,,,,none,True,,,,,,,,,,,,,,no_pattern_at_sr
2026-03-10T06:00:06.130121+00:00,BTCUSD,cobra,26551110,H1,HOLD,HOLD,NONE,0,650.7141409032946,0,,,,,,,,,,,,,,,,17.09,17.09,69965.82,69970.44,69958.85,69970.41,,,,,,,,68367.14324855225,69491.9,0.7244809515674392,,,,,,none,True,,,,,,,,,,,,,,no_pattern_at_sr
2026-03-10T06:01:06.647404+00:00,BTCUSD,cobra,26551110,H1,HOLD,HOLD,NONE,0,654.325569474724,0,,,,,,,,,,,,,,,,16.96,16.96,69965.82,69970.44,69908.29,69921.93,,,,,,,,68367.14324855225,69491.9,0.7204823133817919,,,,,,none,True,,,,,,,,,,,,,,no_pattern_at_sr
2026-03-10T06:02:06.992690+00:00,BTCUSD,cobra,26551110,H1,HOLD,HOLD,NONE,0,656.9398551890091,0,,,,,,,,,,,,,,,,17.09,17.09,69965.82,69970.44,69871.69,69891.22,,,,,,,,68367.14324855225,69491.9,0.717615161077983,,,,,,none,True,,,,,,,,,,,,,,no_pattern_at_sr
2026-03-10T06:03:07.319627+00:00,BTCUSD,cobra,26551110,H1,HOLD,HOLD,NONE,0,656.9398551890091,0,,,,,,,,,,,,,,,,17.11,17.11,69965.82,69970.44,69871.69,69905.11,,,,,,,,68367.14324855225,69491.9,0.717615161077983,,,,,,none,True,,,,,,,,,,,,,,no_pattern_at_sr
2026-03-10T06:03:07.320112+00:00,USDJPY.s,cobra,26551110,H1,OUTSIDE_HOURS,OUTSIDE_HOURS,NONE,0,0.23803170818492977,0,,,,,,,,,,,,,,,,0.024,0.024,157.63,157.642,157.595,157.598,,,,,,,,,,,,,,,,,,,,,,,,,,,,,,,
2026-03-10T06:03:07.320606+00:00,EURUSD.s,cobra,26551110,H1,OUTSIDE_HOURS,OUTSIDE_HOURS,NONE,0,0.0018359251806986008,0,,,,,,,,,,,,,,,,0.00018,0.00018,1.16195,1.16238,1.16195,1.16226,,,,,,,,,,,,,,,,,,,,,,,,,,,,,,,
2026-03-10T06:03:07.321250+00:00,XAUUSD.s,cobra,26551110,H1,OUTSIDE_HOURS,OUTSIDE_HOURS,NONE,0,26.20740162831467,0,,,,,,,,,,,,,,,,0.37,0.37,5177.85,5180.74,5176.24,5178.03,,,,,,,,,,,,,,,,,,,,,,,,,,,,,,,
2026-03-10T06:03:07.322793+00:00,USOUSD.s,cobra,26551110,H1,OUTSIDE_HOURS,OUTSIDE_HOURS,NONE,0,3.987660062935598,0,,,,,,,,,,,,,,,,0.079,0.079,89.054,89.103,88.569,88.724,,,,,,,,,,,,,,,,,,,,,,,,,,,,,,,
2026-03-10T06:04:07.655106+00:00,BTCUSD,cobra,26551110,H1,HOLD,HOLD,NONE,0,656.9398551890091,0,,,,,,,,,,,,,,,,16.97,16.97,69965.82,69970.44,69871.69,69905.37,,,,,,,,68367.14324855225,69491.9,0.717615161077983,,,,,,none,True,,,,,,,,,,,,,,no_pattern_at_sr
2026-03-10T06:05:07.982655+00:00,BTCUSD,cobra,26551110,H1,HOLD,HOLD,NONE,0,656.9398551890091,0,,,,,,,,,,,,,,,,17.01,17.01,69965.82,69970.44,69871.69,69878.48,,,,,,,,68367.14324855225,69491.9,0.717615161077983,,,,,,none,True,,,,,,,,,,,,,,no_pattern_at_sr
2026-03-10T06:06:08.327850+00:00,BTCUSD,cobra,26551110,H1,HOLD,HOLD,NONE,0,656.9398551890091,0,,,,,,,,,,,,,,,,17.02,17.02,69965.82,69970.44,69871.69,69911.02,,,,,,,,68367.14324855225,69491.9,0.717615161077983,,,,,,none,True,,,,,,,,,,,,,,no_pattern_at_sr
2026-03-10T06:07:08.694231+00:00,BTCUSD,cobra,26551110,H1,HOLD,HOLD,NONE,0,656.9398551890091,0,,,,,,,,,,,,,,,,16.96,16.96,69965.82,69970.44,69871.69,69888.6,,,,,,,,68367.14324855225,69491.9,0.717615161077983,,,,,,none,True,,,,,,,,,,,,,,no_pattern_at_sr
2026-03-10T06:08:09.036818+00:00,BTCUSD,cobra,26551110,H1,HOLD,HOLD,NONE,0,657.4877123318661,0,,,,,,,,,,,,,,,,17.01,17.01,69965.82,69970.44,69864.02,69884.93,,,,,,,,68367.14324855225,69491.9,0.7170172022348821,,,,,,none,True,,,,,,,,,,,,,,no_pattern_at_sr
2026-03-10T06:09:09.365602+00:00,BTCUSD,cobra,26551110,H1,HOLD,HOLD,NONE,0,657.5512837604375,0,,,,,,,,,,,,,,,,17.03,17.03,69965.82,69970.44,69863.13,69863.79,,,,,,,,68367.14324855225,69491.9,0.7169478816982454,,,,,,none,True,,,,,,,,,,,,,,no_pattern_at_sr
2026-03-10T06:10:09.690058+00:00,BTCUSD,cobra,26551110,H1,HOLD,HOLD,NONE,0,658.200569474724,0,,,,,,,,,,,,,,,,17.05,17.05,69965.82,69970.44,69854.04,69916.88,,,,,,,,68367.14324855225,69491.9,0.7162406443619938,,,,,,none,True,,,,,,,,,,,,,,no_pattern_at_sr
2026-03-10T06:11:10.013105+00:00,BTCUSD,cobra,26551110,H1,HOLD,HOLD,NONE,0,658.200569474724,0,,,,,,,,,,,,,,,,17.07,17.07,69965.82,69970.44,69854.04,69876.38,,,,,,,,68367.14324855225,69491.9,0.7162406443619938,,,,,,none,True,,,,,,,,,,,,,,no_pattern_at_sr
2026-03-10T06:12:10.749454+00:00,BTCUSD,cobra,26551110,H1,HOLD,HOLD,NONE,0,658.200569474724,0,,,,,,,,,,,,,,,,17.06,17.06,69965.82,69970.44,69854.04,69871.16,,,,,,,,68367.14324855225,69491.9,0.7162406443619938,,,,,,none,True,,,,,,,,,,,,,,no_pattern_at_sr
2026-03-10T06:13:11.456410+00:00,BTCUSD,cobra,26551110,H1,HOLD,HOLD,NONE,0,659.1991409032952,0,,,,,,,,,,,,,,,,17.09,17.09,69965.82,69970.44,69840.06,69850.18,,,,,,,,68367.14324855225,69491.9,0.715155665030162,,,,,,none,True,,,,,,,,,,,,,,no_pattern_at_sr
2026-03-10T06:13:11.456924+00:00,USDJPY.s,cobra,26551110,H1,OUTSIDE_HOURS,OUTSIDE_HOURS,NONE,0,0.2410317081849299,0,,,,,,,,,,,,,,,,0.023,0.023,157.63,157.642,157.553,157.568,,,,,,,,,,,,,,,,,,,,,,,,,,,,,,,
2026-03-10T06:13:11.457429+00:00,EURUSD.s,cobra,26551110,H1,OUTSIDE_HOURS,OUTSIDE_HOURS,NONE,0,0.0018487823235557486,0,,,,,,,,,,,,,,,,0.00019,0.00019,1.16195,1.16256,1.16195,1.1625,,,,,,,,,,,,,,,,,,,,,,,,,,,,,,,
2026-03-10T06:13:11.458020+00:00,XAUUSD.s,cobra,26551110,H1,OUTSIDE_HOURS,OUTSIDE_HOURS,NONE,0,26.36597305688605,0,,,,,,,,,,,,,,,,0.34,0.34,5177.85,5180.74,5174.02,5178.28,,,,,,,,,,,,,,,,,,,,,,,,,,,,,,,
2026-03-10T06:13:11.458481+00:00,USOUSD.s,cobra,26551110,H1,OUTSIDE_HOURS,OUTSIDE_HOURS,NONE,0,4.037302920078456,0,,,,,,,,,,,,,,,,0.079,0.079,89.054,89.103,87.874,88.269,,,,,,,,,,,,,,,,,,,,,,,,,,,,,,,
2026-03-10T06:14:11.799146+00:00,BTCUSD,cobra,26551110,H1,HOLD,HOLD,NONE,0,659.3598551890094,0,,,,,,,,,,,,,,,,17.02,17.02,69965.82,69970.44,69837.81,69844.39,,,,,,,,68367.14324855225,69491.9,0.7149813509117405,,,,,,none,True,,,,,,,,,,,,,,no_pattern_at_sr
2026-03-10T06:15:12.144229+00:00,BTCUSD,cobra,26551110,H1,HOLD,HOLD,NONE,0,659.9534266175807,0,,,,,,,,,,,,,,,,16.94,16.94,69965.82,69970.44,69829.5,69862.3,,,,,,,,68367.14324855225,69491.9,0.7143382865912208,,,,,,none,True,,,,,,,,,,,,,,no_pattern_at_sr
2026-03-10T06:16:12.494852+00:00,BTCUSD,cobra,26551110,H1,HOLD,HOLD,NONE,0,659.9534266175807,0,,,,,,,,,,,,,,,,17.06,17.06,69965.82,69970.44,69829.5,69850.16,,,,,,,,68367.14324855225,69491.9,0.7143382865912208,,,,,,none,True,,,,,,,,,,,,,,no_pattern_at_sr
2026-03-10T06:17:12.901062+00:00,BTCUSD,cobra,26551110,H1,HOLD,HOLD,NONE,0,662.6548551890097,0,,,,,,,,,,,,,,,,17.11,17.11,69965.82,69970.44,69791.68,69798.17,,,,,,,,68367.14324855225,69491.9,0.7114261614600879,,,,,,none,True,,,,,,,,,,,,,,no_pattern_at_sr
2026-03-10T06:18:13.259111+00:00,BTCUSD,cobra,26551110,H1,HOLD,HOLD,NONE,0,663.7405694747239,0,,,,,,,,,,,,,,,,17.05,17.05,69965.82,69970.44,69776.48,69776.48,,,,,,,,68367.14324855225,69491.9,0.710262445420643,,,,,,none,True,,,,,,,,,,,,,,no_pattern_at_sr
2026-03-10T06:19:13.606883+00:00,BTCUSD,cobra,26551110,H1,HOLD,HOLD,NONE,0,663.7405694747239,0,,,,,,,,,,,,,,,,16.99,16.99,69965.82,69970.44,69776.48,69834.17,,,,,,,,68367.14324855225,69491.9,0.710262445420643,,,,,,none,True,,,,,,,,,,,,,,no_pattern_at_sr
2026-03-10T06:20:13.993881+00:00,BTCUSD,cobra,26551110,H1,HOLD,HOLD,NONE,0,663.7405694747239,0,,,,,,,,,,,,,,,,17.12,17.12,69965.82,69970.44,69776.48,69794.43,,,,,,,,68367.14324855225,69491.9,0.710262445420643,,,,,,none,True,,,,,,,,,,,,,,no_pattern_at_sr
2026-03-10T06:21:14.368334+00:00,BTCUSD,cobra,26551110,H1,HOLD,HOLD,NONE,0,664.8169980461519,0,,,,,,,,,,,,,,,,17.03,17.03,69965.82,69970.44,69761.41,69768.93,,,,,,,,68367.14324855225,69491.9,0.7091124345278559,,,,,,none,True,,,,,,,,,,,,,,no_pattern_at_sr
2026-03-10T06:22:14.715557+00:00,BTCUSD,cobra,26551110,H1,HOLD,HOLD,NONE,0,665.795569474723,0,,,,,,,,,,,,,,,,17.02,17.02,69965.82,69970.44,69747.71,69758.3,,,,,,,,68367.14324855225,69491.9,0.708070196940392,,,,,,none,True,,,,,,,,,,,,,,no_pattern_at_sr
2026-03-10T06:23:15.039472+00:00,BTCUSD,cobra,26551110,H1,HOLD,HOLD,NONE,0,665.8562837604378,0,,,,,,,,,,,,,,,,17.0,17.0,69965.82,69970.44,69746.86,69746.86,,,,,,,,68367.14324855225,69491.9,0.7080056334943577,,,,,,none,True,,,,,,,,,,,,,,no_pattern_at_sr
2026-03-10T06:23:15.039855+00:00,USDJPY.s,cobra,26551110,H1,OUTSIDE_HOURS,OUTSIDE_HOURS,NONE,0,0.24360313675635856,0,,,,,,,,,,,,,,,,0.024,0.024,157.63,157.642,157.517,157.52,,,,,,,,,,,,,,,,,,,,,,,,,,,,,,,
2026-03-10T06:23:15.040601+00:00,EURUSD.s,cobra,26551110,H1,OUTSIDE_HOURS,OUTSIDE_HOURS,NONE,0,0.0018702108949843175,0,,,,,,,,,,,,,,,,0.00018,0.00018,1.16195,1.16286,1.16195,1.16282,,,,,,,,,,,,,,,,,,,,,,,,,,,,,,,
2026-03-10T06:23:15.041096+00:00,XAUUSD.s,cobra,26551110,H1,OUTSIDE_HOURS,OUTSIDE_HOURS,NONE,0,26.370973056886093,0,,,,,,,,,,,,,,,,0.33,0.33,5177.85,5180.81,5174.02,5176.66,,,,,,,,,,,,,,,,,,,,,,,,,,,,,,,
2026-03-10T06:23:15.041603+00:00,USOUSD.s,cobra,26551110,H1,OUTSIDE_HOURS,OUTSIDE_HOURS,NONE,0,4.046231491507027,0,,,,,,,,,,,,,,,,0.079,0.079,89.054,89.228,87.874,89.159,,,,,,,,,,,,,,,,,,,,,,,,,,,,,,,
2026-03-10T06:24:15.407968+00:00,BTCUSD,cobra,26551110,H1,HOLD,HOLD,NONE,0,665.9134266175809,0,,,,,,,,,,,,,,,,16.95,16.95,69965.82,69970.44,69746.06,69767.79,,,,,,,,68367.14324855225,69491.9,0.707944878652731,,,,,,none,True,,,,,,,,,,,,,,no_pattern_at_sr
2026-03-10T06:25:15.785687+00:00,BTCUSD,cobra,26551110,H1,HOLD,HOLD,NONE,0,665.9134266175809,0,,,,,,,,,,,,,,,,17.01,17.01,69965.82,69970.44,69746.06,69956.24,,,,,,,,68367.14324855225,69491.9,0.707944878652731,,,,,,none,True,,,,,,,,,,,,,,no_pattern_at_sr
2026-03-10T06:26:16.132420+00:00,BTCUSD,cobra,26551110,H1,HOLD,HOLD,NONE,0,668.046998046152,0,,,,,,,,,,,,,,,,16.97,16.97,69965.82,70000.31,69746.06,69948.47,,,,,,,,68367.14324855225,69491.9,0.7056838835872425,,,,,,none,True,,,,,,,,,,,,,,no_pattern_at_sr
2026-03-10T06:27:16.488523+00:00,BTCUSD,cobra,26551110,H1,HOLD,HOLD,NONE,0,673.1341409032949,0,,,,,,,,,,,,,,,,17.11,17.11,69965.82,70071.53,69746.06,70046.46,,,,,,,,68367.14324855225,69491.9,0.7003507493578981,,,,,,none,True,,,,,,,,,,,,,,no_pattern_at_sr
2026-03-10T06:28:16.833446+00:00,BTCUSD,cobra,26551110,H1,HOLD,HOLD,NONE,0,676.9627123318668,0,,,,,,,,,,,,,,,,17.03,17.03,69965.82,70125.13,69746.06,70121.14,,,,,,,,68367.14324855225,69491.9,0.6963899065815886,,,,,,none,True,,,,,,,,,,,,,,no_pattern_at_sr
2026-03-10T06:29:17.159496+00:00,BTCUSD,cobra,26551110,H1,HOLD,HOLD,NONE,0,680.8355694747239,0,,,,,,,,,,,,,,,,17.0,17.0,69965.82,70179.35,69746.06,70137.85,,,,,,,,68367.14324855225,69491.9,0.6924285703282567,,,,,,none,True,,,,,,,,,,,,,,no_pattern_at_sr
2026-03-10T06:30:17.521182+00:00,BTCUSD,cobra,26551110,H1,HOLD,HOLD,NONE,0,680.8355694747239,0,,,,,,,,,,,,,,,,16.95,16.95,69965.82,70179.35,69746.06,70115.22,,,,,,,,68367.14324855225,69491.9,0.6924285703282567,,,,,,none,True,,,,,,,,,,,,,,no_pattern_at_sr
2026-03-10T06:31:17.922053+00:00,BTCUSD,cobra,26551110,H1,HOLD,HOLD,NONE,0,680.8355694747239,0,,,,,,,,,,,,,,,,16.97,16.97,69965.82,70179.35,69746.06,70149.39,,,,,,,,68367.14324855225,69491.9,0.6924285703282567,,,,,,none,True,,,,,,,,,,,,,,no_pattern_at_sr
2026-03-10T06:32:18.359297+00:00,BTCUSD,cobra,26551110,H1,HOLD,HOLD,NONE,0,680.8355694747239,0,,,,,,,,,,,,,,,,17.07,17.07,69965.82,70179.35,69746.06,70069.85,,,,,,,,68367.14324855225,69491.9,0.6924285703282567,,,,,,none,True,,,,,,,,,,,,,,no_pattern_at_sr
2026-03-10T06:33:18.696018+00:00,BTCUSD,cobra,26551110,H1,HOLD,HOLD,NONE,0,680.8355694747239,0,,,,,,,,,,,,,,,,16.96,16.96,69965.82,70179.35,69746.06,70050.18,,,,,,,,68367.14324855225,69491.9,0.6924285703282567,,,,,,none,True,,,,,,,,,,,,,,no_pattern_at_sr
2026-03-10T06:33:18.696508+00:00,USDJPY.s,cobra,26551110,H1,OUTSIDE_HOURS,OUTSIDE_HOURS,NONE,0,0.24438885104207253,0,,,,,,,,,,,,,,,,0.024,0.024,157.63,157.642,157.506,157.581,,,,,,,,,,,,,,,,,,,,,,,,,,,,,,,
2026-03-10T06:33:18.696998+00:00,EURUSD.s,cobra,26551110,H1,OUTSIDE_HOURS,OUTSIDE_HOURS,NONE,0,0.0018787823235557547,0,,,,,,,,,,,,,,,,0.00018,0.00018,1.16195,1.1629800000000001,1.16195,1.1627,,,,,,,,,,,,,,,,,,,,,,,,,,,,,,,
2026-03-10T06:33:18.697503+00:00,XAUUSD.s,cobra,26551110,H1,OUTSIDE_HOURS,OUTSIDE_HOURS,NONE,0,26.5266873426004,0,,,,,,,,,,,,,,,,0.33,0.33,5177.85,5180.81,5171.84,5176.11,,,,,,,,,,,,,,,,,,,,,,,,,,,,,,,
2026-03-10T06:33:18.697958+00:00,USOUSD.s,cobra,26551110,H1,OUTSIDE_HOURS,OUTSIDE_HOURS,NONE,0,4.075945777221314,0,,,,,,,,,,,,,,,,0.079,0.079,89.054,89.644,87.874,89.394,,,,,,,,,,,,,,,,,,,,,,,,,,,,,,,
2026-03-10T06:34:19.028148+00:00,BTCUSD,cobra,26551110,H1,HOLD,HOLD,NONE,0,680.8355694747239,0,,,,,,,,,,,,,,,,17.1,17.1,69965.82,70179.35,69746.06,69989.76,,,,,,,,68367.14324855225,69491.9,0.6924285703282567,,,,,,none,True,,,,,,,,,,,,,,no_pattern_at_sr
2026-03-10T06:35:19.365230+00:00,BTCUSD,cobra,26551110,H1,HOLD,HOLD,NONE,0,680.8355694747239,0,,,,,,,,,,,,,,,,16.95,16.95,69965.82,70179.35,69746.06,70022.87,,,,,,,,68367.14324855225,69491.9,0.6924285703282567,,,,,,none,True,,,,,,,,,,,,,,no_pattern_at_sr
2026-03-10T06:36:19.705523+00:00,BTCUSD,cobra,26551110,H1,HOLD,HOLD,NONE,0,680.8355694747239,0,,,,,,,,,,,,,,,,16.95,16.95,69965.82,70179.35,69746.06,69986.86,,,,,,,,68367.14324855225,69491.9,0.6924285703282567,,,,,,none,True,,,,,,,,,,,,,,no_pattern_at_sr
2026-03-10T06:37:20.071682+00:00,BTCUSD,cobra,26551110,H1,HOLD,HOLD,NONE,0,680.8355694747239,0,,,,,,,,,,,,,,,,17.03,17.03,69965.82,70179.35,69746.06,69972.1,,,,,,,,68367.14324855225,69491.9,0.6924285703282567,,,,,,none,True,,,,,,,,,,,,,,no_pattern_at_sr
2026-03-10T06:38:20.417106+00:00,BTCUSD,cobra,26551110,H1,HOLD,HOLD,NONE,0,680.8355694747239,0,,,,,,,,,,,,,,,,17.02,17.02,69965.82,70179.35,69746.06,69995.17,,,,,,,,68367.14324855225,69491.9,0.6924285703282567,,,,,,none,True,,,,,,,,,,,,,,no_pattern_at_sr
2026-03-10T06:39:21.145581+00:00,BTCUSD,cobra,26551110,H1,HOLD,HOLD,NONE,0,680.8355694747239,0,,,,,,,,,,,,,,,,17.05,17.05,69965.82,70179.35,69746.06,70029.07,,,,,,,,68367.14324855225,69491.9,0.6924285703282567,,,,,,none,True,,,,,,,,,,,,,,no_pattern_at_sr
2026-03-10T06:40:21.912303+00:00,BTCUSD,cobra,26551110,H1,HOLD,HOLD,NONE,0,680.8355694747239,0,,,,,,,,,,,,,,,,16.99,16.99,69965.82,70179.35,69746.06,70042.4,,,,,,,,68367.14324855225,69491.9,0.6924285703282567,,,,,,none,True,,,,,,,,,,,,,,no_pattern_at_sr
2026-03-10T06:41:22.249994+00:00,BTCUSD,cobra,26551110,H1,HOLD,HOLD,NONE,0,680.8355694747239,0,,,,,,,,,,,,,,,,17.04,17.04,69965.82,70179.35,69746.06,70039.83,,,,,,,,68367.14324855225,69491.9,0.6924285703282567,,,,,,none,True,,,,,,,,,,,,,,no_pattern_at_sr
2026-03-10T06:42:22.608646+00:00,BTCUSD,cobra,26551110,H1,HOLD,HOLD,NONE,0,680.8355694747239,0,,,,,,,,,,,,,,,,17.11,17.11,69965.82,70179.35,69746.06,70029.3,,,,,,,,68367.14324855225,69491.9,0.6924285703282567,,,,,,none,True,,,,,,,,,,,,,,no_pattern_at_sr
2026-03-10T06:43:23.563900+00:00,BTCUSD,cobra,26551110,H1,HOLD,HOLD,NONE,0,680.8355694747239,0,,,,,,,,,,,,,,,,17.0,17.0,69965.82,70179.35,69746.06,69983.32,,,,,,,,68367.14324855225,69491.9,0.6924285703282567,,,,,,none,True,,,,,,,,,,,,,,no_pattern_at_sr
2026-03-10T06:43:23.564422+00:00,USDJPY.s,cobra,26551110,H1,OUTSIDE_HOURS,OUTSIDE_HOURS,NONE,0,0.24838885104207337,0,,,,,,,,,,,,,,,,0.024,0.024,157.63,157.642,157.45,157.511,,,,,,,,,,,,,,,,,,,,,,,,,,,,,,,
2026-03-10T06:43:23.577763+00:00,EURUSD.s,cobra,26551110,H1,OUTSIDE_HOURS,OUTSIDE_HOURS,NONE,0,0.0019180680378414567,0,,,,,,,,,,,,,,,,0.00019,0.00019,1.16195,1.16353,1.16195,1.16336,,,,,,,,,,,,,,,,,,,,,,,,,,,,,,,
2026-03-10T06:43:23.595743+00:00,XAUUSD.s,cobra,26551110,H1,OUTSIDE_HOURS,OUTSIDE_HOURS,NONE,0,26.5266873426004,0,,,,,,,,,,,,,,,,0.36,0.36,5177.85,5180.81,5171.84,5175.39,,,,,,,,,,,,,,,,,,,,,,,,,,,,,,,
2026-03-10T06:43:23.614284+00:00,USOUSD.s,cobra,26551110,H1,OUTSIDE_HOURS,OUTSIDE_HOURS,NONE,0,4.103445777221313,0,,,,,,,,,,,,,,,,0.079,0.079,89.054,90.029,87.874,89.589,,,,,,,,,,,,,,,,,,,,,,,,,,,,,,,
2026-03-10T06:44:24.330353+00:00,BTCUSD,cobra,26551110,H1,HOLD,HOLD,NONE,0,680.8355694747239,0,,,,,,,,,,,,,,,,16.96,16.96,69965.82,70179.35,69746.06,69962.21,,,,,,,,68367.14324855225,69491.9,0.6924285703282567,,,,,,none,True,,,,,,,,,,,,,,no_pattern_at_sr
2026-03-10T06:45:24.712508+00:00,BTCUSD,cobra,26551110,H1,HOLD,HOLD,NONE,0,680.8355694747239,0,,,,,,,,,,,,,,,,17.12,17.12,69965.82,70179.35,69746.06,69927.03,,,,,,,,68367.14324855225,69491.9,0.6924285703282567,,,,,,none,True,,,,,,,,,,,,,,no_pattern_at_sr
2026-03-10T06:46:25.059997+00:00,BTCUSD,cobra,26551110,H1,HOLD,HOLD,NONE,0,680.8355694747239,0,,,,,,,,,,,,,,,,16.94,16.94,69965.82,70179.35,69746.06,69919.09,,,,,,,,68367.14324855225,69491.9,0.6924285703282567,,,,,,none,True,,,,,,,,,,,,,,no_pattern_at_sr
2026-03-10T06:47:25.416019+00:00,BTCUSD,cobra,26551110,H1,HOLD,HOLD,NONE,0,680.8355694747239,0,,,,,,,,,,,,,,,,16.99,16.99,69965.82,70179.35,69746.06,69979.29,,,,,,,,68367.14324855225,69491.9,0.6924285703282567,,,,,,none,True,,,,,,,,,,,,,,no_pattern_at_sr
2026-03-10T06:48:25.866429+00:00,BTCUSD,cobra,26551110,H1,HOLD,HOLD,NONE,0,680.8355694747239,0,,,,,,,,,,,,,,,,17.03,17.03,69965.82,70179.35,69746.06,69965.44,,,,,,,,68367.14324855225,69491.9,0.6924285703282567,,,,,,none,True,,,,,,,,,,,,,,no_pattern_at_sr
2026-03-10T06:49:26.202952+00:00,BTCUSD,cobra,26551110,H1,HOLD,HOLD,NONE,0,680.8355694747239,0,,,,,,,,,,,,,,,,16.96,16.96,69965.82,70179.35,69746.06,69937.0,,,,,,,,68367.14324855225,69491.9,0.6924285703282567,,,,,,none,True,,,,,,,,,,,,,,no_pattern_at_sr
2026-03-10T06:50:26.535218+00:00,BTCUSD,cobra,26551110,H1,HOLD,HOLD,NONE,0,680.8355694747239,0,,,,,,,,,,,,,,,,17.04,17.04,69965.82,70179.35,69746.06,69986.53,,,,,,,,68367.14324855225,69491.9,0.6924285703282567,,,,,,none,True,,,,,,,,,,,,,,no_pattern_at_sr
2026-03-10T06:51:26.908577+00:00,BTCUSD,cobra,26551110,H1,HOLD,HOLD,NONE,0,680.8355694747239,0,,,,,,,,,,,,,,,,17.01,17.01,69965.82,70179.35,69746.06,69957.24,,,,,,,,68367.14324855225,69491.9,0.6924285703282567,,,,,,none,True,,,,,,,,,,,,,,no_pattern_at_sr
2026-03-10T06:52:27.240503+00:00,BTCUSD,cobra,26551110,H1,HOLD,HOLD,NONE,0,680.8355694747239,0,,,,,,,,,,,,,,,,17.01,17.01,69965.82,70179.35,69746.06,69921.35,,,,,,,,68367.14324855225,69491.9,0.6924285703282567,,,,,,none,True,,,,,,,,,,,,,,no_pattern_at_sr
2026-03-10T06:53:27.582324+00:00,BTCUSD,cobra,26551110,H1,HOLD,HOLD,NONE,0,680.8355694747239,0,,,,,,,,,,,,,,,,17.04,17.04,69965.82,70179.35,69746.06,69907.18,,,,,,,,68367.14324855225,69491.9,0.6924285703282567,,,,,,none,True,,,,,,,,,,,,,,no_pattern_at_sr
2026-03-10T06:53:27.582711+00:00,USDJPY.s,cobra,26551110,H1,OUTSIDE_HOURS,OUTSIDE_HOURS,NONE,0,0.24838885104207337,0,,,,,,,,,,,,,,,,0.024,0.024,157.63,157.642,157.45,157.571,,,,,,,,,,,,,,,,,,,,,,,,,,,,,,,
2026-03-10T06:53:27.583315+00:00,EURUSD.s,cobra,26551110,H1,OUTSIDE_HOURS,OUTSIDE_HOURS,NONE,0,0.001928068037841459,0,,,,,,,,,,,,,,,,0.00019,0.00019,1.16195,1.16367,1.16195,1.16291,,,,,,,,,,,,,,,,,,,,,,,,,,,,,,,
2026-03-10T06:53:27.583807+00:00,XAUUSD.s,cobra,26551110,H1,OUTSIDE_HOURS,OUTSIDE_HOURS,NONE,0,26.5266873426004,0,,,,,,,,,,,,,,,,0.37,0.37,5177.85,5180.81,5171.84,5176.52,,,,,,,,,,,,,,,,,,,,,,,,,,,,,,,
2026-03-10T06:53:27.584946+00:00,USOUSD.s,cobra,26551110,H1,OUTSIDE_HOURS,OUTSIDE_HOURS,NONE,0,4.103445777221313,0,,,,,,,,,,,,,,,,0.079,0.079,89.054,90.029,87.874,89.814,,,,,,,,,,,,,,,,,,,,,,,,,,,,,,,
2026-03-10T06:54:27.951459+00:00,BTCUSD,cobra,26551110,H1,HOLD,HOLD,NONE,0,680.8355694747239,0,,,,,,,,,,,,,,,,17.05,17.05,69965.82,70179.35,69746.06,69918.96,,,,,,,,68367.14324855225,69491.9,0.6924285703282567,,,,,,none,True,,,,,,,,,,,,,,no_pattern_at_sr
2026-03-10T06:55:28.288917+00:00,BTCUSD,cobra,26551110,H1,HOLD,HOLD,NONE,0,680.8355694747239,0,,,,,,,,,,,,,,,,16.94,16.94,69965.82,70179.35,69746.06,69880.26,,,,,,,,68367.14324855225,69491.9,0.6924285703282567,,,,,,none,True,,,,,,,,,,,,,,no_pattern_at_sr
2026-03-10T06:56:28.644590+00:00,BTCUSD,cobra,26551110,H1,HOLD,HOLD,NONE,0,680.8355694747239,0,,,,,,,,,,,,,,,,17.1,17.1,69965.82,70179.35,69746.06,69873.36,,,,,,,,68367.14324855225,69491.9,0.6924285703282567,,,,,,none,True,,,,,,,,,,,,,,no_pattern_at_sr
2026-03-10T06:57:28.974580+00:00,BTCUSD,cobra,26551110,H1,HOLD,HOLD,NONE,0,680.8355694747239,0,,,,,,,,,,,,,,,,16.94,16.94,69965.82,70179.35,69746.06,69879.41,,,,,,,,68367.14324855225,69491.9,0.6924285703282567,,,,,,none,True,,,,,,,,,,,,,,no_pattern_at_sr
2026-03-10T06:58:29.326736+00:00,BTCUSD,cobra,26551110,H1,HOLD,HOLD,NONE,0,680.8355694747239,0,,,,,,,,,,,,,,,,17.09,17.09,69965.82,70179.35,69746.06,69885.42,,,,,,,,68367.14324855225,69491.9,0.6924285703282567,,,,,,none,True,,,,,,,,,,,,,,no_pattern_at_sr
2026-03-10T06:59:29.678930+00:00,BTCUSD,cobra,26551110,H1,HOLD,HOLD,NONE,0,680.8355694747239,0,,,,,,,,,,,,,,,,16.97,16.97,69965.82,70179.35,69746.06,69915.97,,,,,,,,68367.14324855225,69491.9,0.6924285703282567,,,,,,none,True,,,,,,,,,,,,,,no_pattern_at_sr
2026-03-10T07:00:30.046518+00:00,BTCUSD,cobra,26551110,H1,HOLD,HOLD,NONE,0,634.0529700606835,0,,,,,,,,,,,,,,,,17.09,17.09,69904.63,69921.62,69895.74,69915.24,,,,,,,,68427.36502871361,69746.06,0.2528022224778274,,,,,,none,True,,,,,,,,,,,,,,no_pattern_at_sr
2026-03-10T07:00:30.048153+00:00,USDJPY.s,cobra,26551110,H1,HOLD,HOLD,NONE,0,0.23286107447644694,0,,,,,,,,,,,,,,,,0.024,0.024,157.546,157.569,157.542,157.569,,,,,,,,157.93730853532392,157.4674,0.3031850649952834,,,,,,none,True,,,,,,,,,,,,,,no_pattern_at_sr
2026-03-10T07:00:30.050118+00:00,EURUSD.s,cobra,26551110,H1,HOLD,HOLD,NONE,0,0.0018082060261233187,0,,,,,,,,,,,,,,,,0.00019,0.00019,1.16316,1.1632,1.16295,1.16295,,,,,,,,1.1592541783586348,1.16379,0.34841162505735657,,,,,,none,True,,,,,,,,,,,,,,no_pattern_at_sr
2026-03-10T07:00:30.051873+00:00,XAUUSD.s,cobra,26551110,H1,HOLD,HOLD,NONE,0,24.751209409975846,0,,,,,,,,,,,,,,,,0.37,0.37,5175.08,5175.19,5173.52,5174.14,,,,,,,,5128.952753096453,5178.450000000001,0.1357509422810811,,,,,,none,True,,,,,,,,,,,,,,no_pattern_at_sr
2026-03-10T07:01:30.396780+00:00,BTCUSD,cobra,26551110,H1,HOLD,HOLD,NONE,0,638.807970060684,0,,,,,,,,,,,,,,,,17.01,17.01,69904.63,69924.92,69832.47,69835.85,,,,,,,,68427.36502871361,69746.06,0.2509204761249007,,,,,,none,True,,,,,,,,,,,,,,no_pattern_at_sr
2026-03-10T07:01:30.398661+00:00,USDJPY.s,cobra,26551110,H1,HOLD,HOLD,NONE,0,0.23393250304787658,0,,,,,,,,,,,,,,,,0.024,0.024,157.546,157.581,157.535,157.537,,,,,,,,157.93730853532392,157.4674,0.3017964544480769,,,,,,none,True,,,,,,,,,,,,,,no_pattern_at_sr
2026-03-10T07:01:30.402513+00:00,EURUSD.s,cobra,26551110,H1,HOLD,HOLD,NONE,0,0.0018132060261233196,0,,,,,,,,,,,,,,,,0.00019,0.00019,1.16316,1.1632,1.16288,1.16299,,,,,,,,1.1592541783586348,1.16379,0.34745086378688383,,,,,,none,True,,,,,,,,,,,,,,no_pattern_at_sr
2026-03-10T07:01:30.404613+00:00,XAUUSD.s,cobra,26551110,H1,HOLD,HOLD,NONE,0,24.808352267118714,0,,,,,,,,,,,,,,,,0.37,0.37,5175.08,5175.99,5173.52,5174.92,,,,,,,,5128.952753096453,5178.450000000001,0.13543825739906015,,,,,,none,True,,,,,,,,,,,,,,no_pattern_at_sr
2026-03-10T07:02:30.806711+00:00,BTCUSD,cobra,26551110,H1,HOLD,HOLD,NONE,0,639.7515414892559,0,,,,,,,,,,,,,,,,17.02,17.02,69904.63,69938.13,69832.47,69915.16,,,,,,,,68427.36502871361,69746.06,0.2505503927772874,,,,,,none,True,,,,,,,,,,,,,,no_pattern_at_sr
2026-03-10T07:02:30.808403+00:00,USDJPY.s,cobra,26551110,H1,HOLD,HOLD,NONE,0,0.2342896459050191,0,,,,,,,,,,,,,,,,0.024,0.024,157.546,157.581,157.53,157.544,,,,,,,,157.93730853532392,157.4674,0.30133640659747424,,,,,,none,True,,,,,,,,,,,,,,no_pattern_at_sr
2026-03-10T07:02:30.809822+00:00,EURUSD.s,cobra,26551110,H1,HOLD,HOLD,NONE,0,0.0018189203118376112,0,,,,,,,,,,,,,,,,0.00019,0.00019,1.16316,1.16328,1.16288,1.16313,,,,,,,,1.1592541783586348,1.16379,0.34635931871235015,,,,,,none,True,,,,,,,,,,,,,,no_pattern_at_sr
2026-03-10T07:02:30.811276+00:00,XAUUSD.s,cobra,26551110,H1,HOLD,HOLD,NONE,0,24.989066552833048,0,,,,,,,,,,,,,,,,0.33,0.33,5175.08,5177.19,5172.19,5172.22,,,,,,,,5128.952753096453,5178.450000000001,0.13445880392917894,,,,,,none,True,,,,,,,,,,,,,,no_pattern_at_sr
2026-03-10T07:03:31.195801+00:00,BTCUSD,cobra,26551110,H1,HOLD,HOLD,NONE,0,639.7515414892559,0,,,,,,,,,,,,,,,,16.98,16.98,69904.63,69938.13,69832.47,69840.42,,,,,,,,68427.36502871361,69746.06,0.2505503927772874,,,,,,none,True,,,,,,,,,,,,,,no_pattern_at_sr
2026-03-10T07:03:31.198128+00:00,USDJPY.s,cobra,26551110,H1,HOLD,HOLD,NONE,0,0.23636107447644944,0,,,,,,,,,,,,,,,,0.024,0.024,157.546,157.61,157.53,157.592,,,,,,,,157.93730853532392,157.4674,0.29869554517974384,,,,,,none,True,,,,,,,,,,,,,,no_pattern_at_sr
2026-03-10T07:03:31.201075+00:00,EURUSD.s,cobra,26551110,H1,HOLD,HOLD,NONE,0,0.0018232060261233218,0,,,,,,,,,,,,,,,,0.00019,0.00019,1.16316,1.16328,1.16282,1.16297,,,,,,,,1.1592541783586348,1.16379,0.3455451501220067,,,,,,none,True,,,,,,,,,,,,,,no_pattern_at_sr
2026-03-10T07:03:31.202787+00:00,XAUUSD.s,cobra,26551110,H1,HOLD,HOLD,NONE,0,25.09120940997586,0,,,,,,,,,,,,,,,,0.33,0.33,5175.08,5177.19,5170.76,5173.36,,,,,,,,5128.952753096453,5178.450000000001,0.13391144066035734,,,,,,none,True,,,,,,,,,,,,,,no_pattern_at_sr
2026-03-10T07:03:31.203244+00:00,USOUSD.s,cobra,26551110,H1,OUTSIDE_HOURS,OUTSIDE_HOURS,NONE,0,3.8724853505125667,0,,,,,,,,,,,,,,,,0.079,0.079,89.829,90.029,89.159,89.159,,,,,,,,,,,,,,,,,,,,,,,,,,,,,,,
2026-03-10T07:04:31.566619+00:00,BTCUSD,cobra,26551110,H1,HOLD,HOLD,NONE,0,640.7336843463987,0,,,,,,,,,,,,,,,,16.96,16.96,69904.63,69938.13,69818.72,69831.74,,,,,,,,68427.36502871361,69746.06,0.25016633886435546,,,,,,none,True,,,,,,,,,,,,,,no_pattern_at_sr
2026-03-10T07:04:31.568022+00:00,USDJPY.s,cobra,26551110,H1,HOLD,HOLD,NONE,0,0.23636107447644944,0,,,,,,,,,,,,,,,,0.023,0.023,157.546,157.61,157.53,157.544,,,,,,,,157.93730853532392,157.4674,0.29869554517974384,,,,,,none,True,,,,,,,,,,,,,,no_pattern_at_sr
2026-03-10T07:04:31.569516+00:00,EURUSD.s,cobra,26551110,H1,HOLD,HOLD,NONE,0,0.0018282060261233068,0,,,,,,,,,,,,,,,,0.00018,0.00018,1.16316,1.1633499999999999,1.16282,1.1633499999999999,,,,,,,,1.1592541783586348,1.16379,0.3446001112555347,,,,,,none,True,,,,,,,,,,,,,,no_pattern_at_sr
2026-03-10T07:04:31.571934+00:00,XAUUSD.s,cobra,26551110,H1,HOLD,HOLD,NONE,0,25.09120940997586,0,,,,,,,,,,,,,,,,0.37,0.37,5175.08,5177.19,5170.76,5177.02,,,,,,,,5128.952753096453,5178.450000000001,0.13391144066035734,,,,,,none,True,,,,,,,,,,,,,,no_pattern_at_sr
2026-03-10T07:05:31.906966+00:00,BTCUSD,cobra,26551110,H1,HOLD,HOLD,NONE,0,640.7336843463987,0,,,,,,,,,,,,,,,,17.05,17.05,69904.63,69938.13,69818.72,69901.66,,,,,,,,68427.36502871361,69746.06,0.25016633886435546,,,,,,none,True,,,,,,,,,,,,,,no_pattern_at_sr
2026-03-10T07:05:31.908362+00:00,USDJPY.s,cobra,26551110,H1,HOLD,HOLD,NONE,0,0.23650393161930727,0,,,,,,,,,,,,,,,,0.024,0.024,157.546,157.61,157.528,157.534,,,,,,,,157.93730853532392,157.4674,0.2985151219966002,,,,,,none,True,,,,,,,,,,,,,,no_pattern_at_sr
2026-03-10T07:05:31.909711+00:00,EURUSD.s,cobra,26551110,H1,HOLD,HOLD,NONE,0,0.0018474917404090207,0,,,,,,,,,,,,,,,,0.00018,0.00018,1.16316,1.1636199999999999,1.16282,1.1636199999999999,,,,,,,,1.1592541783586348,1.16379,0.3410028776965754,,,,,,none,True,,,,,,,,,,,,,,no_pattern_at_sr
2026-03-10T07:05:31.911099+00:00,XAUUSD.s,cobra,26551110,H1,HOLD,HOLD,NONE,0,25.159066552833057,0,,,,,,,,,,,,,,,,0.33,0.33,5175.08,5178.14,5170.76,5178.14,,,,,,,,5128.952753096453,5178.450000000001,0.13355026479001966,,,,,,none,True,,,,,,,,,,,,,,no_pattern_at_sr
2026-03-10T07:06:32.240039+00:00,BTCUSD,cobra,26551110,H1,HOLD,HOLD,NONE,0,646.3543986321132,0,,,,,,,,,,,,,,,,17.0,17.0,69904.63,70016.82,69818.72,70009.79,,,,,,,,68427.36502871361,69746.06,0.24799088602047362,,,,,,none,True,,,,,,,,,,,,,,no_pattern_at_sr
2026-03-10T07:06:32.241557+00:00,USDJPY.s,cobra,26551110,H1,HOLD,HOLD,NONE,0,0.236718217333592,0,,,,,,,,,,,,,,,,0.023,0.023,157.546,157.61,157.525,157.54,,,,,,,,157.93730853532392,157.4674,0.2982448955355261,,,,,,none,True,,,,,,,,,,,,,,no_pattern_at_sr
2026-03-10T07:06:32.242999+00:00,EURUSD.s,cobra,26551110,H1,HOLD,HOLD,NONE,0,0.001853206026123312,0,,,,,,,,,,,,,,,,0.00019,0.00019,1.16316,1.1637,1.16282,1.16365,,,,,,,,1.1592541783586348,1.1635149999999999,0.1915599210210325,,,,,,none,True,,,,,,,,,,,,,,no_pattern_at_sr
2026-03-10T07:06:32.244342+00:00,XAUUSD.s,cobra,26551110,H1,HOLD,HOLD,NONE,0,25.20263798140446,0,,,,,,,,,,,,,,,,0.33,0.33,5175.08,5178.75,5170.76,5175.45,,,,,,,,5128.952753096453,5178.450000000001,0.13331937722073886,,,,,,none,True,,,,,,,,,,,,,,no_pattern_at_sr
2026-03-10T07:07:32.597083+00:00,BTCUSD,cobra,26551110,H1,HOLD,HOLD,NONE,0,649.5508272035418,0,,,,,,,,,,,,,,,,17.1,17.1,69904.63,70061.57,69818.72,70007.45,,,,,,,,68427.36502871361,69746.06,0.2467705270888371,,,,,,none,True,,,,,,,,,,,,,,no_pattern_at_sr
2026-03-10T07:07:32.598835+00:00,USDJPY.s,cobra,26551110,H1,HOLD,HOLD,NONE,0,0.23721821733359233,0,,,,,,,,,,,,,,,,0.024,0.024,157.546,157.61,157.518,157.519,,,,,,,,157.93730853532392,157.4674,0.2976162657049673,,,,,,none,True,,,,,,,,,,,,,,no_pattern_at_sr
2026-03-10T07:07:32.600299+00:00,EURUSD.s,cobra,26551110,H1,HOLD,HOLD,NONE,0,0.001853206026123312,0,,,,,,,,,,,,,,,,0.00018,0.00018,1.16316,1.1637,1.16282,1.16365,,,,,,,,1.1592541783586348,1.1635149999999999,0.1915599210210325,,,,,,none,True,,,,,,,,,,,,,,no_pattern_at_sr
2026-03-10T07:07:32.601588+00:00,XAUUSD.s,cobra,26551110,H1,HOLD,HOLD,NONE,0,25.20263798140446,0,,,,,,,,,,,,,,,,0.36,0.36,5175.08,5178.75,5170.76,5174.32,,,,,,,,5128.952753096453,5178.450000000001,0.13331937722073886,,,,,,none,True,,,,,,,,,,,,,,no_pattern_at_sr
2026-03-10T07:08:32.941222+00:00,BTCUSD,cobra,26551110,H1,HOLD,HOLD,NONE,0,663.0858272035412,0,,,,,,,,,,,,,,,,16.96,16.96,69904.63,70251.06,69818.72,70208.28,,,,,,,,68427.36502871361,69746.06,0.24173341281626495,,,,,,none,True,,,,,,,,,,,,,,no_pattern_at_sr
2026-03-10T07:08:32.942678+00:00,USDJPY.s,cobra,26551110,H1,HOLD,HOLD,NONE,0,0.23857536019073558,0,,,,,,,,,,,,,,,,0.023,0.023,157.546,157.61,157.499,157.509,,,,,,,,157.93730853532392,157.4674,0.29592326694412197,,,,,,none,True,,,,,,,,,,,,,,no_pattern_at_sr
2026-03-10T07:08:32.944284+00:00,EURUSD.s,cobra,26551110,H1,HOLD,HOLD,NONE,0,0.001853206026123312,0,,,,,,,,,,,,,,,,0.00019,0.00019,1.16316,1.1637,1.16282,1.16368,,,,,,,,1.1592541783586348,1.1635149999999999,0.1915599210210325,,,,,,none,True,,,,,,,,,,,,,,no_pattern_at_sr
2026-03-10T07:08:32.945743+00:00,XAUUSD.s,cobra,26551110,H1,HOLD,HOLD,NONE,0,25.20263798140446,0,,,,,,,,,,,,,,,,0.34,0.34,5175.08,5178.75,5170.76,5173.08,,,,,,,,5128.952753096453,5178.450000000001,0.13331937722073886,,,,,,none,True,,,,,,,,,,,,,,no_pattern_at_sr
2026-03-10T07:09:33.302123+00:00,BTCUSD,cobra,26551110,H1,HOLD,HOLD,NONE,0,663.0858272035412,0,,,,,,,,,,,,,,,,17.11,17.11,69904.63,70251.06,69818.72,70102.42,,,,,,,,68427.36502871361,69746.06,0.24173341281626495,,,,,,none,True,,,,,,,,,,,,,,no_pattern_at_sr
2026-03-10T07:09:33.304274+00:00,USDJPY.s,cobra,26551110,H1,HOLD,HOLD,NONE,0,0.23907536019073594,0,,,,,,,,,,,,,,,,0.024,0.024,157.546,157.61,157.492,157.502,,,,,,,,157.93730853532392,157.4674,0.295304375757033,,,,,,none,True,,,,,,,,,,,,,,no_pattern_at_sr
2026-03-10T07:09:33.306210+00:00,EURUSD.s,cobra,26551110,H1,HOLD,HOLD,NONE,0,0.0018660631689804599,0,,,,,,,,,,,,,,,,0.00018,0.00018,1.16316,1.16388,1.16282,1.16371,,,,,,,,1.1592541783586348,1.1635149999999999,0.19024007648885785,,,,,,none,True,,,,,,,,,,,,,,no_pattern_at_sr
2026-03-10T07:09:33.307838+00:00,XAUUSD.s,cobra,26551110,H1,HOLD,HOLD,NONE,0,25.20263798140446,0,,,,,,,,,,,,,,,,0.33,0.33,5175.08,5178.75,5170.76,5173.15,,,,,,,,5128.952753096453,5178.450000000001,0.13331937722073886,,,,,,none,True,,,,,,,,,,,,,,no_pattern_at_sr
2026-03-10T07:10:33.725622+00:00,BTCUSD,cobra,26551110,H1,HOLD,HOLD,NONE,0,664.9172557749697,0,,,,,,,,,,,,,,,,17.06,17.06,69904.63,70276.7,69818.72,70254.47,,,,,,,,68427.36502871361,69746.06,0.24106758939980896,,,,,,none,True,,,,,,,,,,,,,,no_pattern_at_sr
2026-03-10T07:10:33.727141+00:00,USDJPY.s,cobra,26551110,H1,HOLD,HOLD,NONE,0,0.240575360190735,0,,,,,,,,,,,,,,,,0.024,0.024,157.546,157.61,157.471,157.484,,,,,,,,157.93730853532392,157.4674,0.2934631374719315,,,,,,none,True,,,,,,,,,,,,,,no_pattern_at_sr
2026-03-10T07:10:33.728497+00:00,EURUSD.s,cobra,26551110,H1,HOLD,HOLD,NONE,0,0.0018803488832661727,0,,,,,,,,,,,,,,,,0.00018,0.00018,1.16316,1.16408,1.16282,1.16404,,,,,,,,1.1592541783586348,1.1635149999999999,0.1887947514204103,,,,,,none,True,,,,,,,,,,,,,,no_pattern_at_sr
2026-03-10T07:10:33.729904+00:00,XAUUSD.s,cobra,26551110,H1,HOLD,HOLD,NONE,0,25.20263798140446,0,,,,,,,,,,,,,,,,0.31,0.31,5175.08,5178.75,5170.76,5174.63,,,,,,,,5128.952753096453,5178.450000000001,0.13331937722073886,,,,,,none,True,,,,,,,,,,,,,,no_pattern_at_sr
2026-03-10T07:11:34.078425+00:00,BTCUSD,cobra,26551110,H1,HOLD,HOLD,NONE,0,675.2015414892551,0,,,,,,,,,,,,,,,,16.96,16.96,69904.63,70420.68,69818.72,70290.9,,,,,,,,68427.36502871361,69746.06,0.23739578503696138,,,,,,none,True,,,,,,,,,,,,,,no_pattern_at_sr
2026-03-10T07:11:34.080338+00:00,USDJPY.s,cobra,26551110,H1,HOLD,HOLD,NONE,0,0.240575360190735,0,,,,,,,,,,,,,,,,0.025,0.025,157.546,157.61,157.471,157.536,,,,,,,,157.93730853532392,157.4674,0.2934631374719315,,,,,,none,True,,,,,,,,,,,,,,no_pattern_at_sr
2026-03-10T07:11:34.082106+00:00,EURUSD.s,cobra,26551110,H1,HOLD,HOLD,NONE,0,0.0018803488832661727,0,,,,,,,,,,,,,,,,0.00019,0.00019,1.16316,1.16408,1.16282,1.16349,,,,,,,,1.1592541783586348,1.1635149999999999,0.1887947514204103,,,,,,none,True,,,,,,,,,,,,,,no_pattern_at_sr
2026-03-10T07:11:34.083802+00:00,XAUUSD.s,cobra,26551110,H1,HOLD,HOLD,NONE,0,25.20263798140446,0,,,,,,,,,,,,,,,,0.33,0.33,5175.08,5178.75,5170.76,5175.02,,,,,,,,5128.952753096453,5178.450000000001,0.13331937722073886,,,,,,none,True,,,,,,,,,,,,,,no_pattern_at_sr
2026-03-10T07:12:34.481755+00:00,BTCUSD,cobra,26551110,H1,HOLD,HOLD,NONE,0,675.2015414892551,0,,,,,,,,,,,,,,,,16.99,16.99,69904.63,70420.68,69818.72,70263.5,,,,,,,,68427.36502871361,69746.06,0.23739578503696138,,,,,,none,True,,,,,,,,,,,,,,no_pattern_at_sr
2026-03-10T07:12:34.483213+00:00,USDJPY.s,cobra,26551110,H1,HOLD,HOLD,NONE,0,0.240575360190735,0,,,,,,,,,,,,,,,,0.023,0.023,157.546,157.61,157.471,157.567,,,,,,,,157.93730853532392,157.4674,0.2934631374719315,,,,,,none,True,,,,,,,,,,,,,,no_pattern_at_sr
2026-03-10T07:12:34.484773+00:00,EURUSD.s,cobra,26551110,H1,HOLD,HOLD,NONE,0,0.0018803488832661727,0,,,,,,,,,,,,,,,,0.00018,0.00018,1.16316,1.16408,1.16282,1.16315,,,,,,,,1.1592541783586348,1.1635149999999999,0.1887947514204103,,,,,,none,True,,,,,,,,,,,,,,no_pattern_at_sr
2026-03-10T07:12:34.487087+00:00,XAUUSD.s,cobra,26551110,H1,HOLD,HOLD,NONE,0,25.20263798140446,0,,,,,,,,,,,,,,,,0.37,0.37,5175.08,5178.75,5170.76,5172.47,,,,,,,,5128.952753096453,5178.450000000001,0.13331937722073886,,,,,,none,True,,,,,,,,,,,,,,no_pattern_at_sr
2026-03-10T07:13:34.821579+00:00,BTCUSD,cobra,26551110,H1,HOLD,HOLD,NONE,0,675.2015414892551,0,,,,,,,,,,,,,,,,17.08,17.08,69904.63,70420.68,69818.72,70271.57,,,,,,,,68427.36502871361,69746.06,0.23739578503696138,,,,,,none,True,,,,,,,,,,,,,,no_pattern_at_sr
2026-03-10T07:13:34.823728+00:00,USDJPY.s,cobra,26551110,H1,HOLD,HOLD,NONE,0,0.240575360190735,0,,,,,,,,,,,,,,,,0.023,0.023,157.546,157.61,157.471,157.564,,,,,,,,157.93730853532392,157.4674,0.2934631374719315,,,,,,none,True,,,,,,,,,,,,,,no_pattern_at_sr
2026-03-10T07:13:34.825949+00:00,EURUSD.s,cobra,26551110,H1,HOLD,HOLD,NONE,0,0.0018803488832661727,0,,,,,,,,,,,,,,,,0.00019,0.00019,1.16316,1.16408,1.16282,1.16324,,,,,,,,1.1592541783586348,1.1635149999999999,0.1887947514204103,,,,,,none,True,,,,,,,,,,,,,,no_pattern_at_sr
2026-03-10T07:13:34.828256+00:00,XAUUSD.s,cobra,26551110,H1,HOLD,HOLD,NONE,0,25.20263798140446,0,,,,,,,,,,,,,,,,0.32,0.32,5175.08,5178.75,5170.76,5173.99,,,,,,,,5128.952753096453,5178.450000000001,0.13331937722073886,,,,,,none,True,,,,,,,,,,,,,,no_pattern_at_sr
2026-03-10T07:13:34.828653+00:00,USOUSD.s,cobra,26551110,H1,OUTSIDE_HOURS,OUTSIDE_HOURS,NONE,0,3.9660567790839956,0,,,,,,,,,,,,,,,,0.079,0.079,89.829,90.029,87.849,88.543,,,,,,,,,,,,,,,,,,,,,,,,,,,,,,,
2026-03-10T07:14:35.194253+00:00,BTCUSD,cobra,26551110,H1,HOLD,HOLD,NONE,0,675.2015414892551,0,,,,,,,,,,,,,,,,17.11,17.11,69904.63,70420.68,69818.72,70252.48,,,,,,,,68427.36502871361,69746.06,0.23739578503696138,,,,,,none,True,,,,,,,,,,,,,,no_pattern_at_sr
2026-03-10T07:14:35.195757+00:00,USDJPY.s,cobra,26551110,H1,HOLD,HOLD,NONE,0,0.240575360190735,0,,,,,,,,,,,,,,,,0.025,0.025,157.546,157.61,157.471,157.575,,,,,,,,157.93730853532392,157.4674,0.2934631374719315,,,,,,none,True,,,,,,,,,,,,,,no_pattern_at_sr
2026-03-10T07:14:35.197173+00:00,EURUSD.s,cobra,26551110,H1,HOLD,HOLD,NONE,0,0.0018803488832661727,0,,,,,,,,,,,,,,,,0.00019,0.00019,1.16316,1.16408,1.16282,1.163,,,,,,,,1.1592541783586348,1.1635149999999999,0.1887947514204103,,,,,,none,True,,,,,,,,,,,,,,no_pattern_at_sr
2026-03-10T07:14:35.198598+00:00,XAUUSD.s,cobra,26551110,H1,HOLD,HOLD,NONE,0,25.20263798140446,0,,,,,,,,,,,,,,,,0.3,0.3,5175.08,5178.75,5170.76,5174.45,,,,,,,,5128.952753096453,5178.450000000001,0.13331937722073886,,,,,,none,True,,,,,,,,,,,,,,no_pattern_at_sr
2026-03-10T07:15:35.539920+00:00,BTCUSD,cobra,26551110,H1,HOLD,HOLD,NONE,0,675.2015414892551,0,,,,,,,,,,,,,,,,17.07,17.07,69904.63,70420.68,69818.72,70263.15,,,,,,,,68427.36502871361,69746.06,0.23739578503696138,,,,,,none,True,,,,,,,,,,,,,,no_pattern_at_sr
2026-03-10T07:15:35.541383+00:00,USDJPY.s,cobra,26551110,H1,HOLD,HOLD,NONE,0,0.240575360190735,0,,,,,,,,,,,,,,,,0.024,0.024,157.546,157.61,157.471,157.551,,,,,,,,157.93730853532392,157.4674,0.2934631374719315,,,,,,none,True,,,,,,,,,,,,,,no_pattern_at_sr
2026-03-10T07:15:35.542633+00:00,EURUSD.s,cobra,26551110,H1,HOLD,HOLD,NONE,0,0.0018896345975518843,0,,,,,,,,,,,,,,,,0.00019,0.00019,1.16316,1.16408,1.16269,1.16302,,,,,,,,1.1592541783586348,1.1635149999999999,0.187867009029049,,,,,,none,True,,,,,,,,,,,,,,no_pattern_at_sr
2026-03-10T07:15:35.544089+00:00,XAUUSD.s,cobra,26551110,H1,HOLD,HOLD,NONE,0,25.20263798140446,0,,,,,,,,,,,,,,,,0.31,0.31,5175.08,5178.75,5170.76,5174.82,,,,,,,,5128.952753096453,5178.450000000001,0.13331937722073886,,,,,,none,True,,,,,,,,,,,,,,no_pattern_at_sr
2026-03-10T07:16:35.894369+00:00,BTCUSD,cobra,26551110,H1,HOLD,HOLD,NONE,0,675.2015414892551,0,,,,,,,,,,,,,,,,16.96,16.96,69904.63,70420.68,69818.72,70317.15,,,,,,,,68427.36502871361,69746.06,0.23739578503696138,,,,,,none,True,,,,,,,,,,,,,,no_pattern_at_sr
2026-03-10T07:16:35.895771+00:00,USDJPY.s,cobra,26551110,H1,HOLD,HOLD,NONE,0,0.240575360190735,0,,,,,,,,,,,,,,,,0.023,0.023,157.546,157.61,157.471,157.532,,,,,,,,157.93730853532392,157.4674,0.2934631374719315,,,,,,none,True,,,,,,,,,,,,,,no_pattern_at_sr
2026-03-10T07:16:35.899105+00:00,EURUSD.s,cobra,26551110,H1,HOLD,HOLD,NONE,0,0.0018896345975518843,0,,,,,,,,,,,,,,,,0.00019,0.00019,1.16316,1.16408,1.16269,1.16324,,,,,,,,1.1592541783586348,1.1635149999999999,0.187867009029049,,,,,,none,True,,,,,,,,,,,,,,no_pattern_at_sr
2026-03-10T07:16:35.900534+00:00,XAUUSD.s,cobra,26551110,H1,HOLD,HOLD,NONE,0,25.20263798140446,0,,,,,,,,,,,,,,,,0.33,0.33,5175.08,5178.75,5170.76,5176.33,,,,,,,,5128.952753096453,5178.450000000001,0.13331937722073886,,,,,,none,True,,,,,,,,,,,,,,no_pattern_at_sr
2026-03-10T07:17:36.273630+00:00,BTCUSD,cobra,26551110,H1,HOLD,HOLD,NONE,0,675.2015414892551,0,,,,,,,,,,,,,,,,16.95,16.95,69904.63,70420.68,69818.72,70393.51,,,,,,,,68427.36502871361,69746.06,0.23739578503696138,,,,,,none,True,,,,,,,,,,,,,,no_pattern_at_sr
2026-03-10T07:17:36.275059+00:00,USDJPY.s,cobra,26551110,H1,HOLD,HOLD,NONE,0,0.240575360190735,0,,,,,,,,,,,,,,,,0.024,0.024,157.546,157.61,157.471,157.506,,,,,,,,157.93730853532392,157.4674,0.2934631374719315,,,,,,none,True,,,,,,,,,,,,,,no_pattern_at_sr
2026-03-10T07:17:36.276397+00:00,EURUSD.s,cobra,26551110,H1,HOLD,HOLD,NONE,0,0.0018896345975518843,0,,,,,,,,,,,,,,,,0.00018,0.00018,1.16316,1.16408,1.16269,1.1634,,,,,,,,1.1592541783586348,1.1635149999999999,0.187867009029049,,,,,,none,True,,,,,,,,,,,,,,no_pattern_at_sr
2026-03-10T07:17:36.277875+00:00,XAUUSD.s,cobra,26551110,H1,HOLD,HOLD,NONE,0,25.20263798140446,0,,,,,,,,,,,,,,,,0.37,0.37,5175.08,5178.75,5170.76,5171.86,,,,,,,,5128.952753096453,5178.450000000001,0.13331937722073886,,,,,,none,True,,,,,,,,,,,,,,no_pattern_at_sr
2026-03-10T07:18:36.619681+00:00,BTCUSD,cobra,26551110,H1,HOLD,HOLD,NONE,0,677.8793986321126,0,,,,,,,,,,,,,,,,16.94,16.94,69904.63,70458.17,69818.72,70347.94,,,,,,,,68427.36502871361,69746.06,0.23645798990713696,,,,,,none,True,,,,,,,,,,,,,,no_pattern_at_sr
2026-03-10T07:18:36.621192+00:00,USDJPY.s,cobra,26551110,H1,HOLD,HOLD,NONE,0,0.240575360190735,0,,,,,,,,,,,,,,,,0.025,0.025,157.546,157.61,157.471,157.518,,,,,,,,157.93730853532392,157.4674,0.2934631374719315,,,,,,none,True,,,,,,,,,,,,,,no_pattern_at_sr
2026-03-10T07:18:36.623615+00:00,EURUSD.s,cobra,26551110,H1,HOLD,HOLD,NONE,0,0.0018896345975518843,0,,,,,,,,,,,,,,,,0.00018,0.00018,1.16316,1.16408,1.16269,1.16334,,,,,,,,1.1592541783586348,1.1635149999999999,0.187867009029049,,,,,,none,True,,,,,,,,,,,,,,no_pattern_at_sr
2026-03-10T07:18:36.625119+00:00,XAUUSD.s,cobra,26551110,H1,HOLD,HOLD,NONE,0,25.274780838547333,0,,,,,,,,,,,,,,,,0.34,0.34,5175.08,5178.75,5169.75,5169.96,,,,,,,,5128.952753096453,5178.450000000001,0.1329388381827685,,,,,,none,True,,,,,,,,,,,,,,no_pattern_at_sr
2026-03-10T07:19:36.967305+00:00,BTCUSD,cobra,26551110,H1,HOLD,HOLD,NONE,0,677.8793986321126,0,,,,,,,,,,,,,,,,16.97,16.97,69904.63,70458.17,69818.72,70340.38,,,,,,,,68427.36502871361,69746.06,0.23645798990713696,,,,,,none,True,,,,,,,,,,,,,,no_pattern_at_sr
2026-03-10T07:19:36.968659+00:00,USDJPY.s,cobra,26551110,H1,HOLD,HOLD,NONE,0,0.240575360190735,0,,,,,,,,,,,,,,,,0.024,0.024,157.546,157.61,157.471,157.493,,,,,,,,157.93730853532392,157.4674,0.2934631374719315,,,,,,none,True,,,,,,,,,,,,,,no_pattern_at_sr
2026-03-10T07:19:36.970000+00:00,EURUSD.s,cobra,26551110,H1,HOLD,HOLD,NONE,0,0.0018896345975518843,0,,,,,,,,,,,,,,,,0.00019,0.00019,1.16316,1.16408,1.16269,1.16349,,,,,,,,1.1592541783586348,1.1635149999999999,0.187867009029049,,,,,,none,True,,,,,,,,,,,,,,no_pattern_at_sr
2026-03-10T07:19:36.972199+00:00,XAUUSD.s,cobra,26551110,H1,HOLD,HOLD,NONE,0,25.3162094099759,0,,,,,,,,,,,,,,,,0.33,0.33,5175.08,5178.75,5169.17,5169.91,,,,,,,,5128.952753096453,5178.450000000001,0.13272129115334966,,,,,,none,True,,,,,,,,,,,,,,no_pattern_at_sr
2026-03-10T07:20:37.317058+00:00,BTCUSD,cobra,26551110,H1,HOLD,HOLD,NONE,0,677.8793986321126,0,,,,,,,,,,,,,,,,16.99,16.99,69904.63,70458.17,69818.72,70346.69,,,,,,,,68427.36502871361,69746.06,0.23645798990713696,,,,,,none,True,,,,,,,,,,,,,,no_pattern_at_sr
2026-03-10T07:20:37.318605+00:00,USDJPY.s,cobra,26551110,H1,HOLD,HOLD,NONE,0,0.24107536019073533,0,,,,,,,,,,,,,,,,0.024,0.024,157.546,157.61,157.464,157.495,,,,,,,,157.93730853532392,157.4674,0.29285448311331114,,,,,,none,True,,,,,,,,,,,,,,no_pattern_at_sr
2026-03-10T07:20:37.320102+00:00,EURUSD.s,cobra,26551110,H1,HOLD,HOLD,NONE,0,0.0018896345975518843,0,,,,,,,,,,,,,,,,0.00018,0.00018,1.16316,1.16408,1.16269,1.16361,,,,,,,,1.1592541783586348,1.1635149999999999,0.187867009029049,,,,,,none,True,,,,,,,,,,,,,,no_pattern_at_sr
2026-03-10T07:20:37.321812+00:00,XAUUSD.s,cobra,26551110,H1,HOLD,HOLD,NONE,0,25.43620940997592,0,,,,,,,,,,,,,,,,0.34,0.34,5175.08,5178.75,5167.49,5167.79,,,,,,,,5128.952753096453,5178.450000000001,0.13209515403198446,,,,,,none,True,,,,,,,,,,,,,,no_pattern_at_sr
2026-03-10T07:21:37.806824+00:00,BTCUSD,cobra,26551110,H1,HOLD,HOLD,NONE,0,677.8793986321126,0,,,,,,,,,,,,,,,,16.99,16.99,69904.63,70458.17,69818.72,70334.75,,,,,,,,68427.36502871361,69746.06,0.23645798990713696,,,,,,none,True,,,,,,,,,,,,,,no_pattern_at_sr
2026-03-10T07:21:37.808300+00:00,USDJPY.s,cobra,26551110,H1,HOLD,HOLD,NONE,0,0.24107536019073533,0,,,,,,,,,,,,,,,,0.024,0.024,157.546,157.61,157.464,157.496,,,,,,,,157.93730853532392,157.4674,0.29285448311331114,,,,,,none,True,,,,,,,,,,,,,,no_pattern_at_sr
2026-03-10T07:21:37.809618+00:00,EURUSD.s,cobra,26551110,H1,HOLD,HOLD,NONE,0,0.0018896345975518843,0,,,,,,,,,,,,,,,,0.00018,0.00018,1.16316,1.16408,1.16269,1.1637,,,,,,,,1.1592541783586348,1.1635149999999999,0.187867009029049,,,,,,none,True,,,,,,,,,,,,,,no_pattern_at_sr
2026-03-10T07:21:37.811088+00:00,XAUUSD.s,cobra,26551110,H1,HOLD,HOLD,NONE,0,25.62335226711877,0,,,,,,,,,,,,,,,,0.31,0.31,5175.08,5178.75,5164.87,5165.91,,,,,,,,5128.952753096453,5178.450000000001,0.13113038313539913,,,,,,none,True,,,,,,,,,,,,,,no_pattern_at_sr
2026-03-10T07:22:38.169932+00:00,BTCUSD,cobra,26551110,H1,HOLD,HOLD,NONE,0,677.8793986321126,0,,,,,,,,,,,,,,,,16.99,16.99,69904.63,70458.17,69818.72,70419.34,,,,,,,,68427.36502871361,69746.06,0.23645798990713696,,,,,,none,True,,,,,,,,,,,,,,no_pattern_at_sr
2026-03-10T07:22:38.171500+00:00,USDJPY.s,cobra,26551110,H1,HOLD,HOLD,NONE,0,0.24343250304787728,0,,,,,,,,,,,,,,,,0.025,0.025,157.546,157.61,157.431,157.432,,,,,,,,157.93730853532392,157.5335,0.018485616931450746,,,,,,none,True,,,,,,,,,,,,,,no_pattern_at_sr
2026-03-10T07:22:38.172852+00:00,EURUSD.s,cobra,26551110,H1,HOLD,HOLD,NONE,0,0.0018896345975518843,0,,,,,,,,,,,,,,,,0.00018,0.00018,1.16316,1.16408,1.16269,1.16381,,,,,,,,1.1592541783586348,1.1635149999999999,0.187867009029049,,,,,,none,True,,,,,,,,,,,,,,no_pattern_at_sr
2026-03-10T07:22:38.174444+00:00,XAUUSD.s,cobra,26551110,H1,HOLD,HOLD,NONE,0,25.847637981404507,0,,,,,,,,,,,,,,,,0.34,0.34,5175.08,5178.75,5161.73,5161.78,,,,,,,,5128.952753096453,5178.450000000001,0.12999253558169832,,,,,,none,True,,,,,,,,,,,,,,no_pattern_at_sr
2026-03-10T07:23:38.532959+00:00,BTCUSD,cobra,26551110,H1,HOLD,HOLD,NONE,0,678.6886843463984,0,,,,,,,,,,,,,,,,17.05,17.05,69904.63,70469.5,69818.72,70462.8,,,,,,,,68427.36502871361,69746.06,0.23617603136314727,,,,,,none,True,,,,,,,,,,,,,,no_pattern_at_sr
2026-03-10T07:23:38.535401+00:00,USDJPY.s,cobra,26551110,H1,HOLD,HOLD,NONE,0,0.244432503047878,0,,,,,,,,,,,,,,,,0.023,0.023,157.546,157.61,157.417,157.419,,,,,,,,157.93730853532392,157.5335,0.018409990258643476,,,,,,none,True,,,,,,,,,,,,,,no_pattern_at_sr
2026-03-10T07:23:38.538291+00:00,EURUSD.s,cobra,26551110,H1,HOLD,HOLD,NONE,0,0.0018896345975518843,0,,,,,,,,,,,,,,,,0.00018,0.00018,1.16316,1.16408,1.16269,1.16392,,,,,,,,1.1592541783586348,1.1635149999999999,0.187867009029049,,,,,,none,True,,,,,,,,,,,,,,no_pattern_at_sr
2026-03-10T07:23:38.540034+00:00,XAUUSD.s,cobra,26551110,H1,HOLD,HOLD,NONE,0,25.931923695690177,0,,,,,,,,,,,,,,,,0.38,0.38,5175.08,5178.75,5160.55,5160.94,,,,,,,,5128.952753096453,5178.450000000001,0.1295700249403019,,,,,,none,True,,,,,,,,,,,,,,no_pattern_at_sr
2026-03-10T07:23:38.540466+00:00,USOUSD.s,cobra,26551110,H1,OUTSIDE_HOURS,OUTSIDE_HOURS,NONE,0,4.018913921941139,0,,,,,,,,,,,,,,,,0.098,0.098,89.829,90.029,87.109,87.114,,,,,,,,,,,,,,,,,,,,,,,,,,,,,,,
2026-03-10T07:24:38.882706+00:00,BTCUSD,cobra,26551110,H1,HOLD,HOLD,NONE,0,682.2272557749694,0,,,,,,,,,,,,,,,,17.07,17.07,69904.63,70519.04,69818.72,70452.89,,,,,,,,68427.36502871361,69746.06,0.23495103522055605,,,,,,none,True,,,,,,,,,,,,,,no_pattern_at_sr
2026-03-10T07:24:38.884403+00:00,USDJPY.s,cobra,26551110,H1,HOLD,HOLD,NONE,0,0.24471821733359161,0,,,,,,,,,,,,,,,,0.023,0.023,157.546,157.61,157.413,157.417,,,,,,,,157.93730853532392,157.5335,0.018388496161170657,,,,,,none,True,,,,,,,,,,,,,,no_pattern_at_sr
2026-03-10T07:24:38.885772+00:00,EURUSD.s,cobra,26551110,H1,HOLD,HOLD,NONE,0,0.0018896345975518843,0,,,,,,,,,,,,,,,,0.00019,0.00019,1.16316,1.16408,1.16269,1.164,,,,,,,,1.1592541783586348,1.1635149999999999,0.187867009029049,,,,,,none,True,,,,,,,,,,,,,,no_pattern_at_sr
2026-03-10T07:24:38.887006+00:00,XAUUSD.s,cobra,26551110,H1,HOLD,HOLD,NONE,0,26.07692369569016,0,,,,,,,,,,,,,,,,0.36,0.36,5175.08,5178.75,5158.52,5161.18,,,,,,,,5128.952753096453,5170.717500000001,0.16767698717169432,,,,,,none,True,,,,,,,,,,,,,,no_pattern_at_sr
2026-03-10T07:26:17.566103+00:00,BTCUSD,cobra,26551110,H1,HOLD,HOLD,NONE,0,682.2272557749694,0,,,,,,,,,,,,,,,,17.05,17.05,69904.63,70519.04,69818.72,70383.19,,,,,,,,68427.36502871361,69746.06,0.23495103522055605,,,,,,none,True,,,,,,,,,,,,,,no_pattern_at_sr
2026-03-10T07:26:17.583000+00:00,USDJPY.s,cobra,26551110,H1,HOLD,HOLD,NONE,0,0.2476467887621628,0,,,,,,,,,,,,,,,,0.024,0.024,157.546,157.61,157.372,157.385,,,,,,,,157.93730853532392,157.5335,0.018171041193387028,,,,,,none,True,,,,,,,,,,,,,,no_pattern_at_sr
2026-03-10T07:26:17.584849+00:00,EURUSD.s,cobra,26551110,H1,HOLD,HOLD,NONE,0,0.0018932060261233204,0,,,,,,,,,,,,,,,,0.00018,0.00018,1.16316,1.16413,1.16269,1.16411,,,,,,,,1.1592541783586348,1.16383,0.3538970353754334,,,,,,none,True,,,,,,,,,,,,,,no_pattern_at_sr
2026-03-10T07:26:17.586520+00:00,XAUUSD.s,cobra,26551110,H1,HOLD,HOLD,NONE,0,26.07692369569016,0,,,,,,,,,,,,,,,,0.33,0.33,5175.08,5178.75,5158.52,5161.67,,,,,,,,5128.952753096453,5170.717500000001,0.16767698717169432,,,,,,none,True,,,,,,,,,,,,,,no_pattern_at_sr
2026-03-10T07:26:17.586964+00:00,USOUSD.s,cobra,26551110,H1,OUTSIDE_HOURS,OUTSIDE_HOURS,NONE,0,4.057485350512567,0,,,,,,,,,,,,,,,,0.079,0.079,89.829,90.029,86.569,86.724,,,,,,,,,,,,,,,,,,,,,,,,,,,,,,,
2026-03-10T07:27:17.967575+00:00,BTCUSD,cobra,26551110,H1,HOLD,HOLD,NONE,0,682.2272557749694,0,,,,,,,,,,,,,,,,17.06,17.06,69904.63,70519.04,69818.72,70373.42,,,,,,,,68427.36502871361,69746.06,0.23495103522055605,,,,,,none,True,,,,,,,,,,,,,,no_pattern_at_sr
2026-03-10T07:27:17.969062+00:00,USDJPY.s,cobra,26551110,H1,HOLD,HOLD,NONE,0,0.24771821733359173,0,,,,,,,,,,,,,,,,0.023,0.023,157.546,157.61,157.371,157.381,,,,,,,,157.93730853532392,157.5335,0.018165801645291652,,,,,,none,True,,,,,,,,,,,,,,no_pattern_at_sr
2026-03-10T07:27:17.970331+00:00,EURUSD.s,cobra,26551110,H1,HOLD,HOLD,NONE,0,0.001898920311837596,0,,,,,,,,,,,,,,,,0.00019,0.00019,1.16316,1.16421,1.16269,1.16418,,,,,,,,1.1592541783586348,1.16383,0.35283207822006263,,,,,,none,True,,,,,,,,,,,,,,no_pattern_at_sr
2026-03-10T07:27:17.971829+00:00,XAUUSD.s,cobra,26551110,H1,HOLD,HOLD,NONE,0,26.07692369569016,0,,,,,,,,,,,,,,,,0.34,0.34,5175.08,5178.75,5158.52,5164.43,,,,,,,,5128.952753096453,5170.717500000001,0.16767698717169432,,,,,,none,True,,,,,,,,,,,,,,no_pattern_at_sr
2026-03-10T07:28:18.308133+00:00,BTCUSD,cobra,26551110,H1,HOLD,HOLD,NONE,0,682.2272557749694,0,,,,,,,,,,,,,,,,16.99,16.99,69904.63,70519.04,69818.72,70311.71,,,,,,,,68427.36502871361,69746.06,0.23495103522055605,,,,,,none,True,,,,,,,,,,,,,,no_pattern_at_sr
2026-03-10T07:28:18.309689+00:00,USDJPY.s,cobra,26551110,H1,HOLD,HOLD,NONE,0,0.24886107447645026,0,,,,,,,,,,,,,,,,0.024,0.024,157.546,157.61,157.355,157.379,,,,,,,,157.93730853532392,157.5335,0.018082377927019323,,,,,,none,True,,,,,,,,,,,,,,no_pattern_at_sr
2026-03-10T07:28:18.311170+00:00,EURUSD.s,cobra,26551110,H1,HOLD,HOLD,NONE,0,0.0019067774546947427,0,,,,,,,,,,,,,,,,0.00018,0.00018,1.16316,1.16432,1.16269,1.16432,,,,,,,,1.1592541783586348,1.16383,0.3513781843551371,,,,,,none,True,,,,,,,,,,,,,,no_pattern_at_sr
2026-03-10T07:28:18.312751+00:00,XAUUSD.s,cobra,26551110,H1,HOLD,HOLD,NONE,0,26.07692369569016,0,,,,,,,,,,,,,,,,0.34,0.34,5175.08,5178.75,5158.52,5166.16,,,,,,,,5128.952753096453,5170.717500000001,0.16767698717169432,,,,,,none,True,,,,,,,,,,,,,,no_pattern_at_sr
2026-03-10T07:29:18.642351+00:00,BTCUSD,cobra,26551110,H1,HOLD,HOLD,NONE,0,682.2272557749694,0,,,,,,,,,,,,,,,,17.09,17.09,69904.63,70519.04,69818.72,70310.75,,,,,,,,68427.36502871361,69746.06,0.23495103522055605,,,,,,none,True,,,,,,,,,,,,,,no_pattern_at_sr
2026-03-10T07:29:18.643730+00:00,USDJPY.s,cobra,26551110,H1,HOLD,HOLD,NONE,0,0.24886107447645026,0,,,,,,,,,,,,,,,,0.024,0.024,157.546,157.61,157.355,157.38,,,,,,,,157.93730853532392,157.5335,0.018082377927019323,,,,,,none,True,,,,,,,,,,,,,,no_pattern_at_sr
2026-03-10T07:29:18.645112+00:00,EURUSD.s,cobra,26551110,H1,HOLD,HOLD,NONE,0,0.001920348883266165,0,,,,,,,,,,,,,,,,0.00018,0.00018,1.16316,1.16451,1.16269,1.16446,,,,,,,,1.1592541783586348,1.16383,0.34889493562253127,,,,,,none,True,,,,,,,,,,,,,,no_pattern_at_sr
2026-03-10T07:29:18.646464+00:00,XAUUSD.s,cobra,26551110,H1,HOLD,HOLD,NONE,0,26.07692369569016,0,,,,,,,,,,,,,,,,0.33,0.33,5175.08,5178.75,5158.52,5167.67,,,,,,,,5128.952753096453,5170.717500000001,0.16767698717169432,,,,,,none,True,,,,,,,,,,,,,,no_pattern_at_sr
2026-03-10T07:30:18.970435+00:00,BTCUSD,cobra,26551110,H1,HOLD,HOLD,NONE,0,682.2272557749694,0,,,,,,,,,,,,,,,,16.98,16.98,69904.63,70519.04,69818.72,70293.41,,,,,,,,68427.36502871361,69746.06,0.23495103522055605,,,,,,none,True,,,,,,,,,,,,,,no_pattern_at_sr
2026-03-10T07:30:18.972006+00:00,USDJPY.s,cobra,26551110,H1,HOLD,HOLD,NONE,0,0.24886107447645026,0,,,,,,,,,,,,,,,,0.023,0.023,157.546,157.61,157.355,157.385,,,,,,,,157.93730853532392,157.5335,0.018082377927019323,,,,,,none,True,,,,,,,,,,,,,,no_pattern_at_sr
2026-03-10T07:30:18.973404+00:00,EURUSD.s,cobra,26551110,H1,HOLD,HOLD,NONE,0,0.0019210631689804555,0,,,,,,,,,,,,,,,,0.00018,0.00018,1.16316,1.16452,1.16269,1.16446,,,,,,,,1.1592541783586348,1.16383,0.3487652102327952,,,,,,none,True,,,,,,,,,,,,,,no_pattern_at_sr
2026-03-10T07:30:18.974848+00:00,XAUUSD.s,cobra,26551110,H1,HOLD,HOLD,NONE,0,26.07692369569016,0,,,,,,,,,,,,,,,,0.31,0.31,5175.08,5178.75,5158.52,5169.07,,,,,,,,5128.952753096453,5170.717500000001,0.16767698717169432,,,,,,none,True,,,,,,,,,,,,,,no_pattern_at_sr
2026-03-10T07:31:19.319208+00:00,BTCUSD,cobra,26551110,H1,HOLD,HOLD,NONE,0,682.2272557749694,0,,,,,,,,,,,,,,,,17.01,17.01,69904.63,70519.04,69818.72,70345.73,,,,,,,,68427.36502871361,69746.06,0.23495103522055605,,,,,,none,True,,,,,,,,,,,,,,no_pattern_at_sr
2026-03-10T07:31:19.320691+00:00,USDJPY.s,cobra,26551110,H1,HOLD,HOLD,NONE,0,0.24964678876216423,0,,,,,,,,,,,,,,,,0.024,0.024,157.546,157.61,157.344,157.346,,,,,,,,157.93730853532392,157.5335,0.018025467190344584,,,,,,none,True,,,,,,,,,,,,,,no_pattern_at_sr
2026-03-10T07:31:19.321952+00:00,EURUSD.s,cobra,26551110,H1,HOLD,HOLD,NONE,0,0.0019274917404090213,0,,,,,,,,,,,,,,,,0.00019,0.00019,1.16316,1.16461,1.16269,1.16458,,,,,,,,1.1592541783586348,1.16383,0.3476020083270353,,,,,,none,True,,,,,,,,,,,,,,no_pattern_at_sr
2026-03-10T07:31:19.323400+00:00,XAUUSD.s,cobra,26551110,H1,HOLD,HOLD,NONE,0,26.07692369569016,0,,,,,,,,,,,,,,,,0.34,0.34,5175.08,5178.75,5158.52,5168.61,,,,,,,,5128.952753096453,5170.717500000001,0.16767698717169432,,,,,,none,True,,,,,,,,,,,,,,no_pattern_at_sr
2026-03-10T07:32:19.678709+00:00,BTCUSD,cobra,26551110,H1,HOLD,HOLD,NONE,0,682.2272557749694,0,,,,,,,,,,,,,,,,17.07,17.07,69904.63,70519.04,69818.72,70324.21,,,,,,,,68427.36502871361,69746.06,0.23495103522055605,,,,,,none,True,,,,,,,,,,,,,,no_pattern_at_sr
2026-03-10T07:32:19.680615+00:00,USDJPY.s,cobra,26551110,H1,HOLD,HOLD,NONE,0,0.24978964590502004,0,,,,,,,,,,,,,,,,0.024,0.024,157.546,157.61,157.342,157.353,,,,,,,,157.93730853532392,157.5335,0.018015158249266885,,,,,,none,True,,,,,,,,,,,,,,no_pattern_at_sr
2026-03-10T07:32:19.682519+00:00,EURUSD.s,cobra,26551110,H1,HOLD,HOLD,NONE,0,0.0019274917404090213,0,,,,,,,,,,,,,,,,0.00019,0.00019,1.16316,1.16461,1.16269,1.16455,,,,,,,,1.1592541783586348,1.16383,0.3476020083270353,,,,,,none,True,,,,,,,,,,,,,,no_pattern_at_sr
2026-03-10T07:32:19.684449+00:00,XAUUSD.s,cobra,26551110,H1,HOLD,HOLD,NONE,0,26.07692369569016,0,,,,,,,,,,,,,,,,0.33,0.33,5175.08,5178.75,5158.52,5166.96,,,,,,,,5128.952753096453,5170.717500000001,0.16767698717169432,,,,,,none,True,,,,,,,,,,,,,,no_pattern_at_sr
2026-03-10T07:33:20.076957+00:00,BTCUSD,cobra,26551110,H1,HOLD,HOLD,NONE,0,682.2272557749694,0,,,,,,,,,,,,,,,,17.07,17.07,69904.63,70519.04,69818.72,70328.61,,,,,,,,68427.36502871361,69746.06,0.23495103522055605,,,,,,none,True,,,,,,,,,,,,,,no_pattern_at_sr
2026-03-10T07:33:20.078466+00:00,USDJPY.s,cobra,26551110,H1,HOLD,HOLD,NONE,0,0.24978964590502004,0,,,,,,,,,,,,,,,,0.024,0.024,157.546,157.61,157.342,157.406,,,,,,,,157.93730853532392,157.5335,0.018015158249266885,,,,,,none,True,,,,,,,,,,,,,,no_pattern_at_sr
2026-03-10T07:33:20.079859+00:00,EURUSD.s,cobra,26551110,H1,HOLD,HOLD,NONE,0,0.0019274917404090213,0,,,,,,,,,,,,,,,,0.00019,0.00019,1.16316,1.16461,1.16269,1.16442,,,,,,,,1.1592541783586348,1.16383,0.3476020083270353,,,,,,none,True,,,,,,,,,,,,,,no_pattern_at_sr
2026-03-10T07:33:20.081495+00:00,XAUUSD.s,cobra,26551110,H1,HOLD,HOLD,NONE,0,26.07692369569016,0,,,,,,,,,,,,,,,,0.33,0.33,5175.08,5178.75,5158.52,5168.43,,,,,,,,5128.952753096453,5170.717500000001,0.16767698717169432,,,,,,none,True,,,,,,,,,,,,,,no_pattern_at_sr
2026-03-10T07:34:20.422921+00:00,BTCUSD,cobra,26551110,H1,HOLD,HOLD,NONE,0,682.2272557749694,0,,,,,,,,,,,,,,,,17.09,17.09,69904.63,70519.04,69818.72,70320.35,,,,,,,,68427.36502871361,69746.06,0.23495103522055605,,,,,,none,True,,,,,,,,,,,,,,no_pattern_at_sr
2026-03-10T07:34:20.424390+00:00,USDJPY.s,cobra,26551110,H1,HOLD,HOLD,NONE,0,0.24978964590502004,0,,,,,,,,,,,,,,,,0.024,0.024,157.546,157.61,157.342,157.455,,,,,,,,157.93730853532392,157.5335,0.018015158249266885,,,,,,none,True,,,,,,,,,,,,,,no_pattern_at_sr
2026-03-10T07:34:20.425654+00:00,EURUSD.s,cobra,26551110,H1,HOLD,HOLD,NONE,0,0.0019274917404090213,0,,,,,,,,,,,,,,,,0.0002,0.0002,1.16316,1.16461,1.16269,1.16412,,,,,,,,1.1592541783586348,1.16383,0.3476020083270353,,,,,,none,True,,,,,,,,,,,,,,no_pattern_at_sr
2026-03-10T07:34:20.427185+00:00,XAUUSD.s,cobra,26551110,H1,HOLD,HOLD,NONE,0,26.07692369569016,0,,,,,,,,,,,,,,,,0.31,0.31,5175.08,5178.75,5158.52,5165.85,,,,,,,,5128.952753096453,5170.717500000001,0.16767698717169432,,,,,,none,True,,,,,,,,,,,,,,no_pattern_at_sr
2026-03-10T07:35:20.763237+00:00,BTCUSD,cobra,26551110,H1,HOLD,HOLD,NONE,0,682.2272557749694,0,,,,,,,,,,,,,,,,17.1,17.1,69904.63,70519.04,69818.72,70344.2,,,,,,,,68427.36502871361,69746.06,0.23495103522055605,,,,,,none,True,,,,,,,,,,,,,,no_pattern_at_sr
2026-03-10T07:35:20.764711+00:00,USDJPY.s,cobra,26551110,H1,HOLD,HOLD,NONE,0,0.24978964590502004,0,,,,,,,,,,,,,,,,0.024,0.024,157.546,157.61,157.342,157.443,,,,,,,,157.93730853532392,157.5335,0.018015158249266885,,,,,,none,True,,,,,,,,,,,,,,no_pattern_at_sr
2026-03-10T07:35:20.766256+00:00,EURUSD.s,cobra,26551110,H1,HOLD,HOLD,NONE,0,0.0019274917404090213,0,,,,,,,,,,,,,,,,0.00019,0.00019,1.16316,1.16461,1.16269,1.16431,,,,,,,,1.1592541783586348,1.16383,0.3476020083270353,,,,,,none,True,,,,,,,,,,,,,,no_pattern_at_sr
2026-03-10T07:35:20.767680+00:00,XAUUSD.s,cobra,26551110,H1,HOLD,HOLD,NONE,0,26.07692369569016,0,,,,,,,,,,,,,,,,0.31,0.31,5175.08,5178.75,5158.52,5168.68,,,,,,,,5128.952753096453,5170.717500000001,0.16767698717169432,,,,,,none,True,,,,,,,,,,,,,,no_pattern_at_sr
2026-03-10T07:36:21.103828+00:00,BTCUSD,cobra,26551110,H1,HOLD,HOLD,NONE,0,682.2272557749694,0,,,,,,,,,,,,,,,,17.03,17.03,69904.63,70519.04,69818.72,70283.62,,,,,,,,68427.36502871361,69746.06,0.23495103522055605,,,,,,none,True,,,,,,,,,,,,,,no_pattern_at_sr
2026-03-10T07:36:21.105799+00:00,USDJPY.s,cobra,26551110,H1,HOLD,HOLD,NONE,0,0.24978964590502004,0,,,,,,,,,,,,,,,,0.023,0.023,157.546,157.61,157.342,157.418,,,,,,,,157.93730853532392,157.5335,0.018015158249266885,,,,,,none,True,,,,,,,,,,,,,,no_pattern_at_sr
2026-03-10T07:36:21.107828+00:00,EURUSD.s,cobra,26551110,H1,HOLD,HOLD,NONE,0,0.0019274917404090213,0,,,,,,,,,,,,,,,,0.00019,0.00019,1.16316,1.16461,1.16269,1.16446,,,,,,,,1.1592541783586348,1.16383,0.3476020083270353,,,,,,none,True,,,,,,,,,,,,,,no_pattern_at_sr
2026-03-10T07:36:21.109886+00:00,XAUUSD.s,cobra,26551110,H1,HOLD,HOLD,NONE,0,26.07692369569016,0,,,,,,,,,,,,,,,,0.34,0.34,5175.08,5178.75,5158.52,5169.53,,,,,,,,5128.952753096453,5170.717500000001,0.16767698717169432,,,,,,none,True,,,,,,,,,,,,,,no_pattern_at_sr
2026-03-10T07:36:21.110263+00:00,USOUSD.s,cobra,26551110,H1,OUTSIDE_HOURS,OUTSIDE_HOURS,NONE,0,4.086771064798281,0,,,,,,,,,,,,,,,,0.079,0.079,89.829,90.029,86.159,87.419,,,,,,,,,,,,,,,,,,,,,,,,,,,,,,,
2026-03-10T07:37:21.450523+00:00,BTCUSD,cobra,26551110,H1,HOLD,HOLD,NONE,0,682.2272557749694,0,,,,,,,,,,,,,,,,17.06,17.06,69904.63,70519.04,69818.72,70301.86,,,,,,,,68427.36502871361,69746.06,0.23495103522055605,,,,,,none,True,,,,,,,,,,,,,,no_pattern_at_sr
2026-03-10T07:37:21.452299+00:00,USDJPY.s,cobra,26551110,H1,HOLD,HOLD,NONE,0,0.24978964590502004,0,,,,,,,,,,,,,,,,0.023,0.023,157.546,157.61,157.342,157.361,,,,,,,,157.93730853532392,157.5335,0.018015158249266885,,,,,,none,True,,,,,,,,,,,,,,no_pattern_at_sr
2026-03-10T07:37:21.454124+00:00,EURUSD.s,cobra,26551110,H1,HOLD,HOLD,NONE,0,0.0019346345975518777,0,,,,,,,,,,,,,,,,0.00018,0.00018,1.16316,1.16471,1.16269,1.16471,,,,,,,,1.1592541783586348,1.16383,0.34631862825557796,,,,,,none,True,,,,,,,,,,,,,,no_pattern_at_sr
2026-03-10T07:37:21.456026+00:00,XAUUSD.s,cobra,26551110,H1,HOLD,HOLD,NONE,0,26.07692369569016,0,,,,,,,,,,,,,,,,0.3,0.3,5175.08,5178.75,5158.52,5169.67,,,,,,,,5128.952753096453,5170.717500000001,0.16767698717169432,,,,,,none,True,,,,,,,,,,,,,,no_pattern_at_sr
2026-03-10T07:38:21.802063+00:00,BTCUSD,cobra,26551110,H1,HOLD,HOLD,NONE,0,682.2272557749694,0,,,,,,,,,,,,,,,,17.08,17.08,69904.63,70519.04,69818.72,70298.86,,,,,,,,68427.36502871361,69746.06,0.23495103522055605,,,,,,none,True,,,,,,,,,,,,,,no_pattern_at_sr
2026-03-10T07:38:21.803597+00:00,USDJPY.s,cobra,26551110,H1,HOLD,HOLD,NONE,0,0.24978964590502004,0,,,,,,,,,,,,,,,,0.023,0.023,157.546,157.61,157.342,157.357,,,,,,,,157.93730853532392,157.5335,0.018015158249266885,,,,,,none,True,,,,,,,,,,,,,,no_pattern_at_sr
2026-03-10T07:38:21.804973+00:00,EURUSD.s,cobra,26551110,H1,HOLD,HOLD,NONE,0,0.0019424917404090244,0,,,,,,,,,,,,,,,,0.00019,0.00019,1.16316,1.16482,1.16269,1.16474,,,,,,,,1.1592541783586348,1.16383,0.3449178115212313,,,,,,none,True,,,,,,,,,,,,,,no_pattern_at_sr
2026-03-10T07:38:21.806438+00:00,XAUUSD.s,cobra,26551110,H1,HOLD,HOLD,NONE,0,26.07692369569016,0,,,,,,,,,,,,,,,,0.34,0.34,5175.08,5178.75,5158.52,5172.41,,,,,,,,5128.952753096453,5170.717500000001,0.16767698717169432,,,,,,none,True,,,,,,,,,,,,,,no_pattern_at_sr
2026-03-10T07:39:22.148007+00:00,BTCUSD,cobra,26551110,H1,HOLD,HOLD,NONE,0,682.2272557749694,0,,,,,,,,,,,,,,,,17.06,17.06,69904.63,70519.04,69818.72,70326.92,,,,,,,,68427.36502871361,69746.06,0.23495103522055605,,,,,,none,True,,,,,,,,,,,,,,no_pattern_at_sr
2026-03-10T07:39:22.149481+00:00,USDJPY.s,cobra,26551110,H1,HOLD,HOLD,NONE,0,0.2510039316193075,0,,,,,,,,,,,,,,,,0.023,0.023,157.546,157.61,157.325,157.329,,,,,,,,157.93730853532392,157.5335,0.017928006031524373,,,,,,none,True,,,,,,,,,,,,,,no_pattern_at_sr
2026-03-10T07:39:22.150703+00:00,EURUSD.s,cobra,26551110,H1,HOLD,HOLD,NONE,0,0.0019474917404090255,0,,,,,,,,,,,,,,,,0.00019,0.00019,1.16316,1.16489,1.16269,1.16486,,,,,,,,1.1592541783586348,1.16383,0.3440322678129718,,,,,,none,True,,,,,,,,,,,,,,no_pattern_at_sr
2026-03-10T07:39:22.152075+00:00,XAUUSD.s,cobra,26551110,H1,HOLD,HOLD,NONE,0,26.07692369569016,0,,,,,,,,,,,,,,,,0.31,0.31,5175.08,5178.75,5158.52,5173.32,,,,,,,,5128.952753096453,5170.717500000001,0.16767698717169432,,,,,,none,True,,,,,,,,,,,,,,no_pattern_at_sr
2026-03-10T07:40:22.499949+00:00,BTCUSD,cobra,26551110,H1,HOLD,HOLD,NONE,0,682.2272557749694,0,,,,,,,,,,,,,,,,17.1,17.1,69904.63,70519.04,69818.72,70345.69,,,,,,,,68427.36502871361,69746.06,0.23495103522055605,,,,,,none,True,,,,,,,,,,,,,,no_pattern_at_sr
2026-03-10T07:40:22.501754+00:00,USDJPY.s,cobra,26551110,H1,HOLD,HOLD,NONE,0,0.2530753601907358,0,,,,,,,,,,,,,,,,0.023,0.023,157.546,157.61,157.296,157.299,,,,,,,,157.93730853532392,157.47175,0.261779732132335,,,,,,none,True,,,,,,,,,,,,,,no_pattern_at_sr
2026-03-10T07:40:22.503578+00:00,EURUSD.s,cobra,26551110,H1,HOLD,HOLD,NONE,0,0.0019489203118375905,0,,,,,,,,,,,,,,,,0.00019,0.00019,1.16316,1.16491,1.16269,1.16485,,,,,,,,1.1592541783586348,1.16383,0.34378008989409187,,,,,,none,True,,,,,,,,,,,,,,no_pattern_at_sr
2026-03-10T07:40:22.505680+00:00,XAUUSD.s,cobra,26551110,H1,HOLD,HOLD,NONE,0,26.07692369569016,0,,,,,,,,,,,,,,,,0.3,0.3,5175.08,5178.75,5158.52,5173.72,,,,,,,,5128.952753096453,5170.717500000001,0.16767698717169432,,,,,,none,True,,,,,,,,,,,,,,no_pattern_at_sr
2026-03-10T07:41:22.887015+00:00,BTCUSD,cobra,26551110,H1,HOLD,HOLD,NONE,0,682.2272557749694,0,,,,,,,,,,,,,,,,17.04,17.04,69904.63,70519.04,69818.72,70394.69,,,,,,,,68427.36502871361,69746.06,0.23495103522055605,,,,,,none,True,,,,,,,,,,,,,,no_pattern_at_sr
2026-03-10T07:41:22.888470+00:00,USDJPY.s,cobra,26551110,H1,HOLD,HOLD,NONE,0,0.25371821733359196,0,,,,,,,,,,,,,,,,0.025,0.025,157.546,157.61,157.287,157.322,,,,,,,,157.93730853532392,157.47175,0.2611164491705326,,,,,,none,True,,,,,,,,,,,,,,no_pattern_at_sr
2026-03-10T07:41:22.889718+00:00,EURUSD.s,cobra,26551110,H1,HOLD,HOLD,NONE,0,0.0019510631689804616,0,,,,,,,,,,,,,,,,0.00019,0.00019,1.16316,1.16494,1.16269,1.16475,,,,,,,,1.1592541783586348,1.16383,0.34340251543473116,,,,,,none,True,,,,,,,,,,,,,,no_pattern_at_sr
2026-03-10T07:41:22.891162+00:00,XAUUSD.s,cobra,26551110,H1,HOLD,HOLD,NONE,0,26.07692369569016,0,,,,,,,,,,,,,,,,0.3,0.3,5175.08,5178.75,5158.52,5175.15,,,,,,,,5128.952753096453,5170.717500000001,0.16767698717169432,,,,,,none,True,,,,,,,,,,,,,,no_pattern_at_sr
2026-03-10T07:42:23.297623+00:00,BTCUSD,cobra,26551110,H1,HOLD,HOLD,NONE,0,682.2272557749694,0,,,,,,,,,,,,,,,,16.97,16.97,69904.63,70519.04,69818.72,70334.73,,,,,,,,68427.36502871361,69746.06,0.23495103522055605,,,,,,none,True,,,,,,,,,,,,,,no_pattern_at_sr
2026-03-10T07:42:23.299109+00:00,USDJPY.s,cobra,26551110,H1,HOLD,HOLD,NONE,0,0.25371821733359196,0,,,,,,,,,,,,,,,,0.024,0.024,157.546,157.61,157.287,157.307,,,,,,,,157.93730853532392,157.47175,0.2611164491705326,,,,,,none,True,,,,,,,,,,,,,,no_pattern_at_sr
2026-03-10T07:42:23.300354+00:00,EURUSD.s,cobra,26551110,H1,HOLD,HOLD,NONE,0,0.001951777454694736,0,,,,,,,,,,,,,,,,0.00018,0.00018,1.16316,1.16495,1.16269,1.16495,,,,,,,,1.1592541783586348,1.16383,0.34327684152122684,,,,,,none,True,,,,,,,,,,,,,,no_pattern_at_sr
2026-03-10T07:42:23.301880+00:00,XAUUSD.s,cobra,26551110,H1,HOLD,HOLD,NONE,0,26.07692369569016,0,,,,,,,,,,,,,,,,0.31,0.31,5175.08,5178.75,5158.52,5175.29,,,,,,,,5128.952753096453,5170.717500000001,0.16767698717169432,,,,,,none,True,,,,,,,,,,,,,,no_pattern_at_sr
2026-03-10T07:43:23.776082+00:00,BTCUSD,cobra,26551110,H1,HOLD,HOLD,NONE,0,682.2272557749694,0,,,,,,,,,,,,,,,,17.05,17.05,69904.63,70519.04,69818.72,70350.62,,,,,,,,68427.36502871361,69746.06,0.23495103522055605,,,,,,none,True,,,,,,,,,,,,,,no_pattern_at_sr
2026-03-10T07:43:23.777686+00:00,USDJPY.s,cobra,26551110,H1,HOLD,HOLD,NONE,0,0.25371821733359196,0,,,,,,,,,,,,,,,,0.024,0.024,157.546,157.61,157.287,157.32,,,,,,,,157.93730853532392,157.47175,0.2611164491705326,,,,,,none,True,,,,,,,,,,,,,,no_pattern_at_sr
2026-03-10T07:43:23.778939+00:00,EURUSD.s,cobra,26551110,H1,HOLD,HOLD,NONE,0,0.0019539203118375914,0,,,,,,,,,,,,,,,,0.00019,0.00019,1.16316,1.16498,1.16269,1.16498,,,,,,,,1.1592541783586348,1.16383,0.34290037108516347,,,,,,none,True,,,,,,,,,,,,,,no_pattern_at_sr
2026-03-10T07:43:23.780453+00:00,XAUUSD.s,cobra,26551110,H1,HOLD,HOLD,NONE,0,26.07692369569016,0,,,,,,,,,,,,,,,,0.3,0.3,5175.08,5178.75,5158.52,5177.46,,,,,,,,5128.952753096453,5170.717500000001,0.16767698717169432,,,,,,none,True,,,,,,,,,,,,,,no_pattern_at_sr
2026-03-10T07:44:24.143390+00:00,BTCUSD,cobra,26551110,H1,HOLD,HOLD,NONE,0,682.2272557749694,0,,,,,,,,,,,,,,,,17.0,17.0,69904.63,70519.04,69818.72,70370.02,,,,,,,,68427.36502871361,69746.06,0.23495103522055605,,,,,,none,True,,,,,,,,,,,,,,no_pattern_at_sr
2026-03-10T07:44:24.144758+00:00,USDJPY.s,cobra,26551110,H1,HOLD,HOLD,NONE,0,0.25371821733359196,0,,,,,,,,,,,,,,,,0.023,0.023,157.546,157.61,157.287,157.319,,,,,,,,157.93730853532392,157.47175,0.2611164491705326,,,,,,none,True,,,,,,,,,,,,,,no_pattern_at_sr
2026-03-10T07:44:24.146191+00:00,EURUSD.s,cobra,26551110,H1,HOLD,HOLD,NONE,0,0.0019696345975518848,0,,,,,,,,,,,,,,,,0.00019,0.00019,1.16316,1.1652,1.16269,1.16515,,,,,,,,1.1592541783586348,1.16383,0.3401646177583957,,,,,,none,True,,,,,,,,,,,,,,no_pattern_at_sr
2026-03-10T07:44:24.147561+00:00,XAUUSD.s,cobra,26551110,H1,HOLD,HOLD,NONE,0,26.07692369569016,0,,,,,,,,,,,,,,,,0.31,0.31,5175.08,5178.75,5158.52,5177.92,,,,,,,,5128.952753096453,5170.717500000001,0.16767698717169432,,,,,,none,True,,,,,,,,,,,,,,no_pattern_at_sr
2026-03-10T07:45:24.506149+00:00,BTCUSD,cobra,26551110,H1,HOLD,HOLD,NONE,0,682.2272557749694,0,,,,,,,,,,,,,,,,16.95,16.95,69904.63,70519.04,69818.72,70272.8,,,,,,,,68427.36502871361,69746.06,0.23495103522055605,,,,,,none,True,,,,,,,,,,,,,,no_pattern_at_sr
2026-03-10T07:45:24.508389+00:00,USDJPY.s,cobra,26551110,H1,HOLD,HOLD,NONE,0,0.25371821733359196,0,,,,,,,,,,,,,,,,0.024,0.024,157.546,157.61,157.287,157.295,,,,,,,,157.93730853532392,157.47175,0.2611164491705326,,,,,,none,True,,,,,,,,,,,,,,no_pattern_at_sr
2026-03-10T07:45:24.510598+00:00,EURUSD.s,cobra,26551110,H1,HOLD,HOLD,NONE,0,0.0019789203118375964,0,,,,,,,,,,,,,,,,0.00019,0.00019,1.16316,1.16533,1.16269,1.1653,,,,,,,,1.1592541783586348,1.16383,0.3385684587661826,,,,,,none,True,,,,,,,,,,,,,,no_pattern_at_sr
2026-03-10T07:45:24.512066+00:00,XAUUSD.s,cobra,26551110,H1,HOLD,HOLD,NONE,0,26.07692369569016,0,,,,,,,,,,,,,,,,0.32,0.32,5175.08,5178.75,5158.52,5177.96,,,,,,,,5128.952753096453,5170.717500000001,0.16767698717169432,,,,,,none,True,,,,,,,,,,,,,,no_pattern_at_sr
2026-03-10T07:46:24.846533+00:00,BTCUSD,cobra,26551110,H1,HOLD,HOLD,NONE,0,682.2272557749694,0,,,,,,,,,,,,,,,,17.12,17.12,69904.63,70519.04,69818.72,70317.13,,,,,,,,68427.36502871361,69746.06,0.23495103522055605,,,,,,none,True,,,,,,,,,,,,,,no_pattern_at_sr
2026-03-10T07:46:24.848603+00:00,USDJPY.s,cobra,26551110,H1,HOLD,HOLD,NONE,0,0.25371821733359196,0,,,,,,,,,,,,,,,,0.024,0.024,157.546,157.61,157.287,157.306,,,,,,,,157.93730853532392,157.47175,0.2611164491705326,,,,,,none,True,,,,,,,,,,,,,,no_pattern_at_sr
2026-03-10T07:46:24.852692+00:00,EURUSD.s,cobra,26551110,H1,HOLD,HOLD,NONE,0,0.001991063168980454,0,,,,,,,,,,,,,,,,0.00019,0.00019,1.16316,1.1655,1.16269,1.16532,,,,,,,,1.1592541783586348,1.16383,0.33650363807544553,,,,,,none,True,,,,,,,,,,,,,,no_pattern_at_sr
2026-03-10T07:46:24.857500+00:00,XAUUSD.s,cobra,26551110,H1,HOLD,HOLD,NONE,0,26.07692369569016,0,,,,,,,,,,,,,,,,0.31,0.31,5175.08,5178.75,5158.52,5177.23,,,,,,,,5128.952753096453,5170.717500000001,0.16767698717169432,,,,,,none,True,,,,,,,,,,,,,,no_pattern_at_sr
2026-03-10T07:46:24.858125+00:00,USOUSD.s,cobra,26551110,H1,OUTSIDE_HOURS,OUTSIDE_HOURS,NONE,0,4.086771064798281,0,,,,,,,,,,,,,,,,0.079,0.079,89.829,90.029,86.159,86.599,,,,,,,,,,,,,,,,,,,,,,,,,,,,,,,
2026-03-10T07:46:55.316565+00:00,BTCUSD,cobra,26551110,H1,HOLD,HOLD,NONE,0,682.2272557749694,0,,,,,,,,,,,,,,,,16.94,16.94,69904.63,70519.04,69818.72,70345.29,,,,,,,,68427.36502871361,69746.06,0.23495103522055605,,,,,,none,True,,,,,,,,,,,,,,no_pattern_at_sr
2026-03-10T07:46:55.332671+00:00,USDJPY.s,cobra,26551110,H1,HOLD,HOLD,NONE,0,0.25371821733359196,0,,,,,,,,,,,,,,,,0.023,0.023,157.546,157.61,157.287,157.326,,,,,,,,157.93730853532392,157.47175,0.2611164491705326,,,,,,none,True,,,,,,,,,,,,,,no_pattern_at_sr
2026-03-10T07:46:55.334203+00:00,EURUSD.s,cobra,26551110,H1,HOLD,HOLD,NONE,0,0.001991063168980454,0,,,,,,,,,,,,,,,,0.00018,0.00018,1.16316,1.1655,1.16269,1.16514,,,,,,,,1.1592541783586348,1.16383,0.33650363807544553,,,,,,none,True,,,,,,,,,,,,,,no_pattern_at_sr
2026-03-10T07:46:55.335895+00:00,XAUUSD.s,cobra,26551110,H1,HOLD,HOLD,NONE,0,26.07692369569016,0,,,,,,,,,,,,,,,,0.32,0.32,5175.08,5178.75,5158.52,5175.77,,,,,,,,5128.952753096453,5170.717500000001,0.16767698717169432,,,,,,none,True,,,,,,,,,,,,,,no_pattern_at_sr
2026-03-10T07:46:55.336327+00:00,USOUSD.s,cobra,26551110,H1,OUTSIDE_HOURS,OUTSIDE_HOURS,NONE,0,4.086771064798281,0,,,,,,,,,,,,,,,,0.099,0.099,89.829,90.029,86.159,86.444,,,,,,,,,,,,,,,,,,,,,,,,,,,,,,,
2026-03-10T07:47:55.746622+00:00,BTCUSD,cobra,26551110,H1,HOLD,HOLD,NONE,0,682.2272557749694,0,,,,,,,,,,,,,,,,17.11,17.11,69904.63,70519.04,69818.72,70354.28,,,,,,,,68427.36502871361,69746.06,0.23495103522055605,,,,,,none,True,,,,,,,,,,,,,,no_pattern_at_sr
2026-03-10T07:47:55.748226+00:00,USDJPY.s,cobra,26551110,H1,HOLD,HOLD,NONE,0,0.25371821733359196,0,,,,,,,,,,,,,,,,0.024,0.024,157.546,157.61,157.287,157.308,,,,,,,,157.93730853532392,157.47175,0.2611164491705326,,,,,,none,True,,,,,,,,,,,,,,no_pattern_at_sr
2026-03-10T07:47:55.749870+00:00,EURUSD.s,cobra,26551110,H1,HOLD,HOLD,NONE,0,0.001991063168980454,0,,,,,,,,,,,,,,,,0.00019,0.00019,1.16316,1.1655,1.16269,1.16534,,,,,,,,1.1592541783586348,1.16383,0.33650363807544553,,,,,,none,True,,,,,,,,,,,,,,no_pattern_at_sr
2026-03-10T07:47:55.751281+00:00,XAUUSD.s,cobra,26551110,H1,HOLD,HOLD,NONE,0,26.07692369569016,0,,,,,,,,,,,,,,,,0.33,0.33,5175.08,5178.75,5158.52,5177.24,,,,,,,,5128.952753096453,5170.717500000001,0.16767698717169432,,,,,,none,True,,,,,,,,,,,,,,no_pattern_at_sr
2026-03-10T07:48:56.128638+00:00,BTCUSD,cobra,26551110,H1,HOLD,HOLD,NONE,0,682.2272557749694,0,,,,,,,,,,,,,,,,17.07,17.07,69904.63,70519.04,69818.72,70338.1,,,,,,,,68427.36502871361,69746.06,0.23495103522055605,,,,,,none,True,,,,,,,,,,,,,,no_pattern_at_sr
2026-03-10T07:48:56.130077+00:00,USDJPY.s,cobra,26551110,H1,HOLD,HOLD,NONE,0,0.25371821733359196,0,,,,,,,,,,,,,,,,0.023,0.023,157.546,157.61,157.287,157.295,,,,,,,,157.93730853532392,157.47175,0.2611164491705326,,,,,,none,True,,,,,,,,,,,,,,no_pattern_at_sr
2026-03-10T07:48:56.131336+00:00,EURUSD.s,cobra,26551110,H1,HOLD,HOLD,NONE,0,0.001991063168980454,0,,,,,,,,,,,,,,,,0.00018,0.00018,1.16316,1.1655,1.16269,1.16544,,,,,,,,1.1592541783586348,1.16383,0.33650363807544553,,,,,,none,True,,,,,,,,,,,,,,no_pattern_at_sr
2026-03-10T07:48:56.133034+00:00,XAUUSD.s,cobra,26551110,H1,HOLD,HOLD,NONE,0,26.07692369569016,0,,,,,,,,,,,,,,,,0.3,0.3,5175.08,5178.75,5158.52,5176.92,,,,,,,,5128.952753096453,5170.717500000001,0.16767698717169432,,,,,,none,True,,,,,,,,,,,,,,no_pattern_at_sr
2026-03-10T07:49:56.483682+00:00,BTCUSD,cobra,26551110,H1,HOLD,HOLD,NONE,0,682.2272557749694,0,,,,,,,,,,,,,,,,17.04,17.04,69904.63,70519.04,69818.72,70408.55,,,,,,,,68427.36502871361,69746.06,0.23495103522055605,,,,,,none,True,,,,,,,,,,,,,,no_pattern_at_sr
2026-03-10T07:49:56.485156+00:00,USDJPY.s,cobra,26551110,H1,HOLD,HOLD,NONE,0,0.2550753601907352,0,,,,,,,,,,,,,,,,0.024,0.024,157.546,157.61,157.268,157.284,,,,,,,,157.93730853532392,157.47175,0.2597271643583524,,,,,,none,True,,,,,,,,,,,,,,no_pattern_at_sr
2026-03-10T07:49:56.486582+00:00,EURUSD.s,cobra,26551110,H1,HOLD,HOLD,NONE,0,0.002004634597551892,0,,,,,,,,,,,,,,,,0.0002,0.0002,1.16316,1.1656900000000001,1.16269,1.16564,,,,,,,,1.1592541783586348,1.16383,0.3342254996587251,,,,,,none,True,,,,,,,,,,,,,,no_pattern_at_sr
2026-03-10T07:49:56.488128+00:00,XAUUSD.s,cobra,26551110,H1,HOLD,HOLD,NONE,0,26.099780838547282,0,,,,,,,,,,,,,,,,0.33,0.33,5175.08,5179.07,5158.52,5177.97,,,,,,,,5128.952753096453,5170.717500000001,0.16753014238118272,,,,,,none,True,,,,,,,,,,,,,,no_pattern_at_sr
2026-03-10T07:50:56.817776+00:00,BTCUSD,cobra,26551110,H1,HOLD,HOLD,NONE,0,682.2272557749694,0,,,,,,,,,,,,,,,,17.07,17.07,69904.63,70519.04,69818.72,70467.21,,,,,,,,68427.36502871361,69746.06,0.23495103522055605,,,,,,none,True,,,,,,,,,,,,,,no_pattern_at_sr
2026-03-10T07:50:56.819435+00:00,USDJPY.s,cobra,26551110,H1,HOLD,HOLD,NONE,0,0.2550753601907352,0,,,,,,,,,,,,,,,,0.024,0.024,157.546,157.61,157.268,157.273,,,,,,,,157.93730853532392,157.47175,0.2597271643583524,,,,,,none,True,,,,,,,,,,,,,,no_pattern_at_sr
2026-03-10T07:50:56.821194+00:00,EURUSD.s,cobra,26551110,H1,HOLD,HOLD,NONE,0,0.0020182060261233147,0,,,,,,,,,,,,,,,,0.0002,0.0002,1.16316,1.16588,1.16269,1.16585,,,,,,,,1.1592541783586348,1.16383,0.33197799993042465,,,,,,none,True,,,,,,,,,,,,,,no_pattern_at_sr
2026-03-10T07:50:56.822704+00:00,XAUUSD.s,cobra,26551110,H1,HOLD,HOLD,NONE,0,26.119780838547328,0,,,,,,,,,,,,,,,,0.32,0.32,5175.08,5179.35,5158.52,5178.83,,,,,,,,5128.952753096453,5170.717500000001,0.1674018640135983,,,,,,none,True,,,,,,,,,,,,,,no_pattern_at_sr
2026-03-10T07:51:57.161373+00:00,BTCUSD,cobra,26551110,H1,HOLD,HOLD,NONE,0,682.2272557749694,0,,,,,,,,,,,,,,,,16.96,16.96,69904.63,70519.04,69818.72,70413.02,,,,,,,,68427.36502871361,69746.06,0.23495103522055605,,,,,,none,True,,,,,,,,,,,,,,no_pattern_at_sr
2026-03-10T07:51:57.162681+00:00,USDJPY.s,cobra,26551110,H1,HOLD,HOLD,NONE,0,0.2553610744764488,0,,,,,,,,,,,,,,,,0.023,0.023,157.546,157.61,157.264,157.274,,,,,,,,157.93730853532392,157.47175,0.25943656501231965,,,,,,none,True,,,,,,,,,,,,,,no_pattern_at_sr
2026-03-10T07:51:57.164087+00:00,EURUSD.s,cobra,26551110,H1,HOLD,HOLD,NONE,0,0.0020424917404090292,0,,,,,,,,,,,,,,,,0.00019,0.00019,1.16316,1.16622,1.16269,1.16619,,,,,,,,1.1592541783586348,1.16383,0.3280307022763158,,,,,,none,True,,,,,,,,,,,,,,no_pattern_at_sr
2026-03-10T07:51:57.165339+00:00,XAUUSD.s,cobra,26551110,H1,HOLD,HOLD,NONE,0,26.119780838547328,0,,,,,,,,,,,,,,,,0.34,0.34,5175.08,5179.35,5158.52,5179.03,,,,,,,,5128.952753096453,5170.717500000001,0.1674018640135983,,,,,,none,True,,,,,,,,,,,,,,no_pattern_at_sr
2026-03-10T07:52:57.498282+00:00,BTCUSD,cobra,26551110,H1,HOLD,HOLD,NONE,0,682.2272557749694,0,,,,,,,,,,,,,,,,16.95,16.95,69904.63,70519.04,69818.72,70418.44,,,,,,,,68427.36502871361,69746.06,0.23495103522055605,,,,,,none,True,,,,,,,,,,,,,,no_pattern_at_sr
2026-03-10T07:52:57.499783+00:00,USDJPY.s,cobra,26551110,H1,HOLD,HOLD,NONE,0,0.2553610744764488,0,,,,,,,,,,,,,,,,0.024,0.024,157.546,157.61,157.264,157.271,,,,,,,,157.93730853532392,157.47175,0.25943656501231965,,,,,,none,True,,,,,,,,,,,,,,no_pattern_at_sr
2026-03-10T07:52:57.501150+00:00,EURUSD.s,cobra,26551110,H1,HOLD,HOLD,NONE,0,0.002045348883266175,0,,,,,,,,,,,,,,,,0.00019,0.00019,1.16316,1.16626,1.16269,1.1661,,,,,,,,1.1592541783586348,1.16383,0.3275724769898617,,,,,,none,True,,,,,,,,,,,,,,no_pattern_at_sr
2026-03-10T07:52:57.502558+00:00,XAUUSD.s,cobra,26551110,H1,HOLD,HOLD,NONE,0,26.123352267118705,0,,,,,,,,,,,,,,,,0.34,0.34,5175.08,5179.4,5158.52,5178.02,,,,,,,,5128.952753096453,5170.717500000001,0.16737897783138378,,,,,,none,True,,,,,,,,,,,,,,no_pattern_at_sr
2026-03-10T07:53:57.831057+00:00,BTCUSD,cobra,26551110,H1,HOLD,HOLD,NONE,0,682.2272557749694,0,,,,,,,,,,,,,,,,17.06,17.06,69904.63,70519.04,69818.72,70356.42,,,,,,,,68427.36502871361,69746.06,0.23495103522055605,,,,,,none,True,,,,,,,,,,,,,,no_pattern_at_sr
2026-03-10T07:53:57.832595+00:00,USDJPY.s,cobra,26551110,H1,HOLD,HOLD,NONE,0,0.2553610744764488,0,,,,,,,,,,,,,,,,0.023,0.023,157.546,157.61,157.264,157.279,,,,,,,,157.93730853532392,157.47175,0.25943656501231965,,,,,,none,True,,,,,,,,,,,,,,no_pattern_at_sr
2026-03-10T07:53:57.834129+00:00,EURUSD.s,cobra,26551110,H1,HOLD,HOLD,NONE,0,0.002045348883266175,0,,,,,,,,,,,,,,,,0.00019,0.00019,1.16316,1.16626,1.16269,1.16605,,,,,,,,1.1592541783586348,1.16383,0.3275724769898617,,,,,,none,True,,,,,,,,,,,,,,no_pattern_at_sr
2026-03-10T07:53:57.835773+00:00,XAUUSD.s,cobra,26551110,H1,HOLD,HOLD,NONE,0,26.126209409975846,0,,,,,,,,,,,,,,,,0.34,0.34,5175.08,5179.44,5158.52,5178.8,,,,,,,,5128.952753096453,5170.717500000001,0.16736067339068048,,,,,,none,True,,,,,,,,,,,,,,no_pattern_at_sr
2026-03-10T07:54:58.172121+00:00,BTCUSD,cobra,26551110,H1,HOLD,HOLD,NONE,0,682.2272557749694,0,,,,,,,,,,,,,,,,16.95,16.95,69904.63,70519.04,69818.72,70349.65,,,,,,,,68427.36502871361,69746.06,0.23495103522055605,,,,,,none,True,,,,,,,,,,,,,,no_pattern_at_sr
2026-03-10T07:54:58.173571+00:00,USDJPY.s,cobra,26551110,H1,HOLD,HOLD,NONE,0,0.2553610744764488,0,,,,,,,,,,,,,,,,0.025,0.025,157.546,157.61,157.264,157.329,,,,,,,,157.93730853532392,157.47175,0.25943656501231965,,,,,,none,True,,,,,,,,,,,,,,no_pattern_at_sr
2026-03-10T07:54:58.175068+00:00,EURUSD.s,cobra,26551110,H1,HOLD,HOLD,NONE,0,0.002045348883266175,0,,,,,,,,,,,,,,,,0.00019,0.00019,1.16316,1.16626,1.16269,1.1656,,,,,,,,1.1592541783586348,1.16383,0.3275724769898617,,,,,,none,True,,,,,,,,,,,,,,no_pattern_at_sr
2026-03-10T07:54:58.176284+00:00,XAUUSD.s,cobra,26551110,H1,HOLD,HOLD,NONE,0,26.126209409975846,0,,,,,,,,,,,,,,,,0.34,0.34,5175.08,5179.44,5158.52,5177.68,,,,,,,,5128.952753096453,5170.717500000001,0.16736067339068048,,,,,,none,True,,,,,,,,,,,,,,no_pattern_at_sr
2026-03-10T07:55:58.533396+00:00,BTCUSD,cobra,26551110,H1,HOLD,HOLD,NONE,0,682.2272557749694,0,,,,,,,,,,,,,,,,17.08,17.08,69904.63,70519.04,69818.72,70385.4,,,,,,,,68427.36502871361,69746.06,0.23495103522055605,,,,,,none,True,,,,,,,,,,,,,,no_pattern_at_sr
2026-03-10T07:55:58.534692+00:00,USDJPY.s,cobra,26551110,H1,HOLD,HOLD,NONE,0,0.2553610744764488,0,,,,,,,,,,,,,,,,0.025,0.025,157.546,157.61,157.264,157.326,,,,,,,,157.93730853532392,157.47175,0.25943656501231965,,,,,,none,True,,,,,,,,,,,,,,no_pattern_at_sr
2026-03-10T07:55:58.536165+00:00,EURUSD.s,cobra,26551110,H1,HOLD,HOLD,NONE,0,0.002045348883266175,0,,,,,,,,,,,,,,,,0.00019,0.00019,1.16316,1.16626,1.16269,1.16538,,,,,,,,1.1592541783586348,1.16383,0.3275724769898617,,,,,,none,True,,,,,,,,,,,,,,no_pattern_at_sr
2026-03-10T07:55:58.537557+00:00,XAUUSD.s,cobra,26551110,H1,HOLD,HOLD,NONE,0,26.126209409975846,0,,,,,,,,,,,,,,,,0.33,0.33,5175.08,5179.44,5158.52,5178.44,,,,,,,,5128.952753096453,5170.717500000001,0.16736067339068048,,,,,,none,True,,,,,,,,,,,,,,no_pattern_at_sr
2026-03-10T07:56:58.884479+00:00,BTCUSD,cobra,26551110,H1,HOLD,HOLD,NONE,0,682.2272557749694,0,,,,,,,,,,,,,,,,16.95,16.95,69904.63,70519.04,69818.72,70312.76,,,,,,,,68427.36502871361,69746.06,0.23495103522055605,,,,,,none,True,,,,,,,,,,,,,,no_pattern_at_sr
2026-03-10T07:56:58.886957+00:00,USDJPY.s,cobra,26551110,H1,HOLD,HOLD,NONE,0,0.2553610744764488,0,,,,,,,,,,,,,,,,0.024,0.024,157.546,157.61,157.264,157.312,,,,,,,,157.93730853532392,157.47175,0.25943656501231965,,,,,,none,True,,,,,,,,,,,,,,no_pattern_at_sr
2026-03-10T07:56:58.888899+00:00,EURUSD.s,cobra,26551110,H1,HOLD,HOLD,NONE,0,0.002045348883266175,0,,,,,,,,,,,,,,,,0.00019,0.00019,1.16316,1.16626,1.16269,1.16557,,,,,,,,1.1592541783586348,1.16383,0.3275724769898617,,,,,,none,True,,,,,,,,,,,,,,no_pattern_at_sr
2026-03-10T07:56:58.890960+00:00,XAUUSD.s,cobra,26551110,H1,HOLD,HOLD,NONE,0,26.12835226711875,0,,,,,,,,,,,,,,,,0.33,0.33,5175.08,5179.47,5158.52,5178.95,,,,,,,,5128.952753096453,5170.717500000001,0.16734694768724728,,,,,,none,True,,,,,,,,,,,,,,no_pattern_at_sr
2026-03-10T07:56:58.891322+00:00,USOUSD.s,cobra,26551110,H1,OUTSIDE_HOURS,OUTSIDE_HOURS,NONE,0,4.088271064798281,0,,,,,,,,,,,,,,,,0.079,0.079,89.829,90.029,86.138,86.508,,,,,,,,,,,,,,,,,,,,,,,,,,,,,,,
2026-03-10T07:57:59.224620+00:00,BTCUSD,cobra,26551110,H1,HOLD,HOLD,NONE,0,682.2272557749694,0,,,,,,,,,,,,,,,,17.0,17.0,69904.63,70519.04,69818.72,70334.14,,,,,,,,68427.36502871361,69746.06,0.23495103522055605,,,,,,none,True,,,,,,,,,,,,,,no_pattern_at_sr
2026-03-10T07:57:59.225918+00:00,USDJPY.s,cobra,26551110,H1,HOLD,HOLD,NONE,0,0.2553610744764488,0,,,,,,,,,,,,,,,,0.025,0.025,157.546,157.61,157.264,157.331,,,,,,,,157.93730853532392,157.47175,0.25943656501231965,,,,,,none,True,,,,,,,,,,,,,,no_pattern_at_sr
2026-03-10T07:57:59.227538+00:00,EURUSD.s,cobra,26551110,H1,HOLD,HOLD,NONE,0,0.002045348883266175,0,,,,,,,,,,,,,,,,0.00019,0.00019,1.16316,1.16626,1.16269,1.16555,,,,,,,,1.1592541783586348,1.16383,0.3275724769898617,,,,,,none,True,,,,,,,,,,,,,,no_pattern_at_sr
2026-03-10T07:57:59.229022+00:00,XAUUSD.s,cobra,26551110,H1,HOLD,HOLD,NONE,0,26.12835226711875,0,,,,,,,,,,,,,,,,0.31,0.31,5175.08,5179.47,5158.52,5178.88,,,,,,,,5128.952753096453,5170.717500000001,0.16734694768724728,,,,,,none,True,,,,,,,,,,,,,,no_pattern_at_sr
2026-03-10T07:58:59.563848+00:00,BTCUSD,cobra,26551110,H1,HOLD,HOLD,NONE,0,682.2272557749694,0,,,,,,,,,,,,,,,,17.04,17.04,69904.63,70519.04,69818.72,70317.42,,,,,,,,68427.36502871361,69746.06,0.23495103522055605,,,,,,none,True,,,,,,,,,,,,,,no_pattern_at_sr
2026-03-10T07:58:59.565187+00:00,USDJPY.s,cobra,26551110,H1,HOLD,HOLD,NONE,0,0.2553610744764488,0,,,,,,,,,,,,,,,,0.023,0.023,157.546,157.61,157.264,157.333,,,,,,,,157.93730853532392,157.47175,0.25943656501231965,,,,,,none,True,,,,,,,,,,,,,,no_pattern_at_sr
2026-03-10T07:58:59.566662+00:00,EURUSD.s,cobra,26551110,H1,HOLD,HOLD,NONE,0,0.002045348883266175,0,,,,,,,,,,,,,,,,0.00018,0.00018,1.16316,1.16626,1.16269,1.1657,,,,,,,,1.1592541783586348,1.16383,0.3275724769898617,,,,,,none,True,,,,,,,,,,,,,,no_pattern_at_sr
2026-03-10T07:58:59.568043+00:00,XAUUSD.s,cobra,26551110,H1,HOLD,HOLD,NONE,0,26.12835226711875,0,,,,,,,,,,,,,,,,0.33,0.33,5175.08,5179.47,5158.52,5178.72,,,,,,,,5128.952753096453,5170.717500000001,0.16734694768724728,,,,,,none,True,,,,,,,,,,,,,,no_pattern_at_sr
2026-03-10T07:59:59.918153+00:00,BTCUSD,cobra,26551110,H1,HOLD,HOLD,NONE,0,682.2272557749694,0,,,,,,,,,,,,,,,,17.07,17.07,69904.63,70519.04,69818.72,70401.97,,,,,,,,68427.36502871361,69746.06,0.23495103522055605,,,,,,none,True,,,,,,,,,,,,,,no_pattern_at_sr
2026-03-10T07:59:59.919569+00:00,USDJPY.s,cobra,26551110,H1,HOLD,HOLD,NONE,0,0.2553610744764488,0,,,,,,,,,,,,,,,,0.023,0.023,157.546,157.61,157.264,157.295,,,,,,,,157.93730853532392,157.47175,0.25943656501231965,,,,,,none,True,,,,,,,,,,,,,,no_pattern_at_sr
2026-03-10T07:59:59.921047+00:00,EURUSD.s,cobra,26551110,H1,HOLD,HOLD,NONE,0,0.002045348883266175,0,,,,,,,,,,,,,,,,0.00019,0.00019,1.16316,1.16626,1.16269,1.16599,,,,,,,,1.1592541783586348,1.16383,0.3275724769898617,,,,,,none,True,,,,,,,,,,,,,,no_pattern_at_sr
2026-03-10T07:59:59.922572+00:00,XAUUSD.s,cobra,26551110,H1,HOLD,HOLD,NONE,0,26.25335226711875,0,,,,,,,,,,,,,,,,0.31,0.31,5175.08,5181.22,5158.52,5180.96,,,,,,,,5128.952753096453,5167.3533333333335,0.2946925248992502,,,,,,none,True,,,,,,,,,,,,,,no_pattern_at_sr
2026-03-10T08:01:00.322606+00:00,BTCUSD,cobra,26551110,H1,BUY,BUY,ENGULFING,0.75,639.1209980113431,0,,,,,,,,,,,,,,,,17.11,17.11,70402.42,70479.34,70400.6,70465.15,,,,,,,,68504.9792026268,,,BULLISH_ENGULF,,,0.7781625099902754,,BULLISH_ENGULF,False,,,,,,,,,,,,,,
2026-03-10T08:01:01.327578+00:00,BTCUSD,cobra,26551110,H1,BUY_EXECUTED,BUY_EXECUTED,ENGULFING,0.75,639.1209980113431,1,70482.26,69293.4949436989,,74048.55516890329,,0.01,290555277,,,,,,,150.0,179.77,16.95,16.95,70402.42,70479.34,70400.6,70465.15,,,,,,,,68504.9792026268,,,BULLISH_ENGULF,,,0.7781625099902754,,,,,,,,,,,,,,,,,
2026-03-10T08:01:01.692794+00:00,USDJPY.s,cobra,26551110,H1,HOLD,HOLD,NONE,0,0.24040670648566756,0,,,,,,,,,,,,,,,,0.032,0.032,157.289,157.335,157.289,157.303,,,,,,,,157.91215693627288,157.3155,0.08527216357510628,,,,,,none,True,,,,,,,,,,,,,,no_pattern_at_sr
2026-03-10T08:01:01.707098+00:00,EURUSD.s,cobra,26551110,H1,HOLD,HOLD,NONE,0,0.0019335382159749843,0,,,,,,,,,,,,,,,,0.00018,0.00018,1.16596,1.16596,1.16551,1.1656900000000001,,,,,,,,1.159517979444266,1.16626,0.13964037419547215,,,,,,none,True,,,,,,,,,,,,,,no_pattern_at_sr
2026-03-10T08:01:01.721901+00:00,XAUUSD.s,cobra,26551110,H1,HOLD,HOLD,NONE,0,24.700256166378615,0,,,,,,,,,,,,,,,,0.31,0.31,5180.96,5185.24,5180.73,5181.76,,,,,,,,5130.990001806596,5177.663333333334,0.13306204779931316,,,,,,none,True,,,,,,,,,,,,,,no_pattern_at_sr
2026-03-10T08:02:02.068739+00:00,USDJPY.s,cobra,26551110,H1,HOLD,HOLD,NONE,0,0.24040670648566756,0,,,,,,,,,,,,,,,,0.025,0.025,157.289,157.335,157.289,157.308,,,,,,,,157.91215693627288,157.3155,0.08527216357510628,,,,,,none,True,,,,,,,,,,,,,,no_pattern_at_sr
2026-03-10T08:02:02.084648+00:00,EURUSD.s,cobra,26551110,H1,HOLD,HOLD,NONE,0,0.0019413953588321153,0,,,,,,,,,,,,,,,,0.00018,0.00018,1.16596,1.1661,1.16551,1.16589,,,,,,,,1.159517979444266,1.16626,0.1390752268834187,,,,,,none,True,,,,,,,,,,,,,,no_pattern_at_sr
2026-03-10T08:02:02.099232+00:00,XAUUSD.s,cobra,26551110,H1,HOLD,HOLD,NONE,0,24.700256166378615,0,,,,,,,,,,,,,,,,0.32,0.32,5180.96,5185.24,5180.73,5180.88,,,,,,,,5130.990001806596,5177.663333333334,0.13306204779931316,,,,,,none,True,,,,,,,,,,,,,,no_pattern_at_sr
2026-03-10T08:03:02.450977+00:00,USDJPY.s,cobra,26551110,H1,HOLD,HOLD,NONE,0,0.24040670648566756,0,,,,,,,,,,,,,,,,0.024,0.024,157.289,157.335,157.289,157.322,,,,,,,,157.91215693627288,157.3155,0.08527216357510628,,,,,,none,True,,,,,,,,,,,,,,no_pattern_at_sr
2026-03-10T08:03:02.465476+00:00,EURUSD.s,cobra,26551110,H1,HOLD,HOLD,NONE,0,0.0019413953588321153,0,,,,,,,,,,,,,,,,0.00019,0.00019,1.16596,1.1661,1.16551,1.16567,,,,,,,,1.159517979444266,1.16626,0.1390752268834187,,,,,,none,True,,,,,,,,,,,,,,no_pattern_at_sr
2026-03-10T08:03:02.479738+00:00,XAUUSD.s,cobra,26551110,H1,HOLD,HOLD,NONE,0,24.850256166378575,0,,,,,,,,,,,,,,,,0.34,0.34,5180.96,5185.24,5178.63,5179.75,,,,,,,,5130.990001806596,5177.663333333334,0.13225886464352357,,,,,,none,True,,,,,,,,,,,,,,no_pattern_at_sr
2026-03-10T08:04:02.916420+00:00,USDJPY.s,cobra,26551110,H1,HOLD,HOLD,NONE,0,0.24312099219995204,0,,,,,,,,,,,,,,,,0.024,0.024,157.289,157.373,157.289,157.358,,,,,,,,157.91215693627288,157.3155,0.08432015604451969,,,,,,none,True,,,,,,,,,,,,,,no_pattern_at_sr
2026-03-10T08:04:02.930813+00:00,EURUSD.s,cobra,26551110,H1,HOLD,HOLD,NONE,0,0.0019535382159749726,0,,,,,,,,,,,,,,,,0.00018,0.00018,1.16596,1.1661,1.16534,1.16539,,,,,,,,1.159517979444266,1.16626,0.13821075922246076,,,,,,none,True,,,,,,,,,,,,,,no_pattern_at_sr
2026-03-10T08:04:02.944895+00:00,XAUUSD.s,cobra,26551110,H1,HOLD,HOLD,NONE,0,24.92239902352145,0,,,,,,,,,,,,,,,,0.32,0.32,5180.96,5185.24,5177.62,5179.07,,,,,,,,5130.990001806596,5177.663333333334,0.13187601496806292,,,,,,none,True,,,,,,,,,,,,,,no_pattern_at_sr
2026-03-10T08:05:03.335728+00:00,USDJPY.s,cobra,26551110,H1,HOLD,HOLD,NONE,0,0.24312099219995204,0,,,,,,,,,,,,,,,,0.024,0.024,157.289,157.373,157.289,157.327,,,,,,,,157.91215693627288,157.3155,0.08432015604451969,,,,,,none,True,,,,,,,,,,,,,,no_pattern_at_sr
2026-03-10T08:05:03.350366+00:00,EURUSD.s,cobra,26551110,H1,HOLD,HOLD,NONE,0,0.0019535382159749726,0,,,,,,,,,,,,,,,,0.00018,0.00018,1.16596,1.1661,1.16534,1.16553,,,,,,,,1.159517979444266,1.16626,0.13821075922246076,,,,,,none,True,,,,,,,,,,,,,,no_pattern_at_sr
2026-03-10T08:05:03.364913+00:00,XAUUSD.s,cobra,26551110,H1,HOLD,HOLD,NONE,0,24.965970452092854,0,,,,,,,,,,,,,,,,0.31,0.31,5180.96,5185.24,5177.01,5177.26,,,,,,,,5130.990001806596,5177.663333333334,0.1316458606314835,,,,,,none,True,,,,,,,,,,,,,,no_pattern_at_sr
2026-03-10T08:06:03.714623+00:00,USDJPY.s,cobra,26551110,H1,HOLD,HOLD,NONE,0,0.2455495636285249,0,,,,,,,,,,,,,,,,0.023,0.023,157.289,157.407,157.289,157.407,,,,,,,,157.91215693627288,157.3155,0.08348620008550067,,,,,,none,True,,,,,,,,,,,,,,no_pattern_at_sr
2026-03-10T08:06:03.728900+00:00,EURUSD.s,cobra,26551110,H1,HOLD,HOLD,NONE,0,0.0019828239302606882,0,,,,,,,,,,,,,,,,0.00019,0.00019,1.16596,1.1661,1.16493,1.16493,,,,,,,,1.159517979444266,1.16626,0.13616942779407282,,,,,,none,True,,,,,,,,,,,,,,no_pattern_at_sr
2026-03-10T08:06:03.743353+00:00,XAUUSD.s,cobra,26551110,H1,HOLD,HOLD,NONE,0,25.030256166378607,0,,,,,,,,,,,,,,,,0.31,0.31,5180.96,5185.24,5176.11,5178.34,,,,,,,,5130.990001806596,5177.663333333334,0.13130775189910765,,,,,,none,True,,,,,,,,,,,,,,no_pattern_at_sr
2026-03-10T08:07:04.110820+00:00,USDJPY.s,cobra,26551110,H1,HOLD,HOLD,NONE,0,0.24754956362852432,0,,,,,,,,,,,,,,,,0.024,0.024,157.289,157.435,157.289,157.425,,,,,,,,157.91215693627288,157.3155,0.08281169919879536,,,,,,none,True,,,,,,,,,,,,,,no_pattern_at_sr
2026-03-10T08:07:04.129258+00:00,EURUSD.s,cobra,26551110,H1,HOLD,HOLD,NONE,0,0.0019863953588321243,0,,,,,,,,,,,,,,,,0.00018,0.00018,1.16596,1.1661,1.16488,1.16504,,,,,,,,1.159517979444266,1.16626,0.13592460272296222,,,,,,none,True,,,,,,,,,,,,,,no_pattern_at_sr
2026-03-10T08:07:04.145333+00:00,XAUUSD.s,cobra,26551110,H1,HOLD,HOLD,NONE,0,25.108113309235694,0,,,,,,,,,,,,,,,,0.3,0.3,5180.96,5185.24,5175.02,5175.92,,,,,,,,5130.990001806596,5177.663333333334,0.13090058285888784,,,,,,none,True,,,,,,,,,,,,,,no_pattern_at_sr
2026-03-10T08:07:04.145755+00:00,USOUSD.s,cobra,26551110,H1,OUTSIDE_HOURS,OUTSIDE_HOURS,NONE,0,3.938073133146295,0,,,,,,,,,,,,,,,,0.079,0.079,85.809,86.684,85.264,86.664,,,,,,,,,,,,,,,,,,,,,,,,,,,,,,,
2026-03-10T08:08:04.511703+00:00,USDJPY.s,cobra,26551110,H1,HOLD,HOLD,NONE,0,0.24819242077138046,0,,,,,,,,,,,,,,,,0.023,0.023,157.289,157.444,157.289,157.441,,,,,,,,157.91215693627288,157.3155,0.08259720396088059,,,,,,none,True,,,,,,,,,,,,,,no_pattern_at_sr
2026-03-10T08:08:04.526063+00:00,EURUSD.s,cobra,26551110,H1,HOLD,HOLD,NONE,0,0.0019863953588321243,0,,,,,,,,,,,,,,,,0.00019,0.00019,1.16596,1.1661,1.16488,1.1651,,,,,,,,1.159517979444266,1.16626,0.13592460272296222,,,,,,none,True,,,,,,,,,,,,,,no_pattern_at_sr
2026-03-10T08:08:04.543593+00:00,XAUUSD.s,cobra,26551110,H1,HOLD,HOLD,NONE,0,25.108113309235694,0,,,,,,,,,,,,,,,,0.31,0.31,5180.96,5185.24,5175.02,5178.15,,,,,,,,5130.990001806596,5177.663333333334,0.13090058285888784,,,,,,none,True,,,,,,,,,,,,,,no_pattern_at_sr
2026-03-10T08:09:04.907176+00:00,USDJPY.s,cobra,26551110,H1,HOLD,HOLD,NONE,0,0.24919242077138118,0,,,,,,,,,,,,,,,,0.024,0.024,157.289,157.458,157.289,157.454,,,,,,,,157.91215693627288,157.3155,0.08226574442569386,,,,,,none,True,,,,,,,,,,,,,,no_pattern_at_sr
2026-03-10T08:09:04.922405+00:00,EURUSD.s,cobra,26551110,H1,HOLD,HOLD,NONE,0,0.0019863953588321243,0,,,,,,,,,,,,,,,,0.00019,0.00019,1.16596,1.1661,1.16488,1.1651,,,,,,,,1.159517979444266,1.16626,0.13592460272296222,,,,,,none,True,,,,,,,,,,,,,,no_pattern_at_sr
2026-03-10T08:09:04.937676+00:00,XAUUSD.s,cobra,26551110,H1,HOLD,HOLD,NONE,0,25.108113309235694,0,,,,,,,,,,,,,,,,0.32,0.32,5180.96,5185.24,5175.02,5180.02,,,,,,,,5130.990001806596,5177.663333333334,0.13090058285888784,,,,,,none,True,,,,,,,,,,,,,,no_pattern_at_sr
2026-03-10T08:10:05.323094+00:00,USDJPY.s,cobra,26551110,H1,HOLD,HOLD,NONE,0,0.2494067064856679,0,,,,,,,,,,,,,,,,0.024,0.024,157.289,157.461,157.289,157.446,,,,,,,,157.91215693627288,157.3155,0.08219506319160041,,,,,,none,True,,,,,,,,,,,,,,no_pattern_at_sr
2026-03-10T08:10:05.337621+00:00,EURUSD.s,cobra,26551110,H1,HOLD,HOLD,NONE,0,0.0019863953588321243,0,,,,,,,,,,,,,,,,0.00019,0.00019,1.16596,1.1661,1.16488,1.16525,,,,,,,,1.159517979444266,1.16626,0.13592460272296222,,,,,,none,True,,,,,,,,,,,,,,no_pattern_at_sr
2026-03-10T08:10:05.352707+00:00,XAUUSD.s,cobra,26551110,H1,HOLD,HOLD,NONE,0,25.108113309235694,0,,,,,,,,,,,,,,,,0.31,0.31,5180.96,5185.24,5175.02,5182.78,,,,,,,,5130.990001806596,5177.663333333334,0.13090058285888784,,,,,,none,True,,,,,,,,,,,,,,no_pattern_at_sr
2026-03-10T08:11:05.737185+00:00,USDJPY.s,cobra,26551110,H1,HOLD,HOLD,NONE,0,0.2501924207713819,0,,,,,,,,,,,,,,,,0.024,0.024,157.289,157.472,157.289,157.457,,,,,,,,157.91215693627288,157.3155,0.08193693452740791,,,,,,none,True,,,,,,,,,,,,,,no_pattern_at_sr
2026-03-10T08:11:05.751774+00:00,EURUSD.s,cobra,26551110,H1,HOLD,HOLD,NONE,0,0.0019863953588321243,0,,,,,,,,,,,,,,,,0.00019,0.00019,1.16596,1.1661,1.16488,1.16509,,,,,,,,1.159517979444266,1.16626,0.13592460272296222,,,,,,none,True,,,,,,,,,,,,,,no_pattern_at_sr
2026-03-10T08:11:05.766213+00:00,XAUUSD.s,cobra,26551110,H1,HOLD,HOLD,NONE,0,25.108113309235694,0,,,,,,,,,,,,,,,,0.34,0.34,5180.96,5185.24,5175.02,5181.57,,,,,,,,5130.990001806596,5177.663333333334,0.13090058285888784,,,,,,none,True,,,,,,,,,,,,,,no_pattern_at_sr
2026-03-10T08:12:06.161826+00:00,USDJPY.s,cobra,26551110,H1,HOLD,HOLD,NONE,0,0.2501924207713819,0,,,,,,,,,,,,,,,,0.025,0.025,157.289,157.472,157.289,157.457,,,,,,,,157.91215693627288,157.3155,0.08193693452740791,,,,,,none,True,,,,,,,,,,,,,,no_pattern_at_sr
2026-03-10T08:12:06.177777+00:00,EURUSD.s,cobra,26551110,H1,HOLD,HOLD,NONE,0,0.0019863953588321243,0,,,,,,,,,,,,,,,,0.00019,0.00019,1.16596,1.1661,1.16488,1.16502,,,,,,,,1.159517979444266,1.16626,0.13592460272296222,,,,,,none,True,,,,,,,,,,,,,,no_pattern_at_sr
2026-03-10T08:12:06.193194+00:00,XAUUSD.s,cobra,26551110,H1,HOLD,HOLD,NONE,0,25.108113309235694,0,,,,,,,,,,,,,,,,0.33,0.33,5180.96,5185.24,5175.02,5181.8,,,,,,,,5130.990001806596,5177.663333333334,0.13090058285888784,,,,,,none,True,,,,,,,,,,,,,,no_pattern_at_sr
2026-03-10T08:13:06.558553+00:00,USDJPY.s,cobra,26551110,H1,HOLD,HOLD,NONE,0,0.2501924207713819,0,,,,,,,,,,,,,,,,0.023,0.023,157.289,157.472,157.289,157.448,,,,,,,,157.91215693627288,157.3155,0.08193693452740791,,,,,,none,True,,,,,,,,,,,,,,no_pattern_at_sr
2026-03-10T08:13:06.573605+00:00,EURUSD.s,cobra,26551110,H1,HOLD,HOLD,NONE,0,0.0019863953588321243,0,,,,,,,,,,,,,,,,0.00019,0.00019,1.16596,1.1661,1.16488,1.16513,,,,,,,,1.159517979444266,1.16626,0.13592460272296222,,,,,,none,True,,,,,,,,,,,,,,no_pattern_at_sr
2026-03-10T08:13:06.588122+00:00,XAUUSD.s,cobra,26551110,H1,HOLD,HOLD,NONE,0,25.108113309235694,0,,,,,,,,,,,,,,,,0.33,0.33,5180.96,5185.24,5175.02,5181.8,,,,,,,,5130.990001806596,5177.663333333334,0.13090058285888784,,,,,,none,True,,,,,,,,,,,,,,no_pattern_at_sr
2026-03-10T08:14:06.987611+00:00,USDJPY.s,cobra,26551110,H1,HOLD,HOLD,NONE,0,0.2501924207713819,0,,,,,,,,,,,,,,,,0.023,0.023,157.289,157.472,157.289,157.466,,,,,,,,157.91215693627288,157.3155,0.08193693452740791,,,,,,none,True,,,,,,,,,,,,,,no_pattern_at_sr
2026-03-10T08:14:07.003224+00:00,EURUSD.s,cobra,26551110,H1,HOLD,HOLD,NONE,0,0.0019863953588321243,0,,,,,,,,,,,,,,,,0.00019,0.00019,1.16596,1.1661,1.16488,1.16499,,,,,,,,1.159517979444266,1.16626,0.13592460272296222,,,,,,none,True,,,,,,,,,,,,,,no_pattern_at_sr
2026-03-10T08:14:07.017710+00:00,XAUUSD.s,cobra,26551110,H1,HOLD,HOLD,NONE,0,25.108113309235694,0,,,,,,,,,,,,,,,,0.32,0.32,5180.96,5185.24,5175.02,5183.72,,,,,,,,5130.990001806596,5177.663333333334,0.13090058285888784,,,,,,none,True,,,,,,,,,,,,,,no_pattern_at_sr
2026-03-10T08:15:07.403192+00:00,USDJPY.s,cobra,26551110,H1,HOLD,HOLD,NONE,0,0.2501924207713819,0,,,,,,,,,,,,,,,,0.023,0.023,157.289,157.472,157.289,157.422,,,,,,,,157.91215693627288,157.3155,0.08193693452740791,,,,,,none,True,,,,,,,,,,,,,,no_pattern_at_sr
2026-03-10T08:15:07.415535+00:00,EURUSD.s,cobra,26551110,H1,HOLD,HOLD,NONE,0,0.0019863953588321243,0,,,,,,,,,,,,,,,,0.00019,0.00019,1.16596,1.1661,1.16488,1.16515,,,,,,,,1.159517979444266,1.16626,0.13592460272296222,,,,,,none,True,,,,,,,,,,,,,,no_pattern_at_sr
2026-03-10T08:15:07.429319+00:00,XAUUSD.s,cobra,26551110,H1,HOLD,HOLD,NONE,0,25.108113309235694,0,,,,,,,,,,,,,,,,0.34,0.34,5180.96,5185.24,5175.02,5179.66,,,,,,,,5130.990001806596,5177.663333333334,0.13090058285888784,,,,,,none,True,,,,,,,,,,,,,,no_pattern_at_sr
2026-03-10T08:16:07.844886+00:00,USDJPY.s,cobra,26551110,H1,HOLD,HOLD,NONE,0,0.2501924207713819,0,,,,,,,,,,,,,,,,0.023,0.023,157.289,157.472,157.289,157.397,,,,,,,,157.91215693627288,157.3155,0.08193693452740791,,,,,,none,True,,,,,,,,,,,,,,no_pattern_at_sr
2026-03-10T08:16:07.861137+00:00,EURUSD.s,cobra,26551110,H1,HOLD,HOLD,NONE,0,0.0019863953588321243,0,,,,,,,,,,,,,,,,0.00018,0.00018,1.16596,1.1661,1.16488,1.16528,,,,,,,,1.159517979444266,1.16626,0.13592460272296222,,,,,,none,True,,,,,,,,,,,,,,no_pattern_at_sr
2026-03-10T08:16:07.874997+00:00,XAUUSD.s,cobra,26551110,H1,HOLD,HOLD,NONE,0,25.108113309235694,0,,,,,,,,,,,,,,,,0.34,0.34,5180.96,5185.24,5175.02,5180.4,,,,,,,,5130.990001806596,5177.663333333334,0.13090058285888784,,,,,,none,True,,,,,,,,,,,,,,no_pattern_at_sr
2026-03-10T08:17:08.242589+00:00,USDJPY.s,cobra,26551110,H1,HOLD,HOLD,NONE,0,0.2501924207713819,0,,,,,,,,,,,,,,,,0.024,0.024,157.289,157.472,157.289,157.422,,,,,,,,157.91215693627288,157.3155,0.08193693452740791,,,,,,none,True,,,,,,,,,,,,,,no_pattern_at_sr
2026-03-10T08:17:08.259246+00:00,EURUSD.s,cobra,26551110,H1,HOLD,HOLD,NONE,0,0.0019863953588321243,0,,,,,,,,,,,,,,,,0.00018,0.00018,1.16596,1.1661,1.16488,1.16512,,,,,,,,1.159517979444266,1.16626,0.13592460272296222,,,,,,none,True,,,,,,,,,,,,,,no_pattern_at_sr
2026-03-10T08:17:08.274181+00:00,XAUUSD.s,cobra,26551110,H1,HOLD,HOLD,NONE,0,25.108113309235694,0,,,,,,,,,,,,,,,,0.32,0.32,5180.96,5185.24,5175.02,5179.39,,,,,,,,5130.990001806596,5177.663333333334,0.13090058285888784,,,,,,none,True,,,,,,,,,,,,,,no_pattern_at_sr
2026-03-10T08:17:08.274722+00:00,USOUSD.s,cobra,26551110,H1,OUTSIDE_HOURS,OUTSIDE_HOURS,NONE,0,3.9877159902891526,0,,,,,,,,,,,,,,,,0.079,0.079,85.809,87.379,85.264,87.304,,,,,,,,,,,,,,,,,,,,,,,,,,,,,,,
2026-03-10T08:18:08.665660+00:00,USDJPY.s,cobra,26551110,H1,HOLD,HOLD,NONE,0,0.25104956362852476,0,,,,,,,,,,,,,,,,0.025,0.025,157.289,157.484,157.289,157.472,,,,,,,,157.91215693627288,157.3155,0.08165718236551898,,,,,,none,True,,,,,,,,,,,,,,no_pattern_at_sr
2026-03-10T08:18:08.680000+00:00,EURUSD.s,cobra,26551110,H1,HOLD,HOLD,NONE,0,0.0019863953588321243,0,,,,,,,,,,,,,,,,0.00018,0.00018,1.16596,1.1661,1.16488,1.16499,,,,,,,,1.159517979444266,1.16626,0.13592460272296222,,,,,,none,True,,,,,,,,,,,,,,no_pattern_at_sr
2026-03-10T08:18:08.695343+00:00,XAUUSD.s,cobra,26551110,H1,HOLD,HOLD,NONE,0,25.108113309235694,0,,,,,,,,,,,,,,,,0.33,0.33,5180.96,5185.24,5175.02,5180.43,,,,,,,,5130.990001806596,5177.663333333334,0.13090058285888784,,,,,,none,True,,,,,,,,,,,,,,no_pattern_at_sr
2026-03-10T08:19:09.058744+00:00,USDJPY.s,cobra,26551110,H1,HOLD,HOLD,NONE,0,0.25104956362852476,0,,,,,,,,,,,,,,,,0.024,0.024,157.289,157.484,157.289,157.463,,,,,,,,157.91215693627288,157.3155,0.08165718236551898,,,,,,none,True,,,,,,,,,,,,,,no_pattern_at_sr
2026-03-10T08:19:09.073810+00:00,EURUSD.s,cobra,26551110,H1,HOLD,HOLD,NONE,0,0.0019863953588321243,0,,,,,,,,,,,,,,,,0.00019,0.00019,1.16596,1.1661,1.16488,1.16488,,,,,,,,1.159517979444266,1.16626,0.13592460272296222,,,,,,none,True,,,,,,,,,,,,,,no_pattern_at_sr
2026-03-10T08:19:09.088075+00:00,XAUUSD.s,cobra,26551110,H1,HOLD,HOLD,NONE,0,25.108113309235694,0,,,,,,,,,,,,,,,,0.34,0.34,5180.96,5185.24,5175.02,5180.19,,,,,,,,5130.990001806596,5177.663333333334,0.13090058285888784,,,,,,none,True,,,,,,,,,,,,,,no_pattern_at_sr
2026-03-10T08:20:09.509476+00:00,USDJPY.s,cobra,26551110,H1,HOLD,HOLD,NONE,0,0.25104956362852476,0,,,,,,,,,,,,,,,,0.024,0.024,157.289,157.484,157.289,157.446,,,,,,,,157.91215693627288,157.3155,0.08165718236551898,,,,,,none,True,,,,,,,,,,,,,,no_pattern_at_sr
2026-03-10T08:20:09.524715+00:00,EURUSD.s,cobra,26551110,H1,HOLD,HOLD,NONE,0,0.0019892525016892704,0,,,,,,,,,,,,,,,,0.00019,0.00019,1.16596,1.1661,1.1648399999999999,1.16485,,,,,,,,1.159517979444266,1.16626,0.1357293756175794,,,,,,none,True,,,,,,,,,,,,,,no_pattern_at_sr
2026-03-10T08:20:09.539898+00:00,XAUUSD.s,cobra,26551110,H1,HOLD,HOLD,NONE,0,25.108113309235694,0,,,,,,,,,,,,,,,,0.34,0.34,5180.96,5185.24,5175.02,5179.49,,,,,,,,5130.990001806596,5177.663333333334,0.13090058285888784,,,,,,none,True,,,,,,,,,,,,,,no_pattern_at_sr
2026-03-10T08:21:09.898819+00:00,USDJPY.s,cobra,26551110,H1,HOLD,HOLD,NONE,0,0.25104956362852476,0,,,,,,,,,,,,,,,,0.025,0.025,157.289,157.484,157.289,157.413,,,,,,,,157.91215693627288,157.3155,0.08165718236551898,,,,,,none,True,,,,,,,,,,,,,,no_pattern_at_sr
2026-03-10T08:21:09.913841+00:00,EURUSD.s,cobra,26551110,H1,HOLD,HOLD,NONE,0,0.001989966787403545,0,,,,,,,,,,,,,,,,0.00018,0.00018,1.16596,1.1661,1.16483,1.16495,,,,,,,,1.159517979444266,1.16626,0.1356806564356188,,,,,,none,True,,,,,,,,,,,,,,no_pattern_at_sr
2026-03-10T08:21:09.928861+00:00,XAUUSD.s,cobra,26551110,H1,HOLD,HOLD,NONE,0,25.108113309235694,0,,,,,,,,,,,,,,,,0.31,0.31,5180.96,5185.24,5175.02,5180.69,,,,,,,,5130.990001806596,5177.663333333334,0.13090058285888784,,,,,,none,True,,,,,,,,,,,,,,no_pattern_at_sr
2026-03-10T08:22:10.311543+00:00,USDJPY.s,cobra,26551110,H1,HOLD,HOLD,NONE,0,0.25104956362852476,0,,,,,,,,,,,,,,,,0.025,0.025,157.289,157.484,157.289,157.422,,,,,,,,157.91215693627288,157.3155,0.08165718236551898,,,,,,none,True,,,,,,,,,,,,,,no_pattern_at_sr
2026-03-10T08:22:10.327860+00:00,EURUSD.s,cobra,26551110,H1,HOLD,HOLD,NONE,0,0.001989966787403545,0,,,,,,,,,,,,,,,,0.00019,0.00019,1.16596,1.1661,1.16483,1.16485,,,,,,,,1.159517979444266,1.16626,0.1356806564356188,,,,,,none,True,,,,,,,,,,,,,,no_pattern_at_sr
2026-03-10T08:22:10.342352+00:00,XAUUSD.s,cobra,26551110,H1,HOLD,HOLD,NONE,0,25.108113309235694,0,,,,,,,,,,,,,,,,0.32,0.32,5180.96,5185.24,5175.02,5179.03,,,,,,,,5130.990001806596,5177.663333333334,0.13090058285888784,,,,,,none,True,,,,,,,,,,,,,,no_pattern_at_sr
2026-03-10T08:23:10.868047+00:00,USDJPY.s,cobra,26551110,H1,HOLD,HOLD,NONE,0,0.25104956362852476,0,,,,,,,,,,,,,,,,0.024,0.024,157.289,157.484,157.289,157.42,,,,,,,,157.91215693627288,157.3155,0.08165718236551898,,,,,,none,True,,,,,,,,,,,,,,no_pattern_at_sr
2026-03-10T08:23:10.883034+00:00,EURUSD.s,cobra,26551110,H1,HOLD,HOLD,NONE,0,0.0020013953588321116,0,,,,,,,,,,,,,,,,0.00019,0.00019,1.16596,1.1661,1.16467,1.1651,,,,,,,,1.159517979444266,1.16626,0.1349058789451513,,,,,,none,True,,,,,,,,,,,,,,no_pattern_at_sr
2026-03-10T08:23:10.897699+00:00,XAUUSD.s,cobra,26551110,H1,HOLD,HOLD,NONE,0,25.108113309235694,0,,,,,,,,,,,,,,,,0.32,0.32,5180.96,5185.24,5175.02,5177.25,,,,,,,,5130.990001806596,5177.663333333334,0.13090058285888784,,,,,,none,True,,,,,,,,,,,,,,no_pattern_at_sr
2026-03-10T08:24:11.259277+00:00,USDJPY.s,cobra,26551110,H1,HOLD,HOLD,NONE,0,0.25104956362852476,0,,,,,,,,,,,,,,,,0.024,0.024,157.289,157.484,157.289,157.419,,,,,,,,157.91215693627288,157.3155,0.08165718236551898,,,,,,none,True,,,,,,,,,,,,,,no_pattern_at_sr
2026-03-10T08:24:11.274359+00:00,EURUSD.s,cobra,26551110,H1,HOLD,HOLD,NONE,0,0.0020013953588321116,0,,,,,,,,,,,,,,,,0.00019,0.00019,1.16596,1.1661,1.16467,1.16516,,,,,,,,1.159517979444266,1.16626,0.1349058789451513,,,,,,none,True,,,,,,,,,,,,,,no_pattern_at_sr
2026-03-10T08:24:11.288949+00:00,XAUUSD.s,cobra,26551110,H1,HOLD,HOLD,NONE,0,25.108113309235694,0,,,,,,,,,,,,,,,,0.36,0.36,5180.96,5185.24,5175.02,5178.06,,,,,,,,5130.990001806596,5177.663333333334,0.13090058285888784,,,,,,none,True,,,,,,,,,,,,,,no_pattern_at_sr
2026-03-10T08:25:11.659540+00:00,USDJPY.s,cobra,26551110,H1,HOLD,HOLD,NONE,0,0.25104956362852476,0,,,,,,,,,,,,,,,,0.023,0.023,157.289,157.484,157.289,157.375,,,,,,,,157.91215693627288,157.3155,0.08165718236551898,,,,,,none,True,,,,,,,,,,,,,,no_pattern_at_sr
2026-03-10T08:25:11.674945+00:00,EURUSD.s,cobra,26551110,H1,HOLD,HOLD,NONE,0,0.0020013953588321116,0,,,,,,,,,,,,,,,,0.00018,0.00018,1.16596,1.1661,1.16467,1.16515,,,,,,,,1.159517979444266,1.16626,0.1349058789451513,,,,,,none,True,,,,,,,,,,,,,,no_pattern_at_sr
2026-03-10T08:25:11.689111+00:00,XAUUSD.s,cobra,26551110,H1,HOLD,HOLD,NONE,0,25.108113309235694,0,,,,,,,,,,,,,,,,0.3,0.3,5180.96,5185.24,5175.02,5178.93,,,,,,,,5130.990001806596,5177.663333333334,0.13090058285888784,,,,,,none,True,,,,,,,,,,,,,,no_pattern_at_sr
2026-03-10T08:26:12.087008+00:00,USDJPY.s,cobra,26551110,H1,HOLD,HOLD,NONE,0,0.25104956362852476,0,,,,,,,,,,,,,,,,0.023,0.023,157.289,157.484,157.289,157.364,,,,,,,,157.91215693627288,157.3155,0.08165718236551898,,,,,,none,True,,,,,,,,,,,,,,no_pattern_at_sr
2026-03-10T08:26:12.101250+00:00,EURUSD.s,cobra,26551110,H1,HOLD,HOLD,NONE,0,0.0020013953588321116,0,,,,,,,,,,,,,,,,0.00019,0.00019,1.16596,1.1661,1.16467,1.16513,,,,,,,,1.159517979444266,1.16626,0.1349058789451513,,,,,,none,True,,,,,,,,,,,,,,no_pattern_at_sr
2026-03-10T08:26:12.116764+00:00,XAUUSD.s,cobra,26551110,H1,HOLD,HOLD,NONE,0,25.108113309235694,0,,,,,,,,,,,,,,,,0.33,0.33,5180.96,5185.24,5175.02,5178.67,,,,,,,,5130.990001806596,5177.663333333334,0.13090058285888784,,,,,,none,True,,,,,,,,,,,,,,no_pattern_at_sr
2026-03-10T08:27:12.498646+00:00,USDJPY.s,cobra,26551110,H1,HOLD,HOLD,NONE,0,0.25104956362852476,0,,,,,,,,,,,,,,,,0.024,0.024,157.289,157.484,157.289,157.365,,,,,,,,157.91215693627288,157.3155,0.08165718236551898,,,,,,none,True,,,,,,,,,,,,,,no_pattern_at_sr
2026-03-10T08:27:12.513916+00:00,EURUSD.s,cobra,26551110,H1,HOLD,HOLD,NONE,0,0.0020013953588321116,0,,,,,,,,,,,,,,,,0.00019,0.00019,1.16596,1.1661,1.16467,1.16538,,,,,,,,1.159517979444266,1.16626,0.1349058789451513,,,,,,none,True,,,,,,,,,,,,,,no_pattern_at_sr
2026-03-10T08:27:12.529735+00:00,XAUUSD.s,cobra,26551110,H1,HOLD,HOLD,NONE,0,25.108113309235694,0,,,,,,,,,,,,,,,,0.33,0.33,5180.96,5185.24,5175.02,5180.12,,,,,,,,5130.990001806596,5177.663333333334,0.13090058285888784,,,,,,none,True,,,,,,,,,,,,,,no_pattern_at_sr
2026-03-10T08:27:12.530206+00:00,USOUSD.s,cobra,26551110,H1,OUTSIDE_HOURS,OUTSIDE_HOURS,NONE,0,3.9959302760034383,0,,,,,,,,,,,,,,,,0.079,0.079,85.809,87.494,85.264,86.733,,,,,,,,,,,,,,,,,,,,,,,,,,,,,,,
2026-03-10T08:28:12.893928+00:00,USDJPY.s,cobra,26551110,H1,HOLD,HOLD,NONE,0,0.25104956362852476,0,,,,,,,,,,,,,,,,0.024,0.024,157.289,157.484,157.289,157.415,,,,,,,,157.91215693627288,157.3155,0.08165718236551898,,,,,,none,True,,,,,,,,,,,,,,no_pattern_at_sr
2026-03-10T08:28:12.908051+00:00,EURUSD.s,cobra,26551110,H1,HOLD,HOLD,NONE,0,0.0020013953588321116,0,,,,,,,,,,,,,,,,0.00018,0.00018,1.16596,1.1661,1.16467,1.16533,,,,,,,,1.159517979444266,1.16626,0.1349058789451513,,,,,,none,True,,,,,,,,,,,,,,no_pattern_at_sr
2026-03-10T08:28:12.925973+00:00,XAUUSD.s,cobra,26551110,H1,HOLD,HOLD,NONE,0,25.108113309235694,0,,,,,,,,,,,,,,,,0.32,0.32,5180.96,5185.24,5175.02,5179.17,,,,,,,,5130.990001806596,5177.663333333334,0.13090058285888784,,,,,,none,True,,,,,,,,,,,,,,no_pattern_at_sr
2026-03-10T08:29:13.299386+00:00,USDJPY.s,cobra,26551110,H1,HOLD,HOLD,NONE,0,0.25104956362852476,0,,,,,,,,,,,,,,,,0.033,0.033,157.289,157.484,157.289,157.39,,,,,,,,157.91215693627288,157.3155,0.08165718236551898,,,,,,none,True,,,,,,,,,,,,,,no_pattern_at_sr
2026-03-10T08:29:13.316059+00:00,EURUSD.s,cobra,26551110,H1,HOLD,HOLD,NONE,0,0.0020013953588321116,0,,,,,,,,,,,,,,,,0.00018,0.00018,1.16596,1.1661,1.16467,1.16551,,,,,,,,1.159517979444266,1.16626,0.1349058789451513,,,,,,none,True,,,,,,,,,,,,,,no_pattern_at_sr
2026-03-10T08:29:13.330329+00:00,XAUUSD.s,cobra,26551110,H1,HOLD,HOLD,NONE,0,25.108113309235694,0,,,,,,,,,,,,,,,,0.31,0.31,5180.96,5185.24,5175.02,5181.74,,,,,,,,5130.990001806596,5177.663333333334,0.13090058285888784,,,,,,none,True,,,,,,,,,,,,,,no_pattern_at_sr
2026-03-10T08:30:13.814400+00:00,USDJPY.s,cobra,26551110,H1,HOLD,HOLD,NONE,0,0.25104956362852476,0,,,,,,,,,,,,,,,,0.025,0.025,157.289,157.484,157.289,157.431,,,,,,,,157.91215693627288,157.3155,0.08165718236551898,,,,,,none,True,,,,,,,,,,,,,,no_pattern_at_sr
2026-03-10T08:30:13.829601+00:00,EURUSD.s,cobra,26551110,H1,HOLD,HOLD,NONE,0,0.0020013953588321116,0,,,,,,,,,,,,,,,,0.00019,0.00019,1.16596,1.1661,1.16467,1.16534,,,,,,,,1.159517979444266,1.16626,0.1349058789451513,,,,,,none,True,,,,,,,,,,,,,,no_pattern_at_sr
2026-03-10T08:30:13.844065+00:00,XAUUSD.s,cobra,26551110,H1,HOLD,HOLD,NONE,0,25.122399023521396,0,,,,,,,,,,,,,,,,0.31,0.31,5180.96,5185.44,5175.02,5184.03,,,,,,,,5130.990001806596,5177.663333333334,0.13082614696107397,,,,,,none,True,,,,,,,,,,,,,,no_pattern_at_sr
2026-03-10T08:31:14.207427+00:00,USDJPY.s,cobra,26551110,H1,HOLD,HOLD,NONE,0,0.25104956362852476,0,,,,,,,,,,,,,,,,0.023,0.023,157.289,157.484,157.289,157.433,,,,,,,,157.91215693627288,157.3155,0.08165718236551898,,,,,,none,True,,,,,,,,,,,,,,no_pattern_at_sr
2026-03-10T08:31:14.221391+00:00,EURUSD.s,cobra,26551110,H1,HOLD,HOLD,NONE,0,0.0020013953588321116,0,,,,,,,,,,,,,,,,0.00019,0.00019,1.16596,1.1661,1.16467,1.1654,,,,,,,,1.159517979444266,1.16626,0.1349058789451513,,,,,,none,True,,,,,,,,,,,,,,no_pattern_at_sr
2026-03-10T08:31:14.237290+00:00,XAUUSD.s,cobra,26551110,H1,HOLD,HOLD,NONE,0,25.375256166378538,0,,,,,,,,,,,,,,,,0.32,0.32,5180.96,5188.98,5175.02,5187.84,,,,,,,,5130.990001806596,5177.663333333334,0.129522501964756,,,,,,none,True,,,,,,,,,,,,,,no_pattern_at_sr
2026-03-10T08:32:15.359393+00:00,USDJPY.s,cobra,26551110,H1,HOLD,HOLD,NONE,0,0.2511209921999537,0,,,,,,,,,,,,,,,,0.023,0.023,157.289,157.485,157.289,157.476,,,,,,,,157.91215693627288,157.3155,0.08163395588878287,,,,,,none,True,,,,,,,,,,,,,,no_pattern_at_sr
2026-03-10T08:32:15.374738+00:00,EURUSD.s,cobra,26551110,H1,HOLD,HOLD,NONE,0,0.0020013953588321116,0,,,,,,,,,,,,,,,,0.00018,0.00018,1.16596,1.1661,1.16467,1.1652,,,,,,,,1.159517979444266,1.16626,0.1349058789451513,,,,,,none,True,,,,,,,,,,,,,,no_pattern_at_sr
2026-03-10T08:32:15.389812+00:00,XAUUSD.s,cobra,26551110,H1,HOLD,HOLD,NONE,0,25.375256166378538,0,,,,,,,,,,,,,,,,0.32,0.32,5180.96,5188.98,5175.02,5185.48,,,,,,,,5130.990001806596,5177.663333333334,0.129522501964756,,,,,,none,True,,,,,,,,,,,,,,no_pattern_at_sr
2026-03-10T08:33:16.496710+00:00,USDJPY.s,cobra,26551110,H1,HOLD,HOLD,NONE,0,0.2521209921999524,0,,,,,,,,,,,,,,,,0.024,0.024,157.289,157.499,157.289,157.484,,,,,,,,157.91215693627288,157.3155,0.08131016707938483,,,,,,none,True,,,,,,,,,,,,,,no_pattern_at_sr
2026-03-10T08:33:16.511710+00:00,EURUSD.s,cobra,26551110,H1,HOLD,HOLD,NONE,0,0.0020013953588321116,0,,,,,,,,,,,,,,,,0.00018,0.00018,1.16596,1.1661,1.16467,1.16497,,,,,,,,1.159517979444266,1.16626,0.1349058789451513,,,,,,none,True,,,,,,,,,,,,,,no_pattern_at_sr
2026-03-10T08:33:16.526544+00:00,XAUUSD.s,cobra,26551110,H1,HOLD,HOLD,NONE,0,25.375256166378538,0,,,,,,,,,,,,,,,,0.34,0.34,5180.96,5188.98,5175.02,5184.53,,,,,,,,5130.990001806596,5177.663333333334,0.129522501964756,,,,,,none,True,,,,,,,,,,,,,,no_pattern_at_sr
2026-03-10T08:34:17.420690+00:00,USDJPY.s,cobra,26551110,H1,HOLD,HOLD,NONE,0,0.2521209921999524,0,,,,,,,,,,,,,,,,0.023,0.023,157.289,157.499,157.289,157.485,,,,,,,,157.91215693627288,157.3155,0.08131016707938483,,,,,,none,True,,,,,,,,,,,,,,no_pattern_at_sr
2026-03-10T08:34:17.436632+00:00,EURUSD.s,cobra,26551110,H1,HOLD,HOLD,NONE,0,0.0020013953588321116,0,,,,,,,,,,,,,,,,0.00018,0.00018,1.16596,1.1661,1.16467,1.16502,,,,,,,,1.159517979444266,1.16626,0.1349058789451513,,,,,,none,True,,,,,,,,,,,,,,no_pattern_at_sr
2026-03-10T08:34:17.453674+00:00,XAUUSD.s,cobra,26551110,H1,HOLD,HOLD,NONE,0,25.375256166378538,0,,,,,,,,,,,,,,,,0.32,0.32,5180.96,5188.98,5175.02,5185.22,,,,,,,,5130.990001806596,5177.663333333334,0.129522501964756,,,,,,none,True,,,,,,,,,,,,,,no_pattern_at_sr
2026-03-10T08:35:18.061744+00:00,USDJPY.s,cobra,26551110,H1,HOLD,HOLD,NONE,0,0.2521209921999524,0,,,,,,,,,,,,,,,,0.024,0.024,157.289,157.499,157.289,157.473,,,,,,,,157.91215693627288,157.3155,0.08131016707938483,,,,,,none,True,,,,,,,,,,,,,,no_pattern_at_sr
2026-03-10T08:35:18.077138+00:00,EURUSD.s,cobra,26551110,H1,HOLD,HOLD,NONE,0,0.0020013953588321116,0,,,,,,,,,,,,,,,,0.00019,0.00019,1.16596,1.1661,1.16467,1.16505,,,,,,,,1.159517979444266,1.16626,0.1349058789451513,,,,,,none,True,,,,,,,,,,,,,,no_pattern_at_sr
2026-03-10T08:35:18.093084+00:00,XAUUSD.s,cobra,26551110,H1,HOLD,HOLD,NONE,0,25.375256166378538,0,,,,,,,,,,,,,,,,0.32,0.32,5180.96,5188.98,5175.02,5183.63,,,,,,,,5130.990001806596,5177.663333333334,0.129522501964756,,,,,,none,True,,,,,,,,,,,,,,no_pattern_at_sr
2026-03-10T08:36:19.072688+00:00,USDJPY.s,cobra,26551110,H1,HOLD,HOLD,NONE,0,0.2521209921999524,0,,,,,,,,,,,,,,,,0.023,0.023,157.289,157.499,157.289,157.481,,,,,,,,157.91215693627288,157.3155,0.08131016707938483,,,,,,none,True,,,,,,,,,,,,,,no_pattern_at_sr
2026-03-10T08:36:19.089304+00:00,EURUSD.s,cobra,26551110,H1,HOLD,HOLD,NONE,0,0.0020013953588321116,0,,,,,,,,,,,,,,,,0.00019,0.00019,1.16596,1.1661,1.16467,1.16504,,,,,,,,1.159517979444266,1.16626,0.1349058789451513,,,,,,none,True,,,,,,,,,,,,,,no_pattern_at_sr
2026-03-10T08:36:19.104212+00:00,XAUUSD.s,cobra,26551110,H1,HOLD,HOLD,NONE,0,25.375256166378538,0,,,,,,,,,,,,,,,,0.33,0.33,5180.96,5188.98,5175.02,5184.26,,,,,,,,5130.990001806596,5177.663333333334,0.129522501964756,,,,,,none,True,,,,,,,,,,,,,,no_pattern_at_sr
2026-03-10T08:37:20.196648+00:00,USDJPY.s,cobra,26551110,H1,HOLD,HOLD,NONE,0,0.25304956362852415,0,,,,,,,,,,,,,,,,0.023,0.023,157.289,157.512,157.289,157.512,,,,,,,,157.91215693627288,157.3155,0.08101179747574011,,,,,,none,True,,,,,,,,,,,,,,no_pattern_at_sr
2026-03-10T08:37:20.250203+00:00,EURUSD.s,cobra,26551110,H1,HOLD,HOLD,NONE,0,0.0020013953588321116,0,,,,,,,,,,,,,,,,0.00018,0.00018,1.16596,1.1661,1.16467,1.16489,,,,,,,,1.159517979444266,1.16626,0.1349058789451513,,,,,,none,True,,,,,,,,,,,,,,no_pattern_at_sr
2026-03-10T08:37:20.284587+00:00,XAUUSD.s,cobra,26551110,H1,HOLD,HOLD,NONE,0,25.375256166378538,0,,,,,,,,,,,,,,,,0.33,0.33,5180.96,5188.98,5175.02,5183.55,,,,,,,,5130.990001806596,5177.663333333334,0.129522501964756,,,,,,none,True,,,,,,,,,,,,,,no_pattern_at_sr
2026-03-10T08:37:20.285072+00:00,USOUSD.s,cobra,26551110,H1,OUTSIDE_HOURS,OUTSIDE_HOURS,NONE,0,4.014787418860581,0,,,,,,,,,,,,,,,,0.079,0.079,85.809,87.758,85.264,87.368,,,,,,,,,,,,,,,,,,,,,,,,,,,,,,,
2026-03-10T08:38:21.235728+00:00,USDJPY.s,cobra,26551110,H1,HOLD,HOLD,NONE,0,0.25476384934280993,0,,,,,,,,,,,,,,,,0.024,0.024,157.289,157.536,157.289,157.517,,,,,,,,157.91215693627288,157.3155,0.08046667552276474,,,,,,none,True,,,,,,,,,,,,,,no_pattern_at_sr
2026-03-10T08:38:21.252107+00:00,EURUSD.s,cobra,26551110,H1,HOLD,HOLD,NONE,0,0.0020013953588321116,0,,,,,,,,,,,,,,,,0.00019,0.00019,1.16596,1.1661,1.16467,1.16482,,,,,,,,1.159517979444266,1.16626,0.1349058789451513,,,,,,none,True,,,,,,,,,,,,,,no_pattern_at_sr
2026-03-10T08:38:21.267846+00:00,XAUUSD.s,cobra,26551110,H1,HOLD,HOLD,NONE,0,25.375256166378538,0,,,,,,,,,,,,,,,,0.33,0.33,5180.96,5188.98,5175.02,5185.32,,,,,,,,5130.990001806596,5177.663333333334,0.129522501964756,,,,,,none,True,,,,,,,,,,,,,,no_pattern_at_sr
2026-03-10T08:39:21.660390+00:00,USDJPY.s,cobra,26551110,H1,HOLD,HOLD,NONE,0,0.25476384934280993,0,,,,,,,,,,,,,,,,0.024,0.024,157.289,157.536,157.289,157.508,,,,,,,,157.91215693627288,157.3155,0.08046667552276474,,,,,,none,True,,,,,,,,,,,,,,no_pattern_at_sr
2026-03-10T08:39:21.674887+00:00,EURUSD.s,cobra,26551110,H1,HOLD,HOLD,NONE,0,0.0020013953588321116,0,,,,,,,,,,,,,,,,0.00018,0.00018,1.16596,1.1661,1.16467,1.1651799999999999,,,,,,,,1.159517979444266,1.16626,0.1349058789451513,,,,,,none,True,,,,,,,,,,,,,,no_pattern_at_sr
2026-03-10T08:39:21.689517+00:00,XAUUSD.s,cobra,26551110,H1,HOLD,HOLD,NONE,0,25.375256166378538,0,,,,,,,,,,,,,,,,0.33,0.33,5180.96,5188.98,5175.02,5187.49,,,,,,,,5130.990001806596,5177.663333333334,0.129522501964756,,,,,,none,True,,,,,,,,,,,,,,no_pattern_at_sr
2026-03-10T08:40:22.089974+00:00,USDJPY.s,cobra,26551110,H1,HOLD,HOLD,NONE,0,0.25476384934280993,0,,,,,,,,,,,,,,,,0.024,0.024,157.289,157.536,157.289,157.518,,,,,,,,157.91215693627288,157.3155,0.08046667552276474,,,,,,none,True,,,,,,,,,,,,,,no_pattern_at_sr
2026-03-10T08:40:22.105049+00:00,EURUSD.s,cobra,26551110,H1,HOLD,HOLD,NONE,0,0.0020013953588321116,0,,,,,,,,,,,,,,,,0.0002,0.0002,1.16596,1.1661,1.16467,1.16548,,,,,,,,1.159517979444266,1.16626,0.1349058789451513,,,,,,none,True,,,,,,,,,,,,,,no_pattern_at_sr
2026-03-10T08:40:22.120311+00:00,XAUUSD.s,cobra,26551110,H1,HOLD,HOLD,NONE,0,25.543827594950006,0,,,,,,,,,,,,,,,,0.33,0.33,5180.96,5191.34,5175.02,5191.23,,,,,,,,5130.990001806596,5177.663333333334,0.1286677438785925,,,,,,none,True,,,,,,,,,,,,,,no_pattern_at_sr
2026-03-10T08:41:23.142915+00:00,USDJPY.s,cobra,26551110,H1,HOLD,HOLD,NONE,0,0.25476384934280993,0,,,,,,,,,,,,,,,,0.024,0.024,157.289,157.536,157.289,157.51,,,,,,,,157.91215693627288,157.3155,0.08046667552276474,,,,,,none,True,,,,,,,,,,,,,,no_pattern_at_sr
2026-03-10T08:41:23.157060+00:00,EURUSD.s,cobra,26551110,H1,HOLD,HOLD,NONE,0,0.0020013953588321116,0,,,,,,,,,,,,,,,,0.00018,0.00018,1.16596,1.1661,1.16467,1.16547,,,,,,,,1.159517979444266,1.16626,0.1349058789451513,,,,,,none,True,,,,,,,,,,,,,,no_pattern_at_sr
2026-03-10T08:41:23.172173+00:00,XAUUSD.s,cobra,26551110,H1,HOLD,HOLD,NONE,0,25.730256166378556,0,,,,,,,,,,,,,,,,0.37,0.37,5180.96,5193.95,5175.02,5191.12,,,,,,,,5130.990001806596,5177.663333333334,0.12773548173844465,,,,,,none,True,,,,,,,,,,,,,,no_pattern_at_sr
2026-03-10T08:42:24.123261+00:00,USDJPY.s,cobra,26551110,H1,HOLD,HOLD,NONE,0,0.25476384934280993,0,,,,,,,,,,,,,,,,0.024,0.024,157.289,157.536,157.289,157.519,,,,,,,,157.91215693627288,157.3155,0.08046667552276474,,,,,,none,True,,,,,,,,,,,,,,no_pattern_at_sr
2026-03-10T08:42:24.138345+00:00,EURUSD.s,cobra,26551110,H1,HOLD,HOLD,NONE,0,0.0020013953588321116,0,,,,,,,,,,,,,,,,0.00018,0.00018,1.16596,1.1661,1.16467,1.16557,,,,,,,,1.159517979444266,1.16626,0.1349058789451513,,,,,,none,True,,,,,,,,,,,,,,no_pattern_at_sr
2026-03-10T08:42:24.154495+00:00,XAUUSD.s,cobra,26551110,H1,HOLD,HOLD,NONE,0,25.730256166378556,0,,,,,,,,,,,,,,,,0.33,0.33,5180.96,5193.95,5175.02,5191.05,,,,,,,,5130.990001806596,5177.663333333334,0.12773548173844465,,,,,,none,True,,,,,,,,,,,,,,no_pattern_at_sr
2026-03-10T08:43:24.523889+00:00,USDJPY.s,cobra,26551110,H1,HOLD,HOLD,NONE,0,0.25476384934280993,0,,,,,,,,,,,,,,,,0.023,0.023,157.289,157.536,157.289,157.501,,,,,,,,157.91215693627288,157.3155,0.08046667552276474,,,,,,none,True,,,,,,,,,,,,,,no_pattern_at_sr
2026-03-10T08:43:24.538874+00:00,EURUSD.s,cobra,26551110,H1,HOLD,HOLD,NONE,0,0.0020013953588321116,0,,,,,,,,,,,,,,,,0.00019,0.00019,1.16596,1.1661,1.16467,1.1657,,,,,,,,1.159517979444266,1.16626,0.1349058789451513,,,,,,none,True,,,,,,,,,,,,,,no_pattern_at_sr
2026-03-10T08:43:24.553066+00:00,XAUUSD.s,cobra,26551110,H1,HOLD,HOLD,NONE,0,25.730256166378556,0,,,,,,,,,,,,,,,,0.34,0.34,5180.96,5193.95,5175.02,5192.03,,,,,,,,5130.990001806596,5177.663333333334,0.12773548173844465,,,,,,none,True,,,,,,,,,,,,,,no_pattern_at_sr
2026-03-10T08:44:24.922651+00:00,USDJPY.s,cobra,26551110,H1,HOLD,HOLD,NONE,0,0.2554067064856661,0,,,,,,,,,,,,,,,,0.024,0.024,157.289,157.545,157.289,157.543,,,,,,,,157.91215693627288,157.3155,0.08026414138482658,,,,,,none,True,,,,,,,,,,,,,,no_pattern_at_sr
2026-03-10T08:44:24.937908+00:00,EURUSD.s,cobra,26551110,H1,HOLD,HOLD,NONE,0,0.0020013953588321116,0,,,,,,,,,,,,,,,,0.00018,0.00018,1.16596,1.1661,1.16467,1.1656,,,,,,,,1.159517979444266,1.16626,0.1349058789451513,,,,,,none,True,,,,,,,,,,,,,,no_pattern_at_sr
2026-03-10T08:44:24.952353+00:00,XAUUSD.s,cobra,26551110,H1,HOLD,HOLD,NONE,0,25.730256166378556,0,,,,,,,,,,,,,,,,0.3,0.3,5180.96,5193.95,5175.02,5190.98,,,,,,,,5130.990001806596,5177.663333333334,0.12773548173844465,,,,,,none,True,,,,,,,,,,,,,,no_pattern_at_sr
2026-03-10T08:45:25.310749+00:00,USDJPY.s,cobra,26551110,H1,HOLD,HOLD,NONE,0,0.2563352779142379,0,,,,,,,,,,,,,,,,0.024,0.024,157.289,157.558,157.289,157.55,,,,,,,,157.91215693627288,157.3155,0.07997338550824477,,,,,,none,True,,,,,,,,,,,,,,no_pattern_at_sr
2026-03-10T08:45:25.325838+00:00,EURUSD.s,cobra,26551110,H1,HOLD,HOLD,NONE,0,0.0020013953588321116,0,,,,,,,,,,,,,,,,0.00019,0.00019,1.16596,1.1661,1.16467,1.16553,,,,,,,,1.159517979444266,1.16626,0.1349058789451513,,,,,,none,True,,,,,,,,,,,,,,no_pattern_at_sr
2026-03-10T08:45:25.340493+00:00,XAUUSD.s,cobra,26551110,H1,HOLD,HOLD,NONE,0,25.730256166378556,0,,,,,,,,,,,,,,,,0.31,0.31,5180.96,5193.95,5175.02,5192.25,,,,,,,,5130.990001806596,5177.663333333334,0.12773548173844465,,,,,,none,True,,,,,,,,,,,,,,no_pattern_at_sr
2026-03-10T08:46:25.739023+00:00,USDJPY.s,cobra,26551110,H1,HOLD,HOLD,NONE,0,0.25683527791423827,0,,,,,,,,,,,,,,,,0.025,0.025,157.289,157.565,157.289,157.549,,,,,,,,157.91215693627288,157.3155,0.0798176954757894,,,,,,none,True,,,,,,,,,,,,,,no_pattern_at_sr
2026-03-10T08:46:25.754259+00:00,EURUSD.s,cobra,26551110,H1,HOLD,HOLD,NONE,0,0.0020013953588321116,0,,,,,,,,,,,,,,,,0.00018,0.00018,1.16596,1.1661,1.16467,1.16555,,,,,,,,1.159517979444266,1.16626,0.1349058789451513,,,,,,none,True,,,,,,,,,,,,,,no_pattern_at_sr
2026-03-10T08:46:25.768093+00:00,XAUUSD.s,cobra,26551110,H1,HOLD,HOLD,NONE,0,25.730256166378556,0,,,,,,,,,,,,,,,,0.3,0.3,5180.96,5193.95,5175.02,5191.48,,,,,,,,5130.990001806596,5177.663333333334,0.12773548173844465,,,,,,none,True,,,,,,,,,,,,,,no_pattern_at_sr
2026-03-10T08:47:26.178867+00:00,USDJPY.s,cobra,26551110,H1,HOLD,HOLD,NONE,0,0.2579067064856679,0,,,,,,,,,,,,,,,,0.024,0.024,157.289,157.58,157.289,157.574,,,,,,,,157.91215693627288,157.3155,0.07948610673735083,,,,,,none,True,,,,,,,,,,,,,,no_pattern_at_sr
2026-03-10T08:47:26.210528+00:00,EURUSD.s,cobra,26551110,H1,HOLD,HOLD,NONE,0,0.0020013953588321116,0,,,,,,,,,,,,,,,,0.00019,0.00019,1.16596,1.1661,1.16467,1.16548,,,,,,,,1.159517979444266,1.16626,0.1349058789451513,,,,,,none,True,,,,,,,,,,,,,,no_pattern_at_sr
2026-03-10T08:47:26.226266+00:00,XAUUSD.s,cobra,26551110,H1,HOLD,HOLD,NONE,0,25.730256166378556,0,,,,,,,,,,,,,,,,0.33,0.33,5180.96,5193.95,5175.02,5191.67,,,,,,,,5130.990001806596,5177.663333333334,0.12773548173844465,,,,,,none,True,,,,,,,,,,,,,,no_pattern_at_sr
2026-03-10T08:47:26.226843+00:00,USOUSD.s,cobra,26551110,H1,OUTSIDE_HOURS,OUTSIDE_HOURS,NONE,0,4.054144561717724,0,,,,,,,,,,,,,,,,0.079,0.079,85.809,88.309,85.264,87.684,,,,,,,,,,,,,,,,,,,,,,,,,,,,,,,
2026-03-10T08:48:26.599340+00:00,USDJPY.s,cobra,26551110,H1,HOLD,HOLD,NONE,0,0.2579067064856679,0,,,,,,,,,,,,,,,,0.023,0.023,157.289,157.58,157.289,157.548,,,,,,,,157.91215693627288,157.3155,0.07948610673735083,,,,,,none,True,,,,,,,,,,,,,,no_pattern_at_sr
2026-03-10T08:48:26.614558+00:00,EURUSD.s,cobra,26551110,H1,HOLD,HOLD,NONE,0,0.0020013953588321116,0,,,,,,,,,,,,,,,,0.00018,0.00018,1.16596,1.1661,1.16467,1.16556,,,,,,,,1.159517979444266,1.16626,0.1349058789451513,,,,,,none,True,,,,,,,,,,,,,,no_pattern_at_sr
2026-03-10T08:48:26.629631+00:00,XAUUSD.s,cobra,26551110,H1,HOLD,HOLD,NONE,0,25.730256166378556,0,,,,,,,,,,,,,,,,0.3,0.3,5180.96,5193.95,5175.02,5191.79,,,,,,,,5130.990001806596,5177.663333333334,0.12773548173844465,,,,,,none,True,,,,,,,,,,,,,,no_pattern_at_sr
2026-03-10T08:49:27.166457+00:00,USDJPY.s,cobra,26551110,H1,HOLD,HOLD,NONE,0,0.2579067064856679,0,,,,,,,,,,,,,,,,0.024,0.024,157.289,157.58,157.289,157.543,,,,,,,,157.91215693627288,157.3155,0.07948610673735083,,,,,,none,True,,,,,,,,,,,,,,no_pattern_at_sr
2026-03-10T08:49:27.181546+00:00,EURUSD.s,cobra,26551110,H1,HOLD,HOLD,NONE,0,0.0020013953588321116,0,,,,,,,,,,,,,,,,0.00018,0.00018,1.16596,1.1661,1.16467,1.1654,,,,,,,,1.159517979444266,1.16626,0.1349058789451513,,,,,,none,True,,,,,,,,,,,,,,no_pattern_at_sr
2026-03-10T08:49:27.196977+00:00,XAUUSD.s,cobra,26551110,H1,HOLD,HOLD,NONE,0,25.730256166378556,0,,,,,,,,,,,,,,,,0.33,0.33,5180.96,5193.95,5175.02,5192.19,,,,,,,,5130.990001806596,5177.663333333334,0.12773548173844465,,,,,,none,True,,,,,,,,,,,,,,no_pattern_at_sr
2026-03-10T08:50:27.591591+00:00,USDJPY.s,cobra,26551110,H1,HOLD,HOLD,NONE,0,0.2579067064856679,0,,,,,,,,,,,,,,,,0.024,0.024,157.289,157.58,157.289,157.541,,,,,,,,157.91215693627288,157.3155,0.07948610673735083,,,,,,none,True,,,,,,,,,,,,,,no_pattern_at_sr
2026-03-10T08:50:27.606760+00:00,EURUSD.s,cobra,26551110,H1,HOLD,HOLD,NONE,0,0.0020013953588321116,0,,,,,,,,,,,,,,,,0.00019,0.00019,1.16596,1.1661,1.16467,1.16534,,,,,,,,1.159517979444266,1.16626,0.1349058789451513,,,,,,none,True,,,,,,,,,,,,,,no_pattern_at_sr
2026-03-10T08:50:27.621266+00:00,XAUUSD.s,cobra,26551110,H1,HOLD,HOLD,NONE,0,25.81311330923569,0,,,,,,,,,,,,,,,,0.32,0.32,5180.96,5195.11,5175.02,5192.17,,,,,,,,5130.990001806596,5177.663333333334,0.12732546544434115,,,,,,none,True,,,,,,,,,,,,,,no_pattern_at_sr
2026-03-10T08:51:28.423905+00:00,USDJPY.s,cobra,26551110,H1,HOLD,HOLD,NONE,0,0.2579067064856679,0,,,,,,,,,,,,,,,,0.023,0.023,157.289,157.58,157.289,157.567,,,,,,,,157.91215693627288,157.3155,0.07948610673735083,,,,,,none,True,,,,,,,,,,,,,,no_pattern_at_sr
2026-03-10T08:51:28.438289+00:00,EURUSD.s,cobra,26551110,H1,HOLD,HOLD,NONE,0,0.0020013953588321116,0,,,,,,,,,,,,,,,,0.00018,0.00018,1.16596,1.1661,1.16467,1.16498,,,,,,,,1.159517979444266,1.16626,0.1349058789451513,,,,,,none,True,,,,,,,,,,,,,,no_pattern_at_sr
2026-03-10T08:51:28.452874+00:00,XAUUSD.s,cobra,26551110,H1,HOLD,HOLD,NONE,0,25.81311330923569,0,,,,,,,,,,,,,,,,0.34,0.34,5180.96,5195.11,5175.02,5191.83,,,,,,,,5130.990001806596,5177.663333333334,0.12732546544434115,,,,,,none,True,,,,,,,,,,,,,,no_pattern_at_sr
2026-03-10T08:52:29.637701+00:00,USDJPY.s,cobra,26551110,H1,HOLD,HOLD,NONE,0,0.26040670648566766,0,,,,,,,,,,,,,,,,0.024,0.024,157.289,157.615,157.289,157.615,,,,,,,,157.91215693627288,157.3155,0.07872301092647432,,,,,,none,True,,,,,,,,,,,,,,no_pattern_at_sr
2026-03-10T08:52:29.655150+00:00,EURUSD.s,cobra,26551110,H1,HOLD,HOLD,NONE,0,0.0020013953588321116,0,,,,,,,,,,,,,,,,0.00018,0.00018,1.16596,1.1661,1.16467,1.16485,,,,,,,,1.159517979444266,1.16626,0.1349058789451513,,,,,,none,True,,,,,,,,,,,,,,no_pattern_at_sr
2026-03-10T08:52:29.670076+00:00,XAUUSD.s,cobra,26551110,H1,HOLD,HOLD,NONE,0,25.81311330923569,0,,,,,,,,,,,,,,,,0.3,0.3,5180.96,5195.11,5175.02,5192.27,,,,,,,,5130.990001806596,5177.663333333334,0.12732546544434115,,,,,,none,True,,,,,,,,,,,,,,no_pattern_at_sr
2026-03-10T08:54:10.772817+00:00,USDJPY.s,cobra,26551110,H1,HOLD,HOLD,NONE,0,0.2619781350570956,0,,,,,,,,,,,,,,,,0.024,0.024,157.289,157.637,157.289,157.631,,,,,,,,157.91215693627288,157.3155,0.07825080515032536,,,,,,none,True,,,,,,,,,,,,,,no_pattern_at_sr
2026-03-10T08:54:10.824597+00:00,EURUSD.s,cobra,26551110,H1,HOLD,HOLD,NONE,0,0.0020013953588321116,0,,,,,,,,,,,,,,,,0.00019,0.00019,1.16596,1.1661,1.16467,1.16502,,,,,,,,1.159517979444266,1.16626,0.1349058789451513,,,,,,none,True,,,,,,,,,,,,,,no_pattern_at_sr
2026-03-10T08:54:10.850354+00:00,XAUUSD.s,cobra,26551110,H1,HOLD,HOLD,NONE,0,25.81311330923569,0,,,,,,,,,,,,,,,,0.32,0.32,5180.96,5195.11,5175.02,5188.61,,,,,,,,5130.990001806596,5177.663333333334,0.12732546544434115,,,,,,none,True,,,,,,,,,,,,,,no_pattern_at_sr
2026-03-10T08:54:10.851020+00:00,USOUSD.s,cobra,26551110,H1,OUTSIDE_HOURS,OUTSIDE_HOURS,NONE,0,4.0655731331462945,0,,,,,,,,,,,,,,,,0.079,0.079,85.809,88.469,85.264,88.284,,,,,,,,,,,,,,,,,,,,,,,,,,,,,,,
2026-03-10T08:55:11.724980+00:00,USDJPY.s,cobra,26551110,H1,HOLD,HOLD,NONE,0,0.26326384934280994,0,,,,,,,,,,,,,,,,0.023,0.023,157.289,157.655,157.289,157.634,,,,,,,,157.91215693627288,157.3155,0.07786864794073668,,,,,,none,True,,,,,,,,,,,,,,no_pattern_at_sr
2026-03-10T08:55:11.739175+00:00,EURUSD.s,cobra,26551110,H1,HOLD,HOLD,NONE,0,0.0020013953588321116,0,,,,,,,,,,,,,,,,0.00018,0.00018,1.16596,1.1661,1.16467,1.1649,,,,,,,,1.159517979444266,1.16626,0.1349058789451513,,,,,,none,True,,,,,,,,,,,,,,no_pattern_at_sr
2026-03-10T08:55:11.754807+00:00,XAUUSD.s,cobra,26551110,H1,HOLD,HOLD,NONE,0,25.81311330923569,0,,,,,,,,,,,,,,,,0.34,0.34,5180.96,5195.11,5175.02,5188.91,,,,,,,,5130.990001806596,5177.663333333334,0.12732546544434115,,,,,,none,True,,,,,,,,,,,,,,no_pattern_at_sr
2026-03-10T08:56:12.147302+00:00,USDJPY.s,cobra,26551110,H1,HOLD,HOLD,NONE,0,0.26412099219995283,0,,,,,,,,,,,,,,,,0.024,0.024,157.289,157.667,157.289,157.666,,,,,,,,157.91215693627288,157.3155,0.07761594347063061,,,,,,none,True,,,,,,,,,,,,,,no_pattern_at_sr
2026-03-10T08:56:12.162150+00:00,EURUSD.s,cobra,26551110,H1,HOLD,HOLD,NONE,0,0.0020013953588321116,0,,,,,,,,,,,,,,,,0.00018,0.00018,1.16596,1.1661,1.16467,1.1648399999999999,,,,,,,,1.159517979444266,1.16626,0.1349058789451513,,,,,,none,True,,,,,,,,,,,,,,no_pattern_at_sr
2026-03-10T08:56:12.177891+00:00,XAUUSD.s,cobra,26551110,H1,HOLD,HOLD,NONE,0,25.81311330923569,0,,,,,,,,,,,,,,,,0.33,0.33,5180.96,5195.11,5175.02,5188.19,,,,,,,,5130.990001806596,5177.663333333334,0.12732546544434115,,,,,,none,True,,,,,,,,,,,,,,no_pattern_at_sr
2026-03-10T08:57:12.792627+00:00,USDJPY.s,cobra,26551110,H1,HOLD,HOLD,NONE,0,0.2653352779142382,0,,,,,,,,,,,,,,,,0.023,0.023,157.289,157.684,157.289,157.684,,,,,,,,157.91215693627288,157.3155,0.07726074030240497,,,,,,none,True,,,,,,,,,,,,,,no_pattern_at_sr
2026-03-10T08:57:12.808111+00:00,EURUSD.s,cobra,26551110,H1,HOLD,HOLD,NONE,0,0.00201496678740355,0,,,,,,,,,,,,,,,,0.00018,0.00018,1.16596,1.1661,1.16448,1.1645,,,,,,,,1.159517979444266,1.16626,0.13399724585431486,,,,,,none,True,,,,,,,,,,,,,,no_pattern_at_sr
2026-03-10T08:57:12.823156+00:00,XAUUSD.s,cobra,26551110,H1,HOLD,HOLD,NONE,0,25.81311330923569,0,,,,,,,,,,,,,,,,0.34,0.34,5180.96,5195.11,5175.02,5184.91,,,,,,,,5130.990001806596,5177.663333333334,0.12732546544434115,,,,,,none,True,,,,,,,,,,,,,,no_pattern_at_sr
2026-03-10T08:58:13.706871+00:00,USDJPY.s,cobra,26551110,H1,HOLD,HOLD,NONE,0,0.26540670648566717,0,,,,,,,,,,,,,,,,0.023,0.023,157.289,157.685,157.289,157.668,,,,,,,,157.91215693627288,157.3155,0.07723994721702888,,,,,,none,True,,,,,,,,,,,,,,no_pattern_at_sr
2026-03-10T08:58:13.722719+00:00,EURUSD.s,cobra,26551110,H1,HOLD,HOLD,NONE,0,0.002028538215974972,0,,,,,,,,,,,,,,,,0.00018,0.00018,1.16596,1.1661,1.16429,1.16438,,,,,,,,1.159517979444266,1.16626,0.13310077072924303,,,,,,none,True,,,,,,,,,,,,,,no_pattern_at_sr
2026-03-10T08:58:13.738269+00:00,XAUUSD.s,cobra,26551110,H1,HOLD,HOLD,NONE,0,25.81311330923569,0,,,,,,,,,,,,,,,,0.31,0.31,5180.96,5195.11,5175.02,5186.19,,,,,,,,5130.990001806596,5177.663333333334,0.12732546544434115,,,,,,none,True,,,,,,,,,,,,,,no_pattern_at_sr
2026-03-10T08:59:14.696017+00:00,USDJPY.s,cobra,26551110,H1,HOLD,HOLD,NONE,0,0.2664781350570948,0,,,,,,,,,,,,,,,,0.024,0.024,157.289,157.7,157.289,157.695,,,,,,,,157.91215693627288,157.3155,0.07692938858044072,,,,,,none,True,,,,,,,,,,,,,,no_pattern_at_sr
2026-03-10T08:59:14.710709+00:00,EURUSD.s,cobra,26551110,H1,HOLD,HOLD,NONE,0,0.0020306810731178277,0,,,,,,,,,,,,,,,,0.00018,0.00018,1.16596,1.1661,1.16426,1.16427,,,,,,,,1.159517979444266,1.16626,0.1329603173901873,,,,,,none,True,,,,,,,,,,,,,,no_pattern_at_sr
2026-03-10T08:59:14.725922+00:00,XAUUSD.s,cobra,26551110,H1,HOLD,HOLD,NONE,0,25.81311330923569,0,,,,,,,,,,,,,,,,0.34,0.34,5180.96,5195.11,5175.02,5183.81,,,,,,,,5130.990001806596,5177.663333333334,0.12732546544434115,,,,,,none,True,,,,,,,,,,,,,,no_pattern_at_sr
2026-03-10T09:00:15.634915+00:00,USDJPY.s,cobra,26551110,H1,HOLD,HOLD,NONE,0,0.24906133170873526,0,,,,,,,,,,,,,,,,0.024,0.024,157.689,157.704,157.686,157.688,,,,,,,,157.9034063814353,157.705,0.06424120472755984,,,,,,none,True,,,,,,,,,,,,,,no_pattern_at_sr
2026-03-10T09:00:15.648975+00:00,EURUSD.s,cobra,26551110,H1,HOLD,HOLD,NONE,0,0.0019004794028226126,0,,,,,,,,,,,,,,,,0.00019,0.00019,1.1645,1.1645,1.16432,1.1644,,,,,,,,1.159712943203397,1.16383,0.3472807961085323,,,,,,none,True,,,,,,,,,,,,,,no_pattern_at_sr
2026-03-10T09:00:15.663380+00:00,XAUUSD.s,cobra,26551110,H1,HOLD,HOLD,NONE,0,24.039320595162177,0,,,,,,,,,,,,,,,,0.32,0.32,5183.45,5183.97,5182.99,5183.19,,,,,,,,5133.04436066862,5177.663333333334,0.23946877549545695,,,,,,none,True,,,,,,,,,,,,,,no_pattern_at_sr
2026-03-10T09:01:16.050225+00:00,USDJPY.s,cobra,26551110,H1,HOLD,HOLD,NONE,0,0.2502756174230207,0,,,,,,,,,,,,,,,,0.024,0.024,157.689,157.712,157.677,157.706,,,,,,,,157.9034063814353,157.768,0.3156520032332211,,,,,,none,True,,,,,,,,,,,,,,no_pattern_at_sr
2026-03-10T09:01:16.064970+00:00,EURUSD.s,cobra,26551110,H1,HOLD,HOLD,NONE,0,0.0019004794028226126,0,,,,,,,,,,,,,,,,0.00018,0.00018,1.1645,1.1645,1.16432,1.16441,,,,,,,,1.159712943203397,1.16383,0.3472807961085323,,,,,,none,True,,,,,,,,,,,,,,no_pattern_at_sr
2026-03-10T09:01:16.079445+00:00,XAUUSD.s,cobra,26551110,H1,HOLD,HOLD,NONE,0,24.215034880876466,0,,,,,,,,,,,,,,,,0.32,0.32,5183.45,5183.97,5180.53,5183.0,,,,,,,,5133.04436066862,5177.663333333334,0.23773109124085814,,,,,,none,True,,,,,,,,,,,,,,no_pattern_at_sr
2026-03-10T09:02:16.551977+00:00,USDJPY.s,cobra,26551110,H1,HOLD,HOLD,NONE,0,0.2502756174230207,0,,,,,,,,,,,,,,,,0.024,0.024,157.689,157.712,157.677,157.695,,,,,,,,157.9034063814353,157.768,0.3156520032332211,,,,,,none,True,,,,,,,,,,,,,,no_pattern_at_sr
2026-03-10T09:02:16.566674+00:00,EURUSD.s,cobra,26551110,H1,HOLD,HOLD,NONE,0,0.0019019079742511934,0,,,,,,,,,,,,,,,,0.00019,0.00019,1.1645,1.1645,1.1643,1.16439,,,,,,,,1.159712943203397,1.16383,0.3470199446742189,,,,,,none,True,,,,,,,,,,,,,,no_pattern_at_sr
2026-03-10T09:02:16.580706+00:00,XAUUSD.s,cobra,26551110,H1,HOLD,HOLD,NONE,0,24.215034880876466,0,,,,,,,,,,,,,,,,0.31,0.31,5183.45,5183.97,5180.53,5181.14,,,,,,,,5133.04436066862,5177.663333333334,0.23773109124085814,,,,,,none,True,,,,,,,,,,,,,,no_pattern_at_sr
2026-03-10T09:03:16.963883+00:00,USDJPY.s,cobra,26551110,H1,HOLD,HOLD,NONE,0,0.25113276028016357,0,,,,,,,,,,,,,,,,0.023,0.023,157.689,157.712,157.665,157.679,,,,,,,,157.9034063814353,157.768,0.3145746493284085,,,,,,none,True,,,,,,,,,,,,,,no_pattern_at_sr
2026-03-10T09:03:16.978889+00:00,EURUSD.s,cobra,26551110,H1,HOLD,HOLD,NONE,0,0.0019083365456797593,0,,,,,,,,,,,,,,,,0.00018,0.00018,1.1645,1.16459,1.1643,1.1645699999999999,,,,,,,,1.159712943203397,1.16383,0.3458509462045698,,,,,,none,True,,,,,,,,,,,,,,no_pattern_at_sr
2026-03-10T09:03:16.993929+00:00,XAUUSD.s,cobra,26551110,H1,HOLD,HOLD,NONE,0,24.335749166590723,0,,,,,,,,,,,,,,,,0.31,0.31,5183.45,5185.66,5180.53,5185.29,,,,,,,,5133.04436066862,5177.663333333334,0.23655185740364354,,,,,,none,True,,,,,,,,,,,,,,no_pattern_at_sr
2026-03-10T09:04:17.960581+00:00,USDJPY.s,cobra,26551110,H1,HOLD,HOLD,NONE,0,0.25113276028016357,0,,,,,,,,,,,,,,,,0.024,0.024,157.689,157.712,157.665,157.677,,,,,,,,157.9034063814353,157.768,0.3145746493284085,,,,,,none,True,,,,,,,,,,,,,,no_pattern_at_sr
2026-03-10T09:04:17.987750+00:00,EURUSD.s,cobra,26551110,H1,HOLD,HOLD,NONE,0,0.0019126222599654698,0,,,,,,,,,,,,,,,,0.00018,0.00018,1.1645,1.16465,1.1643,1.16465,,,,,,,,1.159712943203397,1.16383,0.3450759796197397,,,,,,none,True,,,,,,,,,,,,,,no_pattern_at_sr
2026-03-10T09:04:18.022150+00:00,XAUUSD.s,cobra,26551110,H1,HOLD,HOLD,NONE,0,24.335749166590723,0,,,,,,,,,,,,,,,,0.32,0.32,5183.45,5185.66,5180.53,5184.27,,,,,,,,5133.04436066862,5177.663333333334,0.23655185740364354,,,,,,none,True,,,,,,,,,,,,,,no_pattern_at_sr
2026-03-10T09:04:18.022773+00:00,USOUSD.s,cobra,26551110,H1,OUTSIDE_HOURS,OUTSIDE_HOURS,NONE,0,3.8341954533625078,0,,,,,,,,,,,,,,,,0.079,0.079,88.569,88.733,88.059,88.139,,,,,,,,,,,,,,,,,,,,,,,,,,,,,,,
2026-03-10T09:05:18.902842+00:00,USDJPY.s,cobra,26551110,H1,HOLD,HOLD,NONE,0,0.25284704599444935,0,,,,,,,,,,,,,,,,0.024,0.024,157.689,157.712,157.641,157.662,,,,,,,,157.9034063814353,157.768,0.31244185467660945,,,,,,none,True,,,,,,,,,,,,,,no_pattern_at_sr
2026-03-10T09:05:18.918868+00:00,EURUSD.s,cobra,26551110,H1,HOLD,HOLD,NONE,0,0.00193905083139404,0,,,,,,,,,,,,,,,,0.00019,0.00019,1.1645,1.16502,1.1643,1.16482,,,,,,,,1.159712943203397,1.16383,0.3403727170605485,,,,,,none,True,,,,,,,,,,,,,,no_pattern_at_sr
2026-03-10T09:05:18.933445+00:00,XAUUSD.s,cobra,26551110,H1,HOLD,HOLD,NONE,0,24.395749166590733,0,,,,,,,,,,,,,,,,0.31,0.31,5183.45,5186.5,5180.53,5185.31,,,,,,,,5133.04436066862,5177.663333333334,0.2359700711527971,,,,,,none,True,,,,,,,,,,,,,,no_pattern_at_sr
2026-03-10T09:06:19.315496+00:00,USDJPY.s,cobra,26551110,H1,HOLD,HOLD,NONE,0,0.25284704599444935,0,,,,,,,,,,,,,,,,0.025,0.025,157.689,157.712,157.641,157.668,,,,,,,,157.9034063814353,157.768,0.31244185467660945,,,,,,none,True,,,,,,,,,,,,,,no_pattern_at_sr
2026-03-10T09:06:19.330483+00:00,EURUSD.s,cobra,26551110,H1,HOLD,HOLD,NONE,0,0.00193905083139404,0,,,,,,,,,,,,,,,,0.00019,0.00019,1.1645,1.16502,1.1643,1.16474,,,,,,,,1.159712943203397,1.16383,0.3403727170605485,,,,,,none,True,,,,,,,,,,,,,,no_pattern_at_sr
2026-03-10T09:06:19.345029+00:00,XAUUSD.s,cobra,26551110,H1,HOLD,HOLD,NONE,0,24.395749166590733,0,,,,,,,,,,,,,,,,0.34,0.34,5183.45,5186.5,5180.53,5185.11,,,,,,,,5133.04436066862,5177.663333333334,0.2359700711527971,,,,,,none,True,,,,,,,,,,,,,,no_pattern_at_sr
2026-03-10T09:07:19.772239+00:00,USDJPY.s,cobra,26551110,H1,HOLD,HOLD,NONE,0,0.25284704599444935,0,,,,,,,,,,,,,,,,0.025,0.025,157.689,157.712,157.641,157.678,,,,,,,,157.9034063814353,157.768,0.31244185467660945,,,,,,none,True,,,,,,,,,,,,,,no_pattern_at_sr
2026-03-10T09:07:19.786810+00:00,EURUSD.s,cobra,26551110,H1,HOLD,HOLD,NONE,0,0.00193905083139404,0,,,,,,,,,,,,,,,,0.00019,0.00019,1.1645,1.16502,1.1643,1.1648,,,,,,,,1.159712943203397,1.16383,0.3403727170605485,,,,,,none,True,,,,,,,,,,,,,,no_pattern_at_sr
2026-03-10T09:07:19.801045+00:00,XAUUSD.s,cobra,26551110,H1,HOLD,HOLD,NONE,0,24.395749166590733,0,,,,,,,,,,,,,,,,0.31,0.31,5183.45,5186.5,5180.53,5185.72,,,,,,,,5133.04436066862,5177.663333333334,0.2359700711527971,,,,,,none,True,,,,,,,,,,,,,,no_pattern_at_sr
2026-03-10T09:08:20.178598+00:00,USDJPY.s,cobra,26551110,H1,HOLD,HOLD,NONE,0,0.25284704599444935,0,,,,,,,,,,,,,,,,0.023,0.023,157.689,157.712,157.641,157.669,,,,,,,,157.9034063814353,157.768,0.31244185467660945,,,,,,none,True,,,,,,,,,,,,,,no_pattern_at_sr
2026-03-10T09:08:20.192724+00:00,EURUSD.s,cobra,26551110,H1,HOLD,HOLD,NONE,0,0.00193905083139404,0,,,,,,,,,,,,,,,,0.00018,0.00018,1.1645,1.16502,1.1643,1.16475,,,,,,,,1.159712943203397,1.16383,0.3403727170605485,,,,,,none,True,,,,,,,,,,,,,,no_pattern_at_sr
2026-03-10T09:08:20.206611+00:00,XAUUSD.s,cobra,26551110,H1,HOLD,HOLD,NONE,0,24.479320595162168,0,,,,,,,,,,,,,,,,0.34,0.34,5183.45,5187.67,5180.53,5186.66,,,,,,,,5133.04436066862,5177.663333333334,0.23516447869896734,,,,,,none,True,,,,,,,,,,,,,,no_pattern_at_sr
2026-03-10T09:09:20.574836+00:00,USDJPY.s,cobra,26551110,H1,HOLD,HOLD,NONE,0,0.25284704599444935,0,,,,,,,,,,,,,,,,0.024,0.024,157.689,157.712,157.641,157.668,,,,,,,,157.9034063814353,157.768,0.31244185467660945,,,,,,none,True,,,,,,,,,,,,,,no_pattern_at_sr
2026-03-10T09:09:20.589463+00:00,EURUSD.s,cobra,26551110,H1,HOLD,HOLD,NONE,0,0.001940479402822621,0,,,,,,,,,,,,,,,,0.00019,0.00019,1.1645,1.16504,1.1643,1.165,,,,,,,,1.159712943203397,1.16383,0.34012213633397453,,,,,,none,True,,,,,,,,,,,,,,no_pattern_at_sr
2026-03-10T09:09:20.603566+00:00,XAUUSD.s,cobra,26551110,H1,HOLD,HOLD,NONE,0,24.479320595162168,0,,,,,,,,,,,,,,,,0.34,0.34,5183.45,5187.67,5180.53,5185.83,,,,,,,,5133.04436066862,5177.663333333334,0.23516447869896734,,,,,,none,True,,,,,,,,,,,,,,no_pattern_at_sr
2026-03-10T09:10:20.980282+00:00,USDJPY.s,cobra,26551110,H1,HOLD,HOLD,NONE,0,0.25284704599444935,0,,,,,,,,,,,,,,,,0.023,0.023,157.689,157.712,157.641,157.661,,,,,,,,157.9034063814353,157.768,0.31244185467660945,,,,,,none,True,,,,,,,,,,,,,,no_pattern_at_sr
2026-03-10T09:10:20.994564+00:00,EURUSD.s,cobra,26551110,H1,HOLD,HOLD,NONE,0,0.0019433365456797665,0,,,,,,,,,,,,,,,,0.00019,0.00019,1.1645,1.1650800000000001,1.1643,1.165,,,,,,,,1.159712943203397,1.16383,0.3396220801113176,,,,,,none,True,,,,,,,,,,,,,,no_pattern_at_sr
2026-03-10T09:10:21.008907+00:00,XAUUSD.s,cobra,26551110,H1,HOLD,HOLD,NONE,0,24.479320595162168,0,,,,,,,,,,,,,,,,0.34,0.34,5183.45,5187.67,5180.53,5184.53,,,,,,,,5133.04436066862,5177.663333333334,0.23516447869896734,,,,,,none,True,,,,,,,,,,,,,,no_pattern_at_sr
2026-03-10T09:11:21.402238+00:00,USDJPY.s,cobra,26551110,H1,HOLD,HOLD,NONE,0,0.25284704599444935,0,,,,,,,,,,,,,,,,0.023,0.023,157.689,157.712,157.641,157.656,,,,,,,,157.9034063814353,157.768,0.31244185467660945,,,,,,none,True,,,,,,,,,,,,,,no_pattern_at_sr
2026-03-10T09:11:21.416241+00:00,EURUSD.s,cobra,26551110,H1,HOLD,HOLD,NONE,0,0.0019433365456797665,0,,,,,,,,,,,,,,,,0.00019,0.00019,1.1645,1.1650800000000001,1.1643,1.16496,,,,,,,,1.159712943203397,1.16383,0.3396220801113176,,,,,,none,True,,,,,,,,,,,,,,no_pattern_at_sr
2026-03-10T09:11:21.430616+00:00,XAUUSD.s,cobra,26551110,H1,HOLD,HOLD,NONE,0,24.511463452305012,0,,,,,,,,,,,,,,,,0.32,0.32,5183.45,5188.12,5180.53,5187.61,,,,,,,,5133.04436066862,5177.663333333334,0.23485609816270925,,,,,,none,True,,,,,,,,,,,,,,no_pattern_at_sr
2026-03-10T09:12:21.831365+00:00,USDJPY.s,cobra,26551110,H1,HOLD,HOLD,NONE,0,0.25391847456587696,0,,,,,,,,,,,,,,,,0.024,0.024,157.689,157.712,157.626,157.627,,,,,,,,157.9034063814353,157.768,0.31112348219275343,,,,,,none,True,,,,,,,,,,,,,,no_pattern_at_sr
2026-03-10T09:12:21.845899+00:00,EURUSD.s,cobra,26551110,H1,HOLD,HOLD,NONE,0,0.0019526222599654782,0,,,,,,,,,,,,,,,,0.00018,0.00018,1.1645,1.16521,1.1643,1.1652,,,,,,,,1.159712943203397,1.16383,0.33800700398231326,,,,,,none,True,,,,,,,,,,,,,,no_pattern_at_sr
2026-03-10T09:12:21.860324+00:00,XAUUSD.s,cobra,26551110,H1,HOLD,HOLD,NONE,0,24.552177738019274,0,,,,,,,,,,,,,,,,0.32,0.32,5183.45,5188.69,5180.53,5188.66,,,,,,,,5133.04436066862,5177.663333333334,0.23446664194483874,,,,,,none,True,,,,,,,,,,,,,,no_pattern_at_sr
2026-03-10T09:13:22.247982+00:00,USDJPY.s,cobra,26551110,H1,HOLD,HOLD,NONE,0,0.2554899031373049,0,,,,,,,,,,,,,,,,0.023,0.023,157.689,157.712,157.604,157.607,,,,,,,,157.9034063814353,157.768,0.3092098710356929,,,,,,none,True,,,,,,,,,,,,,,no_pattern_at_sr
2026-03-10T09:13:22.262270+00:00,EURUSD.s,cobra,26551110,H1,HOLD,HOLD,NONE,0,0.0019747651171083216,0,,,,,,,,,,,,,,,,0.00018,0.00018,1.1645,1.16552,1.1643,1.16552,,,,,,,,1.159712943203397,1.16383,0.3342169629604117,,,,,,none,True,,,,,,,,,,,,,,no_pattern_at_sr
2026-03-10T09:13:22.276537+00:00,XAUUSD.s,cobra,26551110,H1,HOLD,HOLD,NONE,0,24.597892023733586,0,,,,,,,,,,,,,,,,0.34,0.34,5183.45,5189.33,5180.53,5188.44,,,,,,,,5133.04436066862,5177.663333333334,0.23403089423727097,,,,,,none,True,,,,,,,,,,,,,,no_pattern_at_sr
2026-03-10T09:14:22.704479+00:00,USDJPY.s,cobra,26551110,H1,HOLD,HOLD,NONE,0,0.2573470459944485,0,,,,,,,,,,,,,,,,0.024,0.024,157.689,157.712,157.578,157.585,,,,,,,,157.9034063814353,157.768,0.306978460524905,,,,,,none,True,,,,,,,,,,,,,,no_pattern_at_sr
2026-03-10T09:14:22.719219+00:00,EURUSD.s,cobra,26551110,H1,HOLD,HOLD,NONE,0,0.001981907974251194,0,,,,,,,,,,,,,,,,0.00018,0.00018,1.1645,1.16562,1.1643,1.16562,,,,,,,,1.159712943203397,1.16383,0.3330124347723394,,,,,,none,True,,,,,,,,,,,,,,no_pattern_at_sr
2026-03-10T09:14:22.733661+00:00,XAUUSD.s,cobra,26551110,H1,HOLD,HOLD,NONE,0,24.597892023733586,0,,,,,,,,,,,,,,,,0.33,0.33,5183.45,5189.33,5180.53,5188.42,,,,,,,,5133.04436066862,5177.663333333334,0.23403089423727097,,,,,,none,True,,,,,,,,,,,,,,no_pattern_at_sr
2026-03-10T09:14:22.734223+00:00,USOUSD.s,cobra,26551110,H1,OUTSIDE_HOURS,OUTSIDE_HOURS,NONE,0,3.8891954533625075,0,,,,,,,,,,,,,,,,0.079,0.079,88.569,88.733,87.289,87.323,,,,,,,,,,,,,,,,,,,,,,,,,,,,,,,
2026-03-10T09:15:23.132421+00:00,USDJPY.s,cobra,26551110,H1,HOLD,HOLD,NONE,0,0.2573470459944485,0,,,,,,,,,,,,,,,,0.025,0.025,157.689,157.712,157.578,157.597,,,,,,,,157.9034063814353,157.768,0.306978460524905,,,,,,none,True,,,,,,,,,,,,,,no_pattern_at_sr
2026-03-10T09:15:23.146687+00:00,EURUSD.s,cobra,26551110,H1,HOLD,HOLD,NONE,0,0.001981907974251194,0,,,,,,,,,,,,,,,,0.00019,0.00019,1.1645,1.16562,1.1643,1.16538,,,,,,,,1.159712943203397,1.16383,0.3330124347723394,,,,,,none,True,,,,,,,,,,,,,,no_pattern_at_sr
2026-03-10T09:15:23.161370+00:00,XAUUSD.s,cobra,26551110,H1,HOLD,HOLD,NONE,0,24.597892023733586,0,,,,,,,,,,,,,,,,0.34,0.34,5183.45,5189.33,5180.53,5188.37,,,,,,,,5133.04436066862,5177.663333333334,0.23403089423727097,,,,,,none,True,,,,,,,,,,,,,,no_pattern_at_sr
2026-03-10T09:16:23.564802+00:00,USDJPY.s,cobra,26551110,H1,HOLD,HOLD,NONE,0,0.2582756174230203,0,,,,,,,,,,,,,,,,0.023,0.023,157.689,157.712,157.565,157.569,,,,,,,,157.9034063814353,157.768,0.3058747890654211,,,,,,none,True,,,,,,,,,,,,,,no_pattern_at_sr
2026-03-10T09:16:23.579155+00:00,EURUSD.s,cobra,26551110,H1,HOLD,HOLD,NONE,0,0.0019890508313940504,0,,,,,,,,,,,,,,,,0.00018,0.00018,1.1645,1.16572,1.1643,1.16563,,,,,,,,1.159712943203397,1.16383,0.3318165577184048,,,,,,none,True,,,,,,,,,,,,,,no_pattern_at_sr
2026-03-10T09:16:23.594410+00:00,XAUUSD.s,cobra,26551110,H1,HOLD,HOLD,NONE,0,24.597892023733586,0,,,,,,,,,,,,,,,,0.33,0.33,5183.45,5189.33,5180.53,5186.66,,,,,,,,5133.04436066862,5177.663333333334,0.23403089423727097,,,,,,none,True,,,,,,,,,,,,,,no_pattern_at_sr
2026-03-10T09:17:24.429217+00:00,USDJPY.s,cobra,26551110,H1,HOLD,HOLD,NONE,0,0.2582756174230203,0,,,,,,,,,,,,,,,,0.025,0.025,157.689,157.712,157.565,157.595,,,,,,,,157.9034063814353,157.768,0.3058747890654211,,,,,,none,True,,,,,,,,,,,,,,no_pattern_at_sr
2026-03-10T09:17:24.443996+00:00,EURUSD.s,cobra,26551110,H1,HOLD,HOLD,NONE,0,0.0019890508313940504,0,,,,,,,,,,,,,,,,0.00018,0.00018,1.1645,1.16572,1.1643,1.16519,,,,,,,,1.159712943203397,1.16383,0.3318165577184048,,,,,,none,True,,,,,,,,,,,,,,no_pattern_at_sr
2026-03-10T09:17:24.458776+00:00,XAUUSD.s,cobra,26551110,H1,HOLD,HOLD,NONE,0,24.597892023733586,0,,,,,,,,,,,,,,,,0.33,0.33,5183.45,5189.33,5180.53,5184.47,,,,,,,,5133.04436066862,5177.663333333334,0.23403089423727097,,,,,,none,True,,,,,,,,,,,,,,no_pattern_at_sr
2026-03-10T09:18:25.308927+00:00,USDJPY.s,cobra,26551110,H1,HOLD,HOLD,NONE,0,0.25891847456587647,0,,,,,,,,,,,,,,,,0.024,0.024,157.689,157.712,157.556,157.556,,,,,,,,157.9034063814353,157.768,0.3051153461817102,,,,,,none,True,,,,,,,,,,,,,,no_pattern_at_sr
2026-03-10T09:18:25.323420+00:00,EURUSD.s,cobra,26551110,H1,HOLD,HOLD,NONE,0,0.0019890508313940504,0,,,,,,,,,,,,,,,,0.00018,0.00018,1.1645,1.16572,1.1643,1.16554,,,,,,,,1.159712943203397,1.16383,0.3318165577184048,,,,,,none,True,,,,,,,,,,,,,,no_pattern_at_sr
2026-03-10T09:18:25.338863+00:00,XAUUSD.s,cobra,26551110,H1,HOLD,HOLD,NONE,0,24.597892023733586,0,,,,,,,,,,,,,,,,0.33,0.33,5183.45,5189.33,5180.53,5185.48,,,,,,,,5133.04436066862,5177.663333333334,0.23403089423727097,,,,,,none,True,,,,,,,,,,,,,,no_pattern_at_sr
2026-03-10T09:19:26.267492+00:00,USDJPY.s,cobra,26551110,H1,HOLD,HOLD,NONE,0,0.259275617423021,0,,,,,,,,,,,,,,,,0.024,0.024,157.689,157.712,157.551,157.567,,,,,,,,157.9034063814353,157.768,0.30469506074346864,,,,,,none,True,,,,,,,,,,,,,,no_pattern_at_sr
2026-03-10T09:19:26.281841+00:00,EURUSD.s,cobra,26551110,H1,HOLD,HOLD,NONE,0,0.0019890508313940504,0,,,,,,,,,,,,,,,,0.00018,0.00018,1.1645,1.16572,1.1643,1.16551,,,,,,,,1.159712943203397,1.16383,0.3318165577184048,,,,,,none,True,,,,,,,,,,,,,,no_pattern_at_sr
2026-03-10T09:19:26.296315+00:00,XAUUSD.s,cobra,26551110,H1,HOLD,HOLD,NONE,0,24.597892023733586,0,,,,,,,,,,,,,,,,0.34,0.34,5183.45,5189.33,5180.53,5185.37,,,,,,,,5133.04436066862,5177.663333333334,0.23403089423727097,,,,,,none,True,,,,,,,,,,,,,,no_pattern_at_sr
2026-03-10T09:20:26.713425+00:00,USDJPY.s,cobra,26551110,H1,HOLD,HOLD,NONE,0,0.259275617423021,0,,,,,,,,,,,,,,,,0.025,0.025,157.689,157.712,157.551,157.598,,,,,,,,157.9034063814353,157.768,0.30469506074346864,,,,,,none,True,,,,,,,,,,,,,,no_pattern_at_sr
2026-03-10T09:20:26.727223+00:00,EURUSD.s,cobra,26551110,H1,HOLD,HOLD,NONE,0,0.0019890508313940504,0,,,,,,,,,,,,,,,,0.00018,0.00018,1.1645,1.16572,1.1643,1.16532,,,,,,,,1.159712943203397,1.16383,0.3318165577184048,,,,,,none,True,,,,,,,,,,,,,,no_pattern_at_sr
2026-03-10T09:20:26.742241+00:00,XAUUSD.s,cobra,26551110,H1,HOLD,HOLD,NONE,0,24.597892023733586,0,,,,,,,,,,,,,,,,0.34,0.34,5183.45,5189.33,5180.53,5181.93,,,,,,,,5133.04436066862,5177.663333333334,0.23403089423727097,,,,,,none,True,,,,,,,,,,,,,,no_pattern_at_sr
2026-03-10T09:21:27.261068+00:00,USDJPY.s,cobra,26551110,H1,HOLD,HOLD,NONE,0,0.259275617423021,0,,,,,,,,,,,,,,,,0.025,0.025,157.689,157.712,157.551,157.61,,,,,,,,157.9034063814353,157.768,0.30469506074346864,,,,,,none,True,,,,,,,,,,,,,,no_pattern_at_sr
2026-03-10T09:21:27.275721+00:00,EURUSD.s,cobra,26551110,H1,HOLD,HOLD,NONE,0,0.0019890508313940504,0,,,,,,,,,,,,,,,,0.00019,0.00019,1.1645,1.16572,1.1643,1.1653,,,,,,,,1.159712943203397,1.16383,0.3318165577184048,,,,,,none,True,,,,,,,,,,,,,,no_pattern_at_sr
2026-03-10T09:21:27.290601+00:00,XAUUSD.s,cobra,26551110,H1,HOLD,HOLD,NONE,0,24.597892023733586,0,,,,,,,,,,,,,,,,0.34,0.34,5183.45,5189.33,5180.53,5182.72,,,,,,,,5133.04436066862,5177.663333333334,0.23403089423727097,,,,,,none,True,,,,,,,,,,,,,,no_pattern_at_sr
2026-03-10T09:22:27.701789+00:00,USDJPY.s,cobra,26551110,H1,HOLD,HOLD,NONE,0,0.259275617423021,0,,,,,,,,,,,,,,,,0.024,0.024,157.689,157.712,157.551,157.597,,,,,,,,157.9034063814353,157.768,0.30469506074346864,,,,,,none,True,,,,,,,,,,,,,,no_pattern_at_sr
2026-03-10T09:22:27.716316+00:00,EURUSD.s,cobra,26551110,H1,HOLD,HOLD,NONE,0,0.0019890508313940504,0,,,,,,,,,,,,,,,,0.00018,0.00018,1.1645,1.16572,1.1643,1.16537,,,,,,,,1.159712943203397,1.16383,0.3318165577184048,,,,,,none,True,,,,,,,,,,,,,,no_pattern_at_sr
2026-03-10T09:22:27.730210+00:00,XAUUSD.s,cobra,26551110,H1,HOLD,HOLD,NONE,0,24.597892023733586,0,,,,,,,,,,,,,,,,0.36,0.36,5183.45,5189.33,5180.53,5181.72,,,,,,,,5133.04436066862,5177.663333333334,0.23403089423727097,,,,,,none,True,,,,,,,,,,,,,,no_pattern_at_sr
2026-03-10T09:23:28.145228+00:00,USDJPY.s,cobra,26551110,H1,HOLD,HOLD,NONE,0,0.259275617423021,0,,,,,,,,,,,,,,,,0.023,0.023,157.689,157.712,157.551,157.597,,,,,,,,157.9034063814353,157.768,0.30469506074346864,,,,,,none,True,,,,,,,,,,,,,,no_pattern_at_sr
2026-03-10T09:23:28.160488+00:00,EURUSD.s,cobra,26551110,H1,HOLD,HOLD,NONE,0,0.0019890508313940504,0,,,,,,,,,,,,,,,,0.00019,0.00019,1.1645,1.16572,1.1643,1.1652,,,,,,,,1.159712943203397,1.16383,0.3318165577184048,,,,,,none,True,,,,,,,,,,,,,,no_pattern_at_sr
2026-03-10T09:23:28.174850+00:00,XAUUSD.s,cobra,26551110,H1,HOLD,HOLD,NONE,0,24.597892023733586,0,,,,,,,,,,,,,,,,0.34,0.34,5183.45,5189.33,5180.53,5183.76,,,,,,,,5133.04436066862,5177.663333333334,0.23403089423727097,,,,,,none,True,,,,,,,,,,,,,,no_pattern_at_sr
2026-03-10T09:24:28.549737+00:00,USDJPY.s,cobra,26551110,H1,HOLD,HOLD,NONE,0,0.259275617423021,0,,,,,,,,,,,,,,,,0.024,0.024,157.689,157.712,157.551,157.623,,,,,,,,157.9034063814353,157.768,0.30469506074346864,,,,,,none,True,,,,,,,,,,,,,,no_pattern_at_sr
2026-03-10T09:24:28.564123+00:00,EURUSD.s,cobra,26551110,H1,HOLD,HOLD,NONE,0,0.0019890508313940504,0,,,,,,,,,,,,,,,,0.00019,0.00019,1.1645,1.16572,1.1643,1.16503,,,,,,,,1.159712943203397,1.16383,0.3318165577184048,,,,,,none,True,,,,,,,,,,,,,,no_pattern_at_sr
2026-03-10T09:24:28.578547+00:00,XAUUSD.s,cobra,26551110,H1,HOLD,HOLD,NONE,0,24.597892023733586,0,,,,,,,,,,,,,,,,0.33,0.33,5183.45,5189.33,5180.53,5184.13,,,,,,,,5133.04436066862,5177.663333333334,0.23403089423727097,,,,,,none,True,,,,,,,,,,,,,,no_pattern_at_sr
2026-03-10T09:24:28.578957+00:00,USOUSD.s,cobra,26551110,H1,OUTSIDE_HOURS,OUTSIDE_HOURS,NONE,0,3.92955259621965,0,,,,,,,,,,,,,,,,0.079,0.079,88.569,88.733,86.724,87.534,,,,,,,,,,,,,,,,,,,,,,,,,,,,,,,
2026-03-10T09:25:28.954824+00:00,USDJPY.s,cobra,26551110,H1,HOLD,HOLD,NONE,0,0.259275617423021,0,,,,,,,,,,,,,,,,0.024,0.024,157.689,157.712,157.551,157.592,,,,,,,,157.9034063814353,157.768,0.30469506074346864,,,,,,none,True,,,,,,,,,,,,,,no_pattern_at_sr
2026-03-10T09:25:28.969632+00:00,EURUSD.s,cobra,26551110,H1,HOLD,HOLD,NONE,0,0.0019890508313940504,0,,,,,,,,,,,,,,,,0.00018,0.00018,1.1645,1.16572,1.1643,1.1654200000000001,,,,,,,,1.159712943203397,1.16383,0.3318165577184048,,,,,,none,True,,,,,,,,,,,,,,no_pattern_at_sr
2026-03-10T09:25:28.984102+00:00,XAUUSD.s,cobra,26551110,H1,HOLD,HOLD,NONE,0,24.597892023733586,0,,,,,,,,,,,,,,,,0.33,0.33,5183.45,5189.33,5180.53,5184.5,,,,,,,,5133.04436066862,5177.663333333334,0.23403089423727097,,,,,,none,True,,,,,,,,,,,,,,no_pattern_at_sr
2026-03-10T09:26:29.368586+00:00,USDJPY.s,cobra,26551110,H1,HOLD,HOLD,NONE,0,0.259275617423021,0,,,,,,,,,,,,,,,,0.024,0.024,157.689,157.712,157.551,157.606,,,,,,,,157.9034063814353,157.768,0.30469506074346864,,,,,,none,True,,,,,,,,,,,,,,no_pattern_at_sr
2026-03-10T09:26:29.382509+00:00,EURUSD.s,cobra,26551110,H1,HOLD,HOLD,NONE,0,0.0019890508313940504,0,,,,,,,,,,,,,,,,0.00019,0.00019,1.1645,1.16572,1.1643,1.16521,,,,,,,,1.159712943203397,1.16383,0.3318165577184048,,,,,,none,True,,,,,,,,,,,,,,no_pattern_at_sr
2026-03-10T09:26:29.396635+00:00,XAUUSD.s,cobra,26551110,H1,HOLD,HOLD,NONE,0,24.597892023733586,0,,,,,,,,,,,,,,,,0.32,0.32,5183.45,5189.33,5180.53,5183.77,,,,,,,,5133.04436066862,5177.663333333334,0.23403089423727097,,,,,,none,True,,,,,,,,,,,,,,no_pattern_at_sr
2026-03-10T09:27:29.774877+00:00,USDJPY.s,cobra,26551110,H1,HOLD,HOLD,NONE,0,0.259275617423021,0,,,,,,,,,,,,,,,,0.023,0.023,157.689,157.712,157.551,157.618,,,,,,,,157.9034063814353,157.768,0.30469506074346864,,,,,,none,True,,,,,,,,,,,,,,no_pattern_at_sr
2026-03-10T09:27:29.788516+00:00,EURUSD.s,cobra,26551110,H1,HOLD,HOLD,NONE,0,0.0019890508313940504,0,,,,,,,,,,,,,,,,0.00019,0.00019,1.1645,1.16572,1.1643,1.16495,,,,,,,,1.159712943203397,1.16383,0.3318165577184048,,,,,,none,True,,,,,,,,,,,,,,no_pattern_at_sr
2026-03-10T09:27:29.802767+00:00,XAUUSD.s,cobra,26551110,H1,HOLD,HOLD,NONE,0,24.597892023733586,0,,,,,,,,,,,,,,,,0.34,0.34,5183.45,5189.33,5180.53,5183.06,,,,,,,,5133.04436066862,5177.663333333334,0.23403089423727097,,,,,,none,True,,,,,,,,,,,,,,no_pattern_at_sr
2026-03-10T09:28:30.200837+00:00,USDJPY.s,cobra,26551110,H1,HOLD,HOLD,NONE,0,0.259275617423021,0,,,,,,,,,,,,,,,,0.023,0.023,157.689,157.712,157.551,157.612,,,,,,,,157.9034063814353,157.768,0.30469506074346864,,,,,,none,True,,,,,,,,,,,,,,no_pattern_at_sr
2026-03-10T09:28:30.217135+00:00,EURUSD.s,cobra,26551110,H1,HOLD,HOLD,NONE,0,0.0019890508313940504,0,,,,,,,,,,,,,,,,0.00019,0.00019,1.1645,1.16572,1.1643,1.16511,,,,,,,,1.159712943203397,1.16383,0.3318165577184048,,,,,,none,True,,,,,,,,,,,,,,no_pattern_at_sr
2026-03-10T09:28:30.230939+00:00,XAUUSD.s,cobra,26551110,H1,HOLD,HOLD,NONE,0,24.597892023733586,0,,,,,,,,,,,,,,,,0.3,0.3,5183.45,5189.33,5180.53,5184.08,,,,,,,,5133.04436066862,5177.663333333334,0.23403089423727097,,,,,,none,True,,,,,,,,,,,,,,no_pattern_at_sr
2026-03-10T09:29:30.654709+00:00,USDJPY.s,cobra,26551110,H1,HOLD,HOLD,NONE,0,0.259275617423021,0,,,,,,,,,,,,,,,,0.023,0.023,157.689,157.712,157.551,157.597,,,,,,,,157.9034063814353,157.768,0.30469506074346864,,,,,,none,True,,,,,,,,,,,,,,no_pattern_at_sr
2026-03-10T09:29:30.669571+00:00,EURUSD.s,cobra,26551110,H1,HOLD,HOLD,NONE,0,0.0019890508313940504,0,,,,,,,,,,,,,,,,0.00018,0.00018,1.1645,1.16572,1.1643,1.16525,,,,,,,,1.159712943203397,1.16383,0.3318165577184048,,,,,,none,True,,,,,,,,,,,,,,no_pattern_at_sr
2026-03-10T09:29:30.685338+00:00,XAUUSD.s,cobra,26551110,H1,HOLD,HOLD,NONE,0,24.597892023733586,0,,,,,,,,,,,,,,,,0.34,0.34,5183.45,5189.33,5180.53,5186.53,,,,,,,,5133.04436066862,5177.663333333334,0.23403089423727097,,,,,,none,True,,,,,,,,,,,,,,no_pattern_at_sr
2026-03-10T09:30:31.119802+00:00,USDJPY.s,cobra,26551110,H1,HOLD,HOLD,NONE,0,0.259275617423021,0,,,,,,,,,,,,,,,,0.023,0.023,157.689,157.712,157.551,157.582,,,,,,,,157.9034063814353,157.768,0.30469506074346864,,,,,,none,True,,,,,,,,,,,,,,no_pattern_at_sr
2026-03-10T09:30:31.134181+00:00,EURUSD.s,cobra,26551110,H1,HOLD,HOLD,NONE,0,0.0019890508313940504,0,,,,,,,,,,,,,,,,0.00018,0.00018,1.1645,1.16572,1.1643,1.1654200000000001,,,,,,,,1.159712943203397,1.16383,0.3318165577184048,,,,,,none,True,,,,,,,,,,,,,,no_pattern_at_sr
2026-03-10T09:30:31.148448+00:00,XAUUSD.s,cobra,26551110,H1,HOLD,HOLD,NONE,0,24.597892023733586,0,,,,,,,,,,,,,,,,0.34,0.34,5183.45,5189.33,5180.53,5184.63,,,,,,,,5133.04436066862,5177.663333333334,0.23403089423727097,,,,,,none,True,,,,,,,,,,,,,,no_pattern_at_sr
2026-03-10T09:31:31.641643+00:00,USDJPY.s,cobra,26551110,H1,HOLD,HOLD,NONE,0,0.259275617423021,0,,,,,,,,,,,,,,,,0.024,0.024,157.689,157.712,157.551,157.58,,,,,,,,157.9034063814353,157.768,0.30469506074346864,,,,,,none,True,,,,,,,,,,,,,,no_pattern_at_sr
2026-03-10T09:31:31.658231+00:00,EURUSD.s,cobra,26551110,H1,HOLD,HOLD,NONE,0,0.0019890508313940504,0,,,,,,,,,,,,,,,,0.00018,0.00018,1.1645,1.16572,1.1643,1.16541,,,,,,,,1.159712943203397,1.16383,0.3318165577184048,,,,,,none,True,,,,,,,,,,,,,,no_pattern_at_sr
2026-03-10T09:31:31.672581+00:00,XAUUSD.s,cobra,26551110,H1,HOLD,HOLD,NONE,0,24.597892023733586,0,,,,,,,,,,,,,,,,0.32,0.32,5183.45,5189.33,5180.53,5184.93,,,,,,,,5133.04436066862,5177.663333333334,0.23403089423727097,,,,,,none,True,,,,,,,,,,,,,,no_pattern_at_sr
2026-03-10T09:32:32.145949+00:00,USDJPY.s,cobra,26551110,H1,HOLD,HOLD,NONE,0,0.259275617423021,0,,,,,,,,,,,,,,,,0.024,0.024,157.689,157.712,157.551,157.595,,,,,,,,157.9034063814353,157.768,0.30469506074346864,,,,,,none,True,,,,,,,,,,,,,,no_pattern_at_sr
2026-03-10T09:32:32.162486+00:00,EURUSD.s,cobra,26551110,H1,HOLD,HOLD,NONE,0,0.0019890508313940504,0,,,,,,,,,,,,,,,,0.00019,0.00019,1.1645,1.16572,1.1643,1.16535,,,,,,,,1.159712943203397,1.16383,0.3318165577184048,,,,,,none,True,,,,,,,,,,,,,,no_pattern_at_sr
2026-03-10T09:32:32.176945+00:00,XAUUSD.s,cobra,26551110,H1,HOLD,HOLD,NONE,0,24.597892023733586,0,,,,,,,,,,,,,,,,0.34,0.34,5183.45,5189.33,5180.53,5184.48,,,,,,,,5133.04436066862,5177.663333333334,0.23403089423727097,,,,,,none,True,,,,,,,,,,,,,,no_pattern_at_sr
2026-03-10T09:33:32.565049+00:00,USDJPY.s,cobra,26551110,H1,HOLD,HOLD,NONE,0,0.259275617423021,0,,,,,,,,,,,,,,,,0.024,0.024,157.689,157.712,157.551,157.557,,,,,,,,157.9034063814353,157.768,0.30469506074346864,,,,,,none,True,,,,,,,,,,,,,,no_pattern_at_sr
2026-03-10T09:33:32.580744+00:00,EURUSD.s,cobra,26551110,H1,HOLD,HOLD,NONE,0,0.0019890508313940504,0,,,,,,,,,,,,,,,,0.00018,0.00018,1.1645,1.16572,1.1643,1.16546,,,,,,,,1.159712943203397,1.16383,0.3318165577184048,,,,,,none,True,,,,,,,,,,,,,,no_pattern_at_sr
2026-03-10T09:33:32.595321+00:00,XAUUSD.s,cobra,26551110,H1,HOLD,HOLD,NONE,0,24.597892023733586,0,,,,,,,,,,,,,,,,0.31,0.31,5183.45,5189.33,5180.53,5186.85,,,,,,,,5133.04436066862,5177.663333333334,0.23403089423727097,,,,,,none,True,,,,,,,,,,,,,,no_pattern_at_sr
2026-03-10T09:34:32.971975+00:00,USDJPY.s,cobra,26551110,H1,HOLD,HOLD,NONE,0,0.259275617423021,0,,,,,,,,,,,,,,,,0.023,0.023,157.689,157.712,157.551,157.583,,,,,,,,157.9034063814353,157.768,0.30469506074346864,,,,,,none,True,,,,,,,,,,,,,,no_pattern_at_sr
2026-03-10T09:34:32.986846+00:00,EURUSD.s,cobra,26551110,H1,HOLD,HOLD,NONE,0,0.0019890508313940504,0,,,,,,,,,,,,,,,,0.00018,0.00018,1.1645,1.16572,1.1643,1.16531,,,,,,,,1.159712943203397,1.16383,0.3318165577184048,,,,,,none,True,,,,,,,,,,,,,,no_pattern_at_sr
2026-03-10T09:34:33.002347+00:00,XAUUSD.s,cobra,26551110,H1,HOLD,HOLD,NONE,0,24.597892023733586,0,,,,,,,,,,,,,,,,0.34,0.34,5183.45,5189.33,5180.53,5186.72,,,,,,,,5133.04436066862,5177.663333333334,0.23403089423727097,,,,,,none,True,,,,,,,,,,,,,,no_pattern_at_sr
2026-03-10T09:34:33.002823+00:00,USOUSD.s,cobra,26551110,H1,OUTSIDE_HOURS,OUTSIDE_HOURS,NONE,0,3.92955259621965,0,,,,,,,,,,,,,,,,0.079,0.079,88.569,88.733,86.724,87.329,,,,,,,,,,,,,,,,,,,,,,,,,,,,,,,
2026-03-10T09:35:33.390636+00:00,USDJPY.s,cobra,26551110,H1,HOLD,HOLD,NONE,0,0.259275617423021,0,,,,,,,,,,,,,,,,0.025,0.025,157.689,157.712,157.551,157.583,,,,,,,,157.9034063814353,157.768,0.30469506074346864,,,,,,none,True,,,,,,,,,,,,,,no_pattern_at_sr
2026-03-10T09:35:33.405298+00:00,EURUSD.s,cobra,26551110,H1,HOLD,HOLD,NONE,0,0.0019890508313940504,0,,,,,,,,,,,,,,,,0.00019,0.00019,1.1645,1.16572,1.1643,1.1652,,,,,,,,1.159712943203397,1.16383,0.3318165577184048,,,,,,none,True,,,,,,,,,,,,,,no_pattern_at_sr
2026-03-10T09:35:33.419793+00:00,XAUUSD.s,cobra,26551110,H1,HOLD,HOLD,NONE,0,24.597892023733586,0,,,,,,,,,,,,,,,,0.33,0.33,5183.45,5189.33,5180.53,5185.12,,,,,,,,5133.04436066862,5177.663333333334,0.23403089423727097,,,,,,none,True,,,,,,,,,,,,,,no_pattern_at_sr
2026-03-10T09:36:34.284859+00:00,USDJPY.s,cobra,26551110,H1,HOLD,HOLD,NONE,0,0.259275617423021,0,,,,,,,,,,,,,,,,0.024,0.024,157.689,157.712,157.551,157.566,,,,,,,,157.9034063814353,157.768,0.30469506074346864,,,,,,none,True,,,,,,,,,,,,,,no_pattern_at_sr
2026-03-10T09:36:34.300784+00:00,EURUSD.s,cobra,26551110,H1,HOLD,HOLD,NONE,0,0.0019890508313940504,0,,,,,,,,,,,,,,,,0.00019,0.00019,1.1645,1.16572,1.1643,1.1653,,,,,,,,1.159712943203397,1.16383,0.3318165577184048,,,,,,none,True,,,,,,,,,,,,,,no_pattern_at_sr
2026-03-10T09:36:34.316709+00:00,XAUUSD.s,cobra,26551110,H1,HOLD,HOLD,NONE,0,24.597892023733586,0,,,,,,,,,,,,,,,,0.34,0.34,5183.45,5189.33,5180.53,5182.24,,,,,,,,5133.04436066862,5177.663333333334,0.23403089423727097,,,,,,none,True,,,,,,,,,,,,,,no_pattern_at_sr
2026-03-10T09:37:35.193885+00:00,USDJPY.s,cobra,26551110,H1,HOLD,HOLD,NONE,0,0.259275617423021,0,,,,,,,,,,,,,,,,0.023,0.023,157.689,157.712,157.551,157.577,,,,,,,,157.9034063814353,157.768,0.30469506074346864,,,,,,none,True,,,,,,,,,,,,,,no_pattern_at_sr
2026-03-10T09:37:35.208051+00:00,EURUSD.s,cobra,26551110,H1,HOLD,HOLD,NONE,0,0.0019890508313940504,0,,,,,,,,,,,,,,,,0.00018,0.00018,1.1645,1.16572,1.1643,1.16529,,,,,,,,1.159712943203397,1.16383,0.3318165577184048,,,,,,none,True,,,,,,,,,,,,,,no_pattern_at_sr
2026-03-10T09:37:35.222338+00:00,XAUUSD.s,cobra,26551110,H1,HOLD,HOLD,NONE,0,24.597892023733586,0,,,,,,,,,,,,,,,,0.32,0.32,5183.45,5189.33,5180.53,5182.82,,,,,,,,5133.04436066862,5177.663333333334,0.23403089423727097,,,,,,none,True,,,,,,,,,,,,,,no_pattern_at_sr
2026-03-10T09:38:35.583664+00:00,USDJPY.s,cobra,26551110,H1,HOLD,HOLD,NONE,0,0.259275617423021,0,,,,,,,,,,,,,,,,0.033,0.033,157.689,157.712,157.551,157.572,,,,,,,,157.9034063814353,157.768,0.30469506074346864,,,,,,none,True,,,,,,,,,,,,,,no_pattern_at_sr
2026-03-10T09:38:35.598619+00:00,EURUSD.s,cobra,26551110,H1,HOLD,HOLD,NONE,0,0.0019890508313940504,0,,,,,,,,,,,,,,,,0.00019,0.00019,1.1645,1.16572,1.1643,1.1653,,,,,,,,1.159712943203397,1.16383,0.3318165577184048,,,,,,none,True,,,,,,,,,,,,,,no_pattern_at_sr
2026-03-10T09:38:35.613918+00:00,XAUUSD.s,cobra,26551110,H1,HOLD,HOLD,NONE,0,24.597892023733586,0,,,,,,,,,,,,,,,,0.34,0.34,5183.45,5189.33,5180.53,5183.21,,,,,,,,5133.04436066862,5177.663333333334,0.23403089423727097,,,,,,none,True,,,,,,,,,,,,,,no_pattern_at_sr
2026-03-10T09:39:36.115632+00:00,USDJPY.s,cobra,26551110,H1,HOLD,HOLD,NONE,0,0.2594184745658768,0,,,,,,,,,,,,,,,,0.023,0.023,157.689,157.712,157.549,157.559,,,,,,,,157.9034063814353,157.768,0.304527270589383,,,,,,none,True,,,,,,,,,,,,,,no_pattern_at_sr
2026-03-10T09:39:36.129656+00:00,EURUSD.s,cobra,26551110,H1,HOLD,HOLD,NONE,0,0.0019890508313940504,0,,,,,,,,,,,,,,,,0.00019,0.00019,1.1645,1.16572,1.1643,1.16536,,,,,,,,1.159712943203397,1.16383,0.3318165577184048,,,,,,none,True,,,,,,,,,,,,,,no_pattern_at_sr
2026-03-10T09:39:36.143882+00:00,XAUUSD.s,cobra,26551110,H1,HOLD,HOLD,NONE,0,24.597892023733586,0,,,,,,,,,,,,,,,,0.31,0.31,5183.45,5189.33,5180.53,5182.78,,,,,,,,5133.04436066862,5177.663333333334,0.23403089423727097,,,,,,none,True,,,,,,,,,,,,,,no_pattern_at_sr
2026-03-10T09:40:36.644412+00:00,USDJPY.s,cobra,26551110,H1,HOLD,HOLD,NONE,0,0.2594184745658768,0,,,,,,,,,,,,,,,,0.025,0.025,157.689,157.712,157.549,157.591,,,,,,,,157.9034063814353,157.768,0.304527270589383,,,,,,none,True,,,,,,,,,,,,,,no_pattern_at_sr
2026-03-10T09:40:36.658961+00:00,EURUSD.s,cobra,26551110,H1,HOLD,HOLD,NONE,0,0.0019890508313940504,0,,,,,,,,,,,,,,,,0.00018,0.00018,1.1645,1.16572,1.1643,1.16515,,,,,,,,1.159712943203397,1.16383,0.3318165577184048,,,,,,none,True,,,,,,,,,,,,,,no_pattern_at_sr
2026-03-10T09:40:36.674035+00:00,XAUUSD.s,cobra,26551110,H1,HOLD,HOLD,NONE,0,24.597892023733586,0,,,,,,,,,,,,,,,,0.32,0.32,5183.45,5189.33,5180.53,5183.05,,,,,,,,5133.04436066862,5177.663333333334,0.23403089423727097,,,,,,none,True,,,,,,,,,,,,,,no_pattern_at_sr
2026-03-10T09:41:37.509235+00:00,USDJPY.s,cobra,26551110,H1,HOLD,HOLD,NONE,0,0.2594184745658768,0,,,,,,,,,,,,,,,,0.025,0.025,157.689,157.712,157.549,157.579,,,,,,,,157.9034063814353,157.768,0.304527270589383,,,,,,none,True,,,,,,,,,,,,,,no_pattern_at_sr
2026-03-10T09:41:37.523711+00:00,EURUSD.s,cobra,26551110,H1,HOLD,HOLD,NONE,0,0.0019890508313940504,0,,,,,,,,,,,,,,,,0.00018,0.00018,1.1645,1.16572,1.1643,1.1654200000000001,,,,,,,,1.159712943203397,1.16383,0.3318165577184048,,,,,,none,True,,,,,,,,,,,,,,no_pattern_at_sr
2026-03-10T09:41:37.539114+00:00,XAUUSD.s,cobra,26551110,H1,HOLD,HOLD,NONE,0,24.597892023733586,0,,,,,,,,,,,,,,,,0.37,0.37,5183.45,5189.33,5180.53,5184.38,,,,,,,,5133.04436066862,5177.663333333334,0.23403089423727097,,,,,,none,True,,,,,,,,,,,,,,no_pattern_at_sr
2026-03-10T09:42:38.328400+00:00,USDJPY.s,cobra,26551110,H1,HOLD,HOLD,NONE,0,0.2594184745658768,0,,,,,,,,,,,,,,,,0.024,0.024,157.689,157.712,157.549,157.553,,,,,,,,157.9034063814353,157.768,0.304527270589383,,,,,,none,True,,,,,,,,,,,,,,no_pattern_at_sr
2026-03-10T09:42:38.343205+00:00,EURUSD.s,cobra,26551110,H1,HOLD,HOLD,NONE,0,0.0019890508313940504,0,,,,,,,,,,,,,,,,0.00018,0.00018,1.1645,1.16572,1.1643,1.16562,,,,,,,,1.159712943203397,1.16383,0.3318165577184048,,,,,,none,True,,,,,,,,,,,,,,no_pattern_at_sr
2026-03-10T09:42:38.358401+00:00,XAUUSD.s,cobra,26551110,H1,HOLD,HOLD,NONE,0,24.597892023733586,0,,,,,,,,,,,,,,,,0.32,0.32,5183.45,5189.33,5180.53,5184.26,,,,,,,,5133.04436066862,5177.663333333334,0.23403089423727097,,,,,,none,True,,,,,,,,,,,,,,no_pattern_at_sr
2026-03-10T09:43:39.411431+00:00,USDJPY.s,cobra,26551110,H1,HOLD,HOLD,NONE,0,0.2602041888515908,0,,,,,,,,,,,,,,,,0.023,0.023,157.689,157.712,157.538,157.555,,,,,,,,157.9034063814353,157.768,0.30360771803357056,,,,,,none,True,,,,,,,,,,,,,,no_pattern_at_sr
2026-03-10T09:43:39.425997+00:00,EURUSD.s,cobra,26551110,H1,HOLD,HOLD,NONE,0,0.0019890508313940504,0,,,,,,,,,,,,,,,,0.00019,0.00019,1.1645,1.16572,1.1643,1.16559,,,,,,,,1.159712943203397,1.16383,0.3318165577184048,,,,,,none,True,,,,,,,,,,,,,,no_pattern_at_sr
2026-03-10T09:43:39.440876+00:00,XAUUSD.s,cobra,26551110,H1,HOLD,HOLD,NONE,0,24.597892023733586,0,,,,,,,,,,,,,,,,0.33,0.33,5183.45,5189.33,5180.53,5185.49,,,,,,,,5133.04436066862,5177.663333333334,0.23403089423727097,,,,,,none,True,,,,,,,,,,,,,,no_pattern_at_sr
2026-03-10T09:44:40.077782+00:00,USDJPY.s,cobra,26551110,H1,HOLD,HOLD,NONE,0,0.2602041888515908,0,,,,,,,,,,,,,,,,0.024,0.024,157.689,157.712,157.538,157.545,,,,,,,,157.9034063814353,157.768,0.30360771803357056,,,,,,none,True,,,,,,,,,,,,,,no_pattern_at_sr
2026-03-10T09:44:40.103069+00:00,EURUSD.s,cobra,26551110,H1,HOLD,HOLD,NONE,0,0.0019940508313940355,0,,,,,,,,,,,,,,,,0.00018,0.00018,1.1645,1.1657899999999999,1.1643,1.16573,,,,,,,,1.159712943203397,1.16383,0.33098454142149464,,,,,,none,True,,,,,,,,,,,,,,no_pattern_at_sr
2026-03-10T09:44:40.121325+00:00,XAUUSD.s,cobra,26551110,H1,HOLD,HOLD,NONE,0,24.597892023733586,0,,,,,,,,,,,,,,,,0.32,0.32,5183.45,5189.33,5180.53,5187.2,,,,,,,,5133.04436066862,5177.663333333334,0.23403089423727097,,,,,,none,True,,,,,,,,,,,,,,no_pattern_at_sr
2026-03-10T09:44:40.121877+00:00,USOUSD.s,cobra,26551110,H1,OUTSIDE_HOURS,OUTSIDE_HOURS,NONE,0,3.9863383105053645,0,,,,,,,,,,,,,,,,0.079,0.079,88.569,88.733,85.929,86.569,,,,,,,,,,,,,,,,,,,,,,,,,,,,,,,
2026-03-10T09:45:40.937072+00:00,USDJPY.s,cobra,26551110,H1,HOLD,HOLD,NONE,0,0.2602041888515908,0,,,,,,,,,,,,,,,,0.024,0.024,157.689,157.712,157.538,157.553,,,,,,,,157.9034063814353,157.768,0.30360771803357056,,,,,,none,True,,,,,,,,,,,,,,no_pattern_at_sr
2026-03-10T09:45:40.951558+00:00,EURUSD.s,cobra,26551110,H1,HOLD,HOLD,NONE,0,0.0019954794028226165,0,,,,,,,,,,,,,,,,0.00018,0.00018,1.1645,1.16581,1.1643,1.16581,,,,,,,,1.159712943203397,1.16383,0.33074758830711626,,,,,,none,True,,,,,,,,,,,,,,no_pattern_at_sr
2026-03-10T09:45:40.966854+00:00,XAUUSD.s,cobra,26551110,H1,HOLD,HOLD,NONE,0,24.597892023733586,0,,,,,,,,,,,,,,,,0.32,0.32,5183.45,5189.33,5180.53,5188.81,,,,,,,,5133.04436066862,5177.663333333334,0.23403089423727097,,,,,,none,True,,,,,,,,,,,,,,no_pattern_at_sr
2026-03-10T09:46:24.986351+00:00,USDJPY.s,cobra,26551110,H1,HOLD,HOLD,NONE,0,0.2602041888515908,0,,,,,,,,,,,,,,,,0.024,0.024,157.689,157.712,157.538,157.581,,,,,,,,157.9034063814353,157.768,0.30360771803357056,,,,,,none,True,,,,,,,,,,,,,,no_pattern_at_sr
2026-03-10T09:46:25.018268+00:00,EURUSD.s,cobra,26551110,H1,HOLD,HOLD,NONE,0,0.0019954794028226165,0,,,,,,,,,,,,,,,,0.00018,0.00018,1.1645,1.16581,1.1643,1.16566,,,,,,,,1.159712943203397,1.16383,0.33074758830711626,,,,,,none,True,,,,,,,,,,,,,,no_pattern_at_sr
2026-03-10T09:46:25.033318+00:00,XAUUSD.s,cobra,26551110,H1,HOLD,HOLD,NONE,0,24.597892023733586,0,,,,,,,,,,,,,,,,0.31,0.31,5183.45,5189.33,5180.53,5188.72,,,,,,,,5133.04436066862,5177.663333333334,0.23403089423727097,,,,,,none,True,,,,,,,,,,,,,,no_pattern_at_sr
2026-03-10T09:46:25.033726+00:00,USOUSD.s,cobra,26551110,H1,OUTSIDE_HOURS,OUTSIDE_HOURS,NONE,0,3.9863383105053645,0,,,,,,,,,,,,,,,,0.079,0.079,88.569,88.733,85.929,86.974,,,,,,,,,,,,,,,,,,,,,,,,,,,,,,,
2026-03-10T09:47:25.969451+00:00,USDJPY.s,cobra,26551110,H1,HOLD,HOLD,NONE,0,0.2602041888515908,0,,,,,,,,,,,,,,,,0.024,0.024,157.689,157.712,157.538,157.678,,,,,,,,157.9034063814353,157.768,0.30360771803357056,,,,,,none,True,,,,,,,,,,,,,,no_pattern_at_sr
2026-03-10T09:47:25.983697+00:00,EURUSD.s,cobra,26551110,H1,HOLD,HOLD,NONE,0,0.0019954794028226165,0,,,,,,,,,,,,,,,,0.00018,0.00018,1.1645,1.16581,1.1643,1.1651,,,,,,,,1.159712943203397,1.16383,0.33074758830711626,,,,,,none,True,,,,,,,,,,,,,,no_pattern_at_sr
2026-03-10T09:47:25.998770+00:00,XAUUSD.s,cobra,26551110,H1,HOLD,HOLD,NONE,0,24.597892023733586,0,,,,,,,,,,,,,,,,0.33,0.33,5183.45,5189.33,5180.53,5187.02,,,,,,,,5133.04436066862,5177.663333333334,0.23403089423727097,,,,,,none,True,,,,,,,,,,,,,,no_pattern_at_sr
2026-03-10T09:48:26.362019+00:00,USDJPY.s,cobra,26551110,H1,HOLD,HOLD,NONE,0,0.2602041888515908,0,,,,,,,,,,,,,,,,0.023,0.023,157.689,157.712,157.538,157.616,,,,,,,,157.9034063814353,157.768,0.30360771803357056,,,,,,none,True,,,,,,,,,,,,,,no_pattern_at_sr
2026-03-10T09:48:26.376927+00:00,EURUSD.s,cobra,26551110,H1,HOLD,HOLD,NONE,0,0.0019954794028226165,0,,,,,,,,,,,,,,,,0.00019,0.00019,1.1645,1.16581,1.1643,1.1654,,,,,,,,1.159712943203397,1.16383,0.33074758830711626,,,,,,none,True,,,,,,,,,,,,,,no_pattern_at_sr
2026-03-10T09:48:26.392644+00:00,XAUUSD.s,cobra,26551110,H1,HOLD,HOLD,NONE,0,24.597892023733586,0,,,,,,,,,,,,,,,,0.32,0.32,5183.45,5189.33,5180.53,5186.04,,,,,,,,5133.04436066862,5177.663333333334,0.23403089423727097,,,,,,none,True,,,,,,,,,,,,,,no_pattern_at_sr
2026-03-10T09:49:26.791425+00:00,USDJPY.s,cobra,26551110,H1,HOLD,HOLD,NONE,0,0.2602041888515908,0,,,,,,,,,,,,,,,,0.023,0.023,157.689,157.712,157.538,157.646,,,,,,,,157.9034063814353,157.768,0.30360771803357056,,,,,,none,True,,,,,,,,,,,,,,no_pattern_at_sr
2026-03-10T09:49:26.806365+00:00,EURUSD.s,cobra,26551110,H1,HOLD,HOLD,NONE,0,0.0019954794028226165,0,,,,,,,,,,,,,,,,0.00018,0.00018,1.1645,1.16581,1.1643,1.16517,,,,,,,,1.159712943203397,1.16383,0.33074758830711626,,,,,,none,True,,,,,,,,,,,,,,no_pattern_at_sr
2026-03-10T09:49:26.820800+00:00,XAUUSD.s,cobra,26551110,H1,HOLD,HOLD,NONE,0,24.597892023733586,0,,,,,,,,,,,,,,,,0.33,0.33,5183.45,5189.33,5180.53,5185.17,,,,,,,,5133.04436066862,5177.663333333334,0.23403089423727097,,,,,,none,True,,,,,,,,,,,,,,no_pattern_at_sr
2026-03-10T09:50:27.248370+00:00,USDJPY.s,cobra,26551110,H1,HOLD,HOLD,NONE,0,0.2602041888515908,0,,,,,,,,,,,,,,,,0.024,0.024,157.689,157.712,157.538,157.616,,,,,,,,157.9034063814353,157.768,0.30360771803357056,,,,,,none,True,,,,,,,,,,,,,,no_pattern_at_sr
2026-03-10T09:50:27.262168+00:00,EURUSD.s,cobra,26551110,H1,HOLD,HOLD,NONE,0,0.0019954794028226165,0,,,,,,,,,,,,,,,,0.00019,0.00019,1.1645,1.16581,1.1643,1.16536,,,,,,,,1.159712943203397,1.16383,0.33074758830711626,,,,,,none,True,,,,,,,,,,,,,,no_pattern_at_sr
2026-03-10T09:50:27.276799+00:00,XAUUSD.s,cobra,26551110,H1,HOLD,HOLD,NONE,0,24.597892023733586,0,,,,,,,,,,,,,,,,0.33,0.33,5183.45,5189.33,5180.53,5186.25,,,,,,,,5133.04436066862,5177.663333333334,0.23403089423727097,,,,,,none,True,,,,,,,,,,,,,,no_pattern_at_sr
2026-03-10T09:51:27.685945+00:00,USDJPY.s,cobra,26551110,H1,HOLD,HOLD,NONE,0,0.2602041888515908,0,,,,,,,,,,,,,,,,0.032,0.032,157.689,157.712,157.538,157.587,,,,,,,,157.9034063814353,157.768,0.30360771803357056,,,,,,none,True,,,,,,,,,,,,,,no_pattern_at_sr
2026-03-10T09:51:27.701085+00:00,EURUSD.s,cobra,26551110,H1,HOLD,HOLD,NONE,0,0.0019954794028226165,0,,,,,,,,,,,,,,,,0.00018,0.00018,1.1645,1.16581,1.1643,1.16547,,,,,,,,1.159712943203397,1.16383,0.33074758830711626,,,,,,none,True,,,,,,,,,,,,,,no_pattern_at_sr
2026-03-10T09:51:27.715482+00:00,XAUUSD.s,cobra,26551110,H1,HOLD,HOLD,NONE,0,24.597892023733586,0,,,,,,,,,,,,,,,,0.3,0.3,5183.45,5189.33,5180.53,5184.97,,,,,,,,5133.04436066862,5177.663333333334,0.23403089423727097,,,,,,none,True,,,,,,,,,,,,,,no_pattern_at_sr
2026-03-10T09:52:28.502660+00:00,USDJPY.s,cobra,26551110,H1,HOLD,HOLD,NONE,0,0.2602041888515908,0,,,,,,,,,,,,,,,,0.024,0.024,157.689,157.712,157.538,157.608,,,,,,,,157.9034063814353,157.768,0.30360771803357056,,,,,,none,True,,,,,,,,,,,,,,no_pattern_at_sr
2026-03-10T09:52:28.517948+00:00,EURUSD.s,cobra,26551110,H1,HOLD,HOLD,NONE,0,0.0019954794028226165,0,,,,,,,,,,,,,,,,0.00018,0.00018,1.1645,1.16581,1.1643,1.16531,,,,,,,,1.159712943203397,1.16383,0.33074758830711626,,,,,,none,True,,,,,,,,,,,,,,no_pattern_at_sr
2026-03-10T09:52:28.532876+00:00,XAUUSD.s,cobra,26551110,H1,HOLD,HOLD,NONE,0,24.597892023733586,0,,,,,,,,,,,,,,,,0.31,0.31,5183.45,5189.33,5180.53,5184.43,,,,,,,,5133.04436066862,5177.663333333334,0.23403089423727097,,,,,,none,True,,,,,,,,,,,,,,no_pattern_at_sr
2026-03-10T09:53:29.358113+00:00,USDJPY.s,cobra,26551110,H1,HOLD,HOLD,NONE,0,0.2602041888515908,0,,,,,,,,,,,,,,,,0.025,0.025,157.689,157.712,157.538,157.607,,,,,,,,157.9034063814353,157.768,0.30360771803357056,,,,,,none,True,,,,,,,,,,,,,,no_pattern_at_sr
2026-03-10T09:53:29.372577+00:00,EURUSD.s,cobra,26551110,H1,HOLD,HOLD,NONE,0,0.0019954794028226165,0,,,,,,,,,,,,,,,,0.00018,0.00018,1.1645,1.16581,1.1643,1.16552,,,,,,,,1.159712943203397,1.16383,0.33074758830711626,,,,,,none,True,,,,,,,,,,,,,,no_pattern_at_sr
2026-03-10T09:53:29.387201+00:00,XAUUSD.s,cobra,26551110,H1,HOLD,HOLD,NONE,0,24.597892023733586,0,,,,,,,,,,,,,,,,0.33,0.33,5183.45,5189.33,5180.53,5185.27,,,,,,,,5133.04436066862,5177.663333333334,0.23403089423727097,,,,,,none,True,,,,,,,,,,,,,,no_pattern_at_sr
2026-03-10T09:54:30.220945+00:00,USDJPY.s,cobra,26551110,H1,HOLD,HOLD,NONE,0,0.2602041888515908,0,,,,,,,,,,,,,,,,0.024,0.024,157.689,157.712,157.538,157.631,,,,,,,,157.9034063814353,157.768,0.30360771803357056,,,,,,none,True,,,,,,,,,,,,,,no_pattern_at_sr
2026-03-10T09:54:30.235406+00:00,EURUSD.s,cobra,26551110,H1,HOLD,HOLD,NONE,0,0.0019954794028226165,0,,,,,,,,,,,,,,,,0.00019,0.00019,1.1645,1.16581,1.1643,1.16526,,,,,,,,1.159712943203397,1.16383,0.33074758830711626,,,,,,none,True,,,,,,,,,,,,,,no_pattern_at_sr
2026-03-10T09:54:30.250063+00:00,XAUUSD.s,cobra,26551110,H1,HOLD,HOLD,NONE,0,24.597892023733586,0,,,,,,,,,,,,,,,,0.33,0.33,5183.45,5189.33,5180.53,5183.99,,,,,,,,5133.04436066862,5177.663333333334,0.23403089423727097,,,,,,none,True,,,,,,,,,,,,,,no_pattern_at_sr
2026-03-10T09:55:31.116523+00:00,USDJPY.s,cobra,26551110,H1,HOLD,HOLD,NONE,0,0.2602041888515908,0,,,,,,,,,,,,,,,,0.024,0.024,157.689,157.712,157.538,157.604,,,,,,,,157.9034063814353,157.768,0.30360771803357056,,,,,,none,True,,,,,,,,,,,,,,no_pattern_at_sr
2026-03-10T09:55:31.132832+00:00,EURUSD.s,cobra,26551110,H1,HOLD,HOLD,NONE,0,0.0019954794028226165,0,,,,,,,,,,,,,,,,0.00019,0.00019,1.1645,1.16581,1.1643,1.16545,,,,,,,,1.159712943203397,1.16383,0.33074758830711626,,,,,,none,True,,,,,,,,,,,,,,no_pattern_at_sr
2026-03-10T09:55:31.147624+00:00,XAUUSD.s,cobra,26551110,H1,HOLD,HOLD,NONE,0,24.597892023733586,0,,,,,,,,,,,,,,,,0.33,0.33,5183.45,5189.33,5180.53,5185.15,,,,,,,,5133.04436066862,5177.663333333334,0.23403089423727097,,,,,,none,True,,,,,,,,,,,,,,no_pattern_at_sr
2026-03-10T09:56:31.948891+00:00,USDJPY.s,cobra,26551110,H1,HOLD,HOLD,NONE,0,0.2602041888515908,0,,,,,,,,,,,,,,,,0.024,0.024,157.689,157.712,157.538,157.614,,,,,,,,157.9034063814353,157.768,0.30360771803357056,,,,,,none,True,,,,,,,,,,,,,,no_pattern_at_sr
2026-03-10T09:56:31.963849+00:00,EURUSD.s,cobra,26551110,H1,HOLD,HOLD,NONE,0,0.0019954794028226165,0,,,,,,,,,,,,,,,,0.00018,0.00018,1.1645,1.16581,1.1643,1.16522,,,,,,,,1.159712943203397,1.16383,0.33074758830711626,,,,,,none,True,,,,,,,,,,,,,,no_pattern_at_sr
2026-03-10T09:56:31.978062+00:00,XAUUSD.s,cobra,26551110,H1,HOLD,HOLD,NONE,0,24.597892023733586,0,,,,,,,,,,,,,,,,0.33,0.33,5183.45,5189.33,5180.53,5184.99,,,,,,,,5133.04436066862,5177.663333333334,0.23403089423727097,,,,,,none,True,,,,,,,,,,,,,,no_pattern_at_sr
2026-03-10T09:56:31.978454+00:00,USOUSD.s,cobra,26551110,H1,OUTSIDE_HOURS,OUTSIDE_HOURS,NONE,0,3.9863383105053645,0,,,,,,,,,,,,,,,,0.079,0.079,88.569,88.733,85.929,86.749,,,,,,,,,,,,,,,,,,,,,,,,,,,,,,,
2026-03-10T09:57:32.369021+00:00,USDJPY.s,cobra,26551110,H1,HOLD,HOLD,NONE,0,0.2602041888515908,0,,,,,,,,,,,,,,,,0.025,0.025,157.689,157.712,157.538,157.61,,,,,,,,157.9034063814353,157.768,0.30360771803357056,,,,,,none,True,,,,,,,,,,,,,,no_pattern_at_sr
2026-03-10T09:57:32.383351+00:00,EURUSD.s,cobra,26551110,H1,HOLD,HOLD,NONE,0,0.0019954794028226165,0,,,,,,,,,,,,,,,,0.00019,0.00019,1.1645,1.16581,1.1643,1.1652,,,,,,,,1.159712943203397,1.16383,0.33074758830711626,,,,,,none,True,,,,,,,,,,,,,,no_pattern_at_sr
2026-03-10T09:57:32.397407+00:00,XAUUSD.s,cobra,26551110,H1,HOLD,HOLD,NONE,0,24.597892023733586,0,,,,,,,,,,,,,,,,0.34,0.34,5183.45,5189.33,5180.53,5186.36,,,,,,,,5133.04436066862,5177.663333333334,0.23403089423727097,,,,,,none,True,,,,,,,,,,,,,,no_pattern_at_sr
2026-03-10T09:58:32.768833+00:00,USDJPY.s,cobra,26551110,H1,HOLD,HOLD,NONE,0,0.2602041888515908,0,,,,,,,,,,,,,,,,0.024,0.024,157.689,157.712,157.538,157.629,,,,,,,,157.9034063814353,157.768,0.30360771803357056,,,,,,none,True,,,,,,,,,,,,,,no_pattern_at_sr
2026-03-10T09:58:32.784216+00:00,EURUSD.s,cobra,26551110,H1,HOLD,HOLD,NONE,0,0.0019954794028226165,0,,,,,,,,,,,,,,,,0.00018,0.00018,1.1645,1.16581,1.1643,1.16506,,,,,,,,1.159712943203397,1.16383,0.33074758830711626,,,,,,none,True,,,,,,,,,,,,,,no_pattern_at_sr
2026-03-10T09:58:32.798807+00:00,XAUUSD.s,cobra,26551110,H1,HOLD,HOLD,NONE,0,24.597892023733586,0,,,,,,,,,,,,,,,,0.36,0.36,5183.45,5189.33,5180.53,5185.52,,,,,,,,5133.04436066862,5177.663333333334,0.23403089423727097,,,,,,none,True,,,,,,,,,,,,,,no_pattern_at_sr
2026-03-10T09:59:33.187609+00:00,USDJPY.s,cobra,26551110,H1,HOLD,HOLD,NONE,0,0.2602041888515908,0,,,,,,,,,,,,,,,,0.023,0.023,157.689,157.712,157.538,157.631,,,,,,,,157.9034063814353,157.768,0.30360771803357056,,,,,,none,True,,,,,,,,,,,,,,no_pattern_at_sr
2026-03-10T09:59:33.202674+00:00,EURUSD.s,cobra,26551110,H1,HOLD,HOLD,NONE,0,0.0019954794028226165,0,,,,,,,,,,,,,,,,0.00019,0.00019,1.1645,1.16581,1.1643,1.16515,,,,,,,,1.159712943203397,1.16383,0.33074758830711626,,,,,,none,True,,,,,,,,,,,,,,no_pattern_at_sr
2026-03-10T09:59:33.218191+00:00,XAUUSD.s,cobra,26551110,H1,HOLD,HOLD,NONE,0,24.597892023733586,0,,,,,,,,,,,,,,,,0.33,0.33,5183.45,5189.33,5180.53,5183.83,,,,,,,,5133.04436066862,5177.663333333334,0.23403089423727097,,,,,,none,True,,,,,,,,,,,,,,no_pattern_at_sr
2026-03-10T10:00:33.983398+00:00,USDJPY.s,cobra,26551110,H1,HOLD,HOLD,NONE,0,0.24297531964815444,0,,,,,,,,,,,,,,,,0.023,0.023,157.651,157.67,157.651,157.659,,,,,,,,157.8934948382263,157.712,0.2510543049734885,,,,,,none,True,,,,,,,,,,,,,,no_pattern_at_sr
2026-03-10T10:00:33.997749+00:00,EURUSD.s,cobra,26551110,H1,HOLD,HOLD,NONE,0,0.0018629452085819355,0,,,,,,,,,,,,,,,,0.00018,0.00018,1.16505,1.1650800000000001,1.16494,1.16497,,,,,,,,1.1599215040642084,1.16446,0.3059671306349587,,,,,,none,True,,,,,,,,,,,,,,no_pattern_at_sr
2026-03-10T10:00:34.012511+00:00,XAUUSD.s,cobra,26551110,H1,HOLD,HOLD,NONE,0,22.94018580991309,0,,,,,,,,,,,,,,,,0.33,0.33,5182.55,5182.87,5181.48,5181.63,,,,,,,,5134.98683602787,5173.05,0.4141204469187336,,,,,,none,True,,,,,,,,,,,,,,no_pattern_at_sr
2026-03-10T10:01:34.774935+00:00,USDJPY.s,cobra,26551110,H1,HOLD,HOLD,NONE,0,0.24547531964815622,0,,,,,,,,,,,,,,,,0.025,0.025,157.651,157.705,157.651,157.703,,,,,,,,157.8934948382263,157.712,0.24849748678364458,,,,,,none,True,,,,,,,,,,,,,,no_pattern_at_sr
2026-03-10T10:01:34.789696+00:00,EURUSD.s,cobra,26551110,H1,HOLD,HOLD,NONE,0,0.0018800880657247941,0,,,,,,,,,,,,,,,,0.00018,0.00018,1.16505,1.1650800000000001,1.1647,1.16471,,,,,,,,1.1599215040642084,1.16446,0.30317728748531697,,,,,,none,True,,,,,,,,,,,,,,no_pattern_at_sr
2026-03-10T10:01:34.804720+00:00,XAUUSD.s,cobra,26551110,H1,HOLD,HOLD,NONE,0,23.073757238484507,0,,,,,,,,,,,,,,,,0.34,0.34,5182.55,5182.87,5179.61,5179.62,,,,,,,,5134.98683602787,5177.663333333334,0.21178460950936454,,,,,,none,True,,,,,,,,,,,,,,no_pattern_at_sr
2026-03-10T10:02:35.223611+00:00,USDJPY.s,cobra,26551110,H1,HOLD,HOLD,NONE,0,0.2463324625052991,0,,,,,,,,,,,,,,,,0.023,0.023,157.651,157.717,157.651,157.716,,,,,,,,157.8934948382263,157.547,0.42219364407878707,,,,,,none,True,,,,,,,,,,,,,,no_pattern_at_sr
2026-03-10T10:02:35.237862+00:00,EURUSD.s,cobra,26551110,H1,HOLD,HOLD,NONE,0,0.0018879452085819408,0,,,,,,,,,,,,,,,,0.00018,0.00018,1.16505,1.1650800000000001,1.16459,1.1646,,,,,,,,1.1599215040642084,1.16446,0.30191554151515526,,,,,,none,True,,,,,,,,,,,,,,no_pattern_at_sr
2026-03-10T10:02:35.251534+00:00,XAUUSD.s,cobra,26551110,H1,HOLD,HOLD,NONE,0,23.113042952770172,0,,,,,,,,,,,,,,,,0.33,0.33,5182.55,5182.87,5179.06,5179.14,,,,,,,,5134.98683602787,5177.663333333334,0.21142463485452193,,,,,,none,True,,,,,,,,,,,,,,no_pattern_at_sr
2026-03-10T10:03:35.655917+00:00,USDJPY.s,cobra,26551110,H1,HOLD,HOLD,NONE,0,0.2471181767910131,0,,,,,,,,,,,,,,,,0.023,0.023,157.651,157.728,157.651,157.722,,,,,,,,157.8934948382263,157.547,0.4208512758977087,,,,,,none,True,,,,,,,,,,,,,,no_pattern_at_sr
2026-03-10T10:03:35.670411+00:00,EURUSD.s,cobra,26551110,H1,HOLD,HOLD,NONE,0,0.0018908023514390866,0,,,,,,,,,,,,,,,,0.00019,0.00019,1.16505,1.1650800000000001,1.16455,1.1645699999999999,,,,,,,,1.1599215040642084,1.16383,0.6346512098881049,,,,,,none,True,,,,,,,,,,,,,,no_pattern_at_sr
2026-03-10T10:03:35.685843+00:00,XAUUSD.s,cobra,26551110,H1,HOLD,HOLD,NONE,0,23.130185809913076,0,,,,,,,,,,,,,,,,0.33,0.33,5182.55,5182.87,5178.82,5180.22,,,,,,,,5134.98683602787,5177.663333333334,0.21126793821829135,,,,,,none,True,,,,,,,,,,,,,,no_pattern_at_sr
2026-03-10T10:04:36.443149+00:00,USDJPY.s,cobra,26551110,H1,HOLD,HOLD,NONE,0,0.24747531964815564,0,,,,,,,,,,,,,,,,0.023,0.023,157.651,157.733,157.651,157.71,,,,,,,,157.8934948382263,157.547,0.42024392633525587,,,,,,none,True,,,,,,,,,,,,,,no_pattern_at_sr
2026-03-10T10:04:36.457725+00:00,EURUSD.s,cobra,26551110,H1,HOLD,HOLD,NONE,0,0.0018972309228676525,0,,,,,,,,,,,,,,,,0.00019,0.00019,1.16505,1.1650800000000001,1.16446,1.16463,,,,,,,,1.1599215040642084,1.16383,0.6325007596788995,,,,,,none,True,,,,,,,,,,,,,,no_pattern_at_sr
2026-03-10T10:04:36.471802+00:00,XAUUSD.s,cobra,26551110,H1,HOLD,HOLD,NONE,0,23.17590009562732,0,,,,,,,,,,,,,,,,0.32,0.32,5182.55,5182.87,5178.18,5178.63,,,,,,,,5134.98683602787,5177.663333333334,0.21085121382570596,,,,,,none,True,,,,,,,,,,,,,,no_pattern_at_sr
2026-03-10T10:05:37.300994+00:00,USDJPY.s,cobra,26551110,H1,HOLD,HOLD,NONE,0,0.24747531964815564,0,,,,,,,,,,,,,,,,0.023,0.023,157.651,157.733,157.651,157.706,,,,,,,,157.8934948382263,157.547,0.42024392633525587,,,,,,none,True,,,,,,,,,,,,,,no_pattern_at_sr
2026-03-10T10:05:37.315985+00:00,EURUSD.s,cobra,26551110,H1,HOLD,HOLD,NONE,0,0.0018972309228676525,0,,,,,,,,,,,,,,,,0.00018,0.00018,1.16505,1.1650800000000001,1.16446,1.1647,,,,,,,,1.1599215040642084,1.16383,0.6325007596788995,,,,,,none,True,,,,,,,,,,,,,,no_pattern_at_sr
2026-03-10T10:05:37.331485+00:00,XAUUSD.s,cobra,26551110,H1,HOLD,HOLD,NONE,0,23.22447152419877,0,,,,,,,,,,,,,,,,0.33,0.33,5182.55,5182.87,5177.5,5178.89,,,,,,,,5134.98683602787,5177.663333333334,0.21041024169590453,,,,,,none,True,,,,,,,,,,,,,,no_pattern_at_sr
2026-03-10T10:06:38.235700+00:00,USDJPY.s,cobra,26551110,H1,HOLD,HOLD,NONE,0,0.24747531964815564,0,,,,,,,,,,,,,,,,0.023,0.023,157.651,157.733,157.651,157.718,,,,,,,,157.8934948382263,157.547,0.42024392633525587,,,,,,none,True,,,,,,,,,,,,,,no_pattern_at_sr
2026-03-10T10:06:38.251067+00:00,EURUSD.s,cobra,26551110,H1,HOLD,HOLD,NONE,0,0.0018972309228676525,0,,,,,,,,,,,,,,,,0.00018,0.00018,1.16505,1.1650800000000001,1.16446,1.16466,,,,,,,,1.1599215040642084,1.16383,0.6325007596788995,,,,,,none,True,,,,,,,,,,,,,,no_pattern_at_sr
2026-03-10T10:06:38.265820+00:00,XAUUSD.s,cobra,26551110,H1,HOLD,HOLD,NONE,0,23.330900095627328,0,,,,,,,,,,,,,,,,0.31,0.31,5182.55,5182.87,5176.01,5179.23,,,,,,,,5134.98683602787,5177.663333333334,0.20945041325611663,,,,,,none,True,,,,,,,,,,,,,,no_pattern_at_sr
2026-03-10T10:06:38.266228+00:00,USOUSD.s,cobra,26551110,H1,OUTSIDE_HOURS,OUTSIDE_HOURS,NONE,0,3.7769569916294743,0,,,,,,,,,,,,,,,,0.079,0.079,86.939,87.784,86.729,87.649,,,,,,,,,,,,,,,,,,,,,,,,,,,,,,,
2026-03-10T10:07:39.313356+00:00,USDJPY.s,cobra,26551110,H1,HOLD,HOLD,NONE,0,0.24747531964815564,0,,,,,,,,,,,,,,,,0.023,0.023,157.651,157.733,157.651,157.708,,,,,,,,157.8934948382263,157.547,0.42024392633525587,,,,,,none,True,,,,,,,,,,,,,,no_pattern_at_sr
2026-03-10T10:07:39.327951+00:00,EURUSD.s,cobra,26551110,H1,HOLD,HOLD,NONE,0,0.0018972309228676525,0,,,,,,,,,,,,,,,,0.00018,0.00018,1.16505,1.1650800000000001,1.16446,1.16486,,,,,,,,1.1599215040642084,1.16383,0.6325007596788995,,,,,,none,True,,,,,,,,,,,,,,no_pattern_at_sr
2026-03-10T10:07:39.342720+00:00,XAUUSD.s,cobra,26551110,H1,HOLD,HOLD,NONE,0,23.330900095627328,0,,,,,,,,,,,,,,,,0.31,0.31,5182.55,5182.87,5176.01,5181.76,,,,,,,,5134.98683602787,5177.663333333334,0.20945041325611663,,,,,,none,True,,,,,,,,,,,,,,no_pattern_at_sr
2026-03-10T10:08:40.018990+00:00,USDJPY.s,cobra,26551110,H1,HOLD,HOLD,NONE,0,0.24890389107672575,0,,,,,,,,,,,,,,,,0.023,0.023,157.651,157.753,157.651,157.741,,,,,,,,157.8934948382263,157.547,0.4178319573475649,,,,,,none,True,,,,,,,,,,,,,,no_pattern_at_sr
2026-03-10T10:08:40.034169+00:00,EURUSD.s,cobra,26551110,H1,HOLD,HOLD,NONE,0,0.0018972309228676525,0,,,,,,,,,,,,,,,,0.00019,0.00019,1.16505,1.1650800000000001,1.16446,1.16462,,,,,,,,1.1599215040642084,1.16383,0.6325007596788995,,,,,,none,True,,,,,,,,,,,,,,no_pattern_at_sr
2026-03-10T10:08:40.048952+00:00,XAUUSD.s,cobra,26551110,H1,HOLD,HOLD,NONE,0,23.330900095627328,0,,,,,,,,,,,,,,,,0.31,0.31,5182.55,5182.87,5176.01,5179.99,,,,,,,,5134.98683602787,5177.663333333334,0.20945041325611663,,,,,,none,True,,,,,,,,,,,,,,no_pattern_at_sr
2026-03-10T10:09:40.823457+00:00,USDJPY.s,cobra,26551110,H1,HOLD,HOLD,NONE,0,0.24890389107672575,0,,,,,,,,,,,,,,,,0.024,0.024,157.651,157.753,157.651,157.718,,,,,,,,157.8934948382263,157.547,0.4178319573475649,,,,,,none,True,,,,,,,,,,,,,,no_pattern_at_sr
2026-03-10T10:09:40.837799+00:00,EURUSD.s,cobra,26551110,H1,HOLD,HOLD,NONE,0,0.0018972309228676525,0,,,,,,,,,,,,,,,,0.00018,0.00018,1.16505,1.1650800000000001,1.16446,1.16472,,,,,,,,1.1599215040642084,1.16383,0.6325007596788995,,,,,,none,True,,,,,,,,,,,,,,no_pattern_at_sr
2026-03-10T10:09:40.853925+00:00,XAUUSD.s,cobra,26551110,H1,HOLD,HOLD,NONE,0,23.330900095627328,0,,,,,,,,,,,,,,,,0.3,0.3,5182.55,5182.87,5176.01,5182.04,,,,,,,,5134.98683602787,5177.663333333334,0.20945041325611663,,,,,,none,True,,,,,,,,,,,,,,no_pattern_at_sr
2026-03-10T10:10:42.463928+00:00,USDJPY.s,cobra,26551110,H1,HOLD,HOLD,NONE,0,0.24890389107672575,0,,,,,,,,,,,,,,,,0.023,0.023,157.651,157.753,157.651,157.733,,,,,,,,157.8934948382263,157.547,0.4178319573475649,,,,,,none,True,,,,,,,,,,,,,,no_pattern_at_sr
2026-03-10T10:10:42.478488+00:00,EURUSD.s,cobra,26551110,H1,HOLD,HOLD,NONE,0,0.0018972309228676525,0,,,,,,,,,,,,,,,,0.00018,0.00018,1.16505,1.1650800000000001,1.16446,1.16476,,,,,,,,1.1599215040642084,1.16383,0.6325007596788995,,,,,,none,True,,,,,,,,,,,,,,no_pattern_at_sr
2026-03-10T10:10:42.495227+00:00,XAUUSD.s,cobra,26551110,H1,HOLD,HOLD,NONE,0,23.401614381341595,0,,,,,,,,,,,,,,,,0.32,0.32,5182.55,5183.86,5176.01,5181.33,,,,,,,,5134.98683602787,5177.663333333334,0.2088175023754992,,,,,,none,True,,,,,,,,,,,,,,no_pattern_at_sr
2026-03-10T10:11:43.110364+00:00,USDJPY.s,cobra,26551110,H1,HOLD,HOLD,NONE,0,0.24890389107672575,0,,,,,,,,,,,,,,,,0.025,0.025,157.651,157.753,157.651,157.733,,,,,,,,157.8934948382263,157.547,0.4178319573475649,,,,,,none,True,,,,,,,,,,,,,,no_pattern_at_sr
2026-03-10T10:11:43.125470+00:00,EURUSD.s,cobra,26551110,H1,HOLD,HOLD,NONE,0,0.0018972309228676525,0,,,,,,,,,,,,,,,,0.00018,0.00018,1.16505,1.1650800000000001,1.16446,1.16472,,,,,,,,1.1599215040642084,1.16383,0.6325007596788995,,,,,,none,True,,,,,,,,,,,,,,no_pattern_at_sr
2026-03-10T10:11:43.139930+00:00,XAUUSD.s,cobra,26551110,H1,HOLD,HOLD,NONE,0,23.401614381341595,0,,,,,,,,,,,,,,,,0.34,0.34,5182.55,5183.86,5176.01,5178.5,,,,,,,,5134.98683602787,5177.663333333334,0.2088175023754992,,,,,,none,True,,,,,,,,,,,,,,no_pattern_at_sr
2026-03-10T10:12:43.976005+00:00,USDJPY.s,cobra,26551110,H1,HOLD,HOLD,NONE,0,0.24890389107672575,0,,,,,,,,,,,,,,,,0.024,0.024,157.651,157.753,157.651,157.732,,,,,,,,157.8934948382263,157.547,0.4178319573475649,,,,,,none,True,,,,,,,,,,,,,,no_pattern_at_sr
2026-03-10T10:12:43.990532+00:00,EURUSD.s,cobra,26551110,H1,HOLD,HOLD,NONE,0,0.0018972309228676525,0,,,,,,,,,,,,,,,,0.00019,0.00019,1.16505,1.1650800000000001,1.16446,1.1647,,,,,,,,1.1599215040642084,1.16383,0.6325007596788995,,,,,,none,True,,,,,,,,,,,,,,no_pattern_at_sr
2026-03-10T10:12:44.005860+00:00,XAUUSD.s,cobra,26551110,H1,HOLD,HOLD,NONE,0,23.401614381341595,0,,,,,,,,,,,,,,,,0.33,0.33,5182.55,5183.86,5176.01,5180.62,,,,,,,,5134.98683602787,5177.663333333334,0.2088175023754992,,,,,,none,True,,,,,,,,,,,,,,no_pattern_at_sr
2026-03-10T10:13:45.087967+00:00,USDJPY.s,cobra,26551110,H1,HOLD,HOLD,NONE,0,0.24897531964815467,0,,,,,,,,,,,,,,,,0.025,0.025,157.651,157.754,157.651,157.727,,,,,,,,157.8934948382263,157.547,0.41771208546687866,,,,,,none,True,,,,,,,,,,,,,,no_pattern_at_sr
2026-03-10T10:13:45.103467+00:00,EURUSD.s,cobra,26551110,H1,HOLD,HOLD,NONE,0,0.0018972309228676525,0,,,,,,,,,,,,,,,,0.00018,0.00018,1.16505,1.1650800000000001,1.16446,1.16476,,,,,,,,1.1599215040642084,1.16383,0.6325007596788995,,,,,,none,True,,,,,,,,,,,,,,no_pattern_at_sr
2026-03-10T10:13:45.118758+00:00,XAUUSD.s,cobra,26551110,H1,HOLD,HOLD,NONE,0,23.401614381341595,0,,,,,,,,,,,,,,,,0.33,0.33,5182.55,5183.86,5176.01,5182.14,,,,,,,,5134.98683602787,5177.663333333334,0.2088175023754992,,,,,,none,True,,,,,,,,,,,,,,no_pattern_at_sr
2026-03-10T10:14:46.176312+00:00,USDJPY.s,cobra,26551110,H1,HOLD,HOLD,NONE,0,0.24990389107672648,0,,,,,,,,,,,,,,,,0.024,0.024,157.651,157.767,157.651,157.763,,,,,,,,157.8934948382263,157.547,0.4161599867529991,,,,,,none,True,,,,,,,,,,,,,,no_pattern_at_sr
2026-03-10T10:14:46.192995+00:00,EURUSD.s,cobra,26551110,H1,HOLD,HOLD,NONE,0,0.0018972309228676525,0,,,,,,,,,,,,,,,,0.00018,0.00018,1.16505,1.1650800000000001,1.16446,1.1646,,,,,,,,1.1599215040642084,1.16383,0.6325007596788995,,,,,,none,True,,,,,,,,,,,,,,no_pattern_at_sr
2026-03-10T10:14:46.207524+00:00,XAUUSD.s,cobra,26551110,H1,HOLD,HOLD,NONE,0,23.401614381341595,0,,,,,,,,,,,,,,,,0.31,0.31,5182.55,5183.86,5176.01,5181.32,,,,,,,,5134.98683602787,5177.663333333334,0.2088175023754992,,,,,,none,True,,,,,,,,,,,,,,no_pattern_at_sr
2026-03-10T10:15:46.729323+00:00,USDJPY.s,cobra,26551110,H1,HOLD,HOLD,NONE,0,0.24990389107672648,0,,,,,,,,,,,,,,,,0.023,0.023,157.651,157.767,157.651,157.753,,,,,,,,157.8934948382263,157.547,0.4161599867529991,,,,,,none,True,,,,,,,,,,,,,,no_pattern_at_sr
2026-03-10T10:15:46.743775+00:00,EURUSD.s,cobra,26551110,H1,HOLD,HOLD,NONE,0,0.0018979452085819428,0,,,,,,,,,,,,,,,,0.00018,0.00018,1.16505,1.1650800000000001,1.16445,1.1645,,,,,,,,1.1599215040642084,1.16383,0.6322627200058503,,,,,,none,True,,,,,,,,,,,,,,no_pattern_at_sr
2026-03-10T10:15:46.758661+00:00,XAUUSD.s,cobra,26551110,H1,HOLD,HOLD,NONE,0,23.401614381341595,0,,,,,,,,,,,,,,,,0.32,0.32,5182.55,5183.86,5176.01,5180.13,,,,,,,,5134.98683602787,5177.663333333334,0.2088175023754992,,,,,,none,True,,,,,,,,,,,,,,no_pattern_at_sr
2026-03-10T10:16:47.567990+00:00,USDJPY.s,cobra,26551110,H1,HOLD,HOLD,NONE,0,0.24990389107672648,0,,,,,,,,,,,,,,,,0.023,0.023,157.651,157.767,157.651,157.758,,,,,,,,157.8934948382263,157.547,0.4161599867529991,,,,,,none,True,,,,,,,,,,,,,,no_pattern_at_sr
2026-03-10T10:16:47.582935+00:00,EURUSD.s,cobra,26551110,H1,HOLD,HOLD,NONE,0,0.001907945208581945,0,,,,,,,,,,,,,,,,0.00019,0.00019,1.16505,1.1650800000000001,1.16431,1.16437,,,,,,,,1.1599215040642084,1.16383,0.6289488789313683,,,,,,none,True,,,,,,,,,,,,,,no_pattern_at_sr
2026-03-10T10:16:47.598709+00:00,XAUUSD.s,cobra,26551110,H1,HOLD,HOLD,NONE,0,23.401614381341595,0,,,,,,,,,,,,,,,,0.33,0.33,5182.55,5183.86,5176.01,5181.19,,,,,,,,5134.98683602787,5177.663333333334,0.2088175023754992,,,,,,none,True,,,,,,,,,,,,,,no_pattern_at_sr
2026-03-10T10:16:47.599312+00:00,USOUSD.s,cobra,26551110,H1,OUTSIDE_HOURS,OUTSIDE_HOURS,NONE,0,3.860528420200902,0,,,,,,,,,,,,,,,,0.099,0.099,86.939,88.954,86.729,88.954,,,,,,,,,,,,,,,,,,,,,,,,,,,,,,,
2026-03-10T10:17:48.699577+00:00,USDJPY.s,cobra,26551110,H1,HOLD,HOLD,NONE,0,0.2501896053624401,0,,,,,,,,,,,,,,,,0.025,0.025,157.651,157.771,157.651,157.767,,,,,,,,157.8934948382263,157.547,0.4156847357801,,,,,,none,True,,,,,,,,,,,,,,no_pattern_at_sr
2026-03-10T10:17:48.713989+00:00,EURUSD.s,cobra,26551110,H1,HOLD,HOLD,NONE,0,0.0019158023514390758,0,,,,,,,,,,,,,,,,0.00018,0.00018,1.16505,1.1650800000000001,1.1642000000000001,1.16432,,,,,,,,1.1599215040642084,1.16383,0.6263694159779566,,,,,,none,True,,,,,,,,,,,,,,no_pattern_at_sr
2026-03-10T10:17:48.728557+00:00,XAUUSD.s,cobra,26551110,H1,HOLD,HOLD,NONE,0,23.401614381341595,0,,,,,,,,,,,,,,,,0.3,0.3,5182.55,5183.86,5176.01,5177.62,,,,,,,,5134.98683602787,5177.663333333334,0.2088175023754992,,,,,,none,True,,,,,,,,,,,,,,no_pattern_at_sr
2026-03-10T10:18:49.382110+00:00,USDJPY.s,cobra,26551110,H1,HOLD,HOLD,NONE,0,0.2501896053624401,0,,,,,,,,,,,,,,,,0.023,0.023,157.651,157.771,157.651,157.764,,,,,,,,157.8934948382263,157.547,0.4156847357801,,,,,,none,True,,,,,,,,,,,,,,no_pattern_at_sr
2026-03-10T10:18:49.396615+00:00,EURUSD.s,cobra,26551110,H1,HOLD,HOLD,NONE,0,0.0019172309228676567,0,,,,,,,,,,,,,,,,0.00019,0.00019,1.16505,1.1650800000000001,1.16418,1.16422,,,,,,,,1.1599215040642084,1.16383,0.6259026941862673,,,,,,none,True,,,,,,,,,,,,,,no_pattern_at_sr
2026-03-10T10:18:49.411766+00:00,XAUUSD.s,cobra,26551110,H1,HOLD,HOLD,NONE,0,23.446614381341604,0,,,,,,,,,,,,,,,,0.31,0.31,5182.55,5183.86,5175.38,5176.24,,,,,,,,5134.98683602787,5177.663333333334,0.20841672862394311,,,,,,none,True,,,,,,,,,,,,,,no_pattern_at_sr
2026-03-10T10:19:49.796196+00:00,USDJPY.s,cobra,26551110,H1,HOLD,HOLD,NONE,0,0.2501896053624401,0,,,,,,,,,,,,,,,,0.025,0.025,157.651,157.771,157.651,157.762,,,,,,,,157.8934948382263,157.547,0.4156847357801,,,,,,none,True,,,,,,,,,,,,,,no_pattern_at_sr
2026-03-10T10:19:49.810677+00:00,EURUSD.s,cobra,26551110,H1,HOLD,HOLD,NONE,0,0.0019200880657248023,0,,,,,,,,,,,,,,,,0.00018,0.00018,1.16505,1.1650800000000001,1.16414,1.16414,,,,,,,,1.1599215040642084,1.16383,0.6249713340867568,,,,,,none,True,,,,,,,,,,,,,,no_pattern_at_sr
2026-03-10T10:19:49.825074+00:00,XAUUSD.s,cobra,26551110,H1,HOLD,HOLD,NONE,0,23.501614381341636,0,,,,,,,,,,,,,,,,0.33,0.33,5182.55,5183.86,5174.61,5178.32,,,,,,,,5134.98683602787,5177.663333333334,0.20792897829801554,,,,,,none,True,,,,,,,,,,,,,,no_pattern_at_sr
2026-03-10T10:20:50.689666+00:00,USDJPY.s,cobra,26551110,H1,HOLD,HOLD,NONE,0,0.2501896053624401,0,,,,,,,,,,,,,,,,0.023,0.023,157.651,157.771,157.651,157.755,,,,,,,,157.8934948382263,157.547,0.4156847357801,,,,,,none,True,,,,,,,,,,,,,,no_pattern_at_sr
2026-03-10T10:20:50.704784+00:00,EURUSD.s,cobra,26551110,H1,HOLD,HOLD,NONE,0,0.0019200880657248023,0,,,,,,,,,,,,,,,,0.00018,0.00018,1.16505,1.1650800000000001,1.16414,1.16424,,,,,,,,1.1599215040642084,1.16383,0.6249713340867568,,,,,,none,True,,,,,,,,,,,,,,no_pattern_at_sr
2026-03-10T10:20:50.719241+00:00,XAUUSD.s,cobra,26551110,H1,HOLD,HOLD,NONE,0,23.501614381341636,0,,,,,,,,,,,,,,,,0.34,0.34,5182.55,5183.86,5174.61,5179.46,,,,,,,,5134.98683602787,5177.663333333334,0.20792897829801554,,,,,,none,True,,,,,,,,,,,,,,no_pattern_at_sr
2026-03-10T10:21:51.667734+00:00,USDJPY.s,cobra,26551110,H1,HOLD,HOLD,NONE,0,0.2501896053624401,0,,,,,,,,,,,,,,,,0.024,0.024,157.651,157.771,157.651,157.746,,,,,,,,157.8934948382263,157.547,0.4156847357801,,,,,,none,True,,,,,,,,,,,,,,no_pattern_at_sr
2026-03-10T10:21:51.681655+00:00,EURUSD.s,cobra,26551110,H1,HOLD,HOLD,NONE,0,0.0019200880657248023,0,,,,,,,,,,,,,,,,0.00018,0.00018,1.16505,1.1650800000000001,1.16414,1.16436,,,,,,,,1.1599215040642084,1.16383,0.6249713340867568,,,,,,none,True,,,,,,,,,,,,,,no_pattern_at_sr
2026-03-10T10:21:51.695721+00:00,XAUUSD.s,cobra,26551110,H1,HOLD,HOLD,NONE,0,23.501614381341636,0,,,,,,,,,,,,,,,,0.33,0.33,5182.55,5183.86,5174.61,5179.87,,,,,,,,5134.98683602787,5177.663333333334,0.20792897829801554,,,,,,none,True,,,,,,,,,,,,,,no_pattern_at_sr
2026-03-10T10:22:52.227090+00:00,USDJPY.s,cobra,26551110,H1,HOLD,HOLD,NONE,0,0.2501896053624401,0,,,,,,,,,,,,,,,,0.023,0.023,157.651,157.771,157.651,157.738,,,,,,,,157.8934948382263,157.547,0.4156847357801,,,,,,none,True,,,,,,,,,,,,,,no_pattern_at_sr
2026-03-10T10:22:52.241213+00:00,EURUSD.s,cobra,26551110,H1,HOLD,HOLD,NONE,0,0.0019200880657248023,0,,,,,,,,,,,,,,,,0.00019,0.00019,1.16505,1.1650800000000001,1.16414,1.16446,,,,,,,,1.1599215040642084,1.16383,0.6249713340867568,,,,,,none,True,,,,,,,,,,,,,,no_pattern_at_sr
2026-03-10T10:22:52.255557+00:00,XAUUSD.s,cobra,26551110,H1,HOLD,HOLD,NONE,0,23.501614381341636,0,,,,,,,,,,,,,,,,0.31,0.31,5182.55,5183.86,5174.61,5180.6,,,,,,,,5134.98683602787,5177.663333333334,0.20792897829801554,,,,,,none,True,,,,,,,,,,,,,,no_pattern_at_sr
2026-03-10T10:23:52.719377+00:00,USDJPY.s,cobra,26551110,H1,HOLD,HOLD,NONE,0,0.2501896053624401,0,,,,,,,,,,,,,,,,0.023,0.023,157.651,157.771,157.651,157.738,,,,,,,,157.8934948382263,157.547,0.4156847357801,,,,,,none,True,,,,,,,,,,,,,,no_pattern_at_sr
2026-03-10T10:23:52.733795+00:00,EURUSD.s,cobra,26551110,H1,HOLD,HOLD,NONE,0,0.0019200880657248023,0,,,,,,,,,,,,,,,,0.00018,0.00018,1.16505,1.1650800000000001,1.16414,1.16454,,,,,,,,1.1599215040642084,1.16383,0.6249713340867568,,,,,,none,True,,,,,,,,,,,,,,no_pattern_at_sr
2026-03-10T10:23:52.747838+00:00,XAUUSD.s,cobra,26551110,H1,HOLD,HOLD,NONE,0,23.501614381341636,0,,,,,,,,,,,,,,,,0.3,0.3,5182.55,5183.86,5174.61,5181.32,,,,,,,,5134.98683602787,5177.663333333334,0.20792897829801554,,,,,,none,True,,,,,,,,,,,,,,no_pattern_at_sr
2026-03-10T10:24:53.202608+00:00,USDJPY.s,cobra,26551110,H1,HOLD,HOLD,NONE,0,0.2501896053624401,0,,,,,,,,,,,,,,,,0.023,0.023,157.651,157.771,157.651,157.746,,,,,,,,157.8934948382263,157.547,0.4156847357801,,,,,,none,True,,,,,,,,,,,,,,no_pattern_at_sr
2026-03-10T10:24:53.217647+00:00,EURUSD.s,cobra,26551110,H1,HOLD,HOLD,NONE,0,0.0019200880657248023,0,,,,,,,,,,,,,,,,0.00019,0.00019,1.16505,1.1650800000000001,1.16414,1.16444,,,,,,,,1.1599215040642084,1.16383,0.6249713340867568,,,,,,none,True,,,,,,,,,,,,,,no_pattern_at_sr
2026-03-10T10:24:53.232074+00:00,XAUUSD.s,cobra,26551110,H1,HOLD,HOLD,NONE,0,23.501614381341636,0,,,,,,,,,,,,,,,,0.32,0.32,5182.55,5183.86,5174.61,5179.67,,,,,,,,5134.98683602787,5177.663333333334,0.20792897829801554,,,,,,none,True,,,,,,,,,,,,,,no_pattern_at_sr
2026-03-10T10:25:54.054047+00:00,USDJPY.s,cobra,26551110,H1,HOLD,HOLD,NONE,0,0.2501896053624401,0,,,,,,,,,,,,,,,,0.023,0.023,157.651,157.771,157.651,157.733,,,,,,,,157.8934948382263,157.547,0.4156847357801,,,,,,none,True,,,,,,,,,,,,,,no_pattern_at_sr
2026-03-10T10:25:54.069244+00:00,EURUSD.s,cobra,26551110,H1,HOLD,HOLD,NONE,0,0.0019200880657248023,0,,,,,,,,,,,,,,,,0.00019,0.00019,1.16505,1.1650800000000001,1.16414,1.16445,,,,,,,,1.1599215040642084,1.16383,0.6249713340867568,,,,,,none,True,,,,,,,,,,,,,,no_pattern_at_sr
2026-03-10T10:25:54.087107+00:00,XAUUSD.s,cobra,26551110,H1,HOLD,HOLD,NONE,0,23.501614381341636,0,,,,,,,,,,,,,,,,0.31,0.31,5182.55,5183.86,5174.61,5177.57,,,,,,,,5134.98683602787,5177.663333333334,0.20792897829801554,,,,,,none,True,,,,,,,,,,,,,,no_pattern_at_sr
2026-03-10T10:26:55.159406+00:00,USDJPY.s,cobra,26551110,H1,HOLD,HOLD,NONE,0,0.2501896053624401,0,,,,,,,,,,,,,,,,0.023,0.023,157.651,157.771,157.651,157.746,,,,,,,,157.8934948382263,157.547,0.4156847357801,,,,,,none,True,,,,,,,,,,,,,,no_pattern_at_sr
2026-03-10T10:26:55.174061+00:00,EURUSD.s,cobra,26551110,H1,HOLD,HOLD,NONE,0,0.0019200880657248023,0,,,,,,,,,,,,,,,,0.00018,0.00018,1.16505,1.1650800000000001,1.16414,1.16425,,,,,,,,1.1599215040642084,1.16383,0.6249713340867568,,,,,,none,True,,,,,,,,,,,,,,no_pattern_at_sr
2026-03-10T10:26:55.187980+00:00,XAUUSD.s,cobra,26551110,H1,HOLD,HOLD,NONE,0,23.501614381341636,0,,,,,,,,,,,,,,,,0.31,0.31,5182.55,5183.86,5174.61,5177.2,,,,,,,,5134.98683602787,5177.663333333334,0.20792897829801554,,,,,,none,True,,,,,,,,,,,,,,no_pattern_at_sr
2026-03-10T10:26:55.188379+00:00,USOUSD.s,cobra,26551110,H1,OUTSIDE_HOURS,OUTSIDE_HOURS,NONE,0,3.8994569916294735,0,,,,,,,,,,,,,,,,0.079,0.079,86.939,89.499,86.729,88.244,,,,,,,,,,,,,,,,,,,,,,,,,,,,,,,
2026-03-10T10:27:55.634913+00:00,USDJPY.s,cobra,26551110,H1,HOLD,HOLD,NONE,0,0.2501896053624401,0,,,,,,,,,,,,,,,,0.023,0.023,157.651,157.771,157.651,157.719,,,,,,,,157.8934948382263,157.547,0.4156847357801,,,,,,none,True,,,,,,,,,,,,,,no_pattern_at_sr
2026-03-10T10:27:55.648892+00:00,EURUSD.s,cobra,26551110,H1,HOLD,HOLD,NONE,0,0.0019200880657248023,0,,,,,,,,,,,,,,,,0.00018,0.00018,1.16505,1.1650800000000001,1.16414,1.16435,,,,,,,,1.1599215040642084,1.16383,0.6249713340867568,,,,,,none,True,,,,,,,,,,,,,,no_pattern_at_sr
2026-03-10T10:27:55.663090+00:00,XAUUSD.s,cobra,26551110,H1,HOLD,HOLD,NONE,0,23.501614381341636,0,,,,,,,,,,,,,,,,0.31,0.31,5182.55,5183.86,5174.61,5177.53,,,,,,,,5134.98683602787,5177.663333333334,0.20792897829801554,,,,,,none,True,,,,,,,,,,,,,,no_pattern_at_sr
2026-03-10T10:28:56.092982+00:00,USDJPY.s,cobra,26551110,H1,HOLD,HOLD,NONE,0,0.2501896053624401,0,,,,,,,,,,,,,,,,0.024,0.024,157.651,157.771,157.651,157.727,,,,,,,,157.8934948382263,157.547,0.4156847357801,,,,,,none,True,,,,,,,,,,,,,,no_pattern_at_sr
2026-03-10T10:28:56.109753+00:00,EURUSD.s,cobra,26551110,H1,HOLD,HOLD,NONE,0,0.0019200880657248023,0,,,,,,,,,,,,,,,,0.00018,0.00018,1.16505,1.1650800000000001,1.16414,1.16437,,,,,,,,1.1599215040642084,1.16383,0.6249713340867568,,,,,,none,True,,,,,,,,,,,,,,no_pattern_at_sr
2026-03-10T10:28:56.124328+00:00,XAUUSD.s,cobra,26551110,H1,HOLD,HOLD,NONE,0,23.518757238484476,0,,,,,,,,,,,,,,,,0.31,0.31,5182.55,5183.86,5174.37,5174.53,,,,,,,,5134.98683602787,5177.663333333334,0.20777741855637294,,,,,,none,True,,,,,,,,,,,,,,no_pattern_at_sr
2026-03-10T10:29:56.537854+00:00,USDJPY.s,cobra,26551110,H1,HOLD,HOLD,NONE,0,0.2501896053624401,0,,,,,,,,,,,,,,,,0.023,0.023,157.651,157.771,157.651,157.716,,,,,,,,157.8934948382263,157.547,0.4156847357801,,,,,,none,True,,,,,,,,,,,,,,no_pattern_at_sr
2026-03-10T10:29:56.553366+00:00,EURUSD.s,cobra,26551110,H1,HOLD,HOLD,NONE,0,0.0019200880657248023,0,,,,,,,,,,,,,,,,0.00018,0.00018,1.16505,1.1650800000000001,1.16414,1.16439,,,,,,,,1.1599215040642084,1.16383,0.6249713340867568,,,,,,none,True,,,,,,,,,,,,,,no_pattern_at_sr
2026-03-10T10:29:56.567988+00:00,XAUUSD.s,cobra,26551110,H1,HOLD,HOLD,NONE,0,23.624471524198732,0,,,,,,,,,,,,,,,,0.31,0.31,5182.55,5183.86,5172.89,5174.05,,,,,,,,5134.98683602787,5177.663333333334,0.20684766055659123,,,,,,none,True,,,,,,,,,,,,,,no_pattern_at_sr
2026-03-10T10:30:57.942998+00:00,USDJPY.s,cobra,26551110,H1,HOLD,HOLD,NONE,0,0.2501896053624401,0,,,,,,,,,,,,,,,,0.023,0.023,157.651,157.771,157.651,157.73,,,,,,,,157.8934948382263,157.547,0.4156847357801,,,,,,none,True,,,,,,,,,,,,,,no_pattern_at_sr
2026-03-10T10:30:57.958938+00:00,EURUSD.s,cobra,26551110,H1,HOLD,HOLD,NONE,0,0.0019200880657248023,0,,,,,,,,,,,,,,,,0.00018,0.00018,1.16505,1.1650800000000001,1.16414,1.16426,,,,,,,,1.1599215040642084,1.16383,0.6249713340867568,,,,,,none,True,,,,,,,,,,,,,,no_pattern_at_sr
2026-03-10T10:30:57.973406+00:00,XAUUSD.s,cobra,26551110,H1,HOLD,HOLD,NONE,0,23.651614381341595,0,,,,,,,,,,,,,,,,0.34,0.34,5182.55,5183.86,5172.51,5173.75,,,,,,,,5134.98683602787,5177.663333333334,0.20661027986830927,,,,,,none,True,,,,,,,,,,,,,,no_pattern_at_sr
2026-03-10T10:31:58.958482+00:00,USDJPY.s,cobra,26551110,H1,HOLD,HOLD,NONE,0,0.2501896053624401,0,,,,,,,,,,,,,,,,0.024,0.024,157.651,157.771,157.651,157.738,,,,,,,,157.8934948382263,157.547,0.4156847357801,,,,,,none,True,,,,,,,,,,,,,,no_pattern_at_sr
2026-03-10T10:31:58.972064+00:00,EURUSD.s,cobra,26551110,H1,HOLD,HOLD,NONE,0,0.0019272309228676586,0,,,,,,,,,,,,,,,,0.00018,0.00018,1.16505,1.1650800000000001,1.16404,1.16406,,,,,,,,1.1599215040642084,1.16383,0.6226550154220896,,,,,,none,True,,,,,,,,,,,,,,no_pattern_at_sr
2026-03-10T10:31:58.987152+00:00,XAUUSD.s,cobra,26551110,H1,HOLD,HOLD,NONE,0,23.72661438134161,0,,,,,,,,,,,,,,,,0.3,0.3,5182.55,5183.86,5171.46,5171.81,,,,,,,,5134.98683602787,5177.663333333334,0.20595718327639467,,,,,,none,True,,,,,,,,,,,,,,no_pattern_at_sr
2026-03-10T10:32:59.403182+00:00,USDJPY.s,cobra,26551110,H1,HOLD,HOLD,NONE,0,0.2501896053624401,0,,,,,,,,,,,,,,,,0.024,0.024,157.651,157.771,157.651,157.764,,,,,,,,157.8934948382263,157.547,0.4156847357801,,,,,,none,True,,,,,,,,,,,,,,no_pattern_at_sr
2026-03-10T10:32:59.418691+00:00,EURUSD.s,cobra,26551110,H1,HOLD,HOLD,NONE,0,0.0019479452085819373,0,,,,,,,,,,,,,,,,0.00018,0.00018,1.16505,1.1650800000000001,1.16375,1.1638600000000001,,,,,,,,1.1599215040642084,1.16383,0.616033754293153,,,,,,none,True,,,,,,,,,,,,,,no_pattern_at_sr
2026-03-10T10:32:59.432896+00:00,XAUUSD.s,cobra,26551110,H1,HOLD,HOLD,NONE,0,23.91947152419874,0,,,,,,,,,,,,,,,,0.31,0.31,5182.55,5183.86,5168.76,5171.19,,,,,,,,5134.98683602787,5177.663333333334,0.20429659834760958,,,,,,none,True,,,,,,,,,,,,,,no_pattern_at_sr
2026-03-10T10:34:00.305930+00:00,USDJPY.s,cobra,26551110,H1,HOLD,HOLD,NONE,0,0.25176103393387006,0,,,,,,,,,,,,,,,,0.023,0.023,157.651,157.793,157.651,157.793,,,,,,,,157.8934948382263,157.547,0.4130901370040093,,,,,,none,True,,,,,,,,,,,,,,no_pattern_at_sr
2026-03-10T10:34:00.314935+00:00,EURUSD.s,cobra,26551110,H1,HOLD,HOLD,NONE,0,0.0019643737800105056,0,,,,,,,,,,,,,,,,0.00018,0.00018,1.16505,1.1650800000000001,1.16352,1.16352,,,,,,,,1.1599215040642084,1.16383,0.6108817029688068,,,,,,none,True,,,,,,,,,,,,,,no_pattern_at_sr
2026-03-10T10:34:00.324064+00:00,XAUUSD.s,cobra,26551110,H1,HOLD,HOLD,NONE,0,24.11161438134163,0,,,,,,,,,,,,,,,,0.36,0.36,5182.55,5183.86,5166.07,5166.59,,,,,,,,5134.98683602787,5177.663333333334,0.20266858076694275,,,,,,none,True,,,,,,,,,,,,,,no_pattern_at_sr
2026-03-10T10:35:00.984321+00:00,USDJPY.s,cobra,26551110,H1,HOLD,HOLD,NONE,0,0.2535467482195848,0,,,,,,,,,,,,,,,,0.024,0.024,157.651,157.818,157.651,157.813,,,,,,,,157.8934948382263,157.547,0.41018076836049167,,,,,,none,True,,,,,,,,,,,,,,no_pattern_at_sr
2026-03-10T10:35:00.998419+00:00,EURUSD.s,cobra,26551110,H1,HOLD,HOLD,NONE,0,0.001978659494296234,0,,,,,,,,,,,,,,,,0.00018,0.00018,1.16505,1.1650800000000001,1.16332,1.16332,,,,,,,,1.1599215040642084,1.16383,0.6064712010627699,,,,,,none,True,,,,,,,,,,,,,,no_pattern_at_sr
2026-03-10T10:35:01.013259+00:00,XAUUSD.s,cobra,26551110,H1,HOLD,HOLD,NONE,0,24.139471524198733,0,,,,,,,,,,,,,,,,0.34,0.34,5182.55,5183.86,5165.68,5169.23,,,,,,,,5134.98683602787,5177.663333333334,0.20243469960672716,,,,,,none,True,,,,,,,,,,,,,,no_pattern_at_sr
2026-03-10T10:36:01.431026+00:00,USDJPY.s,cobra,26551110,H1,HOLD,HOLD,NONE,0,0.2539038910767273,0,,,,,,,,,,,,,,,,0.025,0.025,157.651,157.823,157.651,157.814,,,,,,,,157.8934948382263,157.547,0.40960380543591446,,,,,,none,True,,,,,,,,,,,,,,no_pattern_at_sr
2026-03-10T10:36:01.444932+00:00,EURUSD.s,cobra,26551110,H1,HOLD,HOLD,NONE,0,0.001987230922867655,0,,,,,,,,,,,,,,,,0.00018,0.00018,1.16505,1.1650800000000001,1.1632,1.16322,,,,,,,,1.1599215040642084,1.16383,0.6038553376919281,,,,,,none,True,,,,,,,,,,,,,,no_pattern_at_sr
2026-03-10T10:36:01.459282+00:00,XAUUSD.s,cobra,26551110,H1,HOLD,HOLD,NONE,0,24.139471524198733,0,,,,,,,,,,,,,,,,0.31,0.31,5182.55,5183.86,5165.68,5168.96,,,,,,,,5134.98683602787,5177.663333333334,0.20243469960672716,,,,,,none,True,,,,,,,,,,,,,,no_pattern_at_sr
2026-03-10T10:37:01.968014+00:00,USDJPY.s,cobra,26551110,H1,HOLD,HOLD,NONE,0,0.25611817679101345,0,,,,,,,,,,,,,,,,0.023,0.023,157.651,157.854,157.651,157.852,,,,,,,,157.8934948382263,157.547,0.4060625501206618,,,,,,none,True,,,,,,,,,,,,,,no_pattern_at_sr
2026-03-10T10:37:01.983116+00:00,EURUSD.s,cobra,26551110,H1,HOLD,HOLD,NONE,0,0.0020336594942962295,0,,,,,,,,,,,,,,,,0.00019,0.00019,1.16505,1.1650800000000001,1.16255,1.16255,,,,,,,,1.1599215040642084,1.16383,0.5900692831645168,,,,,,none,True,,,,,,,,,,,,,,no_pattern_at_sr
2026-03-10T10:37:01.999646+00:00,XAUUSD.s,cobra,26551110,H1,HOLD,HOLD,NONE,0,24.139471524198733,0,,,,,,,,,,,,,,,,0.33,0.33,5182.55,5183.86,5165.68,5165.76,,,,,,,,5134.98683602787,5177.663333333334,0.20243469960672716,,,,,,none,True,,,,,,,,,,,,,,no_pattern_at_sr
2026-03-10T10:37:02.000037+00:00,USOUSD.s,cobra,26551110,H1,OUTSIDE_HOURS,OUTSIDE_HOURS,NONE,0,3.911242705915188,0,,,,,,,,,,,,,,,,0.099,0.099,86.939,89.664,86.729,89.424,,,,,,,,,,,,,,,,,,,,,,,,,,,,,,,
2026-03-10T10:38:02.414378+00:00,USDJPY.s,cobra,26551110,H1,HOLD,HOLD,NONE,0,0.2582610339338686,0,,,,,,,,,,,,,,,,0.023,0.023,157.651,157.884,157.651,157.879,,,,,,,,157.8934948382263,157.547,0.4026933464017808,,,,,,none,True,,,,,,,,,,,,,,no_pattern_at_sr
2026-03-10T10:38:02.428725+00:00,EURUSD.s,cobra,26551110,H1,HOLD,HOLD,NONE,0,0.0020765166371533674,0,,,,,,,,,,,,,,,,0.00019,0.00019,1.16505,1.1650800000000001,1.16195,1.16206,,,,,,,,1.1599215040642084,1.16383,0.5778908671038306,,,,,,none,True,,,,,,,,,,,,,,no_pattern_at_sr
2026-03-10T10:38:02.443472+00:00,XAUUSD.s,cobra,26551110,H1,HOLD,HOLD,NONE,0,24.694471524198764,0,,,,,,,,,,,,,,,,0.31,0.31,5182.55,5183.86,5157.91,5158.84,,,,,,,,5134.98683602787,5177.663333333334,0.19788504734259008,,,,,,none,True,,,,,,,,,,,,,,no_pattern_at_sr
2026-03-10T10:39:02.849274+00:00,USDJPY.s,cobra,26551110,H1,HOLD,HOLD,NONE,0,0.2582610339338686,0,,,,,,,,,,,,,,,,0.023,0.023,157.651,157.884,157.651,157.867,,,,,,,,157.8934948382263,157.547,0.4026933464017808,,,,,,none,True,,,,,,,,,,,,,,no_pattern_at_sr
2026-03-10T10:39:02.864346+00:00,EURUSD.s,cobra,26551110,H1,HOLD,HOLD,NONE,0,0.0020765166371533674,0,,,,,,,,,,,,,,,,0.00019,0.00019,1.16505,1.1650800000000001,1.16195,1.16226,,,,,,,,1.1599215040642084,1.16383,0.5778908671038306,,,,,,none,True,,,,,,,,,,,,,,no_pattern_at_sr
2026-03-10T10:39:02.878445+00:00,XAUUSD.s,cobra,26551110,H1,HOLD,HOLD,NONE,0,24.694471524198764,0,,,,,,,,,,,,,,,,0.3,0.3,5182.55,5183.86,5157.91,5161.14,,,,,,,,5134.98683602787,5177.663333333334,0.19788504734259008,,,,,,none,True,,,,,,,,,,,,,,no_pattern_at_sr
2026-03-10T10:40:03.377861+00:00,USDJPY.s,cobra,26551110,H1,HOLD,HOLD,NONE,0,0.2582610339338686,0,,,,,,,,,,,,,,,,0.023,0.023,157.651,157.884,157.651,157.846,,,,,,,,157.8934948382263,157.547,0.4026933464017808,,,,,,none,True,,,,,,,,,,,,,,no_pattern_at_sr
2026-03-10T10:40:03.392774+00:00,EURUSD.s,cobra,26551110,H1,HOLD,HOLD,NONE,0,0.0020765166371533674,0,,,,,,,,,,,,,,,,0.00019,0.00019,1.16505,1.1650800000000001,1.16195,1.16281,,,,,,,,1.1599215040642084,1.16383,0.5778908671038306,,,,,,none,True,,,,,,,,,,,,,,no_pattern_at_sr
2026-03-10T10:40:03.407824+00:00,XAUUSD.s,cobra,26551110,H1,HOLD,HOLD,NONE,0,24.79804295277018,0,,,,,,,,,,,,,,,,0.31,0.31,5182.55,5183.86,5156.46,5157.13,,,,,,,,5134.98683602787,5177.663333333334,0.19705856127329704,,,,,,none,True,,,,,,,,,,,,,,no_pattern_at_sr
2026-03-10T10:41:03.804833+00:00,USDJPY.s,cobra,26551110,H1,HOLD,HOLD,NONE,0,0.2582610339338686,0,,,,,,,,,,,,,,,,0.024,0.024,157.651,157.884,157.651,157.831,,,,,,,,157.8934948382263,157.547,0.4026933464017808,,,,,,none,True,,,,,,,,,,,,,,no_pattern_at_sr
2026-03-10T10:41:03.819343+00:00,EURUSD.s,cobra,26551110,H1,HOLD,HOLD,NONE,0,0.0020765166371533674,0,,,,,,,,,,,,,,,,0.00018,0.00018,1.16505,1.1650800000000001,1.16195,1.16292,,,,,,,,1.1599215040642084,1.16383,0.5778908671038306,,,,,,none,True,,,,,,,,,,,,,,no_pattern_at_sr
2026-03-10T10:41:03.833549+00:00,XAUUSD.s,cobra,26551110,H1,HOLD,HOLD,NONE,0,24.79804295277018,0,,,,,,,,,,,,,,,,0.31,0.31,5182.55,5183.86,5156.46,5159.38,,,,,,,,5134.98683602787,5177.663333333334,0.19705856127329704,,,,,,none,True,,,,,,,,,,,,,,no_pattern_at_sr
2026-03-10T10:42:04.470845+00:00,USDJPY.s,cobra,26551110,H1,HOLD,HOLD,NONE,0,0.2582610339338686,0,,,,,,,,,,,,,,,,0.024,0.024,157.651,157.884,157.651,157.807,,,,,,,,157.8934948382263,157.547,0.4026933464017808,,,,,,none,True,,,,,,,,,,,,,,no_pattern_at_sr
2026-03-10T10:42:04.485058+00:00,EURUSD.s,cobra,26551110,H1,HOLD,HOLD,NONE,0,0.0020765166371533674,0,,,,,,,,,,,,,,,,0.00019,0.00019,1.16505,1.1650800000000001,1.16195,1.16311,,,,,,,,1.1599215040642084,1.16383,0.5778908671038306,,,,,,none,True,,,,,,,,,,,,,,no_pattern_at_sr
2026-03-10T10:42:04.499077+00:00,XAUUSD.s,cobra,26551110,H1,HOLD,HOLD,NONE,0,24.79804295277018,0,,,,,,,,,,,,,,,,0.31,0.31,5182.55,5183.86,5156.46,5164.87,,,,,,,,5134.98683602787,5177.663333333334,0.19705856127329704,,,,,,none,True,,,,,,,,,,,,,,no_pattern_at_sr
2026-03-10T10:43:04.970885+00:00,USDJPY.s,cobra,26551110,H1,HOLD,HOLD,NONE,0,0.2582610339338686,0,,,,,,,,,,,,,,,,0.033,0.033,157.651,157.884,157.651,157.779,,,,,,,,157.8934948382263,157.547,0.4026933464017808,,,,,,none,True,,,,,,,,,,,,,,no_pattern_at_sr
2026-03-10T10:43:04.985540+00:00,EURUSD.s,cobra,26551110,H1,HOLD,HOLD,NONE,0,0.0020765166371533674,0,,,,,,,,,,,,,,,,0.00018,0.00018,1.16505,1.1650800000000001,1.16195,1.16341,,,,,,,,1.1599215040642084,1.16383,0.5778908671038306,,,,,,none,True,,,,,,,,,,,,,,no_pattern_at_sr
2026-03-10T10:43:05.000662+00:00,XAUUSD.s,cobra,26551110,H1,HOLD,HOLD,NONE,0,24.79804295277018,0,,,,,,,,,,,,,,,,0.34,0.34,5182.55,5183.86,5156.46,5166.73,,,,,,,,5134.98683602787,5177.663333333334,0.19705856127329704,,,,,,none,True,,,,,,,,,,,,,,no_pattern_at_sr
2026-03-10T10:44:05.441690+00:00,USDJPY.s,cobra,26551110,H1,HOLD,HOLD,NONE,0,0.2582610339338686,0,,,,,,,,,,,,,,,,0.024,0.024,157.651,157.884,157.651,157.796,,,,,,,,157.8934948382263,157.547,0.4026933464017808,,,,,,none,True,,,,,,,,,,,,,,no_pattern_at_sr
2026-03-10T10:44:05.455939+00:00,EURUSD.s,cobra,26551110,H1,HOLD,HOLD,NONE,0,0.0020765166371533674,0,,,,,,,,,,,,,,,,0.00019,0.00019,1.16505,1.1650800000000001,1.16195,1.16326,,,,,,,,1.1599215040642084,1.16383,0.5778908671038306,,,,,,none,True,,,,,,,,,,,,,,no_pattern_at_sr
2026-03-10T10:44:05.470560+00:00,XAUUSD.s,cobra,26551110,H1,HOLD,HOLD,NONE,0,24.79804295277018,0,,,,,,,,,,,,,,,,0.31,0.31,5182.55,5183.86,5156.46,5167.8,,,,,,,,5134.98683602787,5177.663333333334,0.19705856127329704,,,,,,none,True,,,,,,,,,,,,,,no_pattern_at_sr
2026-03-10T10:45:06.066747+00:00,USDJPY.s,cobra,26551110,H1,HOLD,HOLD,NONE,0,0.2582610339338686,0,,,,,,,,,,,,,,,,0.024,0.024,157.651,157.884,157.651,157.782,,,,,,,,157.8934948382263,157.547,0.4026933464017808,,,,,,none,True,,,,,,,,,,,,,,no_pattern_at_sr
2026-03-10T10:45:06.081523+00:00,EURUSD.s,cobra,26551110,H1,HOLD,HOLD,NONE,0,0.0020765166371533674,0,,,,,,,,,,,,,,,,0.00019,0.00019,1.16505,1.1650800000000001,1.16195,1.16347,,,,,,,,1.1599215040642084,1.16383,0.5778908671038306,,,,,,none,True,,,,,,,,,,,,,,no_pattern_at_sr
2026-03-10T10:45:06.095924+00:00,XAUUSD.s,cobra,26551110,H1,HOLD,HOLD,NONE,0,24.79804295277018,0,,,,,,,,,,,,,,,,0.32,0.32,5182.55,5183.86,5156.46,5169.46,,,,,,,,5134.98683602787,5177.663333333334,0.19705856127329704,,,,,,none,True,,,,,,,,,,,,,,no_pattern_at_sr
2026-03-10T10:46:06.869283+00:00,USDJPY.s,cobra,26551110,H1,HOLD,HOLD,NONE,0,0.2582610339338686,0,,,,,,,,,,,,,,,,0.024,0.024,157.651,157.884,157.651,157.815,,,,,,,,157.8934948382263,157.547,0.4026933464017808,,,,,,none,True,,,,,,,,,,,,,,no_pattern_at_sr
2026-03-10T10:46:06.884365+00:00,EURUSD.s,cobra,26551110,H1,HOLD,HOLD,NONE,0,0.0020765166371533674,0,,,,,,,,,,,,,,,,0.00018,0.00018,1.16505,1.1650800000000001,1.16195,1.16336,,,,,,,,1.1599215040642084,1.16383,0.5778908671038306,,,,,,none,True,,,,,,,,,,,,,,no_pattern_at_sr
2026-03-10T10:46:06.897968+00:00,XAUUSD.s,cobra,26551110,H1,HOLD,HOLD,NONE,0,24.79804295277018,0,,,,,,,,,,,,,,,,0.34,0.34,5182.55,5183.86,5156.46,5170.0,,,,,,,,5134.98683602787,5177.663333333334,0.19705856127329704,,,,,,none,True,,,,,,,,,,,,,,no_pattern_at_sr
2026-03-10T10:47:07.298847+00:00,USDJPY.s,cobra,26551110,H1,HOLD,HOLD,NONE,0,0.2582610339338686,0,,,,,,,,,,,,,,,,0.023,0.023,157.651,157.884,157.651,157.831,,,,,,,,157.8934948382263,157.547,0.4026933464017808,,,,,,none,True,,,,,,,,,,,,,,no_pattern_at_sr
2026-03-10T10:47:07.315504+00:00,EURUSD.s,cobra,26551110,H1,HOLD,HOLD,NONE,0,0.0020765166371533674,0,,,,,,,,,,,,,,,,0.00018,0.00018,1.16505,1.1650800000000001,1.16195,1.16327,,,,,,,,1.1599215040642084,1.16383,0.5778908671038306,,,,,,none,True,,,,,,,,,,,,,,no_pattern_at_sr
2026-03-10T10:47:07.330468+00:00,XAUUSD.s,cobra,26551110,H1,HOLD,HOLD,NONE,0,24.79804295277018,0,,,,,,,,,,,,,,,,0.33,0.33,5182.55,5183.86,5156.46,5170.32,,,,,,,,5134.98683602787,5177.663333333334,0.19705856127329704,,,,,,none,True,,,,,,,,,,,,,,no_pattern_at_sr
2026-03-10T10:47:07.331013+00:00,USOUSD.s,cobra,26551110,H1,OUTSIDE_HOURS,OUTSIDE_HOURS,NONE,0,3.9458855630580456,0,,,,,,,,,,,,,,,,0.079,0.079,86.939,90.149,86.729,89.263,,,,,,,,,,,,,,,,,,,,,,,,,,,,,,,
2026-03-10T10:48:07.856141+00:00,USDJPY.s,cobra,26551110,H1,HOLD,HOLD,NONE,0,0.2582610339338686,0,,,,,,,,,,,,,,,,0.023,0.023,157.651,157.884,157.651,157.817,,,,,,,,157.8934948382263,157.547,0.4026933464017808,,,,,,none,True,,,,,,,,,,,,,,no_pattern_at_sr
2026-03-10T10:48:07.870909+00:00,EURUSD.s,cobra,26551110,H1,HOLD,HOLD,NONE,0,0.0020765166371533674,0,,,,,,,,,,,,,,,,0.00018,0.00018,1.16505,1.1650800000000001,1.16195,1.16317,,,,,,,,1.1599215040642084,1.16383,0.5778908671038306,,,,,,none,True,,,,,,,,,,,,,,no_pattern_at_sr
2026-03-10T10:48:07.885453+00:00,XAUUSD.s,cobra,26551110,H1,HOLD,HOLD,NONE,0,24.79804295277018,0,,,,,,,,,,,,,,,,0.3,0.3,5182.55,5183.86,5156.46,5171.14,,,,,,,,5134.98683602787,5177.663333333334,0.19705856127329704,,,,,,none,True,,,,,,,,,,,,,,no_pattern_at_sr
2026-03-10T10:49:08.277952+00:00,USDJPY.s,cobra,26551110,H1,HOLD,HOLD,NONE,0,0.2582610339338686,0,,,,,,,,,,,,,,,,0.032,0.032,157.651,157.884,157.651,157.824,,,,,,,,157.8934948382263,157.547,0.4026933464017808,,,,,,none,True,,,,,,,,,,,,,,no_pattern_at_sr
2026-03-10T10:49:08.293639+00:00,EURUSD.s,cobra,26551110,H1,HOLD,HOLD,NONE,0,0.0020765166371533674,0,,,,,,,,,,,,,,,,0.00019,0.00019,1.16505,1.1650800000000001,1.16195,1.16317,,,,,,,,1.1599215040642084,1.16383,0.5778908671038306,,,,,,none,True,,,,,,,,,,,,,,no_pattern_at_sr
2026-03-10T10:49:08.308435+00:00,XAUUSD.s,cobra,26551110,H1,HOLD,HOLD,NONE,0,24.79804295277018,0,,,,,,,,,,,,,,,,0.33,0.33,5182.55,5183.86,5156.46,5170.08,,,,,,,,5134.98683602787,5177.663333333334,0.19705856127329704,,,,,,none,True,,,,,,,,,,,,,,no_pattern_at_sr
2026-03-10T10:50:08.690543+00:00,USDJPY.s,cobra,26551110,H1,HOLD,HOLD,NONE,0,0.2582610339338686,0,,,,,,,,,,,,,,,,0.024,0.024,157.651,157.884,157.651,157.817,,,,,,,,157.8934948382263,157.547,0.4026933464017808,,,,,,none,True,,,,,,,,,,,,,,no_pattern_at_sr
2026-03-10T10:50:08.704475+00:00,EURUSD.s,cobra,26551110,H1,HOLD,HOLD,NONE,0,0.0020765166371533674,0,,,,,,,,,,,,,,,,0.0002,0.0002,1.16505,1.1650800000000001,1.16195,1.16305,,,,,,,,1.1599215040642084,1.16383,0.5778908671038306,,,,,,none,True,,,,,,,,,,,,,,no_pattern_at_sr
2026-03-10T10:50:08.718931+00:00,XAUUSD.s,cobra,26551110,H1,HOLD,HOLD,NONE,0,24.79804295277018,0,,,,,,,,,,,,,,,,0.31,0.31,5182.55,5183.86,5156.46,5171.49,,,,,,,,5134.98683602787,5177.663333333334,0.19705856127329704,,,,,,none,True,,,,,,,,,,,,,,no_pattern_at_sr
2026-03-10T10:51:09.734956+00:00,USDJPY.s,cobra,26551110,H1,HOLD,HOLD,NONE,0,0.2582610339338686,0,,,,,,,,,,,,,,,,0.025,0.025,157.651,157.884,157.651,157.814,,,,,,,,157.8934948382263,157.547,0.4026933464017808,,,,,,none,True,,,,,,,,,,,,,,no_pattern_at_sr
2026-03-10T10:51:09.749527+00:00,EURUSD.s,cobra,26551110,H1,HOLD,HOLD,NONE,0,0.0020765166371533674,0,,,,,,,,,,,,,,,,0.00019,0.00019,1.16505,1.1650800000000001,1.16195,1.16307,,,,,,,,1.1599215040642084,1.16383,0.5778908671038306,,,,,,none,True,,,,,,,,,,,,,,no_pattern_at_sr
2026-03-10T10:51:09.763499+00:00,XAUUSD.s,cobra,26551110,H1,HOLD,HOLD,NONE,0,24.79804295277018,0,,,,,,,,,,,,,,,,0.32,0.32,5182.55,5183.86,5156.46,5172.59,,,,,,,,5134.98683602787,5177.663333333334,0.19705856127329704,,,,,,none,True,,,,,,,,,,,,,,no_pattern_at_sr
2026-03-10T10:52:10.148612+00:00,USDJPY.s,cobra,26551110,H1,HOLD,HOLD,NONE,0,0.2582610339338686,0,,,,,,,,,,,,,,,,0.024,0.024,157.651,157.884,157.651,157.801,,,,,,,,157.8934948382263,157.547,0.4026933464017808,,,,,,none,True,,,,,,,,,,,,,,no_pattern_at_sr
2026-03-10T10:52:10.165836+00:00,EURUSD.s,cobra,26551110,H1,HOLD,HOLD,NONE,0,0.0020765166371533674,0,,,,,,,,,,,,,,,,0.00019,0.00019,1.16505,1.1650800000000001,1.16195,1.16343,,,,,,,,1.1599215040642084,1.16383,0.5778908671038306,,,,,,none,True,,,,,,,,,,,,,,no_pattern_at_sr
2026-03-10T10:52:10.180270+00:00,XAUUSD.s,cobra,26551110,H1,HOLD,HOLD,NONE,0,24.79804295277018,0,,,,,,,,,,,,,,,,0.33,0.33,5182.55,5183.86,5156.46,5177.05,,,,,,,,5134.98683602787,5177.663333333334,0.19705856127329704,,,,,,none,True,,,,,,,,,,,,,,no_pattern_at_sr
2026-03-10T10:53:10.653345+00:00,USDJPY.s,cobra,26551110,H1,HOLD,HOLD,NONE,0,0.2582610339338686,0,,,,,,,,,,,,,,,,0.024,0.024,157.651,157.884,157.651,157.821,,,,,,,,157.8934948382263,157.547,0.4026933464017808,,,,,,none,True,,,,,,,,,,,,,,no_pattern_at_sr
2026-03-10T10:53:10.668418+00:00,EURUSD.s,cobra,26551110,H1,HOLD,HOLD,NONE,0,0.0020765166371533674,0,,,,,,,,,,,,,,,,0.00018,0.00018,1.16505,1.1650800000000001,1.16195,1.16321,,,,,,,,1.1599215040642084,1.16383,0.5778908671038306,,,,,,none,True,,,,,,,,,,,,,,no_pattern_at_sr
2026-03-10T10:53:10.682662+00:00,XAUUSD.s,cobra,26551110,H1,HOLD,HOLD,NONE,0,24.79804295277018,0,,,,,,,,,,,,,,,,0.3,0.3,5182.55,5183.86,5156.46,5176.09,,,,,,,,5134.98683602787,5177.663333333334,0.19705856127329704,,,,,,none,True,,,,,,,,,,,,,,no_pattern_at_sr
2026-03-10T10:54:11.065025+00:00,USDJPY.s,cobra,26551110,H1,HOLD,HOLD,NONE,0,0.2582610339338686,0,,,,,,,,,,,,,,,,0.023,0.023,157.651,157.884,157.651,157.818,,,,,,,,157.8934948382263,157.547,0.4026933464017808,,,,,,none,True,,,,,,,,,,,,,,no_pattern_at_sr
2026-03-10T10:54:11.079521+00:00,EURUSD.s,cobra,26551110,H1,HOLD,HOLD,NONE,0,0.0020765166371533674,0,,,,,,,,,,,,,,,,0.00019,0.00019,1.16505,1.1650800000000001,1.16195,1.16329,,,,,,,,1.1599215040642084,1.16383,0.5778908671038306,,,,,,none,True,,,,,,,,,,,,,,no_pattern_at_sr
2026-03-10T10:54:11.093120+00:00,XAUUSD.s,cobra,26551110,H1,HOLD,HOLD,NONE,0,24.79804295277018,0,,,,,,,,,,,,,,,,0.32,0.32,5182.55,5183.86,5156.46,5174.33,,,,,,,,5134.98683602787,5177.663333333334,0.19705856127329704,,,,,,none,True,,,,,,,,,,,,,,no_pattern_at_sr
2026-03-10T10:55:11.490932+00:00,USDJPY.s,cobra,26551110,H1,HOLD,HOLD,NONE,0,0.2582610339338686,0,,,,,,,,,,,,,,,,0.024,0.024,157.651,157.884,157.651,157.81,,,,,,,,157.8934948382263,157.547,0.4026933464017808,,,,,,none,True,,,,,,,,,,,,,,no_pattern_at_sr
2026-03-10T10:55:11.505276+00:00,EURUSD.s,cobra,26551110,H1,HOLD,HOLD,NONE,0,0.0020765166371533674,0,,,,,,,,,,,,,,,,0.00018,0.00018,1.16505,1.1650800000000001,1.16195,1.16322,,,,,,,,1.1599215040642084,1.16383,0.5778908671038306,,,,,,none,True,,,,,,,,,,,,,,no_pattern_at_sr
2026-03-10T10:55:11.519230+00:00,XAUUSD.s,cobra,26551110,H1,HOLD,HOLD,NONE,0,24.79804295277018,0,,,,,,,,,,,,,,,,0.3,0.3,5182.55,5183.86,5156.46,5173.57,,,,,,,,5134.98683602787,5177.663333333334,0.19705856127329704,,,,,,none,True,,,,,,,,,,,,,,no_pattern_at_sr
2026-03-10T10:56:11.970473+00:00,USDJPY.s,cobra,26551110,H1,HOLD,HOLD,NONE,0,0.2582610339338686,0,,,,,,,,,,,,,,,,0.024,0.024,157.651,157.884,157.651,157.795,,,,,,,,157.8934948382263,157.547,0.4026933464017808,,,,,,none,True,,,,,,,,,,,,,,no_pattern_at_sr
2026-03-10T10:56:11.984718+00:00,EURUSD.s,cobra,26551110,H1,HOLD,HOLD,NONE,0,0.0020765166371533674,0,,,,,,,,,,,,,,,,0.00018,0.00018,1.16505,1.1650800000000001,1.16195,1.16348,,,,,,,,1.1599215040642084,1.16383,0.5778908671038306,,,,,,none,True,,,,,,,,,,,,,,no_pattern_at_sr
2026-03-10T10:56:11.999338+00:00,XAUUSD.s,cobra,26551110,H1,HOLD,HOLD,NONE,0,24.79804295277018,0,,,,,,,,,,,,,,,,0.32,0.32,5182.55,5183.86,5156.46,5175.26,,,,,,,,5134.98683602787,5177.663333333334,0.19705856127329704,,,,,,none,True,,,,,,,,,,,,,,no_pattern_at_sr
2026-03-10T10:57:12.540373+00:00,USDJPY.s,cobra,26551110,H1,HOLD,HOLD,NONE,0,0.2582610339338686,0,,,,,,,,,,,,,,,,0.024,0.024,157.651,157.884,157.651,157.785,,,,,,,,157.8934948382263,157.547,0.4026933464017808,,,,,,none,True,,,,,,,,,,,,,,no_pattern_at_sr
2026-03-10T10:57:12.554295+00:00,EURUSD.s,cobra,26551110,H1,HOLD,HOLD,NONE,0,0.0020765166371533674,0,,,,,,,,,,,,,,,,0.00018,0.00018,1.16505,1.1650800000000001,1.16195,1.16367,,,,,,,,1.1599215040642084,1.16383,0.5778908671038306,,,,,,none,True,,,,,,,,,,,,,,no_pattern_at_sr
2026-03-10T10:57:12.570526+00:00,XAUUSD.s,cobra,26551110,H1,HOLD,HOLD,NONE,0,24.79804295277018,0,,,,,,,,,,,,,,,,0.33,0.33,5182.55,5183.86,5156.46,5175.25,,,,,,,,5134.98683602787,5177.663333333334,0.19705856127329704,,,,,,none,True,,,,,,,,,,,,,,no_pattern_at_sr
2026-03-10T10:57:12.570876+00:00,USOUSD.s,cobra,26551110,H1,OUTSIDE_HOURS,OUTSIDE_HOURS,NONE,0,3.9458855630580456,0,,,,,,,,,,,,,,,,0.079,0.079,86.939,90.149,86.729,88.978,,,,,,,,,,,,,,,,,,,,,,,,,,,,,,,
2026-03-10T10:58:13.000740+00:00,USDJPY.s,cobra,26551110,H1,HOLD,HOLD,NONE,0,0.2582610339338686,0,,,,,,,,,,,,,,,,0.024,0.024,157.651,157.884,157.651,157.78,,,,,,,,157.8934948382263,157.547,0.4026933464017808,,,,,,none,True,,,,,,,,,,,,,,no_pattern_at_sr
2026-03-10T10:58:13.015443+00:00,EURUSD.s,cobra,26551110,H1,HOLD,HOLD,NONE,0,0.0020765166371533674,0,,,,,,,,,,,,,,,,0.00018,0.00018,1.16505,1.1650800000000001,1.16195,1.16376,,,,,,,,1.1599215040642084,1.16383,0.5778908671038306,,,,,,none,True,,,,,,,,,,,,,,no_pattern_at_sr
2026-03-10T10:58:13.030066+00:00,XAUUSD.s,cobra,26551110,H1,HOLD,HOLD,NONE,0,24.79804295277018,0,,,,,,,,,,,,,,,,0.34,0.34,5182.55,5183.86,5156.46,5175.14,,,,,,,,5134.98683602787,5177.663333333334,0.19705856127329704,,,,,,none,True,,,,,,,,,,,,,,no_pattern_at_sr
2026-03-10T10:59:14.133858+00:00,USDJPY.s,cobra,26551110,H1,HOLD,HOLD,NONE,0,0.2582610339338686,0,,,,,,,,,,,,,,,,0.024,0.024,157.651,157.884,157.651,157.769,,,,,,,,157.8934948382263,157.547,0.4026933464017808,,,,,,none,True,,,,,,,,,,,,,,no_pattern_at_sr
2026-03-10T10:59:14.150215+00:00,EURUSD.s,cobra,26551110,H1,HOLD,HOLD,NONE,0,0.0020765166371533674,0,,,,,,,,,,,,,,,,0.00018,0.00018,1.16505,1.1650800000000001,1.16195,1.16371,,,,,,,,1.1599215040642084,1.16383,0.5778908671038306,,,,,,none,True,,,,,,,,,,,,,,no_pattern_at_sr
2026-03-10T10:59:14.164897+00:00,XAUUSD.s,cobra,26551110,H1,HOLD,HOLD,NONE,0,24.79804295277018,0,,,,,,,,,,,,,,,,0.31,0.31,5182.55,5183.86,5156.46,5177.56,,,,,,,,5134.98683602787,5177.663333333334,0.19705856127329704,,,,,,none,True,,,,,,,,,,,,,,no_pattern_at_sr
2026-03-10T11:00:16.023333+00:00,USDJPY.s,cobra,26551110,H1,HOLD,HOLD,NONE,0,0.2400995281761028,0,,,,,,,,,,,,,,,,0.024,0.024,157.756,157.756,157.752,157.752,,,,,,,,157.88811788144034,157.768,0.049979273558584274,,,,,,none,True,,,,,,,,,,,,,,no_pattern_at_sr
2026-03-10T11:00:16.038668+00:00,EURUSD.s,cobra,26551110,H1,HOLD,HOLD,NONE,0,0.0019331940684082258,0,,,,,,,,,,,,,,,,0.00019,0.00019,1.1638600000000001,1.1639,1.16383,1.16385,,,,,,,,1.160076392383828,1.16383,0.02069114562976889,,,,,,none,True,,,,,,,,,,,,,,no_pattern_at_sr
2026-03-10T11:00:16.053741+00:00,XAUUSD.s,cobra,26551110,H1,BUY,BUY,PIN_BAR,0.8,23.118893968079433,0,,,,,,,,,,,,,,,,0.31,0.31,5177.19,5178.22,5176.93,5177.02,,,,,,,,5136.623338219061,5154.6925,0.07645261933552436,BULLISH_PIN,20.729999999999563,3.8675373134323343,,,BULLISH_PIN,True,,,,,,,,,,,,,,
2026-03-10T11:00:17.727685+00:00,XAUUSD.s,cobra,26551110,H1,BUY_EXECUTED,BUY_EXECUTED,PIN_BAR,0.8,23.118893968079433,1,5177.33,5126.468433270225,,5329.914700189323,,0.01,290630080,,,,,,,150.61,183.88,0.32,0.32,5177.19,5178.22,5176.93,5177.02,,,,,,,,5136.623338219061,5154.6925,0.07645261933552436,BULLISH_PIN,20.729999999999563,3.8675373134323343,,,,,,,,,,,,,,,,,,
2026-03-10T11:01:19.964887+00:00,USDJPY.s,cobra,26551110,H1,HOLD,HOLD,NONE,0,0.24131381389038822,0,,,,,,,,,,,,,,,,0.024,0.024,157.756,157.772,157.751,157.772,,,,,,,,157.88811788144034,157.768,0.04972777897187106,,,,,,none,True,,,,,,,,,,,,,,no_pattern_at_sr
2026-03-10T11:01:19.979927+00:00,EURUSD.s,cobra,26551110,H1,HOLD,HOLD,NONE,0,0.0019381940684082269,0,,,,,,,,,,,,,,,,0.00019,0.00019,1.1638600000000001,1.1639,1.16376,1.16381,,,,,,,,1.160076392383828,1.16383,0.020637768246236896,,,,,,none,True,,,,,,,,,,,,,,no_pattern_at_sr
2026-03-10T11:02:20.455293+00:00,USDJPY.s,cobra,26551110,H1,HOLD,HOLD,NONE,0,0.24202809960467533,0,,,,,,,,,,,,,,,,0.024,0.024,157.756,157.782,157.751,157.781,,,,,,,,157.88811788144034,157.768,0.04958101980555586,,,,,,none,True,,,,,,,,,,,,,,no_pattern_at_sr
2026-03-10T11:02:20.470155+00:00,EURUSD.s,cobra,26551110,H1,HOLD,HOLD,NONE,0,0.0019381940684082269,0,,,,,,,,,,,,,,,,0.00018,0.00018,1.1638600000000001,1.1639,1.16376,1.16379,,,,,,,,1.160076392383828,1.16383,0.020637768246236896,,,,,,none,True,,,,,,,,,,,,,,no_pattern_at_sr
2026-03-10T11:03:20.912617+00:00,USDJPY.s,cobra,26551110,H1,HOLD,HOLD,NONE,0,0.24267095674753147,0,,,,,,,,,,,,,,,,0.024,0.024,157.756,157.791,157.751,157.779,,,,,,,,157.88811788144034,157.768,0.04944967523445726,,,,,,none,True,,,,,,,,,,,,,,no_pattern_at_sr
2026-03-10T11:03:20.927565+00:00,EURUSD.s,cobra,26551110,H1,HOLD,HOLD,NONE,0,0.0019381940684082269,0,,,,,,,,,,,,,,,,0.00018,0.00018,1.1638600000000001,1.1639,1.16376,1.1638600000000001,,,,,,,,1.160076392383828,1.16383,0.020637768246236896,,,,,,none,True,,,,,,,,,,,,,,no_pattern_at_sr
2026-03-10T11:04:22.202736+00:00,USDJPY.s,cobra,26551110,H1,HOLD,HOLD,NONE,0,0.24267095674753147,0,,,,,,,,,,,,,,,,0.023,0.023,157.756,157.791,157.751,157.776,,,,,,,,157.88811788144034,157.768,0.04944967523445726,,,,,,none,True,,,,,,,,,,,,,,no_pattern_at_sr
2026-03-10T11:04:22.211800+00:00,EURUSD.s,cobra,26551110,H1,HOLD,HOLD,NONE,0,0.0019439083541225183,0,,,,,,,,,,,,,,,,0.00018,0.00018,1.1638600000000001,1.16398,1.16376,1.16392,,,,,,,,1.160076392383828,1.16383,0.02057710175235912,,,,,,none,True,,,,,,,,,,,,,,no_pattern_at_sr
2026-03-10T11:05:22.779355+00:00,USDJPY.s,cobra,26551110,H1,HOLD,HOLD,NONE,0,0.25095667103324676,0,,,,,,,,,,,,,,,,0.023,0.023,157.756,157.791,157.635,157.675,,,,,,,,157.88811788144034,157.768,0.047817019370689266,,,,,,none,True,,,,,,,,,,,,,,no_pattern_at_sr
2026-03-10T11:05:22.794806+00:00,EURUSD.s,cobra,26551110,H1,HOLD,HOLD,NONE,0,0.002031765496979666,0,,,,,,,,,,,,,,,,0.00019,0.00019,1.1638600000000001,1.16521,1.16376,1.16506,,,,,,,,1.160076392383828,1.16383,0.019687311384853353,,,,,,none,True,,,,,,,,,,,,,,no_pattern_at_sr
2026-03-10T11:06:23.289863+00:00,USDJPY.s,cobra,26551110,H1,HOLD,HOLD,NONE,0,0.25095667103324676,0,,,,,,,,,,,,,,,,0.023,0.023,157.756,157.791,157.635,157.685,,,,,,,,157.88811788144034,157.768,0.047817019370689266,,,,,,none,True,,,,,,,,,,,,,,no_pattern_at_sr
2026-03-10T11:06:23.304252+00:00,EURUSD.s,cobra,26551110,H1,HOLD,HOLD,NONE,0,0.002031765496979666,0,,,,,,,,,,,,,,,,0.00019,0.00019,1.1638600000000001,1.16521,1.16376,1.1648,,,,,,,,1.160076392383828,1.16383,0.019687311384853353,,,,,,none,True,,,,,,,,,,,,,,no_pattern_at_sr
2026-03-10T11:07:23.755889+00:00,USDJPY.s,cobra,26551110,H1,HOLD,HOLD,NONE,0,0.25095667103324676,0,,,,,,,,,,,,,,,,0.023,0.023,157.756,157.791,157.635,157.711,,,,,,,,157.88811788144034,157.768,0.047817019370689266,,,,,,none,True,,,,,,,,,,,,,,no_pattern_at_sr
2026-03-10T11:07:23.771298+00:00,EURUSD.s,cobra,26551110,H1,HOLD,HOLD,NONE,0,0.002031765496979666,0,,,,,,,,,,,,,,,,0.00018,0.00018,1.1638600000000001,1.16521,1.16376,1.16475,,,,,,,,1.160076392383828,1.16383,0.019687311384853353,,,,,,none,True,,,,,,,,,,,,,,no_pattern_at_sr
2026-03-10T11:07:23.771880+00:00,USOUSD.s,cobra,26551110,H1,OUTSIDE_HOURS,OUTSIDE_HOURS,NONE,0,3.8711080215185216,0,,,,,,,,,,,,,,,,0.079,0.079,88.789,89.383,86.484,87.564,,,,,,,,,,,,,,,,,,,,,,,,,,,,,,,
2026-03-10T11:08:25.087922+00:00,USDJPY.s,cobra,26551110,H1,HOLD,HOLD,NONE,0,0.25095667103324676,0,,,,,,,,,,,,,,,,0.025,0.025,157.756,157.791,157.635,157.728,,,,,,,,157.88811788144034,157.768,0.047817019370689266,,,,,,none,True,,,,,,,,,,,,,,no_pattern_at_sr
2026-03-10T11:08:25.103785+00:00,EURUSD.s,cobra,26551110,H1,HOLD,HOLD,NONE,0,0.002031765496979666,0,,,,,,,,,,,,,,,,0.00019,0.00019,1.1638600000000001,1.16521,1.16376,1.16452,,,,,,,,1.160076392383828,1.16383,0.019687311384853353,,,,,,none,True,,,,,,,,,,,,,,no_pattern_at_sr
2026-03-10T11:09:25.543786+00:00,USDJPY.s,cobra,26551110,H1,HOLD,HOLD,NONE,0,0.25095667103324676,0,,,,,,,,,,,,,,,,0.024,0.024,157.756,157.791,157.635,157.73,,,,,,,,157.88811788144034,157.768,0.047817019370689266,,,,,,none,True,,,,,,,,,,,,,,no_pattern_at_sr
2026-03-10T11:09:25.558615+00:00,EURUSD.s,cobra,26551110,H1,HOLD,HOLD,NONE,0,0.002031765496979666,0,,,,,,,,,,,,,,,,0.00019,0.00019,1.1638600000000001,1.16521,1.16376,1.16456,,,,,,,,1.160076392383828,1.16383,0.019687311384853353,,,,,,none,True,,,,,,,,,,,,,,no_pattern_at_sr
2026-03-10T11:10:27.561015+00:00,USDJPY.s,cobra,26551110,H1,HOLD,HOLD,NONE,0,0.25095667103324676,0,,,,,,,,,,,,,,,,0.024,0.024,157.756,157.791,157.635,157.724,,,,,,,,157.88811788144034,157.768,0.047817019370689266,,,,,,none,True,,,,,,,,,,,,,,no_pattern_at_sr
2026-03-10T11:10:27.575209+00:00,EURUSD.s,cobra,26551110,H1,HOLD,HOLD,NONE,0,0.002031765496979666,0,,,,,,,,,,,,,,,,0.00018,0.00018,1.1638600000000001,1.16521,1.16376,1.1645699999999999,,,,,,,,1.160076392383828,1.16383,0.019687311384853353,,,,,,none,True,,,,,,,,,,,,,,no_pattern_at_sr
2026-03-10T11:11:28.357893+00:00,USDJPY.s,cobra,26551110,H1,HOLD,HOLD,NONE,0,0.25095667103324676,0,,,,,,,,,,,,,,,,0.023,0.023,157.756,157.791,157.635,157.737,,,,,,,,157.88811788144034,157.768,0.047817019370689266,,,,,,none,True,,,,,,,,,,,,,,no_pattern_at_sr
2026-03-10T11:11:28.372599+00:00,EURUSD.s,cobra,26551110,H1,HOLD,HOLD,NONE,0,0.002031765496979666,0,,,,,,,,,,,,,,,,0.0002,0.0002,1.1638600000000001,1.16521,1.16376,1.16443,,,,,,,,1.160076392383828,1.16383,0.019687311384853353,,,,,,none,True,,,,,,,,,,,,,,no_pattern_at_sr
2026-03-10T11:12:28.867016+00:00,USDJPY.s,cobra,26551110,H1,HOLD,HOLD,NONE,0,0.25095667103324676,0,,,,,,,,,,,,,,,,0.024,0.024,157.756,157.791,157.635,157.726,,,,,,,,157.88811788144034,157.768,0.047817019370689266,,,,,,none,True,,,,,,,,,,,,,,no_pattern_at_sr
2026-03-10T11:12:28.882163+00:00,EURUSD.s,cobra,26551110,H1,HOLD,HOLD,NONE,0,0.002031765496979666,0,,,,,,,,,,,,,,,,0.00018,0.00018,1.1638600000000001,1.16521,1.16376,1.1646,,,,,,,,1.160076392383828,1.16383,0.019687311384853353,,,,,,none,True,,,,,,,,,,,,,,no_pattern_at_sr
2026-03-10T11:13:29.400707+00:00,USDJPY.s,cobra,26551110,H1,HOLD,HOLD,NONE,0,0.25095667103324676,0,,,,,,,,,,,,,,,,0.024,0.024,157.756,157.791,157.635,157.756,,,,,,,,157.88811788144034,157.768,0.047817019370689266,,,,,,none,True,,,,,,,,,,,,,,no_pattern_at_sr
2026-03-10T11:13:29.414687+00:00,EURUSD.s,cobra,26551110,H1,HOLD,HOLD,NONE,0,0.002031765496979666,0,,,,,,,,,,,,,,,,0.00018,0.00018,1.1638600000000001,1.16521,1.16376,1.16454,,,,,,,,1.160076392383828,1.16383,0.019687311384853353,,,,,,none,True,,,,,,,,,,,,,,no_pattern_at_sr
2026-03-10T11:14:29.948701+00:00,USDJPY.s,cobra,26551110,H1,HOLD,HOLD,NONE,0,0.25095667103324676,0,,,,,,,,,,,,,,,,0.024,0.024,157.756,157.791,157.635,157.741,,,,,,,,157.88811788144034,157.768,0.047817019370689266,,,,,,none,True,,,,,,,,,,,,,,no_pattern_at_sr
2026-03-10T11:14:29.962850+00:00,EURUSD.s,cobra,26551110,H1,HOLD,HOLD,NONE,0,0.002031765496979666,0,,,,,,,,,,,,,,,,0.00018,0.00018,1.1638600000000001,1.16521,1.16376,1.16465,,,,,,,,1.160076392383828,1.16383,0.019687311384853353,,,,,,none,True,,,,,,,,,,,,,,no_pattern_at_sr
2026-03-10T11:15:30.396754+00:00,USDJPY.s,cobra,26551110,H1,HOLD,HOLD,NONE,0,0.25095667103324676,0,,,,,,,,,,,,,,,,0.024,0.024,157.756,157.791,157.635,157.773,,,,,,,,157.88811788144034,157.768,0.047817019370689266,,,,,,none,True,,,,,,,,,,,,,,no_pattern_at_sr
2026-03-10T11:15:30.411378+00:00,EURUSD.s,cobra,26551110,H1,HOLD,HOLD,NONE,0,0.002031765496979666,0,,,,,,,,,,,,,,,,0.00019,0.00019,1.1638600000000001,1.16521,1.16376,1.16435,,,,,,,,1.160076392383828,1.16383,0.019687311384853353,,,,,,none,True,,,,,,,,,,,,,,no_pattern_at_sr
2026-03-10T11:16:30.991692+00:00,USDJPY.s,cobra,26551110,H1,HOLD,HOLD,NONE,0,0.2510995281761046,0,,,,,,,,,,,,,,,,0.024,0.024,157.756,157.793,157.635,157.791,,,,,,,,157.88811788144034,157.768,0.04778981500747564,,,,,,none,True,,,,,,,,,,,,,,no_pattern_at_sr
2026-03-10T11:16:31.005811+00:00,EURUSD.s,cobra,26551110,H1,HOLD,HOLD,NONE,0,0.002031765496979666,0,,,,,,,,,,,,,,,,0.00019,0.00019,1.1638600000000001,1.16521,1.16376,1.16426,,,,,,,,1.160076392383828,1.16383,0.019687311384853353,,,,,,none,True,,,,,,,,,,,,,,no_pattern_at_sr
2026-03-10T11:17:31.529534+00:00,USDJPY.s,cobra,26551110,H1,HOLD,HOLD,NONE,0,0.2511709567475335,0,,,,,,,,,,,,,,,,0.024,0.024,157.756,157.794,157.635,157.764,,,,,,,,157.88811788144034,157.768,0.04777622443052742,,,,,,none,True,,,,,,,,,,,,,,no_pattern_at_sr
2026-03-10T11:17:31.544553+00:00,EURUSD.s,cobra,26551110,H1,HOLD,HOLD,NONE,0,0.002031765496979666,0,,,,,,,,,,,,,,,,0.00019,0.00019,1.1638600000000001,1.16521,1.16376,1.16436,,,,,,,,1.160076392383828,1.16383,0.019687311384853353,,,,,,none,True,,,,,,,,,,,,,,no_pattern_at_sr
2026-03-10T11:17:31.544952+00:00,USOUSD.s,cobra,26551110,H1,OUTSIDE_HOURS,OUTSIDE_HOURS,NONE,0,3.8711080215185216,0,,,,,,,,,,,,,,,,0.079,0.079,88.789,89.383,86.484,87.793,,,,,,,,,,,,,,,,,,,,,,,,,,,,,,,
2026-03-10T11:18:31.925241+00:00,USDJPY.s,cobra,26551110,H1,HOLD,HOLD,NONE,0,0.2511709567475335,0,,,,,,,,,,,,,,,,0.025,0.025,157.756,157.794,157.635,157.767,,,,,,,,157.88811788144034,157.768,0.04777622443052742,,,,,,none,True,,,,,,,,,,,,,,no_pattern_at_sr
2026-03-10T11:18:31.940468+00:00,EURUSD.s,cobra,26551110,H1,HOLD,HOLD,NONE,0,0.002031765496979666,0,,,,,,,,,,,,,,,,0.00019,0.00019,1.1638600000000001,1.16521,1.16376,1.16419,,,,,,,,1.160076392383828,1.16383,0.019687311384853353,,,,,,none,True,,,,,,,,,,,,,,no_pattern_at_sr
2026-03-10T11:19:32.915707+00:00,USDJPY.s,cobra,26551110,H1,HOLD,HOLD,NONE,0,0.2511709567475335,0,,,,,,,,,,,,,,,,0.023,0.023,157.756,157.794,157.635,157.79,,,,,,,,157.88811788144034,157.768,0.04777622443052742,,,,,,none,True,,,,,,,,,,,,,,no_pattern_at_sr
2026-03-10T11:19:32.929703+00:00,EURUSD.s,cobra,26551110,H1,HOLD,HOLD,NONE,0,0.002031765496979666,0,,,,,,,,,,,,,,,,0.00018,0.00018,1.1638600000000001,1.16521,1.16376,1.16394,,,,,,,,1.160076392383828,1.16383,0.019687311384853353,,,,,,none,True,,,,,,,,,,,,,,no_pattern_at_sr
2026-03-10T11:20:34.145840+00:00,USDJPY.s,cobra,26551110,H1,HOLD,HOLD,NONE,0,0.2511709567475335,0,,,,,,,,,,,,,,,,0.032,0.032,157.756,157.794,157.635,157.774,,,,,,,,157.88811788144034,157.768,0.04777622443052742,,,,,,none,True,,,,,,,,,,,,,,no_pattern_at_sr
2026-03-10T11:20:34.160884+00:00,EURUSD.s,cobra,26551110,H1,HOLD,HOLD,NONE,0,0.002031765496979666,0,,,,,,,,,,,,,,,,0.00018,0.00018,1.1638600000000001,1.16521,1.16376,1.16402,,,,,,,,1.160076392383828,1.16383,0.019687311384853353,,,,,,none,True,,,,,,,,,,,,,,no_pattern_at_sr
2026-03-10T11:21:35.267888+00:00,USDJPY.s,cobra,26551110,H1,HOLD,HOLD,NONE,0,0.25217095674753215,0,,,,,,,,,,,,,,,,0.024,0.024,157.756,157.808,157.635,157.792,,,,,,,,157.88811788144034,157.768,0.04758676476773883,,,,,,none,True,,,,,,,,,,,,,,no_pattern_at_sr
2026-03-10T11:21:35.284337+00:00,EURUSD.s,cobra,26551110,H1,HOLD,HOLD,NONE,0,0.002031765496979666,0,,,,,,,,,,,,,,,,0.00019,0.00019,1.1638600000000001,1.16521,1.16376,1.1641,,,,,,,,1.160076392383828,1.16383,0.019687311384853353,,,,,,none,True,,,,,,,,,,,,,,no_pattern_at_sr
2026-03-10T11:22:36.593251+00:00,USDJPY.s,cobra,26551110,H1,HOLD,HOLD,NONE,0,0.25217095674753215,0,,,,,,,,,,,,,,,,0.025,0.025,157.756,157.808,157.635,157.793,,,,,,,,157.88811788144034,157.768,0.04758676476773883,,,,,,none,True,,,,,,,,,,,,,,no_pattern_at_sr
2026-03-10T11:22:36.607636+00:00,EURUSD.s,cobra,26551110,H1,HOLD,HOLD,NONE,0,0.002031765496979666,0,,,,,,,,,,,,,,,,0.00019,0.00019,1.1638600000000001,1.16521,1.16376,1.164,,,,,,,,1.160076392383828,1.16383,0.019687311384853353,,,,,,none,True,,,,,,,,,,,,,,no_pattern_at_sr
2026-03-10T11:23:37.994576+00:00,USDJPY.s,cobra,26551110,H1,HOLD,HOLD,NONE,0,0.25217095674753215,0,,,,,,,,,,,,,,,,0.024,0.024,157.756,157.808,157.635,157.749,,,,,,,,157.88811788144034,157.768,0.04758676476773883,,,,,,none,True,,,,,,,,,,,,,,no_pattern_at_sr
2026-03-10T11:23:38.010055+00:00,EURUSD.s,cobra,26551110,H1,HOLD,HOLD,NONE,0,0.002031765496979666,0,,,,,,,,,,,,,,,,0.00018,0.00018,1.1638600000000001,1.16521,1.16376,1.16446,,,,,,,,1.160076392383828,1.16383,0.019687311384853353,,,,,,none,True,,,,,,,,,,,,,,no_pattern_at_sr
2026-03-10T11:24:39.410185+00:00,USDJPY.s,cobra,26551110,H1,HOLD,HOLD,NONE,0,0.25217095674753215,0,,,,,,,,,,,,,,,,0.024,0.024,157.756,157.808,157.635,157.755,,,,,,,,157.88811788144034,157.768,0.04758676476773883,,,,,,none,True,,,,,,,,,,,,,,no_pattern_at_sr
2026-03-10T11:24:39.424668+00:00,EURUSD.s,cobra,26551110,H1,HOLD,HOLD,NONE,0,0.002031765496979666,0,,,,,,,,,,,,,,,,0.00019,0.00019,1.1638600000000001,1.16521,1.16376,1.1643,,,,,,,,1.160076392383828,1.16383,0.019687311384853353,,,,,,none,True,,,,,,,,,,,,,,no_pattern_at_sr
2026-03-10T11:25:40.599532+00:00,USDJPY.s,cobra,26551110,H1,HOLD,HOLD,NONE,0,0.25217095674753215,0,,,,,,,,,,,,,,,,0.023,0.023,157.756,157.808,157.635,157.742,,,,,,,,157.88811788144034,157.768,0.04758676476773883,,,,,,none,True,,,,,,,,,,,,,,no_pattern_at_sr
2026-03-10T11:25:40.614508+00:00,EURUSD.s,cobra,26551110,H1,HOLD,HOLD,NONE,0,0.002031765496979666,0,,,,,,,,,,,,,,,,0.00018,0.00018,1.1638600000000001,1.16521,1.16376,1.1645,,,,,,,,1.160076392383828,1.16383,0.019687311384853353,,,,,,none,True,,,,,,,,,,,,,,no_pattern_at_sr
2026-03-10T11:26:41.774672+00:00,USDJPY.s,cobra,26551110,H1,HOLD,HOLD,NONE,0,0.25217095674753215,0,,,,,,,,,,,,,,,,0.024,0.024,157.756,157.808,157.635,157.732,,,,,,,,157.88811788144034,157.768,0.04758676476773883,,,,,,none,True,,,,,,,,,,,,,,no_pattern_at_sr
2026-03-10T11:26:41.789881+00:00,EURUSD.s,cobra,26551110,H1,HOLD,HOLD,NONE,0,0.002031765496979666,0,,,,,,,,,,,,,,,,0.00019,0.00019,1.1638600000000001,1.16521,1.16376,1.1644700000000001,,,,,,,,1.160076392383828,1.16383,0.019687311384853353,,,,,,none,True,,,,,,,,,,,,,,no_pattern_at_sr
2026-03-10T11:27:42.949185+00:00,USDJPY.s,cobra,26551110,H1,HOLD,HOLD,NONE,0,0.25217095674753215,0,,,,,,,,,,,,,,,,0.025,0.025,157.756,157.808,157.635,157.746,,,,,,,,157.88811788144034,157.768,0.04758676476773883,,,,,,none,True,,,,,,,,,,,,,,no_pattern_at_sr
2026-03-10T11:27:42.963508+00:00,EURUSD.s,cobra,26551110,H1,HOLD,HOLD,NONE,0,0.002031765496979666,0,,,,,,,,,,,,,,,,0.00018,0.00018,1.1638600000000001,1.16521,1.16376,1.16429,,,,,,,,1.160076392383828,1.16383,0.019687311384853353,,,,,,none,True,,,,,,,,,,,,,,no_pattern_at_sr
2026-03-10T11:27:42.964068+00:00,USOUSD.s,cobra,26551110,H1,OUTSIDE_HOURS,OUTSIDE_HOURS,NONE,0,3.8711080215185216,0,,,,,,,,,,,,,,,,0.079,0.079,88.789,89.383,86.484,87.829,,,,,,,,,,,,,,,,,,,,,,,,,,,,,,,
2026-03-10T11:28:43.434292+00:00,USDJPY.s,cobra,26551110,H1,HOLD,HOLD,NONE,0,0.25217095674753215,0,,,,,,,,,,,,,,,,0.023,0.023,157.756,157.808,157.635,157.788,,,,,,,,157.88811788144034,157.768,0.04758676476773883,,,,,,none,True,,,,,,,,,,,,,,no_pattern_at_sr
2026-03-10T11:28:43.449575+00:00,EURUSD.s,cobra,26551110,H1,HOLD,HOLD,NONE,0,0.002031765496979666,0,,,,,,,,,,,,,,,,0.00019,0.00019,1.1638600000000001,1.16521,1.16376,1.164,,,,,,,,1.160076392383828,1.16383,0.019687311384853353,,,,,,none,True,,,,,,,,,,,,,,no_pattern_at_sr
2026-03-10T11:29:44.044314+00:00,USDJPY.s,cobra,26551110,H1,HOLD,HOLD,NONE,0,0.25217095674753215,0,,,,,,,,,,,,,,,,0.024,0.024,157.756,157.808,157.635,157.762,,,,,,,,157.88811788144034,157.768,0.04758676476773883,,,,,,none,True,,,,,,,,,,,,,,no_pattern_at_sr
2026-03-10T11:29:44.058968+00:00,EURUSD.s,cobra,26551110,H1,HOLD,HOLD,NONE,0,0.002031765496979666,0,,,,,,,,,,,,,,,,0.00019,0.00019,1.1638600000000001,1.16521,1.16376,1.16425,,,,,,,,1.160076392383828,1.16383,0.019687311384853353,,,,,,none,True,,,,,,,,,,,,,,no_pattern_at_sr
2026-03-10T11:30:45.122393+00:00,USDJPY.s,cobra,26551110,H1,HOLD,HOLD,NONE,0,0.25217095674753215,0,,,,,,,,,,,,,,,,0.023,0.023,157.756,157.808,157.635,157.77,,,,,,,,157.88811788144034,157.768,0.04758676476773883,,,,,,none,True,,,,,,,,,,,,,,no_pattern_at_sr
2026-03-10T11:30:45.138026+00:00,EURUSD.s,cobra,26551110,H1,HOLD,HOLD,NONE,0,0.002031765496979666,0,,,,,,,,,,,,,,,,0.00019,0.00019,1.1638600000000001,1.16521,1.16376,1.16412,,,,,,,,1.160076392383828,1.16383,0.019687311384853353,,,,,,none,True,,,,,,,,,,,,,,no_pattern_at_sr
2026-03-10T11:31:46.218685+00:00,USDJPY.s,cobra,26551110,H1,HOLD,HOLD,NONE,0,0.25281381389039037,0,,,,,,,,,,,,,,,,0.023,0.023,157.756,157.817,157.635,157.816,,,,,,,,157.88811788144034,157.768,0.047465760732533224,,,,,,none,True,,,,,,,,,,,,,,no_pattern_at_sr
2026-03-10T11:31:46.234058+00:00,EURUSD.s,cobra,26551110,H1,HOLD,HOLD,NONE,0,0.002033194068408231,0,,,,,,,,,,,,,,,,0.00018,0.00018,1.1638600000000001,1.16521,1.16374,1.16375,,,,,,,,1.160076392383828,1.16383,0.019673478602736452,,,,,,none,True,,,,,,,,,,,,,,no_pattern_at_sr
2026-03-10T11:32:47.316413+00:00,USDJPY.s,cobra,26551110,H1,HOLD,HOLD,NONE,0,0.2532423853189618,0,,,,,,,,,,,,,,,,0.025,0.025,157.756,157.823,157.635,157.799,,,,,,,,157.88811788144034,157.768,0.04738543267504889,,,,,,none,True,,,,,,,,,,,,,,no_pattern_at_sr
2026-03-10T11:32:47.331368+00:00,EURUSD.s,cobra,26551110,H1,HOLD,HOLD,NONE,0,0.002035336925551086,0,,,,,,,,,,,,,,,,0.00018,0.00018,1.1638600000000001,1.16521,1.16371,1.16397,,,,,,,,1.160076392383828,1.16383,0.01965276583836833,,,,,,none,True,,,,,,,,,,,,,,no_pattern_at_sr
2026-03-10T11:33:48.335620+00:00,USDJPY.s,cobra,26551110,H1,HOLD,HOLD,NONE,0,0.2532423853189618,0,,,,,,,,,,,,,,,,0.023,0.023,157.756,157.823,157.635,157.798,,,,,,,,157.88811788144034,157.768,0.04738543267504889,,,,,,none,True,,,,,,,,,,,,,,no_pattern_at_sr
2026-03-10T11:33:48.350881+00:00,EURUSD.s,cobra,26551110,H1,HOLD,HOLD,NONE,0,0.002035336925551086,0,,,,,,,,,,,,,,,,0.00018,0.00018,1.1638600000000001,1.16521,1.16371,1.16411,,,,,,,,1.160076392383828,1.16383,0.01965276583836833,,,,,,none,True,,,,,,,,,,,,,,no_pattern_at_sr
2026-03-10T11:34:48.886377+00:00,USDJPY.s,cobra,26551110,H1,HOLD,HOLD,NONE,0,0.2532423853189618,0,,,,,,,,,,,,,,,,0.023,0.023,157.756,157.823,157.635,157.788,,,,,,,,157.88811788144034,157.768,0.04738543267504889,,,,,,none,True,,,,,,,,,,,,,,no_pattern_at_sr
2026-03-10T11:34:48.900008+00:00,EURUSD.s,cobra,26551110,H1,HOLD,HOLD,NONE,0,0.002035336925551086,0,,,,,,,,,,,,,,,,0.00018,0.00018,1.1638600000000001,1.16521,1.16371,1.16405,,,,,,,,1.160076392383828,1.16383,0.01965276583836833,,,,,,none,True,,,,,,,,,,,,,,no_pattern_at_sr
2026-03-10T11:35:50.176629+00:00,USDJPY.s,cobra,26551110,H1,HOLD,HOLD,NONE,0,0.2532423853189618,0,,,,,,,,,,,,,,,,0.032,0.032,157.756,157.823,157.635,157.765,,,,,,,,157.88811788144034,157.768,0.04738543267504889,,,,,,none,True,,,,,,,,,,,,,,no_pattern_at_sr
2026-03-10T11:35:50.191596+00:00,EURUSD.s,cobra,26551110,H1,HOLD,HOLD,NONE,0,0.002035336925551086,0,,,,,,,,,,,,,,,,0.00019,0.00019,1.1638600000000001,1.16521,1.16371,1.1642299999999999,,,,,,,,1.160076392383828,1.16383,0.01965276583836833,,,,,,none,True,,,,,,,,,,,,,,no_pattern_at_sr
2026-03-10T11:36:52.077044+00:00,USDJPY.s,cobra,26551110,H1,HOLD,HOLD,NONE,0,0.2532423853189618,0,,,,,,,,,,,,,,,,0.033,0.033,157.756,157.823,157.635,157.766,,,,,,,,157.88811788144034,157.768,0.04738543267504889,,,,,,none,True,,,,,,,,,,,,,,no_pattern_at_sr
2026-03-10T11:36:52.091915+00:00,EURUSD.s,cobra,26551110,H1,HOLD,HOLD,NONE,0,0.002035336925551086,0,,,,,,,,,,,,,,,,0.00019,0.00019,1.1638600000000001,1.16521,1.16371,1.16407,,,,,,,,1.160076392383828,1.16383,0.01965276583836833,,,,,,none,True,,,,,,,,,,,,,,no_pattern_at_sr
2026-03-10T11:37:52.820508+00:00,USDJPY.s,cobra,26551110,H1,HOLD,HOLD,NONE,0,0.2532423853189618,0,,,,,,,,,,,,,,,,0.023,0.023,157.756,157.823,157.635,157.747,,,,,,,,157.88811788144034,157.768,0.04738543267504889,,,,,,none,True,,,,,,,,,,,,,,no_pattern_at_sr
2026-03-10T11:37:52.834459+00:00,EURUSD.s,cobra,26551110,H1,HOLD,HOLD,NONE,0,0.002035336925551086,0,,,,,,,,,,,,,,,,0.00019,0.00019,1.1638600000000001,1.16521,1.16371,1.16431,,,,,,,,1.160076392383828,1.16383,0.01965276583836833,,,,,,none,True,,,,,,,,,,,,,,no_pattern_at_sr
2026-03-10T11:37:52.834847+00:00,USOUSD.s,cobra,26551110,H1,OUTSIDE_HOURS,OUTSIDE_HOURS,NONE,0,3.8711080215185216,0,,,,,,,,,,,,,,,,0.079,0.079,88.789,89.383,86.484,88.389,,,,,,,,,,,,,,,,,,,,,,,,,,,,,,,
2026-03-10T11:38:53.298385+00:00,USDJPY.s,cobra,26551110,H1,HOLD,HOLD,NONE,0,0.2532423853189618,0,,,,,,,,,,,,,,,,0.025,0.025,157.756,157.823,157.635,157.747,,,,,,,,157.88811788144034,157.768,0.04738543267504889,,,,,,none,True,,,,,,,,,,,,,,no_pattern_at_sr
2026-03-10T11:38:53.312266+00:00,EURUSD.s,cobra,26551110,H1,HOLD,HOLD,NONE,0,0.002035336925551086,0,,,,,,,,,,,,,,,,0.00019,0.00019,1.1638600000000001,1.16521,1.16371,1.16439,,,,,,,,1.160076392383828,1.16383,0.01965276583836833,,,,,,none,True,,,,,,,,,,,,,,no_pattern_at_sr
2026-03-10T11:39:53.857241+00:00,USDJPY.s,cobra,26551110,H1,HOLD,HOLD,NONE,0,0.2532423853189618,0,,,,,,,,,,,,,,,,0.025,0.025,157.756,157.823,157.635,157.752,,,,,,,,157.88811788144034,157.768,0.04738543267504889,,,,,,none,True,,,,,,,,,,,,,,no_pattern_at_sr
2026-03-10T11:39:53.871790+00:00,EURUSD.s,cobra,26551110,H1,HOLD,HOLD,NONE,0,0.002035336925551086,0,,,,,,,,,,,,,,,,0.00018,0.00018,1.1638600000000001,1.16521,1.16371,1.16435,,,,,,,,1.160076392383828,1.16383,0.01965276583836833,,,,,,none,True,,,,,,,,,,,,,,no_pattern_at_sr
2026-03-10T11:40:54.467364+00:00,USDJPY.s,cobra,26551110,H1,HOLD,HOLD,NONE,0,0.2532423853189618,0,,,,,,,,,,,,,,,,0.024,0.024,157.756,157.823,157.635,157.746,,,,,,,,157.88811788144034,157.768,0.04738543267504889,,,,,,none,True,,,,,,,,,,,,,,no_pattern_at_sr
2026-03-10T11:40:54.482238+00:00,EURUSD.s,cobra,26551110,H1,HOLD,HOLD,NONE,0,0.002035336925551086,0,,,,,,,,,,,,,,,,0.00019,0.00019,1.1638600000000001,1.16521,1.16371,1.16435,,,,,,,,1.160076392383828,1.16383,0.01965276583836833,,,,,,none,True,,,,,,,,,,,,,,no_pattern_at_sr
2026-03-10T11:41:55.545004+00:00,USDJPY.s,cobra,26551110,H1,HOLD,HOLD,NONE,0,0.2532423853189618,0,,,,,,,,,,,,,,,,0.025,0.025,157.756,157.823,157.635,157.769,,,,,,,,157.88811788144034,157.768,0.04738543267504889,,,,,,none,True,,,,,,,,,,,,,,no_pattern_at_sr
2026-03-10T11:41:55.559591+00:00,EURUSD.s,cobra,26551110,H1,HOLD,HOLD,NONE,0,0.002035336925551086,0,,,,,,,,,,,,,,,,0.00018,0.00018,1.1638600000000001,1.16521,1.16371,1.16429,,,,,,,,1.160076392383828,1.16383,0.01965276583836833,,,,,,none,True,,,,,,,,,,,,,,no_pattern_at_sr
2026-03-10T11:42:56.466213+00:00,USDJPY.s,cobra,26551110,H1,HOLD,HOLD,NONE,0,0.2532423853189618,0,,,,,,,,,,,,,,,,0.025,0.025,157.756,157.823,157.635,157.768,,,,,,,,157.88811788144034,157.768,0.04738543267504889,,,,,,none,True,,,,,,,,,,,,,,no_pattern_at_sr
2026-03-10T11:42:56.480411+00:00,EURUSD.s,cobra,26551110,H1,HOLD,HOLD,NONE,0,0.002035336925551086,0,,,,,,,,,,,,,,,,0.00018,0.00018,1.1638600000000001,1.16521,1.16371,1.1643,,,,,,,,1.160076392383828,1.16383,0.01965276583836833,,,,,,none,True,,,,,,,,,,,,,,no_pattern_at_sr
2026-03-10T11:43:58.214925+00:00,USDJPY.s,cobra,26551110,H1,HOLD,HOLD,NONE,0,0.2532423853189618,0,,,,,,,,,,,,,,,,0.023,0.023,157.756,157.823,157.635,157.783,,,,,,,,157.88811788144034,157.768,0.04738543267504889,,,,,,none,True,,,,,,,,,,,,,,no_pattern_at_sr
2026-03-10T11:43:58.229857+00:00,EURUSD.s,cobra,26551110,H1,HOLD,HOLD,NONE,0,0.002035336925551086,0,,,,,,,,,,,,,,,,0.00019,0.00019,1.1638600000000001,1.16521,1.16371,1.16411,,,,,,,,1.160076392383828,1.16383,0.01965276583836833,,,,,,none,True,,,,,,,,,,,,,,no_pattern_at_sr
2026-03-10T11:44:58.704653+00:00,USDJPY.s,cobra,26551110,H1,HOLD,HOLD,NONE,0,0.2532423853189618,0,,,,,,,,,,,,,,,,0.025,0.025,157.756,157.823,157.635,157.777,,,,,,,,157.88811788144034,157.768,0.04738543267504889,,,,,,none,True,,,,,,,,,,,,,,no_pattern_at_sr
2026-03-10T11:44:58.718677+00:00,EURUSD.s,cobra,26551110,H1,HOLD,HOLD,NONE,0,0.002035336925551086,0,,,,,,,,,,,,,,,,0.00018,0.00018,1.1638600000000001,1.16521,1.16371,1.1642299999999999,,,,,,,,1.160076392383828,1.16383,0.01965276583836833,,,,,,none,True,,,,,,,,,,,,,,no_pattern_at_sr
2026-03-10T11:45:59.166234+00:00,USDJPY.s,cobra,26551110,H1,HOLD,HOLD,NONE,0,0.2532423853189618,0,,,,,,,,,,,,,,,,0.023,0.023,157.756,157.823,157.635,157.783,,,,,,,,157.88811788144034,157.768,0.04738543267504889,,,,,,none,True,,,,,,,,,,,,,,no_pattern_at_sr
2026-03-10T11:45:59.180652+00:00,EURUSD.s,cobra,26551110,H1,HOLD,HOLD,NONE,0,0.002035336925551086,0,,,,,,,,,,,,,,,,0.00019,0.00019,1.1638600000000001,1.16521,1.16371,1.16411,,,,,,,,1.160076392383828,1.16383,0.01965276583836833,,,,,,none,True,,,,,,,,,,,,,,no_pattern_at_sr
2026-03-10T11:46:59.572182+00:00,USDJPY.s,cobra,26551110,H1,HOLD,HOLD,NONE,0,0.2532423853189618,0,,,,,,,,,,,,,,,,0.023,0.023,157.756,157.823,157.635,157.788,,,,,,,,157.88811788144034,157.768,0.04738543267504889,,,,,,none,True,,,,,,,,,,,,,,no_pattern_at_sr
2026-03-10T11:46:59.586761+00:00,EURUSD.s,cobra,26551110,H1,HOLD,HOLD,NONE,0,0.002035336925551086,0,,,,,,,,,,,,,,,,0.00019,0.00019,1.1638600000000001,1.16521,1.16371,1.16411,,,,,,,,1.160076392383828,1.16383,0.01965276583836833,,,,,,none,True,,,,,,,,,,,,,,no_pattern_at_sr
2026-03-10T11:48:00.352055+00:00,USDJPY.s,cobra,26551110,H1,HOLD,HOLD,NONE,0,0.2532423853189618,0,,,,,,,,,,,,,,,,0.023,0.023,157.756,157.823,157.635,157.779,,,,,,,,157.88811788144034,157.768,0.04738543267504889,,,,,,none,True,,,,,,,,,,,,,,no_pattern_at_sr
2026-03-10T11:48:00.367122+00:00,EURUSD.s,cobra,26551110,H1,HOLD,HOLD,NONE,0,0.002035336925551086,0,,,,,,,,,,,,,,,,0.00018,0.00018,1.1638600000000001,1.16521,1.16371,1.16427,,,,,,,,1.160076392383828,1.16383,0.01965276583836833,,,,,,none,True,,,,,,,,,,,,,,no_pattern_at_sr
2026-03-10T11:48:00.367573+00:00,USOUSD.s,cobra,26551110,H1,OUTSIDE_HOURS,OUTSIDE_HOURS,NONE,0,3.8711080215185216,0,,,,,,,,,,,,,,,,0.079,0.079,88.789,89.383,86.484,88.698,,,,,,,,,,,,,,,,,,,,,,,,,,,,,,,
2026-03-10T11:49:01.039151+00:00,USDJPY.s,cobra,26551110,H1,HOLD,HOLD,NONE,0,0.2532423853189618,0,,,,,,,,,,,,,,,,0.023,0.023,157.756,157.823,157.635,157.775,,,,,,,,157.88811788144034,157.768,0.04738543267504889,,,,,,none,True,,,,,,,,,,,,,,no_pattern_at_sr
2026-03-10T11:49:01.054978+00:00,EURUSD.s,cobra,26551110,H1,HOLD,HOLD,NONE,0,0.002035336925551086,0,,,,,,,,,,,,,,,,0.00019,0.00019,1.1638600000000001,1.16521,1.16371,1.16446,,,,,,,,1.160076392383828,1.16383,0.01965276583836833,,,,,,none,True,,,,,,,,,,,,,,no_pattern_at_sr
2026-03-10T11:50:01.504882+00:00,USDJPY.s,cobra,26551110,H1,HOLD,HOLD,NONE,0,0.2532423853189618,0,,,,,,,,,,,,,,,,0.023,0.023,157.756,157.823,157.635,157.774,,,,,,,,157.88811788144034,157.768,0.04738543267504889,,,,,,none,True,,,,,,,,,,,,,,no_pattern_at_sr
2026-03-10T11:50:01.519980+00:00,EURUSD.s,cobra,26551110,H1,HOLD,HOLD,NONE,0,0.002035336925551086,0,,,,,,,,,,,,,,,,0.00018,0.00018,1.1638600000000001,1.16521,1.16371,1.16432,,,,,,,,1.160076392383828,1.16383,0.01965276583836833,,,,,,none,True,,,,,,,,,,,,,,no_pattern_at_sr
2026-03-10T11:51:02.040192+00:00,USDJPY.s,cobra,26551110,H1,HOLD,HOLD,NONE,0,0.2532423853189618,0,,,,,,,,,,,,,,,,0.024,0.024,157.756,157.823,157.635,157.766,,,,,,,,157.88811788144034,157.768,0.04738543267504889,,,,,,none,True,,,,,,,,,,,,,,no_pattern_at_sr
2026-03-10T11:51:02.055957+00:00,EURUSD.s,cobra,26551110,H1,HOLD,HOLD,NONE,0,0.002035336925551086,0,,,,,,,,,,,,,,,,0.00018,0.00018,1.1638600000000001,1.16521,1.16371,1.16441,,,,,,,,1.160076392383828,1.16383,0.01965276583836833,,,,,,none,True,,,,,,,,,,,,,,no_pattern_at_sr
2026-03-10T11:52:02.533687+00:00,USDJPY.s,cobra,26551110,H1,HOLD,HOLD,NONE,0,0.2532423853189618,0,,,,,,,,,,,,,,,,0.024,0.024,157.756,157.823,157.635,157.743,,,,,,,,157.88811788144034,157.768,0.04738543267504889,,,,,,none,True,,,,,,,,,,,,,,no_pattern_at_sr
2026-03-10T11:52:02.548007+00:00,EURUSD.s,cobra,26551110,H1,HOLD,HOLD,NONE,0,0.002035336925551086,0,,,,,,,,,,,,,,,,0.00019,0.00019,1.1638600000000001,1.16521,1.16371,1.16454,,,,,,,,1.160076392383828,1.16383,0.01965276583836833,,,,,,none,True,,,,,,,,,,,,,,no_pattern_at_sr
2026-03-10T11:53:03.198080+00:00,USDJPY.s,cobra,26551110,H1,HOLD,HOLD,NONE,0,0.2532423853189618,0,,,,,,,,,,,,,,,,0.025,0.025,157.756,157.823,157.635,157.743,,,,,,,,157.88811788144034,157.768,0.04738543267504889,,,,,,none,True,,,,,,,,,,,,,,no_pattern_at_sr
2026-03-10T11:53:03.212741+00:00,EURUSD.s,cobra,26551110,H1,HOLD,HOLD,NONE,0,0.002035336925551086,0,,,,,,,,,,,,,,,,0.00019,0.00019,1.1638600000000001,1.16521,1.16371,1.16462,,,,,,,,1.160076392383828,1.16383,0.01965276583836833,,,,,,none,True,,,,,,,,,,,,,,no_pattern_at_sr
2026-03-10T11:54:03.782328+00:00,USDJPY.s,cobra,26551110,H1,HOLD,HOLD,NONE,0,0.2532423853189618,0,,,,,,,,,,,,,,,,0.023,0.023,157.756,157.823,157.635,157.754,,,,,,,,157.88811788144034,157.768,0.04738543267504889,,,,,,none,True,,,,,,,,,,,,,,no_pattern_at_sr
2026-03-10T11:54:03.797395+00:00,EURUSD.s,cobra,26551110,H1,HOLD,HOLD,NONE,0,0.002035336925551086,0,,,,,,,,,,,,,,,,0.00019,0.00019,1.1638600000000001,1.16521,1.16371,1.1645,,,,,,,,1.160076392383828,1.16383,0.01965276583836833,,,,,,none,True,,,,,,,,,,,,,,no_pattern_at_sr
2026-03-10T11:55:04.313566+00:00,USDJPY.s,cobra,26551110,H1,HOLD,HOLD,NONE,0,0.2532423853189618,0,,,,,,,,,,,,,,,,0.032,0.032,157.756,157.823,157.635,157.76,,,,,,,,157.88811788144034,157.768,0.04738543267504889,,,,,,none,True,,,,,,,,,,,,,,no_pattern_at_sr
2026-03-10T11:55:04.329380+00:00,EURUSD.s,cobra,26551110,H1,HOLD,HOLD,NONE,0,0.002035336925551086,0,,,,,,,,,,,,,,,,0.00019,0.00019,1.1638600000000001,1.16521,1.16371,1.1642299999999999,,,,,,,,1.160076392383828,1.16383,0.01965276583836833,,,,,,none,True,,,,,,,,,,,,,,no_pattern_at_sr
2026-03-10T11:56:04.843855+00:00,USDJPY.s,cobra,26551110,H1,HOLD,HOLD,NONE,0,0.2532423853189618,0,,,,,,,,,,,,,,,,0.033,0.033,157.756,157.823,157.635,157.811,,,,,,,,157.88811788144034,157.768,0.04738543267504889,,,,,,none,True,,,,,,,,,,,,,,no_pattern_at_sr
2026-03-10T11:56:04.860059+00:00,EURUSD.s,cobra,26551110,H1,HOLD,HOLD,NONE,0,0.002036765496979667,0,,,,,,,,,,,,,,,,0.00019,0.00019,1.1638600000000001,1.16521,1.16369,1.16369,,,,,,,,1.160076392383828,1.16383,0.019638981541741683,,,,,,none,True,,,,,,,,,,,,,,no_pattern_at_sr
2026-03-10T11:57:05.456384+00:00,USDJPY.s,cobra,26551110,H1,HOLD,HOLD,NONE,0,0.25388524246181793,0,,,,,,,,,,,,,,,,0.024,0.024,157.756,157.832,157.635,157.827,,,,,,,,157.88811788144034,157.768,0.047265449081015994,,,,,,none,True,,,,,,,,,,,,,,no_pattern_at_sr
2026-03-10T11:57:05.471177+00:00,EURUSD.s,cobra,26551110,H1,HOLD,HOLD,NONE,0,0.0020474797826939436,0,,,,,,,,,,,,,,,,0.00019,0.00019,1.1638600000000001,1.16521,1.16354,1.16366,,,,,,,,1.160076392383828,1.16383,0.019536212439377813,,,,,,none,True,,,,,,,,,,,,,,no_pattern_at_sr
2026-03-10T11:58:06.063317+00:00,USDJPY.s,cobra,26551110,H1,HOLD,HOLD,NONE,0,0.25388524246181793,0,,,,,,,,,,,,,,,,0.024,0.024,157.756,157.832,157.635,157.808,,,,,,,,157.88811788144034,157.768,0.047265449081015994,,,,,,none,True,,,,,,,,,,,,,,no_pattern_at_sr
2026-03-10T11:58:06.078162+00:00,EURUSD.s,cobra,26551110,H1,HOLD,HOLD,NONE,0,0.0020474797826939436,0,,,,,,,,,,,,,,,,0.00019,0.00019,1.1638600000000001,1.16521,1.16354,1.16378,,,,,,,,1.160076392383828,1.16383,0.019536212439377813,,,,,,none,True,,,,,,,,,,,,,,no_pattern_at_sr
2026-03-10T11:58:06.078591+00:00,USOUSD.s,cobra,26551110,H1,OUTSIDE_HOURS,OUTSIDE_HOURS,NONE,0,3.9057508786613786,0,,,,,,,,,,,,,,,,0.079,0.079,88.789,89.868,86.484,89.429,,,,,,,,,,,,,,,,,,,,,,,,,,,,,,,
2026-03-10T11:59:06.687456+00:00,USDJPY.s,cobra,26551110,H1,HOLD,HOLD,NONE,0,0.25388524246181793,0,,,,,,,,,,,,,,,,0.024,0.024,157.756,157.832,157.635,157.794,,,,,,,,157.88811788144034,157.768,0.047265449081015994,,,,,,none,True,,,,,,,,,,,,,,no_pattern_at_sr
2026-03-10T11:59:06.702012+00:00,EURUSD.s,cobra,26551110,H1,HOLD,HOLD,NONE,0,0.0020474797826939436,0,,,,,,,,,,,,,,,,0.00019,0.00019,1.1638600000000001,1.16521,1.16354,1.16384,,,,,,,,1.160076392383828,1.16383,0.019536212439377813,,,,,,none,True,,,,,,,,,,,,,,no_pattern_at_sr
2026-03-10T12:00:07.534296+00:00,USDJPY.s,cobra,26551110,H1,HOLD,HOLD,NONE,0,0.2373220145768741,0,,,,,,,,,,,,,,,,0.023,0.023,157.786,157.808,157.786,157.805,,,,,,,,157.8841650305006,157.768,0.08005999794785543,,,,,,none,True,,,,,,,,,,,,,,no_pattern_at_sr
2026-03-10T12:00:07.548598+00:00,EURUSD.s,cobra,26551110,H1,HOLD,HOLD,NONE,0,0.001914088416477981,0,,,,,,,,,,,,,,,,0.00019,0.00019,1.16376,1.1638,1.1636199999999999,1.16363,,,,,,,,1.1602208161940228,1.16383,0.03657093339962739,,,,,,none,True,,,,,,,,,,,,,,no_pattern_at_sr
2026-03-10T12:01:07.987570+00:00,USDJPY.s,cobra,26551110,H1,HOLD,HOLD,NONE,0,0.2380363002911592,0,,,,,,,,,,,,,,,,0.024,0.024,157.786,157.808,157.776,157.788,,,,,,,,157.8841650305006,157.768,0.07981975848542933,,,,,,none,True,,,,,,,,,,,,,,no_pattern_at_sr
2026-03-10T12:01:08.002920+00:00,EURUSD.s,cobra,26551110,H1,HOLD,HOLD,NONE,0,0.0019262312736208385,0,,,,,,,,,,,,,,,,0.00018,0.00018,1.16376,1.16397,1.1636199999999999,1.16373,,,,,,,,1.1602208161940228,1.16383,0.03634039222529692,,,,,,none,True,,,,,,,,,,,,,,no_pattern_at_sr
2026-03-10T12:02:08.468275+00:00,USDJPY.s,cobra,26551110,H1,HOLD,HOLD,NONE,0,0.23889344314830208,0,,,,,,,,,,,,,,,,0.023,0.023,157.786,157.82,157.776,157.8,,,,,,,,157.8841650305006,157.768,0.07953336746965672,,,,,,none,True,,,,,,,,,,,,,,no_pattern_at_sr
2026-03-10T12:02:08.482380+00:00,EURUSD.s,cobra,26551110,H1,HOLD,HOLD,NONE,0,0.0019440884164779713,0,,,,,,,,,,,,,,,,0.00018,0.00018,1.16376,1.16397,1.16337,1.1635,,,,,,,,1.1602208161940228,1.16383,0.036006592810645284,,,,,,none,True,,,,,,,,,,,,,,no_pattern_at_sr
2026-03-10T12:03:09.054205+00:00,USDJPY.s,cobra,26551110,H1,HOLD,HOLD,NONE,0,0.23903630029115988,0,,,,,,,,,,,,,,,,0.023,0.023,157.786,157.822,157.776,157.803,,,,,,,,157.8841650305006,157.768,0.07948583531816034,,,,,,none,True,,,,,,,,,,,,,,no_pattern_at_sr
2026-03-10T12:03:09.069485+00:00,EURUSD.s,cobra,26551110,H1,HOLD,HOLD,NONE,0,0.0019512312736208277,0,,,,,,,,,,,,,,,,0.00018,0.00018,1.16376,1.16397,1.16327,1.16341,,,,,,,,1.1602208161940228,1.16383,0.03587478375647295,,,,,,none,True,,,,,,,,,,,,,,no_pattern_at_sr
2026-03-10T12:04:09.582106+00:00,USDJPY.s,cobra,26551110,H1,HOLD,HOLD,NONE,0,0.2393934431483024,0,,,,,,,,,,,,,,,,0.023,0.023,157.786,157.827,157.776,157.82,,,,,,,,157.8841650305006,157.768,0.07936725312996606,,,,,,none,True,,,,,,,,,,,,,,no_pattern_at_sr
2026-03-10T12:04:09.597486+00:00,EURUSD.s,cobra,26551110,H1,HOLD,HOLD,NONE,0,0.001953374130763683,0,,,,,,,,,,,,,,,,0.00019,0.00019,1.16376,1.16397,1.16324,1.16326,,,,,,,,1.1602208161940228,1.16383,0.03583542901361532,,,,,,none,True,,,,,,,,,,,,,,no_pattern_at_sr
2026-03-10T12:05:10.056320+00:00,USDJPY.s,cobra,26551110,H1,HOLD,HOLD,NONE,0,0.2400363002911606,0,,,,,,,,,,,,,,,,0.024,0.024,157.786,157.836,157.776,157.83,,,,,,,,157.8841650305006,157.768,0.07915469442312988,,,,,,none,True,,,,,,,,,,,,,,no_pattern_at_sr
2026-03-10T12:05:10.073309+00:00,EURUSD.s,cobra,26551110,H1,HOLD,HOLD,NONE,0,0.0019655169879065405,0,,,,,,,,,,,,,,,,0.00019,0.00019,1.16376,1.16397,1.16307,1.16308,,,,,,,,1.1602208161940228,1.16383,0.035614039680507185,,,,,,none,True,,,,,,,,,,,,,,no_pattern_at_sr
2026-03-10T12:06:10.574843+00:00,USDJPY.s,cobra,26551110,H1,HOLD,HOLD,NONE,0,0.24153630029115963,0,,,,,,,,,,,,,,,,0.025,0.025,157.786,157.857,157.776,157.831,,,,,,,,157.8841650305006,157.768,0.07866312424717084,,,,,,none,True,,,,,,,,,,,,,,no_pattern_at_sr
2026-03-10T12:06:10.589474+00:00,EURUSD.s,cobra,26551110,H1,HOLD,HOLD,NONE,0,0.0019805169879065433,0,,,,,,,,,,,,,,,,0.00019,0.00019,1.16376,1.16397,1.16286,1.16295,,,,,,,,1.1602208161940228,1.16383,0.03534430677820455,,,,,,none,True,,,,,,,,,,,,,,no_pattern_at_sr
2026-03-10T12:07:11.001829+00:00,USDJPY.s,cobra,26551110,H1,HOLD,HOLD,NONE,0,0.24225058600544472,0,,,,,,,,,,,,,,,,0.023,0.023,157.786,157.867,157.776,157.867,,,,,,,,157.8841650305006,157.768,0.07843118282313843,,,,,,none,True,,,,,,,,,,,,,,no_pattern_at_sr
2026-03-10T12:07:11.016676+00:00,EURUSD.s,cobra,26551110,H1,HOLD,HOLD,NONE,0,0.0019955169879065466,0,,,,,,,,,,,,,,,,0.00019,0.00019,1.16376,1.16397,1.16265,1.16266,,,,,,,,1.1602208161940228,1.16383,0.03507862895892957,,,,,,none,True,,,,,,,,,,,,,,no_pattern_at_sr
2026-03-10T12:08:11.437337+00:00,BTCUSD,cobra,26551110,H1,HOLD,HOLD,NONE,0,609.680351168544,0,,,,,,,,,,,,,,,,17.01,17.01,70591.07,70622.56,70410.77,70415.26,,,,,,,,68840.25975714499,70464.87,0.20643604432842716,,,,,,none,True,,,,,,,,,,,,,,no_pattern_at_sr
2026-03-10T12:08:11.451657+00:00,USDJPY.s,cobra,26551110,H1,HOLD,HOLD,NONE,0,0.24460772886258866,0,,,,,,,,,,,,,,,,0.024,0.024,157.786,157.9,157.776,157.9,,,,,,,,157.8841650305006,157.768,0.07767538698942311,,,,,,none,True,,,,,,,,,,,,,,no_pattern_at_sr
2026-03-10T12:08:11.466529+00:00,EURUSD.s,cobra,26551110,H1,HOLD,HOLD,NONE,0,0.0020376598450493944,0,,,,,,,,,,,,,,,,0.00018,0.00018,1.16376,1.16397,1.16206,1.16226,,,,,,,,1.1602208161940228,1.16383,0.034353133164047624,,,,,,none,True,,,,,,,,,,,,,,no_pattern_at_sr
2026-03-10T12:08:11.480637+00:00,USOUSD.s,cobra,26551110,H1,OUTSIDE_HOURS,OUTSIDE_HOURS,NONE,0,3.7324829680840255,0,,,,,,,,,,,,,,,,0.079,0.079,89.209,90.394,88.914,90.338,,,,,,,,,,,,,,,,,,,,,,,,,,,,,,,
2026-03-10T12:09:12.277255+00:00,BTCUSD,cobra,26551110,H1,HOLD,HOLD,NONE,0,610.4932083114014,0,,,,,,,,,,,,,,,,16.94,16.94,70591.07,70622.56,70399.39,70401.76,,,,,,,,68840.25975714499,70464.87,0.20616117966017028,,,,,,none,True,,,,,,,,,,,,,,no_pattern_at_sr
2026-03-10T12:09:12.292403+00:00,USDJPY.s,cobra,26551110,H1,HOLD,HOLD,NONE,0,0.24517915743401592,0,,,,,,,,,,,,,,,,0.025,0.025,157.786,157.908,157.776,157.906,,,,,,,,157.8841650305006,157.768,0.07749435228856617,,,,,,none,True,,,,,,,,,,,,,,no_pattern_at_sr
2026-03-10T12:09:12.307310+00:00,EURUSD.s,cobra,26551110,H1,HOLD,HOLD,NONE,0,0.0020376598450493944,0,,,,,,,,,,,,,,,,0.00019,0.00019,1.16376,1.16397,1.16206,1.16218,,,,,,,,1.1602208161940228,1.16383,0.034353133164047624,,,,,,none,True,,,,,,,,,,,,,,no_pattern_at_sr
2026-03-10T12:10:12.750148+00:00,BTCUSD,cobra,26551110,H1,HOLD,HOLD,NONE,0,612.9274940256873,0,,,,,,,,,,,,,,,,17.04,17.04,70591.07,70622.56,70365.31,70393.61,,,,,,,,68840.25975714499,70464.87,0.20534239567776003,,,,,,none,True,,,,,,,,,,,,,,no_pattern_at_sr
2026-03-10T12:10:12.760424+00:00,USDJPY.s,cobra,26551110,H1,HOLD,HOLD,NONE,0,0.2457505860054452,0,,,,,,,,,,,,,,,,0.023,0.023,157.786,157.916,157.776,157.907,,,,,,,,157.8841650305006,157.768,0.07731415948519638,,,,,,none,True,,,,,,,,,,,,,,no_pattern_at_sr
2026-03-10T12:10:12.769791+00:00,EURUSD.s,cobra,26551110,H1,HOLD,HOLD,NONE,0,0.0020376598450493944,0,,,,,,,,,,,,,,,,0.00018,0.00018,1.16376,1.16397,1.16206,1.16218,,,,,,,,1.1602208161940228,1.16383,0.034353133164047624,,,,,,none,True,,,,,,,,,,,,,,no_pattern_at_sr
2026-03-10T12:11:13.213287+00:00,BTCUSD,cobra,26551110,H1,HOLD,HOLD,NONE,0,612.9274940256873,0,,,,,,,,,,,,,,,,17.03,17.03,70591.07,70622.56,70365.31,70440.94,,,,,,,,68840.25975714499,70464.87,0.20534239567776003,,,,,,none,True,,,,,,,,,,,,,,no_pattern_at_sr
2026-03-10T12:11:13.222884+00:00,USDJPY.s,cobra,26551110,H1,HOLD,HOLD,NONE,0,0.2457505860054452,0,,,,,,,,,,,,,,,,0.024,0.024,157.786,157.916,157.776,157.887,,,,,,,,157.8841650305006,157.768,0.07731415948519638,,,,,,none,True,,,,,,,,,,,,,,no_pattern_at_sr
2026-03-10T12:11:13.232302+00:00,EURUSD.s,cobra,26551110,H1,HOLD,HOLD,NONE,0,0.0020376598450493944,0,,,,,,,,,,,,,,,,0.00018,0.00018,1.16376,1.16397,1.16206,1.16236,,,,,,,,1.1602208161940228,1.16383,0.034353133164047624,,,,,,none,True,,,,,,,,,,,,,,no_pattern_at_sr
2026-03-10T12:12:13.684407+00:00,BTCUSD,cobra,26551110,H1,HOLD,HOLD,NONE,0,614.3596368828304,0,,,,,,,,,,,,,,,,17.08,17.08,70591.07,70622.56,70345.26,70378.89,,,,,,,,68840.25975714499,70464.87,0.20486371897508687,,,,,,none,True,,,,,,,,,,,,,,no_pattern_at_sr
2026-03-10T12:12:13.693950+00:00,USDJPY.s,cobra,26551110,H1,HOLD,HOLD,NONE,0,0.2457505860054452,0,,,,,,,,,,,,,,,,0.025,0.025,157.786,157.916,157.776,157.867,,,,,,,,157.8841650305006,157.768,0.07731415948519638,,,,,,none,True,,,,,,,,,,,,,,no_pattern_at_sr
2026-03-10T12:12:13.703421+00:00,EURUSD.s,cobra,26551110,H1,HOLD,HOLD,NONE,0,0.0020376598450493944,0,,,,,,,,,,,,,,,,0.00019,0.00019,1.16376,1.16397,1.16206,1.16266,,,,,,,,1.1602208161940228,1.16383,0.034353133164047624,,,,,,none,True,,,,,,,,,,,,,,no_pattern_at_sr
2026-03-10T12:13:14.241263+00:00,BTCUSD,cobra,26551110,H1,HOLD,HOLD,NONE,0,614.3596368828304,0,,,,,,,,,,,,,,,,17.05,17.05,70591.07,70622.56,70345.26,70422.55,,,,,,,,68840.25975714499,70464.87,0.20486371897508687,,,,,,none,True,,,,,,,,,,,,,,no_pattern_at_sr
2026-03-10T12:13:14.256167+00:00,USDJPY.s,cobra,26551110,H1,HOLD,HOLD,NONE,0,0.2457505860054452,0,,,,,,,,,,,,,,,,0.024,0.024,157.786,157.916,157.776,157.871,,,,,,,,157.8841650305006,157.768,0.07731415948519638,,,,,,none,True,,,,,,,,,,,,,,no_pattern_at_sr
2026-03-10T12:13:14.272151+00:00,EURUSD.s,cobra,26551110,H1,HOLD,HOLD,NONE,0,0.0020376598450493944,0,,,,,,,,,,,,,,,,0.00018,0.00018,1.16376,1.16397,1.16206,1.16266,,,,,,,,1.1602208161940228,1.16383,0.034353133164047624,,,,,,none,True,,,,,,,,,,,,,,no_pattern_at_sr
2026-03-10T12:14:14.727753+00:00,BTCUSD,cobra,26551110,H1,HOLD,HOLD,NONE,0,614.3596368828304,0,,,,,,,,,,,,,,,,17.06,17.06,70591.07,70622.56,70345.26,70425.47,,,,,,,,68840.25975714499,70464.87,0.20486371897508687,,,,,,none,True,,,,,,,,,,,,,,no_pattern_at_sr
2026-03-10T12:14:14.742486+00:00,USDJPY.s,cobra,26551110,H1,HOLD,HOLD,NONE,0,0.2457505860054452,0,,,,,,,,,,,,,,,,0.023,0.023,157.786,157.916,157.776,157.892,,,,,,,,157.8841650305006,157.768,0.07731415948519638,,,,,,none,True,,,,,,,,,,,,,,no_pattern_at_sr
2026-03-10T12:14:14.756908+00:00,EURUSD.s,cobra,26551110,H1,HOLD,HOLD,NONE,0,0.0020376598450493944,0,,,,,,,,,,,,,,,,0.00018,0.00018,1.16376,1.16397,1.16206,1.16255,,,,,,,,1.1602208161940228,1.16383,0.034353133164047624,,,,,,none,True,,,,,,,,,,,,,,no_pattern_at_sr
2026-03-10T12:15:15.449205+00:00,BTCUSD,cobra,26551110,H1,HOLD,HOLD,NONE,0,614.3596368828304,0,,,,,,,,,,,,,,,,17.0,17.0,70591.07,70622.56,70345.26,70440.15,,,,,,,,68840.25975714499,70464.87,0.20486371897508687,,,,,,none,True,,,,,,,,,,,,,,no_pattern_at_sr
2026-03-10T12:15:15.463376+00:00,USDJPY.s,cobra,26551110,H1,HOLD,HOLD,NONE,0,0.24632201457687444,0,,,,,,,,,,,,,,,,0.024,0.024,157.786,157.924,157.776,157.916,,,,,,,,157.8841650305006,157.768,0.07713480272010265,,,,,,none,True,,,,,,,,,,,,,,no_pattern_at_sr
2026-03-10T12:15:15.477155+00:00,EURUSD.s,cobra,26551110,H1,HOLD,HOLD,NONE,0,0.0020376598450493944,0,,,,,,,,,,,,,,,,0.00018,0.00018,1.16376,1.16397,1.16206,1.16243,,,,,,,,1.1602208161940228,1.16383,0.034353133164047624,,,,,,none,True,,,,,,,,,,,,,,no_pattern_at_sr
2026-03-10T12:16:16.249858+00:00,BTCUSD,cobra,26551110,H1,HOLD,HOLD,NONE,0,614.3596368828304,0,,,,,,,,,,,,,,,,16.97,16.97,70591.07,70622.56,70345.26,70439.83,,,,,,,,68840.25975714499,70464.87,0.20486371897508687,,,,,,none,True,,,,,,,,,,,,,,no_pattern_at_sr
2026-03-10T12:16:16.264619+00:00,USDJPY.s,cobra,26551110,H1,HOLD,HOLD,NONE,0,0.24739344314830206,0,,,,,,,,,,,,,,,,0.023,0.023,157.786,157.939,157.776,157.931,,,,,,,,157.8841650305006,157.768,0.07680074200113601,,,,,,none,True,,,,,,,,,,,,,,no_pattern_at_sr
2026-03-10T12:16:16.279270+00:00,EURUSD.s,cobra,26551110,H1,HOLD,HOLD,NONE,0,0.0020376598450493944,0,,,,,,,,,,,,,,,,0.00018,0.00018,1.16376,1.16397,1.16206,1.16244,,,,,,,,1.1602208161940228,1.16383,0.034353133164047624,,,,,,none,True,,,,,,,,,,,,,,no_pattern_at_sr
2026-03-10T12:17:17.009454+00:00,BTCUSD,cobra,26551110,H1,HOLD,HOLD,NONE,0,614.3596368828304,0,,,,,,,,,,,,,,,,16.97,16.97,70591.07,70622.56,70345.26,70419.14,,,,,,,,68840.25975714499,70464.87,0.20486371897508687,,,,,,none,True,,,,,,,,,,,,,,no_pattern_at_sr
2026-03-10T12:17:17.024036+00:00,USDJPY.s,cobra,26551110,H1,HOLD,HOLD,NONE,0,0.2488220145768742,0,,,,,,,,,,,,,,,,0.023,0.023,157.786,157.959,157.776,157.931,,,,,,,,157.8841650305006,157.768,0.076359802939122,,,,,,none,True,,,,,,,,,,,,,,no_pattern_at_sr
2026-03-10T12:17:17.040130+00:00,EURUSD.s,cobra,26551110,H1,HOLD,HOLD,NONE,0,0.0020376598450493944,0,,,,,,,,,,,,,,,,0.00018,0.00018,1.16376,1.16397,1.16206,1.16238,,,,,,,,1.1602208161940228,1.16383,0.034353133164047624,,,,,,none,True,,,,,,,,,,,,,,no_pattern_at_sr
2026-03-10T12:18:17.634074+00:00,BTCUSD,cobra,26551110,H1,HOLD,HOLD,NONE,0,614.3596368828304,0,,,,,,,,,,,,,,,,16.95,16.95,70591.07,70622.56,70345.26,70420.71,,,,,,,,68840.25975714499,70464.87,0.20486371897508687,,,,,,none,True,,,,,,,,,,,,,,no_pattern_at_sr
2026-03-10T12:18:17.649549+00:00,USDJPY.s,cobra,26551110,H1,HOLD,HOLD,NONE,0,0.2488220145768742,0,,,,,,,,,,,,,,,,0.024,0.024,157.786,157.959,157.776,157.929,,,,,,,,157.8841650305006,157.768,0.076359802939122,,,,,,none,True,,,,,,,,,,,,,,no_pattern_at_sr
2026-03-10T12:18:17.663679+00:00,EURUSD.s,cobra,26551110,H1,HOLD,HOLD,NONE,0,0.0020376598450493944,0,,,,,,,,,,,,,,,,0.00019,0.00019,1.16376,1.16397,1.16206,1.16256,,,,,,,,1.1602208161940228,1.16383,0.034353133164047624,,,,,,none,True,,,,,,,,,,,,,,no_pattern_at_sr
2026-03-10T12:18:17.678039+00:00,USOUSD.s,cobra,26551110,H1,OUTSIDE_HOURS,OUTSIDE_HOURS,NONE,0,3.781411539512596,0,,,,,,,,,,,,,,,,0.079,0.079,89.209,91.079,88.914,90.059,,,,,,,,,,,,,,,,,,,,,,,,,,,,,,,
2026-03-10T12:19:18.415288+00:00,BTCUSD,cobra,26551110,H1,HOLD,HOLD,NONE,0,614.3596368828304,0,,,,,,,,,,,,,,,,17.11,17.11,70591.07,70622.56,70345.26,70454.55,,,,,,,,68840.25975714499,70464.87,0.20486371897508687,,,,,,none,True,,,,,,,,,,,,,,no_pattern_at_sr
2026-03-10T12:19:18.430251+00:00,USDJPY.s,cobra,26551110,H1,HOLD,HOLD,NONE,0,0.2488220145768742,0,,,,,,,,,,,,,,,,0.023,0.023,157.786,157.959,157.776,157.921,,,,,,,,157.8841650305006,157.768,0.076359802939122,,,,,,none,True,,,,,,,,,,,,,,no_pattern_at_sr
2026-03-10T12:19:18.444765+00:00,EURUSD.s,cobra,26551110,H1,HOLD,HOLD,NONE,0,0.0020376598450493944,0,,,,,,,,,,,,,,,,0.00018,0.00018,1.16376,1.16397,1.16206,1.16272,,,,,,,,1.1602208161940228,1.16383,0.034353133164047624,,,,,,none,True,,,,,,,,,,,,,,no_pattern_at_sr
2026-03-10T12:20:18.880430+00:00,BTCUSD,cobra,26551110,H1,HOLD,HOLD,NONE,0,614.3596368828304,0,,,,,,,,,,,,,,,,16.96,16.96,70591.07,70622.56,70345.26,70486.22,,,,,,,,68840.25975714499,70464.87,0.20486371897508687,,,,,,none,True,,,,,,,,,,,,,,no_pattern_at_sr
2026-03-10T12:20:18.901017+00:00,USDJPY.s,cobra,26551110,H1,HOLD,HOLD,NONE,0,0.2488220145768742,0,,,,,,,,,,,,,,,,0.023,0.023,157.786,157.959,157.776,157.942,,,,,,,,157.8841650305006,157.768,0.076359802939122,,,,,,none,True,,,,,,,,,,,,,,no_pattern_at_sr
2026-03-10T12:20:18.916424+00:00,EURUSD.s,cobra,26551110,H1,HOLD,HOLD,NONE,0,0.0020376598450493944,0,,,,,,,,,,,,,,,,0.00019,0.00019,1.16376,1.16397,1.16206,1.16272,,,,,,,,1.1602208161940228,1.16383,0.034353133164047624,,,,,,none,True,,,,,,,,,,,,,,no_pattern_at_sr
2026-03-10T12:21:19.423521+00:00,BTCUSD,cobra,26551110,H1,HOLD,HOLD,NONE,0,614.3596368828304,0,,,,,,,,,,,,,,,,17.05,17.05,70591.07,70622.56,70345.26,70489.72,,,,,,,,68840.25975714499,70464.87,0.20486371897508687,,,,,,none,True,,,,,,,,,,,,,,no_pattern_at_sr
2026-03-10T12:21:19.438535+00:00,USDJPY.s,cobra,26551110,H1,HOLD,HOLD,NONE,0,0.2488220145768742,0,,,,,,,,,,,,,,,,0.023,0.023,157.786,157.959,157.776,157.94,,,,,,,,157.8841650305006,157.768,0.076359802939122,,,,,,none,True,,,,,,,,,,,,,,no_pattern_at_sr
2026-03-10T12:21:19.453568+00:00,EURUSD.s,cobra,26551110,H1,HOLD,HOLD,NONE,0,0.0020376598450493944,0,,,,,,,,,,,,,,,,0.00019,0.00019,1.16376,1.16397,1.16206,1.16256,,,,,,,,1.1602208161940228,1.16383,0.034353133164047624,,,,,,none,True,,,,,,,,,,,,,,no_pattern_at_sr
2026-03-10T12:22:19.875671+00:00,BTCUSD,cobra,26551110,H1,HOLD,HOLD,NONE,0,614.3596368828304,0,,,,,,,,,,,,,,,,17.06,17.06,70591.07,70622.56,70345.26,70492.51,,,,,,,,68840.25975714499,70464.87,0.20486371897508687,,,,,,none,True,,,,,,,,,,,,,,no_pattern_at_sr
2026-03-10T12:22:19.890649+00:00,USDJPY.s,cobra,26551110,H1,HOLD,HOLD,NONE,0,0.2488220145768742,0,,,,,,,,,,,,,,,,0.024,0.024,157.786,157.959,157.776,157.903,,,,,,,,157.8841650305006,157.768,0.076359802939122,,,,,,none,True,,,,,,,,,,,,,,no_pattern_at_sr
2026-03-10T12:22:19.905747+00:00,EURUSD.s,cobra,26551110,H1,HOLD,HOLD,NONE,0,0.0020376598450493944,0,,,,,,,,,,,,,,,,0.00019,0.00019,1.16376,1.16397,1.16206,1.1628,,,,,,,,1.1602208161940228,1.16383,0.034353133164047624,,,,,,none,True,,,,,,,,,,,,,,no_pattern_at_sr
2026-03-10T12:23:20.351623+00:00,BTCUSD,cobra,26551110,H1,HOLD,HOLD,NONE,0,614.3596368828304,0,,,,,,,,,,,,,,,,16.98,16.98,70591.07,70622.56,70345.26,70543.02,,,,,,,,68840.25975714499,70464.87,0.20486371897508687,,,,,,none,True,,,,,,,,,,,,,,no_pattern_at_sr
2026-03-10T12:23:20.366727+00:00,USDJPY.s,cobra,26551110,H1,HOLD,HOLD,NONE,0,0.2488220145768742,0,,,,,,,,,,,,,,,,0.024,0.024,157.786,157.959,157.776,157.899,,,,,,,,157.8841650305006,157.768,0.076359802939122,,,,,,none,True,,,,,,,,,,,,,,no_pattern_at_sr
2026-03-10T12:23:20.381042+00:00,EURUSD.s,cobra,26551110,H1,HOLD,HOLD,NONE,0,0.0020376598450493944,0,,,,,,,,,,,,,,,,0.00019,0.00019,1.16376,1.16397,1.16206,1.16312,,,,,,,,1.1602208161940228,1.16383,0.034353133164047624,,,,,,none,True,,,,,,,,,,,,,,no_pattern_at_sr
2026-03-10T12:24:21.117972+00:00,BTCUSD,cobra,26551110,H1,HOLD,HOLD,NONE,0,614.3596368828304,0,,,,,,,,,,,,,,,,16.97,16.97,70591.07,70622.56,70345.26,70499.98,,,,,,,,68840.25975714499,70464.87,0.20486371897508687,,,,,,none,True,,,,,,,,,,,,,,no_pattern_at_sr
2026-03-10T12:24:21.132401+00:00,USDJPY.s,cobra,26551110,H1,HOLD,HOLD,NONE,0,0.2488220145768742,0,,,,,,,,,,,,,,,,0.023,0.023,157.786,157.959,157.776,157.916,,,,,,,,157.8841650305006,157.768,0.076359802939122,,,,,,none,True,,,,,,,,,,,,,,no_pattern_at_sr
2026-03-10T12:24:21.149899+00:00,EURUSD.s,cobra,26551110,H1,HOLD,HOLD,NONE,0,0.0020376598450493944,0,,,,,,,,,,,,,,,,0.00019,0.00019,1.16376,1.16397,1.16206,1.16285,,,,,,,,1.1602208161940228,1.16383,0.034353133164047624,,,,,,none,True,,,,,,,,,,,,,,no_pattern_at_sr
2026-03-10T12:25:22.091209+00:00,BTCUSD,cobra,26551110,H1,HOLD,HOLD,NONE,0,614.3596368828304,0,,,,,,,,,,,,,,,,17.11,17.11,70591.07,70622.56,70345.26,70452.51,,,,,,,,68840.25975714499,70464.87,0.20486371897508687,,,,,,none,True,,,,,,,,,,,,,,no_pattern_at_sr
2026-03-10T12:25:22.105479+00:00,USDJPY.s,cobra,26551110,H1,HOLD,HOLD,NONE,0,0.2488220145768742,0,,,,,,,,,,,,,,,,0.023,0.023,157.786,157.959,157.776,157.91,,,,,,,,157.8841650305006,157.768,0.076359802939122,,,,,,none,True,,,,,,,,,,,,,,no_pattern_at_sr
2026-03-10T12:25:22.120313+00:00,EURUSD.s,cobra,26551110,H1,HOLD,HOLD,NONE,0,0.0020376598450493944,0,,,,,,,,,,,,,,,,0.00018,0.00018,1.16376,1.16397,1.16206,1.16296,,,,,,,,1.1602208161940228,1.16383,0.034353133164047624,,,,,,none,True,,,,,,,,,,,,,,no_pattern_at_sr
2026-03-10T12:26:22.685327+00:00,BTCUSD,cobra,26551110,H1,HOLD,HOLD,NONE,0,614.3596368828304,0,,,,,,,,,,,,,,,,16.97,16.97,70591.07,70622.56,70345.26,70462.96,,,,,,,,68840.25975714499,70464.87,0.20486371897508687,,,,,,none,True,,,,,,,,,,,,,,no_pattern_at_sr
2026-03-10T12:26:22.699740+00:00,USDJPY.s,cobra,26551110,H1,HOLD,HOLD,NONE,0,0.2488220145768742,0,,,,,,,,,,,,,,,,0.024,0.024,157.786,157.959,157.776,157.916,,,,,,,,157.8841650305006,157.768,0.076359802939122,,,,,,none,True,,,,,,,,,,,,,,no_pattern_at_sr
2026-03-10T12:26:22.714193+00:00,EURUSD.s,cobra,26551110,H1,HOLD,HOLD,NONE,0,0.0020376598450493944,0,,,,,,,,,,,,,,,,0.00018,0.00018,1.16376,1.16397,1.16206,1.16281,,,,,,,,1.1602208161940228,1.16383,0.034353133164047624,,,,,,none,True,,,,,,,,,,,,,,no_pattern_at_sr
2026-03-10T12:27:23.187780+00:00,BTCUSD,cobra,26551110,H1,HOLD,HOLD,NONE,0,614.3596368828304,0,,,,,,,,,,,,,,,,17.01,17.01,70591.07,70622.56,70345.26,70460.28,,,,,,,,68840.25975714499,70464.87,0.20486371897508687,,,,,,none,True,,,,,,,,,,,,,,no_pattern_at_sr
2026-03-10T12:27:23.203348+00:00,USDJPY.s,cobra,26551110,H1,HOLD,HOLD,NONE,0,0.2488220145768742,0,,,,,,,,,,,,,,,,0.024,0.024,157.786,157.959,157.776,157.928,,,,,,,,157.8841650305006,157.768,0.076359802939122,,,,,,none,True,,,,,,,,,,,,,,no_pattern_at_sr
2026-03-10T12:27:23.217273+00:00,EURUSD.s,cobra,26551110,H1,HOLD,HOLD,NONE,0,0.0020376598450493944,0,,,,,,,,,,,,,,,,0.00018,0.00018,1.16376,1.16397,1.16206,1.16286,,,,,,,,1.1602208161940228,1.16383,0.034353133164047624,,,,,,none,True,,,,,,,,,,,,,,no_pattern_at_sr
2026-03-10T12:28:23.652372+00:00,BTCUSD,cobra,26551110,H1,HOLD,HOLD,NONE,0,614.3596368828304,0,,,,,,,,,,,,,,,,16.97,16.97,70591.07,70622.56,70345.26,70364.34,,,,,,,,68840.25975714499,70464.87,0.20486371897508687,,,,,,none,True,,,,,,,,,,,,,,no_pattern_at_sr
2026-03-10T12:28:23.666925+00:00,USDJPY.s,cobra,26551110,H1,HOLD,HOLD,NONE,0,0.2488220145768742,0,,,,,,,,,,,,,,,,0.024,0.024,157.786,157.959,157.776,157.941,,,,,,,,157.8841650305006,157.768,0.076359802939122,,,,,,none,True,,,,,,,,,,,,,,no_pattern_at_sr
2026-03-10T12:28:23.681641+00:00,EURUSD.s,cobra,26551110,H1,HOLD,HOLD,NONE,0,0.0020376598450493944,0,,,,,,,,,,,,,,,,0.00018,0.00018,1.16376,1.16397,1.16206,1.16261,,,,,,,,1.1602208161940228,1.16383,0.034353133164047624,,,,,,none,True,,,,,,,,,,,,,,no_pattern_at_sr
2026-03-10T12:28:23.695343+00:00,USOUSD.s,cobra,26551110,H1,OUTSIDE_HOURS,OUTSIDE_HOURS,NONE,0,3.781411539512596,0,,,,,,,,,,,,,,,,0.079,0.079,89.209,91.079,88.914,90.309,,,,,,,,,,,,,,,,,,,,,,,,,,,,,,,
2026-03-10T12:29:24.283367+00:00,BTCUSD,cobra,26551110,H1,HOLD,HOLD,NONE,0,614.3596368828304,0,,,,,,,,,,,,,,,,16.97,16.97,70591.07,70622.56,70345.26,70372.69,,,,,,,,68840.25975714499,70464.87,0.20486371897508687,,,,,,none,True,,,,,,,,,,,,,,no_pattern_at_sr
2026-03-10T12:29:24.298561+00:00,USDJPY.s,cobra,26551110,H1,HOLD,HOLD,NONE,0,0.2488220145768742,0,,,,,,,,,,,,,,,,0.023,0.023,157.786,157.959,157.776,157.941,,,,,,,,157.8841650305006,157.768,0.076359802939122,,,,,,none,True,,,,,,,,,,,,,,no_pattern_at_sr
2026-03-10T12:29:24.313184+00:00,EURUSD.s,cobra,26551110,H1,HOLD,HOLD,NONE,0,0.0020376598450493944,0,,,,,,,,,,,,,,,,0.00019,0.00019,1.16376,1.16397,1.16206,1.16271,,,,,,,,1.1602208161940228,1.16383,0.034353133164047624,,,,,,none,True,,,,,,,,,,,,,,no_pattern_at_sr
2026-03-10T12:30:24.851703+00:00,BTCUSD,cobra,26551110,H1,HOLD,HOLD,NONE,0,614.3596368828304,0,,,,,,,,,,,,,,,,17.06,17.06,70591.07,70622.56,70345.26,70375.85,,,,,,,,68840.25975714499,70464.87,0.20486371897508687,,,,,,none,True,,,,,,,,,,,,,,no_pattern_at_sr
2026-03-10T12:30:24.866119+00:00,USDJPY.s,cobra,26551110,H1,HOLD,HOLD,NONE,0,0.2488220145768742,0,,,,,,,,,,,,,,,,0.023,0.023,157.786,157.959,157.776,157.958,,,,,,,,157.8841650305006,157.768,0.076359802939122,,,,,,none,True,,,,,,,,,,,,,,no_pattern_at_sr
2026-03-10T12:30:24.880878+00:00,EURUSD.s,cobra,26551110,H1,HOLD,HOLD,NONE,0,0.0020376598450493944,0,,,,,,,,,,,,,,,,0.00018,0.00018,1.16376,1.16397,1.16206,1.16267,,,,,,,,1.1602208161940228,1.16383,0.034353133164047624,,,,,,none,True,,,,,,,,,,,,,,no_pattern_at_sr
2026-03-10T12:31:25.292672+00:00,BTCUSD,cobra,26551110,H1,HOLD,HOLD,NONE,0,618.6832083114017,0,,,,,,,,,,,,,,,,16.98,16.98,70591.07,70622.56,70284.73,70353.53,,,,,,,,68840.25975714499,70464.87,0.2034320607205675,,,,,,none,True,,,,,,,,,,,,,,no_pattern_at_sr
2026-03-10T12:31:25.310109+00:00,USDJPY.s,cobra,26551110,H1,HOLD,HOLD,NONE,0,0.24896487171973203,0,,,,,,,,,,,,,,,,0.024,0.024,157.786,157.961,157.776,157.96,,,,,,,,157.8841650305006,157.768,0.07631598734697956,,,,,,none,True,,,,,,,,,,,,,,no_pattern_at_sr
2026-03-10T12:31:25.324896+00:00,EURUSD.s,cobra,26551110,H1,HOLD,HOLD,NONE,0,0.0020376598450493944,0,,,,,,,,,,,,,,,,0.00018,0.00018,1.16376,1.16397,1.16206,1.16263,,,,,,,,1.1602208161940228,1.16383,0.034353133164047624,,,,,,none,True,,,,,,,,,,,,,,no_pattern_at_sr
2026-03-10T12:32:25.741520+00:00,BTCUSD,cobra,26551110,H1,HOLD,HOLD,NONE,0,618.6832083114017,0,,,,,,,,,,,,,,,,16.98,16.98,70591.07,70622.56,70284.73,70342.6,,,,,,,,68840.25975714499,70464.87,0.2034320607205675,,,,,,none,True,,,,,,,,,,,,,,no_pattern_at_sr
2026-03-10T12:32:25.756193+00:00,USDJPY.s,cobra,26551110,H1,HOLD,HOLD,NONE,0,0.24946487171973036,0,,,,,,,,,,,,,,,,0.024,0.024,157.786,157.968,157.776,157.941,,,,,,,,157.8841650305006,157.768,0.07616302796071281,,,,,,none,True,,,,,,,,,,,,,,no_pattern_at_sr
2026-03-10T12:32:25.770393+00:00,EURUSD.s,cobra,26551110,H1,HOLD,HOLD,NONE,0,0.0020376598450493944,0,,,,,,,,,,,,,,,,0.00019,0.00019,1.16376,1.16397,1.16206,1.16277,,,,,,,,1.1602208161940228,1.16383,0.034353133164047624,,,,,,none,True,,,,,,,,,,,,,,no_pattern_at_sr
2026-03-10T12:33:26.200973+00:00,BTCUSD,cobra,26551110,H1,HOLD,HOLD,NONE,0,618.6832083114017,0,,,,,,,,,,,,,,,,17.01,17.01,70591.07,70622.56,70284.73,70385.12,,,,,,,,68840.25975714499,70464.87,0.2034320607205675,,,,,,none,True,,,,,,,,,,,,,,no_pattern_at_sr
2026-03-10T12:33:26.215301+00:00,USDJPY.s,cobra,26551110,H1,HOLD,HOLD,NONE,0,0.24946487171973036,0,,,,,,,,,,,,,,,,0.024,0.024,157.786,157.968,157.776,157.942,,,,,,,,157.8841650305006,157.768,0.07616302796071281,,,,,,none,True,,,,,,,,,,,,,,no_pattern_at_sr
2026-03-10T12:33:26.229406+00:00,EURUSD.s,cobra,26551110,H1,HOLD,HOLD,NONE,0,0.0020376598450493944,0,,,,,,,,,,,,,,,,0.00019,0.00019,1.16376,1.16397,1.16206,1.16275,,,,,,,,1.1602208161940228,1.16383,0.034353133164047624,,,,,,none,True,,,,,,,,,,,,,,no_pattern_at_sr
2026-03-10T12:34:27.109374+00:00,BTCUSD,cobra,26551110,H1,HOLD,HOLD,NONE,0,618.6832083114017,0,,,,,,,,,,,,,,,,17.12,17.12,70591.07,70622.56,70284.73,70382.53,,,,,,,,68840.25975714499,70464.87,0.2034320607205675,,,,,,none,True,,,,,,,,,,,,,,no_pattern_at_sr
2026-03-10T12:34:27.125298+00:00,USDJPY.s,cobra,26551110,H1,HOLD,HOLD,NONE,0,0.24946487171973036,0,,,,,,,,,,,,,,,,0.023,0.023,157.786,157.968,157.776,157.929,,,,,,,,157.8841650305006,157.768,0.07616302796071281,,,,,,none,True,,,,,,,,,,,,,,no_pattern_at_sr
2026-03-10T12:34:27.140946+00:00,EURUSD.s,cobra,26551110,H1,HOLD,HOLD,NONE,0,0.0020376598450493944,0,,,,,,,,,,,,,,,,0.00019,0.00019,1.16376,1.16397,1.16206,1.16289,,,,,,,,1.1602208161940228,1.16383,0.034353133164047624,,,,,,none,True,,,,,,,,,,,,,,no_pattern_at_sr
2026-03-10T12:35:27.740217+00:00,BTCUSD,cobra,26551110,H1,HOLD,HOLD,NONE,0,618.6832083114017,0,,,,,,,,,,,,,,,,17.07,17.07,70591.07,70622.56,70284.73,70435.48,,,,,,,,68840.25975714499,70464.87,0.2034320607205675,,,,,,none,True,,,,,,,,,,,,,,no_pattern_at_sr
2026-03-10T12:35:27.754200+00:00,USDJPY.s,cobra,26551110,H1,HOLD,HOLD,NONE,0,0.24946487171973036,0,,,,,,,,,,,,,,,,0.024,0.024,157.786,157.968,157.776,157.89,,,,,,,,157.8841650305006,157.768,0.07616302796071281,,,,,,none,True,,,,,,,,,,,,,,no_pattern_at_sr
2026-03-10T12:35:27.768601+00:00,EURUSD.s,cobra,26551110,H1,HOLD,HOLD,NONE,0,0.0020376598450493944,0,,,,,,,,,,,,,,,,0.00018,0.00018,1.16376,1.16397,1.16206,1.16287,,,,,,,,1.1602208161940228,1.16383,0.034353133164047624,,,,,,none,True,,,,,,,,,,,,,,no_pattern_at_sr
2026-03-10T12:36:28.495262+00:00,BTCUSD,cobra,26551110,H1,HOLD,HOLD,NONE,0,618.6832083114017,0,,,,,,,,,,,,,,,,16.99,16.99,70591.07,70622.56,70284.73,70440.39,,,,,,,,68840.25975714499,70464.87,0.2034320607205675,,,,,,none,True,,,,,,,,,,,,,,no_pattern_at_sr
2026-03-10T12:36:28.510687+00:00,USDJPY.s,cobra,26551110,H1,HOLD,HOLD,NONE,0,0.24946487171973036,0,,,,,,,,,,,,,,,,0.024,0.024,157.786,157.968,157.776,157.913,,,,,,,,157.8841650305006,157.768,0.07616302796071281,,,,,,none,True,,,,,,,,,,,,,,no_pattern_at_sr
2026-03-10T12:36:28.525819+00:00,EURUSD.s,cobra,26551110,H1,HOLD,HOLD,NONE,0,0.0020376598450493944,0,,,,,,,,,,,,,,,,0.00018,0.00018,1.16376,1.16397,1.16206,1.16262,,,,,,,,1.1602208161940228,1.16383,0.034353133164047624,,,,,,none,True,,,,,,,,,,,,,,no_pattern_at_sr
2026-03-10T12:37:28.999221+00:00,BTCUSD,cobra,26551110,H1,HOLD,HOLD,NONE,0,618.6832083114017,0,,,,,,,,,,,,,,,,16.94,16.94,70591.07,70622.56,70284.73,70398.09,,,,,,,,68840.25975714499,70464.87,0.2034320607205675,,,,,,none,True,,,,,,,,,,,,,,no_pattern_at_sr
2026-03-10T12:37:29.014123+00:00,USDJPY.s,cobra,26551110,H1,HOLD,HOLD,NONE,0,0.24946487171973036,0,,,,,,,,,,,,,,,,0.025,0.025,157.786,157.968,157.776,157.907,,,,,,,,157.8841650305006,157.768,0.07616302796071281,,,,,,none,True,,,,,,,,,,,,,,no_pattern_at_sr
2026-03-10T12:37:29.029528+00:00,EURUSD.s,cobra,26551110,H1,HOLD,HOLD,NONE,0,0.0020376598450493944,0,,,,,,,,,,,,,,,,0.00018,0.00018,1.16376,1.16397,1.16206,1.16266,,,,,,,,1.1602208161940228,1.16383,0.034353133164047624,,,,,,none,True,,,,,,,,,,,,,,no_pattern_at_sr
2026-03-10T12:38:29.552364+00:00,BTCUSD,cobra,26551110,H1,HOLD,HOLD,NONE,0,618.6832083114017,0,,,,,,,,,,,,,,,,17.04,17.04,70591.07,70622.56,70284.73,70458.19,,,,,,,,68840.25975714499,70464.87,0.2034320607205675,,,,,,none,True,,,,,,,,,,,,,,no_pattern_at_sr
2026-03-10T12:38:29.570041+00:00,USDJPY.s,cobra,26551110,H1,HOLD,HOLD,NONE,0,0.24946487171973036,0,,,,,,,,,,,,,,,,0.024,0.024,157.786,157.968,157.776,157.904,,,,,,,,157.8841650305006,157.768,0.07616302796071281,,,,,,none,True,,,,,,,,,,,,,,no_pattern_at_sr
2026-03-10T12:38:29.585595+00:00,EURUSD.s,cobra,26551110,H1,HOLD,HOLD,NONE,0,0.0020376598450493944,0,,,,,,,,,,,,,,,,0.00019,0.00019,1.16376,1.16397,1.16206,1.16258,,,,,,,,1.1602208161940228,1.16383,0.034353133164047624,,,,,,none,True,,,,,,,,,,,,,,no_pattern_at_sr
2026-03-10T12:38:29.600308+00:00,USOUSD.s,cobra,26551110,H1,OUTSIDE_HOURS,OUTSIDE_HOURS,NONE,0,3.781411539512596,0,,,,,,,,,,,,,,,,0.079,0.079,89.209,91.079,88.914,90.263,,,,,,,,,,,,,,,,,,,,,,,,,,,,,,,
2026-03-10T12:39:30.082056+00:00,BTCUSD,cobra,26551110,H1,HOLD,HOLD,NONE,0,618.6832083114017,0,,,,,,,,,,,,,,,,17.04,17.04,70591.07,70622.56,70284.73,70445.0,,,,,,,,68840.25975714499,70464.87,0.2034320607205675,,,,,,none,True,,,,,,,,,,,,,,no_pattern_at_sr
2026-03-10T12:39:30.097503+00:00,USDJPY.s,cobra,26551110,H1,HOLD,HOLD,NONE,0,0.24946487171973036,0,,,,,,,,,,,,,,,,0.024,0.024,157.786,157.968,157.776,157.94,,,,,,,,157.8841650305006,157.768,0.07616302796071281,,,,,,none,True,,,,,,,,,,,,,,no_pattern_at_sr
2026-03-10T12:39:30.111890+00:00,EURUSD.s,cobra,26551110,H1,HOLD,HOLD,NONE,0,0.0020376598450493944,0,,,,,,,,,,,,,,,,0.00018,0.00018,1.16376,1.16397,1.16206,1.16229,,,,,,,,1.1602208161940228,1.16383,0.034353133164047624,,,,,,none,True,,,,,,,,,,,,,,no_pattern_at_sr
2026-03-10T12:40:30.826601+00:00,BTCUSD,cobra,26551110,H1,HOLD,HOLD,NONE,0,618.6832083114017,0,,,,,,,,,,,,,,,,16.97,16.97,70591.07,70622.56,70284.73,70405.53,,,,,,,,68840.25975714499,70464.87,0.2034320607205675,,,,,,none,True,,,,,,,,,,,,,,no_pattern_at_sr
2026-03-10T12:40:30.840987+00:00,USDJPY.s,cobra,26551110,H1,HOLD,HOLD,NONE,0,0.24946487171973036,0,,,,,,,,,,,,,,,,0.024,0.024,157.786,157.968,157.776,157.93,,,,,,,,157.8841650305006,157.768,0.07616302796071281,,,,,,none,True,,,,,,,,,,,,,,no_pattern_at_sr
2026-03-10T12:40:30.854952+00:00,EURUSD.s,cobra,26551110,H1,HOLD,HOLD,NONE,0,0.0020376598450493944,0,,,,,,,,,,,,,,,,0.00019,0.00019,1.16376,1.16397,1.16206,1.16245,,,,,,,,1.1602208161940228,1.16383,0.034353133164047624,,,,,,none,True,,,,,,,,,,,,,,no_pattern_at_sr
2026-03-10T12:41:31.512577+00:00,BTCUSD,cobra,26551110,H1,HOLD,HOLD,NONE,0,618.6832083114017,0,,,,,,,,,,,,,,,,17.09,17.09,70591.07,70622.56,70284.73,70435.62,,,,,,,,68840.25975714499,70464.87,0.2034320607205675,,,,,,none,True,,,,,,,,,,,,,,no_pattern_at_sr
2026-03-10T12:41:31.528254+00:00,USDJPY.s,cobra,26551110,H1,HOLD,HOLD,NONE,0,0.24946487171973036,0,,,,,,,,,,,,,,,,0.024,0.024,157.786,157.968,157.776,157.914,,,,,,,,157.8841650305006,157.768,0.07616302796071281,,,,,,none,True,,,,,,,,,,,,,,no_pattern_at_sr
2026-03-10T12:41:31.542755+00:00,EURUSD.s,cobra,26551110,H1,HOLD,HOLD,NONE,0,0.0020376598450493944,0,,,,,,,,,,,,,,,,0.00019,0.00019,1.16376,1.16397,1.16206,1.16281,,,,,,,,1.1602208161940228,1.16383,0.034353133164047624,,,,,,none,True,,,,,,,,,,,,,,no_pattern_at_sr
2026-03-10T12:42:32.000082+00:00,BTCUSD,cobra,26551110,H1,HOLD,HOLD,NONE,0,618.6832083114017,0,,,,,,,,,,,,,,,,16.97,16.97,70591.07,70622.56,70284.73,70439.58,,,,,,,,68840.25975714499,70464.87,0.2034320607205675,,,,,,none,True,,,,,,,,,,,,,,no_pattern_at_sr
2026-03-10T12:42:32.015236+00:00,USDJPY.s,cobra,26551110,H1,HOLD,HOLD,NONE,0,0.24946487171973036,0,,,,,,,,,,,,,,,,0.023,0.023,157.786,157.968,157.776,157.913,,,,,,,,157.8841650305006,157.768,0.07616302796071281,,,,,,none,True,,,,,,,,,,,,,,no_pattern_at_sr
2026-03-10T12:42:32.029979+00:00,EURUSD.s,cobra,26551110,H1,HOLD,HOLD,NONE,0,0.0020376598450493944,0,,,,,,,,,,,,,,,,0.00019,0.00019,1.16376,1.16397,1.16206,1.16278,,,,,,,,1.1602208161940228,1.16383,0.034353133164047624,,,,,,none,True,,,,,,,,,,,,,,no_pattern_at_sr
2026-03-10T12:43:32.447773+00:00,BTCUSD,cobra,26551110,H1,HOLD,HOLD,NONE,0,618.6832083114017,0,,,,,,,,,,,,,,,,16.98,16.98,70591.07,70622.56,70284.73,70430.15,,,,,,,,68840.25975714499,70464.87,0.2034320607205675,,,,,,none,True,,,,,,,,,,,,,,no_pattern_at_sr
2026-03-10T12:43:32.466805+00:00,USDJPY.s,cobra,26551110,H1,HOLD,HOLD,NONE,0,0.24946487171973036,0,,,,,,,,,,,,,,,,0.024,0.024,157.786,157.968,157.776,157.926,,,,,,,,157.8841650305006,157.768,0.07616302796071281,,,,,,none,True,,,,,,,,,,,,,,no_pattern_at_sr
2026-03-10T12:43:32.481013+00:00,EURUSD.s,cobra,26551110,H1,HOLD,HOLD,NONE,0,0.0020376598450493944,0,,,,,,,,,,,,,,,,0.00018,0.00018,1.16376,1.16397,1.16206,1.16272,,,,,,,,1.1602208161940228,1.16383,0.034353133164047624,,,,,,none,True,,,,,,,,,,,,,,no_pattern_at_sr
2026-03-10T12:44:32.894241+00:00,BTCUSD,cobra,26551110,H1,HOLD,HOLD,NONE,0,618.6832083114017,0,,,,,,,,,,,,,,,,16.96,16.96,70591.07,70622.56,70284.73,70433.64,,,,,,,,68840.25975714499,70464.87,0.2034320607205675,,,,,,none,True,,,,,,,,,,,,,,no_pattern_at_sr
2026-03-10T12:44:32.909084+00:00,USDJPY.s,cobra,26551110,H1,HOLD,HOLD,NONE,0,0.24946487171973036,0,,,,,,,,,,,,,,,,0.024,0.024,157.786,157.968,157.776,157.94,,,,,,,,157.8841650305006,157.768,0.07616302796071281,,,,,,none,True,,,,,,,,,,,,,,no_pattern_at_sr
2026-03-10T12:44:32.923748+00:00,EURUSD.s,cobra,26551110,H1,HOLD,HOLD,NONE,0,0.0020376598450493944,0,,,,,,,,,,,,,,,,0.00018,0.00018,1.16376,1.16397,1.16206,1.16286,,,,,,,,1.1602208161940228,1.16383,0.034353133164047624,,,,,,none,True,,,,,,,,,,,,,,no_pattern_at_sr
2026-03-10T12:45:33.635456+00:00,BTCUSD,cobra,26551110,H1,HOLD,HOLD,NONE,0,618.6832083114017,0,,,,,,,,,,,,,,,,16.97,16.97,70591.07,70622.56,70284.73,70465.62,,,,,,,,68840.25975714499,70464.87,0.2034320607205675,,,,,,none,True,,,,,,,,,,,,,,no_pattern_at_sr
2026-03-10T12:45:33.650472+00:00,USDJPY.s,cobra,26551110,H1,HOLD,HOLD,NONE,0,0.24946487171973036,0,,,,,,,,,,,,,,,,0.024,0.024,157.786,157.968,157.776,157.877,,,,,,,,157.8841650305006,157.768,0.07616302796071281,,,,,,none,True,,,,,,,,,,,,,,no_pattern_at_sr
2026-03-10T12:45:33.665114+00:00,EURUSD.s,cobra,26551110,H1,HOLD,HOLD,NONE,0,0.0020376598450493944,0,,,,,,,,,,,,,,,,0.00018,0.00018,1.16376,1.16397,1.16206,1.16339,,,,,,,,1.1602208161940228,1.16383,0.034353133164047624,,,,,,none,True,,,,,,,,,,,,,,no_pattern_at_sr
2026-03-10T12:46:34.195300+00:00,BTCUSD,cobra,26551110,H1,HOLD,HOLD,NONE,0,618.6832083114017,0,,,,,,,,,,,,,,,,17.01,17.01,70591.07,70622.56,70284.73,70489.31,,,,,,,,68840.25975714499,70464.87,0.2034320607205675,,,,,,none,True,,,,,,,,,,,,,,no_pattern_at_sr
2026-03-10T12:46:34.210414+00:00,USDJPY.s,cobra,26551110,H1,HOLD,HOLD,NONE,0,0.24946487171973036,0,,,,,,,,,,,,,,,,0.024,0.024,157.786,157.968,157.776,157.863,,,,,,,,157.8841650305006,157.768,0.07616302796071281,,,,,,none,True,,,,,,,,,,,,,,no_pattern_at_sr
2026-03-10T12:46:34.224767+00:00,EURUSD.s,cobra,26551110,H1,HOLD,HOLD,NONE,0,0.0020376598450493944,0,,,,,,,,,,,,,,,,0.00019,0.00019,1.16376,1.16397,1.16206,1.1632500000000001,,,,,,,,1.1602208161940228,1.16383,0.034353133164047624,,,,,,none,True,,,,,,,,,,,,,,no_pattern_at_sr
2026-03-10T12:47:34.625338+00:00,BTCUSD,cobra,26551110,H1,HOLD,HOLD,NONE,0,618.6832083114017,0,,,,,,,,,,,,,,,,17.1,17.1,70591.07,70622.56,70284.73,70501.0,,,,,,,,68840.25975714499,70464.87,0.2034320607205675,,,,,,none,True,,,,,,,,,,,,,,no_pattern_at_sr
2026-03-10T12:47:34.641183+00:00,USDJPY.s,cobra,26551110,H1,HOLD,HOLD,NONE,0,0.24946487171973036,0,,,,,,,,,,,,,,,,0.025,0.025,157.786,157.968,157.776,157.826,,,,,,,,157.8841650305006,157.768,0.07616302796071281,,,,,,none,True,,,,,,,,,,,,,,no_pattern_at_sr
2026-03-10T12:47:34.655513+00:00,EURUSD.s,cobra,26551110,H1,HOLD,HOLD,NONE,0,0.0020376598450493944,0,,,,,,,,,,,,,,,,0.00019,0.00019,1.16376,1.16397,1.16206,1.1634,,,,,,,,1.1602208161940228,1.16383,0.034353133164047624,,,,,,none,True,,,,,,,,,,,,,,no_pattern_at_sr
2026-03-10T12:48:35.078579+00:00,BTCUSD,cobra,26551110,H1,HOLD,HOLD,NONE,0,618.6832083114017,0,,,,,,,,,,,,,,,,17.05,17.05,70591.07,70622.56,70284.73,70446.36,,,,,,,,68840.25975714499,70464.87,0.2034320607205675,,,,,,none,True,,,,,,,,,,,,,,no_pattern_at_sr
2026-03-10T12:48:35.094477+00:00,USDJPY.s,cobra,26551110,H1,HOLD,HOLD,NONE,0,0.24946487171973036,0,,,,,,,,,,,,,,,,0.024,0.024,157.786,157.968,157.776,157.826,,,,,,,,157.8841650305006,157.768,0.07616302796071281,,,,,,none,True,,,,,,,,,,,,,,no_pattern_at_sr
2026-03-10T12:48:35.109373+00:00,EURUSD.s,cobra,26551110,H1,HOLD,HOLD,NONE,0,0.0020376598450493944,0,,,,,,,,,,,,,,,,0.00019,0.00019,1.16376,1.16397,1.16206,1.16337,,,,,,,,1.1602208161940228,1.16383,0.034353133164047624,,,,,,none,True,,,,,,,,,,,,,,no_pattern_at_sr
2026-03-10T12:48:35.122942+00:00,USOUSD.s,cobra,26551110,H1,OUTSIDE_HOURS,OUTSIDE_HOURS,NONE,0,3.781411539512596,0,,,,,,,,,,,,,,,,0.099,0.099,89.209,91.079,88.914,89.513,,,,,,,,,,,,,,,,,,,,,,,,,,,,,,,
2026-03-10T12:49:35.642690+00:00,BTCUSD,cobra,26551110,H1,HOLD,HOLD,NONE,0,618.6832083114017,0,,,,,,,,,,,,,,,,17.1,17.1,70591.07,70622.56,70284.73,70476.79,,,,,,,,68840.25975714499,70464.87,0.2034320607205675,,,,,,none,True,,,,,,,,,,,,,,no_pattern_at_sr
2026-03-10T12:49:35.657389+00:00,USDJPY.s,cobra,26551110,H1,HOLD,HOLD,NONE,0,0.24946487171973036,0,,,,,,,,,,,,,,,,0.023,0.023,157.786,157.968,157.776,157.816,,,,,,,,157.8841650305006,157.768,0.07616302796071281,,,,,,none,True,,,,,,,,,,,,,,no_pattern_at_sr
2026-03-10T12:49:35.672111+00:00,EURUSD.s,cobra,26551110,H1,HOLD,HOLD,NONE,0,0.0020376598450493944,0,,,,,,,,,,,,,,,,0.00018,0.00018,1.16376,1.16397,1.16206,1.16355,,,,,,,,1.1602208161940228,1.16383,0.034353133164047624,,,,,,none,True,,,,,,,,,,,,,,no_pattern_at_sr
2026-03-10T12:50:36.294978+00:00,BTCUSD,cobra,26551110,H1,HOLD,HOLD,NONE,0,618.6832083114017,0,,,,,,,,,,,,,,,,17.1,17.1,70591.07,70622.56,70284.73,70507.18,,,,,,,,68840.25975714499,70464.87,0.2034320607205675,,,,,,none,True,,,,,,,,,,,,,,no_pattern_at_sr
2026-03-10T12:50:36.309164+00:00,USDJPY.s,cobra,26551110,H1,HOLD,HOLD,NONE,0,0.24946487171973036,0,,,,,,,,,,,,,,,,0.024,0.024,157.786,157.968,157.776,157.802,,,,,,,,157.8841650305006,157.768,0.07616302796071281,,,,,,none,True,,,,,,,,,,,,,,no_pattern_at_sr
2026-03-10T12:50:36.324451+00:00,EURUSD.s,cobra,26551110,H1,HOLD,HOLD,NONE,0,0.0020376598450493944,0,,,,,,,,,,,,,,,,0.00019,0.00019,1.16376,1.16397,1.16206,1.1637,,,,,,,,1.1602208161940228,1.16383,0.034353133164047624,,,,,,none,True,,,,,,,,,,,,,,no_pattern_at_sr
2026-03-10T12:51:36.755414+00:00,BTCUSD,cobra,26551110,H1,HOLD,HOLD,NONE,0,618.6832083114017,0,,,,,,,,,,,,,,,,16.97,16.97,70591.07,70622.56,70284.73,70517.84,,,,,,,,68840.25975714499,70464.87,0.2034320607205675,,,,,,none,True,,,,,,,,,,,,,,no_pattern_at_sr
2026-03-10T12:51:36.770108+00:00,USDJPY.s,cobra,26551110,H1,HOLD,HOLD,NONE,0,0.24946487171973036,0,,,,,,,,,,,,,,,,0.024,0.024,157.786,157.968,157.776,157.819,,,,,,,,157.8841650305006,157.768,0.07616302796071281,,,,,,none,True,,,,,,,,,,,,,,no_pattern_at_sr
2026-03-10T12:51:36.785792+00:00,EURUSD.s,cobra,26551110,H1,HOLD,HOLD,NONE,0,0.0020376598450493944,0,,,,,,,,,,,,,,,,0.00019,0.00019,1.16376,1.16397,1.16206,1.16344,,,,,,,,1.1602208161940228,1.16383,0.034353133164047624,,,,,,none,True,,,,,,,,,,,,,,no_pattern_at_sr
2026-03-10T12:52:37.179290+00:00,BTCUSD,cobra,26551110,H1,HOLD,HOLD,NONE,0,618.6832083114017,0,,,,,,,,,,,,,,,,17.06,17.06,70591.07,70622.56,70284.73,70527.91,,,,,,,,68840.25975714499,70464.87,0.2034320607205675,,,,,,none,True,,,,,,,,,,,,,,no_pattern_at_sr
2026-03-10T12:52:37.194043+00:00,USDJPY.s,cobra,26551110,H1,HOLD,HOLD,NONE,0,0.24946487171973036,0,,,,,,,,,,,,,,,,0.024,0.024,157.786,157.968,157.776,157.816,,,,,,,,157.8841650305006,157.768,0.07616302796071281,,,,,,none,True,,,,,,,,,,,,,,no_pattern_at_sr
2026-03-10T12:52:37.207844+00:00,EURUSD.s,cobra,26551110,H1,HOLD,HOLD,NONE,0,0.0020376598450493944,0,,,,,,,,,,,,,,,,0.0002,0.0002,1.16376,1.16397,1.16206,1.16346,,,,,,,,1.1602208161940228,1.16383,0.034353133164047624,,,,,,none,True,,,,,,,,,,,,,,no_pattern_at_sr
2026-03-10T12:53:37.649354+00:00,BTCUSD,cobra,26551110,H1,HOLD,HOLD,NONE,0,618.6832083114017,0,,,,,,,,,,,,,,,,16.99,16.99,70591.07,70622.56,70284.73,70541.34,,,,,,,,68840.25975714499,70464.87,0.2034320607205675,,,,,,none,True,,,,,,,,,,,,,,no_pattern_at_sr
2026-03-10T12:53:37.664029+00:00,USDJPY.s,cobra,26551110,H1,HOLD,HOLD,NONE,0,0.24946487171973036,0,,,,,,,,,,,,,,,,0.024,0.024,157.786,157.968,157.776,157.811,,,,,,,,157.8841650305006,157.768,0.07616302796071281,,,,,,none,True,,,,,,,,,,,,,,no_pattern_at_sr
2026-03-10T12:53:37.678385+00:00,EURUSD.s,cobra,26551110,H1,HOLD,HOLD,NONE,0,0.0020376598450493944,0,,,,,,,,,,,,,,,,0.00018,0.00018,1.16376,1.16397,1.16206,1.16354,,,,,,,,1.1602208161940228,1.16383,0.034353133164047624,,,,,,none,True,,,,,,,,,,,,,,no_pattern_at_sr
2026-03-10T12:54:38.187305+00:00,BTCUSD,cobra,26551110,H1,HOLD,HOLD,NONE,0,618.6832083114017,0,,,,,,,,,,,,,,,,17.11,17.11,70591.07,70622.56,70284.73,70564.98,,,,,,,,68840.25975714499,70464.87,0.2034320607205675,,,,,,none,True,,,,,,,,,,,,,,no_pattern_at_sr
2026-03-10T12:54:38.202947+00:00,USDJPY.s,cobra,26551110,H1,HOLD,HOLD,NONE,0,0.2504648717197311,0,,,,,,,,,,,,,,,,0.024,0.024,157.786,157.968,157.762,157.783,,,,,,,,157.8841650305006,157.768,0.07585894129403647,,,,,,none,True,,,,,,,,,,,,,,no_pattern_at_sr
2026-03-10T12:54:38.217263+00:00,EURUSD.s,cobra,26551110,H1,HOLD,HOLD,NONE,0,0.0020398027021922495,0,,,,,,,,,,,,,,,,0.00018,0.00018,1.16376,1.164,1.16206,1.16382,,,,,,,,1.1602208161940228,1.16383,0.034317044449829866,,,,,,none,True,,,,,,,,,,,,,,no_pattern_at_sr
2026-03-10T12:55:38.747367+00:00,BTCUSD,cobra,26551110,H1,HOLD,HOLD,NONE,0,618.6832083114017,0,,,,,,,,,,,,,,,,16.98,16.98,70591.07,70622.56,70284.73,70545.11,,,,,,,,68840.25975714499,70464.87,0.2034320607205675,,,,,,none,True,,,,,,,,,,,,,,no_pattern_at_sr
2026-03-10T12:55:38.761630+00:00,USDJPY.s,cobra,26551110,H1,HOLD,HOLD,NONE,0,0.2504648717197311,0,,,,,,,,,,,,,,,,0.023,0.023,157.786,157.968,157.762,157.783,,,,,,,,157.8841650305006,157.768,0.07585894129403647,,,,,,none,True,,,,,,,,,,,,,,no_pattern_at_sr
2026-03-10T12:55:38.775191+00:00,EURUSD.s,cobra,26551110,H1,HOLD,HOLD,NONE,0,0.0020398027021922495,0,,,,,,,,,,,,,,,,0.00019,0.00019,1.16376,1.164,1.16206,1.16377,,,,,,,,1.1602208161940228,1.16383,0.034317044449829866,,,,,,none,True,,,,,,,,,,,,,,no_pattern_at_sr
2026-03-10T12:56:39.508350+00:00,BTCUSD,cobra,26551110,H1,HOLD,HOLD,NONE,0,618.6832083114017,0,,,,,,,,,,,,,,,,16.94,16.94,70591.07,70622.56,70284.73,70518.0,,,,,,,,68840.25975714499,70464.87,0.2034320607205675,,,,,,none,True,,,,,,,,,,,,,,no_pattern_at_sr
2026-03-10T12:56:39.523089+00:00,USDJPY.s,cobra,26551110,H1,HOLD,HOLD,NONE,0,0.25125058600544503,0,,,,,,,,,,,,,,,,0.023,0.023,157.786,157.968,157.751,157.754,,,,,,,,157.8841650305006,157.768,0.07562171417022563,,,,,,none,True,,,,,,,,,,,,,,no_pattern_at_sr
2026-03-10T12:56:39.537323+00:00,EURUSD.s,cobra,26551110,H1,HOLD,HOLD,NONE,0,0.0020398027021922495,0,,,,,,,,,,,,,,,,0.0002,0.0002,1.16376,1.164,1.16206,1.16377,,,,,,,,1.1602208161940228,1.16383,0.034317044449829866,,,,,,none,True,,,,,,,,,,,,,,no_pattern_at_sr
2026-03-10T12:57:40.080931+00:00,BTCUSD,cobra,26551110,H1,HOLD,HOLD,NONE,0,618.6832083114017,0,,,,,,,,,,,,,,,,16.99,16.99,70591.07,70622.56,70284.73,70473.59,,,,,,,,68840.25975714499,70464.87,0.2034320607205675,,,,,,none,True,,,,,,,,,,,,,,no_pattern_at_sr
2026-03-10T12:57:40.095185+00:00,USDJPY.s,cobra,26551110,H1,HOLD,HOLD,NONE,0,0.25125058600544503,0,,,,,,,,,,,,,,,,0.024,0.024,157.786,157.968,157.751,157.778,,,,,,,,157.8841650305006,157.768,0.07562171417022563,,,,,,none,True,,,,,,,,,,,,,,no_pattern_at_sr
2026-03-10T12:57:40.109767+00:00,EURUSD.s,cobra,26551110,H1,HOLD,HOLD,NONE,0,0.0020398027021922495,0,,,,,,,,,,,,,,,,0.00018,0.00018,1.16376,1.164,1.16206,1.1635,,,,,,,,1.1602208161940228,1.16383,0.034317044449829866,,,,,,none,True,,,,,,,,,,,,,,no_pattern_at_sr
2026-03-10T12:58:40.524499+00:00,BTCUSD,cobra,26551110,H1,HOLD,HOLD,NONE,0,618.6832083114017,0,,,,,,,,,,,,,,,,17.08,17.08,70591.07,70622.56,70284.73,70476.37,,,,,,,,68840.25975714499,70464.87,0.2034320607205675,,,,,,none,True,,,,,,,,,,,,,,no_pattern_at_sr
2026-03-10T12:58:40.539614+00:00,USDJPY.s,cobra,26551110,H1,HOLD,HOLD,NONE,0,0.25125058600544503,0,,,,,,,,,,,,,,,,0.023,0.023,157.786,157.968,157.751,157.778,,,,,,,,157.8841650305006,157.768,0.07562171417022563,,,,,,none,True,,,,,,,,,,,,,,no_pattern_at_sr
2026-03-10T12:58:40.554437+00:00,EURUSD.s,cobra,26551110,H1,HOLD,HOLD,NONE,0,0.0020398027021922495,0,,,,,,,,,,,,,,,,0.00018,0.00018,1.16376,1.164,1.16206,1.16338,,,,,,,,1.1602208161940228,1.16383,0.034317044449829866,,,,,,none,True,,,,,,,,,,,,,,no_pattern_at_sr
2026-03-10T12:58:40.568450+00:00,USOUSD.s,cobra,26551110,H1,OUTSIDE_HOURS,OUTSIDE_HOURS,NONE,0,3.793625825226882,0,,,,,,,,,,,,,,,,0.079,0.079,89.209,91.079,88.743,89.414,,,,,,,,,,,,,,,,,,,,,,,,,,,,,,,
2026-03-10T12:59:40.948840+00:00,BTCUSD,cobra,26551110,H1,HOLD,HOLD,NONE,0,618.6832083114017,0,,,,,,,,,,,,,,,,17.08,17.08,70591.07,70622.56,70284.73,70490.67,,,,,,,,68840.25975714499,70464.87,0.2034320607205675,,,,,,none,True,,,,,,,,,,,,,,no_pattern_at_sr
2026-03-10T12:59:40.963943+00:00,USDJPY.s,cobra,26551110,H1,HOLD,HOLD,NONE,0,0.25125058600544503,0,,,,,,,,,,,,,,,,0.023,0.023,157.786,157.968,157.751,157.789,,,,,,,,157.8841650305006,157.768,0.07562171417022563,,,,,,none,True,,,,,,,,,,,,,,no_pattern_at_sr
2026-03-10T12:59:40.979457+00:00,EURUSD.s,cobra,26551110,H1,HOLD,HOLD,NONE,0,0.0020398027021922495,0,,,,,,,,,,,,,,,,0.00019,0.00019,1.16376,1.164,1.16206,1.1633499999999999,,,,,,,,1.1602208161940228,1.16383,0.034317044449829866,,,,,,none,True,,,,,,,,,,,,,,no_pattern_at_sr
2026-03-10T13:00:41.510137+00:00,BTCUSD,cobra,26551110,H1,HOLD,HOLD,NONE,0,578.8323051161091,0,,,,,,,,,,,,,,,,17.0,17.0,70510.04,70569.86,70510.04,70555.43,,,,,,,,68905.71824794574,70464.87,0.076395183214819,,,,,,none,True,,,,,,,,,,,,,,no_pattern_at_sr
2026-03-10T13:00:41.524467+00:00,USDJPY.s,cobra,26551110,H1,HOLD,HOLD,NONE,0,0.23830411765734966,0,,,,,,,,,,,,,,,,0.024,0.024,157.798,157.798,157.73,157.732,,,,,,,,157.88088920463798,157.768,0.1342821950144501,,,,,,none,True,,,,,,,,,,,,,,no_pattern_at_sr
2026-03-10T13:00:41.539647+00:00,EURUSD.s,cobra,26551110,H1,HOLD,HOLD,NONE,0,0.0019162453933669315,0,,,,,,,,,,,,,,,,0.00018,0.00018,1.16336,1.16358,1.16327,1.16353,,,,,,,,1.160344205475555,1.16383,0.24005276234045564,,,,,,none,True,,,,,,,,,,,,,,no_pattern_at_sr
2026-03-10T13:00:41.568466+00:00,USOUSD.s,cobra,26551110,H1,HOLD,HOLD,NONE,0,3.5741525656892654,0,,,,,,,,,,,,,,,,0.079,0.079,89.453,89.519,88.798,88.934,,,,,,,,91.12291343468253,89.613,0.034693538599990394,,,,,,none,True,,,,,,,,,,,,,,no_pattern_at_sr
2026-03-10T13:01:42.423150+00:00,BTCUSD,cobra,26551110,H1,HOLD,HOLD,NONE,0,582.1380194018233,0,,,,,,,,,,,,,,,,17.05,17.05,70510.04,70616.14,70510.04,70574.41,,,,,,,,68905.71824794574,70464.87,0.07596136745275542,,,,,,none,True,,,,,,,,,,,,,,no_pattern_at_sr
2026-03-10T13:01:42.437992+00:00,USDJPY.s,cobra,26551110,H1,HOLD,HOLD,NONE,0,0.23844697480020546,0,,,,,,,,,,,,,,,,0.024,0.024,157.798,157.798,157.728,157.729,,,,,,,,157.88088920463798,157.768,0.1342017445464488,,,,,,none,True,,,,,,,,,,,,,,no_pattern_at_sr
2026-03-10T13:01:42.452747+00:00,EURUSD.s,cobra,26551110,H1,HOLD,HOLD,NONE,0,0.001921959679081207,0,,,,,,,,,,,,,,,,0.00019,0.00019,1.16336,1.16366,1.16327,1.1636199999999999,,,,,,,,1.160344205475555,1.16383,0.23933904805943065,,,,,,none,True,,,,,,,,,,,,,,no_pattern_at_sr
2026-03-10T13:01:42.482224+00:00,USOUSD.s,cobra,26551110,H1,HOLD,HOLD,NONE,0,3.5751525656892653,0,,,,,,,,,,,,,,,,0.079,0.079,89.453,89.519,88.784,89.304,,,,,,,,91.12291343468253,89.613,0.034683834527796956,,,,,,none,True,,,,,,,,,,,,,,no_pattern_at_sr
2026-03-10T13:02:43.022332+00:00,BTCUSD,cobra,26551110,H1,HOLD,HOLD,NONE,0,582.1380194018233,0,,,,,,,,,,,,,,,,17.06,17.06,70510.04,70616.14,70510.04,70589.22,,,,,,,,68905.71824794574,70464.87,0.07596136745275542,,,,,,none,True,,,,,,,,,,,,,,no_pattern_at_sr
2026-03-10T13:02:43.037245+00:00,USDJPY.s,cobra,26551110,H1,HOLD,HOLD,NONE,0,0.2395184033716351,0,,,,,,,,,,,,,,,,0.024,0.024,157.798,157.798,157.713,157.735,,,,,,,,157.88088920463798,157.768,0.13360142498261274,,,,,,none,True,,,,,,,,,,,,,,no_pattern_at_sr
2026-03-10T13:02:43.051472+00:00,EURUSD.s,cobra,26551110,H1,HOLD,HOLD,NONE,0,0.0019369596790812101,0,,,,,,,,,,,,,,,,0.0002,0.0002,1.16336,1.16387,1.16327,1.16371,,,,,,,,1.160344205475555,1.16383,0.23748558370513126,,,,,,none,True,,,,,,,,,,,,,,no_pattern_at_sr
2026-03-10T13:02:43.079539+00:00,USOUSD.s,cobra,26551110,H1,HOLD,HOLD,NONE,0,3.5751525656892653,0,,,,,,,,,,,,,,,,0.079,0.079,89.453,89.519,88.784,89.159,,,,,,,,91.12291343468253,89.613,0.034683834527796956,,,,,,none,True,,,,,,,,,,,,,,no_pattern_at_sr
2026-03-10T13:03:43.707542+00:00,BTCUSD,cobra,26551110,H1,HOLD,HOLD,NONE,0,582.1380194018233,0,,,,,,,,,,,,,,,,17.11,17.11,70510.04,70616.14,70510.04,70577.34,,,,,,,,68905.71824794574,70464.87,0.07596136745275542,,,,,,none,True,,,,,,,,,,,,,,no_pattern_at_sr
2026-03-10T13:03:43.721593+00:00,USDJPY.s,cobra,26551110,H1,HOLD,HOLD,NONE,0,0.2395184033716351,0,,,,,,,,,,,,,,,,0.023,0.023,157.798,157.798,157.713,157.751,,,,,,,,157.88088920463798,157.768,0.13360142498261274,,,,,,none,True,,,,,,,,,,,,,,no_pattern_at_sr
2026-03-10T13:03:43.737672+00:00,EURUSD.s,cobra,26551110,H1,HOLD,HOLD,NONE,0,0.0019412453933669207,0,,,,,,,,,,,,,,,,0.0002,0.0002,1.16336,1.16393,1.16327,1.1638,,,,,,,,1.160344205475555,1.16383,0.23696128349959666,,,,,,none,True,,,,,,,,,,,,,,no_pattern_at_sr
2026-03-10T13:03:43.765843+00:00,USOUSD.s,cobra,26551110,H1,HOLD,HOLD,NONE,0,3.5751525656892653,0,,,,,,,,,,,,,,,,0.079,0.079,89.453,89.519,88.784,89.029,,,,,,,,91.12291343468253,89.613,0.034683834527796956,,,,,,none,True,,,,,,,,,,,,,,no_pattern_at_sr
2026-03-10T13:04:44.251645+00:00,BTCUSD,cobra,26551110,H1,HOLD,HOLD,NONE,0,582.1380194018233,0,,,,,,,,,,,,,,,,17.12,17.12,70510.04,70616.14,70510.04,70600.62,,,,,,,,68905.71824794574,70464.87,0.07596136745275542,,,,,,none,True,,,,,,,,,,,,,,no_pattern_at_sr
2026-03-10T13:04:44.268601+00:00,USDJPY.s,cobra,26551110,H1,HOLD,HOLD,NONE,0,0.2395184033716351,0,,,,,,,,,,,,,,,,0.024,0.024,157.798,157.798,157.713,157.754,,,,,,,,157.88088920463798,157.768,0.13360142498261274,,,,,,none,True,,,,,,,,,,,,,,no_pattern_at_sr
2026-03-10T13:04:44.283224+00:00,EURUSD.s,cobra,26551110,H1,HOLD,HOLD,NONE,0,0.0019412453933669207,0,,,,,,,,,,,,,,,,0.00019,0.00019,1.16336,1.16393,1.16327,1.16377,,,,,,,,1.160344205475555,1.16383,0.23696128349959666,,,,,,none,True,,,,,,,,,,,,,,no_pattern_at_sr
2026-03-10T13:04:44.309564+00:00,USOUSD.s,cobra,26551110,H1,HOLD,HOLD,NONE,0,3.5751525656892653,0,,,,,,,,,,,,,,,,0.079,0.079,89.453,89.519,88.784,89.088,,,,,,,,91.12291343468253,89.613,0.034683834527796956,,,,,,none,True,,,,,,,,,,,,,,no_pattern_at_sr
2026-03-10T13:05:45.184657+00:00,BTCUSD,cobra,26551110,H1,HOLD,HOLD,NONE,0,585.9937336875373,0,,,,,,,,,,,,,,,,16.96,16.96,70510.04,70670.12,70510.04,70623.49,,,,,,,,68905.71824794574,70464.87,0.07546155779129898,,,,,,none,True,,,,,,,,,,,,,,no_pattern_at_sr
2026-03-10T13:05:45.199808+00:00,USDJPY.s,cobra,26551110,H1,HOLD,HOLD,NONE,0,0.2395184033716351,0,,,,,,,,,,,,,,,,0.024,0.024,157.798,157.798,157.713,157.742,,,,,,,,157.88088920463798,157.768,0.13360142498261274,,,,,,none,True,,,,,,,,,,,,,,no_pattern_at_sr
2026-03-10T13:05:45.215906+00:00,EURUSD.s,cobra,26551110,H1,HOLD,HOLD,NONE,0,0.0019462453933669218,0,,,,,,,,,,,,,,,,0.00018,0.00018,1.16336,1.164,1.16327,1.1639599999999999,,,,,,,,1.160344205475555,1.16383,0.23635251832459034,,,,,,none,True,,,,,,,,,,,,,,no_pattern_at_sr
2026-03-10T13:05:45.244118+00:00,USOUSD.s,cobra,26551110,H1,HOLD,HOLD,NONE,0,3.585152565689265,0,,,,,,,,,,,,,,,,0.079,0.079,89.453,89.519,88.644,88.774,,,,,,,,91.12291343468253,89.613,0.034587091547150256,,,,,,none,True,,,,,,,,,,,,,,no_pattern_at_sr
2026-03-10T13:06:45.729314+00:00,BTCUSD,cobra,26551110,H1,HOLD,HOLD,NONE,0,587.3451622589657,0,,,,,,,,,,,,,,,,16.94,16.94,70510.04,70689.04,70510.04,70679.45,,,,,,,,68905.71824794574,70464.87,0.07528792751084952,,,,,,none,True,,,,,,,,,,,,,,no_pattern_at_sr
2026-03-10T13:06:45.745154+00:00,USDJPY.s,cobra,26551110,H1,HOLD,HOLD,NONE,0,0.2395184033716351,0,,,,,,,,,,,,,,,,0.024,0.024,157.798,157.798,157.713,157.736,,,,,,,,157.88088920463798,157.768,0.13360142498261274,,,,,,none,True,,,,,,,,,,,,,,no_pattern_at_sr
2026-03-10T13:06:45.759495+00:00,EURUSD.s,cobra,26551110,H1,HOLD,HOLD,NONE,0,0.001961245393366925,0,,,,,,,,,,,,,,,,0.00018,0.00018,1.16336,1.16421,1.16327,1.16414,,,,,,,,1.160344205475555,1.16383,0.23454484663452035,,,,,,none,True,,,,,,,,,,,,,,no_pattern_at_sr
2026-03-10T13:06:45.789119+00:00,USOUSD.s,cobra,26551110,H1,HOLD,HOLD,NONE,0,3.6055097085464087,0,,,,,,,,,,,,,,,,0.079,0.079,89.453,89.519,88.359,88.499,,,,,,,,91.12291343468253,89.613,0.034391808654978456,,,,,,none,True,,,,,,,,,,,,,,no_pattern_at_sr
2026-03-10T13:07:46.449896+00:00,BTCUSD,cobra,26551110,H1,HOLD,HOLD,NONE,0,587.3451622589657,0,,,,,,,,,,,,,,,,17.08,17.08,70510.04,70689.04,70510.04,70679.71,,,,,,,,68905.71824794574,70464.87,0.07528792751084952,,,,,,none,True,,,,,,,,,,,,,,no_pattern_at_sr
2026-03-10T13:07:46.465104+00:00,USDJPY.s,cobra,26551110,H1,HOLD,HOLD,NONE,0,0.2395184033716351,0,,,,,,,,,,,,,,,,0.024,0.024,157.798,157.798,157.713,157.756,,,,,,,,157.88088920463798,157.768,0.13360142498261274,,,,,,none,True,,,,,,,,,,,,,,no_pattern_at_sr
2026-03-10T13:07:46.479866+00:00,EURUSD.s,cobra,26551110,H1,HOLD,HOLD,NONE,0,0.001961245393366925,0,,,,,,,,,,,,,,,,0.00019,0.00019,1.16336,1.16421,1.16327,1.16402,,,,,,,,1.160344205475555,1.16383,0.23454484663452035,,,,,,none,True,,,,,,,,,,,,,,no_pattern_at_sr
2026-03-10T13:07:46.508766+00:00,USOUSD.s,cobra,26551110,H1,HOLD,HOLD,NONE,0,3.6055097085464087,0,,,,,,,,,,,,,,,,0.079,0.079,89.453,89.519,88.359,88.439,,,,,,,,91.12291343468253,89.613,0.034391808654978456,,,,,,none,True,,,,,,,,,,,,,,no_pattern_at_sr
2026-03-10T13:08:47.053861+00:00,BTCUSD,cobra,26551110,H1,HOLD,HOLD,NONE,0,589.8273051161086,0,,,,,,,,,,,,,,,,17.09,17.09,70510.04,70723.79,70510.04,70719.51,,,,,,,,68905.71824794574,70464.87,0.07497109682180002,,,,,,none,True,,,,,,,,,,,,,,no_pattern_at_sr
2026-03-10T13:08:47.067472+00:00,USDJPY.s,cobra,26551110,H1,HOLD,HOLD,NONE,0,0.2395184033716351,0,,,,,,,,,,,,,,,,0.024,0.024,157.798,157.798,157.713,157.765,,,,,,,,157.88088920463798,157.768,0.13360142498261274,,,,,,none,True,,,,,,,,,,,,,,no_pattern_at_sr
2026-03-10T13:08:47.082571+00:00,EURUSD.s,cobra,26551110,H1,HOLD,HOLD,NONE,0,0.001961245393366925,0,,,,,,,,,,,,,,,,0.00019,0.00019,1.16336,1.16421,1.16327,1.16397,,,,,,,,1.160344205475555,1.16383,0.23454484663452035,,,,,,none,True,,,,,,,,,,,,,,no_pattern_at_sr
2026-03-10T13:08:47.111790+00:00,USOUSD.s,cobra,26551110,H1,HOLD,HOLD,NONE,0,3.6055097085464087,0,,,,,,,,,,,,,,,,0.079,0.079,89.453,89.519,88.359,88.694,,,,,,,,91.12291343468253,89.613,0.034391808654978456,,,,,,none,True,,,,,,,,,,,,,,no_pattern_at_sr
2026-03-10T13:09:47.554675+00:00,BTCUSD,cobra,26551110,H1,HOLD,HOLD,NONE,0,589.8273051161086,0,,,,,,,,,,,,,,,,17.11,17.11,70510.04,70723.79,70510.04,70706.94,,,,,,,,68905.71824794574,70464.87,0.07497109682180002,,,,,,none,True,,,,,,,,,,,,,,no_pattern_at_sr
2026-03-10T13:09:47.569068+00:00,USDJPY.s,cobra,26551110,H1,HOLD,HOLD,NONE,0,0.2395184033716351,0,,,,,,,,,,,,,,,,0.024,0.024,157.798,157.798,157.713,157.778,,,,,,,,157.88088920463798,157.768,0.13360142498261274,,,,,,none,True,,,,,,,,,,,,,,no_pattern_at_sr
2026-03-10T13:09:47.583973+00:00,EURUSD.s,cobra,26551110,H1,HOLD,HOLD,NONE,0,0.001961245393366925,0,,,,,,,,,,,,,,,,0.00018,0.00018,1.16336,1.16421,1.16327,1.16401,,,,,,,,1.160344205475555,1.16383,0.23454484663452035,,,,,,none,True,,,,,,,,,,,,,,no_pattern_at_sr
2026-03-10T13:09:47.611556+00:00,USOUSD.s,cobra,26551110,H1,HOLD,HOLD,NONE,0,3.6055097085464087,0,,,,,,,,,,,,,,,,0.079,0.079,89.453,89.519,88.359,88.559,,,,,,,,91.12291343468253,89.613,0.034391808654978456,,,,,,none,True,,,,,,,,,,,,,,no_pattern_at_sr
2026-03-10T13:10:48.026052+00:00,BTCUSD,cobra,26551110,H1,HOLD,HOLD,NONE,0,590.4094479732521,0,,,,,,,,,,,,,,,,17.09,17.09,70510.04,70731.94,70510.04,70713.56,,,,,,,,68905.71824794574,70464.87,0.07489717542935476,,,,,,none,True,,,,,,,,,,,,,,no_pattern_at_sr
2026-03-10T13:10:48.040668+00:00,USDJPY.s,cobra,26551110,H1,HOLD,HOLD,NONE,0,0.2395184033716351,0,,,,,,,,,,,,,,,,0.023,0.023,157.798,157.798,157.713,157.727,,,,,,,,157.88088920463798,157.768,0.13360142498261274,,,,,,none,True,,,,,,,,,,,,,,no_pattern_at_sr
2026-03-10T13:10:48.055762+00:00,EURUSD.s,cobra,26551110,H1,HOLD,HOLD,NONE,0,0.001974816821938363,0,,,,,,,,,,,,,,,,0.00019,0.00019,1.16336,1.1644,1.16327,1.16432,,,,,,,,1.160344205475555,1.16383,0.23293299656440852,,,,,,none,True,,,,,,,,,,,,,,no_pattern_at_sr
2026-03-10T13:10:48.085023+00:00,USOUSD.s,cobra,26551110,H1,HOLD,HOLD,NONE,0,3.6233668514035515,0,,,,,,,,,,,,,,,,0.079,0.079,89.453,89.519,88.109,88.309,,,,,,,,91.12291343468253,89.613,0.03422231451721827,,,,,,none,True,,,,,,,,,,,,,,no_pattern_at_sr
2026-03-10T13:11:48.505925+00:00,BTCUSD,cobra,26551110,H1,HOLD,HOLD,NONE,0,590.4094479732521,0,,,,,,,,,,,,,,,,17.1,17.1,70510.04,70731.94,70510.04,70716.54,,,,,,,,68905.71824794574,70464.87,0.07489717542935476,,,,,,none,True,,,,,,,,,,,,,,no_pattern_at_sr
2026-03-10T13:11:48.521576+00:00,USDJPY.s,cobra,26551110,H1,HOLD,HOLD,NONE,0,0.2395184033716351,0,,,,,,,,,,,,,,,,0.024,0.024,157.798,157.798,157.713,157.728,,,,,,,,157.88088920463798,157.768,0.13360142498261274,,,,,,none,True,,,,,,,,,,,,,,no_pattern_at_sr
2026-03-10T13:11:48.536665+00:00,EURUSD.s,cobra,26551110,H1,HOLD,HOLD,NONE,0,0.001974816821938363,0,,,,,,,,,,,,,,,,0.00019,0.00019,1.16336,1.1644,1.16327,1.16415,,,,,,,,1.160344205475555,1.16383,0.23293299656440852,,,,,,none,True,,,,,,,,,,,,,,no_pattern_at_sr
2026-03-10T13:11:48.564649+00:00,USOUSD.s,cobra,26551110,H1,HOLD,HOLD,NONE,0,3.6233668514035515,0,,,,,,,,,,,,,,,,0.079,0.079,89.453,89.519,88.109,88.314,,,,,,,,91.12291343468253,89.613,0.03422231451721827,,,,,,none,True,,,,,,,,,,,,,,no_pattern_at_sr
2026-03-10T13:12:49.018929+00:00,BTCUSD,cobra,26551110,H1,HOLD,HOLD,NONE,0,590.4094479732521,0,,,,,,,,,,,,,,,,17.11,17.11,70510.04,70731.94,70510.04,70679.3,,,,,,,,68905.71824794574,70464.87,0.07489717542935476,,,,,,none,True,,,,,,,,,,,,,,no_pattern_at_sr
2026-03-10T13:12:49.022449+00:00,USDJPY.s,cobra,26551110,H1,HOLD,HOLD,NONE,0,0.2395184033716351,0,,,,,,,,,,,,,,,,0.025,0.025,157.798,157.798,157.713,157.777,,,,,,,,157.88088920463798,157.768,0.13360142498261274,,,,,,none,True,,,,,,,,,,,,,,no_pattern_at_sr
2026-03-10T13:12:49.024433+00:00,EURUSD.s,cobra,26551110,H1,HOLD,HOLD,NONE,0,0.001974816821938363,0,,,,,,,,,,,,,,,,0.00018,0.00018,1.16336,1.1644,1.16327,1.16367,,,,,,,,1.160344205475555,1.16383,0.23293299656440852,,,,,,none,True,,,,,,,,,,,,,,no_pattern_at_sr
2026-03-10T13:12:49.026312+00:00,XAUUSD.s,cobra,26551110,H1,HOLD,HOLD,NONE,0,24.05674618802969,0,,,,,,,,,,,,,,,,0.33,0.33,5186.93,5202.39,5185.94,5199.7,,,,,,,,5140.04876408649,5186.373333333334,0.023555416108087892,,,,,,none,True,,,,,,,,,,,,,,no_pattern_at_sr
2026-03-10T13:12:49.028070+00:00,USOUSD.s,cobra,26551110,H1,HOLD,HOLD,NONE,0,3.6233668514035515,0,,,,,,,,,,,,,,,,0.079,0.079,89.453,89.519,88.109,88.644,,,,,,,,91.12291343468253,89.613,0.03422231451721827,,,,,,none,True,,,,,,,,,,,,,,no_pattern_at_sr
2026-03-10T13:13:49.765155+00:00,BTCUSD,cobra,26551110,H1,HOLD,HOLD,NONE,0,590.4094479732521,0,,,,,,,,,,,,,,,,17.1,17.1,70510.04,70731.94,70510.04,70691.79,,,,,,,,68905.71824794574,70464.87,0.07489717542935476,,,,,,none,True,,,,,,,,,,,,,,no_pattern_at_sr
2026-03-10T13:13:49.766683+00:00,USDJPY.s,cobra,26551110,H1,HOLD,HOLD,NONE,0,0.2395184033716351,0,,,,,,,,,,,,,,,,0.024,0.024,157.798,157.798,157.713,157.733,,,,,,,,157.88088920463798,157.768,0.13360142498261274,,,,,,none,True,,,,,,,,,,,,,,no_pattern_at_sr
2026-03-10T13:13:49.768363+00:00,EURUSD.s,cobra,26551110,H1,HOLD,HOLD,NONE,0,0.001974816821938363,0,,,,,,,,,,,,,,,,0.00019,0.00019,1.16336,1.1644,1.16327,1.164,,,,,,,,1.160344205475555,1.16383,0.23293299656440852,,,,,,none,True,,,,,,,,,,,,,,no_pattern_at_sr
2026-03-10T13:13:49.771326+00:00,XAUUSD.s,cobra,26551110,H1,HOLD,HOLD,NONE,0,24.05674618802969,0,,,,,,,,,,,,,,,,0.33,0.33,5186.93,5202.39,5185.94,5201.07,,,,,,,,5140.04876408649,5186.373333333334,0.023555416108087892,,,,,,none,True,,,,,,,,,,,,,,no_pattern_at_sr
2026-03-10T13:13:49.773195+00:00,USOUSD.s,cobra,26551110,H1,HOLD,HOLD,NONE,0,3.6233668514035515,0,,,,,,,,,,,,,,,,0.079,0.079,89.453,89.519,88.109,88.323,,,,,,,,91.12291343468253,89.613,0.03422231451721827,,,,,,none,True,,,,,,,,,,,,,,no_pattern_at_sr
2026-03-10T13:14:50.151206+00:00,BTCUSD,cobra,26551110,H1,HOLD,HOLD,NONE,0,590.4094479732521,0,,,,,,,,,,,,,,,,16.96,16.96,70510.04,70731.94,70510.04,70712.67,,,,,,,,68905.71824794574,70464.87,0.07489717542935476,,,,,,none,True,,,,,,,,,,,,,,no_pattern_at_sr
2026-03-10T13:14:50.152994+00:00,USDJPY.s,cobra,26551110,H1,HOLD,HOLD,NONE,0,0.2395184033716351,0,,,,,,,,,,,,,,,,0.023,0.023,157.798,157.798,157.713,157.742,,,,,,,,157.88088920463798,157.768,0.13360142498261274,,,,,,none,True,,,,,,,,,,,,,,no_pattern_at_sr
2026-03-10T13:14:50.154754+00:00,EURUSD.s,cobra,26551110,H1,HOLD,HOLD,NONE,0,0.001974816821938363,0,,,,,,,,,,,,,,,,0.00019,0.00019,1.16336,1.1644,1.16327,1.16401,,,,,,,,1.160344205475555,1.16383,0.23293299656440852,,,,,,none,True,,,,,,,,,,,,,,no_pattern_at_sr
2026-03-10T13:14:50.156593+00:00,XAUUSD.s,cobra,26551110,H1,HOLD,HOLD,NONE,0,24.05674618802969,0,,,,,,,,,,,,,,,,0.31,0.31,5186.93,5202.39,5185.94,5200.67,,,,,,,,5140.04876408649,5186.373333333334,0.023555416108087892,,,,,,none,True,,,,,,,,,,,,,,no_pattern_at_sr
2026-03-10T13:14:50.158337+00:00,USOUSD.s,cobra,26551110,H1,HOLD,HOLD,NONE,0,3.6233668514035515,0,,,,,,,,,,,,,,,,0.079,0.079,89.453,89.519,88.109,88.359,,,,,,,,91.12291343468253,89.613,0.03422231451721827,,,,,,none,True,,,,,,,,,,,,,,no_pattern_at_sr
2026-03-10T13:15:50.537948+00:00,BTCUSD,cobra,26551110,H1,HOLD,HOLD,NONE,0,598.3773051161094,0,,,,,,,,,,,,,,,,16.95,16.95,70510.04,70843.49,70510.04,70806.76,,,,,,,,68905.71824794574,70464.87,0.07389986154541857,,,,,,none,True,,,,,,,,,,,,,,no_pattern_at_sr
2026-03-10T13:15:50.539779+00:00,USDJPY.s,cobra,26551110,H1,HOLD,HOLD,NONE,0,0.2395184033716351,0,,,,,,,,,,,,,,,,0.023,0.023,157.798,157.798,157.713,157.742,,,,,,,,157.88088920463798,157.768,0.13360142498261274,,,,,,none,True,,,,,,,,,,,,,,no_pattern_at_sr
2026-03-10T13:15:50.541285+00:00,EURUSD.s,cobra,26551110,H1,HOLD,HOLD,NONE,0,0.001974816821938363,0,,,,,,,,,,,,,,,,0.00019,0.00019,1.16336,1.1644,1.16327,1.16403,,,,,,,,1.160344205475555,1.16383,0.23293299656440852,,,,,,none,True,,,,,,,,,,,,,,no_pattern_at_sr
2026-03-10T13:15:50.543107+00:00,XAUUSD.s,cobra,26551110,H1,HOLD,HOLD,NONE,0,24.05674618802969,0,,,,,,,,,,,,,,,,0.34,0.34,5186.93,5202.39,5185.94,5200.31,,,,,,,,5140.04876408649,5186.373333333334,0.023555416108087892,,,,,,none,True,,,,,,,,,,,,,,no_pattern_at_sr
2026-03-10T13:15:50.544490+00:00,USOUSD.s,cobra,26551110,H1,HOLD,HOLD,NONE,0,3.6233668514035515,0,,,,,,,,,,,,,,,,0.079,0.079,89.453,89.519,88.109,88.314,,,,,,,,91.12291343468253,89.613,0.03422231451721827,,,,,,none,True,,,,,,,,,,,,,,no_pattern_at_sr
2026-03-10T13:16:50.918499+00:00,BTCUSD,cobra,26551110,H1,HOLD,HOLD,NONE,0,598.3773051161094,0,,,,,,,,,,,,,,,,17.09,17.09,70510.04,70843.49,70510.04,70750.67,,,,,,,,68905.71824794574,70464.87,0.07389986154541857,,,,,,none,True,,,,,,,,,,,,,,no_pattern_at_sr
2026-03-10T13:16:50.920368+00:00,USDJPY.s,cobra,26551110,H1,HOLD,HOLD,NONE,0,0.2395184033716351,0,,,,,,,,,,,,,,,,0.024,0.024,157.798,157.798,157.713,157.731,,,,,,,,157.88088920463798,157.768,0.13360142498261274,,,,,,none,True,,,,,,,,,,,,,,no_pattern_at_sr
2026-03-10T13:16:50.922248+00:00,EURUSD.s,cobra,26551110,H1,HOLD,HOLD,NONE,0,0.001974816821938363,0,,,,,,,,,,,,,,,,0.00018,0.00018,1.16336,1.1644,1.16327,1.16402,,,,,,,,1.160344205475555,1.16383,0.23293299656440852,,,,,,none,True,,,,,,,,,,,,,,no_pattern_at_sr
2026-03-10T13:16:50.924122+00:00,XAUUSD.s,cobra,26551110,H1,HOLD,HOLD,NONE,0,24.238174759458257,0,,,,,,,,,,,,,,,,0.34,0.34,5186.93,5204.93,5185.94,5203.18,,,,,,,,5140.04876408649,5186.373333333334,0.023379098149483017,,,,,,none,True,,,,,,,,,,,,,,no_pattern_at_sr
2026-03-10T13:16:50.925863+00:00,USOUSD.s,cobra,26551110,H1,HOLD,HOLD,NONE,0,3.6233668514035515,0,,,,,,,,,,,,,,,,0.079,0.079,89.453,89.519,88.109,88.478,,,,,,,,91.12291343468253,89.613,0.03422231451721827,,,,,,none,True,,,,,,,,,,,,,,no_pattern_at_sr
2026-03-10T13:17:51.310898+00:00,BTCUSD,cobra,26551110,H1,HOLD,HOLD,NONE,0,598.3773051161094,0,,,,,,,,,,,,,,,,16.99,16.99,70510.04,70843.49,70510.04,70743.54,,,,,,,,68905.71824794574,70464.87,0.07389986154541857,,,,,,none,True,,,,,,,,,,,,,,no_pattern_at_sr
2026-03-10T13:17:51.312615+00:00,USDJPY.s,cobra,26551110,H1,HOLD,HOLD,NONE,0,0.2395184033716351,0,,,,,,,,,,,,,,,,0.023,0.023,157.798,157.798,157.713,157.738,,,,,,,,157.88088920463798,157.768,0.13360142498261274,,,,,,none,True,,,,,,,,,,,,,,no_pattern_at_sr
2026-03-10T13:17:51.314229+00:00,EURUSD.s,cobra,26551110,H1,HOLD,HOLD,NONE,0,0.001974816821938363,0,,,,,,,,,,,,,,,,0.00018,0.00018,1.16336,1.1644,1.16327,1.16411,,,,,,,,1.160344205475555,1.16383,0.23293299656440852,,,,,,none,True,,,,,,,,,,,,,,no_pattern_at_sr
2026-03-10T13:17:51.315964+00:00,XAUUSD.s,cobra,26551110,H1,HOLD,HOLD,NONE,0,24.238174759458257,0,,,,,,,,,,,,,,,,0.33,0.33,5186.93,5204.93,5185.94,5203.11,,,,,,,,5140.04876408649,5186.373333333334,0.023379098149483017,,,,,,none,True,,,,,,,,,,,,,,no_pattern_at_sr
2026-03-10T13:17:51.317466+00:00,USOUSD.s,cobra,26551110,H1,HOLD,HOLD,NONE,0,3.6233668514035515,0,,,,,,,,,,,,,,,,0.079,0.079,89.453,89.519,88.109,89.114,,,,,,,,91.12291343468253,89.613,0.03422231451721827,,,,,,none,True,,,,,,,,,,,,,,no_pattern_at_sr
2026-03-10T13:18:51.780035+00:00,BTCUSD,cobra,26551110,H1,HOLD,HOLD,NONE,0,598.3773051161094,0,,,,,,,,,,,,,,,,17.05,17.05,70510.04,70843.49,70510.04,70763.33,,,,,,,,68905.71824794574,70464.87,0.07389986154541857,,,,,,none,True,,,,,,,,,,,,,,no_pattern_at_sr
2026-03-10T13:18:51.781935+00:00,USDJPY.s,cobra,26551110,H1,HOLD,HOLD,NONE,0,0.2395184033716351,0,,,,,,,,,,,,,,,,0.024,0.024,157.798,157.798,157.713,157.731,,,,,,,,157.88088920463798,157.768,0.13360142498261274,,,,,,none,True,,,,,,,,,,,,,,no_pattern_at_sr
2026-03-10T13:18:51.783962+00:00,EURUSD.s,cobra,26551110,H1,HOLD,HOLD,NONE,0,0.001974816821938363,0,,,,,,,,,,,,,,,,0.00019,0.00019,1.16336,1.1644,1.16327,1.16415,,,,,,,,1.160344205475555,1.16383,0.23293299656440852,,,,,,none,True,,,,,,,,,,,,,,no_pattern_at_sr
2026-03-10T13:18:51.785946+00:00,XAUUSD.s,cobra,26551110,H1,HOLD,HOLD,NONE,0,24.851031902315395,0,,,,,,,,,,,,,,,,0.31,0.31,5186.93,5213.51,5185.94,5213.07,,,,,,,,5140.04876408649,5186.373333333334,0.02280254071111227,,,,,,none,True,,,,,,,,,,,,,,no_pattern_at_sr
2026-03-10T13:18:51.787806+00:00,USOUSD.s,cobra,26551110,H1,HOLD,HOLD,NONE,0,3.6233668514035515,0,,,,,,,,,,,,,,,,0.079,0.079,89.453,89.519,88.109,89.008,,,,,,,,91.12291343468253,89.613,0.03422231451721827,,,,,,none,True,,,,,,,,,,,,,,no_pattern_at_sr
2026-03-10T13:19:52.181816+00:00,BTCUSD,cobra,26551110,H1,HOLD,HOLD,NONE,0,598.3773051161094,0,,,,,,,,,,,,,,,,16.98,16.98,70510.04,70843.49,70510.04,70702.71,,,,,,,,68905.71824794574,70464.87,0.07389986154541857,,,,,,none,True,,,,,,,,,,,,,,no_pattern_at_sr
2026-03-10T13:19:52.183407+00:00,USDJPY.s,cobra,26551110,H1,HOLD,HOLD,NONE,0,0.2395184033716351,0,,,,,,,,,,,,,,,,0.023,0.023,157.798,157.798,157.713,157.738,,,,,,,,157.88088920463798,157.768,0.13360142498261274,,,,,,none,True,,,,,,,,,,,,,,no_pattern_at_sr
2026-03-10T13:19:52.185037+00:00,EURUSD.s,cobra,26551110,H1,HOLD,HOLD,NONE,0,0.001974816821938363,0,,,,,,,,,,,,,,,,0.00019,0.00019,1.16336,1.1644,1.16327,1.1642000000000001,,,,,,,,1.160344205475555,1.16383,0.23293299656440852,,,,,,none,True,,,,,,,,,,,,,,no_pattern_at_sr
2026-03-10T13:19:52.186921+00:00,XAUUSD.s,cobra,26551110,H1,HOLD,HOLD,NONE,0,24.99674618802968,0,,,,,,,,,,,,,,,,0.32,0.32,5186.93,5215.55,5185.94,5212.87,,,,,,,,5140.04876408649,5186.373333333334,0.02266961717349673,,,,,,none,True,,,,,,,,,,,,,,no_pattern_at_sr
2026-03-10T13:19:52.188340+00:00,USOUSD.s,cobra,26551110,H1,HOLD,HOLD,NONE,0,3.6233668514035515,0,,,,,,,,,,,,,,,,0.079,0.079,89.453,89.519,88.109,89.039,,,,,,,,91.12291343468253,89.613,0.03422231451721827,,,,,,none,True,,,,,,,,,,,,,,no_pattern_at_sr
2026-03-10T13:20:52.594239+00:00,BTCUSD,cobra,26551110,H1,HOLD,HOLD,NONE,0,598.3773051161094,0,,,,,,,,,,,,,,,,16.94,16.94,70510.04,70843.49,70510.04,70704.51,,,,,,,,68905.71824794574,70464.87,0.07389986154541857,,,,,,none,True,,,,,,,,,,,,,,no_pattern_at_sr
2026-03-10T13:20:52.596224+00:00,USDJPY.s,cobra,26551110,H1,HOLD,HOLD,NONE,0,0.2395184033716351,0,,,,,,,,,,,,,,,,0.023,0.023,157.798,157.798,157.713,157.718,,,,,,,,157.88088920463798,157.768,0.13360142498261274,,,,,,none,True,,,,,,,,,,,,,,no_pattern_at_sr
2026-03-10T13:20:52.597988+00:00,EURUSD.s,cobra,26551110,H1,HOLD,HOLD,NONE,0,0.001974816821938363,0,,,,,,,,,,,,,,,,0.00018,0.00018,1.16336,1.1644,1.16327,1.16428,,,,,,,,1.160344205475555,1.16383,0.23293299656440852,,,,,,none,True,,,,,,,,,,,,,,no_pattern_at_sr
2026-03-10T13:20:52.599692+00:00,XAUUSD.s,cobra,26551110,H1,HOLD,HOLD,NONE,0,24.99888904517252,0,,,,,,,,,,,,,,,,0.34,0.34,5186.93,5215.58,5185.94,5214.65,,,,,,,,5140.04876408649,5186.373333333334,0.022667673977101167,,,,,,none,True,,,,,,,,,,,,,,no_pattern_at_sr
2026-03-10T13:20:52.601460+00:00,USOUSD.s,cobra,26551110,H1,HOLD,HOLD,NONE,0,3.6233668514035515,0,,,,,,,,,,,,,,,,0.079,0.079,89.453,89.519,88.109,88.948,,,,,,,,91.12291343468253,89.613,0.03422231451721827,,,,,,none,True,,,,,,,,,,,,,,no_pattern_at_sr
2026-03-10T13:21:53.046959+00:00,BTCUSD,cobra,26551110,H1,HOLD,HOLD,NONE,0,598.3773051161094,0,,,,,,,,,,,,,,,,16.98,16.98,70510.04,70843.49,70510.04,70667.02,,,,,,,,68905.71824794574,70464.87,0.07389986154541857,,,,,,none,True,,,,,,,,,,,,,,no_pattern_at_sr
2026-03-10T13:21:53.048516+00:00,USDJPY.s,cobra,26551110,H1,HOLD,HOLD,NONE,0,0.24080411765734944,0,,,,,,,,,,,,,,,,0.023,0.023,157.798,157.798,157.695,157.695,,,,,,,,157.88088920463798,157.768,0.13288809307465774,,,,,,none,True,,,,,,,,,,,,,,no_pattern_at_sr
2026-03-10T13:21:53.050111+00:00,EURUSD.s,cobra,26551110,H1,HOLD,HOLD,NONE,0,0.0019855311076526394,0,,,,,,,,,,,,,,,,0.00018,0.00018,1.16336,1.16455,1.16327,1.16446,,,,,,,,1.160344205475555,1.16383,0.23167604789820298,,,,,,none,True,,,,,,,,,,,,,,no_pattern_at_sr
2026-03-10T13:21:53.051649+00:00,XAUUSD.s,cobra,26551110,H1,HOLD,HOLD,NONE,0,25.085317616601092,0,,,,,,,,,,,,,,,,0.3,0.3,5186.93,5216.79,5185.94,5216.44,,,,,,,,5140.04876408649,5186.373333333334,0.022589575118263,,,,,,none,True,,,,,,,,,,,,,,no_pattern_at_sr
2026-03-10T13:21:53.053258+00:00,USOUSD.s,cobra,26551110,H1,HOLD,HOLD,NONE,0,3.6233668514035515,0,,,,,,,,,,,,,,,,0.079,0.079,89.453,89.519,88.109,89.043,,,,,,,,91.12291343468253,89.613,0.03422231451721827,,,,,,none,True,,,,,,,,,,,,,,no_pattern_at_sr
2026-03-10T13:22:53.486406+00:00,BTCUSD,cobra,26551110,H1,HOLD,HOLD,NONE,0,598.3773051161094,0,,,,,,,,,,,,,,,,17.04,17.04,70510.04,70843.49,70510.04,70679.27,,,,,,,,68905.71824794574,70464.87,0.07389986154541857,,,,,,none,True,,,,,,,,,,,,,,no_pattern_at_sr
2026-03-10T13:22:53.488192+00:00,USDJPY.s,cobra,26551110,H1,HOLD,HOLD,NONE,0,0.24080411765734944,0,,,,,,,,,,,,,,,,0.024,0.024,157.798,157.798,157.695,157.716,,,,,,,,157.88088920463798,157.768,0.13288809307465774,,,,,,none,True,,,,,,,,,,,,,,no_pattern_at_sr
2026-03-10T13:22:53.490075+00:00,EURUSD.s,cobra,26551110,H1,HOLD,HOLD,NONE,0,0.00198624539336693,0,,,,,,,,,,,,,,,,0.00018,0.00018,1.16336,1.16456,1.16327,1.16455,,,,,,,,1.160344205475555,1.16383,0.23159273347395834,,,,,,none,True,,,,,,,,,,,,,,no_pattern_at_sr
2026-03-10T13:22:53.492115+00:00,XAUUSD.s,cobra,26551110,H1,HOLD,HOLD,NONE,0,25.40246047374392,0,,,,,,,,,,,,,,,,0.32,0.32,5186.93,5221.23,5185.94,5219.88,,,,,,,,5140.04876408649,5186.373333333334,0.022307550374949126,,,,,,none,True,,,,,,,,,,,,,,no_pattern_at_sr
2026-03-10T13:22:53.494197+00:00,USOUSD.s,cobra,26551110,H1,HOLD,HOLD,NONE,0,3.6233668514035515,0,,,,,,,,,,,,,,,,0.079,0.079,89.453,89.519,88.109,89.099,,,,,,,,91.12291343468253,89.613,0.03422231451721827,,,,,,none,True,,,,,,,,,,,,,,no_pattern_at_sr
2026-03-10T13:23:53.934460+00:00,BTCUSD,cobra,26551110,H1,HOLD,HOLD,NONE,0,598.3773051161094,0,,,,,,,,,,,,,,,,17.0,17.0,70510.04,70843.49,70510.04,70723.19,,,,,,,,68905.71824794574,70464.87,0.07389986154541857,,,,,,none,True,,,,,,,,,,,,,,no_pattern_at_sr
2026-03-10T13:23:53.936552+00:00,USDJPY.s,cobra,26551110,H1,HOLD,HOLD,NONE,0,0.242661260514491,0,,,,,,,,,,,,,,,,0.025,0.025,157.798,157.798,157.669,157.687,,,,,,,,157.88088920463798,157.768,0.13187106970500445,,,,,,none,True,,,,,,,,,,,,,,no_pattern_at_sr
2026-03-10T13:23:53.938455+00:00,EURUSD.s,cobra,26551110,H1,HOLD,HOLD,NONE,0,0.0020033882505097883,0,,,,,,,,,,,,,,,,0.00019,0.00019,1.16336,1.1648,1.16327,1.16458,,,,,,,,1.160344205475555,1.16383,0.22961101018878988,,,,,,none,True,,,,,,,,,,,,,,no_pattern_at_sr
2026-03-10T13:23:53.940481+00:00,XAUUSD.s,cobra,26551110,H1,HOLD,HOLD,NONE,0,25.40246047374392,0,,,,,,,,,,,,,,,,0.31,0.31,5186.93,5221.23,5185.94,5219.15,,,,,,,,5140.04876408649,5186.373333333334,0.022307550374949126,,,,,,none,True,,,,,,,,,,,,,,no_pattern_at_sr
2026-03-10T13:23:53.942452+00:00,USOUSD.s,cobra,26551110,H1,HOLD,HOLD,NONE,0,3.6233668514035515,0,,,,,,,,,,,,,,,,0.079,0.079,89.453,89.519,88.109,88.924,,,,,,,,91.12291343468253,89.613,0.03422231451721827,,,,,,none,True,,,,,,,,,,,,,,no_pattern_at_sr
2026-03-10T13:24:54.360871+00:00,BTCUSD,cobra,26551110,H1,HOLD,HOLD,NONE,0,601.544447973252,0,,,,,,,,,,,,,,,,16.97,16.97,70510.04,70887.83,70510.04,70877.85,,,,,,,,68905.71824794574,70464.87,0.07351077738143705,,,,,,none,True,,,,,,,,,,,,,,no_pattern_at_sr
2026-03-10T13:24:54.362383+00:00,USDJPY.s,cobra,26551110,H1,HOLD,HOLD,NONE,0,0.24287554622877774,0,,,,,,,,,,,,,,,,0.023,0.023,157.798,157.798,157.666,157.668,,,,,,,,157.88088920463798,157.768,0.1317547216954816,,,,,,none,True,,,,,,,,,,,,,,no_pattern_at_sr
2026-03-10T13:24:54.363947+00:00,EURUSD.s,cobra,26551110,H1,HOLD,HOLD,NONE,0,0.0020033882505097883,0,,,,,,,,,,,,,,,,0.00019,0.00019,1.16336,1.1648,1.16327,1.16459,,,,,,,,1.160344205475555,1.16383,0.22961101018878988,,,,,,none,True,,,,,,,,,,,,,,no_pattern_at_sr
2026-03-10T13:24:54.365602+00:00,XAUUSD.s,cobra,26551110,H1,HOLD,HOLD,NONE,0,25.528889045172523,0,,,,,,,,,,,,,,,,0.32,0.32,5186.93,5223.0,5185.94,5222.33,,,,,,,,5140.04876408649,5186.373333333334,0.022197075072988827,,,,,,none,True,,,,,,,,,,,,,,no_pattern_at_sr
2026-03-10T13:24:54.367222+00:00,USOUSD.s,cobra,26551110,H1,HOLD,HOLD,NONE,0,3.6233668514035515,0,,,,,,,,,,,,,,,,0.079,0.079,89.453,89.519,88.109,88.674,,,,,,,,91.12291343468253,89.613,0.03422231451721827,,,,,,none,True,,,,,,,,,,,,,,no_pattern_at_sr
2026-03-10T13:25:54.868029+00:00,BTCUSD,cobra,26551110,H1,HOLD,HOLD,NONE,0,601.544447973252,0,,,,,,,,,,,,,,,,16.98,16.98,70510.04,70887.83,70510.04,70823.4,,,,,,,,68905.71824794574,70464.87,0.07351077738143705,,,,,,none,True,,,,,,,,,,,,,,no_pattern_at_sr
2026-03-10T13:25:54.869633+00:00,USDJPY.s,cobra,26551110,H1,HOLD,HOLD,NONE,0,0.24401840337163425,0,,,,,,,,,,,,,,,,0.024,0.024,157.798,157.798,157.65,157.672,,,,,,,,157.88088920463798,157.768,0.13113765010287132,,,,,,none,True,,,,,,,,,,,,,,no_pattern_at_sr
2026-03-10T13:25:54.872072+00:00,EURUSD.s,cobra,26551110,H1,HOLD,HOLD,NONE,0,0.0020033882505097883,0,,,,,,,,,,,,,,,,0.00019,0.00019,1.16336,1.1648,1.16327,1.16439,,,,,,,,1.160344205475555,1.16383,0.22961101018878988,,,,,,none,True,,,,,,,,,,,,,,no_pattern_at_sr
2026-03-10T13:25:54.873926+00:00,XAUUSD.s,cobra,26551110,H1,HOLD,HOLD,NONE,0,25.606031902315372,0,,,,,,,,,,,,,,,,0.3,0.3,5186.93,5224.08,5185.94,5223.6,,,,,,,,5140.04876408649,5186.373333333334,0.02213020232215117,,,,,,none,True,,,,,,,,,,,,,,no_pattern_at_sr
2026-03-10T13:25:54.875768+00:00,USOUSD.s,cobra,26551110,H1,HOLD,HOLD,NONE,0,3.6233668514035515,0,,,,,,,,,,,,,,,,0.079,0.079,89.453,89.519,88.109,88.829,,,,,,,,91.12291343468253,89.613,0.03422231451721827,,,,,,none,True,,,,,,,,,,,,,,no_pattern_at_sr
2026-03-10T13:26:55.364548+00:00,BTCUSD,cobra,26551110,H1,HOLD,HOLD,NONE,0,601.544447973252,0,,,,,,,,,,,,,,,,16.99,16.99,70510.04,70887.83,70510.04,70857.19,,,,,,,,68905.71824794574,70464.87,0.07351077738143705,,,,,,none,True,,,,,,,,,,,,,,no_pattern_at_sr
2026-03-10T13:26:55.366748+00:00,USDJPY.s,cobra,26551110,H1,HOLD,HOLD,NONE,0,0.24401840337163425,0,,,,,,,,,,,,,,,,0.024,0.024,157.798,157.798,157.65,157.667,,,,,,,,157.88088920463798,157.768,0.13113765010287132,,,,,,none,True,,,,,,,,,,,,,,no_pattern_at_sr
2026-03-10T13:26:55.369457+00:00,EURUSD.s,cobra,26551110,H1,HOLD,HOLD,NONE,0,0.0020033882505097883,0,,,,,,,,,,,,,,,,0.00019,0.00019,1.16336,1.1648,1.16327,1.16432,,,,,,,,1.160344205475555,1.16383,0.22961101018878988,,,,,,none,True,,,,,,,,,,,,,,no_pattern_at_sr
2026-03-10T13:26:55.375833+00:00,XAUUSD.s,cobra,26551110,H1,HOLD,HOLD,NONE,0,25.833174759458252,0,,,,,,,,,,,,,,,,0.31,0.31,5186.93,5227.26,5185.94,5226.91,,,,,,,,5140.04876408649,5186.373333333334,0.021935618519292675,,,,,,none,True,,,,,,,,,,,,,,no_pattern_at_sr
2026-03-10T13:26:55.378117+00:00,USOUSD.s,cobra,26551110,H1,HOLD,HOLD,NONE,0,3.6233668514035515,0,,,,,,,,,,,,,,,,0.079,0.079,89.453,89.519,88.109,89.144,,,,,,,,91.12291343468253,89.613,0.03422231451721827,,,,,,none,True,,,,,,,,,,,,,,no_pattern_at_sr
2026-03-10T13:27:55.830150+00:00,BTCUSD,cobra,26551110,H1,HOLD,HOLD,NONE,0,601.8130194018231,0,,,,,,,,,,,,,,,,16.99,16.99,70510.04,70891.59,70510.04,70885.95,,,,,,,,68905.71824794574,70464.87,0.07347797168621242,,,,,,none,True,,,,,,,,,,,,,,no_pattern_at_sr
2026-03-10T13:27:55.832201+00:00,USDJPY.s,cobra,26551110,H1,HOLD,HOLD,NONE,0,0.24401840337163425,0,,,,,,,,,,,,,,,,0.025,0.025,157.798,157.798,157.65,157.655,,,,,,,,157.88088920463798,157.768,0.13113765010287132,,,,,,none,True,,,,,,,,,,,,,,no_pattern_at_sr
2026-03-10T13:27:55.834279+00:00,EURUSD.s,cobra,26551110,H1,HOLD,HOLD,NONE,0,0.0020033882505097883,0,,,,,,,,,,,,,,,,0.00018,0.00018,1.16336,1.1648,1.16327,1.1646,,,,,,,,1.160344205475555,1.16383,0.22961101018878988,,,,,,none,True,,,,,,,,,,,,,,no_pattern_at_sr
2026-03-10T13:27:55.836163+00:00,XAUUSD.s,cobra,26551110,H1,HOLD,HOLD,NONE,0,25.936746188029666,0,,,,,,,,,,,,,,,,0.34,0.34,5186.93,5228.71,5185.94,5227.1,,,,,,,,5140.04876408649,5186.373333333334,0.02184802451925233,,,,,,none,True,,,,,,,,,,,,,,no_pattern_at_sr
2026-03-10T13:27:55.837773+00:00,USOUSD.s,cobra,26551110,H1,HOLD,HOLD,NONE,0,3.6233668514035515,0,,,,,,,,,,,,,,,,0.099,0.099,89.453,89.519,88.109,88.919,,,,,,,,91.12291343468253,89.613,0.03422231451721827,,,,,,none,True,,,,,,,,,,,,,,no_pattern_at_sr
2026-03-10T13:28:56.259359+00:00,BTCUSD,cobra,26551110,H1,HOLD,HOLD,NONE,0,601.8580194018234,0,,,,,,,,,,,,,,,,17.03,17.03,70510.04,70892.22,70510.04,70829.42,,,,,,,,68905.71824794574,70464.87,0.07347247785108967,,,,,,none,True,,,,,,,,,,,,,,no_pattern_at_sr
2026-03-10T13:28:56.261836+00:00,USDJPY.s,cobra,26551110,H1,HOLD,HOLD,NONE,0,0.24408983194306316,0,,,,,,,,,,,,,,,,0.024,0.024,157.798,157.798,157.649,157.668,,,,,,,,157.88088920463798,157.768,0.13109927498936155,,,,,,none,True,,,,,,,,,,,,,,no_pattern_at_sr
2026-03-10T13:28:56.264165+00:00,EURUSD.s,cobra,26551110,H1,HOLD,HOLD,NONE,0,0.0020033882505097883,0,,,,,,,,,,,,,,,,0.00018,0.00018,1.16336,1.1648,1.16327,1.16445,,,,,,,,1.160344205475555,1.16383,0.22961101018878988,,,,,,none,True,,,,,,,,,,,,,,no_pattern_at_sr
2026-03-10T13:28:56.266307+00:00,XAUUSD.s,cobra,26551110,H1,HOLD,HOLD,NONE,0,25.936746188029666,0,,,,,,,,,,,,,,,,0.31,0.31,5186.93,5228.71,5185.94,5223.76,,,,,,,,5140.04876408649,5186.373333333334,0.02184802451925233,,,,,,none,True,,,,,,,,,,,,,,no_pattern_at_sr
2026-03-10T13:28:56.268202+00:00,USOUSD.s,cobra,26551110,H1,HOLD,HOLD,NONE,0,3.6233668514035515,0,,,,,,,,,,,,,,,,0.079,0.079,89.453,89.519,88.109,88.944,,,,,,,,91.12291343468253,89.613,0.03422231451721827,,,,,,none,True,,,,,,,,,,,,,,no_pattern_at_sr
2026-03-10T13:29:56.721880+00:00,BTCUSD,cobra,26551110,H1,HOLD,HOLD,NONE,0,601.8580194018234,0,,,,,,,,,,,,,,,,16.98,16.98,70510.04,70892.22,70510.04,70840.0,,,,,,,,68905.71824794574,70464.87,0.07347247785108967,,,,,,none,True,,,,,,,,,,,,,,no_pattern_at_sr
2026-03-10T13:29:56.724050+00:00,USDJPY.s,cobra,26551110,H1,HOLD,HOLD,NONE,0,0.24408983194306316,0,,,,,,,,,,,,,,,,0.024,0.024,157.798,157.798,157.649,157.706,,,,,,,,157.88088920463798,157.768,0.13109927498936155,,,,,,none,True,,,,,,,,,,,,,,no_pattern_at_sr
2026-03-10T13:29:56.725597+00:00,EURUSD.s,cobra,26551110,H1,HOLD,HOLD,NONE,0,0.0020033882505097883,0,,,,,,,,,,,,,,,,0.00018,0.00018,1.16336,1.1648,1.16327,1.16438,,,,,,,,1.160344205475555,1.16383,0.22961101018878988,,,,,,none,True,,,,,,,,,,,,,,no_pattern_at_sr
2026-03-10T13:29:56.727270+00:00,XAUUSD.s,cobra,26551110,H1,HOLD,HOLD,NONE,0,25.936746188029666,0,,,,,,,,,,,,,,,,0.34,0.34,5186.93,5228.71,5185.94,5221.67,,,,,,,,5140.04876408649,5186.373333333334,0.02184802451925233,,,,,,none,True,,,,,,,,,,,,,,no_pattern_at_sr
2026-03-10T13:29:56.728887+00:00,USOUSD.s,cobra,26551110,H1,HOLD,HOLD,NONE,0,3.6233668514035515,0,,,,,,,,,,,,,,,,0.079,0.079,89.453,89.519,88.109,88.819,,,,,,,,91.12291343468253,89.613,0.03422231451721827,,,,,,none,True,,,,,,,,,,,,,,no_pattern_at_sr
2026-03-10T13:30:57.247763+00:00,BTCUSD,cobra,26551110,H1,HOLD,HOLD,NONE,0,603.3651622589667,0,,,,,,,,,,,,,,,,16.98,16.98,70510.04,70913.32,70510.04,70771.96,,,,,,,,68905.71824794574,70464.87,0.07328895131174604,,,,,,none,True,,,,,,,,,,,,,,no_pattern_at_sr
2026-03-10T13:30:57.249759+00:00,USDJPY.s,cobra,26551110,H1,HOLD,HOLD,NONE,0,0.24408983194306316,0,,,,,,,,,,,,,,,,0.024,0.024,157.798,157.798,157.649,157.692,,,,,,,,157.88088920463798,157.768,0.13109927498936155,,,,,,none,True,,,,,,,,,,,,,,no_pattern_at_sr
2026-03-10T13:30:57.252381+00:00,EURUSD.s,cobra,26551110,H1,HOLD,HOLD,NONE,0,0.0020033882505097883,0,,,,,,,,,,,,,,,,0.00019,0.00019,1.16336,1.1648,1.16327,1.16442,,,,,,,,1.160344205475555,1.16383,0.22961101018878988,,,,,,none,True,,,,,,,,,,,,,,no_pattern_at_sr
2026-03-10T13:30:57.254695+00:00,XAUUSD.s,cobra,26551110,H1,HOLD,HOLD,NONE,0,25.936746188029666,0,,,,,,,,,,,,,,,,0.3,0.3,5186.93,5228.71,5185.94,5216.02,,,,,,,,5140.04876408649,5186.373333333334,0.02184802451925233,,,,,,none,True,,,,,,,,,,,,,,no_pattern_at_sr
2026-03-10T13:30:57.256618+00:00,USOUSD.s,cobra,26551110,H1,HOLD,HOLD,NONE,0,3.6427239942606944,0,,,,,,,,,,,,,,,,0.079,0.079,89.453,89.519,87.838,88.013,,,,,,,,91.12291343468253,89.613,0.0340404598853396,,,,,,none,True,,,,,,,,,,,,,,no_pattern_at_sr
2026-03-10T13:31:57.813009+00:00,BTCUSD,cobra,26551110,H1,HOLD,HOLD,NONE,0,603.3651622589667,0,,,,,,,,,,,,,,,,17.01,17.01,70510.04,70913.32,70510.04,70698.84,,,,,,,,68905.71824794574,70464.87,0.07328895131174604,,,,,,none,True,,,,,,,,,,,,,,no_pattern_at_sr
2026-03-10T13:31:57.815506+00:00,USDJPY.s,cobra,26551110,H1,HOLD,HOLD,NONE,0,0.24408983194306316,0,,,,,,,,,,,,,,,,0.024,0.024,157.798,157.798,157.649,157.699,,,,,,,,157.88088920463798,157.768,0.13109927498936155,,,,,,none,True,,,,,,,,,,,,,,no_pattern_at_sr
2026-03-10T13:31:57.817614+00:00,EURUSD.s,cobra,26551110,H1,HOLD,HOLD,NONE,0,0.0020033882505097883,0,,,,,,,,,,,,,,,,0.00019,0.00019,1.16336,1.1648,1.16327,1.16443,,,,,,,,1.160344205475555,1.16383,0.22961101018878988,,,,,,none,True,,,,,,,,,,,,,,no_pattern_at_sr
2026-03-10T13:31:57.819547+00:00,XAUUSD.s,cobra,26551110,H1,HOLD,HOLD,NONE,0,25.936746188029666,0,,,,,,,,,,,,,,,,0.3,0.3,5186.93,5228.71,5185.94,5217.92,,,,,,,,5140.04876408649,5186.373333333334,0.02184802451925233,,,,,,none,True,,,,,,,,,,,,,,no_pattern_at_sr
2026-03-10T13:31:57.821013+00:00,USOUSD.s,cobra,26551110,H1,HOLD,HOLD,NONE,0,3.6540811371178368,0,,,,,,,,,,,,,,,,0.079,0.079,89.453,89.519,87.679,87.679,,,,,,,,91.12291343468253,89.613,0.033934659726193285,,,,,,none,True,,,,,,,,,,,,,,no_pattern_at_sr
2026-03-10T13:32:58.522742+00:00,BTCUSD,cobra,26551110,H1,HOLD,HOLD,NONE,0,603.3651622589667,0,,,,,,,,,,,,,,,,17.04,17.04,70510.04,70913.32,70510.04,70684.32,,,,,,,,68905.71824794574,70464.87,0.07328895131174604,,,,,,none,True,,,,,,,,,,,,,,no_pattern_at_sr
2026-03-10T13:32:58.525041+00:00,USDJPY.s,cobra,26551110,H1,HOLD,HOLD,NONE,0,0.24408983194306316,0,,,,,,,,,,,,,,,,0.024,0.024,157.798,157.798,157.649,157.699,,,,,,,,157.88088920463798,157.768,0.13109927498936155,,,,,,none,True,,,,,,,,,,,,,,no_pattern_at_sr
2026-03-10T13:32:58.526976+00:00,EURUSD.s,cobra,26551110,H1,HOLD,HOLD,NONE,0,0.0020033882505097883,0,,,,,,,,,,,,,,,,0.00019,0.00019,1.16336,1.1648,1.16327,1.16434,,,,,,,,1.160344205475555,1.16383,0.22961101018878988,,,,,,none,True,,,,,,,,,,,,,,no_pattern_at_sr
2026-03-10T13:32:58.528952+00:00,XAUUSD.s,cobra,26551110,H1,HOLD,HOLD,NONE,0,25.936746188029666,0,,,,,,,,,,,,,,,,0.31,0.31,5186.93,5228.71,5185.94,5218.52,,,,,,,,5140.04876408649,5186.373333333334,0.02184802451925233,,,,,,none,True,,,,,,,,,,,,,,no_pattern_at_sr
2026-03-10T13:32:58.530628+00:00,USOUSD.s,cobra,26551110,H1,HOLD,HOLD,NONE,0,3.6662239942606942,0,,,,,,,,,,,,,,,,0.099,0.099,89.453,89.519,87.509,87.514,,,,,,,,91.12291343468253,89.613,0.033822265140949256,,,,,,none,True,,,,,,,,,,,,,,no_pattern_at_sr
2026-03-10T13:33:58.957024+00:00,BTCUSD,cobra,26551110,H1,HOLD,HOLD,NONE,0,608.1573051161093,0,,,,,,,,,,,,,,,,16.99,16.99,70510.04,70913.32,70442.0,70445.71,,,,,,,,68905.71824794574,70464.87,0.07271145084997159,,,,,,none,True,,,,,,,,,,,,,,no_pattern_at_sr
2026-03-10T13:33:58.958861+00:00,USDJPY.s,cobra,26551110,H1,HOLD,HOLD,NONE,0,0.24437554622877677,0,,,,,,,,,,,,,,,,0.024,0.024,157.798,157.804,157.649,157.794,,,,,,,,157.88088920463798,157.768,0.1309459988686973,,,,,,none,True,,,,,,,,,,,,,,no_pattern_at_sr
2026-03-10T13:33:58.960486+00:00,EURUSD.s,cobra,26551110,H1,HOLD,HOLD,NONE,0,0.0020033882505097883,0,,,,,,,,,,,,,,,,0.00019,0.00019,1.16336,1.1648,1.16327,1.16342,,,,,,,,1.160344205475555,1.16383,0.22961101018878988,,,,,,none,True,,,,,,,,,,,,,,no_pattern_at_sr
2026-03-10T13:33:58.962463+00:00,XAUUSD.s,cobra,26551110,H1,HOLD,HOLD,NONE,0,25.936746188029666,0,,,,,,,,,,,,,,,,0.32,0.32,5186.93,5228.71,5185.94,5210.48,,,,,,,,5140.04876408649,5186.373333333334,0.02184802451925233,,,,,,none,True,,,,,,,,,,,,,,no_pattern_at_sr
2026-03-10T13:33:58.963956+00:00,USOUSD.s,cobra,26551110,H1,HOLD,HOLD,NONE,0,3.670152565689266,0,,,,,,,,,,,,,,,,0.079,0.079,89.453,89.519,87.454,88.749,,,,,,,,91.12291343468253,89.613,0.033786061418596,,,,,,none,True,,,,,,,,,,,,,,no_pattern_at_sr
2026-03-10T13:34:59.464809+00:00,BTCUSD,cobra,26551110,H1,HOLD,HOLD,NONE,0,624.0851622589668,0,,,,,,,,,,,,,,,,17.01,17.01,70510.04,70913.32,70219.01,70243.61,,,,,,,,68905.71824794574,70464.87,0.07085571437068053,,,,,,none,True,,,,,,,,,,,,,,no_pattern_at_sr
2026-03-10T13:34:59.466424+00:00,USDJPY.s,cobra,26551110,H1,HOLD,HOLD,NONE,0,0.24437554622877677,0,,,,,,,,,,,,,,,,0.024,0.024,157.798,157.804,157.649,157.769,,,,,,,,157.88088920463798,157.768,0.1309459988686973,,,,,,none,True,,,,,,,,,,,,,,no_pattern_at_sr
2026-03-10T13:34:59.467913+00:00,EURUSD.s,cobra,26551110,H1,HOLD,HOLD,NONE,0,0.0020033882505097883,0,,,,,,,,,,,,,,,,0.00018,0.00018,1.16336,1.1648,1.16327,1.16377,,,,,,,,1.160344205475555,1.16383,0.22961101018878988,,,,,,none,True,,,,,,,,,,,,,,no_pattern_at_sr
2026-03-10T13:34:59.469787+00:00,XAUUSD.s,cobra,26551110,H1,HOLD,HOLD,NONE,0,25.936746188029666,0,,,,,,,,,,,,,,,,0.31,0.31,5186.93,5228.71,5185.94,5213.09,,,,,,,,5140.04876408649,5186.373333333334,0.02184802451925233,,,,,,none,True,,,,,,,,,,,,,,no_pattern_at_sr
2026-03-10T13:34:59.471595+00:00,USOUSD.s,cobra,26551110,H1,HOLD,HOLD,NONE,0,3.670152565689266,0,,,,,,,,,,,,,,,,0.079,0.079,89.453,89.519,87.454,88.504,,,,,,,,91.12291343468253,89.613,0.033786061418596,,,,,,none,True,,,,,,,,,,,,,,no_pattern_at_sr
2026-03-10T13:35:59.916899+00:00,BTCUSD,cobra,26551110,H1,HOLD,HOLD,NONE,0,635.3051622589669,0,,,,,,,,,,,,,,,,16.99,16.99,70510.04,70913.32,70061.93,70070.44,,,,,,,,68905.71824794574,70464.87,0.06960434548141754,,,,,,none,True,,,,,,,,,,,,,,no_pattern_at_sr
2026-03-10T13:35:59.918448+00:00,USDJPY.s,cobra,26551110,H1,HOLD,HOLD,NONE,0,0.24437554622877677,0,,,,,,,,,,,,,,,,0.025,0.025,157.798,157.804,157.649,157.779,,,,,,,,157.88088920463798,157.768,0.1309459988686973,,,,,,none,True,,,,,,,,,,,,,,no_pattern_at_sr
2026-03-10T13:35:59.920076+00:00,EURUSD.s,cobra,26551110,H1,HOLD,HOLD,NONE,0,0.0020033882505097883,0,,,,,,,,,,,,,,,,0.00019,0.00019,1.16336,1.1648,1.16327,1.16346,,,,,,,,1.160344205475555,1.16383,0.22961101018878988,,,,,,none,True,,,,,,,,,,,,,,no_pattern_at_sr
2026-03-10T13:35:59.921788+00:00,XAUUSD.s,cobra,26551110,H1,HOLD,HOLD,NONE,0,25.936746188029666,0,,,,,,,,,,,,,,,,0.37,0.37,5186.93,5228.71,5185.94,5208.25,,,,,,,,5140.04876408649,5186.373333333334,0.02184802451925233,,,,,,none,True,,,,,,,,,,,,,,no_pattern_at_sr
2026-03-10T13:35:59.923455+00:00,USOUSD.s,cobra,26551110,H1,HOLD,HOLD,NONE,0,3.670152565689266,0,,,,,,,,,,,,,,,,0.079,0.079,89.453,89.519,87.454,88.603,,,,,,,,91.12291343468253,89.613,0.033786061418596,,,,,,none,True,,,,,,,,,,,,,,no_pattern_at_sr
2026-03-10T13:37:00.334852+00:00,BTCUSD,cobra,26551110,H1,HOLD,HOLD,NONE,0,640.2108765446807,0,,,,,,,,,,,,,,,,17.12,17.12,70510.04,70913.32,69993.25,70038.48,,,,,,,,68905.71824794574,70464.87,0.06907099148121865,,,,,,none,True,,,,,,,,,,,,,,no_pattern_at_sr
2026-03-10T13:37:00.336797+00:00,USDJPY.s,cobra,26551110,H1,HOLD,HOLD,NONE,0,0.24437554622877677,0,,,,,,,,,,,,,,,,0.024,0.024,157.798,157.804,157.649,157.759,,,,,,,,157.88088920463798,157.768,0.1309459988686973,,,,,,none,True,,,,,,,,,,,,,,no_pattern_at_sr
2026-03-10T13:37:00.338725+00:00,EURUSD.s,cobra,26551110,H1,HOLD,HOLD,NONE,0,0.0020033882505097883,0,,,,,,,,,,,,,,,,0.00018,0.00018,1.16336,1.1648,1.16327,1.1636199999999999,,,,,,,,1.160344205475555,1.16383,0.22961101018878988,,,,,,none,True,,,,,,,,,,,,,,no_pattern_at_sr
2026-03-10T13:37:00.340512+00:00,XAUUSD.s,cobra,26551110,H1,HOLD,HOLD,NONE,0,25.936746188029666,0,,,,,,,,,,,,,,,,0.31,0.31,5186.93,5228.71,5185.94,5211.12,,,,,,,,5140.04876408649,5186.373333333334,0.02184802451925233,,,,,,none,True,,,,,,,,,,,,,,no_pattern_at_sr
2026-03-10T13:37:00.342166+00:00,USOUSD.s,cobra,26551110,H1,HOLD,HOLD,NONE,0,3.670152565689266,0,,,,,,,,,,,,,,,,0.079,0.079,89.453,89.519,87.454,88.573,,,,,,,,91.12291343468253,89.613,0.033786061418596,,,,,,none,True,,,,,,,,,,,,,,no_pattern_at_sr
2026-03-10T13:38:00.796175+00:00,BTCUSD,cobra,26551110,H1,HOLD,HOLD,NONE,0,645.3630194018239,0,,,,,,,,,,,,,,,,16.97,16.97,70510.04,70913.32,69921.12,69936.13,,,,,,,,68905.71824794574,70464.87,0.06851957529420874,,,,,,none,True,,,,,,,,,,,,,,no_pattern_at_sr
2026-03-10T13:38:00.797993+00:00,USDJPY.s,cobra,26551110,H1,HOLD,HOLD,NONE,0,0.24437554622877677,0,,,,,,,,,,,,,,,,0.023,0.023,157.798,157.804,157.649,157.74,,,,,,,,157.88088920463798,157.768,0.1309459988686973,,,,,,none,True,,,,,,,,,,,,,,no_pattern_at_sr
2026-03-10T13:38:00.799984+00:00,EURUSD.s,cobra,26551110,H1,HOLD,HOLD,NONE,0,0.0020033882505097883,0,,,,,,,,,,,,,,,,0.00019,0.00019,1.16336,1.1648,1.16327,1.1637,,,,,,,,1.160344205475555,1.16383,0.22961101018878988,,,,,,none,True,,,,,,,,,,,,,,no_pattern_at_sr
2026-03-10T13:38:00.801751+00:00,XAUUSD.s,cobra,26551110,H1,HOLD,HOLD,NONE,0,25.936746188029666,0,,,,,,,,,,,,,,,,0.31,0.31,5186.93,5228.71,5185.94,5207.73,,,,,,,,5140.04876408649,5186.373333333334,0.02184802451925233,,,,,,none,True,,,,,,,,,,,,,,no_pattern_at_sr
2026-03-10T13:38:00.803409+00:00,USOUSD.s,cobra,26551110,H1,HOLD,HOLD,NONE,0,3.670152565689266,0,,,,,,,,,,,,,,,,0.079,0.079,89.453,89.519,87.454,88.338,,,,,,,,91.12291343468253,89.613,0.033786061418596,,,,,,none,True,,,,,,,,,,,,,,no_pattern_at_sr
2026-03-10T13:39:01.310058+00:00,BTCUSD,cobra,26551110,H1,HOLD,HOLD,NONE,0,658.1737336875376,0,,,,,,,,,,,,,,,,17.02,17.02,70510.04,70913.32,69741.77,69801.51,,,,,,,,68905.71824794574,70464.87,0.06718590812223788,,,,,,none,True,,,,,,,,,,,,,,no_pattern_at_sr
2026-03-10T13:39:01.311791+00:00,USDJPY.s,cobra,26551110,H1,HOLD,HOLD,NONE,0,0.24437554622877677,0,,,,,,,,,,,,,,,,0.024,0.024,157.798,157.804,157.649,157.726,,,,,,,,157.88088920463798,157.768,0.1309459988686973,,,,,,none,True,,,,,,,,,,,,,,no_pattern_at_sr
2026-03-10T13:39:01.313487+00:00,EURUSD.s,cobra,26551110,H1,HOLD,HOLD,NONE,0,0.0020033882505097883,0,,,,,,,,,,,,,,,,0.00019,0.00019,1.16336,1.1648,1.16327,1.16394,,,,,,,,1.160344205475555,1.16383,0.22961101018878988,,,,,,none,True,,,,,,,,,,,,,,no_pattern_at_sr
2026-03-10T13:39:01.315414+00:00,XAUUSD.s,cobra,26551110,H1,HOLD,HOLD,NONE,0,25.936746188029666,0,,,,,,,,,,,,,,,,0.31,0.31,5186.93,5228.71,5185.94,5213.22,,,,,,,,5140.04876408649,5186.373333333334,0.02184802451925233,,,,,,none,True,,,,,,,,,,,,,,no_pattern_at_sr
2026-03-10T13:39:01.317301+00:00,USOUSD.s,cobra,26551110,H1,HOLD,HOLD,NONE,0,3.670152565689266,0,,,,,,,,,,,,,,,,0.079,0.079,89.453,89.519,87.454,88.099,,,,,,,,91.12291343468253,89.613,0.033786061418596,,,,,,none,True,,,,,,,,,,,,,,no_pattern_at_sr
2026-03-10T13:40:01.946928+00:00,BTCUSD,cobra,26551110,H1,HOLD,HOLD,NONE,0,658.900162258966,0,,,,,,,,,,,,,,,,17.01,17.01,70510.04,70913.32,69731.6,69740.6,,,,,,,,68905.71824794574,70464.87,0.06711183656169974,,,,,,none,True,,,,,,,,,,,,,,no_pattern_at_sr
2026-03-10T13:40:01.949129+00:00,USDJPY.s,cobra,26551110,H1,HOLD,HOLD,NONE,0,0.24437554622877677,0,,,,,,,,,,,,,,,,0.024,0.024,157.798,157.804,157.649,157.728,,,,,,,,157.88088920463798,157.768,0.1309459988686973,,,,,,none,True,,,,,,,,,,,,,,no_pattern_at_sr
2026-03-10T13:40:01.951349+00:00,EURUSD.s,cobra,26551110,H1,HOLD,HOLD,NONE,0,0.0020033882505097883,0,,,,,,,,,,,,,,,,0.00018,0.00018,1.16336,1.1648,1.16327,1.16388,,,,,,,,1.160344205475555,1.16383,0.22961101018878988,,,,,,none,True,,,,,,,,,,,,,,no_pattern_at_sr
2026-03-10T13:40:01.953483+00:00,XAUUSD.s,cobra,26551110,H1,HOLD,HOLD,NONE,0,25.936746188029666,0,,,,,,,,,,,,,,,,0.31,0.31,5186.93,5228.71,5185.94,5213.47,,,,,,,,5140.04876408649,5186.373333333334,0.02184802451925233,,,,,,none,True,,,,,,,,,,,,,,no_pattern_at_sr
2026-03-10T13:40:01.955623+00:00,USOUSD.s,cobra,26551110,H1,HOLD,HOLD,NONE,0,3.670152565689266,0,,,,,,,,,,,,,,,,0.099,0.099,89.453,89.519,87.454,87.819,,,,,,,,91.12291343468253,89.613,0.033786061418596,,,,,,none,True,,,,,,,,,,,,,,no_pattern_at_sr
2026-03-10T13:41:02.410840+00:00,BTCUSD,cobra,26551110,H1,HOLD,HOLD,NONE,0,659.9201622589659,0,,,,,,,,,,,,,,,,17.02,17.02,70510.04,70913.32,69717.32,69973.41,,,,,,,,68905.71824794574,70464.87,0.06700810572089833,,,,,,none,True,,,,,,,,,,,,,,no_pattern_at_sr
2026-03-10T13:41:02.412574+00:00,USDJPY.s,cobra,26551110,H1,HOLD,HOLD,NONE,0,0.24437554622877677,0,,,,,,,,,,,,,,,,0.023,0.023,157.798,157.804,157.649,157.742,,,,,,,,157.88088920463798,157.768,0.1309459988686973,,,,,,none,True,,,,,,,,,,,,,,no_pattern_at_sr
2026-03-10T13:41:02.414434+00:00,EURUSD.s,cobra,26551110,H1,HOLD,HOLD,NONE,0,0.0020033882505097883,0,,,,,,,,,,,,,,,,0.00018,0.00018,1.16336,1.1648,1.16327,1.16379,,,,,,,,1.160344205475555,1.16383,0.22961101018878988,,,,,,none,True,,,,,,,,,,,,,,no_pattern_at_sr
2026-03-10T13:41:02.416856+00:00,XAUUSD.s,cobra,26551110,H1,HOLD,HOLD,NONE,0,25.936746188029666,0,,,,,,,,,,,,,,,,0.34,0.34,5186.93,5228.71,5185.94,5215.6,,,,,,,,5140.04876408649,5186.373333333334,0.02184802451925233,,,,,,none,True,,,,,,,,,,,,,,no_pattern_at_sr
2026-03-10T13:41:02.419108+00:00,USOUSD.s,cobra,26551110,H1,HOLD,HOLD,NONE,0,3.6833668514035507,0,,,,,,,,,,,,,,,,0.079,0.079,89.453,89.519,87.269,87.709,,,,,,,,91.12291343468253,89.613,0.03366485202329084,,,,,,none,True,,,,,,,,,,,,,,no_pattern_at_sr
2026-03-10T13:42:02.909941+00:00,BTCUSD,cobra,26551110,H1,HOLD,HOLD,NONE,0,659.9201622589659,0,,,,,,,,,,,,,,,,17.09,17.09,70510.04,70913.32,69717.32,69939.11,,,,,,,,68905.71824794574,70464.87,0.06700810572089833,,,,,,none,True,,,,,,,,,,,,,,no_pattern_at_sr
2026-03-10T13:42:02.911384+00:00,USDJPY.s,cobra,26551110,H1,HOLD,HOLD,NONE,0,0.24437554622877677,0,,,,,,,,,,,,,,,,0.024,0.024,157.798,157.804,157.649,157.764,,,,,,,,157.88088920463798,157.768,0.1309459988686973,,,,,,none,True,,,,,,,,,,,,,,no_pattern_at_sr
2026-03-10T13:42:02.913140+00:00,EURUSD.s,cobra,26551110,H1,HOLD,HOLD,NONE,0,0.0020062453933669343,0,,,,,,,,,,,,,,,,0.00018,0.00018,1.16336,1.1648,1.16323,1.16358,,,,,,,,1.160344205475555,1.16383,0.22928401556497569,,,,,,none,True,,,,,,,,,,,,,,no_pattern_at_sr
2026-03-10T13:42:02.914804+00:00,XAUUSD.s,cobra,26551110,H1,HOLD,HOLD,NONE,0,25.936746188029666,0,,,,,,,,,,,,,,,,0.32,0.32,5186.93,5228.71,5185.94,5211.33,,,,,,,,5140.04876408649,5186.373333333334,0.02184802451925233,,,,,,none,True,,,,,,,,,,,,,,no_pattern_at_sr
2026-03-10T13:42:02.916572+00:00,USOUSD.s,cobra,26551110,H1,HOLD,HOLD,NONE,0,3.6833668514035507,0,,,,,,,,,,,,,,,,0.079,0.079,89.453,89.519,87.269,87.983,,,,,,,,91.12291343468253,89.613,0.03366485202329084,,,,,,none,True,,,,,,,,,,,,,,no_pattern_at_sr
2026-03-10T13:43:03.390435+00:00,BTCUSD,cobra,26551110,H1,HOLD,HOLD,NONE,0,659.9201622589659,0,,,,,,,,,,,,,,,,17.03,17.03,70510.04,70913.32,69717.32,69831.65,,,,,,,,68905.71824794574,70464.87,0.06700810572089833,,,,,,none,True,,,,,,,,,,,,,,no_pattern_at_sr
2026-03-10T13:43:03.392410+00:00,USDJPY.s,cobra,26551110,H1,HOLD,HOLD,NONE,0,0.24437554622877677,0,,,,,,,,,,,,,,,,0.023,0.023,157.798,157.804,157.649,157.751,,,,,,,,157.88088920463798,157.768,0.1309459988686973,,,,,,none,True,,,,,,,,,,,,,,no_pattern_at_sr
2026-03-10T13:43:03.394270+00:00,EURUSD.s,cobra,26551110,H1,HOLD,HOLD,NONE,0,0.0020062453933669343,0,,,,,,,,,,,,,,,,0.00018,0.00018,1.16336,1.1648,1.16323,1.16387,,,,,,,,1.160344205475555,1.16383,0.22928401556497569,,,,,,none,True,,,,,,,,,,,,,,no_pattern_at_sr
2026-03-10T13:43:03.395891+00:00,XAUUSD.s,cobra,26551110,H1,HOLD,HOLD,NONE,0,25.936746188029666,0,,,,,,,,,,,,,,,,0.3,0.3,5186.93,5228.71,5185.94,5213.71,,,,,,,,5140.04876408649,5186.373333333334,0.02184802451925233,,,,,,none,True,,,,,,,,,,,,,,no_pattern_at_sr
2026-03-10T13:43:03.397480+00:00,USOUSD.s,cobra,26551110,H1,HOLD,HOLD,NONE,0,3.6833668514035507,0,,,,,,,,,,,,,,,,0.079,0.079,89.453,89.519,87.269,87.948,,,,,,,,91.12291343468253,89.613,0.03366485202329084,,,,,,none,True,,,,,,,,,,,,,,no_pattern_at_sr
2026-03-10T13:44:03.780352+00:00,BTCUSD,cobra,26551110,H1,HOLD,HOLD,NONE,0,660.5094479732517,0,,,,,,,,,,,,,,,,17.02,17.02,70510.04,70913.32,69709.07,69728.63,,,,,,,,68905.71824794574,70464.87,0.06694832320065756,,,,,,none,True,,,,,,,,,,,,,,no_pattern_at_sr
2026-03-10T13:44:03.782274+00:00,USDJPY.s,cobra,26551110,H1,HOLD,HOLD,NONE,0,0.24437554622877677,0,,,,,,,,,,,,,,,,0.024,0.024,157.798,157.804,157.649,157.78,,,,,,,,157.88088920463798,157.768,0.1309459988686973,,,,,,none,True,,,,,,,,,,,,,,no_pattern_at_sr
2026-03-10T13:44:03.784011+00:00,EURUSD.s,cobra,26551110,H1,HOLD,HOLD,NONE,0,0.0020062453933669343,0,,,,,,,,,,,,,,,,0.00019,0.00019,1.16336,1.1648,1.16323,1.16361,,,,,,,,1.160344205475555,1.16383,0.22928401556497569,,,,,,none,True,,,,,,,,,,,,,,no_pattern_at_sr
2026-03-10T13:44:03.785968+00:00,XAUUSD.s,cobra,26551110,H1,HOLD,HOLD,NONE,0,25.936746188029666,0,,,,,,,,,,,,,,,,0.34,0.34,5186.93,5228.71,5185.94,5212.3,,,,,,,,5140.04876408649,5186.373333333334,0.02184802451925233,,,,,,none,True,,,,,,,,,,,,,,no_pattern_at_sr
2026-03-10T13:44:03.788030+00:00,USOUSD.s,cobra,26551110,H1,HOLD,HOLD,NONE,0,3.6833668514035507,0,,,,,,,,,,,,,,,,0.079,0.079,89.453,89.519,87.269,88.043,,,,,,,,91.12291343468253,89.613,0.03366485202329084,,,,,,none,True,,,,,,,,,,,,,,no_pattern_at_sr
2026-03-10T13:45:04.249206+00:00,BTCUSD,cobra,26551110,H1,HOLD,HOLD,NONE,0,660.5094479732517,0,,,,,,,,,,,,,,,,17.05,17.05,70510.04,70913.32,69709.07,69879.34,,,,,,,,68905.71824794574,70464.87,0.06694832320065756,,,,,,none,True,,,,,,,,,,,,,,no_pattern_at_sr
2026-03-10T13:45:04.250959+00:00,USDJPY.s,cobra,26551110,H1,HOLD,HOLD,NONE,0,0.24437554622877677,0,,,,,,,,,,,,,,,,0.024,0.024,157.798,157.804,157.649,157.766,,,,,,,,157.88088920463798,157.768,0.1309459988686973,,,,,,none,True,,,,,,,,,,,,,,no_pattern_at_sr
2026-03-10T13:45:04.252345+00:00,EURUSD.s,cobra,26551110,H1,HOLD,HOLD,NONE,0,0.0020062453933669343,0,,,,,,,,,,,,,,,,0.00019,0.00019,1.16336,1.1648,1.16323,1.1637,,,,,,,,1.160344205475555,1.16383,0.22928401556497569,,,,,,none,True,,,,,,,,,,,,,,no_pattern_at_sr
2026-03-10T13:45:04.254494+00:00,XAUUSD.s,cobra,26551110,H1,HOLD,HOLD,NONE,0,25.936746188029666,0,,,,,,,,,,,,,,,,0.31,0.31,5186.93,5228.71,5185.94,5209.13,,,,,,,,5140.04876408649,5186.373333333334,0.02184802451925233,,,,,,none,True,,,,,,,,,,,,,,no_pattern_at_sr
2026-03-10T13:45:04.255960+00:00,USOUSD.s,cobra,26551110,H1,HOLD,HOLD,NONE,0,3.6833668514035507,0,,,,,,,,,,,,,,,,0.099,0.099,89.453,89.519,87.269,87.849,,,,,,,,91.12291343468253,89.613,0.03366485202329084,,,,,,none,True,,,,,,,,,,,,,,no_pattern_at_sr
2026-03-10T13:46:04.770344+00:00,BTCUSD,cobra,26551110,H1,HOLD,HOLD,NONE,0,660.5094479732517,0,,,,,,,,,,,,,,,,17.05,17.05,70510.04,70913.32,69709.07,69920.0,,,,,,,,68905.71824794574,70464.87,0.06694832320065756,,,,,,none,True,,,,,,,,,,,,,,no_pattern_at_sr
2026-03-10T13:46:04.772097+00:00,USDJPY.s,cobra,26551110,H1,HOLD,HOLD,NONE,0,0.24530411765734858,0,,,,,,,,,,,,,,,,0.024,0.024,157.798,157.817,157.649,157.816,,,,,,,,157.88088920463798,157.768,0.13045031736772422,,,,,,none,True,,,,,,,,,,,,,,no_pattern_at_sr
2026-03-10T13:46:04.773432+00:00,EURUSD.s,cobra,26551110,H1,HOLD,HOLD,NONE,0,0.0020119596790812255,0,,,,,,,,,,,,,,,,0.00019,0.00019,1.16336,1.1648,1.16315,1.16317,,,,,,,,1.160344205475555,1.16383,0.22863281246767675,,,,,,none,True,,,,,,,,,,,,,,no_pattern_at_sr
2026-03-10T13:46:04.775076+00:00,XAUUSD.s,cobra,26551110,H1,HOLD,HOLD,NONE,0,25.936746188029666,0,,,,,,,,,,,,,,,,0.32,0.32,5186.93,5228.71,5185.94,5198.34,,,,,,,,5140.04876408649,5186.373333333334,0.02184802451925233,,,,,,none,True,,,,,,,,,,,,,,no_pattern_at_sr
2026-03-10T13:46:04.776541+00:00,USOUSD.s,cobra,26551110,H1,HOLD,HOLD,NONE,0,3.6833668514035507,0,,,,,,,,,,,,,,,,0.079,0.079,89.453,89.519,87.269,87.853,,,,,,,,91.12291343468253,89.613,0.03366485202329084,,,,,,none,True,,,,,,,,,,,,,,no_pattern_at_sr
2026-03-10T13:47:05.203816+00:00,BTCUSD,cobra,26551110,H1,HOLD,HOLD,NONE,0,660.5094479732517,0,,,,,,,,,,,,,,,,16.99,16.99,70510.04,70913.32,69709.07,70129.06,,,,,,,,68905.71824794574,70464.87,0.06694832320065756,,,,,,none,True,,,,,,,,,,,,,,no_pattern_at_sr
2026-03-10T13:47:05.206026+00:00,USDJPY.s,cobra,26551110,H1,HOLD,HOLD,NONE,0,0.2462326890859204,0,,,,,,,,,,,,,,,,0.023,0.023,157.798,157.83,157.649,157.805,,,,,,,,157.88088920463798,157.768,0.12995837440919394,,,,,,none,True,,,,,,,,,,,,,,no_pattern_at_sr
2026-03-10T13:47:05.207851+00:00,EURUSD.s,cobra,26551110,H1,HOLD,HOLD,NONE,0,0.0020133882505097905,0,,,,,,,,,,,,,,,,0.00019,0.00019,1.16336,1.1648,1.16313,1.16334,,,,,,,,1.160344205475555,1.16383,0.22847058925839703,,,,,,none,True,,,,,,,,,,,,,,no_pattern_at_sr
2026-03-10T13:47:05.209640+00:00,XAUUSD.s,cobra,26551110,H1,HOLD,HOLD,NONE,0,25.936746188029666,0,,,,,,,,,,,,,,,,0.31,0.31,5186.93,5228.71,5185.94,5200.03,,,,,,,,5140.04876408649,5186.373333333334,0.02184802451925233,,,,,,none,True,,,,,,,,,,,,,,no_pattern_at_sr
2026-03-10T13:47:05.211367+00:00,USOUSD.s,cobra,26551110,H1,HOLD,HOLD,NONE,0,3.6833668514035507,0,,,,,,,,,,,,,,,,0.079,0.079,89.453,89.519,87.269,87.614,,,,,,,,91.12291343468253,89.613,0.03366485202329084,,,,,,none,True,,,,,,,,,,,,,,no_pattern_at_sr
2026-03-10T13:48:05.618393+00:00,BTCUSD,cobra,26551110,H1,HOLD,HOLD,NONE,0,660.5094479732517,0,,,,,,,,,,,,,,,,17.07,17.07,70510.04,70913.32,69709.07,70075.78,,,,,,,,68905.71824794574,70464.87,0.06694832320065756,,,,,,none,True,,,,,,,,,,,,,,no_pattern_at_sr
2026-03-10T13:48:05.620114+00:00,USDJPY.s,cobra,26551110,H1,HOLD,HOLD,NONE,0,0.24694697480020544,0,,,,,,,,,,,,,,,,0.023,0.023,157.798,157.84,157.649,157.84,,,,,,,,157.88088920463798,157.768,0.12958247423723476,,,,,,none,True,,,,,,,,,,,,,,no_pattern_at_sr
2026-03-10T13:48:05.621737+00:00,EURUSD.s,cobra,26551110,H1,HOLD,HOLD,NONE,0,0.0020133882505097905,0,,,,,,,,,,,,,,,,0.00019,0.00019,1.16336,1.1648,1.16313,1.16316,,,,,,,,1.160344205475555,1.16383,0.22847058925839703,,,,,,none,True,,,,,,,,,,,,,,no_pattern_at_sr
2026-03-10T13:48:05.623499+00:00,XAUUSD.s,cobra,26551110,H1,HOLD,HOLD,NONE,0,25.936746188029666,0,,,,,,,,,,,,,,,,0.3,0.3,5186.93,5228.71,5185.94,5199.38,,,,,,,,5140.04876408649,5186.373333333334,0.02184802451925233,,,,,,none,True,,,,,,,,,,,,,,no_pattern_at_sr
2026-03-10T13:48:05.625053+00:00,USOUSD.s,cobra,26551110,H1,HOLD,HOLD,NONE,0,3.6833668514035507,0,,,,,,,,,,,,,,,,0.079,0.079,89.453,89.519,87.269,87.969,,,,,,,,91.12291343468253,89.613,0.03366485202329084,,,,,,none,True,,,,,,,,,,,,,,no_pattern_at_sr
2026-03-10T13:49:06.082359+00:00,BTCUSD,cobra,26551110,H1,HOLD,HOLD,NONE,0,660.5094479732517,0,,,,,,,,,,,,,,,,16.99,16.99,70510.04,70913.32,69709.07,70104.36,,,,,,,,68905.71824794574,70464.87,0.06694832320065756,,,,,,none,True,,,,,,,,,,,,,,no_pattern_at_sr
2026-03-10T13:49:06.083976+00:00,USDJPY.s,cobra,26551110,H1,HOLD,HOLD,NONE,0,0.24780411765734833,0,,,,,,,,,,,,,,,,0.024,0.024,157.798,157.852,157.649,157.834,,,,,,,,157.88088920463798,157.768,0.12913425451734725,,,,,,none,True,,,,,,,,,,,,,,no_pattern_at_sr
2026-03-10T13:49:06.085479+00:00,EURUSD.s,cobra,26551110,H1,HOLD,HOLD,NONE,0,0.002014102536224081,0,,,,,,,,,,,,,,,,0.00018,0.00018,1.16336,1.1648,1.16312,1.16327,,,,,,,,1.160344205475555,1.16383,0.22838956395054516,,,,,,none,True,,,,,,,,,,,,,,no_pattern_at_sr
2026-03-10T13:49:06.087532+00:00,XAUUSD.s,cobra,26551110,H1,HOLD,HOLD,NONE,0,25.936746188029666,0,,,,,,,,,,,,,,,,0.33,0.33,5186.93,5228.71,5185.94,5202.44,,,,,,,,5140.04876408649,5186.373333333334,0.02184802451925233,,,,,,none,True,,,,,,,,,,,,,,no_pattern_at_sr
2026-03-10T13:49:06.089361+00:00,USOUSD.s,cobra,26551110,H1,HOLD,HOLD,NONE,0,3.6833668514035507,0,,,,,,,,,,,,,,,,0.079,0.079,89.453,89.519,87.269,87.969,,,,,,,,91.12291343468253,89.613,0.03366485202329084,,,,,,none,True,,,,,,,,,,,,,,no_pattern_at_sr
2026-03-10T13:50:06.516954+00:00,BTCUSD,cobra,26551110,H1,HOLD,HOLD,NONE,0,660.5094479732517,0,,,,,,,,,,,,,,,,17.02,17.02,70510.04,70913.32,69709.07,70150.52,,,,,,,,68905.71824794574,70464.87,0.06694832320065756,,,,,,none,True,,,,,,,,,,,,,,no_pattern_at_sr
2026-03-10T13:50:06.518585+00:00,USDJPY.s,cobra,26551110,H1,HOLD,HOLD,NONE,0,0.2483041176573487,0,,,,,,,,,,,,,,,,0.023,0.023,157.798,157.859,157.649,157.816,,,,,,,,157.88088920463798,157.768,0.12887422207057236,,,,,,none,True,,,,,,,,,,,,,,no_pattern_at_sr
2026-03-10T13:50:06.520396+00:00,EURUSD.s,cobra,26551110,H1,HOLD,HOLD,NONE,0,0.002014102536224081,0,,,,,,,,,,,,,,,,0.00019,0.00019,1.16336,1.1648,1.16312,1.16345,,,,,,,,1.160344205475555,1.16383,0.22838956395054516,,,,,,none,True,,,,,,,,,,,,,,no_pattern_at_sr
2026-03-10T13:50:06.522285+00:00,XAUUSD.s,cobra,26551110,H1,HOLD,HOLD,NONE,0,25.936746188029666,0,,,,,,,,,,,,,,,,0.31,0.31,5186.93,5228.71,5185.94,5204.0,,,,,,,,5140.04876408649,5186.373333333334,0.02184802451925233,,,,,,none,True,,,,,,,,,,,,,,no_pattern_at_sr
2026-03-10T13:50:06.524351+00:00,USOUSD.s,cobra,26551110,H1,HOLD,HOLD,NONE,0,3.6833668514035507,0,,,,,,,,,,,,,,,,0.099,0.099,89.453,89.519,87.269,87.909,,,,,,,,91.12291343468253,89.613,0.03366485202329084,,,,,,none,True,,,,,,,,,,,,,,no_pattern_at_sr
2026-03-10T13:51:06.936131+00:00,BTCUSD,cobra,26551110,H1,HOLD,HOLD,NONE,0,660.5094479732517,0,,,,,,,,,,,,,,,,17.06,17.06,70510.04,70913.32,69709.07,70144.36,,,,,,,,68905.71824794574,70464.87,0.06694832320065756,,,,,,none,True,,,,,,,,,,,,,,no_pattern_at_sr
2026-03-10T13:51:06.937908+00:00,USDJPY.s,cobra,26551110,H1,HOLD,HOLD,NONE,0,0.2483041176573487,0,,,,,,,,,,,,,,,,0.023,0.023,157.798,157.859,157.649,157.811,,,,,,,,157.88088920463798,157.768,0.12887422207057236,,,,,,none,True,,,,,,,,,,,,,,no_pattern_at_sr
2026-03-10T13:51:06.939455+00:00,EURUSD.s,cobra,26551110,H1,HOLD,HOLD,NONE,0,0.002014102536224081,0,,,,,,,,,,,,,,,,0.00019,0.00019,1.16336,1.1648,1.16312,1.16343,,,,,,,,1.160344205475555,1.16383,0.22838956395054516,,,,,,none,True,,,,,,,,,,,,,,no_pattern_at_sr
2026-03-10T13:51:06.941393+00:00,XAUUSD.s,cobra,26551110,H1,HOLD,HOLD,NONE,0,25.936746188029666,0,,,,,,,,,,,,,,,,0.31,0.31,5186.93,5228.71,5185.94,5208.53,,,,,,,,5140.04876408649,5186.373333333334,0.02184802451925233,,,,,,none,True,,,,,,,,,,,,,,no_pattern_at_sr
2026-03-10T13:51:06.942998+00:00,USOUSD.s,cobra,26551110,H1,HOLD,HOLD,NONE,0,3.6833668514035507,0,,,,,,,,,,,,,,,,0.079,0.079,89.453,89.519,87.269,87.894,,,,,,,,91.12291343468253,89.613,0.03366485202329084,,,,,,none,True,,,,,,,,,,,,,,no_pattern_at_sr
2026-03-10T13:52:07.348999+00:00,BTCUSD,cobra,26551110,H1,HOLD,HOLD,NONE,0,660.5094479732517,0,,,,,,,,,,,,,,,,17.11,17.11,70510.04,70913.32,69709.07,70215.27,,,,,,,,68905.71824794574,70464.87,0.06694832320065756,,,,,,none,True,,,,,,,,,,,,,,no_pattern_at_sr
2026-03-10T13:52:07.350989+00:00,USDJPY.s,cobra,26551110,H1,HOLD,HOLD,NONE,0,0.2483041176573487,0,,,,,,,,,,,,,,,,0.024,0.024,157.798,157.859,157.649,157.839,,,,,,,,157.88088920463798,157.768,0.12887422207057236,,,,,,none,True,,,,,,,,,,,,,,no_pattern_at_sr
2026-03-10T13:52:07.352675+00:00,EURUSD.s,cobra,26551110,H1,HOLD,HOLD,NONE,0,0.002016245393366936,0,,,,,,,,,,,,,,,,0.00018,0.00018,1.16336,1.1648,1.16309,1.16311,,,,,,,,1.160344205475555,1.16383,0.22814683248042003,,,,,,none,True,,,,,,,,,,,,,,no_pattern_at_sr
2026-03-10T13:52:07.354966+00:00,XAUUSD.s,cobra,26551110,H1,HOLD,HOLD,NONE,0,25.936746188029666,0,,,,,,,,,,,,,,,,0.31,0.31,5186.93,5228.71,5185.94,5205.37,,,,,,,,5140.04876408649,5186.373333333334,0.02184802451925233,,,,,,none,True,,,,,,,,,,,,,,no_pattern_at_sr
2026-03-10T13:52:07.356943+00:00,USOUSD.s,cobra,26551110,H1,HOLD,HOLD,NONE,0,3.6833668514035507,0,,,,,,,,,,,,,,,,0.079,0.079,89.453,89.519,87.269,88.263,,,,,,,,91.12291343468253,89.613,0.03366485202329084,,,,,,none,True,,,,,,,,,,,,,,no_pattern_at_sr
2026-03-10T13:53:07.789914+00:00,BTCUSD,cobra,26551110,H1,HOLD,HOLD,NONE,0,660.5094479732517,0,,,,,,,,,,,,,,,,16.96,16.96,70510.04,70913.32,69709.07,70244.46,,,,,,,,68905.71824794574,70464.87,0.06694832320065756,,,,,,none,True,,,,,,,,,,,,,,no_pattern_at_sr
2026-03-10T13:53:07.791552+00:00,USDJPY.s,cobra,26551110,H1,HOLD,HOLD,NONE,0,0.2483041176573487,0,,,,,,,,,,,,,,,,0.024,0.024,157.798,157.859,157.649,157.83,,,,,,,,157.88088920463798,157.768,0.12887422207057236,,,,,,none,True,,,,,,,,,,,,,,no_pattern_at_sr
2026-03-10T13:53:07.793160+00:00,EURUSD.s,cobra,26551110,H1,HOLD,HOLD,NONE,0,0.0020348168219383594,0,,,,,,,,,,,,,,,,0.00018,0.00018,1.16336,1.1648,1.16283,1.16295,,,,,,,,1.160344205475555,1.16383,0.22606457497324528,,,,,,none,True,,,,,,,,,,,,,,no_pattern_at_sr
2026-03-10T13:53:07.794991+00:00,XAUUSD.s,cobra,26551110,H1,HOLD,HOLD,NONE,0,25.936746188029666,0,,,,,,,,,,,,,,,,0.31,0.31,5186.93,5228.71,5185.94,5204.85,,,,,,,,5140.04876408649,5186.373333333334,0.02184802451925233,,,,,,none,True,,,,,,,,,,,,,,no_pattern_at_sr
2026-03-10T13:53:07.796682+00:00,USOUSD.s,cobra,26551110,H1,HOLD,HOLD,NONE,0,3.6833668514035507,0,,,,,,,,,,,,,,,,0.079,0.079,89.453,89.519,87.269,87.819,,,,,,,,91.12291343468253,89.613,0.03366485202329084,,,,,,none,True,,,,,,,,,,,,,,no_pattern_at_sr
2026-03-10T13:54:08.211212+00:00,BTCUSD,cobra,26551110,H1,HOLD,HOLD,NONE,0,660.5094479732517,0,,,,,,,,,,,,,,,,17.04,17.04,70510.04,70913.32,69709.07,70248.25,,,,,,,,68905.71824794574,70464.87,0.06694832320065756,,,,,,none,True,,,,,,,,,,,,,,no_pattern_at_sr
2026-03-10T13:54:08.213044+00:00,USDJPY.s,cobra,26551110,H1,HOLD,HOLD,NONE,0,0.2483041176573487,0,,,,,,,,,,,,,,,,0.023,0.023,157.798,157.859,157.649,157.791,,,,,,,,157.88088920463798,157.768,0.12887422207057236,,,,,,none,True,,,,,,,,,,,,,,no_pattern_at_sr
2026-03-10T13:54:08.215202+00:00,EURUSD.s,cobra,26551110,H1,HOLD,HOLD,NONE,0,0.0020348168219383594,0,,,,,,,,,,,,,,,,0.00019,0.00019,1.16336,1.1648,1.16283,1.16332,,,,,,,,1.160344205475555,1.16383,0.22606457497324528,,,,,,none,True,,,,,,,,,,,,,,no_pattern_at_sr
2026-03-10T13:54:08.217603+00:00,XAUUSD.s,cobra,26551110,H1,HOLD,HOLD,NONE,0,25.936746188029666,0,,,,,,,,,,,,,,,,0.31,0.31,5186.93,5228.71,5185.94,5208.57,,,,,,,,5140.04876408649,5186.373333333334,0.02184802451925233,,,,,,none,True,,,,,,,,,,,,,,no_pattern_at_sr
2026-03-10T13:54:08.219864+00:00,USOUSD.s,cobra,26551110,H1,HOLD,HOLD,NONE,0,3.6833668514035507,0,,,,,,,,,,,,,,,,0.079,0.079,89.453,89.519,87.269,87.838,,,,,,,,91.12291343468253,89.613,0.03366485202329084,,,,,,none,True,,,,,,,,,,,,,,no_pattern_at_sr
2026-03-10T13:55:08.721343+00:00,BTCUSD,cobra,26551110,H1,HOLD,HOLD,NONE,0,660.5094479732517,0,,,,,,,,,,,,,,,,17.05,17.05,70510.04,70913.32,69709.07,70161.02,,,,,,,,68905.71824794574,70464.87,0.06694832320065756,,,,,,none,True,,,,,,,,,,,,,,no_pattern_at_sr
2026-03-10T13:55:08.723237+00:00,USDJPY.s,cobra,26551110,H1,HOLD,HOLD,NONE,0,0.2483041176573487,0,,,,,,,,,,,,,,,,0.024,0.024,157.798,157.859,157.649,157.801,,,,,,,,157.88088920463798,157.768,0.12887422207057236,,,,,,none,True,,,,,,,,,,,,,,no_pattern_at_sr
2026-03-10T13:55:08.725257+00:00,EURUSD.s,cobra,26551110,H1,HOLD,HOLD,NONE,0,0.0020348168219383594,0,,,,,,,,,,,,,,,,0.00018,0.00018,1.16336,1.1648,1.16283,1.16313,,,,,,,,1.160344205475555,1.16383,0.22606457497324528,,,,,,none,True,,,,,,,,,,,,,,no_pattern_at_sr
2026-03-10T13:55:08.727159+00:00,XAUUSD.s,cobra,26551110,H1,HOLD,HOLD,NONE,0,25.936746188029666,0,,,,,,,,,,,,,,,,0.33,0.33,5186.93,5228.71,5185.94,5208.85,,,,,,,,5140.04876408649,5186.373333333334,0.02184802451925233,,,,,,none,True,,,,,,,,,,,,,,no_pattern_at_sr
2026-03-10T13:55:08.729018+00:00,USOUSD.s,cobra,26551110,H1,HOLD,HOLD,NONE,0,3.6833668514035507,0,,,,,,,,,,,,,,,,0.079,0.079,89.453,89.519,87.269,87.784,,,,,,,,91.12291343468253,89.613,0.03366485202329084,,,,,,none,True,,,,,,,,,,,,,,no_pattern_at_sr
2026-03-10T13:56:09.149133+00:00,BTCUSD,cobra,26551110,H1,HOLD,HOLD,NONE,0,660.5094479732517,0,,,,,,,,,,,,,,,,17.09,17.09,70510.04,70913.32,69709.07,70129.57,,,,,,,,68905.71824794574,70464.87,0.06694832320065756,,,,,,none,True,,,,,,,,,,,,,,no_pattern_at_sr
2026-03-10T13:56:09.151346+00:00,USDJPY.s,cobra,26551110,H1,HOLD,HOLD,NONE,0,0.2483041176573487,0,,,,,,,,,,,,,,,,0.024,0.024,157.798,157.859,157.649,157.821,,,,,,,,157.88088920463798,157.768,0.12887422207057236,,,,,,none,True,,,,,,,,,,,,,,no_pattern_at_sr
2026-03-10T13:56:09.153294+00:00,EURUSD.s,cobra,26551110,H1,HOLD,HOLD,NONE,0,0.0020348168219383594,0,,,,,,,,,,,,,,,,0.00018,0.00018,1.16336,1.1648,1.16283,1.16295,,,,,,,,1.160344205475555,1.16383,0.22606457497324528,,,,,,none,True,,,,,,,,,,,,,,no_pattern_at_sr
2026-03-10T13:56:09.155335+00:00,XAUUSD.s,cobra,26551110,H1,HOLD,HOLD,NONE,0,25.936746188029666,0,,,,,,,,,,,,,,,,0.31,0.31,5186.93,5228.71,5185.94,5212.17,,,,,,,,5140.04876408649,5186.373333333334,0.02184802451925233,,,,,,none,True,,,,,,,,,,,,,,no_pattern_at_sr
2026-03-10T13:56:09.157138+00:00,USOUSD.s,cobra,26551110,H1,HOLD,HOLD,NONE,0,3.6833668514035507,0,,,,,,,,,,,,,,,,0.079,0.079,89.453,89.519,87.269,87.763,,,,,,,,91.12291343468253,89.613,0.03366485202329084,,,,,,none,True,,,,,,,,,,,,,,no_pattern_at_sr
2026-03-10T13:57:09.568399+00:00,BTCUSD,cobra,26551110,H1,HOLD,HOLD,NONE,0,660.5094479732517,0,,,,,,,,,,,,,,,,17.12,17.12,70510.04,70913.32,69709.07,70052.51,,,,,,,,68905.71824794574,70464.87,0.06694832320065756,,,,,,none,True,,,,,,,,,,,,,,no_pattern_at_sr
2026-03-10T13:57:09.569768+00:00,USDJPY.s,cobra,26551110,H1,HOLD,HOLD,NONE,0,0.2483041176573487,0,,,,,,,,,,,,,,,,0.024,0.024,157.798,157.859,157.649,157.827,,,,,,,,157.88088920463798,157.768,0.12887422207057236,,,,,,none,True,,,,,,,,,,,,,,no_pattern_at_sr
2026-03-10T13:57:09.571552+00:00,EURUSD.s,cobra,26551110,H1,HOLD,HOLD,NONE,0,0.0020348168219383594,0,,,,,,,,,,,,,,,,0.00019,0.00019,1.16336,1.1648,1.16283,1.16297,,,,,,,,1.160344205475555,1.16383,0.22606457497324528,,,,,,none,True,,,,,,,,,,,,,,no_pattern_at_sr
2026-03-10T13:57:09.573290+00:00,XAUUSD.s,cobra,26551110,H1,HOLD,HOLD,NONE,0,25.936746188029666,0,,,,,,,,,,,,,,,,0.3,0.3,5186.93,5228.71,5185.94,5213.99,,,,,,,,5140.04876408649,5186.373333333334,0.02184802451925233,,,,,,none,True,,,,,,,,,,,,,,no_pattern_at_sr
2026-03-10T13:57:09.574953+00:00,USOUSD.s,cobra,26551110,H1,HOLD,HOLD,NONE,0,3.6833668514035507,0,,,,,,,,,,,,,,,,0.079,0.079,89.453,89.519,87.269,87.689,,,,,,,,91.12291343468253,89.613,0.03366485202329084,,,,,,none,True,,,,,,,,,,,,,,no_pattern_at_sr
2026-03-10T13:58:10.257342+00:00,BTCUSD,cobra,26551110,H1,HOLD,HOLD,NONE,0,660.5094479732517,0,,,,,,,,,,,,,,,,16.96,16.96,70510.04,70913.32,69709.07,69923.11,,,,,,,,68905.71824794574,70464.87,0.06694832320065756,,,,,,none,True,,,,,,,,,,,,,,no_pattern_at_sr
2026-03-10T13:58:10.258992+00:00,USDJPY.s,cobra,26551110,H1,HOLD,HOLD,NONE,0,0.2483041176573487,0,,,,,,,,,,,,,,,,0.024,0.024,157.798,157.859,157.649,157.827,,,,,,,,157.88088920463798,157.768,0.12887422207057236,,,,,,none,True,,,,,,,,,,,,,,no_pattern_at_sr
2026-03-10T13:58:10.260621+00:00,EURUSD.s,cobra,26551110,H1,HOLD,HOLD,NONE,0,0.0020348168219383594,0,,,,,,,,,,,,,,,,0.00019,0.00019,1.16336,1.1648,1.16283,1.163,,,,,,,,1.160344205475555,1.16383,0.22606457497324528,,,,,,none,True,,,,,,,,,,,,,,no_pattern_at_sr
2026-03-10T13:58:10.262141+00:00,XAUUSD.s,cobra,26551110,H1,HOLD,HOLD,NONE,0,25.936746188029666,0,,,,,,,,,,,,,,,,0.32,0.32,5186.93,5228.71,5185.94,5214.11,,,,,,,,5140.04876408649,5186.373333333334,0.02184802451925233,,,,,,none,True,,,,,,,,,,,,,,no_pattern_at_sr
2026-03-10T13:58:10.263574+00:00,USOUSD.s,cobra,26551110,H1,HOLD,HOLD,NONE,0,3.6833668514035507,0,,,,,,,,,,,,,,,,0.079,0.079,89.453,89.519,87.269,87.564,,,,,,,,91.12291343468253,89.613,0.03366485202329084,,,,,,none,True,,,,,,,,,,,,,,no_pattern_at_sr
2026-03-10T13:59:10.675718+00:00,BTCUSD,cobra,26551110,H1,HOLD,HOLD,NONE,0,660.5094479732517,0,,,,,,,,,,,,,,,,16.95,16.95,70510.04,70913.32,69709.07,69928.58,,,,,,,,68905.71824794574,70464.87,0.06694832320065756,,,,,,none,True,,,,,,,,,,,,,,no_pattern_at_sr
2026-03-10T13:59:10.679350+00:00,USDJPY.s,cobra,26551110,H1,HOLD,HOLD,NONE,0,0.2483041176573487,0,,,,,,,,,,,,,,,,0.024,0.024,157.798,157.859,157.649,157.833,,,,,,,,157.88088920463798,157.768,0.12887422207057236,,,,,,none,True,,,,,,,,,,,,,,no_pattern_at_sr
2026-03-10T13:59:10.681878+00:00,EURUSD.s,cobra,26551110,H1,HOLD,HOLD,NONE,0,0.0020348168219383594,0,,,,,,,,,,,,,,,,0.00019,0.00019,1.16336,1.1648,1.16283,1.16305,,,,,,,,1.160344205475555,1.16383,0.22606457497324528,,,,,,none,True,,,,,,,,,,,,,,no_pattern_at_sr
2026-03-10T13:59:10.684070+00:00,XAUUSD.s,cobra,26551110,H1,HOLD,HOLD,NONE,0,25.936746188029666,0,,,,,,,,,,,,,,,,0.33,0.33,5186.93,5228.71,5185.94,5210.27,,,,,,,,5140.04876408649,5186.373333333334,0.02184802451925233,,,,,,none,True,,,,,,,,,,,,,,no_pattern_at_sr
2026-03-10T13:59:10.686034+00:00,USOUSD.s,cobra,26551110,H1,HOLD,HOLD,NONE,0,3.687295422832123,0,,,,,,,,,,,,,,,,0.079,0.079,89.453,89.519,87.214,87.534,,,,,,,,91.12291343468253,89.613,0.03362898433148972,,,,,,none,True,,,,,,,,,,,,,,no_pattern_at_sr
2026-03-10T14:00:11.118199+00:00,BTCUSD,cobra,26551110,H1,HOLD,HOLD,NONE,0,616.7795211815888,0,,,,,,,,,,,,,,,,17.06,17.06,69910.81,69952.23,69903.94,69951.69,,,,,,,,68945.0501441349,69727.565,0.2955432107259218,,,,,,none,True,,,,,,,,,,,,,,no_pattern_at_sr
2026-03-10T14:00:11.120429+00:00,USDJPY.s,cobra,26551110,H1,HOLD,HOLD,NONE,0,0.23242524840226333,0,,,,,,,,,,,,,,,,0.032,0.032,157.828,157.853,157.828,157.836,,,,,,,,157.8787577657971,157.768,0.2538450551546144,,,,,,none,True,,,,,,,,,,,,,,no_pattern_at_sr
2026-03-10T14:00:11.122377+00:00,EURUSD.s,cobra,26551110,H1,HOLD,HOLD,NONE,0,0.001904472758238928,0,,,,,,,,,,,,,,,,0.0002,0.0002,1.16315,1.16315,1.16294,1.16296,,,,,,,,1.1604537832159223,1.16383,0.3570542015149705,,,,,,none,True,,,,,,,,,,,,,,no_pattern_at_sr
2026-03-10T14:00:11.124124+00:00,XAUUSD.s,cobra,26551110,H1,HOLD,HOLD,NONE,0,24.269834374472055,0,,,,,,,,,,,,,,,,0.34,0.34,5205.51,5208.11,5205.51,5206.62,,,,,,,,5142.625091223136,5186.373333333334,0.788908007003366,,,,,,none,True,,,,,,,,,,,,,,no_pattern_at_sr
2026-03-10T14:00:11.126055+00:00,USOUSD.s,cobra,26551110,H1,HOLD,HOLD,NONE,0,3.4352743280051694,0,,,,,,,,,,,,,,,,0.079,0.079,87.588,87.698,87.539,87.624,,,,,,,,90.9843312323394,87.324,0.0768497577756179,,,,,,none,True,,,,,,,,,,,,,,no_pattern_at_sr
2026-03-10T14:01:11.583972+00:00,BTCUSD,cobra,26551110,H1,HOLD,HOLD,NONE,0,630.0523783244465,0,,,,,,,,,,,,,,,,17.01,17.01,69910.81,69952.23,69718.12,69720.63,,,,,,,,68945.0501441349,69727.565,0.2893172159507912,,,,,,none,True,,,,,,,,,,,,,,no_pattern_at_sr
2026-03-10T14:01:11.585806+00:00,USDJPY.s,cobra,26551110,H1,HOLD,HOLD,NONE,0,0.23628239125940634,0,,,,,,,,,,,,,,,,0.032,0.032,157.828,157.907,157.828,157.888,,,,,,,,157.8787577657971,157.768,0.24970121423573804,,,,,,none,True,,,,,,,,,,,,,,no_pattern_at_sr
2026-03-10T14:01:11.587574+00:00,EURUSD.s,cobra,26551110,H1,HOLD,HOLD,NONE,0,0.0019209013296675119,0,,,,,,,,,,,,,,,,0.00019,0.00019,1.16315,1.16315,1.16271,1.16272,,,,,,,,1.1604537832159223,1.16383,0.3540004837821185,,,,,,none,True,,,,,,,,,,,,,,no_pattern_at_sr
2026-03-10T14:01:11.590039+00:00,XAUUSD.s,cobra,26551110,H1,HOLD,HOLD,NONE,0,24.56197723161492,0,,,,,,,,,,,,,,,,0.3,0.3,5205.51,5208.11,5201.42,5201.46,,,,,,,,5142.625091223136,5186.373333333334,0.7795246484481682,,,,,,none,True,,,,,,,,,,,,,,no_pattern_at_sr
2026-03-10T14:01:11.592002+00:00,USOUSD.s,cobra,26551110,H1,HOLD,HOLD,NONE,0,3.472560042290885,0,,,,,,,,,,,,,,,,0.079,0.079,87.588,88.034,87.353,87.969,,,,,,,,90.9843312323394,87.324,0.07602460340061742,,,,,,none,True,,,,,,,,,,,,,,no_pattern_at_sr
2026-03-10T14:02:12.175221+00:00,BTCUSD,cobra,26551110,H1,HOLD,HOLD,NONE,0,638.3909497530173,0,,,,,,,,,,,,,,,,17.05,17.05,69910.81,69952.23,69601.38,69689.22,,,,,,,,68945.0501441349,69746.06,0.25656692041667534,,,,,,none,True,,,,,,,,,,,,,,no_pattern_at_sr
2026-03-10T14:02:12.176899+00:00,USDJPY.s,cobra,26551110,H1,HOLD,HOLD,NONE,0,0.23628239125940634,0,,,,,,,,,,,,,,,,0.025,0.025,157.828,157.907,157.828,157.851,,,,,,,,157.8787577657971,157.768,0.24970121423573804,,,,,,none,True,,,,,,,,,,,,,,no_pattern_at_sr
2026-03-10T14:02:12.178531+00:00,EURUSD.s,cobra,26551110,H1,HOLD,HOLD,NONE,0,0.0019273299010960777,0,,,,,,,,,,,,,,,,0.00019,0.00019,1.16315,1.16322,1.16269,1.16312,,,,,,,,1.1604537832159223,1.16383,0.35281972204825757,,,,,,none,True,,,,,,,,,,,,,,no_pattern_at_sr
2026-03-10T14:02:12.180318+00:00,XAUUSD.s,cobra,26551110,H1,HOLD,HOLD,NONE,0,24.56483437447206,0,,,,,,,,,,,,,,,,0.31,0.31,5205.51,5208.11,5201.38,5206.24,,,,,,,,5142.625091223136,5186.373333333334,0.7794339817150926,,,,,,none,True,,,,,,,,,,,,,,no_pattern_at_sr
2026-03-10T14:02:12.182165+00:00,USOUSD.s,cobra,26551110,H1,HOLD,HOLD,NONE,0,3.4764171851480272,0,,,,,,,,,,,,,,,,0.079,0.079,87.588,88.088,87.353,87.703,,,,,,,,90.9843312323394,87.324,0.07594025283497573,,,,,,none,True,,,,,,,,,,,,,,no_pattern_at_sr
2026-03-10T14:03:12.690487+00:00,BTCUSD,cobra,26551110,H1,HOLD,HOLD,NONE,0,638.3909497530173,0,,,,,,,,,,,,,,,,17.02,17.02,69910.81,69952.23,69601.38,69839.98,,,,,,,,68945.0501441349,69746.06,0.25656692041667534,,,,,,none,True,,,,,,,,,,,,,,no_pattern_at_sr
2026-03-10T14:03:12.692068+00:00,USDJPY.s,cobra,26551110,H1,HOLD,HOLD,NONE,0,0.23628239125940634,0,,,,,,,,,,,,,,,,0.024,0.024,157.828,157.907,157.828,157.887,,,,,,,,157.8787577657971,157.768,0.24970121423573804,,,,,,none,True,,,,,,,,,,,,,,no_pattern_at_sr
2026-03-10T14:03:12.693694+00:00,EURUSD.s,cobra,26551110,H1,HOLD,HOLD,NONE,0,0.0019273299010960777,0,,,,,,,,,,,,,,,,0.00019,0.00019,1.16315,1.16322,1.16269,1.16285,,,,,,,,1.1604537832159223,1.16383,0.35281972204825757,,,,,,none,True,,,,,,,,,,,,,,no_pattern_at_sr
2026-03-10T14:03:12.695392+00:00,XAUUSD.s,cobra,26551110,H1,HOLD,HOLD,NONE,0,24.597691517329206,0,,,,,,,,,,,,,,,,0.31,0.31,5205.51,5208.57,5201.38,5204.09,,,,,,,,5142.625091223136,5186.373333333334,0.7783928281716032,,,,,,none,True,,,,,,,,,,,,,,no_pattern_at_sr
2026-03-10T14:03:12.696736+00:00,USOUSD.s,cobra,26551110,H1,HOLD,HOLD,NONE,0,3.500417185148028,0,,,,,,,,,,,,,,,,0.079,0.079,87.588,88.424,87.353,88.219,,,,,,,,90.9843312323394,87.324,0.07541958173446447,,,,,,none,True,,,,,,,,,,,,,,no_pattern_at_sr
2026-03-10T14:04:13.211797+00:00,BTCUSD,cobra,26551110,H1,HOLD,HOLD,NONE,0,638.3909497530173,0,,,,,,,,,,,,,,,,16.95,16.95,69910.81,69952.23,69601.38,69922.58,,,,,,,,68945.0501441349,69746.06,0.25656692041667534,,,,,,none,True,,,,,,,,,,,,,,no_pattern_at_sr
2026-03-10T14:04:13.213620+00:00,USDJPY.s,cobra,26551110,H1,HOLD,HOLD,NONE,0,0.23628239125940634,0,,,,,,,,,,,,,,,,0.023,0.023,157.828,157.907,157.828,157.892,,,,,,,,157.8787577657971,157.768,0.24970121423573804,,,,,,none,True,,,,,,,,,,,,,,no_pattern_at_sr
2026-03-10T14:04:13.215594+00:00,EURUSD.s,cobra,26551110,H1,HOLD,HOLD,NONE,0,0.0019273299010960777,0,,,,,,,,,,,,,,,,0.00018,0.00018,1.16315,1.16322,1.16269,1.1629800000000001,,,,,,,,1.1604537832159223,1.16383,0.35281972204825757,,,,,,none,True,,,,,,,,,,,,,,no_pattern_at_sr
2026-03-10T14:04:13.217040+00:00,XAUUSD.s,cobra,26551110,H1,HOLD,HOLD,NONE,0,24.597691517329206,0,,,,,,,,,,,,,,,,0.34,0.34,5205.51,5208.57,5201.38,5205.05,,,,,,,,5142.625091223136,5186.373333333334,0.7783928281716032,,,,,,none,True,,,,,,,,,,,,,,no_pattern_at_sr
2026-03-10T14:04:13.218673+00:00,USOUSD.s,cobra,26551110,H1,HOLD,HOLD,NONE,0,3.500417185148028,0,,,,,,,,,,,,,,,,0.079,0.079,87.588,88.424,87.353,88.194,,,,,,,,90.9843312323394,87.324,0.07541958173446447,,,,,,none,True,,,,,,,,,,,,,,no_pattern_at_sr
2026-03-10T14:05:13.642113+00:00,BTCUSD,cobra,26551110,H1,HOLD,HOLD,NONE,0,650.9209497530172,0,,,,,,,,,,,,,,,,17.04,17.04,69910.81,70127.65,69601.38,70118.29,,,,,,,,68945.0501441349,69746.06,0.2516280971785529,,,,,,none,True,,,,,,,,,,,,,,no_pattern_at_sr
2026-03-10T14:05:13.644022+00:00,USDJPY.s,cobra,26551110,H1,HOLD,HOLD,NONE,0,0.23628239125940634,0,,,,,,,,,,,,,,,,0.023,0.023,157.828,157.907,157.828,157.879,,,,,,,,157.8787577657971,157.768,0.24970121423573804,,,,,,none,True,,,,,,,,,,,,,,no_pattern_at_sr
2026-03-10T14:05:13.645870+00:00,EURUSD.s,cobra,26551110,H1,HOLD,HOLD,NONE,0,0.0019280441868103682,0,,,,,,,,,,,,,,,,0.00018,0.00018,1.16315,1.16323,1.16269,1.16323,,,,,,,,1.1604537832159223,1.16383,0.35268901234310507,,,,,,none,True,,,,,,,,,,,,,,no_pattern_at_sr
2026-03-10T14:05:13.647899+00:00,XAUUSD.s,cobra,26551110,H1,HOLD,HOLD,NONE,0,24.659120088757753,0,,,,,,,,,,,,,,,,0.31,0.31,5205.51,5208.57,5200.52,5203.5,,,,,,,,5142.625091223136,5186.373333333334,0.7764537663043224,,,,,,none,True,,,,,,,,,,,,,,no_pattern_at_sr
2026-03-10T14:05:13.649749+00:00,USOUSD.s,cobra,26551110,H1,HOLD,HOLD,NONE,0,3.500417185148028,0,,,,,,,,,,,,,,,,0.079,0.079,87.588,88.424,87.353,87.929,,,,,,,,90.9843312323394,87.324,0.07541958173446447,,,,,,none,True,,,,,,,,,,,,,,no_pattern_at_sr
2026-03-10T14:06:14.219325+00:00,BTCUSD,cobra,26551110,H1,HOLD,HOLD,NONE,0,651.9888068958752,0,,,,,,,,,,,,,,,,16.95,16.95,69910.81,70142.6,69601.38,69881.21,,,,,,,,68945.0501441349,69746.06,0.2512159691510869,,,,,,none,True,,,,,,,,,,,,,,no_pattern_at_sr
2026-03-10T14:06:14.221360+00:00,USDJPY.s,cobra,26551110,H1,HOLD,HOLD,NONE,0,0.23663953411654887,0,,,,,,,,,,,,,,,,0.023,0.023,157.828,157.907,157.822,157.832,,,,,,,,157.8787577657971,157.768,0.2493243583337137,,,,,,none,True,,,,,,,,,,,,,,no_pattern_at_sr
2026-03-10T14:06:14.223466+00:00,EURUSD.s,cobra,26551110,H1,HOLD,HOLD,NONE,0,0.001940901329667516,0,,,,,,,,,,,,,,,,0.00019,0.00019,1.16315,1.16341,1.16269,1.1632500000000001,,,,,,,,1.1604537832159223,1.1640725,0.4752946406390412,,,,,,none,True,,,,,,,,,,,,,,no_pattern_at_sr
2026-03-10T14:06:14.225130+00:00,XAUUSD.s,cobra,26551110,H1,HOLD,HOLD,NONE,0,24.718405803043527,0,,,,,,,,,,,,,,,,0.31,0.31,5205.51,5208.57,5199.69,5199.9,,,,,,,,5142.625091223136,5186.373333333334,0.774591485358212,,,,,,none,True,,,,,,,,,,,,,,no_pattern_at_sr
2026-03-10T14:06:14.226682+00:00,USOUSD.s,cobra,26551110,H1,HOLD,HOLD,NONE,0,3.500417185148028,0,,,,,,,,,,,,,,,,0.079,0.079,87.588,88.424,87.353,87.749,,,,,,,,90.9843312323394,87.324,0.07541958173446447,,,,,,none,True,,,,,,,,,,,,,,no_pattern_at_sr
2026-03-10T14:07:14.650956+00:00,BTCUSD,cobra,26551110,H1,HOLD,HOLD,NONE,0,651.9888068958752,0,,,,,,,,,,,,,,,,16.99,16.99,69910.81,70142.6,69601.38,69824.91,,,,,,,,68945.0501441349,69746.06,0.2512159691510869,,,,,,none,True,,,,,,,,,,,,,,no_pattern_at_sr
2026-03-10T14:07:14.652499+00:00,USDJPY.s,cobra,26551110,H1,HOLD,HOLD,NONE,0,0.23663953411654887,0,,,,,,,,,,,,,,,,0.024,0.024,157.828,157.907,157.822,157.864,,,,,,,,157.8787577657971,157.768,0.2493243583337137,,,,,,none,True,,,,,,,,,,,,,,no_pattern_at_sr
2026-03-10T14:07:14.654186+00:00,EURUSD.s,cobra,26551110,H1,HOLD,HOLD,NONE,0,0.001940901329667516,0,,,,,,,,,,,,,,,,0.00019,0.00019,1.16315,1.16341,1.16269,1.16297,,,,,,,,1.1604537832159223,1.1640725,0.4752946406390412,,,,,,none,True,,,,,,,,,,,,,,no_pattern_at_sr
2026-03-10T14:07:14.656282+00:00,XAUUSD.s,cobra,26551110,H1,HOLD,HOLD,NONE,0,24.82054866018634,0,,,,,,,,,,,,,,,,0.3,0.3,5205.51,5208.57,5198.26,5198.26,,,,,,,,5142.625091223136,5186.373333333334,0.7714038448061764,,,,,,none,True,,,,,,,,,,,,,,no_pattern_at_sr
2026-03-10T14:07:14.658121+00:00,USOUSD.s,cobra,26551110,H1,HOLD,HOLD,NONE,0,3.500417185148028,0,,,,,,,,,,,,,,,,0.079,0.079,87.588,88.424,87.353,88.084,,,,,,,,90.9843312323394,87.324,0.07541958173446447,,,,,,none,True,,,,,,,,,,,,,,no_pattern_at_sr
2026-03-10T14:08:15.088924+00:00,BTCUSD,cobra,26551110,H1,HOLD,HOLD,NONE,0,651.9888068958752,0,,,,,,,,,,,,,,,,17.11,17.11,69910.81,70142.6,69601.38,69705.02,,,,,,,,68945.0501441349,69746.06,0.2512159691510869,,,,,,none,True,,,,,,,,,,,,,,no_pattern_at_sr
2026-03-10T14:08:15.091246+00:00,USDJPY.s,cobra,26551110,H1,HOLD,HOLD,NONE,0,0.23663953411654887,0,,,,,,,,,,,,,,,,0.024,0.024,157.828,157.907,157.822,157.862,,,,,,,,157.8787577657971,157.768,0.2493243583337137,,,,,,none,True,,,,,,,,,,,,,,no_pattern_at_sr
2026-03-10T14:08:15.094985+00:00,EURUSD.s,cobra,26551110,H1,HOLD,HOLD,NONE,0,0.001940901329667516,0,,,,,,,,,,,,,,,,0.00019,0.00019,1.16315,1.16341,1.16269,1.16297,,,,,,,,1.1604537832159223,1.1640725,0.4752946406390412,,,,,,none,True,,,,,,,,,,,,,,no_pattern_at_sr
2026-03-10T14:08:15.096829+00:00,XAUUSD.s,cobra,26551110,H1,HOLD,HOLD,NONE,0,25.533405803043518,0,,,,,,,,,,,,,,,,0.32,0.32,5205.51,5208.57,5188.28,5196.18,,,,,,,,5142.625091223136,5186.373333333334,0.7498673233942139,,,,,,none,True,,,,,,,,,,,,,,no_pattern_at_sr
2026-03-10T14:08:15.098913+00:00,USOUSD.s,cobra,26551110,H1,HOLD,HOLD,NONE,0,3.500417185148028,0,,,,,,,,,,,,,,,,0.079,0.079,87.588,88.424,87.353,88.069,,,,,,,,90.9843312323394,87.324,0.07541958173446447,,,,,,none,True,,,,,,,,,,,,,,no_pattern_at_sr
2026-03-10T14:09:15.552487+00:00,BTCUSD,cobra,26551110,H1,HOLD,HOLD,NONE,0,652.0459497530182,0,,,,,,,,,,,,,,,,16.96,16.96,69910.81,70142.6,69600.58,69611.63,,,,,,,,68945.0501441349,69746.06,0.2511939535274293,,,,,,none,True,,,,,,,,,,,,,,no_pattern_at_sr
2026-03-10T14:09:15.554596+00:00,USDJPY.s,cobra,26551110,H1,HOLD,HOLD,NONE,0,0.23663953411654887,0,,,,,,,,,,,,,,,,0.023,0.023,157.828,157.907,157.822,157.875,,,,,,,,157.8787577657971,157.768,0.2493243583337137,,,,,,none,True,,,,,,,,,,,,,,no_pattern_at_sr
2026-03-10T14:09:15.556721+00:00,EURUSD.s,cobra,26551110,H1,HOLD,HOLD,NONE,0,0.001940901329667516,0,,,,,,,,,,,,,,,,0.00018,0.00018,1.16315,1.16341,1.16269,1.16287,,,,,,,,1.1604537832159223,1.1640725,0.4752946406390412,,,,,,none,True,,,,,,,,,,,,,,no_pattern_at_sr
2026-03-10T14:09:15.558661+00:00,XAUUSD.s,cobra,26551110,H1,HOLD,HOLD,NONE,0,25.533405803043518,0,,,,,,,,,,,,,,,,0.34,0.34,5205.51,5208.57,5188.28,5193.23,,,,,,,,5142.625091223136,5186.373333333334,0.7498673233942139,,,,,,none,True,,,,,,,,,,,,,,no_pattern_at_sr
2026-03-10T14:09:15.560524+00:00,USOUSD.s,cobra,26551110,H1,HOLD,HOLD,NONE,0,3.500417185148028,0,,,,,,,,,,,,,,,,0.079,0.079,87.588,88.424,87.353,88.099,,,,,,,,90.9843312323394,87.324,0.07541958173446447,,,,,,none,True,,,,,,,,,,,,,,no_pattern_at_sr
2026-03-10T14:10:16.057203+00:00,BTCUSD,cobra,26551110,H1,HOLD,HOLD,NONE,0,660.9952354673045,0,,,,,,,,,,,,,,,,17.03,17.03,69910.81,70142.6,69475.29,69647.24,,,,,,,,68945.0501441349,69746.06,0.247793011524831,,,,,,none,True,,,,,,,,,,,,,,no_pattern_at_sr
2026-03-10T14:10:16.058941+00:00,USDJPY.s,cobra,26551110,H1,HOLD,HOLD,NONE,0,0.23663953411654887,0,,,,,,,,,,,,,,,,0.023,0.023,157.828,157.907,157.822,157.885,,,,,,,,157.8787577657971,157.768,0.2493243583337137,,,,,,none,True,,,,,,,,,,,,,,no_pattern_at_sr
2026-03-10T14:10:16.060709+00:00,EURUSD.s,cobra,26551110,H1,HOLD,HOLD,NONE,0,0.0019444727582389363,0,,,,,,,,,,,,,,,,0.00018,0.00018,1.16315,1.16341,1.1626400000000001,1.1626400000000001,,,,,,,,1.1604537832159223,1.1640725,0.4744216631945238,,,,,,none,True,,,,,,,,,,,,,,no_pattern_at_sr
2026-03-10T14:10:16.062518+00:00,XAUUSD.s,cobra,26551110,H1,HOLD,HOLD,NONE,0,25.533405803043518,0,,,,,,,,,,,,,,,,0.31,0.31,5205.51,5208.57,5188.28,5193.05,,,,,,,,5142.625091223136,5186.373333333334,0.7498673233942139,,,,,,none,True,,,,,,,,,,,,,,no_pattern_at_sr
2026-03-10T14:10:16.064607+00:00,USOUSD.s,cobra,26551110,H1,HOLD,HOLD,NONE,0,3.5046314708623134,0,,,,,,,,,,,,,,,,0.079,0.079,87.588,88.483,87.353,88.464,,,,,,,,90.9843312323394,87.324,0.0753288904111332,,,,,,none,True,,,,,,,,,,,,,,no_pattern_at_sr
2026-03-10T14:11:16.451158+00:00,BTCUSD,cobra,26551110,H1,HOLD,HOLD,NONE,0,660.9952354673045,0,,,,,,,,,,,,,,,,17.01,17.01,69910.81,70142.6,69475.29,69523.0,,,,,,,,68945.0501441349,69746.06,0.247793011524831,,,,,,none,True,,,,,,,,,,,,,,no_pattern_at_sr
2026-03-10T14:11:16.453128+00:00,USDJPY.s,cobra,26551110,H1,HOLD,HOLD,NONE,0,0.23663953411654887,0,,,,,,,,,,,,,,,,0.024,0.024,157.828,157.907,157.822,157.865,,,,,,,,157.8787577657971,157.768,0.2493243583337137,,,,,,none,True,,,,,,,,,,,,,,no_pattern_at_sr
2026-03-10T14:11:16.455108+00:00,EURUSD.s,cobra,26551110,H1,HOLD,HOLD,NONE,0,0.0019459013296675171,0,,,,,,,,,,,,,,,,0.00018,0.00018,1.16315,1.16341,1.16262,1.16279,,,,,,,,1.1604537832159223,1.1640725,0.4740733694641036,,,,,,none,True,,,,,,,,,,,,,,no_pattern_at_sr
2026-03-10T14:11:16.457220+00:00,XAUUSD.s,cobra,26551110,H1,HOLD,HOLD,NONE,0,25.74412008875779,0,,,,,,,,,,,,,,,,0.3,0.3,5205.51,5208.57,5185.33,5188.94,,,,,,,,5142.625091223136,5186.373333333334,0.743729698302165,,,,,,none,True,,,,,,,,,,,,,,no_pattern_at_sr
2026-03-10T14:11:16.459010+00:00,USOUSD.s,cobra,26551110,H1,HOLD,HOLD,NONE,0,3.5046314708623134,0,,,,,,,,,,,,,,,,0.079,0.079,87.588,88.483,87.353,88.198,,,,,,,,90.9843312323394,87.324,0.0753288904111332,,,,,,none,True,,,,,,,,,,,,,,no_pattern_at_sr
2026-03-10T14:12:16.860407+00:00,BTCUSD,cobra,26551110,H1,HOLD,HOLD,NONE,0,665.1009497530185,0,,,,,,,,,,,,,,,,17.11,17.11,69910.81,70142.6,69417.81,69613.7,,,,,,,,68945.0501441349,69746.06,0.24626336808093663,,,,,,none,True,,,,,,,,,,,,,,no_pattern_at_sr
2026-03-10T14:12:16.862097+00:00,USDJPY.s,cobra,26551110,H1,HOLD,HOLD,NONE,0,0.23663953411654887,0,,,,,,,,,,,,,,,,0.024,0.024,157.828,157.907,157.822,157.874,,,,,,,,157.8787577657971,157.768,0.2493243583337137,,,,,,none,True,,,,,,,,,,,,,,no_pattern_at_sr
2026-03-10T14:12:16.863644+00:00,EURUSD.s,cobra,26551110,H1,HOLD,HOLD,NONE,0,0.0019459013296675171,0,,,,,,,,,,,,,,,,0.00019,0.00019,1.16315,1.16341,1.16262,1.16292,,,,,,,,1.1604537832159223,1.1640725,0.4740733694641036,,,,,,none,True,,,,,,,,,,,,,,no_pattern_at_sr
2026-03-10T14:12:16.865327+00:00,XAUUSD.s,cobra,26551110,H1,HOLD,HOLD,NONE,0,25.74412008875779,0,,,,,,,,,,,,,,,,0.31,0.31,5205.51,5208.57,5185.33,5190.28,,,,,,,,5142.625091223136,5186.373333333334,0.743729698302165,,,,,,none,True,,,,,,,,,,,,,,no_pattern_at_sr
2026-03-10T14:12:16.866908+00:00,USOUSD.s,cobra,26551110,H1,HOLD,HOLD,NONE,0,3.5046314708623134,0,,,,,,,,,,,,,,,,0.079,0.079,87.588,88.483,87.353,87.909,,,,,,,,90.9843312323394,87.324,0.0753288904111332,,,,,,none,True,,,,,,,,,,,,,,no_pattern_at_sr
2026-03-10T14:13:17.391380+00:00,BTCUSD,cobra,26551110,H1,HOLD,HOLD,NONE,0,665.1009497530185,0,,,,,,,,,,,,,,,,17.05,17.05,69910.81,70142.6,69417.81,69536.65,,,,,,,,68945.0501441349,69746.06,0.24626336808093663,,,,,,none,True,,,,,,,,,,,,,,no_pattern_at_sr
2026-03-10T14:13:17.393285+00:00,USDJPY.s,cobra,26551110,H1,HOLD,HOLD,NONE,0,0.23663953411654887,0,,,,,,,,,,,,,,,,0.024,0.024,157.828,157.907,157.822,157.886,,,,,,,,157.8787577657971,157.768,0.2493243583337137,,,,,,none,True,,,,,,,,,,,,,,no_pattern_at_sr
2026-03-10T14:13:17.394838+00:00,EURUSD.s,cobra,26551110,H1,HOLD,HOLD,NONE,0,0.0019459013296675171,0,,,,,,,,,,,,,,,,0.00018,0.00018,1.16315,1.16341,1.16262,1.16277,,,,,,,,1.1604537832159223,1.1640725,0.4740733694641036,,,,,,none,True,,,,,,,,,,,,,,no_pattern_at_sr
2026-03-10T14:13:17.396326+00:00,XAUUSD.s,cobra,26551110,H1,HOLD,HOLD,NONE,0,25.74412008875779,0,,,,,,,,,,,,,,,,0.31,0.31,5205.51,5208.57,5185.33,5190.85,,,,,,,,5142.625091223136,5186.373333333334,0.743729698302165,,,,,,none,True,,,,,,,,,,,,,,no_pattern_at_sr
2026-03-10T14:13:17.397997+00:00,USOUSD.s,cobra,26551110,H1,HOLD,HOLD,NONE,0,3.5046314708623134,0,,,,,,,,,,,,,,,,0.079,0.079,87.588,88.483,87.353,88.043,,,,,,,,90.9843312323394,87.324,0.0753288904111332,,,,,,none,True,,,,,,,,,,,,,,no_pattern_at_sr
2026-03-10T14:14:18.990448+00:00,BTCUSD,cobra,26551110,H1,HOLD,HOLD,NONE,0,665.1009497530185,0,,,,,,,,,,,,,,,,17.02,17.02,69910.81,70142.6,69417.81,69512.01,,,,,,,,68945.0501441349,69746.06,0.24626336808093663,,,,,,none,True,,,,,,,,,,,,,,no_pattern_at_sr
2026-03-10T14:14:18.991853+00:00,USDJPY.s,cobra,26551110,H1,HOLD,HOLD,NONE,0,0.23663953411654887,0,,,,,,,,,,,,,,,,0.024,0.024,157.828,157.907,157.822,157.862,,,,,,,,157.8787577657971,157.768,0.2493243583337137,,,,,,none,True,,,,,,,,,,,,,,no_pattern_at_sr
2026-03-10T14:14:18.993154+00:00,EURUSD.s,cobra,26551110,H1,HOLD,HOLD,NONE,0,0.0019459013296675171,0,,,,,,,,,,,,,,,,0.00018,0.00018,1.16315,1.16341,1.16262,1.16299,,,,,,,,1.1604537832159223,1.1640725,0.4740733694641036,,,,,,none,True,,,,,,,,,,,,,,no_pattern_at_sr
2026-03-10T14:14:18.994915+00:00,XAUUSD.s,cobra,26551110,H1,HOLD,HOLD,NONE,0,25.74412008875779,0,,,,,,,,,,,,,,,,0.36,0.36,5205.51,5208.57,5185.33,5193.76,,,,,,,,5142.625091223136,5186.373333333334,0.743729698302165,,,,,,none,True,,,,,,,,,,,,,,no_pattern_at_sr
2026-03-10T14:14:18.996444+00:00,USOUSD.s,cobra,26551110,H1,HOLD,HOLD,NONE,0,3.5046314708623134,0,,,,,,,,,,,,,,,,0.079,0.079,87.588,88.483,87.353,87.779,,,,,,,,90.9843312323394,87.324,0.0753288904111332,,,,,,none,True,,,,,,,,,,,,,,no_pattern_at_sr
2026-03-10T14:15:19.456411+00:00,BTCUSD,cobra,26551110,H1,HOLD,HOLD,NONE,0,665.1009497530185,0,,,,,,,,,,,,,,,,17.05,17.05,69910.81,70142.6,69417.81,69441.1,,,,,,,,68945.0501441349,69746.06,0.24626336808093663,,,,,,none,True,,,,,,,,,,,,,,no_pattern_at_sr
2026-03-10T14:15:19.457822+00:00,USDJPY.s,cobra,26551110,H1,HOLD,HOLD,NONE,0,0.23663953411654887,0,,,,,,,,,,,,,,,,0.024,0.024,157.828,157.907,157.822,157.852,,,,,,,,157.8787577657971,157.768,0.2493243583337137,,,,,,none,True,,,,,,,,,,,,,,no_pattern_at_sr
2026-03-10T14:15:19.459368+00:00,EURUSD.s,cobra,26551110,H1,HOLD,HOLD,NONE,0,0.0019459013296675171,0,,,,,,,,,,,,,,,,0.00018,0.00018,1.16315,1.16341,1.16262,1.16309,,,,,,,,1.1604537832159223,1.1640725,0.4740733694641036,,,,,,none,True,,,,,,,,,,,,,,no_pattern_at_sr
2026-03-10T14:15:19.460699+00:00,XAUUSD.s,cobra,26551110,H1,HOLD,HOLD,NONE,0,25.74412008875779,0,,,,,,,,,,,,,,,,0.37,0.37,5205.51,5208.57,5185.33,5197.34,,,,,,,,5142.625091223136,5186.373333333334,0.743729698302165,,,,,,none,True,,,,,,,,,,,,,,no_pattern_at_sr
2026-03-10T14:15:19.462193+00:00,USOUSD.s,cobra,26551110,H1,HOLD,HOLD,NONE,0,3.5046314708623134,0,,,,,,,,,,,,,,,,0.079,0.079,87.588,88.483,87.353,87.754,,,,,,,,90.9843312323394,87.324,0.0753288904111332,,,,,,none,True,,,,,,,,,,,,,,no_pattern_at_sr
2026-03-10T14:16:19.854628+00:00,BTCUSD,cobra,26551110,H1,HOLD,HOLD,NONE,0,674.2802354673039,0,,,,,,,,,,,,,,,,17.07,17.07,69910.81,70142.6,69289.3,69328.15,,,,,,,,68945.0501441349,69746.06,0.2429108720449072,,,,,,none,True,,,,,,,,,,,,,,no_pattern_at_sr
2026-03-10T14:16:19.856229+00:00,USDJPY.s,cobra,26551110,H1,HOLD,HOLD,NONE,0,0.23663953411654887,0,,,,,,,,,,,,,,,,0.023,0.023,157.828,157.907,157.822,157.835,,,,,,,,157.8787577657971,157.768,0.2493243583337137,,,,,,none,True,,,,,,,,,,,,,,no_pattern_at_sr
2026-03-10T14:16:19.857629+00:00,EURUSD.s,cobra,26551110,H1,HOLD,HOLD,NONE,0,0.0019459013296675171,0,,,,,,,,,,,,,,,,0.00018,0.00018,1.16315,1.16341,1.16262,1.16324,,,,,,,,1.1604537832159223,1.1640725,0.4740733694641036,,,,,,none,True,,,,,,,,,,,,,,no_pattern_at_sr
2026-03-10T14:16:19.859094+00:00,XAUUSD.s,cobra,26551110,H1,HOLD,HOLD,NONE,0,25.74412008875779,0,,,,,,,,,,,,,,,,0.32,0.32,5205.51,5208.57,5185.33,5203.14,,,,,,,,5142.625091223136,5186.373333333334,0.743729698302165,,,,,,none,True,,,,,,,,,,,,,,no_pattern_at_sr
2026-03-10T14:16:19.860639+00:00,USOUSD.s,cobra,26551110,H1,HOLD,HOLD,NONE,0,3.5046314708623134,0,,,,,,,,,,,,,,,,0.079,0.079,87.588,88.483,87.353,87.879,,,,,,,,90.9843312323394,87.324,0.0753288904111332,,,,,,none,True,,,,,,,,,,,,,,no_pattern_at_sr
2026-03-10T14:17:20.248385+00:00,BTCUSD,cobra,26551110,H1,HOLD,HOLD,NONE,0,675.3759497530178,0,,,,,,,,,,,,,,,,17.0,17.0,69910.81,70142.6,69273.96,69471.5,,,,,,,,68945.0501441349,69746.06,0.24251677907675787,,,,,,none,True,,,,,,,,,,,,,,no_pattern_at_sr
2026-03-10T14:17:20.250472+00:00,USDJPY.s,cobra,26551110,H1,HOLD,HOLD,NONE,0,0.23692524840226248,0,,,,,,,,,,,,,,,,0.023,0.023,157.828,157.907,157.818,157.838,,,,,,,,157.8787577657971,157.768,0.2490236916405997,,,,,,none,True,,,,,,,,,,,,,,no_pattern_at_sr
2026-03-10T14:17:20.252393+00:00,EURUSD.s,cobra,26551110,H1,HOLD,HOLD,NONE,0,0.0019494727582389372,0,,,,,,,,,,,,,,,,0.00019,0.00019,1.16315,1.16346,1.16262,1.16341,,,,,,,,1.1604537832159223,1.1640725,0.4732048683940076,,,,,,none,True,,,,,,,,,,,,,,no_pattern_at_sr
2026-03-10T14:17:20.254325+00:00,XAUUSD.s,cobra,26551110,H1,HOLD,HOLD,NONE,0,25.951977231614922,0,,,,,,,,,,,,,,,,0.31,0.31,5205.51,5211.48,5185.33,5206.6,,,,,,,,5142.625091223136,5186.373333333334,0.737772944842981,,,,,,none,True,,,,,,,,,,,,,,no_pattern_at_sr
2026-03-10T14:17:20.256573+00:00,USOUSD.s,cobra,26551110,H1,HOLD,HOLD,NONE,0,3.5046314708623134,0,,,,,,,,,,,,,,,,0.079,0.079,87.588,88.483,87.353,87.543,,,,,,,,90.9843312323394,87.324,0.0753288904111332,,,,,,none,True,,,,,,,,,,,,,,no_pattern_at_sr
2026-03-10T14:18:20.757926+00:00,BTCUSD,cobra,26551110,H1,HOLD,HOLD,NONE,0,675.3759497530178,0,,,,,,,,,,,,,,,,17.1,17.1,69910.81,70142.6,69273.96,69513.89,,,,,,,,68945.0501441349,69746.06,0.24251677907675787,,,,,,none,True,,,,,,,,,,,,,,no_pattern_at_sr
2026-03-10T14:18:20.759369+00:00,USDJPY.s,cobra,26551110,H1,HOLD,HOLD,NONE,0,0.23692524840226248,0,,,,,,,,,,,,,,,,0.024,0.024,157.828,157.907,157.818,157.826,,,,,,,,157.8787577657971,157.768,0.2490236916405997,,,,,,none,True,,,,,,,,,,,,,,no_pattern_at_sr
2026-03-10T14:18:20.760758+00:00,EURUSD.s,cobra,26551110,H1,HOLD,HOLD,NONE,0,0.0019580441868103744,0,,,,,,,,,,,,,,,,0.00019,0.00019,1.16315,1.16358,1.16262,1.16357,,,,,,,,1.1604537832159223,1.1640725,0.47113339229739165,,,,,,none,True,,,,,,,,,,,,,,no_pattern_at_sr
2026-03-10T14:18:20.762127+00:00,XAUUSD.s,cobra,26551110,H1,HOLD,HOLD,NONE,0,25.951977231614922,0,,,,,,,,,,,,,,,,0.34,0.34,5205.51,5211.48,5185.33,5205.22,,,,,,,,5142.625091223136,5186.373333333334,0.737772944842981,,,,,,none,True,,,,,,,,,,,,,,no_pattern_at_sr
2026-03-10T14:18:20.763673+00:00,USOUSD.s,cobra,26551110,H1,HOLD,HOLD,NONE,0,3.5046314708623134,0,,,,,,,,,,,,,,,,0.079,0.079,87.588,88.483,87.353,87.559,,,,,,,,90.9843312323394,87.324,0.0753288904111332,,,,,,none,True,,,,,,,,,,,,,,no_pattern_at_sr
2026-03-10T14:19:21.490005+00:00,BTCUSD,cobra,26551110,H1,HOLD,HOLD,NONE,0,675.3759497530178,0,,,,,,,,,,,,,,,,17.07,17.07,69910.81,70142.6,69273.96,69624.09,,,,,,,,68945.0501441349,69746.06,0.24251677907675787,,,,,,none,True,,,,,,,,,,,,,,no_pattern_at_sr
2026-03-10T14:19:21.491592+00:00,USDJPY.s,cobra,26551110,H1,HOLD,HOLD,NONE,0,0.2370681055451203,0,,,,,,,,,,,,,,,,0.024,0.024,157.828,157.907,157.816,157.831,,,,,,,,157.8787577657971,157.768,0.24887363006647997,,,,,,none,True,,,,,,,,,,,,,,no_pattern_at_sr
2026-03-10T14:19:21.493265+00:00,EURUSD.s,cobra,26551110,H1,HOLD,HOLD,NONE,0,0.0019651870439532306,0,,,,,,,,,,,,,,,,0.00018,0.00018,1.16315,1.16368,1.16262,1.1635,,,,,,,,1.1604537832159223,1.1640725,0.46942096572366465,,,,,,none,True,,,,,,,,,,,,,,no_pattern_at_sr
2026-03-10T14:19:21.494792+00:00,XAUUSD.s,cobra,26551110,H1,HOLD,HOLD,NONE,0,25.951977231614922,0,,,,,,,,,,,,,,,,0.31,0.31,5205.51,5211.48,5185.33,5208.42,,,,,,,,5142.625091223136,5186.373333333334,0.737772944842981,,,,,,none,True,,,,,,,,,,,,,,no_pattern_at_sr
2026-03-10T14:19:21.496302+00:00,USOUSD.s,cobra,26551110,H1,HOLD,HOLD,NONE,0,3.548202899433742,0,,,,,,,,,,,,,,,,0.099,0.099,87.588,88.483,86.743,86.979,,,,,,,,90.9843312323394,87.434,0.043402253017879346,,,,,,none,True,,,,,,,,,,,,,,no_pattern_at_sr
2026-03-10T14:20:22.042525+00:00,BTCUSD,cobra,26551110,H1,HOLD,HOLD,NONE,0,675.3759497530178,0,,,,,,,,,,,,,,,,17.01,17.01,69910.81,70142.6,69273.96,69633.76,,,,,,,,68945.0501441349,69746.06,0.24251677907675787,,,,,,none,True,,,,,,,,,,,,,,no_pattern_at_sr
2026-03-10T14:20:22.044022+00:00,USDJPY.s,cobra,26551110,H1,HOLD,HOLD,NONE,0,0.23828239125940573,0,,,,,,,,,,,,,,,,0.024,0.024,157.828,157.907,157.799,157.801,,,,,,,,157.8787577657971,157.768,0.24760537145930875,,,,,,none,True,,,,,,,,,,,,,,no_pattern_at_sr
2026-03-10T14:20:22.045462+00:00,EURUSD.s,cobra,26551110,H1,HOLD,HOLD,NONE,0,0.001970901329667506,0,,,,,,,,,,,,,,,,0.00018,0.00018,1.16315,1.16376,1.16262,1.16371,,,,,,,,1.1604537832159223,1.1640725,0.4680599612542686,,,,,,none,True,,,,,,,,,,,,,,no_pattern_at_sr
2026-03-10T14:20:22.047037+00:00,XAUUSD.s,cobra,26551110,H1,HOLD,HOLD,NONE,0,26.018405803043514,0,,,,,,,,,,,,,,,,0.31,0.31,5205.51,5212.41,5185.33,5211.0,,,,,,,,5142.625091223136,5186.373333333334,0.735889308960922,,,,,,none,True,,,,,,,,,,,,,,no_pattern_at_sr
2026-03-10T14:20:22.048732+00:00,USOUSD.s,cobra,26551110,H1,HOLD,HOLD,NONE,0,3.548202899433742,0,,,,,,,,,,,,,,,,0.079,0.079,87.588,88.483,86.743,86.899,,,,,,,,90.9843312323394,87.434,0.043402253017879346,,,,,,none,True,,,,,,,,,,,,,,no_pattern_at_sr
2026-03-10T14:21:22.434518+00:00,BTCUSD,cobra,26551110,H1,HOLD,HOLD,NONE,0,675.3759497530178,0,,,,,,,,,,,,,,,,17.06,17.06,69910.81,70142.6,69273.96,69583.99,,,,,,,,68945.0501441349,69746.06,0.24251677907675787,,,,,,none,True,,,,,,,,,,,,,,no_pattern_at_sr
2026-03-10T14:21:22.436351+00:00,USDJPY.s,cobra,26551110,H1,HOLD,HOLD,NONE,0,0.2399252484022626,0,,,,,,,,,,,,,,,,0.024,0.024,157.828,157.907,157.776,157.802,,,,,,,,157.8787577657971,157.768,0.24590992566600217,,,,,,none,True,,,,,,,,,,,,,,no_pattern_at_sr
2026-03-10T14:21:22.437852+00:00,EURUSD.s,cobra,26551110,H1,HOLD,HOLD,NONE,0,0.001970901329667506,0,,,,,,,,,,,,,,,,0.00019,0.00019,1.16315,1.16376,1.16262,1.16365,,,,,,,,1.1604537832159223,1.1640725,0.4680599612542686,,,,,,none,True,,,,,,,,,,,,,,no_pattern_at_sr
2026-03-10T14:21:22.439477+00:00,XAUUSD.s,cobra,26551110,H1,HOLD,HOLD,NONE,0,26.15412008875784,0,,,,,,,,,,,,,,,,0.34,0.34,5205.51,5214.31,5185.33,5212.86,,,,,,,,5142.625091223136,5193.035,0.47736264717111127,,,,,,none,True,,,,,,,,,,,,,,no_pattern_at_sr
2026-03-10T14:21:22.441001+00:00,USOUSD.s,cobra,26551110,H1,HOLD,HOLD,NONE,0,3.548202899433742,0,,,,,,,,,,,,,,,,0.079,0.079,87.588,88.483,86.743,87.118,,,,,,,,90.9843312323394,87.434,0.043402253017879346,,,,,,none,True,,,,,,,,,,,,,,no_pattern_at_sr
2026-03-10T14:22:22.844725+00:00,BTCUSD,cobra,26551110,H1,HOLD,HOLD,NONE,0,675.3759497530178,0,,,,,,,,,,,,,,,,16.99,16.99,69910.81,70142.6,69273.96,69669.49,,,,,,,,68945.0501441349,69746.06,0.24251677907675787,,,,,,none,True,,,,,,,,,,,,,,no_pattern_at_sr
2026-03-10T14:22:22.846415+00:00,USDJPY.s,cobra,26551110,H1,HOLD,HOLD,NONE,0,0.24035381983083404,0,,,,,,,,,,,,,,,,0.032,0.032,157.828,157.907,157.77,157.77,,,,,,,,157.8787577657971,157.768,0.24547144722527361,,,,,,none,True,,,,,,,,,,,,,,no_pattern_at_sr
2026-03-10T14:22:22.848078+00:00,EURUSD.s,cobra,26551110,H1,HOLD,HOLD,NONE,0,0.0019716156153817966,0,,,,,,,,,,,,,,,,0.00018,0.00018,1.16315,1.16377,1.16262,1.1637,,,,,,,,1.1604537832159223,1.1640725,0.46789039040022024,,,,,,none,True,,,,,,,,,,,,,,no_pattern_at_sr
2026-03-10T14:22:22.849733+00:00,XAUUSD.s,cobra,26551110,H1,HOLD,HOLD,NONE,0,26.15412008875784,0,,,,,,,,,,,,,,,,0.31,0.31,5205.51,5214.31,5185.33,5210.59,,,,,,,,5142.625091223136,5193.035,0.47736264717111127,,,,,,none,True,,,,,,,,,,,,,,no_pattern_at_sr
2026-03-10T14:22:22.851442+00:00,USOUSD.s,cobra,26551110,H1,HOLD,HOLD,NONE,0,3.548202899433742,0,,,,,,,,,,,,,,,,0.079,0.079,87.588,88.483,86.743,87.149,,,,,,,,90.9843312323394,87.434,0.043402253017879346,,,,,,none,True,,,,,,,,,,,,,,no_pattern_at_sr
2026-03-10T14:23:23.250386+00:00,BTCUSD,cobra,26551110,H1,HOLD,HOLD,NONE,0,675.3759497530178,0,,,,,,,,,,,,,,,,17.03,17.03,69910.81,70142.6,69273.96,69749.33,,,,,,,,68945.0501441349,69746.06,0.24251677907675787,,,,,,none,True,,,,,,,,,,,,,,no_pattern_at_sr
2026-03-10T14:23:23.251938+00:00,USDJPY.s,cobra,26551110,H1,HOLD,HOLD,NONE,0,0.24078239125940548,0,,,,,,,,,,,,,,,,0.024,0.024,157.828,157.907,157.764,157.767,,,,,,,,157.8787577657971,157.768,0.24503452969047973,,,,,,none,True,,,,,,,,,,,,,,no_pattern_at_sr
2026-03-10T14:23:23.253418+00:00,EURUSD.s,cobra,26551110,H1,HOLD,HOLD,NONE,0,0.001972329901096087,0,,,,,,,,,,,,,,,,0.00019,0.00019,1.16315,1.16378,1.16262,1.16375,,,,,,,,1.1604537832159223,1.1640725,0.467720942367449,,,,,,none,True,,,,,,,,,,,,,,no_pattern_at_sr
2026-03-10T14:23:23.255011+00:00,XAUUSD.s,cobra,26551110,H1,HOLD,HOLD,NONE,0,26.15412008875784,0,,,,,,,,,,,,,,,,0.31,0.31,5205.51,5214.31,5185.33,5210.59,,,,,,,,5142.625091223136,5193.035,0.47736264717111127,,,,,,none,True,,,,,,,,,,,,,,no_pattern_at_sr
2026-03-10T14:23:23.256364+00:00,USOUSD.s,cobra,26551110,H1,HOLD,HOLD,NONE,0,3.548202899433742,0,,,,,,,,,,,,,,,,0.079,0.079,87.588,88.483,86.743,87.418,,,,,,,,90.9843312323394,87.434,0.043402253017879346,,,,,,none,True,,,,,,,,,,,,,,no_pattern_at_sr
2026-03-10T14:24:23.705752+00:00,BTCUSD,cobra,26551110,H1,HOLD,HOLD,NONE,0,675.3759497530178,0,,,,,,,,,,,,,,,,17.06,17.06,69910.81,70142.6,69273.96,69773.15,,,,,,,,68945.0501441349,69746.06,0.24251677907675787,,,,,,none,True,,,,,,,,,,,,,,no_pattern_at_sr
2026-03-10T14:24:23.707513+00:00,USDJPY.s,cobra,26551110,H1,HOLD,HOLD,NONE,0,0.24078239125940548,0,,,,,,,,,,,,,,,,0.023,0.023,157.828,157.907,157.764,157.782,,,,,,,,157.8787577657971,157.768,0.24503452969047973,,,,,,none,True,,,,,,,,,,,,,,no_pattern_at_sr
2026-03-10T14:24:23.709086+00:00,EURUSD.s,cobra,26551110,H1,HOLD,HOLD,NONE,0,0.001972329901096087,0,,,,,,,,,,,,,,,,0.00018,0.00018,1.16315,1.16378,1.16262,1.1636199999999999,,,,,,,,1.1604537832159223,1.1640725,0.467720942367449,,,,,,none,True,,,,,,,,,,,,,,no_pattern_at_sr
2026-03-10T14:24:23.710600+00:00,XAUUSD.s,cobra,26551110,H1,HOLD,HOLD,NONE,0,26.15412008875784,0,,,,,,,,,,,,,,,,0.3,0.3,5205.51,5214.31,5185.33,5210.15,,,,,,,,5142.625091223136,5193.035,0.47736264717111127,,,,,,none,True,,,,,,,,,,,,,,no_pattern_at_sr
2026-03-10T14:24:23.712069+00:00,USOUSD.s,cobra,26551110,H1,HOLD,HOLD,NONE,0,3.548202899433742,0,,,,,,,,,,,,,,,,0.079,0.079,87.588,88.483,86.743,87.198,,,,,,,,90.9843312323394,87.434,0.043402253017879346,,,,,,none,True,,,,,,,,,,,,,,no_pattern_at_sr
2026-03-10T14:25:24.205397+00:00,BTCUSD,cobra,26551110,H1,HOLD,HOLD,NONE,0,675.3759497530178,0,,,,,,,,,,,,,,,,17.1,17.1,69910.81,70142.6,69273.96,69717.49,,,,,,,,68945.0501441349,69746.06,0.24251677907675787,,,,,,none,True,,,,,,,,,,,,,,no_pattern_at_sr
2026-03-10T14:25:24.207012+00:00,USDJPY.s,cobra,26551110,H1,HOLD,HOLD,NONE,0,0.24078239125940548,0,,,,,,,,,,,,,,,,0.023,0.023,157.828,157.907,157.764,157.772,,,,,,,,157.8787577657971,157.768,0.24503452969047973,,,,,,none,True,,,,,,,,,,,,,,no_pattern_at_sr
2026-03-10T14:25:24.208611+00:00,EURUSD.s,cobra,26551110,H1,HOLD,HOLD,NONE,0,0.001972329901096087,0,,,,,,,,,,,,,,,,0.00018,0.00018,1.16315,1.16378,1.16262,1.1635900000000001,,,,,,,,1.1604537832159223,1.1640725,0.467720942367449,,,,,,none,True,,,,,,,,,,,,,,no_pattern_at_sr
2026-03-10T14:25:24.210059+00:00,XAUUSD.s,cobra,26551110,H1,HOLD,HOLD,NONE,0,26.15412008875784,0,,,,,,,,,,,,,,,,0.31,0.31,5205.51,5214.31,5185.33,5209.12,,,,,,,,5142.625091223136,5193.035,0.47736264717111127,,,,,,none,True,,,,,,,,,,,,,,no_pattern_at_sr
2026-03-10T14:25:24.211678+00:00,USOUSD.s,cobra,26551110,H1,HOLD,HOLD,NONE,0,3.548202899433742,0,,,,,,,,,,,,,,,,0.079,0.079,87.588,88.483,86.743,87.189,,,,,,,,90.9843312323394,87.434,0.043402253017879346,,,,,,none,True,,,,,,,,,,,,,,no_pattern_at_sr
2026-03-10T14:26:24.674000+00:00,BTCUSD,cobra,26551110,H1,HOLD,HOLD,NONE,0,675.3759497530178,0,,,,,,,,,,,,,,,,17.05,17.05,69910.81,70142.6,69273.96,69879.23,,,,,,,,68945.0501441349,69746.06,0.24251677907675787,,,,,,none,True,,,,,,,,,,,,,,no_pattern_at_sr
2026-03-10T14:26:24.675840+00:00,USDJPY.s,cobra,26551110,H1,HOLD,HOLD,NONE,0,0.24249667697369126,0,,,,,,,,,,,,,,,,0.023,0.023,157.828,157.907,157.74,157.74,,,,,,,,157.8787577657971,157.768,0.24330230309258413,,,,,,none,True,,,,,,,,,,,,,,no_pattern_at_sr
2026-03-10T14:26:24.677527+00:00,EURUSD.s,cobra,26551110,H1,HOLD,HOLD,NONE,0,0.001972329901096087,0,,,,,,,,,,,,,,,,0.00019,0.00019,1.16315,1.16378,1.16262,1.16375,,,,,,,,1.1604537832159223,1.1640725,0.467720942367449,,,,,,none,True,,,,,,,,,,,,,,no_pattern_at_sr
2026-03-10T14:26:24.679104+00:00,XAUUSD.s,cobra,26551110,H1,HOLD,HOLD,NONE,0,26.15412008875784,0,,,,,,,,,,,,,,,,0.31,0.31,5205.51,5214.31,5185.33,5208.66,,,,,,,,5142.625091223136,5193.035,0.47736264717111127,,,,,,none,True,,,,,,,,,,,,,,no_pattern_at_sr
2026-03-10T14:26:24.680896+00:00,USOUSD.s,cobra,26551110,H1,HOLD,HOLD,NONE,0,3.548202899433742,0,,,,,,,,,,,,,,,,0.079,0.079,87.588,88.483,86.743,86.989,,,,,,,,90.9843312323394,87.434,0.043402253017879346,,,,,,none,True,,,,,,,,,,,,,,no_pattern_at_sr
2026-03-10T14:27:25.331228+00:00,BTCUSD,cobra,26551110,H1,HOLD,HOLD,NONE,0,675.3759497530178,0,,,,,,,,,,,,,,,,17.11,17.11,69910.81,70142.6,69273.96,69779.17,,,,,,,,68945.0501441349,69746.06,0.24251677907675787,,,,,,none,True,,,,,,,,,,,,,,no_pattern_at_sr
2026-03-10T14:27:25.333092+00:00,USDJPY.s,cobra,26551110,H1,HOLD,HOLD,NONE,0,0.24256810554512018,0,,,,,,,,,,,,,,,,0.024,0.024,157.828,157.907,157.739,157.751,,,,,,,,157.8787577657971,157.768,0.24323065832339152,,,,,,none,True,,,,,,,,,,,,,,no_pattern_at_sr
2026-03-10T14:27:25.334570+00:00,EURUSD.s,cobra,26551110,H1,HOLD,HOLD,NONE,0,0.001973758472524652,0,,,,,,,,,,,,,,,,0.00019,0.00019,1.16315,1.1638,1.16262,1.16361,,,,,,,,1.1604537832159223,1.1640725,0.46738241423236615,,,,,,none,True,,,,,,,,,,,,,,no_pattern_at_sr
2026-03-10T14:27:25.336319+00:00,XAUUSD.s,cobra,26551110,H1,HOLD,HOLD,NONE,0,26.15412008875784,0,,,,,,,,,,,,,,,,0.31,0.31,5205.51,5214.31,5185.33,5210.49,,,,,,,,5142.625091223136,5193.035,0.47736264717111127,,,,,,none,True,,,,,,,,,,,,,,no_pattern_at_sr
2026-03-10T14:27:25.337927+00:00,USOUSD.s,cobra,26551110,H1,HOLD,HOLD,NONE,0,3.548202899433742,0,,,,,,,,,,,,,,,,0.079,0.079,87.588,88.483,86.743,86.804,,,,,,,,90.9843312323394,87.434,0.043402253017879346,,,,,,none,True,,,,,,,,,,,,,,no_pattern_at_sr
2026-03-10T14:28:25.730289+00:00,BTCUSD,cobra,26551110,H1,HOLD,HOLD,NONE,0,675.3759497530178,0,,,,,,,,,,,,,,,,17.07,17.07,69910.81,70142.6,69273.96,69806.46,,,,,,,,68945.0501441349,69746.06,0.24251677907675787,,,,,,none,True,,,,,,,,,,,,,,no_pattern_at_sr
2026-03-10T14:28:25.731916+00:00,USDJPY.s,cobra,26551110,H1,HOLD,HOLD,NONE,0,0.24349667697369198,0,,,,,,,,,,,,,,,,0.023,0.023,157.828,157.907,157.726,157.731,,,,,,,,157.8787577657971,157.768,0.2423031013535023,,,,,,none,True,,,,,,,,,,,,,,no_pattern_at_sr
2026-03-10T14:28:25.733622+00:00,EURUSD.s,cobra,26551110,H1,HOLD,HOLD,NONE,0,0.001973758472524652,0,,,,,,,,,,,,,,,,0.00019,0.00019,1.16315,1.1638,1.16262,1.16373,,,,,,,,1.1604537832159223,1.1640725,0.46738241423236615,,,,,,none,True,,,,,,,,,,,,,,no_pattern_at_sr
2026-03-10T14:28:25.736502+00:00,XAUUSD.s,cobra,26551110,H1,HOLD,HOLD,NONE,0,26.15412008875784,0,,,,,,,,,,,,,,,,0.3,0.3,5205.51,5214.31,5185.33,5209.75,,,,,,,,5142.625091223136,5193.035,0.47736264717111127,,,,,,none,True,,,,,,,,,,,,,,no_pattern_at_sr
2026-03-10T14:28:25.741251+00:00,USOUSD.s,cobra,26551110,H1,HOLD,HOLD,NONE,0,3.5582028994337422,0,,,,,,,,,,,,,,,,0.099,0.099,87.588,88.483,86.603,86.624,,,,,,,,90.9843312323394,87.434,0.04328027500188484,,,,,,none,True,,,,,,,,,,,,,,no_pattern_at_sr
2026-03-10T14:29:26.159128+00:00,BTCUSD,cobra,26551110,H1,HOLD,HOLD,NONE,0,675.3759497530178,0,,,,,,,,,,,,,,,,17.06,17.06,69910.81,70142.6,69273.96,69787.34,,,,,,,,68945.0501441349,69746.06,0.24251677907675787,,,,,,none,True,,,,,,,,,,,,,,no_pattern_at_sr
2026-03-10T14:29:26.160701+00:00,USDJPY.s,cobra,26551110,H1,HOLD,HOLD,NONE,0,0.24435381983083487,0,,,,,,,,,,,,,,,,0.025,0.025,157.828,157.907,157.714,157.715,,,,,,,,157.8787577657971,157.768,0.24145315199428005,,,,,,none,True,,,,,,,,,,,,,,no_pattern_at_sr
2026-03-10T14:29:26.162364+00:00,EURUSD.s,cobra,26551110,H1,HOLD,HOLD,NONE,0,0.001973758472524652,0,,,,,,,,,,,,,,,,0.00018,0.00018,1.16315,1.1638,1.16262,1.16371,,,,,,,,1.1604537832159223,1.1640725,0.46738241423236615,,,,,,none,True,,,,,,,,,,,,,,no_pattern_at_sr
2026-03-10T14:29:26.164350+00:00,XAUUSD.s,cobra,26551110,H1,HOLD,HOLD,NONE,0,26.15412008875784,0,,,,,,,,,,,,,,,,0.31,0.31,5205.51,5214.31,5185.33,5209.13,,,,,,,,5142.625091223136,5193.035,0.47736264717111127,,,,,,none,True,,,,,,,,,,,,,,no_pattern_at_sr
2026-03-10T14:29:26.165816+00:00,USOUSD.s,cobra,26551110,H1,HOLD,HOLD,NONE,0,3.5617028994337416,0,,,,,,,,,,,,,,,,0.079,0.079,87.588,88.483,86.554,86.584,,,,,,,,90.9843312323394,87.434,0.04323774451386164,,,,,,none,True,,,,,,,,,,,,,,no_pattern_at_sr
2026-03-10T14:30:26.605795+00:00,BTCUSD,cobra,26551110,H1,HOLD,HOLD,NONE,0,675.3759497530178,0,,,,,,,,,,,,,,,,17.09,17.09,69910.81,70142.6,69273.96,69882.58,,,,,,,,68945.0501441349,69746.06,0.24251677907675787,,,,,,none,True,,,,,,,,,,,,,,no_pattern_at_sr
2026-03-10T14:30:26.607243+00:00,USDJPY.s,cobra,26551110,H1,HOLD,HOLD,NONE,0,0.24599667697369174,0,,,,,,,,,,,,,,,,0.023,0.023,157.828,157.907,157.691,157.702,,,,,,,,157.8787577657971,157.768,0.2398406381981627,,,,,,none,True,,,,,,,,,,,,,,no_pattern_at_sr
2026-03-10T14:30:26.608683+00:00,EURUSD.s,cobra,26551110,H1,HOLD,HOLD,NONE,0,0.002006615615381804,0,,,,,,,,,,,,,,,,0.00018,0.00018,1.16315,1.16426,1.16262,1.16426,,,,,,,,1.1604537832159223,1.1640725,0.45972930387299554,,,,,,none,True,,,,,,,,,,,,,,no_pattern_at_sr
2026-03-10T14:30:26.611409+00:00,XAUUSD.s,cobra,26551110,H1,HOLD,HOLD,NONE,0,26.15412008875784,0,,,,,,,,,,,,,,,,0.31,0.31,5205.51,5214.31,5185.33,5209.61,,,,,,,,5142.625091223136,5193.035,0.47736264717111127,,,,,,none,True,,,,,,,,,,,,,,no_pattern_at_sr
2026-03-10T14:30:26.613249+00:00,USOUSD.s,cobra,26551110,H1,HOLD,HOLD,NONE,0,3.606345756576599,0,,,,,,,,,,,,,,,,0.099,0.099,87.588,88.483,85.929,85.939,,,,,,,,90.9843312323394,87.434,0.04270250563722547,,,,,,none,True,,,,,,,,,,,,,,no_pattern_at_sr
2026-03-10T14:31:27.013161+00:00,BTCUSD,cobra,26551110,H1,HOLD,HOLD,NONE,0,675.3759497530178,0,,,,,,,,,,,,,,,,17.12,17.12,69910.81,70142.6,69273.96,69921.17,,,,,,,,68945.0501441349,69746.06,0.24251677907675787,,,,,,none,True,,,,,,,,,,,,,,no_pattern_at_sr
2026-03-10T14:31:27.014588+00:00,USDJPY.s,cobra,26551110,H1,HOLD,HOLD,NONE,0,0.24756810554511968,0,,,,,,,,,,,,,,,,0.023,0.023,157.828,157.907,157.669,157.686,,,,,,,,157.8787577657971,157.768,0.23831825941425502,,,,,,none,True,,,,,,,,,,,,,,no_pattern_at_sr
2026-03-10T14:31:27.015862+00:00,EURUSD.s,cobra,26551110,H1,HOLD,HOLD,NONE,0,0.002014472758238935,0,,,,,,,,,,,,,,,,0.00018,0.00018,1.16315,1.16437,1.16262,1.16413,,,,,,,,1.1604537832159223,1.1640725,0.45793620004403274,,,,,,none,True,,,,,,,,,,,,,,no_pattern_at_sr
2026-03-10T14:31:27.018103+00:00,XAUUSD.s,cobra,26551110,H1,HOLD,HOLD,NONE,0,26.15412008875784,0,,,,,,,,,,,,,,,,0.31,0.31,5205.51,5214.31,5185.33,5210.38,,,,,,,,5142.625091223136,5193.035,0.47736264717111127,,,,,,none,True,,,,,,,,,,,,,,no_pattern_at_sr
2026-03-10T14:31:27.020094+00:00,USOUSD.s,cobra,26551110,H1,HOLD,HOLD,NONE,0,3.6331314708623133,0,,,,,,,,,,,,,,,,0.079,0.079,87.588,88.483,85.554,85.959,,,,,,,,90.9843312323394,87.434,0.04238767609569739,,,,,,none,True,,,,,,,,,,,,,,no_pattern_at_sr
2026-03-10T14:32:27.398487+00:00,BTCUSD,cobra,26551110,H1,HOLD,HOLD,NONE,0,675.3759497530178,0,,,,,,,,,,,,,,,,16.99,16.99,69910.81,70142.6,69273.96,69841.3,,,,,,,,68945.0501441349,69746.06,0.24251677907675787,,,,,,none,True,,,,,,,,,,,,,,no_pattern_at_sr
2026-03-10T14:32:27.399946+00:00,USDJPY.s,cobra,26551110,H1,HOLD,HOLD,NONE,0,0.24756810554511968,0,,,,,,,,,,,,,,,,0.024,0.024,157.828,157.907,157.669,157.695,,,,,,,,157.8787577657971,157.768,0.23831825941425502,,,,,,none,True,,,,,,,,,,,,,,no_pattern_at_sr
2026-03-10T14:32:27.401386+00:00,EURUSD.s,cobra,26551110,H1,HOLD,HOLD,NONE,0,0.002014472758238935,0,,,,,,,,,,,,,,,,0.00019,0.00019,1.16315,1.16437,1.16262,1.16408,,,,,,,,1.1604537832159223,1.1640725,0.45793620004403274,,,,,,none,True,,,,,,,,,,,,,,no_pattern_at_sr
2026-03-10T14:32:27.402783+00:00,XAUUSD.s,cobra,26551110,H1,HOLD,HOLD,NONE,0,26.15412008875784,0,,,,,,,,,,,,,,,,0.34,0.34,5205.51,5214.31,5185.33,5212.68,,,,,,,,5142.625091223136,5193.035,0.47736264717111127,,,,,,none,True,,,,,,,,,,,,,,no_pattern_at_sr
2026-03-10T14:32:27.404199+00:00,USOUSD.s,cobra,26551110,H1,HOLD,HOLD,NONE,0,3.6331314708623133,0,,,,,,,,,,,,,,,,0.079,0.079,87.588,88.483,85.554,85.989,,,,,,,,90.9843312323394,87.434,0.04238767609569739,,,,,,none,True,,,,,,,,,,,,,,no_pattern_at_sr
2026-03-10T14:33:27.781278+00:00,BTCUSD,cobra,26551110,H1,HOLD,HOLD,NONE,0,675.3759497530178,0,,,,,,,,,,,,,,,,17.04,17.04,69910.81,70142.6,69273.96,69818.84,,,,,,,,68945.0501441349,69746.06,0.24251677907675787,,,,,,none,True,,,,,,,,,,,,,,no_pattern_at_sr
2026-03-10T14:33:27.782797+00:00,USDJPY.s,cobra,26551110,H1,HOLD,HOLD,NONE,0,0.24756810554511968,0,,,,,,,,,,,,,,,,0.023,0.023,157.828,157.907,157.669,157.725,,,,,,,,157.8787577657971,157.768,0.23831825941425502,,,,,,none,True,,,,,,,,,,,,,,no_pattern_at_sr
2026-03-10T14:33:27.784105+00:00,EURUSD.s,cobra,26551110,H1,HOLD,HOLD,NONE,0,0.002014472758238935,0,,,,,,,,,,,,,,,,0.00018,0.00018,1.16315,1.16437,1.16262,1.16391,,,,,,,,1.1604537832159223,1.1640725,0.45793620004403274,,,,,,none,True,,,,,,,,,,,,,,no_pattern_at_sr
2026-03-10T14:33:27.785552+00:00,XAUUSD.s,cobra,26551110,H1,HOLD,HOLD,NONE,0,26.15412008875784,0,,,,,,,,,,,,,,,,0.3,0.3,5205.51,5214.31,5185.33,5207.91,,,,,,,,5142.625091223136,5193.035,0.47736264717111127,,,,,,none,True,,,,,,,,,,,,,,no_pattern_at_sr
2026-03-10T14:33:27.786763+00:00,USOUSD.s,cobra,26551110,H1,HOLD,HOLD,NONE,0,3.6331314708623133,0,,,,,,,,,,,,,,,,0.079,0.079,87.588,88.483,85.554,85.829,,,,,,,,90.9843312323394,87.434,0.04238767609569739,,,,,,none,True,,,,,,,,,,,,,,no_pattern_at_sr
2026-03-10T14:34:28.243123+00:00,BTCUSD,cobra,26551110,H1,HOLD,HOLD,NONE,0,675.3759497530178,0,,,,,,,,,,,,,,,,17.1,17.1,69910.81,70142.6,69273.96,69995.39,,,,,,,,68945.0501441349,69746.06,0.24251677907675787,,,,,,none,True,,,,,,,,,,,,,,no_pattern_at_sr
2026-03-10T14:34:28.244977+00:00,USDJPY.s,cobra,26551110,H1,HOLD,HOLD,NONE,0,0.24756810554511968,0,,,,,,,,,,,,,,,,0.024,0.024,157.828,157.907,157.669,157.676,,,,,,,,157.8787577657971,157.768,0.23831825941425502,,,,,,none,True,,,,,,,,,,,,,,no_pattern_at_sr
2026-03-10T14:34:28.246739+00:00,EURUSD.s,cobra,26551110,H1,HOLD,HOLD,NONE,0,0.002014472758238935,0,,,,,,,,,,,,,,,,0.00018,0.00018,1.16315,1.16437,1.16262,1.16431,,,,,,,,1.1604537832159223,1.1640725,0.45793620004403274,,,,,,none,True,,,,,,,,,,,,,,no_pattern_at_sr
2026-03-10T14:34:28.248529+00:00,XAUUSD.s,cobra,26551110,H1,HOLD,HOLD,NONE,0,26.15412008875784,0,,,,,,,,,,,,,,,,0.3,0.3,5205.51,5214.31,5185.33,5208.67,,,,,,,,5142.625091223136,5193.035,0.47736264717111127,,,,,,none,True,,,,,,,,,,,,,,no_pattern_at_sr
2026-03-10T14:34:28.250315+00:00,USOUSD.s,cobra,26551110,H1,HOLD,HOLD,NONE,0,3.6695600422908847,0,,,,,,,,,,,,,,,,0.079,0.079,87.588,88.483,85.044,85.299,,,,,,,,90.9843312323394,87.434,0.04196688382944541,,,,,,none,True,,,,,,,,,,,,,,no_pattern_at_sr
2026-03-10T14:35:28.709637+00:00,BTCUSD,cobra,26551110,H1,HOLD,HOLD,NONE,0,675.3759497530178,0,,,,,,,,,,,,,,,,17.08,17.08,69910.81,70142.6,69273.96,69917.72,,,,,,,,68945.0501441349,69746.06,0.24251677907675787,,,,,,none,True,,,,,,,,,,,,,,no_pattern_at_sr
2026-03-10T14:35:28.711349+00:00,USDJPY.s,cobra,26551110,H1,HOLD,HOLD,NONE,0,0.24756810554511968,0,,,,,,,,,,,,,,,,0.024,0.024,157.828,157.907,157.669,157.688,,,,,,,,157.8787577657971,157.768,0.23831825941425502,,,,,,none,True,,,,,,,,,,,,,,no_pattern_at_sr
2026-03-10T14:35:28.712982+00:00,EURUSD.s,cobra,26551110,H1,HOLD,HOLD,NONE,0,0.002014472758238935,0,,,,,,,,,,,,,,,,0.00019,0.00019,1.16315,1.16437,1.16262,1.16422,,,,,,,,1.1604537832159223,1.1640725,0.45793620004403274,,,,,,none,True,,,,,,,,,,,,,,no_pattern_at_sr
2026-03-10T14:35:28.714703+00:00,XAUUSD.s,cobra,26551110,H1,HOLD,HOLD,NONE,0,26.15412008875784,0,,,,,,,,,,,,,,,,0.33,0.33,5205.51,5214.31,5185.33,5206.96,,,,,,,,5142.625091223136,5193.035,0.47736264717111127,,,,,,none,True,,,,,,,,,,,,,,no_pattern_at_sr
2026-03-10T14:35:28.716101+00:00,USOUSD.s,cobra,26551110,H1,HOLD,HOLD,NONE,0,3.6695600422908847,0,,,,,,,,,,,,,,,,0.079,0.079,87.588,88.483,85.044,85.624,,,,,,,,90.9843312323394,87.434,0.04196688382944541,,,,,,none,True,,,,,,,,,,,,,,no_pattern_at_sr
2026-03-10T14:36:29.237884+00:00,BTCUSD,cobra,26551110,H1,HOLD,HOLD,NONE,0,675.3759497530178,0,,,,,,,,,,,,,,,,17.0,17.0,69910.81,70142.6,69273.96,69969.49,,,,,,,,68945.0501441349,69746.06,0.24251677907675787,,,,,,none,True,,,,,,,,,,,,,,no_pattern_at_sr
2026-03-10T14:36:29.241305+00:00,USDJPY.s,cobra,26551110,H1,HOLD,HOLD,NONE,0,0.24756810554511968,0,,,,,,,,,,,,,,,,0.023,0.023,157.828,157.907,157.669,157.69,,,,,,,,157.8787577657971,157.768,0.23831825941425502,,,,,,none,True,,,,,,,,,,,,,,no_pattern_at_sr
2026-03-10T14:36:29.243400+00:00,EURUSD.s,cobra,26551110,H1,HOLD,HOLD,NONE,0,0.002014472758238935,0,,,,,,,,,,,,,,,,0.00019,0.00019,1.16315,1.16437,1.16262,1.16419,,,,,,,,1.1604537832159223,1.1640725,0.45793620004403274,,,,,,none,True,,,,,,,,,,,,,,no_pattern_at_sr
2026-03-10T14:36:29.245283+00:00,XAUUSD.s,cobra,26551110,H1,HOLD,HOLD,NONE,0,26.15412008875784,0,,,,,,,,,,,,,,,,0.32,0.32,5205.51,5214.31,5185.33,5203.51,,,,,,,,5142.625091223136,5193.035,0.47736264717111127,,,,,,none,True,,,,,,,,,,,,,,no_pattern_at_sr
2026-03-10T14:36:29.247259+00:00,USOUSD.s,cobra,26551110,H1,HOLD,HOLD,NONE,0,3.6695600422908847,0,,,,,,,,,,,,,,,,0.079,0.079,87.588,88.483,85.044,85.338,,,,,,,,90.9843312323394,87.434,0.04196688382944541,,,,,,none,True,,,,,,,,,,,,,,no_pattern_at_sr
2026-03-10T14:37:29.635587+00:00,BTCUSD,cobra,26551110,H1,HOLD,HOLD,NONE,0,675.3759497530178,0,,,,,,,,,,,,,,,,16.96,16.96,69910.81,70142.6,69273.96,69946.78,,,,,,,,68945.0501441349,69746.06,0.24251677907675787,,,,,,none,True,,,,,,,,,,,,,,no_pattern_at_sr
2026-03-10T14:37:29.637409+00:00,USDJPY.s,cobra,26551110,H1,HOLD,HOLD,NONE,0,0.24792524840226426,0,,,,,,,,,,,,,,,,0.023,0.023,157.828,157.907,157.664,157.685,,,,,,,,157.8787577657971,157.768,0.23797495567804647,,,,,,none,True,,,,,,,,,,,,,,no_pattern_at_sr
2026-03-10T14:37:29.639223+00:00,EURUSD.s,cobra,26551110,H1,HOLD,HOLD,NONE,0,0.002014472758238935,0,,,,,,,,,,,,,,,,0.00019,0.00019,1.16315,1.16437,1.16262,1.16417,,,,,,,,1.1604537832159223,1.1640725,0.45793620004403274,,,,,,none,True,,,,,,,,,,,,,,no_pattern_at_sr
2026-03-10T14:37:29.641009+00:00,XAUUSD.s,cobra,26551110,H1,HOLD,HOLD,NONE,0,26.15412008875784,0,,,,,,,,,,,,,,,,0.31,0.31,5205.51,5214.31,5185.33,5207.56,,,,,,,,5142.625091223136,5193.035,0.47736264717111127,,,,,,none,True,,,,,,,,,,,,,,no_pattern_at_sr
2026-03-10T14:37:29.642672+00:00,USOUSD.s,cobra,26551110,H1,HOLD,HOLD,NONE,0,3.6734886137194556,0,,,,,,,,,,,,,,,,0.079,0.079,87.588,88.483,84.989,85.254,,,,,,,,90.9843312323394,87.434,0.041922002813578704,,,,,,none,True,,,,,,,,,,,,,,no_pattern_at_sr
2026-03-10T14:38:30.077400+00:00,BTCUSD,cobra,26551110,H1,HOLD,HOLD,NONE,0,675.3759497530178,0,,,,,,,,,,,,,,,,17.1,17.1,69910.81,70142.6,69273.96,69980.16,,,,,,,,68945.0501441349,69746.06,0.24251677907675787,,,,,,none,True,,,,,,,,,,,,,,no_pattern_at_sr
2026-03-10T14:38:30.078996+00:00,USDJPY.s,cobra,26551110,H1,HOLD,HOLD,NONE,0,0.24792524840226426,0,,,,,,,,,,,,,,,,0.023,0.023,157.828,157.907,157.664,157.689,,,,,,,,157.8787577657971,157.768,0.23797495567804647,,,,,,none,True,,,,,,,,,,,,,,no_pattern_at_sr
2026-03-10T14:38:30.080820+00:00,EURUSD.s,cobra,26551110,H1,HOLD,HOLD,NONE,0,0.002014472758238935,0,,,,,,,,,,,,,,,,0.00018,0.00018,1.16315,1.16437,1.16262,1.16431,,,,,,,,1.1604537832159223,1.1640725,0.45793620004403274,,,,,,none,True,,,,,,,,,,,,,,no_pattern_at_sr
2026-03-10T14:38:30.082479+00:00,XAUUSD.s,cobra,26551110,H1,HOLD,HOLD,NONE,0,26.15412008875784,0,,,,,,,,,,,,,,,,0.34,0.34,5205.51,5214.31,5185.33,5209.97,,,,,,,,5142.625091223136,5193.035,0.47736264717111127,,,,,,none,True,,,,,,,,,,,,,,no_pattern_at_sr
2026-03-10T14:38:30.084392+00:00,USOUSD.s,cobra,26551110,H1,HOLD,HOLD,NONE,0,3.6734886137194556,0,,,,,,,,,,,,,,,,0.099,0.099,87.588,88.483,84.989,85.689,,,,,,,,90.9843312323394,87.434,0.041922002813578704,,,,,,none,True,,,,,,,,,,,,,,no_pattern_at_sr
2026-03-10T14:39:30.530108+00:00,BTCUSD,cobra,26551110,H1,HOLD,HOLD,NONE,0,675.3759497530178,0,,,,,,,,,,,,,,,,17.0,17.0,69910.81,70142.6,69273.96,70063.08,,,,,,,,68945.0501441349,69746.06,0.24251677907675787,,,,,,none,True,,,,,,,,,,,,,,no_pattern_at_sr
2026-03-10T14:39:30.531929+00:00,USDJPY.s,cobra,26551110,H1,HOLD,HOLD,NONE,0,0.24871096268797824,0,,,,,,,,,,,,,,,,0.025,0.025,157.828,157.907,157.653,157.657,,,,,,,,157.8787577657971,157.768,0.23722315800778065,,,,,,none,True,,,,,,,,,,,,,,no_pattern_at_sr
2026-03-10T14:39:30.533913+00:00,EURUSD.s,cobra,26551110,H1,HOLD,HOLD,NONE,0,0.002014472758238935,0,,,,,,,,,,,,,,,,0.00019,0.00019,1.16315,1.16437,1.16262,1.16431,,,,,,,,1.1604537832159223,1.1640725,0.45793620004403274,,,,,,none,True,,,,,,,,,,,,,,no_pattern_at_sr
2026-03-10T14:39:30.535790+00:00,XAUUSD.s,cobra,26551110,H1,HOLD,HOLD,NONE,0,26.15412008875784,0,,,,,,,,,,,,,,,,0.34,0.34,5205.51,5214.31,5185.33,5210.21,,,,,,,,5142.625091223136,5193.035,0.47736264717111127,,,,,,none,True,,,,,,,,,,,,,,no_pattern_at_sr
2026-03-10T14:39:30.537535+00:00,USOUSD.s,cobra,26551110,H1,HOLD,HOLD,NONE,0,3.6734886137194556,0,,,,,,,,,,,,,,,,0.079,0.079,87.588,88.483,84.989,85.258,,,,,,,,90.9843312323394,87.434,0.041922002813578704,,,,,,none,True,,,,,,,,,,,,,,no_pattern_at_sr
2026-03-10T14:40:31.016769+00:00,BTCUSD,cobra,26551110,H1,HOLD,HOLD,NONE,0,695.7045211815887,0,,,,,,,,,,,,,,,,17.0,17.0,69910.81,70427.2,69273.96,70309.38,,,,,,,,68945.0501441349,69746.06,0.2354304090504202,,,,,,none,True,,,,,,,,,,,,,,no_pattern_at_sr
2026-03-10T14:40:31.018556+00:00,USDJPY.s,cobra,26551110,H1,HOLD,HOLD,NONE,0,0.24892524840226293,0,,,,,,,,,,,,,,,,0.023,0.023,157.828,157.907,157.65,157.665,,,,,,,,157.8787577657971,157.768,0.23701894596346273,,,,,,none,True,,,,,,,,,,,,,,no_pattern_at_sr
2026-03-10T14:40:31.019977+00:00,EURUSD.s,cobra,26551110,H1,HOLD,HOLD,NONE,0,0.002014472758238935,0,,,,,,,,,,,,,,,,0.00018,0.00018,1.16315,1.16437,1.16262,1.16436,,,,,,,,1.1604537832159223,1.1640725,0.45793620004403274,,,,,,none,True,,,,,,,,,,,,,,no_pattern_at_sr
2026-03-10T14:40:31.021755+00:00,XAUUSD.s,cobra,26551110,H1,HOLD,HOLD,NONE,0,26.15412008875784,0,,,,,,,,,,,,,,,,0.33,0.33,5205.51,5214.31,5185.33,5210.01,,,,,,,,5142.625091223136,5193.035,0.47736264717111127,,,,,,none,True,,,,,,,,,,,,,,no_pattern_at_sr
2026-03-10T14:40:31.023496+00:00,USOUSD.s,cobra,26551110,H1,HOLD,HOLD,NONE,0,3.6788457565765986,0,,,,,,,,,,,,,,,,0.079,0.079,87.588,88.483,84.914,85.004,,,,,,,,90.9843312323394,87.434,0.04186095590571952,,,,,,none,True,,,,,,,,,,,,,,no_pattern_at_sr
2026-03-10T14:41:31.541555+00:00,BTCUSD,cobra,26551110,H1,HOLD,HOLD,NONE,0,695.7045211815887,0,,,,,,,,,,,,,,,,17.01,17.01,69910.81,70427.2,69273.96,70316.65,,,,,,,,68945.0501441349,69746.06,0.2354304090504202,,,,,,none,True,,,,,,,,,,,,,,no_pattern_at_sr
2026-03-10T14:41:31.543050+00:00,USDJPY.s,cobra,26551110,H1,HOLD,HOLD,NONE,0,0.2494252484022633,0,,,,,,,,,,,,,,,,0.023,0.023,157.828,157.907,157.643,157.682,,,,,,,,157.8787577657971,157.768,0.2365438157441247,,,,,,none,True,,,,,,,,,,,,,,no_pattern_at_sr
2026-03-10T14:41:31.544635+00:00,EURUSD.s,cobra,26551110,H1,HOLD,HOLD,NONE,0,0.002016615615381806,0,,,,,,,,,,,,,,,,0.00019,0.00019,1.16315,1.1644,1.16262,1.16434,,,,,,,,1.1604537832159223,1.1640725,0.45744959672223023,,,,,,none,True,,,,,,,,,,,,,,no_pattern_at_sr
2026-03-10T14:41:31.546498+00:00,XAUUSD.s,cobra,26551110,H1,HOLD,HOLD,NONE,0,26.15412008875784,0,,,,,,,,,,,,,,,,0.31,0.31,5205.51,5214.31,5185.33,5205.59,,,,,,,,5142.625091223136,5193.035,0.47736264717111127,,,,,,none,True,,,,,,,,,,,,,,no_pattern_at_sr
2026-03-10T14:41:31.548037+00:00,USOUSD.s,cobra,26551110,H1,HOLD,HOLD,NONE,0,3.702774328005171,0,,,,,,,,,,,,,,,,0.079,0.079,87.588,88.483,84.579,84.584,,,,,,,,90.9843312323394,87.434,0.04159043634802399,,,,,,none,True,,,,,,,,,,,,,,no_pattern_at_sr
2026-03-10T14:42:31.965062+00:00,BTCUSD,cobra,26551110,H1,HOLD,HOLD,NONE,0,696.7559497530174,0,,,,,,,,,,,,,,,,17.04,17.04,69910.81,70441.92,69273.96,70370.15,,,,,,,,68945.0501441349,69746.06,0.23507513650664572,,,,,,none,True,,,,,,,,,,,,,,no_pattern_at_sr
2026-03-10T14:42:31.966851+00:00,USDJPY.s,cobra,26551110,H1,HOLD,HOLD,NONE,0,0.2494252484022633,0,,,,,,,,,,,,,,,,0.024,0.024,157.828,157.907,157.643,157.68,,,,,,,,157.8787577657971,157.768,0.2365438157441247,,,,,,none,True,,,,,,,,,,,,,,no_pattern_at_sr
2026-03-10T14:42:31.968281+00:00,EURUSD.s,cobra,26551110,H1,HOLD,HOLD,NONE,0,0.0020273299010960828,0,,,,,,,,,,,,,,,,0.00019,0.00019,1.16315,1.16455,1.16262,1.16453,,,,,,,,1.1604537832159223,1.1640725,0.4550320100844991,,,,,,none,True,,,,,,,,,,,,,,no_pattern_at_sr
2026-03-10T14:42:31.969979+00:00,XAUUSD.s,cobra,26551110,H1,HOLD,HOLD,NONE,0,26.15412008875784,0,,,,,,,,,,,,,,,,0.34,0.34,5205.51,5214.31,5185.33,5206.95,,,,,,,,5142.625091223136,5193.035,0.47736264717111127,,,,,,none,True,,,,,,,,,,,,,,no_pattern_at_sr
2026-03-10T14:42:31.971360+00:00,USOUSD.s,cobra,26551110,H1,HOLD,HOLD,NONE,0,3.788131470862313,0,,,,,,,,,,,,,,,,0.079,0.079,87.588,88.483,83.384,83.983,,,,,,,,90.9843312323394,87.434,0.04065328808795026,,,,,,none,True,,,,,,,,,,,,,,no_pattern_at_sr
2026-03-10T14:43:32.441365+00:00,BTCUSD,cobra,26551110,H1,HOLD,HOLD,NONE,0,698.0459497530172,0,,,,,,,,,,,,,,,,16.95,16.95,69910.81,70459.98,69273.96,70445.85,,,,,,,,68945.0501441349,69746.06,0.23464071392142646,,,,,,none,True,,,,,,,,,,,,,,no_pattern_at_sr
2026-03-10T14:43:32.443156+00:00,USDJPY.s,cobra,26551110,H1,HOLD,HOLD,NONE,0,0.24956810554512113,0,,,,,,,,,,,,,,,,0.024,0.024,157.828,157.907,157.641,157.643,,,,,,,,157.8787577657971,157.768,0.23640841393224618,,,,,,none,True,,,,,,,,,,,,,,no_pattern_at_sr
2026-03-10T14:43:32.444694+00:00,EURUSD.s,cobra,26551110,H1,HOLD,HOLD,NONE,0,0.0020459013296675217,0,,,,,,,,,,,,,,,,0.00018,0.00018,1.16315,1.1648100000000001,1.16262,1.16479,,,,,,,,1.1604537832159223,1.16383,0.3323718451810774,,,,,,none,True,,,,,,,,,,,,,,no_pattern_at_sr
2026-03-10T14:43:32.446386+00:00,XAUUSD.s,cobra,26551110,H1,HOLD,HOLD,NONE,0,26.15412008875784,0,,,,,,,,,,,,,,,,0.3,0.3,5205.51,5214.31,5185.33,5206.61,,,,,,,,5142.625091223136,5193.035,0.47736264717111127,,,,,,none,True,,,,,,,,,,,,,,no_pattern_at_sr
2026-03-10T14:43:32.448048+00:00,USOUSD.s,cobra,26551110,H1,HOLD,HOLD,NONE,0,3.807417185148027,0,,,,,,,,,,,,,,,,0.079,0.079,87.588,88.483,83.114,83.209,,,,,,,,90.9843312323394,87.434,0.04044736694489891,,,,,,none,True,,,,,,,,,,,,,,no_pattern_at_sr
2026-03-10T14:44:33.057684+00:00,BTCUSD,cobra,26551110,H1,HOLD,HOLD,NONE,0,699.2716640387317,0,,,,,,,,,,,,,,,,17.09,17.09,69910.81,70477.14,69273.96,70432.23,,,,,,,,68945.0501441349,69746.06,0.23422942530520732,,,,,,none,True,,,,,,,,,,,,,,no_pattern_at_sr
2026-03-10T14:44:33.059675+00:00,USDJPY.s,cobra,26551110,H1,HOLD,HOLD,NONE,0,0.2501395341165484,0,,,,,,,,,,,,,,,,0.024,0.024,157.828,157.907,157.633,157.666,,,,,,,,157.8787577657971,157.768,0.23586835327080855,,,,,,none,True,,,,,,,,,,,,,,no_pattern_at_sr
2026-03-10T14:44:33.061598+00:00,EURUSD.s,cobra,26551110,H1,HOLD,HOLD,NONE,0,0.002052329901096088,0,,,,,,,,,,,,,,,,0.00018,0.00018,1.16315,1.1649,1.16262,1.16469,,,,,,,,1.1604537832159223,1.16383,0.33133074737976886,,,,,,none,True,,,,,,,,,,,,,,no_pattern_at_sr
2026-03-10T14:44:33.063252+00:00,XAUUSD.s,cobra,26551110,H1,HOLD,HOLD,NONE,0,26.15412008875784,0,,,,,,,,,,,,,,,,0.3,0.3,5205.51,5214.31,5185.33,5206.03,,,,,,,,5142.625091223136,5193.035,0.47736264717111127,,,,,,none,True,,,,,,,,,,,,,,no_pattern_at_sr
2026-03-10T14:44:33.064946+00:00,USOUSD.s,cobra,26551110,H1,HOLD,HOLD,NONE,0,3.807417185148027,0,,,,,,,,,,,,,,,,0.079,0.079,87.588,88.483,83.114,84.059,,,,,,,,90.9843312323394,87.434,0.04044736694489891,,,,,,none,True,,,,,,,,,,,,,,no_pattern_at_sr
2026-03-10T14:45:33.582478+00:00,BTCUSD,cobra,26551110,H1,HOLD,HOLD,NONE,0,704.4423783244459,0,,,,,,,,,,,,,,,,17.11,17.11,69910.81,70549.53,69273.96,70475.92,,,,,,,,68945.0501441349,69746.06,0.23251014566953151,,,,,,none,True,,,,,,,,,,,,,,no_pattern_at_sr
2026-03-10T14:45:33.584246+00:00,USDJPY.s,cobra,26551110,H1,HOLD,HOLD,NONE,0,0.2501395341165484,0,,,,,,,,,,,,,,,,0.023,0.023,157.828,157.907,157.633,157.664,,,,,,,,157.8787577657971,157.768,0.23586835327080855,,,,,,none,True,,,,,,,,,,,,,,no_pattern_at_sr
2026-03-10T14:45:33.585657+00:00,EURUSD.s,cobra,26551110,H1,HOLD,HOLD,NONE,0,0.002052329901096088,0,,,,,,,,,,,,,,,,0.00018,0.00018,1.16315,1.1649,1.16262,1.16466,,,,,,,,1.1604537832159223,1.16383,0.33133074737976886,,,,,,none,True,,,,,,,,,,,,,,no_pattern_at_sr
2026-03-10T14:45:33.587216+00:00,XAUUSD.s,cobra,26551110,H1,HOLD,HOLD,NONE,0,26.15412008875784,0,,,,,,,,,,,,,,,,0.31,0.31,5205.51,5214.31,5185.33,5207.22,,,,,,,,5142.625091223136,5193.035,0.47736264717111127,,,,,,none,True,,,,,,,,,,,,,,no_pattern_at_sr
2026-03-10T14:45:33.588539+00:00,USOUSD.s,cobra,26551110,H1,HOLD,HOLD,NONE,0,3.807417185148027,0,,,,,,,,,,,,,,,,0.079,0.079,87.588,88.483,83.114,84.024,,,,,,,,90.9843312323394,87.434,0.04044736694489891,,,,,,none,True,,,,,,,,,,,,,,no_pattern_at_sr
2026-03-10T14:46:34.035540+00:00,BTCUSD,cobra,26551110,H1,HOLD,HOLD,NONE,0,704.4423783244459,0,,,,,,,,,,,,,,,,16.95,16.95,69910.81,70549.53,69273.96,70447.35,,,,,,,,68945.0501441349,69746.06,0.23251014566953151,,,,,,none,True,,,,,,,,,,,,,,no_pattern_at_sr
2026-03-10T14:46:34.037198+00:00,USDJPY.s,cobra,26551110,H1,HOLD,HOLD,NONE,0,0.2501395341165484,0,,,,,,,,,,,,,,,,0.024,0.024,157.828,157.907,157.633,157.707,,,,,,,,157.8787577657971,157.768,0.23586835327080855,,,,,,none,True,,,,,,,,,,,,,,no_pattern_at_sr
2026-03-10T14:46:34.038826+00:00,EURUSD.s,cobra,26551110,H1,HOLD,HOLD,NONE,0,0.002052329901096088,0,,,,,,,,,,,,,,,,0.00018,0.00018,1.16315,1.1649,1.16262,1.16446,,,,,,,,1.1604537832159223,1.16383,0.33133074737976886,,,,,,none,True,,,,,,,,,,,,,,no_pattern_at_sr
2026-03-10T14:46:34.040574+00:00,XAUUSD.s,cobra,26551110,H1,HOLD,HOLD,NONE,0,26.15412008875784,0,,,,,,,,,,,,,,,,0.31,0.31,5205.51,5214.31,5185.33,5207.96,,,,,,,,5142.625091223136,5193.035,0.47736264717111127,,,,,,none,True,,,,,,,,,,,,,,no_pattern_at_sr
2026-03-10T14:46:34.042367+00:00,USOUSD.s,cobra,26551110,H1,HOLD,HOLD,NONE,0,3.807417185148027,0,,,,,,,,,,,,,,,,0.079,0.079,87.588,88.483,83.114,84.444,,,,,,,,90.9843312323394,87.434,0.04044736694489891,,,,,,none,True,,,,,,,,,,,,,,no_pattern_at_sr
2026-03-10T14:47:34.493756+00:00,BTCUSD,cobra,26551110,H1,HOLD,HOLD,NONE,0,712.6109497530174,0,,,,,,,,,,,,,,,,16.95,16.95,69910.81,70663.89,69273.96,70647.34,,,,,,,,68945.0501441349,69746.06,0.22984491054589581,,,,,,none,True,,,,,,,,,,,,,,no_pattern_at_sr
2026-03-10T14:47:34.495323+00:00,USDJPY.s,cobra,26551110,H1,HOLD,HOLD,NONE,0,0.2501395341165484,0,,,,,,,,,,,,,,,,0.024,0.024,157.828,157.907,157.633,157.706,,,,,,,,157.8787577657971,157.768,0.23586835327080855,,,,,,none,True,,,,,,,,,,,,,,no_pattern_at_sr
2026-03-10T14:47:34.497042+00:00,EURUSD.s,cobra,26551110,H1,HOLD,HOLD,NONE,0,0.002052329901096088,0,,,,,,,,,,,,,,,,0.00018,0.00018,1.16315,1.1649,1.16262,1.1643,,,,,,,,1.1604537832159223,1.16383,0.33133074737976886,,,,,,none,True,,,,,,,,,,,,,,no_pattern_at_sr
2026-03-10T14:47:34.499407+00:00,XAUUSD.s,cobra,26551110,H1,HOLD,HOLD,NONE,0,26.15412008875784,0,,,,,,,,,,,,,,,,0.3,0.3,5205.51,5214.31,5185.33,5209.96,,,,,,,,5142.625091223136,5193.035,0.47736264717111127,,,,,,none,True,,,,,,,,,,,,,,no_pattern_at_sr
2026-03-10T14:47:34.501382+00:00,USOUSD.s,cobra,26551110,H1,HOLD,HOLD,NONE,0,3.807417185148027,0,,,,,,,,,,,,,,,,0.079,0.079,87.588,88.483,83.114,84.474,,,,,,,,90.9843312323394,87.434,0.04044736694489891,,,,,,none,True,,,,,,,,,,,,,,no_pattern_at_sr
2026-03-10T14:48:34.925181+00:00,BTCUSD,cobra,26551110,H1,HOLD,HOLD,NONE,0,713.4002354673033,0,,,,,,,,,,,,,,,,17.09,17.09,69910.81,70674.94,69273.96,70557.85,,,,,,,,68945.0501441349,69746.06,0.22959061667917685,,,,,,none,True,,,,,,,,,,,,,,no_pattern_at_sr
2026-03-10T14:48:34.927037+00:00,USDJPY.s,cobra,26551110,H1,HOLD,HOLD,NONE,0,0.2501395341165484,0,,,,,,,,,,,,,,,,0.023,0.023,157.828,157.907,157.633,157.744,,,,,,,,157.8787577657971,157.768,0.23586835327080855,,,,,,none,True,,,,,,,,,,,,,,no_pattern_at_sr
2026-03-10T14:48:34.928928+00:00,EURUSD.s,cobra,26551110,H1,HOLD,HOLD,NONE,0,0.002052329901096088,0,,,,,,,,,,,,,,,,0.00018,0.00018,1.16315,1.1649,1.16262,1.16402,,,,,,,,1.1604537832159223,1.16383,0.33133074737976886,,,,,,none,True,,,,,,,,,,,,,,no_pattern_at_sr
2026-03-10T14:48:34.930879+00:00,XAUUSD.s,cobra,26551110,H1,HOLD,HOLD,NONE,0,26.15412008875784,0,,,,,,,,,,,,,,,,0.33,0.33,5205.51,5214.31,5185.33,5207.5,,,,,,,,5142.625091223136,5193.035,0.47736264717111127,,,,,,none,True,,,,,,,,,,,,,,no_pattern_at_sr
2026-03-10T14:48:34.932552+00:00,USOUSD.s,cobra,26551110,H1,HOLD,HOLD,NONE,0,3.807417185148027,0,,,,,,,,,,,,,,,,0.079,0.079,87.588,88.483,83.114,84.559,,,,,,,,90.9843312323394,87.434,0.04044736694489891,,,,,,none,True,,,,,,,,,,,,,,no_pattern_at_sr
2026-03-10T14:49:35.345630+00:00,BTCUSD,cobra,26551110,H1,HOLD,HOLD,NONE,0,713.4002354673033,0,,,,,,,,,,,,,,,,17.06,17.06,69910.81,70674.94,69273.96,70609.93,,,,,,,,68945.0501441349,69746.06,0.22959061667917685,,,,,,none,True,,,,,,,,,,,,,,no_pattern_at_sr
2026-03-10T14:49:35.347902+00:00,USDJPY.s,cobra,26551110,H1,HOLD,HOLD,NONE,0,0.2501395341165484,0,,,,,,,,,,,,,,,,0.024,0.024,157.828,157.907,157.633,157.731,,,,,,,,157.8787577657971,157.768,0.23586835327080855,,,,,,none,True,,,,,,,,,,,,,,no_pattern_at_sr
2026-03-10T14:49:35.350028+00:00,EURUSD.s,cobra,26551110,H1,HOLD,HOLD,NONE,0,0.002052329901096088,0,,,,,,,,,,,,,,,,0.00019,0.00019,1.16315,1.1649,1.16262,1.16415,,,,,,,,1.1604537832159223,1.16383,0.33133074737976886,,,,,,none,True,,,,,,,,,,,,,,no_pattern_at_sr
2026-03-10T14:49:35.352269+00:00,XAUUSD.s,cobra,26551110,H1,HOLD,HOLD,NONE,0,26.15412008875784,0,,,,,,,,,,,,,,,,0.31,0.31,5205.51,5214.31,5185.33,5206.66,,,,,,,,5142.625091223136,5193.035,0.47736264717111127,,,,,,none,True,,,,,,,,,,,,,,no_pattern_at_sr
2026-03-10T14:49:35.354100+00:00,USOUSD.s,cobra,26551110,H1,HOLD,HOLD,NONE,0,3.807417185148027,0,,,,,,,,,,,,,,,,0.079,0.079,87.588,88.483,83.114,84.249,,,,,,,,90.9843312323394,87.434,0.04044736694489891,,,,,,none,True,,,,,,,,,,,,,,no_pattern_at_sr
2026-03-10T14:50:35.826023+00:00,BTCUSD,cobra,26551110,H1,HOLD,HOLD,NONE,0,726.6195211815885,0,,,,,,,,,,,,,,,,17.0,17.0,69910.81,70860.01,69273.96,70816.14,,,,,,,,68945.0501441349,69746.06,0.225413707209052,,,,,,none,True,,,,,,,,,,,,,,no_pattern_at_sr
2026-03-10T14:50:35.827644+00:00,USDJPY.s,cobra,26551110,H1,HOLD,HOLD,NONE,0,0.2501395341165484,0,,,,,,,,,,,,,,,,0.023,0.023,157.828,157.907,157.633,157.703,,,,,,,,157.8787577657971,157.768,0.23586835327080855,,,,,,none,True,,,,,,,,,,,,,,no_pattern_at_sr
2026-03-10T14:50:35.829253+00:00,EURUSD.s,cobra,26551110,H1,HOLD,HOLD,NONE,0,0.002052329901096088,0,,,,,,,,,,,,,,,,0.00018,0.00018,1.16315,1.1649,1.16262,1.16441,,,,,,,,1.1604537832159223,1.16383,0.33133074737976886,,,,,,none,True,,,,,,,,,,,,,,no_pattern_at_sr
2026-03-10T14:50:35.830906+00:00,XAUUSD.s,cobra,26551110,H1,HOLD,HOLD,NONE,0,26.15412008875784,0,,,,,,,,,,,,,,,,0.31,0.31,5205.51,5214.31,5185.33,5209.12,,,,,,,,5142.625091223136,5193.035,0.47736264717111127,,,,,,none,True,,,,,,,,,,,,,,no_pattern_at_sr
2026-03-10T14:50:35.832383+00:00,USOUSD.s,cobra,26551110,H1,HOLD,HOLD,NONE,0,3.807417185148027,0,,,,,,,,,,,,,,,,0.079,0.079,87.588,88.483,83.114,84.024,,,,,,,,90.9843312323394,87.434,0.04044736694489891,,,,,,none,True,,,,,,,,,,,,,,no_pattern_at_sr
2026-03-10T14:51:36.361269+00:00,BTCUSD,cobra,26551110,H1,HOLD,HOLD,NONE,0,726.6195211815885,0,,,,,,,,,,,,,,,,17.05,17.05,69910.81,70860.01,69273.96,70823.58,,,,,,,,68945.0501441349,69746.06,0.225413707209052,,,,,,none,True,,,,,,,,,,,,,,no_pattern_at_sr
2026-03-10T14:51:36.362905+00:00,USDJPY.s,cobra,26551110,H1,HOLD,HOLD,NONE,0,0.2501395341165484,0,,,,,,,,,,,,,,,,0.023,0.023,157.828,157.907,157.633,157.701,,,,,,,,157.8787577657971,157.768,0.23586835327080855,,,,,,none,True,,,,,,,,,,,,,,no_pattern_at_sr
2026-03-10T14:51:36.364546+00:00,EURUSD.s,cobra,26551110,H1,HOLD,HOLD,NONE,0,0.002052329901096088,0,,,,,,,,,,,,,,,,0.00018,0.00018,1.16315,1.1649,1.16262,1.16459,,,,,,,,1.1604537832159223,1.16383,0.33133074737976886,,,,,,none,True,,,,,,,,,,,,,,no_pattern_at_sr
2026-03-10T14:51:36.365988+00:00,XAUUSD.s,cobra,26551110,H1,HOLD,HOLD,NONE,0,26.15412008875784,0,,,,,,,,,,,,,,,,0.31,0.31,5205.51,5214.31,5185.33,5209.62,,,,,,,,5142.625091223136,5193.035,0.47736264717111127,,,,,,none,True,,,,,,,,,,,,,,no_pattern_at_sr
2026-03-10T14:51:36.367700+00:00,USOUSD.s,cobra,26551110,H1,HOLD,HOLD,NONE,0,3.807417185148027,0,,,,,,,,,,,,,,,,0.099,0.099,87.588,88.483,83.114,84.394,,,,,,,,90.9843312323394,87.434,0.04044736694489891,,,,,,none,True,,,,,,,,,,,,,,no_pattern_at_sr
2026-03-10T14:52:36.819277+00:00,BTCUSD,cobra,26551110,H1,HOLD,HOLD,NONE,0,729.461664038732,0,,,,,,,,,,,,,,,,17.09,17.09,69910.81,70899.8,69273.96,70835.36,,,,,,,,68945.0501441349,69746.06,0.22453544589741653,,,,,,none,True,,,,,,,,,,,,,,no_pattern_at_sr
2026-03-10T14:52:36.820981+00:00,USDJPY.s,cobra,26551110,H1,HOLD,HOLD,NONE,0,0.2501395341165484,0,,,,,,,,,,,,,,,,0.024,0.024,157.828,157.907,157.633,157.704,,,,,,,,157.8787577657971,157.768,0.23586835327080855,,,,,,none,True,,,,,,,,,,,,,,no_pattern_at_sr
2026-03-10T14:52:36.822390+00:00,EURUSD.s,cobra,26551110,H1,HOLD,HOLD,NONE,0,0.002052329901096088,0,,,,,,,,,,,,,,,,0.00019,0.00019,1.16315,1.1649,1.16262,1.1644,,,,,,,,1.1604537832159223,1.16383,0.33133074737976886,,,,,,none,True,,,,,,,,,,,,,,no_pattern_at_sr
2026-03-10T14:52:36.824102+00:00,XAUUSD.s,cobra,26551110,H1,HOLD,HOLD,NONE,0,26.15412008875784,0,,,,,,,,,,,,,,,,0.33,0.33,5205.51,5214.31,5185.33,5209.95,,,,,,,,5142.625091223136,5193.035,0.47736264717111127,,,,,,none,True,,,,,,,,,,,,,,no_pattern_at_sr
2026-03-10T14:52:36.826001+00:00,USOUSD.s,cobra,26551110,H1,HOLD,HOLD,NONE,0,3.807417185148027,0,,,,,,,,,,,,,,,,0.079,0.079,87.588,88.483,83.114,84.368,,,,,,,,90.9843312323394,87.434,0.04044736694489891,,,,,,none,True,,,,,,,,,,,,,,no_pattern_at_sr
2026-03-10T14:53:37.341688+00:00,BTCUSD,cobra,26551110,H1,HOLD,HOLD,NONE,0,738.2616640387317,0,,,,,,,,,,,,,,,,17.07,17.07,69910.81,71023.0,69273.96,71015.62,,,,,,,,68945.0501441349,69746.06,0.2218590074201864,,,,,,none,True,,,,,,,,,,,,,,no_pattern_at_sr
2026-03-10T14:53:37.343396+00:00,USDJPY.s,cobra,26551110,H1,HOLD,HOLD,NONE,0,0.2501395341165484,0,,,,,,,,,,,,,,,,0.023,0.023,157.828,157.907,157.633,157.679,,,,,,,,157.8787577657971,157.768,0.23586835327080855,,,,,,none,True,,,,,,,,,,,,,,no_pattern_at_sr
2026-03-10T14:53:37.345201+00:00,EURUSD.s,cobra,26551110,H1,HOLD,HOLD,NONE,0,0.002052329901096088,0,,,,,,,,,,,,,,,,0.00019,0.00019,1.16315,1.1649,1.16262,1.1647,,,,,,,,1.1604537832159223,1.16383,0.33133074737976886,,,,,,none,True,,,,,,,,,,,,,,no_pattern_at_sr
2026-03-10T14:53:37.347457+00:00,XAUUSD.s,cobra,26551110,H1,HOLD,HOLD,NONE,0,26.15412008875784,0,,,,,,,,,,,,,,,,0.31,0.31,5205.51,5214.31,5185.33,5210.96,,,,,,,,5142.625091223136,5193.035,0.47736264717111127,,,,,,none,True,,,,,,,,,,,,,,no_pattern_at_sr
2026-03-10T14:53:37.349445+00:00,USOUSD.s,cobra,26551110,H1,HOLD,HOLD,NONE,0,3.807417185148027,0,,,,,,,,,,,,,,,,0.079,0.079,87.588,88.483,83.114,84.049,,,,,,,,90.9843312323394,87.434,0.04044736694489891,,,,,,none,True,,,,,,,,,,,,,,no_pattern_at_sr
2026-03-10T14:54:37.782234+00:00,BTCUSD,cobra,26551110,H1,HOLD,HOLD,NONE,0,748.6338068958751,0,,,,,,,,,,,,,,,,17.02,17.02,69910.81,71168.21,69273.96,71065.71,,,,,,,,68945.0501441349,69746.06,0.21878520378226674,,,,,,none,True,,,,,,,,,,,,,,no_pattern_at_sr
2026-03-10T14:54:37.784166+00:00,USDJPY.s,cobra,26551110,H1,HOLD,HOLD,NONE,0,0.2501395341165484,0,,,,,,,,,,,,,,,,0.024,0.024,157.828,157.907,157.633,157.673,,,,,,,,157.8787577657971,157.768,0.23586835327080855,,,,,,none,True,,,,,,,,,,,,,,no_pattern_at_sr
2026-03-10T14:54:37.786057+00:00,EURUSD.s,cobra,26551110,H1,HOLD,HOLD,NONE,0,0.002052329901096088,0,,,,,,,,,,,,,,,,0.00018,0.00018,1.16315,1.1649,1.16262,1.16458,,,,,,,,1.1604537832159223,1.16383,0.33133074737976886,,,,,,none,True,,,,,,,,,,,,,,no_pattern_at_sr
2026-03-10T14:54:37.788156+00:00,XAUUSD.s,cobra,26551110,H1,HOLD,HOLD,NONE,0,26.15412008875784,0,,,,,,,,,,,,,,,,0.34,0.34,5205.51,5214.31,5185.33,5211.47,,,,,,,,5142.625091223136,5193.035,0.47736264717111127,,,,,,none,True,,,,,,,,,,,,,,no_pattern_at_sr
2026-03-10T14:54:37.789970+00:00,USOUSD.s,cobra,26551110,H1,HOLD,HOLD,NONE,0,3.807417185148027,0,,,,,,,,,,,,,,,,0.099,0.099,87.588,88.483,83.114,83.854,,,,,,,,90.9843312323394,87.434,0.04044736694489891,,,,,,none,True,,,,,,,,,,,,,,no_pattern_at_sr
2026-03-10T14:55:38.280423+00:00,BTCUSD,cobra,26551110,H1,HOLD,HOLD,NONE,0,750.739521181589,0,,,,,,,,,,,,,,,,16.94,16.94,69910.81,71197.69,69273.96,71172.46,,,,,,,,68945.0501441349,69746.06,0.2181715433632947,,,,,,none,True,,,,,,,,,,,,,,no_pattern_at_sr
2026-03-10T14:55:38.282249+00:00,USDJPY.s,cobra,26551110,H1,HOLD,HOLD,NONE,0,0.2501395341165484,0,,,,,,,,,,,,,,,,0.024,0.024,157.828,157.907,157.633,157.681,,,,,,,,157.8787577657971,157.768,0.23586835327080855,,,,,,none,True,,,,,,,,,,,,,,no_pattern_at_sr
2026-03-10T14:55:38.283802+00:00,EURUSD.s,cobra,26551110,H1,HOLD,HOLD,NONE,0,0.002052329901096088,0,,,,,,,,,,,,,,,,0.00018,0.00018,1.16315,1.1649,1.16262,1.16462,,,,,,,,1.1604537832159223,1.16383,0.33133074737976886,,,,,,none,True,,,,,,,,,,,,,,no_pattern_at_sr
2026-03-10T14:55:38.285613+00:00,XAUUSD.s,cobra,26551110,H1,HOLD,HOLD,NONE,0,26.15412008875784,0,,,,,,,,,,,,,,,,0.37,0.37,5205.51,5214.31,5185.33,5209.95,,,,,,,,5142.625091223136,5193.035,0.47736264717111127,,,,,,none,True,,,,,,,,,,,,,,no_pattern_at_sr
2026-03-10T14:55:38.287319+00:00,USOUSD.s,cobra,26551110,H1,HOLD,HOLD,NONE,0,3.807417185148027,0,,,,,,,,,,,,,,,,0.079,0.079,87.588,88.483,83.114,83.939,,,,,,,,90.9843312323394,87.434,0.04044736694489891,,,,,,none,True,,,,,,,,,,,,,,no_pattern_at_sr
2026-03-10T14:56:38.790686+00:00,BTCUSD,cobra,26551110,H1,HOLD,HOLD,NONE,0,768.9373783244465,0,,,,,,,,,,,,,,,,17.08,17.08,69910.81,71452.46,69273.96,71431.87,,,,,,,,68945.0501441349,69746.06,0.21300824308595176,,,,,,none,True,,,,,,,,,,,,,,no_pattern_at_sr
2026-03-10T14:56:38.792357+00:00,USDJPY.s,cobra,26551110,H1,HOLD,HOLD,NONE,0,0.2501395341165484,0,,,,,,,,,,,,,,,,0.024,0.024,157.828,157.907,157.633,157.679,,,,,,,,157.8787577657971,157.768,0.23586835327080855,,,,,,none,True,,,,,,,,,,,,,,no_pattern_at_sr
2026-03-10T14:56:38.794201+00:00,EURUSD.s,cobra,26551110,H1,HOLD,HOLD,NONE,0,0.002052329901096088,0,,,,,,,,,,,,,,,,0.00018,0.00018,1.16315,1.1649,1.16262,1.16483,,,,,,,,1.1604537832159223,1.16383,0.33133074737976886,,,,,,none,True,,,,,,,,,,,,,,no_pattern_at_sr
2026-03-10T14:56:38.796045+00:00,XAUUSD.s,cobra,26551110,H1,HOLD,HOLD,NONE,0,26.15412008875784,0,,,,,,,,,,,,,,,,0.36,0.36,5205.51,5214.31,5185.33,5209.68,,,,,,,,5142.625091223136,5193.035,0.47736264717111127,,,,,,none,True,,,,,,,,,,,,,,no_pattern_at_sr
2026-03-10T14:56:38.797790+00:00,USOUSD.s,cobra,26551110,H1,HOLD,HOLD,NONE,0,3.807417185148027,0,,,,,,,,,,,,,,,,0.079,0.079,87.588,88.483,83.114,83.853,,,,,,,,90.9843312323394,87.434,0.04044736694489891,,,,,,none,True,,,,,,,,,,,,,,no_pattern_at_sr
2026-03-10T14:57:39.510865+00:00,BTCUSD,cobra,26551110,H1,HOLD,HOLD,NONE,0,773.3173783244459,0,,,,,,,,,,,,,,,,17.1,17.1,69910.81,71513.78,69273.96,71490.93,,,,,,,,68945.0501441349,69746.06,0.21180178357674243,,,,,,none,True,,,,,,,,,,,,,,no_pattern_at_sr
2026-03-10T14:57:39.512266+00:00,USDJPY.s,cobra,26551110,H1,HOLD,HOLD,NONE,0,0.2501395341165484,0,,,,,,,,,,,,,,,,0.024,0.024,157.828,157.907,157.633,157.711,,,,,,,,157.8787577657971,157.768,0.23586835327080855,,,,,,none,True,,,,,,,,,,,,,,no_pattern_at_sr
2026-03-10T14:57:39.513959+00:00,EURUSD.s,cobra,26551110,H1,HOLD,HOLD,NONE,0,0.002052329901096088,0,,,,,,,,,,,,,,,,0.00018,0.00018,1.16315,1.1649,1.16262,1.16465,,,,,,,,1.1604537832159223,1.16383,0.33133074737976886,,,,,,none,True,,,,,,,,,,,,,,no_pattern_at_sr
2026-03-10T14:57:39.516001+00:00,XAUUSD.s,cobra,26551110,H1,HOLD,HOLD,NONE,0,26.15412008875784,0,,,,,,,,,,,,,,,,0.3,0.3,5205.51,5214.31,5185.33,5211.13,,,,,,,,5142.625091223136,5193.035,0.47736264717111127,,,,,,none,True,,,,,,,,,,,,,,no_pattern_at_sr
2026-03-10T14:57:39.518039+00:00,USOUSD.s,cobra,26551110,H1,HOLD,HOLD,NONE,0,3.807417185148027,0,,,,,,,,,,,,,,,,0.099,0.099,87.588,88.483,83.114,84.224,,,,,,,,90.9843312323394,87.434,0.04044736694489891,,,,,,none,True,,,,,,,,,,,,,,no_pattern_at_sr
2026-03-10T14:58:40.166911+00:00,BTCUSD,cobra,26551110,H1,HOLD,HOLD,NONE,0,773.7816640387316,0,,,,,,,,,,,,,,,,17.05,17.05,69910.81,71520.28,69273.96,71391.64,,,,,,,,68945.0501441349,69746.06,0.21167469793108157,,,,,,none,True,,,,,,,,,,,,,,no_pattern_at_sr
2026-03-10T14:58:40.168798+00:00,USDJPY.s,cobra,26551110,H1,HOLD,HOLD,NONE,0,0.2501395341165484,0,,,,,,,,,,,,,,,,0.023,0.023,157.828,157.907,157.633,157.675,,,,,,,,157.8787577657971,157.768,0.23586835327080855,,,,,,none,True,,,,,,,,,,,,,,no_pattern_at_sr
2026-03-10T14:58:40.170660+00:00,EURUSD.s,cobra,26551110,H1,HOLD,HOLD,NONE,0,0.002052329901096088,0,,,,,,,,,,,,,,,,0.00019,0.00019,1.16315,1.1649,1.16262,1.16485,,,,,,,,1.1604537832159223,1.16383,0.33133074737976886,,,,,,none,True,,,,,,,,,,,,,,no_pattern_at_sr
2026-03-10T14:58:40.172564+00:00,XAUUSD.s,cobra,26551110,H1,HOLD,HOLD,NONE,0,26.15412008875784,0,,,,,,,,,,,,,,,,0.34,0.34,5205.51,5214.31,5185.33,5210.35,,,,,,,,5142.625091223136,5193.035,0.47736264717111127,,,,,,none,True,,,,,,,,,,,,,,no_pattern_at_sr
2026-03-10T14:58:40.174388+00:00,USOUSD.s,cobra,26551110,H1,HOLD,HOLD,NONE,0,3.807417185148027,0,,,,,,,,,,,,,,,,0.079,0.079,87.588,88.483,83.114,84.424,,,,,,,,90.9843312323394,87.434,0.04044736694489891,,,,,,none,True,,,,,,,,,,,,,,no_pattern_at_sr
2026-03-10T14:59:41.428083+00:00,BTCUSD,cobra,26551110,H1,HOLD,HOLD,NONE,0,773.7816640387316,0,,,,,,,,,,,,,,,,17.04,17.04,69910.81,71520.28,69273.96,71385.21,,,,,,,,68945.0501441349,69746.06,0.21167469793108157,,,,,,none,True,,,,,,,,,,,,,,no_pattern_at_sr
2026-03-10T14:59:41.430227+00:00,USDJPY.s,cobra,26551110,H1,HOLD,HOLD,NONE,0,0.2501395341165484,0,,,,,,,,,,,,,,,,0.023,0.023,157.828,157.907,157.633,157.667,,,,,,,,157.8787577657971,157.768,0.23586835327080855,,,,,,none,True,,,,,,,,,,,,,,no_pattern_at_sr
2026-03-10T14:59:41.432332+00:00,EURUSD.s,cobra,26551110,H1,HOLD,HOLD,NONE,0,0.002055901329667508,0,,,,,,,,,,,,,,,,0.00019,0.00019,1.16315,1.16495,1.16262,1.16491,,,,,,,,1.1604537832159223,1.16383,0.3307551730169791,,,,,,none,True,,,,,,,,,,,,,,no_pattern_at_sr
2026-03-10T14:59:41.434641+00:00,XAUUSD.s,cobra,26551110,H1,HOLD,HOLD,NONE,0,26.15412008875784,0,,,,,,,,,,,,,,,,0.32,0.32,5205.51,5214.31,5185.33,5209.32,,,,,,,,5142.625091223136,5193.035,0.47736264717111127,,,,,,none,True,,,,,,,,,,,,,,no_pattern_at_sr
2026-03-10T14:59:41.436748+00:00,USOUSD.s,cobra,26551110,H1,HOLD,HOLD,NONE,0,3.807417185148027,0,,,,,,,,,,,,,,,,0.079,0.079,87.588,88.483,83.114,84.314,,,,,,,,90.9843312323394,87.434,0.04044736694489891,,,,,,none,True,,,,,,,,,,,,,,no_pattern_at_sr
2026-03-10T15:00:42.494336+00:00,BTCUSD,cobra,26551110,H1,HOLD,HOLD,NONE,0,730.0751315885327,0,,,,,,,,,,,,,,,,17.11,17.11,71459.99,71560.41,71398.52,71529.18,,,,,,,,69043.49149477732,71295.24,0.22563431196672654,,,,,,none,True,,,,,,,,,,,,,,no_pattern_at_sr
2026-03-10T15:00:42.496744+00:00,USDJPY.s,cobra,26551110,H1,SELL,SELL,ENGULFING,0.75,0.234129569939734,0,,,,,,,,,,,,,,,,0.023,0.023,157.68,157.683,157.657,157.657,,,,,,,,157.87102697408125,,,BEARISH_ENGULF,,,0.6278574724150812,,BEARISH_ENGULF,False,,,,,,,,,,,,,,
2026-03-10T15:00:44.778842+00:00,USDJPY.s,cobra,26551110,H1,SELL_EXECUTED,SELL_EXECUTED,ENGULFING,0.75,0.234129569939734,1,157.658,158.0091943549096,,156.78001411272595,,0.06,290782294,,,,,,,1136.13,1164.94,0.023,0.023,157.68,157.683,157.657,157.657,,,,,,,,157.87102697408125,,,BEARISH_ENGULF,,,0.6278574724150812,,,,,,,,,,,,,,,,,
2026-03-10T15:00:45.921904+00:00,EURUSD.s,cobra,26551110,H1,BUY,BUY,ENGULFING,0.75,0.0019269084044805619,0,,,,,,,,,,,,,,,,0.00019,0.00019,1.16475,1.16497,1.16472,1.16497,,,,,,,,1.160622073962859,,,BULLISH_ENGULF,,,0.830345643975412,,BULLISH_ENGULF,False,,,,,,,,,,,,,,
2026-03-10T15:00:48.147573+00:00,EURUSD.s,cobra,26551110,H1,BUY_EXECUTED,BUY_EXECUTED,ENGULFING,0.75,0.0019269084044805619,1,1.16515,1.1628184408305784,,1.1709788979235536,,0.05,290782313,,,,,,,1136.13,1163.71,0.00019,0.00019,1.16475,1.16497,1.16472,1.16497,,,,,,,,1.160622073962859,,,BULLISH_ENGULF,,,0.830345643975412,,,,,,,,,,,,,,,,,
2026-03-10T15:00:49.146183+00:00,XAUUSD.s,cobra,26551110,H1,HOLD,HOLD,NONE,0,24.734540022770403,0,,,,,,,,,,,,,,,,0.34,0.34,5206.7,5209.51,5203.23,5209.0,,,,,,,,5145.139309614724,5186.373333333334,0.8221970834284517,,,,,,none,True,,,,,,,,,,,,,,no_pattern_at_sr
2026-03-10T15:00:49.160386+00:00,USOUSD.s,cobra,26551110,H1,HOLD,HOLD,NONE,0,3.5618874005197783,0,,,,,,,,,,,,,,,,0.079,0.079,84.214,84.448,84.078,84.293,,,,,,,,90.71917695457071,85.2775,0.2957701582161931,,,,,,none,True,,,,,,,,,,,,,,no_pattern_at_sr
2026-03-10T15:01:50.320261+00:00,BTCUSD,cobra,26551110,H1,HOLD,HOLD,NONE,0,730.0751315885327,0,,,,,,,,,,,,,,,,16.94,16.94,71459.99,71560.41,71398.52,71499.34,,,,,,,,69043.49149477732,71295.24,0.22563431196672654,,,,,,none,True,,,,,,,,,,,,,,no_pattern_at_sr
2026-03-10T15:01:50.335612+00:00,XAUUSD.s,cobra,26551110,H1,HOLD,HOLD,NONE,0,25.030254308484647,0,,,,,,,,,,,,,,,,0.32,0.32,5206.7,5213.65,5203.23,5212.35,,,,,,,,5145.139309614724,5186.373333333334,0.8124834217034902,,,,,,none,True,,,,,,,,,,,,,,no_pattern_at_sr
2026-03-10T15:01:50.350668+00:00,USOUSD.s,cobra,26551110,H1,HOLD,HOLD,NONE,0,3.5900302576626357,0,,,,,,,,,,,,,,,,0.079,0.079,84.214,84.448,83.684,83.983,,,,,,,,90.71917695457071,85.2775,0.2934515656940181,,,,,,none,True,,,,,,,,,,,,,,no_pattern_at_sr
2026-03-10T15:02:51.212592+00:00,BTCUSD,cobra,26551110,H1,HOLD,HOLD,NONE,0,731.9144173028184,0,,,,,,,,,,,,,,,,17.0,17.0,71459.99,71586.16,71398.52,71492.93,,,,,,,,69043.49149477732,71295.24,0.2250672976316593,,,,,,none,True,,,,,,,,,,,,,,no_pattern_at_sr
2026-03-10T15:02:51.227801+00:00,XAUUSD.s,cobra,26551110,H1,HOLD,HOLD,NONE,0,25.09096859419896,0,,,,,,,,,,,,,,,,0.31,0.31,5206.7,5214.5,5203.23,5214.39,,,,,,,,5145.139309614724,5186.373333333334,0.8105174015230316,,,,,,none,True,,,,,,,,,,,,,,no_pattern_at_sr
2026-03-10T15:02:51.244188+00:00,USOUSD.s,cobra,26551110,H1,HOLD,HOLD,NONE,0,3.5950302576626356,0,,,,,,,,,,,,,,,,0.079,0.079,84.214,84.448,83.614,84.029,,,,,,,,90.71917695457071,85.2775,0.29304343065110916,,,,,,none,True,,,,,,,,,,,,,,no_pattern_at_sr
2026-03-10T15:03:52.293972+00:00,BTCUSD,cobra,26551110,H1,HOLD,HOLD,NONE,0,734.8901315885329,0,,,,,,,,,,,,,,,,17.1,17.1,71459.99,71586.16,71356.86,71388.39,,,,,,,,69043.49149477732,71295.24,0.22415595599837057,,,,,,none,True,,,,,,,,,,,,,,no_pattern_at_sr
2026-03-10T15:03:52.303635+00:00,XAUUSD.s,cobra,26551110,H1,HOLD,HOLD,NONE,0,25.188825737056092,0,,,,,,,,,,,,,,,,0.31,0.31,5206.7,5215.87,5203.23,5213.97,,,,,,,,5145.139309614724,5186.373333333334,0.8073685879190552,,,,,,none,True,,,,,,,,,,,,,,no_pattern_at_sr
2026-03-10T15:03:52.312778+00:00,USOUSD.s,cobra,26551110,H1,HOLD,HOLD,NONE,0,3.6115302576626362,0,,,,,,,,,,,,,,,,0.079,0.079,84.214,84.679,83.614,84.409,,,,,,,,90.71917695457071,85.2775,0.29170460299059475,,,,,,none,True,,,,,,,,,,,,,,no_pattern_at_sr
2026-03-10T15:04:52.707496+00:00,BTCUSD,cobra,26551110,H1,HOLD,HOLD,NONE,0,743.0658458742466,0,,,,,,,,,,,,,,,,17.06,17.06,71459.99,71700.62,71356.86,71686.56,,,,,,,,69043.49149477732,71295.24,0.22168964017742532,,,,,,none,True,,,,,,,,,,,,,,no_pattern_at_sr
2026-03-10T15:04:52.722099+00:00,XAUUSD.s,cobra,26551110,H1,HOLD,HOLD,NONE,0,25.188825737056092,0,,,,,,,,,,,,,,,,0.3,0.3,5206.7,5215.87,5203.23,5214.57,,,,,,,,5145.139309614724,5186.373333333334,0.8073685879190552,,,,,,none,True,,,,,,,,,,,,,,no_pattern_at_sr
2026-03-10T15:04:52.736139+00:00,USOUSD.s,cobra,26551110,H1,HOLD,HOLD,NONE,0,3.6115302576626362,0,,,,,,,,,,,,,,,,0.079,0.079,84.214,84.679,83.614,84.144,,,,,,,,90.71917695457071,85.2775,0.29170460299059475,,,,,,none,True,,,,,,,,,,,,,,no_pattern_at_sr
2026-03-10T15:05:53.133169+00:00,BTCUSD,cobra,26551110,H1,HOLD,HOLD,NONE,0,748.2508458742474,0,,,,,,,,,,,,,,,,16.97,16.97,71459.99,71773.21,71356.86,71394.84,,,,,,,,69043.49149477732,71295.24,0.22015344307098958,,,,,,none,True,,,,,,,,,,,,,,no_pattern_at_sr
2026-03-10T15:05:53.148069+00:00,XAUUSD.s,cobra,26551110,H1,HOLD,HOLD,NONE,0,25.188825737056092,0,,,,,,,,,,,,,,,,0.31,0.31,5206.7,5215.87,5203.23,5210.65,,,,,,,,5145.139309614724,5186.373333333334,0.8073685879190552,,,,,,none,True,,,,,,,,,,,,,,no_pattern_at_sr
2026-03-10T15:05:53.164282+00:00,USOUSD.s,cobra,26551110,H1,HOLD,HOLD,NONE,0,3.6115302576626362,0,,,,,,,,,,,,,,,,0.079,0.079,84.214,84.679,83.614,84.184,,,,,,,,90.71917695457071,85.2775,0.29170460299059475,,,,,,none,True,,,,,,,,,,,,,,no_pattern_at_sr
2026-03-10T15:06:53.749991+00:00,BTCUSD,cobra,26551110,H1,HOLD,HOLD,NONE,0,757.0279887313906,0,,,,,,,,,,,,,,,,17.03,17.03,71459.99,71773.21,71233.98,71234.6,,,,,,,,69043.49149477732,71295.24,0.21760093741850486,,,,,,none,True,,,,,,,,,,,,,,no_pattern_at_sr
2026-03-10T15:06:53.765639+00:00,XAUUSD.s,cobra,26551110,H1,HOLD,HOLD,NONE,0,25.188825737056092,0,,,,,,,,,,,,,,,,0.34,0.34,5206.7,5215.87,5203.23,5211.76,,,,,,,,5145.139309614724,5186.373333333334,0.8073685879190552,,,,,,none,True,,,,,,,,,,,,,,no_pattern_at_sr
2026-03-10T15:06:53.780262+00:00,USOUSD.s,cobra,26551110,H1,HOLD,HOLD,NONE,0,3.6115302576626362,0,,,,,,,,,,,,,,,,0.079,0.079,84.214,84.679,83.614,84.139,,,,,,,,90.71917695457071,85.2775,0.29170460299059475,,,,,,none,True,,,,,,,,,,,,,,no_pattern_at_sr
2026-03-10T15:07:54.225001+00:00,BTCUSD,cobra,26551110,H1,HOLD,HOLD,NONE,0,763.5794173028193,0,,,,,,,,,,,,,,,,16.96,16.96,71459.99,71773.21,71142.26,71213.53,,,,,,,,69043.49149477732,71295.24,0.21573394497964515,,,,,,none,True,,,,,,,,,,,,,,no_pattern_at_sr
2026-03-10T15:07:54.240174+00:00,XAUUSD.s,cobra,26551110,H1,HOLD,HOLD,NONE,0,25.188825737056092,0,,,,,,,,,,,,,,,,0.3,0.3,5206.7,5215.87,5203.23,5214.06,,,,,,,,5145.139309614724,5186.373333333334,0.8073685879190552,,,,,,none,True,,,,,,,,,,,,,,no_pattern_at_sr
2026-03-10T15:07:54.254970+00:00,USOUSD.s,cobra,26551110,H1,HOLD,HOLD,NONE,0,3.6115302576626362,0,,,,,,,,,,,,,,,,0.079,0.079,84.214,84.679,83.614,84.159,,,,,,,,90.71917695457071,85.2775,0.29170460299059475,,,,,,none,True,,,,,,,,,,,,,,no_pattern_at_sr
2026-03-10T15:08:54.807580+00:00,BTCUSD,cobra,26551110,H1,HOLD,HOLD,NONE,0,763.5794173028193,0,,,,,,,,,,,,,,,,17.08,17.08,71459.99,71773.21,71142.26,71260.98,,,,,,,,69043.49149477732,71295.24,0.21573394497964515,,,,,,none,True,,,,,,,,,,,,,,no_pattern_at_sr
2026-03-10T15:08:54.822425+00:00,XAUUSD.s,cobra,26551110,H1,HOLD,HOLD,NONE,0,25.188825737056092,0,,,,,,,,,,,,,,,,0.3,0.3,5206.7,5215.87,5203.23,5214.59,,,,,,,,5145.139309614724,5186.373333333334,0.8073685879190552,,,,,,none,True,,,,,,,,,,,,,,no_pattern_at_sr
2026-03-10T15:08:54.837187+00:00,USOUSD.s,cobra,26551110,H1,HOLD,HOLD,NONE,0,3.6115302576626362,0,,,,,,,,,,,,,,,,0.079,0.079,84.214,84.679,83.614,83.894,,,,,,,,90.71917695457071,85.2775,0.29170460299059475,,,,,,none,True,,,,,,,,,,,,,,no_pattern_at_sr
2026-03-10T15:09:55.275162+00:00,BTCUSD,cobra,26551110,H1,HOLD,HOLD,NONE,0,763.5794173028193,0,,,,,,,,,,,,,,,,17.07,17.07,71459.99,71773.21,71142.26,71158.93,,,,,,,,69043.49149477732,71295.24,0.21573394497964515,,,,,,none,True,,,,,,,,,,,,,,no_pattern_at_sr
2026-03-10T15:09:55.290507+00:00,XAUUSD.s,cobra,26551110,H1,HOLD,HOLD,NONE,0,25.28454002277039,0,,,,,,,,,,,,,,,,0.31,0.31,5206.7,5217.21,5203.23,5216.76,,,,,,,,5145.139309614724,5186.373333333334,0.804312305003438,,,,,,none,True,,,,,,,,,,,,,,no_pattern_at_sr
2026-03-10T15:09:55.305497+00:00,USOUSD.s,cobra,26551110,H1,HOLD,HOLD,NONE,0,3.6115302576626362,0,,,,,,,,,,,,,,,,0.079,0.079,84.214,84.679,83.614,83.853,,,,,,,,90.71917695457071,85.2775,0.29170460299059475,,,,,,none,True,,,,,,,,,,,,,,no_pattern_at_sr
2026-03-10T15:10:55.688996+00:00,BTCUSD,cobra,26551110,H1,HOLD,HOLD,NONE,0,768.4387030171049,0,,,,,,,,,,,,,,,,17.01,17.01,71459.99,71773.21,71074.23,71283.45,,,,,,,,69043.49149477732,71295.24,0.21436973353010455,,,,,,none,True,,,,,,,,,,,,,,no_pattern_at_sr
2026-03-10T15:10:55.705824+00:00,XAUUSD.s,cobra,26551110,H1,HOLD,HOLD,NONE,0,25.445968594198977,0,,,,,,,,,,,,,,,,0.31,0.31,5206.7,5219.47,5203.23,5219.45,,,,,,,,5145.139309614724,5186.373333333334,0.7992097683914602,,,,,,none,True,,,,,,,,,,,,,,no_pattern_at_sr
2026-03-10T15:10:55.720988+00:00,USOUSD.s,cobra,26551110,H1,HOLD,HOLD,NONE,0,3.6115302576626362,0,,,,,,,,,,,,,,,,0.099,0.099,84.214,84.679,83.614,84.234,,,,,,,,90.71917695457071,85.2775,0.29170460299059475,,,,,,none,True,,,,,,,,,,,,,,no_pattern_at_sr
2026-03-10T15:11:56.099574+00:00,BTCUSD,cobra,26551110,H1,HOLD,HOLD,NONE,0,768.4387030171049,0,,,,,,,,,,,,,,,,17.0,17.0,71459.99,71773.21,71074.23,71281.76,,,,,,,,69043.49149477732,71295.24,0.21436973353010455,,,,,,none,True,,,,,,,,,,,,,,no_pattern_at_sr
2026-03-10T15:11:56.116472+00:00,XAUUSD.s,cobra,26551110,H1,HOLD,HOLD,NONE,0,25.55739716562751,0,,,,,,,,,,,,,,,,0.33,0.33,5206.7,5221.03,5203.23,5219.49,,,,,,,,5145.139309614724,5186.373333333334,0.7957252663435224,,,,,,none,True,,,,,,,,,,,,,,no_pattern_at_sr
2026-03-10T15:11:56.131515+00:00,USOUSD.s,cobra,26551110,H1,HOLD,HOLD,NONE,0,3.6115302576626362,0,,,,,,,,,,,,,,,,0.079,0.079,84.214,84.679,83.614,84.364,,,,,,,,90.71917695457071,85.2775,0.29170460299059475,,,,,,none,True,,,,,,,,,,,,,,no_pattern_at_sr
2026-03-10T15:12:56.599747+00:00,BTCUSD,cobra,26551110,H1,HOLD,HOLD,NONE,0,768.4387030171049,0,,,,,,,,,,,,,,,,17.09,17.09,71459.99,71773.21,71074.23,71185.13,,,,,,,,69043.49149477732,71295.24,0.21436973353010455,,,,,,none,True,,,,,,,,,,,,,,no_pattern_at_sr
2026-03-10T15:12:56.615309+00:00,XAUUSD.s,cobra,26551110,H1,HOLD,HOLD,NONE,0,25.55739716562751,0,,,,,,,,,,,,,,,,0.3,0.3,5206.7,5221.03,5203.23,5220.25,,,,,,,,5145.139309614724,5186.373333333334,0.7957252663435224,,,,,,none,True,,,,,,,,,,,,,,no_pattern_at_sr
2026-03-10T15:12:56.629946+00:00,USOUSD.s,cobra,26551110,H1,HOLD,HOLD,NONE,0,3.6115302576626362,0,,,,,,,,,,,,,,,,0.079,0.079,84.214,84.679,83.614,84.344,,,,,,,,90.71917695457071,85.2775,0.29170460299059475,,,,,,none,True,,,,,,,,,,,,,,no_pattern_at_sr
2026-03-10T15:13:57.170806+00:00,BTCUSD,cobra,26551110,H1,HOLD,HOLD,NONE,0,768.4387030171049,0,,,,,,,,,,,,,,,,17.07,17.07,71459.99,71773.21,71074.23,71174.57,,,,,,,,69043.49149477732,71295.24,0.21436973353010455,,,,,,none,True,,,,,,,,,,,,,,no_pattern_at_sr
2026-03-10T15:13:57.187576+00:00,XAUUSD.s,cobra,26551110,H1,HOLD,HOLD,NONE,0,25.879540022770385,0,,,,,,,,,,,,,,,,0.3,0.3,5206.7,5225.54,5203.23,5225.06,,,,,,,,5145.139309614724,5186.373333333334,0.7858202521672605,,,,,,none,True,,,,,,,,,,,,,,no_pattern_at_sr
2026-03-10T15:13:57.201295+00:00,USOUSD.s,cobra,26551110,H1,HOLD,HOLD,NONE,0,3.6115302576626362,0,,,,,,,,,,,,,,,,0.079,0.079,84.214,84.679,83.614,84.289,,,,,,,,90.71917695457071,85.2775,0.29170460299059475,,,,,,none,True,,,,,,,,,,,,,,no_pattern_at_sr
2026-03-10T15:14:57.604944+00:00,BTCUSD,cobra,26551110,H1,HOLD,HOLD,NONE,0,768.4387030171049,0,,,,,,,,,,,,,,,,17.12,17.12,71459.99,71773.21,71074.23,71188.11,,,,,,,,69043.49149477732,71295.24,0.21436973353010455,,,,,,none,True,,,,,,,,,,,,,,no_pattern_at_sr
2026-03-10T15:14:57.621250+00:00,XAUUSD.s,cobra,26551110,H1,HOLD,HOLD,NONE,0,25.936682879913253,0,,,,,,,,,,,,,,,,0.3,0.3,5206.7,5226.34,5203.23,5223.62,,,,,,,,5145.139309614724,5186.373333333334,0.7840889585158143,,,,,,none,True,,,,,,,,,,,,,,no_pattern_at_sr
2026-03-10T15:14:57.635998+00:00,USOUSD.s,cobra,26551110,H1,HOLD,HOLD,NONE,0,3.6115302576626362,0,,,,,,,,,,,,,,,,0.174,0.174,84.214,84.679,83.614,84.014,,,,,,,,90.71917695457071,85.2775,0.29170460299059475,,,,,,none,True,,,,,,,,,,,,,,no_pattern_at_sr
2026-03-10T15:15:58.080192+00:00,BTCUSD,cobra,26551110,H1,HOLD,HOLD,NONE,0,773.3401315885332,0,,,,,,,,,,,,,,,,16.95,16.95,71459.99,71773.21,71005.61,71015.78,,,,,,,,69043.49149477732,71295.24,0.21301105848680166,,,,,,none,True,,,,,,,,,,,,,,no_pattern_at_sr
2026-03-10T15:15:58.096891+00:00,XAUUSD.s,cobra,26551110,H1,HOLD,HOLD,NONE,0,25.936682879913253,0,,,,,,,,,,,,,,,,0.34,0.34,5206.7,5226.34,5203.23,5224.54,,,,,,,,5145.139309614724,5186.373333333334,0.7840889585158143,,,,,,none,True,,,,,,,,,,,,,,no_pattern_at_sr
2026-03-10T15:15:58.110988+00:00,USOUSD.s,cobra,26551110,H1,HOLD,HOLD,NONE,0,3.6115302576626362,0,,,,,,,,,,,,,,,,0.079,0.079,84.214,84.679,83.614,84.274,,,,,,,,90.71917695457071,85.2775,0.29170460299059475,,,,,,none,True,,,,,,,,,,,,,,no_pattern_at_sr
2026-03-10T15:16:58.509734+00:00,BTCUSD,cobra,26551110,H1,HOLD,HOLD,NONE,0,776.071560159962,0,,,,,,,,,,,,,,,,17.04,17.04,71459.99,71773.21,70967.37,71076.58,,,,,,,,69043.49149477732,71295.24,0.2122613537932535,,,,,,none,True,,,,,,,,,,,,,,no_pattern_at_sr
2026-03-10T15:16:58.525786+00:00,XAUUSD.s,cobra,26551110,H1,HOLD,HOLD,NONE,0,25.936682879913253,0,,,,,,,,,,,,,,,,0.31,0.31,5206.7,5226.34,5203.23,5223.85,,,,,,,,5145.139309614724,5186.373333333334,0.7840889585158143,,,,,,none,True,,,,,,,,,,,,,,no_pattern_at_sr
2026-03-10T15:16:58.539812+00:00,USOUSD.s,cobra,26551110,H1,HOLD,HOLD,NONE,0,3.6115302576626362,0,,,,,,,,,,,,,,,,0.079,0.079,84.214,84.679,83.614,83.964,,,,,,,,90.71917695457071,85.2775,0.29170460299059475,,,,,,none,True,,,,,,,,,,,,,,no_pattern_at_sr
2026-03-10T15:17:58.935270+00:00,BTCUSD,cobra,26551110,H1,HOLD,HOLD,NONE,0,776.071560159962,0,,,,,,,,,,,,,,,,17.03,17.03,71459.99,71773.21,70967.37,71191.81,,,,,,,,69043.49149477732,71295.24,0.2122613537932535,,,,,,none,True,,,,,,,,,,,,,,no_pattern_at_sr
2026-03-10T15:17:58.950025+00:00,XAUUSD.s,cobra,26551110,H1,HOLD,HOLD,NONE,0,25.936682879913253,0,,,,,,,,,,,,,,,,0.31,0.31,5206.7,5226.34,5203.23,5222.98,,,,,,,,5145.139309614724,5186.373333333334,0.7840889585158143,,,,,,none,True,,,,,,,,,,,,,,no_pattern_at_sr
2026-03-10T15:17:58.964729+00:00,USOUSD.s,cobra,26551110,H1,HOLD,HOLD,NONE,0,3.6251016862340646,0,,,,,,,,,,,,,,,,0.079,0.079,84.214,84.679,83.424,83.429,,,,,,,,90.71917695457071,85.2775,0.290612537573926,,,,,,none,True,,,,,,,,,,,,,,no_pattern_at_sr
2026-03-10T15:18:59.370058+00:00,BTCUSD,cobra,26551110,H1,HOLD,HOLD,NONE,0,776.071560159962,0,,,,,,,,,,,,,,,,16.99,16.99,71459.99,71773.21,70967.37,71167.85,,,,,,,,69043.49149477732,71295.24,0.2122613537932535,,,,,,none,True,,,,,,,,,,,,,,no_pattern_at_sr
2026-03-10T15:18:59.384816+00:00,XAUUSD.s,cobra,26551110,H1,HOLD,HOLD,NONE,0,25.936682879913253,0,,,,,,,,,,,,,,,,0.31,0.31,5206.7,5226.34,5203.23,5224.12,,,,,,,,5145.139309614724,5186.373333333334,0.7840889585158143,,,,,,none,True,,,,,,,,,,,,,,no_pattern_at_sr
2026-03-10T15:18:59.399475+00:00,USOUSD.s,cobra,26551110,H1,HOLD,HOLD,NONE,0,3.6515302576626363,0,,,,,,,,,,,,,,,,0.079,0.079,84.214,84.679,83.054,83.244,,,,,,,,90.71917695457071,85.2775,0.288509179894993,,,,,,none,True,,,,,,,,,,,,,,no_pattern_at_sr
2026-03-10T15:19:59.777120+00:00,BTCUSD,cobra,26551110,H1,HOLD,HOLD,NONE,0,776.071560159962,0,,,,,,,,,,,,,,,,17.08,17.08,71459.99,71773.21,70967.37,71195.47,,,,,,,,69043.49149477732,71295.24,0.2122613537932535,,,,,,none,True,,,,,,,,,,,,,,no_pattern_at_sr
2026-03-10T15:19:59.791333+00:00,XAUUSD.s,cobra,26551110,H1,HOLD,HOLD,NONE,0,25.937397165627555,0,,,,,,,,,,,,,,,,0.3,0.3,5206.7,5226.35,5203.23,5226.35,,,,,,,,5145.139309614724,5186.373333333334,0.7840673656189544,,,,,,none,True,,,,,,,,,,,,,,no_pattern_at_sr
2026-03-10T15:19:59.805560+00:00,USOUSD.s,cobra,26551110,H1,HOLD,HOLD,NONE,0,3.667244543376922,0,,,,,,,,,,,,,,,,0.079,0.079,84.214,84.679,82.834,83.164,,,,,,,,90.71917695457071,85.2775,0.2872729068211801,,,,,,none,True,,,,,,,,,,,,,,no_pattern_at_sr
2026-03-10T15:21:00.408360+00:00,BTCUSD,cobra,26551110,H1,HOLD,HOLD,NONE,0,776.071560159962,0,,,,,,,,,,,,,,,,17.01,17.01,71459.99,71773.21,70967.37,71281.01,,,,,,,,69043.49149477732,71295.24,0.2122613537932535,,,,,,none,True,,,,,,,,,,,,,,no_pattern_at_sr
2026-03-10T15:21:00.423755+00:00,XAUUSD.s,cobra,26551110,H1,HOLD,HOLD,NONE,0,26.09239716562756,0,,,,,,,,,,,,,,,,0.37,0.37,5206.7,5228.52,5203.23,5227.15,,,,,,,,5145.139309614724,5193.035,0.5240990282799598,,,,,,none,True,,,,,,,,,,,,,,no_pattern_at_sr
2026-03-10T15:21:00.439877+00:00,USOUSD.s,cobra,26551110,H1,HOLD,HOLD,NONE,0,3.667244543376922,0,,,,,,,,,,,,,,,,0.079,0.079,84.214,84.679,82.834,83.419,,,,,,,,90.71917695457071,85.2775,0.2872729068211801,,,,,,none,True,,,,,,,,,,,,,,no_pattern_at_sr
2026-03-10T15:22:00.824139+00:00,BTCUSD,cobra,26551110,H1,HOLD,HOLD,NONE,0,776.071560159962,0,,,,,,,,,,,,,,,,17.06,17.06,71459.99,71773.21,70967.37,71196.21,,,,,,,,69043.49149477732,71295.24,0.2122613537932535,,,,,,none,True,,,,,,,,,,,,,,no_pattern_at_sr
2026-03-10T15:22:00.839192+00:00,XAUUSD.s,cobra,26551110,H1,HOLD,HOLD,NONE,0,26.09239716562756,0,,,,,,,,,,,,,,,,0.31,0.31,5206.7,5228.52,5203.23,5226.82,,,,,,,,5145.139309614724,5193.035,0.5240990282799598,,,,,,none,True,,,,,,,,,,,,,,no_pattern_at_sr
2026-03-10T15:22:00.854722+00:00,USOUSD.s,cobra,26551110,H1,HOLD,HOLD,NONE,0,3.667244543376922,0,,,,,,,,,,,,,,,,0.079,0.079,84.214,84.679,82.834,83.309,,,,,,,,90.71917695457071,85.2775,0.2872729068211801,,,,,,none,True,,,,,,,,,,,,,,no_pattern_at_sr
2026-03-10T15:23:01.270502+00:00,BTCUSD,cobra,26551110,H1,HOLD,HOLD,NONE,0,776.071560159962,0,,,,,,,,,,,,,,,,17.08,17.08,71459.99,71773.21,70967.37,71141.2,,,,,,,,69043.49149477732,71295.24,0.2122613537932535,,,,,,none,True,,,,,,,,,,,,,,no_pattern_at_sr
2026-03-10T15:23:01.286328+00:00,XAUUSD.s,cobra,26551110,H1,HOLD,HOLD,NONE,0,26.09239716562756,0,,,,,,,,,,,,,,,,0.33,0.33,5206.7,5228.52,5203.23,5226.04,,,,,,,,5145.139309614724,5193.035,0.5240990282799598,,,,,,none,True,,,,,,,,,,,,,,no_pattern_at_sr
2026-03-10T15:23:01.300688+00:00,USOUSD.s,cobra,26551110,H1,HOLD,HOLD,NONE,0,3.667244543376922,0,,,,,,,,,,,,,,,,0.079,0.079,84.214,84.679,82.834,83.109,,,,,,,,90.71917695457071,85.2775,0.2872729068211801,,,,,,none,True,,,,,,,,,,,,,,no_pattern_at_sr
2026-03-10T15:24:01.728710+00:00,BTCUSD,cobra,26551110,H1,HOLD,HOLD,NONE,0,776.071560159962,0,,,,,,,,,,,,,,,,17.05,17.05,71459.99,71773.21,70967.37,71248.34,,,,,,,,69043.49149477732,71295.24,0.2122613537932535,,,,,,none,True,,,,,,,,,,,,,,no_pattern_at_sr
2026-03-10T15:24:01.744796+00:00,XAUUSD.s,cobra,26551110,H1,HOLD,HOLD,NONE,0,26.09239716562756,0,,,,,,,,,,,,,,,,0.31,0.31,5206.7,5228.52,5203.23,5228.14,,,,,,,,5145.139309614724,5193.035,0.5240990282799598,,,,,,none,True,,,,,,,,,,,,,,no_pattern_at_sr
2026-03-10T15:24:01.761673+00:00,USOUSD.s,cobra,26551110,H1,HOLD,HOLD,NONE,0,3.667244543376922,0,,,,,,,,,,,,,,,,0.079,0.079,84.214,84.679,82.834,83.483,,,,,,,,90.71917695457071,85.2775,0.2872729068211801,,,,,,none,True,,,,,,,,,,,,,,no_pattern_at_sr
2026-03-10T15:25:02.328170+00:00,BTCUSD,cobra,26551110,H1,HOLD,HOLD,NONE,0,776.071560159962,0,,,,,,,,,,,,,,,,16.98,16.98,71459.99,71773.21,70967.37,71272.77,,,,,,,,69043.49149477732,71295.24,0.2122613537932535,,,,,,none,True,,,,,,,,,,,,,,no_pattern_at_sr
2026-03-10T15:25:02.343845+00:00,XAUUSD.s,cobra,26551110,H1,HOLD,HOLD,NONE,0,26.09239716562756,0,,,,,,,,,,,,,,,,0.33,0.33,5206.7,5228.52,5203.23,5225.61,,,,,,,,5145.139309614724,5193.035,0.5240990282799598,,,,,,none,True,,,,,,,,,,,,,,no_pattern_at_sr
2026-03-10T15:25:02.358683+00:00,USOUSD.s,cobra,26551110,H1,HOLD,HOLD,NONE,0,3.667244543376922,0,,,,,,,,,,,,,,,,0.079,0.079,84.214,84.679,82.834,83.603,,,,,,,,90.71917695457071,85.2775,0.2872729068211801,,,,,,none,True,,,,,,,,,,,,,,no_pattern_at_sr
2026-03-10T15:26:02.743279+00:00,BTCUSD,cobra,26551110,H1,HOLD,HOLD,NONE,0,776.071560159962,0,,,,,,,,,,,,,,,,17.1,17.1,71459.99,71773.21,70967.37,71396.38,,,,,,,,69043.49149477732,71295.24,0.2122613537932535,,,,,,none,True,,,,,,,,,,,,,,no_pattern_at_sr
2026-03-10T15:26:02.758291+00:00,XAUUSD.s,cobra,26551110,H1,HOLD,HOLD,NONE,0,26.09239716562756,0,,,,,,,,,,,,,,,,0.31,0.31,5206.7,5228.52,5203.23,5225.49,,,,,,,,5145.139309614724,5193.035,0.5240990282799598,,,,,,none,True,,,,,,,,,,,,,,no_pattern_at_sr
2026-03-10T15:26:02.771974+00:00,USOUSD.s,cobra,26551110,H1,HOLD,HOLD,NONE,0,3.667244543376922,0,,,,,,,,,,,,,,,,0.079,0.079,84.214,84.679,82.834,83.513,,,,,,,,90.71917695457071,85.2775,0.2872729068211801,,,,,,none,True,,,,,,,,,,,,,,no_pattern_at_sr
2026-03-10T15:27:03.249737+00:00,BTCUSD,cobra,26551110,H1,HOLD,HOLD,NONE,0,776.071560159962,0,,,,,,,,,,,,,,,,17.01,17.01,71459.99,71773.21,70967.37,71216.77,,,,,,,,69043.49149477732,71295.24,0.2122613537932535,,,,,,none,True,,,,,,,,,,,,,,no_pattern_at_sr
2026-03-10T15:27:03.267596+00:00,XAUUSD.s,cobra,26551110,H1,HOLD,HOLD,NONE,0,26.09239716562756,0,,,,,,,,,,,,,,,,0.31,0.31,5206.7,5228.52,5203.23,5227.12,,,,,,,,5145.139309614724,5193.035,0.5240990282799598,,,,,,none,True,,,,,,,,,,,,,,no_pattern_at_sr
2026-03-10T15:27:03.283874+00:00,USOUSD.s,cobra,26551110,H1,HOLD,HOLD,NONE,0,3.667244543376922,0,,,,,,,,,,,,,,,,0.079,0.079,84.214,84.679,82.834,83.258,,,,,,,,90.71917695457071,85.2775,0.2872729068211801,,,,,,none,True,,,,,,,,,,,,,,no_pattern_at_sr
2026-03-10T15:28:03.725077+00:00,BTCUSD,cobra,26551110,H1,HOLD,HOLD,NONE,0,776.071560159962,0,,,,,,,,,,,,,,,,17.01,17.01,71459.99,71773.21,70967.37,71322.78,,,,,,,,69043.49149477732,71295.24,0.2122613537932535,,,,,,none,True,,,,,,,,,,,,,,no_pattern_at_sr
2026-03-10T15:28:03.740757+00:00,XAUUSD.s,cobra,26551110,H1,HOLD,HOLD,NONE,0,26.09239716562756,0,,,,,,,,,,,,,,,,0.31,0.31,5206.7,5228.52,5203.23,5224.69,,,,,,,,5145.139309614724,5193.035,0.5240990282799598,,,,,,none,True,,,,,,,,,,,,,,no_pattern_at_sr
2026-03-10T15:28:03.755521+00:00,USOUSD.s,cobra,26551110,H1,HOLD,HOLD,NONE,0,3.667244543376922,0,,,,,,,,,,,,,,,,0.079,0.079,84.214,84.679,82.834,83.239,,,,,,,,90.71917695457071,85.2775,0.2872729068211801,,,,,,none,True,,,,,,,,,,,,,,no_pattern_at_sr
2026-03-10T15:29:04.141864+00:00,BTCUSD,cobra,26551110,H1,HOLD,HOLD,NONE,0,776.071560159962,0,,,,,,,,,,,,,,,,17.08,17.08,71459.99,71773.21,70967.37,71325.76,,,,,,,,69043.49149477732,71295.24,0.2122613537932535,,,,,,none,True,,,,,,,,,,,,,,no_pattern_at_sr
2026-03-10T15:29:04.158469+00:00,XAUUSD.s,cobra,26551110,H1,HOLD,HOLD,NONE,0,26.09239716562756,0,,,,,,,,,,,,,,,,0.31,0.31,5206.7,5228.52,5203.23,5224.73,,,,,,,,5145.139309614724,5193.035,0.5240990282799598,,,,,,none,True,,,,,,,,,,,,,,no_pattern_at_sr
2026-03-10T15:29:04.173766+00:00,USOUSD.s,cobra,26551110,H1,HOLD,HOLD,NONE,0,3.667244543376922,0,,,,,,,,,,,,,,,,0.079,0.079,84.214,84.679,82.834,83.374,,,,,,,,90.71917695457071,85.2775,0.2872729068211801,,,,,,none,True,,,,,,,,,,,,,,no_pattern_at_sr
2026-03-10T15:30:04.565586+00:00,BTCUSD,cobra,26551110,H1,HOLD,HOLD,NONE,0,776.071560159962,0,,,,,,,,,,,,,,,,17.09,17.09,71459.99,71773.21,70967.37,71343.85,,,,,,,,69043.49149477732,71295.24,0.2122613537932535,,,,,,none,True,,,,,,,,,,,,,,no_pattern_at_sr
2026-03-10T15:30:04.581832+00:00,XAUUSD.s,cobra,26551110,H1,HOLD,HOLD,NONE,0,26.09239716562756,0,,,,,,,,,,,,,,,,0.33,0.33,5206.7,5228.52,5203.23,5226.38,,,,,,,,5145.139309614724,5193.035,0.5240990282799598,,,,,,none,True,,,,,,,,,,,,,,no_pattern_at_sr
2026-03-10T15:30:04.598098+00:00,USOUSD.s,cobra,26551110,H1,HOLD,HOLD,NONE,0,3.667244543376922,0,,,,,,,,,,,,,,,,0.079,0.079,84.214,84.679,82.834,83.358,,,,,,,,90.71917695457071,85.2775,0.2872729068211801,,,,,,none,True,,,,,,,,,,,,,,no_pattern_at_sr
2026-03-10T15:31:04.975445+00:00,BTCUSD,cobra,26551110,H1,HOLD,HOLD,NONE,0,776.071560159962,0,,,,,,,,,,,,,,,,17.05,17.05,71459.99,71773.21,70967.37,71450.14,,,,,,,,69043.49149477732,71295.24,0.2122613537932535,,,,,,none,True,,,,,,,,,,,,,,no_pattern_at_sr
2026-03-10T15:31:04.990615+00:00,XAUUSD.s,cobra,26551110,H1,HOLD,HOLD,NONE,0,26.09239716562756,0,,,,,,,,,,,,,,,,0.31,0.31,5206.7,5228.52,5203.23,5226.47,,,,,,,,5145.139309614724,5193.035,0.5240990282799598,,,,,,none,True,,,,,,,,,,,,,,no_pattern_at_sr
2026-03-10T15:31:05.005634+00:00,USOUSD.s,cobra,26551110,H1,HOLD,HOLD,NONE,0,3.667244543376922,0,,,,,,,,,,,,,,,,0.079,0.079,84.214,84.679,82.834,83.754,,,,,,,,90.71917695457071,85.2775,0.2872729068211801,,,,,,none,True,,,,,,,,,,,,,,no_pattern_at_sr
2026-03-10T15:32:05.402526+00:00,BTCUSD,cobra,26551110,H1,HOLD,HOLD,NONE,0,776.071560159962,0,,,,,,,,,,,,,,,,17.04,17.04,71459.99,71773.21,70967.37,71379.62,,,,,,,,69043.49149477732,71295.24,0.2122613537932535,,,,,,none,True,,,,,,,,,,,,,,no_pattern_at_sr
2026-03-10T15:32:05.417842+00:00,XAUUSD.s,cobra,26551110,H1,HOLD,HOLD,NONE,0,26.206682879913235,0,,,,,,,,,,,,,,,,0.3,0.3,5206.7,5230.12,5203.23,5228.77,,,,,,,,5145.139309614724,5193.035,0.5218134650105499,,,,,,none,True,,,,,,,,,,,,,,no_pattern_at_sr
2026-03-10T15:32:05.431607+00:00,USOUSD.s,cobra,26551110,H1,HOLD,HOLD,NONE,0,3.667244543376922,0,,,,,,,,,,,,,,,,0.079,0.079,84.214,84.679,82.834,83.909,,,,,,,,90.71917695457071,85.2775,0.2872729068211801,,,,,,none,True,,,,,,,,,,,,,,no_pattern_at_sr
2026-03-10T15:33:05.813581+00:00,BTCUSD,cobra,26551110,H1,HOLD,HOLD,NONE,0,776.071560159962,0,,,,,,,,,,,,,,,,16.99,16.99,71459.99,71773.21,70967.37,71595.62,,,,,,,,69043.49149477732,71295.24,0.2122613537932535,,,,,,none,True,,,,,,,,,,,,,,no_pattern_at_sr
2026-03-10T15:33:05.830758+00:00,XAUUSD.s,cobra,26551110,H1,HOLD,HOLD,NONE,0,26.215254308484656,0,,,,,,,,,,,,,,,,0.33,0.33,5206.7,5230.24,5203.23,5229.69,,,,,,,,5145.139309614724,5193.035,0.5216428511080368,,,,,,none,True,,,,,,,,,,,,,,no_pattern_at_sr
2026-03-10T15:33:05.845718+00:00,USOUSD.s,cobra,26551110,H1,HOLD,HOLD,NONE,0,3.667244543376922,0,,,,,,,,,,,,,,,,0.079,0.079,84.214,84.679,82.834,83.849,,,,,,,,90.71917695457071,85.2775,0.2872729068211801,,,,,,none,True,,,,,,,,,,,,,,no_pattern_at_sr
2026-03-10T15:34:06.380837+00:00,BTCUSD,cobra,26551110,H1,HOLD,HOLD,NONE,0,776.071560159962,0,,,,,,,,,,,,,,,,16.99,16.99,71459.99,71773.21,70967.37,71475.34,,,,,,,,69043.49149477732,71295.24,0.2122613537932535,,,,,,none,True,,,,,,,,,,,,,,no_pattern_at_sr
2026-03-10T15:34:06.395696+00:00,XAUUSD.s,cobra,26551110,H1,HOLD,HOLD,NONE,0,26.49168287991322,0,,,,,,,,,,,,,,,,0.31,0.31,5206.7,5234.11,5203.23,5232.27,,,,,,,,5145.139309614724,5193.035,0.5161997469918747,,,,,,none,True,,,,,,,,,,,,,,no_pattern_at_sr
2026-03-10T15:34:06.410119+00:00,USOUSD.s,cobra,26551110,H1,HOLD,HOLD,NONE,0,3.667244543376922,0,,,,,,,,,,,,,,,,0.079,0.079,84.214,84.679,82.834,83.749,,,,,,,,90.71917695457071,85.2775,0.2872729068211801,,,,,,none,True,,,,,,,,,,,,,,no_pattern_at_sr
2026-03-10T15:35:06.820471+00:00,BTCUSD,cobra,26551110,H1,HOLD,HOLD,NONE,0,776.071560159962,0,,,,,,,,,,,,,,,,16.97,16.97,71459.99,71773.21,70967.37,71237.11,,,,,,,,69043.49149477732,71295.24,0.2122613537932535,,,,,,none,True,,,,,,,,,,,,,,no_pattern_at_sr
2026-03-10T15:35:06.835220+00:00,XAUUSD.s,cobra,26551110,H1,HOLD,HOLD,NONE,0,26.658825737056087,0,,,,,,,,,,,,,,,,0.34,0.34,5206.7,5236.45,5203.23,5233.08,,,,,,,,5145.139309614724,5193.035,0.5129633291008676,,,,,,none,True,,,,,,,,,,,,,,no_pattern_at_sr
2026-03-10T15:35:06.850155+00:00,USOUSD.s,cobra,26551110,H1,HOLD,HOLD,NONE,0,3.667244543376922,0,,,,,,,,,,,,,,,,0.079,0.079,84.214,84.679,82.834,83.948,,,,,,,,90.71917695457071,85.2775,0.2872729068211801,,,,,,none,True,,,,,,,,,,,,,,no_pattern_at_sr
2026-03-10T15:36:07.384419+00:00,BTCUSD,cobra,26551110,H1,HOLD,HOLD,NONE,0,776.071560159962,0,,,,,,,,,,,,,,,,17.07,17.07,71459.99,71773.21,70967.37,71329.03,,,,,,,,69043.49149477732,71295.24,0.2122613537932535,,,,,,none,True,,,,,,,,,,,,,,no_pattern_at_sr
2026-03-10T15:36:07.398673+00:00,XAUUSD.s,cobra,26551110,H1,HOLD,HOLD,NONE,0,26.658825737056087,0,,,,,,,,,,,,,,,,0.33,0.33,5206.7,5236.45,5203.23,5235.12,,,,,,,,5145.139309614724,5193.035,0.5129633291008676,,,,,,none,True,,,,,,,,,,,,,,no_pattern_at_sr
2026-03-10T15:36:07.412714+00:00,USOUSD.s,cobra,26551110,H1,HOLD,HOLD,NONE,0,3.667244543376922,0,,,,,,,,,,,,,,,,0.079,0.079,84.214,84.679,82.834,83.883,,,,,,,,90.71917695457071,85.2775,0.2872729068211801,,,,,,none,True,,,,,,,,,,,,,,no_pattern_at_sr
2026-03-10T15:37:07.864200+00:00,BTCUSD,cobra,26551110,H1,HOLD,HOLD,NONE,0,776.071560159962,0,,,,,,,,,,,,,,,,17.0,17.0,71459.99,71773.21,70967.37,71393.21,,,,,,,,69043.49149477732,71295.24,0.2122613537932535,,,,,,none,True,,,,,,,,,,,,,,no_pattern_at_sr
2026-03-10T15:37:07.879329+00:00,XAUUSD.s,cobra,26551110,H1,HOLD,HOLD,NONE,0,26.658825737056087,0,,,,,,,,,,,,,,,,0.34,0.34,5206.7,5236.45,5203.23,5231.03,,,,,,,,5145.139309614724,5193.035,0.5129633291008676,,,,,,none,True,,,,,,,,,,,,,,no_pattern_at_sr
2026-03-10T15:37:07.895007+00:00,USOUSD.s,cobra,26551110,H1,HOLD,HOLD,NONE,0,3.667244543376922,0,,,,,,,,,,,,,,,,0.079,0.079,84.214,84.679,82.834,83.859,,,,,,,,90.71917695457071,85.2775,0.2872729068211801,,,,,,none,True,,,,,,,,,,,,,,no_pattern_at_sr
2026-03-10T15:38:08.295502+00:00,BTCUSD,cobra,26551110,H1,HOLD,HOLD,NONE,0,776.071560159962,0,,,,,,,,,,,,,,,,17.05,17.05,71459.99,71773.21,70967.37,71261.06,,,,,,,,69043.49149477732,71295.24,0.2122613537932535,,,,,,none,True,,,,,,,,,,,,,,no_pattern_at_sr
2026-03-10T15:38:08.309716+00:00,XAUUSD.s,cobra,26551110,H1,HOLD,HOLD,NONE,0,26.658825737056087,0,,,,,,,,,,,,,,,,0.31,0.31,5206.7,5236.45,5203.23,5230.49,,,,,,,,5145.139309614724,5193.035,0.5129633291008676,,,,,,none,True,,,,,,,,,,,,,,no_pattern_at_sr
2026-03-10T15:38:08.323614+00:00,USOUSD.s,cobra,26551110,H1,HOLD,HOLD,NONE,0,3.667244543376922,0,,,,,,,,,,,,,,,,0.079,0.079,84.214,84.679,82.834,83.404,,,,,,,,90.71917695457071,85.2775,0.2872729068211801,,,,,,none,True,,,,,,,,,,,,,,no_pattern_at_sr
2026-03-10T15:39:08.710180+00:00,BTCUSD,cobra,26551110,H1,HOLD,HOLD,NONE,0,776.071560159962,0,,,,,,,,,,,,,,,,16.94,16.94,71459.99,71773.21,70967.37,71142.29,,,,,,,,69043.49149477732,71295.24,0.2122613537932535,,,,,,none,True,,,,,,,,,,,,,,no_pattern_at_sr
2026-03-10T15:39:08.724893+00:00,XAUUSD.s,cobra,26551110,H1,HOLD,HOLD,NONE,0,26.658825737056087,0,,,,,,,,,,,,,,,,0.31,0.31,5206.7,5236.45,5203.23,5232.62,,,,,,,,5145.139309614724,5193.035,0.5129633291008676,,,,,,none,True,,,,,,,,,,,,,,no_pattern_at_sr
2026-03-10T15:39:08.740373+00:00,USOUSD.s,cobra,26551110,H1,HOLD,HOLD,NONE,0,3.667244543376922,0,,,,,,,,,,,,,,,,0.079,0.079,84.214,84.679,82.834,83.469,,,,,,,,90.71917695457071,85.2775,0.2872729068211801,,,,,,none,True,,,,,,,,,,,,,,no_pattern_at_sr
2026-03-10T15:40:09.167894+00:00,BTCUSD,cobra,26551110,H1,HOLD,HOLD,NONE,0,776.071560159962,0,,,,,,,,,,,,,,,,17.04,17.04,71459.99,71773.21,70967.37,71051.89,,,,,,,,69043.49149477732,71295.24,0.2122613537932535,,,,,,none,True,,,,,,,,,,,,,,no_pattern_at_sr
2026-03-10T15:40:09.183329+00:00,XAUUSD.s,cobra,26551110,H1,HOLD,HOLD,NONE,0,26.658825737056087,0,,,,,,,,,,,,,,,,0.31,0.31,5206.7,5236.45,5203.23,5233.88,,,,,,,,5145.139309614724,5193.035,0.5129633291008676,,,,,,none,True,,,,,,,,,,,,,,no_pattern_at_sr
2026-03-10T15:40:09.199483+00:00,USOUSD.s,cobra,26551110,H1,HOLD,HOLD,NONE,0,3.667244543376922,0,,,,,,,,,,,,,,,,0.079,0.079,84.214,84.679,82.834,83.383,,,,,,,,90.71917695457071,85.2775,0.2872729068211801,,,,,,none,True,,,,,,,,,,,,,,no_pattern_at_sr
2026-03-10T15:41:09.785803+00:00,BTCUSD,cobra,26551110,H1,HOLD,HOLD,NONE,0,776.071560159962,0,,,,,,,,,,,,,,,,17.02,17.02,71459.99,71773.21,70967.37,70994.35,,,,,,,,69043.49149477732,71295.24,0.2122613537932535,,,,,,none,True,,,,,,,,,,,,,,no_pattern_at_sr
2026-03-10T15:41:09.800423+00:00,XAUUSD.s,cobra,26551110,H1,HOLD,HOLD,NONE,0,26.658825737056087,0,,,,,,,,,,,,,,,,0.3,0.3,5206.7,5236.45,5203.23,5229.83,,,,,,,,5145.139309614724,5193.035,0.5129633291008676,,,,,,none,True,,,,,,,,,,,,,,no_pattern_at_sr
2026-03-10T15:41:09.814716+00:00,USOUSD.s,cobra,26551110,H1,HOLD,HOLD,NONE,0,3.667244543376922,0,,,,,,,,,,,,,,,,0.079,0.079,84.214,84.679,82.834,83.483,,,,,,,,90.71917695457071,85.2775,0.2872729068211801,,,,,,none,True,,,,,,,,,,,,,,no_pattern_at_sr
2026-03-10T15:42:10.215974+00:00,BTCUSD,cobra,26551110,H1,HOLD,HOLD,NONE,0,777.1051315885336,0,,,,,,,,,,,,,,,,16.95,16.95,71459.99,71773.21,70952.9,71022.01,,,,,,,,69043.49149477732,71295.24,0.21197904029183298,,,,,,none,True,,,,,,,,,,,,,,no_pattern_at_sr
2026-03-10T15:42:10.231871+00:00,XAUUSD.s,cobra,26551110,H1,HOLD,HOLD,NONE,0,26.658825737056087,0,,,,,,,,,,,,,,,,0.36,0.36,5206.7,5236.45,5203.23,5232.3,,,,,,,,5145.139309614724,5193.035,0.5129633291008676,,,,,,none,True,,,,,,,,,,,,,,no_pattern_at_sr
2026-03-10T15:42:10.245862+00:00,USOUSD.s,cobra,26551110,H1,HOLD,HOLD,NONE,0,3.667244543376922,0,,,,,,,,,,,,,,,,0.079,0.079,84.214,84.679,82.834,83.254,,,,,,,,90.71917695457071,85.2775,0.2872729068211801,,,,,,none,True,,,,,,,,,,,,,,no_pattern_at_sr
2026-03-10T15:43:10.702829+00:00,BTCUSD,cobra,26551110,H1,HOLD,HOLD,NONE,0,777.1051315885336,0,,,,,,,,,,,,,,,,17.1,17.1,71459.99,71773.21,70952.9,71147.03,,,,,,,,69043.49149477732,71295.24,0.21197904029183298,,,,,,none,True,,,,,,,,,,,,,,no_pattern_at_sr
2026-03-10T15:43:10.717525+00:00,XAUUSD.s,cobra,26551110,H1,HOLD,HOLD,NONE,0,26.658825737056087,0,,,,,,,,,,,,,,,,0.3,0.3,5206.7,5236.45,5203.23,5235.02,,,,,,,,5145.139309614724,5193.035,0.5129633291008676,,,,,,none,True,,,,,,,,,,,,,,no_pattern_at_sr
2026-03-10T15:43:10.732620+00:00,USOUSD.s,cobra,26551110,H1,HOLD,HOLD,NONE,0,3.667244543376922,0,,,,,,,,,,,,,,,,0.079,0.079,84.214,84.679,82.834,83.358,,,,,,,,90.71917695457071,85.2775,0.2872729068211801,,,,,,none,True,,,,,,,,,,,,,,no_pattern_at_sr
2026-03-10T15:44:11.108362+00:00,BTCUSD,cobra,26551110,H1,HOLD,HOLD,NONE,0,777.1051315885336,0,,,,,,,,,,,,,,,,17.01,17.01,71459.99,71773.21,70952.9,71188.08,,,,,,,,69043.49149477732,71295.24,0.21197904029183298,,,,,,none,True,,,,,,,,,,,,,,no_pattern_at_sr
2026-03-10T15:44:11.122486+00:00,XAUUSD.s,cobra,26551110,H1,HOLD,HOLD,NONE,0,26.658825737056087,0,,,,,,,,,,,,,,,,0.33,0.33,5206.7,5236.45,5203.23,5233.8,,,,,,,,5145.139309614724,5193.035,0.5129633291008676,,,,,,none,True,,,,,,,,,,,,,,no_pattern_at_sr
2026-03-10T15:44:11.137926+00:00,USOUSD.s,cobra,26551110,H1,HOLD,HOLD,NONE,0,3.667244543376922,0,,,,,,,,,,,,,,,,0.079,0.079,84.214,84.679,82.834,83.819,,,,,,,,90.71917695457071,85.2775,0.2872729068211801,,,,,,none,True,,,,,,,,,,,,,,no_pattern_at_sr
2026-03-10T15:45:11.518330+00:00,BTCUSD,cobra,26551110,H1,HOLD,HOLD,NONE,0,777.1051315885336,0,,,,,,,,,,,,,,,,17.06,17.06,71459.99,71773.21,70952.9,71102.84,,,,,,,,69043.49149477732,71295.24,0.21197904029183298,,,,,,none,True,,,,,,,,,,,,,,no_pattern_at_sr
2026-03-10T15:45:11.533952+00:00,XAUUSD.s,cobra,26551110,H1,HOLD,HOLD,NONE,0,26.658825737056087,0,,,,,,,,,,,,,,,,0.31,0.31,5206.7,5236.45,5203.23,5235.96,,,,,,,,5145.139309614724,5193.035,0.5129633291008676,,,,,,none,True,,,,,,,,,,,,,,no_pattern_at_sr
2026-03-10T15:45:11.549377+00:00,USOUSD.s,cobra,26551110,H1,HOLD,HOLD,NONE,0,3.667244543376922,0,,,,,,,,,,,,,,,,0.079,0.079,84.214,84.679,82.834,84.118,,,,,,,,90.71917695457071,85.2775,0.2872729068211801,,,,,,none,True,,,,,,,,,,,,,,no_pattern_at_sr
2026-03-10T15:46:12.131925+00:00,BTCUSD,cobra,26551110,H1,HOLD,HOLD,NONE,0,777.1051315885336,0,,,,,,,,,,,,,,,,16.96,16.96,71459.99,71773.21,70952.9,71175.53,,,,,,,,69043.49149477732,71295.24,0.21197904029183298,,,,,,none,True,,,,,,,,,,,,,,no_pattern_at_sr
2026-03-10T15:46:12.148776+00:00,XAUUSD.s,cobra,26551110,H1,HOLD,HOLD,NONE,0,26.802397165627532,0,,,,,,,,,,,,,,,,0.34,0.34,5206.7,5238.46,5203.23,5237.3,,,,,,,,5145.139309614724,5193.035,0.5102155570449329,,,,,,none,True,,,,,,,,,,,,,,no_pattern_at_sr
2026-03-10T15:46:12.163725+00:00,USOUSD.s,cobra,26551110,H1,HOLD,HOLD,NONE,0,3.667244543376922,0,,,,,,,,,,,,,,,,0.079,0.079,84.214,84.679,82.834,84.299,,,,,,,,90.71917695457071,85.2775,0.2872729068211801,,,,,,none,True,,,,,,,,,,,,,,no_pattern_at_sr
2026-03-10T15:47:12.651662+00:00,BTCUSD,cobra,26551110,H1,HOLD,HOLD,NONE,0,777.1051315885336,0,,,,,,,,,,,,,,,,16.97,16.97,71459.99,71773.21,70952.9,70979.11,,,,,,,,69043.49149477732,71295.24,0.21197904029183298,,,,,,none,True,,,,,,,,,,,,,,no_pattern_at_sr
2026-03-10T15:47:12.667701+00:00,XAUUSD.s,cobra,26551110,H1,HOLD,HOLD,NONE,0,26.802397165627532,0,,,,,,,,,,,,,,,,0.3,0.3,5206.7,5238.46,5203.23,5232.57,,,,,,,,5145.139309614724,5193.035,0.5102155570449329,,,,,,none,True,,,,,,,,,,,,,,no_pattern_at_sr
2026-03-10T15:47:12.682421+00:00,USOUSD.s,cobra,26551110,H1,HOLD,HOLD,NONE,0,3.667244543376922,0,,,,,,,,,,,,,,,,0.079,0.079,84.214,84.679,82.834,84.664,,,,,,,,90.71917695457071,85.2775,0.2872729068211801,,,,,,none,True,,,,,,,,,,,,,,no_pattern_at_sr
2026-03-10T15:48:13.135482+00:00,BTCUSD,cobra,26551110,H1,HOLD,HOLD,NONE,0,777.1051315885336,0,,,,,,,,,,,,,,,,16.96,16.96,71459.99,71773.21,70952.9,71033.68,,,,,,,,69043.49149477732,71295.24,0.21197904029183298,,,,,,none,True,,,,,,,,,,,,,,no_pattern_at_sr
2026-03-10T15:48:13.151742+00:00,XAUUSD.s,cobra,26551110,H1,HOLD,HOLD,NONE,0,26.802397165627532,0,,,,,,,,,,,,,,,,0.34,0.34,5206.7,5238.46,5203.23,5232.56,,,,,,,,5145.139309614724,5193.035,0.5102155570449329,,,,,,none,True,,,,,,,,,,,,,,no_pattern_at_sr
2026-03-10T15:48:13.166038+00:00,USOUSD.s,cobra,26551110,H1,HOLD,HOLD,NONE,0,3.68331597194835,0,,,,,,,,,,,,,,,,0.079,0.079,84.214,84.904,82.834,84.724,,,,,,,,90.71917695457071,85.2775,0.286019447699659,,,,,,none,True,,,,,,,,,,,,,,no_pattern_at_sr
2026-03-10T15:49:13.592923+00:00,BTCUSD,cobra,26551110,H1,HOLD,HOLD,NONE,0,777.1051315885336,0,,,,,,,,,,,,,,,,16.96,16.96,71459.99,71773.21,70952.9,71024.12,,,,,,,,69043.49149477732,71295.24,0.21197904029183298,,,,,,none,True,,,,,,,,,,,,,,no_pattern_at_sr
2026-03-10T15:49:13.607553+00:00,XAUUSD.s,cobra,26551110,H1,HOLD,HOLD,NONE,0,26.802397165627532,0,,,,,,,,,,,,,,,,0.32,0.32,5206.7,5238.46,5203.23,5231.85,,,,,,,,5145.139309614724,5193.035,0.5102155570449329,,,,,,none,True,,,,,,,,,,,,,,no_pattern_at_sr
2026-03-10T15:49:13.622575+00:00,USOUSD.s,cobra,26551110,H1,HOLD,HOLD,NONE,0,3.68331597194835,0,,,,,,,,,,,,,,,,0.079,0.079,84.214,84.904,82.834,84.499,,,,,,,,90.71917695457071,85.2775,0.286019447699659,,,,,,none,True,,,,,,,,,,,,,,no_pattern_at_sr
2026-03-10T15:50:14.003544+00:00,BTCUSD,cobra,26551110,H1,HOLD,HOLD,NONE,0,777.1051315885336,0,,,,,,,,,,,,,,,,16.97,16.97,71459.99,71773.21,70952.9,71155.88,,,,,,,,69043.49149477732,71295.24,0.21197904029183298,,,,,,none,True,,,,,,,,,,,,,,no_pattern_at_sr
2026-03-10T15:50:14.019612+00:00,XAUUSD.s,cobra,26551110,H1,HOLD,HOLD,NONE,0,26.802397165627532,0,,,,,,,,,,,,,,,,0.32,0.32,5206.7,5238.46,5203.23,5232.74,,,,,,,,5145.139309614724,5193.035,0.5102155570449329,,,,,,none,True,,,,,,,,,,,,,,no_pattern_at_sr
2026-03-10T15:50:14.034747+00:00,USOUSD.s,cobra,26551110,H1,HOLD,HOLD,NONE,0,3.68331597194835,0,,,,,,,,,,,,,,,,0.079,0.079,84.214,84.904,82.834,84.579,,,,,,,,90.71917695457071,85.2775,0.286019447699659,,,,,,none,True,,,,,,,,,,,,,,no_pattern_at_sr
2026-03-10T15:51:14.418401+00:00,BTCUSD,cobra,26551110,H1,HOLD,HOLD,NONE,0,777.1051315885336,0,,,,,,,,,,,,,,,,16.98,16.98,71459.99,71773.21,70952.9,71074.29,,,,,,,,69043.49149477732,71295.24,0.21197904029183298,,,,,,none,True,,,,,,,,,,,,,,no_pattern_at_sr
2026-03-10T15:51:14.433222+00:00,XAUUSD.s,cobra,26551110,H1,HOLD,HOLD,NONE,0,26.802397165627532,0,,,,,,,,,,,,,,,,0.31,0.31,5206.7,5238.46,5203.23,5234.96,,,,,,,,5145.139309614724,5193.035,0.5102155570449329,,,,,,none,True,,,,,,,,,,,,,,no_pattern_at_sr
2026-03-10T15:51:14.447532+00:00,USOUSD.s,cobra,26551110,H1,HOLD,HOLD,NONE,0,3.68331597194835,0,,,,,,,,,,,,,,,,0.079,0.079,84.214,84.904,82.834,84.338,,,,,,,,90.71917695457071,85.2775,0.286019447699659,,,,,,none,True,,,,,,,,,,,,,,no_pattern_at_sr
2026-03-10T15:52:15.126406+00:00,BTCUSD,cobra,26551110,H1,HOLD,HOLD,NONE,0,777.1051315885336,0,,,,,,,,,,,,,,,,17.09,17.09,71459.99,71773.21,70952.9,70987.15,,,,,,,,69043.49149477732,71295.24,0.21197904029183298,,,,,,none,True,,,,,,,,,,,,,,no_pattern_at_sr
2026-03-10T15:52:15.141709+00:00,XAUUSD.s,cobra,26551110,H1,HOLD,HOLD,NONE,0,26.802397165627532,0,,,,,,,,,,,,,,,,0.34,0.34,5206.7,5238.46,5203.23,5229.59,,,,,,,,5145.139309614724,5193.035,0.5102155570449329,,,,,,none,True,,,,,,,,,,,,,,no_pattern_at_sr
2026-03-10T15:52:15.156943+00:00,USOUSD.s,cobra,26551110,H1,HOLD,HOLD,NONE,0,3.68331597194835,0,,,,,,,,,,,,,,,,0.079,0.079,84.214,84.904,82.834,84.263,,,,,,,,90.71917695457071,85.2775,0.286019447699659,,,,,,none,True,,,,,,,,,,,,,,no_pattern_at_sr
2026-03-10T15:53:15.569150+00:00,BTCUSD,cobra,26551110,H1,HOLD,HOLD,NONE,0,779.7122744456765,0,,,,,,,,,,,,,,,,16.99,16.99,71459.99,71773.21,70916.4,70923.56,,,,,,,,69043.49149477732,71295.24,0.2112702408296804,,,,,,none,True,,,,,,,,,,,,,,no_pattern_at_sr
2026-03-10T15:53:15.585203+00:00,XAUUSD.s,cobra,26551110,H1,HOLD,HOLD,NONE,0,26.802397165627532,0,,,,,,,,,,,,,,,,0.34,0.34,5206.7,5238.46,5203.23,5231.37,,,,,,,,5145.139309614724,5193.035,0.5102155570449329,,,,,,none,True,,,,,,,,,,,,,,no_pattern_at_sr
2026-03-10T15:53:15.600138+00:00,USOUSD.s,cobra,26551110,H1,HOLD,HOLD,NONE,0,3.68331597194835,0,,,,,,,,,,,,,,,,0.079,0.079,84.214,84.904,82.834,84.404,,,,,,,,90.71917695457071,85.2775,0.286019447699659,,,,,,none,True,,,,,,,,,,,,,,no_pattern_at_sr
2026-03-10T15:54:16.003806+00:00,BTCUSD,cobra,26551110,H1,HOLD,HOLD,NONE,0,781.523703017105,0,,,,,,,,,,,,,,,,17.06,17.06,71459.99,71773.21,70891.04,70917.29,,,,,,,,69043.49149477732,71295.24,0.2107805551694067,,,,,,none,True,,,,,,,,,,,,,,no_pattern_at_sr
2026-03-10T15:54:16.018842+00:00,XAUUSD.s,cobra,26551110,H1,HOLD,HOLD,NONE,0,26.802397165627532,0,,,,,,,,,,,,,,,,0.31,0.31,5206.7,5238.46,5203.23,5228.69,,,,,,,,5145.139309614724,5193.035,0.5102155570449329,,,,,,none,True,,,,,,,,,,,,,,no_pattern_at_sr
2026-03-10T15:54:16.034088+00:00,USOUSD.s,cobra,26551110,H1,HOLD,HOLD,NONE,0,3.68331597194835,0,,,,,,,,,,,,,,,,0.079,0.079,84.214,84.904,82.834,84.464,,,,,,,,90.71917695457071,85.2775,0.286019447699659,,,,,,none,True,,,,,,,,,,,,,,no_pattern_at_sr
2026-03-10T15:55:16.412393+00:00,BTCUSD,cobra,26551110,H1,HOLD,HOLD,NONE,0,781.523703017105,0,,,,,,,,,,,,,,,,16.98,16.98,71459.99,71773.21,70891.04,70932.12,,,,,,,,69043.49149477732,71295.24,0.2107805551694067,,,,,,none,True,,,,,,,,,,,,,,no_pattern_at_sr
2026-03-10T15:55:16.427699+00:00,XAUUSD.s,cobra,26551110,H1,HOLD,HOLD,NONE,0,26.802397165627532,0,,,,,,,,,,,,,,,,0.31,0.31,5206.7,5238.46,5203.23,5228.1,,,,,,,,5145.139309614724,5193.035,0.5102155570449329,,,,,,none,True,,,,,,,,,,,,,,no_pattern_at_sr
2026-03-10T15:55:16.442509+00:00,USOUSD.s,cobra,26551110,H1,HOLD,HOLD,NONE,0,3.68331597194835,0,,,,,,,,,,,,,,,,0.079,0.079,84.214,84.904,82.834,84.573,,,,,,,,90.71917695457071,85.2775,0.286019447699659,,,,,,none,True,,,,,,,,,,,,,,no_pattern_at_sr
2026-03-10T15:56:16.837914+00:00,BTCUSD,cobra,26551110,H1,HOLD,HOLD,NONE,0,781.523703017105,0,,,,,,,,,,,,,,,,17.01,17.01,71459.99,71773.21,70891.04,70990.75,,,,,,,,69043.49149477732,71295.24,0.2107805551694067,,,,,,none,True,,,,,,,,,,,,,,no_pattern_at_sr
2026-03-10T15:56:16.852591+00:00,XAUUSD.s,cobra,26551110,H1,HOLD,HOLD,NONE,0,26.802397165627532,0,,,,,,,,,,,,,,,,0.31,0.31,5206.7,5238.46,5203.23,5229.71,,,,,,,,5145.139309614724,5193.035,0.5102155570449329,,,,,,none,True,,,,,,,,,,,,,,no_pattern_at_sr
2026-03-10T15:56:16.867699+00:00,USOUSD.s,cobra,26551110,H1,HOLD,HOLD,NONE,0,3.68331597194835,0,,,,,,,,,,,,,,,,0.079,0.079,84.214,84.904,82.834,84.684,,,,,,,,90.71917695457071,85.2775,0.286019447699659,,,,,,none,True,,,,,,,,,,,,,,no_pattern_at_sr
2026-03-10T15:57:17.238923+00:00,BTCUSD,cobra,26551110,H1,HOLD,HOLD,NONE,0,781.523703017105,0,,,,,,,,,,,,,,,,17.03,17.03,71459.99,71773.21,70891.04,71222.75,,,,,,,,69043.49149477732,71295.24,0.2107805551694067,,,,,,none,True,,,,,,,,,,,,,,no_pattern_at_sr
2026-03-10T15:57:17.255109+00:00,XAUUSD.s,cobra,26551110,H1,HOLD,HOLD,NONE,0,26.802397165627532,0,,,,,,,,,,,,,,,,0.33,0.33,5206.7,5238.46,5203.23,5230.63,,,,,,,,5145.139309614724,5193.035,0.5102155570449329,,,,,,none,True,,,,,,,,,,,,,,no_pattern_at_sr
2026-03-10T15:57:17.269632+00:00,USOUSD.s,cobra,26551110,H1,HOLD,HOLD,NONE,0,3.68331597194835,0,,,,,,,,,,,,,,,,0.079,0.079,84.214,84.904,82.834,84.664,,,,,,,,90.71917695457071,85.2775,0.286019447699659,,,,,,none,True,,,,,,,,,,,,,,no_pattern_at_sr
2026-03-10T15:58:17.645511+00:00,BTCUSD,cobra,26551110,H1,HOLD,HOLD,NONE,0,781.523703017105,0,,,,,,,,,,,,,,,,17.07,17.07,71459.99,71773.21,70891.04,71282.58,,,,,,,,69043.49149477732,71295.24,0.2107805551694067,,,,,,none,True,,,,,,,,,,,,,,no_pattern_at_sr
2026-03-10T15:58:17.662138+00:00,XAUUSD.s,cobra,26551110,H1,HOLD,HOLD,NONE,0,26.802397165627532,0,,,,,,,,,,,,,,,,0.33,0.33,5206.7,5238.46,5203.23,5229.78,,,,,,,,5145.139309614724,5193.035,0.5102155570449329,,,,,,none,True,,,,,,,,,,,,,,no_pattern_at_sr
2026-03-10T15:58:17.677202+00:00,USOUSD.s,cobra,26551110,H1,HOLD,HOLD,NONE,0,3.68331597194835,0,,,,,,,,,,,,,,,,0.079,0.079,84.214,84.904,82.834,84.434,,,,,,,,90.71917695457071,85.2775,0.286019447699659,,,,,,none,True,,,,,,,,,,,,,,no_pattern_at_sr
2026-03-10T15:59:18.092860+00:00,BTCUSD,cobra,26551110,H1,HOLD,HOLD,NONE,0,781.523703017105,0,,,,,,,,,,,,,,,,17.02,17.02,71459.99,71773.21,70891.04,71334.38,,,,,,,,69043.49149477732,71295.24,0.2107805551694067,,,,,,none,True,,,,,,,,,,,,,,no_pattern_at_sr
2026-03-10T15:59:18.107577+00:00,XAUUSD.s,cobra,26551110,H1,HOLD,HOLD,NONE,0,26.802397165627532,0,,,,,,,,,,,,,,,,0.31,0.31,5206.7,5238.46,5203.23,5228.45,,,,,,,,5145.139309614724,5193.035,0.5102155570449329,,,,,,none,True,,,,,,,,,,,,,,no_pattern_at_sr
2026-03-10T15:59:18.122089+00:00,USOUSD.s,cobra,26551110,H1,HOLD,HOLD,NONE,0,3.68331597194835,0,,,,,,,,,,,,,,,,0.079,0.079,84.214,84.904,82.834,84.334,,,,,,,,90.71917695457071,85.2775,0.286019447699659,,,,,,none,True,,,,,,,,,,,,,,no_pattern_at_sr
2026-03-10T16:00:18.594419+00:00,BTCUSD,cobra,26551110,H1,HOLD,HOLD,NONE,0,731.0784559626477,0,,,,,,,,,,,,,,,,17.11,17.11,71334.8,71387.69,71312.4,71321.39,,,,,,,,69133.27019985,71534.225,0.2730691875431343,,,,,,none,True,,,,,,,,,,,,,,no_pattern_at_sr
2026-03-10T16:00:18.609408+00:00,XAUUSD.s,cobra,26551110,H1,HOLD,HOLD,NONE,0,24.99651171265087,0,,,,,,,,,,,,,,,,0.31,0.31,5228.59,5229.21,5227.69,5227.8,,,,,,,,5148.409784069128,5233.585,0.19942782646255144,,,,,,none,True,,,,,,,,,,,,,,no_pattern_at_sr
2026-03-10T16:00:18.625741+00:00,USOUSD.s,cobra,26551110,H1,HOLD,HOLD,NONE,0,3.435221988642822,0,,,,,,,,,,,,,,,,0.079,0.079,84.323,84.524,84.314,84.519,,,,,,,,90.46813346901108,85.394,0.3129346527106712,,,,,,none,True,,,,,,,,,,,,,,no_pattern_at_sr
2026-03-10T16:01:19.061277+00:00,BTCUSD,cobra,26551110,H1,HOLD,HOLD,NONE,0,734.3148845340761,0,,,,,,,,,,,,,,,,17.02,17.02,71334.8,71418.0,71297.4,71371.26,,,,,,,,69133.27019985,71534.225,0.2718656590036004,,,,,,none,True,,,,,,,,,,,,,,no_pattern_at_sr
2026-03-10T16:01:19.104244+00:00,XAUUSD.s,cobra,26551110,H1,HOLD,HOLD,NONE,0,25.138654569793715,0,,,,,,,,,,,,,,,,0.31,0.31,5228.59,5230.39,5226.88,5228.15,,,,,,,,5148.409784069128,5233.585,0.19830019089365206,,,,,,none,True,,,,,,,,,,,,,,no_pattern_at_sr
2026-03-10T16:01:19.119391+00:00,USOUSD.s,cobra,26551110,H1,HOLD,HOLD,NONE,0,3.4666505600713937,0,,,,,,,,,,,,,,,,0.079,0.079,84.323,84.964,84.314,84.879,,,,,,,,90.46813346901108,85.394,0.31009759460090025,,,,,,none,True,,,,,,,,,,,,,,no_pattern_at_sr
2026-03-10T16:02:19.562098+00:00,BTCUSD,cobra,26551110,H1,HOLD,HOLD,NONE,0,745.4127416769329,0,,,,,,,,,,,,,,,,16.96,16.96,71334.8,71418.0,71142.03,71150.49,,,,,,,,69133.27019985,71534.225,0.26781806754590265,,,,,,none,True,,,,,,,,,,,,,,no_pattern_at_sr
2026-03-10T16:02:19.603573+00:00,XAUUSD.s,cobra,26551110,H1,HOLD,HOLD,NONE,0,25.138654569793715,0,,,,,,,,,,,,,,,,0.3,0.3,5228.59,5230.39,5226.88,5228.36,,,,,,,,5148.409784069128,5233.585,0.19830019089365206,,,,,,none,True,,,,,,,,,,,,,,no_pattern_at_sr
2026-03-10T16:02:19.617899+00:00,USOUSD.s,cobra,26551110,H1,HOLD,HOLD,NONE,0,3.469150560071393,0,,,,,,,,,,,,,,,,0.079,0.079,84.323,84.999,84.314,84.779,,,,,,,,90.46813346901108,85.394,0.30987412664438524,,,,,,none,True,,,,,,,,,,,,,,no_pattern_at_sr
2026-03-10T16:03:20.002739+00:00,BTCUSD,cobra,26551110,H1,HOLD,HOLD,NONE,0,745.4127416769329,0,,,,,,,,,,,,,,,,17.1,17.1,71334.8,71418.0,71142.03,71181.17,,,,,,,,69133.27019985,71534.225,0.26781806754590265,,,,,,none,True,,,,,,,,,,,,,,no_pattern_at_sr
2026-03-10T16:03:20.047042+00:00,XAUUSD.s,cobra,26551110,H1,HOLD,HOLD,NONE,0,25.23079742693657,0,,,,,,,,,,,,,,,,0.3,0.3,5228.59,5230.39,5225.59,5226.06,,,,,,,,5148.409784069128,5233.585,0.19757599871487427,,,,,,none,True,,,,,,,,,,,,,,no_pattern_at_sr
2026-03-10T16:03:20.061725+00:00,USOUSD.s,cobra,26551110,H1,HOLD,HOLD,NONE,0,3.469150560071393,0,,,,,,,,,,,,,,,,0.079,0.079,84.323,84.999,84.314,84.689,,,,,,,,90.46813346901108,85.394,0.30987412664438524,,,,,,none,True,,,,,,,,,,,,,,no_pattern_at_sr
2026-03-10T16:04:21.083598+00:00,BTCUSD,cobra,26551110,H1,HOLD,HOLD,NONE,0,745.4127416769329,0,,,,,,,,,,,,,,,,16.98,16.98,71334.8,71418.0,71142.03,71258.06,,,,,,,,69133.27019985,71534.225,0.26781806754590265,,,,,,none,True,,,,,,,,,,,,,,no_pattern_at_sr
2026-03-10T16:04:21.126616+00:00,XAUUSD.s,cobra,26551110,H1,HOLD,HOLD,NONE,0,25.368654569793733,0,,,,,,,,,,,,,,,,0.31,0.31,5228.59,5230.39,5223.66,5228.05,,,,,,,,5148.409784069128,5233.585,0.19650234056697963,,,,,,none,True,,,,,,,,,,,,,,no_pattern_at_sr
2026-03-10T16:04:21.141556+00:00,USOUSD.s,cobra,26551110,H1,HOLD,HOLD,NONE,0,3.469150560071393,0,,,,,,,,,,,,,,,,0.079,0.079,84.323,84.999,84.314,84.834,,,,,,,,90.46813346901108,85.394,0.30987412664438524,,,,,,none,True,,,,,,,,,,,,,,no_pattern_at_sr
2026-03-10T16:05:22.134136+00:00,BTCUSD,cobra,26551110,H1,HOLD,HOLD,NONE,0,748.9141702483618,0,,,,,,,,,,,,,,,,16.95,16.95,71334.8,71418.0,71093.01,71093.01,,,,,,,,69133.27019985,71534.225,0.26656592695235626,,,,,,none,True,,,,,,,,,,,,,,no_pattern_at_sr
2026-03-10T16:05:22.179589+00:00,XAUUSD.s,cobra,26551110,H1,HOLD,HOLD,NONE,0,25.368654569793733,0,,,,,,,,,,,,,,,,0.34,0.34,5228.59,5230.39,5223.66,5228.0,,,,,,,,5148.409784069128,5233.585,0.19650234056697963,,,,,,none,True,,,,,,,,,,,,,,no_pattern_at_sr
2026-03-10T16:05:22.194475+00:00,USOUSD.s,cobra,26551110,H1,HOLD,HOLD,NONE,0,3.469150560071393,0,,,,,,,,,,,,,,,,0.079,0.079,84.323,84.999,84.314,84.959,,,,,,,,90.46813346901108,85.394,0.30987412664438524,,,,,,none,True,,,,,,,,,,,,,,no_pattern_at_sr
2026-03-10T16:06:23.308746+00:00,BTCUSD,cobra,26551110,H1,HOLD,HOLD,NONE,0,760.3163131055039,0,,,,,,,,,,,,,,,,17.02,17.02,71334.8,71418.0,70933.38,70993.82,,,,,,,,69133.27019985,71534.225,0.2625683502496511,,,,,,none,True,,,,,,,,,,,,,,no_pattern_at_sr
2026-03-10T16:06:23.352179+00:00,XAUUSD.s,cobra,26551110,H1,HOLD,HOLD,NONE,0,25.368654569793733,0,,,,,,,,,,,,,,,,0.33,0.33,5228.59,5230.39,5223.66,5225.81,,,,,,,,5148.409784069128,5233.585,0.19650234056697963,,,,,,none,True,,,,,,,,,,,,,,no_pattern_at_sr
2026-03-10T16:06:23.366838+00:00,USOUSD.s,cobra,26551110,H1,HOLD,HOLD,NONE,0,3.483079131499965,0,,,,,,,,,,,,,,,,0.079,0.079,84.323,85.194,84.314,85.164,,,,,,,,90.46813346901108,85.394,0.3086349633225419,,,,,,none,True,,,,,,,,,,,,,,no_pattern_at_sr
2026-03-10T16:07:23.749033+00:00,BTCUSD,cobra,26551110,H1,HOLD,HOLD,NONE,0,760.3163131055039,0,,,,,,,,,,,,,,,,16.96,16.96,71334.8,71418.0,70933.38,71040.92,,,,,,,,69133.27019985,71534.225,0.2625683502496511,,,,,,none,True,,,,,,,,,,,,,,no_pattern_at_sr
2026-03-10T16:07:23.790777+00:00,XAUUSD.s,cobra,26551110,H1,HOLD,HOLD,NONE,0,25.368654569793733,0,,,,,,,,,,,,,,,,0.33,0.33,5228.59,5230.39,5223.66,5226.19,,,,,,,,5148.409784069128,5233.585,0.19650234056697963,,,,,,none,True,,,,,,,,,,,,,,no_pattern_at_sr
2026-03-10T16:07:23.804771+00:00,USOUSD.s,cobra,26551110,H1,HOLD,HOLD,NONE,0,3.4873648457856796,0,,,,,,,,,,,,,,,,0.079,0.079,84.323,85.254,84.314,84.948,,,,,,,,90.46813346901108,85.394,0.30825567370706597,,,,,,none,True,,,,,,,,,,,,,,no_pattern_at_sr
2026-03-10T16:08:24.325587+00:00,BTCUSD,cobra,26551110,H1,HOLD,HOLD,NONE,0,760.3163131055039,0,,,,,,,,,,,,,,,,17.11,17.11,71334.8,71418.0,70933.38,71073.86,,,,,,,,69133.27019985,71534.225,0.2625683502496511,,,,,,none,True,,,,,,,,,,,,,,no_pattern_at_sr
2026-03-10T16:08:24.366799+00:00,XAUUSD.s,cobra,26551110,H1,HOLD,HOLD,NONE,0,25.368654569793733,0,,,,,,,,,,,,,,,,0.31,0.31,5228.59,5230.39,5223.66,5225.29,,,,,,,,5148.409784069128,5233.585,0.19650234056697963,,,,,,none,True,,,,,,,,,,,,,,no_pattern_at_sr
2026-03-10T16:08:24.381532+00:00,USOUSD.s,cobra,26551110,H1,HOLD,HOLD,NONE,0,3.500579131499965,0,,,,,,,,,,,,,,,,0.079,0.079,84.323,85.439,84.314,85.314,,,,,,,,90.46813346901108,85.394,0.3070920438068702,,,,,,none,True,,,,,,,,,,,,,,no_pattern_at_sr
2026-03-10T16:09:24.807446+00:00,BTCUSD,cobra,26551110,H1,HOLD,HOLD,NONE,0,760.3163131055039,0,,,,,,,,,,,,,,,,17.1,17.1,71334.8,71418.0,70933.38,71122.58,,,,,,,,69133.27019985,71534.225,0.2625683502496511,,,,,,none,True,,,,,,,,,,,,,,no_pattern_at_sr
2026-03-10T16:09:24.848577+00:00,XAUUSD.s,cobra,26551110,H1,HOLD,HOLD,NONE,0,25.368654569793733,0,,,,,,,,,,,,,,,,0.3,0.3,5228.59,5230.39,5223.66,5226.89,,,,,,,,5148.409784069128,5233.585,0.19650234056697963,,,,,,none,True,,,,,,,,,,,,,,no_pattern_at_sr
2026-03-10T16:09:24.863776+00:00,USOUSD.s,cobra,26551110,H1,HOLD,HOLD,NONE,0,3.5248648457856793,0,,,,,,,,,,,,,,,,0.079,0.079,84.323,85.779,84.314,85.709,,,,,,,,90.46813346901108,85.394,0.3049762322902311,,,,,,none,True,,,,,,,,,,,,,,no_pattern_at_sr
2026-03-10T16:10:25.944776+00:00,BTCUSD,cobra,26551110,H1,HOLD,HOLD,NONE,0,760.3163131055039,0,,,,,,,,,,,,,,,,17.12,17.12,71334.8,71418.0,70933.38,71146.91,,,,,,,,69133.27019985,71534.225,0.2625683502496511,,,,,,none,True,,,,,,,,,,,,,,no_pattern_at_sr
2026-03-10T16:10:25.986853+00:00,XAUUSD.s,cobra,26551110,H1,HOLD,HOLD,NONE,0,25.368654569793733,0,,,,,,,,,,,,,,,,0.3,0.3,5228.59,5230.39,5223.66,5227.04,,,,,,,,5148.409784069128,5233.585,0.19650234056697963,,,,,,none,True,,,,,,,,,,,,,,no_pattern_at_sr
2026-03-10T16:10:26.002316+00:00,USOUSD.s,cobra,26551110,H1,HOLD,HOLD,NONE,0,3.5248648457856793,0,,,,,,,,,,,,,,,,0.079,0.079,84.323,85.779,84.314,85.609,,,,,,,,90.46813346901108,85.394,0.3049762322902311,,,,,,none,True,,,,,,,,,,,,,,no_pattern_at_sr
2026-03-10T16:11:27.306111+00:00,BTCUSD,cobra,26551110,H1,HOLD,HOLD,NONE,0,760.3163131055039,0,,,,,,,,,,,,,,,,17.03,17.03,71334.8,71418.0,70933.38,71211.81,,,,,,,,69133.27019985,71534.225,0.2625683502496511,,,,,,none,True,,,,,,,,,,,,,,no_pattern_at_sr
2026-03-10T16:11:27.348541+00:00,XAUUSD.s,cobra,26551110,H1,HOLD,HOLD,NONE,0,25.368654569793733,0,,,,,,,,,,,,,,,,0.32,0.32,5228.59,5230.39,5223.66,5227.33,,,,,,,,5148.409784069128,5233.585,0.19650234056697963,,,,,,none,True,,,,,,,,,,,,,,no_pattern_at_sr
2026-03-10T16:11:27.363503+00:00,USOUSD.s,cobra,26551110,H1,HOLD,HOLD,NONE,0,3.5248648457856793,0,,,,,,,,,,,,,,,,0.079,0.079,84.323,85.779,84.314,85.494,,,,,,,,90.46813346901108,85.394,0.3049762322902311,,,,,,none,True,,,,,,,,,,,,,,no_pattern_at_sr
2026-03-10T16:12:28.243170+00:00,BTCUSD,cobra,26551110,H1,HOLD,HOLD,NONE,0,760.3163131055039,0,,,,,,,,,,,,,,,,16.96,16.96,71334.8,71418.0,70933.38,71116.1,,,,,,,,69133.27019985,71534.225,0.2625683502496511,,,,,,none,True,,,,,,,,,,,,,,no_pattern_at_sr
2026-03-10T16:12:28.288164+00:00,XAUUSD.s,cobra,26551110,H1,HOLD,HOLD,NONE,0,25.368654569793733,0,,,,,,,,,,,,,,,,0.31,0.31,5228.59,5230.39,5223.66,5226.89,,,,,,,,5148.409784069128,5233.585,0.19650234056697963,,,,,,none,True,,,,,,,,,,,,,,no_pattern_at_sr
2026-03-10T16:12:28.302702+00:00,USOUSD.s,cobra,26551110,H1,HOLD,HOLD,NONE,0,3.5248648457856793,0,,,,,,,,,,,,,,,,0.079,0.079,84.323,85.779,84.314,85.214,,,,,,,,90.46813346901108,85.394,0.3049762322902311,,,,,,none,True,,,,,,,,,,,,,,no_pattern_at_sr
2026-03-10T16:13:29.204585+00:00,BTCUSD,cobra,26551110,H1,HOLD,HOLD,NONE,0,760.3163131055039,0,,,,,,,,,,,,,,,,16.95,16.95,71334.8,71418.0,70933.38,71103.22,,,,,,,,69133.27019985,71534.225,0.2625683502496511,,,,,,none,True,,,,,,,,,,,,,,no_pattern_at_sr
2026-03-10T16:13:29.246659+00:00,XAUUSD.s,cobra,26551110,H1,HOLD,HOLD,NONE,0,25.44151171265084,0,,,,,,,,,,,,,,,,0.34,0.34,5228.59,5230.39,5222.64,5224.48,,,,,,,,5148.409784069128,5233.585,0.19593961460713327,,,,,,none,True,,,,,,,,,,,,,,no_pattern_at_sr
2026-03-10T16:13:29.261605+00:00,USOUSD.s,cobra,26551110,H1,HOLD,HOLD,NONE,0,3.5248648457856793,0,,,,,,,,,,,,,,,,0.079,0.079,84.323,85.779,84.314,85.499,,,,,,,,90.46813346901108,85.394,0.3049762322902311,,,,,,none,True,,,,,,,,,,,,,,no_pattern_at_sr
2026-03-10T16:14:30.292090+00:00,BTCUSD,cobra,26551110,H1,HOLD,HOLD,NONE,0,760.3163131055039,0,,,,,,,,,,,,,,,,16.98,16.98,71334.8,71418.0,70933.38,71120.45,,,,,,,,69133.27019985,71534.225,0.2625683502496511,,,,,,none,True,,,,,,,,,,,,,,no_pattern_at_sr
2026-03-10T16:14:30.335185+00:00,XAUUSD.s,cobra,26551110,H1,HOLD,HOLD,NONE,0,25.44151171265084,0,,,,,,,,,,,,,,,,0.3,0.3,5228.59,5230.39,5222.64,5224.54,,,,,,,,5148.409784069128,5233.585,0.19593961460713327,,,,,,none,True,,,,,,,,,,,,,,no_pattern_at_sr
2026-03-10T16:14:30.350522+00:00,USOUSD.s,cobra,26551110,H1,HOLD,HOLD,NONE,0,3.5248648457856793,0,,,,,,,,,,,,,,,,0.079,0.079,84.323,85.779,84.314,85.338,,,,,,,,90.46813346901108,85.394,0.3049762322902311,,,,,,none,True,,,,,,,,,,,,,,no_pattern_at_sr
2026-03-10T16:15:31.175741+00:00,BTCUSD,cobra,26551110,H1,HOLD,HOLD,NONE,0,760.3163131055039,0,,,,,,,,,,,,,,,,17.02,17.02,71334.8,71418.0,70933.38,71208.6,,,,,,,,69133.27019985,71534.225,0.2625683502496511,,,,,,none,True,,,,,,,,,,,,,,no_pattern_at_sr
2026-03-10T16:15:31.218195+00:00,XAUUSD.s,cobra,26551110,H1,HOLD,HOLD,NONE,0,25.44151171265084,0,,,,,,,,,,,,,,,,0.32,0.32,5228.59,5230.39,5222.64,5224.9,,,,,,,,5148.409784069128,5233.585,0.19593961460713327,,,,,,none,True,,,,,,,,,,,,,,no_pattern_at_sr
2026-03-10T16:15:31.232942+00:00,USOUSD.s,cobra,26551110,H1,HOLD,HOLD,NONE,0,3.5248648457856793,0,,,,,,,,,,,,,,,,0.079,0.079,84.323,85.779,84.314,85.169,,,,,,,,90.46813346901108,85.394,0.3049762322902311,,,,,,none,True,,,,,,,,,,,,,,no_pattern_at_sr
2026-03-10T16:16:31.969721+00:00,BTCUSD,cobra,26551110,H1,HOLD,HOLD,NONE,0,760.3163131055039,0,,,,,,,,,,,,,,,,16.95,16.95,71334.8,71418.0,70933.38,71245.96,,,,,,,,69133.27019985,71534.225,0.2625683502496511,,,,,,none,True,,,,,,,,,,,,,,no_pattern_at_sr
2026-03-10T16:16:32.011816+00:00,XAUUSD.s,cobra,26551110,H1,HOLD,HOLD,NONE,0,25.44151171265084,0,,,,,,,,,,,,,,,,0.31,0.31,5228.59,5230.39,5222.64,5226.56,,,,,,,,5148.409784069128,5233.585,0.19593961460713327,,,,,,none,True,,,,,,,,,,,,,,no_pattern_at_sr
2026-03-10T16:16:32.026210+00:00,USOUSD.s,cobra,26551110,H1,HOLD,HOLD,NONE,0,3.5248648457856793,0,,,,,,,,,,,,,,,,0.079,0.079,84.323,85.779,84.314,85.184,,,,,,,,90.46813346901108,85.394,0.3049762322902311,,,,,,none,True,,,,,,,,,,,,,,no_pattern_at_sr
2026-03-10T16:17:32.432382+00:00,BTCUSD,cobra,26551110,H1,HOLD,HOLD,NONE,0,760.3163131055039,0,,,,,,,,,,,,,,,,17.02,17.02,71334.8,71418.0,70933.38,71306.01,,,,,,,,69133.27019985,71534.225,0.2625683502496511,,,,,,none,True,,,,,,,,,,,,,,no_pattern_at_sr
2026-03-10T16:17:32.477277+00:00,XAUUSD.s,cobra,26551110,H1,HOLD,HOLD,NONE,0,25.44151171265084,0,,,,,,,,,,,,,,,,0.32,0.32,5228.59,5230.39,5222.64,5227.07,,,,,,,,5148.409784069128,5233.585,0.19593961460713327,,,,,,none,True,,,,,,,,,,,,,,no_pattern_at_sr
2026-03-10T16:17:32.491909+00:00,USOUSD.s,cobra,26551110,H1,HOLD,HOLD,NONE,0,3.5248648457856793,0,,,,,,,,,,,,,,,,0.079,0.079,84.323,85.779,84.314,85.189,,,,,,,,90.46813346901108,85.394,0.3049762322902311,,,,,,none,True,,,,,,,,,,,,,,no_pattern_at_sr
2026-03-10T16:18:32.906313+00:00,BTCUSD,cobra,26551110,H1,HOLD,HOLD,NONE,0,760.3163131055039,0,,,,,,,,,,,,,,,,17.07,17.07,71334.8,71418.0,70933.38,71329.97,,,,,,,,69133.27019985,71534.225,0.2625683502496511,,,,,,none,True,,,,,,,,,,,,,,no_pattern_at_sr
2026-03-10T16:18:32.948255+00:00,XAUUSD.s,cobra,26551110,H1,HOLD,HOLD,NONE,0,25.44151171265084,0,,,,,,,,,,,,,,,,0.32,0.32,5228.59,5230.39,5222.64,5228.15,,,,,,,,5148.409784069128,5233.585,0.19593961460713327,,,,,,none,True,,,,,,,,,,,,,,no_pattern_at_sr
2026-03-10T16:18:32.963092+00:00,USOUSD.s,cobra,26551110,H1,HOLD,HOLD,NONE,0,3.5248648457856793,0,,,,,,,,,,,,,,,,0.079,0.079,84.323,85.779,84.314,85.228,,,,,,,,90.46813346901108,85.394,0.3049762322902311,,,,,,none,True,,,,,,,,,,,,,,no_pattern_at_sr
2026-03-10T16:19:33.483544+00:00,BTCUSD,cobra,26551110,H1,HOLD,HOLD,NONE,0,760.3163131055039,0,,,,,,,,,,,,,,,,16.99,16.99,71334.8,71418.0,70933.38,71400.68,,,,,,,,69133.27019985,71534.225,0.2625683502496511,,,,,,none,True,,,,,,,,,,,,,,no_pattern_at_sr
2026-03-10T16:19:33.524699+00:00,XAUUSD.s,cobra,26551110,H1,HOLD,HOLD,NONE,0,25.44151171265084,0,,,,,,,,,,,,,,,,0.33,0.33,5228.59,5230.39,5222.64,5229.11,,,,,,,,5148.409784069128,5233.585,0.19593961460713327,,,,,,none,True,,,,,,,,,,,,,,no_pattern_at_sr
2026-03-10T16:19:33.539368+00:00,USOUSD.s,cobra,26551110,H1,HOLD,HOLD,NONE,0,3.5248648457856793,0,,,,,,,,,,,,,,,,0.079,0.079,84.323,85.779,84.314,85.198,,,,,,,,90.46813346901108,85.394,0.3049762322902311,,,,,,none,True,,,,,,,,,,,,,,no_pattern_at_sr
2026-03-10T16:20:34.137393+00:00,BTCUSD,cobra,26551110,H1,HOLD,HOLD,NONE,0,762.1170273912187,0,,,,,,,,,,,,,,,,17.02,17.02,71334.8,71443.21,70933.38,71430.9,,,,,,,,69133.27019985,71534.225,0.26194795920434194,,,,,,none,True,,,,,,,,,,,,,,no_pattern_at_sr
2026-03-10T16:20:34.183259+00:00,XAUUSD.s,cobra,26551110,H1,HOLD,HOLD,NONE,0,25.44151171265084,0,,,,,,,,,,,,,,,,0.3,0.3,5228.59,5230.39,5222.64,5228.26,,,,,,,,5148.409784069128,5233.585,0.19593961460713327,,,,,,none,True,,,,,,,,,,,,,,no_pattern_at_sr
2026-03-10T16:20:34.198209+00:00,USOUSD.s,cobra,26551110,H1,HOLD,HOLD,NONE,0,3.5248648457856793,0,,,,,,,,,,,,,,,,0.079,0.079,84.323,85.779,84.314,85.159,,,,,,,,90.46813346901108,85.394,0.3049762322902311,,,,,,none,True,,,,,,,,,,,,,,no_pattern_at_sr
2026-03-10T16:21:34.659057+00:00,BTCUSD,cobra,26551110,H1,HOLD,HOLD,NONE,0,768.7741702483613,0,,,,,,,,,,,,,,,,17.1,17.1,71334.8,71536.41,70933.38,71413.93,,,,,,,,69133.27019985,71534.225,0.2596796402973775,,,,,,none,True,,,,,,,,,,,,,,no_pattern_at_sr
2026-03-10T16:21:34.701379+00:00,XAUUSD.s,cobra,26551110,H1,HOLD,HOLD,NONE,0,25.44151171265084,0,,,,,,,,,,,,,,,,0.33,0.33,5228.59,5230.39,5222.64,5227.82,,,,,,,,5148.409784069128,5233.585,0.19593961460713327,,,,,,none,True,,,,,,,,,,,,,,no_pattern_at_sr
2026-03-10T16:21:34.717385+00:00,USOUSD.s,cobra,26551110,H1,HOLD,HOLD,NONE,0,3.5248648457856793,0,,,,,,,,,,,,,,,,0.079,0.079,84.323,85.779,84.314,85.073,,,,,,,,90.46813346901108,85.394,0.3049762322902311,,,,,,none,True,,,,,,,,,,,,,,no_pattern_at_sr
2026-03-10T16:22:35.110318+00:00,BTCUSD,cobra,26551110,H1,HOLD,HOLD,NONE,0,768.7741702483613,0,,,,,,,,,,,,,,,,17.0,17.0,71334.8,71536.41,70933.38,71459.34,,,,,,,,69133.27019985,71534.225,0.2596796402973775,,,,,,none,True,,,,,,,,,,,,,,no_pattern_at_sr
2026-03-10T16:22:35.154727+00:00,XAUUSD.s,cobra,26551110,H1,HOLD,HOLD,NONE,0,25.45436885550794,0,,,,,,,,,,,,,,,,0.33,0.33,5228.59,5230.57,5222.64,5229.74,,,,,,,,5148.409784069128,5233.585,0.1958406444212815,,,,,,none,True,,,,,,,,,,,,,,no_pattern_at_sr
2026-03-10T16:22:35.170678+00:00,USOUSD.s,cobra,26551110,H1,HOLD,HOLD,NONE,0,3.5248648457856793,0,,,,,,,,,,,,,,,,0.079,0.079,84.323,85.779,84.314,85.269,,,,,,,,90.46813346901108,85.394,0.3049762322902311,,,,,,none,True,,,,,,,,,,,,,,no_pattern_at_sr
2026-03-10T16:23:36.247835+00:00,BTCUSD,cobra,26551110,H1,HOLD,HOLD,NONE,0,771.3391702483616,0,,,,,,,,,,,,,,,,17.01,17.01,71334.8,71572.32,70933.38,71548.19,,,,,,,,69133.27019985,71534.225,0.2588161054179698,,,,,,none,True,,,,,,,,,,,,,,no_pattern_at_sr
2026-03-10T16:23:36.291788+00:00,XAUUSD.s,cobra,26551110,H1,HOLD,HOLD,NONE,0,25.537225998365074,0,,,,,,,,,,,,,,,,0.3,0.3,5228.59,5231.73,5222.64,5231.63,,,,,,,,5148.409784069128,5233.585,0.1952052270798253,,,,,,none,True,,,,,,,,,,,,,,no_pattern_at_sr
2026-03-10T16:23:36.307518+00:00,USOUSD.s,cobra,26551110,H1,HOLD,HOLD,NONE,0,3.5248648457856793,0,,,,,,,,,,,,,,,,0.079,0.079,84.323,85.779,84.314,85.004,,,,,,,,90.46813346901108,85.394,0.3049762322902311,,,,,,none,True,,,,,,,,,,,,,,no_pattern_at_sr
2026-03-10T16:24:37.416794+00:00,BTCUSD,cobra,26551110,H1,HOLD,HOLD,NONE,0,771.3391702483616,0,,,,,,,,,,,,,,,,17.11,17.11,71334.8,71572.32,70933.38,71517.94,,,,,,,,69133.27019985,71534.225,0.2588161054179698,,,,,,none,True,,,,,,,,,,,,,,no_pattern_at_sr
2026-03-10T16:24:37.459119+00:00,XAUUSD.s,cobra,26551110,H1,HOLD,HOLD,NONE,0,25.544368855507955,0,,,,,,,,,,,,,,,,0.32,0.32,5228.59,5231.83,5222.64,5230.93,,,,,,,,5148.409784069128,5233.585,0.19515064271884688,,,,,,none,True,,,,,,,,,,,,,,no_pattern_at_sr
2026-03-10T16:24:37.473446+00:00,USOUSD.s,cobra,26551110,H1,HOLD,HOLD,NONE,0,3.5248648457856793,0,,,,,,,,,,,,,,,,0.079,0.079,84.323,85.779,84.314,85.088,,,,,,,,90.46813346901108,85.394,0.3049762322902311,,,,,,none,True,,,,,,,,,,,,,,no_pattern_at_sr
2026-03-10T16:25:38.217965+00:00,BTCUSD,cobra,26551110,H1,HOLD,HOLD,NONE,0,777.9134559626468,0,,,,,,,,,,,,,,,,17.09,17.09,71334.8,71664.36,70933.38,71648.2,,,,,,,,69133.27019985,71534.225,0.2566288042324276,,,,,,none,True,,,,,,,,,,,,,,no_pattern_at_sr
2026-03-10T16:25:38.261574+00:00,XAUUSD.s,cobra,26551110,H1,HOLD,HOLD,NONE,0,25.71008314122222,0,,,,,,,,,,,,,,,,0.31,0.31,5228.59,5234.15,5222.64,5234.15,,,,,,,,5148.409784069128,5233.585,0.19389279966998554,,,,,,none,True,,,,,,,,,,,,,,no_pattern_at_sr
2026-03-10T16:25:38.276436+00:00,USOUSD.s,cobra,26551110,H1,HOLD,HOLD,NONE,0,3.5248648457856793,0,,,,,,,,,,,,,,,,0.079,0.079,84.323,85.779,84.314,84.899,,,,,,,,90.46813346901108,85.394,0.3049762322902311,,,,,,none,True,,,,,,,,,,,,,,no_pattern_at_sr
2026-03-10T16:26:39.224168+00:00,BTCUSD,cobra,26551110,H1,HOLD,HOLD,NONE,0,779.5513131055035,0,,,,,,,,,,,,,,,,17.04,17.04,71334.8,71687.29,70933.38,71574.05,,,,,,,,69133.27019985,71534.225,0.2560896205853622,,,,,,none,True,,,,,,,,,,,,,,no_pattern_at_sr
2026-03-10T16:26:39.267359+00:00,XAUUSD.s,cobra,26551110,H1,HOLD,HOLD,NONE,0,25.80151171265084,0,,,,,,,,,,,,,,,,0.34,0.34,5228.59,5235.43,5222.64,5235.22,,,,,,,,5148.409784069128,5233.585,0.19320573366077065,,,,,,none,True,,,,,,,,,,,,,,no_pattern_at_sr
2026-03-10T16:26:39.281823+00:00,USOUSD.s,cobra,26551110,H1,HOLD,HOLD,NONE,0,3.5248648457856793,0,,,,,,,,,,,,,,,,0.079,0.079,84.323,85.779,84.314,84.639,,,,,,,,90.46813346901108,85.394,0.3049762322902311,,,,,,none,True,,,,,,,,,,,,,,no_pattern_at_sr
2026-03-10T16:27:40.152932+00:00,BTCUSD,cobra,26551110,H1,HOLD,HOLD,NONE,0,779.5513131055035,0,,,,,,,,,,,,,,,,16.99,16.99,71334.8,71687.29,70933.38,71473.39,,,,,,,,69133.27019985,71534.225,0.2560896205853622,,,,,,none,True,,,,,,,,,,,,,,no_pattern_at_sr
2026-03-10T16:27:40.197501+00:00,XAUUSD.s,cobra,26551110,H1,HOLD,HOLD,NONE,0,25.80151171265084,0,,,,,,,,,,,,,,,,0.34,0.34,5228.59,5235.43,5222.64,5234.36,,,,,,,,5148.409784069128,5233.585,0.19320573366077065,,,,,,none,True,,,,,,,,,,,,,,no_pattern_at_sr
2026-03-10T16:27:40.212530+00:00,USOUSD.s,cobra,26551110,H1,HOLD,HOLD,NONE,0,3.5248648457856793,0,,,,,,,,,,,,,,,,0.079,0.079,84.323,85.779,84.314,84.829,,,,,,,,90.46813346901108,85.394,0.3049762322902311,,,,,,none,True,,,,,,,,,,,,,,no_pattern_at_sr
2026-03-10T16:28:41.397170+00:00,BTCUSD,cobra,26551110,H1,HOLD,HOLD,NONE,0,779.5513131055035,0,,,,,,,,,,,,,,,,17.05,17.05,71334.8,71687.29,70933.38,71434.58,,,,,,,,69133.27019985,71534.225,0.2560896205853622,,,,,,none,True,,,,,,,,,,,,,,no_pattern_at_sr
2026-03-10T16:28:41.438194+00:00,XAUUSD.s,cobra,26551110,H1,HOLD,HOLD,NONE,0,25.80151171265084,0,,,,,,,,,,,,,,,,0.31,0.31,5228.59,5235.43,5222.64,5233.27,,,,,,,,5148.409784069128,5233.585,0.19320573366077065,,,,,,none,True,,,,,,,,,,,,,,no_pattern_at_sr
2026-03-10T16:28:41.453846+00:00,USOUSD.s,cobra,26551110,H1,HOLD,HOLD,NONE,0,3.5248648457856793,0,,,,,,,,,,,,,,,,0.079,0.079,84.323,85.779,84.314,84.894,,,,,,,,90.46813346901108,85.394,0.3049762322902311,,,,,,none,True,,,,,,,,,,,,,,no_pattern_at_sr
2026-03-10T16:29:41.910372+00:00,BTCUSD,cobra,26551110,H1,HOLD,HOLD,NONE,0,779.5513131055035,0,,,,,,,,,,,,,,,,17.09,17.09,71334.8,71687.29,70933.38,71322.53,,,,,,,,69133.27019985,71534.225,0.2560896205853622,,,,,,none,True,,,,,,,,,,,,,,no_pattern_at_sr
2026-03-10T16:29:41.952961+00:00,XAUUSD.s,cobra,26551110,H1,HOLD,HOLD,NONE,0,25.80151171265084,0,,,,,,,,,,,,,,,,0.31,0.31,5228.59,5235.43,5222.64,5231.57,,,,,,,,5148.409784069128,5233.585,0.19320573366077065,,,,,,none,True,,,,,,,,,,,,,,no_pattern_at_sr
2026-03-10T16:29:41.967438+00:00,USOUSD.s,cobra,26551110,H1,HOLD,HOLD,NONE,0,3.5248648457856793,0,,,,,,,,,,,,,,,,0.079,0.079,84.323,85.779,84.314,84.609,,,,,,,,90.46813346901108,85.394,0.3049762322902311,,,,,,none,True,,,,,,,,,,,,,,no_pattern_at_sr
2026-03-10T16:30:42.922258+00:00,BTCUSD,cobra,26551110,H1,HOLD,HOLD,NONE,0,779.5513131055035,0,,,,,,,,,,,,,,,,17.0,17.0,71334.8,71687.29,70933.38,71359.44,,,,,,,,69133.27019985,71534.225,0.2560896205853622,,,,,,none,True,,,,,,,,,,,,,,no_pattern_at_sr
2026-03-10T16:30:42.964924+00:00,XAUUSD.s,cobra,26551110,H1,HOLD,HOLD,NONE,0,25.80151171265084,0,,,,,,,,,,,,,,,,0.33,0.33,5228.59,5235.43,5222.64,5232.14,,,,,,,,5148.409784069128,5233.585,0.19320573366077065,,,,,,none,True,,,,,,,,,,,,,,no_pattern_at_sr
2026-03-10T16:30:42.979690+00:00,USOUSD.s,cobra,26551110,H1,HOLD,HOLD,NONE,0,3.5277219886428215,0,,,,,,,,,,,,,,,,0.079,0.079,84.323,85.779,84.274,84.299,,,,,,,,90.46813346901108,85.394,0.3047292285108824,,,,,,none,True,,,,,,,,,,,,,,no_pattern_at_sr
2026-03-10T16:31:43.918752+00:00,BTCUSD,cobra,26551110,H1,HOLD,HOLD,NONE,0,779.5513131055035,0,,,,,,,,,,,,,,,,17.1,17.1,71334.8,71687.29,70933.38,71349.75,,,,,,,,69133.27019985,71534.225,0.2560896205853622,,,,,,none,True,,,,,,,,,,,,,,no_pattern_at_sr
2026-03-10T16:31:43.964133+00:00,XAUUSD.s,cobra,26551110,H1,HOLD,HOLD,NONE,0,25.80151171265084,0,,,,,,,,,,,,,,,,0.34,0.34,5228.59,5235.43,5222.64,5231.57,,,,,,,,5148.409784069128,5233.585,0.19320573366077065,,,,,,none,True,,,,,,,,,,,,,,no_pattern_at_sr
2026-03-10T16:31:43.978572+00:00,USOUSD.s,cobra,26551110,H1,HOLD,HOLD,NONE,0,3.530221988642821,0,,,,,,,,,,,,,,,,0.079,0.079,84.323,85.779,84.239,84.279,,,,,,,,90.46813346901108,85.394,0.3045134281805553,,,,,,none,True,,,,,,,,,,,,,,no_pattern_at_sr
2026-03-10T16:32:44.909313+00:00,BTCUSD,cobra,26551110,H1,HOLD,HOLD,NONE,0,779.5513131055035,0,,,,,,,,,,,,,,,,16.98,16.98,71334.8,71687.29,70933.38,71318.66,,,,,,,,69133.27019985,71534.225,0.2560896205853622,,,,,,none,True,,,,,,,,,,,,,,no_pattern_at_sr
2026-03-10T16:32:44.953327+00:00,XAUUSD.s,cobra,26551110,H1,HOLD,HOLD,NONE,0,25.80151171265084,0,,,,,,,,,,,,,,,,0.33,0.33,5228.59,5235.43,5222.64,5231.77,,,,,,,,5148.409784069128,5233.585,0.19320573366077065,,,,,,none,True,,,,,,,,,,,,,,no_pattern_at_sr
2026-03-10T16:32:44.967575+00:00,USOUSD.s,cobra,26551110,H1,HOLD,HOLD,NONE,0,3.562721988642821,0,,,,,,,,,,,,,,,,0.079,0.079,84.323,85.779,83.784,83.823,,,,,,,,90.46813346901108,85.394,0.3017355840357086,,,,,,none,True,,,,,,,,,,,,,,no_pattern_at_sr
2026-03-10T16:33:45.823079+00:00,BTCUSD,cobra,26551110,H1,HOLD,HOLD,NONE,0,779.5513131055035,0,,,,,,,,,,,,,,,,17.12,17.12,71334.8,71687.29,70933.38,71306.99,,,,,,,,69133.27019985,71534.225,0.2560896205853622,,,,,,none,True,,,,,,,,,,,,,,no_pattern_at_sr
2026-03-10T16:33:45.866455+00:00,XAUUSD.s,cobra,26551110,H1,HOLD,HOLD,NONE,0,25.80151171265084,0,,,,,,,,,,,,,,,,0.31,0.31,5228.59,5235.43,5222.64,5232.33,,,,,,,,5148.409784069128,5233.585,0.19320573366077065,,,,,,none,True,,,,,,,,,,,,,,no_pattern_at_sr
2026-03-10T16:33:45.881585+00:00,USOUSD.s,cobra,26551110,H1,HOLD,HOLD,NONE,0,3.5688648457856793,0,,,,,,,,,,,,,,,,0.079,0.079,84.323,85.779,83.698,83.728,,,,,,,,90.46813346901108,85.394,0.3012162260135529,,,,,,none,True,,,,,,,,,,,,,,no_pattern_at_sr
2026-03-10T16:34:46.797070+00:00,BTCUSD,cobra,26551110,H1,HOLD,HOLD,NONE,0,779.5513131055035,0,,,,,,,,,,,,,,,,16.99,16.99,71334.8,71687.29,70933.38,71350.23,,,,,,,,69133.27019985,71534.225,0.2560896205853622,,,,,,none,True,,,,,,,,,,,,,,no_pattern_at_sr
2026-03-10T16:34:46.841735+00:00,XAUUSD.s,cobra,26551110,H1,HOLD,HOLD,NONE,0,25.80151171265084,0,,,,,,,,,,,,,,,,0.31,0.31,5228.59,5235.43,5222.64,5233.57,,,,,,,,5148.409784069128,5233.585,0.19320573366077065,,,,,,none,True,,,,,,,,,,,,,,no_pattern_at_sr
2026-03-10T16:34:46.856797+00:00,USOUSD.s,cobra,26551110,H1,HOLD,HOLD,NONE,0,3.5698648457856788,0,,,,,,,,,,,,,,,,0.079,0.079,84.323,85.779,83.684,83.684,,,,,,,,90.46813346901108,85.394,0.30113184852616176,,,,,,none,True,,,,,,,,,,,,,,no_pattern_at_sr
2026-03-10T16:35:47.905332+00:00,BTCUSD,cobra,26551110,H1,HOLD,HOLD,NONE,0,779.5513131055035,0,,,,,,,,,,,,,,,,16.98,16.98,71334.8,71687.29,70933.38,71400.81,,,,,,,,69133.27019985,71534.225,0.2560896205853622,,,,,,none,True,,,,,,,,,,,,,,no_pattern_at_sr
2026-03-10T16:35:47.947904+00:00,XAUUSD.s,cobra,26551110,H1,HOLD,HOLD,NONE,0,25.80151171265084,0,,,,,,,,,,,,,,,,0.31,0.31,5228.59,5235.43,5222.64,5233.4,,,,,,,,5148.409784069128,5233.585,0.19320573366077065,,,,,,none,True,,,,,,,,,,,,,,no_pattern_at_sr
2026-03-10T16:35:47.963839+00:00,USOUSD.s,cobra,26551110,H1,HOLD,HOLD,NONE,0,3.5877219886428215,0,,,,,,,,,,,,,,,,0.079,0.079,84.323,85.779,83.434,83.599,,,,,,,,90.46813346901108,85.394,0.2996330271417319,,,,,,none,True,,,,,,,,,,,,,,no_pattern_at_sr
2026-03-10T16:36:48.787642+00:00,BTCUSD,cobra,26551110,H1,HOLD,HOLD,NONE,0,779.5513131055035,0,,,,,,,,,,,,,,,,17.0,17.0,71334.8,71687.29,70933.38,71378.81,,,,,,,,69133.27019985,71534.225,0.2560896205853622,,,,,,none,True,,,,,,,,,,,,,,no_pattern_at_sr
2026-03-10T16:36:48.829754+00:00,XAUUSD.s,cobra,26551110,H1,HOLD,HOLD,NONE,0,25.80151171265084,0,,,,,,,,,,,,,,,,0.31,0.31,5228.59,5235.43,5222.64,5232.51,,,,,,,,5148.409784069128,5233.585,0.19320573366077065,,,,,,none,True,,,,,,,,,,,,,,no_pattern_at_sr
2026-03-10T16:36:48.847749+00:00,USOUSD.s,cobra,26551110,H1,HOLD,HOLD,NONE,0,3.5877219886428215,0,,,,,,,,,,,,,,,,0.079,0.079,84.323,85.779,83.434,83.584,,,,,,,,90.46813346901108,85.394,0.2996330271417319,,,,,,none,True,,,,,,,,,,,,,,no_pattern_at_sr
2026-03-10T16:37:49.773359+00:00,BTCUSD,cobra,26551110,H1,HOLD,HOLD,NONE,0,779.5513131055035,0,,,,,,,,,,,,,,,,17.11,17.11,71334.8,71687.29,70933.38,71341.14,,,,,,,,69133.27019985,71534.225,0.2560896205853622,,,,,,none,True,,,,,,,,,,,,,,no_pattern_at_sr
2026-03-10T16:37:49.816964+00:00,XAUUSD.s,cobra,26551110,H1,HOLD,HOLD,NONE,0,25.80151171265084,0,,,,,,,,,,,,,,,,0.32,0.32,5228.59,5235.43,5222.64,5231.9,,,,,,,,5148.409784069128,5233.585,0.19320573366077065,,,,,,none,True,,,,,,,,,,,,,,no_pattern_at_sr
2026-03-10T16:37:49.831866+00:00,USOUSD.s,cobra,26551110,H1,HOLD,HOLD,NONE,0,3.5877219886428215,0,,,,,,,,,,,,,,,,0.079,0.079,84.323,85.779,83.434,83.698,,,,,,,,90.46813346901108,85.394,0.2996330271417319,,,,,,none,True,,,,,,,,,,,,,,no_pattern_at_sr
2026-03-10T16:38:52.056305+00:00,BTCUSD,cobra,26551110,H1,HOLD,HOLD,NONE,0,779.5513131055035,0,,,,,,,,,,,,,,,,16.96,16.96,71334.8,71687.29,70933.38,71303.55,,,,,,,,69133.27019985,71534.225,0.2560896205853622,,,,,,none,True,,,,,,,,,,,,,,no_pattern_at_sr
2026-03-10T16:38:52.100446+00:00,XAUUSD.s,cobra,26551110,H1,HOLD,HOLD,NONE,0,25.80151171265084,0,,,,,,,,,,,,,,,,0.31,0.31,5228.59,5235.43,5222.64,5232.15,,,,,,,,5148.409784069128,5233.585,0.19320573366077065,,,,,,none,True,,,,,,,,,,,,,,no_pattern_at_sr
2026-03-10T16:38:52.115195+00:00,USOUSD.s,cobra,26551110,H1,HOLD,HOLD,NONE,0,3.5877219886428215,0,,,,,,,,,,,,,,,,0.079,0.079,84.323,85.779,83.434,83.754,,,,,,,,90.46813346901108,85.394,0.2996330271417319,,,,,,none,True,,,,,,,,,,,,,,no_pattern_at_sr
2026-03-10T16:39:53.195394+00:00,BTCUSD,cobra,26551110,H1,HOLD,HOLD,NONE,0,779.5513131055035,0,,,,,,,,,,,,,,,,16.99,16.99,71334.8,71687.29,70933.38,71290.48,,,,,,,,69133.27019985,71534.225,0.2560896205853622,,,,,,none,True,,,,,,,,,,,,,,no_pattern_at_sr
2026-03-10T16:39:53.238796+00:00,XAUUSD.s,cobra,26551110,H1,HOLD,HOLD,NONE,0,25.80151171265084,0,,,,,,,,,,,,,,,,0.31,0.31,5228.59,5235.43,5222.64,5231.95,,,,,,,,5148.409784069128,5233.585,0.19320573366077065,,,,,,none,True,,,,,,,,,,,,,,no_pattern_at_sr
2026-03-10T16:39:53.253523+00:00,USOUSD.s,cobra,26551110,H1,HOLD,HOLD,NONE,0,3.5877219886428215,0,,,,,,,,,,,,,,,,0.079,0.079,84.323,85.779,83.434,83.809,,,,,,,,90.46813346901108,85.394,0.2996330271417319,,,,,,none,True,,,,,,,,,,,,,,no_pattern_at_sr
2026-03-10T16:40:54.122648+00:00,BTCUSD,cobra,26551110,H1,HOLD,HOLD,NONE,0,779.5513131055035,0,,,,,,,,,,,,,,,,17.01,17.01,71334.8,71687.29,70933.38,71189.58,,,,,,,,69133.27019985,71534.225,0.2560896205853622,,,,,,none,True,,,,,,,,,,,,,,no_pattern_at_sr
2026-03-10T16:40:54.165093+00:00,XAUUSD.s,cobra,26551110,H1,HOLD,HOLD,NONE,0,25.80151171265084,0,,,,,,,,,,,,,,,,0.32,0.32,5228.59,5235.43,5222.64,5231.91,,,,,,,,5148.409784069128,5233.585,0.19320573366077065,,,,,,none,True,,,,,,,,,,,,,,no_pattern_at_sr
2026-03-10T16:40:54.179682+00:00,USOUSD.s,cobra,26551110,H1,HOLD,HOLD,NONE,0,3.5877219886428215,0,,,,,,,,,,,,,,,,0.079,0.079,84.323,85.779,83.434,83.914,,,,,,,,90.46813346901108,85.394,0.2996330271417319,,,,,,none,True,,,,,,,,,,,,,,no_pattern_at_sr
2026-03-10T16:41:54.965833+00:00,BTCUSD,cobra,26551110,H1,HOLD,HOLD,NONE,0,779.5513131055035,0,,,,,,,,,,,,,,,,17.08,17.08,71334.8,71687.29,70933.38,71232.51,,,,,,,,69133.27019985,71534.225,0.2560896205853622,,,,,,none,True,,,,,,,,,,,,,,no_pattern_at_sr
2026-03-10T16:41:55.007011+00:00,XAUUSD.s,cobra,26551110,H1,HOLD,HOLD,NONE,0,25.80151171265084,0,,,,,,,,,,,,,,,,0.31,0.31,5228.59,5235.43,5222.64,5230.59,,,,,,,,5148.409784069128,5233.585,0.19320573366077065,,,,,,none,True,,,,,,,,,,,,,,no_pattern_at_sr
2026-03-10T16:41:55.022145+00:00,USOUSD.s,cobra,26551110,H1,HOLD,HOLD,NONE,0,3.5877219886428215,0,,,,,,,,,,,,,,,,0.079,0.079,84.323,85.779,83.434,83.769,,,,,,,,90.46813346901108,85.394,0.2996330271417319,,,,,,none,True,,,,,,,,,,,,,,no_pattern_at_sr
2026-03-10T16:42:55.385731+00:00,BTCUSD,cobra,26551110,H1,HOLD,HOLD,NONE,0,779.5513131055035,0,,,,,,,,,,,,,,,,17.02,17.02,71334.8,71687.29,70933.38,71262.7,,,,,,,,69133.27019985,71534.225,0.2560896205853622,,,,,,none,True,,,,,,,,,,,,,,no_pattern_at_sr
2026-03-10T16:42:55.427573+00:00,XAUUSD.s,cobra,26551110,H1,HOLD,HOLD,NONE,0,25.80151171265084,0,,,,,,,,,,,,,,,,0.31,0.31,5228.59,5235.43,5222.64,5229.15,,,,,,,,5148.409784069128,5233.585,0.19320573366077065,,,,,,none,True,,,,,,,,,,,,,,no_pattern_at_sr
2026-03-10T16:42:55.441383+00:00,USOUSD.s,cobra,26551110,H1,HOLD,HOLD,NONE,0,3.6024362743571077,0,,,,,,,,,,,,,,,,0.099,0.099,84.323,85.779,83.228,83.324,,,,,,,,90.46813346901108,85.394,0.29840916483438634,,,,,,none,True,,,,,,,,,,,,,,no_pattern_at_sr
2026-03-10T16:43:55.802368+00:00,BTCUSD,cobra,26551110,H1,HOLD,HOLD,NONE,0,779.5513131055035,0,,,,,,,,,,,,,,,,17.04,17.04,71334.8,71687.29,70933.38,71358.23,,,,,,,,69133.27019985,71534.225,0.2560896205853622,,,,,,none,True,,,,,,,,,,,,,,no_pattern_at_sr
2026-03-10T16:43:55.843966+00:00,XAUUSD.s,cobra,26551110,H1,HOLD,HOLD,NONE,0,25.80151171265084,0,,,,,,,,,,,,,,,,0.34,0.34,5228.59,5235.43,5222.64,5229.19,,,,,,,,5148.409784069128,5233.585,0.19320573366077065,,,,,,none,True,,,,,,,,,,,,,,no_pattern_at_sr
2026-03-10T16:43:55.858194+00:00,USOUSD.s,cobra,26551110,H1,HOLD,HOLD,NONE,0,3.6024362743571077,0,,,,,,,,,,,,,,,,0.079,0.079,84.323,85.779,83.228,83.728,,,,,,,,90.46813346901108,85.394,0.29840916483438634,,,,,,none,True,,,,,,,,,,,,,,no_pattern_at_sr
2026-03-10T16:44:56.235043+00:00,BTCUSD,cobra,26551110,H1,HOLD,HOLD,NONE,0,779.5513131055035,0,,,,,,,,,,,,,,,,16.98,16.98,71334.8,71687.29,70933.38,71371.57,,,,,,,,69133.27019985,71534.225,0.2560896205853622,,,,,,none,True,,,,,,,,,,,,,,no_pattern_at_sr
2026-03-10T16:44:56.276577+00:00,XAUUSD.s,cobra,26551110,H1,HOLD,HOLD,NONE,0,25.80151171265084,0,,,,,,,,,,,,,,,,0.32,0.32,5228.59,5235.43,5222.64,5227.91,,,,,,,,5148.409784069128,5233.585,0.19320573366077065,,,,,,none,True,,,,,,,,,,,,,,no_pattern_at_sr
2026-03-10T16:44:56.291305+00:00,USOUSD.s,cobra,26551110,H1,HOLD,HOLD,NONE,0,3.6024362743571077,0,,,,,,,,,,,,,,,,0.079,0.079,84.323,85.779,83.228,83.654,,,,,,,,90.46813346901108,85.394,0.29840916483438634,,,,,,none,True,,,,,,,,,,,,,,no_pattern_at_sr
2026-03-10T16:45:56.726877+00:00,BTCUSD,cobra,26551110,H1,HOLD,HOLD,NONE,0,779.5513131055035,0,,,,,,,,,,,,,,,,17.05,17.05,71334.8,71687.29,70933.38,71302.27,,,,,,,,69133.27019985,71534.225,0.2560896205853622,,,,,,none,True,,,,,,,,,,,,,,no_pattern_at_sr
2026-03-10T16:45:56.769833+00:00,XAUUSD.s,cobra,26551110,H1,HOLD,HOLD,NONE,0,25.80151171265084,0,,,,,,,,,,,,,,,,0.31,0.31,5228.59,5235.43,5222.64,5229.87,,,,,,,,5148.409784069128,5233.585,0.19320573366077065,,,,,,none,True,,,,,,,,,,,,,,no_pattern_at_sr
2026-03-10T16:45:56.784486+00:00,USOUSD.s,cobra,26551110,H1,HOLD,HOLD,NONE,0,3.6024362743571077,0,,,,,,,,,,,,,,,,0.079,0.079,84.323,85.779,83.228,83.823,,,,,,,,90.46813346901108,85.394,0.29840916483438634,,,,,,none,True,,,,,,,,,,,,,,no_pattern_at_sr
2026-03-10T16:46:57.709911+00:00,BTCUSD,cobra,26551110,H1,HOLD,HOLD,NONE,0,779.5513131055035,0,,,,,,,,,,,,,,,,16.95,16.95,71334.8,71687.29,70933.38,71259.81,,,,,,,,69133.27019985,71534.225,0.2560896205853622,,,,,,none,True,,,,,,,,,,,,,,no_pattern_at_sr
2026-03-10T16:46:57.754117+00:00,XAUUSD.s,cobra,26551110,H1,HOLD,HOLD,NONE,0,25.80151171265084,0,,,,,,,,,,,,,,,,0.31,0.31,5228.59,5235.43,5222.64,5229.28,,,,,,,,5148.409784069128,5233.585,0.19320573366077065,,,,,,none,True,,,,,,,,,,,,,,no_pattern_at_sr
2026-03-10T16:46:57.769389+00:00,USOUSD.s,cobra,26551110,H1,HOLD,HOLD,NONE,0,3.6024362743571077,0,,,,,,,,,,,,,,,,0.079,0.079,84.323,85.779,83.228,84.179,,,,,,,,90.46813346901108,85.394,0.29840916483438634,,,,,,none,True,,,,,,,,,,,,,,no_pattern_at_sr
2026-03-10T16:47:59.020012+00:00,BTCUSD,cobra,26551110,H1,HOLD,HOLD,NONE,0,779.5513131055035,0,,,,,,,,,,,,,,,,17.05,17.05,71334.8,71687.29,70933.38,71183.46,,,,,,,,69133.27019985,71534.225,0.2560896205853622,,,,,,none,True,,,,,,,,,,,,,,no_pattern_at_sr
2026-03-10T16:47:59.064049+00:00,XAUUSD.s,cobra,26551110,H1,HOLD,HOLD,NONE,0,25.80151171265084,0,,,,,,,,,,,,,,,,0.31,0.31,5228.59,5235.43,5222.64,5231.56,,,,,,,,5148.409784069128,5233.585,0.19320573366077065,,,,,,none,True,,,,,,,,,,,,,,no_pattern_at_sr
2026-03-10T16:47:59.080349+00:00,USOUSD.s,cobra,26551110,H1,HOLD,HOLD,NONE,0,3.6024362743571077,0,,,,,,,,,,,,,,,,0.079,0.079,84.323,85.779,83.228,84.129,,,,,,,,90.46813346901108,85.394,0.29840916483438634,,,,,,none,True,,,,,,,,,,,,,,no_pattern_at_sr
2026-03-10T16:48:59.634333+00:00,BTCUSD,cobra,26551110,H1,HOLD,HOLD,NONE,0,779.5513131055035,0,,,,,,,,,,,,,,,,17.1,17.1,71334.8,71687.29,70933.38,71220.66,,,,,,,,69133.27019985,71534.225,0.2560896205853622,,,,,,none,True,,,,,,,,,,,,,,no_pattern_at_sr
2026-03-10T16:48:59.675982+00:00,XAUUSD.s,cobra,26551110,H1,HOLD,HOLD,NONE,0,25.80151171265084,0,,,,,,,,,,,,,,,,0.31,0.31,5228.59,5235.43,5222.64,5230.15,,,,,,,,5148.409784069128,5233.585,0.19320573366077065,,,,,,none,True,,,,,,,,,,,,,,no_pattern_at_sr
2026-03-10T16:48:59.690506+00:00,USOUSD.s,cobra,26551110,H1,HOLD,HOLD,NONE,0,3.6024362743571077,0,,,,,,,,,,,,,,,,0.079,0.079,84.323,85.779,83.228,84.329,,,,,,,,90.46813346901108,85.394,0.29840916483438634,,,,,,none,True,,,,,,,,,,,,,,no_pattern_at_sr
2026-03-10T16:50:00.236841+00:00,BTCUSD,cobra,26551110,H1,HOLD,HOLD,NONE,0,779.5513131055035,0,,,,,,,,,,,,,,,,16.97,16.97,71334.8,71687.29,70933.38,71240.63,,,,,,,,69133.27019985,71534.225,0.2560896205853622,,,,,,none,True,,,,,,,,,,,,,,no_pattern_at_sr
2026-03-10T16:50:00.277901+00:00,XAUUSD.s,cobra,26551110,H1,HOLD,HOLD,NONE,0,25.80151171265084,0,,,,,,,,,,,,,,,,0.31,0.31,5228.59,5235.43,5222.64,5227.63,,,,,,,,5148.409784069128,5233.585,0.19320573366077065,,,,,,none,True,,,,,,,,,,,,,,no_pattern_at_sr
2026-03-10T16:50:00.291627+00:00,USOUSD.s,cobra,26551110,H1,HOLD,HOLD,NONE,0,3.6024362743571077,0,,,,,,,,,,,,,,,,0.079,0.079,84.323,85.779,83.228,84.209,,,,,,,,90.46813346901108,85.394,0.29840916483438634,,,,,,none,True,,,,,,,,,,,,,,no_pattern_at_sr
2026-03-10T16:51:00.778148+00:00,BTCUSD,cobra,26551110,H1,HOLD,HOLD,NONE,0,779.5513131055035,0,,,,,,,,,,,,,,,,17.09,17.09,71334.8,71687.29,70933.38,71245.76,,,,,,,,69133.27019985,71534.225,0.2560896205853622,,,,,,none,True,,,,,,,,,,,,,,no_pattern_at_sr
2026-03-10T16:51:00.819722+00:00,XAUUSD.s,cobra,26551110,H1,HOLD,HOLD,NONE,0,25.80151171265084,0,,,,,,,,,,,,,,,,0.33,0.33,5228.59,5235.43,5222.64,5226.06,,,,,,,,5148.409784069128,5233.585,0.19320573366077065,,,,,,none,True,,,,,,,,,,,,,,no_pattern_at_sr
2026-03-10T16:51:00.834152+00:00,USOUSD.s,cobra,26551110,H1,HOLD,HOLD,NONE,0,3.6024362743571077,0,,,,,,,,,,,,,,,,0.079,0.079,84.323,85.779,83.228,83.948,,,,,,,,90.46813346901108,85.394,0.29840916483438634,,,,,,none,True,,,,,,,,,,,,,,no_pattern_at_sr
2026-03-10T16:52:01.224258+00:00,BTCUSD,cobra,26551110,H1,HOLD,HOLD,NONE,0,779.5513131055035,0,,,,,,,,,,,,,,,,16.96,16.96,71334.8,71687.29,70933.38,71316.02,,,,,,,,69133.27019985,71534.225,0.2560896205853622,,,,,,none,True,,,,,,,,,,,,,,no_pattern_at_sr
2026-03-10T16:52:01.267584+00:00,XAUUSD.s,cobra,26551110,H1,HOLD,HOLD,NONE,0,25.80151171265084,0,,,,,,,,,,,,,,,,0.32,0.32,5228.59,5235.43,5222.64,5227.05,,,,,,,,5148.409784069128,5233.585,0.19320573366077065,,,,,,none,True,,,,,,,,,,,,,,no_pattern_at_sr
2026-03-10T16:52:01.281324+00:00,USOUSD.s,cobra,26551110,H1,HOLD,HOLD,NONE,0,3.6024362743571077,0,,,,,,,,,,,,,,,,0.079,0.079,84.323,85.779,83.228,83.444,,,,,,,,90.46813346901108,85.394,0.29840916483438634,,,,,,none,True,,,,,,,,,,,,,,no_pattern_at_sr
2026-03-10T16:53:01.668912+00:00,BTCUSD,cobra,26551110,H1,HOLD,HOLD,NONE,0,779.5513131055035,0,,,,,,,,,,,,,,,,17.03,17.03,71334.8,71687.29,70933.38,71352.9,,,,,,,,69133.27019985,71534.225,0.2560896205853622,,,,,,none,True,,,,,,,,,,,,,,no_pattern_at_sr
2026-03-10T16:53:01.711176+00:00,XAUUSD.s,cobra,26551110,H1,HOLD,HOLD,NONE,0,25.80151171265084,0,,,,,,,,,,,,,,,,0.3,0.3,5228.59,5235.43,5222.64,5229.49,,,,,,,,5148.409784069128,5233.585,0.19320573366077065,,,,,,none,True,,,,,,,,,,,,,,no_pattern_at_sr
2026-03-10T16:53:01.726242+00:00,USOUSD.s,cobra,26551110,H1,HOLD,HOLD,NONE,0,3.6681505600713926,0,,,,,,,,,,,,,,,,0.079,0.079,84.323,85.779,82.308,82.889,,,,,,,,90.46813346901108,85.394,0.2930632160254295,,,,,,none,True,,,,,,,,,,,,,,no_pattern_at_sr
2026-03-10T16:54:02.090871+00:00,BTCUSD,cobra,26551110,H1,HOLD,HOLD,NONE,0,779.5513131055035,0,,,,,,,,,,,,,,,,16.99,16.99,71334.8,71687.29,70933.38,71331.94,,,,,,,,69133.27019985,71534.225,0.2560896205853622,,,,,,none,True,,,,,,,,,,,,,,no_pattern_at_sr
2026-03-10T16:54:02.139343+00:00,XAUUSD.s,cobra,26551110,H1,HOLD,HOLD,NONE,0,25.80151171265084,0,,,,,,,,,,,,,,,,0.32,0.32,5228.59,5235.43,5222.64,5227.52,,,,,,,,5148.409784069128,5233.585,0.19320573366077065,,,,,,none,True,,,,,,,,,,,,,,no_pattern_at_sr
2026-03-10T16:54:02.155181+00:00,USOUSD.s,cobra,26551110,H1,HOLD,HOLD,NONE,0,3.6681505600713926,0,,,,,,,,,,,,,,,,0.079,0.079,84.323,85.779,82.308,82.853,,,,,,,,90.46813346901108,85.394,0.2930632160254295,,,,,,none,True,,,,,,,,,,,,,,no_pattern_at_sr
2026-03-10T16:55:02.521013+00:00,BTCUSD,cobra,26551110,H1,HOLD,HOLD,NONE,0,779.5513131055035,0,,,,,,,,,,,,,,,,17.07,17.07,71334.8,71687.29,70933.38,71319.85,,,,,,,,69133.27019985,71534.225,0.2560896205853622,,,,,,none,True,,,,,,,,,,,,,,no_pattern_at_sr
2026-03-10T16:55:02.564275+00:00,XAUUSD.s,cobra,26551110,H1,HOLD,HOLD,NONE,0,25.80151171265084,0,,,,,,,,,,,,,,,,0.31,0.31,5228.59,5235.43,5222.64,5227.57,,,,,,,,5148.409784069128,5233.585,0.19320573366077065,,,,,,none,True,,,,,,,,,,,,,,no_pattern_at_sr
2026-03-10T16:55:02.578145+00:00,USOUSD.s,cobra,26551110,H1,HOLD,HOLD,NONE,0,3.6681505600713926,0,,,,,,,,,,,,,,,,0.079,0.079,84.323,85.779,82.308,82.789,,,,,,,,90.46813346901108,85.394,0.2930632160254295,,,,,,none,True,,,,,,,,,,,,,,no_pattern_at_sr
2026-03-10T16:56:03.098964+00:00,BTCUSD,cobra,26551110,H1,HOLD,HOLD,NONE,0,779.5513131055035,0,,,,,,,,,,,,,,,,17.08,17.08,71334.8,71687.29,70933.38,71258.04,,,,,,,,69133.27019985,71534.225,0.2560896205853622,,,,,,none,True,,,,,,,,,,,,,,no_pattern_at_sr
2026-03-10T16:56:03.141843+00:00,XAUUSD.s,cobra,26551110,H1,HOLD,HOLD,NONE,0,25.80151171265084,0,,,,,,,,,,,,,,,,0.34,0.34,5228.59,5235.43,5222.64,5228.62,,,,,,,,5148.409784069128,5233.585,0.19320573366077065,,,,,,none,True,,,,,,,,,,,,,,no_pattern_at_sr
2026-03-10T16:56:03.155905+00:00,USOUSD.s,cobra,26551110,H1,HOLD,HOLD,NONE,0,3.6859362743571076,0,,,,,,,,,,,,,,,,0.099,0.099,84.323,85.779,82.059,82.529,,,,,,,,90.46813346901108,85.394,0.2916491007939365,,,,,,none,True,,,,,,,,,,,,,,no_pattern_at_sr
2026-03-10T16:57:03.541619+00:00,BTCUSD,cobra,26551110,H1,HOLD,HOLD,NONE,0,779.5513131055035,0,,,,,,,,,,,,,,,,16.98,16.98,71334.8,71687.29,70933.38,71197.75,,,,,,,,69133.27019985,71534.225,0.2560896205853622,,,,,,none,True,,,,,,,,,,,,,,no_pattern_at_sr
2026-03-10T16:57:03.583180+00:00,XAUUSD.s,cobra,26551110,H1,HOLD,HOLD,NONE,0,25.80151171265084,0,,,,,,,,,,,,,,,,0.31,0.31,5228.59,5235.43,5222.64,5228.99,,,,,,,,5148.409784069128,5233.585,0.19320573366077065,,,,,,none,True,,,,,,,,,,,,,,no_pattern_at_sr
2026-03-10T16:57:03.597879+00:00,USOUSD.s,cobra,26551110,H1,HOLD,HOLD,NONE,0,3.6859362743571076,0,,,,,,,,,,,,,,,,0.079,0.079,84.323,85.779,82.059,82.469,,,,,,,,90.46813346901108,85.394,0.2916491007939365,,,,,,none,True,,,,,,,,,,,,,,no_pattern_at_sr
2026-03-10T16:58:03.988324+00:00,BTCUSD,cobra,26551110,H1,HOLD,HOLD,NONE,0,779.5513131055035,0,,,,,,,,,,,,,,,,17.04,17.04,71334.8,71687.29,70933.38,71184.22,,,,,,,,69133.27019985,71534.225,0.2560896205853622,,,,,,none,True,,,,,,,,,,,,,,no_pattern_at_sr
2026-03-10T16:58:04.031053+00:00,XAUUSD.s,cobra,26551110,H1,HOLD,HOLD,NONE,0,25.80151171265084,0,,,,,,,,,,,,,,,,0.31,0.31,5228.59,5235.43,5222.64,5228.57,,,,,,,,5148.409784069128,5233.585,0.19320573366077065,,,,,,none,True,,,,,,,,,,,,,,no_pattern_at_sr
2026-03-10T16:58:04.045949+00:00,USOUSD.s,cobra,26551110,H1,HOLD,HOLD,NONE,0,3.6859362743571076,0,,,,,,,,,,,,,,,,0.099,0.099,84.323,85.779,82.059,82.669,,,,,,,,90.46813346901108,85.394,0.2916491007939365,,,,,,none,True,,,,,,,,,,,,,,no_pattern_at_sr
2026-03-10T16:59:05.084059+00:00,BTCUSD,cobra,26551110,H1,HOLD,HOLD,NONE,0,779.5513131055035,0,,,,,,,,,,,,,,,,16.97,16.97,71334.8,71687.29,70933.38,71194.91,,,,,,,,69133.27019985,71534.225,0.2560896205853622,,,,,,none,True,,,,,,,,,,,,,,no_pattern_at_sr
2026-03-10T16:59:05.126234+00:00,XAUUSD.s,cobra,26551110,H1,HOLD,HOLD,NONE,0,25.80151171265084,0,,,,,,,,,,,,,,,,0.34,0.34,5228.59,5235.43,5222.64,5228.05,,,,,,,,5148.409784069128,5233.585,0.19320573366077065,,,,,,none,True,,,,,,,,,,,,,,no_pattern_at_sr
2026-03-10T16:59:05.142589+00:00,USOUSD.s,cobra,26551110,H1,HOLD,HOLD,NONE,0,3.6859362743571076,0,,,,,,,,,,,,,,,,0.079,0.079,84.323,85.779,82.059,82.494,,,,,,,,90.46813346901108,85.394,0.2916491007939365,,,,,,none,True,,,,,,,,,,,,,,no_pattern_at_sr
2026-03-10T17:00:06.378719+00:00,BTCUSD,cobra,26551110,H1,HOLD,HOLD,NONE,0,725.7255232718556,0,,,,,,,,,,,,,,,,17.09,17.09,71257.66,71257.66,71231.67,71242.48,,,,,,,,69216.66434481804,71534.225,0.3814596443458754,,,,,,none,True,,,,,,,,,,,,,,no_pattern_at_sr
2026-03-10T17:00:06.422122+00:00,XAUUSD.s,cobra,26551110,H1,HOLD,HOLD,NONE,0,24.004976019720672,0,,,,,,,,,,,,,,,,0.34,0.34,5227.59,5227.88,5227.23,5227.57,,,,,,,,5151.5185593225215,5233.585,0.24890672646753556,,,,,,none,True,,,,,,,,,,,,,,no_pattern_at_sr
2026-03-10T17:00:06.436757+00:00,USOUSD.s,cobra,26551110,H1,SELL,SELL,ENGULFING,0.75,3.4294408570161377,0,,,,,,,,,,,,,,,,0.099,0.099,82.309,82.384,82.289,82.354,,,,,,,,90.14857704661408,,,BEARISH_ENGULF,,,0.5843518181397116,,BEARISH_ENGULF,False,,,,,,,,,,,,,,
2026-03-10T17:00:09.259036+00:00,USOUSD.s,cobra,26551110,H1,SELL_EXECUTED,SELL_EXECUTED,ENGULFING,0.75,3.4294408570161377,1,82.344,89.20288171403227,,65.19679571491929,,0.01,290829831,,,,,,,1136.13,1168.68,0.099,0.099,82.309,82.384,82.289,82.354,,,,,,,,90.14857704661408,,,BEARISH_ENGULF,,,0.5843518181397116,,,,,,,,,,,,,,,,,
2026-03-10T17:01:11.462548+00:00,BTCUSD,cobra,26551110,H1,HOLD,HOLD,NONE,0,727.6398089861416,0,,,,,,,,,,,,,,,,17.05,17.05,71257.66,71258.97,71206.18,71226.56,,,,,,,,69216.66434481804,71534.225,0.380456094596769,,,,,,none,True,,,,,,,,,,,,,,no_pattern_at_sr
2026-03-10T17:01:11.506108+00:00,XAUUSD.s,cobra,26551110,H1,HOLD,HOLD,NONE,0,24.089261734006406,0,,,,,,,,,,,,,,,,0.3,0.3,5227.59,5229.06,5227.23,5229.06,,,,,,,,5151.5185593225215,5233.585,0.24803582882598502,,,,,,none,True,,,,,,,,,,,,,,no_pattern_at_sr
2026-03-10T17:02:12.749122+00:00,BTCUSD,cobra,26551110,H1,HOLD,HOLD,NONE,0,729.6540947004271,0,,,,,,,,,,,,,,,,17.05,17.05,71257.66,71272.71,71191.72,71265.15,,,,,,,,69216.66434481804,71534.225,0.37940580613566777,,,,,,none,True,,,,,,,,,,,,,,no_pattern_at_sr
2026-03-10T17:02:12.792382+00:00,XAUUSD.s,cobra,26551110,H1,HOLD,HOLD,NONE,0,24.129261734006306,0,,,,,,,,,,,,,,,,0.31,0.31,5227.59,5229.4,5227.01,5227.64,,,,,,,,5151.5185593225215,5233.585,0.24762465034641173,,,,,,none,True,,,,,,,,,,,,,,no_pattern_at_sr
2026-03-10T17:03:13.276280+00:00,BTCUSD,cobra,26551110,H1,HOLD,HOLD,NONE,0,730.3955232718549,0,,,,,,,,,,,,,,,,17.05,17.05,71257.66,71283.09,71191.72,71250.28,,,,,,,,69216.66434481804,71534.225,0.3790206691846984,,,,,,none,True,,,,,,,,,,,,,,no_pattern_at_sr
2026-03-10T17:03:13.302906+00:00,XAUUSD.s,cobra,26551110,H1,HOLD,HOLD,NONE,0,24.129261734006306,0,,,,,,,,,,,,,,,,0.3,0.3,5227.59,5229.4,5227.01,5228.98,,,,,,,,5151.5185593225215,5233.585,0.24762465034641173,,,,,,none,True,,,,,,,,,,,,,,no_pattern_at_sr
2026-03-10T17:04:14.242049+00:00,BTCUSD,cobra,26551110,H1,HOLD,HOLD,NONE,0,730.3955232718549,0,,,,,,,,,,,,,,,,16.97,16.97,71257.66,71283.09,71191.72,71222.23,,,,,,,,69216.66434481804,71534.225,0.3790206691846984,,,,,,none,True,,,,,,,,,,,,,,no_pattern_at_sr
2026-03-10T17:04:14.285957+00:00,XAUUSD.s,cobra,26551110,H1,HOLD,HOLD,NONE,0,24.14497601972061,0,,,,,,,,,,,,,,,,0.31,0.31,5227.59,5229.62,5227.01,5228.79,,,,,,,,5151.5185593225215,5233.585,0.24746348868270704,,,,,,none,True,,,,,,,,,,,,,,no_pattern_at_sr
2026-03-10T17:05:15.197445+00:00,BTCUSD,cobra,26551110,H1,HOLD,HOLD,NONE,0,730.3955232718549,0,,,,,,,,,,,,,,,,16.98,16.98,71257.66,71283.09,71191.72,71256.63,,,,,,,,69216.66434481804,71534.225,0.3790206691846984,,,,,,none,True,,,,,,,,,,,,,,no_pattern_at_sr
2026-03-10T17:05:15.239403+00:00,XAUUSD.s,cobra,26551110,H1,HOLD,HOLD,NONE,0,24.14497601972061,0,,,,,,,,,,,,,,,,0.31,0.31,5227.59,5229.62,5227.01,5229.02,,,,,,,,5151.5185593225215,5233.585,0.24746348868270704,,,,,,none,True,,,,,,,,,,,,,,no_pattern_at_sr
2026-03-10T17:06:15.608355+00:00,BTCUSD,cobra,26551110,H1,HOLD,HOLD,NONE,0,737.2790947004271,0,,,,,,,,,,,,,,,,17.11,17.11,71257.66,71379.46,71191.72,71361.83,,,,,,,,69216.66434481804,71534.225,0.3754819606169501,,,,,,none,True,,,,,,,,,,,,,,no_pattern_at_sr
2026-03-10T17:06:15.651447+00:00,XAUUSD.s,cobra,26551110,H1,HOLD,HOLD,NONE,0,24.26926173400631,0,,,,,,,,,,,,,,,,0.31,0.31,5227.59,5231.36,5227.01,5230.84,,,,,,,,5151.5185593225215,5233.585,0.2461961993523742,,,,,,none,True,,,,,,,,,,,,,,no_pattern_at_sr
2026-03-10T17:07:16.669091+00:00,BTCUSD,cobra,26551110,H1,HOLD,HOLD,NONE,0,741.9398089861413,0,,,,,,,,,,,,,,,,17.09,17.09,71257.66,71444.71,71191.72,71423.33,,,,,,,,69216.66434481804,71534.225,0.3731232596594334,,,,,,none,True,,,,,,,,,,,,,,no_pattern_at_sr
2026-03-10T17:07:16.714050+00:00,XAUUSD.s,cobra,26551110,H1,HOLD,HOLD,NONE,0,24.304976019720595,0,,,,,,,,,,,,,,,,0.31,0.31,5227.59,5231.86,5227.01,5230.43,,,,,,,,5151.5185593225215,5233.585,0.24583443304582414,,,,,,none,True,,,,,,,,,,,,,,no_pattern_at_sr
2026-03-10T17:08:17.793036+00:00,BTCUSD,cobra,26551110,H1,HOLD,HOLD,NONE,0,741.9398089861413,0,,,,,,,,,,,,,,,,16.96,16.96,71257.66,71444.71,71191.72,71291.49,,,,,,,,69216.66434481804,71534.225,0.3731232596594334,,,,,,none,True,,,,,,,,,,,,,,no_pattern_at_sr
2026-03-10T17:08:17.836117+00:00,XAUUSD.s,cobra,26551110,H1,HOLD,HOLD,NONE,0,24.38354744829205,0,,,,,,,,,,,,,,,,0.31,0.31,5227.59,5232.96,5227.01,5232.9,,,,,,,,5151.5185593225215,5233.585,0.24504227748940133,,,,,,none,True,,,,,,,,,,,,,,no_pattern_at_sr
2026-03-10T17:09:18.836054+00:00,BTCUSD,cobra,26551110,H1,HOLD,HOLD,NONE,0,741.9398089861413,0,,,,,,,,,,,,,,,,17.01,17.01,71257.66,71444.71,71191.72,71312.22,,,,,,,,69216.66434481804,71534.225,0.3731232596594334,,,,,,none,True,,,,,,,,,,,,,,no_pattern_at_sr
2026-03-10T17:09:18.877083+00:00,XAUUSD.s,cobra,26551110,H1,HOLD,HOLD,NONE,0,24.422833162577778,0,,,,,,,,,,,,,,,,0.31,0.31,5227.59,5233.51,5227.01,5233.38,,,,,,,,5151.5185593225215,5233.585,0.24464811106172726,,,,,,none,True,,,,,,,,,,,,,,no_pattern_at_sr
2026-03-10T17:10:19.554182+00:00,BTCUSD,cobra,26551110,H1,HOLD,HOLD,NONE,0,741.9398089861413,0,,,,,,,,,,,,,,,,17.11,17.11,71257.66,71444.71,71191.72,71291.61,,,,,,,,69216.66434481804,71534.225,0.3731232596594334,,,,,,none,True,,,,,,,,,,,,,,no_pattern_at_sr
2026-03-10T17:10:19.597827+00:00,XAUUSD.s,cobra,26551110,H1,HOLD,HOLD,NONE,0,24.422833162577778,0,,,,,,,,,,,,,,,,0.34,0.34,5227.59,5233.51,5227.01,5231.88,,,,,,,,5151.5185593225215,5233.585,0.24464811106172726,,,,,,none,True,,,,,,,,,,,,,,no_pattern_at_sr
2026-03-10T17:11:20.727396+00:00,BTCUSD,cobra,26551110,H1,HOLD,HOLD,NONE,0,741.9398089861413,0,,,,,,,,,,,,,,,,17.09,17.09,71257.66,71444.71,71191.72,71342.75,,,,,,,,69216.66434481804,71534.225,0.3731232596594334,,,,,,none,True,,,,,,,,,,,,,,no_pattern_at_sr
2026-03-10T17:11:20.771948+00:00,XAUUSD.s,cobra,26551110,H1,HOLD,HOLD,NONE,0,24.422833162577778,0,,,,,,,,,,,,,,,,0.31,0.31,5227.59,5233.51,5227.01,5231.49,,,,,,,,5151.5185593225215,5233.585,0.24464811106172726,,,,,,none,True,,,,,,,,,,,,,,no_pattern_at_sr
2026-03-10T17:12:21.903270+00:00,BTCUSD,cobra,26551110,H1,HOLD,HOLD,NONE,0,741.9398089861413,0,,,,,,,,,,,,,,,,17.05,17.05,71257.66,71444.71,71191.72,71269.18,,,,,,,,69216.66434481804,71534.225,0.3731232596594334,,,,,,none,True,,,,,,,,,,,,,,no_pattern_at_sr
2026-03-10T17:12:21.947658+00:00,XAUUSD.s,cobra,26551110,H1,HOLD,HOLD,NONE,0,24.422833162577778,0,,,,,,,,,,,,,,,,0.33,0.33,5227.59,5233.51,5227.01,5232.47,,,,,,,,5151.5185593225215,5233.585,0.24464811106172726,,,,,,none,True,,,,,,,,,,,,,,no_pattern_at_sr
2026-03-10T17:13:23.023249+00:00,BTCUSD,cobra,26551110,H1,HOLD,HOLD,NONE,0,741.9398089861413,0,,,,,,,,,,,,,,,,17.08,17.08,71257.66,71444.71,71191.72,71213.46,,,,,,,,69216.66434481804,71534.225,0.3731232596594334,,,,,,none,True,,,,,,,,,,,,,,no_pattern_at_sr
2026-03-10T17:13:23.067250+00:00,XAUUSD.s,cobra,26551110,H1,HOLD,HOLD,NONE,0,24.554976019720595,0,,,,,,,,,,,,,,,,0.3,0.3,5227.59,5235.36,5227.01,5233.74,,,,,,,,5151.5185593225215,5233.585,0.24333153472443717,,,,,,none,True,,,,,,,,,,,,,,no_pattern_at_sr
2026-03-10T17:14:24.065787+00:00,BTCUSD,cobra,26551110,H1,HOLD,HOLD,NONE,0,741.9398089861413,0,,,,,,,,,,,,,,,,17.02,17.02,71257.66,71444.71,71191.72,71261.52,,,,,,,,69216.66434481804,71534.225,0.3731232596594334,,,,,,none,True,,,,,,,,,,,,,,no_pattern_at_sr
2026-03-10T17:14:24.108586+00:00,XAUUSD.s,cobra,26551110,H1,HOLD,HOLD,NONE,0,24.554976019720595,0,,,,,,,,,,,,,,,,0.34,0.34,5227.59,5235.36,5227.01,5233.35,,,,,,,,5151.5185593225215,5233.585,0.24333153472443717,,,,,,none,True,,,,,,,,,,,,,,no_pattern_at_sr
2026-03-10T17:15:25.102537+00:00,BTCUSD,cobra,26551110,H1,HOLD,HOLD,NONE,0,741.9398089861413,0,,,,,,,,,,,,,,,,17.11,17.11,71257.66,71444.71,71191.72,71267.34,,,,,,,,69216.66434481804,71534.225,0.3731232596594334,,,,,,none,True,,,,,,,,,,,,,,no_pattern_at_sr
2026-03-10T17:15:25.145893+00:00,XAUUSD.s,cobra,26551110,H1,HOLD,HOLD,NONE,0,24.554976019720595,0,,,,,,,,,,,,,,,,0.31,0.31,5227.59,5235.36,5227.01,5233.27,,,,,,,,5151.5185593225215,5233.585,0.24333153472443717,,,,,,none,True,,,,,,,,,,,,,,no_pattern_at_sr
2026-03-10T17:16:26.170026+00:00,BTCUSD,cobra,26551110,H1,HOLD,HOLD,NONE,0,741.9398089861413,0,,,,,,,,,,,,,,,,17.02,17.02,71257.66,71444.71,71191.72,71327.62,,,,,,,,69216.66434481804,71534.225,0.3731232596594334,,,,,,none,True,,,,,,,,,,,,,,no_pattern_at_sr
2026-03-10T17:16:26.212362+00:00,XAUUSD.s,cobra,26551110,H1,HOLD,HOLD,NONE,0,24.554976019720595,0,,,,,,,,,,,,,,,,0.31,0.31,5227.59,5235.36,5227.01,5229.91,,,,,,,,5151.5185593225215,5233.585,0.24333153472443717,,,,,,none,True,,,,,,,,,,,,,,no_pattern_at_sr
2026-03-10T17:17:26.603161+00:00,BTCUSD,cobra,26551110,H1,HOLD,HOLD,NONE,0,743.4119518432842,0,,,,,,,,,,,,,,,,17.06,17.06,71257.66,71444.71,71171.11,71173.87,,,,,,,,69216.66434481804,71534.225,0.37238438165218646,,,,,,none,True,,,,,,,,,,,,,,no_pattern_at_sr
2026-03-10T17:17:26.649653+00:00,XAUUSD.s,cobra,26551110,H1,HOLD,HOLD,NONE,0,24.605690305434884,0,,,,,,,,,,,,,,,,0.31,0.31,5227.59,5235.36,5226.3,5226.6,,,,,,,,5151.5185593225215,5233.585,0.24283000906829308,,,,,,none,True,,,,,,,,,,,,,,no_pattern_at_sr
2026-03-10T17:18:27.048784+00:00,BTCUSD,cobra,26551110,H1,HOLD,HOLD,NONE,0,743.4119518432842,0,,,,,,,,,,,,,,,,17.12,17.12,71257.66,71444.71,71171.11,71250.99,,,,,,,,69216.66434481804,71534.225,0.37238438165218646,,,,,,none,True,,,,,,,,,,,,,,no_pattern_at_sr
2026-03-10T17:18:27.090589+00:00,XAUUSD.s,cobra,26551110,H1,HOLD,HOLD,NONE,0,24.605690305434884,0,,,,,,,,,,,,,,,,0.3,0.3,5227.59,5235.36,5226.3,5226.81,,,,,,,,5151.5185593225215,5233.585,0.24283000906829308,,,,,,none,True,,,,,,,,,,,,,,no_pattern_at_sr
2026-03-10T17:19:27.482355+00:00,BTCUSD,cobra,26551110,H1,HOLD,HOLD,NONE,0,743.4119518432842,0,,,,,,,,,,,,,,,,17.05,17.05,71257.66,71444.71,71171.11,71240.79,,,,,,,,69216.66434481804,71534.225,0.37238438165218646,,,,,,none,True,,,,,,,,,,,,,,no_pattern_at_sr
2026-03-10T17:19:27.524915+00:00,XAUUSD.s,cobra,26551110,H1,HOLD,HOLD,NONE,0,24.796404591149173,0,,,,,,,,,,,,,,,,0.3,0.3,5227.59,5235.36,5223.63,5225.16,,,,,,,,5151.5185593225215,5233.585,0.24096235315232273,,,,,,none,True,,,,,,,,,,,,,,no_pattern_at_sr
2026-03-10T17:20:28.752932+00:00,BTCUSD,cobra,26551110,H1,HOLD,HOLD,NONE,0,743.4119518432842,0,,,,,,,,,,,,,,,,17.01,17.01,71257.66,71444.71,71171.11,71219.36,,,,,,,,69216.66434481804,71534.225,0.37238438165218646,,,,,,none,True,,,,,,,,,,,,,,no_pattern_at_sr
2026-03-10T17:20:28.798200+00:00,XAUUSD.s,cobra,26551110,H1,HOLD,HOLD,NONE,0,24.796404591149173,0,,,,,,,,,,,,,,,,0.31,0.31,5227.59,5235.36,5223.63,5225.97,,,,,,,,5151.5185593225215,5233.585,0.24096235315232273,,,,,,none,True,,,,,,,,,,,,,,no_pattern_at_sr
2026-03-10T17:21:29.780259+00:00,BTCUSD,cobra,26551110,H1,HOLD,HOLD,NONE,0,743.4119518432842,0,,,,,,,,,,,,,,,,17.05,17.05,71257.66,71444.71,71171.11,71230.92,,,,,,,,69216.66434481804,71534.225,0.37238438165218646,,,,,,none,True,,,,,,,,,,,,,,no_pattern_at_sr
2026-03-10T17:21:29.823855+00:00,XAUUSD.s,cobra,26551110,H1,HOLD,HOLD,NONE,0,24.796404591149173,0,,,,,,,,,,,,,,,,0.31,0.31,5227.59,5235.36,5223.63,5227.41,,,,,,,,5151.5185593225215,5233.585,0.24096235315232273,,,,,,none,True,,,,,,,,,,,,,,no_pattern_at_sr
2026-03-10T17:22:30.943439+00:00,BTCUSD,cobra,26551110,H1,HOLD,HOLD,NONE,0,743.4119518432842,0,,,,,,,,,,,,,,,,17.06,17.06,71257.66,71444.71,71171.11,71224.2,,,,,,,,69216.66434481804,71534.225,0.37238438165218646,,,,,,none,True,,,,,,,,,,,,,,no_pattern_at_sr
2026-03-10T17:22:30.986466+00:00,XAUUSD.s,cobra,26551110,H1,HOLD,HOLD,NONE,0,24.796404591149173,0,,,,,,,,,,,,,,,,0.31,0.31,5227.59,5235.36,5223.63,5226.34,,,,,,,,5151.5185593225215,5233.585,0.24096235315232273,,,,,,none,True,,,,,,,,,,,,,,no_pattern_at_sr
2026-03-10T17:23:31.390527+00:00,BTCUSD,cobra,26551110,H1,HOLD,HOLD,NONE,0,743.4119518432842,0,,,,,,,,,,,,,,,,16.96,16.96,71257.66,71444.71,71171.11,71238.26,,,,,,,,69216.66434481804,71534.225,0.37238438165218646,,,,,,none,True,,,,,,,,,,,,,,no_pattern_at_sr
2026-03-10T17:23:31.433167+00:00,XAUUSD.s,cobra,26551110,H1,HOLD,HOLD,NONE,0,24.796404591149173,0,,,,,,,,,,,,,,,,0.34,0.34,5227.59,5235.36,5223.63,5225.0,,,,,,,,5151.5185593225215,5233.585,0.24096235315232273,,,,,,none,True,,,,,,,,,,,,,,no_pattern_at_sr
2026-03-10T17:24:31.833544+00:00,BTCUSD,cobra,26551110,H1,HOLD,HOLD,NONE,0,743.4119518432842,0,,,,,,,,,,,,,,,,17.07,17.07,71257.66,71444.71,71171.11,71307.62,,,,,,,,69216.66434481804,71534.225,0.37238438165218646,,,,,,none,True,,,,,,,,,,,,,,no_pattern_at_sr
2026-03-10T17:24:31.876950+00:00,XAUUSD.s,cobra,26551110,H1,HOLD,HOLD,NONE,0,24.796404591149173,0,,,,,,,,,,,,,,,,0.34,0.34,5227.59,5235.36,5223.63,5226.43,,,,,,,,5151.5185593225215,5233.585,0.24096235315232273,,,,,,none,True,,,,,,,,,,,,,,no_pattern_at_sr
2026-03-10T17:25:32.354636+00:00,BTCUSD,cobra,26551110,H1,HOLD,HOLD,NONE,0,743.4119518432842,0,,,,,,,,,,,,,,,,17.09,17.09,71257.66,71444.71,71171.11,71182.57,,,,,,,,69216.66434481804,71534.225,0.37238438165218646,,,,,,none,True,,,,,,,,,,,,,,no_pattern_at_sr
2026-03-10T17:25:32.396837+00:00,XAUUSD.s,cobra,26551110,H1,HOLD,HOLD,NONE,0,24.796404591149173,0,,,,,,,,,,,,,,,,0.31,0.31,5227.59,5235.36,5223.63,5228.1,,,,,,,,5151.5185593225215,5233.585,0.24096235315232273,,,,,,none,True,,,,,,,,,,,,,,no_pattern_at_sr
2026-03-10T17:26:32.866680+00:00,BTCUSD,cobra,26551110,H1,HOLD,HOLD,NONE,0,754.2383804147133,0,,,,,,,,,,,,,,,,17.04,17.04,71257.66,71444.71,71019.54,71027.18,,,,,,,,69216.66434481804,71534.225,0.3670391313788492,,,,,,none,True,,,,,,,,,,,,,,no_pattern_at_sr
2026-03-10T17:26:32.910462+00:00,XAUUSD.s,cobra,26551110,H1,HOLD,HOLD,NONE,0,24.796404591149173,0,,,,,,,,,,,,,,,,0.34,0.34,5227.59,5235.36,5223.63,5229.43,,,,,,,,5151.5185593225215,5233.585,0.24096235315232273,,,,,,none,True,,,,,,,,,,,,,,no_pattern_at_sr
2026-03-10T17:27:33.291013+00:00,BTCUSD,cobra,26551110,H1,HOLD,HOLD,NONE,0,757.1505232718555,0,,,,,,,,,,,,,,,,17.01,17.01,71257.66,71444.71,70978.77,71086.87,,,,,,,,69216.66434481804,71534.225,0.36562743006995,,,,,,none,True,,,,,,,,,,,,,,no_pattern_at_sr
2026-03-10T17:27:33.332491+00:00,XAUUSD.s,cobra,26551110,H1,HOLD,HOLD,NONE,0,24.796404591149173,0,,,,,,,,,,,,,,,,0.31,0.31,5227.59,5235.36,5223.63,5230.8,,,,,,,,5151.5185593225215,5233.585,0.24096235315232273,,,,,,none,True,,,,,,,,,,,,,,no_pattern_at_sr
2026-03-10T17:28:53.093814+00:00,BTCUSD,cobra,26551110,H1,HOLD,HOLD,NONE,0,757.1505232718555,0,,,,,,,,,,,,,,,,16.94,16.94,71257.66,71444.71,70978.77,71084.98,,,,,,,,69216.66434481804,71534.225,0.36562743006995,,,,,,none,True,,,,,,,,,,,,,,no_pattern_at_sr
2026-03-10T17:28:53.149496+00:00,XAUUSD.s,cobra,26551110,H1,HOLD,HOLD,NONE,0,24.796404591149173,0,,,,,,,,,,,,,,,,0.33,0.33,5227.59,5235.36,5223.63,5231.34,,,,,,,,5151.5185593225215,5233.585,0.24096235315232273,,,,,,none,True,,,,,,,,,,,,,,no_pattern_at_sr
2026-03-10T17:29:53.561624+00:00,BTCUSD,cobra,26551110,H1,HOLD,HOLD,NONE,0,757.1505232718555,0,,,,,,,,,,,,,,,,17.03,17.03,71257.66,71444.71,70978.77,71052.08,,,,,,,,69216.66434481804,71534.225,0.36562743006995,,,,,,none,True,,,,,,,,,,,,,,no_pattern_at_sr
2026-03-10T17:29:53.604269+00:00,XAUUSD.s,cobra,26551110,H1,HOLD,HOLD,NONE,0,24.796404591149173,0,,,,,,,,,,,,,,,,0.31,0.31,5227.59,5235.36,5223.63,5233.01,,,,,,,,5151.5185593225215,5233.585,0.24096235315232273,,,,,,none,True,,,,,,,,,,,,,,no_pattern_at_sr
2026-03-10T17:30:53.979867+00:00,BTCUSD,cobra,26551110,H1,HOLD,HOLD,NONE,0,757.1505232718555,0,,,,,,,,,,,,,,,,17.06,17.06,71257.66,71444.71,70978.77,71059.98,,,,,,,,69216.66434481804,71534.225,0.36562743006995,,,,,,none,True,,,,,,,,,,,,,,no_pattern_at_sr
2026-03-10T17:30:54.022359+00:00,XAUUSD.s,cobra,26551110,H1,HOLD,HOLD,NONE,0,24.796404591149173,0,,,,,,,,,,,,,,,,0.3,0.3,5227.59,5235.36,5223.63,5232.94,,,,,,,,5151.5185593225215,5233.585,0.24096235315232273,,,,,,none,True,,,,,,,,,,,,,,no_pattern_at_sr
2026-03-10T17:31:54.555329+00:00,BTCUSD,cobra,26551110,H1,HOLD,HOLD,NONE,0,757.1505232718555,0,,,,,,,,,,,,,,,,17.01,17.01,71257.66,71444.71,70978.77,71107.15,,,,,,,,69216.66434481804,71534.225,0.36562743006995,,,,,,none,True,,,,,,,,,,,,,,no_pattern_at_sr
2026-03-10T17:31:54.597984+00:00,XAUUSD.s,cobra,26551110,H1,HOLD,HOLD,NONE,0,24.796404591149173,0,,,,,,,,,,,,,,,,0.33,0.33,5227.59,5235.36,5223.63,5232.55,,,,,,,,5151.5185593225215,5233.585,0.24096235315232273,,,,,,none,True,,,,,,,,,,,,,,no_pattern_at_sr
2026-03-10T17:32:55.043321+00:00,BTCUSD,cobra,26551110,H1,HOLD,HOLD,NONE,0,757.1505232718555,0,,,,,,,,,,,,,,,,16.95,16.95,71257.66,71444.71,70978.77,71209.54,,,,,,,,69216.66434481804,71534.225,0.36562743006995,,,,,,none,True,,,,,,,,,,,,,,no_pattern_at_sr
2026-03-10T17:32:55.083239+00:00,XAUUSD.s,cobra,26551110,H1,HOLD,HOLD,NONE,0,24.796404591149173,0,,,,,,,,,,,,,,,,0.31,0.31,5227.59,5235.36,5223.63,5233.28,,,,,,,,5151.5185593225215,5233.585,0.24096235315232273,,,,,,none,True,,,,,,,,,,,,,,no_pattern_at_sr
2026-03-10T17:33:55.495797+00:00,BTCUSD,cobra,26551110,H1,HOLD,HOLD,NONE,0,757.1505232718555,0,,,,,,,,,,,,,,,,17.03,17.03,71257.66,71444.71,70978.77,71100.01,,,,,,,,69216.66434481804,71534.225,0.36562743006995,,,,,,none,True,,,,,,,,,,,,,,no_pattern_at_sr
2026-03-10T17:33:55.540302+00:00,XAUUSD.s,cobra,26551110,H1,HOLD,HOLD,NONE,0,24.796404591149173,0,,,,,,,,,,,,,,,,0.31,0.31,5227.59,5235.36,5223.63,5231.5,,,,,,,,5151.5185593225215,5233.585,0.24096235315232273,,,,,,none,True,,,,,,,,,,,,,,no_pattern_at_sr
2026-03-10T17:34:55.927342+00:00,BTCUSD,cobra,26551110,H1,HOLD,HOLD,NONE,0,757.1505232718555,0,,,,,,,,,,,,,,,,17.08,17.08,71257.66,71444.71,70978.77,71089.34,,,,,,,,69216.66434481804,71534.225,0.36562743006995,,,,,,none,True,,,,,,,,,,,,,,no_pattern_at_sr
2026-03-10T17:34:55.968596+00:00,XAUUSD.s,cobra,26551110,H1,HOLD,HOLD,NONE,0,24.796404591149173,0,,,,,,,,,,,,,,,,0.34,0.34,5227.59,5235.36,5223.63,5230.89,,,,,,,,5151.5185593225215,5233.585,0.24096235315232273,,,,,,none,True,,,,,,,,,,,,,,no_pattern_at_sr
2026-03-10T17:35:56.342019+00:00,BTCUSD,cobra,26551110,H1,HOLD,HOLD,NONE,0,758.2333804147129,0,,,,,,,,,,,,,,,,17.05,17.05,71257.66,71444.71,70963.61,70992.29,,,,,,,,69216.66434481804,71534.225,0.36510526593882286,,,,,,none,True,,,,,,,,,,,,,,no_pattern_at_sr
2026-03-10T17:35:56.385199+00:00,XAUUSD.s,cobra,26551110,H1,HOLD,HOLD,NONE,0,24.796404591149173,0,,,,,,,,,,,,,,,,0.31,0.31,5227.59,5235.36,5223.63,5229.64,,,,,,,,5151.5185593225215,5233.585,0.24096235315232273,,,,,,none,True,,,,,,,,,,,,,,no_pattern_at_sr
2026-03-10T17:44:26.399351+00:00,BTCUSD,cobra,26551110,H1,HOLD,HOLD,NONE,0,791.0669518432842,0,,,,,,,,,,,,,,,,17.03,17.03,71257.66,71444.71,70503.94,70658.49,,,,,,,,69216.66434481804,71534.225,0.3499514160652856,,,,,,none,True,,,,,,,,,,,,,,no_pattern_at_sr
2026-03-10T17:44:26.418405+00:00,USDJPY.s,cobra,26551110,H1,HOLD,HOLD,NONE,0,0.2424962056696426,0,,,,,,,,,,,,,,,,0.023,0.023,157.563,157.637,157.393,157.62,,,,,,,,157.84836296192702,157.59066666666666,0.11409113223143152,,,,,,none,True,,,,,,,,,,,,,,no_pattern_at_sr
2026-03-10T17:44:26.426300+00:00,EURUSD.s,cobra,26551110,H1,HOLD,HOLD,NONE,0,0.002013008579641035,0,,,,,,,,,,,,,,,,0.00019,0.00019,1.16509,1.16665,1.16428,1.16428,,,,,,,,1.1609499068921916,1.1656300000000002,0.26825519049526414,,,,,,none,True,,,,,,,,,,,,,,no_pattern_at_sr
2026-03-10T17:44:26.436517+00:00,XAUUSD.s,cobra,26551110,H1,HOLD,HOLD,NONE,0,24.796404591149173,0,,,,,,,,,,,,,,,,0.31,0.31,5227.59,5235.36,5223.63,5228.16,,,,,,,,5151.5185593225215,5233.585,0.24096235315232273,,,,,,none,True,,,,,,,,,,,,,,no_pattern_at_sr
2026-03-10T17:45:26.857187+00:00,BTCUSD,cobra,26551110,H1,HOLD,HOLD,NONE,0,791.0669518432842,0,,,,,,,,,,,,,,,,17.06,17.06,71257.66,71444.71,70503.94,70605.96,,,,,,,,69216.66434481804,71534.225,0.3499514160652856,,,,,,none,True,,,,,,,,,,,,,,no_pattern_at_sr
2026-03-10T17:45:26.865090+00:00,USDJPY.s,cobra,26551110,H1,HOLD,HOLD,NONE,0,0.2424962056696426,0,,,,,,,,,,,,,,,,0.023,0.023,157.563,157.637,157.393,157.619,,,,,,,,157.84836296192702,157.59066666666666,0.11409113223143152,,,,,,none,True,,,,,,,,,,,,,,no_pattern_at_sr
2026-03-10T17:45:26.874809+00:00,EURUSD.s,cobra,26551110,H1,HOLD,HOLD,NONE,0,0.002015865722498181,0,,,,,,,,,,,,,,,,0.00018,0.00018,1.16509,1.16665,1.16424,1.16435,,,,,,,,1.1609499068921916,1.1656300000000002,0.2678749849126889,,,,,,none,True,,,,,,,,,,,,,,no_pattern_at_sr
2026-03-10T17:45:26.882471+00:00,XAUUSD.s,cobra,26551110,H1,HOLD,HOLD,NONE,0,24.796404591149173,0,,,,,,,,,,,,,,,,0.31,0.31,5227.59,5235.36,5223.63,5227.99,,,,,,,,5151.5185593225215,5233.585,0.24096235315232273,,,,,,none,True,,,,,,,,,,,,,,no_pattern_at_sr
2026-03-10T17:46:27.233062+00:00,BTCUSD,cobra,26551110,H1,HOLD,HOLD,NONE,0,791.0669518432842,0,,,,,,,,,,,,,,,,17.05,17.05,71257.66,71444.71,70503.94,70610.53,,,,,,,,69216.66434481804,71534.225,0.3499514160652856,,,,,,none,True,,,,,,,,,,,,,,no_pattern_at_sr
2026-03-10T17:46:27.241613+00:00,USDJPY.s,cobra,26551110,H1,HOLD,HOLD,NONE,0,0.2424962056696426,0,,,,,,,,,,,,,,,,0.024,0.024,157.563,157.637,157.393,157.602,,,,,,,,157.84836296192702,157.59066666666666,0.11409113223143152,,,,,,none,True,,,,,,,,,,,,,,no_pattern_at_sr
2026-03-10T17:46:27.249139+00:00,EURUSD.s,cobra,26551110,H1,HOLD,HOLD,NONE,0,0.002015865722498181,0,,,,,,,,,,,,,,,,0.00018,0.00018,1.16509,1.16665,1.16424,1.16442,,,,,,,,1.1609499068921916,1.1656300000000002,0.2678749849126889,,,,,,none,True,,,,,,,,,,,,,,no_pattern_at_sr
2026-03-10T17:46:27.258081+00:00,XAUUSD.s,cobra,26551110,H1,HOLD,HOLD,NONE,0,24.796404591149173,0,,,,,,,,,,,,,,,,0.31,0.31,5227.59,5235.36,5223.63,5227.12,,,,,,,,5151.5185593225215,5233.585,0.24096235315232273,,,,,,none,True,,,,,,,,,,,,,,no_pattern_at_sr
2026-03-10T17:47:27.688735+00:00,BTCUSD,cobra,26551110,H1,HOLD,HOLD,NONE,0,791.0669518432842,0,,,,,,,,,,,,,,,,17.0,17.0,71257.66,71444.71,70503.94,70697.27,,,,,,,,69216.66434481804,71534.225,0.3499514160652856,,,,,,none,True,,,,,,,,,,,,,,no_pattern_at_sr
2026-03-10T17:47:27.695783+00:00,USDJPY.s,cobra,26551110,H1,HOLD,HOLD,NONE,0,0.2424962056696426,0,,,,,,,,,,,,,,,,0.024,0.024,157.563,157.637,157.393,157.616,,,,,,,,157.84836296192702,157.59066666666666,0.11409113223143152,,,,,,none,True,,,,,,,,,,,,,,no_pattern_at_sr
2026-03-10T17:47:27.703070+00:00,EURUSD.s,cobra,26551110,H1,HOLD,HOLD,NONE,0,0.002018008579641036,0,,,,,,,,,,,,,,,,0.00019,0.00019,1.16509,1.16665,1.16421,1.16426,,,,,,,,1.1609499068921916,1.1656300000000002,0.267590537249481,,,,,,none,True,,,,,,,,,,,,,,no_pattern_at_sr
2026-03-10T17:47:27.711657+00:00,XAUUSD.s,cobra,26551110,H1,HOLD,HOLD,NONE,0,24.796404591149173,0,,,,,,,,,,,,,,,,0.3,0.3,5227.59,5235.36,5223.63,5227.89,,,,,,,,5151.5185593225215,5233.585,0.24096235315232273,,,,,,none,True,,,,,,,,,,,,,,no_pattern_at_sr
2026-03-10T17:48:28.072891+00:00,BTCUSD,cobra,26551110,H1,HOLD,HOLD,NONE,0,791.0669518432842,0,,,,,,,,,,,,,,,,16.94,16.94,71257.66,71444.71,70503.94,70765.82,,,,,,,,69216.66434481804,71534.225,0.3499514160652856,,,,,,none,True,,,,,,,,,,,,,,no_pattern_at_sr
2026-03-10T17:48:28.081778+00:00,USDJPY.s,cobra,26551110,H1,HOLD,HOLD,NONE,0,0.2424962056696426,0,,,,,,,,,,,,,,,,0.025,0.025,157.563,157.637,157.393,157.602,,,,,,,,157.84836296192702,157.59066666666666,0.11409113223143152,,,,,,none,True,,,,,,,,,,,,,,no_pattern_at_sr
2026-03-10T17:48:28.090580+00:00,EURUSD.s,cobra,26551110,H1,HOLD,HOLD,NONE,0,0.002018008579641036,0,,,,,,,,,,,,,,,,0.00018,0.00018,1.16509,1.16665,1.16421,1.16439,,,,,,,,1.1609499068921916,1.1656300000000002,0.267590537249481,,,,,,none,True,,,,,,,,,,,,,,no_pattern_at_sr
2026-03-10T17:48:28.100192+00:00,XAUUSD.s,cobra,26551110,H1,HOLD,HOLD,NONE,0,24.796404591149173,0,,,,,,,,,,,,,,,,0.3,0.3,5227.59,5235.36,5223.63,5229.15,,,,,,,,5151.5185593225215,5233.585,0.24096235315232273,,,,,,none,True,,,,,,,,,,,,,,no_pattern_at_sr
2026-03-10T17:49:28.545091+00:00,BTCUSD,cobra,26551110,H1,HOLD,HOLD,NONE,0,791.0669518432842,0,,,,,,,,,,,,,,,,17.06,17.06,71257.66,71444.71,70503.94,70811.04,,,,,,,,69216.66434481804,71534.225,0.3499514160652856,,,,,,none,True,,,,,,,,,,,,,,no_pattern_at_sr
2026-03-10T17:49:28.554454+00:00,USDJPY.s,cobra,26551110,H1,HOLD,HOLD,NONE,0,0.2424962056696426,0,,,,,,,,,,,,,,,,0.023,0.023,157.563,157.637,157.393,157.607,,,,,,,,157.84836296192702,157.59066666666666,0.11409113223143152,,,,,,none,True,,,,,,,,,,,,,,no_pattern_at_sr
2026-03-10T17:49:28.564178+00:00,EURUSD.s,cobra,26551110,H1,HOLD,HOLD,NONE,0,0.002018008579641036,0,,,,,,,,,,,,,,,,0.00019,0.00019,1.16509,1.16665,1.16421,1.1643,,,,,,,,1.1609499068921916,1.1656300000000002,0.267590537249481,,,,,,none,True,,,,,,,,,,,,,,no_pattern_at_sr
2026-03-10T17:49:28.572225+00:00,XAUUSD.s,cobra,26551110,H1,HOLD,HOLD,NONE,0,24.796404591149173,0,,,,,,,,,,,,,,,,0.31,0.31,5227.59,5235.36,5223.63,5229.8,,,,,,,,5151.5185593225215,5233.585,0.24096235315232273,,,,,,none,True,,,,,,,,,,,,,,no_pattern_at_sr
2026-03-10T17:50:28.940821+00:00,BTCUSD,cobra,26551110,H1,HOLD,HOLD,NONE,0,791.0669518432842,0,,,,,,,,,,,,,,,,17.01,17.01,71257.66,71444.71,70503.94,70801.96,,,,,,,,69216.66434481804,71534.225,0.3499514160652856,,,,,,none,True,,,,,,,,,,,,,,no_pattern_at_sr
2026-03-10T17:50:28.948569+00:00,USDJPY.s,cobra,26551110,H1,HOLD,HOLD,NONE,0,0.2424962056696426,0,,,,,,,,,,,,,,,,0.023,0.023,157.563,157.637,157.393,157.627,,,,,,,,157.84836296192702,157.59066666666666,0.11409113223143152,,,,,,none,True,,,,,,,,,,,,,,no_pattern_at_sr
2026-03-10T17:50:28.955645+00:00,EURUSD.s,cobra,26551110,H1,HOLD,HOLD,NONE,0,0.0020222942939267467,0,,,,,,,,,,,,,,,,0.0002,0.0002,1.16509,1.16665,1.16415,1.16418,,,,,,,,1.1609499068921916,1.1656300000000002,0.26702345035631464,,,,,,none,True,,,,,,,,,,,,,,no_pattern_at_sr
2026-03-10T17:50:28.963941+00:00,XAUUSD.s,cobra,26551110,H1,HOLD,HOLD,NONE,0,24.796404591149173,0,,,,,,,,,,,,,,,,0.34,0.34,5227.59,5235.36,5223.63,5229.69,,,,,,,,5151.5185593225215,5233.585,0.24096235315232273,,,,,,none,True,,,,,,,,,,,,,,no_pattern_at_sr
2026-03-10T17:51:29.338456+00:00,BTCUSD,cobra,26551110,H1,HOLD,HOLD,NONE,0,791.0669518432842,0,,,,,,,,,,,,,,,,17.06,17.06,71257.66,71444.71,70503.94,70802.41,,,,,,,,69216.66434481804,71534.225,0.3499514160652856,,,,,,none,True,,,,,,,,,,,,,,no_pattern_at_sr
2026-03-10T17:51:29.352247+00:00,USDJPY.s,cobra,26551110,H1,HOLD,HOLD,NONE,0,0.2424962056696426,0,,,,,,,,,,,,,,,,0.023,0.023,157.563,157.637,157.393,157.63,,,,,,,,157.84836296192702,157.59066666666666,0.11409113223143152,,,,,,none,True,,,,,,,,,,,,,,no_pattern_at_sr
2026-03-10T17:51:29.365403+00:00,EURUSD.s,cobra,26551110,H1,HOLD,HOLD,NONE,0,0.0020294371510696033,0,,,,,,,,,,,,,,,,0.00019,0.00019,1.16509,1.16665,1.16405,1.1641,,,,,,,,1.1609499068921916,1.1656300000000002,0.26608362802248053,,,,,,none,True,,,,,,,,,,,,,,no_pattern_at_sr
2026-03-10T17:51:29.378906+00:00,XAUUSD.s,cobra,26551110,H1,HOLD,HOLD,NONE,0,24.796404591149173,0,,,,,,,,,,,,,,,,0.34,0.34,5227.59,5235.36,5223.63,5230.1,,,,,,,,5151.5185593225215,5233.585,0.24096235315232273,,,,,,none,True,,,,,,,,,,,,,,no_pattern_at_sr
2026-03-10T17:52:29.739133+00:00,BTCUSD,cobra,26551110,H1,HOLD,HOLD,NONE,0,791.0669518432842,0,,,,,,,,,,,,,,,,17.07,17.07,71257.66,71444.71,70503.94,70809.52,,,,,,,,69216.66434481804,71534.225,0.3499514160652856,,,,,,none,True,,,,,,,,,,,,,,no_pattern_at_sr
2026-03-10T17:52:29.753129+00:00,USDJPY.s,cobra,26551110,H1,HOLD,HOLD,NONE,0,0.2424962056696426,0,,,,,,,,,,,,,,,,0.023,0.023,157.563,157.637,157.393,157.603,,,,,,,,157.84836296192702,157.59066666666666,0.11409113223143152,,,,,,none,True,,,,,,,,,,,,,,no_pattern_at_sr
2026-03-10T17:52:29.765813+00:00,EURUSD.s,cobra,26551110,H1,HOLD,HOLD,NONE,0,0.0020294371510696033,0,,,,,,,,,,,,,,,,0.00019,0.00019,1.16509,1.16665,1.16405,1.16434,,,,,,,,1.1609499068921916,1.1656300000000002,0.26608362802248053,,,,,,none,True,,,,,,,,,,,,,,no_pattern_at_sr
2026-03-10T17:52:29.778706+00:00,XAUUSD.s,cobra,26551110,H1,HOLD,HOLD,NONE,0,24.796404591149173,0,,,,,,,,,,,,,,,,0.33,0.33,5227.59,5235.36,5223.63,5232.15,,,,,,,,5151.5185593225215,5233.585,0.24096235315232273,,,,,,none,True,,,,,,,,,,,,,,no_pattern_at_sr
2026-03-10T17:53:30.159015+00:00,BTCUSD,cobra,26551110,H1,HOLD,HOLD,NONE,0,791.0669518432842,0,,,,,,,,,,,,,,,,17.08,17.08,71257.66,71444.71,70503.94,70871.01,,,,,,,,69216.66434481804,71534.225,0.3499514160652856,,,,,,none,True,,,,,,,,,,,,,,no_pattern_at_sr
2026-03-10T17:53:30.172348+00:00,USDJPY.s,cobra,26551110,H1,HOLD,HOLD,NONE,0,0.2424962056696426,0,,,,,,,,,,,,,,,,0.023,0.023,157.563,157.637,157.393,157.604,,,,,,,,157.84836296192702,157.59066666666666,0.11409113223143152,,,,,,none,True,,,,,,,,,,,,,,no_pattern_at_sr
2026-03-10T17:53:30.185988+00:00,EURUSD.s,cobra,26551110,H1,HOLD,HOLD,NONE,0,0.0020294371510696033,0,,,,,,,,,,,,,,,,0.00018,0.00018,1.16509,1.16665,1.16405,1.16449,,,,,,,,1.1609499068921916,1.1656300000000002,0.26608362802248053,,,,,,none,True,,,,,,,,,,,,,,no_pattern_at_sr
2026-03-10T17:53:30.199871+00:00,XAUUSD.s,cobra,26551110,H1,HOLD,HOLD,NONE,0,24.796404591149173,0,,,,,,,,,,,,,,,,0.34,0.34,5227.59,5235.36,5223.63,5231.91,,,,,,,,5151.5185593225215,5233.585,0.24096235315232273,,,,,,none,True,,,,,,,,,,,,,,no_pattern_at_sr
2026-03-10T17:54:30.604836+00:00,BTCUSD,cobra,26551110,H1,HOLD,HOLD,NONE,0,791.0669518432842,0,,,,,,,,,,,,,,,,17.06,17.06,71257.66,71444.71,70503.94,70910.59,,,,,,,,69216.66434481804,71534.225,0.3499514160652856,,,,,,none,True,,,,,,,,,,,,,,no_pattern_at_sr
2026-03-10T17:54:30.620116+00:00,USDJPY.s,cobra,26551110,H1,HOLD,HOLD,NONE,0,0.2424962056696426,0,,,,,,,,,,,,,,,,0.023,0.023,157.563,157.637,157.393,157.632,,,,,,,,157.84836296192702,157.59066666666666,0.11409113223143152,,,,,,none,True,,,,,,,,,,,,,,no_pattern_at_sr
2026-03-10T17:54:30.634005+00:00,EURUSD.s,cobra,26551110,H1,HOLD,HOLD,NONE,0,0.0020294371510696033,0,,,,,,,,,,,,,,,,0.00018,0.00018,1.16509,1.16665,1.16405,1.1642000000000001,,,,,,,,1.1609499068921916,1.1656300000000002,0.26608362802248053,,,,,,none,True,,,,,,,,,,,,,,no_pattern_at_sr
2026-03-10T17:54:30.648549+00:00,XAUUSD.s,cobra,26551110,H1,HOLD,HOLD,NONE,0,24.796404591149173,0,,,,,,,,,,,,,,,,0.3,0.3,5227.59,5235.36,5223.63,5231.09,,,,,,,,5151.5185593225215,5233.585,0.24096235315232273,,,,,,none,True,,,,,,,,,,,,,,no_pattern_at_sr
2026-03-10T17:55:31.042837+00:00,BTCUSD,cobra,26551110,H1,HOLD,HOLD,NONE,0,791.0669518432842,0,,,,,,,,,,,,,,,,16.99,16.99,71257.66,71444.71,70503.94,70854.93,,,,,,,,69216.66434481804,71534.225,0.3499514160652856,,,,,,none,True,,,,,,,,,,,,,,no_pattern_at_sr
2026-03-10T17:55:31.057414+00:00,USDJPY.s,cobra,26551110,H1,HOLD,HOLD,NONE,0,0.24292477709821406,0,,,,,,,,,,,,,,,,0.024,0.024,157.563,157.643,157.393,157.623,,,,,,,,157.84836296192702,157.59066666666666,0.11388985099486178,,,,,,none,True,,,,,,,,,,,,,,no_pattern_at_sr
2026-03-10T17:55:31.071415+00:00,EURUSD.s,cobra,26551110,H1,HOLD,HOLD,NONE,0,0.0020294371510696033,0,,,,,,,,,,,,,,,,0.00019,0.00019,1.16509,1.16665,1.16405,1.1643,,,,,,,,1.1609499068921916,1.1656300000000002,0.26608362802248053,,,,,,none,True,,,,,,,,,,,,,,no_pattern_at_sr
2026-03-10T17:55:31.085761+00:00,XAUUSD.s,cobra,26551110,H1,HOLD,HOLD,NONE,0,24.796404591149173,0,,,,,,,,,,,,,,,,0.37,0.37,5227.59,5235.36,5223.63,5229.82,,,,,,,,5151.5185593225215,5233.585,0.24096235315232273,,,,,,none,True,,,,,,,,,,,,,,no_pattern_at_sr
2026-03-10T17:56:31.631701+00:00,BTCUSD,cobra,26551110,H1,HOLD,HOLD,NONE,0,791.0669518432842,0,,,,,,,,,,,,,,,,16.97,16.97,71257.66,71444.71,70503.94,70815.24,,,,,,,,69216.66434481804,71534.225,0.3499514160652856,,,,,,none,True,,,,,,,,,,,,,,no_pattern_at_sr
2026-03-10T17:56:31.646414+00:00,USDJPY.s,cobra,26551110,H1,HOLD,HOLD,NONE,0,0.24292477709821406,0,,,,,,,,,,,,,,,,0.023,0.023,157.563,157.643,157.393,157.633,,,,,,,,157.84836296192702,157.59066666666666,0.11388985099486178,,,,,,none,True,,,,,,,,,,,,,,no_pattern_at_sr
2026-03-10T17:56:31.661393+00:00,EURUSD.s,cobra,26551110,H1,HOLD,HOLD,NONE,0,0.0020294371510696033,0,,,,,,,,,,,,,,,,0.00019,0.00019,1.16509,1.16665,1.16405,1.16416,,,,,,,,1.1609499068921916,1.1656300000000002,0.26608362802248053,,,,,,none,True,,,,,,,,,,,,,,no_pattern_at_sr
2026-03-10T17:56:31.676284+00:00,XAUUSD.s,cobra,26551110,H1,HOLD,HOLD,NONE,0,24.796404591149173,0,,,,,,,,,,,,,,,,0.34,0.34,5227.59,5235.36,5223.63,5227.57,,,,,,,,5151.5185593225215,5233.585,0.24096235315232273,,,,,,none,True,,,,,,,,,,,,,,no_pattern_at_sr
2026-03-10T17:57:32.383281+00:00,BTCUSD,cobra,26551110,H1,HOLD,HOLD,NONE,0,791.0669518432842,0,,,,,,,,,,,,,,,,17.05,17.05,71257.66,71444.71,70503.94,70808.27,,,,,,,,69216.66434481804,71534.225,0.3499514160652856,,,,,,none,True,,,,,,,,,,,,,,no_pattern_at_sr
2026-03-10T17:57:32.399045+00:00,USDJPY.s,cobra,26551110,H1,HOLD,HOLD,NONE,0,0.24292477709821406,0,,,,,,,,,,,,,,,,0.023,0.023,157.563,157.643,157.393,157.631,,,,,,,,157.84836296192702,157.59066666666666,0.11388985099486178,,,,,,none,True,,,,,,,,,,,,,,no_pattern_at_sr
2026-03-10T17:57:32.412359+00:00,EURUSD.s,cobra,26551110,H1,HOLD,HOLD,NONE,0,0.0020294371510696033,0,,,,,,,,,,,,,,,,0.00019,0.00019,1.16509,1.16665,1.16405,1.16418,,,,,,,,1.1609499068921916,1.1656300000000002,0.26608362802248053,,,,,,none,True,,,,,,,,,,,,,,no_pattern_at_sr
2026-03-10T17:57:32.427547+00:00,XAUUSD.s,cobra,26551110,H1,HOLD,HOLD,NONE,0,24.796404591149173,0,,,,,,,,,,,,,,,,0.34,0.34,5227.59,5235.36,5223.63,5228.06,,,,,,,,5151.5185593225215,5233.585,0.24096235315232273,,,,,,none,True,,,,,,,,,,,,,,no_pattern_at_sr
2026-03-10T17:58:32.817927+00:00,BTCUSD,cobra,26551110,H1,HOLD,HOLD,NONE,0,791.0669518432842,0,,,,,,,,,,,,,,,,17.1,17.1,71257.66,71444.71,70503.94,70882.04,,,,,,,,69216.66434481804,71534.225,0.3499514160652856,,,,,,none,True,,,,,,,,,,,,,,no_pattern_at_sr
2026-03-10T17:58:32.831367+00:00,USDJPY.s,cobra,26551110,H1,HOLD,HOLD,NONE,0,0.24292477709821406,0,,,,,,,,,,,,,,,,0.023,0.023,157.563,157.643,157.393,157.612,,,,,,,,157.84836296192702,157.59066666666666,0.11388985099486178,,,,,,none,True,,,,,,,,,,,,,,no_pattern_at_sr
2026-03-10T17:58:32.844084+00:00,EURUSD.s,cobra,26551110,H1,HOLD,HOLD,NONE,0,0.0020294371510696033,0,,,,,,,,,,,,,,,,0.00019,0.00019,1.16509,1.16665,1.16405,1.16446,,,,,,,,1.1609499068921916,1.1656300000000002,0.26608362802248053,,,,,,none,True,,,,,,,,,,,,,,no_pattern_at_sr
2026-03-10T17:58:32.856821+00:00,XAUUSD.s,cobra,26551110,H1,HOLD,HOLD,NONE,0,24.796404591149173,0,,,,,,,,,,,,,,,,0.31,0.31,5227.59,5235.36,5223.63,5228.54,,,,,,,,5151.5185593225215,5233.585,0.24096235315232273,,,,,,none,True,,,,,,,,,,,,,,no_pattern_at_sr
2026-03-10T17:59:33.214346+00:00,BTCUSD,cobra,26551110,H1,HOLD,HOLD,NONE,0,791.0669518432842,0,,,,,,,,,,,,,,,,17.11,17.11,71257.66,71444.71,70503.94,70854.68,,,,,,,,69216.66434481804,71534.225,0.3499514160652856,,,,,,none,True,,,,,,,,,,,,,,no_pattern_at_sr
2026-03-10T17:59:33.229655+00:00,USDJPY.s,cobra,26551110,H1,HOLD,HOLD,NONE,0,0.24292477709821406,0,,,,,,,,,,,,,,,,0.023,0.023,157.563,157.643,157.393,157.59,,,,,,,,157.84836296192702,157.59066666666666,0.11388985099486178,,,,,,none,True,,,,,,,,,,,,,,no_pattern_at_sr
2026-03-10T17:59:33.244196+00:00,EURUSD.s,cobra,26551110,H1,HOLD,HOLD,NONE,0,0.0020294371510696033,0,,,,,,,,,,,,,,,,0.00018,0.00018,1.16509,1.16665,1.16405,1.16444,,,,,,,,1.1609499068921916,1.1656300000000002,0.26608362802248053,,,,,,none,True,,,,,,,,,,,,,,no_pattern_at_sr
2026-03-10T17:59:33.258946+00:00,XAUUSD.s,cobra,26551110,H1,HOLD,HOLD,NONE,0,24.796404591149173,0,,,,,,,,,,,,,,,,0.34,0.34,5227.59,5235.36,5223.63,5228.19,,,,,,,,5151.5185593225215,5233.585,0.24096235315232273,,,,,,none,True,,,,,,,,,,,,,,no_pattern_at_sr
2026-03-10T18:00:33.941917+00:00,BTCUSD,cobra,26551110,H1,HOLD,HOLD,NONE,0,739.7971932703086,0,,,,,,,,,,,,,,,,16.94,16.94,70858.55,70863.19,70789.9,70826.29,,,,,,,,69281.00752408268,70503.94,0.4791853811081871,,,,,,none,True,,,,,,,,,,,,,,no_pattern_at_sr
2026-03-10T18:00:33.955542+00:00,USDJPY.s,cobra,26551110,H1,HOLD,HOLD,NONE,0,0.2278587265297064,0,,,,,,,,,,,,,,,,0.024,0.024,157.593,157.62,157.588,157.611,,,,,,,,157.83830846609172,157.59066666666666,0.005851578974638675,,,,,,none,True,,,,,,,,,,,,,,no_pattern_at_sr
2026-03-10T18:00:33.968018+00:00,EURUSD.s,cobra,26551110,H1,HOLD,HOLD,NONE,0,0.001903763097086584,0,,,,,,,,,,,,,,,,0.00018,0.00018,1.16443,1.16449,1.16422,1.16431,,,,,,,,1.1610866915482785,1.16383,0.31516526447978926,,,,,,none,True,,,,,,,,,,,,,,no_pattern_at_sr
2026-03-10T18:00:33.981399+00:00,XAUUSD.s,cobra,26551110,H1,HOLD,HOLD,NONE,0,23.294519669018364,0,,,,,,,,,,,,,,,,0.36,0.36,5227.63,5227.91,5224.14,5224.66,,,,,,,,5154.501770513713,5233.585,0.25735666951627345,,,,,,none,True,,,,,,,,,,,,,,no_pattern_at_sr
2026-03-10T18:01:34.349255+00:00,BTCUSD,cobra,26551110,H1,HOLD,HOLD,NONE,0,740.9757646988801,0,,,,,,,,,,,,,,,,17.03,17.03,70858.55,70879.69,70789.9,70857.37,,,,,,,,69281.00752408268,70503.94,0.47842320476441325,,,,,,none,True,,,,,,,,,,,,,,no_pattern_at_sr
2026-03-10T18:01:34.364716+00:00,USDJPY.s,cobra,26551110,H1,HOLD,HOLD,NONE,0,0.2278587265297064,0,,,,,,,,,,,,,,,,0.024,0.024,157.593,157.62,157.588,157.59,,,,,,,,157.83830846609172,157.59066666666666,0.005851578974638675,,,,,,none,True,,,,,,,,,,,,,,no_pattern_at_sr
2026-03-10T18:01:34.378046+00:00,EURUSD.s,cobra,26551110,H1,HOLD,HOLD,NONE,0,0.0019044773828008745,0,,,,,,,,,,,,,,,,0.00018,0.00018,1.16443,1.1645,1.16422,1.1645,,,,,,,,1.1610866915482785,1.16383,0.3150470598489065,,,,,,none,True,,,,,,,,,,,,,,no_pattern_at_sr
2026-03-10T18:01:34.392041+00:00,XAUUSD.s,cobra,26551110,H1,HOLD,HOLD,NONE,0,23.29666252616127,0,,,,,,,,,,,,,,,,0.31,0.31,5227.63,5227.91,5224.11,5225.34,,,,,,,,5154.501770513713,5233.585,0.2573329975170363,,,,,,none,True,,,,,,,,,,,,,,no_pattern_at_sr
2026-03-10T18:02:34.748438+00:00,BTCUSD,cobra,26551110,H1,HOLD,HOLD,NONE,0,740.9757646988801,0,,,,,,,,,,,,,,,,17.08,17.08,70858.55,70879.69,70789.9,70836.2,,,,,,,,69281.00752408268,70503.94,0.47842320476441325,,,,,,none,True,,,,,,,,,,,,,,no_pattern_at_sr
2026-03-10T18:02:34.762204+00:00,USDJPY.s,cobra,26551110,H1,HOLD,HOLD,NONE,0,0.2288587265297051,0,,,,,,,,,,,,,,,,0.023,0.023,157.593,157.634,157.588,157.618,,,,,,,,157.83830846609172,157.59066666666666,0.005826010454428145,,,,,,none,True,,,,,,,,,,,,,,no_pattern_at_sr
2026-03-10T18:02:34.775904+00:00,EURUSD.s,cobra,26551110,H1,HOLD,HOLD,NONE,0,0.001905191668515149,0,,,,,,,,,,,,,,,,0.00019,0.00019,1.16443,1.16451,1.16422,1.16428,,,,,,,,1.1610866915482785,1.16383,0.3149289438515016,,,,,,none,True,,,,,,,,,,,,,,no_pattern_at_sr
2026-03-10T18:02:34.788584+00:00,XAUUSD.s,cobra,26551110,H1,HOLD,HOLD,NONE,0,23.755233954732702,0,,,,,,,,,,,,,,,,0.3,0.3,5227.63,5227.91,5217.69,5217.69,,,,,,,,5154.501770513713,5233.585,0.25236543708320414,,,,,,none,True,,,,,,,,,,,,,,no_pattern_at_sr
2026-03-10T18:03:35.147836+00:00,BTCUSD,cobra,26551110,H1,HOLD,HOLD,NONE,0,742.4393361274508,0,,,,,,,,,,,,,,,,17.09,17.09,70858.55,70882.85,70772.57,70867.53,,,,,,,,69281.00752408268,70503.94,0.4774800886077307,,,,,,none,True,,,,,,,,,,,,,,no_pattern_at_sr
2026-03-10T18:03:35.161437+00:00,USDJPY.s,cobra,26551110,H1,HOLD,HOLD,NONE,0,0.2288587265297051,0,,,,,,,,,,,,,,,,0.023,0.023,157.593,157.634,157.588,157.609,,,,,,,,157.83830846609172,157.59066666666666,0.005826010454428145,,,,,,none,True,,,,,,,,,,,,,,no_pattern_at_sr
2026-03-10T18:03:35.176306+00:00,EURUSD.s,cobra,26551110,H1,HOLD,HOLD,NONE,0,0.001908763097086585,0,,,,,,,,,,,,,,,,0.00019,0.00019,1.16443,1.16451,1.16417,1.16433,,,,,,,,1.1610866915482785,1.16383,0.31433968988396616,,,,,,none,True,,,,,,,,,,,,,,no_pattern_at_sr
2026-03-10T18:03:35.189602+00:00,XAUUSD.s,cobra,26551110,H1,HOLD,HOLD,NONE,0,23.76309109758982,0,,,,,,,,,,,,,,,,0.34,0.34,5227.63,5227.91,5217.58,5221.71,,,,,,,,5154.501770513713,5233.585,0.25228199375997573,,,,,,none,True,,,,,,,,,,,,,,no_pattern_at_sr
2026-03-10T18:04:35.657797+00:00,BTCUSD,cobra,26551110,H1,HOLD,HOLD,NONE,0,743.9764789845929,0,,,,,,,,,,,,,,,,17.11,17.11,70858.55,70904.37,70772.57,70862.32,,,,,,,,69281.00752408268,70503.94,0.47649355861872805,,,,,,none,True,,,,,,,,,,,,,,no_pattern_at_sr
2026-03-10T18:04:35.672622+00:00,USDJPY.s,cobra,26551110,H1,HOLD,HOLD,NONE,0,0.2288587265297051,0,,,,,,,,,,,,,,,,0.024,0.024,157.593,157.634,157.588,157.593,,,,,,,,157.83830846609172,157.59066666666666,0.005826010454428145,,,,,,none,True,,,,,,,,,,,,,,no_pattern_at_sr
2026-03-10T18:04:35.686374+00:00,EURUSD.s,cobra,26551110,H1,HOLD,HOLD,NONE,0,0.001908763097086585,0,,,,,,,,,,,,,,,,0.00018,0.00018,1.16443,1.16451,1.16417,1.16445,,,,,,,,1.1610866915482785,1.16383,0.31433968988396616,,,,,,none,True,,,,,,,,,,,,,,no_pattern_at_sr
2026-03-10T18:04:35.699918+00:00,XAUUSD.s,cobra,26551110,H1,HOLD,HOLD,NONE,0,23.76309109758982,0,,,,,,,,,,,,,,,,0.31,0.31,5227.63,5227.91,5217.58,5221.7,,,,,,,,5154.501770513713,5233.585,0.25228199375997573,,,,,,none,True,,,,,,,,,,,,,,no_pattern_at_sr
2026-03-10T18:05:36.084804+00:00,BTCUSD,cobra,26551110,H1,HOLD,HOLD,NONE,0,744.7221932703073,0,,,,,,,,,,,,,,,,17.01,17.01,70858.55,70904.37,70762.13,70770.13,,,,,,,,69281.00752408268,70503.94,0.47601643029232144,,,,,,none,True,,,,,,,,,,,,,,no_pattern_at_sr
2026-03-10T18:05:36.097869+00:00,USDJPY.s,cobra,26551110,H1,HOLD,HOLD,NONE,0,0.22957301224399218,0,,,,,,,,,,,,,,,,0.023,0.023,157.593,157.644,157.588,157.64,,,,,,,,157.83830846609172,157.59066666666666,0.005807883602329073,,,,,,none,True,,,,,,,,,,,,,,no_pattern_at_sr
2026-03-10T18:05:36.110711+00:00,EURUSD.s,cobra,26551110,H1,HOLD,HOLD,NONE,0,0.001908763097086585,0,,,,,,,,,,,,,,,,0.00019,0.00019,1.16443,1.16451,1.16417,1.16425,,,,,,,,1.1610866915482785,1.16383,0.31433968988396616,,,,,,none,True,,,,,,,,,,,,,,no_pattern_at_sr
2026-03-10T18:05:36.123600+00:00,XAUUSD.s,cobra,26551110,H1,HOLD,HOLD,NONE,0,23.76309109758982,0,,,,,,,,,,,,,,,,0.33,0.33,5227.63,5227.91,5217.58,5220.78,,,,,,,,5154.501770513713,5233.585,0.25228199375997573,,,,,,none,True,,,,,,,,,,,,,,no_pattern_at_sr
2026-03-10T18:06:36.475735+00:00,BTCUSD,cobra,26551110,H1,HOLD,HOLD,NONE,0,744.9500504131647,0,,,,,,,,,,,,,,,,17.12,17.12,70858.55,70904.37,70758.94,70841.55,,,,,,,,69281.00752408268,70503.94,0.47587083161265237,,,,,,none,True,,,,,,,,,,,,,,no_pattern_at_sr
2026-03-10T18:06:36.490822+00:00,USDJPY.s,cobra,26551110,H1,HOLD,HOLD,NONE,0,0.23128729795827796,0,,,,,,,,,,,,,,,,0.024,0.024,157.593,157.668,157.588,157.666,,,,,,,,157.83830846609172,157.59066666666666,0.005764835964271996,,,,,,none,True,,,,,,,,,,,,,,no_pattern_at_sr
2026-03-10T18:06:36.504541+00:00,EURUSD.s,cobra,26551110,H1,HOLD,HOLD,NONE,0,0.0019194773828008617,0,,,,,,,,,,,,,,,,0.00019,0.00019,1.16443,1.16451,1.16402,1.16404,,,,,,,,1.1610866915482785,1.16383,0.3125850845528841,,,,,,none,True,,,,,,,,,,,,,,no_pattern_at_sr
2026-03-10T18:06:36.517352+00:00,XAUUSD.s,cobra,26551110,H1,HOLD,HOLD,NONE,0,23.76309109758982,0,,,,,,,,,,,,,,,,0.31,0.31,5227.63,5227.91,5217.58,5220.9,,,,,,,,5154.501770513713,5233.585,0.25228199375997573,,,,,,none,True,,,,,,,,,,,,,,no_pattern_at_sr
2026-03-10T18:07:36.902883+00:00,BTCUSD,cobra,26551110,H1,HOLD,HOLD,NONE,0,746.6793361274508,0,,,,,,,,,,,,,,,,16.95,16.95,70858.55,70904.37,70734.73,70744.96,,,,,,,,69281.00752408268,70503.94,0.4747687298252624,,,,,,none,True,,,,,,,,,,,,,,no_pattern_at_sr
2026-03-10T18:07:36.921132+00:00,USDJPY.s,cobra,26551110,H1,HOLD,HOLD,NONE,0,0.23128729795827796,0,,,,,,,,,,,,,,,,0.024,0.024,157.593,157.668,157.588,157.664,,,,,,,,157.83830846609172,157.59066666666666,0.005764835964271996,,,,,,none,True,,,,,,,,,,,,,,no_pattern_at_sr
2026-03-10T18:07:36.935773+00:00,EURUSD.s,cobra,26551110,H1,HOLD,HOLD,NONE,0,0.0019273345256580084,0,,,,,,,,,,,,,,,,0.00019,0.00019,1.16443,1.16451,1.16391,1.16394,,,,,,,,1.1610866915482785,1.16383,0.3113107724749085,,,,,,none,True,,,,,,,,,,,,,,no_pattern_at_sr
2026-03-10T18:07:36.951488+00:00,XAUUSD.s,cobra,26551110,H1,HOLD,HOLD,NONE,0,23.76309109758982,0,,,,,,,,,,,,,,,,0.31,0.31,5227.63,5227.91,5217.58,5223.92,,,,,,,,5154.501770513713,5233.585,0.25228199375997573,,,,,,none,True,,,,,,,,,,,,,,no_pattern_at_sr
2026-03-10T18:08:37.426808+00:00,BTCUSD,cobra,26551110,H1,HOLD,HOLD,NONE,0,749.0271932703076,0,,,,,,,,,,,,,,,,16.96,16.96,70858.55,70904.37,70701.86,70730.33,,,,,,,,69281.00752408268,70503.94,0.47328054733530706,,,,,,none,True,,,,,,,,,,,,,,no_pattern_at_sr
2026-03-10T18:08:37.440569+00:00,USDJPY.s,cobra,26551110,H1,HOLD,HOLD,NONE,0,0.23128729795827796,0,,,,,,,,,,,,,,,,0.024,0.024,157.593,157.668,157.588,157.662,,,,,,,,157.83830846609172,157.59066666666666,0.005764835964271996,,,,,,none,True,,,,,,,,,,,,,,no_pattern_at_sr
2026-03-10T18:08:37.455093+00:00,EURUSD.s,cobra,26551110,H1,HOLD,HOLD,NONE,0,0.0019273345256580084,0,,,,,,,,,,,,,,,,0.00018,0.00018,1.16443,1.16451,1.16391,1.16403,,,,,,,,1.1610866915482785,1.16383,0.3113107724749085,,,,,,none,True,,,,,,,,,,,,,,no_pattern_at_sr
2026-03-10T18:08:37.469300+00:00,XAUUSD.s,cobra,26551110,H1,HOLD,HOLD,NONE,0,23.76309109758982,0,,,,,,,,,,,,,,,,0.3,0.3,5227.63,5227.91,5217.58,5224.07,,,,,,,,5154.501770513713,5233.585,0.25228199375997573,,,,,,none,True,,,,,,,,,,,,,,no_pattern_at_sr
2026-03-10T18:09:37.906037+00:00,BTCUSD,cobra,26551110,H1,HOLD,HOLD,NONE,0,752.7014789845936,0,,,,,,,,,,,,,,,,17.05,17.05,70858.55,70904.37,70650.42,70697.9,,,,,,,,69281.00752408268,70503.94,0.4709702450408709,,,,,,none,True,,,,,,,,,,,,,,no_pattern_at_sr
2026-03-10T18:09:37.920688+00:00,USDJPY.s,cobra,26551110,H1,HOLD,HOLD,NONE,0,0.23471586938684952,0,,,,,,,,,,,,,,,,0.025,0.025,157.593,157.716,157.588,157.715,,,,,,,,157.83830846609172,157.59066666666666,0.0056806271209196586,,,,,,none,True,,,,,,,,,,,,,,no_pattern_at_sr
2026-03-10T18:09:37.934392+00:00,EURUSD.s,cobra,26551110,H1,HOLD,HOLD,NONE,0,0.0019344773828008648,0,,,,,,,,,,,,,,,,0.0002,0.0002,1.16443,1.16451,1.16381,1.16387,,,,,,,,1.1610866915482785,1.16383,0.3101612897285137,,,,,,none,True,,,,,,,,,,,,,,no_pattern_at_sr
2026-03-10T18:09:37.947183+00:00,XAUUSD.s,cobra,26551110,H1,HOLD,HOLD,NONE,0,23.76309109758982,0,,,,,,,,,,,,,,,,0.3,0.3,5227.63,5227.91,5217.58,5221.55,,,,,,,,5154.501770513713,5233.585,0.25228199375997573,,,,,,none,True,,,,,,,,,,,,,,no_pattern_at_sr
2026-03-10T18:10:38.328496+00:00,BTCUSD,cobra,26551110,H1,HOLD,HOLD,NONE,0,752.7014789845936,0,,,,,,,,,,,,,,,,17.09,17.09,70858.55,70904.37,70650.42,70691.54,,,,,,,,69281.00752408268,70503.94,0.4709702450408709,,,,,,none,True,,,,,,,,,,,,,,no_pattern_at_sr
2026-03-10T18:10:38.343452+00:00,USDJPY.s,cobra,26551110,H1,HOLD,HOLD,NONE,0,0.23585872652970602,0,,,,,,,,,,,,,,,,0.023,0.023,157.593,157.732,157.588,157.705,,,,,,,,157.83830846609172,157.59066666666666,0.005653101553489658,,,,,,none,True,,,,,,,,,,,,,,no_pattern_at_sr
2026-03-10T18:10:38.358593+00:00,EURUSD.s,cobra,26551110,H1,HOLD,HOLD,NONE,0,0.0019387630970865754,0,,,,,,,,,,,,,,,,0.00018,0.00018,1.16443,1.16451,1.16375,1.16393,,,,,,,,1.1610866915482785,1.16383,0.3094756656456841,,,,,,none,True,,,,,,,,,,,,,,no_pattern_at_sr
2026-03-10T18:10:38.372812+00:00,XAUUSD.s,cobra,26551110,H1,HOLD,HOLD,NONE,0,23.76309109758982,0,,,,,,,,,,,,,,,,0.37,0.37,5227.63,5227.91,5217.58,5222.25,,,,,,,,5154.501770513713,5233.585,0.25228199375997573,,,,,,none,True,,,,,,,,,,,,,,no_pattern_at_sr
2026-03-10T18:11:38.753142+00:00,BTCUSD,cobra,26551110,H1,HOLD,HOLD,NONE,0,752.7014789845936,0,,,,,,,,,,,,,,,,17.05,17.05,70858.55,70904.37,70650.42,70758.69,,,,,,,,69281.00752408268,70503.94,0.4709702450408709,,,,,,none,True,,,,,,,,,,,,,,no_pattern_at_sr
2026-03-10T18:11:38.766707+00:00,USDJPY.s,cobra,26551110,H1,HOLD,HOLD,NONE,0,0.23585872652970602,0,,,,,,,,,,,,,,,,0.023,0.023,157.593,157.732,157.588,157.725,,,,,,,,157.83830846609172,157.59066666666666,0.005653101553489658,,,,,,none,True,,,,,,,,,,,,,,no_pattern_at_sr
2026-03-10T18:11:38.779230+00:00,EURUSD.s,cobra,26551110,H1,HOLD,HOLD,NONE,0,0.0019409059542294306,0,,,,,,,,,,,,,,,,0.0002,0.0002,1.16443,1.16451,1.16372,1.1638,,,,,,,,1.1610866915482785,1.16383,0.30913398904913203,,,,,,none,True,,,,,,,,,,,,,,no_pattern_at_sr
2026-03-10T18:11:38.791592+00:00,XAUUSD.s,cobra,26551110,H1,HOLD,HOLD,NONE,0,23.76309109758982,0,,,,,,,,,,,,,,,,0.3,0.3,5227.63,5227.91,5217.58,5221.86,,,,,,,,5154.501770513713,5233.585,0.25228199375997573,,,,,,none,True,,,,,,,,,,,,,,no_pattern_at_sr
2026-03-10T18:12:39.164279+00:00,BTCUSD,cobra,26551110,H1,HOLD,HOLD,NONE,0,752.7014789845936,0,,,,,,,,,,,,,,,,17.08,17.08,70858.55,70904.37,70650.42,70745.89,,,,,,,,69281.00752408268,70503.94,0.4709702450408709,,,,,,none,True,,,,,,,,,,,,,,no_pattern_at_sr
2026-03-10T18:12:39.179445+00:00,USDJPY.s,cobra,26551110,H1,HOLD,HOLD,NONE,0,0.23585872652970602,0,,,,,,,,,,,,,,,,0.023,0.023,157.593,157.732,157.588,157.703,,,,,,,,157.83830846609172,157.59066666666666,0.005653101553489658,,,,,,none,True,,,,,,,,,,,,,,no_pattern_at_sr
2026-03-10T18:12:39.192186+00:00,EURUSD.s,cobra,26551110,H1,HOLD,HOLD,NONE,0,0.0019409059542294306,0,,,,,,,,,,,,,,,,0.00019,0.00019,1.16443,1.16451,1.16372,1.16407,,,,,,,,1.1610866915482785,1.16383,0.30913398904913203,,,,,,none,True,,,,,,,,,,,,,,no_pattern_at_sr
2026-03-10T18:12:39.205928+00:00,XAUUSD.s,cobra,26551110,H1,HOLD,HOLD,NONE,0,23.76309109758982,0,,,,,,,,,,,,,,,,0.3,0.3,5227.63,5227.91,5217.58,5224.6,,,,,,,,5154.501770513713,5233.585,0.25228199375997573,,,,,,none,True,,,,,,,,,,,,,,no_pattern_at_sr
2026-03-10T18:13:39.567276+00:00,BTCUSD,cobra,26551110,H1,HOLD,HOLD,NONE,0,752.7014789845936,0,,,,,,,,,,,,,,,,17.01,17.01,70858.55,70904.37,70650.42,70742.66,,,,,,,,69281.00752408268,70503.94,0.4709702450408709,,,,,,none,True,,,,,,,,,,,,,,no_pattern_at_sr
2026-03-10T18:13:39.580774+00:00,USDJPY.s,cobra,26551110,H1,HOLD,HOLD,NONE,0,0.23585872652970602,0,,,,,,,,,,,,,,,,0.023,0.023,157.593,157.732,157.588,157.697,,,,,,,,157.83830846609172,157.59066666666666,0.005653101553489658,,,,,,none,True,,,,,,,,,,,,,,no_pattern_at_sr
2026-03-10T18:13:39.593806+00:00,EURUSD.s,cobra,26551110,H1,HOLD,HOLD,NONE,0,0.0019409059542294306,0,,,,,,,,,,,,,,,,0.00018,0.00018,1.16443,1.16451,1.16372,1.16406,,,,,,,,1.1610866915482785,1.16383,0.30913398904913203,,,,,,none,True,,,,,,,,,,,,,,no_pattern_at_sr
2026-03-10T18:13:39.608860+00:00,XAUUSD.s,cobra,26551110,H1,HOLD,HOLD,NONE,0,23.76309109758982,0,,,,,,,,,,,,,,,,0.33,0.33,5227.63,5227.91,5217.58,5226.51,,,,,,,,5154.501770513713,5233.585,0.25228199375997573,,,,,,none,True,,,,,,,,,,,,,,no_pattern_at_sr
2026-03-10T18:14:39.986253+00:00,BTCUSD,cobra,26551110,H1,HOLD,HOLD,NONE,0,767.3793361274511,0,,,,,,,,,,,,,,,,17.1,17.1,70858.55,70904.37,70444.93,70461.98,,,,,,,,69281.00752408268,70464.87,0.5128754208917615,,,,,,none,True,,,,,,,,,,,,,,no_pattern_at_sr
2026-03-10T18:14:39.989944+00:00,USDJPY.s,cobra,26551110,H1,HOLD,HOLD,NONE,0,0.23907301224399086,0,,,,,,,,,,,,,,,,0.024,0.024,157.593,157.777,157.588,157.768,,,,,,,,157.83830846609172,157.59066666666666,0.005577096807515911,,,,,,none,True,,,,,,,,,,,,,,no_pattern_at_sr
2026-03-10T18:14:39.991782+00:00,EURUSD.s,cobra,26551110,H1,HOLD,HOLD,NONE,0,0.0019823345256580038,0,,,,,,,,,,,,,,,,0.00019,0.00019,1.16443,1.16451,1.16314,1.1632,,,,,,,,1.1610866915482785,1.16383,0.3026734348991857,,,,,,none,True,,,,,,,,,,,,,,no_pattern_at_sr
2026-03-10T18:14:39.993472+00:00,XAUUSD.s,cobra,26551110,H1,HOLD,HOLD,NONE,0,23.76309109758982,0,,,,,,,,,,,,,,,,0.32,0.32,5227.63,5227.91,5217.58,5221.7,,,,,,,,5154.501770513713,5233.585,0.25228199375997573,,,,,,none,True,,,,,,,,,,,,,,no_pattern_at_sr
2026-03-10T18:14:39.997558+00:00,USOUSD.s,cobra,26551110,H1,HOLD,HOLD,NONE,0,3.879506343426302,0,,,,,,,,,,,,,,,,0.119,0.119,80.209,83.984,79.644,83.814,,,,,,,,89.75857534429454,81.23,0.2647244028200184,,,,,,none,True,,,,,,,,,,,,,,no_pattern_at_sr
2026-03-10T18:15:40.335129+00:00,BTCUSD,cobra,26551110,H1,HOLD,HOLD,NONE,0,776.8436218417368,0,,,,,,,,,,,,,,,,16.98,16.98,70858.55,70904.37,70312.43,70366.57,,,,,,,,69281.00752408268,70464.87,0.5066270597252679,,,,,,none,True,,,,,,,,,,,,,,no_pattern_at_sr
2026-03-10T18:15:40.336500+00:00,USDJPY.s,cobra,26551110,H1,HOLD,HOLD,NONE,0,0.2432158693868495,0,,,,,,,,,,,,,,,,0.024,0.024,157.593,157.835,157.588,157.83,,,,,,,,157.83830846609172,157.59066666666666,0.0054820984202656065,,,,,,none,True,,,,,,,,,,,,,,no_pattern_at_sr
2026-03-10T18:15:40.337817+00:00,EURUSD.s,cobra,26551110,H1,HOLD,HOLD,NONE,0,0.002028763097086578,0,,,,,,,,,,,,,,,,0.00018,0.00018,1.16443,1.16451,1.16249,1.16255,,,,,,,,1.1610866915482785,1.16383,0.29574670441402984,,,,,,none,True,,,,,,,,,,,,,,no_pattern_at_sr
2026-03-10T18:15:40.339233+00:00,XAUUSD.s,cobra,26551110,H1,HOLD,HOLD,NONE,0,24.089519669018372,0,,,,,,,,,,,,,,,,0.33,0.33,5227.63,5227.91,5213.01,5216.93,,,,,,,,5154.501770513713,5233.585,0.24886340958097575,,,,,,none,True,,,,,,,,,,,,,,no_pattern_at_sr
2026-03-10T18:15:40.340484+00:00,USOUSD.s,cobra,26551110,H1,HOLD,HOLD,NONE,0,3.9512920577120174,0,,,,,,,,,,,,,,,,0.079,0.079,80.209,84.989,79.644,84.864,,,,,,,,89.75857534429454,81.23,0.2599149809732571,,,,,,none,True,,,,,,,,,,,,,,no_pattern_at_sr
2026-03-10T18:16:40.719409+00:00,BTCUSD,cobra,26551110,H1,HOLD,HOLD,NONE,0,776.8436218417368,0,,,,,,,,,,,,,,,,17.1,17.1,70858.55,70904.37,70312.43,70458.75,,,,,,,,69281.00752408268,70464.87,0.5066270597252679,,,,,,none,True,,,,,,,,,,,,,,no_pattern_at_sr
2026-03-10T18:16:40.720731+00:00,USDJPY.s,cobra,26551110,H1,HOLD,HOLD,NONE,0,0.24578729795827817,0,,,,,,,,,,,,,,,,0.024,0.024,157.593,157.871,157.588,157.864,,,,,,,,157.83830846609172,157.59066666666666,0.005424744665102686,,,,,,none,True,,,,,,,,,,,,,,no_pattern_at_sr
2026-03-10T18:16:40.722110+00:00,EURUSD.s,cobra,26551110,H1,HOLD,HOLD,NONE,0,0.0020616202399437143,0,,,,,,,,,,,,,,,,0.00018,0.00018,1.16443,1.16451,1.1620300000000001,1.1620300000000001,,,,,,,,1.1610866915482785,1.16383,0.2910332312300819,,,,,,none,True,,,,,,,,,,,,,,no_pattern_at_sr
2026-03-10T18:16:40.723532+00:00,XAUUSD.s,cobra,26551110,H1,HOLD,HOLD,NONE,0,24.111662526161258,0,,,,,,,,,,,,,,,,0.31,0.31,5227.63,5227.91,5212.7,5213.52,,,,,,,,5154.501770513713,5233.585,0.2486348667784849,,,,,,none,True,,,,,,,,,,,,,,no_pattern_at_sr
2026-03-10T18:16:40.724811+00:00,USOUSD.s,cobra,26551110,H1,HOLD,HOLD,NONE,0,3.9827206291405886,0,,,,,,,,,,,,,,,,0.099,0.099,80.209,85.429,79.644,85.314,,,,,,,,89.75857534429454,81.23,0.25786393162646015,,,,,,none,True,,,,,,,,,,,,,,no_pattern_at_sr
2026-03-10T18:17:41.048294+00:00,BTCUSD,cobra,26551110,H1,HOLD,HOLD,NONE,0,776.8436218417368,0,,,,,,,,,,,,,,,,16.98,16.98,70858.55,70904.37,70312.43,70570.76,,,,,,,,69281.00752408268,70464.87,0.5066270597252679,,,,,,none,True,,,,,,,,,,,,,,no_pattern_at_sr
2026-03-10T18:17:41.049630+00:00,USDJPY.s,cobra,26551110,H1,HOLD,HOLD,NONE,0,0.24764444081541975,0,,,,,,,,,,,,,,,,0.024,0.024,157.593,157.897,157.588,157.879,,,,,,,,157.83830846609172,157.59066666666666,0.005384063251970859,,,,,,none,True,,,,,,,,,,,,,,no_pattern_at_sr
2026-03-10T18:17:41.050911+00:00,EURUSD.s,cobra,26551110,H1,HOLD,HOLD,NONE,0,0.0020851916685151544,0,,,,,,,,,,,,,,,,0.00018,0.00018,1.16443,1.16451,1.1617,1.16187,,,,,,,,1.1610866915482785,1.16383,0.28774333269200636,,,,,,none,True,,,,,,,,,,,,,,no_pattern_at_sr
2026-03-10T18:17:41.052343+00:00,XAUUSD.s,cobra,26551110,H1,HOLD,HOLD,NONE,0,25.37237681187552,0,,,,,,,,,,,,,,,,0.34,0.34,5227.63,5227.91,5195.05,5195.05,,,,,,,,5154.501770513713,5233.585,0.23628058358308537,,,,,,none,True,,,,,,,,,,,,,,no_pattern_at_sr
2026-03-10T18:17:41.053700+00:00,USOUSD.s,cobra,26551110,H1,HOLD,HOLD,NONE,0,4.000934914854874,0,,,,,,,,,,,,,,,,0.099,0.099,80.209,85.684,79.644,85.629,,,,,,,,89.75857534429454,81.23,0.2566900041754999,,,,,,none,True,,,,,,,,,,,,,,no_pattern_at_sr
2026-03-10T18:20:57.866860+00:00,BTCUSD,cobra,26551110,H1,HOLD,HOLD,NONE,0,788.3586218417362,0,,,,,,,,,,,,,,,,17.11,17.11,70858.55,70904.37,70151.22,70202.51,,,,,,,,69281.00752408268,70464.87,0.4992271145339444,,,,,,none,True,,,,,,,,,,,,,,no_pattern_at_sr
2026-03-10T18:20:57.881320+00:00,USDJPY.s,cobra,26551110,H1,HOLD,HOLD,NONE,0,0.25307301224399276,0,,,,,,,,,,,,,,,,0.025,0.025,157.593,157.973,157.588,157.959,,,,,,,,157.83830846609172,157.59066666666666,0.005268571790909417,,,,,,none,True,,,,,,,,,,,,,,no_pattern_at_sr
2026-03-10T18:20:57.883269+00:00,EURUSD.s,cobra,26551110,H1,HOLD,HOLD,NONE,0,0.0021130488113722894,0,,,,,,,,,,,,,,,,0.0002,0.0002,1.16443,1.16451,1.16131,1.16154,,,,,,,,1.1610866915482785,1.16383,0.2839499006227379,,,,,,none,True,,,,,,,,,,,,,,no_pattern_at_sr
2026-03-10T18:20:57.885114+00:00,XAUUSD.s,cobra,26551110,H1,HOLD,HOLD,NONE,0,27.81309109758981,0,,,,,,,,,,,,,,,,0.33,0.33,5227.63,5227.91,5160.88,5174.46,,,,,,,,5154.501770513713,5233.585,0.21554598081043203,,,,,,none,True,,,,,,,,,,,,,,no_pattern_at_sr
2026-03-10T18:20:57.886892+00:00,USOUSD.s,cobra,26551110,H1,HOLD,HOLD,NONE,0,4.06764920056916,0,,,,,,,,,,,,,,,,0.079,0.079,80.209,86.618,79.644,86.569,,,,,,,,89.75857534429454,81.23,0.2524799827517819,,,,,,none,True,,,,,,,,,,,,,,no_pattern_at_sr
2026-03-10T18:21:58.311027+00:00,BTCUSD,cobra,26551110,H1,HOLD,HOLD,NONE,0,788.3586218417362,0,,,,,,,,,,,,,,,,17.05,17.05,70858.55,70904.37,70151.22,70189.44,,,,,,,,69281.00752408268,70464.87,0.4992271145339444,,,,,,none,True,,,,,,,,,,,,,,no_pattern_at_sr
2026-03-10T18:21:58.312367+00:00,USDJPY.s,cobra,26551110,H1,HOLD,HOLD,NONE,0,0.25307301224399276,0,,,,,,,,,,,,,,,,0.024,0.024,157.593,157.973,157.588,157.947,,,,,,,,157.83830846609172,157.59066666666666,0.005268571790909417,,,,,,none,True,,,,,,,,,,,,,,no_pattern_at_sr
2026-03-10T18:21:58.313806+00:00,EURUSD.s,cobra,26551110,H1,HOLD,HOLD,NONE,0,0.0021130488113722894,0,,,,,,,,,,,,,,,,0.00019,0.00019,1.16443,1.16451,1.16131,1.16165,,,,,,,,1.1610866915482785,1.16383,0.2839499006227379,,,,,,none,True,,,,,,,,,,,,,,no_pattern_at_sr
2026-03-10T18:21:58.315186+00:00,XAUUSD.s,cobra,26551110,H1,HOLD,HOLD,NONE,0,27.81309109758981,0,,,,,,,,,,,,,,,,0.33,0.33,5227.63,5227.91,5160.88,5186.91,,,,,,,,5154.501770513713,5233.585,0.21554598081043203,,,,,,none,True,,,,,,,,,,,,,,no_pattern_at_sr
2026-03-10T18:21:58.316555+00:00,USOUSD.s,cobra,26551110,H1,HOLD,HOLD,NONE,0,4.06764920056916,0,,,,,,,,,,,,,,,,0.079,0.079,80.209,86.618,79.644,85.703,,,,,,,,89.75857534429454,81.23,0.2524799827517819,,,,,,none,True,,,,,,,,,,,,,,no_pattern_at_sr
2026-03-10T18:22:58.639456+00:00,BTCUSD,cobra,26551110,H1,HOLD,HOLD,NONE,0,790.7193361274507,0,,,,,,,,,,,,,,,,16.98,16.98,70858.55,70904.37,70118.17,70159.27,,,,,,,,69281.00752408268,70464.87,0.4977366582781657,,,,,,none,True,,,,,,,,,,,,,,no_pattern_at_sr
2026-03-10T18:22:58.640990+00:00,USDJPY.s,cobra,26551110,H1,HOLD,HOLD,NONE,0,0.25307301224399276,0,,,,,,,,,,,,,,,,0.025,0.025,157.593,157.973,157.588,157.897,,,,,,,,157.83830846609172,157.59066666666666,0.005268571790909417,,,,,,none,True,,,,,,,,,,,,,,no_pattern_at_sr
2026-03-10T18:22:58.642326+00:00,EURUSD.s,cobra,26551110,H1,HOLD,HOLD,NONE,0,0.0021130488113722894,0,,,,,,,,,,,,,,,,0.00019,0.00019,1.16443,1.16451,1.16131,1.16195,,,,,,,,1.1610866915482785,1.16383,0.2839499006227379,,,,,,none,True,,,,,,,,,,,,,,no_pattern_at_sr
2026-03-10T18:22:58.643699+00:00,XAUUSD.s,cobra,26551110,H1,HOLD,HOLD,NONE,0,27.81309109758981,0,,,,,,,,,,,,,,,,0.32,0.32,5227.63,5227.91,5160.88,5187.27,,,,,,,,5154.501770513713,5233.585,0.21554598081043203,,,,,,none,True,,,,,,,,,,,,,,no_pattern_at_sr
2026-03-10T18:22:58.645034+00:00,USOUSD.s,cobra,26551110,H1,HOLD,HOLD,NONE,0,4.06764920056916,0,,,,,,,,,,,,,,,,0.099,0.099,80.209,86.618,79.644,85.104,,,,,,,,89.75857534429454,81.23,0.2524799827517819,,,,,,none,True,,,,,,,,,,,,,,no_pattern_at_sr
2026-03-10T18:23:59.022873+00:00,BTCUSD,cobra,26551110,H1,HOLD,HOLD,NONE,0,790.7193361274507,0,,,,,,,,,,,,,,,,16.95,16.95,70858.55,70904.37,70118.17,70292.5,,,,,,,,69281.00752408268,70464.87,0.4977366582781657,,,,,,none,True,,,,,,,,,,,,,,no_pattern_at_sr
2026-03-10T18:23:59.024291+00:00,USDJPY.s,cobra,26551110,H1,HOLD,HOLD,NONE,0,0.25307301224399276,0,,,,,,,,,,,,,,,,0.024,0.024,157.593,157.973,157.588,157.887,,,,,,,,157.83830846609172,157.59066666666666,0.005268571790909417,,,,,,none,True,,,,,,,,,,,,,,no_pattern_at_sr
2026-03-10T18:23:59.025604+00:00,EURUSD.s,cobra,26551110,H1,HOLD,HOLD,NONE,0,0.0021130488113722894,0,,,,,,,,,,,,,,,,0.00019,0.00019,1.16443,1.16451,1.16131,1.16221,,,,,,,,1.1610866915482785,1.16383,0.2839499006227379,,,,,,none,True,,,,,,,,,,,,,,no_pattern_at_sr
2026-03-10T18:23:59.027060+00:00,XAUUSD.s,cobra,26551110,H1,HOLD,HOLD,NONE,0,27.81309109758981,0,,,,,,,,,,,,,,,,0.34,0.34,5227.63,5227.91,5160.88,5192.56,,,,,,,,5154.501770513713,5233.585,0.21554598081043203,,,,,,none,True,,,,,,,,,,,,,,no_pattern_at_sr
2026-03-10T18:23:59.028467+00:00,USOUSD.s,cobra,26551110,H1,HOLD,HOLD,NONE,0,4.06764920056916,0,,,,,,,,,,,,,,,,0.098,0.098,80.209,86.618,79.644,84.614,,,,,,,,89.75857534429454,81.23,0.2524799827517819,,,,,,none,True,,,,,,,,,,,,,,no_pattern_at_sr
2026-03-10T18:24:59.391092+00:00,BTCUSD,cobra,26551110,H1,HOLD,HOLD,NONE,0,790.7193361274507,0,,,,,,,,,,,,,,,,16.98,16.98,70858.55,70904.37,70118.17,70316.26,,,,,,,,69281.00752408268,70464.87,0.4977366582781657,,,,,,none,True,,,,,,,,,,,,,,no_pattern_at_sr
2026-03-10T18:24:59.392417+00:00,USDJPY.s,cobra,26551110,H1,HOLD,HOLD,NONE,0,0.25307301224399276,0,,,,,,,,,,,,,,,,0.024,0.024,157.593,157.973,157.588,157.916,,,,,,,,157.83830846609172,157.59066666666666,0.005268571790909417,,,,,,none,True,,,,,,,,,,,,,,no_pattern_at_sr
2026-03-10T18:24:59.393696+00:00,EURUSD.s,cobra,26551110,H1,HOLD,HOLD,NONE,0,0.0021130488113722894,0,,,,,,,,,,,,,,,,0.00018,0.00018,1.16443,1.16451,1.16131,1.16206,,,,,,,,1.1610866915482785,1.16383,0.2839499006227379,,,,,,none,True,,,,,,,,,,,,,,no_pattern_at_sr
2026-03-10T18:24:59.395447+00:00,XAUUSD.s,cobra,26551110,H1,HOLD,HOLD,NONE,0,27.81309109758981,0,,,,,,,,,,,,,,,,0.31,0.31,5227.63,5227.91,5160.88,5192.38,,,,,,,,5154.501770513713,5233.585,0.21554598081043203,,,,,,none,True,,,,,,,,,,,,,,no_pattern_at_sr
2026-03-10T18:24:59.396894+00:00,USOUSD.s,cobra,26551110,H1,HOLD,HOLD,NONE,0,4.06764920056916,0,,,,,,,,,,,,,,,,0.079,0.079,80.209,86.618,79.644,85.114,,,,,,,,89.75857534429454,81.23,0.2524799827517819,,,,,,none,True,,,,,,,,,,,,,,no_pattern_at_sr
2026-03-10T18:25:59.742810+00:00,BTCUSD,cobra,26551110,H1,HOLD,HOLD,NONE,0,790.7193361274507,0,,,,,,,,,,,,,,,,17.01,17.01,70858.55,70904.37,70118.17,70305.11,,,,,,,,69281.00752408268,70464.87,0.4977366582781657,,,,,,none,True,,,,,,,,,,,,,,no_pattern_at_sr
2026-03-10T18:25:59.744175+00:00,USDJPY.s,cobra,26551110,H1,HOLD,HOLD,NONE,0,0.25307301224399276,0,,,,,,,,,,,,,,,,0.025,0.025,157.593,157.973,157.588,157.92,,,,,,,,157.83830846609172,157.59066666666666,0.005268571790909417,,,,,,none,True,,,,,,,,,,,,,,no_pattern_at_sr
2026-03-10T18:25:59.745502+00:00,EURUSD.s,cobra,26551110,H1,HOLD,HOLD,NONE,0,0.0021130488113722894,0,,,,,,,,,,,,,,,,0.00019,0.00019,1.16443,1.16451,1.16131,1.16209,,,,,,,,1.1610866915482785,1.16383,0.2839499006227379,,,,,,none,True,,,,,,,,,,,,,,no_pattern_at_sr
2026-03-10T18:25:59.747065+00:00,XAUUSD.s,cobra,26551110,H1,HOLD,HOLD,NONE,0,27.81309109758981,0,,,,,,,,,,,,,,,,0.33,0.33,5227.63,5227.91,5160.88,5193.86,,,,,,,,5154.501770513713,5233.585,0.21554598081043203,,,,,,none,True,,,,,,,,,,,,,,no_pattern_at_sr
2026-03-10T18:25:59.748356+00:00,USOUSD.s,cobra,26551110,H1,HOLD,HOLD,NONE,0,4.06764920056916,0,,,,,,,,,,,,,,,,0.079,0.079,80.209,86.618,79.644,85.219,,,,,,,,89.75857534429454,81.23,0.2524799827517819,,,,,,none,True,,,,,,,,,,,,,,no_pattern_at_sr
2026-03-10T18:27:00.085416+00:00,BTCUSD,cobra,26551110,H1,HOLD,HOLD,NONE,0,790.7193361274507,0,,,,,,,,,,,,,,,,17.0,17.0,70858.55,70904.37,70118.17,70384.94,,,,,,,,69281.00752408268,70464.87,0.4977366582781657,,,,,,none,True,,,,,,,,,,,,,,no_pattern_at_sr
2026-03-10T18:27:00.086718+00:00,USDJPY.s,cobra,26551110,H1,HOLD,HOLD,NONE,0,0.25307301224399276,0,,,,,,,,,,,,,,,,0.024,0.024,157.593,157.973,157.588,157.866,,,,,,,,157.83830846609172,157.59066666666666,0.005268571790909417,,,,,,none,True,,,,,,,,,,,,,,no_pattern_at_sr
2026-03-10T18:27:00.088028+00:00,EURUSD.s,cobra,26551110,H1,HOLD,HOLD,NONE,0,0.0021130488113722894,0,,,,,,,,,,,,,,,,0.00019,0.00019,1.16443,1.16451,1.16131,1.16269,,,,,,,,1.1610866915482785,1.16383,0.2839499006227379,,,,,,none,True,,,,,,,,,,,,,,no_pattern_at_sr
2026-03-10T18:27:00.089576+00:00,XAUUSD.s,cobra,26551110,H1,HOLD,HOLD,NONE,0,27.81309109758981,0,,,,,,,,,,,,,,,,0.33,0.33,5227.63,5227.91,5160.88,5197.65,,,,,,,,5154.501770513713,5233.585,0.21554598081043203,,,,,,none,True,,,,,,,,,,,,,,no_pattern_at_sr
2026-03-10T18:27:00.090873+00:00,USOUSD.s,cobra,26551110,H1,HOLD,HOLD,NONE,0,4.06764920056916,0,,,,,,,,,,,,,,,,0.099,0.099,80.209,86.618,79.644,84.434,,,,,,,,89.75857534429454,81.23,0.2524799827517819,,,,,,none,True,,,,,,,,,,,,,,no_pattern_at_sr
2026-03-10T18:28:00.423105+00:00,BTCUSD,cobra,26551110,H1,HOLD,HOLD,NONE,0,790.7193361274507,0,,,,,,,,,,,,,,,,16.98,16.98,70858.55,70904.37,70118.17,70381.15,,,,,,,,69281.00752408268,70464.87,0.4977366582781657,,,,,,none,True,,,,,,,,,,,,,,no_pattern_at_sr
2026-03-10T18:28:00.424428+00:00,USDJPY.s,cobra,26551110,H1,HOLD,HOLD,NONE,0,0.25307301224399276,0,,,,,,,,,,,,,,,,0.025,0.025,157.593,157.973,157.588,157.802,,,,,,,,157.83830846609172,157.59066666666666,0.005268571790909417,,,,,,none,True,,,,,,,,,,,,,,no_pattern_at_sr
2026-03-10T18:28:00.426093+00:00,EURUSD.s,cobra,26551110,H1,HOLD,HOLD,NONE,0,0.0021130488113722894,0,,,,,,,,,,,,,,,,0.00019,0.00019,1.16443,1.16451,1.16131,1.1632500000000001,,,,,,,,1.1610866915482785,1.16383,0.2839499006227379,,,,,,none,True,,,,,,,,,,,,,,no_pattern_at_sr
2026-03-10T18:28:00.427527+00:00,XAUUSD.s,cobra,26551110,H1,HOLD,HOLD,NONE,0,27.81309109758981,0,,,,,,,,,,,,,,,,0.32,0.32,5227.63,5227.91,5160.88,5199.7,,,,,,,,5154.501770513713,5233.585,0.21554598081043203,,,,,,none,True,,,,,,,,,,,,,,no_pattern_at_sr
2026-03-10T18:28:00.428940+00:00,USOUSD.s,cobra,26551110,H1,HOLD,HOLD,NONE,0,4.06764920056916,0,,,,,,,,,,,,,,,,0.079,0.079,80.209,86.618,79.644,83.493,,,,,,,,89.75857534429454,81.23,0.2524799827517819,,,,,,none,True,,,,,,,,,,,,,,no_pattern_at_sr
2026-03-10T18:29:00.845486+00:00,BTCUSD,cobra,26551110,H1,HOLD,HOLD,NONE,0,790.7193361274507,0,,,,,,,,,,,,,,,,17.11,17.11,70858.55,70904.37,70118.17,70386.62,,,,,,,,69281.00752408268,70464.87,0.4977366582781657,,,,,,none,True,,,,,,,,,,,,,,no_pattern_at_sr
2026-03-10T18:29:00.846877+00:00,USDJPY.s,cobra,26551110,H1,HOLD,HOLD,NONE,0,0.25307301224399276,0,,,,,,,,,,,,,,,,0.023,0.023,157.593,157.973,157.588,157.785,,,,,,,,157.83830846609172,157.59066666666666,0.005268571790909417,,,,,,none,True,,,,,,,,,,,,,,no_pattern_at_sr
2026-03-10T18:29:00.848163+00:00,EURUSD.s,cobra,26551110,H1,HOLD,HOLD,NONE,0,0.0021130488113722894,0,,,,,,,,,,,,,,,,0.00019,0.00019,1.16443,1.16451,1.16131,1.1635,,,,,,,,1.1610866915482785,1.16383,0.2839499006227379,,,,,,none,True,,,,,,,,,,,,,,no_pattern_at_sr
2026-03-10T18:29:00.849699+00:00,XAUUSD.s,cobra,26551110,H1,HOLD,HOLD,NONE,0,27.81309109758981,0,,,,,,,,,,,,,,,,0.3,0.3,5227.63,5227.91,5160.88,5202.42,,,,,,,,5154.501770513713,5233.585,0.21554598081043203,,,,,,none,True,,,,,,,,,,,,,,no_pattern_at_sr
2026-03-10T18:29:00.850964+00:00,USOUSD.s,cobra,26551110,H1,HOLD,HOLD,NONE,0,4.06764920056916,0,,,,,,,,,,,,,,,,0.079,0.079,80.209,86.618,79.644,83.289,,,,,,,,89.75857534429454,81.23,0.2524799827517819,,,,,,none,True,,,,,,,,,,,,,,no_pattern_at_sr
2026-03-10T18:30:01.188131+00:00,BTCUSD,cobra,26551110,H1,HOLD,HOLD,NONE,0,790.7193361274507,0,,,,,,,,,,,,,,,,17.12,17.12,70858.55,70904.37,70118.17,70308.58,,,,,,,,69281.00752408268,70464.87,0.4977366582781657,,,,,,none,True,,,,,,,,,,,,,,no_pattern_at_sr
2026-03-10T18:30:01.189597+00:00,USDJPY.s,cobra,26551110,H1,HOLD,HOLD,NONE,0,0.25307301224399276,0,,,,,,,,,,,,,,,,0.023,0.023,157.593,157.973,157.588,157.802,,,,,,,,157.83830846609172,157.59066666666666,0.005268571790909417,,,,,,none,True,,,,,,,,,,,,,,no_pattern_at_sr
2026-03-10T18:30:01.191013+00:00,EURUSD.s,cobra,26551110,H1,HOLD,HOLD,NONE,0,0.0021130488113722894,0,,,,,,,,,,,,,,,,0.00019,0.00019,1.16443,1.16451,1.16131,1.1633,,,,,,,,1.1610866915482785,1.16383,0.2839499006227379,,,,,,none,True,,,,,,,,,,,,,,no_pattern_at_sr
2026-03-10T18:30:01.192349+00:00,XAUUSD.s,cobra,26551110,H1,HOLD,HOLD,NONE,0,27.81309109758981,0,,,,,,,,,,,,,,,,0.32,0.32,5227.63,5227.91,5160.88,5202.6,,,,,,,,5154.501770513713,5233.585,0.21554598081043203,,,,,,none,True,,,,,,,,,,,,,,no_pattern_at_sr
2026-03-10T18:30:01.193712+00:00,USOUSD.s,cobra,26551110,H1,HOLD,HOLD,NONE,0,4.06764920056916,0,,,,,,,,,,,,,,,,0.079,0.079,80.209,86.618,79.644,83.939,,,,,,,,89.75857534429454,81.23,0.2524799827517819,,,,,,none,True,,,,,,,,,,,,,,no_pattern_at_sr
2026-03-10T18:31:01.549825+00:00,BTCUSD,cobra,26551110,H1,HOLD,HOLD,NONE,0,790.7193361274507,0,,,,,,,,,,,,,,,,17.03,17.03,70858.55,70904.37,70118.17,70350.55,,,,,,,,69281.00752408268,70464.87,0.4977366582781657,,,,,,none,True,,,,,,,,,,,,,,no_pattern_at_sr
2026-03-10T18:31:01.552752+00:00,USDJPY.s,cobra,26551110,H1,HOLD,HOLD,NONE,0,0.25307301224399276,0,,,,,,,,,,,,,,,,0.024,0.024,157.593,157.973,157.588,157.815,,,,,,,,157.83830846609172,157.59066666666666,0.005268571790909417,,,,,,none,True,,,,,,,,,,,,,,no_pattern_at_sr
2026-03-10T18:31:01.554990+00:00,EURUSD.s,cobra,26551110,H1,HOLD,HOLD,NONE,0,0.0021130488113722894,0,,,,,,,,,,,,,,,,0.00019,0.00019,1.16443,1.16451,1.16131,1.16326,,,,,,,,1.1610866915482785,1.16383,0.2839499006227379,,,,,,none,True,,,,,,,,,,,,,,no_pattern_at_sr
2026-03-10T18:31:01.556931+00:00,XAUUSD.s,cobra,26551110,H1,HOLD,HOLD,NONE,0,27.81309109758981,0,,,,,,,,,,,,,,,,0.31,0.31,5227.63,5227.91,5160.88,5204.87,,,,,,,,5154.501770513713,5233.585,0.21554598081043203,,,,,,none,True,,,,,,,,,,,,,,no_pattern_at_sr
2026-03-10T18:31:01.558527+00:00,USOUSD.s,cobra,26551110,H1,HOLD,HOLD,NONE,0,4.06764920056916,0,,,,,,,,,,,,,,,,0.079,0.079,80.209,86.618,79.644,83.758,,,,,,,,89.75857534429454,81.23,0.2524799827517819,,,,,,none,True,,,,,,,,,,,,,,no_pattern_at_sr
2026-03-10T18:32:01.894773+00:00,BTCUSD,cobra,26551110,H1,HOLD,HOLD,NONE,0,790.7193361274507,0,,,,,,,,,,,,,,,,17.05,17.05,70858.55,70904.37,70118.17,70370.46,,,,,,,,69281.00752408268,70464.87,0.4977366582781657,,,,,,none,True,,,,,,,,,,,,,,no_pattern_at_sr
2026-03-10T18:32:01.896132+00:00,USDJPY.s,cobra,26551110,H1,HOLD,HOLD,NONE,0,0.25307301224399276,0,,,,,,,,,,,,,,,,0.023,0.023,157.593,157.973,157.588,157.775,,,,,,,,157.83830846609172,157.59066666666666,0.005268571790909417,,,,,,none,True,,,,,,,,,,,,,,no_pattern_at_sr
2026-03-10T18:32:01.897544+00:00,EURUSD.s,cobra,26551110,H1,HOLD,HOLD,NONE,0,0.0021130488113722894,0,,,,,,,,,,,,,,,,0.0002,0.0002,1.16443,1.16451,1.16131,1.16366,,,,,,,,1.1610866915482785,1.16383,0.2839499006227379,,,,,,none,True,,,,,,,,,,,,,,no_pattern_at_sr
2026-03-10T18:32:01.899211+00:00,XAUUSD.s,cobra,26551110,H1,HOLD,HOLD,NONE,0,27.81309109758981,0,,,,,,,,,,,,,,,,0.32,0.32,5227.63,5227.91,5160.88,5203.26,,,,,,,,5154.501770513713,5233.585,0.21554598081043203,,,,,,none,True,,,,,,,,,,,,,,no_pattern_at_sr
2026-03-10T18:32:01.900846+00:00,USOUSD.s,cobra,26551110,H1,HOLD,HOLD,NONE,0,4.06764920056916,0,,,,,,,,,,,,,,,,0.119,0.119,80.209,86.618,79.644,83.514,,,,,,,,89.75857534429454,81.23,0.2524799827517819,,,,,,none,True,,,,,,,,,,,,,,no_pattern_at_sr
2026-03-10T18:33:02.250004+00:00,BTCUSD,cobra,26551110,H1,HOLD,HOLD,NONE,0,790.7193361274507,0,,,,,,,,,,,,,,,,16.98,16.98,70858.55,70904.37,70118.17,70356.64,,,,,,,,69281.00752408268,70464.87,0.4977366582781657,,,,,,none,True,,,,,,,,,,,,,,no_pattern_at_sr
2026-03-10T18:33:02.251377+00:00,USDJPY.s,cobra,26551110,H1,HOLD,HOLD,NONE,0,0.25307301224399276,0,,,,,,,,,,,,,,,,0.023,0.023,157.593,157.973,157.588,157.774,,,,,,,,157.83830846609172,157.59066666666666,0.005268571790909417,,,,,,none,True,,,,,,,,,,,,,,no_pattern_at_sr
2026-03-10T18:33:02.252661+00:00,EURUSD.s,cobra,26551110,H1,HOLD,HOLD,NONE,0,0.0021130488113722894,0,,,,,,,,,,,,,,,,0.0002,0.0002,1.16443,1.16451,1.16131,1.16356,,,,,,,,1.1610866915482785,1.16383,0.2839499006227379,,,,,,none,True,,,,,,,,,,,,,,no_pattern_at_sr
2026-03-10T18:33:02.254064+00:00,XAUUSD.s,cobra,26551110,H1,HOLD,HOLD,NONE,0,27.81309109758981,0,,,,,,,,,,,,,,,,0.33,0.33,5227.63,5227.91,5160.88,5203.68,,,,,,,,5154.501770513713,5233.585,0.21554598081043203,,,,,,none,True,,,,,,,,,,,,,,no_pattern_at_sr
2026-03-10T18:33:02.255465+00:00,USOUSD.s,cobra,26551110,H1,HOLD,HOLD,NONE,0,4.06764920056916,0,,,,,,,,,,,,,,,,0.079,0.079,80.209,86.618,79.644,83.139,,,,,,,,89.75857534429454,81.23,0.2524799827517819,,,,,,none,True,,,,,,,,,,,,,,no_pattern_at_sr
2026-03-10T18:34:02.579027+00:00,BTCUSD,cobra,26551110,H1,HOLD,HOLD,NONE,0,790.7193361274507,0,,,,,,,,,,,,,,,,16.98,16.98,70858.55,70904.37,70118.17,70272.91,,,,,,,,69281.00752408268,70464.87,0.4977366582781657,,,,,,none,True,,,,,,,,,,,,,,no_pattern_at_sr
2026-03-10T18:34:02.580671+00:00,USDJPY.s,cobra,26551110,H1,HOLD,HOLD,NONE,0,0.25307301224399276,0,,,,,,,,,,,,,,,,0.024,0.024,157.593,157.973,157.588,157.768,,,,,,,,157.83830846609172,157.59066666666666,0.005268571790909417,,,,,,none,True,,,,,,,,,,,,,,no_pattern_at_sr
2026-03-10T18:34:02.582068+00:00,EURUSD.s,cobra,26551110,H1,HOLD,HOLD,NONE,0,0.0021130488113722894,0,,,,,,,,,,,,,,,,0.00019,0.00019,1.16443,1.16451,1.16131,1.16355,,,,,,,,1.1610866915482785,1.16383,0.2839499006227379,,,,,,none,True,,,,,,,,,,,,,,no_pattern_at_sr
2026-03-10T18:34:02.583391+00:00,XAUUSD.s,cobra,26551110,H1,HOLD,HOLD,NONE,0,27.81309109758981,0,,,,,,,,,,,,,,,,0.32,0.32,5227.63,5227.91,5160.88,5198.12,,,,,,,,5154.501770513713,5233.585,0.21554598081043203,,,,,,none,True,,,,,,,,,,,,,,no_pattern_at_sr
2026-03-10T18:34:02.584673+00:00,USOUSD.s,cobra,26551110,H1,HOLD,HOLD,NONE,0,4.06764920056916,0,,,,,,,,,,,,,,,,0.079,0.079,80.209,86.618,79.644,83.334,,,,,,,,89.75857534429454,81.23,0.2524799827517819,,,,,,none,True,,,,,,,,,,,,,,no_pattern_at_sr
2026-03-10T18:35:02.915967+00:00,BTCUSD,cobra,26551110,H1,HOLD,HOLD,NONE,0,790.7193361274507,0,,,,,,,,,,,,,,,,16.95,16.95,70858.55,70904.37,70118.17,70424.25,,,,,,,,69281.00752408268,70464.87,0.4977366582781657,,,,,,none,True,,,,,,,,,,,,,,no_pattern_at_sr
2026-03-10T18:35:02.917363+00:00,USDJPY.s,cobra,26551110,H1,HOLD,HOLD,NONE,0,0.25307301224399276,0,,,,,,,,,,,,,,,,0.033,0.033,157.593,157.973,157.588,157.76,,,,,,,,157.83830846609172,157.59066666666666,0.005268571790909417,,,,,,none,True,,,,,,,,,,,,,,no_pattern_at_sr
2026-03-10T18:35:02.918794+00:00,EURUSD.s,cobra,26551110,H1,HOLD,HOLD,NONE,0,0.0021130488113722894,0,,,,,,,,,,,,,,,,0.00019,0.00019,1.16443,1.16451,1.16131,1.16373,,,,,,,,1.1610866915482785,1.16383,0.2839499006227379,,,,,,none,True,,,,,,,,,,,,,,no_pattern_at_sr
2026-03-10T18:35:02.920471+00:00,XAUUSD.s,cobra,26551110,H1,HOLD,HOLD,NONE,0,27.81309109758981,0,,,,,,,,,,,,,,,,0.34,0.34,5227.63,5227.91,5160.88,5202.0,,,,,,,,5154.501770513713,5233.585,0.21554598081043203,,,,,,none,True,,,,,,,,,,,,,,no_pattern_at_sr
2026-03-10T18:35:02.923096+00:00,USOUSD.s,cobra,26551110,H1,HOLD,HOLD,NONE,0,4.06764920056916,0,,,,,,,,,,,,,,,,0.079,0.079,80.209,86.618,79.644,83.338,,,,,,,,89.75857534429454,81.23,0.2524799827517819,,,,,,none,True,,,,,,,,,,,,,,no_pattern_at_sr
2026-03-10T18:36:03.260729+00:00,BTCUSD,cobra,26551110,H1,HOLD,HOLD,NONE,0,790.7193361274507,0,,,,,,,,,,,,,,,,16.95,16.95,70858.55,70904.37,70118.17,70260.34,,,,,,,,69281.00752408268,70464.87,0.4977366582781657,,,,,,none,True,,,,,,,,,,,,,,no_pattern_at_sr
2026-03-10T18:36:03.262529+00:00,USDJPY.s,cobra,26551110,H1,HOLD,HOLD,NONE,0,0.25307301224399276,0,,,,,,,,,,,,,,,,0.024,0.024,157.593,157.973,157.588,157.871,,,,,,,,157.83830846609172,157.59066666666666,0.005268571790909417,,,,,,none,True,,,,,,,,,,,,,,no_pattern_at_sr
2026-03-10T18:36:03.264288+00:00,EURUSD.s,cobra,26551110,H1,HOLD,HOLD,NONE,0,0.0021130488113722894,0,,,,,,,,,,,,,,,,0.0002,0.0002,1.16443,1.16451,1.16131,1.1626,,,,,,,,1.1610866915482785,1.16383,0.2839499006227379,,,,,,none,True,,,,,,,,,,,,,,no_pattern_at_sr
2026-03-10T18:36:03.265777+00:00,XAUUSD.s,cobra,26551110,H1,HOLD,HOLD,NONE,0,27.81309109758981,0,,,,,,,,,,,,,,,,0.36,0.36,5227.63,5227.91,5160.88,5192.35,,,,,,,,5154.501770513713,5233.585,0.21554598081043203,,,,,,none,True,,,,,,,,,,,,,,no_pattern_at_sr
2026-03-10T18:36:03.267630+00:00,USOUSD.s,cobra,26551110,H1,HOLD,HOLD,NONE,0,4.06764920056916,0,,,,,,,,,,,,,,,,0.079,0.079,80.209,86.618,79.644,84.379,,,,,,,,89.75857534429454,81.23,0.2524799827517819,,,,,,none,True,,,,,,,,,,,,,,no_pattern_at_sr
2026-03-10T18:37:03.639285+00:00,BTCUSD,cobra,26551110,H1,HOLD,HOLD,NONE,0,790.7193361274507,0,,,,,,,,,,,,,,,,17.08,17.08,70858.55,70904.37,70118.17,70239.96,,,,,,,,69281.00752408268,70464.87,0.4977366582781657,,,,,,none,True,,,,,,,,,,,,,,no_pattern_at_sr
2026-03-10T18:37:03.640784+00:00,USDJPY.s,cobra,26551110,H1,HOLD,HOLD,NONE,0,0.25307301224399276,0,,,,,,,,,,,,,,,,0.025,0.025,157.593,157.973,157.588,157.834,,,,,,,,157.83830846609172,157.59066666666666,0.005268571790909417,,,,,,none,True,,,,,,,,,,,,,,no_pattern_at_sr
2026-03-10T18:37:03.642355+00:00,EURUSD.s,cobra,26551110,H1,HOLD,HOLD,NONE,0,0.0021130488113722894,0,,,,,,,,,,,,,,,,0.00019,0.00019,1.16443,1.16451,1.16131,1.16296,,,,,,,,1.1610866915482785,1.16383,0.2839499006227379,,,,,,none,True,,,,,,,,,,,,,,no_pattern_at_sr
2026-03-10T18:37:03.644215+00:00,XAUUSD.s,cobra,26551110,H1,HOLD,HOLD,NONE,0,27.81309109758981,0,,,,,,,,,,,,,,,,0.32,0.32,5227.63,5227.91,5160.88,5197.28,,,,,,,,5154.501770513713,5233.585,0.21554598081043203,,,,,,none,True,,,,,,,,,,,,,,no_pattern_at_sr
2026-03-10T18:37:03.645786+00:00,USOUSD.s,cobra,26551110,H1,HOLD,HOLD,NONE,0,4.06764920056916,0,,,,,,,,,,,,,,,,0.079,0.079,80.209,86.618,79.644,84.204,,,,,,,,89.75857534429454,81.23,0.2524799827517819,,,,,,none,True,,,,,,,,,,,,,,no_pattern_at_sr
2026-03-10T18:38:03.975103+00:00,BTCUSD,cobra,26551110,H1,HOLD,HOLD,NONE,0,790.8979075560221,0,,,,,,,,,,,,,,,,17.05,17.05,70858.55,70904.37,70115.67,70269.28,,,,,,,,69281.00752408268,70464.87,0.4976242777227591,,,,,,none,True,,,,,,,,,,,,,,no_pattern_at_sr
2026-03-10T18:38:03.976420+00:00,USDJPY.s,cobra,26551110,H1,HOLD,HOLD,NONE,0,0.25307301224399276,0,,,,,,,,,,,,,,,,0.024,0.024,157.593,157.973,157.588,157.802,,,,,,,,157.83830846609172,157.59066666666666,0.005268571790909417,,,,,,none,True,,,,,,,,,,,,,,no_pattern_at_sr
2026-03-10T18:38:03.977874+00:00,EURUSD.s,cobra,26551110,H1,HOLD,HOLD,NONE,0,0.0021130488113722894,0,,,,,,,,,,,,,,,,0.00019,0.00019,1.16443,1.16451,1.16131,1.16343,,,,,,,,1.1610866915482785,1.16383,0.2839499006227379,,,,,,none,True,,,,,,,,,,,,,,no_pattern_at_sr
2026-03-10T18:38:03.979299+00:00,XAUUSD.s,cobra,26551110,H1,HOLD,HOLD,NONE,0,27.81309109758981,0,,,,,,,,,,,,,,,,0.31,0.31,5227.63,5227.91,5160.88,5197.11,,,,,,,,5154.501770513713,5233.585,0.21554598081043203,,,,,,none,True,,,,,,,,,,,,,,no_pattern_at_sr
2026-03-10T18:38:03.980735+00:00,USOUSD.s,cobra,26551110,H1,HOLD,HOLD,NONE,0,4.06764920056916,0,,,,,,,,,,,,,,,,0.079,0.079,80.209,86.618,79.644,83.714,,,,,,,,89.75857534429454,81.23,0.2524799827517819,,,,,,none,True,,,,,,,,,,,,,,no_pattern_at_sr
2026-03-10T18:39:04.318370+00:00,BTCUSD,cobra,26551110,H1,HOLD,HOLD,NONE,0,790.8979075560221,0,,,,,,,,,,,,,,,,16.98,16.98,70858.55,70904.37,70115.67,70176.93,,,,,,,,69281.00752408268,70464.87,0.4976242777227591,,,,,,none,True,,,,,,,,,,,,,,no_pattern_at_sr
2026-03-10T18:39:04.319823+00:00,USDJPY.s,cobra,26551110,H1,HOLD,HOLD,NONE,0,0.25307301224399276,0,,,,,,,,,,,,,,,,0.024,0.024,157.593,157.973,157.588,157.853,,,,,,,,157.83830846609172,157.59066666666666,0.005268571790909417,,,,,,none,True,,,,,,,,,,,,,,no_pattern_at_sr
2026-03-10T18:39:04.321139+00:00,EURUSD.s,cobra,26551110,H1,HOLD,HOLD,NONE,0,0.0021130488113722894,0,,,,,,,,,,,,,,,,0.0002,0.0002,1.16443,1.16451,1.16131,1.16283,,,,,,,,1.1610866915482785,1.16383,0.2839499006227379,,,,,,none,True,,,,,,,,,,,,,,no_pattern_at_sr
2026-03-10T18:39:04.322611+00:00,XAUUSD.s,cobra,26551110,H1,HOLD,HOLD,NONE,0,27.81309109758981,0,,,,,,,,,,,,,,,,0.34,0.34,5227.63,5227.91,5160.88,5195.76,,,,,,,,5154.501770513713,5233.585,0.21554598081043203,,,,,,none,True,,,,,,,,,,,,,,no_pattern_at_sr
2026-03-10T18:39:04.323886+00:00,USOUSD.s,cobra,26551110,H1,HOLD,HOLD,NONE,0,4.06764920056916,0,,,,,,,,,,,,,,,,0.079,0.079,80.209,86.618,79.644,84.144,,,,,,,,89.75857534429454,81.23,0.2524799827517819,,,,,,none,True,,,,,,,,,,,,,,no_pattern_at_sr
2026-03-10T18:40:04.651556+00:00,BTCUSD,cobra,26551110,H1,HOLD,HOLD,NONE,0,792.7807646988792,0,,,,,,,,,,,,,,,,17.11,17.11,70858.55,70904.37,70089.31,70102.25,,,,,,,,69281.00752408268,70464.87,0.49644241828886465,,,,,,none,True,,,,,,,,,,,,,,no_pattern_at_sr
2026-03-10T18:40:04.653029+00:00,USDJPY.s,cobra,26551110,H1,HOLD,HOLD,NONE,0,0.25307301224399276,0,,,,,,,,,,,,,,,,0.025,0.025,157.593,157.973,157.588,157.872,,,,,,,,157.83830846609172,157.59066666666666,0.005268571790909417,,,,,,none,True,,,,,,,,,,,,,,no_pattern_at_sr
2026-03-10T18:40:04.654536+00:00,EURUSD.s,cobra,26551110,H1,HOLD,HOLD,NONE,0,0.0021130488113722894,0,,,,,,,,,,,,,,,,0.00018,0.00018,1.16443,1.16451,1.16131,1.16272,,,,,,,,1.1610866915482785,1.16383,0.2839499006227379,,,,,,none,True,,,,,,,,,,,,,,no_pattern_at_sr
2026-03-10T18:40:04.656359+00:00,XAUUSD.s,cobra,26551110,H1,HOLD,HOLD,NONE,0,27.81309109758981,0,,,,,,,,,,,,,,,,0.37,0.37,5227.63,5227.91,5160.88,5191.36,,,,,,,,5154.501770513713,5233.585,0.21554598081043203,,,,,,none,True,,,,,,,,,,,,,,no_pattern_at_sr
2026-03-10T18:40:04.657785+00:00,USOUSD.s,cobra,26551110,H1,HOLD,HOLD,NONE,0,4.06764920056916,0,,,,,,,,,,,,,,,,0.099,0.099,80.209,86.618,79.644,84.164,,,,,,,,89.75857534429454,81.23,0.2524799827517819,,,,,,none,True,,,,,,,,,,,,,,no_pattern_at_sr
2026-03-10T18:41:05.019242+00:00,BTCUSD,cobra,26551110,H1,HOLD,HOLD,NONE,0,794.4257646988792,0,,,,,,,,,,,,,,,,17.06,17.06,70858.55,70904.37,70066.28,70066.28,,,,,,,,69281.00752408268,70464.87,0.4954144458660484,,,,,,none,True,,,,,,,,,,,,,,no_pattern_at_sr
2026-03-10T18:41:05.021207+00:00,USDJPY.s,cobra,26551110,H1,HOLD,HOLD,NONE,0,0.25307301224399276,0,,,,,,,,,,,,,,,,0.033,0.033,157.593,157.973,157.588,157.89,,,,,,,,157.83830846609172,157.59066666666666,0.005268571790909417,,,,,,none,True,,,,,,,,,,,,,,no_pattern_at_sr
2026-03-10T18:41:05.023162+00:00,EURUSD.s,cobra,26551110,H1,HOLD,HOLD,NONE,0,0.0021130488113722894,0,,,,,,,,,,,,,,,,0.00019,0.00019,1.16443,1.16451,1.16131,1.16255,,,,,,,,1.1610866915482785,1.16383,0.2839499006227379,,,,,,none,True,,,,,,,,,,,,,,no_pattern_at_sr
2026-03-10T18:41:05.024772+00:00,XAUUSD.s,cobra,26551110,H1,HOLD,HOLD,NONE,0,27.81309109758981,0,,,,,,,,,,,,,,,,0.32,0.32,5227.63,5227.91,5160.88,5193.98,,,,,,,,5154.501770513713,5233.585,0.21554598081043203,,,,,,none,True,,,,,,,,,,,,,,no_pattern_at_sr
2026-03-10T18:41:05.026378+00:00,USOUSD.s,cobra,26551110,H1,HOLD,HOLD,NONE,0,4.06764920056916,0,,,,,,,,,,,,,,,,0.099,0.099,80.209,86.618,79.644,84.324,,,,,,,,89.75857534429454,81.23,0.2524799827517819,,,,,,none,True,,,,,,,,,,,,,,no_pattern_at_sr
2026-03-10T18:42:05.420117+00:00,BTCUSD,cobra,26551110,H1,HOLD,HOLD,NONE,0,798.9536218417363,0,,,,,,,,,,,,,,,,17.11,17.11,70858.55,70904.37,70002.89,70042.11,,,,,,,,69281.00752408268,70464.87,0.49260681626645003,,,,,,none,True,,,,,,,,,,,,,,no_pattern_at_sr
2026-03-10T18:42:05.421420+00:00,USDJPY.s,cobra,26551110,H1,HOLD,HOLD,NONE,0,0.25307301224399276,0,,,,,,,,,,,,,,,,0.024,0.024,157.593,157.973,157.588,157.882,,,,,,,,157.83830846609172,157.59066666666666,0.005268571790909417,,,,,,none,True,,,,,,,,,,,,,,no_pattern_at_sr
2026-03-10T18:42:05.422748+00:00,EURUSD.s,cobra,26551110,H1,HOLD,HOLD,NONE,0,0.0021130488113722894,0,,,,,,,,,,,,,,,,0.00019,0.00019,1.16443,1.16451,1.16131,1.16258,,,,,,,,1.1610866915482785,1.16383,0.2839499006227379,,,,,,none,True,,,,,,,,,,,,,,no_pattern_at_sr
2026-03-10T18:42:05.424309+00:00,XAUUSD.s,cobra,26551110,H1,HOLD,HOLD,NONE,0,27.81309109758981,0,,,,,,,,,,,,,,,,0.37,0.37,5227.63,5227.91,5160.88,5192.61,,,,,,,,5154.501770513713,5233.585,0.21554598081043203,,,,,,none,True,,,,,,,,,,,,,,no_pattern_at_sr
2026-03-10T18:42:05.425993+00:00,USOUSD.s,cobra,26551110,H1,HOLD,HOLD,NONE,0,4.06764920056916,0,,,,,,,,,,,,,,,,0.079,0.079,80.209,86.618,79.644,84.474,,,,,,,,89.75857534429454,81.23,0.2524799827517819,,,,,,none,True,,,,,,,,,,,,,,no_pattern_at_sr
2026-03-10T18:43:05.779680+00:00,BTCUSD,cobra,26551110,H1,HOLD,HOLD,NONE,0,798.9536218417363,0,,,,,,,,,,,,,,,,17.11,17.11,70858.55,70904.37,70002.89,70081.62,,,,,,,,69281.00752408268,70464.87,0.49260681626645003,,,,,,none,True,,,,,,,,,,,,,,no_pattern_at_sr
2026-03-10T18:43:05.781739+00:00,USDJPY.s,cobra,26551110,H1,HOLD,HOLD,NONE,0,0.25307301224399276,0,,,,,,,,,,,,,,,,0.023,0.023,157.593,157.973,157.588,157.889,,,,,,,,157.83830846609172,157.59066666666666,0.005268571790909417,,,,,,none,True,,,,,,,,,,,,,,no_pattern_at_sr
2026-03-10T18:43:05.783246+00:00,EURUSD.s,cobra,26551110,H1,HOLD,HOLD,NONE,0,0.0021130488113722894,0,,,,,,,,,,,,,,,,0.00019,0.00019,1.16443,1.16451,1.16131,1.16266,,,,,,,,1.1610866915482785,1.16383,0.2839499006227379,,,,,,none,True,,,,,,,,,,,,,,no_pattern_at_sr
2026-03-10T18:43:05.784659+00:00,XAUUSD.s,cobra,26551110,H1,HOLD,HOLD,NONE,0,27.81309109758981,0,,,,,,,,,,,,,,,,0.33,0.33,5227.63,5227.91,5160.88,5194.0,,,,,,,,5154.501770513713,5233.585,0.21554598081043203,,,,,,none,True,,,,,,,,,,,,,,no_pattern_at_sr
2026-03-10T18:43:05.786077+00:00,USOUSD.s,cobra,26551110,H1,HOLD,HOLD,NONE,0,4.06764920056916,0,,,,,,,,,,,,,,,,0.079,0.079,80.209,86.618,79.644,83.978,,,,,,,,89.75857534429454,81.23,0.2524799827517819,,,,,,none,True,,,,,,,,,,,,,,no_pattern_at_sr
2026-03-10T18:44:06.169907+00:00,BTCUSD,cobra,26551110,H1,HOLD,HOLD,NONE,0,800.9064789845932,0,,,,,,,,,,,,,,,,17.03,17.03,70858.55,70904.37,69975.55,69976.7,,,,,,,,69281.00752408268,70464.87,0.4914056888377076,,,,,,none,True,,,,,,,,,,,,,,no_pattern_at_sr
2026-03-10T18:44:06.171225+00:00,USDJPY.s,cobra,26551110,H1,HOLD,HOLD,NONE,0,0.25307301224399276,0,,,,,,,,,,,,,,,,0.024,0.024,157.593,157.973,157.588,157.899,,,,,,,,157.83830846609172,157.59066666666666,0.005268571790909417,,,,,,none,True,,,,,,,,,,,,,,no_pattern_at_sr
2026-03-10T18:44:06.172625+00:00,EURUSD.s,cobra,26551110,H1,HOLD,HOLD,NONE,0,0.0021130488113722894,0,,,,,,,,,,,,,,,,0.00019,0.00019,1.16443,1.16451,1.16131,1.16263,,,,,,,,1.1610866915482785,1.16383,0.2839499006227379,,,,,,none,True,,,,,,,,,,,,,,no_pattern_at_sr
2026-03-10T18:44:06.174105+00:00,XAUUSD.s,cobra,26551110,H1,HOLD,HOLD,NONE,0,27.81309109758981,0,,,,,,,,,,,,,,,,0.31,0.31,5227.63,5227.91,5160.88,5197.0,,,,,,,,5154.501770513713,5233.585,0.21554598081043203,,,,,,none,True,,,,,,,,,,,,,,no_pattern_at_sr
2026-03-10T18:44:06.175418+00:00,USOUSD.s,cobra,26551110,H1,HOLD,HOLD,NONE,0,4.06764920056916,0,,,,,,,,,,,,,,,,0.079,0.079,80.209,86.618,79.644,84.144,,,,,,,,89.75857534429454,81.23,0.2524799827517819,,,,,,none,True,,,,,,,,,,,,,,no_pattern_at_sr
2026-03-10T18:45:06.515597+00:00,BTCUSD,cobra,26551110,H1,HOLD,HOLD,NONE,0,805.5586218417363,0,,,,,,,,,,,,,,,,16.98,16.98,70858.55,70904.37,69910.42,69987.8,,,,,,,,69281.00752408268,70464.87,0.4885677954761305,,,,,,none,True,,,,,,,,,,,,,,no_pattern_at_sr
2026-03-10T18:45:06.517133+00:00,USDJPY.s,cobra,26551110,H1,HOLD,HOLD,NONE,0,0.25307301224399276,0,,,,,,,,,,,,,,,,0.024,0.024,157.593,157.973,157.588,157.924,,,,,,,,157.83830846609172,157.59066666666666,0.005268571790909417,,,,,,none,True,,,,,,,,,,,,,,no_pattern_at_sr
2026-03-10T18:45:06.518412+00:00,EURUSD.s,cobra,26551110,H1,HOLD,HOLD,NONE,0,0.0021130488113722894,0,,,,,,,,,,,,,,,,0.00019,0.00019,1.16443,1.16451,1.16131,1.16244,,,,,,,,1.1610866915482785,1.16383,0.2839499006227379,,,,,,none,True,,,,,,,,,,,,,,no_pattern_at_sr
2026-03-10T18:45:06.520719+00:00,XAUUSD.s,cobra,26551110,H1,HOLD,HOLD,NONE,0,27.81309109758981,0,,,,,,,,,,,,,,,,0.33,0.33,5227.63,5227.91,5160.88,5194.03,,,,,,,,5154.501770513713,5233.585,0.21554598081043203,,,,,,none,True,,,,,,,,,,,,,,no_pattern_at_sr
2026-03-10T18:45:06.522363+00:00,USOUSD.s,cobra,26551110,H1,HOLD,HOLD,NONE,0,4.06764920056916,0,,,,,,,,,,,,,,,,0.079,0.079,80.209,86.618,79.644,84.499,,,,,,,,89.75857534429454,81.23,0.2524799827517819,,,,,,none,True,,,,,,,,,,,,,,no_pattern_at_sr
2026-03-10T18:46:06.998339+00:00,BTCUSD,cobra,26551110,H1,HOLD,HOLD,NONE,0,805.5586218417363,0,,,,,,,,,,,,,,,,17.01,17.01,70858.55,70904.37,69910.42,69991.12,,,,,,,,69281.00752408268,70464.87,0.4885677954761305,,,,,,none,True,,,,,,,,,,,,,,no_pattern_at_sr
2026-03-10T18:46:06.999642+00:00,USDJPY.s,cobra,26551110,H1,HOLD,HOLD,NONE,0,0.25307301224399276,0,,,,,,,,,,,,,,,,0.023,0.023,157.593,157.973,157.588,157.927,,,,,,,,157.83830846609172,157.59066666666666,0.005268571790909417,,,,,,none,True,,,,,,,,,,,,,,no_pattern_at_sr
2026-03-10T18:46:07.001004+00:00,EURUSD.s,cobra,26551110,H1,HOLD,HOLD,NONE,0,0.0021130488113722894,0,,,,,,,,,,,,,,,,0.0002,0.0002,1.16443,1.16451,1.16131,1.16235,,,,,,,,1.1610866915482785,1.16383,0.2839499006227379,,,,,,none,True,,,,,,,,,,,,,,no_pattern_at_sr
2026-03-10T18:46:07.002424+00:00,XAUUSD.s,cobra,26551110,H1,HOLD,HOLD,NONE,0,27.81309109758981,0,,,,,,,,,,,,,,,,0.32,0.32,5227.63,5227.91,5160.88,5196.2,,,,,,,,5154.501770513713,5233.585,0.21554598081043203,,,,,,none,True,,,,,,,,,,,,,,no_pattern_at_sr
2026-03-10T18:46:07.003683+00:00,USOUSD.s,cobra,26551110,H1,HOLD,HOLD,NONE,0,4.06764920056916,0,,,,,,,,,,,,,,,,0.079,0.079,80.209,86.618,79.644,84.709,,,,,,,,89.75857534429454,81.23,0.2524799827517819,,,,,,none,True,,,,,,,,,,,,,,no_pattern_at_sr
2026-03-10T18:47:07.325300+00:00,BTCUSD,cobra,26551110,H1,HOLD,HOLD,NONE,0,805.5586218417363,0,,,,,,,,,,,,,,,,16.94,16.94,70858.55,70904.37,69910.42,70075.13,,,,,,,,69281.00752408268,70464.87,0.4885677954761305,,,,,,none,True,,,,,,,,,,,,,,no_pattern_at_sr
2026-03-10T18:47:07.326775+00:00,USDJPY.s,cobra,26551110,H1,HOLD,HOLD,NONE,0,0.25307301224399276,0,,,,,,,,,,,,,,,,0.024,0.024,157.593,157.973,157.588,157.876,,,,,,,,157.83830846609172,157.59066666666666,0.005268571790909417,,,,,,none,True,,,,,,,,,,,,,,no_pattern_at_sr
2026-03-10T18:47:07.328077+00:00,EURUSD.s,cobra,26551110,H1,HOLD,HOLD,NONE,0,0.0021130488113722894,0,,,,,,,,,,,,,,,,0.00018,0.00018,1.16443,1.16451,1.16131,1.16296,,,,,,,,1.1610866915482785,1.16383,0.2839499006227379,,,,,,none,True,,,,,,,,,,,,,,no_pattern_at_sr
2026-03-10T18:47:07.329457+00:00,XAUUSD.s,cobra,26551110,H1,HOLD,HOLD,NONE,0,27.81309109758981,0,,,,,,,,,,,,,,,,0.36,0.36,5227.63,5227.91,5160.88,5204.72,,,,,,,,5154.501770513713,5233.585,0.21554598081043203,,,,,,none,True,,,,,,,,,,,,,,no_pattern_at_sr
2026-03-10T18:47:07.330735+00:00,USOUSD.s,cobra,26551110,H1,HOLD,HOLD,NONE,0,4.06764920056916,0,,,,,,,,,,,,,,,,0.079,0.079,80.209,86.618,79.644,84.399,,,,,,,,89.75857534429454,81.23,0.2524799827517819,,,,,,none,True,,,,,,,,,,,,,,no_pattern_at_sr
2026-03-10T18:48:07.833894+00:00,BTCUSD,cobra,26551110,H1,HOLD,HOLD,NONE,0,805.5586218417363,0,,,,,,,,,,,,,,,,17.05,17.05,70858.55,70904.37,69910.42,70133.67,,,,,,,,69281.00752408268,70464.87,0.4885677954761305,,,,,,none,True,,,,,,,,,,,,,,no_pattern_at_sr
2026-03-10T18:48:07.835241+00:00,USDJPY.s,cobra,26551110,H1,HOLD,HOLD,NONE,0,0.25307301224399276,0,,,,,,,,,,,,,,,,0.023,0.023,157.593,157.973,157.588,157.845,,,,,,,,157.83830846609172,157.59066666666666,0.005268571790909417,,,,,,none,True,,,,,,,,,,,,,,no_pattern_at_sr
2026-03-10T18:48:07.836720+00:00,EURUSD.s,cobra,26551110,H1,HOLD,HOLD,NONE,0,0.0021130488113722894,0,,,,,,,,,,,,,,,,0.00018,0.00018,1.16443,1.16451,1.16131,1.16306,,,,,,,,1.1610866915482785,1.16383,0.2839499006227379,,,,,,none,True,,,,,,,,,,,,,,no_pattern_at_sr
2026-03-10T18:48:07.839068+00:00,XAUUSD.s,cobra,26551110,H1,HOLD,HOLD,NONE,0,27.81309109758981,0,,,,,,,,,,,,,,,,0.34,0.34,5227.63,5227.91,5160.88,5204.43,,,,,,,,5154.501770513713,5233.585,0.21554598081043203,,,,,,none,True,,,,,,,,,,,,,,no_pattern_at_sr
2026-03-10T18:48:07.840653+00:00,USOUSD.s,cobra,26551110,H1,HOLD,HOLD,NONE,0,4.06764920056916,0,,,,,,,,,,,,,,,,0.079,0.079,80.209,86.618,79.644,84.489,,,,,,,,89.75857534429454,81.23,0.2524799827517819,,,,,,none,True,,,,,,,,,,,,,,no_pattern_at_sr
2026-03-10T18:49:08.190272+00:00,BTCUSD,cobra,26551110,H1,HOLD,HOLD,NONE,0,805.5586218417363,0,,,,,,,,,,,,,,,,16.94,16.94,70858.55,70904.37,69910.42,70123.33,,,,,,,,69281.00752408268,70464.87,0.4885677954761305,,,,,,none,True,,,,,,,,,,,,,,no_pattern_at_sr
2026-03-10T18:49:08.191725+00:00,USDJPY.s,cobra,26551110,H1,HOLD,HOLD,NONE,0,0.25307301224399276,0,,,,,,,,,,,,,,,,0.023,0.023,157.593,157.973,157.588,157.836,,,,,,,,157.83830846609172,157.59066666666666,0.005268571790909417,,,,,,none,True,,,,,,,,,,,,,,no_pattern_at_sr
2026-03-10T18:49:08.193249+00:00,EURUSD.s,cobra,26551110,H1,HOLD,HOLD,NONE,0,0.0021130488113722894,0,,,,,,,,,,,,,,,,0.0002,0.0002,1.16443,1.16451,1.16131,1.16306,,,,,,,,1.1610866915482785,1.16383,0.2839499006227379,,,,,,none,True,,,,,,,,,,,,,,no_pattern_at_sr
2026-03-10T18:49:08.194560+00:00,XAUUSD.s,cobra,26551110,H1,HOLD,HOLD,NONE,0,27.81309109758981,0,,,,,,,,,,,,,,,,0.33,0.33,5227.63,5227.91,5160.88,5202.67,,,,,,,,5154.501770513713,5233.585,0.21554598081043203,,,,,,none,True,,,,,,,,,,,,,,no_pattern_at_sr
2026-03-10T18:49:08.195820+00:00,USOUSD.s,cobra,26551110,H1,HOLD,HOLD,NONE,0,4.06764920056916,0,,,,,,,,,,,,,,,,0.079,0.079,80.209,86.618,79.644,84.219,,,,,,,,89.75857534429454,81.23,0.2524799827517819,,,,,,none,True,,,,,,,,,,,,,,no_pattern_at_sr
2026-03-10T18:50:08.514141+00:00,BTCUSD,cobra,26551110,H1,HOLD,HOLD,NONE,0,805.5586218417363,0,,,,,,,,,,,,,,,,16.96,16.96,70858.55,70904.37,69910.42,70181.69,,,,,,,,69281.00752408268,70464.87,0.4885677954761305,,,,,,none,True,,,,,,,,,,,,,,no_pattern_at_sr
2026-03-10T18:50:08.515595+00:00,USDJPY.s,cobra,26551110,H1,HOLD,HOLD,NONE,0,0.25307301224399276,0,,,,,,,,,,,,,,,,0.025,0.025,157.593,157.973,157.588,157.83,,,,,,,,157.83830846609172,157.59066666666666,0.005268571790909417,,,,,,none,True,,,,,,,,,,,,,,no_pattern_at_sr
2026-03-10T18:50:08.516907+00:00,EURUSD.s,cobra,26551110,H1,HOLD,HOLD,NONE,0,0.0021130488113722894,0,,,,,,,,,,,,,,,,0.00019,0.00019,1.16443,1.16451,1.16131,1.16297,,,,,,,,1.1610866915482785,1.16383,0.2839499006227379,,,,,,none,True,,,,,,,,,,,,,,no_pattern_at_sr
2026-03-10T18:50:08.518300+00:00,XAUUSD.s,cobra,26551110,H1,HOLD,HOLD,NONE,0,27.81309109758981,0,,,,,,,,,,,,,,,,0.33,0.33,5227.63,5227.91,5160.88,5200.23,,,,,,,,5154.501770513713,5233.585,0.21554598081043203,,,,,,none,True,,,,,,,,,,,,,,no_pattern_at_sr
2026-03-10T18:50:08.519551+00:00,USOUSD.s,cobra,26551110,H1,HOLD,HOLD,NONE,0,4.06764920056916,0,,,,,,,,,,,,,,,,0.079,0.079,80.209,86.618,79.644,84.359,,,,,,,,89.75857534429454,81.23,0.2524799827517819,,,,,,none,True,,,,,,,,,,,,,,no_pattern_at_sr
2026-03-10T18:51:08.845924+00:00,BTCUSD,cobra,26551110,H1,HOLD,HOLD,NONE,0,805.5586218417363,0,,,,,,,,,,,,,,,,17.11,17.11,70858.55,70904.37,69910.42,70206.93,,,,,,,,69281.00752408268,70464.87,0.4885677954761305,,,,,,none,True,,,,,,,,,,,,,,no_pattern_at_sr
2026-03-10T18:51:08.848160+00:00,USDJPY.s,cobra,26551110,H1,HOLD,HOLD,NONE,0,0.25307301224399276,0,,,,,,,,,,,,,,,,0.023,0.023,157.593,157.973,157.588,157.802,,,,,,,,157.83830846609172,157.59066666666666,0.005268571790909417,,,,,,none,True,,,,,,,,,,,,,,no_pattern_at_sr
2026-03-10T18:51:08.851389+00:00,EURUSD.s,cobra,26551110,H1,HOLD,HOLD,NONE,0,0.0021130488113722894,0,,,,,,,,,,,,,,,,0.00018,0.00018,1.16443,1.16451,1.16131,1.1632,,,,,,,,1.1610866915482785,1.16383,0.2839499006227379,,,,,,none,True,,,,,,,,,,,,,,no_pattern_at_sr
2026-03-10T18:51:08.855417+00:00,XAUUSD.s,cobra,26551110,H1,HOLD,HOLD,NONE,0,27.81309109758981,0,,,,,,,,,,,,,,,,0.33,0.33,5227.63,5227.91,5160.88,5203.66,,,,,,,,5154.501770513713,5233.585,0.21554598081043203,,,,,,none,True,,,,,,,,,,,,,,no_pattern_at_sr
2026-03-10T18:51:08.857453+00:00,USOUSD.s,cobra,26551110,H1,HOLD,HOLD,NONE,0,4.06764920056916,0,,,,,,,,,,,,,,,,0.079,0.079,80.209,86.618,79.644,83.804,,,,,,,,89.75857534429454,81.23,0.2524799827517819,,,,,,none,True,,,,,,,,,,,,,,no_pattern_at_sr
2026-03-10T18:52:09.194313+00:00,BTCUSD,cobra,26551110,H1,HOLD,HOLD,NONE,0,805.5586218417363,0,,,,,,,,,,,,,,,,17.02,17.02,70858.55,70904.37,69910.42,70074.6,,,,,,,,69281.00752408268,70464.87,0.4885677954761305,,,,,,none,True,,,,,,,,,,,,,,no_pattern_at_sr
2026-03-10T18:52:09.195721+00:00,USDJPY.s,cobra,26551110,H1,HOLD,HOLD,NONE,0,0.25307301224399276,0,,,,,,,,,,,,,,,,0.024,0.024,157.593,157.973,157.588,157.826,,,,,,,,157.83830846609172,157.59066666666666,0.005268571790909417,,,,,,none,True,,,,,,,,,,,,,,no_pattern_at_sr
2026-03-10T18:52:09.197032+00:00,EURUSD.s,cobra,26551110,H1,HOLD,HOLD,NONE,0,0.0021130488113722894,0,,,,,,,,,,,,,,,,0.00019,0.00019,1.16443,1.16451,1.16131,1.16296,,,,,,,,1.1610866915482785,1.16383,0.2839499006227379,,,,,,none,True,,,,,,,,,,,,,,no_pattern_at_sr
2026-03-10T18:52:09.198524+00:00,XAUUSD.s,cobra,26551110,H1,HOLD,HOLD,NONE,0,27.81309109758981,0,,,,,,,,,,,,,,,,0.31,0.31,5227.63,5227.91,5160.88,5202.53,,,,,,,,5154.501770513713,5233.585,0.21554598081043203,,,,,,none,True,,,,,,,,,,,,,,no_pattern_at_sr
2026-03-10T18:52:09.200094+00:00,USOUSD.s,cobra,26551110,H1,HOLD,HOLD,NONE,0,4.06764920056916,0,,,,,,,,,,,,,,,,0.079,0.079,80.209,86.618,79.644,83.838,,,,,,,,89.75857534429454,81.23,0.2524799827517819,,,,,,none,True,,,,,,,,,,,,,,no_pattern_at_sr
2026-03-10T18:53:09.541303+00:00,BTCUSD,cobra,26551110,H1,HOLD,HOLD,NONE,0,805.5586218417363,0,,,,,,,,,,,,,,,,16.96,16.96,70858.55,70904.37,69910.42,70047.22,,,,,,,,69281.00752408268,70464.87,0.4885677954761305,,,,,,none,True,,,,,,,,,,,,,,no_pattern_at_sr
2026-03-10T18:53:09.542593+00:00,USDJPY.s,cobra,26551110,H1,HOLD,HOLD,NONE,0,0.25307301224399276,0,,,,,,,,,,,,,,,,0.024,0.024,157.593,157.973,157.588,157.835,,,,,,,,157.83830846609172,157.59066666666666,0.005268571790909417,,,,,,none,True,,,,,,,,,,,,,,no_pattern_at_sr
2026-03-10T18:53:09.543888+00:00,EURUSD.s,cobra,26551110,H1,HOLD,HOLD,NONE,0,0.0021130488113722894,0,,,,,,,,,,,,,,,,0.00018,0.00018,1.16443,1.16451,1.16131,1.16279,,,,,,,,1.1610866915482785,1.16383,0.2839499006227379,,,,,,none,True,,,,,,,,,,,,,,no_pattern_at_sr
2026-03-10T18:53:09.545413+00:00,XAUUSD.s,cobra,26551110,H1,HOLD,HOLD,NONE,0,27.81309109758981,0,,,,,,,,,,,,,,,,0.3,0.3,5227.63,5227.91,5160.88,5201.43,,,,,,,,5154.501770513713,5233.585,0.21554598081043203,,,,,,none,True,,,,,,,,,,,,,,no_pattern_at_sr
2026-03-10T18:53:09.546689+00:00,USOUSD.s,cobra,26551110,H1,HOLD,HOLD,NONE,0,4.06764920056916,0,,,,,,,,,,,,,,,,0.079,0.079,80.209,86.618,79.644,84.024,,,,,,,,89.75857534429454,81.23,0.2524799827517819,,,,,,none,True,,,,,,,,,,,,,,no_pattern_at_sr
2026-03-10T18:54:09.920867+00:00,BTCUSD,cobra,26551110,H1,HOLD,HOLD,NONE,0,805.5586218417363,0,,,,,,,,,,,,,,,,17.07,17.07,70858.55,70904.37,69910.42,70000.4,,,,,,,,69281.00752408268,70464.87,0.4885677954761305,,,,,,none,True,,,,,,,,,,,,,,no_pattern_at_sr
2026-03-10T18:54:09.922258+00:00,USDJPY.s,cobra,26551110,H1,HOLD,HOLD,NONE,0,0.25307301224399276,0,,,,,,,,,,,,,,,,0.023,0.023,157.593,157.973,157.588,157.849,,,,,,,,157.83830846609172,157.59066666666666,0.005268571790909417,,,,,,none,True,,,,,,,,,,,,,,no_pattern_at_sr
2026-03-10T18:54:09.923890+00:00,EURUSD.s,cobra,26551110,H1,HOLD,HOLD,NONE,0,0.0021130488113722894,0,,,,,,,,,,,,,,,,0.00018,0.00018,1.16443,1.16451,1.16131,1.16263,,,,,,,,1.1610866915482785,1.16383,0.2839499006227379,,,,,,none,True,,,,,,,,,,,,,,no_pattern_at_sr
2026-03-10T18:54:09.925511+00:00,XAUUSD.s,cobra,26551110,H1,HOLD,HOLD,NONE,0,27.81309109758981,0,,,,,,,,,,,,,,,,0.34,0.34,5227.63,5227.91,5160.88,5199.77,,,,,,,,5154.501770513713,5233.585,0.21554598081043203,,,,,,none,True,,,,,,,,,,,,,,no_pattern_at_sr
2026-03-10T18:54:09.926951+00:00,USOUSD.s,cobra,26551110,H1,HOLD,HOLD,NONE,0,4.06764920056916,0,,,,,,,,,,,,,,,,0.079,0.079,80.209,86.618,79.644,84.478,,,,,,,,89.75857534429454,81.23,0.2524799827517819,,,,,,none,True,,,,,,,,,,,,,,no_pattern_at_sr
2026-03-10T18:55:10.415025+00:00,BTCUSD,cobra,26551110,H1,HOLD,HOLD,NONE,0,805.5586218417363,0,,,,,,,,,,,,,,,,17.11,17.11,70858.55,70904.37,69910.42,70020.71,,,,,,,,69281.00752408268,70464.87,0.4885677954761305,,,,,,none,True,,,,,,,,,,,,,,no_pattern_at_sr
2026-03-10T18:55:10.416320+00:00,USDJPY.s,cobra,26551110,H1,HOLD,HOLD,NONE,0,0.25307301224399276,0,,,,,,,,,,,,,,,,0.024,0.024,157.593,157.973,157.588,157.839,,,,,,,,157.83830846609172,157.59066666666666,0.005268571790909417,,,,,,none,True,,,,,,,,,,,,,,no_pattern_at_sr
2026-03-10T18:55:10.417590+00:00,EURUSD.s,cobra,26551110,H1,HOLD,HOLD,NONE,0,0.0021130488113722894,0,,,,,,,,,,,,,,,,0.00019,0.00019,1.16443,1.16451,1.16131,1.16269,,,,,,,,1.1610866915482785,1.16383,0.2839499006227379,,,,,,none,True,,,,,,,,,,,,,,no_pattern_at_sr
2026-03-10T18:55:10.419112+00:00,XAUUSD.s,cobra,26551110,H1,HOLD,HOLD,NONE,0,27.81309109758981,0,,,,,,,,,,,,,,,,0.31,0.31,5227.63,5227.91,5160.88,5201.74,,,,,,,,5154.501770513713,5233.585,0.21554598081043203,,,,,,none,True,,,,,,,,,,,,,,no_pattern_at_sr
2026-03-10T18:55:10.420391+00:00,USOUSD.s,cobra,26551110,H1,HOLD,HOLD,NONE,0,4.06764920056916,0,,,,,,,,,,,,,,,,0.079,0.079,80.209,86.618,79.644,84.404,,,,,,,,89.75857534429454,81.23,0.2524799827517819,,,,,,none,True,,,,,,,,,,,,,,no_pattern_at_sr
2026-03-10T18:56:10.745646+00:00,BTCUSD,cobra,26551110,H1,HOLD,HOLD,NONE,0,807.5671932703075,0,,,,,,,,,,,,,,,,17.11,17.11,70858.55,70904.37,69882.3,69894.6,,,,,,,,69281.00752408268,70464.87,0.48735263552028907,,,,,,none,True,,,,,,,,,,,,,,no_pattern_at_sr
2026-03-10T18:56:10.747163+00:00,USDJPY.s,cobra,26551110,H1,HOLD,HOLD,NONE,0,0.25307301224399276,0,,,,,,,,,,,,,,,,0.025,0.025,157.593,157.973,157.588,157.844,,,,,,,,157.83830846609172,157.59066666666666,0.005268571790909417,,,,,,none,True,,,,,,,,,,,,,,no_pattern_at_sr
2026-03-10T18:56:10.748722+00:00,EURUSD.s,cobra,26551110,H1,HOLD,HOLD,NONE,0,0.0021130488113722894,0,,,,,,,,,,,,,,,,0.00018,0.00018,1.16443,1.16451,1.16131,1.16253,,,,,,,,1.1610866915482785,1.16383,0.2839499006227379,,,,,,none,True,,,,,,,,,,,,,,no_pattern_at_sr
2026-03-10T18:56:10.750157+00:00,XAUUSD.s,cobra,26551110,H1,HOLD,HOLD,NONE,0,27.81309109758981,0,,,,,,,,,,,,,,,,0.32,0.32,5227.63,5227.91,5160.88,5200.25,,,,,,,,5154.501770513713,5233.585,0.21554598081043203,,,,,,none,True,,,,,,,,,,,,,,no_pattern_at_sr
2026-03-10T18:56:10.751666+00:00,USOUSD.s,cobra,26551110,H1,HOLD,HOLD,NONE,0,4.06764920056916,0,,,,,,,,,,,,,,,,0.099,0.099,80.209,86.618,79.644,84.374,,,,,,,,89.75857534429454,81.23,0.2524799827517819,,,,,,none,True,,,,,,,,,,,,,,no_pattern_at_sr
2026-03-10T18:57:11.104165+00:00,BTCUSD,cobra,26551110,H1,HOLD,HOLD,NONE,0,807.5671932703075,0,,,,,,,,,,,,,,,,17.09,17.09,70858.55,70904.37,69882.3,69944.6,,,,,,,,69281.00752408268,70464.87,0.48735263552028907,,,,,,none,True,,,,,,,,,,,,,,no_pattern_at_sr
2026-03-10T18:57:11.105645+00:00,USDJPY.s,cobra,26551110,H1,HOLD,HOLD,NONE,0,0.25307301224399276,0,,,,,,,,,,,,,,,,0.023,0.023,157.593,157.973,157.588,157.825,,,,,,,,157.83830846609172,157.59066666666666,0.005268571790909417,,,,,,none,True,,,,,,,,,,,,,,no_pattern_at_sr
2026-03-10T18:57:11.107124+00:00,EURUSD.s,cobra,26551110,H1,HOLD,HOLD,NONE,0,0.0021130488113722894,0,,,,,,,,,,,,,,,,0.00018,0.00018,1.16443,1.16451,1.16131,1.16267,,,,,,,,1.1610866915482785,1.16383,0.2839499006227379,,,,,,none,True,,,,,,,,,,,,,,no_pattern_at_sr
2026-03-10T18:57:11.108445+00:00,XAUUSD.s,cobra,26551110,H1,HOLD,HOLD,NONE,0,27.81309109758981,0,,,,,,,,,,,,,,,,0.32,0.32,5227.63,5227.91,5160.88,5197.91,,,,,,,,5154.501770513713,5233.585,0.21554598081043203,,,,,,none,True,,,,,,,,,,,,,,no_pattern_at_sr
2026-03-10T18:57:11.109716+00:00,USOUSD.s,cobra,26551110,H1,HOLD,HOLD,NONE,0,4.06764920056916,0,,,,,,,,,,,,,,,,0.079,0.079,80.209,86.618,79.644,84.379,,,,,,,,89.75857534429454,81.23,0.2524799827517819,,,,,,none,True,,,,,,,,,,,,,,no_pattern_at_sr
2026-03-10T18:58:11.451318+00:00,BTCUSD,cobra,26551110,H1,HOLD,HOLD,NONE,0,807.5671932703075,0,,,,,,,,,,,,,,,,17.1,17.1,70858.55,70904.37,69882.3,69931.11,,,,,,,,69281.00752408268,70464.87,0.48735263552028907,,,,,,none,True,,,,,,,,,,,,,,no_pattern_at_sr
2026-03-10T18:58:11.452636+00:00,USDJPY.s,cobra,26551110,H1,HOLD,HOLD,NONE,0,0.25307301224399276,0,,,,,,,,,,,,,,,,0.023,0.023,157.593,157.973,157.588,157.849,,,,,,,,157.83830846609172,157.59066666666666,0.005268571790909417,,,,,,none,True,,,,,,,,,,,,,,no_pattern_at_sr
2026-03-10T18:58:11.453931+00:00,EURUSD.s,cobra,26551110,H1,HOLD,HOLD,NONE,0,0.0021130488113722894,0,,,,,,,,,,,,,,,,0.00019,0.00019,1.16443,1.16451,1.16131,1.16248,,,,,,,,1.1610866915482785,1.16383,0.2839499006227379,,,,,,none,True,,,,,,,,,,,,,,no_pattern_at_sr
2026-03-10T18:58:11.455460+00:00,XAUUSD.s,cobra,26551110,H1,HOLD,HOLD,NONE,0,27.81309109758981,0,,,,,,,,,,,,,,,,0.32,0.32,5227.63,5227.91,5160.88,5195.93,,,,,,,,5154.501770513713,5233.585,0.21554598081043203,,,,,,none,True,,,,,,,,,,,,,,no_pattern_at_sr
2026-03-10T18:58:11.456741+00:00,USOUSD.s,cobra,26551110,H1,HOLD,HOLD,NONE,0,4.06764920056916,0,,,,,,,,,,,,,,,,0.099,0.099,80.209,86.618,79.644,84.439,,,,,,,,89.75857534429454,81.23,0.2524799827517819,,,,,,none,True,,,,,,,,,,,,,,no_pattern_at_sr
2026-03-10T18:59:11.874933+00:00,BTCUSD,cobra,26551110,H1,HOLD,HOLD,NONE,0,807.5671932703075,0,,,,,,,,,,,,,,,,17.07,17.07,70858.55,70904.37,69882.3,69995.23,,,,,,,,69281.00752408268,70464.87,0.48735263552028907,,,,,,none,True,,,,,,,,,,,,,,no_pattern_at_sr
2026-03-10T18:59:11.876357+00:00,USDJPY.s,cobra,26551110,H1,HOLD,HOLD,NONE,0,0.25307301224399276,0,,,,,,,,,,,,,,,,0.023,0.023,157.593,157.973,157.588,157.851,,,,,,,,157.83830846609172,157.59066666666666,0.005268571790909417,,,,,,none,True,,,,,,,,,,,,,,no_pattern_at_sr
2026-03-10T18:59:11.877654+00:00,EURUSD.s,cobra,26551110,H1,HOLD,HOLD,NONE,0,0.0021130488113722894,0,,,,,,,,,,,,,,,,0.0002,0.0002,1.16443,1.16451,1.16131,1.16246,,,,,,,,1.1610866915482785,1.16383,0.2839499006227379,,,,,,none,True,,,,,,,,,,,,,,no_pattern_at_sr
2026-03-10T18:59:11.879136+00:00,XAUUSD.s,cobra,26551110,H1,HOLD,HOLD,NONE,0,27.81309109758981,0,,,,,,,,,,,,,,,,0.31,0.31,5227.63,5227.91,5160.88,5192.76,,,,,,,,5154.501770513713,5233.585,0.21554598081043203,,,,,,none,True,,,,,,,,,,,,,,no_pattern_at_sr
2026-03-10T18:59:11.880436+00:00,USOUSD.s,cobra,26551110,H1,HOLD,HOLD,NONE,0,4.06764920056916,0,,,,,,,,,,,,,,,,0.079,0.079,80.209,86.618,79.644,84.159,,,,,,,,89.75857534429454,81.23,0.2524799827517819,,,,,,none,True,,,,,,,,,,,,,,no_pattern_at_sr
2026-03-10T19:00:12.206982+00:00,BTCUSD,cobra,26551110,H1,HOLD,HOLD,NONE,0,752.031009715605,0,,,,,,,,,,,,,,,,17.08,17.08,70003.49,70032.35,70002.29,70032.35,,,,,,,,69309.35548578478,69634.10666666667,0.4899044435317253,,,,,,none,True,,,,,,,,,,,,,,no_pattern_at_sr
2026-03-10T19:00:12.208338+00:00,USDJPY.s,cobra,26551110,H1,HOLD,HOLD,NONE,0,0.23571065445336117,0,,,,,,,,,,,,,,,,0.023,0.023,157.86,157.87,157.86,157.864,,,,,,,,157.839267889944,157.93585714285715,0.31333816041719964,,,,,,none,True,,,,,,,,,,,,,,no_pattern_at_sr
2026-03-10T19:00:12.209740+00:00,EURUSD.s,cobra,26551110,H1,HOLD,HOLD,NONE,0,0.001966402461749413,0,,,,,,,,,,,,,,,,0.00019,0.00019,1.16236,1.16236,1.1623,1.16235,,,,,,,,1.161136152836178,1.16262,0.13730658156305733,,,,,,none,True,,,,,,,,,,,,,,no_pattern_at_sr
2026-03-10T19:00:12.211114+00:00,XAUUSD.s,cobra,26551110,H1,HOLD,HOLD,NONE,0,26.118585281329686,0,,,,,,,,,,,,,,,,0.3,0.3,5191.64,5192.21,5188.12,5189.42,,,,,,,,5155.960121365093,5189.332,0.08836619499639659,,,,,,none,True,,,,,,,,,,,,,,no_pattern_at_sr
2026-03-10T19:00:12.212413+00:00,USOUSD.s,cobra,26551110,H1,HOLD,HOLD,NONE,0,3.781745727179667,0,,,,,,,,,,,,,,,,0.079,0.079,84.088,84.129,84.064,84.124,,,,,,,,89.53662109844866,85.904,0.4772927981453997,,,,,,none,True,,,,,,,,,,,,,,no_pattern_at_sr
2026-03-10T19:01:12.624358+00:00,BTCUSD,cobra,26551110,H1,HOLD,HOLD,NONE,0,755.5924382870327,0,,,,,,,,,,,,,,,,16.99,16.99,70003.49,70060.33,69980.41,70027.51,,,,,,,,69309.35548578478,69634.10666666667,0.4875953154964862,,,,,,none,True,,,,,,,,,,,,,,no_pattern_at_sr
2026-03-10T19:01:12.626687+00:00,USDJPY.s,cobra,26551110,H1,HOLD,HOLD,NONE,0,0.2371392258819313,0,,,,,,,,,,,,,,,,0.024,0.024,157.86,157.89,157.86,157.888,,,,,,,,157.839267889944,157.93585714285715,0.3114505522334924,,,,,,none,True,,,,,,,,,,,,,,no_pattern_at_sr
2026-03-10T19:01:12.628466+00:00,EURUSD.s,cobra,26551110,H1,HOLD,HOLD,NONE,0,0.0019821167474637063,0,,,,,,,,,,,,,,,,0.00018,0.00018,1.16236,1.16242,1.16214,1.16216,,,,,,,,1.161136152836178,1.16262,0.13621801054124655,,,,,,none,True,,,,,,,,,,,,,,no_pattern_at_sr
2026-03-10T19:01:12.630122+00:00,XAUUSD.s,cobra,26551110,H1,HOLD,HOLD,NONE,0,26.39215670990111,0,,,,,,,,,,,,,,,,0.32,0.32,5191.64,5192.21,5184.29,5189.1,,,,,,,,5155.960121365093,5189.332,0.08745022338906235,,,,,,none,True,,,,,,,,,,,,,,no_pattern_at_sr
2026-03-10T19:01:12.631755+00:00,USOUSD.s,cobra,26551110,H1,HOLD,HOLD,NONE,0,3.7891742986082377,0,,,,,,,,,,,,,,,,0.079,0.079,84.088,84.203,84.034,84.144,,,,,,,,89.53662109844866,85.904,0.47635707881344186,,,,,,none,True,,,,,,,,,,,,,,no_pattern_at_sr
2026-03-10T19:02:13.035686+00:00,BTCUSD,cobra,26551110,H1,HOLD,HOLD,NONE,0,756.4338668584611,0,,,,,,,,,,,,,,,,17.05,17.05,70003.49,70060.33,69968.63,70042.44,,,,,,,,69309.35548578478,69634.10666666667,0.4870529328141014,,,,,,none,True,,,,,,,,,,,,,,no_pattern_at_sr
2026-03-10T19:02:13.037221+00:00,USDJPY.s,cobra,26551110,H1,HOLD,HOLD,NONE,0,0.23792494016764731,0,,,,,,,,,,,,,,,,0.023,0.023,157.86,157.901,157.86,157.888,,,,,,,,157.839267889944,157.93585714285715,0.31042202975908695,,,,,,none,True,,,,,,,,,,,,,,no_pattern_at_sr
2026-03-10T19:02:13.038675+00:00,EURUSD.s,cobra,26551110,H1,HOLD,HOLD,NONE,0,0.001989259604606563,0,,,,,,,,,,,,,,,,0.00019,0.00019,1.16236,1.16242,1.16204,1.16219,,,,,,,,1.161136152836178,1.16262,0.13572889097770285,,,,,,none,True,,,,,,,,,,,,,,no_pattern_at_sr
2026-03-10T19:02:13.040700+00:00,XAUUSD.s,cobra,26551110,H1,HOLD,HOLD,NONE,0,26.483585281329663,0,,,,,,,,,,,,,,,,0.32,0.32,5191.64,5193.49,5184.29,5193.36,,,,,,,,5155.960121365093,5189.332,0.08714832132744056,,,,,,none,True,,,,,,,,,,,,,,no_pattern_at_sr
2026-03-10T19:02:13.042084+00:00,USOUSD.s,cobra,26551110,H1,HOLD,HOLD,NONE,0,3.796745727179666,0,,,,,,,,,,,,,,,,0.079,0.079,84.088,84.309,84.034,84.249,,,,,,,,89.53662109844866,85.904,0.4754071327659858,,,,,,none,True,,,,,,,,,,,,,,no_pattern_at_sr
2026-03-10T19:03:13.428672+00:00,BTCUSD,cobra,26551110,H1,HOLD,HOLD,NONE,0,757.8910097156036,0,,,,,,,,,,,,,,,,17.08,17.08,70003.49,70080.73,69968.63,70003.86,,,,,,,,69309.35548578478,69634.10666666667,0.4861165109631988,,,,,,none,True,,,,,,,,,,,,,,no_pattern_at_sr
2026-03-10T19:03:13.430055+00:00,USDJPY.s,cobra,26551110,H1,HOLD,HOLD,NONE,0,0.23942494016764634,0,,,,,,,,,,,,,,,,0.025,0.025,157.86,157.922,157.86,157.915,,,,,,,,157.839267889944,157.93585714285715,0.30847723217738016,,,,,,none,True,,,,,,,,,,,,,,no_pattern_at_sr
2026-03-10T19:03:13.431365+00:00,EURUSD.s,cobra,26551110,H1,HOLD,HOLD,NONE,0,0.001997831033177984,0,,,,,,,,,,,,,,,,0.00018,0.00018,1.16236,1.16242,1.16192,1.162,,,,,,,,1.161136152836178,1.16262,0.13514656420693338,,,,,,none,True,,,,,,,,,,,,,,no_pattern_at_sr
2026-03-10T19:03:13.432783+00:00,XAUUSD.s,cobra,26551110,H1,HOLD,HOLD,NONE,0,26.676442424186792,0,,,,,,,,,,,,,,,,0.34,0.34,5191.64,5196.19,5184.29,5195.49,,,,,,,,5155.960121365093,5189.332,0.08651828318409478,,,,,,none,True,,,,,,,,,,,,,,no_pattern_at_sr
2026-03-10T19:03:13.434214+00:00,USOUSD.s,cobra,26551110,H1,HOLD,HOLD,NONE,0,3.8078171557510943,0,,,,,,,,,,,,,,,,0.079,0.079,84.088,84.464,84.034,84.323,,,,,,,,89.53662109844866,85.904,0.47402486153355106,,,,,,none,True,,,,,,,,,,,,,,no_pattern_at_sr
2026-03-10T19:04:13.784983+00:00,BTCUSD,cobra,26551110,H1,HOLD,HOLD,NONE,0,758.7381525727465,0,,,,,,,,,,,,,,,,16.97,16.97,70003.49,70092.59,69968.63,70061.4,,,,,,,,69309.35548578478,69634.10666666667,0.4855737543763508,,,,,,none,True,,,,,,,,,,,,,,no_pattern_at_sr
2026-03-10T19:04:13.786401+00:00,USDJPY.s,cobra,26551110,H1,HOLD,HOLD,NONE,0,0.2398535115962178,0,,,,,,,,,,,,,,,,0.025,0.025,157.86,157.928,157.86,157.903,,,,,,,,157.839267889944,157.93585714285715,0.30792604354897024,,,,,,none,True,,,,,,,,,,,,,,no_pattern_at_sr
2026-03-10T19:04:13.787686+00:00,EURUSD.s,cobra,26551110,H1,HOLD,HOLD,NONE,0,0.001997831033177984,0,,,,,,,,,,,,,,,,0.00018,0.00018,1.16236,1.16242,1.16192,1.16225,,,,,,,,1.161136152836178,1.16262,0.13514656420693338,,,,,,none,True,,,,,,,,,,,,,,no_pattern_at_sr
2026-03-10T19:04:13.789113+00:00,XAUUSD.s,cobra,26551110,H1,HOLD,HOLD,NONE,0,26.7071567099011,0,,,,,,,,,,,,,,,,0.32,0.32,5191.64,5196.62,5184.29,5196.12,,,,,,,,5155.960121365093,5189.332,0.08641878373912981,,,,,,none,True,,,,,,,,,,,,,,no_pattern_at_sr
2026-03-10T19:04:13.790539+00:00,USOUSD.s,cobra,26551110,H1,HOLD,HOLD,NONE,0,3.8153171557510945,0,,,,,,,,,,,,,,,,0.098,0.098,84.088,84.464,83.929,84.024,,,,,,,,89.53662109844866,85.904,0.47309304215488085,,,,,,none,True,,,,,,,,,,,,,,no_pattern_at_sr
2026-03-10T19:05:14.157091+00:00,BTCUSD,cobra,26551110,H1,HOLD,HOLD,NONE,0,762.5467240013184,0,,,,,,,,,,,,,,,,17.08,17.08,70003.49,70092.59,69915.31,69921.05,,,,,,,,69309.35548578478,69634.10666666667,0.48314853600064517,,,,,,none,True,,,,,,,,,,,,,,no_pattern_at_sr
2026-03-10T19:05:14.158536+00:00,USDJPY.s,cobra,26551110,H1,HOLD,HOLD,NONE,0,0.2398535115962178,0,,,,,,,,,,,,,,,,0.024,0.024,157.86,157.928,157.86,157.896,,,,,,,,157.839267889944,157.93585714285715,0.30792604354897024,,,,,,none,True,,,,,,,,,,,,,,no_pattern_at_sr
2026-03-10T19:05:14.159818+00:00,EURUSD.s,cobra,26551110,H1,HOLD,HOLD,NONE,0,0.001997831033177984,0,,,,,,,,,,,,,,,,0.0002,0.0002,1.16236,1.16242,1.16192,1.16221,,,,,,,,1.161136152836178,1.16262,0.13514656420693338,,,,,,none,True,,,,,,,,,,,,,,no_pattern_at_sr
2026-03-10T19:05:14.161250+00:00,XAUUSD.s,cobra,26551110,H1,HOLD,HOLD,NONE,0,26.743585281329686,0,,,,,,,,,,,,,,,,0.34,0.34,5191.64,5197.13,5184.29,5194.59,,,,,,,,5155.960121365093,5189.332,0.08630106904967827,,,,,,none,True,,,,,,,,,,,,,,no_pattern_at_sr
2026-03-10T19:05:14.162580+00:00,USOUSD.s,cobra,26551110,H1,HOLD,HOLD,NONE,0,3.8153171557510945,0,,,,,,,,,,,,,,,,0.079,0.079,84.088,84.464,83.929,84.269,,,,,,,,89.53662109844866,85.904,0.47309304215488085,,,,,,none,True,,,,,,,,,,,,,,no_pattern_at_sr
2026-03-10T19:06:14.508456+00:00,BTCUSD,cobra,26551110,H1,HOLD,HOLD,NONE,0,762.6795811441756,0,,,,,,,,,,,,,,,,17.1,17.1,70003.49,70092.59,69913.45,69943.84,,,,,,,,69309.35548578478,69634.10666666667,0.48306437256470736,,,,,,none,True,,,,,,,,,,,,,,no_pattern_at_sr
2026-03-10T19:06:14.509882+00:00,USDJPY.s,cobra,26551110,H1,HOLD,HOLD,NONE,0,0.2406392258819338,0,,,,,,,,,,,,,,,,0.024,0.024,157.86,157.928,157.849,157.852,,,,,,,,157.839267889944,157.93585714285715,0.3069206301942949,,,,,,none,True,,,,,,,,,,,,,,no_pattern_at_sr
2026-03-10T19:06:14.511148+00:00,EURUSD.s,cobra,26551110,H1,HOLD,HOLD,NONE,0,0.0020099738903208413,0,,,,,,,,,,,,,,,,0.00019,0.00019,1.16236,1.16259,1.16192,1.16255,,,,,,,,1.161136152836178,1.16262,0.13433010314223226,,,,,,none,True,,,,,,,,,,,,,,no_pattern_at_sr
2026-03-10T19:06:14.512476+00:00,XAUUSD.s,cobra,26551110,H1,HOLD,HOLD,NONE,0,26.743585281329686,0,,,,,,,,,,,,,,,,0.31,0.31,5191.64,5197.13,5184.29,5195.1,,,,,,,,5155.960121365093,5189.332,0.08630106904967827,,,,,,none,True,,,,,,,,,,,,,,no_pattern_at_sr
2026-03-10T19:06:14.513799+00:00,USOUSD.s,cobra,26551110,H1,HOLD,HOLD,NONE,0,3.822102870036809,0,,,,,,,,,,,,,,,,0.079,0.079,84.088,84.559,83.929,84.414,,,,,,,,89.53662109844866,85.904,0.4722531186039505,,,,,,none,True,,,,,,,,,,,,,,no_pattern_at_sr
2026-03-10T19:07:14.870800+00:00,BTCUSD,cobra,26551110,H1,HOLD,HOLD,NONE,0,766.7017240013183,0,,,,,,,,,,,,,,,,17.04,17.04,70003.49,70092.59,69857.14,69908.16,,,,,,,,69309.35548578478,70464.87,0.6030245994323622,,,,,,none,True,,,,,,,,,,,,,,no_pattern_at_sr
2026-03-10T19:07:14.872106+00:00,USDJPY.s,cobra,26551110,H1,HOLD,HOLD,NONE,0,0.2406392258819338,0,,,,,,,,,,,,,,,,0.023,0.023,157.86,157.928,157.849,157.876,,,,,,,,157.839267889944,157.93585714285715,0.3069206301942949,,,,,,none,True,,,,,,,,,,,,,,no_pattern_at_sr
2026-03-10T19:07:14.873395+00:00,EURUSD.s,cobra,26551110,H1,HOLD,HOLD,NONE,0,0.0020114024617494063,0,,,,,,,,,,,,,,,,0.00019,0.00019,1.16236,1.16261,1.16192,1.16216,,,,,,,,1.161136152836178,1.16262,0.13423469700099772,,,,,,none,True,,,,,,,,,,,,,,no_pattern_at_sr
2026-03-10T19:07:14.874926+00:00,XAUUSD.s,cobra,26551110,H1,HOLD,HOLD,NONE,0,26.743585281329686,0,,,,,,,,,,,,,,,,0.33,0.33,5191.64,5197.13,5184.29,5194.05,,,,,,,,5155.960121365093,5189.332,0.08630106904967827,,,,,,none,True,,,,,,,,,,,,,,no_pattern_at_sr
2026-03-10T19:07:14.876216+00:00,USOUSD.s,cobra,26551110,H1,HOLD,HOLD,NONE,0,3.8267457271796657,0,,,,,,,,,,,,,,,,0.079,0.079,84.088,84.624,83.929,84.624,,,,,,,,89.53662109844866,85.904,0.4716801503637631,,,,,,none,True,,,,,,,,,,,,,,no_pattern_at_sr
2026-03-10T19:08:15.211435+00:00,BTCUSD,cobra,26551110,H1,HOLD,HOLD,NONE,0,767.3760097156041,0,,,,,,,,,,,,,,,,17.08,17.08,70003.49,70102.03,69857.14,70079.6,,,,,,,,69309.35548578478,70464.87,0.6024947276776915,,,,,,none,True,,,,,,,,,,,,,,no_pattern_at_sr
2026-03-10T19:08:15.212780+00:00,USDJPY.s,cobra,26551110,H1,HOLD,HOLD,NONE,0,0.2406392258819338,0,,,,,,,,,,,,,,,,0.023,0.023,157.86,157.928,157.849,157.889,,,,,,,,157.839267889944,157.93585714285715,0.3069206301942949,,,,,,none,True,,,,,,,,,,,,,,no_pattern_at_sr
2026-03-10T19:08:15.214490+00:00,EURUSD.s,cobra,26551110,H1,HOLD,HOLD,NONE,0,0.0020114024617494063,0,,,,,,,,,,,,,,,,0.00018,0.00018,1.16236,1.16261,1.16192,1.16226,,,,,,,,1.161136152836178,1.16262,0.13423469700099772,,,,,,none,True,,,,,,,,,,,,,,no_pattern_at_sr
2026-03-10T19:08:15.216140+00:00,XAUUSD.s,cobra,26551110,H1,HOLD,HOLD,NONE,0,26.8185852813297,0,,,,,,,,,,,,,,,,0.34,0.34,5191.64,5198.18,5184.29,5197.65,,,,,,,,5155.960121365093,5189.332,0.08605972223325119,,,,,,none,True,,,,,,,,,,,,,,no_pattern_at_sr
2026-03-10T19:08:15.217523+00:00,USOUSD.s,cobra,26551110,H1,HOLD,HOLD,NONE,0,3.829602870036809,0,,,,,,,,,,,,,,,,0.079,0.079,84.088,84.664,83.929,84.448,,,,,,,,89.53662109844866,85.904,0.4713282450570765,,,,,,none,True,,,,,,,,,,,,,,no_pattern_at_sr
2026-03-10T19:09:15.637438+00:00,BTCUSD,cobra,26551110,H1,HOLD,HOLD,NONE,0,770.9124382870324,0,,,,,,,,,,,,,,,,16.94,16.94,70003.49,70151.54,69857.14,70094.33,,,,,,,,69309.35548578478,70464.87,0.5997308864639882,,,,,,none,True,,,,,,,,,,,,,,no_pattern_at_sr
2026-03-10T19:09:15.638897+00:00,USDJPY.s,cobra,26551110,H1,HOLD,HOLD,NONE,0,0.2406392258819338,0,,,,,,,,,,,,,,,,0.024,0.024,157.86,157.928,157.849,157.875,,,,,,,,157.839267889944,157.93585714285715,0.3069206301942949,,,,,,none,True,,,,,,,,,,,,,,no_pattern_at_sr
2026-03-10T19:09:15.640363+00:00,EURUSD.s,cobra,26551110,H1,HOLD,HOLD,NONE,0,0.0020114024617494063,0,,,,,,,,,,,,,,,,0.00019,0.00019,1.16236,1.16261,1.16192,1.16244,,,,,,,,1.161136152836178,1.16262,0.13423469700099772,,,,,,none,True,,,,,,,,,,,,,,no_pattern_at_sr
2026-03-10T19:09:15.641806+00:00,XAUUSD.s,cobra,26551110,H1,HOLD,HOLD,NONE,0,26.927870995615397,0,,,,,,,,,,,,,,,,0.31,0.31,5191.64,5199.71,5184.29,5197.88,,,,,,,,5155.960121365093,5189.332,0.08571045220677859,,,,,,none,True,,,,,,,,,,,,,,no_pattern_at_sr
2026-03-10T19:09:15.643108+00:00,USOUSD.s,cobra,26551110,H1,HOLD,HOLD,NONE,0,3.829602870036809,0,,,,,,,,,,,,,,,,0.079,0.079,84.088,84.664,83.929,84.573,,,,,,,,89.53662109844866,85.904,0.4713282450570765,,,,,,none,True,,,,,,,,,,,,,,no_pattern_at_sr
2026-03-10T19:10:15.976604+00:00,BTCUSD,cobra,26551110,H1,HOLD,HOLD,NONE,0,770.9124382870324,0,,,,,,,,,,,,,,,,17.01,17.01,70003.49,70151.54,69857.14,70045.03,,,,,,,,69309.35548578478,70464.87,0.5997308864639882,,,,,,none,True,,,,,,,,,,,,,,no_pattern_at_sr
2026-03-10T19:10:15.977990+00:00,USDJPY.s,cobra,26551110,H1,HOLD,HOLD,NONE,0,0.2406392258819338,0,,,,,,,,,,,,,,,,0.023,0.023,157.86,157.928,157.849,157.878,,,,,,,,157.839267889944,157.93585714285715,0.3069206301942949,,,,,,none,True,,,,,,,,,,,,,,no_pattern_at_sr
2026-03-10T19:10:15.979280+00:00,EURUSD.s,cobra,26551110,H1,HOLD,HOLD,NONE,0,0.0020114024617494063,0,,,,,,,,,,,,,,,,0.00018,0.00018,1.16236,1.16261,1.16192,1.1623999999999999,,,,,,,,1.161136152836178,1.16262,0.13423469700099772,,,,,,none,True,,,,,,,,,,,,,,no_pattern_at_sr
2026-03-10T19:10:15.980802+00:00,XAUUSD.s,cobra,26551110,H1,HOLD,HOLD,NONE,0,26.927870995615397,0,,,,,,,,,,,,,,,,0.37,0.37,5191.64,5199.71,5184.29,5195.89,,,,,,,,5155.960121365093,5189.332,0.08571045220677859,,,,,,none,True,,,,,,,,,,,,,,no_pattern_at_sr
2026-03-10T19:10:15.982144+00:00,USOUSD.s,cobra,26551110,H1,HOLD,HOLD,NONE,0,3.829602870036809,0,,,,,,,,,,,,,,,,0.079,0.079,84.088,84.664,83.929,84.534,,,,,,,,89.53662109844866,85.904,0.4713282450570765,,,,,,none,True,,,,,,,,,,,,,,no_pattern_at_sr
2026-03-10T19:11:16.300517+00:00,BTCUSD,cobra,26551110,H1,HOLD,HOLD,NONE,0,770.9124382870324,0,,,,,,,,,,,,,,,,17.03,17.03,70003.49,70151.54,69857.14,69976.85,,,,,,,,69309.35548578478,70464.87,0.5997308864639882,,,,,,none,True,,,,,,,,,,,,,,no_pattern_at_sr
2026-03-10T19:11:16.303434+00:00,USDJPY.s,cobra,26551110,H1,HOLD,HOLD,NONE,0,0.2406392258819338,0,,,,,,,,,,,,,,,,0.024,0.024,157.86,157.928,157.849,157.883,,,,,,,,157.839267889944,157.93585714285715,0.3069206301942949,,,,,,none,True,,,,,,,,,,,,,,no_pattern_at_sr
2026-03-10T19:11:16.305374+00:00,EURUSD.s,cobra,26551110,H1,HOLD,HOLD,NONE,0,0.0020114024617494063,0,,,,,,,,,,,,,,,,0.00018,0.00018,1.16236,1.16261,1.16192,1.16232,,,,,,,,1.161136152836178,1.16262,0.13423469700099772,,,,,,none,True,,,,,,,,,,,,,,no_pattern_at_sr
2026-03-10T19:11:16.307232+00:00,XAUUSD.s,cobra,26551110,H1,HOLD,HOLD,NONE,0,26.927870995615397,0,,,,,,,,,,,,,,,,0.37,0.37,5191.64,5199.71,5184.29,5196.63,,,,,,,,5155.960121365093,5189.332,0.08571045220677859,,,,,,none,True,,,,,,,,,,,,,,no_pattern_at_sr
2026-03-10T19:11:16.308806+00:00,USOUSD.s,cobra,26551110,H1,HOLD,HOLD,NONE,0,3.829602870036809,0,,,,,,,,,,,,,,,,0.079,0.079,84.088,84.664,83.929,84.639,,,,,,,,89.53662109844866,85.904,0.4713282450570765,,,,,,none,True,,,,,,,,,,,,,,no_pattern_at_sr
2026-03-10T19:12:16.651951+00:00,BTCUSD,cobra,26551110,H1,HOLD,HOLD,NONE,0,770.9124382870324,0,,,,,,,,,,,,,,,,17.1,17.1,70003.49,70151.54,69857.14,69930.14,,,,,,,,69309.35548578478,70464.87,0.5997308864639882,,,,,,none,True,,,,,,,,,,,,,,no_pattern_at_sr
2026-03-10T19:12:16.653284+00:00,USDJPY.s,cobra,26551110,H1,HOLD,HOLD,NONE,0,0.2406392258819338,0,,,,,,,,,,,,,,,,0.024,0.024,157.86,157.928,157.849,157.902,,,,,,,,157.839267889944,157.93585714285715,0.3069206301942949,,,,,,none,True,,,,,,,,,,,,,,no_pattern_at_sr
2026-03-10T19:12:16.654514+00:00,EURUSD.s,cobra,26551110,H1,HOLD,HOLD,NONE,0,0.0020114024617494063,0,,,,,,,,,,,,,,,,0.00018,0.00018,1.16236,1.16261,1.16192,1.1621299999999999,,,,,,,,1.161136152836178,1.16262,0.13423469700099772,,,,,,none,True,,,,,,,,,,,,,,no_pattern_at_sr
2026-03-10T19:12:16.655849+00:00,XAUUSD.s,cobra,26551110,H1,HOLD,HOLD,NONE,0,26.927870995615397,0,,,,,,,,,,,,,,,,0.3,0.3,5191.64,5199.71,5184.29,5194.38,,,,,,,,5155.960121365093,5189.332,0.08571045220677859,,,,,,none,True,,,,,,,,,,,,,,no_pattern_at_sr
2026-03-10T19:12:16.657164+00:00,USOUSD.s,cobra,26551110,H1,HOLD,HOLD,NONE,0,3.8496028700368092,0,,,,,,,,,,,,,,,,0.079,0.079,84.088,84.944,83.929,84.859,,,,,,,,89.53662109844866,85.904,0.46887953405508903,,,,,,none,True,,,,,,,,,,,,,,no_pattern_at_sr
2026-03-10T19:13:16.994481+00:00,BTCUSD,cobra,26551110,H1,HOLD,HOLD,NONE,0,770.9124382870324,0,,,,,,,,,,,,,,,,17.11,17.11,70003.49,70151.54,69857.14,69945.52,,,,,,,,69309.35548578478,70464.87,0.5997308864639882,,,,,,none,True,,,,,,,,,,,,,,no_pattern_at_sr
2026-03-10T19:13:16.995967+00:00,USDJPY.s,cobra,26551110,H1,HOLD,HOLD,NONE,0,0.2406392258819338,0,,,,,,,,,,,,,,,,0.024,0.024,157.86,157.928,157.849,157.901,,,,,,,,157.839267889944,157.93585714285715,0.3069206301942949,,,,,,none,True,,,,,,,,,,,,,,no_pattern_at_sr
2026-03-10T19:13:16.997745+00:00,EURUSD.s,cobra,26551110,H1,HOLD,HOLD,NONE,0,0.0020114024617494063,0,,,,,,,,,,,,,,,,0.00018,0.00018,1.16236,1.16261,1.16192,1.16211,,,,,,,,1.161136152836178,1.16262,0.13423469700099772,,,,,,none,True,,,,,,,,,,,,,,no_pattern_at_sr
2026-03-10T19:13:16.999299+00:00,XAUUSD.s,cobra,26551110,H1,HOLD,HOLD,NONE,0,26.927870995615397,0,,,,,,,,,,,,,,,,0.34,0.34,5191.64,5199.71,5184.29,5195.47,,,,,,,,5155.960121365093,5189.332,0.08571045220677859,,,,,,none,True,,,,,,,,,,,,,,no_pattern_at_sr
2026-03-10T19:13:17.000817+00:00,USOUSD.s,cobra,26551110,H1,HOLD,HOLD,NONE,0,3.864245727179666,0,,,,,,,,,,,,,,,,0.079,0.079,84.088,85.149,83.929,85.013,,,,,,,,89.53662109844866,85.904,0.467102800244895,,,,,,none,True,,,,,,,,,,,,,,no_pattern_at_sr
2026-03-10T19:14:17.337472+00:00,BTCUSD,cobra,26551110,H1,HOLD,HOLD,NONE,0,770.9124382870324,0,,,,,,,,,,,,,,,,17.01,17.01,70003.49,70151.54,69857.14,70058.48,,,,,,,,69309.35548578478,70464.87,0.5997308864639882,,,,,,none,True,,,,,,,,,,,,,,no_pattern_at_sr
2026-03-10T19:14:17.339022+00:00,USDJPY.s,cobra,26551110,H1,HOLD,HOLD,NONE,0,0.2406392258819338,0,,,,,,,,,,,,,,,,0.023,0.023,157.86,157.928,157.849,157.875,,,,,,,,157.839267889944,157.93585714285715,0.3069206301942949,,,,,,none,True,,,,,,,,,,,,,,no_pattern_at_sr
2026-03-10T19:14:17.340492+00:00,EURUSD.s,cobra,26551110,H1,HOLD,HOLD,NONE,0,0.0020114024617494063,0,,,,,,,,,,,,,,,,0.00019,0.00019,1.16236,1.16261,1.16192,1.1623999999999999,,,,,,,,1.161136152836178,1.16262,0.13423469700099772,,,,,,none,True,,,,,,,,,,,,,,no_pattern_at_sr
2026-03-10T19:14:17.341850+00:00,XAUUSD.s,cobra,26551110,H1,HOLD,HOLD,NONE,0,26.927870995615397,0,,,,,,,,,,,,,,,,0.31,0.31,5191.64,5199.71,5184.29,5197.74,,,,,,,,5155.960121365093,5189.332,0.08571045220677859,,,,,,none,True,,,,,,,,,,,,,,no_pattern_at_sr
2026-03-10T19:14:17.343185+00:00,USOUSD.s,cobra,26551110,H1,HOLD,HOLD,NONE,0,3.864245727179666,0,,,,,,,,,,,,,,,,0.079,0.079,84.088,85.149,83.929,84.629,,,,,,,,89.53662109844866,85.904,0.467102800244895,,,,,,none,True,,,,,,,,,,,,,,no_pattern_at_sr
2026-03-10T19:15:17.658677+00:00,BTCUSD,cobra,26551110,H1,HOLD,HOLD,NONE,0,770.9124382870324,0,,,,,,,,,,,,,,,,16.99,16.99,70003.49,70151.54,69857.14,70086.06,,,,,,,,69309.35548578478,70464.87,0.5997308864639882,,,,,,none,True,,,,,,,,,,,,,,no_pattern_at_sr
2026-03-10T19:15:17.660116+00:00,USDJPY.s,cobra,26551110,H1,HOLD,HOLD,NONE,0,0.2408535115962185,0,,,,,,,,,,,,,,,,0.024,0.024,157.86,157.928,157.846,157.851,,,,,,,,157.839267889944,157.93585714285715,0.306647565018562,,,,,,none,True,,,,,,,,,,,,,,no_pattern_at_sr
2026-03-10T19:15:17.661460+00:00,EURUSD.s,cobra,26551110,H1,HOLD,HOLD,NONE,0,0.0020114024617494063,0,,,,,,,,,,,,,,,,0.0002,0.0002,1.16236,1.16261,1.16192,1.16247,,,,,,,,1.161136152836178,1.16262,0.13423469700099772,,,,,,none,True,,,,,,,,,,,,,,no_pattern_at_sr
2026-03-10T19:15:17.662950+00:00,XAUUSD.s,cobra,26551110,H1,HOLD,HOLD,NONE,0,26.95358528132966,0,,,,,,,,,,,,,,,,0.3,0.3,5191.64,5200.07,5184.29,5199.32,,,,,,,,5155.960121365093,5189.332,0.08562868263758253,,,,,,none,True,,,,,,,,,,,,,,no_pattern_at_sr
2026-03-10T19:15:17.664347+00:00,USOUSD.s,cobra,26551110,H1,HOLD,HOLD,NONE,0,3.864245727179666,0,,,,,,,,,,,,,,,,0.079,0.079,84.088,85.149,83.929,84.829,,,,,,,,89.53662109844866,85.904,0.467102800244895,,,,,,none,True,,,,,,,,,,,,,,no_pattern_at_sr
2026-03-10T19:16:17.998434+00:00,BTCUSD,cobra,26551110,H1,HOLD,HOLD,NONE,0,770.9124382870324,0,,,,,,,,,,,,,,,,16.96,16.96,70003.49,70151.54,69857.14,70114.47,,,,,,,,69309.35548578478,70464.87,0.5997308864639882,,,,,,none,True,,,,,,,,,,,,,,no_pattern_at_sr
2026-03-10T19:16:17.999742+00:00,USDJPY.s,cobra,26551110,H1,HOLD,HOLD,NONE,0,0.2408535115962185,0,,,,,,,,,,,,,,,,0.024,0.024,157.86,157.928,157.846,157.861,,,,,,,,157.839267889944,157.93585714285715,0.306647565018562,,,,,,none,True,,,,,,,,,,,,,,no_pattern_at_sr
2026-03-10T19:16:18.001064+00:00,EURUSD.s,cobra,26551110,H1,HOLD,HOLD,NONE,0,0.0020114024617494063,0,,,,,,,,,,,,,,,,0.00019,0.00019,1.16236,1.16261,1.16192,1.16247,,,,,,,,1.161136152836178,1.16262,0.13423469700099772,,,,,,none,True,,,,,,,,,,,,,,no_pattern_at_sr
2026-03-10T19:16:18.002624+00:00,XAUUSD.s,cobra,26551110,H1,HOLD,HOLD,NONE,0,26.995013852758223,0,,,,,,,,,,,,,,,,0.33,0.33,5191.64,5200.65,5184.29,5200.54,,,,,,,,5155.960121365093,5189.332,0.08549727044367389,,,,,,none,True,,,,,,,,,,,,,,no_pattern_at_sr
2026-03-10T19:16:18.003924+00:00,USOUSD.s,cobra,26551110,H1,HOLD,HOLD,NONE,0,3.869888584322523,0,,,,,,,,,,,,,,,,0.079,0.079,84.088,85.228,83.929,85.169,,,,,,,,89.53662109844866,85.904,0.4664216968189493,,,,,,none,True,,,,,,,,,,,,,,no_pattern_at_sr
2026-03-10T19:17:18.348382+00:00,BTCUSD,cobra,26551110,H1,HOLD,HOLD,NONE,0,773.7245811441759,0,,,,,,,,,,,,,,,,17.04,17.04,70003.49,70190.91,69857.14,70169.65,,,,,,,,69309.35548578478,70464.87,0.5975511328802465,,,,,,none,True,,,,,,,,,,,,,,no_pattern_at_sr
2026-03-10T19:17:18.349699+00:00,USDJPY.s,cobra,26551110,H1,HOLD,HOLD,NONE,0,0.2408535115962185,0,,,,,,,,,,,,,,,,0.024,0.024,157.86,157.928,157.846,157.863,,,,,,,,157.839267889944,157.93585714285715,0.306647565018562,,,,,,none,True,,,,,,,,,,,,,,no_pattern_at_sr
2026-03-10T19:17:18.351046+00:00,EURUSD.s,cobra,26551110,H1,HOLD,HOLD,NONE,0,0.0020114024617494063,0,,,,,,,,,,,,,,,,0.00018,0.00018,1.16236,1.16261,1.16192,1.16246,,,,,,,,1.161136152836178,1.16262,0.13423469700099772,,,,,,none,True,,,,,,,,,,,,,,no_pattern_at_sr
2026-03-10T19:17:18.352476+00:00,XAUUSD.s,cobra,26551110,H1,HOLD,HOLD,NONE,0,27.00858528132969,0,,,,,,,,,,,,,,,,0.34,0.34,5191.64,5200.84,5184.29,5199.87,,,,,,,,5155.960121365093,5189.332,0.08545430928570151,,,,,,none,True,,,,,,,,,,,,,,no_pattern_at_sr
2026-03-10T19:17:18.353744+00:00,USOUSD.s,cobra,26551110,H1,HOLD,HOLD,NONE,0,3.8877457271796656,0,,,,,,,,,,,,,,,,0.079,0.079,84.088,85.478,83.929,85.474,,,,,,,,89.53662109844866,85.904,0.46427933477774425,,,,,,none,True,,,,,,,,,,,,,,no_pattern_at_sr
2026-03-10T19:18:18.698127+00:00,BTCUSD,cobra,26551110,H1,HOLD,HOLD,NONE,0,775.6138668584614,0,,,,,,,,,,,,,,,,17.03,17.03,70003.49,70217.36,69857.14,70205.93,,,,,,,,69309.35548578478,70464.87,0.5960955828093351,,,,,,none,True,,,,,,,,,,,,,,no_pattern_at_sr
2026-03-10T19:18:18.699426+00:00,USDJPY.s,cobra,26551110,H1,HOLD,HOLD,NONE,0,0.24121065445336104,0,,,,,,,,,,,,,,,,0.024,0.024,157.86,157.928,157.841,157.849,,,,,,,,157.839267889944,157.93585714285715,0.3061935345456763,,,,,,none,True,,,,,,,,,,,,,,no_pattern_at_sr
2026-03-10T19:18:18.700723+00:00,EURUSD.s,cobra,26551110,H1,HOLD,HOLD,NONE,0,0.0020128310331779873,0,,,,,,,,,,,,,,,,0.00019,0.00019,1.16236,1.16263,1.16192,1.16262,,,,,,,,1.161136152836178,1.16262,0.134139426285424,,,,,,none,True,,,,,,,,,,,,,,no_pattern_at_sr
2026-03-10T19:18:18.702233+00:00,XAUUSD.s,cobra,26551110,H1,HOLD,HOLD,NONE,0,27.170728138472512,0,,,,,,,,,,,,,,,,0.32,0.32,5191.64,5203.11,5184.29,5202.71,,,,,,,,5155.960121365093,5189.332,0.084944355861114,,,,,,none,True,,,,,,,,,,,,,,no_pattern_at_sr
2026-03-10T19:18:18.703514+00:00,USOUSD.s,cobra,26551110,H1,HOLD,HOLD,NONE,0,3.892817155751095,0,,,,,,,,,,,,,,,,0.079,0.079,84.088,85.549,83.929,85.239,,,,,,,,89.53662109844866,85.904,0.46367448759656144,,,,,,none,True,,,,,,,,,,,,,,no_pattern_at_sr
2026-03-10T19:19:19.022892+00:00,BTCUSD,cobra,26551110,H1,HOLD,HOLD,NONE,0,780.1774382870328,0,,,,,,,,,,,,,,,,16.97,16.97,70003.49,70281.25,69857.14,70254.03,,,,,,,,69309.35548578478,70464.87,0.5926087801450858,,,,,,none,True,,,,,,,,,,,,,,no_pattern_at_sr
2026-03-10T19:19:19.024236+00:00,USDJPY.s,cobra,26551110,H1,HOLD,HOLD,NONE,0,0.2417106544533614,0,,,,,,,,,,,,,,,,0.023,0.023,157.86,157.928,157.834,157.839,,,,,,,,157.839267889944,157.93585714285715,0.3055601459694913,,,,,,none,True,,,,,,,,,,,,,,no_pattern_at_sr
2026-03-10T19:19:19.025637+00:00,EURUSD.s,cobra,26551110,H1,HOLD,HOLD,NONE,0,0.002022831033177989,0,,,,,,,,,,,,,,,,0.00018,0.00018,1.16236,1.16277,1.16192,1.16275,,,,,,,,1.161136152836178,1.16262,0.13347629909345726,,,,,,none,True,,,,,,,,,,,,,,no_pattern_at_sr
2026-03-10T19:19:19.027094+00:00,XAUUSD.s,cobra,26551110,H1,HOLD,HOLD,NONE,0,27.235728138472567,0,,,,,,,,,,,,,,,,0.31,0.31,5191.64,5204.02,5184.29,5204.02,,,,,,,,5155.960121365093,5189.332,0.08474163012149342,,,,,,none,True,,,,,,,,,,,,,,no_pattern_at_sr
2026-03-10T19:19:19.028397+00:00,USOUSD.s,cobra,26551110,H1,HOLD,HOLD,NONE,0,3.892817155751095,0,,,,,,,,,,,,,,,,0.079,0.079,84.088,85.549,83.929,84.948,,,,,,,,89.53662109844866,85.904,0.46367448759656144,,,,,,none,True,,,,,,,,,,,,,,no_pattern_at_sr
2026-03-10T19:20:19.394613+00:00,BTCUSD,cobra,26551110,H1,HOLD,HOLD,NONE,0,780.1774382870328,0,,,,,,,,,,,,,,,,16.95,16.95,70003.49,70281.25,69857.14,70229.74,,,,,,,,69309.35548578478,70464.87,0.5926087801450858,,,,,,none,True,,,,,,,,,,,,,,no_pattern_at_sr
2026-03-10T19:20:19.395899+00:00,USDJPY.s,cobra,26551110,H1,HOLD,HOLD,NONE,0,0.2417106544533614,0,,,,,,,,,,,,,,,,0.024,0.024,157.86,157.928,157.834,157.856,,,,,,,,157.839267889944,157.93585714285715,0.3055601459694913,,,,,,none,True,,,,,,,,,,,,,,no_pattern_at_sr
2026-03-10T19:20:19.397161+00:00,EURUSD.s,cobra,26551110,H1,HOLD,HOLD,NONE,0,0.002022831033177989,0,,,,,,,,,,,,,,,,0.00019,0.00019,1.16236,1.16277,1.16192,1.16261,,,,,,,,1.161136152836178,1.16262,0.13347629909345726,,,,,,none,True,,,,,,,,,,,,,,no_pattern_at_sr
2026-03-10T19:20:19.398798+00:00,XAUUSD.s,cobra,26551110,H1,HOLD,HOLD,NONE,0,27.354299567043984,0,,,,,,,,,,,,,,,,0.36,0.36,5191.64,5205.68,5184.29,5205.23,,,,,,,,5155.960121365093,5189.332,0.08437430446146878,,,,,,none,True,,,,,,,,,,,,,,no_pattern_at_sr
2026-03-10T19:20:19.400095+00:00,USOUSD.s,cobra,26551110,H1,HOLD,HOLD,NONE,0,3.892817155751095,0,,,,,,,,,,,,,,,,0.079,0.079,84.088,85.549,83.929,85.429,,,,,,,,89.53662109844866,85.904,0.46367448759656144,,,,,,none,True,,,,,,,,,,,,,,no_pattern_at_sr
2026-03-10T19:21:19.722763+00:00,BTCUSD,cobra,26551110,H1,HOLD,HOLD,NONE,0,780.1774382870328,0,,,,,,,,,,,,,,,,17.08,17.08,70003.49,70281.25,69857.14,70063.9,,,,,,,,69309.35548578478,70464.87,0.5926087801450858,,,,,,none,True,,,,,,,,,,,,,,no_pattern_at_sr
2026-03-10T19:21:19.725268+00:00,USDJPY.s,cobra,26551110,H1,HOLD,HOLD,NONE,0,0.2417106544533614,0,,,,,,,,,,,,,,,,0.023,0.023,157.86,157.928,157.834,157.912,,,,,,,,157.839267889944,157.93585714285715,0.3055601459694913,,,,,,none,True,,,,,,,,,,,,,,no_pattern_at_sr
2026-03-10T19:21:19.727108+00:00,EURUSD.s,cobra,26551110,H1,HOLD,HOLD,NONE,0,0.002022831033177989,0,,,,,,,,,,,,,,,,0.00019,0.00019,1.16236,1.16277,1.16192,1.16216,,,,,,,,1.161136152836178,1.16262,0.13347629909345726,,,,,,none,True,,,,,,,,,,,,,,no_pattern_at_sr
2026-03-10T19:21:19.728800+00:00,XAUUSD.s,cobra,26551110,H1,HOLD,HOLD,NONE,0,27.354299567043984,0,,,,,,,,,,,,,,,,0.33,0.33,5191.64,5205.68,5184.29,5203.02,,,,,,,,5155.960121365093,5189.332,0.08437430446146878,,,,,,none,True,,,,,,,,,,,,,,no_pattern_at_sr
2026-03-10T19:21:19.730230+00:00,USOUSD.s,cobra,26551110,H1,HOLD,HOLD,NONE,0,3.9513885843225234,0,,,,,,,,,,,,,,,,0.079,0.079,84.088,86.369,83.929,86.234,,,,,,,,89.53662109844866,85.904,0.45680144118487526,,,,,,none,True,,,,,,,,,,,,,,no_pattern_at_sr
2026-03-10T19:22:20.097768+00:00,BTCUSD,cobra,26551110,H1,HOLD,HOLD,NONE,0,780.1774382870328,0,,,,,,,,,,,,,,,,17.01,17.01,70003.49,70281.25,69857.14,70000.39,,,,,,,,69309.35548578478,70464.87,0.5926087801450858,,,,,,none,True,,,,,,,,,,,,,,no_pattern_at_sr
2026-03-10T19:22:20.099383+00:00,USDJPY.s,cobra,26551110,H1,HOLD,HOLD,NONE,0,0.24242494016764646,0,,,,,,,,,,,,,,,,0.024,0.024,157.86,157.938,157.834,157.92,,,,,,,,157.839267889944,157.93585714285715,0.30465983741637825,,,,,,none,True,,,,,,,,,,,,,,no_pattern_at_sr
2026-03-10T19:22:20.100774+00:00,EURUSD.s,cobra,26551110,H1,HOLD,HOLD,NONE,0,0.002022831033177989,0,,,,,,,,,,,,,,,,0.00019,0.00019,1.16236,1.16277,1.16192,1.16219,,,,,,,,1.161136152836178,1.16262,0.13347629909345726,,,,,,none,True,,,,,,,,,,,,,,no_pattern_at_sr
2026-03-10T19:22:20.102209+00:00,XAUUSD.s,cobra,26551110,H1,HOLD,HOLD,NONE,0,27.354299567043984,0,,,,,,,,,,,,,,,,0.33,0.33,5191.64,5205.68,5184.29,5203.71,,,,,,,,5155.960121365093,5189.332,0.08437430446146878,,,,,,none,True,,,,,,,,,,,,,,no_pattern_at_sr
2026-03-10T19:22:20.103504+00:00,USOUSD.s,cobra,26551110,H1,HOLD,HOLD,NONE,0,3.9567457271796664,0,,,,,,,,,,,,,,,,0.079,0.079,84.088,86.444,83.929,85.879,,,,,,,,89.53662109844866,85.904,0.4561829656126477,,,,,,none,True,,,,,,,,,,,,,,no_pattern_at_sr
2026-03-10T19:23:20.438148+00:00,BTCUSD,cobra,26551110,H1,HOLD,HOLD,NONE,0,780.1774382870328,0,,,,,,,,,,,,,,,,17.06,17.06,70003.49,70281.25,69857.14,70110.46,,,,,,,,69309.35548578478,70464.87,0.5926087801450858,,,,,,none,True,,,,,,,,,,,,,,no_pattern_at_sr
2026-03-10T19:23:20.439560+00:00,USDJPY.s,cobra,26551110,H1,HOLD,HOLD,NONE,0,0.24242494016764646,0,,,,,,,,,,,,,,,,0.023,0.023,157.86,157.938,157.834,157.92,,,,,,,,157.839267889944,157.93585714285715,0.30465983741637825,,,,,,none,True,,,,,,,,,,,,,,no_pattern_at_sr
2026-03-10T19:23:20.441170+00:00,EURUSD.s,cobra,26551110,H1,HOLD,HOLD,NONE,0,0.002022831033177989,0,,,,,,,,,,,,,,,,0.00018,0.00018,1.16236,1.16277,1.16192,1.16226,,,,,,,,1.161136152836178,1.16262,0.13347629909345726,,,,,,none,True,,,,,,,,,,,,,,no_pattern_at_sr
2026-03-10T19:23:20.442752+00:00,XAUUSD.s,cobra,26551110,H1,HOLD,HOLD,NONE,0,27.485728138472567,0,,,,,,,,,,,,,,,,0.33,0.33,5191.64,5207.52,5184.29,5206.74,,,,,,,,5155.960121365093,5189.332,0.08397085164971194,,,,,,none,True,,,,,,,,,,,,,,no_pattern_at_sr
2026-03-10T19:23:20.444256+00:00,USOUSD.s,cobra,26551110,H1,HOLD,HOLD,NONE,0,3.9567457271796664,0,,,,,,,,,,,,,,,,0.079,0.079,84.088,86.444,83.929,86.088,,,,,,,,89.53662109844866,85.904,0.4561829656126477,,,,,,none,True,,,,,,,,,,,,,,no_pattern_at_sr
2026-03-10T19:24:20.878816+00:00,BTCUSD,cobra,26551110,H1,HOLD,HOLD,NONE,0,780.1774382870328,0,,,,,,,,,,,,,,,,16.95,16.95,70003.49,70281.25,69857.14,70084.5,,,,,,,,69309.35548578478,70464.87,0.5926087801450858,,,,,,none,True,,,,,,,,,,,,,,no_pattern_at_sr
2026-03-10T19:24:20.880237+00:00,USDJPY.s,cobra,26551110,H1,HOLD,HOLD,NONE,0,0.24242494016764646,0,,,,,,,,,,,,,,,,0.024,0.024,157.86,157.938,157.834,157.914,,,,,,,,157.839267889944,157.93585714285715,0.30465983741637825,,,,,,none,True,,,,,,,,,,,,,,no_pattern_at_sr
2026-03-10T19:24:20.881685+00:00,EURUSD.s,cobra,26551110,H1,HOLD,HOLD,NONE,0,0.002022831033177989,0,,,,,,,,,,,,,,,,0.00019,0.00019,1.16236,1.16277,1.16192,1.1621,,,,,,,,1.161136152836178,1.16262,0.13347629909345726,,,,,,none,True,,,,,,,,,,,,,,no_pattern_at_sr
2026-03-10T19:24:20.883086+00:00,XAUUSD.s,cobra,26551110,H1,HOLD,HOLD,NONE,0,27.485728138472567,0,,,,,,,,,,,,,,,,0.32,0.32,5191.64,5207.52,5184.29,5205.09,,,,,,,,5155.960121365093,5189.332,0.08397085164971194,,,,,,none,True,,,,,,,,,,,,,,no_pattern_at_sr
2026-03-10T19:24:20.884510+00:00,USOUSD.s,cobra,26551110,H1,HOLD,HOLD,NONE,0,3.9567457271796664,0,,,,,,,,,,,,,,,,0.079,0.079,84.088,86.444,83.929,86.064,,,,,,,,89.53662109844866,85.904,0.4561829656126477,,,,,,none,True,,,,,,,,,,,,,,no_pattern_at_sr
2026-03-10T19:25:21.225376+00:00,BTCUSD,cobra,26551110,H1,HOLD,HOLD,NONE,0,780.1774382870328,0,,,,,,,,,,,,,,,,17.06,17.06,70003.49,70281.25,69857.14,70073.59,,,,,,,,69309.35548578478,70464.87,0.5926087801450858,,,,,,none,True,,,,,,,,,,,,,,no_pattern_at_sr
2026-03-10T19:25:21.226968+00:00,USDJPY.s,cobra,26551110,H1,HOLD,HOLD,NONE,0,0.24249636873907537,0,,,,,,,,,,,,,,,,0.023,0.023,157.86,157.939,157.834,157.939,,,,,,,,157.839267889944,157.93585714285715,0.3045700982707095,,,,,,none,True,,,,,,,,,,,,,,no_pattern_at_sr
2026-03-10T19:25:21.228401+00:00,EURUSD.s,cobra,26551110,H1,HOLD,HOLD,NONE,0,0.002030688176035136,0,,,,,,,,,,,,,,,,0.0002,0.0002,1.16236,1.16277,1.16181,1.16181,,,,,,,,1.161136152836178,1.16262,0.13295985232314703,,,,,,none,True,,,,,,,,,,,,,,no_pattern_at_sr
2026-03-10T19:25:21.229732+00:00,XAUUSD.s,cobra,26551110,H1,HOLD,HOLD,NONE,0,27.485728138472567,0,,,,,,,,,,,,,,,,0.36,0.36,5191.64,5207.52,5184.29,5205.2,,,,,,,,5155.960121365093,5189.332,0.08397085164971194,,,,,,none,True,,,,,,,,,,,,,,no_pattern_at_sr
2026-03-10T19:25:21.230997+00:00,USOUSD.s,cobra,26551110,H1,HOLD,HOLD,NONE,0,3.9567457271796664,0,,,,,,,,,,,,,,,,0.079,0.079,84.088,86.444,83.929,86.239,,,,,,,,89.53662109844866,85.904,0.4561829656126477,,,,,,none,True,,,,,,,,,,,,,,no_pattern_at_sr
2026-03-10T19:26:21.567815+00:00,BTCUSD,cobra,26551110,H1,HOLD,HOLD,NONE,0,780.1774382870328,0,,,,,,,,,,,,,,,,17.11,17.11,70003.49,70281.25,69857.14,69937.79,,,,,,,,69309.35548578478,70464.87,0.5926087801450858,,,,,,none,True,,,,,,,,,,,,,,no_pattern_at_sr
2026-03-10T19:26:21.569578+00:00,USDJPY.s,cobra,26551110,H1,HOLD,HOLD,NONE,0,0.24413922588193224,0,,,,,,,,,,,,,,,,0.024,0.024,157.86,157.962,157.834,157.951,,,,,,,,157.839267889944,157.93585714285715,0.30252059082414035,,,,,,none,True,,,,,,,,,,,,,,no_pattern_at_sr
2026-03-10T19:26:21.572507+00:00,EURUSD.s,cobra,26551110,H1,HOLD,HOLD,NONE,0,0.002052116747463705,0,,,,,,,,,,,,,,,,0.00018,0.00018,1.16236,1.16277,1.16151,1.1616,,,,,,,,1.161136152836178,1.16262,0.1315714616791157,,,,,,none,True,,,,,,,,,,,,,,no_pattern_at_sr
2026-03-10T19:26:21.574546+00:00,XAUUSD.s,cobra,26551110,H1,HOLD,HOLD,NONE,0,27.485728138472567,0,,,,,,,,,,,,,,,,0.3,0.3,5191.64,5207.52,5184.29,5201.99,,,,,,,,5155.960121365093,5189.332,0.08397085164971194,,,,,,none,True,,,,,,,,,,,,,,no_pattern_at_sr
2026-03-10T19:26:21.575981+00:00,USOUSD.s,cobra,26551110,H1,HOLD,HOLD,NONE,0,3.9728171557510947,0,,,,,,,,,,,,,,,,0.079,0.079,84.088,86.669,83.929,86.669,,,,,,,,89.53662109844866,85.779,0.4228737276690436,,,,,,none,True,,,,,,,,,,,,,,no_pattern_at_sr
2026-03-10T19:27:21.904441+00:00,BTCUSD,cobra,26551110,H1,HOLD,HOLD,NONE,0,780.1774382870328,0,,,,,,,,,,,,,,,,17.01,17.01,70003.49,70281.25,69857.14,69961.99,,,,,,,,69309.35548578478,70464.87,0.5926087801450858,,,,,,none,True,,,,,,,,,,,,,,no_pattern_at_sr
2026-03-10T19:27:21.905796+00:00,USDJPY.s,cobra,26551110,H1,HOLD,HOLD,NONE,0,0.24413922588193224,0,,,,,,,,,,,,,,,,0.023,0.023,157.86,157.962,157.834,157.952,,,,,,,,157.839267889944,157.93585714285715,0.30252059082414035,,,,,,none,True,,,,,,,,,,,,,,no_pattern_at_sr
2026-03-10T19:27:21.907074+00:00,EURUSD.s,cobra,26551110,H1,HOLD,HOLD,NONE,0,0.002052116747463705,0,,,,,,,,,,,,,,,,0.00018,0.00018,1.16236,1.16277,1.16151,1.1616,,,,,,,,1.161136152836178,1.16262,0.1315714616791157,,,,,,none,True,,,,,,,,,,,,,,no_pattern_at_sr
2026-03-10T19:27:21.908495+00:00,XAUUSD.s,cobra,26551110,H1,HOLD,HOLD,NONE,0,27.485728138472567,0,,,,,,,,,,,,,,,,0.31,0.31,5191.64,5207.52,5184.29,5201.97,,,,,,,,5155.960121365093,5189.332,0.08397085164971194,,,,,,none,True,,,,,,,,,,,,,,no_pattern_at_sr
2026-03-10T19:27:21.909864+00:00,USOUSD.s,cobra,26551110,H1,HOLD,HOLD,NONE,0,3.9760314414653806,0,,,,,,,,,,,,,,,,0.079,0.079,84.088,86.714,83.929,86.489,,,,,,,,89.53662109844866,85.779,0.4225318699644947,,,,,,none,True,,,,,,,,,,,,,,no_pattern_at_sr
2026-03-10T19:28:22.244103+00:00,BTCUSD,cobra,26551110,H1,HOLD,HOLD,NONE,0,780.1774382870328,0,,,,,,,,,,,,,,,,16.99,16.99,70003.49,70281.25,69857.14,70003.71,,,,,,,,69309.35548578478,70464.87,0.5926087801450858,,,,,,none,True,,,,,,,,,,,,,,no_pattern_at_sr
2026-03-10T19:28:22.245393+00:00,USDJPY.s,cobra,26551110,H1,HOLD,HOLD,NONE,0,0.24413922588193224,0,,,,,,,,,,,,,,,,0.024,0.024,157.86,157.962,157.834,157.949,,,,,,,,157.839267889944,157.93585714285715,0.30252059082414035,,,,,,none,True,,,,,,,,,,,,,,no_pattern_at_sr
2026-03-10T19:28:22.246670+00:00,EURUSD.s,cobra,26551110,H1,HOLD,HOLD,NONE,0,0.002052116747463705,0,,,,,,,,,,,,,,,,0.00019,0.00019,1.16236,1.16277,1.16151,1.16171,,,,,,,,1.161136152836178,1.16262,0.1315714616791157,,,,,,none,True,,,,,,,,,,,,,,no_pattern_at_sr
2026-03-10T19:28:22.248212+00:00,XAUUSD.s,cobra,26551110,H1,HOLD,HOLD,NONE,0,27.485728138472567,0,,,,,,,,,,,,,,,,0.31,0.31,5191.64,5207.52,5184.29,5201.2,,,,,,,,5155.960121365093,5189.332,0.08397085164971194,,,,,,none,True,,,,,,,,,,,,,,no_pattern_at_sr
2026-03-10T19:28:22.249621+00:00,USOUSD.s,cobra,26551110,H1,HOLD,HOLD,NONE,0,3.9760314414653806,0,,,,,,,,,,,,,,,,0.099,0.099,84.088,86.714,83.929,86.464,,,,,,,,89.53662109844866,85.779,0.4225318699644947,,,,,,none,True,,,,,,,,,,,,,,no_pattern_at_sr
2026-03-10T19:29:22.606201+00:00,BTCUSD,cobra,26551110,H1,HOLD,HOLD,NONE,0,780.1774382870328,0,,,,,,,,,,,,,,,,16.99,16.99,70003.49,70281.25,69857.14,70035.36,,,,,,,,69309.35548578478,70464.87,0.5926087801450858,,,,,,none,True,,,,,,,,,,,,,,no_pattern_at_sr
2026-03-10T19:29:22.607928+00:00,USDJPY.s,cobra,26551110,H1,HOLD,HOLD,NONE,0,0.2444963687390768,0,,,,,,,,,,,,,,,,0.024,0.024,157.86,157.967,157.834,157.963,,,,,,,,157.839267889944,157.93585714285715,0.302078690321858,,,,,,none,True,,,,,,,,,,,,,,no_pattern_at_sr
2026-03-10T19:29:22.609350+00:00,EURUSD.s,cobra,26551110,H1,HOLD,HOLD,NONE,0,0.002052116747463705,0,,,,,,,,,,,,,,,,0.00018,0.00018,1.16236,1.16277,1.16151,1.16166,,,,,,,,1.161136152836178,1.16262,0.1315714616791157,,,,,,none,True,,,,,,,,,,,,,,no_pattern_at_sr
2026-03-10T19:29:22.610681+00:00,XAUUSD.s,cobra,26551110,H1,HOLD,HOLD,NONE,0,27.485728138472567,0,,,,,,,,,,,,,,,,0.3,0.3,5191.64,5207.52,5184.29,5202.56,,,,,,,,5155.960121365093,5189.332,0.08397085164971194,,,,,,none,True,,,,,,,,,,,,,,no_pattern_at_sr
2026-03-10T19:29:22.611949+00:00,USOUSD.s,cobra,26551110,H1,HOLD,HOLD,NONE,0,3.9859600128939516,0,,,,,,,,,,,,,,,,0.1,0.1,84.088,86.853,83.929,86.853,,,,,,,,89.53662109844866,85.779,0.4214793913048444,,,,,,none,True,,,,,,,,,,,,,,no_pattern_at_sr
2026-03-10T19:30:22.942298+00:00,BTCUSD,cobra,26551110,H1,HOLD,HOLD,NONE,0,780.1774382870328,0,,,,,,,,,,,,,,,,17.11,17.11,70003.49,70281.25,69857.14,69968.92,,,,,,,,69309.35548578478,70464.87,0.5926087801450858,,,,,,none,True,,,,,,,,,,,,,,no_pattern_at_sr
2026-03-10T19:30:22.943586+00:00,USDJPY.s,cobra,26551110,H1,HOLD,HOLD,NONE,0,0.24528208302479076,0,,,,,,,,,,,,,,,,0.024,0.024,157.86,157.978,157.834,157.974,,,,,,,,157.839267889944,157.92966666666666,0.27587284742615525,,,,,,none,True,,,,,,,,,,,,,,no_pattern_at_sr
2026-03-10T19:30:22.944855+00:00,EURUSD.s,cobra,26551110,H1,HOLD,HOLD,NONE,0,0.0020549738903208508,0,,,,,,,,,,,,,,,,0.00018,0.00018,1.16236,1.16277,1.16147,1.16151,,,,,,,,1.161136152836178,1.16262,0.13138853066295472,,,,,,none,True,,,,,,,,,,,,,,no_pattern_at_sr
2026-03-10T19:30:22.946400+00:00,XAUUSD.s,cobra,26551110,H1,HOLD,HOLD,NONE,0,27.485728138472567,0,,,,,,,,,,,,,,,,0.36,0.36,5191.64,5207.52,5184.29,5199.67,,,,,,,,5155.960121365093,5189.332,0.08397085164971194,,,,,,none,True,,,,,,,,,,,,,,no_pattern_at_sr
2026-03-10T19:30:22.947679+00:00,USOUSD.s,cobra,26551110,H1,HOLD,HOLD,NONE,0,4.0088885843225235,0,,,,,,,,,,,,,,,,0.079,0.079,84.088,87.174,83.929,86.954,,,,,,,,89.53662109844866,85.779,0.4190687679797172,,,,,,none,True,,,,,,,,,,,,,,no_pattern_at_sr
2026-03-10T19:31:23.323176+00:00,BTCUSD,cobra,26551110,H1,HOLD,HOLD,NONE,0,780.1774382870328,0,,,,,,,,,,,,,,,,17.01,17.01,70003.49,70281.25,69857.14,69941.47,,,,,,,,69309.35548578478,70464.87,0.5926087801450858,,,,,,none,True,,,,,,,,,,,,,,no_pattern_at_sr
2026-03-10T19:31:23.325838+00:00,USDJPY.s,cobra,26551110,H1,HOLD,HOLD,NONE,0,0.24578208302479113,0,,,,,,,,,,,,,,,,0.023,0.023,157.86,157.985,157.834,157.985,,,,,,,,157.839267889944,157.92966666666666,0.2753116331097347,,,,,,none,True,,,,,,,,,,,,,,no_pattern_at_sr
2026-03-10T19:31:23.328122+00:00,EURUSD.s,cobra,26551110,H1,HOLD,HOLD,NONE,0,0.0020592596046065613,0,,,,,,,,,,,,,,,,0.00019,0.00019,1.16236,1.16277,1.16141,1.16143,,,,,,,,1.161136152836178,1.16262,0.13111508592505908,,,,,,none,True,,,,,,,,,,,,,,no_pattern_at_sr
2026-03-10T19:31:23.329988+00:00,XAUUSD.s,cobra,26551110,H1,HOLD,HOLD,NONE,0,27.485728138472567,0,,,,,,,,,,,,,,,,0.32,0.32,5191.64,5207.52,5184.29,5195.07,,,,,,,,5155.960121365093,5189.332,0.08397085164971194,,,,,,none,True,,,,,,,,,,,,,,no_pattern_at_sr
2026-03-10T19:31:23.331507+00:00,USOUSD.s,cobra,26551110,H1,HOLD,HOLD,NONE,0,4.0088885843225235,0,,,,,,,,,,,,,,,,0.079,0.079,84.088,87.174,83.929,87.043,,,,,,,,89.53662109844866,85.779,0.4190687679797172,,,,,,none,True,,,,,,,,,,,,,,no_pattern_at_sr
2026-03-10T19:32:23.653208+00:00,BTCUSD,cobra,26551110,H1,HOLD,HOLD,NONE,0,780.1774382870328,0,,,,,,,,,,,,,,,,17.04,17.04,70003.49,70281.25,69857.14,69894.7,,,,,,,,69309.35548578478,70464.87,0.5926087801450858,,,,,,none,True,,,,,,,,,,,,,,no_pattern_at_sr
2026-03-10T19:32:23.654711+00:00,USDJPY.s,cobra,26551110,H1,HOLD,HOLD,NONE,0,0.24613922588193365,0,,,,,,,,,,,,,,,,0.023,0.023,157.86,157.99,157.834,157.986,,,,,,,,157.839267889944,157.92966666666666,0.27491216170122157,,,,,,none,True,,,,,,,,,,,,,,no_pattern_at_sr
2026-03-10T19:32:23.656087+00:00,EURUSD.s,cobra,26551110,H1,HOLD,HOLD,NONE,0,0.002063545318892272,0,,,,,,,,,,,,,,,,0.00019,0.00019,1.16236,1.16277,1.16135,1.16136,,,,,,,,1.161136152836178,1.16262,0.1308427770052226,,,,,,none,True,,,,,,,,,,,,,,no_pattern_at_sr
2026-03-10T19:32:23.657601+00:00,XAUUSD.s,cobra,26551110,H1,HOLD,HOLD,NONE,0,27.485728138472567,0,,,,,,,,,,,,,,,,0.36,0.36,5191.64,5207.52,5184.29,5190.18,,,,,,,,5155.960121365093,5189.332,0.08397085164971194,,,,,,none,True,,,,,,,,,,,,,,no_pattern_at_sr
2026-03-10T19:32:23.659198+00:00,USOUSD.s,cobra,26551110,H1,HOLD,HOLD,NONE,0,4.0088885843225235,0,,,,,,,,,,,,,,,,0.079,0.079,84.088,87.174,83.929,86.948,,,,,,,,89.53662109844866,85.779,0.4190687679797172,,,,,,none,True,,,,,,,,,,,,,,no_pattern_at_sr
2026-03-10T19:33:24.019491+00:00,BTCUSD,cobra,26551110,H1,HOLD,HOLD,NONE,0,780.2460097156047,0,,,,,,,,,,,,,,,,16.98,16.98,70003.49,70281.25,69856.18,69886.85,,,,,,,,69309.35548578478,70464.87,0.5925566990961182,,,,,,none,True,,,,,,,,,,,,,,no_pattern_at_sr
2026-03-10T19:33:24.021051+00:00,USDJPY.s,cobra,26551110,H1,HOLD,HOLD,NONE,0,0.24613922588193365,0,,,,,,,,,,,,,,,,0.024,0.024,157.86,157.99,157.834,157.984,,,,,,,,157.839267889944,157.92966666666666,0.27491216170122157,,,,,,none,True,,,,,,,,,,,,,,no_pattern_at_sr
2026-03-10T19:33:24.022623+00:00,EURUSD.s,cobra,26551110,H1,HOLD,HOLD,NONE,0,0.0020692596046065635,0,,,,,,,,,,,,,,,,0.00019,0.00019,1.16236,1.16277,1.16127,1.16137,,,,,,,,1.161136152836178,1.16221,0.0676570497429914,,,,,,none,True,,,,,,,,,,,,,,no_pattern_at_sr
2026-03-10T19:33:24.024015+00:00,XAUUSD.s,cobra,26551110,H1,HOLD,HOLD,NONE,0,27.485728138472567,0,,,,,,,,,,,,,,,,0.34,0.34,5191.64,5207.52,5184.29,5185.53,,,,,,,,5155.960121365093,5189.332,0.08397085164971194,,,,,,none,True,,,,,,,,,,,,,,no_pattern_at_sr
2026-03-10T19:33:24.025253+00:00,USOUSD.s,cobra,26551110,H1,HOLD,HOLD,NONE,0,4.0088885843225235,0,,,,,,,,,,,,,,,,0.079,0.079,84.088,87.174,83.929,86.694,,,,,,,,89.53662109844866,85.779,0.4190687679797172,,,,,,none,True,,,,,,,,,,,,,,no_pattern_at_sr
2026-03-10T19:34:24.383150+00:00,BTCUSD,cobra,26551110,H1,HOLD,HOLD,NONE,0,780.4295811441756,0,,,,,,,,,,,,,,,,17.01,17.01,70003.49,70281.25,69853.61,69862.27,,,,,,,,69309.35548578478,70464.87,0.5924173188337724,,,,,,none,True,,,,,,,,,,,,,,no_pattern_at_sr
2026-03-10T19:34:24.384548+00:00,USDJPY.s,cobra,26551110,H1,HOLD,HOLD,NONE,0,0.24613922588193365,0,,,,,,,,,,,,,,,,0.023,0.023,157.86,157.99,157.834,157.986,,,,,,,,157.839267889944,157.92966666666666,0.27491216170122157,,,,,,none,True,,,,,,,,,,,,,,no_pattern_at_sr
2026-03-10T19:34:24.385838+00:00,EURUSD.s,cobra,26551110,H1,HOLD,HOLD,NONE,0,0.0020692596046065635,0,,,,,,,,,,,,,,,,0.00018,0.00018,1.16236,1.16277,1.16127,1.16138,,,,,,,,1.161136152836178,1.16221,0.0676570497429914,,,,,,none,True,,,,,,,,,,,,,,no_pattern_at_sr
2026-03-10T19:34:24.387207+00:00,XAUUSD.s,cobra,26551110,H1,HOLD,HOLD,NONE,0,27.672156709901117,0,,,,,,,,,,,,,,,,0.37,0.37,5191.64,5207.52,5181.68,5184.95,,,,,,,,5155.960121365093,5189.332,0.08340513622395716,,,,,,none,True,,,,,,,,,,,,,,no_pattern_at_sr
2026-03-10T19:34:24.388636+00:00,USOUSD.s,cobra,26551110,H1,HOLD,HOLD,NONE,0,4.015674298608238,0,,,,,,,,,,,,,,,,0.079,0.079,84.088,87.269,83.929,87.133,,,,,,,,89.53662109844866,85.779,0.41836062266858914,,,,,,none,True,,,,,,,,,,,,,,no_pattern_at_sr
2026-03-10T19:35:24.865088+00:00,BTCUSD,cobra,26551110,H1,HOLD,HOLD,NONE,0,784.4224382870323,0,,,,,,,,,,,,,,,,16.99,16.99,70003.49,70281.25,69797.71,69810.23,,,,,,,,69309.35548578478,70464.87,0.5894018037138544,,,,,,none,True,,,,,,,,,,,,,,no_pattern_at_sr
2026-03-10T19:35:24.866481+00:00,USDJPY.s,cobra,26551110,H1,HOLD,HOLD,NONE,0,0.2487820830247892,0,,,,,,,,,,,,,,,,0.024,0.024,157.86,158.027,157.834,158.027,,,,,,,,157.839267889944,157.92966666666666,0.27199171999828137,,,,,,none,True,,,,,,,,,,,,,,no_pattern_at_sr
2026-03-10T19:35:24.867751+00:00,EURUSD.s,cobra,26551110,H1,HOLD,HOLD,NONE,0,0.0020714024617494186,0,,,,,,,,,,,,,,,,0.00019,0.00019,1.16236,1.16277,1.16124,1.16125,,,,,,,,1.161136152836178,1.16221,0.0675870588093204,,,,,,none,True,,,,,,,,,,,,,,no_pattern_at_sr
2026-03-10T19:35:24.869373+00:00,XAUUSD.s,cobra,26551110,H1,HOLD,HOLD,NONE,0,27.672156709901117,0,,,,,,,,,,,,,,,,0.33,0.33,5191.64,5207.52,5181.68,5183.1,,,,,,,,5155.960121365093,5189.332,0.08340513622395716,,,,,,none,True,,,,,,,,,,,,,,no_pattern_at_sr
2026-03-10T19:35:24.870700+00:00,USOUSD.s,cobra,26551110,H1,HOLD,HOLD,NONE,0,4.015674298608238,0,,,,,,,,,,,,,,,,0.079,0.079,84.088,87.269,83.929,87.029,,,,,,,,89.53662109844866,85.779,0.41836062266858914,,,,,,none,True,,,,,,,,,,,,,,no_pattern_at_sr
2026-03-10T19:36:25.192570+00:00,BTCUSD,cobra,26551110,H1,HOLD,HOLD,NONE,0,789.6345811441753,0,,,,,,,,,,,,,,,,17.04,17.04,70003.49,70281.25,69724.74,69739.62,,,,,,,,69309.35548578478,70464.87,0.5855113378267564,,,,,,none,True,,,,,,,,,,,,,,no_pattern_at_sr
2026-03-10T19:36:25.193850+00:00,USDJPY.s,cobra,26551110,H1,HOLD,HOLD,NONE,0,0.24971065445336102,0,,,,,,,,,,,,,,,,0.023,0.023,157.86,158.04,157.834,158.037,,,,,,,,157.839267889944,157.92966666666666,0.2709802944323543,,,,,,none,True,,,,,,,,,,,,,,no_pattern_at_sr
2026-03-10T19:36:25.195112+00:00,EURUSD.s,cobra,26551110,H1,HOLD,HOLD,NONE,0,0.002079973890320856,0,,,,,,,,,,,,,,,,0.00019,0.00019,1.16236,1.16277,1.16112,1.16129,,,,,,,,1.161136152836178,1.16221,0.06730853721362466,,,,,,none,True,,,,,,,,,,,,,,no_pattern_at_sr
2026-03-10T19:36:25.196532+00:00,XAUUSD.s,cobra,26551110,H1,HOLD,HOLD,NONE,0,27.800728138472557,0,,,,,,,,,,,,,,,,0.36,0.36,5191.64,5207.52,5179.88,5187.32,,,,,,,,5155.960121365093,5189.332,0.08301940828686512,,,,,,none,True,,,,,,,,,,,,,,no_pattern_at_sr
2026-03-10T19:36:25.197906+00:00,USOUSD.s,cobra,26551110,H1,HOLD,HOLD,NONE,0,4.015674298608238,0,,,,,,,,,,,,,,,,0.079,0.079,84.088,87.269,83.929,86.564,,,,,,,,89.53662109844866,85.779,0.41836062266858914,,,,,,none,True,,,,,,,,,,,,,,no_pattern_at_sr
2026-03-10T19:37:25.519262+00:00,BTCUSD,cobra,26551110,H1,HOLD,HOLD,NONE,0,789.6345811441753,0,,,,,,,,,,,,,,,,16.97,16.97,70003.49,70281.25,69724.74,69875.16,,,,,,,,69309.35548578478,70464.87,0.5855113378267564,,,,,,none,True,,,,,,,,,,,,,,no_pattern_at_sr
2026-03-10T19:37:25.520588+00:00,USDJPY.s,cobra,26551110,H1,HOLD,HOLD,NONE,0,0.2507106544533617,0,,,,,,,,,,,,,,,,0.023,0.023,157.86,158.054,157.834,158.041,,,,,,,,157.839267889944,157.92966666666666,0.2698994456945,,,,,,none,True,,,,,,,,,,,,,,no_pattern_at_sr
2026-03-10T19:37:25.521927+00:00,EURUSD.s,cobra,26551110,H1,HOLD,HOLD,NONE,0,0.002079973890320856,0,,,,,,,,,,,,,,,,0.00018,0.00018,1.16236,1.16277,1.16112,1.16125,,,,,,,,1.161136152836178,1.16221,0.06730853721362466,,,,,,none,True,,,,,,,,,,,,,,no_pattern_at_sr
2026-03-10T19:37:25.523312+00:00,XAUUSD.s,cobra,26551110,H1,HOLD,HOLD,NONE,0,27.800728138472557,0,,,,,,,,,,,,,,,,0.37,0.37,5191.64,5207.52,5179.88,5193.01,,,,,,,,5155.960121365093,5189.332,0.08301940828686512,,,,,,none,True,,,,,,,,,,,,,,no_pattern_at_sr
2026-03-10T19:37:25.524593+00:00,USOUSD.s,cobra,26551110,H1,HOLD,HOLD,NONE,0,4.015674298608238,0,,,,,,,,,,,,,,,,0.099,0.099,84.088,87.269,83.929,86.694,,,,,,,,89.53662109844866,85.779,0.41836062266858914,,,,,,none,True,,,,,,,,,,,,,,no_pattern_at_sr
2026-03-10T19:38:25.863015+00:00,BTCUSD,cobra,26551110,H1,HOLD,HOLD,NONE,0,789.6345811441753,0,,,,,,,,,,,,,,,,16.99,16.99,70003.49,70281.25,69724.74,69872.1,,,,,,,,69309.35548578478,70464.87,0.5855113378267564,,,,,,none,True,,,,,,,,,,,,,,no_pattern_at_sr
2026-03-10T19:38:25.864384+00:00,USDJPY.s,cobra,26551110,H1,HOLD,HOLD,NONE,0,0.2514963687390757,0,,,,,,,,,,,,,,,,0.023,0.023,157.86,158.065,157.834,158.043,,,,,,,,157.839267889944,157.92966666666666,0.26905623729649536,,,,,,none,True,,,,,,,,,,,,,,no_pattern_at_sr
2026-03-10T19:38:25.865637+00:00,EURUSD.s,cobra,26551110,H1,HOLD,HOLD,NONE,0,0.002082831033177986,0,,,,,,,,,,,,,,,,0.00019,0.00019,1.16236,1.16277,1.1610800000000001,1.16121,,,,,,,,1.161136152836178,1.16221,0.06721620610118183,,,,,,none,True,,,,,,,,,,,,,,no_pattern_at_sr
2026-03-10T19:38:25.867087+00:00,XAUUSD.s,cobra,26551110,H1,HOLD,HOLD,NONE,0,27.800728138472557,0,,,,,,,,,,,,,,,,0.32,0.32,5191.64,5207.52,5179.88,5192.29,,,,,,,,5155.960121365093,5189.332,0.08301940828686512,,,,,,none,True,,,,,,,,,,,,,,no_pattern_at_sr
2026-03-10T19:38:25.868342+00:00,USOUSD.s,cobra,26551110,H1,HOLD,HOLD,NONE,0,4.015674298608238,0,,,,,,,,,,,,,,,,0.079,0.079,84.088,87.269,83.929,86.609,,,,,,,,89.53662109844866,85.779,0.41836062266858914,,,,,,none,True,,,,,,,,,,,,,,no_pattern_at_sr
2026-03-10T19:39:26.198057+00:00,BTCUSD,cobra,26551110,H1,HOLD,HOLD,NONE,0,789.6345811441753,0,,,,,,,,,,,,,,,,17.1,17.1,70003.49,70281.25,69724.74,69907.13,,,,,,,,69309.35548578478,70464.87,0.5855113378267564,,,,,,none,True,,,,,,,,,,,,,,no_pattern_at_sr
2026-03-10T19:39:26.199330+00:00,USDJPY.s,cobra,26551110,H1,HOLD,HOLD,NONE,0,0.2514963687390757,0,,,,,,,,,,,,,,,,0.025,0.025,157.86,158.065,157.834,158.051,,,,,,,,157.839267889944,157.92966666666666,0.26905623729649536,,,,,,none,True,,,,,,,,,,,,,,no_pattern_at_sr
2026-03-10T19:39:26.200596+00:00,EURUSD.s,cobra,26551110,H1,HOLD,HOLD,NONE,0,0.002082831033177986,0,,,,,,,,,,,,,,,,0.00018,0.00018,1.16236,1.16277,1.1610800000000001,1.16134,,,,,,,,1.161136152836178,1.16221,0.06721620610118183,,,,,,none,True,,,,,,,,,,,,,,no_pattern_at_sr
2026-03-10T19:39:26.202005+00:00,XAUUSD.s,cobra,26551110,H1,HOLD,HOLD,NONE,0,27.800728138472557,0,,,,,,,,,,,,,,,,0.31,0.31,5191.64,5207.52,5179.88,5193.59,,,,,,,,5155.960121365093,5189.332,0.08301940828686512,,,,,,none,True,,,,,,,,,,,,,,no_pattern_at_sr
2026-03-10T19:39:26.203503+00:00,USOUSD.s,cobra,26551110,H1,HOLD,HOLD,NONE,0,4.015674298608238,0,,,,,,,,,,,,,,,,0.079,0.079,84.088,87.269,83.929,86.934,,,,,,,,89.53662109844866,85.779,0.41836062266858914,,,,,,none,True,,,,,,,,,,,,,,no_pattern_at_sr
2026-03-10T19:40:26.545257+00:00,BTCUSD,cobra,26551110,H1,HOLD,HOLD,NONE,0,789.6345811441753,0,,,,,,,,,,,,,,,,17.11,17.11,70003.49,70281.25,69724.74,69936.95,,,,,,,,69309.35548578478,70464.87,0.5855113378267564,,,,,,none,True,,,,,,,,,,,,,,no_pattern_at_sr
2026-03-10T19:40:26.546667+00:00,USDJPY.s,cobra,26551110,H1,HOLD,HOLD,NONE,0,0.2514963687390757,0,,,,,,,,,,,,,,,,0.025,0.025,157.86,158.065,157.834,158.05,,,,,,,,157.839267889944,157.92966666666666,0.26905623729649536,,,,,,none,True,,,,,,,,,,,,,,no_pattern_at_sr
2026-03-10T19:40:26.547949+00:00,EURUSD.s,cobra,26551110,H1,HOLD,HOLD,NONE,0,0.002082831033177986,0,,,,,,,,,,,,,,,,0.00019,0.00019,1.16236,1.16277,1.1610800000000001,1.16124,,,,,,,,1.161136152836178,1.16221,0.06721620610118183,,,,,,none,True,,,,,,,,,,,,,,no_pattern_at_sr
2026-03-10T19:40:26.549469+00:00,XAUUSD.s,cobra,26551110,H1,HOLD,HOLD,NONE,0,27.800728138472557,0,,,,,,,,,,,,,,,,0.37,0.37,5191.64,5207.52,5179.88,5192.59,,,,,,,,5155.960121365093,5189.332,0.08301940828686512,,,,,,none,True,,,,,,,,,,,,,,no_pattern_at_sr
2026-03-10T19:40:26.550757+00:00,USOUSD.s,cobra,26551110,H1,HOLD,HOLD,NONE,0,4.015674298608238,0,,,,,,,,,,,,,,,,0.079,0.079,84.088,87.269,83.929,86.889,,,,,,,,89.53662109844866,85.779,0.41836062266858914,,,,,,none,True,,,,,,,,,,,,,,no_pattern_at_sr
2026-03-10T19:41:26.882244+00:00,BTCUSD,cobra,26551110,H1,HOLD,HOLD,NONE,0,789.6345811441753,0,,,,,,,,,,,,,,,,17.0,17.0,70003.49,70281.25,69724.74,70034.02,,,,,,,,69309.35548578478,70464.87,0.5855113378267564,,,,,,none,True,,,,,,,,,,,,,,no_pattern_at_sr
2026-03-10T19:41:26.884559+00:00,USDJPY.s,cobra,26551110,H1,HOLD,HOLD,NONE,0,0.25578208302479016,0,,,,,,,,,,,,,,,,0.023,0.023,157.86,158.125,157.834,158.029,,,,,,,,157.839267889944,157.92966666666666,0.26454811011961876,,,,,,none,True,,,,,,,,,,,,,,no_pattern_at_sr
2026-03-10T19:41:26.886463+00:00,EURUSD.s,cobra,26551110,H1,HOLD,HOLD,NONE,0,0.0021185453188922836,0,,,,,,,,,,,,,,,,0.00018,0.00018,1.16236,1.16277,1.16058,1.16161,,,,,,,,1.161136152836178,1.16221,0.06608308009820167,,,,,,none,True,,,,,,,,,,,,,,no_pattern_at_sr
2026-03-10T19:41:26.887974+00:00,XAUUSD.s,cobra,26551110,H1,HOLD,HOLD,NONE,0,27.800728138472557,0,,,,,,,,,,,,,,,,0.36,0.36,5191.64,5207.52,5179.88,5191.59,,,,,,,,5155.960121365093,5189.332,0.08301940828686512,,,,,,none,True,,,,,,,,,,,,,,no_pattern_at_sr
2026-03-10T19:41:26.889439+00:00,USOUSD.s,cobra,26551110,H1,HOLD,HOLD,NONE,0,4.046031441465381,0,,,,,,,,,,,,,,,,0.099,0.099,84.088,87.694,83.929,85.714,,,,,,,,89.53662109844866,85.779,0.4152216868071432,,,,,,none,True,,,,,,,,,,,,,,no_pattern_at_sr
2026-03-10T19:42:27.225342+00:00,BTCUSD,cobra,26551110,H1,HOLD,HOLD,NONE,0,789.6345811441753,0,,,,,,,,,,,,,,,,16.95,16.95,70003.49,70281.25,69724.74,70022.12,,,,,,,,69309.35548578478,70464.87,0.5855113378267564,,,,,,none,True,,,,,,,,,,,,,,no_pattern_at_sr
2026-03-10T19:42:27.226727+00:00,USDJPY.s,cobra,26551110,H1,HOLD,HOLD,NONE,0,0.25578208302479016,0,,,,,,,,,,,,,,,,0.024,0.024,157.86,158.125,157.834,158.062,,,,,,,,157.839267889944,157.92966666666666,0.26454811011961876,,,,,,none,True,,,,,,,,,,,,,,no_pattern_at_sr
2026-03-10T19:42:27.228007+00:00,EURUSD.s,cobra,26551110,H1,HOLD,HOLD,NONE,0,0.0021185453188922836,0,,,,,,,,,,,,,,,,0.00019,0.00019,1.16236,1.16277,1.16058,1.16129,,,,,,,,1.161136152836178,1.16221,0.06608308009820167,,,,,,none,True,,,,,,,,,,,,,,no_pattern_at_sr
2026-03-10T19:42:27.229403+00:00,XAUUSD.s,cobra,26551110,H1,HOLD,HOLD,NONE,0,27.800728138472557,0,,,,,,,,,,,,,,,,0.3,0.3,5191.64,5207.52,5179.88,5186.16,,,,,,,,5155.960121365093,5189.332,0.08301940828686512,,,,,,none,True,,,,,,,,,,,,,,no_pattern_at_sr
2026-03-10T19:42:27.230768+00:00,USOUSD.s,cobra,26551110,H1,HOLD,HOLD,NONE,0,4.046031441465381,0,,,,,,,,,,,,,,,,0.079,0.079,84.088,87.694,83.929,86.174,,,,,,,,89.53662109844866,85.779,0.4152216868071432,,,,,,none,True,,,,,,,,,,,,,,no_pattern_at_sr
2026-03-10T19:43:27.563824+00:00,BTCUSD,cobra,26551110,H1,HOLD,HOLD,NONE,0,789.6345811441753,0,,,,,,,,,,,,,,,,17.08,17.08,70003.49,70281.25,69724.74,70049.17,,,,,,,,69309.35548578478,70464.87,0.5855113378267564,,,,,,none,True,,,,,,,,,,,,,,no_pattern_at_sr
2026-03-10T19:43:27.565129+00:00,USDJPY.s,cobra,26551110,H1,HOLD,HOLD,NONE,0,0.25578208302479016,0,,,,,,,,,,,,,,,,0.024,0.024,157.86,158.125,157.834,158.007,,,,,,,,157.839267889944,157.92966666666666,0.26454811011961876,,,,,,none,True,,,,,,,,,,,,,,no_pattern_at_sr
2026-03-10T19:43:27.566445+00:00,EURUSD.s,cobra,26551110,H1,HOLD,HOLD,NONE,0,0.0021185453188922836,0,,,,,,,,,,,,,,,,0.00019,0.00019,1.16236,1.16277,1.16058,1.16161,,,,,,,,1.161136152836178,1.16221,0.06608308009820167,,,,,,none,True,,,,,,,,,,,,,,no_pattern_at_sr
2026-03-10T19:43:27.567971+00:00,XAUUSD.s,cobra,26551110,H1,HOLD,HOLD,NONE,0,27.800728138472557,0,,,,,,,,,,,,,,,,0.34,0.34,5191.64,5207.52,5179.88,5188.65,,,,,,,,5155.960121365093,5189.332,0.08301940828686512,,,,,,none,True,,,,,,,,,,,,,,no_pattern_at_sr
2026-03-10T19:43:27.569250+00:00,USOUSD.s,cobra,26551110,H1,HOLD,HOLD,NONE,0,4.046031441465381,0,,,,,,,,,,,,,,,,0.079,0.079,84.088,87.694,83.929,85.909,,,,,,,,89.53662109844866,85.779,0.4152216868071432,,,,,,none,True,,,,,,,,,,,,,,no_pattern_at_sr
2026-03-10T19:44:27.899703+00:00,BTCUSD,cobra,26551110,H1,HOLD,HOLD,NONE,0,789.6345811441753,0,,,,,,,,,,,,,,,,17.03,17.03,70003.49,70281.25,69724.74,70030.82,,,,,,,,69309.35548578478,70464.87,0.5855113378267564,,,,,,none,True,,,,,,,,,,,,,,no_pattern_at_sr
2026-03-10T19:44:27.901337+00:00,USDJPY.s,cobra,26551110,H1,HOLD,HOLD,NONE,0,0.25578208302479016,0,,,,,,,,,,,,,,,,0.023,0.023,157.86,158.125,157.834,158.0,,,,,,,,157.839267889944,157.92966666666666,0.26454811011961876,,,,,,none,True,,,,,,,,,,,,,,no_pattern_at_sr
2026-03-10T19:44:27.902748+00:00,EURUSD.s,cobra,26551110,H1,HOLD,HOLD,NONE,0,0.0021185453188922836,0,,,,,,,,,,,,,,,,0.00019,0.00019,1.16236,1.16277,1.16058,1.1619,,,,,,,,1.161136152836178,1.16221,0.06608308009820167,,,,,,none,True,,,,,,,,,,,,,,no_pattern_at_sr
2026-03-10T19:44:27.904360+00:00,XAUUSD.s,cobra,26551110,H1,HOLD,HOLD,NONE,0,27.800728138472557,0,,,,,,,,,,,,,,,,0.34,0.34,5191.64,5207.52,5179.88,5188.87,,,,,,,,5155.960121365093,5189.332,0.08301940828686512,,,,,,none,True,,,,,,,,,,,,,,no_pattern_at_sr
2026-03-10T19:44:27.905724+00:00,USOUSD.s,cobra,26551110,H1,HOLD,HOLD,NONE,0,4.046031441465381,0,,,,,,,,,,,,,,,,0.079,0.079,84.088,87.694,83.929,85.894,,,,,,,,89.53662109844866,85.779,0.4152216868071432,,,,,,none,True,,,,,,,,,,,,,,no_pattern_at_sr
2026-03-10T19:45:28.245125+00:00,BTCUSD,cobra,26551110,H1,HOLD,HOLD,NONE,0,789.6345811441753,0,,,,,,,,,,,,,,,,17.03,17.03,70003.49,70281.25,69724.74,70012.15,,,,,,,,69309.35548578478,70464.87,0.5855113378267564,,,,,,none,True,,,,,,,,,,,,,,no_pattern_at_sr
2026-03-10T19:45:28.246543+00:00,USDJPY.s,cobra,26551110,H1,HOLD,HOLD,NONE,0,0.25578208302479016,0,,,,,,,,,,,,,,,,0.024,0.024,157.86,158.125,157.834,158.056,,,,,,,,157.839267889944,157.92966666666666,0.26454811011961876,,,,,,none,True,,,,,,,,,,,,,,no_pattern_at_sr
2026-03-10T19:45:28.247864+00:00,EURUSD.s,cobra,26551110,H1,HOLD,HOLD,NONE,0,0.0021185453188922836,0,,,,,,,,,,,,,,,,0.00019,0.00019,1.16236,1.16277,1.16058,1.16135,,,,,,,,1.161136152836178,1.16221,0.06608308009820167,,,,,,none,True,,,,,,,,,,,,,,no_pattern_at_sr
2026-03-10T19:45:28.249644+00:00,XAUUSD.s,cobra,26551110,H1,HOLD,HOLD,NONE,0,27.800728138472557,0,,,,,,,,,,,,,,,,0.37,0.37,5191.64,5207.52,5179.88,5190.8,,,,,,,,5155.960121365093,5189.332,0.08301940828686512,,,,,,none,True,,,,,,,,,,,,,,no_pattern_at_sr
2026-03-10T19:45:28.250933+00:00,USOUSD.s,cobra,26551110,H1,HOLD,HOLD,NONE,0,4.046031441465381,0,,,,,,,,,,,,,,,,0.079,0.079,84.088,87.694,83.929,86.698,,,,,,,,89.53662109844866,85.779,0.4152216868071432,,,,,,none,True,,,,,,,,,,,,,,no_pattern_at_sr
2026-03-10T19:46:28.615648+00:00,BTCUSD,cobra,26551110,H1,HOLD,HOLD,NONE,0,789.6345811441753,0,,,,,,,,,,,,,,,,17.09,17.09,70003.49,70281.25,69724.74,69957.29,,,,,,,,69309.35548578478,70464.87,0.5855113378267564,,,,,,none,True,,,,,,,,,,,,,,no_pattern_at_sr
2026-03-10T19:46:28.617053+00:00,USDJPY.s,cobra,26551110,H1,HOLD,HOLD,NONE,0,0.25578208302479016,0,,,,,,,,,,,,,,,,0.024,0.024,157.86,158.125,157.834,158.073,,,,,,,,157.839267889944,157.92966666666666,0.26454811011961876,,,,,,none,True,,,,,,,,,,,,,,no_pattern_at_sr
2026-03-10T19:46:28.618334+00:00,EURUSD.s,cobra,26551110,H1,HOLD,HOLD,NONE,0,0.0021185453188922836,0,,,,,,,,,,,,,,,,0.00019,0.00019,1.16236,1.16277,1.16058,1.16111,,,,,,,,1.161136152836178,1.16221,0.06608308009820167,,,,,,none,True,,,,,,,,,,,,,,no_pattern_at_sr
2026-03-10T19:46:28.619875+00:00,XAUUSD.s,cobra,26551110,H1,HOLD,HOLD,NONE,0,27.800728138472557,0,,,,,,,,,,,,,,,,0.32,0.32,5191.64,5207.52,5179.88,5188.68,,,,,,,,5155.960121365093,5189.332,0.08301940828686512,,,,,,none,True,,,,,,,,,,,,,,no_pattern_at_sr
2026-03-10T19:46:28.621189+00:00,USOUSD.s,cobra,26551110,H1,HOLD,HOLD,NONE,0,4.046031441465381,0,,,,,,,,,,,,,,,,0.079,0.079,84.088,87.694,83.929,86.619,,,,,,,,89.53662109844866,85.779,0.4152216868071432,,,,,,none,True,,,,,,,,,,,,,,no_pattern_at_sr
2026-03-10T19:47:28.957255+00:00,BTCUSD,cobra,26551110,H1,HOLD,HOLD,NONE,0,789.6345811441753,0,,,,,,,,,,,,,,,,17.02,17.02,70003.49,70281.25,69724.74,70003.3,,,,,,,,69309.35548578478,70464.87,0.5855113378267564,,,,,,none,True,,,,,,,,,,,,,,no_pattern_at_sr
2026-03-10T19:47:28.958655+00:00,USDJPY.s,cobra,26551110,H1,HOLD,HOLD,NONE,0,0.25578208302479016,0,,,,,,,,,,,,,,,,0.023,0.023,157.86,158.125,157.834,158.081,,,,,,,,157.839267889944,157.92966666666666,0.26454811011961876,,,,,,none,True,,,,,,,,,,,,,,no_pattern_at_sr
2026-03-10T19:47:28.959932+00:00,EURUSD.s,cobra,26551110,H1,HOLD,HOLD,NONE,0,0.0021185453188922836,0,,,,,,,,,,,,,,,,0.00019,0.00019,1.16236,1.16277,1.16058,1.16101,,,,,,,,1.161136152836178,1.16221,0.06608308009820167,,,,,,none,True,,,,,,,,,,,,,,no_pattern_at_sr
2026-03-10T19:47:28.961345+00:00,XAUUSD.s,cobra,26551110,H1,HOLD,HOLD,NONE,0,27.800728138472557,0,,,,,,,,,,,,,,,,0.34,0.34,5191.64,5207.52,5179.88,5191.11,,,,,,,,5155.960121365093,5189.332,0.08301940828686512,,,,,,none,True,,,,,,,,,,,,,,no_pattern_at_sr
2026-03-10T19:47:28.962682+00:00,USOUSD.s,cobra,26551110,H1,HOLD,HOLD,NONE,0,4.046031441465381,0,,,,,,,,,,,,,,,,0.079,0.079,84.088,87.694,83.929,86.774,,,,,,,,89.53662109844866,85.779,0.4152216868071432,,,,,,none,True,,,,,,,,,,,,,,no_pattern_at_sr
2026-03-10T19:48:29.300296+00:00,BTCUSD,cobra,26551110,H1,HOLD,HOLD,NONE,0,789.6345811441753,0,,,,,,,,,,,,,,,,16.96,16.96,70003.49,70281.25,69724.74,69958.72,,,,,,,,69309.35548578478,70464.87,0.5855113378267564,,,,,,none,True,,,,,,,,,,,,,,no_pattern_at_sr
2026-03-10T19:48:29.301825+00:00,USDJPY.s,cobra,26551110,H1,HOLD,HOLD,NONE,0,0.25578208302479016,0,,,,,,,,,,,,,,,,0.025,0.025,157.86,158.125,157.834,158.098,,,,,,,,157.839267889944,157.92966666666666,0.26454811011961876,,,,,,none,True,,,,,,,,,,,,,,no_pattern_at_sr
2026-03-10T19:48:29.303164+00:00,EURUSD.s,cobra,26551110,H1,HOLD,HOLD,NONE,0,0.0021185453188922836,0,,,,,,,,,,,,,,,,0.00018,0.00018,1.16236,1.16277,1.16058,1.1609099999999999,,,,,,,,1.161136152836178,1.16221,0.06608308009820167,,,,,,none,True,,,,,,,,,,,,,,no_pattern_at_sr
2026-03-10T19:48:29.304581+00:00,XAUUSD.s,cobra,26551110,H1,HOLD,HOLD,NONE,0,27.800728138472557,0,,,,,,,,,,,,,,,,0.34,0.34,5191.64,5207.52,5179.88,5189.73,,,,,,,,5155.960121365093,5189.332,0.08301940828686512,,,,,,none,True,,,,,,,,,,,,,,no_pattern_at_sr
2026-03-10T19:48:29.305926+00:00,USOUSD.s,cobra,26551110,H1,HOLD,HOLD,NONE,0,4.046031441465381,0,,,,,,,,,,,,,,,,0.079,0.079,84.088,87.694,83.929,86.719,,,,,,,,89.53662109844866,85.779,0.4152216868071432,,,,,,none,True,,,,,,,,,,,,,,no_pattern_at_sr
2026-03-10T19:49:29.691248+00:00,BTCUSD,cobra,26551110,H1,HOLD,HOLD,NONE,0,789.6345811441753,0,,,,,,,,,,,,,,,,17.06,17.06,70003.49,70281.25,69724.74,69973.7,,,,,,,,69309.35548578478,70464.87,0.5855113378267564,,,,,,none,True,,,,,,,,,,,,,,no_pattern_at_sr
2026-03-10T19:49:29.692623+00:00,USDJPY.s,cobra,26551110,H1,HOLD,HOLD,NONE,0,0.25578208302479016,0,,,,,,,,,,,,,,,,0.024,0.024,157.86,158.125,157.834,158.098,,,,,,,,157.839267889944,157.92966666666666,0.26454811011961876,,,,,,none,True,,,,,,,,,,,,,,no_pattern_at_sr
2026-03-10T19:49:29.694022+00:00,EURUSD.s,cobra,26551110,H1,HOLD,HOLD,NONE,0,0.0021185453188922836,0,,,,,,,,,,,,,,,,0.00019,0.00019,1.16236,1.16277,1.16058,1.16096,,,,,,,,1.161136152836178,1.16221,0.06608308009820167,,,,,,none,True,,,,,,,,,,,,,,no_pattern_at_sr
2026-03-10T19:49:29.695487+00:00,XAUUSD.s,cobra,26551110,H1,HOLD,HOLD,NONE,0,27.800728138472557,0,,,,,,,,,,,,,,,,0.34,0.34,5191.64,5207.52,5179.88,5189.89,,,,,,,,5155.960121365093,5189.332,0.08301940828686512,,,,,,none,True,,,,,,,,,,,,,,no_pattern_at_sr
2026-03-10T19:49:29.696783+00:00,USOUSD.s,cobra,26551110,H1,HOLD,HOLD,NONE,0,4.046031441465381,0,,,,,,,,,,,,,,,,0.079,0.079,84.088,87.694,83.929,86.999,,,,,,,,89.53662109844866,85.779,0.4152216868071432,,,,,,none,True,,,,,,,,,,,,,,no_pattern_at_sr
2026-03-10T19:50:30.124706+00:00,BTCUSD,cobra,26551110,H1,HOLD,HOLD,NONE,0,789.6345811441753,0,,,,,,,,,,,,,,,,17.11,17.11,70003.49,70281.25,69724.74,69972.13,,,,,,,,69309.35548578478,70464.87,0.5855113378267564,,,,,,none,True,,,,,,,,,,,,,,no_pattern_at_sr
2026-03-10T19:50:30.126159+00:00,USDJPY.s,cobra,26551110,H1,HOLD,HOLD,NONE,0,0.25578208302479016,0,,,,,,,,,,,,,,,,0.023,0.023,157.86,158.125,157.834,158.09,,,,,,,,157.839267889944,157.92966666666666,0.26454811011961876,,,,,,none,True,,,,,,,,,,,,,,no_pattern_at_sr
2026-03-10T19:50:30.127446+00:00,EURUSD.s,cobra,26551110,H1,HOLD,HOLD,NONE,0,0.0021185453188922836,0,,,,,,,,,,,,,,,,0.00018,0.00018,1.16236,1.16277,1.16058,1.16093,,,,,,,,1.161136152836178,1.16221,0.06608308009820167,,,,,,none,True,,,,,,,,,,,,,,no_pattern_at_sr
2026-03-10T19:50:30.128903+00:00,XAUUSD.s,cobra,26551110,H1,HOLD,HOLD,NONE,0,27.800728138472557,0,,,,,,,,,,,,,,,,0.31,0.31,5191.64,5207.52,5179.88,5189.1,,,,,,,,5155.960121365093,5189.332,0.08301940828686512,,,,,,none,True,,,,,,,,,,,,,,no_pattern_at_sr
2026-03-10T19:50:30.130242+00:00,USOUSD.s,cobra,26551110,H1,HOLD,HOLD,NONE,0,4.046031441465381,0,,,,,,,,,,,,,,,,0.079,0.079,84.088,87.694,83.929,86.914,,,,,,,,89.53662109844866,85.779,0.4152216868071432,,,,,,none,True,,,,,,,,,,,,,,no_pattern_at_sr
2026-03-10T19:51:30.466525+00:00,BTCUSD,cobra,26551110,H1,HOLD,HOLD,NONE,0,789.6345811441753,0,,,,,,,,,,,,,,,,17.06,17.06,70003.49,70281.25,69724.74,69975.89,,,,,,,,69309.35548578478,70464.87,0.5855113378267564,,,,,,none,True,,,,,,,,,,,,,,no_pattern_at_sr
2026-03-10T19:51:30.468818+00:00,USDJPY.s,cobra,26551110,H1,HOLD,HOLD,NONE,0,0.25578208302479016,0,,,,,,,,,,,,,,,,0.024,0.024,157.86,158.125,157.834,158.063,,,,,,,,157.839267889944,157.92966666666666,0.26454811011961876,,,,,,none,True,,,,,,,,,,,,,,no_pattern_at_sr
2026-03-10T19:51:30.470656+00:00,EURUSD.s,cobra,26551110,H1,HOLD,HOLD,NONE,0,0.0021185453188922836,0,,,,,,,,,,,,,,,,0.00018,0.00018,1.16236,1.16277,1.16058,1.16113,,,,,,,,1.161136152836178,1.16221,0.06608308009820167,,,,,,none,True,,,,,,,,,,,,,,no_pattern_at_sr
2026-03-10T19:51:30.472200+00:00,XAUUSD.s,cobra,26551110,H1,HOLD,HOLD,NONE,0,27.800728138472557,0,,,,,,,,,,,,,,,,0.3,0.3,5191.64,5207.52,5179.88,5190.23,,,,,,,,5155.960121365093,5189.332,0.08301940828686512,,,,,,none,True,,,,,,,,,,,,,,no_pattern_at_sr
2026-03-10T19:51:30.473634+00:00,USOUSD.s,cobra,26551110,H1,HOLD,HOLD,NONE,0,4.046031441465381,0,,,,,,,,,,,,,,,,0.079,0.079,84.088,87.694,83.929,86.929,,,,,,,,89.53662109844866,85.779,0.4152216868071432,,,,,,none,True,,,,,,,,,,,,,,no_pattern_at_sr
2026-03-10T19:52:30.805437+00:00,BTCUSD,cobra,26551110,H1,HOLD,HOLD,NONE,0,789.6345811441753,0,,,,,,,,,,,,,,,,17.06,17.06,70003.49,70281.25,69724.74,69983.82,,,,,,,,69309.35548578478,70464.87,0.5855113378267564,,,,,,none,True,,,,,,,,,,,,,,no_pattern_at_sr
2026-03-10T19:52:30.806787+00:00,USDJPY.s,cobra,26551110,H1,HOLD,HOLD,NONE,0,0.25578208302479016,0,,,,,,,,,,,,,,,,0.024,0.024,157.86,158.125,157.834,158.061,,,,,,,,157.839267889944,157.92966666666666,0.26454811011961876,,,,,,none,True,,,,,,,,,,,,,,no_pattern_at_sr
2026-03-10T19:52:30.808573+00:00,EURUSD.s,cobra,26551110,H1,HOLD,HOLD,NONE,0,0.0021185453188922836,0,,,,,,,,,,,,,,,,0.00019,0.00019,1.16236,1.16277,1.16058,1.16133,,,,,,,,1.161136152836178,1.16221,0.06608308009820167,,,,,,none,True,,,,,,,,,,,,,,no_pattern_at_sr
2026-03-10T19:52:30.810099+00:00,XAUUSD.s,cobra,26551110,H1,HOLD,HOLD,NONE,0,27.800728138472557,0,,,,,,,,,,,,,,,,0.32,0.32,5191.64,5207.52,5179.88,5190.39,,,,,,,,5155.960121365093,5189.332,0.08301940828686512,,,,,,none,True,,,,,,,,,,,,,,no_pattern_at_sr
2026-03-10T19:52:30.811595+00:00,USOUSD.s,cobra,26551110,H1,HOLD,HOLD,NONE,0,4.046031441465381,0,,,,,,,,,,,,,,,,0.079,0.079,84.088,87.694,83.929,86.994,,,,,,,,89.53662109844866,85.779,0.4152216868071432,,,,,,none,True,,,,,,,,,,,,,,no_pattern_at_sr
2026-03-10T19:53:31.131309+00:00,BTCUSD,cobra,26551110,H1,HOLD,HOLD,NONE,0,789.6345811441753,0,,,,,,,,,,,,,,,,17.1,17.1,70003.49,70281.25,69724.74,69978.5,,,,,,,,69309.35548578478,70464.87,0.5855113378267564,,,,,,none,True,,,,,,,,,,,,,,no_pattern_at_sr
2026-03-10T19:53:31.132606+00:00,USDJPY.s,cobra,26551110,H1,HOLD,HOLD,NONE,0,0.25578208302479016,0,,,,,,,,,,,,,,,,0.023,0.023,157.86,158.125,157.834,158.053,,,,,,,,157.839267889944,157.92966666666666,0.26454811011961876,,,,,,none,True,,,,,,,,,,,,,,no_pattern_at_sr
2026-03-10T19:53:31.134066+00:00,EURUSD.s,cobra,26551110,H1,HOLD,HOLD,NONE,0,0.0021185453188922836,0,,,,,,,,,,,,,,,,0.00018,0.00018,1.16236,1.16277,1.16058,1.16127,,,,,,,,1.161136152836178,1.16221,0.06608308009820167,,,,,,none,True,,,,,,,,,,,,,,no_pattern_at_sr
2026-03-10T19:53:31.135681+00:00,XAUUSD.s,cobra,26551110,H1,HOLD,HOLD,NONE,0,27.800728138472557,0,,,,,,,,,,,,,,,,0.34,0.34,5191.64,5207.52,5179.88,5193.78,,,,,,,,5155.960121365093,5189.332,0.08301940828686512,,,,,,none,True,,,,,,,,,,,,,,no_pattern_at_sr
2026-03-10T19:53:31.137180+00:00,USOUSD.s,cobra,26551110,H1,HOLD,HOLD,NONE,0,4.046031441465381,0,,,,,,,,,,,,,,,,0.079,0.079,84.088,87.694,83.929,86.629,,,,,,,,89.53662109844866,85.779,0.4152216868071432,,,,,,none,True,,,,,,,,,,,,,,no_pattern_at_sr
2026-03-10T19:54:31.482324+00:00,BTCUSD,cobra,26551110,H1,HOLD,HOLD,NONE,0,789.6345811441753,0,,,,,,,,,,,,,,,,17.1,17.1,70003.49,70281.25,69724.74,70022.31,,,,,,,,69309.35548578478,70464.87,0.5855113378267564,,,,,,none,True,,,,,,,,,,,,,,no_pattern_at_sr
2026-03-10T19:54:31.483972+00:00,USDJPY.s,cobra,26551110,H1,HOLD,HOLD,NONE,0,0.25578208302479016,0,,,,,,,,,,,,,,,,0.024,0.024,157.86,158.125,157.834,158.038,,,,,,,,157.839267889944,157.92966666666666,0.26454811011961876,,,,,,none,True,,,,,,,,,,,,,,no_pattern_at_sr
2026-03-10T19:54:31.485671+00:00,EURUSD.s,cobra,26551110,H1,HOLD,HOLD,NONE,0,0.0021185453188922836,0,,,,,,,,,,,,,,,,0.00019,0.00019,1.16236,1.16277,1.16058,1.16126,,,,,,,,1.161136152836178,1.16221,0.06608308009820167,,,,,,none,True,,,,,,,,,,,,,,no_pattern_at_sr
2026-03-10T19:54:31.487410+00:00,XAUUSD.s,cobra,26551110,H1,HOLD,HOLD,NONE,0,27.800728138472557,0,,,,,,,,,,,,,,,,0.33,0.33,5191.64,5207.52,5179.88,5195.95,,,,,,,,5155.960121365093,5189.332,0.08301940828686512,,,,,,none,True,,,,,,,,,,,,,,no_pattern_at_sr
2026-03-10T19:54:31.488955+00:00,USOUSD.s,cobra,26551110,H1,HOLD,HOLD,NONE,0,4.046031441465381,0,,,,,,,,,,,,,,,,0.079,0.079,84.088,87.694,83.929,86.889,,,,,,,,89.53662109844866,85.779,0.4152216868071432,,,,,,none,True,,,,,,,,,,,,,,no_pattern_at_sr
2026-03-10T19:55:31.814537+00:00,BTCUSD,cobra,26551110,H1,HOLD,HOLD,NONE,0,789.6345811441753,0,,,,,,,,,,,,,,,,16.97,16.97,70003.49,70281.25,69724.74,70006.94,,,,,,,,69309.35548578478,70464.87,0.5855113378267564,,,,,,none,True,,,,,,,,,,,,,,no_pattern_at_sr
2026-03-10T19:55:31.816030+00:00,USDJPY.s,cobra,26551110,H1,HOLD,HOLD,NONE,0,0.25578208302479016,0,,,,,,,,,,,,,,,,0.024,0.024,157.86,158.125,157.834,158.028,,,,,,,,157.839267889944,157.92966666666666,0.26454811011961876,,,,,,none,True,,,,,,,,,,,,,,no_pattern_at_sr
2026-03-10T19:55:31.817460+00:00,EURUSD.s,cobra,26551110,H1,HOLD,HOLD,NONE,0,0.0021185453188922836,0,,,,,,,,,,,,,,,,0.0002,0.0002,1.16236,1.16277,1.16058,1.1613,,,,,,,,1.161136152836178,1.16221,0.06608308009820167,,,,,,none,True,,,,,,,,,,,,,,no_pattern_at_sr
2026-03-10T19:55:31.818796+00:00,XAUUSD.s,cobra,26551110,H1,HOLD,HOLD,NONE,0,27.800728138472557,0,,,,,,,,,,,,,,,,0.3,0.3,5191.64,5207.52,5179.88,5197.33,,,,,,,,5155.960121365093,5189.332,0.08301940828686512,,,,,,none,True,,,,,,,,,,,,,,no_pattern_at_sr
2026-03-10T19:55:31.820082+00:00,USOUSD.s,cobra,26551110,H1,HOLD,HOLD,NONE,0,4.046031441465381,0,,,,,,,,,,,,,,,,0.079,0.079,84.088,87.694,83.929,86.659,,,,,,,,89.53662109844866,85.779,0.4152216868071432,,,,,,none,True,,,,,,,,,,,,,,no_pattern_at_sr
2026-03-10T19:56:32.171183+00:00,BTCUSD,cobra,26551110,H1,HOLD,HOLD,NONE,0,789.6345811441753,0,,,,,,,,,,,,,,,,17.04,17.04,70003.49,70281.25,69724.74,69999.9,,,,,,,,69309.35548578478,70464.87,0.5855113378267564,,,,,,none,True,,,,,,,,,,,,,,no_pattern_at_sr
2026-03-10T19:56:32.172554+00:00,USDJPY.s,cobra,26551110,H1,HOLD,HOLD,NONE,0,0.25578208302479016,0,,,,,,,,,,,,,,,,0.024,0.024,157.86,158.125,157.834,158.049,,,,,,,,157.839267889944,157.92966666666666,0.26454811011961876,,,,,,none,True,,,,,,,,,,,,,,no_pattern_at_sr
2026-03-10T19:56:32.173838+00:00,EURUSD.s,cobra,26551110,H1,HOLD,HOLD,NONE,0,0.0021185453188922836,0,,,,,,,,,,,,,,,,0.00019,0.00019,1.16236,1.16277,1.16058,1.1610800000000001,,,,,,,,1.161136152836178,1.16221,0.06608308009820167,,,,,,none,True,,,,,,,,,,,,,,no_pattern_at_sr
2026-03-10T19:56:32.175257+00:00,XAUUSD.s,cobra,26551110,H1,HOLD,HOLD,NONE,0,27.800728138472557,0,,,,,,,,,,,,,,,,0.32,0.32,5191.64,5207.52,5179.88,5196.6,,,,,,,,5155.960121365093,5189.332,0.08301940828686512,,,,,,none,True,,,,,,,,,,,,,,no_pattern_at_sr
2026-03-10T19:56:32.176520+00:00,USOUSD.s,cobra,26551110,H1,HOLD,HOLD,NONE,0,4.046031441465381,0,,,,,,,,,,,,,,,,0.079,0.079,84.088,87.694,83.929,86.889,,,,,,,,89.53662109844866,85.779,0.4152216868071432,,,,,,none,True,,,,,,,,,,,,,,no_pattern_at_sr
2026-03-10T19:57:32.488777+00:00,BTCUSD,cobra,26551110,H1,HOLD,HOLD,NONE,0,789.6345811441753,0,,,,,,,,,,,,,,,,17.01,17.01,70003.49,70281.25,69724.74,69983.39,,,,,,,,69309.35548578478,70464.87,0.5855113378267564,,,,,,none,True,,,,,,,,,,,,,,no_pattern_at_sr
2026-03-10T19:57:32.490408+00:00,USDJPY.s,cobra,26551110,H1,HOLD,HOLD,NONE,0,0.25578208302479016,0,,,,,,,,,,,,,,,,0.023,0.023,157.86,158.125,157.834,158.041,,,,,,,,157.839267889944,157.92966666666666,0.26454811011961876,,,,,,none,True,,,,,,,,,,,,,,no_pattern_at_sr
2026-03-10T19:57:32.491692+00:00,EURUSD.s,cobra,26551110,H1,HOLD,HOLD,NONE,0,0.0021185453188922836,0,,,,,,,,,,,,,,,,0.00019,0.00019,1.16236,1.16277,1.16058,1.16125,,,,,,,,1.161136152836178,1.16221,0.06608308009820167,,,,,,none,True,,,,,,,,,,,,,,no_pattern_at_sr
2026-03-10T19:57:32.492979+00:00,XAUUSD.s,cobra,26551110,H1,HOLD,HOLD,NONE,0,27.800728138472557,0,,,,,,,,,,,,,,,,0.31,0.31,5191.64,5207.52,5179.88,5196.4,,,,,,,,5155.960121365093,5189.332,0.08301940828686512,,,,,,none,True,,,,,,,,,,,,,,no_pattern_at_sr
2026-03-10T19:57:32.494384+00:00,USOUSD.s,cobra,26551110,H1,HOLD,HOLD,NONE,0,4.046031441465381,0,,,,,,,,,,,,,,,,0.079,0.079,84.088,87.694,83.929,86.689,,,,,,,,89.53662109844866,85.779,0.4152216868071432,,,,,,none,True,,,,,,,,,,,,,,no_pattern_at_sr
2026-03-10T19:58:32.850015+00:00,BTCUSD,cobra,26551110,H1,HOLD,HOLD,NONE,0,789.6345811441753,0,,,,,,,,,,,,,,,,16.99,16.99,70003.49,70281.25,69724.74,70014.83,,,,,,,,69309.35548578478,70464.87,0.5855113378267564,,,,,,none,True,,,,,,,,,,,,,,no_pattern_at_sr
2026-03-10T19:58:32.851392+00:00,USDJPY.s,cobra,26551110,H1,HOLD,HOLD,NONE,0,0.25578208302479016,0,,,,,,,,,,,,,,,,0.023,0.023,157.86,158.125,157.834,158.037,,,,,,,,157.839267889944,157.92966666666666,0.26454811011961876,,,,,,none,True,,,,,,,,,,,,,,no_pattern_at_sr
2026-03-10T19:58:32.852773+00:00,EURUSD.s,cobra,26551110,H1,HOLD,HOLD,NONE,0,0.0021185453188922836,0,,,,,,,,,,,,,,,,0.00018,0.00018,1.16236,1.16277,1.16058,1.16134,,,,,,,,1.161136152836178,1.16221,0.06608308009820167,,,,,,none,True,,,,,,,,,,,,,,no_pattern_at_sr
2026-03-10T19:58:32.854547+00:00,XAUUSD.s,cobra,26551110,H1,HOLD,HOLD,NONE,0,27.800728138472557,0,,,,,,,,,,,,,,,,0.3,0.3,5191.64,5207.52,5179.88,5197.3,,,,,,,,5155.960121365093,5189.332,0.08301940828686512,,,,,,none,True,,,,,,,,,,,,,,no_pattern_at_sr
2026-03-10T19:58:32.855928+00:00,USOUSD.s,cobra,26551110,H1,HOLD,HOLD,NONE,0,4.046031441465381,0,,,,,,,,,,,,,,,,0.079,0.079,84.088,87.694,83.929,86.549,,,,,,,,89.53662109844866,85.779,0.4152216868071432,,,,,,none,True,,,,,,,,,,,,,,no_pattern_at_sr
2026-03-10T19:59:33.182287+00:00,BTCUSD,cobra,26551110,H1,HOLD,HOLD,NONE,0,789.6345811441753,0,,,,,,,,,,,,,,,,17.0,17.0,70003.49,70281.25,69724.74,70024.77,,,,,,,,69309.35548578478,70464.87,0.5855113378267564,,,,,,none,True,,,,,,,,,,,,,,no_pattern_at_sr
2026-03-10T19:59:33.183583+00:00,USDJPY.s,cobra,26551110,H1,HOLD,HOLD,NONE,0,0.25578208302479016,0,,,,,,,,,,,,,,,,0.023,0.023,157.86,158.125,157.834,158.019,,,,,,,,157.839267889944,157.92966666666666,0.26454811011961876,,,,,,none,True,,,,,,,,,,,,,,no_pattern_at_sr
2026-03-10T19:59:33.184858+00:00,EURUSD.s,cobra,26551110,H1,HOLD,HOLD,NONE,0,0.0021185453188922836,0,,,,,,,,,,,,,,,,0.00019,0.00019,1.16236,1.16277,1.16058,1.16135,,,,,,,,1.161136152836178,1.16221,0.06608308009820167,,,,,,none,True,,,,,,,,,,,,,,no_pattern_at_sr
2026-03-10T19:59:33.186333+00:00,XAUUSD.s,cobra,26551110,H1,HOLD,HOLD,NONE,0,27.800728138472557,0,,,,,,,,,,,,,,,,0.33,0.33,5191.64,5207.52,5179.88,5198.97,,,,,,,,5155.960121365093,5189.332,0.08301940828686512,,,,,,none,True,,,,,,,,,,,,,,no_pattern_at_sr
2026-03-10T19:59:33.187591+00:00,USOUSD.s,cobra,26551110,H1,HOLD,HOLD,NONE,0,4.046031441465381,0,,,,,,,,,,,,,,,,0.079,0.079,84.088,87.694,83.929,86.624,,,,,,,,89.53662109844866,85.779,0.4152216868071432,,,,,,none,True,,,,,,,,,,,,,,no_pattern_at_sr
2026-03-10T20:00:33.519690+00:00,BTCUSD,cobra,26551110,H1,HOLD,HOLD,NONE,0,737.3928592289845,0,,,,,,,,,,,,,,,,17.03,17.03,70023.04,70055.43,69997.18,70026.93,,,,,,,,69337.63137851207,70464.87,0.5897263508283613,,,,,,none,True,,,,,,,,,,,,,,no_pattern_at_sr
2026-03-10T20:00:33.520926+00:00,USDJPY.s,cobra,26551110,H1,HOLD,HOLD,NONE,0,0.23901191866768529,0,,,,,,,,,,,,,,,,0.023,0.023,158.026,158.026,158.005,158.006,,,,,,,,157.8464695381786,157.962,0.2635851816561911,,,,,,none,True,,,,,,,,,,,,,,no_pattern_at_sr
2026-03-10T20:00:33.522256+00:00,EURUSD.s,cobra,26551110,H1,HOLD,HOLD,NONE,0,0.0019815063598884303,0,,,,,,,,,,,,,,,,0.0002,0.0002,1.16137,1.16141,1.16121,1.16135,,,,,,,,1.1611443561121964,1.16173,0.1968199587418178,,,,,,none,True,,,,,,,,,,,,,,no_pattern_at_sr
2026-03-10T20:00:33.523669+00:00,XAUUSD.s,cobra,26551110,H1,HOLD,HOLD,NONE,0,25.987820165579738,0,,,,,,,,,,,,,,,,0.31,0.31,5198.64,5198.92,5196.5,5197.1,,,,,,,,5157.63602323904,5189.332,0.3620157419920938,,,,,,none,True,,,,,,,,,,,,,,no_pattern_at_sr
2026-03-10T20:00:33.524889+00:00,USOUSD.s,cobra,26551110,H1,HOLD,HOLD,NONE,0,3.795672098993522,0,,,,,,,,,,,,,,,,0.079,0.079,86.674,86.739,86.198,86.203,,,,,,,,89.42434540352686,86.7365,0.016466122038458694,,,,,,none,True,,,,,,,,,,,,,,no_pattern_at_sr
2026-03-10T20:01:33.840353+00:00,BTCUSD,cobra,26551110,H1,HOLD,HOLD,NONE,0,738.7078592289848,0,,,,,,,,,,,,,,,,17.1,17.1,70023.04,70073.84,69997.18,70059.19,,,,,,,,69337.63137851207,70464.87,0.5886765580832986,,,,,,none,True,,,,,,,,,,,,,,no_pattern_at_sr
2026-03-10T20:01:33.845244+00:00,USDJPY.s,cobra,26551110,H1,HOLD,HOLD,NONE,0,0.24029763295339962,0,,,,,,,,,,,,,,,,0.024,0.024,158.026,158.026,157.987,157.994,,,,,,,,157.8464695381786,157.962,0.26217486716664434,,,,,,none,True,,,,,,,,,,,,,,no_pattern_at_sr
2026-03-10T20:01:33.847352+00:00,EURUSD.s,cobra,26551110,H1,HOLD,HOLD,NONE,0,0.001984363502745576,0,,,,,,,,,,,,,,,,0.00018,0.00018,1.16137,1.16145,1.16121,1.16138,,,,,,,,1.1611443561121964,1.16173,0.19653657178248055,,,,,,none,True,,,,,,,,,,,,,,no_pattern_at_sr
2026-03-10T20:01:33.849139+00:00,XAUUSD.s,cobra,26551110,H1,HOLD,HOLD,NONE,0,26.155677308436907,0,,,,,,,,,,,,,,,,0.31,0.31,5198.64,5198.92,5194.15,5195.13,,,,,,,,5157.63602323904,5189.332,0.35969246328653687,,,,,,none,True,,,,,,,,,,,,,,no_pattern_at_sr
2026-03-10T20:01:33.850552+00:00,USOUSD.s,cobra,26551110,H1,HOLD,HOLD,NONE,0,3.8152435275649497,0,,,,,,,,,,,,,,,,0.099,0.099,86.674,86.739,85.924,86.094,,,,,,,,89.42434540352686,86.7365,0.016381654158755667,,,,,,none,True,,,,,,,,,,,,,,no_pattern_at_sr
2026-03-10T20:02:34.188709+00:00,BTCUSD,cobra,26551110,H1,HOLD,HOLD,NONE,0,738.7078592289848,0,,,,,,,,,,,,,,,,17.08,17.08,70023.04,70073.84,69997.18,70039.54,,,,,,,,69337.63137851207,70464.87,0.5886765580832986,,,,,,none,True,,,,,,,,,,,,,,no_pattern_at_sr
2026-03-10T20:02:34.189994+00:00,USDJPY.s,cobra,26551110,H1,HOLD,HOLD,NONE,0,0.24029763295339962,0,,,,,,,,,,,,,,,,0.024,0.024,158.026,158.026,157.987,158.023,,,,,,,,157.8464695381786,157.962,0.26217486716664434,,,,,,none,True,,,,,,,,,,,,,,no_pattern_at_sr
2026-03-10T20:02:34.191298+00:00,EURUSD.s,cobra,26551110,H1,HOLD,HOLD,NONE,0,0.001995792074174159,0,,,,,,,,,,,,,,,,0.00019,0.00019,1.16137,1.16145,1.16105,1.1610800000000001,,,,,,,,1.1611443561121964,1.16173,0.19541113778661984,,,,,,none,True,,,,,,,,,,,,,,no_pattern_at_sr
2026-03-10T20:02:34.192845+00:00,XAUUSD.s,cobra,26551110,H1,HOLD,HOLD,NONE,0,26.207820165579733,0,,,,,,,,,,,,,,,,0.31,0.31,5198.64,5198.92,5193.42,5193.53,,,,,,,,5157.63602323904,5189.332,0.35897682220650784,,,,,,none,True,,,,,,,,,,,,,,no_pattern_at_sr
2026-03-10T20:02:34.194122+00:00,USOUSD.s,cobra,26551110,H1,HOLD,HOLD,NONE,0,3.8152435275649497,0,,,,,,,,,,,,,,,,0.079,0.079,86.674,86.739,85.924,86.263,,,,,,,,89.42434540352686,86.7365,0.016381654158755667,,,,,,none,True,,,,,,,,,,,,,,no_pattern_at_sr
2026-03-10T20:03:34.511798+00:00,BTCUSD,cobra,26551110,H1,HOLD,HOLD,NONE,0,738.7078592289848,0,,,,,,,,,,,,,,,,17.0,17.0,70023.04,70073.84,69997.18,70048.9,,,,,,,,69337.63137851207,70464.87,0.5886765580832986,,,,,,none,True,,,,,,,,,,,,,,no_pattern_at_sr
2026-03-10T20:03:34.513090+00:00,USDJPY.s,cobra,26551110,H1,HOLD,HOLD,NONE,0,0.24236906152482796,0,,,,,,,,,,,,,,,,0.024,0.024,158.026,158.055,157.987,158.051,,,,,,,,157.8464695381786,157.962,0.2599341665295963,,,,,,none,True,,,,,,,,,,,,,,no_pattern_at_sr
2026-03-10T20:03:34.514379+00:00,EURUSD.s,cobra,26551110,H1,HOLD,HOLD,NONE,0,0.002005792074174161,0,,,,,,,,,,,,,,,,0.00018,0.00018,1.16137,1.16145,1.1609099999999999,1.16092,,,,,,,,1.1611443561121964,1.16173,0.19443690351626502,,,,,,none,True,,,,,,,,,,,,,,no_pattern_at_sr
2026-03-10T20:03:34.515933+00:00,XAUUSD.s,cobra,26551110,H1,HOLD,HOLD,NONE,0,26.207820165579733,0,,,,,,,,,,,,,,,,0.34,0.34,5198.64,5198.92,5193.42,5195.2,,,,,,,,5157.63602323904,5189.332,0.35897682220650784,,,,,,none,True,,,,,,,,,,,,,,no_pattern_at_sr
2026-03-10T20:03:34.517190+00:00,USOUSD.s,cobra,26551110,H1,HOLD,HOLD,NONE,0,3.8152435275649497,0,,,,,,,,,,,,,,,,0.079,0.079,86.674,86.739,85.924,86.534,,,,,,,,89.42434540352686,86.7365,0.016381654158755667,,,,,,none,True,,,,,,,,,,,,,,no_pattern_at_sr
2026-03-10T20:04:34.823847+00:00,BTCUSD,cobra,26551110,H1,HOLD,HOLD,NONE,0,742.1664306575561,0,,,,,,,,,,,,,,,,17.08,17.08,70023.04,70122.26,69997.18,70114.86,,,,,,,,69337.63137851207,70464.87,0.5859332651501316,,,,,,none,True,,,,,,,,,,,,,,no_pattern_at_sr
2026-03-10T20:04:34.825168+00:00,USDJPY.s,cobra,26551110,H1,HOLD,HOLD,NONE,0,0.24351191866768446,0,,,,,,,,,,,,,,,,0.023,0.023,158.026,158.071,157.987,158.07,,,,,,,,157.8464695381786,157.962,0.25871423602058413,,,,,,none,True,,,,,,,,,,,,,,no_pattern_at_sr
2026-03-10T20:04:34.826439+00:00,EURUSD.s,cobra,26551110,H1,HOLD,HOLD,NONE,0,0.0020107920741741464,0,,,,,,,,,,,,,,,,0.00018,0.00018,1.16137,1.16145,1.16084,1.16085,,,,,,,,1.1611443561121964,1.16173,0.19395342015164227,,,,,,none,True,,,,,,,,,,,,,,no_pattern_at_sr
2026-03-10T20:04:34.827994+00:00,XAUUSD.s,cobra,26551110,H1,HOLD,HOLD,NONE,0,26.207820165579733,0,,,,,,,,,,,,,,,,0.31,0.31,5198.64,5198.92,5193.42,5197.49,,,,,,,,5157.63602323904,5189.332,0.35897682220650784,,,,,,none,True,,,,,,,,,,,,,,no_pattern_at_sr
2026-03-10T20:04:34.829256+00:00,USOUSD.s,cobra,26551110,H1,HOLD,HOLD,NONE,0,3.815600670422092,0,,,,,,,,,,,,,,,,0.079,0.079,86.674,86.744,85.924,86.733,,,,,,,,89.42434540352686,86.7365,0.016380120824616085,,,,,,none,True,,,,,,,,,,,,,,no_pattern_at_sr
2026-03-10T20:05:35.150358+00:00,BTCUSD,cobra,26551110,H1,HOLD,HOLD,NONE,0,750.6721449432705,0,,,,,,,,,,,,,,,,16.97,16.97,70023.04,70241.34,69997.18,70181.7,,,,,,,,69337.63137851207,70464.87,0.5792941738005526,,,,,,none,True,,,,,,,,,,,,,,no_pattern_at_sr
2026-03-10T20:05:35.151666+00:00,USDJPY.s,cobra,26551110,H1,HOLD,HOLD,NONE,0,0.24386906152482699,0,,,,,,,,,,,,,,,,0.024,0.024,158.026,158.076,157.987,158.075,,,,,,,,157.8464695381786,157.962,0.25833535261135576,,,,,,none,True,,,,,,,,,,,,,,no_pattern_at_sr
2026-03-10T20:05:35.152923+00:00,EURUSD.s,cobra,26551110,H1,HOLD,HOLD,NONE,0,0.0020129349313170015,0,,,,,,,,,,,,,,,,0.00019,0.00019,1.16137,1.16145,1.1608100000000001,1.16082,,,,,,,,1.1611443561121964,1.16173,0.19374694826559816,,,,,,none,True,,,,,,,,,,,,,,no_pattern_at_sr
2026-03-10T20:05:35.154303+00:00,XAUUSD.s,cobra,26551110,H1,HOLD,HOLD,NONE,0,26.207820165579733,0,,,,,,,,,,,,,,,,0.33,0.33,5198.64,5198.92,5193.42,5198.17,,,,,,,,5157.63602323904,5189.332,0.35897682220650784,,,,,,none,True,,,,,,,,,,,,,,no_pattern_at_sr
2026-03-10T20:05:35.155647+00:00,USOUSD.s,cobra,26551110,H1,HOLD,HOLD,NONE,0,3.815600670422092,0,,,,,,,,,,,,,,,,0.079,0.079,86.674,86.744,85.924,86.649,,,,,,,,89.42434540352686,86.7365,0.016380120824616085,,,,,,none,True,,,,,,,,,,,,,,no_pattern_at_sr
2026-03-10T20:06:35.468126+00:00,BTCUSD,cobra,26551110,H1,HOLD,HOLD,NONE,0,750.6721449432705,0,,,,,,,,,,,,,,,,16.97,16.97,70023.04,70241.34,69997.18,70186.56,,,,,,,,69337.63137851207,70464.87,0.5792941738005526,,,,,,none,True,,,,,,,,,,,,,,no_pattern_at_sr
2026-03-10T20:06:35.469520+00:00,USDJPY.s,cobra,26551110,H1,HOLD,HOLD,NONE,0,0.24401191866768482,0,,,,,,,,,,,,,,,,0.023,0.023,158.026,158.078,157.987,158.038,,,,,,,,157.8464695381786,157.962,0.2581841097926659,,,,,,none,True,,,,,,,,,,,,,,no_pattern_at_sr
2026-03-10T20:06:35.470851+00:00,EURUSD.s,cobra,26551110,H1,HOLD,HOLD,NONE,0,0.0020200777884598737,0,,,,,,,,,,,,,,,,0.00019,0.00019,1.16137,1.16145,1.16071,1.16106,,,,,,,,1.1611443561121964,1.16173,0.19306187228425006,,,,,,none,True,,,,,,,,,,,,,,no_pattern_at_sr
2026-03-10T20:06:35.472307+00:00,XAUUSD.s,cobra,26551110,H1,HOLD,HOLD,NONE,0,26.207820165579733,0,,,,,,,,,,,,,,,,0.34,0.34,5198.64,5198.92,5193.42,5197.73,,,,,,,,5157.63602323904,5189.332,0.35897682220650784,,,,,,none,True,,,,,,,,,,,,,,no_pattern_at_sr
2026-03-10T20:06:35.473580+00:00,USOUSD.s,cobra,26551110,H1,HOLD,HOLD,NONE,0,3.815600670422092,0,,,,,,,,,,,,,,,,0.079,0.079,86.674,86.744,85.924,86.569,,,,,,,,89.42434540352686,86.7365,0.016380120824616085,,,,,,none,True,,,,,,,,,,,,,,no_pattern_at_sr
2026-03-10T20:07:35.791298+00:00,BTCUSD,cobra,26551110,H1,HOLD,HOLD,NONE,0,750.6721449432705,0,,,,,,,,,,,,,,,,17.0,17.0,70023.04,70241.34,69997.18,70172.09,,,,,,,,69337.63137851207,70464.87,0.5792941738005526,,,,,,none,True,,,,,,,,,,,,,,no_pattern_at_sr
2026-03-10T20:07:35.792646+00:00,USDJPY.s,cobra,26551110,H1,HOLD,HOLD,NONE,0,0.24401191866768482,0,,,,,,,,,,,,,,,,0.024,0.024,158.026,158.078,157.987,158.027,,,,,,,,157.8464695381786,157.962,0.2581841097926659,,,,,,none,True,,,,,,,,,,,,,,no_pattern_at_sr
2026-03-10T20:07:35.794019+00:00,EURUSD.s,cobra,26551110,H1,HOLD,HOLD,NONE,0,0.0020200777884598737,0,,,,,,,,,,,,,,,,0.00018,0.00018,1.16137,1.16145,1.16071,1.16116,,,,,,,,1.1611443561121964,1.16173,0.19306187228425006,,,,,,none,True,,,,,,,,,,,,,,no_pattern_at_sr
2026-03-10T20:07:35.795591+00:00,XAUUSD.s,cobra,26551110,H1,HOLD,HOLD,NONE,0,26.207820165579733,0,,,,,,,,,,,,,,,,0.33,0.33,5198.64,5198.92,5193.42,5198.23,,,,,,,,5157.63602323904,5189.332,0.35897682220650784,,,,,,none,True,,,,,,,,,,,,,,no_pattern_at_sr
2026-03-10T20:07:35.796924+00:00,USOUSD.s,cobra,26551110,H1,HOLD,HOLD,NONE,0,3.8255292418506635,0,,,,,,,,,,,,,,,,0.079,0.079,86.674,86.883,85.924,86.709,,,,,,,,89.42434540352686,86.7365,0.01633760874606845,,,,,,none,True,,,,,,,,,,,,,,no_pattern_at_sr
2026-03-10T20:08:36.193759+00:00,BTCUSD,cobra,26551110,H1,HOLD,HOLD,NONE,0,750.6721449432705,0,,,,,,,,,,,,,,,,17.0,17.0,70023.04,70241.34,69997.18,70101.93,,,,,,,,69337.63137851207,70464.87,0.5792941738005526,,,,,,none,True,,,,,,,,,,,,,,no_pattern_at_sr
2026-03-10T20:08:36.195091+00:00,USDJPY.s,cobra,26551110,H1,HOLD,HOLD,NONE,0,0.24401191866768482,0,,,,,,,,,,,,,,,,0.024,0.024,158.026,158.078,157.987,158.05,,,,,,,,157.8464695381786,157.962,0.2581841097926659,,,,,,none,True,,,,,,,,,,,,,,no_pattern_at_sr
2026-03-10T20:08:36.196495+00:00,EURUSD.s,cobra,26551110,H1,HOLD,HOLD,NONE,0,0.0020200777884598737,0,,,,,,,,,,,,,,,,0.00019,0.00019,1.16137,1.16145,1.16071,1.16105,,,,,,,,1.1611443561121964,1.16173,0.19306187228425006,,,,,,none,True,,,,,,,,,,,,,,no_pattern_at_sr
2026-03-10T20:08:36.198048+00:00,XAUUSD.s,cobra,26551110,H1,HOLD,HOLD,NONE,0,26.207820165579733,0,,,,,,,,,,,,,,,,0.33,0.33,5198.64,5198.92,5193.42,5198.54,,,,,,,,5157.63602323904,5189.332,0.35897682220650784,,,,,,none,True,,,,,,,,,,,,,,no_pattern_at_sr
2026-03-10T20:08:36.199290+00:00,USOUSD.s,cobra,26551110,H1,HOLD,HOLD,NONE,0,3.8255292418506635,0,,,,,,,,,,,,,,,,0.079,0.079,86.674,86.883,85.924,86.654,,,,,,,,89.42434540352686,86.7365,0.01633760874606845,,,,,,none,True,,,,,,,,,,,,,,no_pattern_at_sr
2026-03-10T20:09:36.650738+00:00,BTCUSD,cobra,26551110,H1,HOLD,HOLD,NONE,0,750.6721449432705,0,,,,,,,,,,,,,,,,17.08,17.08,70023.04,70241.34,69997.18,70071.44,,,,,,,,69337.63137851207,70464.87,0.5792941738005526,,,,,,none,True,,,,,,,,,,,,,,no_pattern_at_sr
2026-03-10T20:09:36.652064+00:00,USDJPY.s,cobra,26551110,H1,HOLD,HOLD,NONE,0,0.24401191866768482,0,,,,,,,,,,,,,,,,0.024,0.024,158.026,158.078,157.987,158.064,,,,,,,,157.8464695381786,157.962,0.2581841097926659,,,,,,none,True,,,,,,,,,,,,,,no_pattern_at_sr
2026-03-10T20:09:36.653494+00:00,EURUSD.s,cobra,26551110,H1,HOLD,HOLD,NONE,0,0.0020200777884598737,0,,,,,,,,,,,,,,,,0.00018,0.00018,1.16137,1.16145,1.16071,1.16088,,,,,,,,1.1611443561121964,1.16173,0.19306187228425006,,,,,,none,True,,,,,,,,,,,,,,no_pattern_at_sr
2026-03-10T20:09:36.654785+00:00,XAUUSD.s,cobra,26551110,H1,HOLD,HOLD,NONE,0,26.207820165579733,0,,,,,,,,,,,,,,,,0.33,0.33,5198.64,5198.92,5193.42,5196.46,,,,,,,,5157.63602323904,5189.332,0.35897682220650784,,,,,,none,True,,,,,,,,,,,,,,no_pattern_at_sr
2026-03-10T20:09:36.656062+00:00,USOUSD.s,cobra,26551110,H1,HOLD,HOLD,NONE,0,3.8255292418506635,0,,,,,,,,,,,,,,,,0.099,0.099,86.674,86.883,85.924,86.799,,,,,,,,89.42434540352686,86.7365,0.01633760874606845,,,,,,none,True,,,,,,,,,,,,,,no_pattern_at_sr
2026-03-10T20:10:36.969470+00:00,BTCUSD,cobra,26551110,H1,HOLD,HOLD,NONE,0,750.6721449432705,0,,,,,,,,,,,,,,,,17.08,17.08,70023.04,70241.34,69997.18,70113.97,,,,,,,,69337.63137851207,70464.87,0.5792941738005526,,,,,,none,True,,,,,,,,,,,,,,no_pattern_at_sr
2026-03-10T20:10:36.970861+00:00,USDJPY.s,cobra,26551110,H1,HOLD,HOLD,NONE,0,0.24401191866768482,0,,,,,,,,,,,,,,,,0.024,0.024,158.026,158.078,157.987,158.051,,,,,,,,157.8464695381786,157.962,0.2581841097926659,,,,,,none,True,,,,,,,,,,,,,,no_pattern_at_sr
2026-03-10T20:10:36.972128+00:00,EURUSD.s,cobra,26551110,H1,HOLD,HOLD,NONE,0,0.0020200777884598737,0,,,,,,,,,,,,,,,,0.00018,0.00018,1.16137,1.16145,1.16071,1.16089,,,,,,,,1.1611443561121964,1.16173,0.19306187228425006,,,,,,none,True,,,,,,,,,,,,,,no_pattern_at_sr
2026-03-10T20:10:36.973581+00:00,XAUUSD.s,cobra,26551110,H1,HOLD,HOLD,NONE,0,26.207820165579733,0,,,,,,,,,,,,,,,,0.34,0.34,5198.64,5198.92,5193.42,5196.16,,,,,,,,5157.63602323904,5189.332,0.35897682220650784,,,,,,none,True,,,,,,,,,,,,,,no_pattern_at_sr
2026-03-10T20:10:36.974851+00:00,USOUSD.s,cobra,26551110,H1,HOLD,HOLD,NONE,0,3.8316720989935202,0,,,,,,,,,,,,,,,,0.079,0.079,86.674,86.969,85.924,86.849,,,,,,,,89.42434540352686,86.7365,0.016311416630983927,,,,,,none,True,,,,,,,,,,,,,,no_pattern_at_sr
2026-03-10T20:11:37.335298+00:00,BTCUSD,cobra,26551110,H1,HOLD,HOLD,NONE,0,750.6721449432705,0,,,,,,,,,,,,,,,,16.99,16.99,70023.04,70241.34,69997.18,70055.21,,,,,,,,69337.63137851207,70464.87,0.5792941738005526,,,,,,none,True,,,,,,,,,,,,,,no_pattern_at_sr
2026-03-10T20:11:37.338018+00:00,USDJPY.s,cobra,26551110,H1,HOLD,HOLD,NONE,0,0.24401191866768482,0,,,,,,,,,,,,,,,,0.023,0.023,158.026,158.078,157.987,158.039,,,,,,,,157.8464695381786,157.962,0.2581841097926659,,,,,,none,True,,,,,,,,,,,,,,no_pattern_at_sr
2026-03-10T20:11:37.339758+00:00,EURUSD.s,cobra,26551110,H1,HOLD,HOLD,NONE,0,0.0020200777884598737,0,,,,,,,,,,,,,,,,0.00018,0.00018,1.16137,1.16145,1.16071,1.16092,,,,,,,,1.1611443561121964,1.16173,0.19306187228425006,,,,,,none,True,,,,,,,,,,,,,,no_pattern_at_sr
2026-03-10T20:11:37.341308+00:00,XAUUSD.s,cobra,26551110,H1,HOLD,HOLD,NONE,0,26.207820165579733,0,,,,,,,,,,,,,,,,0.33,0.33,5198.64,5198.92,5193.42,5195.41,,,,,,,,5157.63602323904,5189.332,0.35897682220650784,,,,,,none,True,,,,,,,,,,,,,,no_pattern_at_sr
2026-03-10T20:11:37.342829+00:00,USOUSD.s,cobra,26551110,H1,HOLD,HOLD,NONE,0,3.8316720989935202,0,,,,,,,,,,,,,,,,0.079,0.079,86.674,86.969,85.924,86.573,,,,,,,,89.42434540352686,86.7365,0.016311416630983927,,,,,,none,True,,,,,,,,,,,,,,no_pattern_at_sr
2026-03-10T20:12:37.675295+00:00,BTCUSD,cobra,26551110,H1,HOLD,HOLD,NONE,0,750.6721449432705,0,,,,,,,,,,,,,,,,17.05,17.05,70023.04,70241.34,69997.18,70063.84,,,,,,,,69337.63137851207,70464.87,0.5792941738005526,,,,,,none,True,,,,,,,,,,,,,,no_pattern_at_sr
2026-03-10T20:12:37.676608+00:00,USDJPY.s,cobra,26551110,H1,HOLD,HOLD,NONE,0,0.24401191866768482,0,,,,,,,,,,,,,,,,0.024,0.024,158.026,158.078,157.987,158.014,,,,,,,,157.8464695381786,157.962,0.2581841097926659,,,,,,none,True,,,,,,,,,,,,,,no_pattern_at_sr
2026-03-10T20:12:37.677883+00:00,EURUSD.s,cobra,26551110,H1,HOLD,HOLD,NONE,0,0.0020200777884598737,0,,,,,,,,,,,,,,,,0.00019,0.00019,1.16137,1.16145,1.16071,1.16114,,,,,,,,1.1611443561121964,1.16173,0.19306187228425006,,,,,,none,True,,,,,,,,,,,,,,no_pattern_at_sr
2026-03-10T20:12:37.679399+00:00,XAUUSD.s,cobra,26551110,H1,HOLD,HOLD,NONE,0,26.207820165579733,0,,,,,,,,,,,,,,,,0.31,0.31,5198.64,5198.92,5193.42,5196.8,,,,,,,,5157.63602323904,5189.332,0.35897682220650784,,,,,,none,True,,,,,,,,,,,,,,no_pattern_at_sr
2026-03-10T20:12:37.680751+00:00,USOUSD.s,cobra,26551110,H1,HOLD,HOLD,NONE,0,3.8316720989935202,0,,,,,,,,,,,,,,,,0.079,0.079,86.674,86.969,85.924,86.314,,,,,,,,89.42434540352686,86.7365,0.016311416630983927,,,,,,none,True,,,,,,,,,,,,,,no_pattern_at_sr
2026-03-10T20:13:37.993477+00:00,BTCUSD,cobra,26551110,H1,HOLD,HOLD,NONE,0,750.6721449432705,0,,,,,,,,,,,,,,,,17.05,17.05,70023.04,70241.34,69997.18,70053.05,,,,,,,,69337.63137851207,70464.87,0.5792941738005526,,,,,,none,True,,,,,,,,,,,,,,no_pattern_at_sr
2026-03-10T20:13:37.994794+00:00,USDJPY.s,cobra,26551110,H1,HOLD,HOLD,NONE,0,0.24401191866768482,0,,,,,,,,,,,,,,,,0.023,0.023,158.026,158.078,157.987,158.014,,,,,,,,157.8464695381786,157.962,0.2581841097926659,,,,,,none,True,,,,,,,,,,,,,,no_pattern_at_sr
2026-03-10T20:13:37.996066+00:00,EURUSD.s,cobra,26551110,H1,HOLD,HOLD,NONE,0,0.0020200777884598737,0,,,,,,,,,,,,,,,,0.00019,0.00019,1.16137,1.16145,1.16071,1.1612,,,,,,,,1.1611443561121964,1.16173,0.19306187228425006,,,,,,none,True,,,,,,,,,,,,,,no_pattern_at_sr
2026-03-10T20:13:37.997476+00:00,XAUUSD.s,cobra,26551110,H1,HOLD,HOLD,NONE,0,26.207820165579733,0,,,,,,,,,,,,,,,,0.33,0.33,5198.64,5198.92,5193.42,5197.95,,,,,,,,5157.63602323904,5189.332,0.35897682220650784,,,,,,none,True,,,,,,,,,,,,,,no_pattern_at_sr
2026-03-10T20:13:37.998868+00:00,USOUSD.s,cobra,26551110,H1,HOLD,HOLD,NONE,0,3.8316720989935202,0,,,,,,,,,,,,,,,,0.079,0.079,86.674,86.969,85.924,86.228,,,,,,,,89.42434540352686,86.7365,0.016311416630983927,,,,,,none,True,,,,,,,,,,,,,,no_pattern_at_sr
2026-03-10T20:14:38.313765+00:00,BTCUSD,cobra,26551110,H1,HOLD,HOLD,NONE,0,750.6721449432705,0,,,,,,,,,,,,,,,,16.97,16.97,70023.04,70241.34,69997.18,70064.74,,,,,,,,69337.63137851207,70464.87,0.5792941738005526,,,,,,none,True,,,,,,,,,,,,,,no_pattern_at_sr
2026-03-10T20:14:38.315143+00:00,USDJPY.s,cobra,26551110,H1,HOLD,HOLD,NONE,0,0.24401191866768482,0,,,,,,,,,,,,,,,,0.024,0.024,158.026,158.078,157.987,158.012,,,,,,,,157.8464695381786,157.962,0.2581841097926659,,,,,,none,True,,,,,,,,,,,,,,no_pattern_at_sr
2026-03-10T20:14:38.316478+00:00,EURUSD.s,cobra,26551110,H1,HOLD,HOLD,NONE,0,0.0020200777884598737,0,,,,,,,,,,,,,,,,0.00019,0.00019,1.16137,1.16145,1.16071,1.16128,,,,,,,,1.1611443561121964,1.16173,0.19306187228425006,,,,,,none,True,,,,,,,,,,,,,,no_pattern_at_sr
2026-03-10T20:14:38.317992+00:00,XAUUSD.s,cobra,26551110,H1,HOLD,HOLD,NONE,0,26.207820165579733,0,,,,,,,,,,,,,,,,0.33,0.33,5198.64,5198.92,5193.42,5198.07,,,,,,,,5157.63602323904,5189.332,0.35897682220650784,,,,,,none,True,,,,,,,,,,,,,,no_pattern_at_sr
2026-03-10T20:14:38.319269+00:00,USOUSD.s,cobra,26551110,H1,HOLD,HOLD,NONE,0,3.8316720989935202,0,,,,,,,,,,,,,,,,0.079,0.079,86.674,86.969,85.924,86.304,,,,,,,,89.42434540352686,86.7365,0.016311416630983927,,,,,,none,True,,,,,,,,,,,,,,no_pattern_at_sr
2026-03-10T20:15:38.651291+00:00,BTCUSD,cobra,26551110,H1,HOLD,HOLD,NONE,0,750.6721449432705,0,,,,,,,,,,,,,,,,17.04,17.04,70023.04,70241.34,69997.18,70051.61,,,,,,,,69337.63137851207,70464.87,0.5792941738005526,,,,,,none,True,,,,,,,,,,,,,,no_pattern_at_sr
2026-03-10T20:15:38.652622+00:00,USDJPY.s,cobra,26551110,H1,HOLD,HOLD,NONE,0,0.24401191866768482,0,,,,,,,,,,,,,,,,0.025,0.025,158.026,158.078,157.987,158.004,,,,,,,,157.8464695381786,157.962,0.2581841097926659,,,,,,none,True,,,,,,,,,,,,,,no_pattern_at_sr
2026-03-10T20:15:38.653904+00:00,EURUSD.s,cobra,26551110,H1,HOLD,HOLD,NONE,0,0.0020200777884598737,0,,,,,,,,,,,,,,,,0.00018,0.00018,1.16137,1.16145,1.16071,1.16124,,,,,,,,1.1611443561121964,1.16173,0.19306187228425006,,,,,,none,True,,,,,,,,,,,,,,no_pattern_at_sr
2026-03-10T20:15:38.655302+00:00,XAUUSD.s,cobra,26551110,H1,HOLD,HOLD,NONE,0,26.207820165579733,0,,,,,,,,,,,,,,,,0.37,0.37,5198.64,5198.92,5193.42,5196.9,,,,,,,,5157.63602323904,5189.332,0.35897682220650784,,,,,,none,True,,,,,,,,,,,,,,no_pattern_at_sr
2026-03-10T20:15:38.656678+00:00,USOUSD.s,cobra,26551110,H1,HOLD,HOLD,NONE,0,3.8316720989935202,0,,,,,,,,,,,,,,,,0.079,0.079,86.674,86.969,85.924,86.434,,,,,,,,89.42434540352686,86.7365,0.016311416630983927,,,,,,none,True,,,,,,,,,,,,,,no_pattern_at_sr
2026-03-10T20:16:39.003355+00:00,BTCUSD,cobra,26551110,H1,HOLD,HOLD,NONE,0,750.6721449432705,0,,,,,,,,,,,,,,,,16.99,16.99,70023.04,70241.34,69997.18,70042.36,,,,,,,,69337.63137851207,70464.87,0.5792941738005526,,,,,,none,True,,,,,,,,,,,,,,no_pattern_at_sr
2026-03-10T20:16:39.004726+00:00,USDJPY.s,cobra,26551110,H1,HOLD,HOLD,NONE,0,0.24401191866768482,0,,,,,,,,,,,,,,,,0.024,0.024,158.026,158.078,157.987,158.003,,,,,,,,157.8464695381786,157.962,0.2581841097926659,,,,,,none,True,,,,,,,,,,,,,,no_pattern_at_sr
2026-03-10T20:16:39.006001+00:00,EURUSD.s,cobra,26551110,H1,HOLD,HOLD,NONE,0,0.0020200777884598737,0,,,,,,,,,,,,,,,,0.00019,0.00019,1.16137,1.16145,1.16071,1.16121,,,,,,,,1.1611443561121964,1.16173,0.19306187228425006,,,,,,none,True,,,,,,,,,,,,,,no_pattern_at_sr
2026-03-10T20:16:39.007440+00:00,XAUUSD.s,cobra,26551110,H1,HOLD,HOLD,NONE,0,26.207820165579733,0,,,,,,,,,,,,,,,,0.33,0.33,5198.64,5198.92,5193.42,5196.0,,,,,,,,5157.63602323904,5189.332,0.35897682220650784,,,,,,none,True,,,,,,,,,,,,,,no_pattern_at_sr
2026-03-10T20:16:39.008757+00:00,USOUSD.s,cobra,26551110,H1,HOLD,HOLD,NONE,0,3.8316720989935202,0,,,,,,,,,,,,,,,,0.079,0.079,86.674,86.969,85.924,86.439,,,,,,,,89.42434540352686,86.7365,0.016311416630983927,,,,,,none,True,,,,,,,,,,,,,,no_pattern_at_sr
2026-03-10T20:17:39.326054+00:00,BTCUSD,cobra,26551110,H1,HOLD,HOLD,NONE,0,750.6721449432705,0,,,,,,,,,,,,,,,,16.98,16.98,70023.04,70241.34,69997.18,70018.41,,,,,,,,69337.63137851207,70464.87,0.5792941738005526,,,,,,none,True,,,,,,,,,,,,,,no_pattern_at_sr
2026-03-10T20:17:39.327357+00:00,USDJPY.s,cobra,26551110,H1,HOLD,HOLD,NONE,0,0.24401191866768482,0,,,,,,,,,,,,,,,,0.024,0.024,158.026,158.078,157.987,158.029,,,,,,,,157.8464695381786,157.962,0.2581841097926659,,,,,,none,True,,,,,,,,,,,,,,no_pattern_at_sr
2026-03-10T20:17:39.328721+00:00,EURUSD.s,cobra,26551110,H1,HOLD,HOLD,NONE,0,0.0020200777884598737,0,,,,,,,,,,,,,,,,0.0002,0.0002,1.16137,1.16145,1.16071,1.1609099999999999,,,,,,,,1.1611443561121964,1.16173,0.19306187228425006,,,,,,none,True,,,,,,,,,,,,,,no_pattern_at_sr
2026-03-10T20:17:39.330113+00:00,XAUUSD.s,cobra,26551110,H1,HOLD,HOLD,NONE,0,26.207820165579733,0,,,,,,,,,,,,,,,,0.34,0.34,5198.64,5198.92,5193.42,5195.08,,,,,,,,5157.63602323904,5189.332,0.35897682220650784,,,,,,none,True,,,,,,,,,,,,,,no_pattern_at_sr
2026-03-10T20:17:39.331328+00:00,USOUSD.s,cobra,26551110,H1,HOLD,HOLD,NONE,0,3.8316720989935202,0,,,,,,,,,,,,,,,,0.079,0.079,86.674,86.969,85.924,86.524,,,,,,,,89.42434540352686,86.7365,0.016311416630983927,,,,,,none,True,,,,,,,,,,,,,,no_pattern_at_sr
2026-03-10T20:18:39.810129+00:00,BTCUSD,cobra,26551110,H1,HOLD,HOLD,NONE,0,751.4021449432696,0,,,,,,,,,,,,,,,,17.03,17.03,70023.04,70241.34,69986.96,70005.97,,,,,,,,69337.63137851207,70464.87,0.5787313796300545,,,,,,none,True,,,,,,,,,,,,,,no_pattern_at_sr
2026-03-10T20:18:39.811611+00:00,USDJPY.s,cobra,26551110,H1,HOLD,HOLD,NONE,0,0.24401191866768482,0,,,,,,,,,,,,,,,,0.023,0.023,158.026,158.078,157.987,157.999,,,,,,,,157.8464695381786,157.962,0.2581841097926659,,,,,,none,True,,,,,,,,,,,,,,no_pattern_at_sr
2026-03-10T20:18:39.812936+00:00,EURUSD.s,cobra,26551110,H1,HOLD,HOLD,NONE,0,0.0020200777884598737,0,,,,,,,,,,,,,,,,0.00018,0.00018,1.16137,1.16145,1.16071,1.16113,,,,,,,,1.1611443561121964,1.16173,0.19306187228425006,,,,,,none,True,,,,,,,,,,,,,,no_pattern_at_sr
2026-03-10T20:18:39.814375+00:00,XAUUSD.s,cobra,26551110,H1,HOLD,HOLD,NONE,0,26.207820165579733,0,,,,,,,,,,,,,,,,0.33,0.33,5198.64,5198.92,5193.42,5194.93,,,,,,,,5157.63602323904,5189.332,0.35897682220650784,,,,,,none,True,,,,,,,,,,,,,,no_pattern_at_sr
2026-03-10T20:18:39.815747+00:00,USOUSD.s,cobra,26551110,H1,HOLD,HOLD,NONE,0,3.8316720989935202,0,,,,,,,,,,,,,,,,0.079,0.079,86.674,86.969,85.924,86.338,,,,,,,,89.42434540352686,86.7365,0.016311416630983927,,,,,,none,True,,,,,,,,,,,,,,no_pattern_at_sr
2026-03-10T20:19:40.221586+00:00,BTCUSD,cobra,26551110,H1,HOLD,HOLD,NONE,0,751.4021449432696,0,,,,,,,,,,,,,,,,17.11,17.11,70023.04,70241.34,69986.96,70082.87,,,,,,,,69337.63137851207,70464.87,0.5787313796300545,,,,,,none,True,,,,,,,,,,,,,,no_pattern_at_sr
2026-03-10T20:19:40.223060+00:00,USDJPY.s,cobra,26551110,H1,HOLD,HOLD,NONE,0,0.24401191866768482,0,,,,,,,,,,,,,,,,0.024,0.024,158.026,158.078,157.987,158.0,,,,,,,,157.8464695381786,157.962,0.2581841097926659,,,,,,none,True,,,,,,,,,,,,,,no_pattern_at_sr
2026-03-10T20:19:40.224453+00:00,EURUSD.s,cobra,26551110,H1,HOLD,HOLD,NONE,0,0.0020200777884598737,0,,,,,,,,,,,,,,,,0.00018,0.00018,1.16137,1.16145,1.16071,1.16109,,,,,,,,1.1611443561121964,1.16173,0.19306187228425006,,,,,,none,True,,,,,,,,,,,,,,no_pattern_at_sr
2026-03-10T20:19:40.225758+00:00,XAUUSD.s,cobra,26551110,H1,HOLD,HOLD,NONE,0,26.207820165579733,0,,,,,,,,,,,,,,,,0.31,0.31,5198.64,5198.92,5193.42,5194.36,,,,,,,,5157.63602323904,5189.332,0.35897682220650784,,,,,,none,True,,,,,,,,,,,,,,no_pattern_at_sr
2026-03-10T20:19:40.227226+00:00,USOUSD.s,cobra,26551110,H1,HOLD,HOLD,NONE,0,3.8316720989935202,0,,,,,,,,,,,,,,,,0.079,0.079,86.674,86.969,85.924,86.383,,,,,,,,89.42434540352686,86.7365,0.016311416630983927,,,,,,none,True,,,,,,,,,,,,,,no_pattern_at_sr
2026-03-10T20:20:40.535249+00:00,BTCUSD,cobra,26551110,H1,HOLD,HOLD,NONE,0,751.4021449432696,0,,,,,,,,,,,,,,,,16.94,16.94,70023.04,70241.34,69986.96,70166.72,,,,,,,,69337.63137851207,70464.87,0.5787313796300545,,,,,,none,True,,,,,,,,,,,,,,no_pattern_at_sr
2026-03-10T20:20:40.536564+00:00,USDJPY.s,cobra,26551110,H1,HOLD,HOLD,NONE,0,0.24401191866768482,0,,,,,,,,,,,,,,,,0.024,0.024,158.026,158.078,157.987,158.0,,,,,,,,157.8464695381786,157.962,0.2581841097926659,,,,,,none,True,,,,,,,,,,,,,,no_pattern_at_sr
2026-03-10T20:20:40.537859+00:00,EURUSD.s,cobra,26551110,H1,HOLD,HOLD,NONE,0,0.0020200777884598737,0,,,,,,,,,,,,,,,,0.00019,0.00019,1.16137,1.16145,1.16071,1.16101,,,,,,,,1.1611443561121964,1.16173,0.19306187228425006,,,,,,none,True,,,,,,,,,,,,,,no_pattern_at_sr
2026-03-10T20:20:40.539397+00:00,XAUUSD.s,cobra,26551110,H1,HOLD,HOLD,NONE,0,26.32567730843685,0,,,,,,,,,,,,,,,,0.32,0.32,5198.64,5198.92,5191.77,5191.81,,,,,,,,5157.63602323904,5189.332,0.35736972271495454,,,,,,none,True,,,,,,,,,,,,,,no_pattern_at_sr
2026-03-10T20:20:40.540659+00:00,USOUSD.s,cobra,26551110,H1,HOLD,HOLD,NONE,0,3.840600670422092,0,,,,,,,,,,,,,,,,0.079,0.079,86.674,86.969,85.799,86.103,,,,,,,,89.42434540352686,86.7365,0.01627349609172752,,,,,,none,True,,,,,,,,,,,,,,no_pattern_at_sr
2026-03-10T20:21:40.855192+00:00,BTCUSD,cobra,26551110,H1,HOLD,HOLD,NONE,0,751.4021449432696,0,,,,,,,,,,,,,,,,16.98,16.98,70023.04,70241.34,69986.96,70187.2,,,,,,,,69337.63137851207,70464.87,0.5787313796300545,,,,,,none,True,,,,,,,,,,,,,,no_pattern_at_sr
2026-03-10T20:21:40.857038+00:00,USDJPY.s,cobra,26551110,H1,HOLD,HOLD,NONE,0,0.2450119186676835,0,,,,,,,,,,,,,,,,0.023,0.023,158.026,158.078,157.973,157.973,,,,,,,,157.8464695381786,157.962,0.257130348362625,,,,,,none,True,,,,,,,,,,,,,,no_pattern_at_sr
2026-03-10T20:21:40.858829+00:00,EURUSD.s,cobra,26551110,H1,HOLD,HOLD,NONE,0,0.0020200777884598737,0,,,,,,,,,,,,,,,,0.00018,0.00018,1.16137,1.16145,1.16071,1.16143,,,,,,,,1.1611443561121964,1.16173,0.19306187228425006,,,,,,none,True,,,,,,,,,,,,,,no_pattern_at_sr
2026-03-10T20:21:40.860442+00:00,XAUUSD.s,cobra,26551110,H1,HOLD,HOLD,NONE,0,26.32782016557975,0,,,,,,,,,,,,,,,,0.3,0.3,5198.64,5198.92,5191.74,5194.71,,,,,,,,5157.63602323904,5189.332,0.3573406359064698,,,,,,none,True,,,,,,,,,,,,,,no_pattern_at_sr
2026-03-10T20:21:40.861847+00:00,USOUSD.s,cobra,26551110,H1,HOLD,HOLD,NONE,0,3.840600670422092,0,,,,,,,,,,,,,,,,0.079,0.079,86.674,86.969,85.799,86.013,,,,,,,,89.42434540352686,86.7365,0.01627349609172752,,,,,,none,True,,,,,,,,,,,,,,no_pattern_at_sr
2026-03-10T20:22:41.179051+00:00,BTCUSD,cobra,26551110,H1,HOLD,HOLD,NONE,0,751.4021449432696,0,,,,,,,,,,,,,,,,16.96,16.96,70023.04,70241.34,69986.96,70203.42,,,,,,,,69337.63137851207,70464.87,0.5787313796300545,,,,,,none,True,,,,,,,,,,,,,,no_pattern_at_sr
2026-03-10T20:22:41.180363+00:00,USDJPY.s,cobra,26551110,H1,HOLD,HOLD,NONE,0,0.24558334723911276,0,,,,,,,,,,,,,,,,0.024,0.024,158.026,158.078,157.965,157.975,,,,,,,,157.8464695381786,157.962,0.2565320519826473,,,,,,none,True,,,,,,,,,,,,,,no_pattern_at_sr
2026-03-10T20:22:41.181717+00:00,EURUSD.s,cobra,26551110,H1,HOLD,HOLD,NONE,0,0.0020200777884598737,0,,,,,,,,,,,,,,,,0.00019,0.00019,1.16137,1.16145,1.16071,1.16138,,,,,,,,1.1611443561121964,1.16173,0.19306187228425006,,,,,,none,True,,,,,,,,,,,,,,no_pattern_at_sr
2026-03-10T20:22:41.183160+00:00,XAUUSD.s,cobra,26551110,H1,HOLD,HOLD,NONE,0,26.32782016557975,0,,,,,,,,,,,,,,,,0.31,0.31,5198.64,5198.92,5191.74,5196.04,,,,,,,,5157.63602323904,5189.332,0.3573406359064698,,,,,,none,True,,,,,,,,,,,,,,no_pattern_at_sr
2026-03-10T20:22:41.184408+00:00,USOUSD.s,cobra,26551110,H1,HOLD,HOLD,NONE,0,3.840600670422092,0,,,,,,,,,,,,,,,,0.079,0.079,86.674,86.969,85.799,86.109,,,,,,,,89.42434540352686,86.7365,0.01627349609172752,,,,,,none,True,,,,,,,,,,,,,,no_pattern_at_sr
2026-03-10T20:23:41.519280+00:00,BTCUSD,cobra,26551110,H1,HOLD,HOLD,NONE,0,751.4021449432696,0,,,,,,,,,,,,,,,,17.0,17.0,70023.04,70241.34,69986.96,70192.27,,,,,,,,69337.63137851207,70464.87,0.5787313796300545,,,,,,none,True,,,,,,,,,,,,,,no_pattern_at_sr
2026-03-10T20:23:41.520574+00:00,USDJPY.s,cobra,26551110,H1,HOLD,HOLD,NONE,0,0.24558334723911276,0,,,,,,,,,,,,,,,,0.023,0.023,158.026,158.078,157.965,157.989,,,,,,,,157.8464695381786,157.962,0.2565320519826473,,,,,,none,True,,,,,,,,,,,,,,no_pattern_at_sr
2026-03-10T20:23:41.521923+00:00,EURUSD.s,cobra,26551110,H1,HOLD,HOLD,NONE,0,0.0020200777884598737,0,,,,,,,,,,,,,,,,0.0002,0.0002,1.16137,1.16145,1.16071,1.16127,,,,,,,,1.1611443561121964,1.16173,0.19306187228425006,,,,,,none,True,,,,,,,,,,,,,,no_pattern_at_sr
2026-03-10T20:23:41.523350+00:00,XAUUSD.s,cobra,26551110,H1,HOLD,HOLD,NONE,0,26.32782016557975,0,,,,,,,,,,,,,,,,0.31,0.31,5198.64,5198.92,5191.74,5197.26,,,,,,,,5157.63602323904,5189.332,0.3573406359064698,,,,,,none,True,,,,,,,,,,,,,,no_pattern_at_sr
2026-03-10T20:23:41.524637+00:00,USOUSD.s,cobra,26551110,H1,HOLD,HOLD,NONE,0,3.840600670422092,0,,,,,,,,,,,,,,,,0.079,0.079,86.674,86.969,85.799,86.159,,,,,,,,89.42434540352686,86.7365,0.01627349609172752,,,,,,none,True,,,,,,,,,,,,,,no_pattern_at_sr
2026-03-10T20:24:41.857676+00:00,BTCUSD,cobra,26551110,H1,HOLD,HOLD,NONE,0,751.4207163718416,0,,,,,,,,,,,,,,,,17.11,17.11,70023.04,70241.6,69986.96,70212.2,,,,,,,,69337.63137851207,70464.87,0.5787170762335084,,,,,,none,True,,,,,,,,,,,,,,no_pattern_at_sr
2026-03-10T20:24:41.859036+00:00,USDJPY.s,cobra,26551110,H1,HOLD,HOLD,NONE,0,0.24558334723911276,0,,,,,,,,,,,,,,,,0.023,0.023,158.026,158.078,157.965,157.99,,,,,,,,157.8464695381786,157.962,0.2565320519826473,,,,,,none,True,,,,,,,,,,,,,,no_pattern_at_sr
2026-03-10T20:24:41.860331+00:00,EURUSD.s,cobra,26551110,H1,HOLD,HOLD,NONE,0,0.0020200777884598737,0,,,,,,,,,,,,,,,,0.00019,0.00019,1.16137,1.16145,1.16071,1.16129,,,,,,,,1.1611443561121964,1.16173,0.19306187228425006,,,,,,none,True,,,,,,,,,,,,,,no_pattern_at_sr
2026-03-10T20:24:41.861854+00:00,XAUUSD.s,cobra,26551110,H1,HOLD,HOLD,NONE,0,26.32782016557975,0,,,,,,,,,,,,,,,,0.33,0.33,5198.64,5198.92,5191.74,5197.37,,,,,,,,5157.63602323904,5189.332,0.3573406359064698,,,,,,none,True,,,,,,,,,,,,,,no_pattern_at_sr
2026-03-10T20:24:41.863124+00:00,USOUSD.s,cobra,26551110,H1,HOLD,HOLD,NONE,0,3.840600670422092,0,,,,,,,,,,,,,,,,0.079,0.079,86.674,86.969,85.799,86.258,,,,,,,,89.42434540352686,86.7365,0.01627349609172752,,,,,,none,True,,,,,,,,,,,,,,no_pattern_at_sr
2026-03-10T20:25:42.186482+00:00,BTCUSD,cobra,26551110,H1,HOLD,HOLD,NONE,0,751.4207163718416,0,,,,,,,,,,,,,,,,17.06,17.06,70023.04,70241.6,69986.96,70199.67,,,,,,,,69337.63137851207,70464.87,0.5787170762335084,,,,,,none,True,,,,,,,,,,,,,,no_pattern_at_sr
2026-03-10T20:25:42.187901+00:00,USDJPY.s,cobra,26551110,H1,HOLD,HOLD,NONE,0,0.24558334723911276,0,,,,,,,,,,,,,,,,0.024,0.024,158.026,158.078,157.965,158.005,,,,,,,,157.8464695381786,157.962,0.2565320519826473,,,,,,none,True,,,,,,,,,,,,,,no_pattern_at_sr
2026-03-10T20:25:42.189429+00:00,EURUSD.s,cobra,26551110,H1,HOLD,HOLD,NONE,0,0.0020200777884598737,0,,,,,,,,,,,,,,,,0.00018,0.00018,1.16137,1.16145,1.16071,1.1612,,,,,,,,1.1611443561121964,1.16173,0.19306187228425006,,,,,,none,True,,,,,,,,,,,,,,no_pattern_at_sr
2026-03-10T20:25:42.190771+00:00,XAUUSD.s,cobra,26551110,H1,HOLD,HOLD,NONE,0,26.32782016557975,0,,,,,,,,,,,,,,,,0.34,0.34,5198.64,5198.92,5191.74,5197.38,,,,,,,,5157.63602323904,5189.332,0.3573406359064698,,,,,,none,True,,,,,,,,,,,,,,no_pattern_at_sr
2026-03-10T20:25:42.192201+00:00,USOUSD.s,cobra,26551110,H1,HOLD,HOLD,NONE,0,3.840600670422092,0,,,,,,,,,,,,,,,,0.079,0.079,86.674,86.969,85.799,86.434,,,,,,,,89.42434540352686,86.7365,0.01627349609172752,,,,,,none,True,,,,,,,,,,,,,,no_pattern_at_sr
2026-03-10T20:26:42.504013+00:00,BTCUSD,cobra,26551110,H1,HOLD,HOLD,NONE,0,751.4207163718416,0,,,,,,,,,,,,,,,,17.06,17.06,70023.04,70241.6,69986.96,70197.2,,,,,,,,69337.63137851207,70464.87,0.5787170762335084,,,,,,none,True,,,,,,,,,,,,,,no_pattern_at_sr
2026-03-10T20:26:42.505383+00:00,USDJPY.s,cobra,26551110,H1,HOLD,HOLD,NONE,0,0.24558334723911276,0,,,,,,,,,,,,,,,,0.024,0.024,158.026,158.078,157.965,158.009,,,,,,,,157.8464695381786,157.962,0.2565320519826473,,,,,,none,True,,,,,,,,,,,,,,no_pattern_at_sr
2026-03-10T20:26:42.506669+00:00,EURUSD.s,cobra,26551110,H1,HOLD,HOLD,NONE,0,0.0020200777884598737,0,,,,,,,,,,,,,,,,0.00019,0.00019,1.16137,1.16145,1.16071,1.16126,,,,,,,,1.1611443561121964,1.16173,0.19306187228425006,,,,,,none,True,,,,,,,,,,,,,,no_pattern_at_sr
2026-03-10T20:26:42.508129+00:00,XAUUSD.s,cobra,26551110,H1,HOLD,HOLD,NONE,0,26.32782016557975,0,,,,,,,,,,,,,,,,0.33,0.33,5198.64,5198.92,5191.74,5197.79,,,,,,,,5157.63602323904,5189.332,0.3573406359064698,,,,,,none,True,,,,,,,,,,,,,,no_pattern_at_sr
2026-03-10T20:26:42.509517+00:00,USOUSD.s,cobra,26551110,H1,HOLD,HOLD,NONE,0,3.840600670422092,0,,,,,,,,,,,,,,,,0.079,0.079,86.674,86.969,85.799,86.554,,,,,,,,89.42434540352686,86.7365,0.01627349609172752,,,,,,none,True,,,,,,,,,,,,,,no_pattern_at_sr
2026-03-10T20:27:42.819749+00:00,BTCUSD,cobra,26551110,H1,HOLD,HOLD,NONE,0,751.4207163718416,0,,,,,,,,,,,,,,,,17.11,17.11,70023.04,70241.6,69986.96,70181.95,,,,,,,,69337.63137851207,70464.87,0.5787170762335084,,,,,,none,True,,,,,,,,,,,,,,no_pattern_at_sr
2026-03-10T20:27:42.821062+00:00,USDJPY.s,cobra,26551110,H1,HOLD,HOLD,NONE,0,0.24558334723911276,0,,,,,,,,,,,,,,,,0.024,0.024,158.026,158.078,157.965,158.013,,,,,,,,157.8464695381786,157.962,0.2565320519826473,,,,,,none,True,,,,,,,,,,,,,,no_pattern_at_sr
2026-03-10T20:27:42.822443+00:00,EURUSD.s,cobra,26551110,H1,HOLD,HOLD,NONE,0,0.0020200777884598737,0,,,,,,,,,,,,,,,,0.00018,0.00018,1.16137,1.16145,1.16071,1.16121,,,,,,,,1.1611443561121964,1.16173,0.19306187228425006,,,,,,none,True,,,,,,,,,,,,,,no_pattern_at_sr
2026-03-10T20:27:42.823835+00:00,XAUUSD.s,cobra,26551110,H1,HOLD,HOLD,NONE,0,26.32782016557975,0,,,,,,,,,,,,,,,,0.34,0.34,5198.64,5198.92,5191.74,5197.35,,,,,,,,5157.63602323904,5189.332,0.3573406359064698,,,,,,none,True,,,,,,,,,,,,,,no_pattern_at_sr
2026-03-10T20:27:42.825128+00:00,USOUSD.s,cobra,26551110,H1,HOLD,HOLD,NONE,0,3.840600670422092,0,,,,,,,,,,,,,,,,0.079,0.079,86.674,86.969,85.799,86.554,,,,,,,,89.42434540352686,86.7365,0.01627349609172752,,,,,,none,True,,,,,,,,,,,,,,no_pattern_at_sr
2026-03-10T20:28:43.155703+00:00,BTCUSD,cobra,26551110,H1,HOLD,HOLD,NONE,0,751.4207163718416,0,,,,,,,,,,,,,,,,17.03,17.03,70023.04,70241.6,69986.96,70197.09,,,,,,,,69337.63137851207,70464.87,0.5787170762335084,,,,,,none,True,,,,,,,,,,,,,,no_pattern_at_sr
2026-03-10T20:28:43.157124+00:00,USDJPY.s,cobra,26551110,H1,HOLD,HOLD,NONE,0,0.24558334723911276,0,,,,,,,,,,,,,,,,0.024,0.024,158.026,158.078,157.965,158.026,,,,,,,,157.8464695381786,157.962,0.2565320519826473,,,,,,none,True,,,,,,,,,,,,,,no_pattern_at_sr
2026-03-10T20:28:43.158396+00:00,EURUSD.s,cobra,26551110,H1,HOLD,HOLD,NONE,0,0.0020200777884598737,0,,,,,,,,,,,,,,,,0.00019,0.00019,1.16137,1.16145,1.16071,1.16124,,,,,,,,1.1611443561121964,1.16173,0.19306187228425006,,,,,,none,True,,,,,,,,,,,,,,no_pattern_at_sr
2026-03-10T20:28:43.159817+00:00,XAUUSD.s,cobra,26551110,H1,HOLD,HOLD,NONE,0,26.32782016557975,0,,,,,,,,,,,,,,,,0.33,0.33,5198.64,5198.92,5191.74,5196.83,,,,,,,,5157.63602323904,5189.332,0.3573406359064698,,,,,,none,True,,,,,,,,,,,,,,no_pattern_at_sr
2026-03-10T20:28:43.161161+00:00,USOUSD.s,cobra,26551110,H1,HOLD,HOLD,NONE,0,3.840600670422092,0,,,,,,,,,,,,,,,,0.079,0.079,86.674,86.969,85.799,86.664,,,,,,,,89.42434540352686,86.7365,0.01627349609172752,,,,,,none,True,,,,,,,,,,,,,,no_pattern_at_sr
2026-03-10T20:29:43.479554+00:00,BTCUSD,cobra,26551110,H1,HOLD,HOLD,NONE,0,752.2650020861269,0,,,,,,,,,,,,,,,,16.94,16.94,70023.04,70253.42,69986.96,70236.67,,,,,,,,69337.63137851207,70464.87,0.5780675676710711,,,,,,none,True,,,,,,,,,,,,,,no_pattern_at_sr
2026-03-10T20:29:43.481012+00:00,USDJPY.s,cobra,26551110,H1,HOLD,HOLD,NONE,0,0.24558334723911276,0,,,,,,,,,,,,,,,,0.024,0.024,158.026,158.078,157.965,158.017,,,,,,,,157.8464695381786,157.962,0.2565320519826473,,,,,,none,True,,,,,,,,,,,,,,no_pattern_at_sr
2026-03-10T20:29:43.482368+00:00,EURUSD.s,cobra,26551110,H1,HOLD,HOLD,NONE,0,0.0020200777884598737,0,,,,,,,,,,,,,,,,0.00019,0.00019,1.16137,1.16145,1.16071,1.16131,,,,,,,,1.1611443561121964,1.16173,0.19306187228425006,,,,,,none,True,,,,,,,,,,,,,,no_pattern_at_sr
2026-03-10T20:29:43.483741+00:00,XAUUSD.s,cobra,26551110,H1,HOLD,HOLD,NONE,0,26.32782016557975,0,,,,,,,,,,,,,,,,0.33,0.33,5198.64,5198.92,5191.74,5194.77,,,,,,,,5157.63602323904,5189.332,0.3573406359064698,,,,,,none,True,,,,,,,,,,,,,,no_pattern_at_sr
2026-03-10T20:29:43.485176+00:00,USOUSD.s,cobra,26551110,H1,HOLD,HOLD,NONE,0,3.840600670422092,0,,,,,,,,,,,,,,,,0.079,0.079,86.674,86.969,85.799,86.719,,,,,,,,89.42434540352686,86.7365,0.01627349609172752,,,,,,none,True,,,,,,,,,,,,,,no_pattern_at_sr
2026-03-10T20:30:43.822505+00:00,BTCUSD,cobra,26551110,H1,HOLD,HOLD,NONE,0,752.2650020861269,0,,,,,,,,,,,,,,,,17.06,17.06,70023.04,70253.42,69986.96,70241.47,,,,,,,,69337.63137851207,70464.87,0.5780675676710711,,,,,,none,True,,,,,,,,,,,,,,no_pattern_at_sr
2026-03-10T20:30:43.823930+00:00,USDJPY.s,cobra,26551110,H1,HOLD,HOLD,NONE,0,0.24558334723911276,0,,,,,,,,,,,,,,,,0.023,0.023,158.026,158.078,157.965,158.02,,,,,,,,157.8464695381786,157.962,0.2565320519826473,,,,,,none,True,,,,,,,,,,,,,,no_pattern_at_sr
2026-03-10T20:30:43.825210+00:00,EURUSD.s,cobra,26551110,H1,HOLD,HOLD,NONE,0,0.0020200777884598737,0,,,,,,,,,,,,,,,,0.0002,0.0002,1.16137,1.16145,1.16071,1.16138,,,,,,,,1.1611443561121964,1.16173,0.19306187228425006,,,,,,none,True,,,,,,,,,,,,,,no_pattern_at_sr
2026-03-10T20:30:43.826633+00:00,XAUUSD.s,cobra,26551110,H1,HOLD,HOLD,NONE,0,26.32782016557975,0,,,,,,,,,,,,,,,,0.37,0.37,5198.64,5198.92,5191.74,5194.58,,,,,,,,5157.63602323904,5189.332,0.3573406359064698,,,,,,none,True,,,,,,,,,,,,,,no_pattern_at_sr
2026-03-10T20:30:43.827908+00:00,USOUSD.s,cobra,26551110,H1,HOLD,HOLD,NONE,0,3.840600670422092,0,,,,,,,,,,,,,,,,0.079,0.079,86.674,86.969,85.799,86.638,,,,,,,,89.42434540352686,86.7365,0.01627349609172752,,,,,,none,True,,,,,,,,,,,,,,no_pattern_at_sr
2026-03-10T20:31:44.138329+00:00,BTCUSD,cobra,26551110,H1,HOLD,HOLD,NONE,0,752.2650020861269,0,,,,,,,,,,,,,,,,16.94,16.94,70023.04,70253.42,69986.96,70239.3,,,,,,,,69337.63137851207,70464.87,0.5780675676710711,,,,,,none,True,,,,,,,,,,,,,,no_pattern_at_sr
2026-03-10T20:31:44.140648+00:00,USDJPY.s,cobra,26551110,H1,HOLD,HOLD,NONE,0,0.24558334723911276,0,,,,,,,,,,,,,,,,0.022,0.022,158.026,158.078,157.965,158.019,,,,,,,,157.8464695381786,157.962,0.2565320519826473,,,,,,none,True,,,,,,,,,,,,,,no_pattern_at_sr
2026-03-10T20:31:44.142461+00:00,EURUSD.s,cobra,26551110,H1,HOLD,HOLD,NONE,0,0.0020200777884598737,0,,,,,,,,,,,,,,,,0.00021,0.00021,1.16137,1.16145,1.16071,1.16131,,,,,,,,1.1611443561121964,1.16173,0.19306187228425006,,,,,,none,True,,,,,,,,,,,,,,no_pattern_at_sr
2026-03-10T20:31:44.143997+00:00,XAUUSD.s,cobra,26551110,H1,HOLD,HOLD,NONE,0,26.32782016557975,0,,,,,,,,,,,,,,,,0.36,0.36,5198.64,5198.92,5191.74,5193.97,,,,,,,,5157.63602323904,5189.332,0.3573406359064698,,,,,,none,True,,,,,,,,,,,,,,no_pattern_at_sr
2026-03-10T20:31:44.145412+00:00,USOUSD.s,cobra,26551110,H1,HOLD,HOLD,NONE,0,3.840600670422092,0,,,,,,,,,,,,,,,,0.079,0.079,86.674,86.969,85.799,86.618,,,,,,,,89.42434540352686,86.7365,0.01627349609172752,,,,,,none,True,,,,,,,,,,,,,,no_pattern_at_sr
2026-03-10T20:32:44.460497+00:00,BTCUSD,cobra,26551110,H1,HOLD,HOLD,NONE,0,754.5607163718411,0,,,,,,,,,,,,,,,,16.98,16.98,70023.04,70285.56,69986.96,70268.81,,,,,,,,69337.63137851207,70464.87,0.5763088252075202,,,,,,none,True,,,,,,,,,,,,,,no_pattern_at_sr
2026-03-10T20:32:44.461990+00:00,USDJPY.s,cobra,26551110,H1,HOLD,HOLD,NONE,0,0.24558334723911276,0,,,,,,,,,,,,,,,,0.023,0.023,158.026,158.078,157.965,158.018,,,,,,,,157.8464695381786,157.962,0.2565320519826473,,,,,,none,True,,,,,,,,,,,,,,no_pattern_at_sr
2026-03-10T20:32:44.463343+00:00,EURUSD.s,cobra,26551110,H1,HOLD,HOLD,NONE,0,0.0020200777884598737,0,,,,,,,,,,,,,,,,0.00021,0.00021,1.16137,1.16145,1.16071,1.1613,,,,,,,,1.1611443561121964,1.16173,0.19306187228425006,,,,,,none,True,,,,,,,,,,,,,,no_pattern_at_sr
2026-03-10T20:32:44.464987+00:00,XAUUSD.s,cobra,26551110,H1,HOLD,HOLD,NONE,0,26.32782016557975,0,,,,,,,,,,,,,,,,0.33,0.33,5198.64,5198.92,5191.74,5194.78,,,,,,,,5157.63602323904,5189.332,0.3573406359064698,,,,,,none,True,,,,,,,,,,,,,,no_pattern_at_sr
2026-03-10T20:32:44.466332+00:00,USOUSD.s,cobra,26551110,H1,HOLD,HOLD,NONE,0,3.840600670422092,0,,,,,,,,,,,,,,,,0.079,0.079,86.674,86.969,85.799,86.674,,,,,,,,89.42434540352686,86.7365,0.01627349609172752,,,,,,none,True,,,,,,,,,,,,,,no_pattern_at_sr
2026-03-10T20:33:44.785693+00:00,BTCUSD,cobra,26551110,H1,HOLD,HOLD,NONE,0,754.5992878004131,0,,,,,,,,,,,,,,,,17.05,17.05,70023.04,70286.1,69986.96,70219.44,,,,,,,,69337.63137851207,70464.87,0.5762793671162574,,,,,,none,True,,,,,,,,,,,,,,no_pattern_at_sr
2026-03-10T20:33:44.787290+00:00,USDJPY.s,cobra,26551110,H1,HOLD,HOLD,NONE,0,0.24558334723911276,0,,,,,,,,,,,,,,,,0.022,0.022,158.026,158.078,157.965,158.029,,,,,,,,157.8464695381786,157.962,0.2565320519826473,,,,,,none,True,,,,,,,,,,,,,,no_pattern_at_sr
2026-03-10T20:33:44.789092+00:00,EURUSD.s,cobra,26551110,H1,HOLD,HOLD,NONE,0,0.0020200777884598737,0,,,,,,,,,,,,,,,,0.00019,0.00019,1.16137,1.16145,1.16071,1.16134,,,,,,,,1.1611443561121964,1.16173,0.19306187228425006,,,,,,none,True,,,,,,,,,,,,,,no_pattern_at_sr
2026-03-10T20:33:44.790794+00:00,XAUUSD.s,cobra,26551110,H1,HOLD,HOLD,NONE,0,26.32782016557975,0,,,,,,,,,,,,,,,,0.32,0.32,5198.64,5198.92,5191.74,5194.58,,,,,,,,5157.63602323904,5189.332,0.3573406359064698,,,,,,none,True,,,,,,,,,,,,,,no_pattern_at_sr
2026-03-10T20:33:44.792579+00:00,USOUSD.s,cobra,26551110,H1,HOLD,HOLD,NONE,0,3.840600670422092,0,,,,,,,,,,,,,,,,0.079,0.079,86.674,86.969,85.799,86.633,,,,,,,,89.42434540352686,86.7365,0.01627349609172752,,,,,,none,True,,,,,,,,,,,,,,no_pattern_at_sr
2026-03-10T20:34:45.116084+00:00,BTCUSD,cobra,26551110,H1,HOLD,HOLD,NONE,0,754.5992878004131,0,,,,,,,,,,,,,,,,16.96,16.96,70023.04,70286.1,69986.96,70198.93,,,,,,,,69337.63137851207,70464.87,0.5762793671162574,,,,,,none,True,,,,,,,,,,,,,,no_pattern_at_sr
2026-03-10T20:34:45.117432+00:00,USDJPY.s,cobra,26551110,H1,HOLD,HOLD,NONE,0,0.24558334723911276,0,,,,,,,,,,,,,,,,0.029,0.029,158.026,158.078,157.965,158.038,,,,,,,,157.8464695381786,157.962,0.2565320519826473,,,,,,none,True,,,,,,,,,,,,,,no_pattern_at_sr
2026-03-10T20:34:45.118670+00:00,EURUSD.s,cobra,26551110,H1,HOLD,HOLD,NONE,0,0.0020200777884598737,0,,,,,,,,,,,,,,,,0.00018,0.00018,1.16137,1.16145,1.16071,1.16127,,,,,,,,1.1611443561121964,1.16173,0.19306187228425006,,,,,,none,True,,,,,,,,,,,,,,no_pattern_at_sr
2026-03-10T20:34:45.120046+00:00,XAUUSD.s,cobra,26551110,H1,HOLD,HOLD,NONE,0,26.32782016557975,0,,,,,,,,,,,,,,,,0.36,0.36,5198.64,5198.92,5191.74,5194.86,,,,,,,,5157.63602323904,5189.332,0.3573406359064698,,,,,,none,True,,,,,,,,,,,,,,no_pattern_at_sr
2026-03-10T20:34:45.121281+00:00,USOUSD.s,cobra,26551110,H1,HOLD,HOLD,NONE,0,3.840600670422092,0,,,,,,,,,,,,,,,,0.079,0.079,86.674,86.969,85.799,86.799,,,,,,,,89.42434540352686,86.7365,0.01627349609172752,,,,,,none,True,,,,,,,,,,,,,,no_pattern_at_sr
2026-03-10T20:35:45.478807+00:00,BTCUSD,cobra,26551110,H1,HOLD,HOLD,NONE,0,754.5992878004131,0,,,,,,,,,,,,,,,,17.04,17.04,70023.04,70286.1,69986.96,70268.02,,,,,,,,69337.63137851207,70464.87,0.5762793671162574,,,,,,none,True,,,,,,,,,,,,,,no_pattern_at_sr
2026-03-10T20:35:45.480124+00:00,USDJPY.s,cobra,26551110,H1,HOLD,HOLD,NONE,0,0.24558334723911276,0,,,,,,,,,,,,,,,,0.022,0.022,158.026,158.078,157.965,158.051,,,,,,,,157.8464695381786,157.962,0.2565320519826473,,,,,,none,True,,,,,,,,,,,,,,no_pattern_at_sr
2026-03-10T20:35:45.481649+00:00,EURUSD.s,cobra,26551110,H1,HOLD,HOLD,NONE,0,0.0020200777884598737,0,,,,,,,,,,,,,,,,0.00019,0.00019,1.16137,1.16145,1.16071,1.16124,,,,,,,,1.1611443561121964,1.16173,0.19306187228425006,,,,,,none,True,,,,,,,,,,,,,,no_pattern_at_sr
2026-03-10T20:35:45.483078+00:00,XAUUSD.s,cobra,26551110,H1,HOLD,HOLD,NONE,0,26.32782016557975,0,,,,,,,,,,,,,,,,0.36,0.36,5198.64,5198.92,5191.74,5194.5,,,,,,,,5157.63602323904,5189.332,0.3573406359064698,,,,,,none,True,,,,,,,,,,,,,,no_pattern_at_sr
2026-03-10T20:35:45.484308+00:00,USOUSD.s,cobra,26551110,H1,HOLD,HOLD,NONE,0,3.840600670422092,0,,,,,,,,,,,,,,,,0.079,0.079,86.674,86.969,85.799,86.739,,,,,,,,89.42434540352686,86.7365,0.01627349609172752,,,,,,none,True,,,,,,,,,,,,,,no_pattern_at_sr
2026-03-10T20:36:45.790992+00:00,BTCUSD,cobra,26551110,H1,HOLD,HOLD,NONE,0,754.5992878004131,0,,,,,,,,,,,,,,,,17.08,17.08,70023.04,70286.1,69986.96,70241.26,,,,,,,,69337.63137851207,70464.87,0.5762793671162574,,,,,,none,True,,,,,,,,,,,,,,no_pattern_at_sr
2026-03-10T20:36:45.792317+00:00,USDJPY.s,cobra,26551110,H1,HOLD,HOLD,NONE,0,0.24558334723911276,0,,,,,,,,,,,,,,,,0.022,0.022,158.026,158.078,157.965,158.064,,,,,,,,157.8464695381786,157.962,0.2565320519826473,,,,,,none,True,,,,,,,,,,,,,,no_pattern_at_sr
2026-03-10T20:36:45.793604+00:00,EURUSD.s,cobra,26551110,H1,HOLD,HOLD,NONE,0,0.0020200777884598737,0,,,,,,,,,,,,,,,,0.00019,0.00019,1.16137,1.16145,1.16071,1.16111,,,,,,,,1.1611443561121964,1.16173,0.19306187228425006,,,,,,none,True,,,,,,,,,,,,,,no_pattern_at_sr
2026-03-10T20:36:45.795126+00:00,XAUUSD.s,cobra,26551110,H1,HOLD,HOLD,NONE,0,26.32782016557975,0,,,,,,,,,,,,,,,,0.32,0.32,5198.64,5198.92,5191.74,5194.95,,,,,,,,5157.63602323904,5189.332,0.3573406359064698,,,,,,none,True,,,,,,,,,,,,,,no_pattern_at_sr
2026-03-10T20:36:45.796400+00:00,USOUSD.s,cobra,26551110,H1,HOLD,HOLD,NONE,0,3.8409578132792355,0,,,,,,,,,,,,,,,,0.079,0.079,86.674,86.974,85.799,86.939,,,,,,,,89.42434540352686,86.7365,0.016271982937151902,,,,,,none,True,,,,,,,,,,,,,,no_pattern_at_sr
2026-03-10T20:37:46.109937+00:00,BTCUSD,cobra,26551110,H1,HOLD,HOLD,NONE,0,754.5992878004131,0,,,,,,,,,,,,,,,,17.11,17.11,70023.04,70286.1,69986.96,70232.91,,,,,,,,69337.63137851207,70464.87,0.5762793671162574,,,,,,none,True,,,,,,,,,,,,,,no_pattern_at_sr
2026-03-10T20:37:46.111427+00:00,USDJPY.s,cobra,26551110,H1,HOLD,HOLD,NONE,0,0.24565477581054168,0,,,,,,,,,,,,,,,,0.028,0.028,158.026,158.079,157.965,158.073,,,,,,,,157.8464695381786,157.962,0.25645746064633645,,,,,,none,True,,,,,,,,,,,,,,no_pattern_at_sr
2026-03-10T20:37:46.112720+00:00,EURUSD.s,cobra,26551110,H1,HOLD,HOLD,NONE,0,0.0020200777884598737,0,,,,,,,,,,,,,,,,0.0002,0.0002,1.16137,1.16145,1.16071,1.161,,,,,,,,1.1611443561121964,1.16173,0.19306187228425006,,,,,,none,True,,,,,,,,,,,,,,no_pattern_at_sr
2026-03-10T20:37:46.114121+00:00,XAUUSD.s,cobra,26551110,H1,HOLD,HOLD,NONE,0,26.32782016557975,0,,,,,,,,,,,,,,,,0.33,0.33,5198.64,5198.92,5191.74,5194.05,,,,,,,,5157.63602323904,5189.332,0.3573406359064698,,,,,,none,True,,,,,,,,,,,,,,no_pattern_at_sr
2026-03-10T20:37:46.115505+00:00,USOUSD.s,cobra,26551110,H1,HOLD,HOLD,NONE,0,3.8409578132792355,0,,,,,,,,,,,,,,,,0.079,0.079,86.674,86.974,85.799,86.909,,,,,,,,89.42434540352686,86.7365,0.016271982937151902,,,,,,none,True,,,,,,,,,,,,,,no_pattern_at_sr
2026-03-10T20:38:46.423790+00:00,BTCUSD,cobra,26551110,H1,HOLD,HOLD,NONE,0,754.5992878004131,0,,,,,,,,,,,,,,,,17.11,17.11,70023.04,70286.1,69986.96,70223.0,,,,,,,,69337.63137851207,70464.87,0.5762793671162574,,,,,,none,True,,,,,,,,,,,,,,no_pattern_at_sr
2026-03-10T20:38:46.425135+00:00,USDJPY.s,cobra,26551110,H1,HOLD,HOLD,NONE,0,0.24565477581054168,0,,,,,,,,,,,,,,,,0.021,0.021,158.026,158.079,157.965,158.051,,,,,,,,157.8464695381786,157.962,0.25645746064633645,,,,,,none,True,,,,,,,,,,,,,,no_pattern_at_sr
2026-03-10T20:38:46.426468+00:00,EURUSD.s,cobra,26551110,H1,HOLD,HOLD,NONE,0,0.0020200777884598737,0,,,,,,,,,,,,,,,,0.0002,0.0002,1.16137,1.16145,1.16071,1.16111,,,,,,,,1.1611443561121964,1.16173,0.19306187228425006,,,,,,none,True,,,,,,,,,,,,,,no_pattern_at_sr
2026-03-10T20:38:46.428054+00:00,XAUUSD.s,cobra,26551110,H1,HOLD,HOLD,NONE,0,26.32782016557975,0,,,,,,,,,,,,,,,,0.37,0.37,5198.64,5198.92,5191.74,5193.7,,,,,,,,5157.63602323904,5189.332,0.3573406359064698,,,,,,none,True,,,,,,,,,,,,,,no_pattern_at_sr
2026-03-10T20:38:46.429352+00:00,USOUSD.s,cobra,26551110,H1,HOLD,HOLD,NONE,0,3.8538149561363775,0,,,,,,,,,,,,,,,,0.079,0.079,86.674,87.154,85.799,87.099,,,,,,,,89.42434540352686,86.7365,0.016217696155982293,,,,,,none,True,,,,,,,,,,,,,,no_pattern_at_sr
2026-03-10T20:39:46.738551+00:00,BTCUSD,cobra,26551110,H1,HOLD,HOLD,NONE,0,754.6528592289845,0,,,,,,,,,,,,,,,,16.99,16.99,70023.04,70286.85,69986.96,70284.35,,,,,,,,69337.63137851207,70464.87,0.5762384580962024,,,,,,none,True,,,,,,,,,,,,,,no_pattern_at_sr
2026-03-10T20:39:46.739882+00:00,USDJPY.s,cobra,26551110,H1,HOLD,HOLD,NONE,0,0.24565477581054168,0,,,,,,,,,,,,,,,,0.022,0.022,158.026,158.079,157.965,158.042,,,,,,,,157.8464695381786,157.962,0.25645746064633645,,,,,,none,True,,,,,,,,,,,,,,no_pattern_at_sr
2026-03-10T20:39:46.741257+00:00,EURUSD.s,cobra,26551110,H1,HOLD,HOLD,NONE,0,0.0020200777884598737,0,,,,,,,,,,,,,,,,0.00019,0.00019,1.16137,1.16145,1.16071,1.16121,,,,,,,,1.1611443561121964,1.16173,0.19306187228425006,,,,,,none,True,,,,,,,,,,,,,,no_pattern_at_sr
2026-03-10T20:39:46.742725+00:00,XAUUSD.s,cobra,26551110,H1,HOLD,HOLD,NONE,0,26.32782016557975,0,,,,,,,,,,,,,,,,0.31,0.31,5198.64,5198.92,5191.74,5195.83,,,,,,,,5157.63602323904,5189.332,0.3573406359064698,,,,,,none,True,,,,,,,,,,,,,,no_pattern_at_sr
2026-03-10T20:39:46.744034+00:00,USOUSD.s,cobra,26551110,H1,HOLD,HOLD,NONE,0,3.8569578132792346,0,,,,,,,,,,,,,,,,0.079,0.079,86.674,87.198,85.799,87.198,,,,,,,,89.42434540352686,86.7365,0.01620448110290885,,,,,,none,True,,,,,,,,,,,,,,no_pattern_at_sr
2026-03-10T20:40:47.050523+00:00,BTCUSD,cobra,26551110,H1,HOLD,HOLD,NONE,0,755.3150020861267,0,,,,,,,,,,,,,,,,17.08,17.08,70023.04,70296.12,69986.96,70281.33,,,,,,,,69337.63137851207,70464.87,0.5757333017336449,,,,,,none,True,,,,,,,,,,,,,,no_pattern_at_sr
2026-03-10T20:40:47.051856+00:00,USDJPY.s,cobra,26551110,H1,HOLD,HOLD,NONE,0,0.24565477581054168,0,,,,,,,,,,,,,,,,0.031,0.031,158.026,158.079,157.965,158.039,,,,,,,,157.8464695381786,157.962,0.25645746064633645,,,,,,none,True,,,,,,,,,,,,,,no_pattern_at_sr
2026-03-10T20:40:47.053235+00:00,EURUSD.s,cobra,26551110,H1,HOLD,HOLD,NONE,0,0.0020200777884598737,0,,,,,,,,,,,,,,,,0.00023,0.00023,1.16137,1.16145,1.16071,1.16115,,,,,,,,1.1611443561121964,1.16173,0.19306187228425006,,,,,,none,True,,,,,,,,,,,,,,no_pattern_at_sr
2026-03-10T20:40:47.054626+00:00,XAUUSD.s,cobra,26551110,H1,HOLD,HOLD,NONE,0,26.32782016557975,0,,,,,,,,,,,,,,,,0.31,0.31,5198.64,5198.92,5191.74,5195.82,,,,,,,,5157.63602323904,5189.332,0.3573406359064698,,,,,,none,True,,,,,,,,,,,,,,no_pattern_at_sr
2026-03-10T20:40:47.055878+00:00,USOUSD.s,cobra,26551110,H1,HOLD,HOLD,NONE,0,3.859886384707807,0,,,,,,,,,,,,,,,,0.079,0.079,86.674,87.239,85.799,86.964,,,,,,,,89.42434540352686,86.7365,0.016192186445594368,,,,,,none,True,,,,,,,,,,,,,,no_pattern_at_sr
2026-03-10T20:41:47.399036+00:00,BTCUSD,cobra,26551110,H1,HOLD,HOLD,NONE,0,755.3150020861267,0,,,,,,,,,,,,,,,,16.98,16.98,70023.04,70296.12,69986.96,70289.47,,,,,,,,69337.63137851207,70464.87,0.5757333017336449,,,,,,none,True,,,,,,,,,,,,,,no_pattern_at_sr
2026-03-10T20:41:47.401538+00:00,USDJPY.s,cobra,26551110,H1,HOLD,HOLD,NONE,0,0.24565477581054168,0,,,,,,,,,,,,,,,,0.031,0.031,158.026,158.079,157.965,158.027,,,,,,,,157.8464695381786,157.962,0.25645746064633645,,,,,,none,True,,,,,,,,,,,,,,no_pattern_at_sr
2026-03-10T20:41:47.403395+00:00,EURUSD.s,cobra,26551110,H1,HOLD,HOLD,NONE,0,0.0020200777884598737,0,,,,,,,,,,,,,,,,0.00023,0.00023,1.16137,1.16145,1.16071,1.1611799999999999,,,,,,,,1.1611443561121964,1.16173,0.19306187228425006,,,,,,none,True,,,,,,,,,,,,,,no_pattern_at_sr
2026-03-10T20:41:47.404967+00:00,XAUUSD.s,cobra,26551110,H1,HOLD,HOLD,NONE,0,26.32782016557975,0,,,,,,,,,,,,,,,,0.37,0.37,5198.64,5198.92,5191.74,5195.22,,,,,,,,5157.63602323904,5189.332,0.3573406359064698,,,,,,none,True,,,,,,,,,,,,,,no_pattern_at_sr
2026-03-10T20:41:47.406374+00:00,USOUSD.s,cobra,26551110,H1,HOLD,HOLD,NONE,0,3.859886384707807,0,,,,,,,,,,,,,,,,0.079,0.079,86.674,87.239,85.799,87.054,,,,,,,,89.42434540352686,86.7365,0.016192186445594368,,,,,,none,True,,,,,,,,,,,,,,no_pattern_at_sr
2026-03-10T20:42:47.724029+00:00,BTCUSD,cobra,26551110,H1,HOLD,HOLD,NONE,0,758.4442878004122,0,,,,,,,,,,,,,,,,17.03,17.03,70023.04,70339.93,69986.96,70300.92,,,,,,,,69337.63137851207,70464.87,0.573357868197744,,,,,,none,True,,,,,,,,,,,,,,no_pattern_at_sr
2026-03-10T20:42:47.725444+00:00,USDJPY.s,cobra,26551110,H1,HOLD,HOLD,NONE,0,0.24565477581054168,0,,,,,,,,,,,,,,,,0.031,0.031,158.026,158.079,157.965,158.025,,,,,,,,157.8464695381786,157.962,0.25645746064633645,,,,,,none,True,,,,,,,,,,,,,,no_pattern_at_sr
2026-03-10T20:42:47.726744+00:00,EURUSD.s,cobra,26551110,H1,HOLD,HOLD,NONE,0,0.0020200777884598737,0,,,,,,,,,,,,,,,,0.00023,0.00023,1.16137,1.16145,1.16071,1.16104,,,,,,,,1.1611443561121964,1.16173,0.19306187228425006,,,,,,none,True,,,,,,,,,,,,,,no_pattern_at_sr
2026-03-10T20:42:47.728172+00:00,XAUUSD.s,cobra,26551110,H1,HOLD,HOLD,NONE,0,26.32782016557975,0,,,,,,,,,,,,,,,,0.37,0.37,5198.64,5198.92,5191.74,5195.49,,,,,,,,5157.63602323904,5189.332,0.3573406359064698,,,,,,none,True,,,,,,,,,,,,,,no_pattern_at_sr
2026-03-10T20:42:47.729457+00:00,USOUSD.s,cobra,26551110,H1,HOLD,HOLD,NONE,0,3.859886384707807,0,,,,,,,,,,,,,,,,0.079,0.079,86.674,87.239,85.799,86.784,,,,,,,,89.42434540352686,86.7365,0.016192186445594368,,,,,,none,True,,,,,,,,,,,,,,no_pattern_at_sr
2026-03-10T20:43:48.055399+00:00,BTCUSD,cobra,26551110,H1,HOLD,HOLD,NONE,0,758.4442878004122,0,,,,,,,,,,,,,,,,17.02,17.02,70023.04,70339.93,69986.96,70217.9,,,,,,,,69337.63137851207,70464.87,0.573357868197744,,,,,,none,True,,,,,,,,,,,,,,no_pattern_at_sr
2026-03-10T20:43:48.056794+00:00,USDJPY.s,cobra,26551110,H1,HOLD,HOLD,NONE,0,0.24565477581054168,0,,,,,,,,,,,,,,,,0.031,0.031,158.026,158.079,157.965,158.03,,,,,,,,157.8464695381786,157.962,0.25645746064633645,,,,,,none,True,,,,,,,,,,,,,,no_pattern_at_sr
2026-03-10T20:43:48.058257+00:00,EURUSD.s,cobra,26551110,H1,HOLD,HOLD,NONE,0,0.0020200777884598737,0,,,,,,,,,,,,,,,,0.00023,0.00023,1.16137,1.16145,1.16071,1.16101,,,,,,,,1.1611443561121964,1.16173,0.19306187228425006,,,,,,none,True,,,,,,,,,,,,,,no_pattern_at_sr
2026-03-10T20:43:48.059618+00:00,XAUUSD.s,cobra,26551110,H1,HOLD,HOLD,NONE,0,26.32782016557975,0,,,,,,,,,,,,,,,,0.37,0.37,5198.64,5198.92,5191.74,5196.51,,,,,,,,5157.63602323904,5189.332,0.3573406359064698,,,,,,none,True,,,,,,,,,,,,,,no_pattern_at_sr
2026-03-10T20:43:48.060909+00:00,USOUSD.s,cobra,26551110,H1,HOLD,HOLD,NONE,0,3.859886384707807,0,,,,,,,,,,,,,,,,0.079,0.079,86.674,87.239,85.799,86.978,,,,,,,,89.42434540352686,86.7365,0.016192186445594368,,,,,,none,True,,,,,,,,,,,,,,no_pattern_at_sr
2026-03-10T20:44:48.381665+00:00,BTCUSD,cobra,26551110,H1,HOLD,HOLD,NONE,0,758.4442878004122,0,,,,,,,,,,,,,,,,16.98,16.98,70023.04,70339.93,69986.96,70226.66,,,,,,,,69337.63137851207,70464.87,0.573357868197744,,,,,,none,True,,,,,,,,,,,,,,no_pattern_at_sr
2026-03-10T20:44:48.382963+00:00,USDJPY.s,cobra,26551110,H1,HOLD,HOLD,NONE,0,0.24565477581054168,0,,,,,,,,,,,,,,,,0.031,0.031,158.026,158.079,157.965,158.025,,,,,,,,157.8464695381786,157.962,0.25645746064633645,,,,,,none,True,,,,,,,,,,,,,,no_pattern_at_sr
2026-03-10T20:44:48.384312+00:00,EURUSD.s,cobra,26551110,H1,HOLD,HOLD,NONE,0,0.0020200777884598737,0,,,,,,,,,,,,,,,,0.00023,0.00023,1.16137,1.16145,1.16071,1.16097,,,,,,,,1.1611443561121964,1.16173,0.19306187228425006,,,,,,none,True,,,,,,,,,,,,,,no_pattern_at_sr
2026-03-10T20:44:48.385737+00:00,XAUUSD.s,cobra,26551110,H1,HOLD,HOLD,NONE,0,26.32782016557975,0,,,,,,,,,,,,,,,,0.32,0.32,5198.64,5198.92,5191.74,5197.95,,,,,,,,5157.63602323904,5189.332,0.3573406359064698,,,,,,none,True,,,,,,,,,,,,,,no_pattern_at_sr
2026-03-10T20:44:48.387061+00:00,USOUSD.s,cobra,26551110,H1,HOLD,HOLD,NONE,0,3.859886384707807,0,,,,,,,,,,,,,,,,0.079,0.079,86.674,87.239,85.799,86.919,,,,,,,,89.42434540352686,86.7365,0.016192186445594368,,,,,,none,True,,,,,,,,,,,,,,no_pattern_at_sr
2026-03-10T20:45:48.740393+00:00,BTCUSD,cobra,26551110,H1,HOLD,HOLD,NONE,0,758.4442878004122,0,,,,,,,,,,,,,,,,16.97,16.97,70023.04,70339.93,69986.96,70248.91,,,,,,,,69337.63137851207,70464.87,0.573357868197744,,,,,,none,True,,,,,,,,,,,,,,no_pattern_at_sr
2026-03-10T20:45:48.741802+00:00,USDJPY.s,cobra,26551110,H1,HOLD,HOLD,NONE,0,0.24565477581054168,0,,,,,,,,,,,,,,,,0.031,0.031,158.026,158.079,157.965,158.022,,,,,,,,157.8464695381786,157.962,0.25645746064633645,,,,,,none,True,,,,,,,,,,,,,,no_pattern_at_sr
2026-03-10T20:45:48.743116+00:00,EURUSD.s,cobra,26551110,H1,HOLD,HOLD,NONE,0,0.0020200777884598737,0,,,,,,,,,,,,,,,,0.00024,0.00024,1.16137,1.16145,1.16071,1.16098,,,,,,,,1.1611443561121964,1.16173,0.19306187228425006,,,,,,none,True,,,,,,,,,,,,,,no_pattern_at_sr
2026-03-10T20:45:48.744620+00:00,XAUUSD.s,cobra,26551110,H1,HOLD,HOLD,NONE,0,26.32924873700829,0,,,,,,,,,,,,,,,,0.34,0.34,5198.64,5198.94,5191.74,5198.25,,,,,,,,5157.63602323904,5189.332,0.3573212473311325,,,,,,none,True,,,,,,,,,,,,,,no_pattern_at_sr
2026-03-10T20:45:48.745876+00:00,USOUSD.s,cobra,26551110,H1,HOLD,HOLD,NONE,0,3.859886384707807,0,,,,,,,,,,,,,,,,0.079,0.079,86.674,87.239,85.799,86.784,,,,,,,,89.42434540352686,86.7365,0.016192186445594368,,,,,,none,True,,,,,,,,,,,,,,no_pattern_at_sr
2026-03-10T20:46:49.133904+00:00,BTCUSD,cobra,26551110,H1,HOLD,HOLD,NONE,0,758.4442878004122,0,,,,,,,,,,,,,,,,16.96,16.96,70023.04,70339.93,69986.96,70228.81,,,,,,,,69337.63137851207,70464.87,0.573357868197744,,,,,,none,True,,,,,,,,,,,,,,no_pattern_at_sr
2026-03-10T20:46:49.135304+00:00,USDJPY.s,cobra,26551110,H1,HOLD,HOLD,NONE,0,0.24565477581054168,0,,,,,,,,,,,,,,,,0.031,0.031,158.026,158.079,157.965,158.03,,,,,,,,157.8464695381786,157.962,0.25645746064633645,,,,,,none,True,,,,,,,,,,,,,,no_pattern_at_sr
2026-03-10T20:46:49.136602+00:00,EURUSD.s,cobra,26551110,H1,HOLD,HOLD,NONE,0,0.0020200777884598737,0,,,,,,,,,,,,,,,,0.00023,0.00023,1.16137,1.16145,1.16071,1.16101,,,,,,,,1.1611443561121964,1.16173,0.19306187228425006,,,,,,none,True,,,,,,,,,,,,,,no_pattern_at_sr
2026-03-10T20:46:49.138071+00:00,XAUUSD.s,cobra,26551110,H1,HOLD,HOLD,NONE,0,26.32924873700829,0,,,,,,,,,,,,,,,,0.34,0.34,5198.64,5198.94,5191.74,5198.88,,,,,,,,5157.63602323904,5189.332,0.3573212473311325,,,,,,none,True,,,,,,,,,,,,,,no_pattern_at_sr
2026-03-10T20:46:49.139403+00:00,USOUSD.s,cobra,26551110,H1,HOLD,HOLD,NONE,0,3.859886384707807,0,,,,,,,,,,,,,,,,0.079,0.079,86.674,87.239,85.799,86.809,,,,,,,,89.42434540352686,86.7365,0.016192186445594368,,,,,,none,True,,,,,,,,,,,,,,no_pattern_at_sr
2026-03-10T20:47:49.453099+00:00,BTCUSD,cobra,26551110,H1,HOLD,HOLD,NONE,0,758.4442878004122,0,,,,,,,,,,,,,,,,17.0,17.0,70023.04,70339.93,69986.96,70264.25,,,,,,,,69337.63137851207,70464.87,0.573357868197744,,,,,,none,True,,,,,,,,,,,,,,no_pattern_at_sr
2026-03-10T20:47:49.454483+00:00,USDJPY.s,cobra,26551110,H1,HOLD,HOLD,NONE,0,0.24565477581054168,0,,,,,,,,,,,,,,,,0.031,0.031,158.026,158.079,157.965,158.031,,,,,,,,157.8464695381786,157.962,0.25645746064633645,,,,,,none,True,,,,,,,,,,,,,,no_pattern_at_sr
2026-03-10T20:47:49.455784+00:00,EURUSD.s,cobra,26551110,H1,HOLD,HOLD,NONE,0,0.0020200777884598737,0,,,,,,,,,,,,,,,,0.00023,0.00023,1.16137,1.16145,1.16071,1.16102,,,,,,,,1.1611443561121964,1.16173,0.19306187228425006,,,,,,none,True,,,,,,,,,,,,,,no_pattern_at_sr
2026-03-10T20:47:49.457262+00:00,XAUUSD.s,cobra,26551110,H1,HOLD,HOLD,NONE,0,26.32924873700829,0,,,,,,,,,,,,,,,,0.32,0.32,5198.64,5198.94,5191.74,5198.55,,,,,,,,5157.63602323904,5189.332,0.3573212473311325,,,,,,none,True,,,,,,,,,,,,,,no_pattern_at_sr
2026-03-10T20:47:49.458642+00:00,USOUSD.s,cobra,26551110,H1,HOLD,HOLD,NONE,0,3.859886384707807,0,,,,,,,,,,,,,,,,0.079,0.079,86.674,87.239,85.799,86.728,,,,,,,,89.42434540352686,86.7365,0.016192186445594368,,,,,,none,True,,,,,,,,,,,,,,no_pattern_at_sr
2026-03-10T20:48:49.771862+00:00,BTCUSD,cobra,26551110,H1,HOLD,HOLD,NONE,0,758.4442878004122,0,,,,,,,,,,,,,,,,16.94,16.94,70023.04,70339.93,69986.96,70260.57,,,,,,,,69337.63137851207,70464.87,0.573357868197744,,,,,,none,True,,,,,,,,,,,,,,no_pattern_at_sr
2026-03-10T20:48:49.773261+00:00,USDJPY.s,cobra,26551110,H1,HOLD,HOLD,NONE,0,0.24565477581054168,0,,,,,,,,,,,,,,,,0.031,0.031,158.026,158.079,157.965,158.037,,,,,,,,157.8464695381786,157.962,0.25645746064633645,,,,,,none,True,,,,,,,,,,,,,,no_pattern_at_sr
2026-03-10T20:48:49.774639+00:00,EURUSD.s,cobra,26551110,H1,HOLD,HOLD,NONE,0,0.0020200777884598737,0,,,,,,,,,,,,,,,,0.00024,0.00024,1.16137,1.16145,1.16071,1.16093,,,,,,,,1.1611443561121964,1.16173,0.19306187228425006,,,,,,none,True,,,,,,,,,,,,,,no_pattern_at_sr
2026-03-10T20:48:49.776059+00:00,XAUUSD.s,cobra,26551110,H1,HOLD,HOLD,NONE,0,26.32924873700829,0,,,,,,,,,,,,,,,,0.34,0.34,5198.64,5198.94,5191.74,5195.15,,,,,,,,5157.63602323904,5189.332,0.3573212473311325,,,,,,none,True,,,,,,,,,,,,,,no_pattern_at_sr
2026-03-10T20:48:49.777317+00:00,USOUSD.s,cobra,26551110,H1,HOLD,HOLD,NONE,0,3.859886384707807,0,,,,,,,,,,,,,,,,0.079,0.079,86.674,87.239,85.799,86.633,,,,,,,,89.42434540352686,86.7365,0.016192186445594368,,,,,,none,True,,,,,,,,,,,,,,no_pattern_at_sr
2026-03-10T20:49:50.137409+00:00,BTCUSD,cobra,26551110,H1,HOLD,HOLD,NONE,0,758.4442878004122,0,,,,,,,,,,,,,,,,17.02,17.02,70023.04,70339.93,69986.96,70218.67,,,,,,,,69337.63137851207,70464.87,0.573357868197744,,,,,,none,True,,,,,,,,,,,,,,no_pattern_at_sr
2026-03-10T20:49:50.138835+00:00,USDJPY.s,cobra,26551110,H1,HOLD,HOLD,NONE,0,0.24565477581054168,0,,,,,,,,,,,,,,,,0.031,0.031,158.026,158.079,157.965,158.042,,,,,,,,157.8464695381786,157.962,0.25645746064633645,,,,,,none,True,,,,,,,,,,,,,,no_pattern_at_sr
2026-03-10T20:49:50.140155+00:00,EURUSD.s,cobra,26551110,H1,HOLD,HOLD,NONE,0,0.0020200777884598737,0,,,,,,,,,,,,,,,,0.00023,0.00023,1.16137,1.16145,1.16071,1.16088,,,,,,,,1.1611443561121964,1.16173,0.19306187228425006,,,,,,none,True,,,,,,,,,,,,,,no_pattern_at_sr
2026-03-10T20:49:50.141624+00:00,XAUUSD.s,cobra,26551110,H1,HOLD,HOLD,NONE,0,26.32924873700829,0,,,,,,,,,,,,,,,,0.31,0.31,5198.64,5198.94,5191.74,5196.21,,,,,,,,5157.63602323904,5189.332,0.3573212473311325,,,,,,none,True,,,,,,,,,,,,,,no_pattern_at_sr
2026-03-10T20:49:50.143004+00:00,USOUSD.s,cobra,26551110,H1,HOLD,HOLD,NONE,0,3.859886384707807,0,,,,,,,,,,,,,,,,0.079,0.079,86.674,87.239,85.799,86.769,,,,,,,,89.42434540352686,86.7365,0.016192186445594368,,,,,,none,True,,,,,,,,,,,,,,no_pattern_at_sr
2026-03-10T20:50:50.447550+00:00,BTCUSD,cobra,26551110,H1,HOLD,HOLD,NONE,0,758.4442878004122,0,,,,,,,,,,,,,,,,17.04,17.04,70023.04,70339.93,69986.96,70247.71,,,,,,,,69337.63137851207,70464.87,0.573357868197744,,,,,,none,True,,,,,,,,,,,,,,no_pattern_at_sr
2026-03-10T20:50:50.448967+00:00,USDJPY.s,cobra,26551110,H1,HOLD,HOLD,NONE,0,0.24565477581054168,0,,,,,,,,,,,,,,,,0.031,0.031,158.026,158.079,157.965,158.043,,,,,,,,157.8464695381786,157.962,0.25645746064633645,,,,,,none,True,,,,,,,,,,,,,,no_pattern_at_sr
2026-03-10T20:50:50.450241+00:00,EURUSD.s,cobra,26551110,H1,HOLD,HOLD,NONE,0,0.0020200777884598737,0,,,,,,,,,,,,,,,,0.00023,0.00023,1.16137,1.16145,1.16071,1.16083,,,,,,,,1.1611443561121964,1.16173,0.19306187228425006,,,,,,none,True,,,,,,,,,,,,,,no_pattern_at_sr
2026-03-10T20:50:50.451795+00:00,XAUUSD.s,cobra,26551110,H1,HOLD,HOLD,NONE,0,26.32924873700829,0,,,,,,,,,,,,,,,,0.31,0.31,5198.64,5198.94,5191.74,5194.32,,,,,,,,5157.63602323904,5189.332,0.3573212473311325,,,,,,none,True,,,,,,,,,,,,,,no_pattern_at_sr
2026-03-10T20:50:50.453146+00:00,USOUSD.s,cobra,26551110,H1,HOLD,HOLD,NONE,0,3.859886384707807,0,,,,,,,,,,,,,,,,0.079,0.079,86.674,87.239,85.799,86.629,,,,,,,,89.42434540352686,86.7365,0.016192186445594368,,,,,,none,True,,,,,,,,,,,,,,no_pattern_at_sr
2026-03-10T20:51:50.768049+00:00,BTCUSD,cobra,26551110,H1,HOLD,HOLD,NONE,0,758.4442878004122,0,,,,,,,,,,,,,,,,17.05,17.05,70023.04,70339.93,69986.96,70246.45,,,,,,,,69337.63137851207,70464.87,0.573357868197744,,,,,,none,True,,,,,,,,,,,,,,no_pattern_at_sr
2026-03-10T20:51:50.770542+00:00,USDJPY.s,cobra,26551110,H1,HOLD,HOLD,NONE,0,0.24565477581054168,0,,,,,,,,,,,,,,,,0.031,0.031,158.026,158.079,157.965,158.045,,,,,,,,157.8464695381786,157.962,0.25645746064633645,,,,,,none,True,,,,,,,,,,,,,,no_pattern_at_sr
2026-03-10T20:51:50.772259+00:00,EURUSD.s,cobra,26551110,H1,HOLD,HOLD,NONE,0,0.0020200777884598737,0,,,,,,,,,,,,,,,,0.00023,0.00023,1.16137,1.16145,1.16071,1.1608,,,,,,,,1.1611443561121964,1.16173,0.19306187228425006,,,,,,none,True,,,,,,,,,,,,,,no_pattern_at_sr
2026-03-10T20:51:50.773714+00:00,XAUUSD.s,cobra,26551110,H1,HOLD,HOLD,NONE,0,26.32924873700829,0,,,,,,,,,,,,,,,,0.37,0.37,5198.64,5198.94,5191.74,5193.92,,,,,,,,5157.63602323904,5189.332,0.3573212473311325,,,,,,none,True,,,,,,,,,,,,,,no_pattern_at_sr
2026-03-10T20:51:50.775352+00:00,USOUSD.s,cobra,26551110,H1,HOLD,HOLD,NONE,0,3.859886384707807,0,,,,,,,,,,,,,,,,0.079,0.079,86.674,87.239,85.799,86.629,,,,,,,,89.42434540352686,86.7365,0.016192186445594368,,,,,,none,True,,,,,,,,,,,,,,no_pattern_at_sr
2026-03-10T20:52:51.145897+00:00,BTCUSD,cobra,26551110,H1,HOLD,HOLD,NONE,0,758.4442878004122,0,,,,,,,,,,,,,,,,16.98,16.98,70023.04,70339.93,69986.96,70246.84,,,,,,,,69337.63137851207,70464.87,0.573357868197744,,,,,,none,True,,,,,,,,,,,,,,no_pattern_at_sr
2026-03-10T20:52:51.147202+00:00,USDJPY.s,cobra,26551110,H1,HOLD,HOLD,NONE,0,0.24565477581054168,0,,,,,,,,,,,,,,,,0.031,0.031,158.026,158.079,157.965,158.047,,,,,,,,157.8464695381786,157.962,0.25645746064633645,,,,,,none,True,,,,,,,,,,,,,,no_pattern_at_sr
2026-03-10T20:52:51.148617+00:00,EURUSD.s,cobra,26551110,H1,HOLD,HOLD,NONE,0,0.0020200777884598737,0,,,,,,,,,,,,,,,,0.00023,0.00023,1.16137,1.16145,1.16071,1.16089,,,,,,,,1.1611443561121964,1.16173,0.19306187228425006,,,,,,none,True,,,,,,,,,,,,,,no_pattern_at_sr
2026-03-10T20:52:51.150118+00:00,XAUUSD.s,cobra,26551110,H1,HOLD,HOLD,NONE,0,26.32924873700829,0,,,,,,,,,,,,,,,,0.3,0.3,5198.64,5198.94,5191.74,5193.78,,,,,,,,5157.63602323904,5189.332,0.3573212473311325,,,,,,none,True,,,,,,,,,,,,,,no_pattern_at_sr
2026-03-10T20:52:51.151362+00:00,USOUSD.s,cobra,26551110,H1,HOLD,HOLD,NONE,0,3.859886384707807,0,,,,,,,,,,,,,,,,0.079,0.079,86.674,87.239,85.799,86.649,,,,,,,,89.42434540352686,86.7365,0.016192186445594368,,,,,,none,True,,,,,,,,,,,,,,no_pattern_at_sr
2026-03-10T20:53:51.468049+00:00,BTCUSD,cobra,26551110,H1,HOLD,HOLD,NONE,0,758.4442878004122,0,,,,,,,,,,,,,,,,16.99,16.99,70023.04,70339.93,69986.96,70245.77,,,,,,,,69337.63137851207,70464.87,0.573357868197744,,,,,,none,True,,,,,,,,,,,,,,no_pattern_at_sr
2026-03-10T20:53:51.469344+00:00,USDJPY.s,cobra,26551110,H1,HOLD,HOLD,NONE,0,0.24565477581054168,0,,,,,,,,,,,,,,,,0.031,0.031,158.026,158.079,157.965,158.044,,,,,,,,157.8464695381786,157.962,0.25645746064633645,,,,,,none,True,,,,,,,,,,,,,,no_pattern_at_sr
2026-03-10T20:53:51.470741+00:00,EURUSD.s,cobra,26551110,H1,HOLD,HOLD,NONE,0,0.0020200777884598737,0,,,,,,,,,,,,,,,,0.00023,0.00023,1.16137,1.16145,1.16071,1.16096,,,,,,,,1.1611443561121964,1.16173,0.19306187228425006,,,,,,none,True,,,,,,,,,,,,,,no_pattern_at_sr
2026-03-10T20:53:51.472222+00:00,XAUUSD.s,cobra,26551110,H1,HOLD,HOLD,NONE,0,26.32924873700829,0,,,,,,,,,,,,,,,,0.31,0.31,5198.64,5198.94,5191.74,5194.56,,,,,,,,5157.63602323904,5189.332,0.3573212473311325,,,,,,none,True,,,,,,,,,,,,,,no_pattern_at_sr
2026-03-10T20:53:51.473507+00:00,USOUSD.s,cobra,26551110,H1,HOLD,HOLD,NONE,0,3.859886384707807,0,,,,,,,,,,,,,,,,0.079,0.079,86.674,87.239,85.799,86.499,,,,,,,,89.42434540352686,86.7365,0.016192186445594368,,,,,,none,True,,,,,,,,,,,,,,no_pattern_at_sr
2026-03-10T20:54:51.822893+00:00,BTCUSD,cobra,26551110,H1,HOLD,HOLD,NONE,0,758.4442878004122,0,,,,,,,,,,,,,,,,17.08,17.08,70023.04,70339.93,69986.96,70236.83,,,,,,,,69337.63137851207,70464.87,0.573357868197744,,,,,,none,True,,,,,,,,,,,,,,no_pattern_at_sr
2026-03-10T20:54:51.824431+00:00,USDJPY.s,cobra,26551110,H1,HOLD,HOLD,NONE,0,0.24565477581054168,0,,,,,,,,,,,,,,,,0.033,0.033,158.026,158.079,157.965,158.048,,,,,,,,157.8464695381786,157.962,0.25645746064633645,,,,,,none,True,,,,,,,,,,,,,,no_pattern_at_sr
2026-03-10T20:54:51.825816+00:00,EURUSD.s,cobra,26551110,H1,HOLD,HOLD,NONE,0,0.0020200777884598737,0,,,,,,,,,,,,,,,,0.00023,0.00023,1.16137,1.16145,1.16071,1.16087,,,,,,,,1.1611443561121964,1.16173,0.19306187228425006,,,,,,none,True,,,,,,,,,,,,,,no_pattern_at_sr
2026-03-10T20:54:51.827154+00:00,XAUUSD.s,cobra,26551110,H1,HOLD,HOLD,NONE,0,26.32924873700829,0,,,,,,,,,,,,,,,,0.37,0.37,5198.64,5198.94,5191.74,5193.58,,,,,,,,5157.63602323904,5189.332,0.3573212473311325,,,,,,none,True,,,,,,,,,,,,,,no_pattern_at_sr
2026-03-10T20:54:51.828505+00:00,USOUSD.s,cobra,26551110,H1,HOLD,HOLD,NONE,0,3.859886384707807,0,,,,,,,,,,,,,,,,0.079,0.079,86.674,87.239,85.799,86.534,,,,,,,,89.42434540352686,86.7365,0.016192186445594368,,,,,,none,True,,,,,,,,,,,,,,no_pattern_at_sr
2026-03-10T20:55:52.144567+00:00,BTCUSD,cobra,26551110,H1,HOLD,HOLD,NONE,0,758.4442878004122,0,,,,,,,,,,,,,,,,17.02,17.02,70023.04,70339.93,69986.96,70247.44,,,,,,,,69337.63137851207,70464.87,0.573357868197744,,,,,,none,True,,,,,,,,,,,,,,no_pattern_at_sr
2026-03-10T20:55:52.145877+00:00,USDJPY.s,cobra,26551110,H1,HOLD,HOLD,NONE,0,0.24565477581054168,0,,,,,,,,,,,,,,,,0.035,0.035,158.026,158.079,157.965,158.045,,,,,,,,157.8464695381786,157.962,0.25645746064633645,,,,,,none,True,,,,,,,,,,,,,,no_pattern_at_sr
2026-03-10T20:55:52.147212+00:00,EURUSD.s,cobra,26551110,H1,HOLD,HOLD,NONE,0,0.0020200777884598737,0,,,,,,,,,,,,,,,,0.00026,0.00026,1.16137,1.16145,1.16071,1.16085,,,,,,,,1.1611443561121964,1.16173,0.19306187228425006,,,,,,none,True,,,,,,,,,,,,,,no_pattern_at_sr
2026-03-10T20:55:52.148764+00:00,XAUUSD.s,cobra,26551110,H1,HOLD,HOLD,NONE,0,26.32924873700829,0,,,,,,,,,,,,,,,,0.38,0.38,5198.64,5198.94,5191.74,5195.07,,,,,,,,5157.63602323904,5189.332,0.3573212473311325,,,,,,none,True,,,,,,,,,,,,,,no_pattern_at_sr
2026-03-10T20:55:52.150166+00:00,USOUSD.s,cobra,26551110,H1,HOLD,HOLD,NONE,0,3.859886384707807,0,,,,,,,,,,,,,,,,0.079,0.079,86.674,87.239,85.799,86.569,,,,,,,,89.42434540352686,86.7365,0.016192186445594368,,,,,,none,True,,,,,,,,,,,,,,no_pattern_at_sr
2026-03-10T20:56:52.459425+00:00,BTCUSD,cobra,26551110,H1,HOLD,HOLD,NONE,0,758.4442878004122,0,,,,,,,,,,,,,,,,17.06,17.06,70023.04,70339.93,69986.96,70259.64,,,,,,,,69337.63137851207,70464.87,0.573357868197744,,,,,,none,True,,,,,,,,,,,,,,no_pattern_at_sr
2026-03-10T20:56:52.460815+00:00,USDJPY.s,cobra,26551110,H1,HOLD,HOLD,NONE,0,0.24565477581054168,0,,,,,,,,,,,,,,,,0.037,0.037,158.026,158.079,157.965,158.045,,,,,,,,157.8464695381786,157.962,0.25645746064633645,,,,,,none,True,,,,,,,,,,,,,,no_pattern_at_sr
2026-03-10T20:56:52.462147+00:00,EURUSD.s,cobra,26551110,H1,HOLD,HOLD,NONE,0,0.0020200777884598737,0,,,,,,,,,,,,,,,,0.00028,0.00028,1.16137,1.16145,1.16071,1.16078,,,,,,,,1.1611443561121964,1.16173,0.19306187228425006,,,,,,none,True,,,,,,,,,,,,,,no_pattern_at_sr
2026-03-10T20:56:52.463604+00:00,XAUUSD.s,cobra,26551110,H1,HOLD,HOLD,NONE,0,26.32924873700829,0,,,,,,,,,,,,,,,,0.37,0.37,5198.64,5198.94,5191.74,5193.46,,,,,,,,5157.63602323904,5189.332,0.3573212473311325,,,,,,none,True,,,,,,,,,,,,,,no_pattern_at_sr
2026-03-10T20:56:52.464916+00:00,USOUSD.s,cobra,26551110,H1,HOLD,HOLD,NONE,0,3.859886384707807,0,,,,,,,,,,,,,,,,0.079,0.079,86.674,87.239,85.799,86.404,,,,,,,,89.42434540352686,86.7365,0.016192186445594368,,,,,,none,True,,,,,,,,,,,,,,no_pattern_at_sr
2026-03-10T20:57:52.807153+00:00,BTCUSD,cobra,26551110,H1,HOLD,HOLD,NONE,0,758.4442878004122,0,,,,,,,,,,,,,,,,16.99,16.99,70023.04,70339.93,69986.96,70236.41,,,,,,,,69337.63137851207,70464.87,0.573357868197744,,,,,,none,True,,,,,,,,,,,,,,no_pattern_at_sr
2026-03-10T20:57:52.808489+00:00,USDJPY.s,cobra,26551110,H1,HOLD,HOLD,NONE,0,0.24565477581054168,0,,,,,,,,,,,,,,,,0.035,0.035,158.026,158.079,157.965,158.04,,,,,,,,157.8464695381786,157.962,0.25645746064633645,,,,,,none,True,,,,,,,,,,,,,,no_pattern_at_sr
2026-03-10T20:57:52.809766+00:00,EURUSD.s,cobra,26551110,H1,HOLD,HOLD,NONE,0,0.0020200777884598737,0,,,,,,,,,,,,,,,,0.00024,0.00024,1.16137,1.16145,1.16071,1.16084,,,,,,,,1.1611443561121964,1.16173,0.19306187228425006,,,,,,none,True,,,,,,,,,,,,,,no_pattern_at_sr
2026-03-10T20:57:52.811265+00:00,XAUUSD.s,cobra,26551110,H1,HOLD,HOLD,NONE,0,26.32924873700829,0,,,,,,,,,,,,,,,,0.33,0.33,5198.64,5198.94,5191.74,5192.85,,,,,,,,5157.63602323904,5189.332,0.3573212473311325,,,,,,none,True,,,,,,,,,,,,,,no_pattern_at_sr
2026-03-10T20:57:52.812545+00:00,USOUSD.s,cobra,26551110,H1,HOLD,HOLD,NONE,0,3.859886384707807,0,,,,,,,,,,,,,,,,0.079,0.079,86.674,87.239,85.799,86.464,,,,,,,,89.42434540352686,86.7365,0.016192186445594368,,,,,,none,True,,,,,,,,,,,,,,no_pattern_at_sr
2026-03-10T20:58:53.157124+00:00,BTCUSD,cobra,26551110,H1,HOLD,HOLD,NONE,0,758.4442878004122,0,,,,,,,,,,,,,,,,17.08,17.08,70023.04,70339.93,69986.96,70217.44,,,,,,,,69337.63137851207,70464.87,0.573357868197744,,,,,,none,True,,,,,,,,,,,,,,no_pattern_at_sr
2026-03-10T20:58:53.158428+00:00,USDJPY.s,cobra,26551110,H1,HOLD,HOLD,NONE,0,0.24565477581054168,0,,,,,,,,,,,,,,,,0.035,0.035,158.026,158.079,157.965,158.04,,,,,,,,157.8464695381786,157.962,0.25645746064633645,,,,,,none,True,,,,,,,,,,,,,,no_pattern_at_sr
2026-03-10T20:58:53.159838+00:00,EURUSD.s,cobra,26551110,H1,HOLD,HOLD,NONE,0,0.0020200777884598737,0,,,,,,,,,,,,,,,,0.00027,0.00027,1.16137,1.16145,1.16071,1.16087,,,,,,,,1.1611443561121964,1.16173,0.19306187228425006,,,,,,none,True,,,,,,,,,,,,,,no_pattern_at_sr
2026-03-10T20:58:53.161227+00:00,XAUUSD.s,cobra,26551110,H1,HOLD,HOLD,NONE,0,26.32924873700829,0,,,,,,,,,,,,,,,,0.34,0.34,5198.64,5198.94,5191.74,5192.66,,,,,,,,5157.63602323904,5189.332,0.3573212473311325,,,,,,none,True,,,,,,,,,,,,,,no_pattern_at_sr
2026-03-10T20:58:53.162544+00:00,USOUSD.s,cobra,26551110,H1,HOLD,HOLD,NONE,0,3.859886384707807,0,,,,,,,,,,,,,,,,0.079,0.079,86.674,87.239,85.799,86.489,,,,,,,,89.42434540352686,86.7365,0.016192186445594368,,,,,,none,True,,,,,,,,,,,,,,no_pattern_at_sr
2026-03-10T20:59:53.471938+00:00,BTCUSD,cobra,26551110,H1,HOLD,HOLD,NONE,0,758.4442878004122,0,,,,,,,,,,,,,,,,17.01,17.01,70023.04,70339.93,69986.96,70215.08,,,,,,,,69337.63137851207,70464.87,0.573357868197744,,,,,,none,True,,,,,,,,,,,,,,no_pattern_at_sr
2026-03-10T20:59:53.473450+00:00,USDJPY.s,cobra,26551110,H1,HOLD,HOLD,NONE,0,0.24565477581054168,0,,,,,,,,,,,,,,,,0.035,0.035,158.026,158.079,157.965,158.04,,,,,,,,157.8464695381786,157.962,0.25645746064633645,,,,,,none,True,,,,,,,,,,,,,,no_pattern_at_sr
2026-03-10T20:59:53.474862+00:00,EURUSD.s,cobra,26551110,H1,HOLD,HOLD,NONE,0,0.0020200777884598737,0,,,,,,,,,,,,,,,,0.00027,0.00027,1.16137,1.16145,1.16071,1.16087,,,,,,,,1.1611443561121964,1.16173,0.19306187228425006,,,,,,none,True,,,,,,,,,,,,,,no_pattern_at_sr
2026-03-10T20:59:53.476189+00:00,XAUUSD.s,cobra,26551110,H1,HOLD,HOLD,NONE,0,26.32924873700829,0,,,,,,,,,,,,,,,,0.34,0.34,5198.64,5198.94,5191.74,5192.66,,,,,,,,5157.63602323904,5189.332,0.3573212473311325,,,,,,none,True,,,,,,,,,,,,,,no_pattern_at_sr
2026-03-10T20:59:53.477664+00:00,USOUSD.s,cobra,26551110,H1,HOLD,HOLD,NONE,0,3.859886384707807,0,,,,,,,,,,,,,,,,0.079,0.079,86.674,87.239,85.799,86.434,,,,,,,,89.42434540352686,86.7365,0.016192186445594368,,,,,,none,True,,,,,,,,,,,,,,no_pattern_at_sr
2026-03-10T21:00:53.784646+00:00,BTCUSD,cobra,26551110,H1,HOLD,HOLD,NONE,0,708.0461564037246,0,,,,,,,,,,,,,,,,16.95,16.95,70220.16,70248.71,70195.84,70248.71,,,,,,,,69372.07943130622,70423.22333333333,0.2875565829881278,,,,,,none,True,,,,,,,,,,,,,,no_pattern_at_sr
2026-03-10T21:01:54.228541+00:00,BTCUSD,cobra,26551110,H1,HOLD,HOLD,NONE,0,709.9375849751528,0,,,,,,,,,,,,,,,,16.97,16.97,70220.16,70275.19,70195.84,70270.04,,,,,,,,69372.07943130622,70423.22333333333,0.28679046953185117,,,,,,none,True,,,,,,,,,,,,,,no_pattern_at_sr
2026-03-10T21:01:54.228931+00:00,USDJPY.s,cobra,26551110,H1,OUTSIDE_HOURS,OUTSIDE_HOURS,NONE,0,0.23017942919272713,0,,,,,,,,,,,,,,,,0.087,0.087,158.011,158.012,158.011,158.012,,,,,,,,,,,,,,,,,,,,,,,,,,,,,,,
2026-03-10T21:01:54.229407+00:00,EURUSD.s,cobra,26551110,H1,OUTSIDE_HOURS,OUTSIDE_HOURS,NONE,0,0.0019022149246294732,0,,,,,,,,,,,,,,,,0.00039,0.00039,1.16055,1.16092,1.16055,1.16066,,,,,,,,,,,,,,,,,,,,,,,,,,,,,,,
2026-03-10T21:01:54.229945+00:00,XAUUSD.s,cobra,26551110,H1,OUTSIDE_HOURS,OUTSIDE_HOURS,NONE,0,26.32924873700829,0,,,,,,,,,,,,,,,,0.34,0.34,5198.64,5198.94,5191.74,5192.66,,,,,,,,,,,,,,,,,,,,,,,,,,,,,,,
2026-03-10T21:01:54.230478+00:00,USOUSD.s,cobra,26551110,H1,OUTSIDE_HOURS,OUTSIDE_HOURS,NONE,0,3.859886384707807,0,,,,,,,,,,,,,,,,0.079,0.079,86.674,87.239,85.799,86.434,,,,,,,,,,,,,,,,,,,,,,,,,,,,,,,
2026-03-10T21:02:54.588313+00:00,BTCUSD,cobra,26551110,H1,HOLD,HOLD,NONE,0,710.7704421180102,0,,,,,,,,,,,,,,,,17.08,17.08,70220.16,70286.85,70195.84,70275.89,,,,,,,,69372.07943130622,70423.22333333333,0.2864544180067747,,,,,,none,True,,,,,,,,,,,,,,no_pattern_at_sr
2026-03-10T21:03:54.941283+00:00,BTCUSD,cobra,26551110,H1,HOLD,HOLD,NONE,0,712.0347278322957,0,,,,,,,,,,,,,,,,17.07,17.07,70220.16,70304.55,70195.84,70288.78,,,,,,,,69372.07943130622,70423.22333333333,0.2859457908087973,,,,,,none,True,,,,,,,,,,,,,,no_pattern_at_sr
2026-03-10T21:04:55.275677+00:00,BTCUSD,cobra,26551110,H1,HOLD,HOLD,NONE,0,712.0347278322957,0,,,,,,,,,,,,,,,,17.04,17.04,70220.16,70304.55,70195.84,70278.12,,,,,,,,69372.07943130622,70423.22333333333,0.2859457908087973,,,,,,none,True,,,,,,,,,,,,,,no_pattern_at_sr
2026-03-10T21:05:55.685587+00:00,BTCUSD,cobra,26551110,H1,HOLD,HOLD,NONE,0,716.9997278322954,0,,,,,,,,,,,,,,,,17.06,17.06,70220.16,70374.06,70195.84,70372.21,,,,,,,,69372.07943130622,70464.87,0.342050339044708,,,,,,none,True,,,,,,,,,,,,,,no_pattern_at_sr
2026-03-10T21:06:56.026735+00:00,BTCUSD,cobra,26551110,H1,HOLD,HOLD,NONE,0,719.1311564037237,0,,,,,,,,,,,,,,,,16.94,16.94,70220.16,70403.9,70195.84,70365.11,,,,,,,,69372.07943130622,70464.87,0.34103653807250073,,,,,,none,True,,,,,,,,,,,,,,no_pattern_at_sr
2026-03-10T21:07:56.334308+00:00,BTCUSD,cobra,26551110,H1,HOLD,HOLD,NONE,0,719.1311564037237,0,,,,,,,,,,,,,,,,17.09,17.09,70220.16,70403.9,70195.84,70312.02,,,,,,,,69372.07943130622,70464.87,0.34103653807250073,,,,,,none,True,,,,,,,,,,,,,,no_pattern_at_sr
2026-03-10T21:08:56.642713+00:00,BTCUSD,cobra,26551110,H1,HOLD,HOLD,NONE,0,719.1311564037237,0,,,,,,,,,,,,,,,,17.11,17.11,70220.16,70403.9,70195.84,70295.87,,,,,,,,69372.07943130622,70464.87,0.34103653807250073,,,,,,none,True,,,,,,,,,,,,,,no_pattern_at_sr
2026-03-10T21:09:56.962454+00:00,BTCUSD,cobra,26551110,H1,HOLD,HOLD,NONE,0,719.1311564037237,0,,,,,,,,,,,,,,,,17.09,17.09,70220.16,70403.9,70195.84,70275.1,,,,,,,,69372.07943130622,70464.87,0.34103653807250073,,,,,,none,True,,,,,,,,,,,,,,no_pattern_at_sr
2026-03-10T21:10:57.332951+00:00,BTCUSD,cobra,26551110,H1,HOLD,HOLD,NONE,0,719.1311564037237,0,,,,,,,,,,,,,,,,16.97,16.97,70220.16,70403.9,70195.84,70217.71,,,,,,,,69372.07943130622,70464.87,0.34103653807250073,,,,,,none,True,,,,,,,,,,,,,,no_pattern_at_sr
2026-03-10T21:11:57.653962+00:00,BTCUSD,cobra,26551110,H1,HOLD,HOLD,NONE,0,719.1311564037237,0,,,,,,,,,,,,,,,,16.95,16.95,70220.16,70403.9,70195.84,70225.56,,,,,,,,69372.07943130622,70464.87,0.34103653807250073,,,,,,none,True,,,,,,,,,,,,,,no_pattern_at_sr
2026-03-10T21:11:57.654339+00:00,USDJPY.s,cobra,26551110,H1,OUTSIDE_HOURS,OUTSIDE_HOURS,NONE,0,0.23053657204986966,0,,,,,,,,,,,,,,,,0.087,0.087,158.011,158.028,158.006,158.024,,,,,,,,,,,,,,,,,,,,,,,,,,,,,,,
2026-03-10T21:11:57.654814+00:00,EURUSD.s,cobra,26551110,H1,OUTSIDE_HOURS,OUTSIDE_HOURS,NONE,0,0.0019115006389151849,0,,,,,,,,,,,,,,,,0.00046,0.00046,1.16055,1.16092,1.16042,1.16052,,,,,,,,,,,,,,,,,,,,,,,,,,,,,,,
2026-03-10T21:11:57.655351+00:00,XAUUSD.s,cobra,26551110,H1,OUTSIDE_HOURS,OUTSIDE_HOURS,NONE,0,26.32924873700829,0,,,,,,,,,,,,,,,,0.34,0.34,5198.64,5198.94,5191.74,5192.66,,,,,,,,,,,,,,,,,,,,,,,,,,,,,,,
2026-03-10T21:11:57.655925+00:00,USOUSD.s,cobra,26551110,H1,OUTSIDE_HOURS,OUTSIDE_HOURS,NONE,0,3.859886384707807,0,,,,,,,,,,,,,,,,0.079,0.079,86.674,87.239,85.799,86.434,,,,,,,,,,,,,,,,,,,,,,,,,,,,,,,
2026-03-10T21:12:58.139845+00:00,BTCUSD,cobra,26551110,H1,HOLD,HOLD,NONE,0,727.8968706894381,0,,,,,,,,,,,,,,,,17.03,17.03,70220.16,70403.9,70073.12,70075.51,,,,,,,,69372.07943130622,70464.87,0.33692959796311245,,,,,,none,True,,,,,,,,,,,,,,no_pattern_at_sr
2026-03-10T21:13:58.446688+00:00,BTCUSD,cobra,26551110,H1,HOLD,HOLD,NONE,0,728.5118706894382,0,,,,,,,,,,,,,,,,16.94,16.94,70220.16,70403.9,70064.51,70067.43,,,,,,,,69372.07943130622,70464.87,0.33664516649248827,,,,,,none,True,,,,,,,,,,,,,,no_pattern_at_sr
2026-03-10T21:14:58.763416+00:00,BTCUSD,cobra,26551110,H1,HOLD,HOLD,NONE,0,728.5118706894382,0,,,,,,,,,,,,,,,,17.05,17.05,70220.16,70403.9,70064.51,70081.41,,,,,,,,69372.07943130622,70464.87,0.33664516649248827,,,,,,none,True,,,,,,,,,,,,,,no_pattern_at_sr
2026-03-10T21:15:59.078459+00:00,BTCUSD,cobra,26551110,H1,HOLD,HOLD,NONE,0,728.5118706894382,0,,,,,,,,,,,,,,,,17.12,17.12,70220.16,70403.9,70064.51,70107.06,,,,,,,,69372.07943130622,70464.87,0.33664516649248827,,,,,,none,True,,,,,,,,,,,,,,no_pattern_at_sr
2026-03-10T21:16:59.416894+00:00,BTCUSD,cobra,26551110,H1,HOLD,HOLD,NONE,0,728.5990135465811,0,,,,,,,,,,,,,,,,17.05,17.05,70220.16,70403.9,70063.29,70066.24,,,,,,,,69372.07943130622,70464.87,0.33660490261468157,,,,,,none,True,,,,,,,,,,,,,,no_pattern_at_sr
2026-03-10T21:17:59.792720+00:00,BTCUSD,cobra,26551110,H1,HOLD,HOLD,NONE,0,728.7861564037236,0,,,,,,,,,,,,,,,,17.07,17.07,70220.16,70403.9,70060.67,70079.59,,,,,,,,69372.07943130622,70464.87,0.336518466830124,,,,,,none,True,,,,,,,,,,,,,,no_pattern_at_sr
2026-03-10T21:19:00.140381+00:00,BTCUSD,cobra,26551110,H1,HOLD,HOLD,NONE,0,730.3911564037237,0,,,,,,,,,,,,,,,,17.02,17.02,70220.16,70403.9,70038.2,70040.01,,,,,,,,69372.07943130622,70464.87,0.3357789834252019,,,,,,none,True,,,,,,,,,,,,,,no_pattern_at_sr
2026-03-10T21:20:00.451199+00:00,BTCUSD,cobra,26551110,H1,HOLD,HOLD,NONE,0,732.8732992608666,0,,,,,,,,,,,,,,,,17.08,17.08,70220.16,70403.9,70003.45,70043.58,,,,,,,,69372.07943130622,70464.87,0.3346417453703729,,,,,,none,True,,,,,,,,,,,,,,no_pattern_at_sr
2026-03-10T21:21:00.768046+00:00,BTCUSD,cobra,26551110,H1,HOLD,HOLD,NONE,0,732.8732992608666,0,,,,,,,,,,,,,,,,16.94,16.94,70220.16,70403.9,70003.45,70012.93,,,,,,,,69372.07943130622,70464.87,0.3346417453703729,,,,,,none,True,,,,,,,,,,,,,,no_pattern_at_sr
2026-03-10T21:22:01.084426+00:00,BTCUSD,cobra,26551110,H1,HOLD,HOLD,NONE,0,735.609727832295,0,,,,,,,,,,,,,,,,16.99,16.99,70220.16,70403.9,69965.14,69965.14,,,,,,,,69372.07943130622,70464.87,0.33339689609965617,,,,,,none,True,,,,,,,,,,,,,,no_pattern_at_sr
2026-03-10T21:22:01.084845+00:00,USDJPY.s,cobra,26551110,H1,OUTSIDE_HOURS,OUTSIDE_HOURS,NONE,0,0.23053657204986966,0,,,,,,,,,,,,,,,,0.087,0.087,158.011,158.028,158.006,158.026,,,,,,,,,,,,,,,,,,,,,,,,,,,,,,,
2026-03-10T21:22:01.085399+00:00,EURUSD.s,cobra,26551110,H1,OUTSIDE_HOURS,OUTSIDE_HOURS,NONE,0,0.0019115006389151849,0,,,,,,,,,,,,,,,,0.00049,0.00049,1.16055,1.16092,1.16042,1.16071,,,,,,,,,,,,,,,,,,,,,,,,,,,,,,,
2026-03-10T21:22:01.086115+00:00,XAUUSD.s,cobra,26551110,H1,OUTSIDE_HOURS,OUTSIDE_HOURS,NONE,0,26.32924873700829,0,,,,,,,,,,,,,,,,0.34,0.34,5198.64,5198.94,5191.74,5192.66,,,,,,,,,,,,,,,,,,,,,,,,,,,,,,,
2026-03-10T21:22:01.087451+00:00,USOUSD.s,cobra,26551110,H1,OUTSIDE_HOURS,OUTSIDE_HOURS,NONE,0,3.859886384707807,0,,,,,,,,,,,,,,,,0.079,0.079,86.674,87.239,85.799,86.434,,,,,,,,,,,,,,,,,,,,,,,,,,,,,,,
2026-03-10T21:23:01.410173+00:00,BTCUSD,cobra,26551110,H1,HOLD,HOLD,NONE,0,738.1418706894376,0,,,,,,,,,,,,,,,,17.02,17.02,70220.16,70403.9,69929.69,70013.8,,,,,,,,69372.07943130622,70464.87,0.3322532019094543,,,,,,none,True,,,,,,,,,,,,,,no_pattern_at_sr
2026-03-10T21:24:01.733079+00:00,BTCUSD,cobra,26551110,H1,HOLD,HOLD,NONE,0,738.1418706894376,0,,,,,,,,,,,,,,,,16.96,16.96,70220.16,70403.9,69929.69,70037.1,,,,,,,,69372.07943130622,70464.87,0.3322532019094543,,,,,,none,True,,,,,,,,,,,,,,no_pattern_at_sr
2026-03-10T21:25:02.074560+00:00,BTCUSD,cobra,26551110,H1,HOLD,HOLD,NONE,0,738.1418706894376,0,,,,,,,,,,,,,,,,17.03,17.03,70220.16,70403.9,69929.69,70022.27,,,,,,,,69372.07943130622,70464.87,0.3322532019094543,,,,,,none,True,,,,,,,,,,,,,,no_pattern_at_sr
2026-03-10T21:26:02.417865+00:00,BTCUSD,cobra,26551110,H1,HOLD,HOLD,NONE,0,738.1418706894376,0,,,,,,,,,,,,,,,,17.05,17.05,70220.16,70403.9,69929.69,70040.72,,,,,,,,69372.07943130622,70464.87,0.3322532019094543,,,,,,none,True,,,,,,,,,,,,,,no_pattern_at_sr
2026-03-10T21:27:02.727556+00:00,BTCUSD,cobra,26551110,H1,HOLD,HOLD,NONE,0,738.1418706894376,0,,,,,,,,,,,,,,,,17.09,17.09,70220.16,70403.9,69929.69,70025.24,,,,,,,,69372.07943130622,70464.87,0.3322532019094543,,,,,,none,True,,,,,,,,,,,,,,no_pattern_at_sr
2026-03-10T21:28:03.037844+00:00,BTCUSD,cobra,26551110,H1,HOLD,HOLD,NONE,0,738.1418706894376,0,,,,,,,,,,,,,,,,17.11,17.11,70220.16,70403.9,69929.69,69999.0,,,,,,,,69372.07943130622,70464.87,0.3322532019094543,,,,,,none,True,,,,,,,,,,,,,,no_pattern_at_sr
2026-03-10T21:29:03.376897+00:00,BTCUSD,cobra,26551110,H1,HOLD,HOLD,NONE,0,738.1418706894376,0,,,,,,,,,,,,,,,,17.01,17.01,70220.16,70403.9,69929.69,69942.93,,,,,,,,69372.07943130622,70464.87,0.3322532019094543,,,,,,none,True,,,,,,,,,,,,,,no_pattern_at_sr
2026-03-10T21:30:03.693858+00:00,BTCUSD,cobra,26551110,H1,HOLD,HOLD,NONE,0,739.454727832295,0,,,,,,,,,,,,,,,,16.98,16.98,70220.16,70403.9,69911.31,69952.83,,,,,,,,69372.07943130622,70464.87,0.33166330644601894,,,,,,none,True,,,,,,,,,,,,,,no_pattern_at_sr
2026-03-10T21:31:04.030840+00:00,BTCUSD,cobra,26551110,H1,HOLD,HOLD,NONE,0,739.454727832295,0,,,,,,,,,,,,,,,,17.06,17.06,70220.16,70403.9,69911.31,69962.89,,,,,,,,69372.07943130622,70464.87,0.33166330644601894,,,,,,none,True,,,,,,,,,,,,,,no_pattern_at_sr
2026-03-10T21:32:04.352217+00:00,BTCUSD,cobra,26551110,H1,HOLD,HOLD,NONE,0,739.454727832295,0,,,,,,,,,,,,,,,,17.12,17.12,70220.16,70403.9,69911.31,69995.38,,,,,,,,69372.07943130622,70464.87,0.33166330644601894,,,,,,none,True,,,,,,,,,,,,,,no_pattern_at_sr
2026-03-10T21:32:04.352613+00:00,USDJPY.s,cobra,26551110,H1,OUTSIDE_HOURS,OUTSIDE_HOURS,NONE,0,0.23375085776415652,0,,,,,,,,,,,,,,,,0.087,0.087,158.011,158.085,158.006,158.07,,,,,,,,,,,,,,,,,,,,,,,,,,,,,,,
2026-03-10T21:32:04.353078+00:00,EURUSD.s,cobra,26551110,H1,OUTSIDE_HOURS,OUTSIDE_HOURS,NONE,0,0.0019115006389151849,0,,,,,,,,,,,,,,,,0.00051,0.00051,1.16055,1.16092,1.16042,1.16066,,,,,,,,,,,,,,,,,,,,,,,,,,,,,,,
2026-03-10T21:32:04.353590+00:00,XAUUSD.s,cobra,26551110,H1,OUTSIDE_HOURS,OUTSIDE_HOURS,NONE,0,26.32924873700829,0,,,,,,,,,,,,,,,,0.34,0.34,5198.64,5198.94,5191.74,5192.66,,,,,,,,,,,,,,,,,,,,,,,,,,,,,,,
2026-03-10T21:32:04.354935+00:00,USOUSD.s,cobra,26551110,H1,OUTSIDE_HOURS,OUTSIDE_HOURS,NONE,0,3.859886384707807,0,,,,,,,,,,,,,,,,0.079,0.079,86.674,87.239,85.799,86.434,,,,,,,,,,,,,,,,,,,,,,,,,,,,,,,
2026-03-10T21:33:04.671497+00:00,BTCUSD,cobra,26551110,H1,HOLD,HOLD,NONE,0,739.454727832295,0,,,,,,,,,,,,,,,,17.12,17.12,70220.16,70403.9,69911.31,69995.38,,,,,,,,69372.07943130622,70464.87,0.33166330644601894,,,,,,none,True,,,,,,,,,,,,,,no_pattern_at_sr
2026-03-10T21:34:04.996437+00:00,BTCUSD,cobra,26551110,H1,HOLD,HOLD,NONE,0,739.454727832295,0,,,,,,,,,,,,,,,,17.09,17.09,70220.16,70403.9,69911.31,69980.98,,,,,,,,69372.07943130622,70464.87,0.33166330644601894,,,,,,none,True,,,,,,,,,,,,,,no_pattern_at_sr
2026-03-10T21:35:05.307017+00:00,BTCUSD,cobra,26551110,H1,HOLD,HOLD,NONE,0,739.454727832295,0,,,,,,,,,,,,,,,,17.07,17.07,70220.16,70403.9,69911.31,69983.03,,,,,,,,69372.07943130622,70464.87,0.33166330644601894,,,,,,none,True,,,,,,,,,,,,,,no_pattern_at_sr
2026-03-10T21:36:05.640133+00:00,BTCUSD,cobra,26551110,H1,HOLD,HOLD,NONE,0,739.454727832295,0,,,,,,,,,,,,,,,,17.06,17.06,70220.16,70403.9,69911.31,69999.35,,,,,,,,69372.07943130622,70464.87,0.33166330644601894,,,,,,none,True,,,,,,,,,,,,,,no_pattern_at_sr
2026-03-10T21:37:06.367692+00:00,BTCUSD,cobra,26551110,H1,HOLD,HOLD,NONE,0,739.454727832295,0,,,,,,,,,,,,,,,,17.05,17.05,70220.16,70403.9,69911.31,69950.5,,,,,,,,69372.07943130622,70464.87,0.33166330644601894,,,,,,none,True,,,,,,,,,,,,,,no_pattern_at_sr
2026-03-10T21:38:06.698124+00:00,BTCUSD,cobra,26551110,H1,HOLD,HOLD,NONE,0,749.0461564037236,0,,,,,,,,,,,,,,,,17.0,17.0,70220.16,70403.9,69777.03,69785.34,,,,,,,,69372.07943130622,70464.87,0.32741640538879463,,,,,,none,True,,,,,,,,,,,,,,no_pattern_at_sr
2026-03-10T21:39:07.053799+00:00,BTCUSD,cobra,26551110,H1,HOLD,HOLD,NONE,0,751.8432992608666,0,,,,,,,,,,,,,,,,17.04,17.04,70220.16,70403.9,69737.87,69819.94,,,,,,,,69372.07943130622,70464.87,0.32619829190617783,,,,,,none,True,,,,,,,,,,,,,,no_pattern_at_sr
2026-03-10T21:40:07.384727+00:00,BTCUSD,cobra,26551110,H1,HOLD,HOLD,NONE,0,751.8432992608666,0,,,,,,,,,,,,,,,,16.96,16.96,70220.16,70403.9,69737.87,69812.67,,,,,,,,69372.07943130622,70464.87,0.32619829190617783,,,,,,none,True,,,,,,,,,,,,,,no_pattern_at_sr
2026-03-10T21:41:07.700728+00:00,BTCUSD,cobra,26551110,H1,HOLD,HOLD,NONE,0,759.7554421180088,0,,,,,,,,,,,,,,,,17.06,17.06,70220.16,70403.9,69627.1,69667.36,,,,,,,,69372.07943130622,70464.87,0.32280124156308,,,,,,none,True,,,,,,,,,,,,,,no_pattern_at_sr
2026-03-10T21:42:08.006299+00:00,BTCUSD,cobra,26551110,H1,HOLD,HOLD,NONE,0,762.0397278322953,0,,,,,,,,,,,,,,,,16.98,16.98,70220.16,70403.9,69595.12,69595.12,,,,,,,,69372.07943130622,70464.87,0.3218336144988664,,,,,,none,True,,,,,,,,,,,,,,no_pattern_at_sr
2026-03-10T21:42:08.006703+00:00,USDJPY.s,cobra,26551110,H1,OUTSIDE_HOURS,OUTSIDE_HOURS,NONE,0,0.23375085776415652,0,,,,,,,,,,,,,,,,0.087,0.087,158.011,158.085,158.006,158.027,,,,,,,,,,,,,,,,,,,,,,,,,,,,,,,
2026-03-10T21:42:08.007234+00:00,EURUSD.s,cobra,26551110,H1,OUTSIDE_HOURS,OUTSIDE_HOURS,NONE,0,0.0019115006389151849,0,,,,,,,,,,,,,,,,0.00045,0.00045,1.16055,1.16092,1.16042,1.16087,,,,,,,,,,,,,,,,,,,,,,,,,,,,,,,
2026-03-10T21:42:08.020417+00:00,XAUUSD.s,cobra,26551110,H1,OUTSIDE_HOURS,OUTSIDE_HOURS,NONE,0,26.32924873700829,0,,,,,,,,,,,,,,,,0.34,0.34,5198.64,5198.94,5191.74,5192.66,,,,,,,,,,,,,,,,,,,,,,,,,,,,,,,
2026-03-10T21:42:08.037923+00:00,USOUSD.s,cobra,26551110,H1,OUTSIDE_HOURS,OUTSIDE_HOURS,NONE,0,3.859886384707807,0,,,,,,,,,,,,,,,,0.079,0.079,86.674,87.239,85.799,86.434,,,,,,,,,,,,,,,,,,,,,,,,,,,,,,,
2026-03-10T21:43:08.367876+00:00,BTCUSD,cobra,26551110,H1,HOLD,HOLD,NONE,0,763.0354421180097,0,,,,,,,,,,,,,,,,17.12,17.12,70220.16,70403.9,69581.18,69672.41,,,,,,,,69372.07943130622,70464.87,0.3214136414414025,,,,,,none,True,,,,,,,,,,,,,,no_pattern_at_sr
2026-03-10T21:44:08.674287+00:00,BTCUSD,cobra,26551110,H1,HOLD,HOLD,NONE,0,763.0354421180097,0,,,,,,,,,,,,,,,,17.02,17.02,70220.16,70403.9,69581.18,69735.41,,,,,,,,69372.07943130622,70464.87,0.3214136414414025,,,,,,none,True,,,,,,,,,,,,,,no_pattern_at_sr
2026-03-10T21:45:08.995970+00:00,BTCUSD,cobra,26551110,H1,HOLD,HOLD,NONE,0,763.0354421180097,0,,,,,,,,,,,,,,,,17.11,17.11,70220.16,70403.9,69581.18,69722.25,,,,,,,,69372.07943130622,70464.87,0.3214136414414025,,,,,,none,True,,,,,,,,,,,,,,no_pattern_at_sr
2026-03-10T21:46:09.313477+00:00,BTCUSD,cobra,26551110,H1,HOLD,HOLD,NONE,0,767.6332992608665,0,,,,,,,,,,,,,,,,17.03,17.03,70220.16,70403.9,69516.81,69613.88,,,,,,,,69372.07943130622,70464.87,0.31948848523916906,,,,,,none,True,,,,,,,,,,,,,,no_pattern_at_sr
2026-03-10T21:47:09.623750+00:00,BTCUSD,cobra,26551110,H1,HOLD,HOLD,NONE,0,767.6332992608665,0,,,,,,,,,,,,,,,,17.02,17.02,70220.16,70403.9,69516.81,69634.61,,,,,,,,69372.07943130622,70464.87,0.31948848523916906,,,,,,none,True,,,,,,,,,,,,,,no_pattern_at_sr
2026-03-10T21:48:09.940469+00:00,BTCUSD,cobra,26551110,H1,HOLD,HOLD,NONE,0,767.6332992608665,0,,,,,,,,,,,,,,,,17.1,17.1,70220.16,70403.9,69516.81,69638.39,,,,,,,,69372.07943130622,70464.87,0.31948848523916906,,,,,,none,True,,,,,,,,,,,,,,no_pattern_at_sr
2026-03-10T21:49:10.247983+00:00,BTCUSD,cobra,26551110,H1,HOLD,HOLD,NONE,0,767.6332992608665,0,,,,,,,,,,,,,,,,17.08,17.08,70220.16,70403.9,69516.81,69656.78,,,,,,,,69372.07943130622,70464.87,0.31948848523916906,,,,,,none,True,,,,,,,,,,,,,,no_pattern_at_sr
2026-03-10T21:50:10.567179+00:00,BTCUSD,cobra,26551110,H1,HOLD,HOLD,NONE,0,767.6332992608665,0,,,,,,,,,,,,,,,,16.95,16.95,70220.16,70403.9,69516.81,69603.04,,,,,,,,69372.07943130622,70464.87,0.31948848523916906,,,,,,none,True,,,,,,,,,,,,,,no_pattern_at_sr
2026-03-10T21:51:10.878292+00:00,BTCUSD,cobra,26551110,H1,HOLD,HOLD,NONE,0,767.6332992608665,0,,,,,,,,,,,,,,,,17.09,17.09,70220.16,70403.9,69516.81,69716.45,,,,,,,,69372.07943130622,70464.87,0.31948848523916906,,,,,,none,True,,,,,,,,,,,,,,no_pattern_at_sr
2026-03-10T21:52:11.183580+00:00,BTCUSD,cobra,26551110,H1,HOLD,HOLD,NONE,0,767.6332992608665,0,,,,,,,,,,,,,,,,16.96,16.96,70220.16,70403.9,69516.81,69686.12,,,,,,,,69372.07943130622,70464.87,0.31948848523916906,,,,,,none,True,,,,,,,,,,,,,,no_pattern_at_sr
2026-03-10T21:52:11.184008+00:00,USDJPY.s,cobra,26551110,H1,OUTSIDE_HOURS,OUTSIDE_HOURS,NONE,0,0.23375085776415652,0,,,,,,,,,,,,,,,,0.087,0.087,158.011,158.085,158.006,158.028,,,,,,,,,,,,,,,,,,,,,,,,,,,,,,,
2026-03-10T21:52:11.184526+00:00,EURUSD.s,cobra,26551110,H1,OUTSIDE_HOURS,OUTSIDE_HOURS,NONE,0,0.0019122149246294752,0,,,,,,,,,,,,,,,,0.00047,0.00047,1.16055,1.16093,1.16042,1.16092,,,,,,,,,,,,,,,,,,,,,,,,,,,,,,,
2026-03-10T21:52:11.185054+00:00,XAUUSD.s,cobra,26551110,H1,OUTSIDE_HOURS,OUTSIDE_HOURS,NONE,0,26.32924873700829,0,,,,,,,,,,,,,,,,0.34,0.34,5198.64,5198.94,5191.74,5192.66,,,,,,,,,,,,,,,,,,,,,,,,,,,,,,,
2026-03-10T21:52:11.186771+00:00,USOUSD.s,cobra,26551110,H1,OUTSIDE_HOURS,OUTSIDE_HOURS,NONE,0,3.859886384707807,0,,,,,,,,,,,,,,,,0.079,0.079,86.674,87.239,85.799,86.434,,,,,,,,,,,,,,,,,,,,,,,,,,,,,,,
2026-03-10T21:53:11.504433+00:00,BTCUSD,cobra,26551110,H1,HOLD,HOLD,NONE,0,767.6332992608665,0,,,,,,,,,,,,,,,,16.97,16.97,70220.16,70403.9,69516.81,69732.65,,,,,,,,69372.07943130622,70464.87,0.31948848523916906,,,,,,none,True,,,,,,,,,,,,,,no_pattern_at_sr
2026-03-10T21:54:11.878072+00:00,BTCUSD,cobra,26551110,H1,HOLD,HOLD,NONE,0,767.6332992608665,0,,,,,,,,,,,,,,,,17.1,17.1,70220.16,70403.9,69516.81,69780.76,,,,,,,,69372.07943130622,70464.87,0.31948848523916906,,,,,,none,True,,,,,,,,,,,,,,no_pattern_at_sr
2026-03-10T21:55:12.195282+00:00,BTCUSD,cobra,26551110,H1,HOLD,HOLD,NONE,0,767.6332992608665,0,,,,,,,,,,,,,,,,17.1,17.1,70220.16,70403.9,69516.81,69772.63,,,,,,,,69372.07943130622,70464.87,0.31948848523916906,,,,,,none,True,,,,,,,,,,,,,,no_pattern_at_sr
2026-03-10T21:56:12.513747+00:00,BTCUSD,cobra,26551110,H1,HOLD,HOLD,NONE,0,767.6332992608665,0,,,,,,,,,,,,,,,,17.03,17.03,70220.16,70403.9,69516.81,69785.08,,,,,,,,69372.07943130622,70464.87,0.31948848523916906,,,,,,none,True,,,,,,,,,,,,,,no_pattern_at_sr
2026-03-10T21:57:12.825583+00:00,BTCUSD,cobra,26551110,H1,HOLD,HOLD,NONE,0,767.6332992608665,0,,,,,,,,,,,,,,,,17.04,17.04,70220.16,70403.9,69516.81,69762.1,,,,,,,,69372.07943130622,70464.87,0.31948848523916906,,,,,,none,True,,,,,,,,,,,,,,no_pattern_at_sr
2026-03-10T21:58:13.160528+00:00,BTCUSD,cobra,26551110,H1,HOLD,HOLD,NONE,0,767.6332992608665,0,,,,,,,,,,,,,,,,17.07,17.07,70220.16,70403.9,69516.81,69800.57,,,,,,,,69372.07943130622,70464.87,0.31948848523916906,,,,,,none,True,,,,,,,,,,,,,,no_pattern_at_sr
2026-03-10T21:59:13.476367+00:00,BTCUSD,cobra,26551110,H1,HOLD,HOLD,NONE,0,767.6332992608665,0,,,,,,,,,,,,,,,,16.98,16.98,70220.16,70403.9,69516.81,69740.06,,,,,,,,69372.07943130622,70464.87,0.31948848523916906,,,,,,none,True,,,,,,,,,,,,,,no_pattern_at_sr
2026-03-10T22:00:13.779767+00:00,BTCUSD,cobra,26551110,H1,HOLD,HOLD,NONE,0,717.8280720064608,0,,,,,,,,,,,,,,,,17.01,17.01,69754.18,69809.14,69738.78,69804.88,,,,,,,,69386.44114759607,69565.3925,0.2472980744592613,,,,,,none,True,,,,,,,,,,,,,,no_pattern_at_sr
2026-03-10T22:01:14.089314+00:00,BTCUSD,cobra,26551110,H1,HOLD,HOLD,NONE,0,718.4366434350326,0,,,,,,,,,,,,,,,,17.01,17.01,69754.18,69817.66,69738.78,69804.97,,,,,,,,69386.44114759607,69565.3925,0.24708859385462908,,,,,,none,True,,,,,,,,,,,,,,no_pattern_at_sr
2026-03-10T22:02:14.461452+00:00,BTCUSD,cobra,26551110,H1,HOLD,HOLD,NONE,0,721.2495005778891,0,,,,,,,,,,,,,,,,16.99,16.99,69754.18,69857.04,69738.78,69821.65,,,,,,,,69386.44114759607,69565.3925,0.2461249537889022,,,,,,none,True,,,,,,,,,,,,,,no_pattern_at_sr
2026-03-10T22:02:14.461859+00:00,USDJPY.s,cobra,26551110,H1,OUTSIDE_HOURS,OUTSIDE_HOURS,NONE,0,0.21984008067869454,0,,,,,,,,,,,,,,,,0.022,0.022,158.082,158.086,158.047,158.066,,,,,,,,,,,,,,,,,,,,,,,,,,,,,,,
2026-03-10T22:02:14.462378+00:00,EURUSD.s,cobra,26551110,H1,OUTSIDE_HOURS,OUTSIDE_HOURS,NONE,0,0.00179613832757179,0,,,,,,,,,,,,,,,,0.00019,0.00019,1.16076,1.16099,1.16074,1.16098,,,,,,,,,,,,,,,,,,,,,,,,,,,,,,,
2026-03-10T22:02:14.462911+00:00,XAUUSD.s,cobra,26551110,H1,OUTSIDE_HOURS,OUTSIDE_HOURS,NONE,0,24.952160279221978,0,,,,,,,,,,,,,,,,0.36,0.36,5190.79,5192.34,5185.61,5186.26,,,,,,,,,,,,,,,,,,,,,,,,,,,,,,,
2026-03-10T22:02:14.464648+00:00,USOUSD.s,cobra,26551110,H1,OUTSIDE_HOURS,OUTSIDE_HOURS,NONE,0,3.6526088265271945,0,,,,,,,,,,,,,,,,0.079,0.079,86.94,87.392,86.923,87.392,,,,,,,,,,,,,,,,,,,,,,,,,,,,,,,
2026-03-10T22:03:14.782357+00:00,BTCUSD,cobra,26551110,H1,HOLD,HOLD,NONE,0,721.2495005778891,0,,,,,,,,,,,,,,,,17.07,17.07,69754.18,69857.04,69738.78,69772.64,,,,,,,,69386.44114759607,69565.3925,0.2461249537889022,,,,,,none,True,,,,,,,,,,,,,,no_pattern_at_sr
2026-03-10T22:04:15.095554+00:00,BTCUSD,cobra,26551110,H1,HOLD,HOLD,NONE,0,721.2495005778891,0,,,,,,,,,,,,,,,,17.0,17.0,69754.18,69857.04,69738.78,69793.88,,,,,,,,69386.44114759607,69565.3925,0.2461249537889022,,,,,,none,True,,,,,,,,,,,,,,no_pattern_at_sr
2026-03-10T22:05:15.413768+00:00,BTCUSD,cobra,26551110,H1,HOLD,HOLD,NONE,0,724.3352148636031,0,,,,,,,,,,,,,,,,17.01,17.01,69754.18,69857.04,69695.58,69695.58,,,,,,,,69386.44114759607,69565.3925,0.24507644576334647,,,,,,none,True,,,,,,,,,,,,,,no_pattern_at_sr
2026-03-10T22:06:15.727516+00:00,BTCUSD,cobra,26551110,H1,HOLD,HOLD,NONE,0,732.0459291493172,0,,,,,,,,,,,,,,,,17.05,17.05,69754.18,69857.04,69587.63,69589.71,,,,,,,,69386.44114759607,69565.3925,0.24249503061411473,,,,,,none,True,,,,,,,,,,,,,,no_pattern_at_sr
2026-03-10T22:07:16.037944+00:00,BTCUSD,cobra,26551110,H1,HOLD,HOLD,NONE,0,732.0459291493172,0,,,,,,,,,,,,,,,,17.12,17.12,69754.18,69857.04,69587.63,69647.46,,,,,,,,69386.44114759607,69565.3925,0.24249503061411473,,,,,,none,True,,,,,,,,,,,,,,no_pattern_at_sr
2026-03-10T22:08:16.354756+00:00,BTCUSD,cobra,26551110,H1,HOLD,HOLD,NONE,0,732.0459291493172,0,,,,,,,,,,,,,,,,17.07,17.07,69754.18,69857.04,69587.63,69632.7,,,,,,,,69386.44114759607,69565.3925,0.24249503061411473,,,,,,none,True,,,,,,,,,,,,,,no_pattern_at_sr
2026-03-10T22:09:16.676069+00:00,BTCUSD,cobra,26551110,H1,HOLD,HOLD,NONE,0,732.0459291493172,0,,,,,,,,,,,,,,,,17.03,17.03,69754.18,69857.04,69587.63,69630.98,,,,,,,,69386.44114759607,69565.3925,0.24249503061411473,,,,,,none,True,,,,,,,,,,,,,,no_pattern_at_sr
2026-03-10T22:10:16.987011+00:00,BTCUSD,cobra,26551110,H1,HOLD,HOLD,NONE,0,734.3495005778886,0,,,,,,,,,,,,,,,,17.05,17.05,69754.18,69857.04,69555.38,69563.04,,,,,,,,69386.44114759607,69565.3925,0.2417343510961827,,,,,,none,True,,,,,,,,,,,,,,no_pattern_at_sr
2026-03-10T22:11:17.301234+00:00,BTCUSD,cobra,26551110,H1,HOLD,HOLD,NONE,0,736.4537862921748,0,,,,,,,,,,,,,,,,16.99,16.99,69754.18,69857.04,69525.92,69528.85,,,,,,,,69386.44114759607,69565.3925,0.24104363818095015,,,,,,none,True,,,,,,,,,,,,,,no_pattern_at_sr
2026-03-10T22:12:17.619583+00:00,BTCUSD,cobra,26551110,H1,HOLD,HOLD,NONE,0,742.5966434350319,0,,,,,,,,,,,,,,,,17.0,17.0,69754.18,69857.04,69439.92,69487.62,,,,,,,,69386.44114759607,69581.58666666667,0.2172422064650061,,,,,,none,True,,,,,,,,,,,,,,no_pattern_at_sr
2026-03-10T22:12:17.619981+00:00,USDJPY.s,cobra,26551110,H1,OUTSIDE_HOURS,OUTSIDE_HOURS,NONE,0,0.22026865210726598,0,,,,,,,,,,,,,,,,0.022,0.022,158.082,158.092,158.047,158.092,,,,,,,,,,,,,,,,,,,,,,,,,,,,,,,
2026-03-10T22:12:17.620495+00:00,EURUSD.s,cobra,26551110,H1,OUTSIDE_HOURS,OUTSIDE_HOURS,NONE,0,0.0018147097561432293,0,,,,,,,,,,,,,,,,0.00019,0.00019,1.16076,1.16119,1.16068,1.16084,,,,,,,,,,,,,,,,,,,,,,,,,,,,,,,
2026-03-10T22:12:17.621006+00:00,XAUUSD.s,cobra,26551110,H1,OUTSIDE_HOURS,OUTSIDE_HOURS,NONE,0,25.245731707793382,0,,,,,,,,,,,,,,,,0.35,0.35,5190.79,5194.42,5183.26,5191.02,,,,,,,,,,,,,,,,,,,,,,,,,,,,,,,
2026-03-10T22:12:17.622681+00:00,USOUSD.s,cobra,26551110,H1,OUTSIDE_HOURS,OUTSIDE_HOURS,NONE,0,3.6861802550986233,0,,,,,,,,,,,,,,,,0.079,0.079,86.94,87.862,86.923,87.582,,,,,,,,,,,,,,,,,,,,,,,,,,,,,,,
2026-03-10T22:13:17.992435+00:00,BTCUSD,cobra,26551110,H1,HOLD,HOLD,NONE,0,742.5966434350319,0,,,,,,,,,,,,,,,,17.1,17.1,69754.18,69857.04,69439.92,69576.6,,,,,,,,69386.44114759607,69581.58666666667,0.2172422064650061,,,,,,none,True,,,,,,,,,,,,,,no_pattern_at_sr
2026-03-10T22:14:18.339937+00:00,BTCUSD,cobra,26551110,H1,HOLD,HOLD,NONE,0,742.5966434350319,0,,,,,,,,,,,,,,,,17.01,17.01,69754.18,69857.04,69439.92,69599.0,,,,,,,,69386.44114759607,69581.58666666667,0.2172422064650061,,,,,,none,True,,,,,,,,,,,,,,no_pattern_at_sr
2026-03-10T22:15:18.648914+00:00,BTCUSD,cobra,26551110,H1,HOLD,HOLD,NONE,0,742.5966434350319,0,,,,,,,,,,,,,,,,17.09,17.09,69754.18,69857.04,69439.92,69541.9,,,,,,,,69386.44114759607,69581.58666666667,0.2172422064650061,,,,,,none,True,,,,,,,,,,,,,,no_pattern_at_sr
2026-03-10T22:16:18.954959+00:00,BTCUSD,cobra,26551110,H1,HOLD,HOLD,NONE,0,742.5966434350319,0,,,,,,,,,,,,,,,,16.96,16.96,69754.18,69857.04,69439.92,69482.31,,,,,,,,69386.44114759607,69581.58666666667,0.2172422064650061,,,,,,none,True,,,,,,,,,,,,,,no_pattern_at_sr
2026-03-10T22:17:19.269585+00:00,BTCUSD,cobra,26551110,H1,HOLD,HOLD,NONE,0,742.5966434350319,0,,,,,,,,,,,,,,,,17.07,17.07,69754.18,69857.04,69439.92,69513.48,,,,,,,,69386.44114759607,69581.58666666667,0.2172422064650061,,,,,,none,True,,,,,,,,,,,,,,no_pattern_at_sr
2026-03-10T22:18:19.577678+00:00,BTCUSD,cobra,26551110,H1,HOLD,HOLD,NONE,0,742.5966434350319,0,,,,,,,,,,,,,,,,17.02,17.02,69754.18,69857.04,69439.92,69507.77,,,,,,,,69386.44114759607,69581.58666666667,0.2172422064650061,,,,,,none,True,,,,,,,,,,,,,,no_pattern_at_sr
2026-03-10T22:19:19.884861+00:00,BTCUSD,cobra,26551110,H1,HOLD,HOLD,NONE,0,742.5966434350319,0,,,,,,,,,,,,,,,,16.98,16.98,69754.18,69857.04,69439.92,69490.35,,,,,,,,69386.44114759607,69581.58666666667,0.2172422064650061,,,,,,none,True,,,,,,,,,,,,,,no_pattern_at_sr
2026-03-10T22:20:20.197863+00:00,BTCUSD,cobra,26551110,H1,HOLD,HOLD,NONE,0,742.5966434350319,0,,,,,,,,,,,,,,,,17.0,17.0,69754.18,69857.04,69439.92,69505.05,,,,,,,,69386.44114759607,69581.58666666667,0.2172422064650061,,,,,,none,True,,,,,,,,,,,,,,no_pattern_at_sr
2026-03-10T22:21:20.585134+00:00,BTCUSD,cobra,26551110,H1,HOLD,HOLD,NONE,0,742.5966434350319,0,,,,,,,,,,,,,,,,17.02,17.02,69754.18,69857.04,69439.92,69498.58,,,,,,,,69386.44114759607,69581.58666666667,0.2172422064650061,,,,,,none,True,,,,,,,,,,,,,,no_pattern_at_sr
2026-03-10T22:22:20.912883+00:00,BTCUSD,cobra,26551110,H1,HOLD,HOLD,NONE,0,742.5966434350319,0,,,,,,,,,,,,,,,,17.01,17.01,69754.18,69857.04,69439.92,69509.19,,,,,,,,69386.44114759607,69581.58666666667,0.2172422064650061,,,,,,none,True,,,,,,,,,,,,,,no_pattern_at_sr
2026-03-10T22:22:20.913301+00:00,USDJPY.s,cobra,26551110,H1,OUTSIDE_HOURS,OUTSIDE_HOURS,NONE,0,0.22326865210726407,0,,,,,,,,,,,,,,,,0.022,0.022,158.082,158.134,158.047,158.13,,,,,,,,,,,,,,,,,,,,,,,,,,,,,,,
2026-03-10T22:22:20.913825+00:00,EURUSD.s,cobra,26551110,H1,OUTSIDE_HOURS,OUTSIDE_HOURS,NONE,0,0.0018182811847146495,0,,,,,,,,,,,,,,,,0.0002,0.0002,1.16076,1.16119,1.16063,1.16064,,,,,,,,,,,,,,,,,,,,,,,,,,,,,,,
2026-03-10T22:22:20.914349+00:00,XAUUSD.s,cobra,26551110,H1,OUTSIDE_HOURS,OUTSIDE_HOURS,NONE,0,25.477160279221938,0,,,,,,,,,,,,,,,,0.32,0.32,5190.79,5197.66,5183.26,5189.83,,,,,,,,,,,,,,,,,,,,,,,,,,,,,,,
2026-03-10T22:22:20.915878+00:00,USOUSD.s,cobra,26551110,H1,OUTSIDE_HOURS,OUTSIDE_HOURS,NONE,0,3.6861802550986233,0,,,,,,,,,,,,,,,,0.079,0.079,86.94,87.862,86.923,87.252,,,,,,,,,,,,,,,,,,,,,,,,,,,,,,,
2026-03-10T22:23:21.238229+00:00,BTCUSD,cobra,26551110,H1,HOLD,HOLD,NONE,0,742.5966434350319,0,,,,,,,,,,,,,,,,17.12,17.12,69754.18,69857.04,69439.92,69588.12,,,,,,,,69386.44114759607,69581.58666666667,0.2172422064650061,,,,,,none,True,,,,,,,,,,,,,,no_pattern_at_sr
2026-03-10T22:24:21.559533+00:00,BTCUSD,cobra,26551110,H1,HOLD,HOLD,NONE,0,742.5966434350319,0,,,,,,,,,,,,,,,,16.94,16.94,69754.18,69857.04,69439.92,69665.02,,,,,,,,69386.44114759607,69581.58666666667,0.2172422064650061,,,,,,none,True,,,,,,,,,,,,,,no_pattern_at_sr
2026-03-10T22:25:21.927789+00:00,BTCUSD,cobra,26551110,H1,HOLD,HOLD,NONE,0,742.5966434350319,0,,,,,,,,,,,,,,,,16.95,16.95,69754.18,69857.04,69439.92,69717.36,,,,,,,,69386.44114759607,69581.58666666667,0.2172422064650061,,,,,,none,True,,,,,,,,,,,,,,no_pattern_at_sr
2026-03-10T22:26:22.235299+00:00,BTCUSD,cobra,26551110,H1,HOLD,HOLD,NONE,0,742.5966434350319,0,,,,,,,,,,,,,,,,17.06,17.06,69754.18,69857.04,69439.92,69672.89,,,,,,,,69386.44114759607,69581.58666666667,0.2172422064650061,,,,,,none,True,,,,,,,,,,,,,,no_pattern_at_sr
2026-03-10T22:27:22.610145+00:00,BTCUSD,cobra,26551110,H1,HOLD,HOLD,NONE,0,742.5966434350319,0,,,,,,,,,,,,,,,,17.01,17.01,69754.18,69857.04,69439.92,69667.67,,,,,,,,69386.44114759607,69581.58666666667,0.2172422064650061,,,,,,none,True,,,,,,,,,,,,,,no_pattern_at_sr
2026-03-10T22:28:22.919444+00:00,BTCUSD,cobra,26551110,H1,HOLD,HOLD,NONE,0,742.5966434350319,0,,,,,,,,,,,,,,,,17.07,17.07,69754.18,69857.04,69439.92,69668.07,,,,,,,,69386.44114759607,69581.58666666667,0.2172422064650061,,,,,,none,True,,,,,,,,,,,,,,no_pattern_at_sr
2026-03-10T22:29:23.264038+00:00,BTCUSD,cobra,26551110,H1,HOLD,HOLD,NONE,0,742.5966434350319,0,,,,,,,,,,,,,,,,16.95,16.95,69754.18,69857.04,69439.92,69661.3,,,,,,,,69386.44114759607,69581.58666666667,0.2172422064650061,,,,,,none,True,,,,,,,,,,,,,,no_pattern_at_sr
2026-03-10T22:30:23.584429+00:00,BTCUSD,cobra,26551110,H1,HOLD,HOLD,NONE,0,742.5966434350319,0,,,,,,,,,,,,,,,,17.02,17.02,69754.18,69857.04,69439.92,69617.07,,,,,,,,69386.44114759607,69581.58666666667,0.2172422064650061,,,,,,none,True,,,,,,,,,,,,,,no_pattern_at_sr
2026-03-10T22:31:23.931105+00:00,BTCUSD,cobra,26551110,H1,HOLD,HOLD,NONE,0,742.5966434350319,0,,,,,,,,,,,,,,,,17.1,17.1,69754.18,69857.04,69439.92,69631.61,,,,,,,,69386.44114759607,69581.58666666667,0.2172422064650061,,,,,,none,True,,,,,,,,,,,,,,no_pattern_at_sr
2026-03-10T22:32:24.255473+00:00,BTCUSD,cobra,26551110,H1,HOLD,HOLD,NONE,0,742.5966434350319,0,,,,,,,,,,,,,,,,16.96,16.96,69754.18,69857.04,69439.92,69618.58,,,,,,,,69386.44114759607,69581.58666666667,0.2172422064650061,,,,,,none,True,,,,,,,,,,,,,,no_pattern_at_sr
2026-03-10T22:32:24.255848+00:00,USDJPY.s,cobra,26551110,H1,OUTSIDE_HOURS,OUTSIDE_HOURS,NONE,0,0.22326865210726407,0,,,,,,,,,,,,,,,,0.024,0.024,158.082,158.134,158.047,158.123,,,,,,,,,,,,,,,,,,,,,,,,,,,,,,,
2026-03-10T22:32:24.256317+00:00,EURUSD.s,cobra,26551110,H1,OUTSIDE_HOURS,OUTSIDE_HOURS,NONE,0,0.0018261383275717962,0,,,,,,,,,,,,,,,,0.00022,0.00022,1.16076,1.16119,1.16052,1.1605699999999999,,,,,,,,,,,,,,,,,,,,,,,,,,,,,,,
2026-03-10T22:32:24.256794+00:00,XAUUSD.s,cobra,26551110,H1,OUTSIDE_HOURS,OUTSIDE_HOURS,NONE,0,25.477160279221938,0,,,,,,,,,,,,,,,,0.36,0.36,5190.79,5197.66,5183.26,5190.79,,,,,,,,,,,,,,,,,,,,,,,,,,,,,,,
2026-03-10T22:32:24.258321+00:00,USOUSD.s,cobra,26551110,H1,OUTSIDE_HOURS,OUTSIDE_HOURS,NONE,0,3.6861802550986233,0,,,,,,,,,,,,,,,,0.079,0.079,86.94,87.862,86.923,87.512,,,,,,,,,,,,,,,,,,,,,,,,,,,,,,,
2026-03-10T22:33:24.667574+00:00,BTCUSD,cobra,26551110,H1,HOLD,HOLD,NONE,0,742.5966434350319,0,,,,,,,,,,,,,,,,17.0,17.0,69754.18,69857.04,69439.92,69575.66,,,,,,,,69386.44114759607,69581.58666666667,0.2172422064650061,,,,,,none,True,,,,,,,,,,,,,,no_pattern_at_sr
2026-03-10T22:34:24.987021+00:00,BTCUSD,cobra,26551110,H1,HOLD,HOLD,NONE,0,742.5966434350319,0,,,,,,,,,,,,,,,,16.96,16.96,69754.18,69857.04,69439.92,69538.62,,,,,,,,69386.44114759607,69581.58666666667,0.2172422064650061,,,,,,none,True,,,,,,,,,,,,,,no_pattern_at_sr
2026-03-10T22:35:25.308706+00:00,BTCUSD,cobra,26551110,H1,HOLD,HOLD,NONE,0,742.5966434350319,0,,,,,,,,,,,,,,,,17.05,17.05,69754.18,69857.04,69439.92,69545.38,,,,,,,,69386.44114759607,69581.58666666667,0.2172422064650061,,,,,,none,True,,,,,,,,,,,,,,no_pattern_at_sr
2026-03-10T22:36:25.615970+00:00,BTCUSD,cobra,26551110,H1,HOLD,HOLD,NONE,0,742.5966434350319,0,,,,,,,,,,,,,,,,17.12,17.12,69754.18,69857.04,69439.92,69506.62,,,,,,,,69386.44114759607,69581.58666666667,0.2172422064650061,,,,,,none,True,,,,,,,,,,,,,,no_pattern_at_sr
2026-03-10T22:37:25.923851+00:00,BTCUSD,cobra,26551110,H1,HOLD,HOLD,NONE,0,742.5966434350319,0,,,,,,,,,,,,,,,,17.07,17.07,69754.18,69857.04,69439.92,69520.27,,,,,,,,69386.44114759607,69581.58666666667,0.2172422064650061,,,,,,none,True,,,,,,,,,,,,,,no_pattern_at_sr
2026-03-10T22:38:26.245375+00:00,BTCUSD,cobra,26551110,H1,HOLD,HOLD,NONE,0,742.5966434350319,0,,,,,,,,,,,,,,,,17.12,17.12,69754.18,69857.04,69439.92,69550.12,,,,,,,,69386.44114759607,69581.58666666667,0.2172422064650061,,,,,,none,True,,,,,,,,,,,,,,no_pattern_at_sr
2026-03-10T22:39:26.556432+00:00,BTCUSD,cobra,26551110,H1,HOLD,HOLD,NONE,0,742.5966434350319,0,,,,,,,,,,,,,,,,17.1,17.1,69754.18,69857.04,69439.92,69553.22,,,,,,,,69386.44114759607,69581.58666666667,0.2172422064650061,,,,,,none,True,,,,,,,,,,,,,,no_pattern_at_sr
2026-03-10T22:40:26.871279+00:00,BTCUSD,cobra,26551110,H1,HOLD,HOLD,NONE,0,742.5966434350319,0,,,,,,,,,,,,,,,,17.0,17.0,69754.18,69857.04,69439.92,69614.5,,,,,,,,69386.44114759607,69581.58666666667,0.2172422064650061,,,,,,none,True,,,,,,,,,,,,,,no_pattern_at_sr
2026-03-10T22:41:27.190412+00:00,BTCUSD,cobra,26551110,H1,HOLD,HOLD,NONE,0,742.5966434350319,0,,,,,,,,,,,,,,,,17.01,17.01,69754.18,69857.04,69439.92,69649.77,,,,,,,,69386.44114759607,69581.58666666667,0.2172422064650061,,,,,,none,True,,,,,,,,,,,,,,no_pattern_at_sr
2026-03-10T22:42:27.522594+00:00,BTCUSD,cobra,26551110,H1,HOLD,HOLD,NONE,0,742.5966434350319,0,,,,,,,,,,,,,,,,17.09,17.09,69754.18,69857.04,69439.92,69634.86,,,,,,,,69386.44114759607,69581.58666666667,0.2172422064650061,,,,,,none,True,,,,,,,,,,,,,,no_pattern_at_sr
2026-03-10T22:42:27.522971+00:00,USDJPY.s,cobra,26551110,H1,OUTSIDE_HOURS,OUTSIDE_HOURS,NONE,0,0.2245543663929784,0,,,,,,,,,,,,,,,,0.022,0.022,158.082,158.152,158.047,158.149,,,,,,,,,,,,,,,,,,,,,,,,,,,,,,,
2026-03-10T22:42:27.523446+00:00,EURUSD.s,cobra,26551110,H1,OUTSIDE_HOURS,OUTSIDE_HOURS,NONE,0,0.0018475668990003652,0,,,,,,,,,,,,,,,,0.00019,0.00019,1.16076,1.16119,1.16022,1.16033,,,,,,,,,,,,,,,,,,,,,,,,,,,,,,,
2026-03-10T22:42:27.523931+00:00,XAUUSD.s,cobra,26551110,H1,OUTSIDE_HOURS,OUTSIDE_HOURS,NONE,0,25.477160279221938,0,,,,,,,,,,,,,,,,0.32,0.32,5190.79,5197.66,5183.26,5191.13,,,,,,,,,,,,,,,,,,,,,,,,,,,,,,,
2026-03-10T22:42:27.525677+00:00,USOUSD.s,cobra,26551110,H1,OUTSIDE_HOURS,OUTSIDE_HOURS,NONE,0,3.7268945408129093,0,,,,,,,,,,,,,,,,0.079,0.079,86.94,88.432,86.923,88.302,,,,,,,,,,,,,,,,,,,,,,,,,,,,,,,
2026-03-10T22:43:27.925781+00:00,BTCUSD,cobra,26551110,H1,HOLD,HOLD,NONE,0,742.5966434350319,0,,,,,,,,,,,,,,,,17.06,17.06,69754.18,69857.04,69439.92,69675.27,,,,,,,,69386.44114759607,69581.58666666667,0.2172422064650061,,,,,,none,True,,,,,,,,,,,,,,no_pattern_at_sr
2026-03-10T22:44:28.260019+00:00,BTCUSD,cobra,26551110,H1,HOLD,HOLD,NONE,0,742.5966434350319,0,,,,,,,,,,,,,,,,16.99,16.99,69754.18,69857.04,69439.92,69656.27,,,,,,,,69386.44114759607,69581.58666666667,0.2172422064650061,,,,,,none,True,,,,,,,,,,,,,,no_pattern_at_sr
2026-03-10T22:45:28.579287+00:00,BTCUSD,cobra,26551110,H1,HOLD,HOLD,NONE,0,742.5966434350319,0,,,,,,,,,,,,,,,,17.03,17.03,69754.18,69857.04,69439.92,69631.6,,,,,,,,69386.44114759607,69581.58666666667,0.2172422064650061,,,,,,none,True,,,,,,,,,,,,,,no_pattern_at_sr
2026-03-10T22:46:28.950131+00:00,BTCUSD,cobra,26551110,H1,HOLD,HOLD,NONE,0,742.5966434350319,0,,,,,,,,,,,,,,,,17.11,17.11,69754.18,69857.04,69439.92,69607.01,,,,,,,,69386.44114759607,69581.58666666667,0.2172422064650061,,,,,,none,True,,,,,,,,,,,,,,no_pattern_at_sr
2026-03-10T22:47:29.271648+00:00,BTCUSD,cobra,26551110,H1,HOLD,HOLD,NONE,0,742.5966434350319,0,,,,,,,,,,,,,,,,16.99,16.99,69754.18,69857.04,69439.92,69646.56,,,,,,,,69386.44114759607,69581.58666666667,0.2172422064650061,,,,,,none,True,,,,,,,,,,,,,,no_pattern_at_sr
2026-03-10T22:48:29.598483+00:00,BTCUSD,cobra,26551110,H1,HOLD,HOLD,NONE,0,742.5966434350319,0,,,,,,,,,,,,,,,,17.1,17.1,69754.18,69857.04,69439.92,69639.93,,,,,,,,69386.44114759607,69581.58666666667,0.2172422064650061,,,,,,none,True,,,,,,,,,,,,,,no_pattern_at_sr
2026-03-10T22:49:29.914191+00:00,BTCUSD,cobra,26551110,H1,HOLD,HOLD,NONE,0,742.5966434350319,0,,,,,,,,,,,,,,,,16.96,16.96,69754.18,69857.04,69439.92,69684.51,,,,,,,,69386.44114759607,69581.58666666667,0.2172422064650061,,,,,,none,True,,,,,,,,,,,,,,no_pattern_at_sr
2026-03-10T22:50:30.243744+00:00,BTCUSD,cobra,26551110,H1,HOLD,HOLD,NONE,0,742.5966434350319,0,,,,,,,,,,,,,,,,17.1,17.1,69754.18,69857.04,69439.92,69687.57,,,,,,,,69386.44114759607,69581.58666666667,0.2172422064650061,,,,,,none,True,,,,,,,,,,,,,,no_pattern_at_sr
2026-03-10T22:51:30.586601+00:00,BTCUSD,cobra,26551110,H1,HOLD,HOLD,NONE,0,742.5966434350319,0,,,,,,,,,,,,,,,,17.05,17.05,69754.18,69857.04,69439.92,69688.27,,,,,,,,69386.44114759607,69581.58666666667,0.2172422064650061,,,,,,none,True,,,,,,,,,,,,,,no_pattern_at_sr
2026-03-10T22:52:31.011374+00:00,BTCUSD,cobra,26551110,H1,HOLD,HOLD,NONE,0,742.5966434350319,0,,,,,,,,,,,,,,,,17.11,17.11,69754.18,69857.04,69439.92,69728.31,,,,,,,,69386.44114759607,69581.58666666667,0.2172422064650061,,,,,,none,True,,,,,,,,,,,,,,no_pattern_at_sr
2026-03-10T22:52:31.011764+00:00,USDJPY.s,cobra,26551110,H1,OUTSIDE_HOURS,OUTSIDE_HOURS,NONE,0,0.22584008067869274,0,,,,,,,,,,,,,,,,0.021,0.021,158.082,158.17,158.047,158.162,,,,,,,,,,,,,,,,,,,,,,,,,,,,,,,
2026-03-10T22:52:31.013264+00:00,EURUSD.s,cobra,26551110,H1,OUTSIDE_HOURS,OUTSIDE_HOURS,NONE,0,0.0018489954704289302,0,,,,,,,,,,,,,,,,0.00019,0.00019,1.16076,1.16119,1.1602000000000001,1.1602999999999999,,,,,,,,,,,,,,,,,,,,,,,,,,,,,,,
2026-03-10T22:52:31.016391+00:00,XAUUSD.s,cobra,26551110,H1,OUTSIDE_HOURS,OUTSIDE_HOURS,NONE,0,25.477160279221938,0,,,,,,,,,,,,,,,,0.31,0.31,5190.79,5197.66,5183.26,5185.64,,,,,,,,,,,,,,,,,,,,,,,,,,,,,,,
2026-03-10T22:52:31.019349+00:00,USOUSD.s,cobra,26551110,H1,OUTSIDE_HOURS,OUTSIDE_HOURS,NONE,0,3.736537397955766,0,,,,,,,,,,,,,,,,0.079,0.079,86.94,88.567,86.923,88.437,,,,,,,,,,,,,,,,,,,,,,,,,,,,,,,
2026-03-10T22:53:31.345022+00:00,BTCUSD,cobra,26551110,H1,HOLD,HOLD,NONE,0,742.5966434350319,0,,,,,,,,,,,,,,,,16.96,16.96,69754.18,69857.04,69439.92,69742.69,,,,,,,,69386.44114759607,69581.58666666667,0.2172422064650061,,,,,,none,True,,,,,,,,,,,,,,no_pattern_at_sr
2026-03-10T22:54:31.653971+00:00,BTCUSD,cobra,26551110,H1,HOLD,HOLD,NONE,0,742.5966434350319,0,,,,,,,,,,,,,,,,17.1,17.1,69754.18,69857.04,69439.92,69701.84,,,,,,,,69386.44114759607,69581.58666666667,0.2172422064650061,,,,,,none,True,,,,,,,,,,,,,,no_pattern_at_sr
2026-03-10T22:55:31.975576+00:00,BTCUSD,cobra,26551110,H1,HOLD,HOLD,NONE,0,742.5966434350319,0,,,,,,,,,,,,,,,,17.03,17.03,69754.18,69857.04,69439.92,69701.77,,,,,,,,69386.44114759607,69581.58666666667,0.2172422064650061,,,,,,none,True,,,,,,,,,,,,,,no_pattern_at_sr
2026-03-10T22:56:32.284470+00:00,BTCUSD,cobra,26551110,H1,HOLD,HOLD,NONE,0,742.5966434350319,0,,,,,,,,,,,,,,,,17.04,17.04,69754.18,69857.04,69439.92,69693.25,,,,,,,,69386.44114759607,69581.58666666667,0.2172422064650061,,,,,,none,True,,,,,,,,,,,,,,no_pattern_at_sr
2026-03-10T22:57:32.601626+00:00,BTCUSD,cobra,26551110,H1,HOLD,HOLD,NONE,0,742.5966434350319,0,,,,,,,,,,,,,,,,16.99,16.99,69754.18,69857.04,69439.92,69659.15,,,,,,,,69386.44114759607,69581.58666666667,0.2172422064650061,,,,,,none,True,,,,,,,,,,,,,,no_pattern_at_sr
2026-03-10T22:58:32.913414+00:00,BTCUSD,cobra,26551110,H1,HOLD,HOLD,NONE,0,742.5966434350319,0,,,,,,,,,,,,,,,,17.06,17.06,69754.18,69857.04,69439.92,69682.9,,,,,,,,69386.44114759607,69581.58666666667,0.2172422064650061,,,,,,none,True,,,,,,,,,,,,,,no_pattern_at_sr
2026-03-10T22:59:33.250022+00:00,BTCUSD,cobra,26551110,H1,HOLD,HOLD,NONE,0,742.5966434350319,0,,,,,,,,,,,,,,,,17.08,17.08,69754.18,69857.04,69439.92,69668.03,,,,,,,,69386.44114759607,69581.58666666667,0.2172422064650061,,,,,,none,True,,,,,,,,,,,,,,no_pattern_at_sr
2026-03-10T23:00:33.565911+00:00,BTCUSD,cobra,26551110,H1,HOLD,HOLD,NONE,0,692.3775107395576,0,,,,,,,,,,,,,,,,17.02,17.02,69694.77,69725.88,69686.35,69725.88,,,,,,,,69399.20988063047,69546.17,0.2173380817052563,,,,,,none,True,,,,,,,,,,,,,,no_pattern_at_sr
2026-03-10T23:01:33.874107+00:00,BTCUSD,cobra,26551110,H1,HOLD,HOLD,NONE,0,700.5932250252711,0,,,,,,,,,,,,,,,,17.07,17.07,69694.77,69840.9,69686.35,69788.63,,,,,,,,69399.20988063047,69546.17,0.21478940221634027,,,,,,none,True,,,,,,,,,,,,,,no_pattern_at_sr
2026-03-10T23:02:34.187642+00:00,BTCUSD,cobra,26551110,H1,HOLD,HOLD,NONE,0,700.5932250252711,0,,,,,,,,,,,,,,,,17.1,17.1,69694.77,69840.9,69686.35,69783.77,,,,,,,,69399.20988063047,69546.17,0.21478940221634027,,,,,,none,True,,,,,,,,,,,,,,no_pattern_at_sr
2026-03-10T23:02:34.188058+00:00,USDJPY.s,cobra,26551110,H1,OUTSIDE_HOURS,OUTSIDE_HOURS,NONE,0,0.21242292660998657,0,,,,,,,,,,,,,,,,0.024,0.024,158.156,158.162,158.124,158.15,,,,,,,,,,,,,,,,,,,,,,,,,,,,,,,
2026-03-10T23:02:34.188576+00:00,EURUSD.s,cobra,26551110,H1,OUTSIDE_HOURS,OUTSIDE_HOURS,NONE,0,0.001743352865102279,0,,,,,,,,,,,,,,,,0.00019,0.00019,1.16041,1.16076,1.1604,1.16055,,,,,,,,,,,,,,,,,,,,,,,,,,,,,,,
2026-03-10T23:02:34.189225+00:00,XAUUSD.s,cobra,26551110,H1,OUTSIDE_HOURS,OUTSIDE_HOURS,NONE,0,23.851648959413453,0,,,,,,,,,,,,,,,,0.36,0.36,5189.2,5191.17,5188.45,5190.56,,,,,,,,,,,,,,,,,,,,,,,,,,,,,,,
2026-03-10T23:02:34.190920+00:00,USOUSD.s,cobra,26551110,H1,OUTSIDE_HOURS,OUTSIDE_HOURS,NONE,0,3.488927622626721,0,,,,,,,,,,,,,,,,0.079,0.079,88.302,88.317,88.047,88.057,,,,,,,,,,,,,,,,,,,,,,,,,,,,,,,
2026-03-10T23:03:34.524581+00:00,BTCUSD,cobra,26551110,H1,HOLD,HOLD,NONE,0,700.5932250252711,0,,,,,,,,,,,,,,,,16.98,16.98,69694.77,69840.9,69686.35,69752.34,,,,,,,,69399.20988063047,69546.17,0.21478940221634027,,,,,,none,True,,,,,,,,,,,,,,no_pattern_at_sr
2026-03-10T23:04:34.840067+00:00,BTCUSD,cobra,26551110,H1,HOLD,HOLD,NONE,0,700.5932250252711,0,,,,,,,,,,,,,,,,17.07,17.07,69694.77,69840.9,69686.35,69712.61,,,,,,,,69399.20988063047,69546.17,0.21478940221634027,,,,,,none,True,,,,,,,,,,,,,,no_pattern_at_sr
2026-03-10T23:05:35.154399+00:00,BTCUSD,cobra,26551110,H1,HOLD,HOLD,NONE,0,700.5932250252711,0,,,,,,,,,,,,,,,,17.1,17.1,69694.77,69840.9,69686.35,69744.19,,,,,,,,69399.20988063047,69546.17,0.21478940221634027,,,,,,none,True,,,,,,,,,,,,,,no_pattern_at_sr
2026-03-10T23:06:35.490450+00:00,BTCUSD,cobra,26551110,H1,HOLD,HOLD,NONE,0,700.5932250252711,0,,,,,,,,,,,,,,,,17.05,17.05,69694.77,69840.9,69686.35,69727.03,,,,,,,,69399.20988063047,69546.17,0.21478940221634027,,,,,,none,True,,,,,,,,,,,,,,no_pattern_at_sr
2026-03-10T23:07:35.861162+00:00,BTCUSD,cobra,26551110,H1,HOLD,HOLD,NONE,0,700.5932250252711,0,,,,,,,,,,,,,,,,17.03,17.03,69694.77,69840.9,69686.35,69742.29,,,,,,,,69399.20988063047,69546.17,0.21478940221634027,,,,,,none,True,,,,,,,,,,,,,,no_pattern_at_sr
2026-03-10T23:08:36.198028+00:00,BTCUSD,cobra,26551110,H1,HOLD,HOLD,NONE,0,700.5932250252711,0,,,,,,,,,,,,,,,,17.11,17.11,69694.77,69840.9,69686.35,69716.07,,,,,,,,69399.20988063047,69546.17,0.21478940221634027,,,,,,none,True,,,,,,,,,,,,,,no_pattern_at_sr
2026-03-10T23:09:36.515081+00:00,BTCUSD,cobra,26551110,H1,HOLD,HOLD,NONE,0,700.5932250252711,0,,,,,,,,,,,,,,,,17.02,17.02,69694.77,69840.9,69686.35,69730.29,,,,,,,,69399.20988063047,69546.17,0.21478940221634027,,,,,,none,True,,,,,,,,,,,,,,no_pattern_at_sr
2026-03-10T23:10:36.851935+00:00,BTCUSD,cobra,26551110,H1,HOLD,HOLD,NONE,0,700.5932250252711,0,,,,,,,,,,,,,,,,17.05,17.05,69694.77,69840.9,69686.35,69820.46,,,,,,,,69399.20988063047,69546.17,0.21478940221634027,,,,,,none,True,,,,,,,,,,,,,,no_pattern_at_sr
2026-03-10T23:11:37.282923+00:00,BTCUSD,cobra,26551110,H1,HOLD,HOLD,NONE,0,700.5932250252711,0,,,,,,,,,,,,,,,,17.08,17.08,69694.77,69840.9,69686.35,69762.24,,,,,,,,69399.20988063047,69546.17,0.21478940221634027,,,,,,none,True,,,,,,,,,,,,,,no_pattern_at_sr
2026-03-10T23:12:37.600846+00:00,BTCUSD,cobra,26551110,H1,HOLD,HOLD,NONE,0,700.5932250252711,0,,,,,,,,,,,,,,,,16.95,16.95,69694.77,69840.9,69686.35,69791.54,,,,,,,,69399.20988063047,69546.17,0.21478940221634027,,,,,,none,True,,,,,,,,,,,,,,no_pattern_at_sr
2026-03-10T23:12:37.601234+00:00,USDJPY.s,cobra,26551110,H1,OUTSIDE_HOURS,OUTSIDE_HOURS,NONE,0,0.21399435518141455,0,,,,,,,,,,,,,,,,0.023,0.023,158.156,158.178,158.118,158.125,,,,,,,,,,,,,,,,,,,,,,,,,,,,,,,
2026-03-10T23:12:37.601910+00:00,EURUSD.s,cobra,26551110,H1,OUTSIDE_HOURS,OUTSIDE_HOURS,NONE,0,0.0017440671508165695,0,,,,,,,,,,,,,,,,0.00018,0.00018,1.16041,1.16077,1.1604,1.16075,,,,,,,,,,,,,,,,,,,,,,,,,,,,,,,
2026-03-10T23:12:37.602451+00:00,XAUUSD.s,cobra,26551110,H1,OUTSIDE_HOURS,OUTSIDE_HOURS,NONE,0,24.23093467369913,0,,,,,,,,,,,,,,,,0.35,0.35,5189.2,5196.48,5188.45,5193.19,,,,,,,,,,,,,,,,,,,,,,,,,,,,,,,
2026-03-10T23:12:37.602982+00:00,USOUSD.s,cobra,26551110,H1,OUTSIDE_HOURS,OUTSIDE_HOURS,NONE,0,3.6128561940552926,0,,,,,,,,,,,,,,,,0.079,0.079,88.302,88.317,86.312,86.372,,,,,,,,,,,,,,,,,,,,,,,,,,,,,,,
2026-03-10T23:13:37.927466+00:00,BTCUSD,cobra,26551110,H1,HOLD,HOLD,NONE,0,700.5932250252711,0,,,,,,,,,,,,,,,,17.08,17.08,69694.77,69840.9,69686.35,69782.58,,,,,,,,69399.20988063047,69546.17,0.21478940221634027,,,,,,none,True,,,,,,,,,,,,,,no_pattern_at_sr
2026-03-10T23:14:38.249036+00:00,BTCUSD,cobra,26551110,H1,HOLD,HOLD,NONE,0,700.5932250252711,0,,,,,,,,,,,,,,,,17.1,17.1,69694.77,69840.9,69686.35,69809.87,,,,,,,,69399.20988063047,69546.17,0.21478940221634027,,,,,,none,True,,,,,,,,,,,,,,no_pattern_at_sr
2026-03-10T23:15:38.591213+00:00,BTCUSD,cobra,26551110,H1,HOLD,HOLD,NONE,0,700.5932250252711,0,,,,,,,,,,,,,,,,16.98,16.98,69694.77,69840.9,69686.35,69813.36,,,,,,,,69399.20988063047,69546.17,0.21478940221634027,,,,,,none,True,,,,,,,,,,,,,,no_pattern_at_sr
2026-03-10T23:16:39.091780+00:00,BTCUSD,cobra,26551110,H1,HOLD,HOLD,NONE,0,701.9096535967002,0,,,,,,,,,,,,,,,,16.95,16.95,69694.77,69859.33,69686.35,69844.96,,,,,,,,69399.20988063047,69546.17,0.21438656560557576,,,,,,none,True,,,,,,,,,,,,,,no_pattern_at_sr
2026-03-10T23:17:39.408439+00:00,BTCUSD,cobra,26551110,H1,HOLD,HOLD,NONE,0,701.9096535967002,0,,,,,,,,,,,,,,,,17.01,17.01,69694.77,69859.33,69686.35,69841.95,,,,,,,,69399.20988063047,69546.17,0.21438656560557576,,,,,,none,True,,,,,,,,,,,,,,no_pattern_at_sr
2026-03-10T23:18:39.728110+00:00,BTCUSD,cobra,26551110,H1,HOLD,HOLD,NONE,0,701.9096535967002,0,,,,,,,,,,,,,,,,17.03,17.03,69694.77,69859.33,69686.35,69841.36,,,,,,,,69399.20988063047,69546.17,0.21438656560557576,,,,,,none,True,,,,,,,,,,,,,,no_pattern_at_sr
2026-03-10T23:19:40.041794+00:00,BTCUSD,cobra,26551110,H1,HOLD,HOLD,NONE,0,701.9096535967002,0,,,,,,,,,,,,,,,,17.0,17.0,69694.77,69859.33,69686.35,69838.07,,,,,,,,69399.20988063047,69546.17,0.21438656560557576,,,,,,none,True,,,,,,,,,,,,,,no_pattern_at_sr
2026-03-10T23:20:40.357002+00:00,BTCUSD,cobra,26551110,H1,HOLD,HOLD,NONE,0,701.9096535967002,0,,,,,,,,,,,,,,,,17.1,17.1,69694.77,69859.33,69686.35,69775.76,,,,,,,,69399.20988063047,69546.17,0.21438656560557576,,,,,,none,True,,,,,,,,,,,,,,no_pattern_at_sr
2026-03-10T23:21:40.690120+00:00,BTCUSD,cobra,26551110,H1,HOLD,HOLD,NONE,0,701.9096535967002,0,,,,,,,,,,,,,,,,17.03,17.03,69694.77,69859.33,69686.35,69714.41,,,,,,,,69399.20988063047,69546.17,0.21438656560557576,,,,,,none,True,,,,,,,,,,,,,,no_pattern_at_sr
2026-03-10T23:22:41.005771+00:00,BTCUSD,cobra,26551110,H1,HOLD,HOLD,NONE,0,701.9096535967002,0,,,,,,,,,,,,,,,,17.11,17.11,69694.77,69859.33,69686.35,69696.86,,,,,,,,69399.20988063047,69546.17,0.21438656560557576,,,,,,none,True,,,,,,,,,,,,,,no_pattern_at_sr
2026-03-10T23:22:41.006151+00:00,USDJPY.s,cobra,26551110,H1,OUTSIDE_HOURS,OUTSIDE_HOURS,NONE,0,0.21713721232427044,0,,,,,,,,,,,,,,,,0.023,0.023,158.156,158.178,158.074,158.084,,,,,,,,,,,,,,,,,,,,,,,,,,,,,,,
2026-03-10T23:22:41.006647+00:00,EURUSD.s,cobra,26551110,H1,OUTSIDE_HOURS,OUTSIDE_HOURS,NONE,0,0.0017612100079594279,0,,,,,,,,,,,,,,,,0.00018,0.00018,1.16041,1.16101,1.1604,1.161,,,,,,,,,,,,,,,,,,,,,,,,,,,,,,,
2026-03-10T23:22:41.007144+00:00,XAUUSD.s,cobra,26551110,H1,OUTSIDE_HOURS,OUTSIDE_HOURS,NONE,0,24.299506102270563,0,,,,,,,,,,,,,,,,0.35,0.35,5189.2,5196.66,5187.67,5196.55,,,,,,,,,,,,,,,,,,,,,,,,,,,,,,,
2026-03-10T23:22:41.007942+00:00,USOUSD.s,cobra,26551110,H1,OUTSIDE_HOURS,OUTSIDE_HOURS,NONE,0,3.651070479769578,0,,,,,,,,,,,,,,,,0.079,0.079,88.302,88.317,85.777,86.337,,,,,,,,,,,,,,,,,,,,,,,,,,,,,,,
2026-03-10T23:23:41.334293+00:00,BTCUSD,cobra,26551110,H1,HOLD,HOLD,NONE,0,701.9096535967002,0,,,,,,,,,,,,,,,,17.09,17.09,69694.77,69859.33,69686.35,69714.43,,,,,,,,69399.20988063047,69546.17,0.21438656560557576,,,,,,none,True,,,,,,,,,,,,,,no_pattern_at_sr
2026-03-10T23:24:41.657773+00:00,BTCUSD,cobra,26551110,H1,HOLD,HOLD,NONE,0,701.9096535967002,0,,,,,,,,,,,,,,,,16.95,16.95,69694.77,69859.33,69686.35,69767.22,,,,,,,,69399.20988063047,69546.17,0.21438656560557576,,,,,,none,True,,,,,,,,,,,,,,no_pattern_at_sr
2026-03-10T23:25:41.977715+00:00,BTCUSD,cobra,26551110,H1,HOLD,HOLD,NONE,0,701.9096535967002,0,,,,,,,,,,,,,,,,17.07,17.07,69694.77,69859.33,69686.35,69788.93,,,,,,,,69399.20988063047,69546.17,0.21438656560557576,,,,,,none,True,,,,,,,,,,,,,,no_pattern_at_sr
2026-03-10T23:26:42.297911+00:00,BTCUSD,cobra,26551110,H1,HOLD,HOLD,NONE,0,701.9096535967002,0,,,,,,,,,,,,,,,,17.03,17.03,69694.77,69859.33,69686.35,69767.74,,,,,,,,69399.20988063047,69546.17,0.21438656560557576,,,,,,none,True,,,,,,,,,,,,,,no_pattern_at_sr
2026-03-10T23:27:42.615785+00:00,BTCUSD,cobra,26551110,H1,HOLD,HOLD,NONE,0,701.9096535967002,0,,,,,,,,,,,,,,,,17.02,17.02,69694.77,69859.33,69686.35,69767.4,,,,,,,,69399.20988063047,69546.17,0.21438656560557576,,,,,,none,True,,,,,,,,,,,,,,no_pattern_at_sr
2026-03-10T23:28:42.970090+00:00,BTCUSD,cobra,26551110,H1,HOLD,HOLD,NONE,0,701.9096535967002,0,,,,,,,,,,,,,,,,17.08,17.08,69694.77,69859.33,69686.35,69761.64,,,,,,,,69399.20988063047,69546.17,0.21438656560557576,,,,,,none,True,,,,,,,,,,,,,,no_pattern_at_sr
2026-03-10T23:29:43.299013+00:00,BTCUSD,cobra,26551110,H1,HOLD,HOLD,NONE,0,701.9096535967002,0,,,,,,,,,,,,,,,,17.11,17.11,69694.77,69859.33,69686.35,69788.84,,,,,,,,69399.20988063047,69546.17,0.21438656560557576,,,,,,none,True,,,,,,,,,,,,,,no_pattern_at_sr
2026-03-10T23:30:43.872796+00:00,BTCUSD,cobra,26551110,H1,HOLD,HOLD,NONE,0,701.9096535967002,0,,,,,,,,,,,,,,,,17.1,17.1,69694.77,69859.33,69686.35,69806.71,,,,,,,,69399.20988063047,69546.17,0.21438656560557576,,,,,,none,True,,,,,,,,,,,,,,no_pattern_at_sr
2026-03-10T23:31:44.196017+00:00,BTCUSD,cobra,26551110,H1,HOLD,HOLD,NONE,0,706.3782250252715,0,,,,,,,,,,,,,,,,17.04,17.04,69694.77,69921.89,69686.35,69886.25,,,,,,,,69399.20988063047,69546.17,0.21303034927869177,,,,,,none,True,,,,,,,,,,,,,,no_pattern_at_sr
2026-03-10T23:32:44.507719+00:00,BTCUSD,cobra,26551110,H1,HOLD,HOLD,NONE,0,706.3782250252715,0,,,,,,,,,,,,,,,,17.01,17.01,69694.77,69921.89,69686.35,69898.26,,,,,,,,69399.20988063047,69546.17,0.21303034927869177,,,,,,none,True,,,,,,,,,,,,,,no_pattern_at_sr
2026-03-10T23:32:44.508124+00:00,USDJPY.s,cobra,26551110,H1,OUTSIDE_HOURS,OUTSIDE_HOURS,NONE,0,0.21756578375284188,0,,,,,,,,,,,,,,,,0.024,0.024,158.156,158.178,158.068,158.114,,,,,,,,,,,,,,,,,,,,,,,,,,,,,,,
2026-03-10T23:32:44.508763+00:00,EURUSD.s,cobra,26551110,H1,OUTSIDE_HOURS,OUTSIDE_HOURS,NONE,0,0.0017612100079594279,0,,,,,,,,,,,,,,,,0.00019,0.00019,1.16041,1.16101,1.1604,1.16076,,,,,,,,,,,,,,,,,,,,,,,,,,,,,,,
2026-03-10T23:32:44.509301+00:00,XAUUSD.s,cobra,26551110,H1,OUTSIDE_HOURS,OUTSIDE_HOURS,NONE,0,24.342363245127732,0,,,,,,,,,,,,,,,,0.35,0.35,5189.2,5197.26,5187.67,5192.89,,,,,,,,,,,,,,,,,,,,,,,,,,,,,,,
2026-03-10T23:32:44.509830+00:00,USOUSD.s,cobra,26551110,H1,OUTSIDE_HOURS,OUTSIDE_HOURS,NONE,0,3.6664276226267214,0,,,,,,,,,,,,,,,,0.079,0.079,88.302,88.317,85.562,85.762,,,,,,,,,,,,,,,,,,,,,,,,,,,,,,,
2026-03-10T23:33:44.868220+00:00,BTCUSD,cobra,26551110,H1,HOLD,HOLD,NONE,0,706.3782250252715,0,,,,,,,,,,,,,,,,16.97,16.97,69694.77,69921.89,69686.35,69902.24,,,,,,,,69399.20988063047,69546.17,0.21303034927869177,,,,,,none,True,,,,,,,,,,,,,,no_pattern_at_sr
2026-03-10T23:34:45.199817+00:00,BTCUSD,cobra,26551110,H1,HOLD,HOLD,NONE,0,706.3782250252715,0,,,,,,,,,,,,,,,,17.05,17.05,69694.77,69921.89,69686.35,69856.14,,,,,,,,69399.20988063047,69546.17,0.21303034927869177,,,,,,none,True,,,,,,,,,,,,,,no_pattern_at_sr
2026-03-10T23:35:45.515388+00:00,BTCUSD,cobra,26551110,H1,HOLD,HOLD,NONE,0,706.3782250252715,0,,,,,,,,,,,,,,,,17.07,17.07,69694.77,69921.89,69686.35,69855.3,,,,,,,,69399.20988063047,69546.17,0.21303034927869177,,,,,,none,True,,,,,,,,,,,,,,no_pattern_at_sr
2026-03-10T23:36:45.828261+00:00,BTCUSD,cobra,26551110,H1,HOLD,HOLD,NONE,0,706.3782250252715,0,,,,,,,,,,,,,,,,17.09,17.09,69694.77,69921.89,69686.35,69901.26,,,,,,,,69399.20988063047,69546.17,0.21303034927869177,,,,,,none,True,,,,,,,,,,,,,,no_pattern_at_sr
2026-03-10T23:37:46.148150+00:00,BTCUSD,cobra,26551110,H1,HOLD,HOLD,NONE,0,706.7532250252715,0,,,,,,,,,,,,,,,,16.98,16.98,69694.77,69927.14,69686.35,69927.14,,,,,,,,69399.20988063047,69546.17,0.2129173163583586,,,,,,none,True,,,,,,,,,,,,,,no_pattern_at_sr
2026-03-10T23:38:46.470215+00:00,BTCUSD,cobra,26551110,H1,HOLD,HOLD,NONE,0,708.276796453843,0,,,,,,,,,,,,,,,,17.05,17.05,69694.77,69948.47,69686.35,69942.79,,,,,,,,69399.20988063047,69546.17,0.21245931075733387,,,,,,none,True,,,,,,,,,,,,,,no_pattern_at_sr
2026-03-10T23:39:46.784898+00:00,BTCUSD,cobra,26551110,H1,HOLD,HOLD,NONE,0,708.276796453843,0,,,,,,,,,,,,,,,,17.03,17.03,69694.77,69948.47,69686.35,69895.95,,,,,,,,69399.20988063047,69546.17,0.21245931075733387,,,,,,none,True,,,,,,,,,,,,,,no_pattern_at_sr
2026-03-10T23:40:47.128673+00:00,BTCUSD,cobra,26551110,H1,HOLD,HOLD,NONE,0,708.276796453843,0,,,,,,,,,,,,,,,,17.05,17.05,69694.77,69948.47,69686.35,69883.54,,,,,,,,69399.20988063047,69546.17,0.21245931075733387,,,,,,none,True,,,,,,,,,,,,,,no_pattern_at_sr
2026-03-10T23:41:47.438859+00:00,BTCUSD,cobra,26551110,H1,HOLD,HOLD,NONE,0,708.276796453843,0,,,,,,,,,,,,,,,,16.99,16.99,69694.77,69948.47,69686.35,69884.09,,,,,,,,69399.20988063047,69546.17,0.21245931075733387,,,,,,none,True,,,,,,,,,,,,,,no_pattern_at_sr
2026-03-10T23:42:47.801630+00:00,BTCUSD,cobra,26551110,H1,HOLD,HOLD,NONE,0,708.276796453843,0,,,,,,,,,,,,,,,,17.06,17.06,69694.77,69948.47,69686.35,69885.73,,,,,,,,69399.20988063047,69546.17,0.21245931075733387,,,,,,none,True,,,,,,,,,,,,,,no_pattern_at_sr
2026-03-10T23:42:47.802147+00:00,USDJPY.s,cobra,26551110,H1,OUTSIDE_HOURS,OUTSIDE_HOURS,NONE,0,0.21785149803855755,0,,,,,,,,,,,,,,,,0.024,0.024,158.156,158.178,158.064,158.089,,,,,,,,,,,,,,,,,,,,,,,,,,,,,,,
2026-03-10T23:42:47.802694+00:00,EURUSD.s,cobra,26551110,H1,OUTSIDE_HOURS,OUTSIDE_HOURS,NONE,0,0.0017612100079594279,0,,,,,,,,,,,,,,,,0.00018,0.00018,1.16041,1.16101,1.1604,1.16095,,,,,,,,,,,,,,,,,,,,,,,,,,,,,,,
2026-03-10T23:42:47.803209+00:00,XAUUSD.s,cobra,26551110,H1,OUTSIDE_HOURS,OUTSIDE_HOURS,NONE,0,24.342363245127732,0,,,,,,,,,,,,,,,,0.36,0.36,5189.2,5197.26,5187.67,5191.43,,,,,,,,,,,,,,,,,,,,,,,,,,,,,,,
2026-03-10T23:42:47.804516+00:00,USOUSD.s,cobra,26551110,H1,OUTSIDE_HOURS,OUTSIDE_HOURS,NONE,0,3.6664276226267214,0,,,,,,,,,,,,,,,,0.079,0.079,88.302,88.317,85.562,85.902,,,,,,,,,,,,,,,,,,,,,,,,,,,,,,,
2026-03-10T23:43:48.206344+00:00,BTCUSD,cobra,26551110,H1,HOLD,HOLD,NONE,0,708.276796453843,0,,,,,,,,,,,,,,,,17.06,17.06,69694.77,69948.47,69686.35,69918.22,,,,,,,,69399.20988063047,69546.17,0.21245931075733387,,,,,,none,True,,,,,,,,,,,,,,no_pattern_at_sr
2026-03-10T23:44:48.525172+00:00,BTCUSD,cobra,26551110,H1,HOLD,HOLD,NONE,0,708.276796453843,0,,,,,,,,,,,,,,,,17.06,17.06,69694.77,69948.47,69686.35,69897.08,,,,,,,,69399.20988063047,69546.17,0.21245931075733387,,,,,,none,True,,,,,,,,,,,,,,no_pattern_at_sr
2026-03-10T23:45:48.896256+00:00,BTCUSD,cobra,26551110,H1,HOLD,HOLD,NONE,0,709.421796453843,0,,,,,,,,,,,,,,,,17.07,17.07,69694.77,69964.5,69686.35,69908.2,,,,,,,,69399.20988063047,69546.17,0.21211640346010513,,,,,,none,True,,,,,,,,,,,,,,no_pattern_at_sr
2026-03-10T23:46:49.215506+00:00,BTCUSD,cobra,26551110,H1,HOLD,HOLD,NONE,0,709.421796453843,0,,,,,,,,,,,,,,,,17.02,17.02,69694.77,69964.5,69686.35,69920.65,,,,,,,,69399.20988063047,69546.17,0.21211640346010513,,,,,,none,True,,,,,,,,,,,,,,no_pattern_at_sr
2026-03-10T23:47:49.528255+00:00,BTCUSD,cobra,26551110,H1,HOLD,HOLD,NONE,0,709.421796453843,0,,,,,,,,,,,,,,,,17.09,17.09,69694.77,69964.5,69686.35,69892.82,,,,,,,,69399.20988063047,69546.17,0.21211640346010513,,,,,,none,True,,,,,,,,,,,,,,no_pattern_at_sr
2026-03-10T23:48:49.840862+00:00,BTCUSD,cobra,26551110,H1,HOLD,HOLD,NONE,0,709.421796453843,0,,,,,,,,,,,,,,,,17.02,17.02,69694.77,69964.5,69686.35,69892.7,,,,,,,,69399.20988063047,69546.17,0.21211640346010513,,,,,,none,True,,,,,,,,,,,,,,no_pattern_at_sr
2026-03-10T23:49:50.194893+00:00,BTCUSD,cobra,26551110,H1,HOLD,HOLD,NONE,0,709.421796453843,0,,,,,,,,,,,,,,,,16.95,16.95,69694.77,69964.5,69686.35,69871.64,,,,,,,,69399.20988063047,69546.17,0.21211640346010513,,,,,,none,True,,,,,,,,,,,,,,no_pattern_at_sr
2026-03-10T23:50:50.522879+00:00,BTCUSD,cobra,26551110,H1,HOLD,HOLD,NONE,0,709.421796453843,0,,,,,,,,,,,,,,,,17.08,17.08,69694.77,69964.5,69686.35,69927.77,,,,,,,,69399.20988063047,69546.17,0.21211640346010513,,,,,,none,True,,,,,,,,,,,,,,no_pattern_at_sr
2026-03-10T23:51:50.849516+00:00,BTCUSD,cobra,26551110,H1,HOLD,HOLD,NONE,0,709.421796453843,0,,,,,,,,,,,,,,,,17.01,17.01,69694.77,69964.5,69686.35,69889.13,,,,,,,,69399.20988063047,69546.17,0.21211640346010513,,,,,,none,True,,,,,,,,,,,,,,no_pattern_at_sr
2026-03-10T23:52:51.165788+00:00,BTCUSD,cobra,26551110,H1,HOLD,HOLD,NONE,0,709.421796453843,0,,,,,,,,,,,,,,,,16.94,16.94,69694.77,69964.5,69686.35,69903.93,,,,,,,,69399.20988063047,69546.17,0.21211640346010513,,,,,,none,True,,,,,,,,,,,,,,no_pattern_at_sr
2026-03-10T23:52:51.166193+00:00,USDJPY.s,cobra,26551110,H1,OUTSIDE_HOURS,OUTSIDE_HOURS,NONE,0,0.2192086408957008,0,,,,,,,,,,,,,,,,0.024,0.024,158.156,158.178,158.045,158.052,,,,,,,,,,,,,,,,,,,,,,,,,,,,,,,
2026-03-10T23:52:51.166661+00:00,EURUSD.s,cobra,26551110,H1,OUTSIDE_HOURS,OUTSIDE_HOURS,NONE,0,0.0017690671508165587,0,,,,,,,,,,,,,,,,0.00018,0.00018,1.16041,1.16112,1.1604,1.1611,,,,,,,,,,,,,,,,,,,,,,,,,,,,,,,
2026-03-10T23:52:51.167134+00:00,XAUUSD.s,cobra,26551110,H1,OUTSIDE_HOURS,OUTSIDE_HOURS,NONE,0,24.342363245127732,0,,,,,,,,,,,,,,,,0.35,0.35,5189.2,5197.26,5187.67,5191.94,,,,,,,,,,,,,,,,,,,,,,,,,,,,,,,
2026-03-10T23:52:51.167658+00:00,USOUSD.s,cobra,26551110,H1,OUTSIDE_HOURS,OUTSIDE_HOURS,NONE,0,3.68749905119815,0,,,,,,,,,,,,,,,,0.079,0.079,88.302,88.317,85.267,85.627,,,,,,,,,,,,,,,,,,,,,,,,,,,,,,,
2026-03-10T23:53:51.514119+00:00,BTCUSD,cobra,26551110,H1,HOLD,HOLD,NONE,0,709.421796453843,0,,,,,,,,,,,,,,,,16.94,16.94,69694.77,69964.5,69686.35,69862.88,,,,,,,,69399.20988063047,69546.17,0.21211640346010513,,,,,,none,True,,,,,,,,,,,,,,no_pattern_at_sr
2026-03-10T23:54:51.825779+00:00,BTCUSD,cobra,26551110,H1,HOLD,HOLD,NONE,0,709.421796453843,0,,,,,,,,,,,,,,,,17.07,17.07,69694.77,69964.5,69686.35,69872.01,,,,,,,,69399.20988063047,69546.17,0.21211640346010513,,,,,,none,True,,,,,,,,,,,,,,no_pattern_at_sr
2026-03-10T23:55:52.155637+00:00,BTCUSD,cobra,26551110,H1,HOLD,HOLD,NONE,0,709.421796453843,0,,,,,,,,,,,,,,,,16.94,16.94,69694.77,69964.5,69686.35,69904.14,,,,,,,,69399.20988063047,69546.17,0.21211640346010513,,,,,,none,True,,,,,,,,,,,,,,no_pattern_at_sr
2026-03-10T23:56:52.489611+00:00,BTCUSD,cobra,26551110,H1,HOLD,HOLD,NONE,0,709.421796453843,0,,,,,,,,,,,,,,,,17.06,17.06,69694.77,69964.5,69686.35,69885.91,,,,,,,,69399.20988063047,69546.17,0.21211640346010513,,,,,,none,True,,,,,,,,,,,,,,no_pattern_at_sr
2026-03-10T23:57:52.825879+00:00,BTCUSD,cobra,26551110,H1,HOLD,HOLD,NONE,0,709.421796453843,0,,,,,,,,,,,,,,,,16.99,16.99,69694.77,69964.5,69686.35,69913.07,,,,,,,,69399.20988063047,69546.17,0.21211640346010513,,,,,,none,True,,,,,,,,,,,,,,no_pattern_at_sr
2026-03-10T23:58:53.188285+00:00,BTCUSD,cobra,26551110,H1,HOLD,HOLD,NONE,0,709.421796453843,0,,,,,,,,,,,,,,,,17.0,17.0,69694.77,69964.5,69686.35,69912.82,,,,,,,,69399.20988063047,69546.17,0.21211640346010513,,,,,,none,True,,,,,,,,,,,,,,no_pattern_at_sr
2026-03-10T23:59:53.515746+00:00,BTCUSD,cobra,26551110,H1,HOLD,HOLD,NONE,0,709.421796453843,0,,,,,,,,,,,,,,,,16.99,16.99,69694.77,69964.5,69686.35,69937.07,,,,,,,,69399.20988063047,69546.17,0.21211640346010513,,,,,,none,True,,,,,,,,,,,,,,no_pattern_at_sr
