timestamp,symbol,bot,account,timeframe,signal,signal_type,trigger,confidence,atr,executed,entry_price,sl_price,sl,tp_price,tp,volume_lots,ticket,exit_price,exit_reason,profit,pnl,outcome,duration_minutes,account_balance,account_equity,spread,spread_points,bar_open,bar_high,bar_low,bar_close,ema_fast,ema_slow,ema_separation,rsi,n_bar_high,n_bar_low,conditions_met,ema_50,nearest_sr_level,sr_distance_atr,pattern_type,pin_wick_size,pin_body_ratio,engulf_size_atr,inside_bar_vol_ratio,pattern_detected,sr_nearby,ema_20,momentum_fast_ema,momentum_slow_ema,breakout_high,breakout_low,pullback_distance_atr,volume_ratio,h1_trend,bb_upper,bb_lower,bb_mid,price_position_in_bb,adx,hold_reason
2026-03-07T02:43:43.177912+00:00,USDJPY-STD,cobra,24433879,H1,OUTSIDE_HOURS,OUTSIDE_HOURS,NONE,0,0.22171039224998673,0,,,,,,,,,,,,,,,,0.08,0.08,157.899,157.904,157.77,157.777,,,,,,,,,,,,,,,,,,,,,,,,,,,,,,,
2026-03-07T02:43:43.179606+00:00,EURUSD-STD,cobra,24433879,H1,OUTSIDE_HOURS,OUTSIDE_HOURS,NONE,0,0.00189586925773978,0,,,,,,,,,,,,,,,,0.00025,0.00025,1.16055,1.16175,1.16045,1.16155,,,,,,,,,,,,,,,,,,,,,,,,,,,,,,,
2026-03-07T02:43:43.180218+00:00,XAUUSD-STD,cobra,24433879,H1,OUTSIDE_HOURS,OUTSIDE_HOURS,NONE,0,28.167814097423577,0,,,,,,,,,,,,,,,,0.25,0.25,5153.29,5174.93,5150.9,5174.72,,,,,,,,,,,,,,,,,,,,,,,,,,,,,,,
2026-03-07T02:43:43.180882+00:00,USOUSD-STD,cobra,24433879,H1,OUTSIDE_HOURS,OUTSIDE_HOURS,NONE,0,1.6316696955416603,0,,,,,,,,,,,,,,,,0.032,0.032,90.756,91.581,90.646,91.396,,,,,,,,,,,,,,,,,,,,,,,,,,,,,,,
2026-03-07T02:53:47.340259+00:00,USDJPY-STD,cobra,24433879,H1,OUTSIDE_HOURS,OUTSIDE_HOURS,NONE,0,0.22171039224998673,0,,,,,,,,,,,,,,,,0.08,0.08,157.899,157.904,157.77,157.777,,,,,,,,,,,,,,,,,,,,,,,,,,,,,,,
2026-03-07T02:53:47.341467+00:00,EURUSD-STD,cobra,24433879,H1,OUTSIDE_HOURS,OUTSIDE_HOURS,NONE,0,0.00189586925773978,0,,,,,,,,,,,,,,,,0.00025,0.00025,1.16055,1.16175,1.16045,1.16155,,,,,,,,,,,,,,,,,,,,,,,,,,,,,,,
2026-03-07T02:53:47.342316+00:00,XAUUSD-STD,cobra,24433879,H1,OUTSIDE_HOURS,OUTSIDE_HOURS,NONE,0,28.167814097423577,0,,,,,,,,,,,,,,,,0.25,0.25,5153.29,5174.93,5150.9,5174.72,,,,,,,,,,,,,,,,,,,,,,,,,,,,,,,
2026-03-07T02:53:47.343380+00:00,USOUSD-STD,cobra,24433879,H1,OUTSIDE_HOURS,OUTSIDE_HOURS,NONE,0,1.6316696955416603,0,,,,,,,,,,,,,,,,0.032,0.032,90.756,91.581,90.646,91.396,,,,,,,,,,,,,,,,,,,,,,,,,,,,,,,
2026-03-07T03:03:50.932731+00:00,USDJPY-STD,cobra,24433879,H1,OUTSIDE_HOURS,OUTSIDE_HOURS,NONE,0,0.22171039224998673,0,,,,,,,,,,,,,,,,0.08,0.08,157.899,157.904,157.77,157.777,,,,,,,,,,,,,,,,,,,,,,,,,,,,,,,
2026-03-07T03:03:50.933742+00:00,EURUSD-STD,cobra,24433879,H1,OUTSIDE_HOURS,OUTSIDE_HOURS,NONE,0,0.00189586925773978,0,,,,,,,,,,,,,,,,0.00025,0.00025,1.16055,1.16175,1.16045,1.16155,,,,,,,,,,,,,,,,,,,,,,,,,,,,,,,
2026-03-07T03:03:50.934750+00:00,XAUUSD-STD,cobra,24433879,H1,OUTSIDE_HOURS,OUTSIDE_HOURS,NONE,0,28.167814097423577,0,,,,,,,,,,,,,,,,0.25,0.25,5153.29,5174.93,5150.9,5174.72,,,,,,,,,,,,,,,,,,,,,,,,,,,,,,,
2026-03-07T03:03:50.935575+00:00,USOUSD-STD,cobra,24433879,H1,OUTSIDE_HOURS,OUTSIDE_HOURS,NONE,0,1.6316696955416603,0,,,,,,,,,,,,,,,,0.032,0.032,90.756,91.581,90.646,91.396,,,,,,,,,,,,,,,,,,,,,,,,,,,,,,,
2026-03-07T03:13:54.502690+00:00,USDJPY-STD,cobra,24433879,H1,OUTSIDE_HOURS,OUTSIDE_HOURS,NONE,0,0.22171039224998673,0,,,,,,,,,,,,,,,,0.08,0.08,157.899,157.904,157.77,157.777,,,,,,,,,,,,,,,,,,,,,,,,,,,,,,,
2026-03-07T03:13:54.504906+00:00,EURUSD-STD,cobra,24433879,H1,OUTSIDE_HOURS,OUTSIDE_HOURS,NONE,0,0.00189586925773978,0,,,,,,,,,,,,,,,,0.00025,0.00025,1.16055,1.16175,1.16045,1.16155,,,,,,,,,,,,,,,,,,,,,,,,,,,,,,,
2026-03-07T03:13:54.505749+00:00,XAUUSD-STD,cobra,24433879,H1,OUTSIDE_HOURS,OUTSIDE_HOURS,NONE,0,28.167814097423577,0,,,,,,,,,,,,,,,,0.25,0.25,5153.29,5174.93,5150.9,5174.72,,,,,,,,,,,,,,,,,,,,,,,,,,,,,,,
2026-03-07T03:13:54.506537+00:00,USOUSD-STD,cobra,24433879,H1,OUTSIDE_HOURS,OUTSIDE_HOURS,NONE,0,1.6316696955416603,0,,,,,,,,,,,,,,,,0.032,0.032,90.756,91.581,90.646,91.396,,,,,,,,,,,,,,,,,,,,,,,,,,,,,,,
2026-03-07T03:23:58.229768+00:00,USDJPY-STD,cobra,24433879,H1,OUTSIDE_HOURS,OUTSIDE_HOURS,NONE,0,0.22171039224998673,0,,,,,,,,,,,,,,,,0.08,0.08,157.899,157.904,157.77,157.777,,,,,,,,,,,,,,,,,,,,,,,,,,,,,,,
2026-03-07T03:23:58.231549+00:00,EURUSD-STD,cobra,24433879,H1,OUTSIDE_HOURS,OUTSIDE_HOURS,NONE,0,0.00189586925773978,0,,,,,,,,,,,,,,,,0.00025,0.00025,1.16055,1.16175,1.16045,1.16155,,,,,,,,,,,,,,,,,,,,,,,,,,,,,,,
2026-03-07T03:23:58.237404+00:00,XAUUSD-STD,cobra,24433879,H1,OUTSIDE_HOURS,OUTSIDE_HOURS,NONE,0,28.167814097423577,0,,,,,,,,,,,,,,,,0.25,0.25,5153.29,5174.93,5150.9,5174.72,,,,,,,,,,,,,,,,,,,,,,,,,,,,,,,
2026-03-07T03:23:58.238654+00:00,USOUSD-STD,cobra,24433879,H1,OUTSIDE_HOURS,OUTSIDE_HOURS,NONE,0,1.6316696955416603,0,,,,,,,,,,,,,,,,0.032,0.032,90.756,91.581,90.646,91.396,,,,,,,,,,,,,,,,,,,,,,,,,,,,,,,
2026-03-07T03:34:01.957529+00:00,USDJPY-STD,cobra,24433879,H1,OUTSIDE_HOURS,OUTSIDE_HOURS,NONE,0,0.22171039224998673,0,,,,,,,,,,,,,,,,0.08,0.08,157.899,157.904,157.77,157.777,,,,,,,,,,,,,,,,,,,,,,,,,,,,,,,
2026-03-07T03:34:01.958934+00:00,EURUSD-STD,cobra,24433879,H1,OUTSIDE_HOURS,OUTSIDE_HOURS,NONE,0,0.00189586925773978,0,,,,,,,,,,,,,,,,0.00025,0.00025,1.16055,1.16175,1.16045,1.16155,,,,,,,,,,,,,,,,,,,,,,,,,,,,,,,
2026-03-07T03:34:01.960210+00:00,XAUUSD-STD,cobra,24433879,H1,OUTSIDE_HOURS,OUTSIDE_HOURS,NONE,0,28.167814097423577,0,,,,,,,,,,,,,,,,0.25,0.25,5153.29,5174.93,5150.9,5174.72,,,,,,,,,,,,,,,,,,,,,,,,,,,,,,,
2026-03-07T03:34:01.960796+00:00,USOUSD-STD,cobra,24433879,H1,OUTSIDE_HOURS,OUTSIDE_HOURS,NONE,0,1.6316696955416603,0,,,,,,,,,,,,,,,,0.032,0.032,90.756,91.581,90.646,91.396,,,,,,,,,,,,,,,,,,,,,,,,,,,,,,,
2026-03-07T03:44:05.511433+00:00,USDJPY-STD,cobra,24433879,H1,OUTSIDE_HOURS,OUTSIDE_HOURS,NONE,0,0.22171039224998673,0,,,,,,,,,,,,,,,,0.08,0.08,157.899,157.904,157.77,157.777,,,,,,,,,,,,,,,,,,,,,,,,,,,,,,,
2026-03-07T03:44:05.512757+00:00,EURUSD-STD,cobra,24433879,H1,OUTSIDE_HOURS,OUTSIDE_HOURS,NONE,0,0.00189586925773978,0,,,,,,,,,,,,,,,,0.00025,0.00025,1.16055,1.16175,1.16045,1.16155,,,,,,,,,,,,,,,,,,,,,,,,,,,,,,,
2026-03-07T03:44:05.514514+00:00,XAUUSD-STD,cobra,24433879,H1,OUTSIDE_HOURS,OUTSIDE_HOURS,NONE,0,28.167814097423577,0,,,,,,,,,,,,,,,,0.25,0.25,5153.29,5174.93,5150.9,5174.72,,,,,,,,,,,,,,,,,,,,,,,,,,,,,,,
2026-03-07T03:44:05.515539+00:00,USOUSD-STD,cobra,24433879,H1,OUTSIDE_HOURS,OUTSIDE_HOURS,NONE,0,1.6316696955416603,0,,,,,,,,,,,,,,,,0.032,0.032,90.756,91.581,90.646,91.396,,,,,,,,,,,,,,,,,,,,,,,,,,,,,,,
2026-03-07T03:54:09.541566+00:00,USDJPY-STD,cobra,24433879,H1,OUTSIDE_HOURS,OUTSIDE_HOURS,NONE,0,0.22171039224998673,0,,,,,,,,,,,,,,,,0.08,0.08,157.899,157.904,157.77,157.777,,,,,,,,,,,,,,,,,,,,,,,,,,,,,,,
2026-03-07T03:54:09.544094+00:00,EURUSD-STD,cobra,24433879,H1,OUTSIDE_HOURS,OUTSIDE_HOURS,NONE,0,0.00189586925773978,0,,,,,,,,,,,,,,,,0.00025,0.00025,1.16055,1.16175,1.16045,1.16155,,,,,,,,,,,,,,,,,,,,,,,,,,,,,,,
2026-03-07T03:54:09.545679+00:00,XAUUSD-STD,cobra,24433879,H1,OUTSIDE_HOURS,OUTSIDE_HOURS,NONE,0,28.167814097423577,0,,,,,,,,,,,,,,,,0.25,0.25,5153.29,5174.93,5150.9,5174.72,,,,,,,,,,,,,,,,,,,,,,,,,,,,,,,
2026-03-07T03:54:09.546560+00:00,USOUSD-STD,cobra,24433879,H1,OUTSIDE_HOURS,OUTSIDE_HOURS,NONE,0,1.6316696955416603,0,,,,,,,,,,,,,,,,0.032,0.032,90.756,91.581,90.646,91.396,,,,,,,,,,,,,,,,,,,,,,,,,,,,,,,
2026-03-07T03:55:27.406359+00:00,USDJPY-STD,cobra,24433879,H1,OUTSIDE_HOURS,OUTSIDE_HOURS,NONE,0,0.22171039224998673,0,,,,,,,,,,,,,,,,0.08,0.08,157.899,157.904,157.77,157.777,,,,,,,,,,,,,,,,,,,,,,,,,,,,,,,
2026-03-07T03:55:27.418097+00:00,EURUSD-STD,cobra,24433879,H1,OUTSIDE_HOURS,OUTSIDE_HOURS,NONE,0,0.00189586925773978,0,,,,,,,,,,,,,,,,0.00025,0.00025,1.16055,1.16175,1.16045,1.16155,,,,,,,,,,,,,,,,,,,,,,,,,,,,,,,
2026-03-07T03:55:27.418630+00:00,XAUUSD-STD,cobra,24433879,H1,OUTSIDE_HOURS,OUTSIDE_HOURS,NONE,0,28.167814097423577,0,,,,,,,,,,,,,,,,0.25,0.25,5153.29,5174.93,5150.9,5174.72,,,,,,,,,,,,,,,,,,,,,,,,,,,,,,,
2026-03-07T03:55:27.419426+00:00,USOUSD-STD,cobra,24433879,H1,OUTSIDE_HOURS,OUTSIDE_HOURS,NONE,0,1.6316696955416603,0,,,,,,,,,,,,,,,,0.032,0.032,90.756,91.581,90.646,91.396,,,,,,,,,,,,,,,,,,,,,,,,,,,,,,,
2026-03-07T04:04:13.134685+00:00,USDJPY-STD,cobra,24433879,H1,OUTSIDE_HOURS,OUTSIDE_HOURS,NONE,0,0.22171039224998673,0,,,,,,,,,,,,,,,,0.08,0.08,157.899,157.904,157.77,157.777,,,,,,,,,,,,,,,,,,,,,,,,,,,,,,,
2026-03-07T04:04:13.136728+00:00,EURUSD-STD,cobra,24433879,H1,OUTSIDE_HOURS,OUTSIDE_HOURS,NONE,0,0.00189586925773978,0,,,,,,,,,,,,,,,,0.00025,0.00025,1.16055,1.16175,1.16045,1.16155,,,,,,,,,,,,,,,,,,,,,,,,,,,,,,,
2026-03-07T04:04:13.138060+00:00,XAUUSD-STD,cobra,24433879,H1,OUTSIDE_HOURS,OUTSIDE_HOURS,NONE,0,28.167814097423577,0,,,,,,,,,,,,,,,,0.25,0.25,5153.29,5174.93,5150.9,5174.72,,,,,,,,,,,,,,,,,,,,,,,,,,,,,,,
2026-03-07T04:04:13.142501+00:00,USOUSD-STD,cobra,24433879,H1,OUTSIDE_HOURS,OUTSIDE_HOURS,NONE,0,1.6316696955416603,0,,,,,,,,,,,,,,,,0.032,0.032,90.756,91.581,90.646,91.396,,,,,,,,,,,,,,,,,,,,,,,,,,,,,,,
2026-03-07T04:05:31.111663+00:00,USDJPY-STD,cobra,24433879,H1,OUTSIDE_HOURS,OUTSIDE_HOURS,NONE,0,0.22171039224998673,0,,,,,,,,,,,,,,,,0.08,0.08,157.899,157.904,157.77,157.777,,,,,,,,,,,,,,,,,,,,,,,,,,,,,,,
2026-03-07T04:05:31.117578+00:00,EURUSD-STD,cobra,24433879,H1,OUTSIDE_HOURS,OUTSIDE_HOURS,NONE,0,0.00189586925773978,0,,,,,,,,,,,,,,,,0.00025,0.00025,1.16055,1.16175,1.16045,1.16155,,,,,,,,,,,,,,,,,,,,,,,,,,,,,,,
2026-03-07T04:05:31.118368+00:00,XAUUSD-STD,cobra,24433879,H1,OUTSIDE_HOURS,OUTSIDE_HOURS,NONE,0,28.167814097423577,0,,,,,,,,,,,,,,,,0.25,0.25,5153.29,5174.93,5150.9,5174.72,,,,,,,,,,,,,,,,,,,,,,,,,,,,,,,
2026-03-07T04:05:31.118988+00:00,USOUSD-STD,cobra,24433879,H1,OUTSIDE_HOURS,OUTSIDE_HOURS,NONE,0,1.6316696955416603,0,,,,,,,,,,,,,,,,0.032,0.032,90.756,91.581,90.646,91.396,,,,,,,,,,,,,,,,,,,,,,,,,,,,,,,
2026-03-07T04:14:16.976965+00:00,USDJPY-STD,cobra,24433879,H1,OUTSIDE_HOURS,OUTSIDE_HOURS,NONE,0,0.22171039224998673,0,,,,,,,,,,,,,,,,0.08,0.08,157.899,157.904,157.77,157.777,,,,,,,,,,,,,,,,,,,,,,,,,,,,,,,
2026-03-07T04:14:17.024998+00:00,EURUSD-STD,cobra,24433879,H1,OUTSIDE_HOURS,OUTSIDE_HOURS,NONE,0,0.00189586925773978,0,,,,,,,,,,,,,,,,0.00025,0.00025,1.16055,1.16175,1.16045,1.16155,,,,,,,,,,,,,,,,,,,,,,,,,,,,,,,
2026-03-07T04:14:17.028419+00:00,XAUUSD-STD,cobra,24433879,H1,OUTSIDE_HOURS,OUTSIDE_HOURS,NONE,0,28.167814097423577,0,,,,,,,,,,,,,,,,0.25,0.25,5153.29,5174.93,5150.9,5174.72,,,,,,,,,,,,,,,,,,,,,,,,,,,,,,,
2026-03-07T04:14:17.029195+00:00,USOUSD-STD,cobra,24433879,H1,OUTSIDE_HOURS,OUTSIDE_HOURS,NONE,0,1.6316696955416603,0,,,,,,,,,,,,,,,,0.032,0.032,90.756,91.581,90.646,91.396,,,,,,,,,,,,,,,,,,,,,,,,,,,,,,,
2026-03-07T04:15:35.026237+00:00,USDJPY-STD,cobra,24433879,H1,OUTSIDE_HOURS,OUTSIDE_HOURS,NONE,0,0.22171039224998673,0,,,,,,,,,,,,,,,,0.08,0.08,157.899,157.904,157.77,157.777,,,,,,,,,,,,,,,,,,,,,,,,,,,,,,,
2026-03-07T04:15:35.027102+00:00,EURUSD-STD,cobra,24433879,H1,OUTSIDE_HOURS,OUTSIDE_HOURS,NONE,0,0.00189586925773978,0,,,,,,,,,,,,,,,,0.00025,0.00025,1.16055,1.16175,1.16045,1.16155,,,,,,,,,,,,,,,,,,,,,,,,,,,,,,,
2026-03-07T04:15:35.027830+00:00,XAUUSD-STD,cobra,24433879,H1,OUTSIDE_HOURS,OUTSIDE_HOURS,NONE,0,28.167814097423577,0,,,,,,,,,,,,,,,,0.25,0.25,5153.29,5174.93,5150.9,5174.72,,,,,,,,,,,,,,,,,,,,,,,,,,,,,,,
2026-03-07T04:15:35.028466+00:00,USOUSD-STD,cobra,24433879,H1,OUTSIDE_HOURS,OUTSIDE_HOURS,NONE,0,1.6316696955416603,0,,,,,,,,,,,,,,,,0.032,0.032,90.756,91.581,90.646,91.396,,,,,,,,,,,,,,,,,,,,,,,,,,,,,,,
2026-03-07T04:24:21.208833+00:00,USDJPY-STD,cobra,24433879,H1,OUTSIDE_HOURS,OUTSIDE_HOURS,NONE,0,0.22171039224998673,0,,,,,,,,,,,,,,,,0.08,0.08,157.899,157.904,157.77,157.777,,,,,,,,,,,,,,,,,,,,,,,,,,,,,,,
2026-03-07T04:24:21.209617+00:00,EURUSD-STD,cobra,24433879,H1,OUTSIDE_HOURS,OUTSIDE_HOURS,NONE,0,0.00189586925773978,0,,,,,,,,,,,,,,,,0.00025,0.00025,1.16055,1.16175,1.16045,1.16155,,,,,,,,,,,,,,,,,,,,,,,,,,,,,,,
2026-03-07T04:24:21.210222+00:00,XAUUSD-STD,cobra,24433879,H1,OUTSIDE_HOURS,OUTSIDE_HOURS,NONE,0,28.167814097423577,0,,,,,,,,,,,,,,,,0.25,0.25,5153.29,5174.93,5150.9,5174.72,,,,,,,,,,,,,,,,,,,,,,,,,,,,,,,
2026-03-07T04:24:21.210807+00:00,USOUSD-STD,cobra,24433879,H1,OUTSIDE_HOURS,OUTSIDE_HOURS,NONE,0,1.6316696955416603,0,,,,,,,,,,,,,,,,0.032,0.032,90.756,91.581,90.646,91.396,,,,,,,,,,,,,,,,,,,,,,,,,,,,,,,
2026-03-07T04:25:39.368392+00:00,USDJPY-STD,cobra,24433879,H1,OUTSIDE_HOURS,OUTSIDE_HOURS,NONE,0,0.22171039224998673,0,,,,,,,,,,,,,,,,0.08,0.08,157.899,157.904,157.77,157.777,,,,,,,,,,,,,,,,,,,,,,,,,,,,,,,
2026-03-07T04:25:39.369403+00:00,EURUSD-STD,cobra,24433879,H1,OUTSIDE_HOURS,OUTSIDE_HOURS,NONE,0,0.00189586925773978,0,,,,,,,,,,,,,,,,0.00025,0.00025,1.16055,1.16175,1.16045,1.16155,,,,,,,,,,,,,,,,,,,,,,,,,,,,,,,
2026-03-07T04:25:39.372182+00:00,XAUUSD-STD,cobra,24433879,H1,OUTSIDE_HOURS,OUTSIDE_HOURS,NONE,0,28.167814097423577,0,,,,,,,,,,,,,,,,0.25,0.25,5153.29,5174.93,5150.9,5174.72,,,,,,,,,,,,,,,,,,,,,,,,,,,,,,,
2026-03-07T04:25:39.374956+00:00,USOUSD-STD,cobra,24433879,H1,OUTSIDE_HOURS,OUTSIDE_HOURS,NONE,0,1.6316696955416603,0,,,,,,,,,,,,,,,,0.032,0.032,90.756,91.581,90.646,91.396,,,,,,,,,,,,,,,,,,,,,,,,,,,,,,,
2026-03-07T04:34:25.147607+00:00,USDJPY-STD,cobra,24433879,H1,OUTSIDE_HOURS,OUTSIDE_HOURS,NONE,0,0.22171039224998673,0,,,,,,,,,,,,,,,,0.08,0.08,157.899,157.904,157.77,157.777,,,,,,,,,,,,,,,,,,,,,,,,,,,,,,,
2026-03-07T04:34:25.148842+00:00,EURUSD-STD,cobra,24433879,H1,OUTSIDE_HOURS,OUTSIDE_HOURS,NONE,0,0.00189586925773978,0,,,,,,,,,,,,,,,,0.00025,0.00025,1.16055,1.16175,1.16045,1.16155,,,,,,,,,,,,,,,,,,,,,,,,,,,,,,,
2026-03-07T04:34:25.150287+00:00,XAUUSD-STD,cobra,24433879,H1,OUTSIDE_HOURS,OUTSIDE_HOURS,NONE,0,28.167814097423577,0,,,,,,,,,,,,,,,,0.25,0.25,5153.29,5174.93,5150.9,5174.72,,,,,,,,,,,,,,,,,,,,,,,,,,,,,,,
2026-03-07T04:34:25.151335+00:00,USOUSD-STD,cobra,24433879,H1,OUTSIDE_HOURS,OUTSIDE_HOURS,NONE,0,1.6316696955416603,0,,,,,,,,,,,,,,,,0.032,0.032,90.756,91.581,90.646,91.396,,,,,,,,,,,,,,,,,,,,,,,,,,,,,,,
2026-03-07T04:35:43.326425+00:00,USDJPY-STD,cobra,24433879,H1,OUTSIDE_HOURS,OUTSIDE_HOURS,NONE,0,0.22171039224998673,0,,,,,,,,,,,,,,,,0.08,0.08,157.899,157.904,157.77,157.777,,,,,,,,,,,,,,,,,,,,,,,,,,,,,,,
2026-03-07T04:35:43.329368+00:00,EURUSD-STD,cobra,24433879,H1,OUTSIDE_HOURS,OUTSIDE_HOURS,NONE,0,0.00189586925773978,0,,,,,,,,,,,,,,,,0.00025,0.00025,1.16055,1.16175,1.16045,1.16155,,,,,,,,,,,,,,,,,,,,,,,,,,,,,,,
2026-03-07T04:35:43.330233+00:00,XAUUSD-STD,cobra,24433879,H1,OUTSIDE_HOURS,OUTSIDE_HOURS,NONE,0,28.167814097423577,0,,,,,,,,,,,,,,,,0.25,0.25,5153.29,5174.93,5150.9,5174.72,,,,,,,,,,,,,,,,,,,,,,,,,,,,,,,
2026-03-07T04:35:43.336151+00:00,USOUSD-STD,cobra,24433879,H1,OUTSIDE_HOURS,OUTSIDE_HOURS,NONE,0,1.6316696955416603,0,,,,,,,,,,,,,,,,0.032,0.032,90.756,91.581,90.646,91.396,,,,,,,,,,,,,,,,,,,,,,,,,,,,,,,
2026-03-07T04:44:29.102223+00:00,USDJPY-STD,cobra,24433879,H1,OUTSIDE_HOURS,OUTSIDE_HOURS,NONE,0,0.22171039224998673,0,,,,,,,,,,,,,,,,0.08,0.08,157.899,157.904,157.77,157.777,,,,,,,,,,,,,,,,,,,,,,,,,,,,,,,
2026-03-07T04:44:29.103201+00:00,EURUSD-STD,cobra,24433879,H1,OUTSIDE_HOURS,OUTSIDE_HOURS,NONE,0,0.00189586925773978,0,,,,,,,,,,,,,,,,0.00025,0.00025,1.16055,1.16175,1.16045,1.16155,,,,,,,,,,,,,,,,,,,,,,,,,,,,,,,
2026-03-07T04:44:29.103902+00:00,XAUUSD-STD,cobra,24433879,H1,OUTSIDE_HOURS,OUTSIDE_HOURS,NONE,0,28.167814097423577,0,,,,,,,,,,,,,,,,0.25,0.25,5153.29,5174.93,5150.9,5174.72,,,,,,,,,,,,,,,,,,,,,,,,,,,,,,,
2026-03-07T04:44:29.104863+00:00,USOUSD-STD,cobra,24433879,H1,OUTSIDE_HOURS,OUTSIDE_HOURS,NONE,0,1.6316696955416603,0,,,,,,,,,,,,,,,,0.032,0.032,90.756,91.581,90.646,91.396,,,,,,,,,,,,,,,,,,,,,,,,,,,,,,,
2026-03-07T04:45:47.473358+00:00,USDJPY-STD,cobra,24433879,H1,OUTSIDE_HOURS,OUTSIDE_HOURS,NONE,0,0.22171039224998673,0,,,,,,,,,,,,,,,,0.08,0.08,157.899,157.904,157.77,157.777,,,,,,,,,,,,,,,,,,,,,,,,,,,,,,,
2026-03-07T04:45:47.476727+00:00,EURUSD-STD,cobra,24433879,H1,OUTSIDE_HOURS,OUTSIDE_HOURS,NONE,0,0.00189586925773978,0,,,,,,,,,,,,,,,,0.00025,0.00025,1.16055,1.16175,1.16045,1.16155,,,,,,,,,,,,,,,,,,,,,,,,,,,,,,,
2026-03-07T04:45:47.483199+00:00,XAUUSD-STD,cobra,24433879,H1,OUTSIDE_HOURS,OUTSIDE_HOURS,NONE,0,28.167814097423577,0,,,,,,,,,,,,,,,,0.25,0.25,5153.29,5174.93,5150.9,5174.72,,,,,,,,,,,,,,,,,,,,,,,,,,,,,,,
2026-03-07T04:45:47.486150+00:00,USOUSD-STD,cobra,24433879,H1,OUTSIDE_HOURS,OUTSIDE_HOURS,NONE,0,1.6316696955416603,0,,,,,,,,,,,,,,,,0.032,0.032,90.756,91.581,90.646,91.396,,,,,,,,,,,,,,,,,,,,,,,,,,,,,,,
2026-03-07T04:54:33.409369+00:00,USDJPY-STD,cobra,24433879,H1,OUTSIDE_HOURS,OUTSIDE_HOURS,NONE,0,0.22171039224998673,0,,,,,,,,,,,,,,,,0.08,0.08,157.899,157.904,157.77,157.777,,,,,,,,,,,,,,,,,,,,,,,,,,,,,,,
2026-03-07T04:54:33.411710+00:00,EURUSD-STD,cobra,24433879,H1,OUTSIDE_HOURS,OUTSIDE_HOURS,NONE,0,0.00189586925773978,0,,,,,,,,,,,,,,,,0.00025,0.00025,1.16055,1.16175,1.16045,1.16155,,,,,,,,,,,,,,,,,,,,,,,,,,,,,,,
2026-03-07T04:54:33.413517+00:00,XAUUSD-STD,cobra,24433879,H1,OUTSIDE_HOURS,OUTSIDE_HOURS,NONE,0,28.167814097423577,0,,,,,,,,,,,,,,,,0.25,0.25,5153.29,5174.93,5150.9,5174.72,,,,,,,,,,,,,,,,,,,,,,,,,,,,,,,
2026-03-07T04:54:33.414720+00:00,USOUSD-STD,cobra,24433879,H1,OUTSIDE_HOURS,OUTSIDE_HOURS,NONE,0,1.6316696955416603,0,,,,,,,,,,,,,,,,0.032,0.032,90.756,91.581,90.646,91.396,,,,,,,,,,,,,,,,,,,,,,,,,,,,,,,
2026-03-07T04:55:51.631736+00:00,USDJPY-STD,cobra,24433879,H1,OUTSIDE_HOURS,OUTSIDE_HOURS,NONE,0,0.22171039224998673,0,,,,,,,,,,,,,,,,0.08,0.08,157.899,157.904,157.77,157.777,,,,,,,,,,,,,,,,,,,,,,,,,,,,,,,
2026-03-07T04:55:51.635020+00:00,EURUSD-STD,cobra,24433879,H1,OUTSIDE_HOURS,OUTSIDE_HOURS,NONE,0,0.00189586925773978,0,,,,,,,,,,,,,,,,0.00025,0.00025,1.16055,1.16175,1.16045,1.16155,,,,,,,,,,,,,,,,,,,,,,,,,,,,,,,
2026-03-07T04:55:51.635694+00:00,XAUUSD-STD,cobra,24433879,H1,OUTSIDE_HOURS,OUTSIDE_HOURS,NONE,0,28.167814097423577,0,,,,,,,,,,,,,,,,0.25,0.25,5153.29,5174.93,5150.9,5174.72,,,,,,,,,,,,,,,,,,,,,,,,,,,,,,,
2026-03-07T04:55:51.640444+00:00,USOUSD-STD,cobra,24433879,H1,OUTSIDE_HOURS,OUTSIDE_HOURS,NONE,0,1.6316696955416603,0,,,,,,,,,,,,,,,,0.032,0.032,90.756,91.581,90.646,91.396,,,,,,,,,,,,,,,,,,,,,,,,,,,,,,,
2026-03-07T05:01:34.679479+00:00,USDJPY-STD,cobra,24433879,H1,OUTSIDE_HOURS,OUTSIDE_HOURS,NONE,0,0.22171039224998673,0,,,,,,,,,,,,,,,,0.08,0.08,157.899,157.904,157.77,157.777,,,,,,,,,,,,,,,,,,,,,,,,,,,,,,,
2026-03-07T05:01:34.690376+00:00,EURUSD-STD,cobra,24433879,H1,OUTSIDE_HOURS,OUTSIDE_HOURS,NONE,0,0.00189586925773978,0,,,,,,,,,,,,,,,,0.00025,0.00025,1.16055,1.16175,1.16045,1.16155,,,,,,,,,,,,,,,,,,,,,,,,,,,,,,,
2026-03-07T05:01:34.691059+00:00,XAUUSD-STD,cobra,24433879,H1,OUTSIDE_HOURS,OUTSIDE_HOURS,NONE,0,28.167814097423577,0,,,,,,,,,,,,,,,,0.25,0.25,5153.29,5174.93,5150.9,5174.72,,,,,,,,,,,,,,,,,,,,,,,,,,,,,,,
2026-03-07T05:01:34.691811+00:00,USOUSD-STD,cobra,24433879,H1,OUTSIDE_HOURS,OUTSIDE_HOURS,NONE,0,1.6316696955416603,0,,,,,,,,,,,,,,,,0.032,0.032,90.756,91.581,90.646,91.396,,,,,,,,,,,,,,,,,,,,,,,,,,,,,,,
2026-03-07T05:11:38.410458+00:00,USDJPY-STD,cobra,24433879,H1,OUTSIDE_HOURS,OUTSIDE_HOURS,NONE,0,0.22171039224998673,0,,,,,,,,,,,,,,,,0.08,0.08,157.899,157.904,157.77,157.777,,,,,,,,,,,,,,,,,,,,,,,,,,,,,,,
2026-03-07T05:11:38.415763+00:00,EURUSD-STD,cobra,24433879,H1,OUTSIDE_HOURS,OUTSIDE_HOURS,NONE,0,0.00189586925773978,0,,,,,,,,,,,,,,,,0.00025,0.00025,1.16055,1.16175,1.16045,1.16155,,,,,,,,,,,,,,,,,,,,,,,,,,,,,,,
2026-03-07T05:11:38.419178+00:00,XAUUSD-STD,cobra,24433879,H1,OUTSIDE_HOURS,OUTSIDE_HOURS,NONE,0,28.167814097423577,0,,,,,,,,,,,,,,,,0.25,0.25,5153.29,5174.93,5150.9,5174.72,,,,,,,,,,,,,,,,,,,,,,,,,,,,,,,
2026-03-07T05:11:38.423588+00:00,USOUSD-STD,cobra,24433879,H1,OUTSIDE_HOURS,OUTSIDE_HOURS,NONE,0,1.6316696955416603,0,,,,,,,,,,,,,,,,0.032,0.032,90.756,91.581,90.646,91.396,,,,,,,,,,,,,,,,,,,,,,,,,,,,,,,
2026-03-07T05:21:42.879437+00:00,USDJPY-STD,cobra,24433879,H1,OUTSIDE_HOURS,OUTSIDE_HOURS,NONE,0,0.22171039224998673,0,,,,,,,,,,,,,,,,0.08,0.08,157.899,157.904,157.77,157.777,,,,,,,,,,,,,,,,,,,,,,,,,,,,,,,
2026-03-07T05:21:42.918769+00:00,EURUSD-STD,cobra,24433879,H1,OUTSIDE_HOURS,OUTSIDE_HOURS,NONE,0,0.00189586925773978,0,,,,,,,,,,,,,,,,0.00025,0.00025,1.16055,1.16175,1.16045,1.16155,,,,,,,,,,,,,,,,,,,,,,,,,,,,,,,
2026-03-07T05:21:42.944548+00:00,XAUUSD-STD,cobra,24433879,H1,OUTSIDE_HOURS,OUTSIDE_HOURS,NONE,0,28.167814097423577,0,,,,,,,,,,,,,,,,0.25,0.25,5153.29,5174.93,5150.9,5174.72,,,,,,,,,,,,,,,,,,,,,,,,,,,,,,,
2026-03-07T05:21:42.948742+00:00,USOUSD-STD,cobra,24433879,H1,OUTSIDE_HOURS,OUTSIDE_HOURS,NONE,0,1.6316696955416603,0,,,,,,,,,,,,,,,,0.032,0.032,90.756,91.581,90.646,91.396,,,,,,,,,,,,,,,,,,,,,,,,,,,,,,,
2026-03-07T05:31:46.686439+00:00,USDJPY-STD,cobra,24433879,H1,OUTSIDE_HOURS,OUTSIDE_HOURS,NONE,0,0.22171039224998673,0,,,,,,,,,,,,,,,,0.08,0.08,157.899,157.904,157.77,157.777,,,,,,,,,,,,,,,,,,,,,,,,,,,,,,,
2026-03-07T05:31:46.701742+00:00,EURUSD-STD,cobra,24433879,H1,OUTSIDE_HOURS,OUTSIDE_HOURS,NONE,0,0.00189586925773978,0,,,,,,,,,,,,,,,,0.00025,0.00025,1.16055,1.16175,1.16045,1.16155,,,,,,,,,,,,,,,,,,,,,,,,,,,,,,,
2026-03-07T05:31:46.708112+00:00,XAUUSD-STD,cobra,24433879,H1,OUTSIDE_HOURS,OUTSIDE_HOURS,NONE,0,28.167814097423577,0,,,,,,,,,,,,,,,,0.25,0.25,5153.29,5174.93,5150.9,5174.72,,,,,,,,,,,,,,,,,,,,,,,,,,,,,,,
2026-03-07T05:31:46.710429+00:00,USOUSD-STD,cobra,24433879,H1,OUTSIDE_HOURS,OUTSIDE_HOURS,NONE,0,1.6316696955416603,0,,,,,,,,,,,,,,,,0.032,0.032,90.756,91.581,90.646,91.396,,,,,,,,,,,,,,,,,,,,,,,,,,,,,,,
2026-03-07T05:41:50.286627+00:00,USDJPY-STD,cobra,24433879,H1,OUTSIDE_HOURS,OUTSIDE_HOURS,NONE,0,0.22171039224998673,0,,,,,,,,,,,,,,,,0.08,0.08,157.899,157.904,157.77,157.777,,,,,,,,,,,,,,,,,,,,,,,,,,,,,,,
2026-03-07T05:41:50.288577+00:00,EURUSD-STD,cobra,24433879,H1,OUTSIDE_HOURS,OUTSIDE_HOURS,NONE,0,0.00189586925773978,0,,,,,,,,,,,,,,,,0.00025,0.00025,1.16055,1.16175,1.16045,1.16155,,,,,,,,,,,,,,,,,,,,,,,,,,,,,,,
2026-03-07T05:41:50.292688+00:00,XAUUSD-STD,cobra,24433879,H1,OUTSIDE_HOURS,OUTSIDE_HOURS,NONE,0,28.167814097423577,0,,,,,,,,,,,,,,,,0.25,0.25,5153.29,5174.93,5150.9,5174.72,,,,,,,,,,,,,,,,,,,,,,,,,,,,,,,
2026-03-07T05:41:50.297143+00:00,USOUSD-STD,cobra,24433879,H1,OUTSIDE_HOURS,OUTSIDE_HOURS,NONE,0,1.6316696955416603,0,,,,,,,,,,,,,,,,0.032,0.032,90.756,91.581,90.646,91.396,,,,,,,,,,,,,,,,,,,,,,,,,,,,,,,
2026-03-07T05:51:54.007690+00:00,USDJPY-STD,cobra,24433879,H1,OUTSIDE_HOURS,OUTSIDE_HOURS,NONE,0,0.22171039224998673,0,,,,,,,,,,,,,,,,0.08,0.08,157.899,157.904,157.77,157.777,,,,,,,,,,,,,,,,,,,,,,,,,,,,,,,
2026-03-07T05:51:54.022093+00:00,EURUSD-STD,cobra,24433879,H1,OUTSIDE_HOURS,OUTSIDE_HOURS,NONE,0,0.00189586925773978,0,,,,,,,,,,,,,,,,0.00025,0.00025,1.16055,1.16175,1.16045,1.16155,,,,,,,,,,,,,,,,,,,,,,,,,,,,,,,
2026-03-07T05:51:54.024314+00:00,XAUUSD-STD,cobra,24433879,H1,OUTSIDE_HOURS,OUTSIDE_HOURS,NONE,0,28.167814097423577,0,,,,,,,,,,,,,,,,0.25,0.25,5153.29,5174.93,5150.9,5174.72,,,,,,,,,,,,,,,,,,,,,,,,,,,,,,,
2026-03-07T05:51:54.035505+00:00,USOUSD-STD,cobra,24433879,H1,OUTSIDE_HOURS,OUTSIDE_HOURS,NONE,0,1.6316696955416603,0,,,,,,,,,,,,,,,,0.032,0.032,90.756,91.581,90.646,91.396,,,,,,,,,,,,,,,,,,,,,,,,,,,,,,,
2026-03-07T06:01:57.863420+00:00,USDJPY-STD,cobra,24433879,H1,OUTSIDE_HOURS,OUTSIDE_HOURS,NONE,0,0.22171039224998673,0,,,,,,,,,,,,,,,,0.08,0.08,157.899,157.904,157.77,157.777,,,,,,,,,,,,,,,,,,,,,,,,,,,,,,,
2026-03-07T06:01:57.867672+00:00,EURUSD-STD,cobra,24433879,H1,OUTSIDE_HOURS,OUTSIDE_HOURS,NONE,0,0.00189586925773978,0,,,,,,,,,,,,,,,,0.00025,0.00025,1.16055,1.16175,1.16045,1.16155,,,,,,,,,,,,,,,,,,,,,,,,,,,,,,,
2026-03-07T06:01:57.869810+00:00,XAUUSD-STD,cobra,24433879,H1,OUTSIDE_HOURS,OUTSIDE_HOURS,NONE,0,28.167814097423577,0,,,,,,,,,,,,,,,,0.25,0.25,5153.29,5174.93,5150.9,5174.72,,,,,,,,,,,,,,,,,,,,,,,,,,,,,,,
2026-03-07T06:01:57.875616+00:00,USOUSD-STD,cobra,24433879,H1,OUTSIDE_HOURS,OUTSIDE_HOURS,NONE,0,1.6316696955416603,0,,,,,,,,,,,,,,,,0.032,0.032,90.756,91.581,90.646,91.396,,,,,,,,,,,,,,,,,,,,,,,,,,,,,,,
2026-03-07T06:12:01.481967+00:00,USDJPY-STD,cobra,24433879,H1,OUTSIDE_HOURS,OUTSIDE_HOURS,NONE,0,0.22171039224998673,0,,,,,,,,,,,,,,,,0.08,0.08,157.899,157.904,157.77,157.777,,,,,,,,,,,,,,,,,,,,,,,,,,,,,,,
2026-03-07T06:12:01.517786+00:00,EURUSD-STD,cobra,24433879,H1,OUTSIDE_HOURS,OUTSIDE_HOURS,NONE,0,0.00189586925773978,0,,,,,,,,,,,,,,,,0.00025,0.00025,1.16055,1.16175,1.16045,1.16155,,,,,,,,,,,,,,,,,,,,,,,,,,,,,,,
2026-03-07T06:12:01.554028+00:00,XAUUSD-STD,cobra,24433879,H1,OUTSIDE_HOURS,OUTSIDE_HOURS,NONE,0,28.167814097423577,0,,,,,,,,,,,,,,,,0.25,0.25,5153.29,5174.93,5150.9,5174.72,,,,,,,,,,,,,,,,,,,,,,,,,,,,,,,
2026-03-07T06:12:01.588928+00:00,USOUSD-STD,cobra,24433879,H1,OUTSIDE_HOURS,OUTSIDE_HOURS,NONE,0,1.6316696955416603,0,,,,,,,,,,,,,,,,0.032,0.032,90.756,91.581,90.646,91.396,,,,,,,,,,,,,,,,,,,,,,,,,,,,,,,
2026-03-07T06:22:05.317281+00:00,USDJPY-STD,cobra,24433879,H1,OUTSIDE_HOURS,OUTSIDE_HOURS,NONE,0,0.22171039224998673,0,,,,,,,,,,,,,,,,0.08,0.08,157.899,157.904,157.77,157.777,,,,,,,,,,,,,,,,,,,,,,,,,,,,,,,
2026-03-07T06:22:05.320391+00:00,EURUSD-STD,cobra,24433879,H1,OUTSIDE_HOURS,OUTSIDE_HOURS,NONE,0,0.00189586925773978,0,,,,,,,,,,,,,,,,0.00025,0.00025,1.16055,1.16175,1.16045,1.16155,,,,,,,,,,,,,,,,,,,,,,,,,,,,,,,
2026-03-07T06:22:05.326732+00:00,XAUUSD-STD,cobra,24433879,H1,OUTSIDE_HOURS,OUTSIDE_HOURS,NONE,0,28.167814097423577,0,,,,,,,,,,,,,,,,0.25,0.25,5153.29,5174.93,5150.9,5174.72,,,,,,,,,,,,,,,,,,,,,,,,,,,,,,,
2026-03-07T06:22:05.332852+00:00,USOUSD-STD,cobra,24433879,H1,OUTSIDE_HOURS,OUTSIDE_HOURS,NONE,0,1.6316696955416603,0,,,,,,,,,,,,,,,,0.032,0.032,90.756,91.581,90.646,91.396,,,,,,,,,,,,,,,,,,,,,,,,,,,,,,,
2026-03-07T06:32:08.951887+00:00,USDJPY-STD,cobra,24433879,H1,OUTSIDE_HOURS,OUTSIDE_HOURS,NONE,0,0.22171039224998673,0,,,,,,,,,,,,,,,,0.08,0.08,157.899,157.904,157.77,157.777,,,,,,,,,,,,,,,,,,,,,,,,,,,,,,,
2026-03-07T06:32:08.956296+00:00,EURUSD-STD,cobra,24433879,H1,OUTSIDE_HOURS,OUTSIDE_HOURS,NONE,0,0.00189586925773978,0,,,,,,,,,,,,,,,,0.00025,0.00025,1.16055,1.16175,1.16045,1.16155,,,,,,,,,,,,,,,,,,,,,,,,,,,,,,,
2026-03-07T06:32:08.962644+00:00,XAUUSD-STD,cobra,24433879,H1,OUTSIDE_HOURS,OUTSIDE_HOURS,NONE,0,28.167814097423577,0,,,,,,,,,,,,,,,,0.25,0.25,5153.29,5174.93,5150.9,5174.72,,,,,,,,,,,,,,,,,,,,,,,,,,,,,,,
2026-03-07T06:32:08.965341+00:00,USOUSD-STD,cobra,24433879,H1,OUTSIDE_HOURS,OUTSIDE_HOURS,NONE,0,1.6316696955416603,0,,,,,,,,,,,,,,,,0.032,0.032,90.756,91.581,90.646,91.396,,,,,,,,,,,,,,,,,,,,,,,,,,,,,,,
2026-03-07T06:42:12.688574+00:00,USDJPY-STD,cobra,24433879,H1,OUTSIDE_HOURS,OUTSIDE_HOURS,NONE,0,0.22171039224998673,0,,,,,,,,,,,,,,,,0.08,0.08,157.899,157.904,157.77,157.777,,,,,,,,,,,,,,,,,,,,,,,,,,,,,,,
2026-03-07T06:42:12.701227+00:00,EURUSD-STD,cobra,24433879,H1,OUTSIDE_HOURS,OUTSIDE_HOURS,NONE,0,0.00189586925773978,0,,,,,,,,,,,,,,,,0.00025,0.00025,1.16055,1.16175,1.16045,1.16155,,,,,,,,,,,,,,,,,,,,,,,,,,,,,,,
2026-03-07T06:42:12.708434+00:00,XAUUSD-STD,cobra,24433879,H1,OUTSIDE_HOURS,OUTSIDE_HOURS,NONE,0,28.167814097423577,0,,,,,,,,,,,,,,,,0.25,0.25,5153.29,5174.93,5150.9,5174.72,,,,,,,,,,,,,,,,,,,,,,,,,,,,,,,
2026-03-07T06:42:12.711078+00:00,USOUSD-STD,cobra,24433879,H1,OUTSIDE_HOURS,OUTSIDE_HOURS,NONE,0,1.6316696955416603,0,,,,,,,,,,,,,,,,0.032,0.032,90.756,91.581,90.646,91.396,,,,,,,,,,,,,,,,,,,,,,,,,,,,,,,
2026-03-07T06:52:16.381478+00:00,USDJPY-STD,cobra,24433879,H1,OUTSIDE_HOURS,OUTSIDE_HOURS,NONE,0,0.22171039224998673,0,,,,,,,,,,,,,,,,0.08,0.08,157.899,157.904,157.77,157.777,,,,,,,,,,,,,,,,,,,,,,,,,,,,,,,
2026-03-07T06:52:16.386295+00:00,EURUSD-STD,cobra,24433879,H1,OUTSIDE_HOURS,OUTSIDE_HOURS,NONE,0,0.00189586925773978,0,,,,,,,,,,,,,,,,0.00025,0.00025,1.16055,1.16175,1.16045,1.16155,,,,,,,,,,,,,,,,,,,,,,,,,,,,,,,
2026-03-07T06:52:16.389070+00:00,XAUUSD-STD,cobra,24433879,H1,OUTSIDE_HOURS,OUTSIDE_HOURS,NONE,0,28.167814097423577,0,,,,,,,,,,,,,,,,0.25,0.25,5153.29,5174.93,5150.9,5174.72,,,,,,,,,,,,,,,,,,,,,,,,,,,,,,,
2026-03-07T06:52:16.401112+00:00,USOUSD-STD,cobra,24433879,H1,OUTSIDE_HOURS,OUTSIDE_HOURS,NONE,0,1.6316696955416603,0,,,,,,,,,,,,,,,,0.032,0.032,90.756,91.581,90.646,91.396,,,,,,,,,,,,,,,,,,,,,,,,,,,,,,,
2026-03-07T07:02:20.189442+00:00,USDJPY-STD,cobra,24433879,H1,OUTSIDE_HOURS,OUTSIDE_HOURS,NONE,0,0.22171039224998673,0,,,,,,,,,,,,,,,,0.08,0.08,157.899,157.904,157.77,157.777,,,,,,,,,,,,,,,,,,,,,,,,,,,,,,,
2026-03-07T07:02:20.190948+00:00,EURUSD-STD,cobra,24433879,H1,OUTSIDE_HOURS,OUTSIDE_HOURS,NONE,0,0.00189586925773978,0,,,,,,,,,,,,,,,,0.00025,0.00025,1.16055,1.16175,1.16045,1.16155,,,,,,,,,,,,,,,,,,,,,,,,,,,,,,,
2026-03-07T07:02:20.194493+00:00,XAUUSD-STD,cobra,24433879,H1,OUTSIDE_HOURS,OUTSIDE_HOURS,NONE,0,28.167814097423577,0,,,,,,,,,,,,,,,,0.25,0.25,5153.29,5174.93,5150.9,5174.72,,,,,,,,,,,,,,,,,,,,,,,,,,,,,,,
2026-03-07T07:02:20.197888+00:00,USOUSD-STD,cobra,24433879,H1,OUTSIDE_HOURS,OUTSIDE_HOURS,NONE,0,1.6316696955416603,0,,,,,,,,,,,,,,,,0.032,0.032,90.756,91.581,90.646,91.396,,,,,,,,,,,,,,,,,,,,,,,,,,,,,,,
2026-03-07T07:12:23.936889+00:00,USDJPY-STD,cobra,24433879,H1,OUTSIDE_HOURS,OUTSIDE_HOURS,NONE,0,0.22171039224998673,0,,,,,,,,,,,,,,,,0.08,0.08,157.899,157.904,157.77,157.777,,,,,,,,,,,,,,,,,,,,,,,,,,,,,,,
2026-03-07T07:12:23.949056+00:00,EURUSD-STD,cobra,24433879,H1,OUTSIDE_HOURS,OUTSIDE_HOURS,NONE,0,0.00189586925773978,0,,,,,,,,,,,,,,,,0.00025,0.00025,1.16055,1.16175,1.16045,1.16155,,,,,,,,,,,,,,,,,,,,,,,,,,,,,,,
2026-03-07T07:12:23.951724+00:00,XAUUSD-STD,cobra,24433879,H1,OUTSIDE_HOURS,OUTSIDE_HOURS,NONE,0,28.167814097423577,0,,,,,,,,,,,,,,,,0.25,0.25,5153.29,5174.93,5150.9,5174.72,,,,,,,,,,,,,,,,,,,,,,,,,,,,,,,
2026-03-07T07:12:23.952560+00:00,USOUSD-STD,cobra,24433879,H1,OUTSIDE_HOURS,OUTSIDE_HOURS,NONE,0,1.6316696955416603,0,,,,,,,,,,,,,,,,0.032,0.032,90.756,91.581,90.646,91.396,,,,,,,,,,,,,,,,,,,,,,,,,,,,,,,
2026-03-07T07:22:27.608487+00:00,USDJPY-STD,cobra,24433879,H1,OUTSIDE_HOURS,OUTSIDE_HOURS,NONE,0,0.22171039224998673,0,,,,,,,,,,,,,,,,0.08,0.08,157.899,157.904,157.77,157.777,,,,,,,,,,,,,,,,,,,,,,,,,,,,,,,
2026-03-07T07:22:27.609612+00:00,EURUSD-STD,cobra,24433879,H1,OUTSIDE_HOURS,OUTSIDE_HOURS,NONE,0,0.00189586925773978,0,,,,,,,,,,,,,,,,0.00025,0.00025,1.16055,1.16175,1.16045,1.16155,,,,,,,,,,,,,,,,,,,,,,,,,,,,,,,
2026-03-07T07:22:27.613725+00:00,XAUUSD-STD,cobra,24433879,H1,OUTSIDE_HOURS,OUTSIDE_HOURS,NONE,0,28.167814097423577,0,,,,,,,,,,,,,,,,0.25,0.25,5153.29,5174.93,5150.9,5174.72,,,,,,,,,,,,,,,,,,,,,,,,,,,,,,,
2026-03-07T07:22:27.616194+00:00,USOUSD-STD,cobra,24433879,H1,OUTSIDE_HOURS,OUTSIDE_HOURS,NONE,0,1.6316696955416603,0,,,,,,,,,,,,,,,,0.032,0.032,90.756,91.581,90.646,91.396,,,,,,,,,,,,,,,,,,,,,,,,,,,,,,,
2026-03-07T07:32:31.233416+00:00,USDJPY-STD,cobra,24433879,H1,OUTSIDE_HOURS,OUTSIDE_HOURS,NONE,0,0.22171039224998673,0,,,,,,,,,,,,,,,,0.08,0.08,157.899,157.904,157.77,157.777,,,,,,,,,,,,,,,,,,,,,,,,,,,,,,,
2026-03-07T07:32:31.270631+00:00,EURUSD-STD,cobra,24433879,H1,OUTSIDE_HOURS,OUTSIDE_HOURS,NONE,0,0.00189586925773978,0,,,,,,,,,,,,,,,,0.00025,0.00025,1.16055,1.16175,1.16045,1.16155,,,,,,,,,,,,,,,,,,,,,,,,,,,,,,,
2026-03-07T07:32:31.297252+00:00,XAUUSD-STD,cobra,24433879,H1,OUTSIDE_HOURS,OUTSIDE_HOURS,NONE,0,28.167814097423577,0,,,,,,,,,,,,,,,,0.25,0.25,5153.29,5174.93,5150.9,5174.72,,,,,,,,,,,,,,,,,,,,,,,,,,,,,,,
2026-03-07T07:32:31.302985+00:00,USOUSD-STD,cobra,24433879,H1,OUTSIDE_HOURS,OUTSIDE_HOURS,NONE,0,1.6316696955416603,0,,,,,,,,,,,,,,,,0.032,0.032,90.756,91.581,90.646,91.396,,,,,,,,,,,,,,,,,,,,,,,,,,,,,,,
2026-03-07T07:42:35.105979+00:00,USDJPY-STD,cobra,24433879,H1,OUTSIDE_HOURS,OUTSIDE_HOURS,NONE,0,0.22171039224998673,0,,,,,,,,,,,,,,,,0.08,0.08,157.899,157.904,157.77,157.777,,,,,,,,,,,,,,,,,,,,,,,,,,,,,,,
2026-03-07T07:42:35.110310+00:00,EURUSD-STD,cobra,24433879,H1,OUTSIDE_HOURS,OUTSIDE_HOURS,NONE,0,0.00189586925773978,0,,,,,,,,,,,,,,,,0.00025,0.00025,1.16055,1.16175,1.16045,1.16155,,,,,,,,,,,,,,,,,,,,,,,,,,,,,,,
2026-03-07T07:42:35.115577+00:00,XAUUSD-STD,cobra,24433879,H1,OUTSIDE_HOURS,OUTSIDE_HOURS,NONE,0,28.167814097423577,0,,,,,,,,,,,,,,,,0.25,0.25,5153.29,5174.93,5150.9,5174.72,,,,,,,,,,,,,,,,,,,,,,,,,,,,,,,
2026-03-07T07:42:35.123974+00:00,USOUSD-STD,cobra,24433879,H1,OUTSIDE_HOURS,OUTSIDE_HOURS,NONE,0,1.6316696955416603,0,,,,,,,,,,,,,,,,0.032,0.032,90.756,91.581,90.646,91.396,,,,,,,,,,,,,,,,,,,,,,,,,,,,,,,
2026-03-07T07:52:38.754030+00:00,USDJPY-STD,cobra,24433879,H1,OUTSIDE_HOURS,OUTSIDE_HOURS,NONE,0,0.22171039224998673,0,,,,,,,,,,,,,,,,0.08,0.08,157.899,157.904,157.77,157.777,,,,,,,,,,,,,,,,,,,,,,,,,,,,,,,
2026-03-07T07:52:38.757206+00:00,EURUSD-STD,cobra,24433879,H1,OUTSIDE_HOURS,OUTSIDE_HOURS,NONE,0,0.00189586925773978,0,,,,,,,,,,,,,,,,0.00025,0.00025,1.16055,1.16175,1.16045,1.16155,,,,,,,,,,,,,,,,,,,,,,,,,,,,,,,
2026-03-07T07:52:38.805136+00:00,XAUUSD-STD,cobra,24433879,H1,OUTSIDE_HOURS,OUTSIDE_HOURS,NONE,0,28.167814097423577,0,,,,,,,,,,,,,,,,0.25,0.25,5153.29,5174.93,5150.9,5174.72,,,,,,,,,,,,,,,,,,,,,,,,,,,,,,,
2026-03-07T07:52:38.820444+00:00,USOUSD-STD,cobra,24433879,H1,OUTSIDE_HOURS,OUTSIDE_HOURS,NONE,0,1.6316696955416603,0,,,,,,,,,,,,,,,,0.032,0.032,90.756,91.581,90.646,91.396,,,,,,,,,,,,,,,,,,,,,,,,,,,,,,,
2026-03-07T08:02:42.504404+00:00,USDJPY-STD,cobra,24433879,H1,OUTSIDE_HOURS,OUTSIDE_HOURS,NONE,0,0.22171039224998673,0,,,,,,,,,,,,,,,,0.08,0.08,157.899,157.904,157.77,157.777,,,,,,,,,,,,,,,,,,,,,,,,,,,,,,,
2026-03-07T08:02:42.519251+00:00,EURUSD-STD,cobra,24433879,H1,OUTSIDE_HOURS,OUTSIDE_HOURS,NONE,0,0.00189586925773978,0,,,,,,,,,,,,,,,,0.00025,0.00025,1.16055,1.16175,1.16045,1.16155,,,,,,,,,,,,,,,,,,,,,,,,,,,,,,,
2026-03-07T08:02:42.521781+00:00,XAUUSD-STD,cobra,24433879,H1,OUTSIDE_HOURS,OUTSIDE_HOURS,NONE,0,28.167814097423577,0,,,,,,,,,,,,,,,,0.25,0.25,5153.29,5174.93,5150.9,5174.72,,,,,,,,,,,,,,,,,,,,,,,,,,,,,,,
2026-03-07T08:02:42.534000+00:00,USOUSD-STD,cobra,24433879,H1,OUTSIDE_HOURS,OUTSIDE_HOURS,NONE,0,1.6316696955416603,0,,,,,,,,,,,,,,,,0.032,0.032,90.756,91.581,90.646,91.396,,,,,,,,,,,,,,,,,,,,,,,,,,,,,,,
2026-03-07T08:12:46.169412+00:00,USDJPY-STD,cobra,24433879,H1,OUTSIDE_HOURS,OUTSIDE_HOURS,NONE,0,0.22171039224998673,0,,,,,,,,,,,,,,,,0.08,0.08,157.899,157.904,157.77,157.777,,,,,,,,,,,,,,,,,,,,,,,,,,,,,,,
2026-03-07T08:12:46.218464+00:00,EURUSD-STD,cobra,24433879,H1,OUTSIDE_HOURS,OUTSIDE_HOURS,NONE,0,0.00189586925773978,0,,,,,,,,,,,,,,,,0.00025,0.00025,1.16055,1.16175,1.16045,1.16155,,,,,,,,,,,,,,,,,,,,,,,,,,,,,,,
2026-03-07T08:12:46.238254+00:00,XAUUSD-STD,cobra,24433879,H1,OUTSIDE_HOURS,OUTSIDE_HOURS,NONE,0,28.167814097423577,0,,,,,,,,,,,,,,,,0.25,0.25,5153.29,5174.93,5150.9,5174.72,,,,,,,,,,,,,,,,,,,,,,,,,,,,,,,
2026-03-07T08:12:46.254622+00:00,USOUSD-STD,cobra,24433879,H1,OUTSIDE_HOURS,OUTSIDE_HOURS,NONE,0,1.6316696955416603,0,,,,,,,,,,,,,,,,0.032,0.032,90.756,91.581,90.646,91.396,,,,,,,,,,,,,,,,,,,,,,,,,,,,,,,
2026-03-07T08:22:49.830169+00:00,USDJPY-STD,cobra,24433879,H1,OUTSIDE_HOURS,OUTSIDE_HOURS,NONE,0,0.22171039224998673,0,,,,,,,,,,,,,,,,0.08,0.08,157.899,157.904,157.77,157.777,,,,,,,,,,,,,,,,,,,,,,,,,,,,,,,
2026-03-07T08:22:49.833851+00:00,EURUSD-STD,cobra,24433879,H1,OUTSIDE_HOURS,OUTSIDE_HOURS,NONE,0,0.00189586925773978,0,,,,,,,,,,,,,,,,0.00025,0.00025,1.16055,1.16175,1.16045,1.16155,,,,,,,,,,,,,,,,,,,,,,,,,,,,,,,
2026-03-07T08:22:49.841268+00:00,XAUUSD-STD,cobra,24433879,H1,OUTSIDE_HOURS,OUTSIDE_HOURS,NONE,0,28.167814097423577,0,,,,,,,,,,,,,,,,0.25,0.25,5153.29,5174.93,5150.9,5174.72,,,,,,,,,,,,,,,,,,,,,,,,,,,,,,,
2026-03-07T08:22:49.849114+00:00,USOUSD-STD,cobra,24433879,H1,OUTSIDE_HOURS,OUTSIDE_HOURS,NONE,0,1.6316696955416603,0,,,,,,,,,,,,,,,,0.032,0.032,90.756,91.581,90.646,91.396,,,,,,,,,,,,,,,,,,,,,,,,,,,,,,,
2026-03-07T08:32:53.572486+00:00,USDJPY-STD,cobra,24433879,H1,OUTSIDE_HOURS,OUTSIDE_HOURS,NONE,0,0.22171039224998673,0,,,,,,,,,,,,,,,,0.08,0.08,157.899,157.904,157.77,157.777,,,,,,,,,,,,,,,,,,,,,,,,,,,,,,,
2026-03-07T08:32:53.589878+00:00,EURUSD-STD,cobra,24433879,H1,OUTSIDE_HOURS,OUTSIDE_HOURS,NONE,0,0.00189586925773978,0,,,,,,,,,,,,,,,,0.00025,0.00025,1.16055,1.16175,1.16045,1.16155,,,,,,,,,,,,,,,,,,,,,,,,,,,,,,,
2026-03-07T08:32:53.592683+00:00,XAUUSD-STD,cobra,24433879,H1,OUTSIDE_HOURS,OUTSIDE_HOURS,NONE,0,28.167814097423577,0,,,,,,,,,,,,,,,,0.25,0.25,5153.29,5174.93,5150.9,5174.72,,,,,,,,,,,,,,,,,,,,,,,,,,,,,,,
2026-03-07T08:32:53.594826+00:00,USOUSD-STD,cobra,24433879,H1,OUTSIDE_HOURS,OUTSIDE_HOURS,NONE,0,1.6316696955416603,0,,,,,,,,,,,,,,,,0.032,0.032,90.756,91.581,90.646,91.396,,,,,,,,,,,,,,,,,,,,,,,,,,,,,,,
2026-03-07T08:42:57.291840+00:00,USDJPY-STD,cobra,24433879,H1,OUTSIDE_HOURS,OUTSIDE_HOURS,NONE,0,0.22171039224998673,0,,,,,,,,,,,,,,,,0.08,0.08,157.899,157.904,157.77,157.777,,,,,,,,,,,,,,,,,,,,,,,,,,,,,,,
2026-03-07T08:42:57.293708+00:00,EURUSD-STD,cobra,24433879,H1,OUTSIDE_HOURS,OUTSIDE_HOURS,NONE,0,0.00189586925773978,0,,,,,,,,,,,,,,,,0.00025,0.00025,1.16055,1.16175,1.16045,1.16155,,,,,,,,,,,,,,,,,,,,,,,,,,,,,,,
2026-03-07T08:42:57.296104+00:00,XAUUSD-STD,cobra,24433879,H1,OUTSIDE_HOURS,OUTSIDE_HOURS,NONE,0,28.167814097423577,0,,,,,,,,,,,,,,,,0.25,0.25,5153.29,5174.93,5150.9,5174.72,,,,,,,,,,,,,,,,,,,,,,,,,,,,,,,
2026-03-07T08:42:57.298525+00:00,USOUSD-STD,cobra,24433879,H1,OUTSIDE_HOURS,OUTSIDE_HOURS,NONE,0,1.6316696955416603,0,,,,,,,,,,,,,,,,0.032,0.032,90.756,91.581,90.646,91.396,,,,,,,,,,,,,,,,,,,,,,,,,,,,,,,
2026-03-07T08:53:00.999761+00:00,USDJPY-STD,cobra,24433879,H1,OUTSIDE_HOURS,OUTSIDE_HOURS,NONE,0,0.22171039224998673,0,,,,,,,,,,,,,,,,0.08,0.08,157.899,157.904,157.77,157.777,,,,,,,,,,,,,,,,,,,,,,,,,,,,,,,
2026-03-07T08:53:01.002149+00:00,EURUSD-STD,cobra,24433879,H1,OUTSIDE_HOURS,OUTSIDE_HOURS,NONE,0,0.00189586925773978,0,,,,,,,,,,,,,,,,0.00025,0.00025,1.16055,1.16175,1.16045,1.16155,,,,,,,,,,,,,,,,,,,,,,,,,,,,,,,
2026-03-07T08:53:01.004556+00:00,XAUUSD-STD,cobra,24433879,H1,OUTSIDE_HOURS,OUTSIDE_HOURS,NONE,0,28.167814097423577,0,,,,,,,,,,,,,,,,0.25,0.25,5153.29,5174.93,5150.9,5174.72,,,,,,,,,,,,,,,,,,,,,,,,,,,,,,,
2026-03-07T08:53:01.006992+00:00,USOUSD-STD,cobra,24433879,H1,OUTSIDE_HOURS,OUTSIDE_HOURS,NONE,0,1.6316696955416603,0,,,,,,,,,,,,,,,,0.032,0.032,90.756,91.581,90.646,91.396,,,,,,,,,,,,,,,,,,,,,,,,,,,,,,,
2026-03-07T09:03:04.825646+00:00,USDJPY-STD,cobra,24433879,H1,OUTSIDE_HOURS,OUTSIDE_HOURS,NONE,0,0.22171039224998673,0,,,,,,,,,,,,,,,,0.08,0.08,157.899,157.904,157.77,157.777,,,,,,,,,,,,,,,,,,,,,,,,,,,,,,,
2026-03-07T09:03:04.840631+00:00,EURUSD-STD,cobra,24433879,H1,OUTSIDE_HOURS,OUTSIDE_HOURS,NONE,0,0.00189586925773978,0,,,,,,,,,,,,,,,,0.00025,0.00025,1.16055,1.16175,1.16045,1.16155,,,,,,,,,,,,,,,,,,,,,,,,,,,,,,,
2026-03-07T09:03:04.842365+00:00,XAUUSD-STD,cobra,24433879,H1,OUTSIDE_HOURS,OUTSIDE_HOURS,NONE,0,28.167814097423577,0,,,,,,,,,,,,,,,,0.25,0.25,5153.29,5174.93,5150.9,5174.72,,,,,,,,,,,,,,,,,,,,,,,,,,,,,,,
2026-03-07T09:03:04.844669+00:00,USOUSD-STD,cobra,24433879,H1,OUTSIDE_HOURS,OUTSIDE_HOURS,NONE,0,1.6316696955416603,0,,,,,,,,,,,,,,,,0.032,0.032,90.756,91.581,90.646,91.396,,,,,,,,,,,,,,,,,,,,,,,,,,,,,,,
2026-03-07T09:13:08.476098+00:00,USDJPY-STD,cobra,24433879,H1,OUTSIDE_HOURS,OUTSIDE_HOURS,NONE,0,0.22171039224998673,0,,,,,,,,,,,,,,,,0.08,0.08,157.899,157.904,157.77,157.777,,,,,,,,,,,,,,,,,,,,,,,,,,,,,,,
2026-03-07T09:13:08.481848+00:00,EURUSD-STD,cobra,24433879,H1,OUTSIDE_HOURS,OUTSIDE_HOURS,NONE,0,0.00189586925773978,0,,,,,,,,,,,,,,,,0.00025,0.00025,1.16055,1.16175,1.16045,1.16155,,,,,,,,,,,,,,,,,,,,,,,,,,,,,,,
2026-03-07T09:13:08.498320+00:00,XAUUSD-STD,cobra,24433879,H1,OUTSIDE_HOURS,OUTSIDE_HOURS,NONE,0,28.167814097423577,0,,,,,,,,,,,,,,,,0.25,0.25,5153.29,5174.93,5150.9,5174.72,,,,,,,,,,,,,,,,,,,,,,,,,,,,,,,
2026-03-07T09:13:08.499787+00:00,USOUSD-STD,cobra,24433879,H1,OUTSIDE_HOURS,OUTSIDE_HOURS,NONE,0,1.6316696955416603,0,,,,,,,,,,,,,,,,0.032,0.032,90.756,91.581,90.646,91.396,,,,,,,,,,,,,,,,,,,,,,,,,,,,,,,
2026-03-07T09:23:12.197022+00:00,USDJPY-STD,cobra,24433879,H1,OUTSIDE_HOURS,OUTSIDE_HOURS,NONE,0,0.22171039224998673,0,,,,,,,,,,,,,,,,0.08,0.08,157.899,157.904,157.77,157.777,,,,,,,,,,,,,,,,,,,,,,,,,,,,,,,
2026-03-07T09:23:12.199718+00:00,EURUSD-STD,cobra,24433879,H1,OUTSIDE_HOURS,OUTSIDE_HOURS,NONE,0,0.00189586925773978,0,,,,,,,,,,,,,,,,0.00025,0.00025,1.16055,1.16175,1.16045,1.16155,,,,,,,,,,,,,,,,,,,,,,,,,,,,,,,
2026-03-07T09:23:12.201328+00:00,XAUUSD-STD,cobra,24433879,H1,OUTSIDE_HOURS,OUTSIDE_HOURS,NONE,0,28.167814097423577,0,,,,,,,,,,,,,,,,0.25,0.25,5153.29,5174.93,5150.9,5174.72,,,,,,,,,,,,,,,,,,,,,,,,,,,,,,,
2026-03-07T09:23:12.203245+00:00,USOUSD-STD,cobra,24433879,H1,OUTSIDE_HOURS,OUTSIDE_HOURS,NONE,0,1.6316696955416603,0,,,,,,,,,,,,,,,,0.032,0.032,90.756,91.581,90.646,91.396,,,,,,,,,,,,,,,,,,,,,,,,,,,,,,,
2026-03-07T09:33:15.782013+00:00,USDJPY-STD,cobra,24433879,H1,OUTSIDE_HOURS,OUTSIDE_HOURS,NONE,0,0.22171039224998673,0,,,,,,,,,,,,,,,,0.08,0.08,157.899,157.904,157.77,157.777,,,,,,,,,,,,,,,,,,,,,,,,,,,,,,,
2026-03-07T09:33:15.794238+00:00,EURUSD-STD,cobra,24433879,H1,OUTSIDE_HOURS,OUTSIDE_HOURS,NONE,0,0.00189586925773978,0,,,,,,,,,,,,,,,,0.00025,0.00025,1.16055,1.16175,1.16045,1.16155,,,,,,,,,,,,,,,,,,,,,,,,,,,,,,,
2026-03-07T09:33:15.802726+00:00,XAUUSD-STD,cobra,24433879,H1,OUTSIDE_HOURS,OUTSIDE_HOURS,NONE,0,28.167814097423577,0,,,,,,,,,,,,,,,,0.25,0.25,5153.29,5174.93,5150.9,5174.72,,,,,,,,,,,,,,,,,,,,,,,,,,,,,,,
2026-03-07T09:33:15.810060+00:00,USOUSD-STD,cobra,24433879,H1,OUTSIDE_HOURS,OUTSIDE_HOURS,NONE,0,1.6316696955416603,0,,,,,,,,,,,,,,,,0.032,0.032,90.756,91.581,90.646,91.396,,,,,,,,,,,,,,,,,,,,,,,,,,,,,,,
2026-03-07T09:43:19.554444+00:00,USDJPY-STD,cobra,24433879,H1,OUTSIDE_HOURS,OUTSIDE_HOURS,NONE,0,0.22171039224998673,0,,,,,,,,,,,,,,,,0.08,0.08,157.899,157.904,157.77,157.777,,,,,,,,,,,,,,,,,,,,,,,,,,,,,,,
2026-03-07T09:43:19.557916+00:00,EURUSD-STD,cobra,24433879,H1,OUTSIDE_HOURS,OUTSIDE_HOURS,NONE,0,0.00189586925773978,0,,,,,,,,,,,,,,,,0.00025,0.00025,1.16055,1.16175,1.16045,1.16155,,,,,,,,,,,,,,,,,,,,,,,,,,,,,,,
2026-03-07T09:43:19.560258+00:00,XAUUSD-STD,cobra,24433879,H1,OUTSIDE_HOURS,OUTSIDE_HOURS,NONE,0,28.167814097423577,0,,,,,,,,,,,,,,,,0.25,0.25,5153.29,5174.93,5150.9,5174.72,,,,,,,,,,,,,,,,,,,,,,,,,,,,,,,
2026-03-07T09:43:19.562947+00:00,USOUSD-STD,cobra,24433879,H1,OUTSIDE_HOURS,OUTSIDE_HOURS,NONE,0,1.6316696955416603,0,,,,,,,,,,,,,,,,0.032,0.032,90.756,91.581,90.646,91.396,,,,,,,,,,,,,,,,,,,,,,,,,,,,,,,
2026-03-07T09:53:23.098222+00:00,USDJPY-STD,cobra,24433879,H1,OUTSIDE_HOURS,OUTSIDE_HOURS,NONE,0,0.22171039224998673,0,,,,,,,,,,,,,,,,0.08,0.08,157.899,157.904,157.77,157.777,,,,,,,,,,,,,,,,,,,,,,,,,,,,,,,
2026-03-07T09:53:23.100952+00:00,EURUSD-STD,cobra,24433879,H1,OUTSIDE_HOURS,OUTSIDE_HOURS,NONE,0,0.00189586925773978,0,,,,,,,,,,,,,,,,0.00025,0.00025,1.16055,1.16175,1.16045,1.16155,,,,,,,,,,,,,,,,,,,,,,,,,,,,,,,
2026-03-07T09:53:23.103238+00:00,XAUUSD-STD,cobra,24433879,H1,OUTSIDE_HOURS,OUTSIDE_HOURS,NONE,0,28.167814097423577,0,,,,,,,,,,,,,,,,0.25,0.25,5153.29,5174.93,5150.9,5174.72,,,,,,,,,,,,,,,,,,,,,,,,,,,,,,,
2026-03-07T09:53:23.105477+00:00,USOUSD-STD,cobra,24433879,H1,OUTSIDE_HOURS,OUTSIDE_HOURS,NONE,0,1.6316696955416603,0,,,,,,,,,,,,,,,,0.032,0.032,90.756,91.581,90.646,91.396,,,,,,,,,,,,,,,,,,,,,,,,,,,,,,,
2026-03-07T10:03:26.679188+00:00,USDJPY-STD,cobra,24433879,H1,OUTSIDE_HOURS,OUTSIDE_HOURS,NONE,0,0.22171039224998673,0,,,,,,,,,,,,,,,,0.08,0.08,157.899,157.904,157.77,157.777,,,,,,,,,,,,,,,,,,,,,,,,,,,,,,,
2026-03-07T10:03:26.698028+00:00,EURUSD-STD,cobra,24433879,H1,OUTSIDE_HOURS,OUTSIDE_HOURS,NONE,0,0.00189586925773978,0,,,,,,,,,,,,,,,,0.00025,0.00025,1.16055,1.16175,1.16045,1.16155,,,,,,,,,,,,,,,,,,,,,,,,,,,,,,,
2026-03-07T10:03:26.715126+00:00,XAUUSD-STD,cobra,24433879,H1,OUTSIDE_HOURS,OUTSIDE_HOURS,NONE,0,28.167814097423577,0,,,,,,,,,,,,,,,,0.25,0.25,5153.29,5174.93,5150.9,5174.72,,,,,,,,,,,,,,,,,,,,,,,,,,,,,,,
2026-03-07T10:03:26.721840+00:00,USOUSD-STD,cobra,24433879,H1,OUTSIDE_HOURS,OUTSIDE_HOURS,NONE,0,1.6316696955416603,0,,,,,,,,,,,,,,,,0.032,0.032,90.756,91.581,90.646,91.396,,,,,,,,,,,,,,,,,,,,,,,,,,,,,,,
2026-03-07T10:13:30.374344+00:00,USDJPY-STD,cobra,24433879,H1,OUTSIDE_HOURS,OUTSIDE_HOURS,NONE,0,0.22171039224998673,0,,,,,,,,,,,,,,,,0.08,0.08,157.899,157.904,157.77,157.777,,,,,,,,,,,,,,,,,,,,,,,,,,,,,,,
2026-03-07T10:13:30.379769+00:00,EURUSD-STD,cobra,24433879,H1,OUTSIDE_HOURS,OUTSIDE_HOURS,NONE,0,0.00189586925773978,0,,,,,,,,,,,,,,,,0.00025,0.00025,1.16055,1.16175,1.16045,1.16155,,,,,,,,,,,,,,,,,,,,,,,,,,,,,,,
2026-03-07T10:13:30.384959+00:00,XAUUSD-STD,cobra,24433879,H1,OUTSIDE_HOURS,OUTSIDE_HOURS,NONE,0,28.167814097423577,0,,,,,,,,,,,,,,,,0.25,0.25,5153.29,5174.93,5150.9,5174.72,,,,,,,,,,,,,,,,,,,,,,,,,,,,,,,
2026-03-07T10:13:30.397864+00:00,USOUSD-STD,cobra,24433879,H1,OUTSIDE_HOURS,OUTSIDE_HOURS,NONE,0,1.6316696955416603,0,,,,,,,,,,,,,,,,0.032,0.032,90.756,91.581,90.646,91.396,,,,,,,,,,,,,,,,,,,,,,,,,,,,,,,
2026-03-07T10:23:34.051542+00:00,USDJPY-STD,cobra,24433879,H1,OUTSIDE_HOURS,OUTSIDE_HOURS,NONE,0,0.22171039224998673,0,,,,,,,,,,,,,,,,0.08,0.08,157.899,157.904,157.77,157.777,,,,,,,,,,,,,,,,,,,,,,,,,,,,,,,
2026-03-07T10:23:34.064596+00:00,EURUSD-STD,cobra,24433879,H1,OUTSIDE_HOURS,OUTSIDE_HOURS,NONE,0,0.00189586925773978,0,,,,,,,,,,,,,,,,0.00025,0.00025,1.16055,1.16175,1.16045,1.16155,,,,,,,,,,,,,,,,,,,,,,,,,,,,,,,
2026-03-07T10:23:34.077861+00:00,XAUUSD-STD,cobra,24433879,H1,OUTSIDE_HOURS,OUTSIDE_HOURS,NONE,0,28.167814097423577,0,,,,,,,,,,,,,,,,0.25,0.25,5153.29,5174.93,5150.9,5174.72,,,,,,,,,,,,,,,,,,,,,,,,,,,,,,,
2026-03-07T10:23:34.078981+00:00,USOUSD-STD,cobra,24433879,H1,OUTSIDE_HOURS,OUTSIDE_HOURS,NONE,0,1.6316696955416603,0,,,,,,,,,,,,,,,,0.032,0.032,90.756,91.581,90.646,91.396,,,,,,,,,,,,,,,,,,,,,,,,,,,,,,,
2026-03-07T10:33:37.922136+00:00,USDJPY-STD,cobra,24433879,H1,OUTSIDE_HOURS,OUTSIDE_HOURS,NONE,0,0.22171039224998673,0,,,,,,,,,,,,,,,,0.08,0.08,157.899,157.904,157.77,157.777,,,,,,,,,,,,,,,,,,,,,,,,,,,,,,,
2026-03-07T10:33:37.925756+00:00,EURUSD-STD,cobra,24433879,H1,OUTSIDE_HOURS,OUTSIDE_HOURS,NONE,0,0.00189586925773978,0,,,,,,,,,,,,,,,,0.00025,0.00025,1.16055,1.16175,1.16045,1.16155,,,,,,,,,,,,,,,,,,,,,,,,,,,,,,,
2026-03-07T10:33:37.932632+00:00,XAUUSD-STD,cobra,24433879,H1,OUTSIDE_HOURS,OUTSIDE_HOURS,NONE,0,28.167814097423577,0,,,,,,,,,,,,,,,,0.25,0.25,5153.29,5174.93,5150.9,5174.72,,,,,,,,,,,,,,,,,,,,,,,,,,,,,,,
2026-03-07T10:33:37.934464+00:00,USOUSD-STD,cobra,24433879,H1,OUTSIDE_HOURS,OUTSIDE_HOURS,NONE,0,1.6316696955416603,0,,,,,,,,,,,,,,,,0.032,0.032,90.756,91.581,90.646,91.396,,,,,,,,,,,,,,,,,,,,,,,,,,,,,,,
2026-03-07T10:43:41.571203+00:00,USDJPY-STD,cobra,24433879,H1,OUTSIDE_HOURS,OUTSIDE_HOURS,NONE,0,0.22171039224998673,0,,,,,,,,,,,,,,,,0.08,0.08,157.899,157.904,157.77,157.777,,,,,,,,,,,,,,,,,,,,,,,,,,,,,,,
2026-03-07T10:43:41.584813+00:00,EURUSD-STD,cobra,24433879,H1,OUTSIDE_HOURS,OUTSIDE_HOURS,NONE,0,0.00189586925773978,0,,,,,,,,,,,,,,,,0.00025,0.00025,1.16055,1.16175,1.16045,1.16155,,,,,,,,,,,,,,,,,,,,,,,,,,,,,,,
2026-03-07T10:43:41.591256+00:00,XAUUSD-STD,cobra,24433879,H1,OUTSIDE_HOURS,OUTSIDE_HOURS,NONE,0,28.167814097423577,0,,,,,,,,,,,,,,,,0.25,0.25,5153.29,5174.93,5150.9,5174.72,,,,,,,,,,,,,,,,,,,,,,,,,,,,,,,
2026-03-07T10:43:41.592247+00:00,USOUSD-STD,cobra,24433879,H1,OUTSIDE_HOURS,OUTSIDE_HOURS,NONE,0,1.6316696955416603,0,,,,,,,,,,,,,,,,0.032,0.032,90.756,91.581,90.646,91.396,,,,,,,,,,,,,,,,,,,,,,,,,,,,,,,
2026-03-07T10:53:45.511897+00:00,USDJPY-STD,cobra,24433879,H1,OUTSIDE_HOURS,OUTSIDE_HOURS,NONE,0,0.22171039224998673,0,,,,,,,,,,,,,,,,0.08,0.08,157.899,157.904,157.77,157.777,,,,,,,,,,,,,,,,,,,,,,,,,,,,,,,
2026-03-07T10:53:45.529517+00:00,EURUSD-STD,cobra,24433879,H1,OUTSIDE_HOURS,OUTSIDE_HOURS,NONE,0,0.00189586925773978,0,,,,,,,,,,,,,,,,0.00025,0.00025,1.16055,1.16175,1.16045,1.16155,,,,,,,,,,,,,,,,,,,,,,,,,,,,,,,
2026-03-07T10:53:45.532547+00:00,XAUUSD-STD,cobra,24433879,H1,OUTSIDE_HOURS,OUTSIDE_HOURS,NONE,0,28.167814097423577,0,,,,,,,,,,,,,,,,0.25,0.25,5153.29,5174.93,5150.9,5174.72,,,,,,,,,,,,,,,,,,,,,,,,,,,,,,,
2026-03-07T10:53:45.533795+00:00,USOUSD-STD,cobra,24433879,H1,OUTSIDE_HOURS,OUTSIDE_HOURS,NONE,0,1.6316696955416603,0,,,,,,,,,,,,,,,,0.032,0.032,90.756,91.581,90.646,91.396,,,,,,,,,,,,,,,,,,,,,,,,,,,,,,,
2026-03-07T11:03:49.382301+00:00,USDJPY-STD,cobra,24433879,H1,OUTSIDE_HOURS,OUTSIDE_HOURS,NONE,0,0.22171039224998673,0,,,,,,,,,,,,,,,,0.08,0.08,157.899,157.904,157.77,157.777,,,,,,,,,,,,,,,,,,,,,,,,,,,,,,,
2026-03-07T11:03:49.384025+00:00,EURUSD-STD,cobra,24433879,H1,OUTSIDE_HOURS,OUTSIDE_HOURS,NONE,0,0.00189586925773978,0,,,,,,,,,,,,,,,,0.00025,0.00025,1.16055,1.16175,1.16045,1.16155,,,,,,,,,,,,,,,,,,,,,,,,,,,,,,,
2026-03-07T11:03:49.385749+00:00,XAUUSD-STD,cobra,24433879,H1,OUTSIDE_HOURS,OUTSIDE_HOURS,NONE,0,28.167814097423577,0,,,,,,,,,,,,,,,,0.25,0.25,5153.29,5174.93,5150.9,5174.72,,,,,,,,,,,,,,,,,,,,,,,,,,,,,,,
2026-03-07T11:03:49.405609+00:00,USOUSD-STD,cobra,24433879,H1,OUTSIDE_HOURS,OUTSIDE_HOURS,NONE,0,1.6316696955416603,0,,,,,,,,,,,,,,,,0.032,0.032,90.756,91.581,90.646,91.396,,,,,,,,,,,,,,,,,,,,,,,,,,,,,,,
2026-03-07T11:13:53.249943+00:00,USDJPY-STD,cobra,24433879,H1,OUTSIDE_HOURS,OUTSIDE_HOURS,NONE,0,0.22171039224998673,0,,,,,,,,,,,,,,,,0.08,0.08,157.899,157.904,157.77,157.777,,,,,,,,,,,,,,,,,,,,,,,,,,,,,,,
2026-03-07T11:13:53.254764+00:00,EURUSD-STD,cobra,24433879,H1,OUTSIDE_HOURS,OUTSIDE_HOURS,NONE,0,0.00189586925773978,0,,,,,,,,,,,,,,,,0.00025,0.00025,1.16055,1.16175,1.16045,1.16155,,,,,,,,,,,,,,,,,,,,,,,,,,,,,,,
2026-03-07T11:13:53.260677+00:00,XAUUSD-STD,cobra,24433879,H1,OUTSIDE_HOURS,OUTSIDE_HOURS,NONE,0,28.167814097423577,0,,,,,,,,,,,,,,,,0.25,0.25,5153.29,5174.93,5150.9,5174.72,,,,,,,,,,,,,,,,,,,,,,,,,,,,,,,
2026-03-07T11:13:53.261649+00:00,USOUSD-STD,cobra,24433879,H1,OUTSIDE_HOURS,OUTSIDE_HOURS,NONE,0,1.6316696955416603,0,,,,,,,,,,,,,,,,0.032,0.032,90.756,91.581,90.646,91.396,,,,,,,,,,,,,,,,,,,,,,,,,,,,,,,
2026-03-07T11:14:53.700169+00:00,BTCUSD,cobra,24433879,H1,HOLD,HOLD,NONE,0,426.51477220742464,0,,,,,,,,,,,,,,,,17.01,17.01,67877.31,68162.62,67837.29,68145.93,,,,,,,,69297.17820389853,67766.47,0.2604364660691771,,,,,,none,True,,,,,,,,,,,,,,no_pattern_at_sr
2026-03-07T11:15:54.042282+00:00,BTCUSD,cobra,24433879,H1,HOLD,HOLD,NONE,0,431.01977220742515,0,,,,,,,,,,,,,,,,17.02,17.02,67877.31,68225.69,67837.29,68202.07,,,,,,,,69297.17820389853,67766.47,0.25771439540027713,,,,,,none,True,,,,,,,,,,,,,,no_pattern_at_sr
2026-03-07T11:16:54.369488+00:00,BTCUSD,cobra,24433879,H1,HOLD,HOLD,NONE,0,431.01977220742515,0,,,,,,,,,,,,,,,,17.08,17.08,67877.31,68225.69,67837.29,68167.15,,,,,,,,69297.17820389853,67766.47,0.25771439540027713,,,,,,none,True,,,,,,,,,,,,,,no_pattern_at_sr
2026-03-07T11:17:54.694614+00:00,BTCUSD,cobra,24433879,H1,HOLD,HOLD,NONE,0,431.01977220742515,0,,,,,,,,,,,,,,,,17.01,17.01,67877.31,68225.69,67837.29,68138.26,,,,,,,,69297.17820389853,67766.47,0.25771439540027713,,,,,,none,True,,,,,,,,,,,,,,no_pattern_at_sr
2026-03-07T11:18:55.059202+00:00,BTCUSD,cobra,24433879,H1,HOLD,HOLD,NONE,0,431.01977220742515,0,,,,,,,,,,,,,,,,16.98,16.98,67877.31,68225.69,67837.29,68136.72,,,,,,,,69297.17820389853,67766.47,0.25771439540027713,,,,,,none,True,,,,,,,,,,,,,,no_pattern_at_sr
2026-03-07T11:19:55.373216+00:00,BTCUSD,cobra,24433879,H1,HOLD,HOLD,NONE,0,431.01977220742515,0,,,,,,,,,,,,,,,,16.94,16.94,67877.31,68225.69,67837.29,68170.11,,,,,,,,69297.17820389853,67766.47,0.25771439540027713,,,,,,none,True,,,,,,,,,,,,,,no_pattern_at_sr
2026-03-07T11:20:55.756594+00:00,BTCUSD,cobra,24433879,H1,HOLD,HOLD,NONE,0,431.01977220742515,0,,,,,,,,,,,,,,,,17.05,17.05,67877.31,68225.69,67837.29,68197.03,,,,,,,,69297.17820389853,67766.47,0.25771439540027713,,,,,,none,True,,,,,,,,,,,,,,no_pattern_at_sr
2026-03-07T11:21:56.108469+00:00,BTCUSD,cobra,24433879,H1,HOLD,HOLD,NONE,0,431.01977220742515,0,,,,,,,,,,,,,,,,17.06,17.06,67877.31,68225.69,67837.29,68165.77,,,,,,,,69297.17820389853,67766.47,0.25771439540027713,,,,,,none,True,,,,,,,,,,,,,,no_pattern_at_sr
2026-03-07T11:22:56.447138+00:00,BTCUSD,cobra,24433879,H1,HOLD,HOLD,NONE,0,431.01977220742515,0,,,,,,,,,,,,,,,,17.02,17.02,67877.31,68225.69,67837.29,68188.36,,,,,,,,69297.17820389853,67766.47,0.25771439540027713,,,,,,none,True,,,,,,,,,,,,,,no_pattern_at_sr
2026-03-07T11:23:56.883103+00:00,BTCUSD,cobra,24433879,H1,HOLD,HOLD,NONE,0,431.01977220742515,0,,,,,,,,,,,,,,,,16.99,16.99,67877.31,68225.69,67837.29,68142.76,,,,,,,,69297.17820389853,67766.47,0.25771439540027713,,,,,,none,True,,,,,,,,,,,,,,no_pattern_at_sr
2026-03-07T11:23:56.883579+00:00,USDJPY-STD,cobra,24433879,H1,OUTSIDE_HOURS,OUTSIDE_HOURS,NONE,0,0.22171039224998673,0,,,,,,,,,,,,,,,,0.08,0.08,157.899,157.904,157.77,157.777,,,,,,,,,,,,,,,,,,,,,,,,,,,,,,,
2026-03-07T11:23:56.884161+00:00,EURUSD-STD,cobra,24433879,H1,OUTSIDE_HOURS,OUTSIDE_HOURS,NONE,0,0.00189586925773978,0,,,,,,,,,,,,,,,,0.00025,0.00025,1.16055,1.16175,1.16045,1.16155,,,,,,,,,,,,,,,,,,,,,,,,,,,,,,,
2026-03-07T11:23:56.885134+00:00,XAUUSD-STD,cobra,24433879,H1,OUTSIDE_HOURS,OUTSIDE_HOURS,NONE,0,28.167814097423577,0,,,,,,,,,,,,,,,,0.25,0.25,5153.29,5174.93,5150.9,5174.72,,,,,,,,,,,,,,,,,,,,,,,,,,,,,,,
2026-03-07T11:23:56.886001+00:00,USOUSD-STD,cobra,24433879,H1,OUTSIDE_HOURS,OUTSIDE_HOURS,NONE,0,1.6316696955416603,0,,,,,,,,,,,,,,,,0.032,0.032,90.756,91.581,90.646,91.396,,,,,,,,,,,,,,,,,,,,,,,,,,,,,,,
2026-03-07T11:24:57.321552+00:00,BTCUSD,cobra,24433879,H1,HOLD,HOLD,NONE,0,431.01977220742515,0,,,,,,,,,,,,,,,,16.99,16.99,67877.31,68225.69,67837.29,68118.53,,,,,,,,69297.17820389853,67766.47,0.25771439540027713,,,,,,none,True,,,,,,,,,,,,,,no_pattern_at_sr
2026-03-07T11:25:57.713390+00:00,BTCUSD,cobra,24433879,H1,HOLD,HOLD,NONE,0,431.01977220742515,0,,,,,,,,,,,,,,,,17.11,17.11,67877.31,68225.69,67837.29,68133.3,,,,,,,,69297.17820389853,67766.47,0.25771439540027713,,,,,,none,True,,,,,,,,,,,,,,no_pattern_at_sr
2026-03-07T11:26:58.029027+00:00,BTCUSD,cobra,24433879,H1,HOLD,HOLD,NONE,0,431.01977220742515,0,,,,,,,,,,,,,,,,17.01,17.01,67877.31,68225.69,67837.29,68119.45,,,,,,,,69297.17820389853,67766.47,0.25771439540027713,,,,,,none,True,,,,,,,,,,,,,,no_pattern_at_sr
2026-03-07T11:27:58.388714+00:00,BTCUSD,cobra,24433879,H1,HOLD,HOLD,NONE,0,431.01977220742515,0,,,,,,,,,,,,,,,,17.07,17.07,67877.31,68225.69,67837.29,68098.0,,,,,,,,69297.17820389853,67766.47,0.25771439540027713,,,,,,none,True,,,,,,,,,,,,,,no_pattern_at_sr
2026-03-07T11:28:58.752945+00:00,BTCUSD,cobra,24433879,H1,HOLD,HOLD,NONE,0,431.01977220742515,0,,,,,,,,,,,,,,,,17.06,17.06,67877.31,68225.69,67837.29,68117.87,,,,,,,,69297.17820389853,67766.47,0.25771439540027713,,,,,,none,True,,,,,,,,,,,,,,no_pattern_at_sr
2026-03-07T11:29:59.117458+00:00,BTCUSD,cobra,24433879,H1,HOLD,HOLD,NONE,0,431.01977220742515,0,,,,,,,,,,,,,,,,16.98,16.98,67877.31,68225.69,67837.29,68138.81,,,,,,,,69297.17820389853,67766.47,0.25771439540027713,,,,,,none,True,,,,,,,,,,,,,,no_pattern_at_sr
2026-03-07T11:30:59.457963+00:00,BTCUSD,cobra,24433879,H1,HOLD,HOLD,NONE,0,431.01977220742515,0,,,,,,,,,,,,,,,,17.02,17.02,67877.31,68225.69,67837.29,68119.98,,,,,,,,69297.17820389853,67766.47,0.25771439540027713,,,,,,none,True,,,,,,,,,,,,,,no_pattern_at_sr
2026-03-07T11:31:59.790696+00:00,BTCUSD,cobra,24433879,H1,HOLD,HOLD,NONE,0,431.01977220742515,0,,,,,,,,,,,,,,,,17.03,17.03,67877.31,68225.69,67837.29,68141.53,,,,,,,,69297.17820389853,67766.47,0.25771439540027713,,,,,,none,True,,,,,,,,,,,,,,no_pattern_at_sr
2026-03-07T11:33:00.132987+00:00,BTCUSD,cobra,24433879,H1,HOLD,HOLD,NONE,0,431.01977220742515,0,,,,,,,,,,,,,,,,17.06,17.06,67877.31,68225.69,67837.29,68099.79,,,,,,,,69297.17820389853,67766.47,0.25771439540027713,,,,,,none,True,,,,,,,,,,,,,,no_pattern_at_sr
2026-03-07T11:34:00.491062+00:00,BTCUSD,cobra,24433879,H1,HOLD,HOLD,NONE,0,431.01977220742515,0,,,,,,,,,,,,,,,,17.06,17.06,67877.31,68225.69,67837.29,68103.8,,,,,,,,69297.17820389853,67766.47,0.25771439540027713,,,,,,none,True,,,,,,,,,,,,,,no_pattern_at_sr
2026-03-07T11:34:00.491616+00:00,USDJPY-STD,cobra,24433879,H1,OUTSIDE_HOURS,OUTSIDE_HOURS,NONE,0,0.22171039224998673,0,,,,,,,,,,,,,,,,0.08,0.08,157.899,157.904,157.77,157.777,,,,,,,,,,,,,,,,,,,,,,,,,,,,,,,
2026-03-07T11:34:00.492158+00:00,EURUSD-STD,cobra,24433879,H1,OUTSIDE_HOURS,OUTSIDE_HOURS,NONE,0,0.00189586925773978,0,,,,,,,,,,,,,,,,0.00025,0.00025,1.16055,1.16175,1.16045,1.16155,,,,,,,,,,,,,,,,,,,,,,,,,,,,,,,
2026-03-07T11:34:00.492673+00:00,XAUUSD-STD,cobra,24433879,H1,OUTSIDE_HOURS,OUTSIDE_HOURS,NONE,0,28.167814097423577,0,,,,,,,,,,,,,,,,0.25,0.25,5153.29,5174.93,5150.9,5174.72,,,,,,,,,,,,,,,,,,,,,,,,,,,,,,,
2026-03-07T11:34:00.493293+00:00,USOUSD-STD,cobra,24433879,H1,OUTSIDE_HOURS,OUTSIDE_HOURS,NONE,0,1.6316696955416603,0,,,,,,,,,,,,,,,,0.032,0.032,90.756,91.581,90.646,91.396,,,,,,,,,,,,,,,,,,,,,,,,,,,,,,,
2026-03-07T11:35:01.100289+00:00,BTCUSD,cobra,24433879,H1,HOLD,HOLD,NONE,0,431.01977220742515,0,,,,,,,,,,,,,,,,17.08,17.08,67877.31,68225.69,67837.29,68100.09,,,,,,,,69297.17820389853,67766.47,0.25771439540027713,,,,,,none,True,,,,,,,,,,,,,,no_pattern_at_sr
2026-03-07T11:36:01.462950+00:00,BTCUSD,cobra,24433879,H1,HOLD,HOLD,NONE,0,431.01977220742515,0,,,,,,,,,,,,,,,,17.02,17.02,67877.31,68225.69,67837.29,68090.6,,,,,,,,69297.17820389853,67766.47,0.25771439540027713,,,,,,none,True,,,,,,,,,,,,,,no_pattern_at_sr
2026-03-07T11:37:01.791517+00:00,BTCUSD,cobra,24433879,H1,HOLD,HOLD,NONE,0,431.01977220742515,0,,,,,,,,,,,,,,,,17.0,17.0,67877.31,68225.69,67837.29,68094.41,,,,,,,,69297.17820389853,67766.47,0.25771439540027713,,,,,,none,True,,,,,,,,,,,,,,no_pattern_at_sr
2026-03-07T11:38:02.127718+00:00,BTCUSD,cobra,24433879,H1,HOLD,HOLD,NONE,0,431.01977220742515,0,,,,,,,,,,,,,,,,17.1,17.1,67877.31,68225.69,67837.29,68105.56,,,,,,,,69297.17820389853,67766.47,0.25771439540027713,,,,,,none,True,,,,,,,,,,,,,,no_pattern_at_sr
2026-03-07T11:39:02.465832+00:00,BTCUSD,cobra,24433879,H1,HOLD,HOLD,NONE,0,431.01977220742515,0,,,,,,,,,,,,,,,,17.01,17.01,67877.31,68225.69,67837.29,68089.47,,,,,,,,69297.17820389853,67766.47,0.25771439540027713,,,,,,none,True,,,,,,,,,,,,,,no_pattern_at_sr
2026-03-07T11:40:02.808841+00:00,BTCUSD,cobra,24433879,H1,HOLD,HOLD,NONE,0,431.01977220742515,0,,,,,,,,,,,,,,,,17.0,17.0,67877.31,68225.69,67837.29,68095.55,,,,,,,,69297.17820389853,67766.47,0.25771439540027713,,,,,,none,True,,,,,,,,,,,,,,no_pattern_at_sr
2026-03-07T11:41:03.159134+00:00,BTCUSD,cobra,24433879,H1,HOLD,HOLD,NONE,0,431.01977220742515,0,,,,,,,,,,,,,,,,17.11,17.11,67877.31,68225.69,67837.29,68075.42,,,,,,,,69297.17820389853,67766.47,0.25771439540027713,,,,,,none,True,,,,,,,,,,,,,,no_pattern_at_sr
2026-03-07T11:42:03.541596+00:00,BTCUSD,cobra,24433879,H1,HOLD,HOLD,NONE,0,431.01977220742515,0,,,,,,,,,,,,,,,,17.05,17.05,67877.31,68225.69,67837.29,68066.22,,,,,,,,69297.17820389853,67766.47,0.25771439540027713,,,,,,none,True,,,,,,,,,,,,,,no_pattern_at_sr
2026-03-07T11:43:03.941563+00:00,BTCUSD,cobra,24433879,H1,HOLD,HOLD,NONE,0,431.01977220742515,0,,,,,,,,,,,,,,,,16.97,16.97,67877.31,68225.69,67837.29,68083.48,,,,,,,,69297.17820389853,67766.47,0.25771439540027713,,,,,,none,True,,,,,,,,,,,,,,no_pattern_at_sr
2026-03-07T11:44:04.312162+00:00,BTCUSD,cobra,24433879,H1,HOLD,HOLD,NONE,0,431.01977220742515,0,,,,,,,,,,,,,,,,17.07,17.07,67877.31,68225.69,67837.29,68081.44,,,,,,,,69297.17820389853,67766.47,0.25771439540027713,,,,,,none,True,,,,,,,,,,,,,,no_pattern_at_sr
2026-03-07T11:44:04.312676+00:00,USDJPY-STD,cobra,24433879,H1,OUTSIDE_HOURS,OUTSIDE_HOURS,NONE,0,0.22171039224998673,0,,,,,,,,,,,,,,,,0.08,0.08,157.899,157.904,157.77,157.777,,,,,,,,,,,,,,,,,,,,,,,,,,,,,,,
2026-03-07T11:44:04.313182+00:00,EURUSD-STD,cobra,24433879,H1,OUTSIDE_HOURS,OUTSIDE_HOURS,NONE,0,0.00189586925773978,0,,,,,,,,,,,,,,,,0.00025,0.00025,1.16055,1.16175,1.16045,1.16155,,,,,,,,,,,,,,,,,,,,,,,,,,,,,,,
2026-03-07T11:44:04.313807+00:00,XAUUSD-STD,cobra,24433879,H1,OUTSIDE_HOURS,OUTSIDE_HOURS,NONE,0,28.167814097423577,0,,,,,,,,,,,,,,,,0.25,0.25,5153.29,5174.93,5150.9,5174.72,,,,,,,,,,,,,,,,,,,,,,,,,,,,,,,
2026-03-07T11:44:04.315058+00:00,USOUSD-STD,cobra,24433879,H1,OUTSIDE_HOURS,OUTSIDE_HOURS,NONE,0,1.6316696955416603,0,,,,,,,,,,,,,,,,0.032,0.032,90.756,91.581,90.646,91.396,,,,,,,,,,,,,,,,,,,,,,,,,,,,,,,
2026-03-07T11:45:04.646129+00:00,BTCUSD,cobra,24433879,H1,HOLD,HOLD,NONE,0,431.01977220742515,0,,,,,,,,,,,,,,,,16.94,16.94,67877.31,68225.69,67837.29,68100.91,,,,,,,,69297.17820389853,67766.47,0.25771439540027713,,,,,,none,True,,,,,,,,,,,,,,no_pattern_at_sr
2026-03-07T11:46:04.982283+00:00,BTCUSD,cobra,24433879,H1,HOLD,HOLD,NONE,0,431.01977220742515,0,,,,,,,,,,,,,,,,16.99,16.99,67877.31,68225.69,67837.29,68073.44,,,,,,,,69297.17820389853,67766.47,0.25771439540027713,,,,,,none,True,,,,,,,,,,,,,,no_pattern_at_sr
2026-03-07T11:47:05.466185+00:00,BTCUSD,cobra,24433879,H1,HOLD,HOLD,NONE,0,431.01977220742515,0,,,,,,,,,,,,,,,,16.95,16.95,67877.31,68225.69,67837.29,68072.12,,,,,,,,69297.17820389853,67766.47,0.25771439540027713,,,,,,none,True,,,,,,,,,,,,,,no_pattern_at_sr
2026-03-07T11:48:05.946252+00:00,BTCUSD,cobra,24433879,H1,HOLD,HOLD,NONE,0,431.01977220742515,0,,,,,,,,,,,,,,,,17.01,17.01,67877.31,68225.69,67837.29,68072.79,,,,,,,,69297.17820389853,67766.47,0.25771439540027713,,,,,,none,True,,,,,,,,,,,,,,no_pattern_at_sr
2026-03-07T11:49:06.359883+00:00,BTCUSD,cobra,24433879,H1,HOLD,HOLD,NONE,0,431.01977220742515,0,,,,,,,,,,,,,,,,16.99,16.99,67877.31,68225.69,67837.29,68061.56,,,,,,,,69297.17820389853,67766.47,0.25771439540027713,,,,,,none,True,,,,,,,,,,,,,,no_pattern_at_sr
2026-03-07T11:50:06.782806+00:00,BTCUSD,cobra,24433879,H1,HOLD,HOLD,NONE,0,431.01977220742515,0,,,,,,,,,,,,,,,,17.03,17.03,67877.31,68225.69,67837.29,68055.85,,,,,,,,69297.17820389853,67766.47,0.25771439540027713,,,,,,none,True,,,,,,,,,,,,,,no_pattern_at_sr
2026-03-07T11:51:07.124080+00:00,BTCUSD,cobra,24433879,H1,HOLD,HOLD,NONE,0,431.01977220742515,0,,,,,,,,,,,,,,,,16.97,16.97,67877.31,68225.69,67837.29,68053.45,,,,,,,,69297.17820389853,67766.47,0.25771439540027713,,,,,,none,True,,,,,,,,,,,,,,no_pattern_at_sr
2026-03-07T11:52:07.449819+00:00,BTCUSD,cobra,24433879,H1,HOLD,HOLD,NONE,0,431.01977220742515,0,,,,,,,,,,,,,,,,17.04,17.04,67877.31,68225.69,67837.29,68034.17,,,,,,,,69297.17820389853,67766.47,0.25771439540027713,,,,,,none,True,,,,,,,,,,,,,,no_pattern_at_sr
2026-03-07T11:53:07.813663+00:00,BTCUSD,cobra,24433879,H1,HOLD,HOLD,NONE,0,431.01977220742515,0,,,,,,,,,,,,,,,,17.1,17.1,67877.31,68225.69,67837.29,68063.66,,,,,,,,69297.17820389853,67766.47,0.25771439540027713,,,,,,none,True,,,,,,,,,,,,,,no_pattern_at_sr
2026-03-07T11:54:08.154876+00:00,BTCUSD,cobra,24433879,H1,HOLD,HOLD,NONE,0,431.01977220742515,0,,,,,,,,,,,,,,,,17.09,17.09,67877.31,68225.69,67837.29,68073.41,,,,,,,,69297.17820389853,67766.47,0.25771439540027713,,,,,,none,True,,,,,,,,,,,,,,no_pattern_at_sr
2026-03-07T11:54:08.155279+00:00,USDJPY-STD,cobra,24433879,H1,OUTSIDE_HOURS,OUTSIDE_HOURS,NONE,0,0.22171039224998673,0,,,,,,,,,,,,,,,,0.08,0.08,157.899,157.904,157.77,157.777,,,,,,,,,,,,,,,,,,,,,,,,,,,,,,,
2026-03-07T11:54:08.155766+00:00,EURUSD-STD,cobra,24433879,H1,OUTSIDE_HOURS,OUTSIDE_HOURS,NONE,0,0.00189586925773978,0,,,,,,,,,,,,,,,,0.00025,0.00025,1.16055,1.16175,1.16045,1.16155,,,,,,,,,,,,,,,,,,,,,,,,,,,,,,,
2026-03-07T11:54:08.156394+00:00,XAUUSD-STD,cobra,24433879,H1,OUTSIDE_HOURS,OUTSIDE_HOURS,NONE,0,28.167814097423577,0,,,,,,,,,,,,,,,,0.25,0.25,5153.29,5174.93,5150.9,5174.72,,,,,,,,,,,,,,,,,,,,,,,,,,,,,,,
2026-03-07T11:54:08.157690+00:00,USOUSD-STD,cobra,24433879,H1,OUTSIDE_HOURS,OUTSIDE_HOURS,NONE,0,1.6316696955416603,0,,,,,,,,,,,,,,,,0.032,0.032,90.756,91.581,90.646,91.396,,,,,,,,,,,,,,,,,,,,,,,,,,,,,,,
2026-03-07T11:55:08.514433+00:00,BTCUSD,cobra,24433879,H1,HOLD,HOLD,NONE,0,431.01977220742515,0,,,,,,,,,,,,,,,,16.98,16.98,67877.31,68225.69,67837.29,68047.8,,,,,,,,69297.17820389853,67766.47,0.25771439540027713,,,,,,none,True,,,,,,,,,,,,,,no_pattern_at_sr
2026-03-07T11:56:08.857789+00:00,BTCUSD,cobra,24433879,H1,HOLD,HOLD,NONE,0,431.01977220742515,0,,,,,,,,,,,,,,,,17.01,17.01,67877.31,68225.69,67837.29,68054.58,,,,,,,,69297.17820389853,67766.47,0.25771439540027713,,,,,,none,True,,,,,,,,,,,,,,no_pattern_at_sr
2026-03-07T11:57:09.212444+00:00,BTCUSD,cobra,24433879,H1,HOLD,HOLD,NONE,0,431.01977220742515,0,,,,,,,,,,,,,,,,17.06,17.06,67877.31,68225.69,67837.29,68050.97,,,,,,,,69297.17820389853,67766.47,0.25771439540027713,,,,,,none,True,,,,,,,,,,,,,,no_pattern_at_sr
2026-03-07T11:58:09.539225+00:00,BTCUSD,cobra,24433879,H1,HOLD,HOLD,NONE,0,431.01977220742515,0,,,,,,,,,,,,,,,,16.98,16.98,67877.31,68225.69,67837.29,68035.36,,,,,,,,69297.17820389853,67766.47,0.25771439540027713,,,,,,none,True,,,,,,,,,,,,,,no_pattern_at_sr
2026-03-07T11:59:09.874534+00:00,BTCUSD,cobra,24433879,H1,HOLD,HOLD,NONE,0,431.01977220742515,0,,,,,,,,,,,,,,,,17.05,17.05,67877.31,68225.69,67837.29,68012.12,,,,,,,,69297.17820389853,67766.47,0.25771439540027713,,,,,,none,True,,,,,,,,,,,,,,no_pattern_at_sr
2026-03-07T12:00:10.194589+00:00,BTCUSD,cobra,24433879,H1,HOLD,HOLD,NONE,0,400.8219342332528,0,,,,,,,,,,,,,,,,17.1,17.1,68001.58,68001.58,67993.33,67998.91,,,,,,,,69246.34492249027,68098.27333333333,0.24390714425434618,,,,,,none,True,,,,,,,,,,,,,,no_pattern_at_sr
2026-03-07T12:01:10.525319+00:00,BTCUSD,cobra,24433879,H1,HOLD,HOLD,NONE,0,401.21693423325274,0,,,,,,,,,,,,,,,,17.09,17.09,68001.58,68007.11,67993.33,67999.09,,,,,,,,69246.34492249027,68098.27333333333,0.24366701649861083,,,,,,none,True,,,,,,,,,,,,,,no_pattern_at_sr
2026-03-07T12:02:10.848330+00:00,BTCUSD,cobra,24433879,H1,HOLD,HOLD,NONE,0,401.21693423325274,0,,,,,,,,,,,,,,,,17.08,17.08,68001.58,68007.11,67993.33,67998.19,,,,,,,,69246.34492249027,68098.27333333333,0.24366701649861083,,,,,,none,True,,,,,,,,,,,,,,no_pattern_at_sr
2026-03-07T12:03:11.209014+00:00,BTCUSD,cobra,24433879,H1,HOLD,HOLD,NONE,0,401.5169342332525,0,,,,,,,,,,,,,,,,16.95,16.95,68001.58,68011.31,67993.33,68009.69,,,,,,,,69246.34492249027,68098.27333333333,0.24348495666821007,,,,,,none,True,,,,,,,,,,,,,,no_pattern_at_sr
2026-03-07T12:04:11.561087+00:00,BTCUSD,cobra,24433879,H1,HOLD,HOLD,NONE,0,404.7105056618244,0,,,,,,,,,,,,,,,,16.94,16.94,68001.58,68056.02,67993.33,68053.42,,,,,,,,69246.34492249027,68098.27333333333,0.24156361637675638,,,,,,none,True,,,,,,,,,,,,,,no_pattern_at_sr
2026-03-07T12:04:11.561632+00:00,USDJPY-STD,cobra,24433879,H1,OUTSIDE_HOURS,OUTSIDE_HOURS,NONE,0,0.22171039224998673,0,,,,,,,,,,,,,,,,0.08,0.08,157.899,157.904,157.77,157.777,,,,,,,,,,,,,,,,,,,,,,,,,,,,,,,
2026-03-07T12:04:11.562286+00:00,EURUSD-STD,cobra,24433879,H1,OUTSIDE_HOURS,OUTSIDE_HOURS,NONE,0,0.00189586925773978,0,,,,,,,,,,,,,,,,0.00025,0.00025,1.16055,1.16175,1.16045,1.16155,,,,,,,,,,,,,,,,,,,,,,,,,,,,,,,
2026-03-07T12:04:11.562984+00:00,XAUUSD-STD,cobra,24433879,H1,OUTSIDE_HOURS,OUTSIDE_HOURS,NONE,0,28.167814097423577,0,,,,,,,,,,,,,,,,0.25,0.25,5153.29,5174.93,5150.9,5174.72,,,,,,,,,,,,,,,,,,,,,,,,,,,,,,,
2026-03-07T12:04:11.564059+00:00,USOUSD-STD,cobra,24433879,H1,OUTSIDE_HOURS,OUTSIDE_HOURS,NONE,0,1.6316696955416603,0,,,,,,,,,,,,,,,,0.032,0.032,90.756,91.581,90.646,91.396,,,,,,,,,,,,,,,,,,,,,,,,,,,,,,,
2026-03-07T12:05:11.892781+00:00,BTCUSD,cobra,24433879,H1,HOLD,HOLD,NONE,0,406.3019342332529,0,,,,,,,,,,,,,,,,17.1,17.1,68001.58,68078.3,67993.33,68076.71,,,,,,,,69246.34492249027,68098.27333333333,0.2406174450481728,,,,,,none,True,,,,,,,,,,,,,,no_pattern_at_sr
2026-03-07T12:06:12.267591+00:00,BTCUSD,cobra,24433879,H1,HOLD,HOLD,NONE,0,406.3019342332529,0,,,,,,,,,,,,,,,,17.11,17.11,68001.58,68078.3,67993.33,68014.07,,,,,,,,69246.34492249027,68098.27333333333,0.2406174450481728,,,,,,none,True,,,,,,,,,,,,,,no_pattern_at_sr
2026-03-07T12:07:12.665353+00:00,BTCUSD,cobra,24433879,H1,HOLD,HOLD,NONE,0,406.3019342332529,0,,,,,,,,,,,,,,,,16.99,16.99,68001.58,68078.3,67993.33,68029.78,,,,,,,,69246.34492249027,68098.27333333333,0.2406174450481728,,,,,,none,True,,,,,,,,,,,,,,no_pattern_at_sr
2026-03-07T12:08:13.000323+00:00,BTCUSD,cobra,24433879,H1,HOLD,HOLD,NONE,0,406.79193423325296,0,,,,,,,,,,,,,,,,17.01,17.01,68001.58,68078.3,67986.47,67986.47,,,,,,,,69246.34492249027,68098.27333333333,0.2403276100289612,,,,,,none,True,,,,,,,,,,,,,,no_pattern_at_sr
2026-03-07T12:09:01.199453+00:00,BTCUSD,cobra,24433879,H1,HOLD,HOLD,NONE,0,408.22264851896716,0,,,,,,,,,,,,,,,,16.97,16.97,68001.58,68078.3,67966.44,67984.23,,,,,,,,69246.34492249027,67918.78857142858,0.2001883748192316,,,,,,none,True,,,,,,,,,,,,,,no_pattern_at_sr
2026-03-07T12:09:01.214677+00:00,USDJPY-STD,cobra,24433879,H1,OUTSIDE_HOURS,OUTSIDE_HOURS,NONE,0,0.22171039224998673,0,,,,,,,,,,,,,,,,0.08,0.08,157.899,157.904,157.77,157.777,,,,,,,,,,,,,,,,,,,,,,,,,,,,,,,
2026-03-07T12:09:01.215871+00:00,EURUSD-STD,cobra,24433879,H1,OUTSIDE_HOURS,OUTSIDE_HOURS,NONE,0,0.00189586925773978,0,,,,,,,,,,,,,,,,0.00025,0.00025,1.16055,1.16175,1.16045,1.16155,,,,,,,,,,,,,,,,,,,,,,,,,,,,,,,
2026-03-07T12:09:01.216511+00:00,XAUUSD-STD,cobra,24433879,H1,OUTSIDE_HOURS,OUTSIDE_HOURS,NONE,0,28.167814097423577,0,,,,,,,,,,,,,,,,0.25,0.25,5153.29,5174.93,5150.9,5174.72,,,,,,,,,,,,,,,,,,,,,,,,,,,,,,,
2026-03-07T12:09:01.217553+00:00,USOUSD-STD,cobra,24433879,H1,OUTSIDE_HOURS,OUTSIDE_HOURS,NONE,0,1.6316696955416603,0,,,,,,,,,,,,,,,,0.032,0.032,90.756,91.581,90.646,91.396,,,,,,,,,,,,,,,,,,,,,,,,,,,,,,,
2026-03-07T12:10:01.639642+00:00,BTCUSD,cobra,24433879,H1,HOLD,HOLD,NONE,0,408.22264851896716,0,,,,,,,,,,,,,,,,17.1,17.1,68001.58,68078.3,67966.44,67979.65,,,,,,,,69246.34492249027,67918.78857142858,0.2001883748192316,,,,,,none,True,,,,,,,,,,,,,,no_pattern_at_sr
2026-03-07T12:11:01.957485+00:00,BTCUSD,cobra,24433879,H1,HOLD,HOLD,NONE,0,409.377648518967,0,,,,,,,,,,,,,,,,16.98,16.98,68001.58,68078.3,67950.27,67959.43,,,,,,,,69246.34492249027,67918.78857142858,0.1996235721883291,,,,,,none,True,,,,,,,,,,,,,,no_pattern_at_sr
2026-03-07T12:12:02.341597+00:00,BTCUSD,cobra,24433879,H1,HOLD,HOLD,NONE,0,409.377648518967,0,,,,,,,,,,,,,,,,17.01,17.01,68001.58,68078.3,67950.27,67965.94,,,,,,,,69246.34492249027,67918.78857142858,0.1996235721883291,,,,,,none,True,,,,,,,,,,,,,,no_pattern_at_sr
2026-03-07T12:13:02.664205+00:00,BTCUSD,cobra,24433879,H1,HOLD,HOLD,NONE,0,409.377648518967,0,,,,,,,,,,,,,,,,17.1,17.1,68001.58,68078.3,67950.27,67979.0,,,,,,,,69246.34492249027,67918.78857142858,0.1996235721883291,,,,,,none,True,,,,,,,,,,,,,,no_pattern_at_sr
2026-03-07T12:14:03.066725+00:00,BTCUSD,cobra,24433879,H1,HOLD,HOLD,NONE,0,409.377648518967,0,,,,,,,,,,,,,,,,17.03,17.03,68001.58,68078.3,67950.27,67980.72,,,,,,,,69246.34492249027,67918.78857142858,0.1996235721883291,,,,,,none,True,,,,,,,,,,,,,,no_pattern_at_sr
2026-03-07T12:15:03.431798+00:00,BTCUSD,cobra,24433879,H1,HOLD,HOLD,NONE,0,409.377648518967,0,,,,,,,,,,,,,,,,17.08,17.08,68001.58,68078.3,67950.27,67983.5,,,,,,,,69246.34492249027,67918.78857142858,0.1996235721883291,,,,,,none,True,,,,,,,,,,,,,,no_pattern_at_sr
2026-03-07T12:16:03.800268+00:00,BTCUSD,cobra,24433879,H1,HOLD,HOLD,NONE,0,409.377648518967,0,,,,,,,,,,,,,,,,17.07,17.07,68001.58,68078.3,67950.27,67997.73,,,,,,,,69246.34492249027,67918.78857142858,0.1996235721883291,,,,,,none,True,,,,,,,,,,,,,,no_pattern_at_sr
2026-03-07T12:17:04.126748+00:00,BTCUSD,cobra,24433879,H1,HOLD,HOLD,NONE,0,409.377648518967,0,,,,,,,,,,,,,,,,16.99,16.99,68001.58,68078.3,67950.27,68000.74,,,,,,,,69246.34492249027,67918.78857142858,0.1996235721883291,,,,,,none,True,,,,,,,,,,,,,,no_pattern_at_sr
2026-03-07T12:18:04.459971+00:00,BTCUSD,cobra,24433879,H1,HOLD,HOLD,NONE,0,409.377648518967,0,,,,,,,,,,,,,,,,17.01,17.01,68001.58,68078.3,67950.27,68013.38,,,,,,,,69246.34492249027,67918.78857142858,0.1996235721883291,,,,,,none,True,,,,,,,,,,,,,,no_pattern_at_sr
2026-03-07T12:19:04.796424+00:00,BTCUSD,cobra,24433879,H1,HOLD,HOLD,NONE,0,409.377648518967,0,,,,,,,,,,,,,,,,16.96,16.96,68001.58,68078.3,67950.27,68023.72,,,,,,,,69246.34492249027,67918.78857142858,0.1996235721883291,,,,,,none,True,,,,,,,,,,,,,,no_pattern_at_sr
2026-03-07T12:19:04.796810+00:00,USDJPY-STD,cobra,24433879,H1,OUTSIDE_HOURS,OUTSIDE_HOURS,NONE,0,0.22171039224998673,0,,,,,,,,,,,,,,,,0.08,0.08,157.899,157.904,157.77,157.777,,,,,,,,,,,,,,,,,,,,,,,,,,,,,,,
2026-03-07T12:19:04.797435+00:00,EURUSD-STD,cobra,24433879,H1,OUTSIDE_HOURS,OUTSIDE_HOURS,NONE,0,0.00189586925773978,0,,,,,,,,,,,,,,,,0.00025,0.00025,1.16055,1.16175,1.16045,1.16155,,,,,,,,,,,,,,,,,,,,,,,,,,,,,,,
2026-03-07T12:19:04.797920+00:00,XAUUSD-STD,cobra,24433879,H1,OUTSIDE_HOURS,OUTSIDE_HOURS,NONE,0,28.167814097423577,0,,,,,,,,,,,,,,,,0.25,0.25,5153.29,5174.93,5150.9,5174.72,,,,,,,,,,,,,,,,,,,,,,,,,,,,,,,
2026-03-07T12:19:04.798414+00:00,USOUSD-STD,cobra,24433879,H1,OUTSIDE_HOURS,OUTSIDE_HOURS,NONE,0,1.6316696955416603,0,,,,,,,,,,,,,,,,0.032,0.032,90.756,91.581,90.646,91.396,,,,,,,,,,,,,,,,,,,,,,,,,,,,,,,
2026-03-07T12:20:05.139281+00:00,BTCUSD,cobra,24433879,H1,HOLD,HOLD,NONE,0,409.377648518967,0,,,,,,,,,,,,,,,,16.99,16.99,68001.58,68078.3,67950.27,68015.53,,,,,,,,69246.34492249027,67918.78857142858,0.1996235721883291,,,,,,none,True,,,,,,,,,,,,,,no_pattern_at_sr
2026-03-07T12:21:05.489781+00:00,BTCUSD,cobra,24433879,H1,HOLD,HOLD,NONE,0,409.377648518967,0,,,,,,,,,,,,,,,,16.95,16.95,68001.58,68078.3,67950.27,68034.37,,,,,,,,69246.34492249027,67918.78857142858,0.1996235721883291,,,,,,none,True,,,,,,,,,,,,,,no_pattern_at_sr
2026-03-07T12:22:05.878162+00:00,BTCUSD,cobra,24433879,H1,HOLD,HOLD,NONE,0,409.377648518967,0,,,,,,,,,,,,,,,,16.95,16.95,68001.58,68078.3,67950.27,68026.5,,,,,,,,69246.34492249027,67918.78857142858,0.1996235721883291,,,,,,none,True,,,,,,,,,,,,,,no_pattern_at_sr
2026-03-07T12:23:06.226528+00:00,BTCUSD,cobra,24433879,H1,HOLD,HOLD,NONE,0,409.377648518967,0,,,,,,,,,,,,,,,,17.07,17.07,68001.58,68078.3,67950.27,68033.91,,,,,,,,69246.34492249027,67918.78857142858,0.1996235721883291,,,,,,none,True,,,,,,,,,,,,,,no_pattern_at_sr
2026-03-07T12:24:06.578015+00:00,BTCUSD,cobra,24433879,H1,HOLD,HOLD,NONE,0,409.377648518967,0,,,,,,,,,,,,,,,,16.98,16.98,68001.58,68078.3,67950.27,68050.63,,,,,,,,69246.34492249027,67918.78857142858,0.1996235721883291,,,,,,none,True,,,,,,,,,,,,,,no_pattern_at_sr
2026-03-07T12:25:06.924597+00:00,BTCUSD,cobra,24433879,H1,HOLD,HOLD,NONE,0,409.377648518967,0,,,,,,,,,,,,,,,,17.07,17.07,68001.58,68078.3,67950.27,68046.86,,,,,,,,69246.34492249027,67918.78857142858,0.1996235721883291,,,,,,none,True,,,,,,,,,,,,,,no_pattern_at_sr
2026-03-07T12:26:07.241411+00:00,BTCUSD,cobra,24433879,H1,HOLD,HOLD,NONE,0,409.377648518967,0,,,,,,,,,,,,,,,,17.05,17.05,68001.58,68078.3,67950.27,68065.75,,,,,,,,69246.34492249027,67918.78857142858,0.1996235721883291,,,,,,none,True,,,,,,,,,,,,,,no_pattern_at_sr
2026-03-07T12:27:07.559450+00:00,BTCUSD,cobra,24433879,H1,HOLD,HOLD,NONE,0,409.377648518967,0,,,,,,,,,,,,,,,,16.97,16.97,68001.58,68078.3,67950.27,68023.75,,,,,,,,69246.34492249027,67918.78857142858,0.1996235721883291,,,,,,none,True,,,,,,,,,,,,,,no_pattern_at_sr
2026-03-07T12:28:07.935317+00:00,BTCUSD,cobra,24433879,H1,HOLD,HOLD,NONE,0,409.377648518967,0,,,,,,,,,,,,,,,,17.04,17.04,68001.58,68078.3,67950.27,67990.0,,,,,,,,69246.34492249027,67918.78857142858,0.1996235721883291,,,,,,none,True,,,,,,,,,,,,,,no_pattern_at_sr
2026-03-07T12:29:08.259976+00:00,BTCUSD,cobra,24433879,H1,HOLD,HOLD,NONE,0,409.377648518967,0,,,,,,,,,,,,,,,,17.07,17.07,68001.58,68078.3,67950.27,67985.99,,,,,,,,69246.34492249027,67918.78857142858,0.1996235721883291,,,,,,none,True,,,,,,,,,,,,,,no_pattern_at_sr
2026-03-07T12:29:08.260494+00:00,USDJPY-STD,cobra,24433879,H1,OUTSIDE_HOURS,OUTSIDE_HOURS,NONE,0,0.22171039224998673,0,,,,,,,,,,,,,,,,0.08,0.08,157.899,157.904,157.77,157.777,,,,,,,,,,,,,,,,,,,,,,,,,,,,,,,
2026-03-07T12:29:08.261061+00:00,EURUSD-STD,cobra,24433879,H1,OUTSIDE_HOURS,OUTSIDE_HOURS,NONE,0,0.00189586925773978,0,,,,,,,,,,,,,,,,0.00025,0.00025,1.16055,1.16175,1.16045,1.16155,,,,,,,,,,,,,,,,,,,,,,,,,,,,,,,
2026-03-07T12:29:08.261611+00:00,XAUUSD-STD,cobra,24433879,H1,OUTSIDE_HOURS,OUTSIDE_HOURS,NONE,0,28.167814097423577,0,,,,,,,,,,,,,,,,0.25,0.25,5153.29,5174.93,5150.9,5174.72,,,,,,,,,,,,,,,,,,,,,,,,,,,,,,,
2026-03-07T12:29:08.262234+00:00,USOUSD-STD,cobra,24433879,H1,OUTSIDE_HOURS,OUTSIDE_HOURS,NONE,0,1.6316696955416603,0,,,,,,,,,,,,,,,,0.032,0.032,90.756,91.581,90.646,91.396,,,,,,,,,,,,,,,,,,,,,,,,,,,,,,,
2026-03-07T12:30:08.602132+00:00,BTCUSD,cobra,24433879,H1,HOLD,HOLD,NONE,0,409.377648518967,0,,,,,,,,,,,,,,,,17.06,17.06,68001.58,68078.3,67950.27,68015.61,,,,,,,,69246.34492249027,67918.78857142858,0.1996235721883291,,,,,,none,True,,,,,,,,,,,,,,no_pattern_at_sr
2026-03-07T12:31:08.948363+00:00,BTCUSD,cobra,24433879,H1,HOLD,HOLD,NONE,0,409.377648518967,0,,,,,,,,,,,,,,,,17.02,17.02,68001.58,68078.3,67950.27,67997.76,,,,,,,,69246.34492249027,67918.78857142858,0.1996235721883291,,,,,,none,True,,,,,,,,,,,,,,no_pattern_at_sr
2026-03-07T12:32:09.283673+00:00,BTCUSD,cobra,24433879,H1,HOLD,HOLD,NONE,0,409.377648518967,0,,,,,,,,,,,,,,,,16.97,16.97,68001.58,68078.3,67950.27,67995.28,,,,,,,,69246.34492249027,67918.78857142858,0.1996235721883291,,,,,,none,True,,,,,,,,,,,,,,no_pattern_at_sr
2026-03-07T12:33:09.601403+00:00,BTCUSD,cobra,24433879,H1,HOLD,HOLD,NONE,0,409.377648518967,0,,,,,,,,,,,,,,,,17.05,17.05,68001.58,68078.3,67950.27,68007.3,,,,,,,,69246.34492249027,67918.78857142858,0.1996235721883291,,,,,,none,True,,,,,,,,,,,,,,no_pattern_at_sr
2026-03-07T12:34:09.945519+00:00,BTCUSD,cobra,24433879,H1,HOLD,HOLD,NONE,0,409.377648518967,0,,,,,,,,,,,,,,,,17.09,17.09,68001.58,68078.3,67950.27,68014.33,,,,,,,,69246.34492249027,67918.78857142858,0.1996235721883291,,,,,,none,True,,,,,,,,,,,,,,no_pattern_at_sr
2026-03-07T12:35:10.265606+00:00,BTCUSD,cobra,24433879,H1,HOLD,HOLD,NONE,0,409.377648518967,0,,,,,,,,,,,,,,,,16.96,16.96,68001.58,68078.3,67950.27,68009.06,,,,,,,,69246.34492249027,67918.78857142858,0.1996235721883291,,,,,,none,True,,,,,,,,,,,,,,no_pattern_at_sr
2026-03-07T12:36:10.583747+00:00,BTCUSD,cobra,24433879,H1,HOLD,HOLD,NONE,0,409.377648518967,0,,,,,,,,,,,,,,,,16.96,16.96,68001.58,68078.3,67950.27,67998.07,,,,,,,,69246.34492249027,67918.78857142858,0.1996235721883291,,,,,,none,True,,,,,,,,,,,,,,no_pattern_at_sr
2026-03-07T12:37:10.927209+00:00,BTCUSD,cobra,24433879,H1,HOLD,HOLD,NONE,0,409.377648518967,0,,,,,,,,,,,,,,,,17.11,17.11,68001.58,68078.3,67950.27,67997.07,,,,,,,,69246.34492249027,67918.78857142858,0.1996235721883291,,,,,,none,True,,,,,,,,,,,,,,no_pattern_at_sr
2026-03-07T12:38:11.246327+00:00,BTCUSD,cobra,24433879,H1,HOLD,HOLD,NONE,0,409.377648518967,0,,,,,,,,,,,,,,,,17.0,17.0,68001.58,68078.3,67950.27,67991.88,,,,,,,,69246.34492249027,67918.78857142858,0.1996235721883291,,,,,,none,True,,,,,,,,,,,,,,no_pattern_at_sr
2026-03-07T12:39:11.659275+00:00,BTCUSD,cobra,24433879,H1,HOLD,HOLD,NONE,0,409.377648518967,0,,,,,,,,,,,,,,,,17.04,17.04,68001.58,68078.3,67950.27,67994.72,,,,,,,,69246.34492249027,67918.78857142858,0.1996235721883291,,,,,,none,True,,,,,,,,,,,,,,no_pattern_at_sr
2026-03-07T12:39:11.659801+00:00,USDJPY-STD,cobra,24433879,H1,OUTSIDE_HOURS,OUTSIDE_HOURS,NONE,0,0.22171039224998673,0,,,,,,,,,,,,,,,,0.08,0.08,157.899,157.904,157.77,157.777,,,,,,,,,,,,,,,,,,,,,,,,,,,,,,,
2026-03-07T12:39:11.660353+00:00,EURUSD-STD,cobra,24433879,H1,OUTSIDE_HOURS,OUTSIDE_HOURS,NONE,0,0.00189586925773978,0,,,,,,,,,,,,,,,,0.00025,0.00025,1.16055,1.16175,1.16045,1.16155,,,,,,,,,,,,,,,,,,,,,,,,,,,,,,,
2026-03-07T12:39:11.660835+00:00,XAUUSD-STD,cobra,24433879,H1,OUTSIDE_HOURS,OUTSIDE_HOURS,NONE,0,28.167814097423577,0,,,,,,,,,,,,,,,,0.25,0.25,5153.29,5174.93,5150.9,5174.72,,,,,,,,,,,,,,,,,,,,,,,,,,,,,,,
2026-03-07T12:39:11.661325+00:00,USOUSD-STD,cobra,24433879,H1,OUTSIDE_HOURS,OUTSIDE_HOURS,NONE,0,1.6316696955416603,0,,,,,,,,,,,,,,,,0.032,0.032,90.756,91.581,90.646,91.396,,,,,,,,,,,,,,,,,,,,,,,,,,,,,,,
2026-03-07T12:40:11.992154+00:00,BTCUSD,cobra,24433879,H1,HOLD,HOLD,NONE,0,409.377648518967,0,,,,,,,,,,,,,,,,17.09,17.09,68001.58,68078.3,67950.27,67986.49,,,,,,,,69246.34492249027,67918.78857142858,0.1996235721883291,,,,,,none,True,,,,,,,,,,,,,,no_pattern_at_sr
2026-03-07T12:41:12.327472+00:00,BTCUSD,cobra,24433879,H1,HOLD,HOLD,NONE,0,409.377648518967,0,,,,,,,,,,,,,,,,17.02,17.02,68001.58,68078.3,67950.27,67982.82,,,,,,,,69246.34492249027,67918.78857142858,0.1996235721883291,,,,,,none,True,,,,,,,,,,,,,,no_pattern_at_sr
2026-03-07T12:42:12.677585+00:00,BTCUSD,cobra,24433879,H1,HOLD,HOLD,NONE,0,409.377648518967,0,,,,,,,,,,,,,,,,17.1,17.1,68001.58,68078.3,67950.27,67952.56,,,,,,,,69246.34492249027,67918.78857142858,0.1996235721883291,,,,,,none,True,,,,,,,,,,,,,,no_pattern_at_sr
2026-03-07T12:43:13.017049+00:00,BTCUSD,cobra,24433879,H1,HOLD,HOLD,NONE,0,411.91407709039623,0,,,,,,,,,,,,,,,,17.1,17.1,68001.58,68078.3,67914.76,67918.27,,,,,,,,69246.34492249027,67918.78857142858,0.19839435726174595,,,,,,none,True,,,,,,,,,,,,,,no_pattern_at_sr
2026-03-07T12:44:13.354201+00:00,BTCUSD,cobra,24433879,H1,HOLD,HOLD,NONE,0,412.4633628046811,0,,,,,,,,,,,,,,,,17.07,17.07,68001.58,68078.3,67907.07,67910.4,,,,,,,,69246.34492249027,67918.78857142858,0.1981301515259987,,,,,,none,True,,,,,,,,,,,,,,no_pattern_at_sr
2026-03-07T12:45:13.713712+00:00,BTCUSD,cobra,24433879,H1,HOLD,HOLD,NONE,0,412.4633628046811,0,,,,,,,,,,,,,,,,16.94,16.94,68001.58,68078.3,67907.07,67920.72,,,,,,,,69246.34492249027,67918.78857142858,0.1981301515259987,,,,,,none,True,,,,,,,,,,,,,,no_pattern_at_sr
2026-03-07T12:46:14.051271+00:00,BTCUSD,cobra,24433879,H1,HOLD,HOLD,NONE,0,412.4633628046811,0,,,,,,,,,,,,,,,,17.04,17.04,68001.58,68078.3,67907.07,67960.51,,,,,,,,69246.34492249027,67918.78857142858,0.1981301515259987,,,,,,none,True,,,,,,,,,,,,,,no_pattern_at_sr
2026-03-07T12:47:14.398438+00:00,BTCUSD,cobra,24433879,H1,HOLD,HOLD,NONE,0,412.4633628046811,0,,,,,,,,,,,,,,,,17.1,17.1,68001.58,68078.3,67907.07,67937.82,,,,,,,,69246.34492249027,67918.78857142858,0.1981301515259987,,,,,,none,True,,,,,,,,,,,,,,no_pattern_at_sr
2026-03-07T12:48:14.741496+00:00,BTCUSD,cobra,24433879,H1,HOLD,HOLD,NONE,0,412.49407709039593,0,,,,,,,,,,,,,,,,17.07,17.07,68001.58,68078.3,67906.64,67910.15,,,,,,,,69246.34492249027,67918.78857142858,0.1981153987660909,,,,,,none,True,,,,,,,,,,,,,,no_pattern_at_sr
2026-03-07T12:49:15.072188+00:00,BTCUSD,cobra,24433879,H1,HOLD,HOLD,NONE,0,414.0012199475392,0,,,,,,,,,,,,,,,,17.09,17.09,68001.58,68078.3,67885.54,67891.6,,,,,,,,69246.34492249027,67918.78857142858,0.19739417333545511,,,,,,none,True,,,,,,,,,,,,,,no_pattern_at_sr
2026-03-07T12:49:15.072874+00:00,USDJPY-STD,cobra,24433879,H1,OUTSIDE_HOURS,OUTSIDE_HOURS,NONE,0,0.22171039224998673,0,,,,,,,,,,,,,,,,0.08,0.08,157.899,157.904,157.77,157.777,,,,,,,,,,,,,,,,,,,,,,,,,,,,,,,
2026-03-07T12:49:15.073513+00:00,EURUSD-STD,cobra,24433879,H1,OUTSIDE_HOURS,OUTSIDE_HOURS,NONE,0,0.00189586925773978,0,,,,,,,,,,,,,,,,0.00025,0.00025,1.16055,1.16175,1.16045,1.16155,,,,,,,,,,,,,,,,,,,,,,,,,,,,,,,
2026-03-07T12:49:15.074210+00:00,XAUUSD-STD,cobra,24433879,H1,OUTSIDE_HOURS,OUTSIDE_HOURS,NONE,0,28.167814097423577,0,,,,,,,,,,,,,,,,0.25,0.25,5153.29,5174.93,5150.9,5174.72,,,,,,,,,,,,,,,,,,,,,,,,,,,,,,,
2026-03-07T12:49:15.075537+00:00,USOUSD-STD,cobra,24433879,H1,OUTSIDE_HOURS,OUTSIDE_HOURS,NONE,0,1.6316696955416603,0,,,,,,,,,,,,,,,,0.032,0.032,90.756,91.581,90.646,91.396,,,,,,,,,,,,,,,,,,,,,,,,,,,,,,,
2026-03-07T12:50:15.417543+00:00,BTCUSD,cobra,24433879,H1,HOLD,HOLD,NONE,0,414.0012199475392,0,,,,,,,,,,,,,,,,16.94,16.94,68001.58,68078.3,67885.54,67957.73,,,,,,,,69246.34492249027,67918.78857142858,0.19739417333545511,,,,,,none,True,,,,,,,,,,,,,,no_pattern_at_sr
2026-03-07T12:51:15.840224+00:00,BTCUSD,cobra,24433879,H1,HOLD,HOLD,NONE,0,414.0012199475392,0,,,,,,,,,,,,,,,,17.1,17.1,68001.58,68078.3,67885.54,67973.17,,,,,,,,69246.34492249027,67918.78857142858,0.19739417333545511,,,,,,none,True,,,,,,,,,,,,,,no_pattern_at_sr
2026-03-07T12:52:16.172659+00:00,BTCUSD,cobra,24433879,H1,HOLD,HOLD,NONE,0,414.0012199475392,0,,,,,,,,,,,,,,,,17.01,17.01,68001.58,68078.3,67885.54,67977.84,,,,,,,,69246.34492249027,67918.78857142858,0.19739417333545511,,,,,,none,True,,,,,,,,,,,,,,no_pattern_at_sr
2026-03-07T12:53:16.513781+00:00,BTCUSD,cobra,24433879,H1,HOLD,HOLD,NONE,0,414.0012199475392,0,,,,,,,,,,,,,,,,16.97,16.97,68001.58,68078.3,67885.54,68014.09,,,,,,,,69246.34492249027,67918.78857142858,0.19739417333545511,,,,,,none,True,,,,,,,,,,,,,,no_pattern_at_sr
2026-03-07T12:54:16.861118+00:00,BTCUSD,cobra,24433879,H1,HOLD,HOLD,NONE,0,414.0012199475392,0,,,,,,,,,,,,,,,,17.07,17.07,68001.58,68078.3,67885.54,68000.84,,,,,,,,69246.34492249027,67918.78857142858,0.19739417333545511,,,,,,none,True,,,,,,,,,,,,,,no_pattern_at_sr
2026-03-07T12:55:17.224214+00:00,BTCUSD,cobra,24433879,H1,HOLD,HOLD,NONE,0,414.0012199475392,0,,,,,,,,,,,,,,,,17.09,17.09,68001.58,68078.3,67885.54,68011.65,,,,,,,,69246.34492249027,67918.78857142858,0.19739417333545511,,,,,,none,True,,,,,,,,,,,,,,no_pattern_at_sr
2026-03-07T12:56:17.832394+00:00,BTCUSD,cobra,24433879,H1,HOLD,HOLD,NONE,0,414.0012199475392,0,,,,,,,,,,,,,,,,17.11,17.11,68001.58,68078.3,67885.54,67986.15,,,,,,,,69246.34492249027,67918.78857142858,0.19739417333545511,,,,,,none,True,,,,,,,,,,,,,,no_pattern_at_sr
2026-03-07T12:57:18.145911+00:00,BTCUSD,cobra,24433879,H1,HOLD,HOLD,NONE,0,414.0012199475392,0,,,,,,,,,,,,,,,,17.05,17.05,68001.58,68078.3,67885.54,67991.78,,,,,,,,69246.34492249027,67918.78857142858,0.19739417333545511,,,,,,none,True,,,,,,,,,,,,,,no_pattern_at_sr
2026-03-07T12:58:18.466412+00:00,BTCUSD,cobra,24433879,H1,HOLD,HOLD,NONE,0,414.0012199475392,0,,,,,,,,,,,,,,,,17.0,17.0,68001.58,68078.3,67885.54,67985.91,,,,,,,,69246.34492249027,67918.78857142858,0.19739417333545511,,,,,,none,True,,,,,,,,,,,,,,no_pattern_at_sr
2026-03-07T12:59:18.794573+00:00,BTCUSD,cobra,24433879,H1,HOLD,HOLD,NONE,0,414.0012199475392,0,,,,,,,,,,,,,,,,17.06,17.06,68001.58,68078.3,67885.54,67968.81,,,,,,,,69246.34492249027,67918.78857142858,0.19739417333545511,,,,,,none,True,,,,,,,,,,,,,,no_pattern_at_sr
2026-03-07T12:59:18.794937+00:00,USDJPY-STD,cobra,24433879,H1,OUTSIDE_HOURS,OUTSIDE_HOURS,NONE,0,0.22171039224998673,0,,,,,,,,,,,,,,,,0.08,0.08,157.899,157.904,157.77,157.777,,,,,,,,,,,,,,,,,,,,,,,,,,,,,,,
2026-03-07T12:59:18.795585+00:00,EURUSD-STD,cobra,24433879,H1,OUTSIDE_HOURS,OUTSIDE_HOURS,NONE,0,0.00189586925773978,0,,,,,,,,,,,,,,,,0.00025,0.00025,1.16055,1.16175,1.16045,1.16155,,,,,,,,,,,,,,,,,,,,,,,,,,,,,,,
2026-03-07T12:59:18.796086+00:00,XAUUSD-STD,cobra,24433879,H1,OUTSIDE_HOURS,OUTSIDE_HOURS,NONE,0,28.167814097423577,0,,,,,,,,,,,,,,,,0.25,0.25,5153.29,5174.93,5150.9,5174.72,,,,,,,,,,,,,,,,,,,,,,,,,,,,,,,
2026-03-07T12:59:18.797208+00:00,USOUSD-STD,cobra,24433879,H1,OUTSIDE_HOURS,OUTSIDE_HOURS,NONE,0,1.6316696955416603,0,,,,,,,,,,,,,,,,0.032,0.032,90.756,91.581,90.646,91.396,,,,,,,,,,,,,,,,,,,,,,,,,,,,,,,
2026-03-07T13:00:19.140923+00:00,BTCUSD,cobra,24433879,H1,HOLD,HOLD,NONE,0,385.34971924790716,0,,,,,,,,,,,,,,,,17.08,17.08,67981.76,67994.17,67981.76,67991.05,,,,,,,,69196.77260452035,67878.40166666667,0.2669998917713764,,,,,,none,True,,,,,,,,,,,,,,no_pattern_at_sr
2026-03-07T13:01:19.459523+00:00,BTCUSD,cobra,24433879,H1,HOLD,HOLD,NONE,0,387.58400496219275,0,,,,,,,,,,,,,,,,17.0,17.0,67981.76,68025.45,67981.76,68023.87,,,,,,,,69196.77260452035,67878.40166666667,0.26546073113455193,,,,,,none,True,,,,,,,,,,,,,,no_pattern_at_sr
2026-03-07T13:02:19.784146+00:00,BTCUSD,cobra,24433879,H1,HOLD,HOLD,NONE,0,387.58400496219275,0,,,,,,,,,,,,,,,,17.07,17.07,67981.76,68025.45,67981.76,68001.95,,,,,,,,69196.77260452035,67878.40166666667,0.26546073113455193,,,,,,none,True,,,,,,,,,,,,,,no_pattern_at_sr
2026-03-07T13:03:20.236739+00:00,BTCUSD,cobra,24433879,H1,HOLD,HOLD,NONE,0,387.8540049621927,0,,,,,,,,,,,,,,,,16.95,16.95,67981.76,68029.23,67981.76,68027.97,,,,,,,,69196.77260452035,67878.40166666667,0.26527593377139647,,,,,,none,True,,,,,,,,,,,,,,no_pattern_at_sr
2026-03-07T13:04:20.586379+00:00,BTCUSD,cobra,24433879,H1,HOLD,HOLD,NONE,0,388.83043353362115,0,,,,,,,,,,,,,,,,17.05,17.05,67981.76,68042.9,67981.76,68042.44,,,,,,,,69196.77260452035,67878.40166666667,0.2646097744929346,,,,,,none,True,,,,,,,,,,,,,,no_pattern_at_sr
2026-03-07T13:05:20.957680+00:00,BTCUSD,cobra,24433879,H1,HOLD,HOLD,NONE,0,390.0325763907641,0,,,,,,,,,,,,,,,,16.95,16.95,67981.76,68059.73,67981.76,68039.53,,,,,,,,69196.77260452035,67878.40166666667,0.26379420479544813,,,,,,none,True,,,,,,,,,,,,,,no_pattern_at_sr
2026-03-07T13:06:21.307493+00:00,BTCUSD,cobra,24433879,H1,HOLD,HOLD,NONE,0,390.0325763907641,0,,,,,,,,,,,,,,,,17.05,17.05,67981.76,68059.73,67981.76,68003.74,,,,,,,,69196.77260452035,67878.40166666667,0.26379420479544813,,,,,,none,True,,,,,,,,,,,,,,no_pattern_at_sr
2026-03-07T13:07:21.636470+00:00,BTCUSD,cobra,24433879,H1,HOLD,HOLD,NONE,0,393.3790049621921,0,,,,,,,,,,,,,,,,17.03,17.03,67981.76,68059.73,67934.44,67961.95,,,,,,,,69196.77260452035,67878.40166666667,0.26155013876048155,,,,,,none,True,,,,,,,,,,,,,,no_pattern_at_sr
2026-03-07T13:08:21.966203+00:00,BTCUSD,cobra,24433879,H1,HOLD,HOLD,NONE,0,393.88614781933535,0,,,,,,,,,,,,,,,,17.03,17.03,67981.76,68059.73,67927.34,67956.9,,,,,,,,69196.77260452035,67878.40166666667,0.26121338336709804,,,,,,none,True,,,,,,,,,,,,,,no_pattern_at_sr
2026-03-07T13:09:22.324055+00:00,BTCUSD,cobra,24433879,H1,HOLD,HOLD,NONE,0,393.88614781933535,0,,,,,,,,,,,,,,,,17.02,17.02,67981.76,68059.73,67927.34,67970.67,,,,,,,,69196.77260452035,67878.40166666667,0.26121338336709804,,,,,,none,True,,,,,,,,,,,,,,no_pattern_at_sr
2026-03-07T13:09:22.324624+00:00,USDJPY-STD,cobra,24433879,H1,OUTSIDE_HOURS,OUTSIDE_HOURS,NONE,0,0.22171039224998673,0,,,,,,,,,,,,,,,,0.08,0.08,157.899,157.904,157.77,157.777,,,,,,,,,,,,,,,,,,,,,,,,,,,,,,,
2026-03-07T13:09:22.325182+00:00,EURUSD-STD,cobra,24433879,H1,OUTSIDE_HOURS,OUTSIDE_HOURS,NONE,0,0.00189586925773978,0,,,,,,,,,,,,,,,,0.00025,0.00025,1.16055,1.16175,1.16045,1.16155,,,,,,,,,,,,,,,,,,,,,,,,,,,,,,,
2026-03-07T13:09:22.326098+00:00,XAUUSD-STD,cobra,24433879,H1,OUTSIDE_HOURS,OUTSIDE_HOURS,NONE,0,28.167814097423577,0,,,,,,,,,,,,,,,,0.25,0.25,5153.29,5174.93,5150.9,5174.72,,,,,,,,,,,,,,,,,,,,,,,,,,,,,,,
2026-03-07T13:09:22.326652+00:00,USOUSD-STD,cobra,24433879,H1,OUTSIDE_HOURS,OUTSIDE_HOURS,NONE,0,1.6316696955416603,0,,,,,,,,,,,,,,,,0.032,0.032,90.756,91.581,90.646,91.396,,,,,,,,,,,,,,,,,,,,,,,,,,,,,,,
2026-03-07T13:10:22.713411+00:00,BTCUSD,cobra,24433879,H1,HOLD,HOLD,NONE,0,393.88614781933535,0,,,,,,,,,,,,,,,,17.05,17.05,67981.76,68059.73,67927.34,68001.33,,,,,,,,69196.77260452035,67878.40166666667,0.26121338336709804,,,,,,none,True,,,,,,,,,,,,,,no_pattern_at_sr
2026-03-07T13:11:23.037540+00:00,BTCUSD,cobra,24433879,H1,HOLD,HOLD,NONE,0,393.88614781933535,0,,,,,,,,,,,,,,,,17.09,17.09,67981.76,68059.73,67927.34,68041.25,,,,,,,,69196.77260452035,67878.40166666667,0.26121338336709804,,,,,,none,True,,,,,,,,,,,,,,no_pattern_at_sr
2026-03-07T13:12:23.399546+00:00,BTCUSD,cobra,24433879,H1,HOLD,HOLD,NONE,0,393.88614781933535,0,,,,,,,,,,,,,,,,17.09,17.09,67981.76,68059.73,67927.34,68029.65,,,,,,,,69196.77260452035,67878.40166666667,0.26121338336709804,,,,,,none,True,,,,,,,,,,,,,,no_pattern_at_sr
2026-03-07T13:13:23.740441+00:00,BTCUSD,cobra,24433879,H1,HOLD,HOLD,NONE,0,393.88614781933535,0,,,,,,,,,,,,,,,,17.02,17.02,67981.76,68059.73,67927.34,68026.73,,,,,,,,69196.77260452035,67878.40166666667,0.26121338336709804,,,,,,none,True,,,,,,,,,,,,,,no_pattern_at_sr
2026-03-07T13:14:24.059581+00:00,BTCUSD,cobra,24433879,H1,HOLD,HOLD,NONE,0,393.88614781933535,0,,,,,,,,,,,,,,,,17.08,17.08,67981.76,68059.73,67927.34,68019.41,,,,,,,,69196.77260452035,67878.40166666667,0.26121338336709804,,,,,,none,True,,,,,,,,,,,,,,no_pattern_at_sr
2026-03-07T13:15:24.377787+00:00,BTCUSD,cobra,24433879,H1,HOLD,HOLD,NONE,0,393.88614781933535,0,,,,,,,,,,,,,,,,17.09,17.09,67981.76,68059.73,67927.34,68036.59,,,,,,,,69196.77260452035,67878.40166666667,0.26121338336709804,,,,,,none,True,,,,,,,,,,,,,,no_pattern_at_sr
2026-03-07T13:16:24.690842+00:00,BTCUSD,cobra,24433879,H1,HOLD,HOLD,NONE,0,394.17757639076405,0,,,,,,,,,,,,,,,,16.97,16.97,67981.76,68063.81,67927.34,68053.74,,,,,,,,69196.77260452035,67878.40166666667,0.2610202596388288,,,,,,none,True,,,,,,,,,,,,,,no_pattern_at_sr
2026-03-07T13:17:25.006944+00:00,BTCUSD,cobra,24433879,H1,HOLD,HOLD,NONE,0,394.17757639076405,0,,,,,,,,,,,,,,,,16.98,16.98,67981.76,68063.81,67927.34,68047.49,,,,,,,,69196.77260452035,67878.40166666667,0.2610202596388288,,,,,,none,True,,,,,,,,,,,,,,no_pattern_at_sr
2026-03-07T13:18:25.344751+00:00,BTCUSD,cobra,24433879,H1,HOLD,HOLD,NONE,0,394.17757639076405,0,,,,,,,,,,,,,,,,17.1,17.1,67981.76,68063.81,67927.34,68061.38,,,,,,,,69196.77260452035,67878.40166666667,0.2610202596388288,,,,,,none,True,,,,,,,,,,,,,,no_pattern_at_sr
2026-03-07T13:19:25.692186+00:00,BTCUSD,cobra,24433879,H1,HOLD,HOLD,NONE,0,394.8790049621931,0,,,,,,,,,,,,,,,,16.99,16.99,67981.76,68073.63,67927.34,68057.1,,,,,,,,69196.77260452035,67878.40166666667,0.2605566060499275,,,,,,none,True,,,,,,,,,,,,,,no_pattern_at_sr
2026-03-07T13:19:25.692737+00:00,USDJPY-STD,cobra,24433879,H1,OUTSIDE_HOURS,OUTSIDE_HOURS,NONE,0,0.22171039224998673,0,,,,,,,,,,,,,,,,0.08,0.08,157.899,157.904,157.77,157.777,,,,,,,,,,,,,,,,,,,,,,,,,,,,,,,
2026-03-07T13:19:25.693399+00:00,EURUSD-STD,cobra,24433879,H1,OUTSIDE_HOURS,OUTSIDE_HOURS,NONE,0,0.00189586925773978,0,,,,,,,,,,,,,,,,0.00025,0.00025,1.16055,1.16175,1.16045,1.16155,,,,,,,,,,,,,,,,,,,,,,,,,,,,,,,
2026-03-07T13:19:25.693936+00:00,XAUUSD-STD,cobra,24433879,H1,OUTSIDE_HOURS,OUTSIDE_HOURS,NONE,0,28.167814097423577,0,,,,,,,,,,,,,,,,0.25,0.25,5153.29,5174.93,5150.9,5174.72,,,,,,,,,,,,,,,,,,,,,,,,,,,,,,,
2026-03-07T13:19:25.694493+00:00,USOUSD-STD,cobra,24433879,H1,OUTSIDE_HOURS,OUTSIDE_HOURS,NONE,0,1.6316696955416603,0,,,,,,,,,,,,,,,,0.032,0.032,90.756,91.581,90.646,91.396,,,,,,,,,,,,,,,,,,,,,,,,,,,,,,,
2026-03-07T13:20:26.019480+00:00,BTCUSD,cobra,24433879,H1,HOLD,HOLD,NONE,0,394.8790049621931,0,,,,,,,,,,,,,,,,17.04,17.04,67981.76,68073.63,67927.34,67972.51,,,,,,,,69196.77260452035,67878.40166666667,0.2605566060499275,,,,,,none,True,,,,,,,,,,,,,,no_pattern_at_sr
2026-03-07T13:21:26.336739+00:00,BTCUSD,cobra,24433879,H1,HOLD,HOLD,NONE,0,394.8790049621931,0,,,,,,,,,,,,,,,,17.03,17.03,67981.76,68073.63,67927.34,67973.14,,,,,,,,69196.77260452035,67878.40166666667,0.2605566060499275,,,,,,none,True,,,,,,,,,,,,,,no_pattern_at_sr
2026-03-07T13:22:26.654813+00:00,BTCUSD,cobra,24433879,H1,HOLD,HOLD,NONE,0,394.8790049621931,0,,,,,,,,,,,,,,,,17.12,17.12,67981.76,68073.63,67927.34,67989.7,,,,,,,,69196.77260452035,67878.40166666667,0.2605566060499275,,,,,,none,True,,,,,,,,,,,,,,no_pattern_at_sr
2026-03-07T13:23:26.971460+00:00,BTCUSD,cobra,24433879,H1,HOLD,HOLD,NONE,0,394.8790049621931,0,,,,,,,,,,,,,,,,17.0,17.0,67981.76,68073.63,67927.34,67995.85,,,,,,,,69196.77260452035,67878.40166666667,0.2605566060499275,,,,,,none,True,,,,,,,,,,,,,,no_pattern_at_sr
2026-03-07T13:24:27.372218+00:00,BTCUSD,cobra,24433879,H1,HOLD,HOLD,NONE,0,394.8790049621931,0,,,,,,,,,,,,,,,,17.04,17.04,67981.76,68073.63,67927.34,67990.1,,,,,,,,69196.77260452035,67878.40166666667,0.2605566060499275,,,,,,none,True,,,,,,,,,,,,,,no_pattern_at_sr
2026-03-07T13:25:27.685999+00:00,BTCUSD,cobra,24433879,H1,HOLD,HOLD,NONE,0,394.8790049621931,0,,,,,,,,,,,,,,,,17.08,17.08,67981.76,68073.63,67927.34,68004.38,,,,,,,,69196.77260452035,67878.40166666667,0.2605566060499275,,,,,,none,True,,,,,,,,,,,,,,no_pattern_at_sr
2026-03-07T13:26:28.019279+00:00,BTCUSD,cobra,24433879,H1,HOLD,HOLD,NONE,0,394.8790049621931,0,,,,,,,,,,,,,,,,17.11,17.11,67981.76,68073.63,67927.34,67989.95,,,,,,,,69196.77260452035,67878.40166666667,0.2605566060499275,,,,,,none,True,,,,,,,,,,,,,,no_pattern_at_sr
2026-03-07T13:27:28.340082+00:00,BTCUSD,cobra,24433879,H1,HOLD,HOLD,NONE,0,394.8790049621931,0,,,,,,,,,,,,,,,,16.96,16.96,67981.76,68073.63,67927.34,68004.17,,,,,,,,69196.77260452035,67878.40166666667,0.2605566060499275,,,,,,none,True,,,,,,,,,,,,,,no_pattern_at_sr
2026-03-07T13:28:28.657334+00:00,BTCUSD,cobra,24433879,H1,HOLD,HOLD,NONE,0,394.8790049621931,0,,,,,,,,,,,,,,,,16.98,16.98,67981.76,68073.63,67927.34,68016.44,,,,,,,,69196.77260452035,67878.40166666667,0.2605566060499275,,,,,,none,True,,,,,,,,,,,,,,no_pattern_at_sr
2026-03-07T13:29:28.987736+00:00,BTCUSD,cobra,24433879,H1,HOLD,HOLD,NONE,0,394.8790049621931,0,,,,,,,,,,,,,,,,17.07,17.07,67981.76,68073.63,67927.34,68034.51,,,,,,,,69196.77260452035,67878.40166666667,0.2605566060499275,,,,,,none,True,,,,,,,,,,,,,,no_pattern_at_sr
2026-03-07T13:29:28.988334+00:00,USDJPY-STD,cobra,24433879,H1,OUTSIDE_HOURS,OUTSIDE_HOURS,NONE,0,0.22171039224998673,0,,,,,,,,,,,,,,,,0.08,0.08,157.899,157.904,157.77,157.777,,,,,,,,,,,,,,,,,,,,,,,,,,,,,,,
2026-03-07T13:29:28.989732+00:00,EURUSD-STD,cobra,24433879,H1,OUTSIDE_HOURS,OUTSIDE_HOURS,NONE,0,0.00189586925773978,0,,,,,,,,,,,,,,,,0.00025,0.00025,1.16055,1.16175,1.16045,1.16155,,,,,,,,,,,,,,,,,,,,,,,,,,,,,,,
2026-03-07T13:29:28.991658+00:00,XAUUSD-STD,cobra,24433879,H1,OUTSIDE_HOURS,OUTSIDE_HOURS,NONE,0,28.167814097423577,0,,,,,,,,,,,,,,,,0.25,0.25,5153.29,5174.93,5150.9,5174.72,,,,,,,,,,,,,,,,,,,,,,,,,,,,,,,
2026-03-07T13:29:28.992276+00:00,USOUSD-STD,cobra,24433879,H1,OUTSIDE_HOURS,OUTSIDE_HOURS,NONE,0,1.6316696955416603,0,,,,,,,,,,,,,,,,0.032,0.032,90.756,91.581,90.646,91.396,,,,,,,,,,,,,,,,,,,,,,,,,,,,,,,
2026-03-07T13:30:29.629234+00:00,BTCUSD,cobra,24433879,H1,HOLD,HOLD,NONE,0,394.8790049621931,0,,,,,,,,,,,,,,,,17.07,17.07,67981.76,68073.63,67927.34,67993.04,,,,,,,,69196.77260452035,67878.40166666667,0.2605566060499275,,,,,,none,True,,,,,,,,,,,,,,no_pattern_at_sr
2026-03-07T13:31:30.035673+00:00,BTCUSD,cobra,24433879,H1,HOLD,HOLD,NONE,0,394.8790049621931,0,,,,,,,,,,,,,,,,17.04,17.04,67981.76,68073.63,67927.34,68030.9,,,,,,,,69196.77260452035,67878.40166666667,0.2605566060499275,,,,,,none,True,,,,,,,,,,,,,,no_pattern_at_sr
2026-03-07T13:32:30.385882+00:00,BTCUSD,cobra,24433879,H1,HOLD,HOLD,NONE,0,394.8790049621931,0,,,,,,,,,,,,,,,,17.02,17.02,67981.76,68073.63,67927.34,68021.94,,,,,,,,69196.77260452035,67878.40166666667,0.2605566060499275,,,,,,none,True,,,,,,,,,,,,,,no_pattern_at_sr
2026-03-07T13:33:30.757434+00:00,BTCUSD,cobra,24433879,H1,HOLD,HOLD,NONE,0,394.8790049621931,0,,,,,,,,,,,,,,,,17.11,17.11,67981.76,68073.63,67927.34,68037.68,,,,,,,,69196.77260452035,67878.40166666667,0.2605566060499275,,,,,,none,True,,,,,,,,,,,,,,no_pattern_at_sr
2026-03-07T13:34:31.157351+00:00,BTCUSD,cobra,24433879,H1,HOLD,HOLD,NONE,0,394.8790049621931,0,,,,,,,,,,,,,,,,17.12,17.12,67981.76,68073.63,67927.34,67997.63,,,,,,,,69196.77260452035,67878.40166666667,0.2605566060499275,,,,,,none,True,,,,,,,,,,,,,,no_pattern_at_sr
2026-03-07T13:35:31.525108+00:00,BTCUSD,cobra,24433879,H1,HOLD,HOLD,NONE,0,394.8790049621931,0,,,,,,,,,,,,,,,,17.02,17.02,67981.76,68073.63,67927.34,67983.28,,,,,,,,69196.77260452035,67878.40166666667,0.2605566060499275,,,,,,none,True,,,,,,,,,,,,,,no_pattern_at_sr
2026-03-07T13:36:31.921919+00:00,BTCUSD,cobra,24433879,H1,HOLD,HOLD,NONE,0,394.8790049621931,0,,,,,,,,,,,,,,,,16.98,16.98,67981.76,68073.63,67927.34,67985.88,,,,,,,,69196.77260452035,67878.40166666667,0.2605566060499275,,,,,,none,True,,,,,,,,,,,,,,no_pattern_at_sr
2026-03-07T13:37:32.279783+00:00,BTCUSD,cobra,24433879,H1,HOLD,HOLD,NONE,0,394.8790049621931,0,,,,,,,,,,,,,,,,17.11,17.11,67981.76,68073.63,67927.34,67974.12,,,,,,,,69196.77260452035,67878.40166666667,0.2605566060499275,,,,,,none,True,,,,,,,,,,,,,,no_pattern_at_sr
2026-03-07T13:38:32.609949+00:00,BTCUSD,cobra,24433879,H1,HOLD,HOLD,NONE,0,394.8790049621931,0,,,,,,,,,,,,,,,,17.09,17.09,67981.76,68073.63,67927.34,67943.61,,,,,,,,69196.77260452035,67878.40166666667,0.2605566060499275,,,,,,none,True,,,,,,,,,,,,,,no_pattern_at_sr
2026-03-07T13:39:32.942723+00:00,BTCUSD,cobra,24433879,H1,HOLD,HOLD,NONE,0,400.7290049621927,0,,,,,,,,,,,,,,,,17.02,17.02,67981.76,68073.63,67845.44,67883.77,,,,,,,,69196.77260452035,67878.40166666667,0.25675289799157075,,,,,,none,True,,,,,,,,,,,,,,no_pattern_at_sr
2026-03-07T13:39:32.943356+00:00,USDJPY-STD,cobra,24433879,H1,OUTSIDE_HOURS,OUTSIDE_HOURS,NONE,0,0.22171039224998673,0,,,,,,,,,,,,,,,,0.08,0.08,157.899,157.904,157.77,157.777,,,,,,,,,,,,,,,,,,,,,,,,,,,,,,,
2026-03-07T13:39:32.944264+00:00,EURUSD-STD,cobra,24433879,H1,OUTSIDE_HOURS,OUTSIDE_HOURS,NONE,0,0.00189586925773978,0,,,,,,,,,,,,,,,,0.00025,0.00025,1.16055,1.16175,1.16045,1.16155,,,,,,,,,,,,,,,,,,,,,,,,,,,,,,,
2026-03-07T13:39:32.944765+00:00,XAUUSD-STD,cobra,24433879,H1,OUTSIDE_HOURS,OUTSIDE_HOURS,NONE,0,28.167814097423577,0,,,,,,,,,,,,,,,,0.25,0.25,5153.29,5174.93,5150.9,5174.72,,,,,,,,,,,,,,,,,,,,,,,,,,,,,,,
2026-03-07T13:39:32.946235+00:00,USOUSD-STD,cobra,24433879,H1,OUTSIDE_HOURS,OUTSIDE_HOURS,NONE,0,1.6316696955416603,0,,,,,,,,,,,,,,,,0.032,0.032,90.756,91.581,90.646,91.396,,,,,,,,,,,,,,,,,,,,,,,,,,,,,,,
2026-03-07T13:40:33.273684+00:00,BTCUSD,cobra,24433879,H1,HOLD,HOLD,NONE,0,400.7290049621927,0,,,,,,,,,,,,,,,,16.97,16.97,67981.76,68073.63,67845.44,67879.47,,,,,,,,69196.77260452035,67878.40166666667,0.25675289799157075,,,,,,none,True,,,,,,,,,,,,,,no_pattern_at_sr
2026-03-07T13:41:33.616221+00:00,BTCUSD,cobra,24433879,H1,HOLD,HOLD,NONE,0,400.7290049621927,0,,,,,,,,,,,,,,,,17.11,17.11,67981.76,68073.63,67845.44,67909.26,,,,,,,,69196.77260452035,67878.40166666667,0.25675289799157075,,,,,,none,True,,,,,,,,,,,,,,no_pattern_at_sr
2026-03-07T13:42:34.187497+00:00,BTCUSD,cobra,24433879,H1,HOLD,HOLD,NONE,0,400.7290049621927,0,,,,,,,,,,,,,,,,17.09,17.09,67981.76,68073.63,67845.44,67926.56,,,,,,,,69196.77260452035,67878.40166666667,0.25675289799157075,,,,,,none,True,,,,,,,,,,,,,,no_pattern_at_sr
2026-03-07T13:43:34.536961+00:00,BTCUSD,cobra,24433879,H1,HOLD,HOLD,NONE,0,400.7290049621927,0,,,,,,,,,,,,,,,,17.08,17.08,67981.76,68073.63,67845.44,67920.85,,,,,,,,69196.77260452035,67878.40166666667,0.25675289799157075,,,,,,none,True,,,,,,,,,,,,,,no_pattern_at_sr
2026-03-07T13:44:34.920770+00:00,BTCUSD,cobra,24433879,H1,HOLD,HOLD,NONE,0,400.7290049621927,0,,,,,,,,,,,,,,,,16.98,16.98,67981.76,68073.63,67845.44,67939.1,,,,,,,,69196.77260452035,67878.40166666667,0.25675289799157075,,,,,,none,True,,,,,,,,,,,,,,no_pattern_at_sr
2026-03-07T13:45:35.496806+00:00,BTCUSD,cobra,24433879,H1,HOLD,HOLD,NONE,0,400.7290049621927,0,,,,,,,,,,,,,,,,17.03,17.03,67981.76,68073.63,67845.44,67894.53,,,,,,,,69196.77260452035,67878.40166666667,0.25675289799157075,,,,,,none,True,,,,,,,,,,,,,,no_pattern_at_sr
2026-03-07T13:46:35.854329+00:00,BTCUSD,cobra,24433879,H1,HOLD,HOLD,NONE,0,400.7290049621927,0,,,,,,,,,,,,,,,,17.01,17.01,67981.76,68073.63,67845.44,67920.92,,,,,,,,69196.77260452035,67878.40166666667,0.25675289799157075,,,,,,none,True,,,,,,,,,,,,,,no_pattern_at_sr
2026-03-07T13:47:36.221955+00:00,BTCUSD,cobra,24433879,H1,HOLD,HOLD,NONE,0,400.7290049621927,0,,,,,,,,,,,,,,,,17.08,17.08,67981.76,68073.63,67845.44,67920.13,,,,,,,,69196.77260452035,67878.40166666667,0.25675289799157075,,,,,,none,True,,,,,,,,,,,,,,no_pattern_at_sr
2026-03-07T13:48:36.598133+00:00,BTCUSD,cobra,24433879,H1,HOLD,HOLD,NONE,0,400.7290049621927,0,,,,,,,,,,,,,,,,17.02,17.02,67981.76,68073.63,67845.44,67906.14,,,,,,,,69196.77260452035,67878.40166666667,0.25675289799157075,,,,,,none,True,,,,,,,,,,,,,,no_pattern_at_sr
2026-03-07T13:49:36.962694+00:00,BTCUSD,cobra,24433879,H1,HOLD,HOLD,NONE,0,400.7290049621927,0,,,,,,,,,,,,,,,,16.96,16.96,67981.76,68073.63,67845.44,67904.29,,,,,,,,69196.77260452035,67878.40166666667,0.25675289799157075,,,,,,none,True,,,,,,,,,,,,,,no_pattern_at_sr
2026-03-07T13:49:36.963130+00:00,USDJPY-STD,cobra,24433879,H1,OUTSIDE_HOURS,OUTSIDE_HOURS,NONE,0,0.22171039224998673,0,,,,,,,,,,,,,,,,0.08,0.08,157.899,157.904,157.77,157.777,,,,,,,,,,,,,,,,,,,,,,,,,,,,,,,
2026-03-07T13:49:36.963809+00:00,EURUSD-STD,cobra,24433879,H1,OUTSIDE_HOURS,OUTSIDE_HOURS,NONE,0,0.00189586925773978,0,,,,,,,,,,,,,,,,0.00025,0.00025,1.16055,1.16175,1.16045,1.16155,,,,,,,,,,,,,,,,,,,,,,,,,,,,,,,
2026-03-07T13:49:36.964714+00:00,XAUUSD-STD,cobra,24433879,H1,OUTSIDE_HOURS,OUTSIDE_HOURS,NONE,0,28.167814097423577,0,,,,,,,,,,,,,,,,0.25,0.25,5153.29,5174.93,5150.9,5174.72,,,,,,,,,,,,,,,,,,,,,,,,,,,,,,,
2026-03-07T13:49:36.965285+00:00,USOUSD-STD,cobra,24433879,H1,OUTSIDE_HOURS,OUTSIDE_HOURS,NONE,0,1.6316696955416603,0,,,,,,,,,,,,,,,,0.032,0.032,90.756,91.581,90.646,91.396,,,,,,,,,,,,,,,,,,,,,,,,,,,,,,,
2026-03-07T13:50:37.406648+00:00,BTCUSD,cobra,24433879,H1,HOLD,HOLD,NONE,0,400.7290049621927,0,,,,,,,,,,,,,,,,17.0,17.0,67981.76,68073.63,67845.44,67908.72,,,,,,,,69196.77260452035,67878.40166666667,0.25675289799157075,,,,,,none,True,,,,,,,,,,,,,,no_pattern_at_sr
2026-03-07T13:51:37.745348+00:00,BTCUSD,cobra,24433879,H1,HOLD,HOLD,NONE,0,400.7290049621927,0,,,,,,,,,,,,,,,,17.01,17.01,67981.76,68073.63,67845.44,67922.2,,,,,,,,69196.77260452035,67878.40166666667,0.25675289799157075,,,,,,none,True,,,,,,,,,,,,,,no_pattern_at_sr
2026-03-07T13:52:38.096881+00:00,BTCUSD,cobra,24433879,H1,HOLD,HOLD,NONE,0,400.7290049621927,0,,,,,,,,,,,,,,,,17.05,17.05,67981.76,68073.63,67845.44,67930.52,,,,,,,,69196.77260452035,67878.40166666667,0.25675289799157075,,,,,,none,True,,,,,,,,,,,,,,no_pattern_at_sr
2026-03-07T13:53:38.467165+00:00,BTCUSD,cobra,24433879,H1,HOLD,HOLD,NONE,0,400.7290049621927,0,,,,,,,,,,,,,,,,16.99,16.99,67981.76,68073.63,67845.44,67953.32,,,,,,,,69196.77260452035,67878.40166666667,0.25675289799157075,,,,,,none,True,,,,,,,,,,,,,,no_pattern_at_sr
2026-03-07T13:54:38.817117+00:00,BTCUSD,cobra,24433879,H1,HOLD,HOLD,NONE,0,400.7290049621927,0,,,,,,,,,,,,,,,,16.96,16.96,67981.76,68073.63,67845.44,67925.22,,,,,,,,69196.77260452035,67878.40166666667,0.25675289799157075,,,,,,none,True,,,,,,,,,,,,,,no_pattern_at_sr
2026-03-07T13:55:39.180878+00:00,BTCUSD,cobra,24433879,H1,HOLD,HOLD,NONE,0,400.7290049621927,0,,,,,,,,,,,,,,,,16.98,16.98,67981.76,68073.63,67845.44,67916.62,,,,,,,,69196.77260452035,67878.40166666667,0.25675289799157075,,,,,,none,True,,,,,,,,,,,,,,no_pattern_at_sr
2026-03-07T13:56:39.558456+00:00,BTCUSD,cobra,24433879,H1,HOLD,HOLD,NONE,0,400.7290049621927,0,,,,,,,,,,,,,,,,17.07,17.07,67981.76,68073.63,67845.44,67921.07,,,,,,,,69196.77260452035,67878.40166666667,0.25675289799157075,,,,,,none,True,,,,,,,,,,,,,,no_pattern_at_sr
2026-03-07T13:57:39.905203+00:00,BTCUSD,cobra,24433879,H1,HOLD,HOLD,NONE,0,400.7290049621927,0,,,,,,,,,,,,,,,,17.11,17.11,67981.76,68073.63,67845.44,67895.31,,,,,,,,69196.77260452035,67878.40166666667,0.25675289799157075,,,,,,none,True,,,,,,,,,,,,,,no_pattern_at_sr
2026-03-07T13:58:40.267953+00:00,BTCUSD,cobra,24433879,H1,HOLD,HOLD,NONE,0,400.7290049621927,0,,,,,,,,,,,,,,,,16.95,16.95,67981.76,68073.63,67845.44,67913.71,,,,,,,,69196.77260452035,67878.40166666667,0.25675289799157075,,,,,,none,True,,,,,,,,,,,,,,no_pattern_at_sr
2026-03-07T13:59:40.612885+00:00,BTCUSD,cobra,24433879,H1,HOLD,HOLD,NONE,0,400.7290049621927,0,,,,,,,,,,,,,,,,16.98,16.98,67981.76,68073.63,67845.44,67923.11,,,,,,,,69196.77260452035,67878.40166666667,0.25675289799157075,,,,,,none,True,,,,,,,,,,,,,,no_pattern_at_sr
2026-03-07T13:59:40.613437+00:00,USDJPY-STD,cobra,24433879,H1,OUTSIDE_HOURS,OUTSIDE_HOURS,NONE,0,0.22171039224998673,0,,,,,,,,,,,,,,,,0.08,0.08,157.899,157.904,157.77,157.777,,,,,,,,,,,,,,,,,,,,,,,,,,,,,,,
2026-03-07T13:59:40.613958+00:00,EURUSD-STD,cobra,24433879,H1,OUTSIDE_HOURS,OUTSIDE_HOURS,NONE,0,0.00189586925773978,0,,,,,,,,,,,,,,,,0.00025,0.00025,1.16055,1.16175,1.16045,1.16155,,,,,,,,,,,,,,,,,,,,,,,,,,,,,,,
2026-03-07T13:59:40.614450+00:00,XAUUSD-STD,cobra,24433879,H1,OUTSIDE_HOURS,OUTSIDE_HOURS,NONE,0,28.167814097423577,0,,,,,,,,,,,,,,,,0.25,0.25,5153.29,5174.93,5150.9,5174.72,,,,,,,,,,,,,,,,,,,,,,,,,,,,,,,
2026-03-07T13:59:40.615139+00:00,USOUSD-STD,cobra,24433879,H1,OUTSIDE_HOURS,OUTSIDE_HOURS,NONE,0,1.6316696955416603,0,,,,,,,,,,,,,,,,0.032,0.032,90.756,91.581,90.646,91.396,,,,,,,,,,,,,,,,,,,,,,,,,,,,,,,
2026-03-07T14:00:40.968764+00:00,BTCUSD,cobra,24433879,H1,HOLD,HOLD,NONE,0,374.18409570739846,0,,,,,,,,,,,,,,,,16.97,16.97,67917.37,67917.37,67890.86,67890.86,,,,,,,,69146.67149180332,67873.69285714286,0.12364807427124867,,,,,,none,True,,,,,,,,,,,,,,no_pattern_at_sr
2026-03-07T14:01:41.349959+00:00,BTCUSD,cobra,24433879,H1,HOLD,HOLD,NONE,0,377.87266713596983,0,,,,,,,,,,,,,,,,16.96,16.96,67917.37,67917.37,67839.22,67839.22,,,,,,,,69146.67149180332,67878.40166666667,0.10997972848451719,,,,,,none,True,,,,,,,,,,,,,,no_pattern_at_sr
2026-03-07T14:02:41.723094+00:00,BTCUSD,cobra,24433879,H1,HOLD,HOLD,NONE,0,384.8933814216847,0,,,,,,,,,,,,,,,,17.07,17.07,67917.37,67917.37,67740.93,67757.15,,,,,,,,69146.67149180332,67878.40166666667,0.10797362422764936,,,,,,none,True,,,,,,,,,,,,,,no_pattern_at_sr
2026-03-07T14:03:42.093841+00:00,BTCUSD,cobra,24433879,H1,HOLD,HOLD,NONE,0,384.8933814216847,0,,,,,,,,,,,,,,,,17.05,17.05,67917.37,67917.37,67740.93,67816.13,,,,,,,,69146.67149180332,67878.40166666667,0.10797362422764936,,,,,,none,True,,,,,,,,,,,,,,no_pattern_at_sr
2026-03-07T14:04:42.438672+00:00,BTCUSD,cobra,24433879,H1,HOLD,HOLD,NONE,0,384.8933814216847,0,,,,,,,,,,,,,,,,16.96,16.96,67917.37,67917.37,67740.93,67841.15,,,,,,,,69146.67149180332,67878.40166666667,0.10797362422764936,,,,,,none,True,,,,,,,,,,,,,,no_pattern_at_sr
2026-03-07T14:05:42.793085+00:00,BTCUSD,cobra,24433879,H1,HOLD,HOLD,NONE,0,384.8933814216847,0,,,,,,,,,,,,,,,,17.02,17.02,67917.37,67917.37,67740.93,67813.49,,,,,,,,69146.67149180332,67878.40166666667,0.10797362422764936,,,,,,none,True,,,,,,,,,,,,,,no_pattern_at_sr
2026-03-07T14:06:43.155032+00:00,BTCUSD,cobra,24433879,H1,HOLD,HOLD,NONE,0,384.8933814216847,0,,,,,,,,,,,,,,,,17.01,17.01,67917.37,67917.37,67740.93,67788.17,,,,,,,,69146.67149180332,67878.40166666667,0.10797362422764936,,,,,,none,True,,,,,,,,,,,,,,no_pattern_at_sr
2026-03-07T14:07:43.517045+00:00,BTCUSD,cobra,24433879,H1,HOLD,HOLD,NONE,0,384.8933814216847,0,,,,,,,,,,,,,,,,17.04,17.04,67917.37,67917.37,67740.93,67783.9,,,,,,,,69146.67149180332,67878.40166666667,0.10797362422764936,,,,,,none,True,,,,,,,,,,,,,,no_pattern_at_sr
2026-03-07T14:08:43.866310+00:00,BTCUSD,cobra,24433879,H1,HOLD,HOLD,NONE,0,384.8933814216847,0,,,,,,,,,,,,,,,,17.07,17.07,67917.37,67917.37,67740.93,67770.63,,,,,,,,69146.67149180332,67878.40166666667,0.10797362422764936,,,,,,none,True,,,,,,,,,,,,,,no_pattern_at_sr
2026-03-07T14:09:44.214693+00:00,BTCUSD,cobra,24433879,H1,HOLD,HOLD,NONE,0,386.79552427882686,0,,,,,,,,,,,,,,,,17.02,17.02,67917.37,67917.37,67714.3,67721.93,,,,,,,,69146.67149180332,67878.40166666667,0.10744264275244407,,,,,,none,True,,,,,,,,,,,,,,no_pattern_at_sr
2026-03-07T14:09:44.215229+00:00,USDJPY-STD,cobra,24433879,H1,OUTSIDE_HOURS,OUTSIDE_HOURS,NONE,0,0.22171039224998673,0,,,,,,,,,,,,,,,,0.08,0.08,157.899,157.904,157.77,157.777,,,,,,,,,,,,,,,,,,,,,,,,,,,,,,,
2026-03-07T14:09:44.215893+00:00,EURUSD-STD,cobra,24433879,H1,OUTSIDE_HOURS,OUTSIDE_HOURS,NONE,0,0.00189586925773978,0,,,,,,,,,,,,,,,,0.00025,0.00025,1.16055,1.16175,1.16045,1.16155,,,,,,,,,,,,,,,,,,,,,,,,,,,,,,,
2026-03-07T14:09:44.216542+00:00,XAUUSD-STD,cobra,24433879,H1,OUTSIDE_HOURS,OUTSIDE_HOURS,NONE,0,28.167814097423577,0,,,,,,,,,,,,,,,,0.25,0.25,5153.29,5174.93,5150.9,5174.72,,,,,,,,,,,,,,,,,,,,,,,,,,,,,,,
2026-03-07T14:09:44.217091+00:00,USOUSD-STD,cobra,24433879,H1,OUTSIDE_HOURS,OUTSIDE_HOURS,NONE,0,1.6316696955416603,0,,,,,,,,,,,,,,,,0.032,0.032,90.756,91.581,90.646,91.396,,,,,,,,,,,,,,,,,,,,,,,,,,,,,,,
2026-03-07T14:10:44.612467+00:00,BTCUSD,cobra,24433879,H1,HOLD,HOLD,NONE,0,388.4955242788271,0,,,,,,,,,,,,,,,,17.1,17.1,67917.37,67917.37,67690.5,67726.06,,,,,,,,69146.67149180332,67878.40166666667,0.10697248934972924,,,,,,none,True,,,,,,,,,,,,,,no_pattern_at_sr
2026-03-07T14:11:44.995175+00:00,BTCUSD,cobra,24433879,H1,HOLD,HOLD,NONE,0,393.32766713596953,0,,,,,,,,,,,,,,,,16.97,16.97,67917.37,67917.37,67622.85,67631.95,,,,,,,,69146.67149180332,67878.40166666667,0.10565830173082635,,,,,,none,True,,,,,,,,,,,,,,no_pattern_at_sr
2026-03-07T14:12:45.388796+00:00,BTCUSD,cobra,24433879,H1,HOLD,HOLD,NONE,0,394.36409570739875,0,,,,,,,,,,,,,,,,17.08,17.08,67917.37,67917.37,67608.34,67626.53,,,,,,,,69146.67149180332,67878.40166666667,0.10538062106994853,,,,,,none,True,,,,,,,,,,,,,,no_pattern_at_sr
2026-03-07T14:13:45.734325+00:00,BTCUSD,cobra,24433879,H1,HOLD,HOLD,NONE,0,394.80480999311294,0,,,,,,,,,,,,,,,,17.07,17.07,67917.37,67917.37,67602.17,67622.36,,,,,,,,69146.67149180332,67878.40166666667,0.10526298637055424,,,,,,none,True,,,,,,,,,,,,,,no_pattern_at_sr
2026-03-07T14:14:46.105302+00:00,BTCUSD,cobra,24433879,H1,HOLD,HOLD,NONE,0,394.80480999311294,0,,,,,,,,,,,,,,,,16.98,16.98,67917.37,67917.37,67602.17,67751.0,,,,,,,,69146.67149180332,67878.40166666667,0.10526298637055424,,,,,,none,True,,,,,,,,,,,,,,no_pattern_at_sr
2026-03-07T14:15:46.523895+00:00,BTCUSD,cobra,24433879,H1,HOLD,HOLD,NONE,0,394.80480999311294,0,,,,,,,,,,,,,,,,17.05,17.05,67917.37,67917.37,67602.17,67743.05,,,,,,,,69146.67149180332,67878.40166666667,0.10526298637055424,,,,,,none,True,,,,,,,,,,,,,,no_pattern_at_sr
2026-03-07T14:16:47.104116+00:00,BTCUSD,cobra,24433879,H1,HOLD,HOLD,NONE,0,394.80480999311294,0,,,,,,,,,,,,,,,,17.0,17.0,67917.37,67917.37,67602.17,67740.32,,,,,,,,69146.67149180332,67878.40166666667,0.10526298637055424,,,,,,none,True,,,,,,,,,,,,,,no_pattern_at_sr
2026-03-07T14:17:47.475166+00:00,BTCUSD,cobra,24433879,H1,HOLD,HOLD,NONE,0,394.80480999311294,0,,,,,,,,,,,,,,,,17.05,17.05,67917.37,67917.37,67602.17,67747.15,,,,,,,,69146.67149180332,67878.40166666667,0.10526298637055424,,,,,,none,True,,,,,,,,,,,,,,no_pattern_at_sr
2026-03-07T14:18:48.180155+00:00,BTCUSD,cobra,24433879,H1,HOLD,HOLD,NONE,0,394.80480999311294,0,,,,,,,,,,,,,,,,16.95,16.95,67917.37,67917.37,67602.17,67778.31,,,,,,,,69146.67149180332,67878.40166666667,0.10526298637055424,,,,,,none,True,,,,,,,,,,,,,,no_pattern_at_sr
2026-03-07T14:19:48.576939+00:00,BTCUSD,cobra,24433879,H1,HOLD,HOLD,NONE,0,394.80480999311294,0,,,,,,,,,,,,,,,,17.04,17.04,67917.37,67917.37,67602.17,67773.88,,,,,,,,69146.67149180332,67878.40166666667,0.10526298637055424,,,,,,none,True,,,,,,,,,,,,,,no_pattern_at_sr
2026-03-07T14:19:48.577332+00:00,USDJPY-STD,cobra,24433879,H1,OUTSIDE_HOURS,OUTSIDE_HOURS,NONE,0,0.22171039224998673,0,,,,,,,,,,,,,,,,0.08,0.08,157.899,157.904,157.77,157.777,,,,,,,,,,,,,,,,,,,,,,,,,,,,,,,
2026-03-07T14:19:48.577831+00:00,EURUSD-STD,cobra,24433879,H1,OUTSIDE_HOURS,OUTSIDE_HOURS,NONE,0,0.00189586925773978,0,,,,,,,,,,,,,,,,0.00025,0.00025,1.16055,1.16175,1.16045,1.16155,,,,,,,,,,,,,,,,,,,,,,,,,,,,,,,
2026-03-07T14:19:48.578337+00:00,XAUUSD-STD,cobra,24433879,H1,OUTSIDE_HOURS,OUTSIDE_HOURS,NONE,0,28.167814097423577,0,,,,,,,,,,,,,,,,0.25,0.25,5153.29,5174.93,5150.9,5174.72,,,,,,,,,,,,,,,,,,,,,,,,,,,,,,,
2026-03-07T14:19:48.579605+00:00,USOUSD-STD,cobra,24433879,H1,OUTSIDE_HOURS,OUTSIDE_HOURS,NONE,0,1.6316696955416603,0,,,,,,,,,,,,,,,,0.032,0.032,90.756,91.581,90.646,91.396,,,,,,,,,,,,,,,,,,,,,,,,,,,,,,,
2026-03-07T14:20:48.985616+00:00,BTCUSD,cobra,24433879,H1,HOLD,HOLD,NONE,0,394.80480999311294,0,,,,,,,,,,,,,,,,17.08,17.08,67917.37,67917.37,67602.17,67736.56,,,,,,,,69146.67149180332,67878.40166666667,0.10526298637055424,,,,,,none,True,,,,,,,,,,,,,,no_pattern_at_sr
2026-03-07T14:21:49.340383+00:00,BTCUSD,cobra,24433879,H1,HOLD,HOLD,NONE,0,394.80480999311294,0,,,,,,,,,,,,,,,,17.02,17.02,67917.37,67917.37,67602.17,67747.87,,,,,,,,69146.67149180332,67878.40166666667,0.10526298637055424,,,,,,none,True,,,,,,,,,,,,,,no_pattern_at_sr
2026-03-07T14:22:49.680240+00:00,BTCUSD,cobra,24433879,H1,HOLD,HOLD,NONE,0,394.80480999311294,0,,,,,,,,,,,,,,,,17.02,17.02,67917.37,67917.37,67602.17,67749.57,,,,,,,,69146.67149180332,67878.40166666667,0.10526298637055424,,,,,,none,True,,,,,,,,,,,,,,no_pattern_at_sr
2026-03-07T14:23:50.026916+00:00,BTCUSD,cobra,24433879,H1,HOLD,HOLD,NONE,0,394.80480999311294,0,,,,,,,,,,,,,,,,17.09,17.09,67917.37,67917.37,67602.17,67799.32,,,,,,,,69146.67149180332,67878.40166666667,0.10526298637055424,,,,,,none,True,,,,,,,,,,,,,,no_pattern_at_sr
2026-03-07T14:24:50.368384+00:00,BTCUSD,cobra,24433879,H1,HOLD,HOLD,NONE,0,394.80480999311294,0,,,,,,,,,,,,,,,,17.01,17.01,67917.37,67917.37,67602.17,67779.27,,,,,,,,69146.67149180332,67878.40166666667,0.10526298637055424,,,,,,none,True,,,,,,,,,,,,,,no_pattern_at_sr
2026-03-07T14:25:50.704991+00:00,BTCUSD,cobra,24433879,H1,HOLD,HOLD,NONE,0,394.80480999311294,0,,,,,,,,,,,,,,,,17.03,17.03,67917.37,67917.37,67602.17,67809.67,,,,,,,,69146.67149180332,67878.40166666667,0.10526298637055424,,,,,,none,True,,,,,,,,,,,,,,no_pattern_at_sr
2026-03-07T14:26:51.041873+00:00,BTCUSD,cobra,24433879,H1,HOLD,HOLD,NONE,0,394.80480999311294,0,,,,,,,,,,,,,,,,17.06,17.06,67917.37,67917.37,67602.17,67802.01,,,,,,,,69146.67149180332,67878.40166666667,0.10526298637055424,,,,,,none,True,,,,,,,,,,,,,,no_pattern_at_sr
2026-03-07T14:27:51.399022+00:00,BTCUSD,cobra,24433879,H1,HOLD,HOLD,NONE,0,394.80480999311294,0,,,,,,,,,,,,,,,,17.07,17.07,67917.37,67917.37,67602.17,67799.1,,,,,,,,69146.67149180332,67878.40166666667,0.10526298637055424,,,,,,none,True,,,,,,,,,,,,,,no_pattern_at_sr
2026-03-07T14:28:51.730828+00:00,BTCUSD,cobra,24433879,H1,HOLD,HOLD,NONE,0,394.80480999311294,0,,,,,,,,,,,,,,,,16.97,16.97,67917.37,67917.37,67602.17,67790.37,,,,,,,,69146.67149180332,67878.40166666667,0.10526298637055424,,,,,,none,True,,,,,,,,,,,,,,no_pattern_at_sr
2026-03-07T14:29:52.094029+00:00,BTCUSD,cobra,24433879,H1,HOLD,HOLD,NONE,0,394.80480999311294,0,,,,,,,,,,,,,,,,16.96,16.96,67917.37,67917.37,67602.17,67800.33,,,,,,,,69146.67149180332,67878.40166666667,0.10526298637055424,,,,,,none,True,,,,,,,,,,,,,,no_pattern_at_sr
2026-03-07T14:29:52.094449+00:00,USDJPY-STD,cobra,24433879,H1,OUTSIDE_HOURS,OUTSIDE_HOURS,NONE,0,0.22171039224998673,0,,,,,,,,,,,,,,,,0.08,0.08,157.899,157.904,157.77,157.777,,,,,,,,,,,,,,,,,,,,,,,,,,,,,,,
2026-03-07T14:29:52.095061+00:00,EURUSD-STD,cobra,24433879,H1,OUTSIDE_HOURS,OUTSIDE_HOURS,NONE,0,0.00189586925773978,0,,,,,,,,,,,,,,,,0.00025,0.00025,1.16055,1.16175,1.16045,1.16155,,,,,,,,,,,,,,,,,,,,,,,,,,,,,,,
2026-03-07T14:29:52.095745+00:00,XAUUSD-STD,cobra,24433879,H1,OUTSIDE_HOURS,OUTSIDE_HOURS,NONE,0,28.167814097423577,0,,,,,,,,,,,,,,,,0.25,0.25,5153.29,5174.93,5150.9,5174.72,,,,,,,,,,,,,,,,,,,,,,,,,,,,,,,
2026-03-07T14:29:52.097067+00:00,USOUSD-STD,cobra,24433879,H1,OUTSIDE_HOURS,OUTSIDE_HOURS,NONE,0,1.6316696955416603,0,,,,,,,,,,,,,,,,0.032,0.032,90.756,91.581,90.646,91.396,,,,,,,,,,,,,,,,,,,,,,,,,,,,,,,
2026-03-07T14:30:52.459616+00:00,BTCUSD,cobra,24433879,H1,HOLD,HOLD,NONE,0,394.80480999311294,0,,,,,,,,,,,,,,,,16.99,16.99,67917.37,67917.37,67602.17,67821.55,,,,,,,,69146.67149180332,67878.40166666667,0.10526298637055424,,,,,,none,True,,,,,,,,,,,,,,no_pattern_at_sr
2026-03-07T14:31:52.822508+00:00,BTCUSD,cobra,24433879,H1,HOLD,HOLD,NONE,0,394.80480999311294,0,,,,,,,,,,,,,,,,16.99,16.99,67917.37,67917.37,67602.17,67799.54,,,,,,,,69146.67149180332,67878.40166666667,0.10526298637055424,,,,,,none,True,,,,,,,,,,,,,,no_pattern_at_sr
2026-03-07T14:32:53.199035+00:00,BTCUSD,cobra,24433879,H1,HOLD,HOLD,NONE,0,394.80480999311294,0,,,,,,,,,,,,,,,,16.98,16.98,67917.37,67917.37,67602.17,67800.77,,,,,,,,69146.67149180332,67878.40166666667,0.10526298637055424,,,,,,none,True,,,,,,,,,,,,,,no_pattern_at_sr
2026-03-07T14:33:53.569877+00:00,BTCUSD,cobra,24433879,H1,HOLD,HOLD,NONE,0,394.80480999311294,0,,,,,,,,,,,,,,,,17.08,17.08,67917.37,67917.37,67602.17,67811.11,,,,,,,,69146.67149180332,67878.40166666667,0.10526298637055424,,,,,,none,True,,,,,,,,,,,,,,no_pattern_at_sr
2026-03-07T14:34:53.902581+00:00,BTCUSD,cobra,24433879,H1,HOLD,HOLD,NONE,0,394.80480999311294,0,,,,,,,,,,,,,,,,16.98,16.98,67917.37,67917.37,67602.17,67810.01,,,,,,,,69146.67149180332,67878.40166666667,0.10526298637055424,,,,,,none,True,,,,,,,,,,,,,,no_pattern_at_sr
2026-03-07T14:35:54.236702+00:00,BTCUSD,cobra,24433879,H1,HOLD,HOLD,NONE,0,394.80480999311294,0,,,,,,,,,,,,,,,,17.04,17.04,67917.37,67917.37,67602.17,67853.75,,,,,,,,69146.67149180332,67878.40166666667,0.10526298637055424,,,,,,none,True,,,,,,,,,,,,,,no_pattern_at_sr
2026-03-07T14:36:54.578071+00:00,BTCUSD,cobra,24433879,H1,HOLD,HOLD,NONE,0,394.80480999311294,0,,,,,,,,,,,,,,,,17.0,17.0,67917.37,67917.37,67602.17,67838.67,,,,,,,,69146.67149180332,67878.40166666667,0.10526298637055424,,,,,,none,True,,,,,,,,,,,,,,no_pattern_at_sr
2026-03-07T14:37:54.944452+00:00,BTCUSD,cobra,24433879,H1,HOLD,HOLD,NONE,0,394.80480999311294,0,,,,,,,,,,,,,,,,17.05,17.05,67917.37,67917.37,67602.17,67844.32,,,,,,,,69146.67149180332,67878.40166666667,0.10526298637055424,,,,,,none,True,,,,,,,,,,,,,,no_pattern_at_sr
2026-03-07T14:38:55.321422+00:00,BTCUSD,cobra,24433879,H1,HOLD,HOLD,NONE,0,394.80480999311294,0,,,,,,,,,,,,,,,,17.04,17.04,67917.37,67917.37,67602.17,67906.13,,,,,,,,69146.67149180332,67878.40166666667,0.10526298637055424,,,,,,none,True,,,,,,,,,,,,,,no_pattern_at_sr
2026-03-07T14:39:55.655487+00:00,BTCUSD,cobra,24433879,H1,HOLD,HOLD,NONE,0,406.43052427882685,0,,,,,,,,,,,,,,,,17.04,17.04,67917.37,68082.72,67602.17,68075.66,,,,,,,,69146.67149180332,67918.78857142858,0.002882235711760744,,,,,,none,True,,,,,,,,,,,,,,no_pattern_at_sr
2026-03-07T14:39:55.655876+00:00,USDJPY-STD,cobra,24433879,H1,OUTSIDE_HOURS,OUTSIDE_HOURS,NONE,0,0.22171039224998673,0,,,,,,,,,,,,,,,,0.08,0.08,157.899,157.904,157.77,157.777,,,,,,,,,,,,,,,,,,,,,,,,,,,,,,,
2026-03-07T14:39:55.656364+00:00,EURUSD-STD,cobra,24433879,H1,OUTSIDE_HOURS,OUTSIDE_HOURS,NONE,0,0.00189586925773978,0,,,,,,,,,,,,,,,,0.00025,0.00025,1.16055,1.16175,1.16045,1.16155,,,,,,,,,,,,,,,,,,,,,,,,,,,,,,,
2026-03-07T14:39:55.657045+00:00,XAUUSD-STD,cobra,24433879,H1,OUTSIDE_HOURS,OUTSIDE_HOURS,NONE,0,28.167814097423577,0,,,,,,,,,,,,,,,,0.25,0.25,5153.29,5174.93,5150.9,5174.72,,,,,,,,,,,,,,,,,,,,,,,,,,,,,,,
2026-03-07T14:39:55.657536+00:00,USOUSD-STD,cobra,24433879,H1,OUTSIDE_HOURS,OUTSIDE_HOURS,NONE,0,1.6316696955416603,0,,,,,,,,,,,,,,,,0.032,0.032,90.756,91.581,90.646,91.396,,,,,,,,,,,,,,,,,,,,,,,,,,,,,,,
2026-03-07T14:40:56.004212+00:00,BTCUSD,cobra,24433879,H1,HOLD,HOLD,NONE,0,406.43052427882685,0,,,,,,,,,,,,,,,,17.1,17.1,67917.37,68082.72,67602.17,68012.28,,,,,,,,69146.67149180332,67918.78857142858,0.002882235711760744,,,,,,none,True,,,,,,,,,,,,,,no_pattern_at_sr
2026-03-07T14:41:56.336172+00:00,BTCUSD,cobra,24433879,H1,HOLD,HOLD,NONE,0,406.43052427882685,0,,,,,,,,,,,,,,,,16.97,16.97,67917.37,68082.72,67602.17,68037.87,,,,,,,,69146.67149180332,67918.78857142858,0.002882235711760744,,,,,,none,True,,,,,,,,,,,,,,no_pattern_at_sr
2026-03-07T14:42:56.692973+00:00,BTCUSD,cobra,24433879,H1,HOLD,HOLD,NONE,0,406.43052427882685,0,,,,,,,,,,,,,,,,16.97,16.97,67917.37,68082.72,67602.17,68033.36,,,,,,,,69146.67149180332,67918.78857142858,0.002882235711760744,,,,,,none,True,,,,,,,,,,,,,,no_pattern_at_sr
2026-03-07T14:43:57.045929+00:00,BTCUSD,cobra,24433879,H1,HOLD,HOLD,NONE,0,406.43052427882685,0,,,,,,,,,,,,,,,,16.95,16.95,67917.37,68082.72,67602.17,68014.11,,,,,,,,69146.67149180332,67918.78857142858,0.002882235711760744,,,,,,none,True,,,,,,,,,,,,,,no_pattern_at_sr
2026-03-07T14:44:57.389088+00:00,BTCUSD,cobra,24433879,H1,HOLD,HOLD,NONE,0,406.43052427882685,0,,,,,,,,,,,,,,,,16.98,16.98,67917.37,68082.72,67602.17,68007.36,,,,,,,,69146.67149180332,67918.78857142858,0.002882235711760744,,,,,,none,True,,,,,,,,,,,,,,no_pattern_at_sr
2026-03-07T14:45:57.771528+00:00,BTCUSD,cobra,24433879,H1,HOLD,HOLD,NONE,0,406.43052427882685,0,,,,,,,,,,,,,,,,17.1,17.1,67917.37,68082.72,67602.17,68025.75,,,,,,,,69146.67149180332,67918.78857142858,0.002882235711760744,,,,,,none,True,,,,,,,,,,,,,,no_pattern_at_sr
2026-03-07T14:46:58.118627+00:00,BTCUSD,cobra,24433879,H1,HOLD,HOLD,NONE,0,406.43052427882685,0,,,,,,,,,,,,,,,,17.06,17.06,67917.37,68082.72,67602.17,68037.92,,,,,,,,69146.67149180332,67918.78857142858,0.002882235711760744,,,,,,none,True,,,,,,,,,,,,,,no_pattern_at_sr
2026-03-07T14:47:58.449382+00:00,BTCUSD,cobra,24433879,H1,HOLD,HOLD,NONE,0,406.43052427882685,0,,,,,,,,,,,,,,,,16.99,16.99,67917.37,68082.72,67602.17,68006.49,,,,,,,,69146.67149180332,67918.78857142858,0.002882235711760744,,,,,,none,True,,,,,,,,,,,,,,no_pattern_at_sr
2026-03-07T14:48:58.774632+00:00,BTCUSD,cobra,24433879,H1,HOLD,HOLD,NONE,0,406.43052427882685,0,,,,,,,,,,,,,,,,17.11,17.11,67917.37,68082.72,67602.17,67985.69,,,,,,,,69146.67149180332,67918.78857142858,0.002882235711760744,,,,,,none,True,,,,,,,,,,,,,,no_pattern_at_sr
2026-03-07T14:49:59.110277+00:00,BTCUSD,cobra,24433879,H1,HOLD,HOLD,NONE,0,406.43052427882685,0,,,,,,,,,,,,,,,,17.03,17.03,67917.37,68082.72,67602.17,68033.55,,,,,,,,69146.67149180332,67918.78857142858,0.002882235711760744,,,,,,none,True,,,,,,,,,,,,,,no_pattern_at_sr
2026-03-07T14:49:59.110802+00:00,USDJPY-STD,cobra,24433879,H1,OUTSIDE_HOURS,OUTSIDE_HOURS,NONE,0,0.22171039224998673,0,,,,,,,,,,,,,,,,0.08,0.08,157.899,157.904,157.77,157.777,,,,,,,,,,,,,,,,,,,,,,,,,,,,,,,
2026-03-07T14:49:59.112298+00:00,EURUSD-STD,cobra,24433879,H1,OUTSIDE_HOURS,OUTSIDE_HOURS,NONE,0,0.00189586925773978,0,,,,,,,,,,,,,,,,0.00025,0.00025,1.16055,1.16175,1.16045,1.16155,,,,,,,,,,,,,,,,,,,,,,,,,,,,,,,
2026-03-07T14:49:59.114239+00:00,XAUUSD-STD,cobra,24433879,H1,OUTSIDE_HOURS,OUTSIDE_HOURS,NONE,0,28.167814097423577,0,,,,,,,,,,,,,,,,0.25,0.25,5153.29,5174.93,5150.9,5174.72,,,,,,,,,,,,,,,,,,,,,,,,,,,,,,,
2026-03-07T14:49:59.115538+00:00,USOUSD-STD,cobra,24433879,H1,OUTSIDE_HOURS,OUTSIDE_HOURS,NONE,0,1.6316696955416603,0,,,,,,,,,,,,,,,,0.032,0.032,90.756,91.581,90.646,91.396,,,,,,,,,,,,,,,,,,,,,,,,,,,,,,,
2026-03-07T14:50:59.454562+00:00,BTCUSD,cobra,24433879,H1,HOLD,HOLD,NONE,0,406.43052427882685,0,,,,,,,,,,,,,,,,17.02,17.02,67917.37,68082.72,67602.17,68019.44,,,,,,,,69146.67149180332,67918.78857142858,0.002882235711760744,,,,,,none,True,,,,,,,,,,,,,,no_pattern_at_sr
2026-03-07T14:51:59.792664+00:00,BTCUSD,cobra,24433879,H1,HOLD,HOLD,NONE,0,406.43052427882685,0,,,,,,,,,,,,,,,,17.12,17.12,67917.37,68082.72,67602.17,68043.17,,,,,,,,69146.67149180332,67918.78857142858,0.002882235711760744,,,,,,none,True,,,,,,,,,,,,,,no_pattern_at_sr
2026-03-07T14:53:00.143984+00:00,BTCUSD,cobra,24433879,H1,HOLD,HOLD,NONE,0,406.43052427882685,0,,,,,,,,,,,,,,,,17.01,17.01,67917.37,68082.72,67602.17,68023.13,,,,,,,,69146.67149180332,67918.78857142858,0.002882235711760744,,,,,,none,True,,,,,,,,,,,,,,no_pattern_at_sr
2026-03-07T14:54:00.468167+00:00,BTCUSD,cobra,24433879,H1,HOLD,HOLD,NONE,0,406.43052427882685,0,,,,,,,,,,,,,,,,17.1,17.1,67917.37,68082.72,67602.17,68043.66,,,,,,,,69146.67149180332,67918.78857142858,0.002882235711760744,,,,,,none,True,,,,,,,,,,,,,,no_pattern_at_sr
2026-03-07T14:55:00.797299+00:00,BTCUSD,cobra,24433879,H1,HOLD,HOLD,NONE,0,406.43052427882685,0,,,,,,,,,,,,,,,,16.96,16.96,67917.37,68082.72,67602.17,68037.56,,,,,,,,69146.67149180332,67918.78857142858,0.002882235711760744,,,,,,none,True,,,,,,,,,,,,,,no_pattern_at_sr
2026-03-07T14:56:01.129581+00:00,BTCUSD,cobra,24433879,H1,HOLD,HOLD,NONE,0,406.43052427882685,0,,,,,,,,,,,,,,,,17.1,17.1,67917.37,68082.72,67602.17,68035.17,,,,,,,,69146.67149180332,67918.78857142858,0.002882235711760744,,,,,,none,True,,,,,,,,,,,,,,no_pattern_at_sr
2026-03-07T14:57:01.555734+00:00,BTCUSD,cobra,24433879,H1,HOLD,HOLD,NONE,0,406.43052427882685,0,,,,,,,,,,,,,,,,17.11,17.11,67917.37,68082.72,67602.17,68030.92,,,,,,,,69146.67149180332,67918.78857142858,0.002882235711760744,,,,,,none,True,,,,,,,,,,,,,,no_pattern_at_sr
2026-03-07T14:58:01.931685+00:00,BTCUSD,cobra,24433879,H1,HOLD,HOLD,NONE,0,406.43052427882685,0,,,,,,,,,,,,,,,,16.99,16.99,67917.37,68082.72,67602.17,68028.86,,,,,,,,69146.67149180332,67918.78857142858,0.002882235711760744,,,,,,none,True,,,,,,,,,,,,,,no_pattern_at_sr
2026-03-07T14:59:02.292594+00:00,BTCUSD,cobra,24433879,H1,HOLD,HOLD,NONE,0,406.43052427882685,0,,,,,,,,,,,,,,,,17.04,17.04,67917.37,68082.72,67602.17,68031.43,,,,,,,,69146.67149180332,67918.78857142858,0.002882235711760744,,,,,,none,True,,,,,,,,,,,,,,no_pattern_at_sr
2026-03-07T15:00:02.652958+00:00,BTCUSD,cobra,24433879,H1,HOLD,HOLD,NONE,0,378.0633440104485,0,,,,,,,,,,,,,,,,17.07,17.07,68008.89,68008.91,67999.62,67999.62,,,,,,,,69101.96256848826,68098.27333333333,0.23647712678239613,,,,,,none,True,,,,,,,,,,,,,,no_pattern_at_sr
2026-03-07T15:00:02.653484+00:00,USDJPY-STD,cobra,24433879,H1,OUTSIDE_HOURS,OUTSIDE_HOURS,NONE,0,0.22171039224998673,0,,,,,,,,,,,,,,,,0.08,0.08,157.899,157.904,157.77,157.777,,,,,,,,,,,,,,,,,,,,,,,,,,,,,,,
2026-03-07T15:00:02.654535+00:00,EURUSD-STD,cobra,24433879,H1,OUTSIDE_HOURS,OUTSIDE_HOURS,NONE,0,0.00189586925773978,0,,,,,,,,,,,,,,,,0.00025,0.00025,1.16055,1.16175,1.16045,1.16155,,,,,,,,,,,,,,,,,,,,,,,,,,,,,,,
2026-03-07T15:00:02.655179+00:00,XAUUSD-STD,cobra,24433879,H1,OUTSIDE_HOURS,OUTSIDE_HOURS,NONE,0,28.167814097423577,0,,,,,,,,,,,,,,,,0.25,0.25,5153.29,5174.93,5150.9,5174.72,,,,,,,,,,,,,,,,,,,,,,,,,,,,,,,
2026-03-07T15:00:02.655810+00:00,USOUSD-STD,cobra,24433879,H1,OUTSIDE_HOURS,OUTSIDE_HOURS,NONE,0,1.6316696955416603,0,,,,,,,,,,,,,,,,0.032,0.032,90.756,91.581,90.646,91.396,,,,,,,,,,,,,,,,,,,,,,,,,,,,,,,
2026-03-07T15:01:03.183332+00:00,BTCUSD,cobra,24433879,H1,HOLD,HOLD,NONE,0,378.9147725818769,0,,,,,,,,,,,,,,,,16.94,16.94,68008.89,68008.91,67987.7,68007.12,,,,,,,,69101.96256848826,68098.27333333333,0.23594575826155462,,,,,,none,True,,,,,,,,,,,,,,no_pattern_at_sr
2026-03-07T15:02:03.520070+00:00,BTCUSD,cobra,24433879,H1,HOLD,HOLD,NONE,0,380.7633440104476,0,,,,,,,,,,,,,,,,17.01,17.01,68008.89,68008.91,67961.82,67962.03,,,,,,,,69101.96256848826,68098.27333333333,0.23480026304969726,,,,,,none,True,,,,,,,,,,,,,,no_pattern_at_sr
2026-03-07T15:03:03.924186+00:00,BTCUSD,cobra,24433879,H1,HOLD,HOLD,NONE,0,382.6190582961627,0,,,,,,,,,,,,,,,,17.09,17.09,68008.89,68008.91,67935.84,67982.02,,,,,,,,69101.96256848826,68098.27333333333,0.23366147450013758,,,,,,none,True,,,,,,,,,,,,,,no_pattern_at_sr
2026-03-07T15:04:04.257788+00:00,BTCUSD,cobra,24433879,H1,HOLD,HOLD,NONE,0,382.6190582961627,0,,,,,,,,,,,,,,,,17.03,17.03,68008.89,68008.91,67935.84,68007.82,,,,,,,,69101.96256848826,68098.27333333333,0.23366147450013758,,,,,,none,True,,,,,,,,,,,,,,no_pattern_at_sr
2026-03-07T15:05:04.590439+00:00,BTCUSD,cobra,24433879,H1,HOLD,HOLD,NONE,0,382.84905829616275,0,,,,,,,,,,,,,,,,17.0,17.0,68008.89,68012.13,67935.84,67976.86,,,,,,,,69101.96256848826,68098.27333333333,0.23352110027700582,,,,,,none,True,,,,,,,,,,,,,,no_pattern_at_sr
2026-03-07T15:06:04.933470+00:00,BTCUSD,cobra,24433879,H1,HOLD,HOLD,NONE,0,382.84905829616275,0,,,,,,,,,,,,,,,,16.96,16.96,68008.89,68012.13,67935.84,67975.89,,,,,,,,69101.96256848826,68098.27333333333,0.23352110027700582,,,,,,none,True,,,,,,,,,,,,,,no_pattern_at_sr
2026-03-07T15:07:05.306964+00:00,BTCUSD,cobra,24433879,H1,HOLD,HOLD,NONE,0,382.84905829616275,0,,,,,,,,,,,,,,,,17.01,17.01,68008.89,68012.13,67935.84,67988.24,,,,,,,,69101.96256848826,68098.27333333333,0.23352110027700582,,,,,,none,True,,,,,,,,,,,,,,no_pattern_at_sr
2026-03-07T15:08:05.653045+00:00,BTCUSD,cobra,24433879,H1,HOLD,HOLD,NONE,0,382.9954868675905,0,,,,,,,,,,,,,,,,17.11,17.11,68008.89,68014.18,67935.84,68002.16,,,,,,,,69101.96256848826,68098.27333333333,0.23343181943092728,,,,,,none,True,,,,,,,,,,,,,,no_pattern_at_sr
2026-03-07T15:09:05.996863+00:00,BTCUSD,cobra,24433879,H1,HOLD,HOLD,NONE,0,382.9954868675905,0,,,,,,,,,,,,,,,,16.97,16.97,68008.89,68014.18,67935.84,67997.82,,,,,,,,69101.96256848826,68098.27333333333,0.23343181943092728,,,,,,none,True,,,,,,,,,,,,,,no_pattern_at_sr
2026-03-07T15:10:06.346649+00:00,BTCUSD,cobra,24433879,H1,HOLD,HOLD,NONE,0,382.9954868675905,0,,,,,,,,,,,,,,,,17.0,17.0,68008.89,68014.18,67935.84,67989.9,,,,,,,,69101.96256848826,68098.27333333333,0.23343181943092728,,,,,,none,True,,,,,,,,,,,,,,no_pattern_at_sr
2026-03-07T15:10:06.347250+00:00,USDJPY-STD,cobra,24433879,H1,OUTSIDE_HOURS,OUTSIDE_HOURS,NONE,0,0.22171039224998673,0,,,,,,,,,,,,,,,,0.08,0.08,157.899,157.904,157.77,157.777,,,,,,,,,,,,,,,,,,,,,,,,,,,,,,,
2026-03-07T15:10:06.347904+00:00,EURUSD-STD,cobra,24433879,H1,OUTSIDE_HOURS,OUTSIDE_HOURS,NONE,0,0.00189586925773978,0,,,,,,,,,,,,,,,,0.00025,0.00025,1.16055,1.16175,1.16045,1.16155,,,,,,,,,,,,,,,,,,,,,,,,,,,,,,,
2026-03-07T15:10:06.348400+00:00,XAUUSD-STD,cobra,24433879,H1,OUTSIDE_HOURS,OUTSIDE_HOURS,NONE,0,28.167814097423577,0,,,,,,,,,,,,,,,,0.25,0.25,5153.29,5174.93,5150.9,5174.72,,,,,,,,,,,,,,,,,,,,,,,,,,,,,,,
2026-03-07T15:10:06.349603+00:00,USOUSD-STD,cobra,24433879,H1,OUTSIDE_HOURS,OUTSIDE_HOURS,NONE,0,1.6316696955416603,0,,,,,,,,,,,,,,,,0.032,0.032,90.756,91.581,90.646,91.396,,,,,,,,,,,,,,,,,,,,,,,,,,,,,,,
2026-03-07T15:11:06.699100+00:00,BTCUSD,cobra,24433879,H1,HOLD,HOLD,NONE,0,382.9954868675905,0,,,,,,,,,,,,,,,,17.0,17.0,68008.89,68014.18,67935.84,67948.61,,,,,,,,69101.96256848826,68098.27333333333,0.23343181943092728,,,,,,none,True,,,,,,,,,,,,,,no_pattern_at_sr
2026-03-07T15:12:07.030053+00:00,BTCUSD,cobra,24433879,H1,HOLD,HOLD,NONE,0,383.413344010447,0,,,,,,,,,,,,,,,,17.09,17.09,68008.89,68014.18,67929.99,67932.11,,,,,,,,69101.96256848826,68098.27333333333,0.23317741734857161,,,,,,none,True,,,,,,,,,,,,,,no_pattern_at_sr
2026-03-07T15:13:07.365386+00:00,BTCUSD,cobra,24433879,H1,HOLD,HOLD,NONE,0,384.8469154390189,0,,,,,,,,,,,,,,,,17.08,17.08,68008.89,68014.18,67909.92,67938.33,,,,,,,,69101.96256848826,68098.27333333333,0.2323088213695243,,,,,,none,True,,,,,,,,,,,,,,no_pattern_at_sr
2026-03-07T15:14:07.727199+00:00,BTCUSD,cobra,24433879,H1,HOLD,HOLD,NONE,0,384.8469154390189,0,,,,,,,,,,,,,,,,17.03,17.03,68008.89,68014.18,67909.92,67944.62,,,,,,,,69101.96256848826,68098.27333333333,0.2323088213695243,,,,,,none,True,,,,,,,,,,,,,,no_pattern_at_sr
2026-03-07T15:15:08.096719+00:00,BTCUSD,cobra,24433879,H1,HOLD,HOLD,NONE,0,384.8469154390189,0,,,,,,,,,,,,,,,,16.99,16.99,68008.89,68014.18,67909.92,67935.03,,,,,,,,69101.96256848826,68098.27333333333,0.2323088213695243,,,,,,none,True,,,,,,,,,,,,,,no_pattern_at_sr
2026-03-07T15:16:08.418742+00:00,BTCUSD,cobra,24433879,H1,HOLD,HOLD,NONE,0,384.8469154390189,0,,,,,,,,,,,,,,,,17.09,17.09,68008.89,68014.18,67909.92,67974.05,,,,,,,,69101.96256848826,68098.27333333333,0.2323088213695243,,,,,,none,True,,,,,,,,,,,,,,no_pattern_at_sr
2026-03-07T15:17:08.737950+00:00,BTCUSD,cobra,24433879,H1,HOLD,HOLD,NONE,0,384.8469154390189,0,,,,,,,,,,,,,,,,16.98,16.98,68008.89,68014.18,67909.92,67969.06,,,,,,,,69101.96256848826,68098.27333333333,0.2323088213695243,,,,,,none,True,,,,,,,,,,,,,,no_pattern_at_sr
2026-03-07T15:18:09.087927+00:00,BTCUSD,cobra,24433879,H1,HOLD,HOLD,NONE,0,384.8469154390189,0,,,,,,,,,,,,,,,,17.12,17.12,68008.89,68014.18,67909.92,67981.47,,,,,,,,69101.96256848826,68098.27333333333,0.2323088213695243,,,,,,none,True,,,,,,,,,,,,,,no_pattern_at_sr
2026-03-07T15:19:09.452383+00:00,BTCUSD,cobra,24433879,H1,HOLD,HOLD,NONE,0,384.8469154390189,0,,,,,,,,,,,,,,,,16.95,16.95,68008.89,68014.18,67909.92,67954.37,,,,,,,,69101.96256848826,68098.27333333333,0.2323088213695243,,,,,,none,True,,,,,,,,,,,,,,no_pattern_at_sr
2026-03-07T15:20:09.769688+00:00,BTCUSD,cobra,24433879,H1,HOLD,HOLD,NONE,0,385.1569154390187,0,,,,,,,,,,,,,,,,17.11,17.11,68008.89,68014.18,67905.58,67908.28,,,,,,,,69101.96256848826,68098.27333333333,0.23212184372031758,,,,,,none,True,,,,,,,,,,,,,,no_pattern_at_sr
2026-03-07T15:20:09.770190+00:00,USDJPY-STD,cobra,24433879,H1,OUTSIDE_HOURS,OUTSIDE_HOURS,NONE,0,0.22171039224998673,0,,,,,,,,,,,,,,,,0.08,0.08,157.899,157.904,157.77,157.777,,,,,,,,,,,,,,,,,,,,,,,,,,,,,,,
2026-03-07T15:20:09.770711+00:00,EURUSD-STD,cobra,24433879,H1,OUTSIDE_HOURS,OUTSIDE_HOURS,NONE,0,0.00189586925773978,0,,,,,,,,,,,,,,,,0.00025,0.00025,1.16055,1.16175,1.16045,1.16155,,,,,,,,,,,,,,,,,,,,,,,,,,,,,,,
2026-03-07T15:20:09.771207+00:00,XAUUSD-STD,cobra,24433879,H1,OUTSIDE_HOURS,OUTSIDE_HOURS,NONE,0,28.167814097423577,0,,,,,,,,,,,,,,,,0.25,0.25,5153.29,5174.93,5150.9,5174.72,,,,,,,,,,,,,,,,,,,,,,,,,,,,,,,
2026-03-07T15:20:09.771846+00:00,USOUSD-STD,cobra,24433879,H1,OUTSIDE_HOURS,OUTSIDE_HOURS,NONE,0,1.6316696955416603,0,,,,,,,,,,,,,,,,0.032,0.032,90.756,91.581,90.646,91.396,,,,,,,,,,,,,,,,,,,,,,,,,,,,,,,
2026-03-07T15:21:10.144776+00:00,BTCUSD,cobra,24433879,H1,HOLD,HOLD,NONE,0,389.08048686759065,0,,,,,,,,,,,,,,,,16.97,16.97,68008.89,68014.18,67850.65,67888.14,,,,,,,,69101.96256848826,68098.27333333333,0.2297810770545289,,,,,,none,True,,,,,,,,,,,,,,no_pattern_at_sr
2026-03-07T15:22:10.464675+00:00,BTCUSD,cobra,24433879,H1,HOLD,HOLD,NONE,0,389.08048686759065,0,,,,,,,,,,,,,,,,17.07,17.07,68008.89,68014.18,67850.65,67880.41,,,,,,,,69101.96256848826,68098.27333333333,0.2297810770545289,,,,,,none,True,,,,,,,,,,,,,,no_pattern_at_sr
2026-03-07T15:23:10.792365+00:00,BTCUSD,cobra,24433879,H1,HOLD,HOLD,NONE,0,389.08048686759065,0,,,,,,,,,,,,,,,,16.98,16.98,68008.89,68014.18,67850.65,67927.85,,,,,,,,69101.96256848826,68098.27333333333,0.2297810770545289,,,,,,none,True,,,,,,,,,,,,,,no_pattern_at_sr
2026-03-07T15:24:11.130183+00:00,BTCUSD,cobra,24433879,H1,HOLD,HOLD,NONE,0,389.08048686759065,0,,,,,,,,,,,,,,,,17.11,17.11,68008.89,68014.18,67850.65,67945.89,,,,,,,,69101.96256848826,68098.27333333333,0.2297810770545289,,,,,,none,True,,,,,,,,,,,,,,no_pattern_at_sr
2026-03-07T15:25:11.446827+00:00,BTCUSD,cobra,24433879,H1,HOLD,HOLD,NONE,0,389.08048686759065,0,,,,,,,,,,,,,,,,17.03,17.03,68008.89,68014.18,67850.65,67932.79,,,,,,,,69101.96256848826,68098.27333333333,0.2297810770545289,,,,,,none,True,,,,,,,,,,,,,,no_pattern_at_sr
2026-03-07T15:26:11.765345+00:00,BTCUSD,cobra,24433879,H1,HOLD,HOLD,NONE,0,389.08048686759065,0,,,,,,,,,,,,,,,,17.11,17.11,68008.89,68014.18,67850.65,67922.17,,,,,,,,69101.96256848826,68098.27333333333,0.2297810770545289,,,,,,none,True,,,,,,,,,,,,,,no_pattern_at_sr
2026-03-07T15:27:12.171885+00:00,BTCUSD,cobra,24433879,H1,HOLD,HOLD,NONE,0,389.08048686759065,0,,,,,,,,,,,,,,,,17.04,17.04,68008.89,68014.18,67850.65,67905.35,,,,,,,,69101.96256848826,68098.27333333333,0.2297810770545289,,,,,,none,True,,,,,,,,,,,,,,no_pattern_at_sr
2026-03-07T15:28:12.544376+00:00,BTCUSD,cobra,24433879,H1,HOLD,HOLD,NONE,0,389.08048686759065,0,,,,,,,,,,,,,,,,17.01,17.01,68008.89,68014.18,67850.65,67900.72,,,,,,,,69101.96256848826,68098.27333333333,0.2297810770545289,,,,,,none,True,,,,,,,,,,,,,,no_pattern_at_sr
2026-03-07T15:29:13.031258+00:00,BTCUSD,cobra,24433879,H1,HOLD,HOLD,NONE,0,389.08048686759065,0,,,,,,,,,,,,,,,,17.11,17.11,68008.89,68014.18,67850.65,67922.38,,,,,,,,69101.96256848826,68098.27333333333,0.2297810770545289,,,,,,none,True,,,,,,,,,,,,,,no_pattern_at_sr
2026-03-07T15:30:13.427666+00:00,BTCUSD,cobra,24433879,H1,HOLD,HOLD,NONE,0,389.08048686759065,0,,,,,,,,,,,,,,,,16.98,16.98,68008.89,68014.18,67850.65,67923.04,,,,,,,,69101.96256848826,68098.27333333333,0.2297810770545289,,,,,,none,True,,,,,,,,,,,,,,no_pattern_at_sr
2026-03-07T15:30:13.428224+00:00,USDJPY-STD,cobra,24433879,H1,OUTSIDE_HOURS,OUTSIDE_HOURS,NONE,0,0.22171039224998673,0,,,,,,,,,,,,,,,,0.08,0.08,157.899,157.904,157.77,157.777,,,,,,,,,,,,,,,,,,,,,,,,,,,,,,,
2026-03-07T15:30:13.428770+00:00,EURUSD-STD,cobra,24433879,H1,OUTSIDE_HOURS,OUTSIDE_HOURS,NONE,0,0.00189586925773978,0,,,,,,,,,,,,,,,,0.00025,0.00025,1.16055,1.16175,1.16045,1.16155,,,,,,,,,,,,,,,,,,,,,,,,,,,,,,,
2026-03-07T15:30:13.429423+00:00,XAUUSD-STD,cobra,24433879,H1,OUTSIDE_HOURS,OUTSIDE_HOURS,NONE,0,28.167814097423577,0,,,,,,,,,,,,,,,,0.25,0.25,5153.29,5174.93,5150.9,5174.72,,,,,,,,,,,,,,,,,,,,,,,,,,,,,,,
2026-03-07T15:30:13.430819+00:00,USOUSD-STD,cobra,24433879,H1,OUTSIDE_HOURS,OUTSIDE_HOURS,NONE,0,1.6316696955416603,0,,,,,,,,,,,,,,,,0.032,0.032,90.756,91.581,90.646,91.396,,,,,,,,,,,,,,,,,,,,,,,,,,,,,,,
2026-03-07T15:31:13.841062+00:00,BTCUSD,cobra,24433879,H1,HOLD,HOLD,NONE,0,389.08048686759065,0,,,,,,,,,,,,,,,,17.03,17.03,68008.89,68014.18,67850.65,67924.69,,,,,,,,69101.96256848826,68098.27333333333,0.2297810770545289,,,,,,none,True,,,,,,,,,,,,,,no_pattern_at_sr
2026-03-07T15:32:14.604382+00:00,BTCUSD,cobra,24433879,H1,HOLD,HOLD,NONE,0,389.08048686759065,0,,,,,,,,,,,,,,,,17.09,17.09,68008.89,68014.18,67850.65,67921.71,,,,,,,,69101.96256848826,68098.27333333333,0.2297810770545289,,,,,,none,True,,,,,,,,,,,,,,no_pattern_at_sr
2026-03-07T15:33:14.986843+00:00,BTCUSD,cobra,24433879,H1,HOLD,HOLD,NONE,0,389.08048686759065,0,,,,,,,,,,,,,,,,17.0,17.0,68008.89,68014.18,67850.65,67983.18,,,,,,,,69101.96256848826,68098.27333333333,0.2297810770545289,,,,,,none,True,,,,,,,,,,,,,,no_pattern_at_sr
2026-03-07T15:34:15.398673+00:00,BTCUSD,cobra,24433879,H1,HOLD,HOLD,NONE,0,389.08048686759065,0,,,,,,,,,,,,,,,,17.0,17.0,68008.89,68014.18,67850.65,67984.77,,,,,,,,69101.96256848826,68098.27333333333,0.2297810770545289,,,,,,none,True,,,,,,,,,,,,,,no_pattern_at_sr
2026-03-07T15:35:15.745725+00:00,BTCUSD,cobra,24433879,H1,HOLD,HOLD,NONE,0,390.10262972473436,0,,,,,,,,,,,,,,,,17.1,17.1,68008.89,68028.49,67850.65,68010.22,,,,,,,,69101.96256848826,68098.27333333333,0.2291790070639118,,,,,,none,True,,,,,,,,,,,,,,no_pattern_at_sr
2026-03-07T15:36:16.082088+00:00,BTCUSD,cobra,24433879,H1,HOLD,HOLD,NONE,0,390.10262972473436,0,,,,,,,,,,,,,,,,17.0,17.0,68008.89,68028.49,67850.65,67991.6,,,,,,,,69101.96256848826,68098.27333333333,0.2291790070639118,,,,,,none,True,,,,,,,,,,,,,,no_pattern_at_sr
2026-03-07T15:37:16.488098+00:00,BTCUSD,cobra,24433879,H1,HOLD,HOLD,NONE,0,390.10262972473436,0,,,,,,,,,,,,,,,,16.98,16.98,68008.89,68028.49,67850.65,67970.08,,,,,,,,69101.96256848826,68098.27333333333,0.2291790070639118,,,,,,none,True,,,,,,,,,,,,,,no_pattern_at_sr
2026-03-07T15:38:16.932581+00:00,BTCUSD,cobra,24433879,H1,HOLD,HOLD,NONE,0,390.10262972473436,0,,,,,,,,,,,,,,,,16.99,16.99,68008.89,68028.49,67850.65,67929.0,,,,,,,,69101.96256848826,68098.27333333333,0.2291790070639118,,,,,,none,True,,,,,,,,,,,,,,no_pattern_at_sr
2026-03-07T15:39:17.262284+00:00,BTCUSD,cobra,24433879,H1,HOLD,HOLD,NONE,0,390.9954868675915,0,,,,,,,,,,,,,,,,16.98,16.98,68008.89,68028.49,67838.15,67849.22,,,,,,,,69101.96256848826,68098.27333333333,0.22865566569470766,,,,,,none,True,,,,,,,,,,,,,,no_pattern_at_sr
2026-03-07T15:40:17.589493+00:00,BTCUSD,cobra,24433879,H1,HOLD,HOLD,NONE,0,395.6340582961621,0,,,,,,,,,,,,,,,,17.05,17.05,68008.89,68028.49,67773.21,67845.09,,,,,,,,69101.96256848826,68098.27333333333,0.22597481551097984,,,,,,none,True,,,,,,,,,,,,,,no_pattern_at_sr
2026-03-07T15:40:17.590024+00:00,USDJPY-STD,cobra,24433879,H1,OUTSIDE_HOURS,OUTSIDE_HOURS,NONE,0,0.22171039224998673,0,,,,,,,,,,,,,,,,0.08,0.08,157.899,157.904,157.77,157.777,,,,,,,,,,,,,,,,,,,,,,,,,,,,,,,
2026-03-07T15:40:17.590525+00:00,EURUSD-STD,cobra,24433879,H1,OUTSIDE_HOURS,OUTSIDE_HOURS,NONE,0,0.00189586925773978,0,,,,,,,,,,,,,,,,0.00025,0.00025,1.16055,1.16175,1.16045,1.16155,,,,,,,,,,,,,,,,,,,,,,,,,,,,,,,
2026-03-07T15:40:17.591161+00:00,XAUUSD-STD,cobra,24433879,H1,OUTSIDE_HOURS,OUTSIDE_HOURS,NONE,0,28.167814097423577,0,,,,,,,,,,,,,,,,0.25,0.25,5153.29,5174.93,5150.9,5174.72,,,,,,,,,,,,,,,,,,,,,,,,,,,,,,,
2026-03-07T15:40:17.591759+00:00,USOUSD-STD,cobra,24433879,H1,OUTSIDE_HOURS,OUTSIDE_HOURS,NONE,0,1.6316696955416603,0,,,,,,,,,,,,,,,,0.032,0.032,90.756,91.581,90.646,91.396,,,,,,,,,,,,,,,,,,,,,,,,,,,,,,,
2026-03-07T15:41:17.922654+00:00,BTCUSD,cobra,24433879,H1,HOLD,HOLD,NONE,0,395.6340582961621,0,,,,,,,,,,,,,,,,16.95,16.95,68008.89,68028.49,67773.21,67802.96,,,,,,,,69101.96256848826,68098.27333333333,0.22597481551097984,,,,,,none,True,,,,,,,,,,,,,,no_pattern_at_sr
2026-03-07T15:42:18.334206+00:00,BTCUSD,cobra,24433879,H1,HOLD,HOLD,NONE,0,395.6340582961621,0,,,,,,,,,,,,,,,,17.06,17.06,68008.89,68028.49,67773.21,67821.36,,,,,,,,69101.96256848826,68098.27333333333,0.22597481551097984,,,,,,none,True,,,,,,,,,,,,,,no_pattern_at_sr
2026-03-07T15:45:16.860434+00:00,BTCUSD,cobra,24433879,H1,HOLD,HOLD,NONE,0,395.6340582961621,0,,,,,,,,,,,,,,,,17.12,17.12,68008.89,68028.49,67773.21,67823.23,,,,,,,,69101.96256848826,68098.27333333333,0.22597481551097984,,,,,,none,True,,,,,,,,,,,,,,no_pattern_at_sr
2026-03-07T15:45:16.873289+00:00,USDJPY-STD,cobra,24433879,H1,OUTSIDE_HOURS,OUTSIDE_HOURS,NONE,0,0.22171039224998673,0,,,,,,,,,,,,,,,,0.08,0.08,157.899,157.904,157.77,157.777,,,,,,,,,,,,,,,,,,,,,,,,,,,,,,,
2026-03-07T15:45:16.873879+00:00,EURUSD-STD,cobra,24433879,H1,OUTSIDE_HOURS,OUTSIDE_HOURS,NONE,0,0.00189586925773978,0,,,,,,,,,,,,,,,,0.00025,0.00025,1.16055,1.16175,1.16045,1.16155,,,,,,,,,,,,,,,,,,,,,,,,,,,,,,,
2026-03-07T15:45:16.874344+00:00,XAUUSD-STD,cobra,24433879,H1,OUTSIDE_HOURS,OUTSIDE_HOURS,NONE,0,28.167814097423577,0,,,,,,,,,,,,,,,,0.25,0.25,5153.29,5174.93,5150.9,5174.72,,,,,,,,,,,,,,,,,,,,,,,,,,,,,,,
2026-03-07T15:45:16.874893+00:00,USOUSD-STD,cobra,24433879,H1,OUTSIDE_HOURS,OUTSIDE_HOURS,NONE,0,1.6316696955416603,0,,,,,,,,,,,,,,,,0.032,0.032,90.756,91.581,90.646,91.396,,,,,,,,,,,,,,,,,,,,,,,,,,,,,,,
2026-03-07T15:46:26.038195+00:00,BTCUSD,cobra,24433879,H1,HOLD,HOLD,NONE,0,395.9376297247335,0,,,,,,,,,,,,,,,,17.11,17.11,68008.89,68028.49,67768.96,67795.95,,,,,,,,69101.96256848826,68098.27333333333,0.22580155716821126,,,,,,none,True,,,,,,,,,,,,,,no_pattern_at_sr
2026-03-07T15:46:26.050744+00:00,USDJPY-STD,cobra,24433879,H1,OUTSIDE_HOURS,OUTSIDE_HOURS,NONE,0,0.22171039224998673,0,,,,,,,,,,,,,,,,0.08,0.08,157.899,157.904,157.77,157.777,,,,,,,,,,,,,,,,,,,,,,,,,,,,,,,
2026-03-07T15:46:26.053305+00:00,EURUSD-STD,cobra,24433879,H1,OUTSIDE_HOURS,OUTSIDE_HOURS,NONE,0,0.00189586925773978,0,,,,,,,,,,,,,,,,0.00025,0.00025,1.16055,1.16175,1.16045,1.16155,,,,,,,,,,,,,,,,,,,,,,,,,,,,,,,
2026-03-07T15:46:26.054581+00:00,XAUUSD-STD,cobra,24433879,H1,OUTSIDE_HOURS,OUTSIDE_HOURS,NONE,0,28.167814097423577,0,,,,,,,,,,,,,,,,0.25,0.25,5153.29,5174.93,5150.9,5174.72,,,,,,,,,,,,,,,,,,,,,,,,,,,,,,,
2026-03-07T15:46:26.055378+00:00,USOUSD-STD,cobra,24433879,H1,OUTSIDE_HOURS,OUTSIDE_HOURS,NONE,0,1.6316696955416603,0,,,,,,,,,,,,,,,,0.032,0.032,90.756,91.581,90.646,91.396,,,,,,,,,,,,,,,,,,,,,,,,,,,,,,,
2026-03-07T23:21:16.385497+00:00,BTCUSD,cobra,24433879,H1,SELL,SELL,ENGULFING,0.75,356.8307218367684,0,,,,,,,,,,,,,,,,17.08,17.08,67251.5,67374.48,67177.08,67357.89,,,,,,,,68663.0261295324,,,BEARISH_ENGULF,,,0.5345672004308482,,BEARISH_ENGULF,False,,,,,,,,,,,,,,
2026-03-07T23:21:17.657522+00:00,BTCUSD,cobra,24433879,H1,SELL_EXECUTED,SELL_EXECUTED,ENGULFING,0.75,356.8307218367684,1,67367.42,68259.49680459192,,64691.18958622422,,0.01,592481,,,,,,,99.16,159.28,16.97,16.97,67251.5,67374.48,67177.08,67357.89,,,,,,,,68663.0261295324,,,BEARISH_ENGULF,,,0.5345672004308482,,,,,,,,,,,,,,,,,
2026-03-07T23:21:18.017161+00:00,USDJPY-STD,cobra,24433879,H1,OUTSIDE_HOURS,OUTSIDE_HOURS,NONE,0,0.22171039224998673,0,,,,,,,,,,,,,,,,0.08,0.08,157.899,157.904,157.77,157.777,,,,,,,,,,,,,,,,,,,,,,,,,,,,,,,
2026-03-07T23:21:18.019990+00:00,EURUSD-STD,cobra,24433879,H1,OUTSIDE_HOURS,OUTSIDE_HOURS,NONE,0,0.00189586925773978,0,,,,,,,,,,,,,,,,0.00025,0.00025,1.16055,1.16175,1.16045,1.16155,,,,,,,,,,,,,,,,,,,,,,,,,,,,,,,
2026-03-07T23:21:18.021829+00:00,XAUUSD-STD,cobra,24433879,H1,OUTSIDE_HOURS,OUTSIDE_HOURS,NONE,0,28.167814097423577,0,,,,,,,,,,,,,,,,0.25,0.25,5153.29,5174.93,5150.9,5174.72,,,,,,,,,,,,,,,,,,,,,,,,,,,,,,,
2026-03-07T23:21:18.022389+00:00,USOUSD-STD,cobra,24433879,H1,OUTSIDE_HOURS,OUTSIDE_HOURS,NONE,0,1.6316696955416603,0,,,,,,,,,,,,,,,,0.032,0.032,90.756,91.581,90.646,91.396,,,,,,,,,,,,,,,,,,,,,,,,,,,,,,,
2026-03-07T23:31:21.392872+00:00,USDJPY-STD,cobra,24433879,H1,OUTSIDE_HOURS,OUTSIDE_HOURS,NONE,0,0.22171039224998673,0,,,,,,,,,,,,,,,,0.08,0.08,157.899,157.904,157.77,157.777,,,,,,,,,,,,,,,,,,,,,,,,,,,,,,,
2026-03-07T23:31:21.393492+00:00,EURUSD-STD,cobra,24433879,H1,OUTSIDE_HOURS,OUTSIDE_HOURS,NONE,0,0.00189586925773978,0,,,,,,,,,,,,,,,,0.00025,0.00025,1.16055,1.16175,1.16045,1.16155,,,,,,,,,,,,,,,,,,,,,,,,,,,,,,,
2026-03-07T23:31:21.394222+00:00,XAUUSD-STD,cobra,24433879,H1,OUTSIDE_HOURS,OUTSIDE_HOURS,NONE,0,28.167814097423577,0,,,,,,,,,,,,,,,,0.25,0.25,5153.29,5174.93,5150.9,5174.72,,,,,,,,,,,,,,,,,,,,,,,,,,,,,,,
2026-03-07T23:31:21.394844+00:00,USOUSD-STD,cobra,24433879,H1,OUTSIDE_HOURS,OUTSIDE_HOURS,NONE,0,1.6316696955416603,0,,,,,,,,,,,,,,,,0.032,0.032,90.756,91.581,90.646,91.396,,,,,,,,,,,,,,,,,,,,,,,,,,,,,,,
2026-03-07T23:41:24.753132+00:00,USDJPY-STD,cobra,24433879,H1,OUTSIDE_HOURS,OUTSIDE_HOURS,NONE,0,0.22171039224998673,0,,,,,,,,,,,,,,,,0.08,0.08,157.899,157.904,157.77,157.777,,,,,,,,,,,,,,,,,,,,,,,,,,,,,,,
2026-03-07T23:41:24.753785+00:00,EURUSD-STD,cobra,24433879,H1,OUTSIDE_HOURS,OUTSIDE_HOURS,NONE,0,0.00189586925773978,0,,,,,,,,,,,,,,,,0.00025,0.00025,1.16055,1.16175,1.16045,1.16155,,,,,,,,,,,,,,,,,,,,,,,,,,,,,,,
2026-03-07T23:41:24.754273+00:00,XAUUSD-STD,cobra,24433879,H1,OUTSIDE_HOURS,OUTSIDE_HOURS,NONE,0,28.167814097423577,0,,,,,,,,,,,,,,,,0.25,0.25,5153.29,5174.93,5150.9,5174.72,,,,,,,,,,,,,,,,,,,,,,,,,,,,,,,
2026-03-07T23:41:24.754766+00:00,USOUSD-STD,cobra,24433879,H1,OUTSIDE_HOURS,OUTSIDE_HOURS,NONE,0,1.6316696955416603,0,,,,,,,,,,,,,,,,0.032,0.032,90.756,91.581,90.646,91.396,,,,,,,,,,,,,,,,,,,,,,,,,,,,,,,
2026-03-07T23:51:28.081870+00:00,USDJPY-STD,cobra,24433879,H1,OUTSIDE_HOURS,OUTSIDE_HOURS,NONE,0,0.22171039224998673,0,,,,,,,,,,,,,,,,0.08,0.08,157.899,157.904,157.77,157.777,,,,,,,,,,,,,,,,,,,,,,,,,,,,,,,
2026-03-07T23:51:28.082602+00:00,EURUSD-STD,cobra,24433879,H1,OUTSIDE_HOURS,OUTSIDE_HOURS,NONE,0,0.00189586925773978,0,,,,,,,,,,,,,,,,0.00025,0.00025,1.16055,1.16175,1.16045,1.16155,,,,,,,,,,,,,,,,,,,,,,,,,,,,,,,
2026-03-07T23:51:28.083228+00:00,XAUUSD-STD,cobra,24433879,H1,OUTSIDE_HOURS,OUTSIDE_HOURS,NONE,0,28.167814097423577,0,,,,,,,,,,,,,,,,0.25,0.25,5153.29,5174.93,5150.9,5174.72,,,,,,,,,,,,,,,,,,,,,,,,,,,,,,,
2026-03-07T23:51:28.083920+00:00,USOUSD-STD,cobra,24433879,H1,OUTSIDE_HOURS,OUTSIDE_HOURS,NONE,0,1.6316696955416603,0,,,,,,,,,,,,,,,,0.032,0.032,90.756,91.581,90.646,91.396,,,,,,,,,,,,,,,,,,,,,,,,,,,,,,,
