timestamp,symbol,bot,account,timeframe,signal,signal_type,trigger,confidence,atr,executed,entry_price,sl_price,sl,tp_price,tp,volume_lots,ticket,exit_price,exit_reason,profit,pnl,outcome,duration_minutes,account_balance,account_equity,spread,spread_points,bar_open,bar_high,bar_low,bar_close,ema_fast,ema_slow,ema_separation,rsi,n_bar_high,n_bar_low,conditions_met,ema_50,nearest_sr_level,sr_distance_atr,pattern_type,pin_wick_size,pin_body_ratio,engulf_size_atr,inside_bar_vol_ratio,pattern_detected,sr_nearby,ema_20,momentum_fast_ema,momentum_slow_ema,breakout_high,breakout_low,pullback_distance_atr,volume_ratio,h1_trend,bb_upper,bb_lower,bb_mid,price_position_in_bb,adx,hold_reason
2026-03-09T00:03:59.494391+00:00,USDJPY-STD,cobra,24433879,H1,OUTSIDE_HOURS,OUTSIDE_HOURS,NONE,0,0.23223731764853206,0,,,,,,,,,,,,,,,,0.019,0.019,158.394,158.41,158.301,158.364,,,,,,,,,,,,,,,,,,,,,,,,,,,,,,,
2026-03-09T00:03:59.501457+00:00,EURUSD-STD,cobra,24433879,H1,OUTSIDE_HOURS,OUTSIDE_HOURS,NONE,0,0.002149960895956261,0,,,,,,,,,,,,,,,,0.00014,0.00014,1.15237,1.15275,1.15216,1.15263,,,,,,,,,,,,,,,,,,,,,,,,,,,,,,,
2026-03-09T00:03:59.501871+00:00,XAUUSD-STD,cobra,24433879,H1,OUTSIDE_HOURS,OUTSIDE_HOURS,NONE,0,35.86710366461572,0,,,,,,,,,,,,,,,,0.2,0.2,5075.81,5079.97,5059.21,5067.36,,,,,,,,,,,,,,,,,,,,,,,,,,,,,,,
2026-03-09T00:03:59.502237+00:00,USOUSD-STD,cobra,24433879,H1,OUTSIDE_HOURS,OUTSIDE_HOURS,NONE,0,2.8205475264863753,0,,,,,,,,,,,,,,,,0.032,0.032,108.073,108.123,107.157,107.208,,,,,,,,,,,,,,,,,,,,,,,,,,,,,,,
2026-03-09T00:14:03.044151+00:00,USDJPY-STD,cobra,24433879,H1,OUTSIDE_HOURS,OUTSIDE_HOURS,NONE,0,0.23673731764853326,0,,,,,,,,,,,,,,,,0.019,0.019,158.394,158.473,158.301,158.377,,,,,,,,,,,,,,,,,,,,,,,,,,,,,,,
2026-03-09T00:14:03.044695+00:00,EURUSD-STD,cobra,24433879,H1,OUTSIDE_HOURS,OUTSIDE_HOURS,NONE,0,0.002160675181670553,0,,,,,,,,,,,,,,,,0.00014,0.00014,1.15237,1.15275,1.15201,1.1524,,,,,,,,,,,,,,,,,,,,,,,,,,,,,,,
2026-03-09T00:14:03.045286+00:00,XAUUSD-STD,cobra,24433879,H1,OUTSIDE_HOURS,OUTSIDE_HOURS,NONE,0,38.03853223604427,0,,,,,,,,,,,,,,,,0.2,0.2,5075.81,5079.97,5028.81,5029.24,,,,,,,,,,,,,,,,,,,,,,,,,,,,,,,
2026-03-09T00:14:03.045754+00:00,USOUSD-STD,cobra,24433879,H1,OUTSIDE_HOURS,OUTSIDE_HOURS,NONE,0,2.8672618122006606,0,,,,,,,,,,,,,,,,0.032,0.032,108.073,108.123,106.503,106.773,,,,,,,,,,,,,,,,,,,,,,,,,,,,,,,
2026-03-09T00:24:06.716040+00:00,USDJPY-STD,cobra,24433879,H1,OUTSIDE_HOURS,OUTSIDE_HOURS,NONE,0,0.23702303193424687,0,,,,,,,,,,,,,,,,0.019,0.019,158.394,158.477,158.301,158.452,,,,,,,,,,,,,,,,,,,,,,,,,,,,,,,
2026-03-09T00:24:06.716970+00:00,EURUSD-STD,cobra,24433879,H1,OUTSIDE_HOURS,OUTSIDE_HOURS,NONE,0,0.002179960895956267,0,,,,,,,,,,,,,,,,0.00014,0.00014,1.15237,1.15275,1.15174,1.15208,,,,,,,,,,,,,,,,,,,,,,,,,,,,,,,
2026-03-09T00:24:06.717426+00:00,XAUUSD-STD,cobra,24433879,H1,OUTSIDE_HOURS,OUTSIDE_HOURS,NONE,0,38.04853223604429,0,,,,,,,,,,,,,,,,0.2,0.2,5075.81,5079.97,5028.67,5050.3,,,,,,,,,,,,,,,,,,,,,,,,,,,,,,,
2026-03-09T00:24:06.717981+00:00,USOUSD-STD,cobra,24433879,H1,OUTSIDE_HOURS,OUTSIDE_HOURS,NONE,0,2.8672618122006606,0,,,,,,,,,,,,,,,,0.032,0.032,108.073,108.123,106.503,107.438,,,,,,,,,,,,,,,,,,,,,,,,,,,,,,,
2026-03-09T00:34:10.965159+00:00,USDJPY-STD,cobra,24433879,H1,OUTSIDE_HOURS,OUTSIDE_HOURS,NONE,0,0.23730874621996048,0,,,,,,,,,,,,,,,,0.019,0.019,158.394,158.481,158.301,158.469,,,,,,,,,,,,,,,,,,,,,,,,,,,,,,,
2026-03-09T00:34:10.965960+00:00,EURUSD-STD,cobra,24433879,H1,OUTSIDE_HOURS,OUTSIDE_HOURS,NONE,0,0.002179960895956267,0,,,,,,,,,,,,,,,,0.00014,0.00014,1.15237,1.15275,1.15174,1.15262,,,,,,,,,,,,,,,,,,,,,,,,,,,,,,,
2026-03-09T00:34:10.966474+00:00,XAUUSD-STD,cobra,24433879,H1,OUTSIDE_HOURS,OUTSIDE_HOURS,NONE,0,38.04853223604429,0,,,,,,,,,,,,,,,,0.2,0.2,5075.81,5079.97,5028.67,5052.62,,,,,,,,,,,,,,,,,,,,,,,,,,,,,,,
2026-03-09T00:34:10.967009+00:00,USOUSD-STD,cobra,24433879,H1,OUTSIDE_HOURS,OUTSIDE_HOURS,NONE,0,2.8811903836292316,0,,,,,,,,,,,,,,,,0.032,0.032,108.073,108.318,106.503,108.148,,,,,,,,,,,,,,,,,,,,,,,,,,,,,,,
2026-03-09T00:44:14.723899+00:00,USDJPY-STD,cobra,24433879,H1,OUTSIDE_HOURS,OUTSIDE_HOURS,NONE,0,0.2433087462199607,0,,,,,,,,,,,,,,,,0.019,0.019,158.394,158.565,158.301,158.536,,,,,,,,,,,,,,,,,,,,,,,,,,,,,,,
2026-03-09T00:44:14.724432+00:00,EURUSD-STD,cobra,24433879,H1,OUTSIDE_HOURS,OUTSIDE_HOURS,NONE,0,0.002204246610241982,0,,,,,,,,,,,,,,,,0.00013,0.00013,1.15237,1.15309,1.15174,1.1525400000000001,,,,,,,,,,,,,,,,,,,,,,,,,,,,,,,
2026-03-09T00:44:14.724959+00:00,XAUUSD-STD,cobra,24433879,H1,OUTSIDE_HOURS,OUTSIDE_HOURS,NONE,0,38.04853223604429,0,,,,,,,,,,,,,,,,0.2,0.2,5075.81,5079.97,5028.67,5051.77,,,,,,,,,,,,,,,,,,,,,,,,,,,,,,,
2026-03-09T00:44:14.725355+00:00,USOUSD-STD,cobra,24433879,H1,OUTSIDE_HOURS,OUTSIDE_HOURS,NONE,0,2.9665475264863748,0,,,,,,,,,,,,,,,,0.032,0.032,108.073,109.513,106.503,109.038,,,,,,,,,,,,,,,,,,,,,,,,,,,,,,,
2026-03-09T00:54:18.275336+00:00,USDJPY-STD,cobra,24433879,H1,OUTSIDE_HOURS,OUTSIDE_HOURS,NONE,0,0.24780874621995988,0,,,,,,,,,,,,,,,,0.018,0.018,158.394,158.628,158.301,158.568,,,,,,,,,,,,,,,,,,,,,,,,,,,,,,,
2026-03-09T00:54:18.275845+00:00,EURUSD-STD,cobra,24433879,H1,OUTSIDE_HOURS,OUTSIDE_HOURS,NONE,0,0.002206389467384837,0,,,,,,,,,,,,,,,,0.00013,0.00013,1.15237,1.15309,1.15171,1.15173,,,,,,,,,,,,,,,,,,,,,,,,,,,,,,,
2026-03-09T00:54:18.276353+00:00,XAUUSD-STD,cobra,24433879,H1,OUTSIDE_HOURS,OUTSIDE_HOURS,NONE,0,38.04853223604429,0,,,,,,,,,,,,,,,,0.2,0.2,5075.81,5079.97,5028.67,5041.76,,,,,,,,,,,,,,,,,,,,,,,,,,,,,,,
2026-03-09T00:54:18.276765+00:00,USOUSD-STD,cobra,24433879,H1,OUTSIDE_HOURS,OUTSIDE_HOURS,NONE,0,3.003333240772089,0,,,,,,,,,,,,,,,,0.032,0.032,108.073,110.028,106.503,109.828,,,,,,,,,,,,,,,,,,,,,,,,,,,,,,,
2026-03-09T01:04:21.773381+00:00,USDJPY-STD,cobra,24433879,H1,OUTSIDE_HOURS,OUTSIDE_HOURS,NONE,0,0.240240786764214,0,,,,,,,,,,,,,,,,0.018,0.018,158.643,158.728,158.64,158.668,,,,,,,,,,,,,,,,,,,,,,,,,,,,,,,
2026-03-09T01:04:21.773961+00:00,EURUSD-STD,cobra,24433879,H1,OUTSIDE_HOURS,OUTSIDE_HOURS,NONE,0,0.0021136881841712,0,,,,,,,,,,,,,,,,0.00014,0.00014,1.1516899999999999,1.15182,1.15106,1.15126,,,,,,,,,,,,,,,,,,,,,,,,,,,,,,,
2026-03-09T01:04:21.774411+00:00,XAUUSD-STD,cobra,24433879,H1,OUTSIDE_HOURS,OUTSIDE_HOURS,NONE,0,37.71435198698052,0,,,,,,,,,,,,,,,,0.2,0.2,5047.18,5048.34,5014.97,5040.44,,,,,,,,,,,,,,,,,,,,,,,,,,,,,,,
2026-03-09T01:04:21.774965+00:00,USOUSD-STD,cobra,24433879,H1,OUTSIDE_HOURS,OUTSIDE_HOURS,NONE,0,2.840595154742338,0,,,,,,,,,,,,,,,,0.032,0.032,108.318,108.828,108.103,108.418,,,,,,,,,,,,,,,,,,,,,,,,,,,,,,,
2026-03-09T01:14:25.261357+00:00,USDJPY-STD,cobra,24433879,H1,OUTSIDE_HOURS,OUTSIDE_HOURS,NONE,0,0.24288364390706954,0,,,,,,,,,,,,,,,,0.018,0.018,158.643,158.728,158.603,158.663,,,,,,,,,,,,,,,,,,,,,,,,,,,,,,,
2026-03-09T01:14:25.261786+00:00,EURUSD-STD,cobra,24433879,H1,OUTSIDE_HOURS,OUTSIDE_HOURS,NONE,0,0.002120116755599766,0,,,,,,,,,,,,,,,,0.00014,0.00014,1.1516899999999999,1.15184,1.15099,1.1514199999999999,,,,,,,,,,,,,,,,,,,,,,,,,,,,,,,
2026-03-09T01:14:25.262334+00:00,XAUUSD-STD,cobra,24433879,H1,OUTSIDE_HOURS,OUTSIDE_HOURS,NONE,0,39.56078055840905,0,,,,,,,,,,,,,,,,0.2,0.2,5047.18,5074.19,5014.97,5074.15,,,,,,,,,,,,,,,,,,,,,,,,,,,,,,,
2026-03-09T01:14:25.262859+00:00,USOUSD-STD,cobra,24433879,H1,OUTSIDE_HOURS,OUTSIDE_HOURS,NONE,0,2.884166583313766,0,,,,,,,,,,,,,,,,0.032,0.032,108.318,109.438,108.103,109.348,,,,,,,,,,,,,,,,,,,,,,,,,,,,,,,
2026-03-09T01:24:28.707479+00:00,USDJPY-STD,cobra,24433879,H1,OUTSIDE_HOURS,OUTSIDE_HOURS,NONE,0,0.24288364390706954,0,,,,,,,,,,,,,,,,0.018,0.018,158.643,158.728,158.603,158.682,,,,,,,,,,,,,,,,,,,,,,,,,,,,,,,
2026-03-09T01:24:28.708035+00:00,EURUSD-STD,cobra,24433879,H1,OUTSIDE_HOURS,OUTSIDE_HOURS,NONE,0,0.002132259612742623,0,,,,,,,,,,,,,,,,0.00015,0.00015,1.1516899999999999,1.15184,1.15082,1.15116,,,,,,,,,,,,,,,,,,,,,,,,,,,,,,,
2026-03-09T01:24:28.708541+00:00,XAUUSD-STD,cobra,24433879,H1,OUTSIDE_HOURS,OUTSIDE_HOURS,NONE,0,40.528637701266206,0,,,,,,,,,,,,,,,,0.25,0.25,5047.18,5087.74,5014.97,5081.39,,,,,,,,,,,,,,,,,,,,,,,,,,,,,,,
2026-03-09T01:24:28.708986+00:00,USOUSD-STD,cobra,24433879,H1,OUTSIDE_HOURS,OUTSIDE_HOURS,NONE,0,2.9059522975994803,0,,,,,,,,,,,,,,,,0.032,0.032,108.318,109.743,108.103,109.598,,,,,,,,,,,,,,,,,,,,,,,,,,,,,,,
2026-03-09T01:34:32.212985+00:00,USDJPY-STD,cobra,24433879,H1,OUTSIDE_HOURS,OUTSIDE_HOURS,NONE,0,0.2442407867642128,0,,,,,,,,,,,,,,,,0.02,0.02,158.643,158.728,158.584,158.586,,,,,,,,,,,,,,,,,,,,,,,,,,,,,,,
2026-03-09T01:34:32.213531+00:00,EURUSD-STD,cobra,24433879,H1,OUTSIDE_HOURS,OUTSIDE_HOURS,NONE,0,0.002167973898456905,0,,,,,,,,,,,,,,,,0.00014,0.00014,1.1516899999999999,1.15234,1.15082,1.15221,,,,,,,,,,,,,,,,,,,,,,,,,,,,,,,
2026-03-09T01:34:32.214044+00:00,XAUUSD-STD,cobra,24433879,H1,OUTSIDE_HOURS,OUTSIDE_HOURS,NONE,0,40.528637701266206,0,,,,,,,,,,,,,,,,0.28,0.28,5047.18,5087.74,5014.97,5081.95,,,,,,,,,,,,,,,,,,,,,,,,,,,,,,,
2026-03-09T01:34:32.214541+00:00,USOUSD-STD,cobra,24433879,H1,OUTSIDE_HOURS,OUTSIDE_HOURS,NONE,0,2.9241665833137667,0,,,,,,,,,,,,,,,,0.032,0.032,108.318,109.998,108.103,109.573,,,,,,,,,,,,,,,,,,,,,,,,,,,,,,,
2026-03-09T01:44:35.798983+00:00,USDJPY-STD,cobra,24433879,H1,OUTSIDE_HOURS,OUTSIDE_HOURS,NONE,0,0.24566935819278496,0,,,,,,,,,,,,,,,,0.018,0.018,158.643,158.728,158.564,158.605,,,,,,,,,,,,,,,,,,,,,,,,,,,,,,,
2026-03-09T01:44:35.799444+00:00,EURUSD-STD,cobra,24433879,H1,OUTSIDE_HOURS,OUTSIDE_HOURS,NONE,0,0.002167973898456905,0,,,,,,,,,,,,,,,,0.00013,0.00013,1.1516899999999999,1.15234,1.15082,1.15173,,,,,,,,,,,,,,,,,,,,,,,,,,,,,,,
2026-03-09T01:44:35.799839+00:00,XAUUSD-STD,cobra,24433879,H1,OUTSIDE_HOURS,OUTSIDE_HOURS,NONE,0,40.528637701266206,0,,,,,,,,,,,,,,,,0.25,0.25,5047.18,5087.74,5014.97,5079.78,,,,,,,,,,,,,,,,,,,,,,,,,,,,,,,
2026-03-09T01:44:35.800351+00:00,USOUSD-STD,cobra,24433879,H1,OUTSIDE_HOURS,OUTSIDE_HOURS,NONE,0,2.9795237261709087,0,,,,,,,,,,,,,,,,0.032,0.032,108.318,110.773,108.103,110.543,,,,,,,,,,,,,,,,,,,,,,,,,,,,,,,
2026-03-09T01:54:39.174520+00:00,USDJPY-STD,cobra,24433879,H1,OUTSIDE_HOURS,OUTSIDE_HOURS,NONE,0,0.24566935819278496,0,,,,,,,,,,,,,,,,0.019,0.019,158.643,158.728,158.564,158.65,,,,,,,,,,,,,,,,,,,,,,,,,,,,,,,
2026-03-09T01:54:39.174991+00:00,EURUSD-STD,cobra,24433879,H1,OUTSIDE_HOURS,OUTSIDE_HOURS,NONE,0,0.0021786881841711816,0,,,,,,,,,,,,,,,,0.00014,0.00014,1.1516899999999999,1.15234,1.15067,1.15086,,,,,,,,,,,,,,,,,,,,,,,,,,,,,,,
2026-03-09T01:54:39.175510+00:00,XAUUSD-STD,cobra,24433879,H1,OUTSIDE_HOURS,OUTSIDE_HOURS,NONE,0,40.528637701266206,0,,,,,,,,,,,,,,,,0.29,0.29,5047.18,5087.74,5014.97,5076.8,,,,,,,,,,,,,,,,,,,,,,,,,,,,,,,
2026-03-09T01:54:39.175907+00:00,USOUSD-STD,cobra,24433879,H1,OUTSIDE_HOURS,OUTSIDE_HOURS,NONE,0,3.282380869028052,0,,,,,,,,,,,,,,,,0.032,0.032,108.318,115.013,108.103,113.998,,,,,,,,,,,,,,,,,,,,,,,,,,,,,,,
2026-03-09T02:04:42.649123+00:00,USDJPY-STD,cobra,24433879,H1,OUTSIDE_HOURS,OUTSIDE_HOURS,NONE,0,0.23162155830686476,0,,,,,,,,,,,,,,,,0.02,0.02,158.688,158.717,158.668,158.701,,,,,,,,,,,,,,,,,,,,,,,,,,,,,,,
2026-03-09T02:04:42.649762+00:00,EURUSD-STD,cobra,24433879,H1,OUTSIDE_HOURS,OUTSIDE_HOURS,NONE,0,0.0020537818849049117,0,,,,,,,,,,,,,,,,0.00014,0.00014,1.15089,1.1513,1.15088,1.15094,,,,,,,,,,,,,,,,,,,,,,,,,,,,,,,
2026-03-09T02:04:42.650238+00:00,XAUUSD-STD,cobra,24433879,H1,OUTSIDE_HOURS,OUTSIDE_HOURS,NONE,0,38.71087947866925,0,,,,,,,,,,,,,,,,0.25,0.25,5070.03,5070.51,5055.43,5063.91,,,,,,,,,,,,,,,,,,,,,,,,,,,,,,,
2026-03-09T02:04:42.650754+00:00,USOUSD-STD,cobra,24433879,H1,OUTSIDE_HOURS,OUTSIDE_HOURS,NONE,0,3.2335373531818448,0,,,,,,,,,,,,,,,,0.032,0.032,115.093,115.113,113.118,113.668,,,,,,,,,,,,,,,,,,,,,,,,,,,,,,,
2026-03-09T02:14:45.999521+00:00,USDJPY-STD,cobra,24433879,H1,OUTSIDE_HOURS,OUTSIDE_HOURS,NONE,0,0.2347644154497227,0,,,,,,,,,,,,,,,,0.019,0.019,158.688,158.739,158.646,158.7,,,,,,,,,,,,,,,,,,,,,,,,,,,,,,,
2026-03-09T02:14:45.999963+00:00,EURUSD-STD,cobra,24433879,H1,OUTSIDE_HOURS,OUTSIDE_HOURS,NONE,0,0.0021073533134763423,0,,,,,,,,,,,,,,,,0.00013,0.00013,1.15089,1.15205,1.15088,1.15143,,,,,,,,,,,,,,,,,,,,,,,,,,,,,,,
2026-03-09T02:14:46.000475+00:00,XAUUSD-STD,cobra,24433879,H1,OUTSIDE_HOURS,OUTSIDE_HOURS,NONE,0,40.47945090724069,0,,,,,,,,,,,,,,,,0.23,0.23,5070.03,5095.27,5055.43,5094.79,,,,,,,,,,,,,,,,,,,,,,,,,,,,,,,
2026-03-09T02:14:46.000889+00:00,USOUSD-STD,cobra,24433879,H1,OUTSIDE_HOURS,OUTSIDE_HOURS,NONE,0,3.2578230674675592,0,,,,,,,,,,,,,,,,0.032,0.032,115.093,115.453,113.118,115.448,,,,,,,,,,,,,,,,,,,,,,,,,,,,,,,
2026-03-09T02:24:49.590213+00:00,USDJPY-STD,cobra,24433879,H1,OUTSIDE_HOURS,OUTSIDE_HOURS,NONE,0,0.2347644154497227,0,,,,,,,,,,,,,,,,0.02,0.02,158.688,158.739,158.646,158.706,,,,,,,,,,,,,,,,,,,,,,,,,,,,,,,
2026-03-09T02:24:49.590731+00:00,EURUSD-STD,cobra,24433879,H1,OUTSIDE_HOURS,OUTSIDE_HOURS,NONE,0,0.0021144961706191985,0,,,,,,,,,,,,,,,,0.00014,0.00014,1.15089,1.15205,1.15077,1.15174,,,,,,,,,,,,,,,,,,,,,,,,,,,,,,,
2026-03-09T02:24:49.591238+00:00,XAUUSD-STD,cobra,24433879,H1,OUTSIDE_HOURS,OUTSIDE_HOURS,NONE,0,40.48016519295493,0,,,,,,,,,,,,,,,,0.28,0.28,5070.03,5095.28,5055.43,5078.62,,,,,,,,,,,,,,,,,,,,,,,,,,,,,,,
2026-03-09T02:24:49.591648+00:00,USOUSD-STD,cobra,24433879,H1,OUTSIDE_HOURS,OUTSIDE_HOURS,NONE,0,3.4996087817532726,0,,,,,,,,,,,,,,,,0.032,0.032,115.093,118.838,113.118,115.998,,,,,,,,,,,,,,,,,,,,,,,,,,,,,,,
2026-03-09T02:34:53.186697+00:00,USDJPY-STD,cobra,24433879,H1,OUTSIDE_HOURS,OUTSIDE_HOURS,NONE,0,0.2347644154497227,0,,,,,,,,,,,,,,,,0.018,0.018,158.688,158.739,158.646,158.702,,,,,,,,,,,,,,,,,,,,,,,,,,,,,,,
2026-03-09T02:34:53.187300+00:00,EURUSD-STD,cobra,24433879,H1,OUTSIDE_HOURS,OUTSIDE_HOURS,NONE,0,0.0021144961706191985,0,,,,,,,,,,,,,,,,0.00014,0.00014,1.15089,1.15205,1.15077,1.1516899999999999,,,,,,,,,,,,,,,,,,,,,,,,,,,,,,,
2026-03-09T02:34:53.187706+00:00,XAUUSD-STD,cobra,24433879,H1,OUTSIDE_HOURS,OUTSIDE_HOURS,NONE,0,40.48016519295493,0,,,,,,,,,,,,,,,,0.29,0.29,5070.03,5095.28,5055.43,5081.4,,,,,,,,,,,,,,,,,,,,,,,,,,,,,,,
2026-03-09T02:34:53.188102+00:00,USOUSD-STD,cobra,24433879,H1,OUTSIDE_HOURS,OUTSIDE_HOURS,NONE,0,3.546394496038987,0,,,,,,,,,,,,,,,,0.032,0.032,115.093,119.493,113.118,117.903,,,,,,,,,,,,,,,,,,,,,,,,,,,,,,,
2026-03-09T02:44:56.735946+00:00,USDJPY-STD,cobra,24433879,H1,OUTSIDE_HOURS,OUTSIDE_HOURS,NONE,0,0.23619298687829285,0,,,,,,,,,,,,,,,,0.02,0.02,158.688,158.739,158.626,158.652,,,,,,,,,,,,,,,,,,,,,,,,,,,,,,,
2026-03-09T02:44:56.736523+00:00,EURUSD-STD,cobra,24433879,H1,OUTSIDE_HOURS,OUTSIDE_HOURS,NONE,0,0.002164496170619193,0,,,,,,,,,,,,,,,,0.00013,0.00013,1.15089,1.15275,1.15077,1.15261,,,,,,,,,,,,,,,,,,,,,,,,,,,,,,,
2026-03-09T02:44:56.737143+00:00,XAUUSD-STD,cobra,24433879,H1,OUTSIDE_HOURS,OUTSIDE_HOURS,NONE,0,40.48016519295493,0,,,,,,,,,,,,,,,,0.2,0.2,5070.03,5095.28,5055.43,5093.81,,,,,,,,,,,,,,,,,,,,,,,,,,,,,,,
2026-03-09T02:44:56.737620+00:00,USOUSD-STD,cobra,24433879,H1,OUTSIDE_HOURS,OUTSIDE_HOURS,NONE,0,3.546394496038987,0,,,,,,,,,,,,,,,,0.032,0.032,115.093,119.493,113.118,115.618,,,,,,,,,,,,,,,,,,,,,,,,,,,,,,,
2026-03-09T02:55:00.365079+00:00,USDJPY-STD,cobra,24433879,H1,OUTSIDE_HOURS,OUTSIDE_HOURS,NONE,0,0.23733584402114935,0,,,,,,,,,,,,,,,,0.019,0.019,158.688,158.755,158.626,158.692,,,,,,,,,,,,,,,,,,,,,,,,,,,,,,,
2026-03-09T02:55:00.365542+00:00,EURUSD-STD,cobra,24433879,H1,OUTSIDE_HOURS,OUTSIDE_HOURS,NONE,0,0.002164496170619193,0,,,,,,,,,,,,,,,,0.00013,0.00013,1.15089,1.15275,1.15077,1.15252,,,,,,,,,,,,,,,,,,,,,,,,,,,,,,,
2026-03-09T02:55:00.366020+00:00,XAUUSD-STD,cobra,24433879,H1,OUTSIDE_HOURS,OUTSIDE_HOURS,NONE,0,40.48016519295493,0,,,,,,,,,,,,,,,,0.29,0.29,5070.03,5095.28,5055.43,5092.77,,,,,,,,,,,,,,,,,,,,,,,,,,,,,,,
2026-03-09T02:55:00.366423+00:00,USOUSD-STD,cobra,24433879,H1,OUTSIDE_HOURS,OUTSIDE_HOURS,NONE,0,3.546394496038987,0,,,,,,,,,,,,,,,,0.032,0.032,115.093,119.493,113.118,113.353,,,,,,,,,,,,,,,,,,,,,,,,,,,,,,,
2026-03-09T03:05:03.960593+00:00,USDJPY-STD,cobra,24433879,H1,OUTSIDE_HOURS,OUTSIDE_HOURS,NONE,0,0.22388329996692724,0,,,,,,,,,,,,,,,,0.018,0.018,158.701,158.72,158.671,158.706,,,,,,,,,,,,,,,,,,,,,,,,,,,,,,,
2026-03-09T03:05:03.961231+00:00,EURUSD-STD,cobra,24433879,H1,OUTSIDE_HOURS,OUTSIDE_HOURS,NONE,0,0.0020434607656379194,0,,,,,,,,,,,,,,,,0.00014,0.00014,1.15243,1.15285,1.15238,1.15246,,,,,,,,,,,,,,,,,,,,,,,,,,,,,,,
2026-03-09T03:05:03.961879+00:00,XAUUSD-STD,cobra,24433879,H1,OUTSIDE_HOURS,OUTSIDE_HOURS,NONE,0,38.470510608777026,0,,,,,,,,,,,,,,,,0.26,0.26,5094.52,5099.54,5090.9,5092.4,,,,,,,,,,,,,,,,,,,,,,,,,,,,,,,
2026-03-09T03:05:03.962546+00:00,USOUSD-STD,cobra,24433879,H1,OUTSIDE_HOURS,OUTSIDE_HOURS,NONE,0,3.4504785674508764,0,,,,,,,,,,,,,,,,0.032,0.032,114.373,114.373,113.033,113.518,,,,,,,,,,,,,,,,,,,,,,,,,,,,,,,
2026-03-09T03:15:07.594619+00:00,USDJPY-STD,cobra,24433879,H1,OUTSIDE_HOURS,OUTSIDE_HOURS,NONE,0,0.22516901425264157,0,,,,,,,,,,,,,,,,0.019,0.019,158.701,158.72,158.653,158.716,,,,,,,,,,,,,,,,,,,,,,,,,,,,,,,
2026-03-09T03:15:07.595091+00:00,EURUSD-STD,cobra,24433879,H1,OUTSIDE_HOURS,OUTSIDE_HOURS,NONE,0,0.002077032194209346,0,,,,,,,,,,,,,,,,0.00013,0.00013,1.15243,1.15285,1.15191,1.15212,,,,,,,,,,,,,,,,,,,,,,,,,,,,,,,
2026-03-09T03:15:07.595617+00:00,XAUUSD-STD,cobra,24433879,H1,OUTSIDE_HOURS,OUTSIDE_HOURS,NONE,0,38.95265346591988,0,,,,,,,,,,,,,,,,0.25,0.25,5094.52,5099.54,5084.15,5087.67,,,,,,,,,,,,,,,,,,,,,,,,,,,,,,,
2026-03-09T03:15:07.596029+00:00,USOUSD-STD,cobra,24433879,H1,OUTSIDE_HOURS,OUTSIDE_HOURS,NONE,0,3.566549996022305,0,,,,,,,,,,,,,,,,0.032,0.032,114.373,114.373,111.408,113.073,,,,,,,,,,,,,,,,,,,,,,,,,,,,,,,
2026-03-09T03:25:11.099523+00:00,USDJPY-STD,cobra,24433879,H1,OUTSIDE_HOURS,OUTSIDE_HOURS,NONE,0,0.2283832999669264,0,,,,,,,,,,,,,,,,0.019,0.019,158.701,158.765,158.653,158.754,,,,,,,,,,,,,,,,,,,,,,,,,,,,,,,
2026-03-09T03:25:11.100025+00:00,EURUSD-STD,cobra,24433879,H1,OUTSIDE_HOURS,OUTSIDE_HOURS,NONE,0,0.002077032194209346,0,,,,,,,,,,,,,,,,0.00013,0.00013,1.15243,1.15285,1.15191,1.15228,,,,,,,,,,,,,,,,,,,,,,,,,,,,,,,
2026-03-09T03:25:11.100524+00:00,XAUUSD-STD,cobra,24433879,H1,OUTSIDE_HOURS,OUTSIDE_HOURS,NONE,0,38.95265346591988,0,,,,,,,,,,,,,,,,0.21,0.21,5094.52,5099.54,5084.15,5094.83,,,,,,,,,,,,,,,,,,,,,,,,,,,,,,,
2026-03-09T03:25:11.100873+00:00,USOUSD-STD,cobra,24433879,H1,OUTSIDE_HOURS,OUTSIDE_HOURS,NONE,0,3.6044071388794476,0,,,,,,,,,,,,,,,,0.032,0.032,114.373,114.903,111.408,114.063,,,,,,,,,,,,,,,,,,,,,,,,,,,,,,,
2026-03-09T03:35:14.662880+00:00,USDJPY-STD,cobra,24433879,H1,OUTSIDE_HOURS,OUTSIDE_HOURS,NONE,0,0.23638329996692806,0,,,,,,,,,,,,,,,,0.018,0.018,158.701,158.877,158.653,158.873,,,,,,,,,,,,,,,,,,,,,,,,,,,,,,,
2026-03-09T03:35:14.663393+00:00,EURUSD-STD,cobra,24433879,H1,OUTSIDE_HOURS,OUTSIDE_HOURS,NONE,0,0.002082746479923637,0,,,,,,,,,,,,,,,,0.00014,0.00014,1.15243,1.15285,1.15183,1.15202,,,,,,,,,,,,,,,,,,,,,,,,,,,,,,,
2026-03-09T03:35:14.663915+00:00,XAUUSD-STD,cobra,24433879,H1,OUTSIDE_HOURS,OUTSIDE_HOURS,NONE,0,39.15765346591987,0,,,,,,,,,,,,,,,,0.26,0.26,5094.52,5102.31,5084.05,5091.65,,,,,,,,,,,,,,,,,,,,,,,,,,,,,,,
2026-03-09T03:35:14.664416+00:00,USOUSD-STD,cobra,24433879,H1,OUTSIDE_HOURS,OUTSIDE_HOURS,NONE,0,3.6101214245937334,0,,,,,,,,,,,,,,,,0.032,0.032,114.373,114.983,111.408,114.268,,,,,,,,,,,,,,,,,,,,,,,,,,,,,,,
2026-03-09T03:45:18.160462+00:00,USDJPY-STD,cobra,24433879,H1,OUTSIDE_HOURS,OUTSIDE_HOURS,NONE,0,0.23738329996692675,0,,,,,,,,,,,,,,,,0.018,0.018,158.701,158.891,158.653,158.889,,,,,,,,,,,,,,,,,,,,,,,,,,,,,,,
2026-03-09T03:45:18.161021+00:00,EURUSD-STD,cobra,24433879,H1,OUTSIDE_HOURS,OUTSIDE_HOURS,NONE,0,0.0021270321942093405,0,,,,,,,,,,,,,,,,0.00014,0.00014,1.15243,1.15285,1.15121,1.15129,,,,,,,,,,,,,,,,,,,,,,,,,,,,,,,
2026-03-09T03:45:18.161538+00:00,XAUUSD-STD,cobra,24433879,H1,OUTSIDE_HOURS,OUTSIDE_HOURS,NONE,0,39.333367751634164,0,,,,,,,,,,,,,,,,0.28,0.28,5094.52,5102.31,5081.59,5087.87,,,,,,,,,,,,,,,,,,,,,,,,,,,,,,,
2026-03-09T03:45:18.161942+00:00,USOUSD-STD,cobra,24433879,H1,OUTSIDE_HOURS,OUTSIDE_HOURS,NONE,0,3.6747642817365906,0,,,,,,,,,,,,,,,,0.032,0.032,114.373,115.888,111.408,115.428,,,,,,,,,,,,,,,,,,,,,,,,,,,,,,,
2026-03-09T03:55:21.600418+00:00,USDJPY-STD,cobra,24433879,H1,OUTSIDE_HOURS,OUTSIDE_HOURS,NONE,0,0.23738329996692675,0,,,,,,,,,,,,,,,,0.018,0.018,158.701,158.891,158.653,158.869,,,,,,,,,,,,,,,,,,,,,,,,,,,,,,,
2026-03-09T03:55:21.600981+00:00,EURUSD-STD,cobra,24433879,H1,OUTSIDE_HOURS,OUTSIDE_HOURS,NONE,0,0.0021270321942093405,0,,,,,,,,,,,,,,,,0.00014,0.00014,1.15243,1.15285,1.15121,1.15152,,,,,,,,,,,,,,,,,,,,,,,,,,,,,,,
2026-03-09T03:55:21.601500+00:00,XAUUSD-STD,cobra,24433879,H1,OUTSIDE_HOURS,OUTSIDE_HOURS,NONE,0,39.333367751634164,0,,,,,,,,,,,,,,,,0.23,0.23,5094.52,5102.31,5081.59,5091.04,,,,,,,,,,,,,,,,,,,,,,,,,,,,,,,
2026-03-09T03:55:21.601904+00:00,USOUSD-STD,cobra,24433879,H1,OUTSIDE_HOURS,OUTSIDE_HOURS,NONE,0,3.7190499960223042,0,,,,,,,,,,,,,,,,0.032,0.032,114.373,116.508,111.408,115.858,,,,,,,,,,,,,,,,,,,,,,,,,,,,,,,
2026-03-09T04:05:25.250172+00:00,USDJPY-STD,cobra,24433879,H1,OUTSIDE_HOURS,OUTSIDE_HOURS,NONE,0,0.224284503860111,0,,,,,,,,,,,,,,,,0.018,0.018,158.853,158.856,158.802,158.815,,,,,,,,,,,,,,,,,,,,,,,,,,,,,,,
2026-03-09T04:05:25.250711+00:00,EURUSD-STD,cobra,24433879,H1,OUTSIDE_HOURS,OUTSIDE_HOURS,NONE,0,0.002007958489525023,0,,,,,,,,,,,,,,,,0.00014,0.00014,1.15161,1.15201,1.15155,1.15186,,,,,,,,,,,,,,,,,,,,,,,,,,,,,,,
2026-03-09T04:05:25.251230+00:00,XAUUSD-STD,cobra,24433879,H1,OUTSIDE_HOURS,OUTSIDE_HOURS,NONE,0,36.83312544435083,0,,,,,,,,,,,,,,,,0.23,0.23,5091.42,5091.51,5087.18,5087.99,,,,,,,,,,,,,,,,,,,,,,,,,,,,,,,
2026-03-09T04:05:25.251637+00:00,USOUSD-STD,cobra,24433879,H1,OUTSIDE_HOURS,OUTSIDE_HOURS,NONE,0,3.5291178483066563,0,,,,,,,,,,,,,,,,0.032,0.032,115.638,115.713,114.653,115.278,,,,,,,,,,,,,,,,,,,,,,,,,,,,,,,
2026-03-09T04:15:28.803482+00:00,USDJPY-STD,cobra,24433879,H1,OUTSIDE_HOURS,OUTSIDE_HOURS,NONE,0,0.22478450386011137,0,,,,,,,,,,,,,,,,0.02,0.02,158.853,158.863,158.802,158.818,,,,,,,,,,,,,,,,,,,,,,,,,,,,,,,
2026-03-09T04:15:28.803971+00:00,EURUSD-STD,cobra,24433879,H1,OUTSIDE_HOURS,OUTSIDE_HOURS,NONE,0,0.002043672775239305,0,,,,,,,,,,,,,,,,0.00013,0.00013,1.15161,1.15251,1.15155,1.15218,,,,,,,,,,,,,,,,,,,,,,,,,,,,,,,
2026-03-09T04:15:28.804538+00:00,XAUUSD-STD,cobra,24433879,H1,OUTSIDE_HOURS,OUTSIDE_HOURS,NONE,0,37.265982587208,0,,,,,,,,,,,,,,,,0.25,0.25,5091.42,5097.29,5086.9,5090.31,,,,,,,,,,,,,,,,,,,,,,,,,,,,,,,
2026-03-09T04:15:28.804951+00:00,USOUSD-STD,cobra,24433879,H1,OUTSIDE_HOURS,OUTSIDE_HOURS,NONE,0,3.5291178483066563,0,,,,,,,,,,,,,,,,0.032,0.032,115.638,115.713,114.653,115.468,,,,,,,,,,,,,,,,,,,,,,,,,,,,,,,
2026-03-09T04:25:32.339088+00:00,USDJPY-STD,cobra,24433879,H1,OUTSIDE_HOURS,OUTSIDE_HOURS,NONE,0,0.22599878957439679,0,,,,,,,,,,,,,,,,0.019,0.019,158.853,158.863,158.785,158.812,,,,,,,,,,,,,,,,,,,,,,,,,,,,,,,
2026-03-09T04:25:32.339532+00:00,EURUSD-STD,cobra,24433879,H1,OUTSIDE_HOURS,OUTSIDE_HOURS,NONE,0,0.002043672775239305,0,,,,,,,,,,,,,,,,0.00013,0.00013,1.15161,1.15251,1.15155,1.15232,,,,,,,,,,,,,,,,,,,,,,,,,,,,,,,
2026-03-09T04:25:32.339936+00:00,XAUUSD-STD,cobra,24433879,H1,OUTSIDE_HOURS,OUTSIDE_HOURS,NONE,0,37.265982587208,0,,,,,,,,,,,,,,,,0.28,0.28,5091.42,5097.29,5086.9,5090.97,,,,,,,,,,,,,,,,,,,,,,,,,,,,,,,
2026-03-09T04:25:32.340333+00:00,USOUSD-STD,cobra,24433879,H1,OUTSIDE_HOURS,OUTSIDE_HOURS,NONE,0,3.5798321340209425,0,,,,,,,,,,,,,,,,0.032,0.032,115.638,116.423,114.653,115.213,,,,,,,,,,,,,,,,,,,,,,,,,,,,,,,
2026-03-09T04:35:35.923441+00:00,USDJPY-STD,cobra,24433879,H1,OUTSIDE_HOURS,OUTSIDE_HOURS,NONE,0,0.23571307528868218,0,,,,,,,,,,,,,,,,0.018,0.018,158.853,158.863,158.649,158.729,,,,,,,,,,,,,,,,,,,,,,,,,,,,,,,
2026-03-09T04:35:35.923917+00:00,EURUSD-STD,cobra,24433879,H1,OUTSIDE_HOURS,OUTSIDE_HOURS,NONE,0,0.0020665299180964544,0,,,,,,,,,,,,,,,,0.00014,0.00014,1.15161,1.15283,1.15155,1.15267,,,,,,,,,,,,,,,,,,,,,,,,,,,,,,,
2026-03-09T04:35:35.924975+00:00,XAUUSD-STD,cobra,24433879,H1,OUTSIDE_HOURS,OUTSIDE_HOURS,NONE,0,37.265982587208,0,,,,,,,,,,,,,,,,0.29,0.29,5091.42,5097.29,5086.9,5091.7,,,,,,,,,,,,,,,,,,,,,,,,,,,,,,,
2026-03-09T04:35:35.925399+00:00,USOUSD-STD,cobra,24433879,H1,OUTSIDE_HOURS,OUTSIDE_HOURS,NONE,0,3.5798321340209425,0,,,,,,,,,,,,,,,,0.032,0.032,115.638,116.423,114.653,115.508,,,,,,,,,,,,,,,,,,,,,,,,,,,,,,,
2026-03-09T04:45:39.490444+00:00,USDJPY-STD,cobra,24433879,H1,OUTSIDE_HOURS,OUTSIDE_HOURS,NONE,0,0.23571307528868218,0,,,,,,,,,,,,,,,,0.018,0.018,158.853,158.863,158.649,158.723,,,,,,,,,,,,,,,,,,,,,,,,,,,,,,,
2026-03-09T04:45:39.490900+00:00,EURUSD-STD,cobra,24433879,H1,OUTSIDE_HOURS,OUTSIDE_HOURS,NONE,0,0.0020693870609536005,0,,,,,,,,,,,,,,,,0.00013,0.00013,1.15161,1.15287,1.15155,1.15279,,,,,,,,,,,,,,,,,,,,,,,,,,,,,,,
2026-03-09T04:45:39.491399+00:00,XAUUSD-STD,cobra,24433879,H1,OUTSIDE_HOURS,OUTSIDE_HOURS,NONE,0,37.265982587208,0,,,,,,,,,,,,,,,,0.26,0.26,5091.42,5097.29,5086.9,5088.44,,,,,,,,,,,,,,,,,,,,,,,,,,,,,,,
2026-03-09T04:45:39.491813+00:00,USOUSD-STD,cobra,24433879,H1,OUTSIDE_HOURS,OUTSIDE_HOURS,NONE,0,3.601260705449514,0,,,,,,,,,,,,,,,,0.032,0.032,115.638,116.723,114.653,116.663,,,,,,,,,,,,,,,,,,,,,,,,,,,,,,,
2026-03-09T04:55:43.124816+00:00,USDJPY-STD,cobra,24433879,H1,OUTSIDE_HOURS,OUTSIDE_HOURS,NONE,0,0.23571307528868218,0,,,,,,,,,,,,,,,,0.018,0.018,158.853,158.863,158.649,158.72,,,,,,,,,,,,,,,,,,,,,,,,,,,,,,,
2026-03-09T04:55:43.125255+00:00,EURUSD-STD,cobra,24433879,H1,OUTSIDE_HOURS,OUTSIDE_HOURS,NONE,0,0.0020715299180964555,0,,,,,,,,,,,,,,,,0.00013,0.00013,1.15161,1.1529,1.15155,1.15245,,,,,,,,,,,,,,,,,,,,,,,,,,,,,,,
2026-03-09T04:55:43.125765+00:00,XAUUSD-STD,cobra,24433879,H1,OUTSIDE_HOURS,OUTSIDE_HOURS,NONE,0,37.382411158636515,0,,,,,,,,,,,,,,,,0.28,0.28,5091.42,5097.29,5085.27,5087.27,,,,,,,,,,,,,,,,,,,,,,,,,,,,,,,
2026-03-09T04:55:43.126179+00:00,USOUSD-STD,cobra,24433879,H1,OUTSIDE_HOURS,OUTSIDE_HOURS,NONE,0,3.605903562592371,0,,,,,,,,,,,,,,,,0.032,0.032,115.638,116.788,114.653,116.028,,,,,,,,,,,,,,,,,,,,,,,,,,,,,,,
2026-03-09T05:05:46.750967+00:00,USDJPY-STD,cobra,24433879,H1,OUTSIDE_HOURS,OUTSIDE_HOURS,NONE,0,0.22644786900623343,0,,,,,,,,,,,,,,,,0.02,0.02,158.712,158.765,158.659,158.661,,,,,,,,,,,,,,,,,,,,,,,,,,,,,,,
2026-03-09T05:05:46.751479+00:00,EURUSD-STD,cobra,24433879,H1,OUTSIDE_HOURS,OUTSIDE_HOURS,NONE,0,0.001992849252185445,0,,,,,,,,,,,,,,,,0.00014,0.00014,1.1525400000000001,1.1533,1.15233,1.1533,,,,,,,,,,,,,,,,,,,,,,,,,,,,,,,
2026-03-09T05:05:46.752001+00:00,XAUUSD-STD,cobra,24433879,H1,OUTSIDE_HOURS,OUTSIDE_HOURS,NONE,0,35.95723733546086,0,,,,,,,,,,,,,,,,0.22,0.22,5090.21,5098.34,5080.91,5098.11,,,,,,,,,,,,,,,,,,,,,,,,,,,,,,,
2026-03-09T05:05:46.752419+00:00,USOUSD-STD,cobra,24433879,H1,OUTSIDE_HOURS,OUTSIDE_HOURS,NONE,0,3.4608390161986313,0,,,,,,,,,,,,,,,,0.032,0.032,115.888,115.973,114.398,114.418,,,,,,,,,,,,,,,,,,,,,,,,,,,,,,,
2026-03-09T05:15:50.323642+00:00,USDJPY-STD,cobra,24433879,H1,OUTSIDE_HOURS,OUTSIDE_HOURS,NONE,0,0.2270907261490896,0,,,,,,,,,,,,,,,,0.019,0.019,158.712,158.765,158.65,158.66,,,,,,,,,,,,,,,,,,,,,,,,,,,,,,,
2026-03-09T05:15:50.324084+00:00,EURUSD-STD,cobra,24433879,H1,OUTSIDE_HOURS,OUTSIDE_HOURS,NONE,0,0.0020099921093283033,0,,,,,,,,,,,,,,,,0.00014,0.00014,1.1525400000000001,1.15354,1.15233,1.15332,,,,,,,,,,,,,,,,,,,,,,,,,,,,,,,
2026-03-09T05:15:50.324559+00:00,XAUUSD-STD,cobra,24433879,H1,OUTSIDE_HOURS,OUTSIDE_HOURS,NONE,0,36.229380192603685,0,,,,,,,,,,,,,,,,0.25,0.25,5090.21,5102.15,5080.91,5095.56,,,,,,,,,,,,,,,,,,,,,,,,,,,,,,,
2026-03-09T05:15:50.325056+00:00,USOUSD-STD,cobra,24433879,H1,OUTSIDE_HOURS,OUTSIDE_HOURS,NONE,0,3.5744104447700593,0,,,,,,,,,,,,,,,,0.032,0.032,115.888,115.973,112.808,113.338,,,,,,,,,,,,,,,,,,,,,,,,,,,,,,,
2026-03-09T05:25:53.884234+00:00,USDJPY-STD,cobra,24433879,H1,OUTSIDE_HOURS,OUTSIDE_HOURS,NONE,0,0.24051929757766222,0,,,,,,,,,,,,,,,,0.018,0.018,158.712,158.765,158.462,158.514,,,,,,,,,,,,,,,,,,,,,,,,,,,,,,,
2026-03-09T05:25:53.884808+00:00,EURUSD-STD,cobra,24433879,H1,OUTSIDE_HOURS,OUTSIDE_HOURS,NONE,0,0.0021857063950425823,0,,,,,,,,,,,,,,,,0.00015,0.00015,1.1525400000000001,1.156,1.15233,1.15509,,,,,,,,,,,,,,,,,,,,,,,,,,,,,,,
2026-03-09T05:25:53.885425+00:00,XAUUSD-STD,cobra,24433879,H1,OUTSIDE_HOURS,OUTSIDE_HOURS,NONE,0,36.38723733546083,0,,,,,,,,,,,,,,,,0.22,0.22,5090.21,5104.36,5080.91,5094.82,,,,,,,,,,,,,,,,,,,,,,,,,,,,,,,
2026-03-09T05:25:53.886126+00:00,USOUSD-STD,cobra,24433879,H1,OUTSIDE_HOURS,OUTSIDE_HOURS,NONE,0,3.907267587627203,0,,,,,,,,,,,,,,,,0.032,0.032,115.888,115.973,108.148,108.353,,,,,,,,,,,,,,,,,,,,,,,,,,,,,,,
2026-03-09T05:35:57.557004+00:00,USDJPY-STD,cobra,24433879,H1,OUTSIDE_HOURS,OUTSIDE_HOURS,NONE,0,0.25044786900623234,0,,,,,,,,,,,,,,,,0.019,0.019,158.712,158.765,158.323,158.427,,,,,,,,,,,,,,,,,,,,,,,,,,,,,,,
2026-03-09T05:35:57.557539+00:00,EURUSD-STD,cobra,24433879,H1,OUTSIDE_HOURS,OUTSIDE_HOURS,NONE,0,0.0022049921093282962,0,,,,,,,,,,,,,,,,0.00014,0.00014,1.1525400000000001,1.15627,1.15233,1.15479,,,,,,,,,,,,,,,,,,,,,,,,,,,,,,,
2026-03-09T05:35:57.558063+00:00,XAUUSD-STD,cobra,24433879,H1,OUTSIDE_HOURS,OUTSIDE_HOURS,NONE,0,37.01580876403227,0,,,,,,,,,,,,,,,,0.23,0.23,5090.21,5113.16,5080.91,5111.73,,,,,,,,,,,,,,,,,,,,,,,,,,,,,,,
2026-03-09T05:35:57.558571+00:00,USOUSD-STD,cobra,24433879,H1,OUTSIDE_HOURS,OUTSIDE_HOURS,NONE,0,4.023339016198631,0,,,,,,,,,,,,,,,,0.032,0.032,115.888,115.973,106.523,108.063,,,,,,,,,,,,,,,,,,,,,,,,,,,,,,,
2026-03-09T05:46:01.251312+00:00,USDJPY-STD,cobra,24433879,H1,OUTSIDE_HOURS,OUTSIDE_HOURS,NONE,0,0.25044786900623234,0,,,,,,,,,,,,,,,,0.019,0.019,158.712,158.765,158.323,158.467,,,,,,,,,,,,,,,,,,,,,,,,,,,,,,,
2026-03-09T05:46:01.251769+00:00,EURUSD-STD,cobra,24433879,H1,OUTSIDE_HOURS,OUTSIDE_HOURS,NONE,0,0.0022049921093282962,0,,,,,,,,,,,,,,,,0.00015,0.00015,1.1525400000000001,1.15627,1.15233,1.15544,,,,,,,,,,,,,,,,,,,,,,,,,,,,,,,
2026-03-09T05:46:01.252327+00:00,XAUUSD-STD,cobra,24433879,H1,OUTSIDE_HOURS,OUTSIDE_HOURS,NONE,0,38.07295162117514,0,,,,,,,,,,,,,,,,0.29,0.29,5090.21,5127.96,5080.91,5127.1,,,,,,,,,,,,,,,,,,,,,,,,,,,,,,,
2026-03-09T05:46:01.252755+00:00,USOUSD-STD,cobra,24433879,H1,OUTSIDE_HOURS,OUTSIDE_HOURS,NONE,0,4.026553301912917,0,,,,,,,,,,,,,,,,0.032,0.032,115.888,115.973,106.478,106.903,,,,,,,,,,,,,,,,,,,,,,,,,,,,,,,
2026-03-09T05:56:05.047136+00:00,USDJPY-STD,cobra,24433879,H1,OUTSIDE_HOURS,OUTSIDE_HOURS,NONE,0,0.25094786900623267,0,,,,,,,,,,,,,,,,0.018,0.018,158.712,158.765,158.316,158.426,,,,,,,,,,,,,,,,,,,,,,,,,,,,,,,
2026-03-09T05:56:05.047634+00:00,EURUSD-STD,cobra,24433879,H1,OUTSIDE_HOURS,OUTSIDE_HOURS,NONE,0,0.002263563537899728,0,,,,,,,,,,,,,,,,0.00014,0.00014,1.1525400000000001,1.15709,1.15233,1.15645,,,,,,,,,,,,,,,,,,,,,,,,,,,,,,,
2026-03-09T05:56:05.048186+00:00,XAUUSD-STD,cobra,24433879,H1,OUTSIDE_HOURS,OUTSIDE_HOURS,NONE,0,38.96580876403228,0,,,,,,,,,,,,,,,,0.23,0.23,5090.21,5140.46,5080.91,5122.84,,,,,,,,,,,,,,,,,,,,,,,,,,,,,,,
2026-03-09T05:56:05.048700+00:00,USOUSD-STD,cobra,24433879,H1,OUTSIDE_HOURS,OUTSIDE_HOURS,NONE,0,4.268339016198631,0,,,,,,,,,,,,,,,,0.032,0.032,115.888,115.973,103.093,105.013,,,,,,,,,,,,,,,,,,,,,,,,,,,,,,,
2026-03-09T06:06:08.857774+00:00,USDJPY-STD,cobra,24433879,H1,OUTSIDE_HOURS,OUTSIDE_HOURS,NONE,0,0.23845158995542853,0,,,,,,,,,,,,,,,,0.019,0.019,158.365,158.429,158.353,158.39,,,,,,,,,,,,,,,,,,,,,,,,,,,,,,,
2026-03-09T06:06:08.858362+00:00,EURUSD-STD,cobra,24433879,H1,OUTSIDE_HOURS,OUTSIDE_HOURS,NONE,0,0.0021768804590075507,0,,,,,,,,,,,,,,,,0.00013,0.00013,1.15669,1.15685,1.1558,1.15589,,,,,,,,,,,,,,,,,,,,,,,,,,,,,,,
2026-03-09T06:06:08.858871+00:00,XAUUSD-STD,cobra,24433879,H1,OUTSIDE_HOURS,OUTSIDE_HOURS,NONE,0,36.97039281460555,0,,,,,,,,,,,,,,,,0.26,0.26,5124.27,5130.11,5119.08,5128.24,,,,,,,,,,,,,,,,,,,,,,,,,,,,,,,
2026-03-09T06:06:08.859283+00:00,USOUSD-STD,cobra,24433879,H1,OUTSIDE_HOURS,OUTSIDE_HOURS,NONE,0,4.120957609908463,0,,,,,,,,,,,,,,,,0.032,0.032,103.723,104.423,102.218,102.848,,,,,,,,,,,,,,,,,,,,,,,,,,,,,,,
2026-03-09T06:16:12.426709+00:00,USDJPY-STD,cobra,24433879,H1,OUTSIDE_HOURS,OUTSIDE_HOURS,NONE,0,0.2400944470982854,0,,,,,,,,,,,,,,,,0.019,0.019,158.365,158.452,158.353,158.435,,,,,,,,,,,,,,,,,,,,,,,,,,,,,,,
2026-03-09T06:16:12.427150+00:00,EURUSD-STD,cobra,24433879,H1,OUTSIDE_HOURS,OUTSIDE_HOURS,NONE,0,0.0021975947447218295,0,,,,,,,,,,,,,,,,0.00014,0.00014,1.15669,1.15685,1.15551,1.15576,,,,,,,,,,,,,,,,,,,,,,,,,,,,,,,
2026-03-09T06:16:12.427683+00:00,XAUUSD-STD,cobra,24433879,H1,OUTSIDE_HOURS,OUTSIDE_HOURS,NONE,0,37.243964243176976,0,,,,,,,,,,,,,,,,0.29,0.29,5124.27,5133.94,5119.08,5127.94,,,,,,,,,,,,,,,,,,,,,,,,,,,,,,,
2026-03-09T06:16:12.428095+00:00,USOUSD-STD,cobra,24433879,H1,OUTSIDE_HOURS,OUTSIDE_HOURS,NONE,0,4.295957609908463,0,,,,,,,,,,,,,,,,0.032,0.032,103.723,104.753,100.098,103.773,,,,,,,,,,,,,,,,,,,,,,,,,,,,,,,
2026-03-09T06:21:46.173727+00:00,USDJPY-STD,cobra,24433879,H1,OUTSIDE_HOURS,OUTSIDE_HOURS,NONE,0,0.24230873281257154,0,,,,,,,,,,,,,,,,0.02,0.02,158.365,158.483,158.353,158.461,,,,,,,,,,,,,,,,,,,,,,,,,,,,,,,
2026-03-09T06:21:46.184890+00:00,EURUSD-STD,cobra,24433879,H1,OUTSIDE_HOURS,OUTSIDE_HOURS,NONE,0,0.002223309030436125,0,,,,,,,,,,,,,,,,0.00015,0.00015,1.15669,1.15685,1.15515,1.15543,,,,,,,,,,,,,,,,,,,,,,,,,,,,,,,
2026-03-09T06:21:46.185427+00:00,XAUUSD-STD,cobra,24433879,H1,OUTSIDE_HOURS,OUTSIDE_HOURS,NONE,0,37.243964243176976,0,,,,,,,,,,,,,,,,0.26,0.26,5124.27,5133.94,5119.08,5127.72,,,,,,,,,,,,,,,,,,,,,,,,,,,,,,,
2026-03-09T06:21:46.185869+00:00,USOUSD-STD,cobra,24433879,H1,OUTSIDE_HOURS,OUTSIDE_HOURS,NONE,0,4.3473861813370345,0,,,,,,,,,,,,,,,,0.032,0.032,103.723,105.473,100.098,105.193,,,,,,,,,,,,,,,,,,,,,,,,,,,,,,,
2026-03-09T06:28:53.024705+00:00,USDJPY-STD,cobra,24433879,H1,OUTSIDE_HOURS,OUTSIDE_HOURS,NONE,0,0.2528801613839998,0,,,,,,,,,,,,,,,,0.019,0.019,158.365,158.631,158.353,158.613,,,,,,,,,,,,,,,,,,,,,,,,,,,,,,,
2026-03-09T06:28:53.038383+00:00,EURUSD-STD,cobra,24433879,H1,OUTSIDE_HOURS,OUTSIDE_HOURS,NONE,0,0.002226880459007545,0,,,,,,,,,,,,,,,,0.00015,0.00015,1.15669,1.15685,1.1551,1.15534,,,,,,,,,,,,,,,,,,,,,,,,,,,,,,,
2026-03-09T06:28:53.039252+00:00,XAUUSD-STD,cobra,24433879,H1,OUTSIDE_HOURS,OUTSIDE_HOURS,NONE,0,37.243964243176976,0,,,,,,,,,,,,,,,,0.19,0.19,5124.27,5133.94,5119.08,5125.26,,,,,,,,,,,,,,,,,,,,,,,,,,,,,,,
2026-03-09T06:28:53.039717+00:00,USOUSD-STD,cobra,24433879,H1,OUTSIDE_HOURS,OUTSIDE_HOURS,NONE,0,4.3473861813370345,0,,,,,,,,,,,,,,,,0.032,0.032,103.723,105.473,100.098,104.853,,,,,,,,,,,,,,,,,,,,,,,,,,,,,,,
2026-03-09T06:38:57.088275+00:00,USDJPY-STD,cobra,24433879,H1,OUTSIDE_HOURS,OUTSIDE_HOURS,NONE,0,0.25316587566971344,0,,,,,,,,,,,,,,,,0.018,0.018,158.365,158.635,158.353,158.424,,,,,,,,,,,,,,,,,,,,,,,,,,,,,,,
2026-03-09T06:38:57.088835+00:00,EURUSD-STD,cobra,24433879,H1,OUTSIDE_HOURS,OUTSIDE_HOURS,NONE,0,0.002226880459007545,0,,,,,,,,,,,,,,,,0.00013,0.00013,1.15669,1.15685,1.1551,1.15621,,,,,,,,,,,,,,,,,,,,,,,,,,,,,,,
2026-03-09T06:38:57.089666+00:00,XAUUSD-STD,cobra,24433879,H1,OUTSIDE_HOURS,OUTSIDE_HOURS,NONE,0,37.57110710031983,0,,,,,,,,,,,,,,,,0.23,0.22,5124.27,5133.94,5114.5,5115.73,,,,,,,,,,,,,,,,,,,,,,,,,,,,,,,
2026-03-09T06:38:57.090233+00:00,USOUSD-STD,cobra,24433879,H1,OUTSIDE_HOURS,OUTSIDE_HOURS,NONE,0,4.396671895622749,0,,,,,,,,,,,,,,,,0.032,0.032,103.723,106.163,100.098,105.078,,,,,,,,,,,,,,,,,,,,,,,,,,,,,,,
2026-03-09T06:49:03.903637+00:00,USDJPY-STD,cobra,24433879,H1,OUTSIDE_HOURS,OUTSIDE_HOURS,NONE,0,0.25316587566971344,0,,,,,,,,,,,,,,,,0.018,0.018,158.365,158.635,158.353,158.544,,,,,,,,,,,,,,,,,,,,,,,,,,,,,,,
2026-03-09T06:49:03.930311+00:00,EURUSD-STD,cobra,24433879,H1,OUTSIDE_HOURS,OUTSIDE_HOURS,NONE,0,0.002226880459007545,0,,,,,,,,,,,,,,,,0.00014,0.00014,1.15669,1.15685,1.1551,1.15542,,,,,,,,,,,,,,,,,,,,,,,,,,,,,,,
2026-03-09T06:49:03.952491+00:00,XAUUSD-STD,cobra,24433879,H1,OUTSIDE_HOURS,OUTSIDE_HOURS,NONE,0,38.376821386034095,0,,,,,,,,,,,,,,,,0.26,0.26,5124.27,5133.94,5103.22,5103.35,,,,,,,,,,,,,,,,,,,,,,,,,,,,,,,
2026-03-09T06:49:03.987026+00:00,USOUSD-STD,cobra,24433879,H1,OUTSIDE_HOURS,OUTSIDE_HOURS,NONE,0,4.478814752765606,0,,,,,,,,,,,,,,,,0.032,0.032,103.723,107.313,100.098,106.943,,,,,,,,,,,,,,,,,,,,,,,,,,,,,,,
2026-03-09T06:59:09.431660+00:00,USDJPY-STD,cobra,24433879,H1,OUTSIDE_HOURS,OUTSIDE_HOURS,NONE,0,0.25316587566971344,0,,,,,,,,,,,,,,,,0.018,0.018,158.365,158.635,158.353,158.581,,,,,,,,,,,,,,,,,,,,,,,,,,,,,,,
2026-03-09T06:59:09.432535+00:00,EURUSD-STD,cobra,24433879,H1,OUTSIDE_HOURS,OUTSIDE_HOURS,NONE,0,0.0022683090304361185,0,,,,,,,,,,,,,,,,0.00015,0.00015,1.15669,1.15685,1.15452,1.155,,,,,,,,,,,,,,,,,,,,,,,,,,,,,,,
2026-03-09T06:59:09.433736+00:00,XAUUSD-STD,cobra,24433879,H1,OUTSIDE_HOURS,OUTSIDE_HOURS,NONE,0,38.81539281460555,0,,,,,,,,,,,,,,,,0.26,0.26,5124.27,5133.94,5097.08,5100.76,,,,,,,,,,,,,,,,,,,,,,,,,,,,,,,
2026-03-09T06:59:09.434532+00:00,USOUSD-STD,cobra,24433879,H1,OUTSIDE_HOURS,OUTSIDE_HOURS,NONE,0,4.484886181337035,0,,,,,,,,,,,,,,,,0.032,0.032,103.723,107.398,100.098,103.703,,,,,,,,,,,,,,,,,,,,,,,,,,,,,,,
2026-03-09T07:02:59.828827+00:00,USOUSD-STD,cobra,24433879,H1,OUTSIDE_HOURS,OUTSIDE_HOURS,NONE,0,4.2516800189387896,0,,,,,,,,,,,,,,,,0.032,0.032,104.513,104.513,103.293,103.538,,,,,,,,,,,,,,,,,,,,,,,,,,,,,,,
2026-03-09T07:06:32.375607+00:00,BTCUSD,cobra,24433879,H1,HOLD,HOLD,NONE,0,601.7257498679475,0,,,,,,,,,,,,,,,,16.95,16.95,67257.37,67272.43,67107.44,67131.8,,,,,,,,67528.53487948523,67464.27,0.34356183036105514,,,,,,none,True,,,,,,,,,,,,,,no_pattern_at_sr
2026-03-09T07:06:32.392867+00:00,USDJPY-STD,cobra,24433879,H1,HOLD,HOLD,NONE,0,0.24115403330998614,0,,,,,,,,,,,,,,,,0.018,0.018,158.617,158.65,158.565,158.592,,,,,,,,157.89603081459092,158.461,0.634449268378278,,,,,,none,True,,,,,,,,,,,,,,no_pattern_at_sr
2026-03-09T07:06:32.395225+00:00,EURUSD-STD,cobra,24433879,H1,HOLD,HOLD,NONE,0,0.0022350625058199305,0,,,,,,,,,,,,,,,,0.00013,0.00013,1.15444,1.15521,1.1535,1.15422,,,,,,,,1.1579859168233397,1.15454,0.05368977363605144,,,,,,none,True,,,,,,,,,,,,,,no_pattern_at_sr
2026-03-09T07:06:32.399385+00:00,XAUUSD-STD,cobra,24433879,H1,HOLD,HOLD,NONE,0,36.76000773563582,0,,,,,,,,,,,,,,,,0.23,0.23,5097.83,5098.72,5088.68,5093.69,,,,,,,,5121.896285615136,5099.6849999999995,0.05563110907663665,,,,,,none,True,,,,,,,,,,,,,,no_pattern_at_sr
2026-03-09T07:06:32.399980+00:00,USOUSD-STD,cobra,24433879,H1,OUTSIDE_HOURS,OUTSIDE_HOURS,NONE,0,4.288822876081647,0,,,,,,,,,,,,,,,,0.032,0.032,104.513,104.513,102.773,102.803,,,,,,,,,,,,,,,,,,,,,,,,,,,,,,,
2026-03-09T07:07:33.164551+00:00,BTCUSD,cobra,24433879,H1,HOLD,HOLD,NONE,0,601.7257498679475,0,,,,,,,,,,,,,,,,16.96,16.96,67257.37,67272.43,67107.44,67174.88,,,,,,,,67528.53487948523,67464.27,0.34356183036105514,,,,,,none,True,,,,,,,,,,,,,,no_pattern_at_sr
2026-03-09T07:07:33.165954+00:00,USDJPY-STD,cobra,24433879,H1,HOLD,HOLD,NONE,0,0.24229689045284267,0,,,,,,,,,,,,,,,,0.019,0.019,158.617,158.65,158.549,158.569,,,,,,,,157.89603081459092,158.461,0.6314567211904414,,,,,,none,True,,,,,,,,,,,,,,no_pattern_at_sr
2026-03-09T07:07:33.167286+00:00,EURUSD-STD,cobra,24433879,H1,HOLD,HOLD,NONE,0,0.0022350625058199305,0,,,,,,,,,,,,,,,,0.00013,0.00013,1.15444,1.15521,1.1535,1.15466,,,,,,,,1.1579859168233397,1.15454,0.05368977363605144,,,,,,none,True,,,,,,,,,,,,,,no_pattern_at_sr
2026-03-09T07:07:33.168831+00:00,XAUUSD-STD,cobra,24433879,H1,HOLD,HOLD,NONE,0,36.76000773563582,0,,,,,,,,,,,,,,,,0.23,0.23,5097.83,5098.72,5088.68,5092.96,,,,,,,,5121.896285615136,5099.6849999999995,0.05563110907663665,,,,,,none,True,,,,,,,,,,,,,,no_pattern_at_sr
2026-03-09T07:08:33.498737+00:00,BTCUSD,cobra,24433879,H1,HOLD,HOLD,NONE,0,601.7257498679475,0,,,,,,,,,,,,,,,,17.02,17.02,67257.37,67272.43,67107.44,67166.63,,,,,,,,67528.53487948523,67464.27,0.34356183036105514,,,,,,none,True,,,,,,,,,,,,,,no_pattern_at_sr
2026-03-09T07:08:33.500454+00:00,USDJPY-STD,cobra,24433879,H1,HOLD,HOLD,NONE,0,0.24315403330998556,0,,,,,,,,,,,,,,,,0.018,0.018,158.617,158.65,158.537,158.542,,,,,,,,157.89603081459092,158.461,0.6292307716110929,,,,,,none,True,,,,,,,,,,,,,,no_pattern_at_sr
2026-03-09T07:08:33.502220+00:00,EURUSD-STD,cobra,24433879,H1,HOLD,HOLD,NONE,0,0.002240776791534206,0,,,,,,,,,,,,,,,,0.00014,0.00014,1.15444,1.15529,1.1535,1.15529,,,,,,,,1.1579859168233397,1.15454,0.053552857407870975,,,,,,none,True,,,,,,,,,,,,,,no_pattern_at_sr
2026-03-09T07:08:33.503633+00:00,XAUUSD-STD,cobra,24433879,H1,HOLD,HOLD,NONE,0,36.76000773563582,0,,,,,,,,,,,,,,,,0.25,0.25,5097.83,5098.72,5088.68,5096.21,,,,,,,,5121.896285615136,5099.6849999999995,0.05563110907663665,,,,,,none,True,,,,,,,,,,,,,,no_pattern_at_sr
2026-03-09T07:09:33.846249+00:00,BTCUSD,cobra,24433879,H1,HOLD,HOLD,NONE,0,601.7257498679475,0,,,,,,,,,,,,,,,,17.01,17.01,67257.37,67272.43,67107.44,67222.09,,,,,,,,67528.53487948523,67464.27,0.34356183036105514,,,,,,none,True,,,,,,,,,,,,,,no_pattern_at_sr
2026-03-09T07:09:33.847734+00:00,USDJPY-STD,cobra,24433879,H1,HOLD,HOLD,NONE,0,0.24315403330998556,0,,,,,,,,,,,,,,,,0.019,0.019,158.617,158.65,158.537,158.565,,,,,,,,157.89603081459092,158.461,0.6292307716110929,,,,,,none,True,,,,,,,,,,,,,,no_pattern_at_sr
2026-03-09T07:09:33.849032+00:00,EURUSD-STD,cobra,24433879,H1,HOLD,HOLD,NONE,0,0.002241491077248496,0,,,,,,,,,,,,,,,,0.00014,0.00014,1.15444,1.1553,1.1535,1.15502,,,,,,,,1.1579859168233397,1.15454,0.053535791963625345,,,,,,none,True,,,,,,,,,,,,,,no_pattern_at_sr
2026-03-09T07:09:33.850393+00:00,XAUUSD-STD,cobra,24433879,H1,HOLD,HOLD,NONE,0,36.76000773563582,0,,,,,,,,,,,,,,,,0.23,0.23,5097.83,5098.72,5088.68,5096.49,,,,,,,,5121.896285615136,5099.6849999999995,0.05563110907663665,,,,,,none,True,,,,,,,,,,,,,,no_pattern_at_sr
2026-03-09T07:10:34.205858+00:00,BTCUSD,cobra,24433879,H1,HOLD,HOLD,NONE,0,602.730035582234,0,,,,,,,,,,,,,,,,17.05,17.05,67257.37,67286.49,67107.44,67239.37,,,,,,,,67528.53487948523,67464.27,0.34298937798961754,,,,,,none,True,,,,,,,,,,,,,,no_pattern_at_sr
2026-03-09T07:10:34.207954+00:00,USDJPY-STD,cobra,24433879,H1,HOLD,HOLD,NONE,0,0.24351117616712809,0,,,,,,,,,,,,,,,,0.02,0.02,158.617,158.65,158.532,158.559,,,,,,,,157.89603081459092,158.461,0.6283079175593308,,,,,,none,True,,,,,,,,,,,,,,no_pattern_at_sr
2026-03-09T07:10:34.210135+00:00,EURUSD-STD,cobra,24433879,H1,HOLD,HOLD,NONE,0,0.0022579196486770645,0,,,,,,,,,,,,,,,,0.00014,0.00014,1.15444,1.15553,1.1535,1.15512,,,,,,,,1.1579859168233397,1.15454,0.053146266772693636,,,,,,none,True,,,,,,,,,,,,,,no_pattern_at_sr
2026-03-09T07:10:34.212222+00:00,XAUUSD-STD,cobra,24433879,H1,HOLD,HOLD,NONE,0,36.809293449921505,0,,,,,,,,,,,,,,,,0.2,0.2,5097.83,5099.41,5088.68,5097.84,,,,,,,,5121.896285615136,5099.6849999999995,0.055556621937917806,,,,,,none,True,,,,,,,,,,,,,,no_pattern_at_sr
2026-03-09T07:11:34.900652+00:00,BTCUSD,cobra,24433879,H1,HOLD,HOLD,NONE,0,602.730035582234,0,,,,,,,,,,,,,,,,16.95,16.95,67257.37,67286.49,67107.44,67284.25,,,,,,,,67528.53487948523,67464.27,0.34298937798961754,,,,,,none,True,,,,,,,,,,,,,,no_pattern_at_sr
2026-03-09T07:11:34.902191+00:00,USDJPY-STD,cobra,24433879,H1,HOLD,HOLD,NONE,0,0.24351117616712809,0,,,,,,,,,,,,,,,,0.018,0.018,158.617,158.65,158.532,158.56,,,,,,,,157.89603081459092,158.461,0.6283079175593308,,,,,,none,True,,,,,,,,,,,,,,no_pattern_at_sr
2026-03-09T07:11:34.904335+00:00,EURUSD-STD,cobra,24433879,H1,HOLD,HOLD,NONE,0,0.0022579196486770645,0,,,,,,,,,,,,,,,,0.00013,0.00013,1.15444,1.15553,1.1535,1.15538,,,,,,,,1.1579859168233397,1.15454,0.053146266772693636,,,,,,none,True,,,,,,,,,,,,,,no_pattern_at_sr
2026-03-09T07:11:34.905792+00:00,XAUUSD-STD,cobra,24433879,H1,HOLD,HOLD,NONE,0,36.88643630706436,0,,,,,,,,,,,,,,,,0.22,0.22,5097.83,5100.49,5088.68,5100.31,,,,,,,,5121.896285615136,5099.6849999999995,0.05544043298125583,,,,,,none,True,,,,,,,,,,,,,,no_pattern_at_sr
2026-03-09T07:12:35.319487+00:00,BTCUSD,cobra,24433879,H1,HOLD,HOLD,NONE,0,604.6678927250905,0,,,,,,,,,,,,,,,,17.05,17.05,67257.37,67313.62,67107.44,67256.22,,,,,,,,67528.53487948523,67464.27,0.3418901557156092,,,,,,none,True,,,,,,,,,,,,,,no_pattern_at_sr
2026-03-09T07:12:35.320821+00:00,USDJPY-STD,cobra,24433879,H1,HOLD,HOLD,NONE,0,0.24351117616712809,0,,,,,,,,,,,,,,,,0.018,0.018,158.617,158.65,158.532,158.555,,,,,,,,157.89603081459092,158.461,0.6283079175593308,,,,,,none,True,,,,,,,,,,,,,,no_pattern_at_sr
2026-03-09T07:12:35.322386+00:00,EURUSD-STD,cobra,24433879,H1,HOLD,HOLD,NONE,0,0.0022579196486770645,0,,,,,,,,,,,,,,,,0.00014,0.00014,1.15444,1.15553,1.1535,1.15537,,,,,,,,1.1579859168233397,1.15454,0.053146266772693636,,,,,,none,True,,,,,,,,,,,,,,no_pattern_at_sr
2026-03-09T07:12:35.323898+00:00,XAUUSD-STD,cobra,24433879,H1,HOLD,HOLD,NONE,0,36.98929344992154,0,,,,,,,,,,,,,,,,0.29,0.29,5097.83,5101.93,5088.68,5100.99,,,,,,,,5121.896285615136,5099.6849999999995,0.05528626824861671,,,,,,none,True,,,,,,,,,,,,,,no_pattern_at_sr
2026-03-09T07:13:35.661693+00:00,BTCUSD,cobra,24433879,H1,HOLD,HOLD,NONE,0,604.6678927250905,0,,,,,,,,,,,,,,,,16.95,16.95,67257.37,67313.62,67107.44,67174.38,,,,,,,,67528.53487948523,67464.27,0.3418901557156092,,,,,,none,True,,,,,,,,,,,,,,no_pattern_at_sr
2026-03-09T07:13:35.663298+00:00,USDJPY-STD,cobra,24433879,H1,HOLD,HOLD,NONE,0,0.24351117616712809,0,,,,,,,,,,,,,,,,0.018,0.018,158.617,158.65,158.532,158.574,,,,,,,,157.89603081459092,158.461,0.6283079175593308,,,,,,none,True,,,,,,,,,,,,,,no_pattern_at_sr
2026-03-09T07:13:35.664958+00:00,EURUSD-STD,cobra,24433879,H1,HOLD,HOLD,NONE,0,0.0022579196486770645,0,,,,,,,,,,,,,,,,0.00014,0.00014,1.15444,1.15553,1.1535,1.15512,,,,,,,,1.1579859168233397,1.15454,0.053146266772693636,,,,,,none,True,,,,,,,,,,,,,,no_pattern_at_sr
2026-03-09T07:13:35.666389+00:00,XAUUSD-STD,cobra,24433879,H1,HOLD,HOLD,NONE,0,36.98929344992154,0,,,,,,,,,,,,,,,,0.28,0.28,5097.83,5101.93,5088.68,5099.24,,,,,,,,5121.896285615136,5099.6849999999995,0.05528626824861671,,,,,,none,True,,,,,,,,,,,,,,no_pattern_at_sr
2026-03-09T07:14:36.005825+00:00,BTCUSD,cobra,24433879,H1,HOLD,HOLD,NONE,0,604.6678927250905,0,,,,,,,,,,,,,,,,17.03,17.03,67257.37,67313.62,67107.44,67207.86,,,,,,,,67528.53487948523,67464.27,0.3418901557156092,,,,,,none,True,,,,,,,,,,,,,,no_pattern_at_sr
2026-03-09T07:14:36.007841+00:00,USDJPY-STD,cobra,24433879,H1,HOLD,HOLD,NONE,0,0.24351117616712809,0,,,,,,,,,,,,,,,,0.028,0.028,158.617,158.65,158.532,158.629,,,,,,,,157.89603081459092,158.461,0.6283079175593308,,,,,,none,True,,,,,,,,,,,,,,no_pattern_at_sr
2026-03-09T07:14:36.009616+00:00,EURUSD-STD,cobra,24433879,H1,HOLD,HOLD,NONE,0,0.0022579196486770645,0,,,,,,,,,,,,,,,,0.00014,0.00014,1.15444,1.15553,1.1535,1.15459,,,,,,,,1.1579859168233397,1.15454,0.053146266772693636,,,,,,none,True,,,,,,,,,,,,,,no_pattern_at_sr
2026-03-09T07:14:36.011435+00:00,XAUUSD-STD,cobra,24433879,H1,HOLD,HOLD,NONE,0,36.98929344992154,0,,,,,,,,,,,,,,,,0.25,0.25,5097.83,5101.93,5088.68,5098.84,,,,,,,,5121.896285615136,5099.6849999999995,0.05528626824861671,,,,,,none,True,,,,,,,,,,,,,,no_pattern_at_sr
2026-03-09T07:15:36.543177+00:00,BTCUSD,cobra,24433879,H1,HOLD,HOLD,NONE,0,604.6678927250905,0,,,,,,,,,,,,,,,,17.01,17.01,67257.37,67313.62,67107.44,67215.44,,,,,,,,67528.53487948523,67464.27,0.3418901557156092,,,,,,none,True,,,,,,,,,,,,,,no_pattern_at_sr
2026-03-09T07:15:36.545209+00:00,USDJPY-STD,cobra,24433879,H1,HOLD,HOLD,NONE,0,0.24351117616712809,0,,,,,,,,,,,,,,,,0.018,0.018,158.617,158.65,158.532,158.642,,,,,,,,157.89603081459092,158.461,0.6283079175593308,,,,,,none,True,,,,,,,,,,,,,,no_pattern_at_sr
2026-03-09T07:15:36.547085+00:00,EURUSD-STD,cobra,24433879,H1,HOLD,HOLD,NONE,0,0.0022579196486770645,0,,,,,,,,,,,,,,,,0.00013,0.00013,1.15444,1.15553,1.1535,1.15443,,,,,,,,1.1579859168233397,1.15454,0.053146266772693636,,,,,,none,True,,,,,,,,,,,,,,no_pattern_at_sr
2026-03-09T07:15:36.548823+00:00,XAUUSD-STD,cobra,24433879,H1,HOLD,HOLD,NONE,0,36.98929344992154,0,,,,,,,,,,,,,,,,0.25,0.25,5097.83,5101.93,5088.68,5096.84,,,,,,,,5121.896285615136,5099.6849999999995,0.05528626824861671,,,,,,none,True,,,,,,,,,,,,,,no_pattern_at_sr
2026-03-09T07:16:37.396603+00:00,BTCUSD,cobra,24433879,H1,HOLD,HOLD,NONE,0,604.6678927250905,0,,,,,,,,,,,,,,,,16.97,16.97,67257.37,67313.62,67107.44,67258.24,,,,,,,,67528.53487948523,67464.27,0.3418901557156092,,,,,,none,True,,,,,,,,,,,,,,no_pattern_at_sr
2026-03-09T07:16:37.409581+00:00,USDJPY-STD,cobra,24433879,H1,HOLD,HOLD,NONE,0,0.24351117616712809,0,,,,,,,,,,,,,,,,0.02,0.02,158.617,158.65,158.532,158.596,,,,,,,,157.89603081459092,158.461,0.6283079175593308,,,,,,none,True,,,,,,,,,,,,,,no_pattern_at_sr
2026-03-09T07:16:37.421017+00:00,EURUSD-STD,cobra,24433879,H1,HOLD,HOLD,NONE,0,0.0022579196486770645,0,,,,,,,,,,,,,,,,0.00014,0.00014,1.15444,1.15553,1.1535,1.1544699999999999,,,,,,,,1.1579859168233397,1.15454,0.053146266772693636,,,,,,none,True,,,,,,,,,,,,,,no_pattern_at_sr
2026-03-09T07:16:37.436991+00:00,XAUUSD-STD,cobra,24433879,H1,HOLD,HOLD,NONE,0,36.98929344992154,0,,,,,,,,,,,,,,,,0.26,0.26,5097.83,5101.93,5088.68,5097.95,,,,,,,,5121.896285615136,5099.6849999999995,0.05528626824861671,,,,,,none,True,,,,,,,,,,,,,,no_pattern_at_sr
2026-03-09T07:16:37.437658+00:00,USOUSD-STD,cobra,24433879,H1,OUTSIDE_HOURS,OUTSIDE_HOURS,NONE,0,4.384894304653076,0,,,,,,,,,,,,,,,,0.032,0.032,104.513,104.513,101.428,102.343,,,,,,,,,,,,,,,,,,,,,,,,,,,,,,,
2026-03-09T07:17:38.223763+00:00,BTCUSD,cobra,24433879,H1,HOLD,HOLD,NONE,0,604.6678927250905,0,,,,,,,,,,,,,,,,17.04,17.04,67257.37,67313.62,67107.44,67144.45,,,,,,,,67528.53487948523,67464.27,0.3418901557156092,,,,,,none,True,,,,,,,,,,,,,,no_pattern_at_sr
2026-03-09T07:17:38.225467+00:00,USDJPY-STD,cobra,24433879,H1,HOLD,HOLD,NONE,0,0.24351117616712809,0,,,,,,,,,,,,,,,,0.018,0.018,158.617,158.65,158.532,158.618,,,,,,,,157.89603081459092,158.461,0.6283079175593308,,,,,,none,True,,,,,,,,,,,,,,no_pattern_at_sr
2026-03-09T07:17:38.226748+00:00,EURUSD-STD,cobra,24433879,H1,HOLD,HOLD,NONE,0,0.0022579196486770645,0,,,,,,,,,,,,,,,,0.00013,0.00013,1.15444,1.15553,1.1535,1.1541,,,,,,,,1.1579859168233397,1.15454,0.053146266772693636,,,,,,none,True,,,,,,,,,,,,,,no_pattern_at_sr
2026-03-09T07:17:38.228254+00:00,XAUUSD-STD,cobra,24433879,H1,HOLD,HOLD,NONE,0,36.98929344992154,0,,,,,,,,,,,,,,,,0.25,0.25,5097.83,5101.93,5088.68,5097.89,,,,,,,,5121.896285615136,5099.6849999999995,0.05528626824861671,,,,,,none,True,,,,,,,,,,,,,,no_pattern_at_sr
2026-03-09T07:18:38.566368+00:00,BTCUSD,cobra,24433879,H1,HOLD,HOLD,NONE,0,614.5814641536625,0,,,,,,,,,,,,,,,,17.03,17.03,67257.37,67313.62,66968.65,67018.95,,,,,,,,67528.53487948523,67576.25625,0.5185907297723582,,,,,,none,True,,,,,,,,,,,,,,no_pattern_at_sr
2026-03-09T07:18:38.568098+00:00,USDJPY-STD,cobra,24433879,H1,HOLD,HOLD,NONE,0,0.24351117616712809,0,,,,,,,,,,,,,,,,0.019,0.019,158.617,158.65,158.532,158.61,,,,,,,,157.89603081459092,158.461,0.6283079175593308,,,,,,none,True,,,,,,,,,,,,,,no_pattern_at_sr
2026-03-09T07:18:38.569595+00:00,EURUSD-STD,cobra,24433879,H1,HOLD,HOLD,NONE,0,0.0022579196486770645,0,,,,,,,,,,,,,,,,0.00013,0.00013,1.15444,1.15553,1.1535,1.15421,,,,,,,,1.1579859168233397,1.15454,0.053146266772693636,,,,,,none,True,,,,,,,,,,,,,,no_pattern_at_sr
2026-03-09T07:18:38.570971+00:00,XAUUSD-STD,cobra,24433879,H1,HOLD,HOLD,NONE,0,36.98929344992154,0,,,,,,,,,,,,,,,,0.25,0.25,5097.83,5101.93,5088.68,5100.59,,,,,,,,5121.896285615136,5099.6849999999995,0.05528626824861671,,,,,,none,True,,,,,,,,,,,,,,no_pattern_at_sr
2026-03-09T07:19:38.932425+00:00,BTCUSD,cobra,24433879,H1,HOLD,HOLD,NONE,0,621.7486070108051,0,,,,,,,,,,,,,,,,16.98,16.98,67257.37,67313.62,66868.31,66950.24,,,,,,,,67528.53487948523,67576.25625,0.5126127286916035,,,,,,none,True,,,,,,,,,,,,,,no_pattern_at_sr
2026-03-09T07:19:38.934543+00:00,USDJPY-STD,cobra,24433879,H1,HOLD,HOLD,NONE,0,0.24351117616712809,0,,,,,,,,,,,,,,,,0.019,0.019,158.617,158.65,158.532,158.592,,,,,,,,157.89603081459092,158.461,0.6283079175593308,,,,,,none,True,,,,,,,,,,,,,,no_pattern_at_sr
2026-03-09T07:19:38.936087+00:00,EURUSD-STD,cobra,24433879,H1,HOLD,HOLD,NONE,0,0.0022579196486770645,0,,,,,,,,,,,,,,,,0.00014,0.00014,1.15444,1.15553,1.1535,1.15425,,,,,,,,1.1579859168233397,1.15454,0.053146266772693636,,,,,,none,True,,,,,,,,,,,,,,no_pattern_at_sr
2026-03-09T07:19:38.937785+00:00,XAUUSD-STD,cobra,24433879,H1,HOLD,HOLD,NONE,0,36.98929344992154,0,,,,,,,,,,,,,,,,0.26,0.26,5097.83,5101.93,5088.68,5098.94,,,,,,,,5121.896285615136,5099.6849999999995,0.05528626824861671,,,,,,none,True,,,,,,,,,,,,,,no_pattern_at_sr
2026-03-09T07:20:39.345284+00:00,BTCUSD,cobra,24433879,H1,HOLD,HOLD,NONE,0,621.7486070108051,0,,,,,,,,,,,,,,,,17.0,17.0,67257.37,67313.62,66868.31,67076.74,,,,,,,,67528.53487948523,67576.25625,0.5126127286916035,,,,,,none,True,,,,,,,,,,,,,,no_pattern_at_sr
2026-03-09T07:20:39.347518+00:00,USDJPY-STD,cobra,24433879,H1,HOLD,HOLD,NONE,0,0.24351117616712809,0,,,,,,,,,,,,,,,,0.019,0.019,158.617,158.65,158.532,158.595,,,,,,,,157.89603081459092,158.461,0.6283079175593308,,,,,,none,True,,,,,,,,,,,,,,no_pattern_at_sr
2026-03-09T07:20:39.349024+00:00,EURUSD-STD,cobra,24433879,H1,HOLD,HOLD,NONE,0,0.0022579196486770645,0,,,,,,,,,,,,,,,,0.00013,0.00013,1.15444,1.15553,1.1535,1.1544,,,,,,,,1.1579859168233397,1.15454,0.053146266772693636,,,,,,none,True,,,,,,,,,,,,,,no_pattern_at_sr
2026-03-09T07:20:39.350526+00:00,XAUUSD-STD,cobra,24433879,H1,HOLD,HOLD,NONE,0,36.98929344992154,0,,,,,,,,,,,,,,,,0.25,0.25,5097.83,5101.93,5088.68,5100.01,,,,,,,,5121.896285615136,5099.6849999999995,0.05528626824861671,,,,,,none,True,,,,,,,,,,,,,,no_pattern_at_sr
2026-03-09T07:21:39.702669+00:00,BTCUSD,cobra,24433879,H1,HOLD,HOLD,NONE,0,621.7486070108051,0,,,,,,,,,,,,,,,,17.03,17.03,67257.37,67313.62,66868.31,67037.29,,,,,,,,67528.53487948523,67576.25625,0.5126127286916035,,,,,,none,True,,,,,,,,,,,,,,no_pattern_at_sr
2026-03-09T07:21:39.704056+00:00,USDJPY-STD,cobra,24433879,H1,HOLD,HOLD,NONE,0,0.24351117616712809,0,,,,,,,,,,,,,,,,0.019,0.019,158.617,158.65,158.532,158.606,,,,,,,,157.89603081459092,158.461,0.6283079175593308,,,,,,none,True,,,,,,,,,,,,,,no_pattern_at_sr
2026-03-09T07:21:39.705581+00:00,EURUSD-STD,cobra,24433879,H1,HOLD,HOLD,NONE,0,0.0022579196486770645,0,,,,,,,,,,,,,,,,0.00013,0.00013,1.15444,1.15553,1.1535,1.1543700000000001,,,,,,,,1.1579859168233397,1.15454,0.053146266772693636,,,,,,none,True,,,,,,,,,,,,,,no_pattern_at_sr
2026-03-09T07:21:39.706875+00:00,XAUUSD-STD,cobra,24433879,H1,HOLD,HOLD,NONE,0,36.98929344992154,0,,,,,,,,,,,,,,,,0.22,0.22,5097.83,5101.93,5088.68,5100.53,,,,,,,,5121.896285615136,5099.6849999999995,0.05528626824861671,,,,,,none,True,,,,,,,,,,,,,,no_pattern_at_sr
2026-03-09T07:22:40.040033+00:00,BTCUSD,cobra,24433879,H1,HOLD,HOLD,NONE,0,621.7486070108051,0,,,,,,,,,,,,,,,,17.12,17.12,67257.37,67313.62,66868.31,67054.96,,,,,,,,67528.53487948523,67576.25625,0.5126127286916035,,,,,,none,True,,,,,,,,,,,,,,no_pattern_at_sr
2026-03-09T07:22:40.042215+00:00,USDJPY-STD,cobra,24433879,H1,HOLD,HOLD,NONE,0,0.24351117616712809,0,,,,,,,,,,,,,,,,0.019,0.019,158.617,158.65,158.532,158.606,,,,,,,,157.89603081459092,158.461,0.6283079175593308,,,,,,none,True,,,,,,,,,,,,,,no_pattern_at_sr
2026-03-09T07:22:40.044192+00:00,EURUSD-STD,cobra,24433879,H1,HOLD,HOLD,NONE,0,0.0022579196486770645,0,,,,,,,,,,,,,,,,0.00015,0.00015,1.15444,1.15553,1.1535,1.15422,,,,,,,,1.1579859168233397,1.15454,0.053146266772693636,,,,,,none,True,,,,,,,,,,,,,,no_pattern_at_sr
2026-03-09T07:22:40.046108+00:00,XAUUSD-STD,cobra,24433879,H1,HOLD,HOLD,NONE,0,36.98929344992154,0,,,,,,,,,,,,,,,,0.22,0.22,5097.83,5101.93,5088.68,5099.34,,,,,,,,5121.896285615136,5099.6849999999995,0.05528626824861671,,,,,,none,True,,,,,,,,,,,,,,no_pattern_at_sr
2026-03-09T07:23:40.635816+00:00,BTCUSD,cobra,24433879,H1,HOLD,HOLD,NONE,0,621.7486070108051,0,,,,,,,,,,,,,,,,16.94,16.94,67257.37,67313.62,66868.31,67139.6,,,,,,,,67528.53487948523,67576.25625,0.5126127286916035,,,,,,none,True,,,,,,,,,,,,,,no_pattern_at_sr
2026-03-09T07:23:40.637600+00:00,USDJPY-STD,cobra,24433879,H1,HOLD,HOLD,NONE,0,0.24351117616712809,0,,,,,,,,,,,,,,,,0.02,0.02,158.617,158.65,158.532,158.59,,,,,,,,157.89603081459092,158.461,0.6283079175593308,,,,,,none,True,,,,,,,,,,,,,,no_pattern_at_sr
2026-03-09T07:23:40.639384+00:00,EURUSD-STD,cobra,24433879,H1,HOLD,HOLD,NONE,0,0.0022579196486770645,0,,,,,,,,,,,,,,,,0.00014,0.00014,1.15444,1.15553,1.1535,1.15467,,,,,,,,1.1579859168233397,1.15454,0.053146266772693636,,,,,,none,True,,,,,,,,,,,,,,no_pattern_at_sr
2026-03-09T07:23:40.641220+00:00,XAUUSD-STD,cobra,24433879,H1,HOLD,HOLD,NONE,0,36.98929344992154,0,,,,,,,,,,,,,,,,0.26,0.26,5097.83,5101.93,5088.68,5099.66,,,,,,,,5121.896285615136,5099.6849999999995,0.05528626824861671,,,,,,none,True,,,,,,,,,,,,,,no_pattern_at_sr
2026-03-09T07:24:41.029037+00:00,BTCUSD,cobra,24433879,H1,HOLD,HOLD,NONE,0,621.7486070108051,0,,,,,,,,,,,,,,,,17.04,17.04,67257.37,67313.62,66868.31,67133.69,,,,,,,,67528.53487948523,67576.25625,0.5126127286916035,,,,,,none,True,,,,,,,,,,,,,,no_pattern_at_sr
2026-03-09T07:24:41.030531+00:00,USDJPY-STD,cobra,24433879,H1,HOLD,HOLD,NONE,0,0.24351117616712809,0,,,,,,,,,,,,,,,,0.019,0.019,158.617,158.65,158.532,158.552,,,,,,,,157.89603081459092,158.461,0.6283079175593308,,,,,,none,True,,,,,,,,,,,,,,no_pattern_at_sr
2026-03-09T07:24:41.032046+00:00,EURUSD-STD,cobra,24433879,H1,HOLD,HOLD,NONE,0,0.0022579196486770645,0,,,,,,,,,,,,,,,,0.00014,0.00014,1.15444,1.15553,1.1535,1.15483,,,,,,,,1.1579859168233397,1.15454,0.053146266772693636,,,,,,none,True,,,,,,,,,,,,,,no_pattern_at_sr
2026-03-09T07:24:41.033351+00:00,XAUUSD-STD,cobra,24433879,H1,HOLD,HOLD,NONE,0,37.01000773563582,0,,,,,,,,,,,,,,,,0.22,0.22,5097.83,5102.22,5088.68,5102.1,,,,,,,,5121.896285615136,5099.6849999999995,0.055255324846368366,,,,,,none,True,,,,,,,,,,,,,,no_pattern_at_sr
2026-03-09T07:25:41.380808+00:00,BTCUSD,cobra,24433879,H1,HOLD,HOLD,NONE,0,621.7486070108051,0,,,,,,,,,,,,,,,,17.04,17.04,67257.37,67313.62,66868.31,67168.51,,,,,,,,67528.53487948523,67576.25625,0.5126127286916035,,,,,,none,True,,,,,,,,,,,,,,no_pattern_at_sr
2026-03-09T07:25:41.382347+00:00,USDJPY-STD,cobra,24433879,H1,HOLD,HOLD,NONE,0,0.24351117616712809,0,,,,,,,,,,,,,,,,0.018,0.018,158.617,158.65,158.532,158.551,,,,,,,,157.89603081459092,158.461,0.6283079175593308,,,,,,none,True,,,,,,,,,,,,,,no_pattern_at_sr
2026-03-09T07:25:41.383766+00:00,EURUSD-STD,cobra,24433879,H1,HOLD,HOLD,NONE,0,0.0022579196486770645,0,,,,,,,,,,,,,,,,0.00013,0.00013,1.15444,1.15553,1.1535,1.15466,,,,,,,,1.1579859168233397,1.15454,0.053146266772693636,,,,,,none,True,,,,,,,,,,,,,,no_pattern_at_sr
2026-03-09T07:25:41.385167+00:00,XAUUSD-STD,cobra,24433879,H1,HOLD,HOLD,NONE,0,37.241436307064376,0,,,,,,,,,,,,,,,,0.28,0.28,5097.83,5105.46,5088.68,5103.87,,,,,,,,5121.896285615136,5099.6849999999995,0.05491195299605683,,,,,,none,True,,,,,,,,,,,,,,no_pattern_at_sr
2026-03-09T07:26:41.716599+00:00,BTCUSD,cobra,24433879,H1,HOLD,HOLD,NONE,0,621.7486070108051,0,,,,,,,,,,,,,,,,16.94,16.94,67257.37,67313.62,66868.31,67238.16,,,,,,,,67528.53487948523,67576.25625,0.5126127286916035,,,,,,none,True,,,,,,,,,,,,,,no_pattern_at_sr
2026-03-09T07:26:41.718654+00:00,USDJPY-STD,cobra,24433879,H1,HOLD,HOLD,NONE,0,0.24351117616712809,0,,,,,,,,,,,,,,,,0.019,0.019,158.617,158.65,158.532,158.551,,,,,,,,157.89603081459092,158.461,0.6283079175593308,,,,,,none,True,,,,,,,,,,,,,,no_pattern_at_sr
2026-03-09T07:26:41.720663+00:00,EURUSD-STD,cobra,24433879,H1,HOLD,HOLD,NONE,0,0.0022579196486770645,0,,,,,,,,,,,,,,,,0.00014,0.00014,1.15444,1.15553,1.1535,1.15455,,,,,,,,1.1579859168233397,1.15454,0.053146266772693636,,,,,,none,True,,,,,,,,,,,,,,no_pattern_at_sr
2026-03-09T07:26:41.722739+00:00,XAUUSD-STD,cobra,24433879,H1,HOLD,HOLD,NONE,0,37.241436307064376,0,,,,,,,,,,,,,,,,0.23,0.23,5097.83,5105.46,5088.68,5102.47,,,,,,,,5121.896285615136,5099.6849999999995,0.05491195299605683,,,,,,none,True,,,,,,,,,,,,,,no_pattern_at_sr
2026-03-09T07:26:41.723107+00:00,USOUSD-STD,cobra,24433879,H1,OUTSIDE_HOURS,OUTSIDE_HOURS,NONE,0,4.396322876081647,0,,,,,,,,,,,,,,,,0.032,0.032,104.513,104.513,101.268,101.823,,,,,,,,,,,,,,,,,,,,,,,,,,,,,,,
2026-03-09T07:27:42.067121+00:00,BTCUSD,cobra,24433879,H1,HOLD,HOLD,NONE,0,621.7486070108051,0,,,,,,,,,,,,,,,,17.06,17.06,67257.37,67313.62,66868.31,67242.04,,,,,,,,67528.53487948523,67576.25625,0.5126127286916035,,,,,,none,True,,,,,,,,,,,,,,no_pattern_at_sr
2026-03-09T07:27:42.070171+00:00,USDJPY-STD,cobra,24433879,H1,HOLD,HOLD,NONE,0,0.24501117616712914,0,,,,,,,,,,,,,,,,0.02,0.02,158.617,158.65,158.511,158.516,,,,,,,,157.89603081459092,158.461,0.6244613098613343,,,,,,none,True,,,,,,,,,,,,,,no_pattern_at_sr
2026-03-09T07:27:42.072160+00:00,EURUSD-STD,cobra,24433879,H1,HOLD,HOLD,NONE,0,0.0022579196486770645,0,,,,,,,,,,,,,,,,0.00014,0.00014,1.15444,1.15553,1.1535,1.15495,,,,,,,,1.1579859168233397,1.15454,0.053146266772693636,,,,,,none,True,,,,,,,,,,,,,,no_pattern_at_sr
2026-03-09T07:27:42.073821+00:00,XAUUSD-STD,cobra,24433879,H1,HOLD,HOLD,NONE,0,37.241436307064376,0,,,,,,,,,,,,,,,,0.25,0.25,5097.83,5105.46,5088.68,5103.61,,,,,,,,5121.896285615136,5099.6849999999995,0.05491195299605683,,,,,,none,True,,,,,,,,,,,,,,no_pattern_at_sr
2026-03-09T07:28:42.548132+00:00,BTCUSD,cobra,24433879,H1,HOLD,HOLD,NONE,0,621.7486070108051,0,,,,,,,,,,,,,,,,16.96,16.96,67257.37,67313.62,66868.31,67238.8,,,,,,,,67528.53487948523,67576.25625,0.5126127286916035,,,,,,none,True,,,,,,,,,,,,,,no_pattern_at_sr
2026-03-09T07:28:42.550380+00:00,USDJPY-STD,cobra,24433879,H1,HOLD,HOLD,NONE,0,0.2465111761671282,0,,,,,,,,,,,,,,,,0.018,0.018,158.617,158.65,158.49,158.49,,,,,,,,157.89603081459092,158.461,0.6206615147390379,,,,,,none,True,,,,,,,,,,,,,,no_pattern_at_sr
2026-03-09T07:28:42.552045+00:00,EURUSD-STD,cobra,24433879,H1,HOLD,HOLD,NONE,0,0.0022579196486770645,0,,,,,,,,,,,,,,,,0.00014,0.00014,1.15444,1.15553,1.1535,1.15493,,,,,,,,1.1579859168233397,1.15454,0.053146266772693636,,,,,,none,True,,,,,,,,,,,,,,no_pattern_at_sr
2026-03-09T07:28:42.553718+00:00,XAUUSD-STD,cobra,24433879,H1,HOLD,HOLD,NONE,0,37.33786487849297,0,,,,,,,,,,,,,,,,0.28,0.28,5097.83,5106.81,5088.68,5105.2,,,,,,,,5121.896285615136,5099.6849999999995,0.05477013767804131,,,,,,none,True,,,,,,,,,,,,,,no_pattern_at_sr
2026-03-09T07:29:42.975032+00:00,BTCUSD,cobra,24433879,H1,HOLD,HOLD,NONE,0,621.7486070108051,0,,,,,,,,,,,,,,,,16.95,16.95,67257.37,67313.62,66868.31,67232.0,,,,,,,,67528.53487948523,67576.25625,0.5126127286916035,,,,,,none,True,,,,,,,,,,,,,,no_pattern_at_sr
2026-03-09T07:29:42.977445+00:00,USDJPY-STD,cobra,24433879,H1,HOLD,HOLD,NONE,0,0.24679689045284384,0,,,,,,,,,,,,,,,,0.019,0.019,158.617,158.65,158.486,158.504,,,,,,,,157.89603081459092,158.461,0.6199429811261165,,,,,,none,True,,,,,,,,,,,,,,no_pattern_at_sr
2026-03-09T07:29:42.979291+00:00,EURUSD-STD,cobra,24433879,H1,HOLD,HOLD,NONE,0,0.0022579196486770645,0,,,,,,,,,,,,,,,,0.00014,0.00014,1.15444,1.15553,1.1535,1.1549800000000001,,,,,,,,1.1579859168233397,1.15454,0.053146266772693636,,,,,,none,True,,,,,,,,,,,,,,no_pattern_at_sr
2026-03-09T07:29:42.980922+00:00,XAUUSD-STD,cobra,24433879,H1,HOLD,HOLD,NONE,0,37.33786487849297,0,,,,,,,,,,,,,,,,0.22,0.22,5097.83,5106.81,5088.68,5106.19,,,,,,,,5121.896285615136,5099.6849999999995,0.05477013767804131,,,,,,none,True,,,,,,,,,,,,,,no_pattern_at_sr
2026-03-09T07:30:43.580588+00:00,BTCUSD,cobra,24433879,H1,HOLD,HOLD,NONE,0,621.7486070108051,0,,,,,,,,,,,,,,,,17.1,17.1,67257.37,67313.62,66868.31,67247.15,,,,,,,,67528.53487948523,67576.25625,0.5126127286916035,,,,,,none,True,,,,,,,,,,,,,,no_pattern_at_sr
2026-03-09T07:30:43.582576+00:00,USDJPY-STD,cobra,24433879,H1,HOLD,HOLD,NONE,0,0.24751117616712892,0,,,,,,,,,,,,,,,,0.018,0.018,158.617,158.65,158.476,158.491,,,,,,,,157.89603081459092,158.461,0.6181539046813797,,,,,,none,True,,,,,,,,,,,,,,no_pattern_at_sr
2026-03-09T07:30:43.584698+00:00,EURUSD-STD,cobra,24433879,H1,HOLD,HOLD,NONE,0,0.0022579196486770645,0,,,,,,,,,,,,,,,,0.00013,0.00013,1.15444,1.15553,1.1535,1.15517,,,,,,,,1.1579859168233397,1.15454,0.053146266772693636,,,,,,none,True,,,,,,,,,,,,,,no_pattern_at_sr
2026-03-09T07:30:43.586800+00:00,XAUUSD-STD,cobra,24433879,H1,HOLD,HOLD,NONE,0,37.41215059277869,0,,,,,,,,,,,,,,,,0.23,0.23,5097.83,5107.85,5088.68,5105.25,,,,,,,,5121.896285615136,5099.6849999999995,0.05466138587590017,,,,,,none,True,,,,,,,,,,,,,,no_pattern_at_sr
2026-03-09T07:31:44.638528+00:00,BTCUSD,cobra,24433879,H1,HOLD,HOLD,NONE,0,621.7486070108051,0,,,,,,,,,,,,,,,,17.04,17.04,67257.37,67313.62,66868.31,67273.95,,,,,,,,67528.53487948523,67576.25625,0.5126127286916035,,,,,,none,True,,,,,,,,,,,,,,no_pattern_at_sr
2026-03-09T07:31:44.640575+00:00,USDJPY-STD,cobra,24433879,H1,HOLD,HOLD,NONE,0,0.24815403330998506,0,,,,,,,,,,,,,,,,0.018,0.018,158.617,158.65,158.467,158.47,,,,,,,,157.89603081459092,158.461,0.6165525418193365,,,,,,none,True,,,,,,,,,,,,,,no_pattern_at_sr
2026-03-09T07:31:44.642531+00:00,EURUSD-STD,cobra,24433879,H1,HOLD,HOLD,NONE,0,0.0022579196486770645,0,,,,,,,,,,,,,,,,0.00014,0.00014,1.15444,1.15553,1.1535,1.15528,,,,,,,,1.1579859168233397,1.15454,0.053146266772693636,,,,,,none,True,,,,,,,,,,,,,,no_pattern_at_sr
2026-03-09T07:31:44.644409+00:00,XAUUSD-STD,cobra,24433879,H1,HOLD,HOLD,NONE,0,37.41215059277869,0,,,,,,,,,,,,,,,,0.23,0.23,5097.83,5107.85,5088.68,5105.48,,,,,,,,5121.896285615136,5099.6849999999995,0.05466138587590017,,,,,,none,True,,,,,,,,,,,,,,no_pattern_at_sr
2026-03-09T07:32:45.184876+00:00,BTCUSD,cobra,24433879,H1,HOLD,HOLD,NONE,0,621.8164641536631,0,,,,,,,,,,,,,,,,16.95,16.95,67257.37,67314.57,66868.31,67281.47,,,,,,,,67528.53487948523,67576.25625,0.5125567886559709,,,,,,none,True,,,,,,,,,,,,,,no_pattern_at_sr
2026-03-09T07:32:45.186702+00:00,USDJPY-STD,cobra,24433879,H1,HOLD,HOLD,NONE,0,0.24972546188141503,0,,,,,,,,,,,,,,,,0.018,0.018,158.617,158.65,158.445,158.482,,,,,,,,157.89603081459092,158.461,0.6126728081602082,,,,,,none,True,,,,,,,,,,,,,,no_pattern_at_sr
2026-03-09T07:32:45.188662+00:00,EURUSD-STD,cobra,24433879,H1,HOLD,HOLD,NONE,0,0.0022579196486770645,0,,,,,,,,,,,,,,,,0.00013,0.00013,1.15444,1.15553,1.1535,1.15528,,,,,,,,1.1579859168233397,1.15454,0.053146266772693636,,,,,,none,True,,,,,,,,,,,,,,no_pattern_at_sr
2026-03-09T07:32:45.190512+00:00,XAUUSD-STD,cobra,24433879,H1,HOLD,HOLD,NONE,0,37.41215059277869,0,,,,,,,,,,,,,,,,0.25,0.25,5097.83,5107.85,5088.68,5105.25,,,,,,,,5121.896285615136,5099.6849999999995,0.05466138587590017,,,,,,none,True,,,,,,,,,,,,,,no_pattern_at_sr
2026-03-09T07:33:46.313490+00:00,BTCUSD,cobra,24433879,H1,HOLD,HOLD,NONE,0,621.8164641536631,0,,,,,,,,,,,,,,,,16.96,16.96,67257.37,67314.57,66868.31,67253.85,,,,,,,,67528.53487948523,67576.25625,0.5125567886559709,,,,,,none,True,,,,,,,,,,,,,,no_pattern_at_sr
2026-03-09T07:33:46.315341+00:00,USDJPY-STD,cobra,24433879,H1,HOLD,HOLD,NONE,0,0.24972546188141503,0,,,,,,,,,,,,,,,,0.019,0.019,158.617,158.65,158.445,158.49,,,,,,,,157.89603081459092,158.461,0.6126728081602082,,,,,,none,True,,,,,,,,,,,,,,no_pattern_at_sr
2026-03-09T07:33:46.317141+00:00,EURUSD-STD,cobra,24433879,H1,HOLD,HOLD,NONE,0,0.0022579196486770645,0,,,,,,,,,,,,,,,,0.00013,0.00013,1.15444,1.15553,1.1535,1.1553,,,,,,,,1.1579859168233397,1.15454,0.053146266772693636,,,,,,none,True,,,,,,,,,,,,,,no_pattern_at_sr
2026-03-09T07:33:46.319033+00:00,XAUUSD-STD,cobra,24433879,H1,HOLD,HOLD,NONE,0,37.41215059277869,0,,,,,,,,,,,,,,,,0.23,0.23,5097.83,5107.85,5088.68,5102.09,,,,,,,,5121.896285615136,5099.6849999999995,0.05466138587590017,,,,,,none,True,,,,,,,,,,,,,,no_pattern_at_sr
2026-03-09T07:34:47.235733+00:00,BTCUSD,cobra,24433879,H1,HOLD,HOLD,NONE,0,623.6543212965199,0,,,,,,,,,,,,,,,,17.07,17.07,67257.37,67340.3,66868.31,67298.52,,,,,,,,67528.53487948523,67576.25625,0.51104632665325,,,,,,none,True,,,,,,,,,,,,,,no_pattern_at_sr
2026-03-09T07:34:47.237630+00:00,USDJPY-STD,cobra,24433879,H1,HOLD,HOLD,NONE,0,0.24972546188141503,0,,,,,,,,,,,,,,,,0.02,0.02,158.617,158.65,158.445,158.495,,,,,,,,157.89603081459092,158.461,0.6126728081602082,,,,,,none,True,,,,,,,,,,,,,,no_pattern_at_sr
2026-03-09T07:34:47.239524+00:00,EURUSD-STD,cobra,24433879,H1,HOLD,HOLD,NONE,0,0.0022579196486770645,0,,,,,,,,,,,,,,,,0.00013,0.00013,1.15444,1.15553,1.1535,1.15542,,,,,,,,1.1579859168233397,1.15454,0.053146266772693636,,,,,,none,True,,,,,,,,,,,,,,no_pattern_at_sr
2026-03-09T07:34:47.241355+00:00,XAUUSD-STD,cobra,24433879,H1,HOLD,HOLD,NONE,0,37.41215059277869,0,,,,,,,,,,,,,,,,0.23,0.23,5097.83,5107.85,5088.68,5100.03,,,,,,,,5121.896285615136,5099.6849999999995,0.05466138587590017,,,,,,none,True,,,,,,,,,,,,,,no_pattern_at_sr
2026-03-09T07:35:48.141854+00:00,BTCUSD,cobra,24433879,H1,HOLD,HOLD,NONE,0,628.0421784393766,0,,,,,,,,,,,,,,,,16.98,16.98,67257.37,67401.73,66868.31,67313.16,,,,,,,,67528.53487948523,67576.25625,0.5074758685666477,,,,,,none,True,,,,,,,,,,,,,,no_pattern_at_sr
2026-03-09T07:35:48.143216+00:00,USDJPY-STD,cobra,24433879,H1,HOLD,HOLD,NONE,0,0.24972546188141503,0,,,,,,,,,,,,,,,,0.019,0.019,158.617,158.65,158.445,158.478,,,,,,,,157.89603081459092,158.461,0.6126728081602082,,,,,,none,True,,,,,,,,,,,,,,no_pattern_at_sr
2026-03-09T07:35:48.144676+00:00,EURUSD-STD,cobra,24433879,H1,HOLD,HOLD,NONE,0,0.0022686339343913568,0,,,,,,,,,,,,,,,,0.00013,0.00013,1.15444,1.15568,1.1535,1.15557,,,,,,,,1.1579859168233397,1.15454,0.05289526802044082,,,,,,none,True,,,,,,,,,,,,,,no_pattern_at_sr
2026-03-09T07:35:48.146010+00:00,XAUUSD-STD,cobra,24433879,H1,HOLD,HOLD,NONE,0,37.41215059277869,0,,,,,,,,,,,,,,,,0.26,0.26,5097.83,5107.85,5088.68,5102.0,,,,,,,,5121.896285615136,5099.6849999999995,0.05466138587590017,,,,,,none,True,,,,,,,,,,,,,,no_pattern_at_sr
2026-03-09T07:36:48.468955+00:00,BTCUSD,cobra,24433879,H1,HOLD,HOLD,NONE,0,628.0421784393766,0,,,,,,,,,,,,,,,,17.08,17.08,67257.37,67401.73,66868.31,67359.68,,,,,,,,67528.53487948523,67576.25625,0.5074758685666477,,,,,,none,True,,,,,,,,,,,,,,no_pattern_at_sr
2026-03-09T07:36:48.471094+00:00,USDJPY-STD,cobra,24433879,H1,HOLD,HOLD,NONE,0,0.2501540333099865,0,,,,,,,,,,,,,,,,0.02,0.02,158.617,158.65,158.439,158.442,,,,,,,,157.89603081459092,158.461,0.6116231586416065,,,,,,none,True,,,,,,,,,,,,,,no_pattern_at_sr
2026-03-09T07:36:48.473032+00:00,EURUSD-STD,cobra,24433879,H1,HOLD,HOLD,NONE,0,0.002301491077248493,0,,,,,,,,,,,,,,,,0.00014,0.00014,1.15444,1.15614,1.1535,1.15608,,,,,,,,1.1579859168233397,1.15454,0.052140110898610065,,,,,,none,True,,,,,,,,,,,,,,no_pattern_at_sr
2026-03-09T07:36:48.474888+00:00,XAUUSD-STD,cobra,24433879,H1,HOLD,HOLD,NONE,0,37.41215059277869,0,,,,,,,,,,,,,,,,0.23,0.23,5097.83,5107.85,5088.68,5102.1,,,,,,,,5121.896285615136,5099.6849999999995,0.05466138587590017,,,,,,none,True,,,,,,,,,,,,,,no_pattern_at_sr
2026-03-09T07:36:48.475406+00:00,USOUSD-STD,cobra,24433879,H1,OUTSIDE_HOURS,OUTSIDE_HOURS,NONE,0,4.45668001893879,0,,,,,,,,,,,,,,,,0.032,0.032,104.513,104.513,100.423,100.698,,,,,,,,,,,,,,,,,,,,,,,,,,,,,,,
2026-03-09T07:37:48.811487+00:00,BTCUSD,cobra,24433879,H1,HOLD,HOLD,NONE,0,631.3336070108053,0,,,,,,,,,,,,,,,,17.04,17.04,67257.37,67447.81,66868.31,67447.79,,,,,,,,67528.53487948523,67576.25625,0.5048301665882289,,,,,,none,True,,,,,,,,,,,,,,no_pattern_at_sr
2026-03-09T07:37:48.813311+00:00,USDJPY-STD,cobra,24433879,H1,HOLD,HOLD,NONE,0,0.25029689045284226,0,,,,,,,,,,,,,,,,0.019,0.019,158.617,158.65,158.437,158.439,,,,,,,,157.89603081459092,158.461,0.6112740742531034,,,,,,none,True,,,,,,,,,,,,,,no_pattern_at_sr
2026-03-09T07:37:48.814704+00:00,EURUSD-STD,cobra,24433879,H1,HOLD,HOLD,NONE,0,0.002301491077248493,0,,,,,,,,,,,,,,,,0.00013,0.00013,1.15444,1.15614,1.1535,1.15608,,,,,,,,1.1579859168233397,1.15454,0.052140110898610065,,,,,,none,True,,,,,,,,,,,,,,no_pattern_at_sr
2026-03-09T07:37:48.816148+00:00,XAUUSD-STD,cobra,24433879,H1,HOLD,HOLD,NONE,0,37.41215059277869,0,,,,,,,,,,,,,,,,0.22,0.22,5097.83,5107.85,5088.68,5102.46,,,,,,,,5121.896285615136,5099.6849999999995,0.05466138587590017,,,,,,none,True,,,,,,,,,,,,,,no_pattern_at_sr
2026-03-09T07:38:49.219099+00:00,BTCUSD,cobra,24433879,H1,HOLD,HOLD,NONE,0,631.4400355822341,0,,,,,,,,,,,,,,,,16.97,16.97,67257.37,67449.3,66868.31,67381.33,,,,,,,,67528.53487948523,67576.25625,0.5047450779805757,,,,,,none,True,,,,,,,,,,,,,,no_pattern_at_sr
2026-03-09T07:38:49.220618+00:00,USDJPY-STD,cobra,24433879,H1,HOLD,HOLD,NONE,0,0.2503683190242712,0,,,,,,,,,,,,,,,,0.018,0.018,158.617,158.65,158.436,158.455,,,,,,,,157.89603081459092,158.461,0.6110996814463553,,,,,,none,True,,,,,,,,,,,,,,no_pattern_at_sr
2026-03-09T07:38:49.221891+00:00,EURUSD-STD,cobra,24433879,H1,HOLD,HOLD,NONE,0,0.002301491077248493,0,,,,,,,,,,,,,,,,0.00014,0.00014,1.15444,1.15614,1.1535,1.15572,,,,,,,,1.1579859168233397,1.15454,0.052140110898610065,,,,,,none,True,,,,,,,,,,,,,,no_pattern_at_sr
2026-03-09T07:38:49.223391+00:00,XAUUSD-STD,cobra,24433879,H1,HOLD,HOLD,NONE,0,37.41215059277869,0,,,,,,,,,,,,,,,,0.22,0.22,5097.83,5107.85,5088.68,5103.36,,,,,,,,5121.896285615136,5099.6849999999995,0.05466138587590017,,,,,,none,True,,,,,,,,,,,,,,no_pattern_at_sr
2026-03-09T07:39:49.587227+00:00,BTCUSD,cobra,24433879,H1,HOLD,HOLD,NONE,0,631.4400355822341,0,,,,,,,,,,,,,,,,17.04,17.04,67257.37,67449.3,66868.31,67364.62,,,,,,,,67528.53487948523,67576.25625,0.5047450779805757,,,,,,none,True,,,,,,,,,,,,,,no_pattern_at_sr
2026-03-09T07:39:49.588838+00:00,USDJPY-STD,cobra,24433879,H1,HOLD,HOLD,NONE,0,0.2503683190242712,0,,,,,,,,,,,,,,,,0.018,0.018,158.617,158.65,158.436,158.441,,,,,,,,157.89603081459092,158.461,0.6110996814463553,,,,,,none,True,,,,,,,,,,,,,,no_pattern_at_sr
2026-03-09T07:39:49.590371+00:00,EURUSD-STD,cobra,24433879,H1,HOLD,HOLD,NONE,0,0.002301491077248493,0,,,,,,,,,,,,,,,,0.00014,0.00014,1.15444,1.15614,1.1535,1.1561,,,,,,,,1.1579859168233397,1.15454,0.052140110898610065,,,,,,none,True,,,,,,,,,,,,,,no_pattern_at_sr
2026-03-09T07:39:49.591825+00:00,XAUUSD-STD,cobra,24433879,H1,HOLD,HOLD,NONE,0,37.41215059277869,0,,,,,,,,,,,,,,,,0.25,0.25,5097.83,5107.85,5088.68,5104.13,,,,,,,,5121.896285615136,5099.6849999999995,0.05466138587590017,,,,,,none,True,,,,,,,,,,,,,,no_pattern_at_sr
2026-03-09T07:40:49.963783+00:00,BTCUSD,cobra,24433879,H1,HOLD,HOLD,NONE,0,631.4400355822341,0,,,,,,,,,,,,,,,,17.03,17.03,67257.37,67449.3,66868.31,67373.51,,,,,,,,67528.53487948523,67576.25625,0.5047450779805757,,,,,,none,True,,,,,,,,,,,,,,no_pattern_at_sr
2026-03-09T07:40:49.965873+00:00,USDJPY-STD,cobra,24433879,H1,HOLD,HOLD,NONE,0,0.2503683190242712,0,,,,,,,,,,,,,,,,0.019,0.019,158.617,158.65,158.436,158.453,,,,,,,,157.89603081459092,158.461,0.6110996814463553,,,,,,none,True,,,,,,,,,,,,,,no_pattern_at_sr
2026-03-09T07:40:49.967894+00:00,EURUSD-STD,cobra,24433879,H1,HOLD,HOLD,NONE,0,0.0023036339343913484,0,,,,,,,,,,,,,,,,0.00014,0.00014,1.15444,1.15617,1.1535,1.15598,,,,,,,,1.1579859168233397,1.15454,0.05209160978591141,,,,,,none,True,,,,,,,,,,,,,,no_pattern_at_sr
2026-03-09T07:40:49.969849+00:00,XAUUSD-STD,cobra,24433879,H1,HOLD,HOLD,NONE,0,37.41215059277869,0,,,,,,,,,,,,,,,,0.21,0.21,5097.83,5107.85,5088.68,5103.78,,,,,,,,5121.896285615136,5099.6849999999995,0.05466138587590017,,,,,,none,True,,,,,,,,,,,,,,no_pattern_at_sr
2026-03-09T07:41:50.411707+00:00,BTCUSD,cobra,24433879,H1,HOLD,HOLD,NONE,0,631.4400355822341,0,,,,,,,,,,,,,,,,16.97,16.97,67257.37,67449.3,66868.31,67376.07,,,,,,,,67528.53487948523,67576.25625,0.5047450779805757,,,,,,none,True,,,,,,,,,,,,,,no_pattern_at_sr
2026-03-09T07:41:50.413321+00:00,USDJPY-STD,cobra,24433879,H1,HOLD,HOLD,NONE,0,0.2503683190242712,0,,,,,,,,,,,,,,,,0.018,0.018,158.617,158.65,158.436,158.466,,,,,,,,157.89603081459092,158.461,0.6110996814463553,,,,,,none,True,,,,,,,,,,,,,,no_pattern_at_sr
2026-03-09T07:41:50.415101+00:00,EURUSD-STD,cobra,24433879,H1,HOLD,HOLD,NONE,0,0.0023036339343913484,0,,,,,,,,,,,,,,,,0.00014,0.00014,1.15444,1.15617,1.1535,1.1561,,,,,,,,1.1579859168233397,1.15454,0.05209160978591141,,,,,,none,True,,,,,,,,,,,,,,no_pattern_at_sr
2026-03-09T07:41:50.416924+00:00,XAUUSD-STD,cobra,24433879,H1,HOLD,HOLD,NONE,0,37.41215059277869,0,,,,,,,,,,,,,,,,0.26,0.26,5097.83,5107.85,5088.68,5106.1,,,,,,,,5121.896285615136,5099.6849999999995,0.05466138587590017,,,,,,none,True,,,,,,,,,,,,,,no_pattern_at_sr
2026-03-09T07:42:51.042177+00:00,BTCUSD,cobra,24433879,H1,HOLD,HOLD,NONE,0,632.412178439377,0,,,,,,,,,,,,,,,,17.09,17.09,67257.37,67462.91,66868.31,67440.58,,,,,,,,67528.53487948523,67576.25625,0.503969184759405,,,,,,none,True,,,,,,,,,,,,,,no_pattern_at_sr
2026-03-09T07:42:51.044282+00:00,USDJPY-STD,cobra,24433879,H1,HOLD,HOLD,NONE,0,0.2503683190242712,0,,,,,,,,,,,,,,,,0.019,0.019,158.617,158.65,158.436,158.487,,,,,,,,157.89603081459092,158.461,0.6110996814463553,,,,,,none,True,,,,,,,,,,,,,,no_pattern_at_sr
2026-03-09T07:42:51.046307+00:00,EURUSD-STD,cobra,24433879,H1,HOLD,HOLD,NONE,0,0.0023036339343913484,0,,,,,,,,,,,,,,,,0.00014,0.00014,1.15444,1.15617,1.1535,1.15561,,,,,,,,1.1579859168233397,1.15454,0.05209160978591141,,,,,,none,True,,,,,,,,,,,,,,no_pattern_at_sr
2026-03-09T07:42:51.048153+00:00,XAUUSD-STD,cobra,24433879,H1,HOLD,HOLD,NONE,0,37.41215059277869,0,,,,,,,,,,,,,,,,0.23,0.23,5097.83,5107.85,5088.68,5104.31,,,,,,,,5121.896285615136,5099.6849999999995,0.05466138587590017,,,,,,none,True,,,,,,,,,,,,,,no_pattern_at_sr
2026-03-09T07:43:51.963262+00:00,BTCUSD,cobra,24433879,H1,HOLD,HOLD,NONE,0,632.9571784393764,0,,,,,,,,,,,,,,,,16.96,16.96,67257.37,67470.54,66868.31,67434.29,,,,,,,,67528.53487948523,67576.25625,0.503535248286213,,,,,,none,True,,,,,,,,,,,,,,no_pattern_at_sr
2026-03-09T07:43:51.965106+00:00,USDJPY-STD,cobra,24433879,H1,HOLD,HOLD,NONE,0,0.2503683190242712,0,,,,,,,,,,,,,,,,0.018,0.018,158.617,158.65,158.436,158.49,,,,,,,,157.89603081459092,158.461,0.6110996814463553,,,,,,none,True,,,,,,,,,,,,,,no_pattern_at_sr
2026-03-09T07:43:51.967007+00:00,EURUSD-STD,cobra,24433879,H1,HOLD,HOLD,NONE,0,0.0023036339343913484,0,,,,,,,,,,,,,,,,0.00013,0.00013,1.15444,1.15617,1.1535,1.15556,,,,,,,,1.1579859168233397,1.15454,0.05209160978591141,,,,,,none,True,,,,,,,,,,,,,,no_pattern_at_sr
2026-03-09T07:43:51.968990+00:00,XAUUSD-STD,cobra,24433879,H1,HOLD,HOLD,NONE,0,37.41215059277869,0,,,,,,,,,,,,,,,,0.23,0.23,5097.83,5107.85,5088.68,5103.42,,,,,,,,5121.896285615136,5099.6849999999995,0.05466138587590017,,,,,,none,True,,,,,,,,,,,,,,no_pattern_at_sr
2026-03-09T07:44:52.732233+00:00,BTCUSD,cobra,24433879,H1,HOLD,HOLD,NONE,0,632.9571784393764,0,,,,,,,,,,,,,,,,16.95,16.95,67257.37,67470.54,66868.31,67403.77,,,,,,,,67528.53487948523,67576.25625,0.503535248286213,,,,,,none,True,,,,,,,,,,,,,,no_pattern_at_sr
2026-03-09T07:44:52.733530+00:00,USDJPY-STD,cobra,24433879,H1,HOLD,HOLD,NONE,0,0.2503683190242712,0,,,,,,,,,,,,,,,,0.019,0.019,158.617,158.65,158.436,158.493,,,,,,,,157.89603081459092,158.461,0.6110996814463553,,,,,,none,True,,,,,,,,,,,,,,no_pattern_at_sr
2026-03-09T07:44:52.735004+00:00,EURUSD-STD,cobra,24433879,H1,HOLD,HOLD,NONE,0,0.0023036339343913484,0,,,,,,,,,,,,,,,,0.00013,0.00013,1.15444,1.15617,1.1535,1.15572,,,,,,,,1.1579859168233397,1.15454,0.05209160978591141,,,,,,none,True,,,,,,,,,,,,,,no_pattern_at_sr
2026-03-09T07:44:52.736395+00:00,XAUUSD-STD,cobra,24433879,H1,HOLD,HOLD,NONE,0,37.41215059277869,0,,,,,,,,,,,,,,,,0.23,0.23,5097.83,5107.85,5088.68,5101.54,,,,,,,,5121.896285615136,5099.6849999999995,0.05466138587590017,,,,,,none,True,,,,,,,,,,,,,,no_pattern_at_sr
2026-03-09T07:45:53.084049+00:00,BTCUSD,cobra,24433879,H1,HOLD,HOLD,NONE,0,632.9571784393764,0,,,,,,,,,,,,,,,,17.0,17.0,67257.37,67470.54,66868.31,67389.14,,,,,,,,67528.53487948523,67576.25625,0.503535248286213,,,,,,none,True,,,,,,,,,,,,,,no_pattern_at_sr
2026-03-09T07:45:53.085877+00:00,USDJPY-STD,cobra,24433879,H1,HOLD,HOLD,NONE,0,0.2503683190242712,0,,,,,,,,,,,,,,,,0.018,0.018,158.617,158.65,158.436,158.468,,,,,,,,157.89603081459092,158.461,0.6110996814463553,,,,,,none,True,,,,,,,,,,,,,,no_pattern_at_sr
2026-03-09T07:45:53.087272+00:00,EURUSD-STD,cobra,24433879,H1,HOLD,HOLD,NONE,0,0.0023036339343913484,0,,,,,,,,,,,,,,,,0.00014,0.00014,1.15444,1.15617,1.1535,1.15568,,,,,,,,1.1579859168233397,1.15454,0.05209160978591141,,,,,,none,True,,,,,,,,,,,,,,no_pattern_at_sr
2026-03-09T07:45:53.088755+00:00,XAUUSD-STD,cobra,24433879,H1,HOLD,HOLD,NONE,0,37.41215059277869,0,,,,,,,,,,,,,,,,0.2,0.2,5097.83,5107.85,5088.68,5097.42,,,,,,,,5121.896285615136,5099.6849999999995,0.05466138587590017,,,,,,none,True,,,,,,,,,,,,,,no_pattern_at_sr
2026-03-09T07:46:53.423430+00:00,BTCUSD,cobra,24433879,H1,HOLD,HOLD,NONE,0,632.9571784393764,0,,,,,,,,,,,,,,,,17.08,17.08,67257.37,67470.54,66868.31,67432.35,,,,,,,,67528.53487948523,67576.25625,0.503535248286213,,,,,,none,True,,,,,,,,,,,,,,no_pattern_at_sr
2026-03-09T07:46:53.425743+00:00,USDJPY-STD,cobra,24433879,H1,HOLD,HOLD,NONE,0,0.2503683190242712,0,,,,,,,,,,,,,,,,0.019,0.019,158.617,158.65,158.436,158.453,,,,,,,,157.89603081459092,158.461,0.6110996814463553,,,,,,none,True,,,,,,,,,,,,,,no_pattern_at_sr
2026-03-09T07:46:53.428833+00:00,EURUSD-STD,cobra,24433879,H1,HOLD,HOLD,NONE,0,0.0023036339343913484,0,,,,,,,,,,,,,,,,0.00014,0.00014,1.15444,1.15617,1.1535,1.15581,,,,,,,,1.1579859168233397,1.15454,0.05209160978591141,,,,,,none,True,,,,,,,,,,,,,,no_pattern_at_sr
2026-03-09T07:46:53.430832+00:00,XAUUSD-STD,cobra,24433879,H1,HOLD,HOLD,NONE,0,37.41215059277869,0,,,,,,,,,,,,,,,,0.23,0.23,5097.83,5107.85,5088.68,5099.04,,,,,,,,5121.896285615136,5099.6849999999995,0.05466138587590017,,,,,,none,True,,,,,,,,,,,,,,no_pattern_at_sr
2026-03-09T07:46:53.431296+00:00,USOUSD-STD,cobra,24433879,H1,OUTSIDE_HOURS,OUTSIDE_HOURS,NONE,0,4.45668001893879,0,,,,,,,,,,,,,,,,0.032,0.032,104.513,104.513,100.423,103.303,,,,,,,,,,,,,,,,,,,,,,,,,,,,,,,
2026-03-09T07:47:53.778242+00:00,BTCUSD,cobra,24433879,H1,HOLD,HOLD,NONE,0,632.9571784393764,0,,,,,,,,,,,,,,,,17.07,17.07,67257.37,67470.54,66868.31,67430.77,,,,,,,,67528.53487948523,67576.25625,0.503535248286213,,,,,,none,True,,,,,,,,,,,,,,no_pattern_at_sr
2026-03-09T07:47:53.779651+00:00,USDJPY-STD,cobra,24433879,H1,HOLD,HOLD,NONE,0,0.2503683190242712,0,,,,,,,,,,,,,,,,0.018,0.018,158.617,158.65,158.436,158.487,,,,,,,,157.89603081459092,158.461,0.6110996814463553,,,,,,none,True,,,,,,,,,,,,,,no_pattern_at_sr
2026-03-09T07:47:53.781042+00:00,EURUSD-STD,cobra,24433879,H1,HOLD,HOLD,NONE,0,0.0023036339343913484,0,,,,,,,,,,,,,,,,0.00014,0.00014,1.15444,1.15617,1.1535,1.1555900000000001,,,,,,,,1.1579859168233397,1.15454,0.05209160978591141,,,,,,none,True,,,,,,,,,,,,,,no_pattern_at_sr
2026-03-09T07:47:53.782395+00:00,XAUUSD-STD,cobra,24433879,H1,HOLD,HOLD,NONE,0,37.41215059277869,0,,,,,,,,,,,,,,,,0.23,0.23,5097.83,5107.85,5088.68,5097.17,,,,,,,,5121.896285615136,5099.6849999999995,0.05466138587590017,,,,,,none,True,,,,,,,,,,,,,,no_pattern_at_sr
2026-03-09T07:48:54.119472+00:00,BTCUSD,cobra,24433879,H1,HOLD,HOLD,NONE,0,632.9571784393764,0,,,,,,,,,,,,,,,,17.06,17.06,67257.37,67470.54,66868.31,67433.08,,,,,,,,67528.53487948523,67576.25625,0.503535248286213,,,,,,none,True,,,,,,,,,,,,,,no_pattern_at_sr
2026-03-09T07:48:54.120936+00:00,USDJPY-STD,cobra,24433879,H1,HOLD,HOLD,NONE,0,0.2503683190242712,0,,,,,,,,,,,,,,,,0.019,0.019,158.617,158.65,158.436,158.488,,,,,,,,157.89603081459092,158.461,0.6110996814463553,,,,,,none,True,,,,,,,,,,,,,,no_pattern_at_sr
2026-03-09T07:48:54.122434+00:00,EURUSD-STD,cobra,24433879,H1,HOLD,HOLD,NONE,0,0.0023036339343913484,0,,,,,,,,,,,,,,,,0.00014,0.00014,1.15444,1.15617,1.1535,1.15571,,,,,,,,1.1579859168233397,1.15454,0.05209160978591141,,,,,,none,True,,,,,,,,,,,,,,no_pattern_at_sr
2026-03-09T07:48:54.123805+00:00,XAUUSD-STD,cobra,24433879,H1,HOLD,HOLD,NONE,0,37.41215059277869,0,,,,,,,,,,,,,,,,0.2,0.2,5097.83,5107.85,5088.68,5096.02,,,,,,,,5121.896285615136,5099.6849999999995,0.05466138587590017,,,,,,none,True,,,,,,,,,,,,,,no_pattern_at_sr
2026-03-09T07:49:54.475575+00:00,BTCUSD,cobra,24433879,H1,HOLD,HOLD,NONE,0,632.9571784393764,0,,,,,,,,,,,,,,,,17.12,17.12,67257.37,67470.54,66868.31,67457.1,,,,,,,,67528.53487948523,67576.25625,0.503535248286213,,,,,,none,True,,,,,,,,,,,,,,no_pattern_at_sr
2026-03-09T07:49:54.476925+00:00,USDJPY-STD,cobra,24433879,H1,HOLD,HOLD,NONE,0,0.2503683190242712,0,,,,,,,,,,,,,,,,0.019,0.019,158.617,158.65,158.436,158.477,,,,,,,,157.89603081459092,158.461,0.6110996814463553,,,,,,none,True,,,,,,,,,,,,,,no_pattern_at_sr
2026-03-09T07:49:54.478291+00:00,EURUSD-STD,cobra,24433879,H1,HOLD,HOLD,NONE,0,0.0023036339343913484,0,,,,,,,,,,,,,,,,0.00015,0.00015,1.15444,1.15617,1.1535,1.15601,,,,,,,,1.1579859168233397,1.15454,0.05209160978591141,,,,,,none,True,,,,,,,,,,,,,,no_pattern_at_sr
2026-03-09T07:49:54.479816+00:00,XAUUSD-STD,cobra,24433879,H1,HOLD,HOLD,NONE,0,37.41215059277869,0,,,,,,,,,,,,,,,,0.22,0.22,5097.83,5107.85,5088.68,5097.28,,,,,,,,5121.896285615136,5099.6849999999995,0.05466138587590017,,,,,,none,True,,,,,,,,,,,,,,no_pattern_at_sr
2026-03-09T07:50:54.811625+00:00,BTCUSD,cobra,24433879,H1,HOLD,HOLD,NONE,0,634.4393212965192,0,,,,,,,,,,,,,,,,17.09,17.09,67257.37,67491.29,66868.31,67463.46,,,,,,,,67528.53487948523,67576.25625,0.5023589164503458,,,,,,none,True,,,,,,,,,,,,,,no_pattern_at_sr
2026-03-09T07:50:54.813191+00:00,USDJPY-STD,cobra,24433879,H1,HOLD,HOLD,NONE,0,0.2503683190242712,0,,,,,,,,,,,,,,,,0.019,0.019,158.617,158.65,158.436,158.454,,,,,,,,157.89603081459092,158.461,0.6110996814463553,,,,,,none,True,,,,,,,,,,,,,,no_pattern_at_sr
2026-03-09T07:50:54.814602+00:00,EURUSD-STD,cobra,24433879,H1,HOLD,HOLD,NONE,0,0.002316491077248496,0,,,,,,,,,,,,,,,,0.00014,0.00014,1.15444,1.15635,1.1535,1.15617,,,,,,,,1.1579859168233397,1.15454,0.051802487468431226,,,,,,none,True,,,,,,,,,,,,,,no_pattern_at_sr
2026-03-09T07:50:54.816062+00:00,XAUUSD-STD,cobra,24433879,H1,HOLD,HOLD,NONE,0,37.41215059277869,0,,,,,,,,,,,,,,,,0.23,0.23,5097.83,5107.85,5088.68,5098.73,,,,,,,,5121.896285615136,5099.6849999999995,0.05466138587590017,,,,,,none,True,,,,,,,,,,,,,,no_pattern_at_sr
2026-03-09T07:51:55.143865+00:00,BTCUSD,cobra,24433879,H1,HOLD,HOLD,NONE,0,634.4393212965192,0,,,,,,,,,,,,,,,,17.11,17.11,67257.37,67491.29,66868.31,67422.2,,,,,,,,67528.53487948523,67576.25625,0.5023589164503458,,,,,,none,True,,,,,,,,,,,,,,no_pattern_at_sr
2026-03-09T07:51:55.145169+00:00,USDJPY-STD,cobra,24433879,H1,HOLD,HOLD,NONE,0,0.2503683190242712,0,,,,,,,,,,,,,,,,0.019,0.019,158.617,158.65,158.436,158.473,,,,,,,,157.89603081459092,158.461,0.6110996814463553,,,,,,none,True,,,,,,,,,,,,,,no_pattern_at_sr
2026-03-09T07:51:55.146661+00:00,EURUSD-STD,cobra,24433879,H1,HOLD,HOLD,NONE,0,0.002316491077248496,0,,,,,,,,,,,,,,,,0.00014,0.00014,1.15444,1.15635,1.1535,1.15608,,,,,,,,1.1579859168233397,1.15454,0.051802487468431226,,,,,,none,True,,,,,,,,,,,,,,no_pattern_at_sr
2026-03-09T07:51:55.148187+00:00,XAUUSD-STD,cobra,24433879,H1,HOLD,HOLD,NONE,0,37.41215059277869,0,,,,,,,,,,,,,,,,0.23,0.23,5097.83,5107.85,5088.68,5098.74,,,,,,,,5121.896285615136,5099.6849999999995,0.05466138587590017,,,,,,none,True,,,,,,,,,,,,,,no_pattern_at_sr
2026-03-09T07:52:55.539378+00:00,BTCUSD,cobra,24433879,H1,HOLD,HOLD,NONE,0,634.4393212965192,0,,,,,,,,,,,,,,,,16.96,16.96,67257.37,67491.29,66868.31,67443.43,,,,,,,,67528.53487948523,67576.25625,0.5023589164503458,,,,,,none,True,,,,,,,,,,,,,,no_pattern_at_sr
2026-03-09T07:52:55.540758+00:00,USDJPY-STD,cobra,24433879,H1,HOLD,HOLD,NONE,0,0.2503683190242712,0,,,,,,,,,,,,,,,,0.019,0.019,158.617,158.65,158.436,158.468,,,,,,,,157.89603081459092,158.461,0.6110996814463553,,,,,,none,True,,,,,,,,,,,,,,no_pattern_at_sr
2026-03-09T07:52:55.542125+00:00,EURUSD-STD,cobra,24433879,H1,HOLD,HOLD,NONE,0,0.002316491077248496,0,,,,,,,,,,,,,,,,0.00014,0.00014,1.15444,1.15635,1.1535,1.15616,,,,,,,,1.1579859168233397,1.15454,0.051802487468431226,,,,,,none,True,,,,,,,,,,,,,,no_pattern_at_sr
2026-03-09T07:52:55.543546+00:00,XAUUSD-STD,cobra,24433879,H1,HOLD,HOLD,NONE,0,37.41215059277869,0,,,,,,,,,,,,,,,,0.26,0.26,5097.83,5107.85,5088.68,5097.57,,,,,,,,5121.896285615136,5099.6849999999995,0.05466138587590017,,,,,,none,True,,,,,,,,,,,,,,no_pattern_at_sr
2026-03-09T07:53:55.879968+00:00,BTCUSD,cobra,24433879,H1,HOLD,HOLD,NONE,0,634.4393212965192,0,,,,,,,,,,,,,,,,17.03,17.03,67257.37,67491.29,66868.31,67489.36,,,,,,,,67528.53487948523,67576.25625,0.5023589164503458,,,,,,none,True,,,,,,,,,,,,,,no_pattern_at_sr
2026-03-09T07:53:55.881397+00:00,USDJPY-STD,cobra,24433879,H1,HOLD,HOLD,NONE,0,0.2503683190242712,0,,,,,,,,,,,,,,,,0.019,0.019,158.617,158.65,158.436,158.455,,,,,,,,157.89603081459092,158.461,0.6110996814463553,,,,,,none,True,,,,,,,,,,,,,,no_pattern_at_sr
2026-03-09T07:53:55.882994+00:00,EURUSD-STD,cobra,24433879,H1,HOLD,HOLD,NONE,0,0.0023207767915342068,0,,,,,,,,,,,,,,,,0.00013,0.00013,1.15444,1.15641,1.1535,1.15631,,,,,,,,1.1579859168233397,1.15454,0.05170682524818296,,,,,,none,True,,,,,,,,,,,,,,no_pattern_at_sr
2026-03-09T07:53:55.884533+00:00,XAUUSD-STD,cobra,24433879,H1,HOLD,HOLD,NONE,0,37.41215059277869,0,,,,,,,,,,,,,,,,0.25,0.25,5097.83,5107.85,5088.68,5096.82,,,,,,,,5121.896285615136,5099.6849999999995,0.05466138587590017,,,,,,none,True,,,,,,,,,,,,,,no_pattern_at_sr
2026-03-09T07:54:56.266216+00:00,BTCUSD,cobra,24433879,H1,HOLD,HOLD,NONE,0,635.4586070108053,0,,,,,,,,,,,,,,,,16.97,16.97,67257.37,67505.56,66868.31,67502.08,,,,,,,,67528.53487948523,67576.25625,0.5015531247570194,,,,,,none,True,,,,,,,,,,,,,,no_pattern_at_sr
2026-03-09T07:54:56.267695+00:00,USDJPY-STD,cobra,24433879,H1,HOLD,HOLD,NONE,0,0.2503683190242712,0,,,,,,,,,,,,,,,,0.018,0.018,158.617,158.65,158.436,158.466,,,,,,,,157.89603081459092,158.461,0.6110996814463553,,,,,,none,True,,,,,,,,,,,,,,no_pattern_at_sr
2026-03-09T07:54:56.269119+00:00,EURUSD-STD,cobra,24433879,H1,HOLD,HOLD,NONE,0,0.0023207767915342068,0,,,,,,,,,,,,,,,,0.00014,0.00014,1.15444,1.15641,1.1535,1.15625,,,,,,,,1.1579859168233397,1.15454,0.05170682524818296,,,,,,none,True,,,,,,,,,,,,,,no_pattern_at_sr
2026-03-09T07:54:56.270940+00:00,XAUUSD-STD,cobra,24433879,H1,HOLD,HOLD,NONE,0,37.41215059277869,0,,,,,,,,,,,,,,,,0.23,0.23,5097.83,5107.85,5088.68,5096.51,,,,,,,,5121.896285615136,5099.6849999999995,0.05466138587590017,,,,,,none,True,,,,,,,,,,,,,,no_pattern_at_sr
2026-03-09T07:55:56.618651+00:00,BTCUSD,cobra,24433879,H1,HOLD,HOLD,NONE,0,637.4293212965193,0,,,,,,,,,,,,,,,,17.02,17.02,67257.37,67533.15,66868.31,67503.01,,,,,,,,67528.53487948523,67576.25625,0.5000024933772255,,,,,,none,True,,,,,,,,,,,,,,no_pattern_at_sr
2026-03-09T07:55:56.620299+00:00,USDJPY-STD,cobra,24433879,H1,HOLD,HOLD,NONE,0,0.2503683190242712,0,,,,,,,,,,,,,,,,0.018,0.018,158.617,158.65,158.436,158.467,,,,,,,,157.89603081459092,158.461,0.6110996814463553,,,,,,none,True,,,,,,,,,,,,,,no_pattern_at_sr
2026-03-09T07:55:56.621720+00:00,EURUSD-STD,cobra,24433879,H1,HOLD,HOLD,NONE,0,0.0023207767915342068,0,,,,,,,,,,,,,,,,0.00013,0.00013,1.15444,1.15641,1.1535,1.15616,,,,,,,,1.1579859168233397,1.15454,0.05170682524818296,,,,,,none,True,,,,,,,,,,,,,,no_pattern_at_sr
2026-03-09T07:55:56.623904+00:00,XAUUSD-STD,cobra,24433879,H1,HOLD,HOLD,NONE,0,37.41215059277869,0,,,,,,,,,,,,,,,,0.23,0.23,5097.83,5107.85,5088.68,5097.68,,,,,,,,5121.896285615136,5099.6849999999995,0.05466138587590017,,,,,,none,True,,,,,,,,,,,,,,no_pattern_at_sr
2026-03-09T07:56:56.946698+00:00,BTCUSD,cobra,24433879,H1,HOLD,HOLD,NONE,0,637.4293212965193,0,,,,,,,,,,,,,,,,17.05,17.05,67257.37,67533.15,66868.31,67518.34,,,,,,,,67528.53487948523,67576.25625,0.5000024933772255,,,,,,none,True,,,,,,,,,,,,,,no_pattern_at_sr
2026-03-09T07:56:56.949359+00:00,USDJPY-STD,cobra,24433879,H1,HOLD,HOLD,NONE,0,0.2519397475957012,0,,,,,,,,,,,,,,,,0.019,0.019,158.617,158.65,158.414,158.418,,,,,,,,157.89603081459092,158.461,0.6072880577999047,,,,,,none,True,,,,,,,,,,,,,,no_pattern_at_sr
2026-03-09T07:56:56.951920+00:00,EURUSD-STD,cobra,24433879,H1,HOLD,HOLD,NONE,0,0.0023236339343913523,0,,,,,,,,,,,,,,,,0.00013,0.00013,1.15444,1.15645,1.1535,1.15637,,,,,,,,1.1579859168233397,1.15454,0.05164324647863714,,,,,,none,True,,,,,,,,,,,,,,no_pattern_at_sr
2026-03-09T07:56:56.955412+00:00,XAUUSD-STD,cobra,24433879,H1,HOLD,HOLD,NONE,0,37.41215059277869,0,,,,,,,,,,,,,,,,0.19,0.19,5097.83,5107.85,5088.68,5099.97,,,,,,,,5121.896285615136,5099.6849999999995,0.05466138587590017,,,,,,none,True,,,,,,,,,,,,,,no_pattern_at_sr
2026-03-09T07:56:56.955930+00:00,USOUSD-STD,cobra,24433879,H1,OUTSIDE_HOURS,OUTSIDE_HOURS,NONE,0,4.45668001893879,0,,,,,,,,,,,,,,,,0.032,0.032,104.513,104.513,100.423,102.758,,,,,,,,,,,,,,,,,,,,,,,,,,,,,,,
2026-03-09T07:57:57.349547+00:00,BTCUSD,cobra,24433879,H1,HOLD,HOLD,NONE,0,639.547178439377,0,,,,,,,,,,,,,,,,17.09,17.09,67257.37,67562.8,66868.31,67532.25,,,,,,,,67528.53487948523,67576.25625,0.49834673773050425,,,,,,none,True,,,,,,,,,,,,,,no_pattern_at_sr
2026-03-09T07:57:57.350944+00:00,USDJPY-STD,cobra,24433879,H1,HOLD,HOLD,NONE,0,0.25329689045284237,0,,,,,,,,,,,,,,,,0.018,0.018,158.617,158.65,158.395,158.429,,,,,,,,157.89603081459092,158.461,0.6040342608488374,,,,,,none,True,,,,,,,,,,,,,,no_pattern_at_sr
2026-03-09T07:57:57.352303+00:00,EURUSD-STD,cobra,24433879,H1,HOLD,HOLD,NONE,0,0.0023236339343913523,0,,,,,,,,,,,,,,,,0.00013,0.00013,1.15444,1.15645,1.1535,1.15638,,,,,,,,1.1579859168233397,1.15454,0.05164324647863714,,,,,,none,True,,,,,,,,,,,,,,no_pattern_at_sr
2026-03-09T07:57:57.353740+00:00,XAUUSD-STD,cobra,24433879,H1,HOLD,HOLD,NONE,0,37.41215059277869,0,,,,,,,,,,,,,,,,0.25,0.25,5097.83,5107.85,5088.68,5098.77,,,,,,,,5121.896285615136,5099.6849999999995,0.05466138587590017,,,,,,none,True,,,,,,,,,,,,,,no_pattern_at_sr
2026-03-09T07:58:57.706296+00:00,BTCUSD,cobra,24433879,H1,HOLD,HOLD,NONE,0,639.547178439377,0,,,,,,,,,,,,,,,,17.09,17.09,67257.37,67562.8,66868.31,67526.06,,,,,,,,67528.53487948523,67576.25625,0.49834673773050425,,,,,,none,True,,,,,,,,,,,,,,no_pattern_at_sr
2026-03-09T07:58:57.707786+00:00,USDJPY-STD,cobra,24433879,H1,HOLD,HOLD,NONE,0,0.25329689045284237,0,,,,,,,,,,,,,,,,0.019,0.019,158.617,158.65,158.395,158.453,,,,,,,,157.89603081459092,158.461,0.6040342608488374,,,,,,none,True,,,,,,,,,,,,,,no_pattern_at_sr
2026-03-09T07:58:57.709166+00:00,EURUSD-STD,cobra,24433879,H1,HOLD,HOLD,NONE,0,0.0023236339343913523,0,,,,,,,,,,,,,,,,0.00014,0.00014,1.15444,1.15645,1.1535,1.15607,,,,,,,,1.1579859168233397,1.15454,0.05164324647863714,,,,,,none,True,,,,,,,,,,,,,,no_pattern_at_sr
2026-03-09T07:58:57.710612+00:00,XAUUSD-STD,cobra,24433879,H1,HOLD,HOLD,NONE,0,37.41215059277869,0,,,,,,,,,,,,,,,,0.2,0.2,5097.83,5107.85,5088.68,5098.03,,,,,,,,5121.896285615136,5099.6849999999995,0.05466138587590017,,,,,,none,True,,,,,,,,,,,,,,no_pattern_at_sr
2026-03-09T07:59:58.051352+00:00,BTCUSD,cobra,24433879,H1,HOLD,HOLD,NONE,0,639.547178439377,0,,,,,,,,,,,,,,,,16.94,16.94,67257.37,67562.8,66868.31,67541.37,,,,,,,,67528.53487948523,67576.25625,0.49834673773050425,,,,,,none,True,,,,,,,,,,,,,,no_pattern_at_sr
2026-03-09T07:59:58.052789+00:00,USDJPY-STD,cobra,24433879,H1,HOLD,HOLD,NONE,0,0.25329689045284237,0,,,,,,,,,,,,,,,,0.019,0.019,158.617,158.65,158.395,158.467,,,,,,,,157.89603081459092,158.461,0.6040342608488374,,,,,,none,True,,,,,,,,,,,,,,no_pattern_at_sr
2026-03-09T07:59:58.054315+00:00,EURUSD-STD,cobra,24433879,H1,HOLD,HOLD,NONE,0,0.0023236339343913523,0,,,,,,,,,,,,,,,,0.00014,0.00014,1.15444,1.15645,1.1535,1.15615,,,,,,,,1.1579859168233397,1.15454,0.05164324647863714,,,,,,none,True,,,,,,,,,,,,,,no_pattern_at_sr
2026-03-09T07:59:58.055736+00:00,XAUUSD-STD,cobra,24433879,H1,HOLD,HOLD,NONE,0,37.41215059277869,0,,,,,,,,,,,,,,,,0.2,0.2,5097.83,5107.85,5088.68,5098.82,,,,,,,,5121.896285615136,5099.6849999999995,0.05466138587590017,,,,,,none,True,,,,,,,,,,,,,,no_pattern_at_sr
2026-03-09T08:00:58.414425+00:00,BTCUSD,cobra,24433879,H1,HOLD,HOLD,NONE,0,598.4094911489266,0,,,,,,,,,,,,,,,,17.08,17.08,67538.94,67567.92,67504.3,67565.93,,,,,,,,67529.32290862812,67464.27,0.12474735294834417,,,,,,none,True,,,,,,,,,,,,,,no_pattern_at_sr
2026-03-09T08:00:58.415861+00:00,USDJPY-STD,cobra,24433879,H1,HOLD,HOLD,NONE,0,0.24020424658108108,0,,,,,,,,,,,,,,,,0.019,0.019,158.452,158.454,158.385,158.385,,,,,,,,157.9178416570485,158.461,0.024978742405267693,,,,,,none,True,,,,,,,,,,,,,,no_pattern_at_sr
2026-03-09T08:00:58.417363+00:00,EURUSD-STD,cobra,24433879,H1,HOLD,HOLD,NONE,0,0.0021719457677575192,0,,,,,,,,,,,,,,,,0.00014,0.00014,1.15631,1.15647,1.1562999999999999,1.15642,,,,,,,,1.1579191142632428,1.15583,0.20258332714001656,,,,,,none,True,,,,,,,,,,,,,,no_pattern_at_sr
2026-03-09T08:00:58.418819+00:00,XAUUSD-STD,cobra,24433879,H1,HOLD,HOLD,NONE,0,35.090568438934916,0,,,,,,,,,,,,,,,,0.25,0.25,5099.01,5103.8,5099.01,5103.77,,,,,,,,5121.001688773695,5099.6849999999995,0.022655660348809482,,,,,,none,True,,,,,,,,,,,,,,no_pattern_at_sr
2026-03-09T08:01:58.760855+00:00,BTCUSD,cobra,24433879,H1,HOLD,HOLD,NONE,0,601.895919720355,0,,,,,,,,,,,,,,,,16.96,16.96,67538.94,67616.73,67504.3,67578.28,,,,,,,,67529.32290862812,67464.27,0.1240247650036855,,,,,,none,True,,,,,,,,,,,,,,no_pattern_at_sr
2026-03-09T08:01:58.762316+00:00,USDJPY-STD,cobra,24433879,H1,HOLD,HOLD,NONE,0,0.2405613894382236,0,,,,,,,,,,,,,,,,0.019,0.019,158.452,158.454,158.38,158.418,,,,,,,,157.9178416570485,158.461,0.024941658401673943,,,,,,none,True,,,,,,,,,,,,,,no_pattern_at_sr
2026-03-09T08:01:58.763804+00:00,EURUSD-STD,cobra,24433879,H1,HOLD,HOLD,NONE,0,0.0021948029106146536,0,,,,,,,,,,,,,,,,0.00013,0.00013,1.15631,1.15647,1.15595,1.15599,,,,,,,,1.1579191142632428,1.15583,0.20047358141910526,,,,,,none,True,,,,,,,,,,,,,,no_pattern_at_sr
2026-03-09T08:01:58.765182+00:00,XAUUSD-STD,cobra,24433879,H1,HOLD,HOLD,NONE,0,35.1555684389349,0,,,,,,,,,,,,,,,,0.2,0.2,5099.01,5104.71,5099.01,5104.45,,,,,,,,5121.001688773695,5099.6849999999995,0.022613771738041313,,,,,,none,True,,,,,,,,,,,,,,no_pattern_at_sr
2026-03-09T08:02:59.152715+00:00,BTCUSD,cobra,24433879,H1,HOLD,HOLD,NONE,0,604.2287768632124,0,,,,,,,,,,,,,,,,17.11,17.11,67538.94,67616.73,67471.64,67492.91,,,,,,,,67529.32290862812,67464.27,0.1235459197880834,,,,,,none,True,,,,,,,,,,,,,,no_pattern_at_sr
2026-03-09T08:02:59.154084+00:00,USDJPY-STD,cobra,24433879,H1,HOLD,HOLD,NONE,0,0.2405613894382236,0,,,,,,,,,,,,,,,,0.02,0.02,158.452,158.454,158.38,158.389,,,,,,,,157.9178416570485,158.461,0.024941658401673943,,,,,,none,True,,,,,,,,,,,,,,no_pattern_at_sr
2026-03-09T08:02:59.155457+00:00,EURUSD-STD,cobra,24433879,H1,HOLD,HOLD,NONE,0,0.002199088624900364,0,,,,,,,,,,,,,,,,0.00013,0.00013,1.15631,1.15647,1.15589,1.156,,,,,,,,1.1579191142632428,1.15583,0.2000828866185106,,,,,,none,True,,,,,,,,,,,,,,no_pattern_at_sr
2026-03-09T08:02:59.156864+00:00,XAUUSD-STD,cobra,24433879,H1,HOLD,HOLD,NONE,0,35.39485415322064,0,,,,,,,,,,,,,,,,0.2,0.2,5099.01,5108.06,5099.01,5108.03,,,,,,,,5121.001688773695,5099.6849999999995,0.022460892099108277,,,,,,none,True,,,,,,,,,,,,,,no_pattern_at_sr
2026-03-09T08:03:59.509344+00:00,BTCUSD,cobra,24433879,H1,HOLD,HOLD,NONE,0,604.6337768632122,0,,,,,,,,,,,,,,,,16.94,16.94,67538.94,67616.73,67465.97,67484.19,,,,,,,,67529.32290862812,67464.27,0.12346316540116552,,,,,,none,True,,,,,,,,,,,,,,no_pattern_at_sr
2026-03-09T08:03:59.510760+00:00,USDJPY-STD,cobra,24433879,H1,HOLD,HOLD,NONE,0,0.24263281800965192,0,,,,,,,,,,,,,,,,0.018,0.018,158.452,158.454,158.351,158.37,,,,,,,,157.9178416570485,158.461,0.02472872404161562,,,,,,none,True,,,,,,,,,,,,,,no_pattern_at_sr
2026-03-09T08:03:59.512315+00:00,EURUSD-STD,cobra,24433879,H1,HOLD,HOLD,NONE,0,0.002199088624900364,0,,,,,,,,,,,,,,,,0.00014,0.00014,1.15631,1.15647,1.15589,1.1562000000000001,,,,,,,,1.1579191142632428,1.15583,0.2000828866185106,,,,,,none,True,,,,,,,,,,,,,,no_pattern_at_sr
2026-03-09T08:03:59.513760+00:00,XAUUSD-STD,cobra,24433879,H1,HOLD,HOLD,NONE,0,35.53556843893488,0,,,,,,,,,,,,,,,,0.21,0.21,5099.01,5110.03,5099.01,5108.93,,,,,,,,5121.001688773695,5099.6849999999995,0.02237195111611368,,,,,,none,True,,,,,,,,,,,,,,no_pattern_at_sr
2026-03-09T08:04:59.963266+00:00,BTCUSD,cobra,24433879,H1,HOLD,HOLD,NONE,0,605.4387768632125,0,,,,,,,,,,,,,,,,17.07,17.07,67538.94,67616.73,67454.7,67473.74,,,,,,,,67529.32290862812,67464.27,0.12329900702224089,,,,,,none,True,,,,,,,,,,,,,,no_pattern_at_sr
2026-03-09T08:04:59.964816+00:00,USDJPY-STD,cobra,24433879,H1,HOLD,HOLD,NONE,0,0.24313281800965025,0,,,,,,,,,,,,,,,,0.019,0.019,158.452,158.462,158.351,158.462,,,,,,,,157.9178416570485,158.461,0.02467786968915928,,,,,,none,True,,,,,,,,,,,,,,no_pattern_at_sr
2026-03-09T08:04:59.966337+00:00,EURUSD-STD,cobra,24433879,H1,HOLD,HOLD,NONE,0,0.0022240886249003692,0,,,,,,,,,,,,,,,,0.00015,0.00015,1.15631,1.15647,1.15554,1.15554,,,,,,,,1.1579191142632428,1.15583,0.197833843073455,,,,,,none,True,,,,,,,,,,,,,,no_pattern_at_sr
2026-03-09T08:04:59.967821+00:00,XAUUSD-STD,cobra,24433879,H1,HOLD,HOLD,NONE,0,35.58842558179207,0,,,,,,,,,,,,,,,,0.25,0.25,5099.01,5110.77,5099.01,5109.47,,,,,,,,5121.001688773695,5099.6849999999995,0.022338723531672756,,,,,,none,True,,,,,,,,,,,,,,no_pattern_at_sr
2026-03-09T08:06:00.313228+00:00,BTCUSD,cobra,24433879,H1,HOLD,HOLD,NONE,0,607.6552054346411,0,,,,,,,,,,,,,,,,17.07,17.07,67538.94,67616.73,67423.67,67490.9,,,,,,,,67529.32290862812,67464.27,0.12284927263413936,,,,,,none,True,,,,,,,,,,,,,,no_pattern_at_sr
2026-03-09T08:06:00.314610+00:00,USDJPY-STD,cobra,24433879,H1,HOLD,HOLD,NONE,0,0.24313281800965025,0,,,,,,,,,,,,,,,,0.019,0.019,158.452,158.462,158.351,158.405,,,,,,,,157.9178416570485,158.461,0.02467786968915928,,,,,,none,True,,,,,,,,,,,,,,no_pattern_at_sr
2026-03-09T08:06:00.316032+00:00,EURUSD-STD,cobra,24433879,H1,HOLD,HOLD,NONE,0,0.0022248029106146597,0,,,,,,,,,,,,,,,,0.00014,0.00014,1.15631,1.15647,1.15553,1.15601,,,,,,,,1.1579191142632428,1.15583,0.19777032738528488,,,,,,none,True,,,,,,,,,,,,,,no_pattern_at_sr
2026-03-09T08:06:00.317439+00:00,XAUUSD-STD,cobra,24433879,H1,HOLD,HOLD,NONE,0,35.58842558179207,0,,,,,,,,,,,,,,,,0.23,0.23,5099.01,5110.77,5099.01,5105.89,,,,,,,,5121.001688773695,5099.6849999999995,0.022338723531672756,,,,,,none,True,,,,,,,,,,,,,,no_pattern_at_sr
2026-03-09T08:07:00.672174+00:00,BTCUSD,cobra,24433879,H1,HOLD,HOLD,NONE,0,607.6552054346411,0,,,,,,,,,,,,,,,,17.04,17.04,67538.94,67616.73,67423.67,67491.36,,,,,,,,67529.32290862812,67464.27,0.12284927263413936,,,,,,none,True,,,,,,,,,,,,,,no_pattern_at_sr
2026-03-09T08:07:00.685722+00:00,USDJPY-STD,cobra,24433879,H1,HOLD,HOLD,NONE,0,0.24313281800965025,0,,,,,,,,,,,,,,,,0.019,0.019,158.452,158.462,158.351,158.414,,,,,,,,157.9178416570485,158.461,0.02467786968915928,,,,,,none,True,,,,,,,,,,,,,,no_pattern_at_sr
2026-03-09T08:07:00.700407+00:00,EURUSD-STD,cobra,24433879,H1,HOLD,HOLD,NONE,0,0.002231945767757516,0,,,,,,,,,,,,,,,,0.00013,0.00013,1.15631,1.15647,1.15543,1.15547,,,,,,,,1.1579191142632428,1.15583,0.19713740645323719,,,,,,none,True,,,,,,,,,,,,,,no_pattern_at_sr
2026-03-09T08:07:00.703543+00:00,XAUUSD-STD,cobra,24433879,H1,HOLD,HOLD,NONE,0,35.58842558179207,0,,,,,,,,,,,,,,,,0.2,0.2,5099.01,5110.77,5099.01,5101.9,,,,,,,,5121.001688773695,5099.6849999999995,0.022338723531672756,,,,,,none,True,,,,,,,,,,,,,,no_pattern_at_sr
2026-03-09T08:07:00.703883+00:00,USOUSD-STD,cobra,24433879,H1,OUTSIDE_HOURS,OUTSIDE_HOURS,NONE,0,4.232631424742131,0,,,,,,,,,,,,,,,,0.032,0.032,102.853,102.933,101.613,102.613,,,,,,,,,,,,,,,,,,,,,,,,,,,,,,,
2026-03-09T08:08:01.143608+00:00,BTCUSD,cobra,24433879,H1,HOLD,HOLD,NONE,0,607.6552054346411,0,,,,,,,,,,,,,,,,16.96,16.96,67538.94,67616.73,67423.67,67519.18,,,,,,,,67529.32290862812,67464.27,0.12284927263413936,,,,,,none,True,,,,,,,,,,,,,,no_pattern_at_sr
2026-03-09T08:08:01.145364+00:00,USDJPY-STD,cobra,24433879,H1,HOLD,HOLD,NONE,0,0.24313281800965025,0,,,,,,,,,,,,,,,,0.019,0.019,158.452,158.462,158.351,158.406,,,,,,,,157.9178416570485,158.461,0.02467786968915928,,,,,,none,True,,,,,,,,,,,,,,no_pattern_at_sr
2026-03-09T08:08:01.147031+00:00,EURUSD-STD,cobra,24433879,H1,HOLD,HOLD,NONE,0,0.0022333743391860813,0,,,,,,,,,,,,,,,,0.00014,0.00014,1.15631,1.15647,1.15541,1.15551,,,,,,,,1.1579191142632428,1.15583,0.19701130808207779,,,,,,none,True,,,,,,,,,,,,,,no_pattern_at_sr
2026-03-09T08:08:01.148546+00:00,XAUUSD-STD,cobra,24433879,H1,HOLD,HOLD,NONE,0,35.58842558179207,0,,,,,,,,,,,,,,,,0.21,0.21,5099.01,5110.77,5099.01,5102.33,,,,,,,,5121.001688773695,5099.6849999999995,0.022338723531672756,,,,,,none,True,,,,,,,,,,,,,,no_pattern_at_sr
2026-03-09T08:09:01.516330+00:00,BTCUSD,cobra,24433879,H1,HOLD,HOLD,NONE,0,609.5609197203559,0,,,,,,,,,,,,,,,,16.96,16.96,67538.94,67643.41,67423.67,67626.78,,,,,,,,67529.32290862812,67576.25625,0.06125105595210412,,,,,,none,True,,,,,,,,,,,,,,no_pattern_at_sr
2026-03-09T08:09:01.518381+00:00,USDJPY-STD,cobra,24433879,H1,HOLD,HOLD,NONE,0,0.24313281800965025,0,,,,,,,,,,,,,,,,0.019,0.019,158.452,158.462,158.351,158.405,,,,,,,,157.9178416570485,158.461,0.02467786968915928,,,,,,none,True,,,,,,,,,,,,,,no_pattern_at_sr
2026-03-09T08:09:01.519964+00:00,EURUSD-STD,cobra,24433879,H1,HOLD,HOLD,NONE,0,0.0022390886249003725,0,,,,,,,,,,,,,,,,0.00013,0.00013,1.15631,1.15647,1.15533,1.15556,,,,,,,,1.1579191142632428,1.15583,0.19650852364969412,,,,,,none,True,,,,,,,,,,,,,,no_pattern_at_sr
2026-03-09T08:09:01.521326+00:00,XAUUSD-STD,cobra,24433879,H1,HOLD,HOLD,NONE,0,35.58842558179207,0,,,,,,,,,,,,,,,,0.2,0.2,5099.01,5110.77,5099.01,5102.76,,,,,,,,5121.001688773695,5099.6849999999995,0.022338723531672756,,,,,,none,True,,,,,,,,,,,,,,no_pattern_at_sr
2026-03-09T08:10:02.069548+00:00,BTCUSD,cobra,24433879,H1,HOLD,HOLD,NONE,0,609.5609197203559,0,,,,,,,,,,,,,,,,17.03,17.03,67538.94,67643.41,67423.67,67594.3,,,,,,,,67529.32290862812,67576.25625,0.06125105595210412,,,,,,none,True,,,,,,,,,,,,,,no_pattern_at_sr
2026-03-09T08:10:02.071552+00:00,USDJPY-STD,cobra,24433879,H1,HOLD,HOLD,NONE,0,0.24313281800965025,0,,,,,,,,,,,,,,,,0.019,0.019,158.452,158.462,158.351,158.392,,,,,,,,157.9178416570485,158.461,0.02467786968915928,,,,,,none,True,,,,,,,,,,,,,,no_pattern_at_sr
2026-03-09T08:10:02.073578+00:00,EURUSD-STD,cobra,24433879,H1,HOLD,HOLD,NONE,0,0.0022390886249003725,0,,,,,,,,,,,,,,,,0.00013,0.00013,1.15631,1.15647,1.15533,1.15558,,,,,,,,1.1579191142632428,1.15583,0.19650852364969412,,,,,,none,True,,,,,,,,,,,,,,no_pattern_at_sr
2026-03-09T08:10:02.077175+00:00,XAUUSD-STD,cobra,24433879,H1,HOLD,HOLD,NONE,0,35.58842558179207,0,,,,,,,,,,,,,,,,0.2,0.2,5099.01,5110.77,5099.01,5103.04,,,,,,,,5121.001688773695,5099.6849999999995,0.022338723531672756,,,,,,none,True,,,,,,,,,,,,,,no_pattern_at_sr
2026-03-09T08:11:02.515293+00:00,BTCUSD,cobra,24433879,H1,HOLD,HOLD,NONE,0,609.5609197203559,0,,,,,,,,,,,,,,,,17.06,17.06,67538.94,67643.41,67423.67,67526.84,,,,,,,,67529.32290862812,67576.25625,0.06125105595210412,,,,,,none,True,,,,,,,,,,,,,,no_pattern_at_sr
2026-03-09T08:11:02.517226+00:00,USDJPY-STD,cobra,24433879,H1,HOLD,HOLD,NONE,0,0.24313281800965025,0,,,,,,,,,,,,,,,,0.019,0.019,158.452,158.462,158.351,158.44,,,,,,,,157.9178416570485,158.461,0.02467786968915928,,,,,,none,True,,,,,,,,,,,,,,no_pattern_at_sr
2026-03-09T08:11:02.518859+00:00,EURUSD-STD,cobra,24433879,H1,HOLD,HOLD,NONE,0,0.002241945767757518,0,,,,,,,,,,,,,,,,0.00014,0.00014,1.15631,1.15647,1.15529,1.1553,,,,,,,,1.1579191142632428,1.1566333333333334,0.16206160673409747,,,,,,none,True,,,,,,,,,,,,,,no_pattern_at_sr
2026-03-09T08:11:02.520569+00:00,XAUUSD-STD,cobra,24433879,H1,HOLD,HOLD,NONE,0,35.58842558179207,0,,,,,,,,,,,,,,,,0.23,0.23,5099.01,5110.77,5099.01,5103.67,,,,,,,,5121.001688773695,5099.6849999999995,0.022338723531672756,,,,,,none,True,,,,,,,,,,,,,,no_pattern_at_sr
2026-03-09T08:12:02.896052+00:00,BTCUSD,cobra,24433879,H1,HOLD,HOLD,NONE,0,609.5609197203559,0,,,,,,,,,,,,,,,,17.03,17.03,67538.94,67643.41,67423.67,67532.15,,,,,,,,67529.32290862812,67576.25625,0.06125105595210412,,,,,,none,True,,,,,,,,,,,,,,no_pattern_at_sr
2026-03-09T08:12:02.897969+00:00,USDJPY-STD,cobra,24433879,H1,HOLD,HOLD,NONE,0,0.2451328180096517,0,,,,,,,,,,,,,,,,0.019,0.019,158.452,158.49,158.351,158.467,,,,,,,,157.9178416570485,158.461,0.02447652684253802,,,,,,none,True,,,,,,,,,,,,,,no_pattern_at_sr
2026-03-09T08:12:02.899490+00:00,EURUSD-STD,cobra,24433879,H1,HOLD,HOLD,NONE,0,0.002261231482043232,0,,,,,,,,,,,,,,,,0.00014,0.00014,1.15631,1.15647,1.15502,1.15514,,,,,,,,1.1579191142632428,1.1566333333333334,0.1606794068713336,,,,,,none,True,,,,,,,,,,,,,,no_pattern_at_sr
2026-03-09T08:12:02.900893+00:00,XAUUSD-STD,cobra,24433879,H1,HOLD,HOLD,NONE,0,35.58842558179207,0,,,,,,,,,,,,,,,,0.2,0.2,5099.01,5110.77,5099.01,5100.88,,,,,,,,5121.001688773695,5099.6849999999995,0.022338723531672756,,,,,,none,True,,,,,,,,,,,,,,no_pattern_at_sr
2026-03-09T08:13:03.274066+00:00,BTCUSD,cobra,24433879,H1,HOLD,HOLD,NONE,0,609.5609197203559,0,,,,,,,,,,,,,,,,17.1,17.1,67538.94,67643.41,67423.67,67569.56,,,,,,,,67529.32290862812,67576.25625,0.06125105595210412,,,,,,none,True,,,,,,,,,,,,,,no_pattern_at_sr
2026-03-09T08:13:03.275537+00:00,USDJPY-STD,cobra,24433879,H1,HOLD,HOLD,NONE,0,0.2451328180096517,0,,,,,,,,,,,,,,,,0.019,0.019,158.452,158.49,158.351,158.467,,,,,,,,157.9178416570485,158.461,0.02447652684253802,,,,,,none,True,,,,,,,,,,,,,,no_pattern_at_sr
2026-03-09T08:13:03.276872+00:00,EURUSD-STD,cobra,24433879,H1,HOLD,HOLD,NONE,0,0.002261231482043232,0,,,,,,,,,,,,,,,,0.00014,0.00014,1.15631,1.15647,1.15502,1.15525,,,,,,,,1.1579191142632428,1.1566333333333334,0.1606794068713336,,,,,,none,True,,,,,,,,,,,,,,no_pattern_at_sr
2026-03-09T08:13:03.278397+00:00,XAUUSD-STD,cobra,24433879,H1,HOLD,HOLD,NONE,0,35.58842558179207,0,,,,,,,,,,,,,,,,0.25,0.25,5099.01,5110.77,5099.01,5101.9,,,,,,,,5121.001688773695,5099.6849999999995,0.022338723531672756,,,,,,none,True,,,,,,,,,,,,,,no_pattern_at_sr
2026-03-09T08:14:03.664412+00:00,BTCUSD,cobra,24433879,H1,HOLD,HOLD,NONE,0,609.5609197203559,0,,,,,,,,,,,,,,,,17.06,17.06,67538.94,67643.41,67423.67,67521.68,,,,,,,,67529.32290862812,67576.25625,0.06125105595210412,,,,,,none,True,,,,,,,,,,,,,,no_pattern_at_sr
2026-03-09T08:14:03.665946+00:00,USDJPY-STD,cobra,24433879,H1,HOLD,HOLD,NONE,0,0.24670424658107964,0,,,,,,,,,,,,,,,,0.019,0.019,158.452,158.512,158.351,158.511,,,,,,,,157.9178416570485,158.461,0.024320619053585363,,,,,,none,True,,,,,,,,,,,,,,no_pattern_at_sr
2026-03-09T08:14:03.667378+00:00,EURUSD-STD,cobra,24433879,H1,HOLD,HOLD,NONE,0,0.002272660053471799,0,,,,,,,,,,,,,,,,0.00014,0.00014,1.15631,1.15647,1.15486,1.15487,,,,,,,,1.1579191142632428,1.1566333333333334,0.159871395098643,,,,,,none,True,,,,,,,,,,,,,,no_pattern_at_sr
2026-03-09T08:14:03.670306+00:00,XAUUSD-STD,cobra,24433879,H1,HOLD,HOLD,NONE,0,35.58842558179207,0,,,,,,,,,,,,,,,,0.21,0.21,5099.01,5110.77,5099.01,5100.77,,,,,,,,5121.001688773695,5099.6849999999995,0.022338723531672756,,,,,,none,True,,,,,,,,,,,,,,no_pattern_at_sr
2026-03-09T08:15:04.049581+00:00,BTCUSD,cobra,24433879,H1,HOLD,HOLD,NONE,0,609.5609197203559,0,,,,,,,,,,,,,,,,17.05,17.05,67538.94,67643.41,67423.67,67535.62,,,,,,,,67529.32290862812,67576.25625,0.06125105595210412,,,,,,none,True,,,,,,,,,,,,,,no_pattern_at_sr
2026-03-09T08:15:04.051213+00:00,USDJPY-STD,cobra,24433879,H1,HOLD,HOLD,NONE,0,0.24770424658108037,0,,,,,,,,,,,,,,,,0.02,0.02,158.452,158.526,158.351,158.523,,,,,,,,157.9178416570485,158.461,0.024222434951418015,,,,,,none,True,,,,,,,,,,,,,,no_pattern_at_sr
2026-03-09T08:15:04.052553+00:00,EURUSD-STD,cobra,24433879,H1,HOLD,HOLD,NONE,0,0.002285517196328947,0,,,,,,,,,,,,,,,,0.00015,0.00015,1.15631,1.15647,1.15468,1.15468,,,,,,,,1.1579191142632428,1.1566333333333334,0.15897204095295714,,,,,,none,True,,,,,,,,,,,,,,no_pattern_at_sr
2026-03-09T08:15:04.054102+00:00,XAUUSD-STD,cobra,24433879,H1,HOLD,HOLD,NONE,0,35.74199701036354,0,,,,,,,,,,,,,,,,0.19,0.19,5099.01,5110.77,5096.74,5096.74,,,,,,,,5121.001688773695,5099.6849999999995,0.022242741494512736,,,,,,none,True,,,,,,,,,,,,,,no_pattern_at_sr
2026-03-09T08:16:04.429562+00:00,BTCUSD,cobra,24433879,H1,HOLD,HOLD,NONE,0,609.5609197203559,0,,,,,,,,,,,,,,,,16.94,16.94,67538.94,67643.41,67423.67,67487.91,,,,,,,,67529.32290862812,67576.25625,0.06125105595210412,,,,,,none,True,,,,,,,,,,,,,,no_pattern_at_sr
2026-03-09T08:16:04.431020+00:00,USDJPY-STD,cobra,24433879,H1,HOLD,HOLD,NONE,0,0.24913281800965048,0,,,,,,,,,,,,,,,,0.018,0.018,158.452,158.546,158.351,158.516,,,,,,,,157.9178416570485,158.461,0.024083539245992915,,,,,,none,True,,,,,,,,,,,,,,no_pattern_at_sr
2026-03-09T08:16:04.432532+00:00,EURUSD-STD,cobra,24433879,H1,HOLD,HOLD,NONE,0,0.002299088624900369,0,,,,,,,,,,,,,,,,0.00013,0.00013,1.15631,1.15647,1.15449,1.15452,,,,,,,,1.1579191142632428,1.1566333333333334,0.15803363532766737,,,,,,none,True,,,,,,,,,,,,,,no_pattern_at_sr
2026-03-09T08:16:04.434024+00:00,XAUUSD-STD,cobra,24433879,H1,HOLD,HOLD,NONE,0,35.87056843893498,0,,,,,,,,,,,,,,,,0.26,0.26,5099.01,5110.77,5094.94,5097.07,,,,,,,,5121.001688773695,5099.6849999999995,0.022163016495056337,,,,,,none,True,,,,,,,,,,,,,,no_pattern_at_sr
2026-03-09T08:17:04.772168+00:00,BTCUSD,cobra,24433879,H1,HOLD,HOLD,NONE,0,611.549491148927,0,,,,,,,,,,,,,,,,17.1,17.1,67538.94,67643.41,67395.83,67399.19,,,,,,,,67529.32290862812,67576.25625,0.0610518862992812,,,,,,none,True,,,,,,,,,,,,,,no_pattern_at_sr
2026-03-09T08:17:04.774200+00:00,USDJPY-STD,cobra,24433879,H1,HOLD,HOLD,NONE,0,0.24913281800965048,0,,,,,,,,,,,,,,,,0.018,0.018,158.452,158.546,158.351,158.493,,,,,,,,157.9178416570485,158.461,0.024083539245992915,,,,,,none,True,,,,,,,,,,,,,,no_pattern_at_sr
2026-03-09T08:17:04.776184+00:00,EURUSD-STD,cobra,24433879,H1,HOLD,HOLD,NONE,0,0.0023162314820432276,0,,,,,,,,,,,,,,,,0.00013,0.00013,1.15631,1.15647,1.15425,1.1544,,,,,,,,1.1579191142632428,1.1566333333333334,0.15686399919449515,,,,,,none,True,,,,,,,,,,,,,,no_pattern_at_sr
2026-03-09T08:17:04.777881+00:00,XAUUSD-STD,cobra,24433879,H1,HOLD,HOLD,NONE,0,35.87056843893498,0,,,,,,,,,,,,,,,,0.23,0.23,5099.01,5110.77,5094.94,5098.56,,,,,,,,5121.001688773695,5099.6849999999995,0.022163016495056337,,,,,,none,True,,,,,,,,,,,,,,no_pattern_at_sr
2026-03-09T08:17:04.778307+00:00,USOUSD-STD,cobra,24433879,H1,OUTSIDE_HOURS,OUTSIDE_HOURS,NONE,0,4.2912028533135596,0,,,,,,,,,,,,,,,,0.032,0.032,102.853,103.753,101.613,103.578,,,,,,,,,,,,,,,,,,,,,,,,,,,,,,,
2026-03-09T08:18:05.131632+00:00,BTCUSD,cobra,24433879,H1,HOLD,HOLD,NONE,0,613.222348291784,0,,,,,,,,,,,,,,,,17.06,17.06,67538.94,67643.41,67372.41,67515.29,,,,,,,,67529.32290862812,67576.25625,0.0608853380898672,,,,,,none,True,,,,,,,,,,,,,,no_pattern_at_sr
2026-03-09T08:18:05.133070+00:00,USDJPY-STD,cobra,24433879,H1,HOLD,HOLD,NONE,0,0.24913281800965048,0,,,,,,,,,,,,,,,,0.018,0.018,158.452,158.546,158.351,158.492,,,,,,,,157.9178416570485,158.461,0.024083539245992915,,,,,,none,True,,,,,,,,,,,,,,no_pattern_at_sr
2026-03-09T08:18:05.134461+00:00,EURUSD-STD,cobra,24433879,H1,HOLD,HOLD,NONE,0,0.0023262314820432298,0,,,,,,,,,,,,,,,,0.00014,0.00014,1.15631,1.15647,1.15411,1.15458,,,,,,,,1.1579191142632428,1.1566333333333334,0.15618967249740845,,,,,,none,True,,,,,,,,,,,,,,no_pattern_at_sr
2026-03-09T08:18:05.135953+00:00,XAUUSD-STD,cobra,24433879,H1,HOLD,HOLD,NONE,0,35.87056843893498,0,,,,,,,,,,,,,,,,0.23,0.23,5099.01,5110.77,5094.94,5105.98,,,,,,,,5121.001688773695,5099.6849999999995,0.022163016495056337,,,,,,none,True,,,,,,,,,,,,,,no_pattern_at_sr
2026-03-09T08:19:05.492538+00:00,BTCUSD,cobra,24433879,H1,HOLD,HOLD,NONE,0,613.222348291784,0,,,,,,,,,,,,,,,,17.11,17.11,67538.94,67643.41,67372.41,67498.91,,,,,,,,67529.32290862812,67576.25625,0.0608853380898672,,,,,,none,True,,,,,,,,,,,,,,no_pattern_at_sr
2026-03-09T08:19:05.494103+00:00,USDJPY-STD,cobra,24433879,H1,HOLD,HOLD,NONE,0,0.24913281800965048,0,,,,,,,,,,,,,,,,0.019,0.019,158.452,158.546,158.351,158.516,,,,,,,,157.9178416570485,158.461,0.024083539245992915,,,,,,none,True,,,,,,,,,,,,,,no_pattern_at_sr
2026-03-09T08:19:05.495612+00:00,EURUSD-STD,cobra,24433879,H1,HOLD,HOLD,NONE,0,0.002331231482043231,0,,,,,,,,,,,,,,,,0.00013,0.00013,1.15631,1.15647,1.15404,1.15406,,,,,,,,1.1579191142632428,1.1566333333333334,0.15585467858174515,,,,,,none,True,,,,,,,,,,,,,,no_pattern_at_sr
2026-03-09T08:19:05.496981+00:00,XAUUSD-STD,cobra,24433879,H1,HOLD,HOLD,NONE,0,35.87056843893498,0,,,,,,,,,,,,,,,,0.25,0.25,5099.01,5110.77,5094.94,5104.99,,,,,,,,5121.001688773695,5099.6849999999995,0.022163016495056337,,,,,,none,True,,,,,,,,,,,,,,no_pattern_at_sr
2026-03-09T08:19:33.476520+00:00,BTCUSD,cobra,24433879,H1,HOLD,HOLD,NONE,0,613.222348291784,0,,,,,,,,,,,,,,,,17.1,17.1,67538.94,67643.41,67372.41,67476.61,,,,,,,,67529.32290862812,67576.25625,0.0608853380898672,,,,,,none,True,,,,,,,,,,,,,,no_pattern_at_sr
2026-03-09T08:19:33.495367+00:00,USDJPY-STD,cobra,24433879,H1,HOLD,HOLD,NONE,0,0.24913281800965048,0,,,,,,,,,,,,,,,,0.018,0.018,158.452,158.546,158.351,158.52,,,,,,,,157.9178416570485,158.461,0.024083539245992915,,,,,,none,True,,,,,,,,,,,,,,no_pattern_at_sr
2026-03-09T08:19:33.498080+00:00,EURUSD-STD,cobra,24433879,H1,HOLD,HOLD,NONE,0,0.0023369457677575064,0,,,,,,,,,,,,,,,,0.00013,0.00013,1.15631,1.15647,1.15396,1.15396,,,,,,,,1.1579191142632428,1.1566333333333334,0.1554735836604979,,,,,,none,True,,,,,,,,,,,,,,no_pattern_at_sr
2026-03-09T08:19:33.499976+00:00,XAUUSD-STD,cobra,24433879,H1,HOLD,HOLD,NONE,0,35.87056843893498,0,,,,,,,,,,,,,,,,0.22,0.22,5099.01,5110.77,5094.94,5101.42,,,,,,,,5121.001688773695,5099.6849999999995,0.022163016495056337,,,,,,none,True,,,,,,,,,,,,,,no_pattern_at_sr
2026-03-09T08:19:33.500510+00:00,USOUSD-STD,cobra,24433879,H1,OUTSIDE_HOURS,OUTSIDE_HOURS,NONE,0,4.324059996170702,0,,,,,,,,,,,,,,,,0.032,0.032,102.853,104.213,101.613,103.758,,,,,,,,,,,,,,,,,,,,,,,,,,,,,,,
2026-03-09T08:20:33.904398+00:00,BTCUSD,cobra,24433879,H1,HOLD,HOLD,NONE,0,613.222348291784,0,,,,,,,,,,,,,,,,17.03,17.03,67538.94,67643.41,67372.41,67446.24,,,,,,,,67529.32290862812,67576.25625,0.0608853380898672,,,,,,none,True,,,,,,,,,,,,,,no_pattern_at_sr
2026-03-09T08:20:33.905866+00:00,USDJPY-STD,cobra,24433879,H1,HOLD,HOLD,NONE,0,0.24913281800965048,0,,,,,,,,,,,,,,,,0.019,0.019,158.452,158.546,158.351,158.524,,,,,,,,157.9178416570485,158.461,0.024083539245992915,,,,,,none,True,,,,,,,,,,,,,,no_pattern_at_sr
2026-03-09T08:20:33.907244+00:00,EURUSD-STD,cobra,24433879,H1,HOLD,HOLD,NONE,0,0.0023490886249003637,0,,,,,,,,,,,,,,,,0.00014,0.00014,1.15631,1.15647,1.15379,1.15379,,,,,,,,1.1579191142632428,1.1566333333333334,0.15466991303868063,,,,,,none,True,,,,,,,,,,,,,,no_pattern_at_sr
2026-03-09T08:20:33.908726+00:00,XAUUSD-STD,cobra,24433879,H1,HOLD,HOLD,NONE,0,35.87056843893498,0,,,,,,,,,,,,,,,,0.22,0.22,5099.01,5110.77,5094.94,5097.53,,,,,,,,5121.001688773695,5099.6849999999995,0.022163016495056337,,,,,,none,True,,,,,,,,,,,,,,no_pattern_at_sr
2026-03-09T08:21:34.260713+00:00,BTCUSD,cobra,24433879,H1,HOLD,HOLD,NONE,0,613.222348291784,0,,,,,,,,,,,,,,,,17.09,17.09,67538.94,67643.41,67372.41,67481.74,,,,,,,,67529.32290862812,67576.25625,0.0608853380898672,,,,,,none,True,,,,,,,,,,,,,,no_pattern_at_sr
2026-03-09T08:21:34.262412+00:00,USDJPY-STD,cobra,24433879,H1,HOLD,HOLD,NONE,0,0.24913281800965048,0,,,,,,,,,,,,,,,,0.018,0.018,158.452,158.546,158.351,158.515,,,,,,,,157.9178416570485,158.461,0.024083539245992915,,,,,,none,True,,,,,,,,,,,,,,no_pattern_at_sr
2026-03-09T08:21:34.264094+00:00,EURUSD-STD,cobra,24433879,H1,HOLD,HOLD,NONE,0,0.002368374339186093,0,,,,,,,,,,,,,,,,0.00014,0.00014,1.15631,1.15647,1.1535199999999999,1.15368,,,,,,,,1.1579191142632428,1.1566333333333334,0.15341043319121375,,,,,,none,True,,,,,,,,,,,,,,no_pattern_at_sr
2026-03-09T08:21:34.265569+00:00,XAUUSD-STD,cobra,24433879,H1,HOLD,HOLD,NONE,0,35.87056843893498,0,,,,,,,,,,,,,,,,0.22,0.22,5099.01,5110.77,5094.94,5097.22,,,,,,,,5121.001688773695,5099.6849999999995,0.022163016495056337,,,,,,none,True,,,,,,,,,,,,,,no_pattern_at_sr
2026-03-09T08:22:34.607866+00:00,BTCUSD,cobra,24433879,H1,HOLD,HOLD,NONE,0,613.222348291784,0,,,,,,,,,,,,,,,,17.1,17.1,67538.94,67643.41,67372.41,67580.42,,,,,,,,67529.32290862812,67576.25625,0.0608853380898672,,,,,,none,True,,,,,,,,,,,,,,no_pattern_at_sr
2026-03-09T08:22:34.609401+00:00,USDJPY-STD,cobra,24433879,H1,HOLD,HOLD,NONE,0,0.25027567515250904,0,,,,,,,,,,,,,,,,0.019,0.019,158.452,158.562,158.351,158.542,,,,,,,,157.9178416570485,158.461,0.02397356433598288,,,,,,none,True,,,,,,,,,,,,,,no_pattern_at_sr
2026-03-09T08:22:34.610688+00:00,EURUSD-STD,cobra,24433879,H1,HOLD,HOLD,NONE,0,0.002384088624900371,0,,,,,,,,,,,,,,,,0.00013,0.00013,1.15631,1.15647,1.1533,1.15339,,,,,,,,1.1579191142632428,1.1566333333333334,0.1523992562770927,,,,,,none,True,,,,,,,,,,,,,,no_pattern_at_sr
2026-03-09T08:22:34.612869+00:00,XAUUSD-STD,cobra,24433879,H1,HOLD,HOLD,NONE,0,35.87056843893498,0,,,,,,,,,,,,,,,,0.29,0.29,5099.01,5110.77,5094.94,5097.17,,,,,,,,5121.001688773695,5099.6849999999995,0.022163016495056337,,,,,,none,True,,,,,,,,,,,,,,no_pattern_at_sr
2026-03-09T08:23:34.952671+00:00,BTCUSD,cobra,24433879,H1,HOLD,HOLD,NONE,0,618.5952054346412,0,,,,,,,,,,,,,,,,17.11,17.11,67538.94,67718.63,67372.41,67718.63,,,,,,,,67529.32290862812,67576.25625,0.0603565137136395,,,,,,none,True,,,,,,,,,,,,,,no_pattern_at_sr
2026-03-09T08:23:34.954101+00:00,USDJPY-STD,cobra,24433879,H1,HOLD,HOLD,NONE,0,0.25027567515250904,0,,,,,,,,,,,,,,,,0.019,0.019,158.452,158.562,158.351,158.556,,,,,,,,157.9178416570485,158.461,0.02397356433598288,,,,,,none,True,,,,,,,,,,,,,,no_pattern_at_sr
2026-03-09T08:23:34.955548+00:00,EURUSD-STD,cobra,24433879,H1,HOLD,HOLD,NONE,0,0.0023933743391860826,0,,,,,,,,,,,,,,,,0.00014,0.00014,1.15631,1.15647,1.15317,1.15323,,,,,,,,1.1579191142632428,1.1566333333333334,0.1518079839767365,,,,,,none,True,,,,,,,,,,,,,,no_pattern_at_sr
2026-03-09T08:23:34.956847+00:00,XAUUSD-STD,cobra,24433879,H1,HOLD,HOLD,NONE,0,35.87056843893498,0,,,,,,,,,,,,,,,,0.26,0.26,5099.01,5110.77,5094.94,5096.04,,,,,,,,5121.001688773695,5099.6849999999995,0.022163016495056337,,,,,,none,True,,,,,,,,,,,,,,no_pattern_at_sr
2026-03-09T08:24:35.305671+00:00,BTCUSD,cobra,24433879,H1,HOLD,HOLD,NONE,0,622.9230625774982,0,,,,,,,,,,,,,,,,17.01,17.01,67538.94,67779.22,67372.41,67711.49,,,,,,,,67529.32290862812,67576.25625,0.05993717722622052,,,,,,none,True,,,,,,,,,,,,,,no_pattern_at_sr
2026-03-09T08:24:35.307123+00:00,USDJPY-STD,cobra,24433879,H1,HOLD,HOLD,NONE,0,0.2520613894382217,0,,,,,,,,,,,,,,,,0.02,0.02,158.452,158.587,158.351,158.566,,,,,,,,157.9178416570485,158.461,0.023803725010691418,,,,,,none,True,,,,,,,,,,,,,,no_pattern_at_sr
2026-03-09T08:24:35.309000+00:00,EURUSD-STD,cobra,24433879,H1,HOLD,HOLD,NONE,0,0.0024026600534717943,0,,,,,,,,,,,,,,,,0.00013,0.00013,1.15631,1.15647,1.15304,1.15307,,,,,,,,1.1579191142632428,1.1566333333333334,0.15122128193228335,,,,,,none,True,,,,,,,,,,,,,,no_pattern_at_sr
2026-03-09T08:24:35.310707+00:00,XAUUSD-STD,cobra,24433879,H1,HOLD,HOLD,NONE,0,35.87056843893498,0,,,,,,,,,,,,,,,,0.22,0.22,5099.01,5110.77,5094.94,5097.23,,,,,,,,5121.001688773695,5099.6849999999995,0.022163016495056337,,,,,,none,True,,,,,,,,,,,,,,no_pattern_at_sr
2026-03-09T08:25:35.724917+00:00,BTCUSD,cobra,24433879,H1,HOLD,HOLD,NONE,0,622.9230625774982,0,,,,,,,,,,,,,,,,17.11,17.11,67538.94,67779.22,67372.41,67688.55,,,,,,,,67529.32290862812,67576.25625,0.05993717722622052,,,,,,none,True,,,,,,,,,,,,,,no_pattern_at_sr
2026-03-09T08:25:35.726211+00:00,USDJPY-STD,cobra,24433879,H1,HOLD,HOLD,NONE,0,0.2520613894382217,0,,,,,,,,,,,,,,,,0.019,0.019,158.452,158.587,158.351,158.566,,,,,,,,157.9178416570485,158.461,0.023803725010691418,,,,,,none,True,,,,,,,,,,,,,,no_pattern_at_sr
2026-03-09T08:25:35.727640+00:00,EURUSD-STD,cobra,24433879,H1,HOLD,HOLD,NONE,0,0.0024026600534717943,0,,,,,,,,,,,,,,,,0.00014,0.00014,1.15631,1.15647,1.15304,1.15316,,,,,,,,1.1579191142632428,1.1566333333333334,0.15122128193228335,,,,,,none,True,,,,,,,,,,,,,,no_pattern_at_sr
2026-03-09T08:25:35.729181+00:00,XAUUSD-STD,cobra,24433879,H1,HOLD,HOLD,NONE,0,35.87056843893498,0,,,,,,,,,,,,,,,,0.26,0.26,5099.01,5110.77,5094.94,5098.6,,,,,,,,5121.001688773695,5099.6849999999995,0.022163016495056337,,,,,,none,True,,,,,,,,,,,,,,no_pattern_at_sr
2026-03-09T08:26:36.093509+00:00,BTCUSD,cobra,24433879,H1,HOLD,HOLD,NONE,0,626.2466340060695,0,,,,,,,,,,,,,,,,16.96,16.96,67538.94,67825.75,67372.41,67803.01,,,,,,,,67529.32290862812,67576.25625,0.05961908291812984,,,,,,none,True,,,,,,,,,,,,,,no_pattern_at_sr
2026-03-09T08:26:36.095609+00:00,USDJPY-STD,cobra,24433879,H1,HOLD,HOLD,NONE,0,0.2520613894382217,0,,,,,,,,,,,,,,,,0.019,0.019,158.452,158.587,158.351,158.579,,,,,,,,157.9178416570485,158.461,0.023803725010691418,,,,,,none,True,,,,,,,,,,,,,,no_pattern_at_sr
2026-03-09T08:26:36.097441+00:00,EURUSD-STD,cobra,24433879,H1,HOLD,HOLD,NONE,0,0.0024026600534717943,0,,,,,,,,,,,,,,,,0.00013,0.00013,1.15631,1.15647,1.15304,1.15308,,,,,,,,1.1579191142632428,1.1566333333333334,0.15122128193228335,,,,,,none,True,,,,,,,,,,,,,,no_pattern_at_sr
2026-03-09T08:26:36.099411+00:00,XAUUSD-STD,cobra,24433879,H1,HOLD,HOLD,NONE,0,35.87056843893498,0,,,,,,,,,,,,,,,,0.25,0.25,5099.01,5110.77,5094.94,5096.17,,,,,,,,5121.001688773695,5099.6849999999995,0.022163016495056337,,,,,,none,True,,,,,,,,,,,,,,no_pattern_at_sr
2026-03-09T08:27:36.674404+00:00,BTCUSD,cobra,24433879,H1,HOLD,HOLD,NONE,0,626.2466340060695,0,,,,,,,,,,,,,,,,16.98,16.98,67538.94,67825.75,67372.41,67788.64,,,,,,,,67529.32290862812,67576.25625,0.05961908291812984,,,,,,none,True,,,,,,,,,,,,,,no_pattern_at_sr
2026-03-09T08:27:36.675782+00:00,USDJPY-STD,cobra,24433879,H1,HOLD,HOLD,NONE,0,0.25256138943822204,0,,,,,,,,,,,,,,,,0.019,0.019,158.452,158.594,158.351,158.584,,,,,,,,157.9178416570485,158.461,0.02375660037880755,,,,,,none,True,,,,,,,,,,,,,,no_pattern_at_sr
2026-03-09T08:27:36.677298+00:00,EURUSD-STD,cobra,24433879,H1,HOLD,HOLD,NONE,0,0.0024183743391860877,0,,,,,,,,,,,,,,,,0.00013,0.00013,1.15631,1.15647,1.15282,1.15286,,,,,,,,1.1579191142632428,1.1566333333333334,0.1502386654730112,,,,,,none,True,,,,,,,,,,,,,,no_pattern_at_sr
2026-03-09T08:27:36.678821+00:00,XAUUSD-STD,cobra,24433879,H1,HOLD,HOLD,NONE,0,35.87056843893498,0,,,,,,,,,,,,,,,,0.23,0.23,5099.01,5110.77,5094.94,5097.46,,,,,,,,5121.001688773695,5099.6849999999995,0.022163016495056337,,,,,,none,True,,,,,,,,,,,,,,no_pattern_at_sr
2026-03-09T08:28:37.021219+00:00,BTCUSD,cobra,24433879,H1,HOLD,HOLD,NONE,0,626.2466340060695,0,,,,,,,,,,,,,,,,17.0,17.0,67538.94,67825.75,67372.41,67817.51,,,,,,,,67529.32290862812,67576.25625,0.05961908291812984,,,,,,none,True,,,,,,,,,,,,,,no_pattern_at_sr
2026-03-09T08:28:37.022623+00:00,USDJPY-STD,cobra,24433879,H1,HOLD,HOLD,NONE,0,0.2539899608667942,0,,,,,,,,,,,,,,,,0.019,0.019,158.452,158.614,158.351,158.614,,,,,,,,157.9178416570485,158.461,0.023622980922253636,,,,,,none,True,,,,,,,,,,,,,,no_pattern_at_sr
2026-03-09T08:28:37.024120+00:00,EURUSD-STD,cobra,24433879,H1,HOLD,HOLD,NONE,0,0.002443374339186077,0,,,,,,,,,,,,,,,,0.00013,0.00013,1.15631,1.15647,1.15247,1.15248,,,,,,,,1.1579191142632428,1.1566333333333334,0.14870146072440324,,,,,,none,True,,,,,,,,,,,,,,no_pattern_at_sr
2026-03-09T08:28:37.025504+00:00,XAUUSD-STD,cobra,24433879,H1,HOLD,HOLD,NONE,0,35.97985415322068,0,,,,,,,,,,,,,,,,0.23,0.23,5099.01,5110.77,5093.41,5094.0,,,,,,,,5121.001688773695,5099.6849999999995,0.022095698237509395,,,,,,none,True,,,,,,,,,,,,,,no_pattern_at_sr
2026-03-09T08:29:37.370863+00:00,BTCUSD,cobra,24433879,H1,HOLD,HOLD,NONE,0,626.2466340060695,0,,,,,,,,,,,,,,,,16.97,16.97,67538.94,67825.75,67372.41,67819.81,,,,,,,,67529.32290862812,67576.25625,0.05961908291812984,,,,,,none,True,,,,,,,,,,,,,,no_pattern_at_sr
2026-03-09T08:29:37.372320+00:00,USDJPY-STD,cobra,24433879,H1,HOLD,HOLD,NONE,0,0.25527567515250854,0,,,,,,,,,,,,,,,,0.018,0.018,158.452,158.632,158.351,158.631,,,,,,,,157.9178416570485,158.461,0.02350400208094902,,,,,,none,True,,,,,,,,,,,,,,no_pattern_at_sr
2026-03-09T08:29:37.373776+00:00,EURUSD-STD,cobra,24433879,H1,HOLD,HOLD,NONE,0,0.0024576600534718055,0,,,,,,,,,,,,,,,,0.00013,0.00013,1.15631,1.15647,1.15227,1.15237,,,,,,,,1.1579191142632428,1.1566333333333334,0.14783709928483865,,,,,,none,True,,,,,,,,,,,,,,no_pattern_at_sr
2026-03-09T08:29:37.375362+00:00,XAUUSD-STD,cobra,24433879,H1,HOLD,HOLD,NONE,0,36.142711296077806,0,,,,,,,,,,,,,,,,0.22,0.22,5099.01,5110.77,5091.13,5093.19,,,,,,,,5121.001688773695,5099.6849999999995,0.021996136191515782,,,,,,none,True,,,,,,,,,,,,,,no_pattern_at_sr
2026-03-09T08:29:37.375714+00:00,USOUSD-STD,cobra,24433879,H1,OUTSIDE_HOURS,OUTSIDE_HOURS,NONE,0,4.324059996170702,0,,,,,,,,,,,,,,,,0.032,0.032,102.853,104.213,101.613,103.903,,,,,,,,,,,,,,,,,,,,,,,,,,,,,,,
2026-03-09T08:30:37.717720+00:00,BTCUSD,cobra,24433879,H1,HOLD,HOLD,NONE,0,626.2466340060695,0,,,,,,,,,,,,,,,,17.02,17.02,67538.94,67825.75,67372.41,67767.43,,,,,,,,67529.32290862812,67576.25625,0.05961908291812984,,,,,,none,True,,,,,,,,,,,,,,no_pattern_at_sr
2026-03-09T08:30:37.719178+00:00,USDJPY-STD,cobra,24433879,H1,HOLD,HOLD,NONE,0,0.2562756751525072,0,,,,,,,,,,,,,,,,0.02,0.02,158.452,158.646,158.351,158.618,,,,,,,,157.9178416570485,158.461,0.02341228833532361,,,,,,none,True,,,,,,,,,,,,,,no_pattern_at_sr
2026-03-09T08:30:37.720621+00:00,EURUSD-STD,cobra,24433879,H1,HOLD,HOLD,NONE,0,0.002469802910614663,0,,,,,,,,,,,,,,,,0.00013,0.00013,1.15631,1.15647,1.1521,1.15237,,,,,,,,1.1579191142632428,1.1566333333333334,0.1471102539283468,,,,,,none,True,,,,,,,,,,,,,,no_pattern_at_sr
2026-03-09T08:30:37.722027+00:00,XAUUSD-STD,cobra,24433879,H1,HOLD,HOLD,NONE,0,36.20485415322065,0,,,,,,,,,,,,,,,,0.23,0.23,5099.01,5110.77,5090.26,5094.11,,,,,,,,5121.001688773695,5099.6849999999995,0.02195838150969165,,,,,,none,True,,,,,,,,,,,,,,no_pattern_at_sr
2026-03-09T08:31:38.089769+00:00,BTCUSD,cobra,24433879,H1,HOLD,HOLD,NONE,0,626.2466340060695,0,,,,,,,,,,,,,,,,17.0,17.0,67538.94,67825.75,67372.41,67773.03,,,,,,,,67529.32290862812,67576.25625,0.05961908291812984,,,,,,none,True,,,,,,,,,,,,,,no_pattern_at_sr
2026-03-09T08:31:38.091174+00:00,USDJPY-STD,cobra,24433879,H1,HOLD,HOLD,NONE,0,0.2562756751525072,0,,,,,,,,,,,,,,,,0.02,0.02,158.452,158.646,158.351,158.599,,,,,,,,157.9178416570485,158.461,0.02341228833532361,,,,,,none,True,,,,,,,,,,,,,,no_pattern_at_sr
2026-03-09T08:31:38.092565+00:00,EURUSD-STD,cobra,24433879,H1,HOLD,HOLD,NONE,0,0.002469802910614663,0,,,,,,,,,,,,,,,,0.00013,0.00013,1.15631,1.15647,1.1521,1.15231,,,,,,,,1.1579191142632428,1.1566333333333334,0.1471102539283468,,,,,,none,True,,,,,,,,,,,,,,no_pattern_at_sr
2026-03-09T08:31:38.094066+00:00,XAUUSD-STD,cobra,24433879,H1,HOLD,HOLD,NONE,0,36.20485415322065,0,,,,,,,,,,,,,,,,0.22,0.22,5099.01,5110.77,5090.26,5094.93,,,,,,,,5121.001688773695,5099.6849999999995,0.02195838150969165,,,,,,none,True,,,,,,,,,,,,,,no_pattern_at_sr
2026-03-09T08:32:38.442323+00:00,BTCUSD,cobra,24433879,H1,HOLD,HOLD,NONE,0,626.2466340060695,0,,,,,,,,,,,,,,,,17.0,17.0,67538.94,67825.75,67372.41,67742.88,,,,,,,,67529.32290862812,67576.25625,0.05961908291812984,,,,,,none,True,,,,,,,,,,,,,,no_pattern_at_sr
2026-03-09T08:32:38.443843+00:00,USDJPY-STD,cobra,24433879,H1,HOLD,HOLD,NONE,0,0.2562756751525072,0,,,,,,,,,,,,,,,,0.019,0.019,158.452,158.646,158.351,158.59,,,,,,,,157.9178416570485,158.461,0.02341228833532361,,,,,,none,True,,,,,,,,,,,,,,no_pattern_at_sr
2026-03-09T08:32:38.445145+00:00,EURUSD-STD,cobra,24433879,H1,HOLD,HOLD,NONE,0,0.002482660053471795,0,,,,,,,,,,,,,,,,0.00014,0.00014,1.15631,1.15647,1.15192,1.1521,,,,,,,,1.1579191142632428,1.1566333333333334,0.14634840272448962,,,,,,none,True,,,,,,,,,,,,,,no_pattern_at_sr
2026-03-09T08:32:38.446627+00:00,XAUUSD-STD,cobra,24433879,H1,HOLD,HOLD,NONE,0,36.421282724649274,0,,,,,,,,,,,,,,,,0.23,0.23,5099.01,5110.77,5087.23,5087.68,,,,,,,,5121.001688773695,5099.6849999999995,0.021827896782479917,,,,,,none,True,,,,,,,,,,,,,,no_pattern_at_sr
2026-03-09T08:33:38.804017+00:00,BTCUSD,cobra,24433879,H1,HOLD,HOLD,NONE,0,627.1959197203547,0,,,,,,,,,,,,,,,,17.07,17.07,67538.94,67839.04,67372.41,67830.22,,,,,,,,67529.32290862812,67576.25625,0.05952884708920703,,,,,,none,True,,,,,,,,,,,,,,no_pattern_at_sr
2026-03-09T08:33:38.805510+00:00,USDJPY-STD,cobra,24433879,H1,HOLD,HOLD,NONE,0,0.2562756751525072,0,,,,,,,,,,,,,,,,0.019,0.019,158.452,158.646,158.351,158.566,,,,,,,,157.9178416570485,158.461,0.02341228833532361,,,,,,none,True,,,,,,,,,,,,,,no_pattern_at_sr
2026-03-09T08:33:38.806922+00:00,EURUSD-STD,cobra,24433879,H1,HOLD,HOLD,NONE,0,0.002482660053471795,0,,,,,,,,,,,,,,,,0.00014,0.00014,1.15631,1.15647,1.15192,1.1524,,,,,,,,1.1579191142632428,1.1566333333333334,0.14634840272448962,,,,,,none,True,,,,,,,,,,,,,,no_pattern_at_sr
2026-03-09T08:33:38.808370+00:00,XAUUSD-STD,cobra,24433879,H1,HOLD,HOLD,NONE,0,36.421282724649274,0,,,,,,,,,,,,,,,,0.22,0.22,5099.01,5110.77,5087.23,5091.16,,,,,,,,5121.001688773695,5099.6849999999995,0.021827896782479917,,,,,,none,True,,,,,,,,,,,,,,no_pattern_at_sr
2026-03-09T08:34:39.162776+00:00,BTCUSD,cobra,24433879,H1,HOLD,HOLD,NONE,0,627.1959197203547,0,,,,,,,,,,,,,,,,17.11,17.11,67538.94,67839.04,67372.41,67786.63,,,,,,,,67529.32290862812,67576.25625,0.05952884708920703,,,,,,none,True,,,,,,,,,,,,,,no_pattern_at_sr
2026-03-09T08:34:39.164341+00:00,USDJPY-STD,cobra,24433879,H1,HOLD,HOLD,NONE,0,0.2562756751525072,0,,,,,,,,,,,,,,,,0.019,0.019,158.452,158.646,158.351,158.625,,,,,,,,157.9178416570485,158.461,0.02341228833532361,,,,,,none,True,,,,,,,,,,,,,,no_pattern_at_sr
2026-03-09T08:34:39.165799+00:00,EURUSD-STD,cobra,24433879,H1,HOLD,HOLD,NONE,0,0.002501945767757509,0,,,,,,,,,,,,,,,,0.00014,0.00014,1.15631,1.15647,1.15165,1.15187,,,,,,,,1.1579191142632428,1.1566333333333334,0.14522030733669675,,,,,,none,True,,,,,,,,,,,,,,no_pattern_at_sr
2026-03-09T08:34:39.167099+00:00,XAUUSD-STD,cobra,24433879,H1,HOLD,HOLD,NONE,0,36.421282724649274,0,,,,,,,,,,,,,,,,0.23,0.23,5099.01,5110.77,5087.23,5096.0,,,,,,,,5121.001688773695,5099.6849999999995,0.021827896782479917,,,,,,none,True,,,,,,,,,,,,,,no_pattern_at_sr
2026-03-09T08:35:39.542423+00:00,BTCUSD,cobra,24433879,H1,HOLD,HOLD,NONE,0,629.6609197203554,0,,,,,,,,,,,,,,,,17.11,17.11,67538.94,67873.55,67372.41,67814.41,,,,,,,,67529.32290862812,67576.25625,0.0592958032342063,,,,,,none,True,,,,,,,,,,,,,,no_pattern_at_sr
2026-03-09T08:35:39.544077+00:00,USDJPY-STD,cobra,24433879,H1,HOLD,HOLD,NONE,0,0.2562756751525072,0,,,,,,,,,,,,,,,,0.019,0.019,158.452,158.646,158.351,158.606,,,,,,,,157.9178416570485,158.461,0.02341228833532361,,,,,,none,True,,,,,,,,,,,,,,no_pattern_at_sr
2026-03-09T08:35:39.545673+00:00,EURUSD-STD,cobra,24433879,H1,HOLD,HOLD,NONE,0,0.002501945767757509,0,,,,,,,,,,,,,,,,0.00014,0.00014,1.15631,1.15647,1.15165,1.15186,,,,,,,,1.1579191142632428,1.1566333333333334,0.14522030733669675,,,,,,none,True,,,,,,,,,,,,,,no_pattern_at_sr
2026-03-09T08:35:39.547091+00:00,XAUUSD-STD,cobra,24433879,H1,HOLD,HOLD,NONE,0,36.421282724649274,0,,,,,,,,,,,,,,,,0.25,0.25,5099.01,5110.77,5087.23,5095.32,,,,,,,,5121.001688773695,5099.6849999999995,0.021827896782479917,,,,,,none,True,,,,,,,,,,,,,,no_pattern_at_sr
2026-03-09T08:36:39.911719+00:00,BTCUSD,cobra,24433879,H1,HOLD,HOLD,NONE,0,629.6609197203554,0,,,,,,,,,,,,,,,,17.1,17.1,67538.94,67873.55,67372.41,67795.86,,,,,,,,67529.32290862812,67576.25625,0.0592958032342063,,,,,,none,True,,,,,,,,,,,,,,no_pattern_at_sr
2026-03-09T08:36:39.913237+00:00,USDJPY-STD,cobra,24433879,H1,HOLD,HOLD,NONE,0,0.2562756751525072,0,,,,,,,,,,,,,,,,0.019,0.019,158.452,158.646,158.351,158.616,,,,,,,,157.9178416570485,158.461,0.02341228833532361,,,,,,none,True,,,,,,,,,,,,,,no_pattern_at_sr
2026-03-09T08:36:39.914790+00:00,EURUSD-STD,cobra,24433879,H1,HOLD,HOLD,NONE,0,0.002514088624900366,0,,,,,,,,,,,,,,,,0.00014,0.00014,1.15631,1.15647,1.15148,1.15151,,,,,,,,1.1579191142632428,1.1566333333333334,0.14451890428003195,,,,,,none,True,,,,,,,,,,,,,,no_pattern_at_sr
2026-03-09T08:36:39.916140+00:00,XAUUSD-STD,cobra,24433879,H1,HOLD,HOLD,NONE,0,36.421282724649274,0,,,,,,,,,,,,,,,,0.23,0.23,5099.01,5110.77,5087.23,5094.1,,,,,,,,5121.001688773695,5099.6849999999995,0.021827896782479917,,,,,,none,True,,,,,,,,,,,,,,no_pattern_at_sr
2026-03-09T08:37:40.310716+00:00,BTCUSD,cobra,24433879,H1,HOLD,HOLD,NONE,0,629.6609197203554,0,,,,,,,,,,,,,,,,16.96,16.96,67538.94,67873.55,67372.41,67773.28,,,,,,,,67529.32290862812,67576.25625,0.0592958032342063,,,,,,none,True,,,,,,,,,,,,,,no_pattern_at_sr
2026-03-09T08:37:40.312859+00:00,USDJPY-STD,cobra,24433879,H1,HOLD,HOLD,NONE,0,0.2562756751525072,0,,,,,,,,,,,,,,,,0.018,0.018,158.452,158.646,158.351,158.616,,,,,,,,157.9178416570485,158.461,0.02341228833532361,,,,,,none,True,,,,,,,,,,,,,,no_pattern_at_sr
2026-03-09T08:37:40.314719+00:00,EURUSD-STD,cobra,24433879,H1,HOLD,HOLD,NONE,0,0.002514088624900366,0,,,,,,,,,,,,,,,,0.00014,0.00014,1.15631,1.15647,1.15148,1.1517,,,,,,,,1.1579191142632428,1.1566333333333334,0.14451890428003195,,,,,,none,True,,,,,,,,,,,,,,no_pattern_at_sr
2026-03-09T08:37:40.316569+00:00,XAUUSD-STD,cobra,24433879,H1,HOLD,HOLD,NONE,0,36.421282724649274,0,,,,,,,,,,,,,,,,0.23,0.23,5099.01,5110.77,5087.23,5092.46,,,,,,,,5121.001688773695,5099.6849999999995,0.021827896782479917,,,,,,none,True,,,,,,,,,,,,,,no_pattern_at_sr
2026-03-09T08:38:40.682957+00:00,BTCUSD,cobra,24433879,H1,HOLD,HOLD,NONE,0,629.6609197203554,0,,,,,,,,,,,,,,,,17.07,17.07,67538.94,67873.55,67372.41,67739.09,,,,,,,,67529.32290862812,67576.25625,0.0592958032342063,,,,,,none,True,,,,,,,,,,,,,,no_pattern_at_sr
2026-03-09T08:38:40.684577+00:00,USDJPY-STD,cobra,24433879,H1,HOLD,HOLD,NONE,0,0.2562756751525072,0,,,,,,,,,,,,,,,,0.02,0.02,158.452,158.646,158.351,158.615,,,,,,,,157.9178416570485,158.461,0.02341228833532361,,,,,,none,True,,,,,,,,,,,,,,no_pattern_at_sr
2026-03-09T08:38:40.686207+00:00,EURUSD-STD,cobra,24433879,H1,HOLD,HOLD,NONE,0,0.002514088624900366,0,,,,,,,,,,,,,,,,0.00014,0.00014,1.15631,1.15647,1.15148,1.15177,,,,,,,,1.1579191142632428,1.1566333333333334,0.14451890428003195,,,,,,none,True,,,,,,,,,,,,,,no_pattern_at_sr
2026-03-09T08:38:40.688184+00:00,XAUUSD-STD,cobra,24433879,H1,HOLD,HOLD,NONE,0,36.421282724649274,0,,,,,,,,,,,,,,,,0.22,0.22,5099.01,5110.77,5087.23,5094.25,,,,,,,,5121.001688773695,5099.6849999999995,0.021827896782479917,,,,,,none,True,,,,,,,,,,,,,,no_pattern_at_sr
2026-03-09T08:39:41.124334+00:00,BTCUSD,cobra,24433879,H1,HOLD,HOLD,NONE,0,629.6609197203554,0,,,,,,,,,,,,,,,,17.05,17.05,67538.94,67873.55,67372.41,67695.62,,,,,,,,67529.32290862812,67576.25625,0.0592958032342063,,,,,,none,True,,,,,,,,,,,,,,no_pattern_at_sr
2026-03-09T08:39:41.126311+00:00,USDJPY-STD,cobra,24433879,H1,HOLD,HOLD,NONE,0,0.25641853229536504,0,,,,,,,,,,,,,,,,0.018,0.018,158.452,158.648,158.351,158.628,,,,,,,,157.9178416570485,158.461,0.023399244767101732,,,,,,none,True,,,,,,,,,,,,,,no_pattern_at_sr
2026-03-09T08:39:41.128301+00:00,EURUSD-STD,cobra,24433879,H1,HOLD,HOLD,NONE,0,0.002514088624900366,0,,,,,,,,,,,,,,,,0.00013,0.00013,1.15631,1.15647,1.15148,1.15182,,,,,,,,1.1579191142632428,1.1566333333333334,0.14451890428003195,,,,,,none,True,,,,,,,,,,,,,,no_pattern_at_sr
2026-03-09T08:39:41.130287+00:00,XAUUSD-STD,cobra,24433879,H1,HOLD,HOLD,NONE,0,36.421282724649274,0,,,,,,,,,,,,,,,,0.21,0.21,5099.01,5110.77,5087.23,5094.63,,,,,,,,5121.001688773695,5099.6849999999995,0.021827896782479917,,,,,,none,True,,,,,,,,,,,,,,no_pattern_at_sr
2026-03-09T08:39:41.130657+00:00,USOUSD-STD,cobra,24433879,H1,OUTSIDE_HOURS,OUTSIDE_HOURS,NONE,0,4.379774281884988,0,,,,,,,,,,,,,,,,0.032,0.032,102.853,104.993,101.613,103.243,,,,,,,,,,,,,,,,,,,,,,,,,,,,,,,
2026-03-09T08:40:41.471973+00:00,BTCUSD,cobra,24433879,H1,HOLD,HOLD,NONE,0,629.6609197203554,0,,,,,,,,,,,,,,,,16.95,16.95,67538.94,67873.55,67372.41,67696.51,,,,,,,,67529.32290862812,67576.25625,0.0592958032342063,,,,,,none,True,,,,,,,,,,,,,,no_pattern_at_sr
2026-03-09T08:40:41.473613+00:00,USDJPY-STD,cobra,24433879,H1,HOLD,HOLD,NONE,0,0.2584899608667934,0,,,,,,,,,,,,,,,,0.019,0.019,158.452,158.677,158.351,158.663,,,,,,,,157.9178416570485,158.461,0.023211733174783464,,,,,,none,True,,,,,,,,,,,,,,no_pattern_at_sr
2026-03-09T08:40:41.475680+00:00,EURUSD-STD,cobra,24433879,H1,HOLD,HOLD,NONE,0,0.002514088624900366,0,,,,,,,,,,,,,,,,0.00014,0.00014,1.15631,1.15647,1.15148,1.15173,,,,,,,,1.1579191142632428,1.1566333333333334,0.14451890428003195,,,,,,none,True,,,,,,,,,,,,,,no_pattern_at_sr
2026-03-09T08:40:41.477227+00:00,XAUUSD-STD,cobra,24433879,H1,HOLD,HOLD,NONE,0,36.421282724649274,0,,,,,,,,,,,,,,,,0.23,0.23,5099.01,5110.77,5087.23,5093.92,,,,,,,,5121.001688773695,5099.6849999999995,0.021827896782479917,,,,,,none,True,,,,,,,,,,,,,,no_pattern_at_sr
2026-03-09T08:41:41.831164+00:00,BTCUSD,cobra,24433879,H1,HOLD,HOLD,NONE,0,629.6609197203554,0,,,,,,,,,,,,,,,,17.1,17.1,67538.94,67873.55,67372.41,67687.24,,,,,,,,67529.32290862812,67576.25625,0.0592958032342063,,,,,,none,True,,,,,,,,,,,,,,no_pattern_at_sr
2026-03-09T08:41:41.832576+00:00,USDJPY-STD,cobra,24433879,H1,HOLD,HOLD,NONE,0,0.2584899608667934,0,,,,,,,,,,,,,,,,0.018,0.018,158.452,158.677,158.351,158.666,,,,,,,,157.9178416570485,158.461,0.023211733174783464,,,,,,none,True,,,,,,,,,,,,,,no_pattern_at_sr
2026-03-09T08:41:41.833960+00:00,EURUSD-STD,cobra,24433879,H1,HOLD,HOLD,NONE,0,0.002514088624900366,0,,,,,,,,,,,,,,,,0.00014,0.00014,1.15631,1.15647,1.15148,1.15207,,,,,,,,1.1579191142632428,1.1566333333333334,0.14451890428003195,,,,,,none,True,,,,,,,,,,,,,,no_pattern_at_sr
2026-03-09T08:41:41.835469+00:00,XAUUSD-STD,cobra,24433879,H1,HOLD,HOLD,NONE,0,36.421282724649274,0,,,,,,,,,,,,,,,,0.2,0.2,5099.01,5110.77,5087.23,5095.1,,,,,,,,5121.001688773695,5099.6849999999995,0.021827896782479917,,,,,,none,True,,,,,,,,,,,,,,no_pattern_at_sr
2026-03-09T08:42:42.203622+00:00,BTCUSD,cobra,24433879,H1,HOLD,HOLD,NONE,0,629.6609197203554,0,,,,,,,,,,,,,,,,16.98,16.98,67538.94,67873.55,67372.41,67753.51,,,,,,,,67529.32290862812,67576.25625,0.0592958032342063,,,,,,none,True,,,,,,,,,,,,,,no_pattern_at_sr
2026-03-09T08:42:42.205014+00:00,USDJPY-STD,cobra,24433879,H1,HOLD,HOLD,NONE,0,0.2584899608667934,0,,,,,,,,,,,,,,,,0.018,0.018,158.452,158.677,158.351,158.667,,,,,,,,157.9178416570485,158.461,0.023211733174783464,,,,,,none,True,,,,,,,,,,,,,,no_pattern_at_sr
2026-03-09T08:42:42.206417+00:00,EURUSD-STD,cobra,24433879,H1,HOLD,HOLD,NONE,0,0.002514088624900366,0,,,,,,,,,,,,,,,,0.00013,0.00013,1.15631,1.15647,1.15148,1.15202,,,,,,,,1.1579191142632428,1.1566333333333334,0.14451890428003195,,,,,,none,True,,,,,,,,,,,,,,no_pattern_at_sr
2026-03-09T08:42:42.207898+00:00,XAUUSD-STD,cobra,24433879,H1,HOLD,HOLD,NONE,0,36.421282724649274,0,,,,,,,,,,,,,,,,0.22,0.22,5099.01,5110.77,5087.23,5093.45,,,,,,,,5121.001688773695,5099.6849999999995,0.021827896782479917,,,,,,none,True,,,,,,,,,,,,,,no_pattern_at_sr
2026-03-09T08:43:42.594408+00:00,BTCUSD,cobra,24433879,H1,HOLD,HOLD,NONE,0,629.6609197203554,0,,,,,,,,,,,,,,,,16.94,16.94,67538.94,67873.55,67372.41,67782.32,,,,,,,,67529.32290862812,67576.25625,0.0592958032342063,,,,,,none,True,,,,,,,,,,,,,,no_pattern_at_sr
2026-03-09T08:43:42.595708+00:00,USDJPY-STD,cobra,24433879,H1,HOLD,HOLD,NONE,0,0.2584899608667934,0,,,,,,,,,,,,,,,,0.019,0.019,158.452,158.677,158.351,158.622,,,,,,,,157.9178416570485,158.461,0.023211733174783464,,,,,,none,True,,,,,,,,,,,,,,no_pattern_at_sr
2026-03-09T08:43:42.597196+00:00,EURUSD-STD,cobra,24433879,H1,HOLD,HOLD,NONE,0,0.002514088624900366,0,,,,,,,,,,,,,,,,0.00014,0.00014,1.15631,1.15647,1.15148,1.15267,,,,,,,,1.1579191142632428,1.1566333333333334,0.14451890428003195,,,,,,none,True,,,,,,,,,,,,,,no_pattern_at_sr
2026-03-09T08:43:42.599140+00:00,XAUUSD-STD,cobra,24433879,H1,HOLD,HOLD,NONE,0,36.421282724649274,0,,,,,,,,,,,,,,,,0.26,0.26,5099.01,5110.77,5087.23,5095.91,,,,,,,,5121.001688773695,5099.6849999999995,0.021827896782479917,,,,,,none,True,,,,,,,,,,,,,,no_pattern_at_sr
2026-03-09T08:44:42.951755+00:00,BTCUSD,cobra,24433879,H1,HOLD,HOLD,NONE,0,629.6609197203554,0,,,,,,,,,,,,,,,,16.95,16.95,67538.94,67873.55,67372.41,67755.82,,,,,,,,67529.32290862812,67576.25625,0.0592958032342063,,,,,,none,True,,,,,,,,,,,,,,no_pattern_at_sr
2026-03-09T08:44:42.953272+00:00,USDJPY-STD,cobra,24433879,H1,HOLD,HOLD,NONE,0,0.2584899608667934,0,,,,,,,,,,,,,,,,0.019,0.019,158.452,158.677,158.351,158.637,,,,,,,,157.9178416570485,158.461,0.023211733174783464,,,,,,none,True,,,,,,,,,,,,,,no_pattern_at_sr
2026-03-09T08:44:42.954568+00:00,EURUSD-STD,cobra,24433879,H1,HOLD,HOLD,NONE,0,0.002514088624900366,0,,,,,,,,,,,,,,,,0.00014,0.00014,1.15631,1.15647,1.15148,1.15248,,,,,,,,1.1579191142632428,1.1566333333333334,0.14451890428003195,,,,,,none,True,,,,,,,,,,,,,,no_pattern_at_sr
2026-03-09T08:44:42.956169+00:00,XAUUSD-STD,cobra,24433879,H1,HOLD,HOLD,NONE,0,36.421282724649274,0,,,,,,,,,,,,,,,,0.22,0.22,5099.01,5110.77,5087.23,5090.01,,,,,,,,5121.001688773695,5099.6849999999995,0.021827896782479917,,,,,,none,True,,,,,,,,,,,,,,no_pattern_at_sr
2026-03-09T08:45:43.316151+00:00,BTCUSD,cobra,24433879,H1,HOLD,HOLD,NONE,0,629.6609197203554,0,,,,,,,,,,,,,,,,17.08,17.08,67538.94,67873.55,67372.41,67761.32,,,,,,,,67529.32290862812,67576.25625,0.0592958032342063,,,,,,none,True,,,,,,,,,,,,,,no_pattern_at_sr
2026-03-09T08:45:43.317641+00:00,USDJPY-STD,cobra,24433879,H1,HOLD,HOLD,NONE,0,0.2584899608667934,0,,,,,,,,,,,,,,,,0.018,0.018,158.452,158.677,158.351,158.628,,,,,,,,157.9178416570485,158.461,0.023211733174783464,,,,,,none,True,,,,,,,,,,,,,,no_pattern_at_sr
2026-03-09T08:45:43.319093+00:00,EURUSD-STD,cobra,24433879,H1,HOLD,HOLD,NONE,0,0.002514088624900366,0,,,,,,,,,,,,,,,,0.00014,0.00014,1.15631,1.15647,1.15148,1.15267,,,,,,,,1.1579191142632428,1.1566333333333334,0.14451890428003195,,,,,,none,True,,,,,,,,,,,,,,no_pattern_at_sr
2026-03-09T08:45:43.320812+00:00,XAUUSD-STD,cobra,24433879,H1,HOLD,HOLD,NONE,0,36.421282724649274,0,,,,,,,,,,,,,,,,0.19,0.19,5099.01,5110.77,5087.23,5088.89,,,,,,,,5121.001688773695,5099.6849999999995,0.021827896782479917,,,,,,none,True,,,,,,,,,,,,,,no_pattern_at_sr
2026-03-09T08:46:43.674751+00:00,BTCUSD,cobra,24433879,H1,HOLD,HOLD,NONE,0,629.6609197203554,0,,,,,,,,,,,,,,,,17.0,17.0,67538.94,67873.55,67372.41,67796.41,,,,,,,,67529.32290862812,67576.25625,0.0592958032342063,,,,,,none,True,,,,,,,,,,,,,,no_pattern_at_sr
2026-03-09T08:46:43.676348+00:00,USDJPY-STD,cobra,24433879,H1,HOLD,HOLD,NONE,0,0.2584899608667934,0,,,,,,,,,,,,,,,,0.019,0.019,158.452,158.677,158.351,158.641,,,,,,,,157.9178416570485,158.461,0.023211733174783464,,,,,,none,True,,,,,,,,,,,,,,no_pattern_at_sr
2026-03-09T08:46:43.677624+00:00,EURUSD-STD,cobra,24433879,H1,HOLD,HOLD,NONE,0,0.002514088624900366,0,,,,,,,,,,,,,,,,0.00014,0.00014,1.15631,1.15647,1.15148,1.15257,,,,,,,,1.1579191142632428,1.1566333333333334,0.14451890428003195,,,,,,none,True,,,,,,,,,,,,,,no_pattern_at_sr
2026-03-09T08:46:43.679103+00:00,XAUUSD-STD,cobra,24433879,H1,HOLD,HOLD,NONE,0,36.421282724649274,0,,,,,,,,,,,,,,,,0.25,0.25,5099.01,5110.77,5087.23,5090.31,,,,,,,,5121.001688773695,5099.6849999999995,0.021827896782479917,,,,,,none,True,,,,,,,,,,,,,,no_pattern_at_sr
2026-03-09T08:47:44.026219+00:00,BTCUSD,cobra,24433879,H1,HOLD,HOLD,NONE,0,629.6609197203554,0,,,,,,,,,,,,,,,,16.97,16.97,67538.94,67873.55,67372.41,67793.1,,,,,,,,67529.32290862812,67576.25625,0.0592958032342063,,,,,,none,True,,,,,,,,,,,,,,no_pattern_at_sr
2026-03-09T08:47:44.027599+00:00,USDJPY-STD,cobra,24433879,H1,HOLD,HOLD,NONE,0,0.2584899608667934,0,,,,,,,,,,,,,,,,0.019,0.019,158.452,158.677,158.351,158.654,,,,,,,,157.9178416570485,158.461,0.023211733174783464,,,,,,none,True,,,,,,,,,,,,,,no_pattern_at_sr
2026-03-09T08:47:44.029078+00:00,EURUSD-STD,cobra,24433879,H1,HOLD,HOLD,NONE,0,0.002514088624900366,0,,,,,,,,,,,,,,,,0.00014,0.00014,1.15631,1.15647,1.15148,1.15247,,,,,,,,1.1579191142632428,1.1566333333333334,0.14451890428003195,,,,,,none,True,,,,,,,,,,,,,,no_pattern_at_sr
2026-03-09T08:47:44.030684+00:00,XAUUSD-STD,cobra,24433879,H1,HOLD,HOLD,NONE,0,36.421282724649274,0,,,,,,,,,,,,,,,,0.26,0.26,5099.01,5110.77,5087.23,5090.73,,,,,,,,5121.001688773695,5099.6849999999995,0.021827896782479917,,,,,,none,True,,,,,,,,,,,,,,no_pattern_at_sr
2026-03-09T08:48:44.440100+00:00,BTCUSD,cobra,24433879,H1,HOLD,HOLD,NONE,0,629.6609197203554,0,,,,,,,,,,,,,,,,17.03,17.03,67538.94,67873.55,67372.41,67808.11,,,,,,,,67529.32290862812,67576.25625,0.0592958032342063,,,,,,none,True,,,,,,,,,,,,,,no_pattern_at_sr
2026-03-09T08:48:44.441761+00:00,USDJPY-STD,cobra,24433879,H1,HOLD,HOLD,NONE,0,0.2584899608667934,0,,,,,,,,,,,,,,,,0.018,0.018,158.452,158.677,158.351,158.63,,,,,,,,157.9178416570485,158.461,0.023211733174783464,,,,,,none,True,,,,,,,,,,,,,,no_pattern_at_sr
2026-03-09T08:48:44.443027+00:00,EURUSD-STD,cobra,24433879,H1,HOLD,HOLD,NONE,0,0.002514088624900366,0,,,,,,,,,,,,,,,,0.00013,0.00013,1.15631,1.15647,1.15148,1.15286,,,,,,,,1.1579191142632428,1.1566333333333334,0.14451890428003195,,,,,,none,True,,,,,,,,,,,,,,no_pattern_at_sr
2026-03-09T08:48:44.444605+00:00,XAUUSD-STD,cobra,24433879,H1,HOLD,HOLD,NONE,0,36.421282724649274,0,,,,,,,,,,,,,,,,0.23,0.23,5099.01,5110.77,5087.23,5096.33,,,,,,,,5121.001688773695,5099.6849999999995,0.021827896782479917,,,,,,none,True,,,,,,,,,,,,,,no_pattern_at_sr
2026-03-09T08:49:44.793933+00:00,BTCUSD,cobra,24433879,H1,HOLD,HOLD,NONE,0,629.6609197203554,0,,,,,,,,,,,,,,,,17.0,17.0,67538.94,67873.55,67372.41,67732.6,,,,,,,,67529.32290862812,67576.25625,0.0592958032342063,,,,,,none,True,,,,,,,,,,,,,,no_pattern_at_sr
2026-03-09T08:49:44.795527+00:00,USDJPY-STD,cobra,24433879,H1,HOLD,HOLD,NONE,0,0.2584899608667934,0,,,,,,,,,,,,,,,,0.019,0.019,158.452,158.677,158.351,158.606,,,,,,,,157.9178416570485,158.461,0.023211733174783464,,,,,,none,True,,,,,,,,,,,,,,no_pattern_at_sr
2026-03-09T08:49:44.797127+00:00,EURUSD-STD,cobra,24433879,H1,HOLD,HOLD,NONE,0,0.002514088624900366,0,,,,,,,,,,,,,,,,0.00014,0.00014,1.15631,1.15647,1.15148,1.15262,,,,,,,,1.1579191142632428,1.1566333333333334,0.14451890428003195,,,,,,none,True,,,,,,,,,,,,,,no_pattern_at_sr
2026-03-09T08:49:44.798839+00:00,XAUUSD-STD,cobra,24433879,H1,HOLD,HOLD,NONE,0,36.421282724649274,0,,,,,,,,,,,,,,,,0.22,0.22,5099.01,5110.77,5087.23,5098.35,,,,,,,,5121.001688773695,5099.6849999999995,0.021827896782479917,,,,,,none,True,,,,,,,,,,,,,,no_pattern_at_sr
2026-03-09T08:49:44.799208+00:00,USOUSD-STD,cobra,24433879,H1,OUTSIDE_HOURS,OUTSIDE_HOURS,NONE,0,4.379774281884988,0,,,,,,,,,,,,,,,,0.032,0.032,102.853,104.993,101.613,103.298,,,,,,,,,,,,,,,,,,,,,,,,,,,,,,,
2026-03-09T08:50:45.154162+00:00,BTCUSD,cobra,24433879,H1,HOLD,HOLD,NONE,0,629.6609197203554,0,,,,,,,,,,,,,,,,17.07,17.07,67538.94,67873.55,67372.41,67778.05,,,,,,,,67529.32290862812,67576.25625,0.0592958032342063,,,,,,none,True,,,,,,,,,,,,,,no_pattern_at_sr
2026-03-09T08:50:45.155708+00:00,USDJPY-STD,cobra,24433879,H1,HOLD,HOLD,NONE,0,0.2584899608667934,0,,,,,,,,,,,,,,,,0.02,0.02,158.452,158.677,158.351,158.588,,,,,,,,157.9178416570485,158.461,0.023211733174783464,,,,,,none,True,,,,,,,,,,,,,,no_pattern_at_sr
2026-03-09T08:50:45.157109+00:00,EURUSD-STD,cobra,24433879,H1,HOLD,HOLD,NONE,0,0.002514088624900366,0,,,,,,,,,,,,,,,,0.00014,0.00014,1.15631,1.15647,1.15148,1.15261,,,,,,,,1.1579191142632428,1.1566333333333334,0.14451890428003195,,,,,,none,True,,,,,,,,,,,,,,no_pattern_at_sr
2026-03-09T08:50:45.158492+00:00,XAUUSD-STD,cobra,24433879,H1,HOLD,HOLD,NONE,0,36.421282724649274,0,,,,,,,,,,,,,,,,0.25,0.25,5099.01,5110.77,5087.23,5097.37,,,,,,,,5121.001688773695,5099.6849999999995,0.021827896782479917,,,,,,none,True,,,,,,,,,,,,,,no_pattern_at_sr
2026-03-09T08:51:45.501254+00:00,BTCUSD,cobra,24433879,H1,HOLD,HOLD,NONE,0,629.6609197203554,0,,,,,,,,,,,,,,,,17.04,17.04,67538.94,67873.55,67372.41,67830.05,,,,,,,,67529.32290862812,67576.25625,0.0592958032342063,,,,,,none,True,,,,,,,,,,,,,,no_pattern_at_sr
2026-03-09T08:51:45.502767+00:00,USDJPY-STD,cobra,24433879,H1,HOLD,HOLD,NONE,0,0.2584899608667934,0,,,,,,,,,,,,,,,,0.019,0.019,158.452,158.677,158.351,158.605,,,,,,,,157.9178416570485,158.461,0.023211733174783464,,,,,,none,True,,,,,,,,,,,,,,no_pattern_at_sr
2026-03-09T08:51:45.504215+00:00,EURUSD-STD,cobra,24433879,H1,HOLD,HOLD,NONE,0,0.002514088624900366,0,,,,,,,,,,,,,,,,0.00014,0.00014,1.15631,1.15647,1.15148,1.15261,,,,,,,,1.1579191142632428,1.1566333333333334,0.14451890428003195,,,,,,none,True,,,,,,,,,,,,,,no_pattern_at_sr
2026-03-09T08:51:45.505514+00:00,XAUUSD-STD,cobra,24433879,H1,HOLD,HOLD,NONE,0,36.421282724649274,0,,,,,,,,,,,,,,,,0.22,0.22,5099.01,5110.77,5087.23,5099.68,,,,,,,,5121.001688773695,5099.6849999999995,0.021827896782479917,,,,,,none,True,,,,,,,,,,,,,,no_pattern_at_sr
2026-03-09T08:52:45.854944+00:00,BTCUSD,cobra,24433879,H1,HOLD,HOLD,NONE,0,630.2237768632118,0,,,,,,,,,,,,,,,,17.06,17.06,67538.94,67881.43,67372.41,67867.98,,,,,,,,67529.32290862812,67576.25625,0.05924284574891767,,,,,,none,True,,,,,,,,,,,,,,no_pattern_at_sr
2026-03-09T08:52:45.856608+00:00,USDJPY-STD,cobra,24433879,H1,HOLD,HOLD,NONE,0,0.2584899608667934,0,,,,,,,,,,,,,,,,0.019,0.019,158.452,158.677,158.351,158.618,,,,,,,,157.9178416570485,158.461,0.023211733174783464,,,,,,none,True,,,,,,,,,,,,,,no_pattern_at_sr
2026-03-09T08:52:45.858269+00:00,EURUSD-STD,cobra,24433879,H1,HOLD,HOLD,NONE,0,0.002514088624900366,0,,,,,,,,,,,,,,,,0.00014,0.00014,1.15631,1.15647,1.15148,1.15263,,,,,,,,1.1579191142632428,1.1566333333333334,0.14451890428003195,,,,,,none,True,,,,,,,,,,,,,,no_pattern_at_sr
2026-03-09T08:52:45.860232+00:00,XAUUSD-STD,cobra,24433879,H1,HOLD,HOLD,NONE,0,36.421282724649274,0,,,,,,,,,,,,,,,,0.23,0.23,5099.01,5110.77,5087.23,5099.49,,,,,,,,5121.001688773695,5099.6849999999995,0.021827896782479917,,,,,,none,True,,,,,,,,,,,,,,no_pattern_at_sr
2026-03-09T08:53:46.218928+00:00,BTCUSD,cobra,24433879,H1,HOLD,HOLD,NONE,0,632.0980625774979,0,,,,,,,,,,,,,,,,17.11,17.11,67538.94,67907.67,67372.41,67896.34,,,,,,,,67529.32290862812,67576.25625,0.059067179936863015,,,,,,none,True,,,,,,,,,,,,,,no_pattern_at_sr
2026-03-09T08:53:46.220488+00:00,USDJPY-STD,cobra,24433879,H1,HOLD,HOLD,NONE,0,0.2584899608667934,0,,,,,,,,,,,,,,,,0.019,0.019,158.452,158.677,158.351,158.643,,,,,,,,157.9178416570485,158.461,0.023211733174783464,,,,,,none,True,,,,,,,,,,,,,,no_pattern_at_sr
2026-03-09T08:53:46.221860+00:00,EURUSD-STD,cobra,24433879,H1,HOLD,HOLD,NONE,0,0.002514088624900366,0,,,,,,,,,,,,,,,,0.00014,0.00014,1.15631,1.15647,1.15148,1.15216,,,,,,,,1.1579191142632428,1.1566333333333334,0.14451890428003195,,,,,,none,True,,,,,,,,,,,,,,no_pattern_at_sr
2026-03-09T08:53:46.223278+00:00,XAUUSD-STD,cobra,24433879,H1,HOLD,HOLD,NONE,0,36.421282724649274,0,,,,,,,,,,,,,,,,0.21,0.21,5099.01,5110.77,5087.23,5096.0,,,,,,,,5121.001688773695,5099.6849999999995,0.021827896782479917,,,,,,none,True,,,,,,,,,,,,,,no_pattern_at_sr
2026-03-09T08:54:46.564229+00:00,BTCUSD,cobra,24433879,H1,HOLD,HOLD,NONE,0,632.6916340060692,0,,,,,,,,,,,,,,,,16.98,16.98,67538.94,67915.98,67372.41,67914.0,,,,,,,,67529.32290862812,67576.25625,0.05901176496297628,,,,,,none,True,,,,,,,,,,,,,,no_pattern_at_sr
2026-03-09T08:54:46.565933+00:00,USDJPY-STD,cobra,24433879,H1,HOLD,HOLD,NONE,0,0.2584899608667934,0,,,,,,,,,,,,,,,,0.019,0.019,158.452,158.677,158.351,158.602,,,,,,,,157.9178416570485,158.461,0.023211733174783464,,,,,,none,True,,,,,,,,,,,,,,no_pattern_at_sr
2026-03-09T08:54:46.567365+00:00,EURUSD-STD,cobra,24433879,H1,HOLD,HOLD,NONE,0,0.002514088624900366,0,,,,,,,,,,,,,,,,0.00013,0.00013,1.15631,1.15647,1.15148,1.15282,,,,,,,,1.1579191142632428,1.1566333333333334,0.14451890428003195,,,,,,none,True,,,,,,,,,,,,,,no_pattern_at_sr
2026-03-09T08:54:46.568909+00:00,XAUUSD-STD,cobra,24433879,H1,HOLD,HOLD,NONE,0,36.421282724649274,0,,,,,,,,,,,,,,,,0.2,0.2,5099.01,5110.77,5087.23,5098.46,,,,,,,,5121.001688773695,5099.6849999999995,0.021827896782479917,,,,,,none,True,,,,,,,,,,,,,,no_pattern_at_sr
2026-03-09T08:55:46.920294+00:00,BTCUSD,cobra,24433879,H1,HOLD,HOLD,NONE,0,632.6916340060692,0,,,,,,,,,,,,,,,,16.97,16.97,67538.94,67915.98,67372.41,67835.7,,,,,,,,67529.32290862812,67576.25625,0.05901176496297628,,,,,,none,True,,,,,,,,,,,,,,no_pattern_at_sr
2026-03-09T08:55:46.921928+00:00,USDJPY-STD,cobra,24433879,H1,HOLD,HOLD,NONE,0,0.2584899608667934,0,,,,,,,,,,,,,,,,0.018,0.018,158.452,158.677,158.351,158.621,,,,,,,,157.9178416570485,158.461,0.023211733174783464,,,,,,none,True,,,,,,,,,,,,,,no_pattern_at_sr
2026-03-09T08:55:46.923669+00:00,EURUSD-STD,cobra,24433879,H1,HOLD,HOLD,NONE,0,0.002514088624900366,0,,,,,,,,,,,,,,,,0.00014,0.00014,1.15631,1.15647,1.15148,1.15234,,,,,,,,1.1579191142632428,1.1566333333333334,0.14451890428003195,,,,,,none,True,,,,,,,,,,,,,,no_pattern_at_sr
2026-03-09T08:55:46.925525+00:00,XAUUSD-STD,cobra,24433879,H1,HOLD,HOLD,NONE,0,36.421282724649274,0,,,,,,,,,,,,,,,,0.23,0.23,5099.01,5110.77,5087.23,5096.23,,,,,,,,5121.001688773695,5099.6849999999995,0.021827896782479917,,,,,,none,True,,,,,,,,,,,,,,no_pattern_at_sr
2026-03-09T08:56:47.277043+00:00,BTCUSD,cobra,24433879,H1,HOLD,HOLD,NONE,0,632.6916340060692,0,,,,,,,,,,,,,,,,17.05,17.05,67538.94,67915.98,67372.41,67861.46,,,,,,,,67529.32290862812,67576.25625,0.05901176496297628,,,,,,none,True,,,,,,,,,,,,,,no_pattern_at_sr
2026-03-09T08:56:47.278520+00:00,USDJPY-STD,cobra,24433879,H1,HOLD,HOLD,NONE,0,0.2584899608667934,0,,,,,,,,,,,,,,,,0.018,0.018,158.452,158.677,158.351,158.628,,,,,,,,157.9178416570485,158.461,0.023211733174783464,,,,,,none,True,,,,,,,,,,,,,,no_pattern_at_sr
2026-03-09T08:56:47.279857+00:00,EURUSD-STD,cobra,24433879,H1,HOLD,HOLD,NONE,0,0.002514088624900366,0,,,,,,,,,,,,,,,,0.00014,0.00014,1.15631,1.15647,1.15148,1.15288,,,,,,,,1.1579191142632428,1.1566333333333334,0.14451890428003195,,,,,,none,True,,,,,,,,,,,,,,no_pattern_at_sr
2026-03-09T08:56:47.281165+00:00,XAUUSD-STD,cobra,24433879,H1,HOLD,HOLD,NONE,0,36.421282724649274,0,,,,,,,,,,,,,,,,0.25,0.25,5099.01,5110.77,5087.23,5094.79,,,,,,,,5121.001688773695,5099.6849999999995,0.021827896782479917,,,,,,none,True,,,,,,,,,,,,,,no_pattern_at_sr
2026-03-09T08:57:47.643271+00:00,BTCUSD,cobra,24433879,H1,HOLD,HOLD,NONE,0,632.6916340060692,0,,,,,,,,,,,,,,,,17.1,17.1,67538.94,67915.98,67372.41,67824.38,,,,,,,,67529.32290862812,67576.25625,0.05901176496297628,,,,,,none,True,,,,,,,,,,,,,,no_pattern_at_sr
2026-03-09T08:57:47.645459+00:00,USDJPY-STD,cobra,24433879,H1,HOLD,HOLD,NONE,0,0.2584899608667934,0,,,,,,,,,,,,,,,,0.019,0.019,158.452,158.677,158.351,158.645,,,,,,,,157.9178416570485,158.461,0.023211733174783464,,,,,,none,True,,,,,,,,,,,,,,no_pattern_at_sr
2026-03-09T08:57:47.647495+00:00,EURUSD-STD,cobra,24433879,H1,HOLD,HOLD,NONE,0,0.002514088624900366,0,,,,,,,,,,,,,,,,0.00014,0.00014,1.15631,1.15647,1.15148,1.15295,,,,,,,,1.1579191142632428,1.1566333333333334,0.14451890428003195,,,,,,none,True,,,,,,,,,,,,,,no_pattern_at_sr
2026-03-09T08:57:47.649347+00:00,XAUUSD-STD,cobra,24433879,H1,HOLD,HOLD,NONE,0,36.421282724649274,0,,,,,,,,,,,,,,,,0.2,0.2,5099.01,5110.77,5087.23,5095.11,,,,,,,,5121.001688773695,5099.6849999999995,0.021827896782479917,,,,,,none,True,,,,,,,,,,,,,,no_pattern_at_sr
2026-03-09T08:58:48.029371+00:00,BTCUSD,cobra,24433879,H1,HOLD,HOLD,NONE,0,632.6916340060692,0,,,,,,,,,,,,,,,,17.06,17.06,67538.94,67915.98,67372.41,67813.02,,,,,,,,67529.32290862812,67576.25625,0.05901176496297628,,,,,,none,True,,,,,,,,,,,,,,no_pattern_at_sr
2026-03-09T08:58:48.030614+00:00,USDJPY-STD,cobra,24433879,H1,HOLD,HOLD,NONE,0,0.2584899608667934,0,,,,,,,,,,,,,,,,0.019,0.019,158.452,158.677,158.351,158.654,,,,,,,,157.9178416570485,158.461,0.023211733174783464,,,,,,none,True,,,,,,,,,,,,,,no_pattern_at_sr
2026-03-09T08:58:48.031949+00:00,EURUSD-STD,cobra,24433879,H1,HOLD,HOLD,NONE,0,0.002514088624900366,0,,,,,,,,,,,,,,,,0.00014,0.00014,1.15631,1.15647,1.15148,1.15314,,,,,,,,1.1579191142632428,1.1566333333333334,0.14451890428003195,,,,,,none,True,,,,,,,,,,,,,,no_pattern_at_sr
2026-03-09T08:58:48.033439+00:00,XAUUSD-STD,cobra,24433879,H1,HOLD,HOLD,NONE,0,36.421282724649274,0,,,,,,,,,,,,,,,,0.26,0.26,5099.01,5110.77,5087.23,5097.36,,,,,,,,5121.001688773695,5099.6849999999995,0.021827896782479917,,,,,,none,True,,,,,,,,,,,,,,no_pattern_at_sr
2026-03-09T09:00:52.001266+00:00,BTCUSD,cobra,24433879,H1,HOLD,HOLD,NONE,0,589.16006926005,0,,,,,,,,,,,,,,,,17.07,17.07,67805.32,67823.65,67800.4,67801.04,,,,,,,,67539.87379925285,67674.94399999999,0.21969581231562413,,,,,,none,True,,,,,,,,,,,,,,no_pattern_at_sr
2026-03-09T09:00:52.015648+00:00,USDJPY-STD,cobra,24433879,H1,BUY,BUY,ENGULFING,0.75,0.24152635926282162,0,,,,,,,,,,,,,,,,0.02,0.02,158.627,158.641,158.62,158.628,,,,,,,,157.94577804746663,,,BULLISH_ENGULF,,,0.7245585969752548,,BULLISH_ENGULF,False,,,,,,,,,,,,,,
2026-03-09T09:00:53.108770+00:00,USDJPY-STD,cobra,24433879,H1,BUY_EXECUTED,BUY_EXECUTED,ENGULFING,0.75,0.24152635926282162,1,158.647,158.28471046110576,,159.55272384723557,,0.01,670954,,,,,,,91.85,152.05,0.019,0.019,158.627,158.641,158.62,158.628,,,,,,,,157.94577804746663,,,BULLISH_ENGULF,,,0.7245585969752548,,,,,,,,,,,,,,,,,
2026-03-09T09:00:53.503112+00:00,EURUSD-STD,cobra,24433879,H1,SELL,SELL,ENGULFING,0.75,0.0023502251733523126,0,,,,,,,,,,,,,,,,0.00013,0.00013,1.15341,1.15363,1.15341,1.1535,,,,,,,,1.1577421920816016,,,BEARISH_ENGULF,,,1.233924320478366,,BEARISH_ENGULF,False,,,,,,,,,,,,,,
2026-03-09T09:00:54.486870+00:00,EURUSD-STD,cobra,24433879,H1,SELL_EXECUTED,SELL_EXECUTED,ENGULFING,0.75,0.0023502251733523126,1,1.15349,1.1570153377600283,,1.144676655599929,,0.01,670956,,,,,,,91.85,151.81,0.00014,0.00014,1.15341,1.15363,1.15341,1.1535,,,,,,,,1.1577421920816016,,,BEARISH_ENGULF,,,1.233924320478366,,,,,,,,,,,,,,,,,
2026-03-09T09:00:54.884707+00:00,XAUUSD-STD,cobra,24433879,H1,HOLD,HOLD,NONE,0,34.02762010924621,0,,,,,,,,,,,,,,,,0.22,0.22,5096.55,5098.18,5095.27,5096.67,,,,,,,,5120.042730334364,5101.902,0.15640235734717128,,,,,,none,True,,,,,,,,,,,,,,no_pattern_at_sr
2026-03-09T09:00:54.885086+00:00,USOUSD-STD,cobra,24433879,H1,OUTSIDE_HOURS,OUTSIDE_HOURS,NONE,0,4.100861840391064,0,,,,,,,,,,,,,,,,0.032,0.032,103.138,103.488,103.013,103.473,,,,,,,,,,,,,,,,,,,,,,,,,,,,,,,
2026-03-09T09:01:55.277872+00:00,BTCUSD,cobra,24433879,H1,HOLD,HOLD,NONE,0,591.9250692600494,0,,,,,,,,,,,,,,,,16.96,16.96,67805.32,67823.65,67761.69,67805.97,,,,,,,,67539.87379925285,67674.94399999999,0.21866956937948367,,,,,,none,True,,,,,,,,,,,,,,no_pattern_at_sr
2026-03-09T09:01:55.293092+00:00,XAUUSD-STD,cobra,24433879,H1,HOLD,HOLD,NONE,0,34.17833439496047,0,,,,,,,,,,,,,,,,0.23,0.23,5096.55,5100.29,5095.27,5100.26,,,,,,,,5120.042730334364,5101.902,0.15571267863728416,,,,,,none,True,,,,,,,,,,,,,,no_pattern_at_sr
2026-03-09T09:02:55.681289+00:00,BTCUSD,cobra,24433879,H1,HOLD,HOLD,NONE,0,591.9250692600494,0,,,,,,,,,,,,,,,,16.95,16.95,67805.32,67823.65,67761.69,67777.55,,,,,,,,67539.87379925285,67674.94399999999,0.21866956937948367,,,,,,none,True,,,,,,,,,,,,,,no_pattern_at_sr
2026-03-09T09:02:55.695292+00:00,XAUUSD-STD,cobra,24433879,H1,HOLD,HOLD,NONE,0,34.46619153781759,0,,,,,,,,,,,,,,,,0.25,0.25,5096.55,5104.32,5095.27,5102.08,,,,,,,,5120.042730334364,5101.902,0.15441218662527942,,,,,,none,True,,,,,,,,,,,,,,no_pattern_at_sr
2026-03-09T09:03:56.062560+00:00,BTCUSD,cobra,24433879,H1,HOLD,HOLD,NONE,0,593.6857835457644,0,,,,,,,,,,,,,,,,17.07,17.07,67805.32,67823.65,67737.04,67772.34,,,,,,,,67539.87379925285,67674.94399999999,0.2180210535394073,,,,,,none,True,,,,,,,,,,,,,,no_pattern_at_sr
2026-03-09T09:03:56.077106+00:00,XAUUSD-STD,cobra,24433879,H1,HOLD,HOLD,NONE,0,34.46619153781759,0,,,,,,,,,,,,,,,,0.19,0.19,5096.55,5104.32,5095.27,5099.24,,,,,,,,5120.042730334364,5101.902,0.15441218662527942,,,,,,none,True,,,,,,,,,,,,,,no_pattern_at_sr
2026-03-09T09:04:56.454250+00:00,BTCUSD,cobra,24433879,H1,HOLD,HOLD,NONE,0,593.6857835457644,0,,,,,,,,,,,,,,,,17.11,17.11,67805.32,67823.65,67737.04,67749.12,,,,,,,,67539.87379925285,67674.94399999999,0.2180210535394073,,,,,,none,True,,,,,,,,,,,,,,no_pattern_at_sr
2026-03-09T09:04:56.471939+00:00,XAUUSD-STD,cobra,24433879,H1,HOLD,HOLD,NONE,0,34.46619153781759,0,,,,,,,,,,,,,,,,0.22,0.22,5096.55,5104.32,5095.27,5097.11,,,,,,,,5120.042730334364,5101.902,0.15441218662527942,,,,,,none,True,,,,,,,,,,,,,,no_pattern_at_sr
2026-03-09T09:05:56.851309+00:00,BTCUSD,cobra,24433879,H1,HOLD,HOLD,NONE,0,597.4943549743352,0,,,,,,,,,,,,,,,,17.01,17.01,67805.32,67823.65,67683.72,67719.21,,,,,,,,67539.87379925285,67674.94399999999,0.21663133537985618,,,,,,none,True,,,,,,,,,,,,,,no_pattern_at_sr
2026-03-09T09:05:56.866894+00:00,XAUUSD-STD,cobra,24433879,H1,HOLD,HOLD,NONE,0,34.477620109246224,0,,,,,,,,,,,,,,,,0.21,0.21,5096.55,5104.32,5095.11,5100.01,,,,,,,,5120.042730334364,5101.902,0.15436100238754183,,,,,,none,True,,,,,,,,,,,,,,no_pattern_at_sr
2026-03-09T09:06:57.235166+00:00,BTCUSD,cobra,24433879,H1,HOLD,HOLD,NONE,0,605.3800692600491,0,,,,,,,,,,,,,,,,16.98,16.98,67805.32,67823.65,67573.32,67577.48,,,,,,,,67539.87379925285,67674.94399999999,0.21380948361617616,,,,,,none,True,,,,,,,,,,,,,,no_pattern_at_sr
2026-03-09T09:06:57.251862+00:00,XAUUSD-STD,cobra,24433879,H1,HOLD,HOLD,NONE,0,34.477620109246224,0,,,,,,,,,,,,,,,,0.2,0.2,5096.55,5104.32,5095.11,5102.06,,,,,,,,5120.042730334364,5101.902,0.15436100238754183,,,,,,none,True,,,,,,,,,,,,,,no_pattern_at_sr
2026-03-09T09:07:57.629618+00:00,BTCUSD,cobra,24433879,H1,HOLD,HOLD,NONE,0,606.3700692600491,0,,,,,,,,,,,,,,,,17.03,17.03,67805.32,67823.65,67559.46,67595.99,,,,,,,,67539.87379925285,67674.94399999999,0.2134604040696901,,,,,,none,True,,,,,,,,,,,,,,no_pattern_at_sr
2026-03-09T09:07:57.645283+00:00,XAUUSD-STD,cobra,24433879,H1,HOLD,HOLD,NONE,0,34.616191537817684,0,,,,,,,,,,,,,,,,0.23,0.23,5096.55,5106.26,5095.11,5103.65,,,,,,,,5120.042730334364,5101.902,0.1537430827474452,,,,,,none,True,,,,,,,,,,,,,,no_pattern_at_sr
2026-03-09T09:08:58.026246+00:00,BTCUSD,cobra,24433879,H1,HOLD,HOLD,NONE,0,606.3700692600491,0,,,,,,,,,,,,,,,,16.99,16.99,67805.32,67823.65,67559.46,67657.77,,,,,,,,67539.87379925285,67674.94399999999,0.2134604040696901,,,,,,none,True,,,,,,,,,,,,,,no_pattern_at_sr
2026-03-09T09:08:58.041795+00:00,XAUUSD-STD,cobra,24433879,H1,HOLD,HOLD,NONE,0,34.75190582353195,0,,,,,,,,,,,,,,,,0.23,0.23,5096.55,5108.16,5095.11,5108.09,,,,,,,,5120.042730334364,5101.902,0.15314268020363853,,,,,,none,True,,,,,,,,,,,,,,no_pattern_at_sr
2026-03-09T09:09:58.442090+00:00,BTCUSD,cobra,24433879,H1,HOLD,HOLD,NONE,0,606.3700692600491,0,,,,,,,,,,,,,,,,17.05,17.05,67805.32,67823.65,67559.46,67642.85,,,,,,,,67539.87379925285,67674.94399999999,0.2134604040696901,,,,,,none,True,,,,,,,,,,,,,,no_pattern_at_sr
2026-03-09T09:09:58.457630+00:00,XAUUSD-STD,cobra,24433879,H1,HOLD,HOLD,NONE,0,34.99190582353199,0,,,,,,,,,,,,,,,,0.26,0.26,5096.55,5111.52,5095.11,5109.08,,,,,,,,5120.042730334364,5099.6849999999995,0.08873480671954304,,,,,,none,True,,,,,,,,,,,,,,no_pattern_at_sr
2026-03-09T09:10:58.867213+00:00,BTCUSD,cobra,24433879,H1,HOLD,HOLD,NONE,0,606.3700692600491,0,,,,,,,,,,,,,,,,16.97,16.97,67805.32,67823.65,67559.46,67607.6,,,,,,,,67539.87379925285,67674.94399999999,0.2134604040696901,,,,,,none,True,,,,,,,,,,,,,,no_pattern_at_sr
2026-03-09T09:10:58.883823+00:00,XAUUSD-STD,cobra,24433879,H1,HOLD,HOLD,NONE,0,35.07619153781766,0,,,,,,,,,,,,,,,,0.2,0.2,5096.55,5112.7,5095.11,5111.49,,,,,,,,5120.042730334364,5099.6849999999995,0.08852158298462605,,,,,,none,True,,,,,,,,,,,,,,no_pattern_at_sr
2026-03-09T09:10:58.884383+00:00,USOUSD-STD,cobra,24433879,H1,OUTSIDE_HOURS,OUTSIDE_HOURS,NONE,0,4.164790411819635,0,,,,,,,,,,,,,,,,0.032,0.032,103.138,104.383,103.013,104.213,,,,,,,,,,,,,,,,,,,,,,,,,,,,,,,
2026-03-09T09:11:59.261001+00:00,BTCUSD,cobra,24433879,H1,HOLD,HOLD,NONE,0,606.3700692600491,0,,,,,,,,,,,,,,,,17.03,17.03,67805.32,67823.65,67559.46,67646.17,,,,,,,,67539.87379925285,67674.94399999999,0.2134604040696901,,,,,,none,True,,,,,,,,,,,,,,no_pattern_at_sr
2026-03-09T09:11:59.279052+00:00,XAUUSD-STD,cobra,24433879,H1,HOLD,HOLD,NONE,0,35.16047725210339,0,,,,,,,,,,,,,,,,0.21,0.21,5096.55,5113.88,5095.11,5112.7,,,,,,,,5120.042730334364,5099.6849999999995,0.08830938151767591,,,,,,none,True,,,,,,,,,,,,,,no_pattern_at_sr
2026-03-09T09:12:59.658946+00:00,BTCUSD,cobra,24433879,H1,HOLD,HOLD,NONE,0,606.3700692600491,0,,,,,,,,,,,,,,,,16.98,16.98,67805.32,67823.65,67559.46,67717.75,,,,,,,,67539.87379925285,67674.94399999999,0.2134604040696901,,,,,,none,True,,,,,,,,,,,,,,no_pattern_at_sr
2026-03-09T09:12:59.673362+00:00,XAUUSD-STD,cobra,24433879,H1,HOLD,HOLD,NONE,0,35.34762010924624,0,,,,,,,,,,,,,,,,0.25,0.25,5096.55,5116.5,5095.11,5115.65,,,,,,,,5120.042730334364,5099.6849999999995,0.08784184028240578,,,,,,none,True,,,,,,,,,,,,,,no_pattern_at_sr
2026-03-09T09:14:00.078081+00:00,BTCUSD,cobra,24433879,H1,HOLD,HOLD,NONE,0,606.3700692600491,0,,,,,,,,,,,,,,,,17.02,17.02,67805.32,67823.65,67559.46,67733.3,,,,,,,,67539.87379925285,67674.94399999999,0.2134604040696901,,,,,,none,True,,,,,,,,,,,,,,no_pattern_at_sr
2026-03-09T09:14:00.092302+00:00,XAUUSD-STD,cobra,24433879,H1,HOLD,HOLD,NONE,0,35.36833439496053,0,,,,,,,,,,,,,,,,0.26,0.26,5096.55,5116.79,5095.11,5111.65,,,,,,,,5120.042730334364,5099.6849999999995,0.08779039367038954,,,,,,none,True,,,,,,,,,,,,,,no_pattern_at_sr
2026-03-09T09:15:00.446005+00:00,BTCUSD,cobra,24433879,H1,HOLD,HOLD,NONE,0,606.3700692600491,0,,,,,,,,,,,,,,,,16.96,16.96,67805.32,67823.65,67559.46,67816.92,,,,,,,,67539.87379925285,67674.94399999999,0.2134604040696901,,,,,,none,True,,,,,,,,,,,,,,no_pattern_at_sr
2026-03-09T09:15:00.460209+00:00,XAUUSD-STD,cobra,24433879,H1,HOLD,HOLD,NONE,0,35.36833439496053,0,,,,,,,,,,,,,,,,0.22,0.22,5096.55,5116.79,5095.11,5113.2,,,,,,,,5120.042730334364,5099.6849999999995,0.08779039367038954,,,,,,none,True,,,,,,,,,,,,,,no_pattern_at_sr
2026-03-09T09:16:00.829880+00:00,BTCUSD,cobra,24433879,H1,HOLD,HOLD,NONE,0,608.7407835457636,0,,,,,,,,,,,,,,,,17.11,17.11,67805.32,67856.84,67559.46,67856.84,,,,,,,,67539.87379925285,67674.94399999999,0.21262909188716347,,,,,,none,True,,,,,,,,,,,,,,no_pattern_at_sr
2026-03-09T09:16:00.844827+00:00,XAUUSD-STD,cobra,24433879,H1,HOLD,HOLD,NONE,0,35.416191537817674,0,,,,,,,,,,,,,,,,0.22,0.22,5096.55,5117.46,5095.11,5117.22,,,,,,,,5120.042730334364,5099.6849999999995,0.0876717643873148,,,,,,none,True,,,,,,,,,,,,,,no_pattern_at_sr
2026-03-09T09:17:01.216328+00:00,BTCUSD,cobra,24433879,H1,HOLD,HOLD,NONE,0,613.8372121171926,0,,,,,,,,,,,,,,,,17.01,17.01,67805.32,67928.19,67559.46,67839.56,,,,,,,,67539.87379925285,67674.94399999999,0.21086372322325808,,,,,,none,True,,,,,,,,,,,,,,no_pattern_at_sr
2026-03-09T09:17:01.231357+00:00,XAUUSD-STD,cobra,24433879,H1,HOLD,HOLD,NONE,0,35.55690582353198,0,,,,,,,,,,,,,,,,0.23,0.23,5096.55,5119.43,5095.11,5118.35,,,,,,,,5120.042730334364,5099.6849999999995,0.0873248087280035,,,,,,none,True,,,,,,,,,,,,,,no_pattern_at_sr
2026-03-09T09:18:01.589946+00:00,BTCUSD,cobra,24433879,H1,HOLD,HOLD,NONE,0,615.2107835457638,0,,,,,,,,,,,,,,,,17.03,17.03,67805.32,67947.42,67559.46,67911.23,,,,,,,,67539.87379925285,67674.94399999999,0.21039293110893217,,,,,,none,True,,,,,,,,,,,,,,no_pattern_at_sr
2026-03-09T09:18:01.605292+00:00,XAUUSD-STD,cobra,24433879,H1,HOLD,HOLD,NONE,0,35.55690582353198,0,,,,,,,,,,,,,,,,0.21,0.21,5096.55,5119.43,5095.11,5116.87,,,,,,,,5120.042730334364,5099.6849999999995,0.0873248087280035,,,,,,none,True,,,,,,,,,,,,,,no_pattern_at_sr
2026-03-09T09:19:01.964814+00:00,BTCUSD,cobra,24433879,H1,HOLD,HOLD,NONE,0,615.2107835457638,0,,,,,,,,,,,,,,,,16.99,16.99,67805.32,67947.42,67559.46,67900.74,,,,,,,,67539.87379925285,67674.94399999999,0.21039293110893217,,,,,,none,True,,,,,,,,,,,,,,no_pattern_at_sr
2026-03-09T09:19:01.979578+00:00,XAUUSD-STD,cobra,24433879,H1,HOLD,HOLD,NONE,0,35.55690582353198,0,,,,,,,,,,,,,,,,0.26,0.26,5096.55,5119.43,5095.11,5117.49,,,,,,,,5120.042730334364,5099.6849999999995,0.0873248087280035,,,,,,none,True,,,,,,,,,,,,,,no_pattern_at_sr
2026-03-09T09:20:02.340742+00:00,BTCUSD,cobra,24433879,H1,HOLD,HOLD,NONE,0,615.2107835457638,0,,,,,,,,,,,,,,,,17.07,17.07,67805.32,67947.42,67559.46,67807.99,,,,,,,,67539.87379925285,67674.94399999999,0.21039293110893217,,,,,,none,True,,,,,,,,,,,,,,no_pattern_at_sr
2026-03-09T09:20:02.356334+00:00,XAUUSD-STD,cobra,24433879,H1,HOLD,HOLD,NONE,0,35.55690582353198,0,,,,,,,,,,,,,,,,0.2,0.2,5096.55,5119.43,5095.11,5117.16,,,,,,,,5120.042730334364,5099.6849999999995,0.0873248087280035,,,,,,none,True,,,,,,,,,,,,,,no_pattern_at_sr
2026-03-09T09:21:02.732803+00:00,BTCUSD,cobra,24433879,H1,HOLD,HOLD,NONE,0,615.2107835457638,0,,,,,,,,,,,,,,,,17.03,17.03,67805.32,67947.42,67559.46,67847.18,,,,,,,,67539.87379925285,67674.94399999999,0.21039293110893217,,,,,,none,True,,,,,,,,,,,,,,no_pattern_at_sr
2026-03-09T09:21:02.748109+00:00,XAUUSD-STD,cobra,24433879,H1,HOLD,HOLD,NONE,0,35.55690582353198,0,,,,,,,,,,,,,,,,0.2,0.2,5096.55,5119.43,5095.11,5116.47,,,,,,,,5120.042730334364,5099.6849999999995,0.0873248087280035,,,,,,none,True,,,,,,,,,,,,,,no_pattern_at_sr
2026-03-09T09:21:02.748493+00:00,USOUSD-STD,cobra,24433879,H1,OUTSIDE_HOURS,OUTSIDE_HOURS,NONE,0,4.245504697533922,0,,,,,,,,,,,,,,,,0.032,0.032,103.138,104.833,102.333,102.443,,,,,,,,,,,,,,,,,,,,,,,,,,,,,,,
2026-03-09T09:22:03.143636+00:00,BTCUSD,cobra,24433879,H1,HOLD,HOLD,NONE,0,615.2107835457638,0,,,,,,,,,,,,,,,,17.03,17.03,67805.32,67947.42,67559.46,67886.83,,,,,,,,67539.87379925285,67674.94399999999,0.21039293110893217,,,,,,none,True,,,,,,,,,,,,,,no_pattern_at_sr
2026-03-09T09:22:03.158105+00:00,XAUUSD-STD,cobra,24433879,H1,HOLD,HOLD,NONE,0,35.67262010924625,0,,,,,,,,,,,,,,,,0.26,0.26,5096.55,5121.05,5095.11,5120.78,,,,,,,,5120.042730334364,5099.6849999999995,0.08704154588282556,,,,,,none,True,,,,,,,,,,,,,,no_pattern_at_sr
2026-03-09T09:23:03.530155+00:00,BTCUSD,cobra,24433879,H1,HOLD,HOLD,NONE,0,615.2107835457638,0,,,,,,,,,,,,,,,,17.07,17.07,67805.32,67947.42,67559.46,67890.72,,,,,,,,67539.87379925285,67674.94399999999,0.21039293110893217,,,,,,none,True,,,,,,,,,,,,,,no_pattern_at_sr
2026-03-09T09:23:03.546309+00:00,XAUUSD-STD,cobra,24433879,H1,HOLD,HOLD,NONE,0,35.78190582353195,0,,,,,,,,,,,,,,,,0.21,0.21,5096.55,5122.58,5095.11,5119.29,,,,,,,,5120.042730334364,5099.6849999999995,0.08677570209123858,,,,,,none,True,,,,,,,,,,,,,,no_pattern_at_sr
2026-03-09T09:24:04.126960+00:00,BTCUSD,cobra,24433879,H1,HOLD,HOLD,NONE,0,615.2107835457638,0,,,,,,,,,,,,,,,,17.03,17.03,67805.32,67947.42,67559.46,67936.58,,,,,,,,67539.87379925285,67674.94399999999,0.21039293110893217,,,,,,none,True,,,,,,,,,,,,,,no_pattern_at_sr
2026-03-09T09:24:04.141886+00:00,XAUUSD-STD,cobra,24433879,H1,HOLD,HOLD,NONE,0,35.78190582353195,0,,,,,,,,,,,,,,,,0.26,0.26,5096.55,5122.58,5095.11,5119.24,,,,,,,,5120.042730334364,5099.6849999999995,0.08677570209123858,,,,,,none,True,,,,,,,,,,,,,,no_pattern_at_sr
2026-03-09T09:25:04.522759+00:00,BTCUSD,cobra,24433879,H1,HOLD,HOLD,NONE,0,617.977212117192,0,,,,,,,,,,,,,,,,17.11,17.11,67805.32,67986.15,67559.46,67958.14,,,,,,,,67539.87379925285,67674.94399999999,0.2094510889108158,,,,,,none,True,,,,,,,,,,,,,,no_pattern_at_sr
2026-03-09T09:25:04.538023+00:00,XAUUSD-STD,cobra,24433879,H1,HOLD,HOLD,NONE,0,35.78190582353195,0,,,,,,,,,,,,,,,,0.26,0.26,5096.55,5122.58,5095.11,5119.11,,,,,,,,5120.042730334364,5099.6849999999995,0.08677570209123858,,,,,,none,True,,,,,,,,,,,,,,no_pattern_at_sr
2026-03-09T09:26:04.946575+00:00,BTCUSD,cobra,24433879,H1,HOLD,HOLD,NONE,0,617.977212117192,0,,,,,,,,,,,,,,,,17.04,17.04,67805.32,67986.15,67559.46,67942.0,,,,,,,,67539.87379925285,67674.94399999999,0.2094510889108158,,,,,,none,True,,,,,,,,,,,,,,no_pattern_at_sr
2026-03-09T09:26:04.961128+00:00,XAUUSD-STD,cobra,24433879,H1,HOLD,HOLD,NONE,0,35.78190582353195,0,,,,,,,,,,,,,,,,0.25,0.25,5096.55,5122.58,5095.11,5118.45,,,,,,,,5120.042730334364,5099.6849999999995,0.08677570209123858,,,,,,none,True,,,,,,,,,,,,,,no_pattern_at_sr
2026-03-09T09:27:05.348075+00:00,BTCUSD,cobra,24433879,H1,HOLD,HOLD,NONE,0,617.977926402907,0,,,,,,,,,,,,,,,,16.98,16.98,67805.32,67986.16,67559.46,67977.17,,,,,,,,67539.87379925285,67674.94399999999,0.20945084681815457,,,,,,none,True,,,,,,,,,,,,,,no_pattern_at_sr
2026-03-09T09:27:05.364107+00:00,XAUUSD-STD,cobra,24433879,H1,HOLD,HOLD,NONE,0,35.78190582353195,0,,,,,,,,,,,,,,,,0.26,0.26,5096.55,5122.58,5095.11,5121.82,,,,,,,,5120.042730334364,5099.6849999999995,0.08677570209123858,,,,,,none,True,,,,,,,,,,,,,,no_pattern_at_sr
2026-03-09T09:28:05.735593+00:00,BTCUSD,cobra,24433879,H1,HOLD,HOLD,NONE,0,621.5493549743355,0,,,,,,,,,,,,,,,,17.09,17.09,67805.32,68036.16,67559.46,68014.33,,,,,,,,67539.87379925285,67674.94399999999,0.20824734023794558,,,,,,none,True,,,,,,,,,,,,,,no_pattern_at_sr
2026-03-09T09:28:05.750332+00:00,XAUUSD-STD,cobra,24433879,H1,HOLD,HOLD,NONE,0,35.78190582353195,0,,,,,,,,,,,,,,,,0.22,0.22,5096.55,5122.58,5095.11,5121.54,,,,,,,,5120.042730334364,5099.6849999999995,0.08677570209123858,,,,,,none,True,,,,,,,,,,,,,,no_pattern_at_sr
2026-03-09T09:29:06.167363+00:00,BTCUSD,cobra,24433879,H1,HOLD,HOLD,NONE,0,621.5493549743355,0,,,,,,,,,,,,,,,,17.04,17.04,67805.32,68036.16,67559.46,68004.4,,,,,,,,67539.87379925285,67674.94399999999,0.20824734023794558,,,,,,none,True,,,,,,,,,,,,,,no_pattern_at_sr
2026-03-09T09:29:06.181769+00:00,XAUUSD-STD,cobra,24433879,H1,HOLD,HOLD,NONE,0,36.03047725210342,0,,,,,,,,,,,,,,,,0.21,0.21,5096.55,5126.06,5095.11,5125.91,,,,,,,,5120.042730334364,5099.6849999999995,0.08617704334788674,,,,,,none,True,,,,,,,,,,,,,,no_pattern_at_sr
2026-03-09T09:30:06.644649+00:00,BTCUSD,cobra,24433879,H1,HOLD,HOLD,NONE,0,621.5493549743355,0,,,,,,,,,,,,,,,,17.06,17.06,67805.32,68036.16,67559.46,67994.5,,,,,,,,67539.87379925285,67674.94399999999,0.20824734023794558,,,,,,none,True,,,,,,,,,,,,,,no_pattern_at_sr
2026-03-09T09:30:06.661155+00:00,XAUUSD-STD,cobra,24433879,H1,HOLD,HOLD,NONE,0,36.11190582353194,0,,,,,,,,,,,,,,,,0.23,0.23,5096.55,5127.2,5095.11,5127.15,,,,,,,,5120.042730334364,5099.6849999999995,0.08598272312662665,,,,,,none,True,,,,,,,,,,,,,,no_pattern_at_sr
2026-03-09T09:31:07.058473+00:00,BTCUSD,cobra,24433879,H1,HOLD,HOLD,NONE,0,621.5493549743355,0,,,,,,,,,,,,,,,,16.99,16.99,67805.32,68036.16,67559.46,67912.85,,,,,,,,67539.87379925285,67674.94399999999,0.20824734023794558,,,,,,none,True,,,,,,,,,,,,,,no_pattern_at_sr
2026-03-09T09:31:07.096865+00:00,XAUUSD-STD,cobra,24433879,H1,HOLD,HOLD,NONE,0,36.11190582353194,0,,,,,,,,,,,,,,,,0.22,0.22,5096.55,5127.2,5095.11,5126.52,,,,,,,,5120.042730334364,5099.6849999999995,0.08598272312662665,,,,,,none,True,,,,,,,,,,,,,,no_pattern_at_sr
2026-03-09T09:31:07.097353+00:00,USOUSD-STD,cobra,24433879,H1,OUTSIDE_HOURS,OUTSIDE_HOURS,NONE,0,4.315147554676779,0,,,,,,,,,,,,,,,,0.032,0.032,103.138,104.833,101.358,101.713,,,,,,,,,,,,,,,,,,,,,,,,,,,,,,,
2026-03-09T09:32:07.484914+00:00,BTCUSD,cobra,24433879,H1,HOLD,HOLD,NONE,0,621.5493549743355,0,,,,,,,,,,,,,,,,17.06,17.06,67805.32,68036.16,67559.46,67963.57,,,,,,,,67539.87379925285,67674.94399999999,0.20824734023794558,,,,,,none,True,,,,,,,,,,,,,,no_pattern_at_sr
2026-03-09T09:32:07.499219+00:00,XAUUSD-STD,cobra,24433879,H1,HOLD,HOLD,NONE,0,36.27762010924627,0,,,,,,,,,,,,,,,,0.26,0.26,5096.55,5129.52,5095.11,5129.34,,,,,,,,5120.042730334364,5099.6849999999995,0.08558995851021042,,,,,,none,True,,,,,,,,,,,,,,no_pattern_at_sr
2026-03-09T09:33:07.979896+00:00,BTCUSD,cobra,24433879,H1,HOLD,HOLD,NONE,0,630.1872121171922,0,,,,,,,,,,,,,,,,17.08,17.08,67805.32,68157.09,67559.46,68156.55,,,,,,,,67539.87379925285,67674.94399999999,0.20539293326051436,,,,,,none,True,,,,,,,,,,,,,,no_pattern_at_sr
2026-03-09T09:33:07.995529+00:00,XAUUSD-STD,cobra,24433879,H1,HOLD,HOLD,NONE,0,36.439048680674794,0,,,,,,,,,,,,,,,,0.23,0.23,5096.55,5131.78,5095.11,5131.18,,,,,,,,5120.042730334364,5099.6849999999995,0.08521078657155721,,,,,,none,True,,,,,,,,,,,,,,no_pattern_at_sr
2026-03-09T09:34:08.381310+00:00,BTCUSD,cobra,24433879,H1,HOLD,HOLD,NONE,0,637.6364978314786,0,,,,,,,,,,,,,,,,17.06,17.06,67805.32,68261.38,67559.46,68224.58,,,,,,,,67539.87379925285,67674.94399999999,0.20299339896667082,,,,,,none,True,,,,,,,,,,,,,,no_pattern_at_sr
2026-03-09T09:34:08.384846+00:00,XAUUSD-STD,cobra,24433879,H1,HOLD,HOLD,NONE,0,36.499762966389106,0,,,,,,,,,,,,,,,,0.26,0.26,5096.55,5132.63,5095.11,5130.68,,,,,,,,5120.042730334364,5099.6849999999995,0.08506904559514017,,,,,,none,True,,,,,,,,,,,,,,no_pattern_at_sr
2026-03-09T09:35:08.746415+00:00,BTCUSD,cobra,24433879,H1,HOLD,HOLD,NONE,0,637.6364978314786,0,,,,,,,,,,,,,,,,17.04,17.04,67805.32,68261.38,67559.46,68151.76,,,,,,,,67539.87379925285,67674.94399999999,0.20299339896667082,,,,,,none,True,,,,,,,,,,,,,,no_pattern_at_sr
2026-03-09T09:35:08.747804+00:00,XAUUSD-STD,cobra,24433879,H1,HOLD,HOLD,NONE,0,36.499762966389106,0,,,,,,,,,,,,,,,,0.29,0.29,5096.55,5132.63,5095.11,5130.39,,,,,,,,5120.042730334364,5099.6849999999995,0.08506904559514017,,,,,,none,True,,,,,,,,,,,,,,no_pattern_at_sr
2026-03-09T09:36:09.113564+00:00,BTCUSD,cobra,24433879,H1,HOLD,HOLD,NONE,0,644.996497831478,0,,,,,,,,,,,,,,,,17.03,17.03,67805.32,68364.42,67559.46,68301.7,,,,,,,,67539.87379925285,67674.94399999999,0.2006770586122385,,,,,,none,True,,,,,,,,,,,,,,no_pattern_at_sr
2026-03-09T09:36:09.115141+00:00,XAUUSD-STD,cobra,24433879,H1,HOLD,HOLD,NONE,0,36.499762966389106,0,,,,,,,,,,,,,,,,0.25,0.25,5096.55,5132.63,5095.11,5127.8,,,,,,,,5120.042730334364,5099.6849999999995,0.08506904559514017,,,,,,none,True,,,,,,,,,,,,,,no_pattern_at_sr
2026-03-09T09:37:09.545091+00:00,BTCUSD,cobra,24433879,H1,HOLD,HOLD,NONE,0,644.996497831478,0,,,,,,,,,,,,,,,,17.02,17.02,67805.32,68364.42,67559.46,68231.39,,,,,,,,67539.87379925285,67674.94399999999,0.2006770586122385,,,,,,none,True,,,,,,,,,,,,,,no_pattern_at_sr
2026-03-09T09:37:09.547755+00:00,XAUUSD-STD,cobra,24433879,H1,HOLD,HOLD,NONE,0,36.499762966389106,0,,,,,,,,,,,,,,,,0.23,0.23,5096.55,5132.63,5095.11,5124.89,,,,,,,,5120.042730334364,5099.6849999999995,0.08506904559514017,,,,,,none,True,,,,,,,,,,,,,,no_pattern_at_sr
2026-03-09T09:38:09.906040+00:00,BTCUSD,cobra,24433879,H1,HOLD,HOLD,NONE,0,644.996497831478,0,,,,,,,,,,,,,,,,16.97,16.97,67805.32,68364.42,67559.46,68256.46,,,,,,,,67539.87379925285,67674.94399999999,0.2006770586122385,,,,,,none,True,,,,,,,,,,,,,,no_pattern_at_sr
2026-03-09T09:38:09.907712+00:00,XAUUSD-STD,cobra,24433879,H1,HOLD,HOLD,NONE,0,36.499762966389106,0,,,,,,,,,,,,,,,,0.23,0.23,5096.55,5132.63,5095.11,5126.5,,,,,,,,5120.042730334364,5099.6849999999995,0.08506904559514017,,,,,,none,True,,,,,,,,,,,,,,no_pattern_at_sr
2026-03-09T09:39:10.250366+00:00,BTCUSD,cobra,24433879,H1,HOLD,HOLD,NONE,0,644.996497831478,0,,,,,,,,,,,,,,,,17.03,17.03,67805.32,68364.42,67559.46,68298.72,,,,,,,,67539.87379925285,67674.94399999999,0.2006770586122385,,,,,,none,True,,,,,,,,,,,,,,no_pattern_at_sr
2026-03-09T09:39:10.251842+00:00,XAUUSD-STD,cobra,24433879,H1,HOLD,HOLD,NONE,0,36.499762966389106,0,,,,,,,,,,,,,,,,0.23,0.23,5096.55,5132.63,5095.11,5124.53,,,,,,,,5120.042730334364,5099.6849999999995,0.08506904559514017,,,,,,none,True,,,,,,,,,,,,,,no_pattern_at_sr
2026-03-09T09:40:10.612553+00:00,BTCUSD,cobra,24433879,H1,HOLD,HOLD,NONE,0,644.996497831478,0,,,,,,,,,,,,,,,,17.07,17.07,67805.32,68364.42,67559.46,68272.98,,,,,,,,67539.87379925285,67674.94399999999,0.2006770586122385,,,,,,none,True,,,,,,,,,,,,,,no_pattern_at_sr
2026-03-09T09:40:10.614632+00:00,XAUUSD-STD,cobra,24433879,H1,HOLD,HOLD,NONE,0,36.499762966389106,0,,,,,,,,,,,,,,,,0.26,0.26,5096.55,5132.63,5095.11,5118.36,,,,,,,,5120.042730334364,5099.6849999999995,0.08506904559514017,,,,,,none,True,,,,,,,,,,,,,,no_pattern_at_sr
2026-03-09T09:41:11.133434+00:00,BTCUSD,cobra,24433879,H1,HOLD,HOLD,NONE,0,644.996497831478,0,,,,,,,,,,,,,,,,17.11,17.11,67805.32,68364.42,67559.46,68280.21,,,,,,,,67539.87379925285,67674.94399999999,0.2006770586122385,,,,,,none,True,,,,,,,,,,,,,,no_pattern_at_sr
2026-03-09T09:41:11.137762+00:00,XAUUSD-STD,cobra,24433879,H1,HOLD,HOLD,NONE,0,36.499762966389106,0,,,,,,,,,,,,,,,,0.22,0.22,5096.55,5132.63,5095.11,5116.09,,,,,,,,5120.042730334364,5099.6849999999995,0.08506904559514017,,,,,,none,True,,,,,,,,,,,,,,no_pattern_at_sr
2026-03-09T09:41:11.138259+00:00,USOUSD-STD,cobra,24433879,H1,OUTSIDE_HOURS,OUTSIDE_HOURS,NONE,0,4.665147554676779,0,,,,,,,,,,,,,,,,0.033,0.033,103.138,104.833,96.458,99.218,,,,,,,,,,,,,,,,,,,,,,,,,,,,,,,
2026-03-09T09:42:11.644319+00:00,BTCUSD,cobra,24433879,H1,HOLD,HOLD,NONE,0,646.0979264029065,0,,,,,,,,,,,,,,,,17.07,17.07,67805.32,68379.84,67559.46,68379.46,,,,,,,,67539.87379925285,67674.94399999999,0.20033495652994837,,,,,,none,True,,,,,,,,,,,,,,no_pattern_at_sr
2026-03-09T09:42:11.646351+00:00,XAUUSD-STD,cobra,24433879,H1,HOLD,HOLD,NONE,0,36.499762966389106,0,,,,,,,,,,,,,,,,0.26,0.26,5096.55,5132.63,5095.11,5114.81,,,,,,,,5120.042730334364,5099.6849999999995,0.08506904559514017,,,,,,none,True,,,,,,,,,,,,,,no_pattern_at_sr
2026-03-09T09:43:11.993721+00:00,BTCUSD,cobra,24433879,H1,HOLD,HOLD,NONE,0,648.6707835457639,0,,,,,,,,,,,,,,,,17.09,17.09,67805.32,68415.86,67559.46,68347.99,,,,,,,,67539.87379925285,67674.94399999999,0.1995403574252151,,,,,,none,True,,,,,,,,,,,,,,no_pattern_at_sr
2026-03-09T09:43:11.995053+00:00,XAUUSD-STD,cobra,24433879,H1,HOLD,HOLD,NONE,0,36.499762966389106,0,,,,,,,,,,,,,,,,0.23,0.23,5096.55,5132.63,5095.11,5111.77,,,,,,,,5120.042730334364,5099.6849999999995,0.08506904559514017,,,,,,none,True,,,,,,,,,,,,,,no_pattern_at_sr
2026-03-09T09:44:12.347853+00:00,BTCUSD,cobra,24433879,H1,HOLD,HOLD,NONE,0,650.7507835457636,0,,,,,,,,,,,,,,,,17.05,17.05,67805.32,68444.98,67559.46,68363.55,,,,,,,,67539.87379925285,67674.94399999999,0.1989025649646622,,,,,,none,True,,,,,,,,,,,,,,no_pattern_at_sr
2026-03-09T09:44:12.349601+00:00,XAUUSD-STD,cobra,24433879,H1,HOLD,HOLD,NONE,0,36.499762966389106,0,,,,,,,,,,,,,,,,0.19,0.19,5096.55,5132.63,5095.11,5106.58,,,,,,,,5120.042730334364,5099.6849999999995,0.08506904559514017,,,,,,none,True,,,,,,,,,,,,,,no_pattern_at_sr
2026-03-09T09:45:12.707967+00:00,BTCUSD,cobra,24433879,H1,HOLD,HOLD,NONE,0,650.7507835457636,0,,,,,,,,,,,,,,,,17.11,17.11,67805.32,68444.98,67559.46,68380.58,,,,,,,,67539.87379925285,67674.94399999999,0.1989025649646622,,,,,,none,True,,,,,,,,,,,,,,no_pattern_at_sr
2026-03-09T09:45:12.709708+00:00,XAUUSD-STD,cobra,24433879,H1,HOLD,HOLD,NONE,0,36.499762966389106,0,,,,,,,,,,,,,,,,0.22,0.22,5096.55,5132.63,5095.11,5104.55,,,,,,,,5120.042730334364,5099.6849999999995,0.08506904559514017,,,,,,none,True,,,,,,,,,,,,,,no_pattern_at_sr
2026-03-09T09:46:13.110353+00:00,BTCUSD,cobra,24433879,H1,HOLD,HOLD,NONE,0,650.7507835457636,0,,,,,,,,,,,,,,,,17.07,17.07,67805.32,68444.98,67559.46,68411.73,,,,,,,,67539.87379925285,67674.94399999999,0.1989025649646622,,,,,,none,True,,,,,,,,,,,,,,no_pattern_at_sr
2026-03-09T09:46:13.112433+00:00,XAUUSD-STD,cobra,24433879,H1,HOLD,HOLD,NONE,0,36.499762966389106,0,,,,,,,,,,,,,,,,0.21,0.21,5096.55,5132.63,5095.11,5099.42,,,,,,,,5120.042730334364,5099.6849999999995,0.08506904559514017,,,,,,none,True,,,,,,,,,,,,,,no_pattern_at_sr
2026-03-09T09:47:14.103076+00:00,BTCUSD,cobra,24433879,H1,HOLD,HOLD,NONE,0,650.7507835457636,0,,,,,,,,,,,,,,,,17.01,17.01,67805.32,68444.98,67559.46,68310.08,,,,,,,,67539.87379925285,67674.94399999999,0.1989025649646622,,,,,,none,True,,,,,,,,,,,,,,no_pattern_at_sr
2026-03-09T09:47:14.104867+00:00,XAUUSD-STD,cobra,24433879,H1,HOLD,HOLD,NONE,0,36.499762966389106,0,,,,,,,,,,,,,,,,0.21,0.21,5096.55,5132.63,5095.11,5103.57,,,,,,,,5120.042730334364,5099.6849999999995,0.08506904559514017,,,,,,none,True,,,,,,,,,,,,,,no_pattern_at_sr
2026-03-09T09:47:59.709752+00:00,BTCUSD,cobra,24433879,H1,HOLD,HOLD,NONE,0,650.7507835457636,0,,,,,,,,,,,,,,,,17.1,17.1,67805.32,68444.98,67559.46,68267.21,,,,,,,,67539.87379925285,67674.94399999999,0.1989025649646622,,,,,,none,True,,,,,,,,,,,,,,no_pattern_at_sr
2026-03-09T09:47:59.728550+00:00,USDJPY-STD,cobra,24433879,H1,BUY,BUY,ENGULFING,0.75,0.2728120735485371,0,,,,,,,,,,,,,,,,0.027,0.027,158.627,158.641,158.182,158.409,,,,,,,,157.94577804746663,,,BULLISH_ENGULF,,,0.6414672111968549,,BULLISH_ENGULF,False,,,,,,,,,,,,,,
2026-03-09T09:48:00.939216+00:00,USDJPY-STD,cobra,24433879,H1,BUY_EXECUTED,BUY_EXECUTED,ENGULFING,0.75,0.2728120735485371,1,158.432,158.0227818896772,,159.45504527580698,,0.01,672374,,,,,,,85.41,145.62,0.018,0.018,158.627,158.641,158.182,158.409,,,,,,,,157.94577804746663,,,BULLISH_ENGULF,,,0.6414672111968549,,,,,,,,,,,,,,,,,
2026-03-09T09:48:01.623356+00:00,EURUSD-STD,cobra,24433879,H1,SELL,SELL,ENGULFING,0.75,0.002635225173352308,0,,,,,,,,,,,,,,,,0.00015,0.00015,1.15341,1.15725,1.15304,1.1558,,,,,,,,1.1577421920816016,,,BEARISH_ENGULF,,,1.1004752190913427,,BEARISH_ENGULF,False,,,,,,,,,,,,,,
2026-03-09T09:48:02.826431+00:00,EURUSD-STD,cobra,24433879,H1,SELL_EXECUTED,SELL_EXECUTED,ENGULFING,0.75,0.002635225173352308,1,1.1558,1.1597528377600284,,1.145917905599929,,0.01,672375,,,,,,,85.41,145.44,0.00014,0.00014,1.15341,1.15725,1.15304,1.1558,,,,,,,,1.1577421920816016,,,BEARISH_ENGULF,,,1.1004752190913427,,,,,,,,,,,,,,,,,
2026-03-09T09:48:03.395323+00:00,XAUUSD-STD,cobra,24433879,H1,HOLD,HOLD,NONE,0,36.499762966389106,0,,,,,,,,,,,,,,,,0.22,0.22,5096.55,5132.63,5095.11,5103.58,,,,,,,,5120.042730334364,5099.6849999999995,0.08506904559514017,,,,,,none,True,,,,,,,,,,,,,,no_pattern_at_sr
2026-03-09T09:48:03.395871+00:00,USOUSD-STD,cobra,24433879,H1,OUTSIDE_HOURS,OUTSIDE_HOURS,NONE,0,4.665147554676779,0,,,,,,,,,,,,,,,,0.084,0.084,103.138,104.833,96.458,98.652,,,,,,,,,,,,,,,,,,,,,,,,,,,,,,,
2026-03-09T09:49:04.041738+00:00,BTCUSD,cobra,24433879,H1,HOLD,HOLD,NONE,0,650.7507835457636,0,,,,,,,,,,,,,,,,16.95,16.95,67805.32,68444.98,67559.46,68257.67,,,,,,,,67539.87379925285,67674.94399999999,0.1989025649646622,,,,,,none,True,,,,,,,,,,,,,,no_pattern_at_sr
2026-03-09T09:49:04.057977+00:00,XAUUSD-STD,cobra,24433879,H1,HOLD,HOLD,NONE,0,36.499762966389106,0,,,,,,,,,,,,,,,,0.22,0.22,5096.55,5132.63,5095.11,5098.97,,,,,,,,5120.042730334364,5099.6849999999995,0.08506904559514017,,,,,,none,True,,,,,,,,,,,,,,no_pattern_at_sr
2026-03-09T09:50:04.581843+00:00,BTCUSD,cobra,24433879,H1,HOLD,HOLD,NONE,0,650.7507835457636,0,,,,,,,,,,,,,,,,17.01,17.01,67805.32,68444.98,67559.46,68252.12,,,,,,,,67539.87379925285,67674.94399999999,0.1989025649646622,,,,,,none,True,,,,,,,,,,,,,,no_pattern_at_sr
2026-03-09T09:50:04.596352+00:00,XAUUSD-STD,cobra,24433879,H1,HOLD,HOLD,NONE,0,36.499762966389106,0,,,,,,,,,,,,,,,,0.28,0.28,5096.55,5132.63,5095.11,5101.47,,,,,,,,5120.042730334364,5099.6849999999995,0.08506904559514017,,,,,,none,True,,,,,,,,,,,,,,no_pattern_at_sr
2026-03-09T09:51:05.005545+00:00,BTCUSD,cobra,24433879,H1,HOLD,HOLD,NONE,0,650.7507835457636,0,,,,,,,,,,,,,,,,16.97,16.97,67805.32,68444.98,67559.46,68208.19,,,,,,,,67539.87379925285,67674.94399999999,0.1989025649646622,,,,,,none,True,,,,,,,,,,,,,,no_pattern_at_sr
2026-03-09T09:51:05.019353+00:00,XAUUSD-STD,cobra,24433879,H1,HOLD,HOLD,NONE,0,36.499762966389106,0,,,,,,,,,,,,,,,,0.22,0.22,5096.55,5132.63,5095.11,5106.86,,,,,,,,5120.042730334364,5099.6849999999995,0.08506904559514017,,,,,,none,True,,,,,,,,,,,,,,no_pattern_at_sr
2026-03-09T09:52:05.435149+00:00,BTCUSD,cobra,24433879,H1,HOLD,HOLD,NONE,0,650.7507835457636,0,,,,,,,,,,,,,,,,16.97,16.97,67805.32,68444.98,67559.46,68205.69,,,,,,,,67539.87379925285,67674.94399999999,0.1989025649646622,,,,,,none,True,,,,,,,,,,,,,,no_pattern_at_sr
2026-03-09T09:52:05.449562+00:00,XAUUSD-STD,cobra,24433879,H1,HOLD,HOLD,NONE,0,36.499762966389106,0,,,,,,,,,,,,,,,,0.21,0.21,5096.55,5132.63,5095.11,5106.06,,,,,,,,5120.042730334364,5099.6849999999995,0.08506904559514017,,,,,,none,True,,,,,,,,,,,,,,no_pattern_at_sr
2026-03-09T09:53:05.882020+00:00,BTCUSD,cobra,24433879,H1,HOLD,HOLD,NONE,0,650.7507835457636,0,,,,,,,,,,,,,,,,17.08,17.08,67805.32,68444.98,67559.46,68149.58,,,,,,,,67539.87379925285,67674.94399999999,0.1989025649646622,,,,,,none,True,,,,,,,,,,,,,,no_pattern_at_sr
2026-03-09T09:53:05.896907+00:00,XAUUSD-STD,cobra,24433879,H1,HOLD,HOLD,NONE,0,36.499762966389106,0,,,,,,,,,,,,,,,,0.22,0.22,5096.55,5132.63,5095.11,5103.13,,,,,,,,5120.042730334364,5099.6849999999995,0.08506904559514017,,,,,,none,True,,,,,,,,,,,,,,no_pattern_at_sr
2026-03-09T09:54:06.338440+00:00,BTCUSD,cobra,24433879,H1,HOLD,HOLD,NONE,0,650.7507835457636,0,,,,,,,,,,,,,,,,17.0,17.0,67805.32,68444.98,67559.46,68123.27,,,,,,,,67539.87379925285,67674.94399999999,0.1989025649646622,,,,,,none,True,,,,,,,,,,,,,,no_pattern_at_sr
2026-03-09T09:54:06.353247+00:00,XAUUSD-STD,cobra,24433879,H1,HOLD,HOLD,NONE,0,36.499762966389106,0,,,,,,,,,,,,,,,,0.2,0.2,5096.55,5132.63,5095.11,5103.15,,,,,,,,5120.042730334364,5099.6849999999995,0.08506904559514017,,,,,,none,True,,,,,,,,,,,,,,no_pattern_at_sr
2026-03-09T09:55:06.789161+00:00,BTCUSD,cobra,24433879,H1,HOLD,HOLD,NONE,0,650.7507835457636,0,,,,,,,,,,,,,,,,17.06,17.06,67805.32,68444.98,67559.46,68089.88,,,,,,,,67539.87379925285,67674.94399999999,0.1989025649646622,,,,,,none,True,,,,,,,,,,,,,,no_pattern_at_sr
2026-03-09T09:55:06.804168+00:00,XAUUSD-STD,cobra,24433879,H1,HOLD,HOLD,NONE,0,36.499762966389106,0,,,,,,,,,,,,,,,,0.25,0.25,5096.55,5132.63,5095.11,5102.57,,,,,,,,5120.042730334364,5099.6849999999995,0.08506904559514017,,,,,,none,True,,,,,,,,,,,,,,no_pattern_at_sr
2026-03-09T09:56:07.262289+00:00,BTCUSD,cobra,24433879,H1,HOLD,HOLD,NONE,0,650.7507835457636,0,,,,,,,,,,,,,,,,16.95,16.95,67805.32,68444.98,67559.46,68063.69,,,,,,,,67539.87379925285,67674.94399999999,0.1989025649646622,,,,,,none,True,,,,,,,,,,,,,,no_pattern_at_sr
2026-03-09T09:56:07.277380+00:00,XAUUSD-STD,cobra,24433879,H1,HOLD,HOLD,NONE,0,36.499762966389106,0,,,,,,,,,,,,,,,,0.25,0.25,5096.55,5132.63,5095.11,5104.3,,,,,,,,5120.042730334364,5099.6849999999995,0.08506904559514017,,,,,,none,True,,,,,,,,,,,,,,no_pattern_at_sr
2026-03-09T09:57:07.724441+00:00,BTCUSD,cobra,24433879,H1,HOLD,HOLD,NONE,0,650.7507835457636,0,,,,,,,,,,,,,,,,16.99,16.99,67805.32,68444.98,67559.46,68026.01,,,,,,,,67539.87379925285,67674.94399999999,0.1989025649646622,,,,,,none,True,,,,,,,,,,,,,,no_pattern_at_sr
2026-03-09T09:57:07.739698+00:00,XAUUSD-STD,cobra,24433879,H1,HOLD,HOLD,NONE,0,36.499762966389106,0,,,,,,,,,,,,,,,,0.25,0.25,5096.55,5132.63,5095.11,5103.92,,,,,,,,5120.042730334364,5099.6849999999995,0.08506904559514017,,,,,,none,True,,,,,,,,,,,,,,no_pattern_at_sr
2026-03-09T09:58:08.208831+00:00,BTCUSD,cobra,24433879,H1,HOLD,HOLD,NONE,0,650.7507835457636,0,,,,,,,,,,,,,,,,17.08,17.08,67805.32,68444.98,67559.46,67973.2,,,,,,,,67539.87379925285,67674.94399999999,0.1989025649646622,,,,,,none,True,,,,,,,,,,,,,,no_pattern_at_sr
2026-03-09T09:58:08.225511+00:00,XAUUSD-STD,cobra,24433879,H1,HOLD,HOLD,NONE,0,36.499762966389106,0,,,,,,,,,,,,,,,,0.26,0.26,5096.55,5132.63,5095.11,5103.72,,,,,,,,5120.042730334364,5099.6849999999995,0.08506904559514017,,,,,,none,True,,,,,,,,,,,,,,no_pattern_at_sr
2026-03-09T09:58:08.226085+00:00,USOUSD-STD,cobra,24433879,H1,OUTSIDE_HOURS,OUTSIDE_HOURS,NONE,0,4.665147554676779,0,,,,,,,,,,,,,,,,0.084,0.084,103.138,104.833,96.458,100.632,,,,,,,,,,,,,,,,,,,,,,,,,,,,,,,
2026-03-09T09:59:08.635766+00:00,BTCUSD,cobra,24433879,H1,HOLD,HOLD,NONE,0,650.7507835457636,0,,,,,,,,,,,,,,,,17.07,17.07,67805.32,68444.98,67559.46,67996.24,,,,,,,,67539.87379925285,67674.94399999999,0.1989025649646622,,,,,,none,True,,,,,,,,,,,,,,no_pattern_at_sr
2026-03-09T09:59:08.662152+00:00,XAUUSD-STD,cobra,24433879,H1,HOLD,HOLD,NONE,0,36.499762966389106,0,,,,,,,,,,,,,,,,0.23,0.23,5096.55,5132.63,5095.11,5104.99,,,,,,,,5120.042730334364,5099.6849999999995,0.08506904559514017,,,,,,none,True,,,,,,,,,,,,,,no_pattern_at_sr
2026-03-09T10:00:09.086618+00:00,BTCUSD,cobra,24433879,H1,HOLD,HOLD,NONE,0,605.6321553243237,0,,,,,,,,,,,,,,,,17.11,17.11,67968.46,67986.85,67968.46,67984.79,,,,,,,,67556.79596753804,68105.87,0.22804271336293386,,,,,,none,True,,,,,,,,,,,,,,no_pattern_at_sr
2026-03-09T10:00:09.101539+00:00,XAUUSD-STD,cobra,24433879,H1,SELL,SELL,PIN_BAR,0.8,33.95763767116805,0,,,,,,,,,,,,,,,,0.25,0.25,5105.27,5106.14,5105.23,5106.11,,,,,,,,5119.461672158806,5136.294,0.1078991429109541,BEARISH_PIN,27.350000000000364,3.13287514318462,,,BEARISH_PIN,True,,,,,,,,,,,,,,
2026-03-09T10:00:10.232544+00:00,XAUUSD-STD,cobra,24433879,H1,SELL_EXECUTED,SELL_EXECUTED,PIN_BAR,0.8,33.95763767116805,1,5106.16,5180.86680287657,,4882.0395913702905,,0.01,672667,,,,,,,85.41,145.68,0.26,0.26,5105.27,5106.14,5105.23,5106.11,,,,,,,,5119.461672158806,5136.294,0.1078991429109541,BEARISH_PIN,27.350000000000364,3.13287514318462,,,,,,,,,,,,,,,,,,
2026-03-09T10:01:10.983026+00:00,BTCUSD,cobra,24433879,H1,HOLD,HOLD,NONE,0,609.1850124671802,0,,,,,,,,,,,,,,,,17.12,17.12,67968.46,68036.59,67968.46,68021.03,,,,,,,,67556.79596753804,68202.6975,0.3856587000532244,,,,,,none,True,,,,,,,,,,,,,,no_pattern_at_sr
2026-03-09T10:02:11.371746+00:00,BTCUSD,cobra,24433879,H1,HOLD,HOLD,NONE,0,609.4564410386079,0,,,,,,,,,,,,,,,,17.08,17.08,67968.46,68036.59,67963.96,68002.61,,,,,,,,67556.79596753804,68202.6975,0.3854869424296021,,,,,,none,True,,,,,,,,,,,,,,no_pattern_at_sr
2026-03-09T10:03:11.743974+00:00,BTCUSD,cobra,24433879,H1,HOLD,HOLD,NONE,0,616.4114410386086,0,,,,,,,,,,,,,,,,17.11,17.11,67968.46,68036.59,67866.59,67870.28,,,,,,,,67556.79596753804,68202.6975,0.3811374746778667,,,,,,none,True,,,,,,,,,,,,,,no_pattern_at_sr
2026-03-09T10:04:12.136775+00:00,BTCUSD,cobra,24433879,H1,HOLD,HOLD,NONE,0,616.735726752895,0,,,,,,,,,,,,,,,,17.0,17.0,67968.46,68041.13,67866.59,68019.11,,,,,,,,67556.79596753804,68202.6975,0.3809370688429916,,,,,,none,True,,,,,,,,,,,,,,no_pattern_at_sr
2026-03-09T10:05:12.503236+00:00,BTCUSD,cobra,24433879,H1,HOLD,HOLD,NONE,0,616.735726752895,0,,,,,,,,,,,,,,,,17.1,17.1,67968.46,68041.13,67866.59,68012.32,,,,,,,,67556.79596753804,68202.6975,0.3809370688429916,,,,,,none,True,,,,,,,,,,,,,,no_pattern_at_sr
2026-03-09T10:06:12.874333+00:00,BTCUSD,cobra,24433879,H1,HOLD,HOLD,NONE,0,616.735726752895,0,,,,,,,,,,,,,,,,17.1,17.1,67968.46,68041.13,67866.59,67998.87,,,,,,,,67556.79596753804,68202.6975,0.3809370688429916,,,,,,none,True,,,,,,,,,,,,,,no_pattern_at_sr
2026-03-09T10:07:13.234822+00:00,BTCUSD,cobra,24433879,H1,HOLD,HOLD,NONE,0,619.5678696100373,0,,,,,,,,,,,,,,,,17.05,17.05,67968.46,68080.78,67866.59,68032.67,,,,,,,,67556.79596753804,68202.6975,0.37919574516972965,,,,,,none,True,,,,,,,,,,,,,,no_pattern_at_sr
2026-03-09T10:08:13.613528+00:00,BTCUSD,cobra,24433879,H1,HOLD,HOLD,NONE,0,619.5678696100373,0,,,,,,,,,,,,,,,,16.96,16.96,67968.46,68080.78,67866.59,68000.13,,,,,,,,67556.79596753804,68202.6975,0.37919574516972965,,,,,,none,True,,,,,,,,,,,,,,no_pattern_at_sr
2026-03-09T10:08:13.613941+00:00,USOUSD-STD,cobra,24433879,H1,OUTSIDE_HOURS,OUTSIDE_HOURS,NONE,0,4.430137011558664,0,,,,,,,,,,,,,,,,0.084,0.084,101.097,102.017,100.642,101.802,,,,,,,,,,,,,,,,,,,,,,,,,,,,,,,
2026-03-09T10:09:13.983767+00:00,BTCUSD,cobra,24433879,H1,HOLD,HOLD,NONE,0,619.5678696100373,0,,,,,,,,,,,,,,,,16.97,16.97,67968.46,68080.78,67866.59,67948.84,,,,,,,,67556.79596753804,68202.6975,0.37919574516972965,,,,,,none,True,,,,,,,,,,,,,,no_pattern_at_sr
2026-03-09T10:10:14.437082+00:00,BTCUSD,cobra,24433879,H1,HOLD,HOLD,NONE,0,619.5678696100373,0,,,,,,,,,,,,,,,,17.1,17.1,67968.46,68080.78,67866.59,68001.4,,,,,,,,67556.79596753804,68202.6975,0.37919574516972965,,,,,,none,True,,,,,,,,,,,,,,no_pattern_at_sr
2026-03-09T10:11:14.834978+00:00,BTCUSD,cobra,24433879,H1,HOLD,HOLD,NONE,0,619.5678696100373,0,,,,,,,,,,,,,,,,17.05,17.05,67968.46,68080.78,67866.59,67958.62,,,,,,,,67556.79596753804,68202.6975,0.37919574516972965,,,,,,none,True,,,,,,,,,,,,,,no_pattern_at_sr
2026-03-09T10:12:15.229272+00:00,BTCUSD,cobra,24433879,H1,HOLD,HOLD,NONE,0,619.5678696100373,0,,,,,,,,,,,,,,,,16.97,16.97,67968.46,68080.78,67866.59,67955.71,,,,,,,,67556.79596753804,68202.6975,0.37919574516972965,,,,,,none,True,,,,,,,,,,,,,,no_pattern_at_sr
2026-03-09T10:13:15.602826+00:00,BTCUSD,cobra,24433879,H1,HOLD,HOLD,NONE,0,619.5678696100373,0,,,,,,,,,,,,,,,,16.95,16.95,67968.46,68080.78,67866.59,67961.9,,,,,,,,67556.79596753804,68202.6975,0.37919574516972965,,,,,,none,True,,,,,,,,,,,,,,no_pattern_at_sr
2026-03-09T10:14:15.968524+00:00,BTCUSD,cobra,24433879,H1,HOLD,HOLD,NONE,0,619.5678696100373,0,,,,,,,,,,,,,,,,17.04,17.04,67968.46,68080.78,67866.59,67907.86,,,,,,,,67556.79596753804,68202.6975,0.37919574516972965,,,,,,none,True,,,,,,,,,,,,,,no_pattern_at_sr
2026-03-09T10:15:16.347877+00:00,BTCUSD,cobra,24433879,H1,HOLD,HOLD,NONE,0,619.5678696100373,0,,,,,,,,,,,,,,,,16.97,16.97,67968.46,68080.78,67866.59,67932.59,,,,,,,,67556.79596753804,68202.6975,0.37919574516972965,,,,,,none,True,,,,,,,,,,,,,,no_pattern_at_sr
2026-03-09T10:16:16.742033+00:00,BTCUSD,cobra,24433879,H1,HOLD,HOLD,NONE,0,623.9678696100367,0,,,,,,,,,,,,,,,,17.04,17.04,67968.46,68080.78,67804.99,67805.16,,,,,,,,67556.79596753804,68202.6975,0.37652179133330965,,,,,,none,True,,,,,,,,,,,,,,no_pattern_at_sr
2026-03-09T10:17:17.125353+00:00,BTCUSD,cobra,24433879,H1,HOLD,HOLD,NONE,0,623.9678696100367,0,,,,,,,,,,,,,,,,17.1,17.1,67968.46,68080.78,67804.99,67881.68,,,,,,,,67556.79596753804,68202.6975,0.37652179133330965,,,,,,none,True,,,,,,,,,,,,,,no_pattern_at_sr
2026-03-09T10:18:17.516476+00:00,BTCUSD,cobra,24433879,H1,HOLD,HOLD,NONE,0,623.9678696100367,0,,,,,,,,,,,,,,,,17.04,17.04,67968.46,68080.78,67804.99,67848.08,,,,,,,,67556.79596753804,68202.6975,0.37652179133330965,,,,,,none,True,,,,,,,,,,,,,,no_pattern_at_sr
2026-03-09T10:18:17.516968+00:00,USOUSD-STD,cobra,24433879,H1,OUTSIDE_HOURS,OUTSIDE_HOURS,NONE,0,4.44585129727295,0,,,,,,,,,,,,,,,,0.084,0.084,101.097,102.237,100.642,102.077,,,,,,,,,,,,,,,,,,,,,,,,,,,,,,,
2026-03-09T10:19:17.898751+00:00,BTCUSD,cobra,24433879,H1,HOLD,HOLD,NONE,0,625.7271553243228,0,,,,,,,,,,,,,,,,17.08,17.08,67968.46,68080.78,67780.36,67819.66,,,,,,,,67556.79596753804,68202.6975,0.37546316793336026,,,,,,none,True,,,,,,,,,,,,,,no_pattern_at_sr
2026-03-09T10:20:18.349594+00:00,BTCUSD,cobra,24433879,H1,HOLD,HOLD,NONE,0,625.7271553243228,0,,,,,,,,,,,,,,,,16.96,16.96,67968.46,68080.78,67780.36,67843.67,,,,,,,,67556.79596753804,68202.6975,0.37546316793336026,,,,,,none,True,,,,,,,,,,,,,,no_pattern_at_sr
2026-03-09T10:21:18.742042+00:00,BTCUSD,cobra,24433879,H1,HOLD,HOLD,NONE,0,625.7271553243228,0,,,,,,,,,,,,,,,,17.0,17.0,67968.46,68080.78,67780.36,67885.5,,,,,,,,67556.79596753804,68202.6975,0.37546316793336026,,,,,,none,True,,,,,,,,,,,,,,no_pattern_at_sr
2026-03-09T10:22:19.146809+00:00,BTCUSD,cobra,24433879,H1,HOLD,HOLD,NONE,0,625.7271553243228,0,,,,,,,,,,,,,,,,16.99,16.99,67968.46,68080.78,67780.36,67892.57,,,,,,,,67556.79596753804,68202.6975,0.37546316793336026,,,,,,none,True,,,,,,,,,,,,,,no_pattern_at_sr
2026-03-09T10:23:19.538028+00:00,BTCUSD,cobra,24433879,H1,HOLD,HOLD,NONE,0,625.7271553243228,0,,,,,,,,,,,,,,,,17.04,17.04,67968.46,68080.78,67780.36,67870.9,,,,,,,,67556.79596753804,68202.6975,0.37546316793336026,,,,,,none,True,,,,,,,,,,,,,,no_pattern_at_sr
2026-03-09T10:24:19.930949+00:00,BTCUSD,cobra,24433879,H1,HOLD,HOLD,NONE,0,625.7271553243228,0,,,,,,,,,,,,,,,,17.12,17.12,67968.46,68080.78,67780.36,67903.35,,,,,,,,67556.79596753804,68202.6975,0.37546316793336026,,,,,,none,True,,,,,,,,,,,,,,no_pattern_at_sr
2026-03-09T10:25:20.296025+00:00,BTCUSD,cobra,24433879,H1,HOLD,HOLD,NONE,0,625.7271553243228,0,,,,,,,,,,,,,,,,16.96,16.96,67968.46,68080.78,67780.36,67874.01,,,,,,,,67556.79596753804,68202.6975,0.37546316793336026,,,,,,none,True,,,,,,,,,,,,,,no_pattern_at_sr
2026-03-09T10:26:20.692727+00:00,BTCUSD,cobra,24433879,H1,HOLD,HOLD,NONE,0,625.7271553243228,0,,,,,,,,,,,,,,,,17.0,17.0,67968.46,68080.78,67780.36,67898.16,,,,,,,,67556.79596753804,68202.6975,0.37546316793336026,,,,,,none,True,,,,,,,,,,,,,,no_pattern_at_sr
2026-03-09T10:27:21.071595+00:00,BTCUSD,cobra,24433879,H1,HOLD,HOLD,NONE,0,625.7271553243228,0,,,,,,,,,,,,,,,,16.97,16.97,67968.46,68080.78,67780.36,67901.87,,,,,,,,67556.79596753804,68202.6975,0.37546316793336026,,,,,,none,True,,,,,,,,,,,,,,no_pattern_at_sr
2026-03-09T10:28:21.469280+00:00,BTCUSD,cobra,24433879,H1,HOLD,HOLD,NONE,0,625.7271553243228,0,,,,,,,,,,,,,,,,16.98,16.98,67968.46,68080.78,67780.36,67889.38,,,,,,,,67556.79596753804,68202.6975,0.37546316793336026,,,,,,none,True,,,,,,,,,,,,,,no_pattern_at_sr
2026-03-09T10:28:21.469814+00:00,USOUSD-STD,cobra,24433879,H1,OUTSIDE_HOURS,OUTSIDE_HOURS,NONE,0,4.446208440130093,0,,,,,,,,,,,,,,,,0.104,0.104,101.097,102.242,100.642,102.162,,,,,,,,,,,,,,,,,,,,,,,,,,,,,,,
2026-03-09T10:29:21.836159+00:00,BTCUSD,cobra,24433879,H1,HOLD,HOLD,NONE,0,625.7271553243228,0,,,,,,,,,,,,,,,,17.06,17.06,67968.46,68080.78,67780.36,67832.35,,,,,,,,67556.79596753804,68202.6975,0.37546316793336026,,,,,,none,True,,,,,,,,,,,,,,no_pattern_at_sr
2026-03-09T10:30:22.208930+00:00,BTCUSD,cobra,24433879,H1,HOLD,HOLD,NONE,0,627.1521553243225,0,,,,,,,,,,,,,,,,17.07,17.07,67968.46,68080.78,67760.41,67761.84,,,,,,,,67556.79596753804,68202.6975,0.37461004957960403,,,,,,none,True,,,,,,,,,,,,,,no_pattern_at_sr
2026-03-09T10:31:22.586976+00:00,BTCUSD,cobra,24433879,H1,HOLD,HOLD,NONE,0,630.1792981814657,0,,,,,,,,,,,,,,,,16.98,16.98,67968.46,68080.78,67718.03,67773.4,,,,,,,,67556.79596753804,68202.6975,0.37281056467257623,,,,,,none,True,,,,,,,,,,,,,,no_pattern_at_sr
2026-03-09T10:32:22.945104+00:00,BTCUSD,cobra,24433879,H1,HOLD,HOLD,NONE,0,630.1792981814657,0,,,,,,,,,,,,,,,,17.07,17.07,67968.46,68080.78,67718.03,67748.87,,,,,,,,67556.79596753804,68202.6975,0.37281056467257623,,,,,,none,True,,,,,,,,,,,,,,no_pattern_at_sr
2026-03-09T10:33:23.315676+00:00,BTCUSD,cobra,24433879,H1,HOLD,HOLD,NONE,0,630.1792981814657,0,,,,,,,,,,,,,,,,17.1,17.1,67968.46,68080.78,67718.03,67768.0,,,,,,,,67556.79596753804,68202.6975,0.37281056467257623,,,,,,none,True,,,,,,,,,,,,,,no_pattern_at_sr
2026-03-09T10:34:23.717244+00:00,BTCUSD,cobra,24433879,H1,HOLD,HOLD,NONE,0,630.1792981814657,0,,,,,,,,,,,,,,,,17.05,17.05,67968.46,68080.78,67718.03,67766.13,,,,,,,,67556.79596753804,68202.6975,0.37281056467257623,,,,,,none,True,,,,,,,,,,,,,,no_pattern_at_sr
2026-03-09T10:35:24.083390+00:00,BTCUSD,cobra,24433879,H1,HOLD,HOLD,NONE,0,630.1792981814657,0,,,,,,,,,,,,,,,,17.02,17.02,67968.46,68080.78,67718.03,67801.98,,,,,,,,67556.79596753804,68202.6975,0.37281056467257623,,,,,,none,True,,,,,,,,,,,,,,no_pattern_at_sr
2026-03-09T10:36:24.463248+00:00,BTCUSD,cobra,24433879,H1,HOLD,HOLD,NONE,0,630.1792981814657,0,,,,,,,,,,,,,,,,16.97,16.97,67968.46,68080.78,67718.03,67800.68,,,,,,,,67556.79596753804,68202.6975,0.37281056467257623,,,,,,none,True,,,,,,,,,,,,,,no_pattern_at_sr
2026-03-09T10:37:24.839348+00:00,BTCUSD,cobra,24433879,H1,HOLD,HOLD,NONE,0,630.1792981814657,0,,,,,,,,,,,,,,,,17.09,17.09,67968.46,68080.78,67718.03,67796.36,,,,,,,,67556.79596753804,68202.6975,0.37281056467257623,,,,,,none,True,,,,,,,,,,,,,,no_pattern_at_sr
2026-03-09T10:38:25.232345+00:00,BTCUSD,cobra,24433879,H1,HOLD,HOLD,NONE,0,630.1792981814657,0,,,,,,,,,,,,,,,,17.11,17.11,67968.46,68080.78,67718.03,67801.65,,,,,,,,67556.79596753804,68202.6975,0.37281056467257623,,,,,,none,True,,,,,,,,,,,,,,no_pattern_at_sr
2026-03-09T10:38:25.232809+00:00,USOUSD-STD,cobra,24433879,H1,OUTSIDE_HOURS,OUTSIDE_HOURS,NONE,0,4.499065582987235,0,,,,,,,,,,,,,,,,0.084,0.084,101.097,102.982,100.642,102.262,,,,,,,,,,,,,,,,,,,,,,,,,,,,,,,
2026-03-09T10:39:25.631525+00:00,BTCUSD,cobra,24433879,H1,HOLD,HOLD,NONE,0,637.5828696100367,0,,,,,,,,,,,,,,,,17.08,17.08,67968.46,68080.78,67614.38,67640.65,,,,,,,,67556.79596753804,68202.6975,0.36848151228356285,,,,,,none,True,,,,,,,,,,,,,,no_pattern_at_sr
2026-03-09T10:40:26.039676+00:00,BTCUSD,cobra,24433879,H1,HOLD,HOLD,NONE,0,637.5828696100367,0,,,,,,,,,,,,,,,,16.94,16.94,67968.46,68080.78,67614.38,67688.85,,,,,,,,67556.79596753804,68202.6975,0.36848151228356285,,,,,,none,True,,,,,,,,,,,,,,no_pattern_at_sr
2026-03-09T10:41:26.432641+00:00,BTCUSD,cobra,24433879,H1,HOLD,HOLD,NONE,0,637.5828696100367,0,,,,,,,,,,,,,,,,17.05,17.05,67968.46,68080.78,67614.38,67697.32,,,,,,,,67556.79596753804,68202.6975,0.36848151228356285,,,,,,none,True,,,,,,,,,,,,,,no_pattern_at_sr
2026-03-09T10:42:26.807048+00:00,BTCUSD,cobra,24433879,H1,HOLD,HOLD,NONE,0,637.5828696100367,0,,,,,,,,,,,,,,,,17.04,17.04,67968.46,68080.78,67614.38,67724.89,,,,,,,,67556.79596753804,68202.6975,0.36848151228356285,,,,,,none,True,,,,,,,,,,,,,,no_pattern_at_sr
2026-03-09T10:43:27.200782+00:00,BTCUSD,cobra,24433879,H1,HOLD,HOLD,NONE,0,640.4271553243229,0,,,,,,,,,,,,,,,,16.99,16.99,67968.46,68080.78,67574.56,67621.54,,,,,,,,67556.79596753804,68202.6975,0.366845000320175,,,,,,none,True,,,,,,,,,,,,,,no_pattern_at_sr
2026-03-09T10:44:27.716947+00:00,BTCUSD,cobra,24433879,H1,HOLD,HOLD,NONE,0,640.4271553243229,0,,,,,,,,,,,,,,,,17.05,17.05,67968.46,68080.78,67574.56,67643.99,,,,,,,,67556.79596753804,68202.6975,0.366845000320175,,,,,,none,True,,,,,,,,,,,,,,no_pattern_at_sr
2026-03-09T10:45:28.108275+00:00,BTCUSD,cobra,24433879,H1,HOLD,HOLD,NONE,0,640.4271553243229,0,,,,,,,,,,,,,,,,16.97,16.97,67968.46,68080.78,67574.56,67629.3,,,,,,,,67556.79596753804,68202.6975,0.366845000320175,,,,,,none,True,,,,,,,,,,,,,,no_pattern_at_sr
2026-03-09T10:46:28.502656+00:00,BTCUSD,cobra,24433879,H1,HOLD,HOLD,NONE,0,640.4271553243229,0,,,,,,,,,,,,,,,,17.01,17.01,67968.46,68080.78,67574.56,67583.66,,,,,,,,67556.79596753804,68202.6975,0.366845000320175,,,,,,none,True,,,,,,,,,,,,,,no_pattern_at_sr
2026-03-09T10:47:28.878597+00:00,BTCUSD,cobra,24433879,H1,HOLD,HOLD,NONE,0,640.4271553243229,0,,,,,,,,,,,,,,,,16.95,16.95,67968.46,68080.78,67574.56,67663.28,,,,,,,,67556.79596753804,68202.6975,0.366845000320175,,,,,,none,True,,,,,,,,,,,,,,no_pattern_at_sr
2026-03-09T10:48:29.299658+00:00,BTCUSD,cobra,24433879,H1,HOLD,HOLD,NONE,0,640.4271553243229,0,,,,,,,,,,,,,,,,17.1,17.1,67968.46,68080.78,67574.56,67654.42,,,,,,,,67556.79596753804,68202.6975,0.366845000320175,,,,,,none,True,,,,,,,,,,,,,,no_pattern_at_sr
2026-03-09T10:48:29.328134+00:00,USOUSD-STD,cobra,24433879,H1,OUTSIDE_HOURS,OUTSIDE_HOURS,NONE,0,4.567637011558664,0,,,,,,,,,,,,,,,,0.084,0.084,101.097,103.942,100.642,103.317,,,,,,,,,,,,,,,,,,,,,,,,,,,,,,,
2026-03-09T10:49:29.716852+00:00,BTCUSD,cobra,24433879,H1,HOLD,HOLD,NONE,0,640.4271553243229,0,,,,,,,,,,,,,,,,17.09,17.09,67968.46,68080.78,67574.56,67649.74,,,,,,,,67556.79596753804,68202.6975,0.366845000320175,,,,,,none,True,,,,,,,,,,,,,,no_pattern_at_sr
2026-03-09T10:50:30.154352+00:00,BTCUSD,cobra,24433879,H1,HOLD,HOLD,NONE,0,640.4271553243229,0,,,,,,,,,,,,,,,,17.03,17.03,67968.46,68080.78,67574.56,67650.67,,,,,,,,67556.79596753804,68202.6975,0.366845000320175,,,,,,none,True,,,,,,,,,,,,,,no_pattern_at_sr
2026-03-09T10:51:30.592636+00:00,BTCUSD,cobra,24433879,H1,HOLD,HOLD,NONE,0,640.4271553243229,0,,,,,,,,,,,,,,,,17.09,17.09,67968.46,68080.78,67574.56,67609.39,,,,,,,,67556.79596753804,68202.6975,0.366845000320175,,,,,,none,True,,,,,,,,,,,,,,no_pattern_at_sr
2026-03-09T10:52:31.015977+00:00,BTCUSD,cobra,24433879,H1,HOLD,HOLD,NONE,0,640.5671553243224,0,,,,,,,,,,,,,,,,17.05,17.05,67968.46,68080.78,67572.6,67672.06,,,,,,,,67556.79596753804,68202.6975,0.36676482402699834,,,,,,none,True,,,,,,,,,,,,,,no_pattern_at_sr
2026-03-09T10:53:31.427099+00:00,BTCUSD,cobra,24433879,H1,HOLD,HOLD,NONE,0,640.5671553243224,0,,,,,,,,,,,,,,,,17.11,17.11,67968.46,68080.78,67572.6,67608.74,,,,,,,,67556.79596753804,68202.6975,0.36676482402699834,,,,,,none,True,,,,,,,,,,,,,,no_pattern_at_sr
2026-03-09T10:54:31.852252+00:00,BTCUSD,cobra,24433879,H1,HOLD,HOLD,NONE,0,640.5671553243224,0,,,,,,,,,,,,,,,,17.1,17.1,67968.46,68080.78,67572.6,67685.28,,,,,,,,67556.79596753804,68202.6975,0.36676482402699834,,,,,,none,True,,,,,,,,,,,,,,no_pattern_at_sr
2026-03-09T10:55:32.265002+00:00,BTCUSD,cobra,24433879,H1,HOLD,HOLD,NONE,0,640.5671553243224,0,,,,,,,,,,,,,,,,17.09,17.09,67968.46,68080.78,67572.6,67609.21,,,,,,,,67556.79596753804,68202.6975,0.36676482402699834,,,,,,none,True,,,,,,,,,,,,,,no_pattern_at_sr
2026-03-09T10:56:32.700584+00:00,BTCUSD,cobra,24433879,H1,HOLD,HOLD,NONE,0,642.8357267528945,0,,,,,,,,,,,,,,,,17.01,17.01,67968.46,68080.78,67540.84,67551.25,,,,,,,,67556.79596753804,68202.6975,0.36547050859590724,,,,,,none,True,,,,,,,,,,,,,,no_pattern_at_sr
2026-03-09T10:57:33.122947+00:00,BTCUSD,cobra,24433879,H1,HOLD,HOLD,NONE,0,642.8357267528945,0,,,,,,,,,,,,,,,,16.99,16.99,67968.46,68080.78,67540.84,67579.67,,,,,,,,67556.79596753804,68202.6975,0.36547050859590724,,,,,,none,True,,,,,,,,,,,,,,no_pattern_at_sr
2026-03-09T10:58:33.547419+00:00,BTCUSD,cobra,24433879,H1,HOLD,HOLD,NONE,0,642.8357267528945,0,,,,,,,,,,,,,,,,17.09,17.09,67968.46,68080.78,67540.84,67608.04,,,,,,,,67556.79596753804,68202.6975,0.36547050859590724,,,,,,none,True,,,,,,,,,,,,,,no_pattern_at_sr
2026-03-09T10:58:33.563066+00:00,USOUSD-STD,cobra,24433879,H1,OUTSIDE_HOURS,OUTSIDE_HOURS,NONE,0,4.567637011558664,0,,,,,,,,,,,,,,,,0.084,0.084,101.097,103.942,100.642,103.432,,,,,,,,,,,,,,,,,,,,,,,,,,,,,,,
2026-03-09T10:59:33.931043+00:00,BTCUSD,cobra,24433879,H1,HOLD,HOLD,NONE,0,642.8357267528945,0,,,,,,,,,,,,,,,,17.12,17.12,67968.46,68080.78,67540.84,67609.65,,,,,,,,67556.79596753804,68202.6975,0.36547050859590724,,,,,,none,True,,,,,,,,,,,,,,no_pattern_at_sr
2026-03-09T11:00:34.349603+00:00,BTCUSD,cobra,24433879,H1,HOLD,HOLD,NONE,0,600.3753370502951,0,,,,,,,,,,,,,,,,17.11,17.11,67594.43,67613.39,67565.0,67587.2,,,,,,,,67558.31657883378,67621.916,0.04764686061313569,,,,,,none,True,,,,,,,,,,,,,,no_pattern_at_sr
2026-03-09T11:01:34.832839+00:00,BTCUSD,cobra,24433879,H1,HOLD,HOLD,NONE,0,602.0017656217229,0,,,,,,,,,,,,,,,,16.97,16.97,67594.43,67627.04,67555.88,67619.15,,,,,,,,67558.31657883378,67621.916,0.04751813305805948,,,,,,none,True,,,,,,,,,,,,,,no_pattern_at_sr
2026-03-09T11:02:35.284038+00:00,BTCUSD,cobra,24433879,H1,HOLD,HOLD,NONE,0,606.752479907438,0,,,,,,,,,,,,,,,,17.01,17.01,67594.43,67693.55,67555.88,67693.55,,,,,,,,67558.31657883378,67621.916,0.04714607842124305,,,,,,none,True,,,,,,,,,,,,,,no_pattern_at_sr
2026-03-09T11:03:35.821610+00:00,BTCUSD,cobra,24433879,H1,HOLD,HOLD,NONE,0,609.396765621724,0,,,,,,,,,,,,,,,,17.11,17.11,67594.43,67730.57,67555.88,67655.52,,,,,,,,67558.31657883378,67576.25625,0.027984641471789123,,,,,,none,True,,,,,,,,,,,,,,no_pattern_at_sr
2026-03-09T11:04:36.256995+00:00,BTCUSD,cobra,24433879,H1,HOLD,HOLD,NONE,0,609.396765621724,0,,,,,,,,,,,,,,,,17.11,17.11,67594.43,67730.57,67555.88,67644.83,,,,,,,,67558.31657883378,67576.25625,0.027984641471789123,,,,,,none,True,,,,,,,,,,,,,,no_pattern_at_sr
2026-03-09T11:05:36.671913+00:00,BTCUSD,cobra,24433879,H1,HOLD,HOLD,NONE,0,609.396765621724,0,,,,,,,,,,,,,,,,16.99,16.99,67594.43,67730.57,67555.88,67691.69,,,,,,,,67558.31657883378,67576.25625,0.027984641471789123,,,,,,none,True,,,,,,,,,,,,,,no_pattern_at_sr
2026-03-09T11:06:37.086355+00:00,BTCUSD,cobra,24433879,H1,HOLD,HOLD,NONE,0,609.4981941931524,0,,,,,,,,,,,,,,,,17.02,17.02,67594.43,67731.99,67555.88,67724.26,,,,,,,,67558.31657883378,67576.25625,0.027979984456832453,,,,,,none,True,,,,,,,,,,,,,,no_pattern_at_sr
2026-03-09T11:07:37.517539+00:00,BTCUSD,cobra,24433879,H1,HOLD,HOLD,NONE,0,612.1053370502952,0,,,,,,,,,,,,,,,,17.03,17.03,67594.43,67768.49,67555.88,67734.88,,,,,,,,67558.31657883378,67576.25625,0.027860809190413227,,,,,,none,True,,,,,,,,,,,,,,no_pattern_at_sr
2026-03-09T11:08:37.927541+00:00,BTCUSD,cobra,24433879,H1,HOLD,HOLD,NONE,0,612.1053370502952,0,,,,,,,,,,,,,,,,17.05,17.05,67594.43,67768.49,67555.88,67709.53,,,,,,,,67558.31657883378,67576.25625,0.027860809190413227,,,,,,none,True,,,,,,,,,,,,,,no_pattern_at_sr
2026-03-09T11:08:37.987551+00:00,USOUSD-STD,cobra,24433879,H1,OUTSIDE_HOURS,OUTSIDE_HOURS,NONE,0,4.3538772013751625,0,,,,,,,,,,,,,,,,0.084,0.084,103.247,103.282,101.707,102.032,,,,,,,,,,,,,,,,,,,,,,,,,,,,,,,
2026-03-09T11:09:38.495898+00:00,BTCUSD,cobra,24433879,H1,HOLD,HOLD,NONE,0,612.1053370502952,0,,,,,,,,,,,,,,,,17.02,17.02,67594.43,67768.49,67555.88,67738.49,,,,,,,,67558.31657883378,67576.25625,0.027860809190413227,,,,,,none,True,,,,,,,,,,,,,,no_pattern_at_sr
2026-03-09T11:10:38.923425+00:00,BTCUSD,cobra,24433879,H1,HOLD,HOLD,NONE,0,612.1053370502952,0,,,,,,,,,,,,,,,,17.01,17.01,67594.43,67768.49,67555.88,67690.83,,,,,,,,67558.31657883378,67576.25625,0.027860809190413227,,,,,,none,True,,,,,,,,,,,,,,no_pattern_at_sr
2026-03-09T11:11:39.347940+00:00,BTCUSD,cobra,24433879,H1,HOLD,HOLD,NONE,0,612.1053370502952,0,,,,,,,,,,,,,,,,17.06,17.06,67594.43,67768.49,67555.88,67697.05,,,,,,,,67558.31657883378,67576.25625,0.027860809190413227,,,,,,none,True,,,,,,,,,,,,,,no_pattern_at_sr
2026-03-09T11:12:39.788493+00:00,BTCUSD,cobra,24433879,H1,HOLD,HOLD,NONE,0,612.1053370502952,0,,,,,,,,,,,,,,,,17.05,17.05,67594.43,67768.49,67555.88,67713.71,,,,,,,,67558.31657883378,67576.25625,0.027860809190413227,,,,,,none,True,,,,,,,,,,,,,,no_pattern_at_sr
2026-03-09T11:13:40.217833+00:00,BTCUSD,cobra,24433879,H1,HOLD,HOLD,NONE,0,612.1053370502952,0,,,,,,,,,,,,,,,,16.95,16.95,67594.43,67768.49,67555.88,67716.1,,,,,,,,67558.31657883378,67576.25625,0.027860809190413227,,,,,,none,True,,,,,,,,,,,,,,no_pattern_at_sr
2026-03-09T11:14:40.632092+00:00,BTCUSD,cobra,24433879,H1,HOLD,HOLD,NONE,0,612.1053370502952,0,,,,,,,,,,,,,,,,17.04,17.04,67594.43,67768.49,67555.88,67700.05,,,,,,,,67558.31657883378,67576.25625,0.027860809190413227,,,,,,none,True,,,,,,,,,,,,,,no_pattern_at_sr
2026-03-09T11:15:41.065755+00:00,BTCUSD,cobra,24433879,H1,HOLD,HOLD,NONE,0,612.1053370502952,0,,,,,,,,,,,,,,,,16.95,16.95,67594.43,67768.49,67555.88,67704.79,,,,,,,,67558.31657883378,67576.25625,0.027860809190413227,,,,,,none,True,,,,,,,,,,,,,,no_pattern_at_sr
2026-03-09T11:16:41.498650+00:00,BTCUSD,cobra,24433879,H1,HOLD,HOLD,NONE,0,612.1053370502952,0,,,,,,,,,,,,,,,,16.99,16.99,67594.43,67768.49,67555.88,67605.49,,,,,,,,67558.31657883378,67576.25625,0.027860809190413227,,,,,,none,True,,,,,,,,,,,,,,no_pattern_at_sr
2026-03-09T11:17:41.975031+00:00,BTCUSD,cobra,24433879,H1,HOLD,HOLD,NONE,0,619.261765621724,0,,,,,,,,,,,,,,,,16.99,16.99,67594.43,67768.49,67455.69,67495.92,,,,,,,,67558.31657883378,67576.25625,0.02753883889936317,,,,,,none,True,,,,,,,,,,,,,,no_pattern_at_sr
2026-03-09T11:18:42.478928+00:00,BTCUSD,cobra,24433879,H1,HOLD,HOLD,NONE,0,623.0453370502955,0,,,,,,,,,,,,,,,,17.02,17.02,67594.43,67768.49,67402.72,67434.06,,,,,,,,67558.31657883378,67576.25625,0.027371603615123728,,,,,,none,True,,,,,,,,,,,,,,no_pattern_at_sr
2026-03-09T11:18:42.520522+00:00,USOUSD-STD,cobra,24433879,H1,OUTSIDE_HOURS,OUTSIDE_HOURS,NONE,0,4.3538772013751625,0,,,,,,,,,,,,,,,,0.084,0.084,103.247,103.282,101.707,103.067,,,,,,,,,,,,,,,,,,,,,,,,,,,,,,,
2026-03-09T11:19:42.985497+00:00,BTCUSD,cobra,24433879,H1,HOLD,HOLD,NONE,0,623.0453370502955,0,,,,,,,,,,,,,,,,16.98,16.98,67594.43,67768.49,67402.72,67439.19,,,,,,,,67558.31657883378,67576.25625,0.027371603615123728,,,,,,none,True,,,,,,,,,,,,,,no_pattern_at_sr
2026-03-09T11:20:43.445196+00:00,BTCUSD,cobra,24433879,H1,HOLD,HOLD,NONE,0,626.2410513360102,0,,,,,,,,,,,,,,,,16.94,16.94,67594.43,67768.49,67357.98,67394.63,,,,,,,,67558.31657883378,67576.25625,0.027231926050854893,,,,,,none,True,,,,,,,,,,,,,,no_pattern_at_sr
2026-03-09T11:21:43.892201+00:00,BTCUSD,cobra,24433879,H1,HOLD,HOLD,NONE,0,628.5753370502954,0,,,,,,,,,,,,,,,,16.96,16.96,67594.43,67768.49,67325.3,67388.66,,,,,,,,67558.31657883378,67576.25625,0.027130797208843236,,,,,,none,True,,,,,,,,,,,,,,no_pattern_at_sr
2026-03-09T11:22:44.431804+00:00,BTCUSD,cobra,24433879,H1,HOLD,HOLD,NONE,0,628.5753370502954,0,,,,,,,,,,,,,,,,17.09,17.09,67594.43,67768.49,67325.3,67457.68,,,,,,,,67558.31657883378,67576.25625,0.027130797208843236,,,,,,none,True,,,,,,,,,,,,,,no_pattern_at_sr
2026-03-09T11:23:45.283277+00:00,BTCUSD,cobra,24433879,H1,HOLD,HOLD,NONE,0,628.5753370502954,0,,,,,,,,,,,,,,,,16.99,16.99,67594.43,67768.49,67325.3,67494.48,,,,,,,,67558.31657883378,67576.25625,0.027130797208843236,,,,,,none,True,,,,,,,,,,,,,,no_pattern_at_sr
2026-03-09T11:24:46.409739+00:00,BTCUSD,cobra,24433879,H1,HOLD,HOLD,NONE,0,628.5753370502954,0,,,,,,,,,,,,,,,,17.12,17.12,67594.43,67768.49,67325.3,67514.65,,,,,,,,67558.31657883378,67576.25625,0.027130797208843236,,,,,,none,True,,,,,,,,,,,,,,no_pattern_at_sr
2026-03-09T11:25:47.564262+00:00,BTCUSD,cobra,24433879,H1,HOLD,HOLD,NONE,0,628.5753370502954,0,,,,,,,,,,,,,,,,17.06,17.06,67594.43,67768.49,67325.3,67511.82,,,,,,,,67558.31657883378,67576.25625,0.027130797208843236,,,,,,none,True,,,,,,,,,,,,,,no_pattern_at_sr
2026-03-09T11:26:48.511700+00:00,BTCUSD,cobra,24433879,H1,HOLD,HOLD,NONE,0,628.5753370502954,0,,,,,,,,,,,,,,,,17.04,17.04,67594.43,67768.49,67325.3,67492.33,,,,,,,,67558.31657883378,67576.25625,0.027130797208843236,,,,,,none,True,,,,,,,,,,,,,,no_pattern_at_sr
2026-03-09T11:27:49.355165+00:00,BTCUSD,cobra,24433879,H1,HOLD,HOLD,NONE,0,628.5753370502954,0,,,,,,,,,,,,,,,,17.05,17.05,67594.43,67768.49,67325.3,67513.56,,,,,,,,67558.31657883378,67576.25625,0.027130797208843236,,,,,,none,True,,,,,,,,,,,,,,no_pattern_at_sr
2026-03-09T11:28:49.803201+00:00,BTCUSD,cobra,24433879,H1,HOLD,HOLD,NONE,0,628.5753370502954,0,,,,,,,,,,,,,,,,16.98,16.98,67594.43,67768.49,67325.3,67463.08,,,,,,,,67558.31657883378,67576.25625,0.027130797208843236,,,,,,none,True,,,,,,,,,,,,,,no_pattern_at_sr
2026-03-09T11:28:49.844710+00:00,USOUSD-STD,cobra,24433879,H1,OUTSIDE_HOURS,OUTSIDE_HOURS,NONE,0,4.3885200585180195,0,,,,,,,,,,,,,,,,0.084,0.084,103.247,103.767,101.707,103.322,,,,,,,,,,,,,,,,,,,,,,,,,,,,,,,
2026-03-09T11:29:50.278701+00:00,BTCUSD,cobra,24433879,H1,HOLD,HOLD,NONE,0,628.5753370502954,0,,,,,,,,,,,,,,,,16.95,16.95,67594.43,67768.49,67325.3,67469.51,,,,,,,,67558.31657883378,67576.25625,0.027130797208843236,,,,,,none,True,,,,,,,,,,,,,,no_pattern_at_sr
2026-03-09T11:30:50.756215+00:00,BTCUSD,cobra,24433879,H1,HOLD,HOLD,NONE,0,628.5753370502954,0,,,,,,,,,,,,,,,,16.98,16.98,67594.43,67768.49,67325.3,67495.07,,,,,,,,67558.31657883378,67576.25625,0.027130797208843236,,,,,,none,True,,,,,,,,,,,,,,no_pattern_at_sr
2026-03-09T11:31:51.752197+00:00,BTCUSD,cobra,24433879,H1,HOLD,HOLD,NONE,0,628.5753370502954,0,,,,,,,,,,,,,,,,17.11,17.11,67594.43,67768.49,67325.3,67483.51,,,,,,,,67558.31657883378,67576.25625,0.027130797208843236,,,,,,none,True,,,,,,,,,,,,,,no_pattern_at_sr
2026-03-09T11:32:52.696509+00:00,BTCUSD,cobra,24433879,H1,HOLD,HOLD,NONE,0,628.5753370502954,0,,,,,,,,,,,,,,,,17.11,17.11,67594.43,67768.49,67325.3,67489.77,,,,,,,,67558.31657883378,67576.25625,0.027130797208843236,,,,,,none,True,,,,,,,,,,,,,,no_pattern_at_sr
2026-03-09T11:33:53.769359+00:00,BTCUSD,cobra,24433879,H1,HOLD,HOLD,NONE,0,628.5753370502954,0,,,,,,,,,,,,,,,,16.97,16.97,67594.43,67768.49,67325.3,67487.3,,,,,,,,67558.31657883378,67576.25625,0.027130797208843236,,,,,,none,True,,,,,,,,,,,,,,no_pattern_at_sr
2026-03-09T11:34:54.279801+00:00,BTCUSD,cobra,24433879,H1,HOLD,HOLD,NONE,0,628.5753370502954,0,,,,,,,,,,,,,,,,16.96,16.96,67594.43,67768.49,67325.3,67583.75,,,,,,,,67558.31657883378,67576.25625,0.027130797208843236,,,,,,none,True,,,,,,,,,,,,,,no_pattern_at_sr
2026-03-09T11:35:55.242910+00:00,BTCUSD,cobra,24433879,H1,HOLD,HOLD,NONE,0,628.5753370502954,0,,,,,,,,,,,,,,,,17.1,17.1,67594.43,67768.49,67325.3,67609.41,,,,,,,,67558.31657883378,67576.25625,0.027130797208843236,,,,,,none,True,,,,,,,,,,,,,,no_pattern_at_sr
2026-03-09T11:36:56.218090+00:00,BTCUSD,cobra,24433879,H1,HOLD,HOLD,NONE,0,628.5753370502954,0,,,,,,,,,,,,,,,,16.98,16.98,67594.43,67768.49,67325.3,67591.95,,,,,,,,67558.31657883378,67576.25625,0.027130797208843236,,,,,,none,True,,,,,,,,,,,,,,no_pattern_at_sr
2026-03-09T11:37:57.146067+00:00,BTCUSD,cobra,24433879,H1,HOLD,HOLD,NONE,0,628.5753370502954,0,,,,,,,,,,,,,,,,16.98,16.98,67594.43,67768.49,67325.3,67651.23,,,,,,,,67558.31657883378,67576.25625,0.027130797208843236,,,,,,none,True,,,,,,,,,,,,,,no_pattern_at_sr
2026-03-09T11:38:58.016955+00:00,BTCUSD,cobra,24433879,H1,HOLD,HOLD,NONE,0,628.5753370502954,0,,,,,,,,,,,,,,,,17.06,17.06,67594.43,67768.49,67325.3,67606.77,,,,,,,,67558.31657883378,67576.25625,0.027130797208843236,,,,,,none,True,,,,,,,,,,,,,,no_pattern_at_sr
2026-03-09T11:38:58.060944+00:00,USOUSD-STD,cobra,24433879,H1,OUTSIDE_HOURS,OUTSIDE_HOURS,NONE,0,4.3885200585180195,0,,,,,,,,,,,,,,,,0.084,0.084,103.247,103.767,101.707,102.347,,,,,,,,,,,,,,,,,,,,,,,,,,,,,,,
2026-03-09T11:39:59.066065+00:00,BTCUSD,cobra,24433879,H1,HOLD,HOLD,NONE,0,628.5753370502954,0,,,,,,,,,,,,,,,,16.95,16.95,67594.43,67768.49,67325.3,67653.39,,,,,,,,67558.31657883378,67576.25625,0.027130797208843236,,,,,,none,True,,,,,,,,,,,,,,no_pattern_at_sr
2026-03-09T11:40:59.545172+00:00,BTCUSD,cobra,24433879,H1,HOLD,HOLD,NONE,0,628.5753370502954,0,,,,,,,,,,,,,,,,17.04,17.04,67594.43,67768.49,67325.3,67614.46,,,,,,,,67558.31657883378,67576.25625,0.027130797208843236,,,,,,none,True,,,,,,,,,,,,,,no_pattern_at_sr
2026-03-09T11:42:00.005130+00:00,BTCUSD,cobra,24433879,H1,HOLD,HOLD,NONE,0,628.5753370502954,0,,,,,,,,,,,,,,,,17.02,17.02,67594.43,67768.49,67325.3,67604.36,,,,,,,,67558.31657883378,67576.25625,0.027130797208843236,,,,,,none,True,,,,,,,,,,,,,,no_pattern_at_sr
2026-03-09T11:43:00.580595+00:00,BTCUSD,cobra,24433879,H1,HOLD,HOLD,NONE,0,628.5753370502954,0,,,,,,,,,,,,,,,,17.02,17.02,67594.43,67768.49,67325.3,67626.3,,,,,,,,67558.31657883378,67576.25625,0.027130797208843236,,,,,,none,True,,,,,,,,,,,,,,no_pattern_at_sr
2026-03-09T11:44:01.022233+00:00,BTCUSD,cobra,24433879,H1,HOLD,HOLD,NONE,0,628.5753370502954,0,,,,,,,,,,,,,,,,16.99,16.99,67594.43,67768.49,67325.3,67613.69,,,,,,,,67558.31657883378,67576.25625,0.027130797208843236,,,,,,none,True,,,,,,,,,,,,,,no_pattern_at_sr
2026-03-09T11:45:01.568196+00:00,BTCUSD,cobra,24433879,H1,HOLD,HOLD,NONE,0,628.5753370502954,0,,,,,,,,,,,,,,,,17.01,17.01,67594.43,67768.49,67325.3,67619.52,,,,,,,,67558.31657883378,67576.25625,0.027130797208843236,,,,,,none,True,,,,,,,,,,,,,,no_pattern_at_sr
2026-03-09T11:46:04.412312+00:00,BTCUSD,cobra,24433879,H1,HOLD,HOLD,NONE,0,628.5753370502954,0,,,,,,,,,,,,,,,,17.11,17.11,67594.43,67768.49,67325.3,67636.08,,,,,,,,67558.31657883378,67576.25625,0.027130797208843236,,,,,,none,True,,,,,,,,,,,,,,no_pattern_at_sr
2026-03-09T11:46:04.470397+00:00,USOUSD-STD,cobra,24433879,H1,OUTSIDE_HOURS,OUTSIDE_HOURS,NONE,0,4.3885200585180195,0,,,,,,,,,,,,,,,,0.084,0.084,103.247,103.767,101.707,102.282,,,,,,,,,,,,,,,,,,,,,,,,,,,,,,,
2026-03-09T11:47:05.237951+00:00,BTCUSD,cobra,24433879,H1,HOLD,HOLD,NONE,0,628.5753370502954,0,,,,,,,,,,,,,,,,17.07,17.07,67594.43,67768.49,67325.3,67695.62,,,,,,,,67558.31657883378,67576.25625,0.027130797208843236,,,,,,none,True,,,,,,,,,,,,,,no_pattern_at_sr
2026-03-09T11:48:05.680761+00:00,BTCUSD,cobra,24433879,H1,HOLD,HOLD,NONE,0,628.5753370502954,0,,,,,,,,,,,,,,,,17.09,17.09,67594.43,67768.49,67325.3,67659.4,,,,,,,,67558.31657883378,67576.25625,0.027130797208843236,,,,,,none,True,,,,,,,,,,,,,,no_pattern_at_sr
2026-03-09T11:49:06.537771+00:00,BTCUSD,cobra,24433879,H1,HOLD,HOLD,NONE,0,628.5753370502954,0,,,,,,,,,,,,,,,,17.09,17.09,67594.43,67768.49,67325.3,67619.87,,,,,,,,67558.31657883378,67576.25625,0.027130797208843236,,,,,,none,True,,,,,,,,,,,,,,no_pattern_at_sr
2026-03-09T11:50:07.551054+00:00,BTCUSD,cobra,24433879,H1,HOLD,HOLD,NONE,0,628.5753370502954,0,,,,,,,,,,,,,,,,17.04,17.04,67594.43,67768.49,67325.3,67577.95,,,,,,,,67558.31657883378,67576.25625,0.027130797208843236,,,,,,none,True,,,,,,,,,,,,,,no_pattern_at_sr
2026-03-09T11:51:08.347853+00:00,BTCUSD,cobra,24433879,H1,HOLD,HOLD,NONE,0,628.5753370502954,0,,,,,,,,,,,,,,,,16.96,16.96,67594.43,67768.49,67325.3,67596.82,,,,,,,,67558.31657883378,67576.25625,0.027130797208843236,,,,,,none,True,,,,,,,,,,,,,,no_pattern_at_sr
2026-03-09T11:52:08.776616+00:00,BTCUSD,cobra,24433879,H1,HOLD,HOLD,NONE,0,628.5753370502954,0,,,,,,,,,,,,,,,,17.12,17.12,67594.43,67768.49,67325.3,67655.37,,,,,,,,67558.31657883378,67576.25625,0.027130797208843236,,,,,,none,True,,,,,,,,,,,,,,no_pattern_at_sr
2026-03-09T11:53:09.195113+00:00,BTCUSD,cobra,24433879,H1,HOLD,HOLD,NONE,0,628.5753370502954,0,,,,,,,,,,,,,,,,16.96,16.96,67594.43,67768.49,67325.3,67703.33,,,,,,,,67558.31657883378,67576.25625,0.027130797208843236,,,,,,none,True,,,,,,,,,,,,,,no_pattern_at_sr
2026-03-09T11:54:09.972997+00:00,BTCUSD,cobra,24433879,H1,HOLD,HOLD,NONE,0,628.5753370502954,0,,,,,,,,,,,,,,,,17.08,17.08,67594.43,67768.49,67325.3,67723.17,,,,,,,,67558.31657883378,67576.25625,0.027130797208843236,,,,,,none,True,,,,,,,,,,,,,,no_pattern_at_sr
2026-03-09T11:55:11.031451+00:00,BTCUSD,cobra,24433879,H1,HOLD,HOLD,NONE,0,632.4831941931519,0,,,,,,,,,,,,,,,,17.09,17.09,67594.43,67823.2,67325.3,67819.26,,,,,,,,67558.31657883378,67576.25625,0.02696316701623516,,,,,,none,True,,,,,,,,,,,,,,no_pattern_at_sr
2026-03-09T11:56:11.940812+00:00,BTCUSD,cobra,24433879,H1,HOLD,HOLD,NONE,0,633.5489084788661,0,,,,,,,,,,,,,,,,17.11,17.11,67594.43,67838.12,67325.3,67837.24,,,,,,,,67558.31657883378,67576.25625,0.026917811350882833,,,,,,none,True,,,,,,,,,,,,,,no_pattern_at_sr
2026-03-09T11:56:11.982777+00:00,USOUSD-STD,cobra,24433879,H1,OUTSIDE_HOURS,OUTSIDE_HOURS,NONE,0,4.396377201375162,0,,,,,,,,,,,,,,,,0.084,0.084,103.247,103.767,101.597,102.227,,,,,,,,,,,,,,,,,,,,,,,,,,,,,,,
2026-03-09T11:57:12.336841+00:00,BTCUSD,cobra,24433879,H1,HOLD,HOLD,NONE,0,634.3074799074383,0,,,,,,,,,,,,,,,,16.98,16.98,67594.43,67848.74,67325.3,67809.89,,,,,,,,67558.31657883378,67576.25625,0.02688562020816849,,,,,,none,True,,,,,,,,,,,,,,no_pattern_at_sr
2026-03-09T11:58:12.781805+00:00,BTCUSD,cobra,24433879,H1,HOLD,HOLD,NONE,0,634.3074799074383,0,,,,,,,,,,,,,,,,17.04,17.04,67594.43,67848.74,67325.3,67771.82,,,,,,,,67558.31657883378,67576.25625,0.02688562020816849,,,,,,none,True,,,,,,,,,,,,,,no_pattern_at_sr
2026-03-09T11:59:13.316206+00:00,BTCUSD,cobra,24433879,H1,HOLD,HOLD,NONE,0,634.3074799074383,0,,,,,,,,,,,,,,,,17.01,17.01,67594.43,67848.74,67325.3,67777.19,,,,,,,,67558.31657883378,67576.25625,0.02688562020816849,,,,,,none,True,,,,,,,,,,,,,,no_pattern_at_sr
2026-03-09T12:00:13.717288+00:00,BTCUSD,cobra,24433879,H1,HOLD,HOLD,NONE,0,590.0269508154124,0,,,,,,,,,,,,,,,,17.06,17.06,67757.05,67766.81,67754.47,67759.47,,,,,,,,67566.04924870629,67578.80799999999,0.29426113461437453,,,,,,none,True,,,,,,,,,,,,,,no_pattern_at_sr
2026-03-09T12:01:14.289416+00:00,BTCUSD,cobra,24433879,H1,HOLD,HOLD,NONE,0,592.540522243984,0,,,,,,,,,,,,,,,,17.02,17.02,67757.05,67793.24,67743.67,67785.26,,,,,,,,67566.04924870629,67578.80799999999,0.2930128716640118,,,,,,none,True,,,,,,,,,,,,,,no_pattern_at_sr
2026-03-09T12:02:15.300192+00:00,BTCUSD,cobra,24433879,H1,HOLD,HOLD,NONE,0,595.9019508154124,0,,,,,,,,,,,,,,,,16.97,16.97,67757.05,67840.3,67743.67,67840.0,,,,,,,,67566.04924870629,67578.80799999999,0.2913600127712696,,,,,,none,True,,,,,,,,,,,,,,no_pattern_at_sr
2026-03-09T12:03:15.852394+00:00,BTCUSD,cobra,24433879,H1,HOLD,HOLD,NONE,0,597.9783793868404,0,,,,,,,,,,,,,,,,17.11,17.11,67757.05,67869.37,67743.67,67859.95,,,,,,,,67566.04924870629,67578.80799999999,0.2903482901472673,,,,,,none,True,,,,,,,,,,,,,,no_pattern_at_sr
2026-03-09T12:04:16.596811+00:00,BTCUSD,cobra,24433879,H1,HOLD,HOLD,NONE,0,597.9783793868404,0,,,,,,,,,,,,,,,,17.03,17.03,67757.05,67869.37,67743.67,67848.28,,,,,,,,67566.04924870629,67578.80799999999,0.2903482901472673,,,,,,none,True,,,,,,,,,,,,,,no_pattern_at_sr
2026-03-09T12:05:17.041082+00:00,BTCUSD,cobra,24433879,H1,HOLD,HOLD,NONE,0,598.9883793868404,0,,,,,,,,,,,,,,,,17.1,17.1,67757.05,67883.51,67743.67,67833.76,,,,,,,,67566.04924870629,67578.80799999999,0.2898587117461823,,,,,,none,True,,,,,,,,,,,,,,no_pattern_at_sr
2026-03-09T12:06:17.502852+00:00,BTCUSD,cobra,24433879,H1,HOLD,HOLD,NONE,0,598.9883793868404,0,,,,,,,,,,,,,,,,17.03,17.03,67757.05,67883.51,67743.67,67860.36,,,,,,,,67566.04924870629,67578.80799999999,0.2898587117461823,,,,,,none,True,,,,,,,,,,,,,,no_pattern_at_sr
2026-03-09T12:06:17.546148+00:00,USOUSD-STD,cobra,24433879,H1,OUTSIDE_HOURS,OUTSIDE_HOURS,NONE,0,4.20127882775049,0,,,,,,,,,,,,,,,,0.084,0.084,102.192,102.312,100.647,100.802,,,,,,,,,,,,,,,,,,,,,,,,,,,,,,,
2026-03-09T12:07:18.221643+00:00,BTCUSD,cobra,24433879,H1,HOLD,HOLD,NONE,0,598.9883793868404,0,,,,,,,,,,,,,,,,17.11,17.11,67757.05,67883.51,67743.67,67851.8,,,,,,,,67566.04924870629,67578.80799999999,0.2898587117461823,,,,,,none,True,,,,,,,,,,,,,,no_pattern_at_sr
2026-03-09T12:08:19.142396+00:00,BTCUSD,cobra,24433879,H1,HOLD,HOLD,NONE,0,598.9883793868404,0,,,,,,,,,,,,,,,,17.0,17.0,67757.05,67883.51,67743.67,67865.19,,,,,,,,67566.04924870629,67578.80799999999,0.2898587117461823,,,,,,none,True,,,,,,,,,,,,,,no_pattern_at_sr
2026-03-09T12:09:19.971644+00:00,BTCUSD,cobra,24433879,H1,HOLD,HOLD,NONE,0,598.9883793868404,0,,,,,,,,,,,,,,,,17.11,17.11,67757.05,67883.51,67743.67,67859.11,,,,,,,,67566.04924870629,67578.80799999999,0.2898587117461823,,,,,,none,True,,,,,,,,,,,,,,no_pattern_at_sr
2026-03-09T12:10:20.435558+00:00,BTCUSD,cobra,24433879,H1,HOLD,HOLD,NONE,0,598.9883793868404,0,,,,,,,,,,,,,,,,16.96,16.96,67757.05,67883.51,67743.67,67825.65,,,,,,,,67566.04924870629,67578.80799999999,0.2898587117461823,,,,,,none,True,,,,,,,,,,,,,,no_pattern_at_sr
2026-03-09T12:11:21.233297+00:00,BTCUSD,cobra,24433879,H1,HOLD,HOLD,NONE,0,598.9883793868404,0,,,,,,,,,,,,,,,,17.05,17.05,67757.05,67883.51,67743.67,67832.21,,,,,,,,67566.04924870629,67578.80799999999,0.2898587117461823,,,,,,none,True,,,,,,,,,,,,,,no_pattern_at_sr
2026-03-09T12:12:22.118824+00:00,BTCUSD,cobra,24433879,H1,HOLD,HOLD,NONE,0,598.9883793868404,0,,,,,,,,,,,,,,,,16.99,16.99,67757.05,67883.51,67743.67,67805.34,,,,,,,,67566.04924870629,67578.80799999999,0.2898587117461823,,,,,,none,True,,,,,,,,,,,,,,no_pattern_at_sr
2026-03-09T12:13:22.533960+00:00,BTCUSD,cobra,24433879,H1,HOLD,HOLD,NONE,0,598.9883793868404,0,,,,,,,,,,,,,,,,17.12,17.12,67757.05,67883.51,67743.67,67834.01,,,,,,,,67566.04924870629,67578.80799999999,0.2898587117461823,,,,,,none,True,,,,,,,,,,,,,,no_pattern_at_sr
2026-03-09T12:14:23.269987+00:00,BTCUSD,cobra,24433879,H1,HOLD,HOLD,NONE,0,598.9883793868404,0,,,,,,,,,,,,,,,,17.07,17.07,67757.05,67883.51,67743.67,67858.61,,,,,,,,67566.04924870629,67578.80799999999,0.2898587117461823,,,,,,none,True,,,,,,,,,,,,,,no_pattern_at_sr
2026-03-09T12:15:24.126310+00:00,BTCUSD,cobra,24433879,H1,HOLD,HOLD,NONE,0,603.4598079582694,0,,,,,,,,,,,,,,,,17.08,17.08,67757.05,67946.11,67743.67,67945.12,,,,,,,,67566.04924870629,67578.80799999999,0.2877109588912496,,,,,,none,True,,,,,,,,,,,,,,no_pattern_at_sr
2026-03-09T12:16:25.010248+00:00,BTCUSD,cobra,24433879,H1,HOLD,HOLD,NONE,0,604.2676651011263,0,,,,,,,,,,,,,,,,17.02,17.02,67757.05,67957.42,67743.67,67913.77,,,,,,,,67566.04924870629,67578.80799999999,0.287326312538909,,,,,,none,True,,,,,,,,,,,,,,no_pattern_at_sr
2026-03-09T12:16:25.092465+00:00,USOUSD-STD,cobra,24433879,H1,OUTSIDE_HOURS,OUTSIDE_HOURS,NONE,0,4.203778827750491,0,,,,,,,,,,,,,,,,0.084,0.084,102.192,102.312,100.612,101.002,,,,,,,,,,,,,,,,,,,,,,,,,,,,,,,
2026-03-09T12:17:25.927045+00:00,BTCUSD,cobra,24433879,H1,HOLD,HOLD,NONE,0,604.2676651011263,0,,,,,,,,,,,,,,,,17.0,17.0,67757.05,67957.42,67743.67,67884.77,,,,,,,,67566.04924870629,67578.80799999999,0.287326312538909,,,,,,none,True,,,,,,,,,,,,,,no_pattern_at_sr
2026-03-09T12:18:26.393526+00:00,BTCUSD,cobra,24433879,H1,HOLD,HOLD,NONE,0,604.2676651011263,0,,,,,,,,,,,,,,,,16.95,16.95,67757.05,67957.42,67743.67,67892.04,,,,,,,,67566.04924870629,67578.80799999999,0.287326312538909,,,,,,none,True,,,,,,,,,,,,,,no_pattern_at_sr
2026-03-09T12:19:26.792174+00:00,BTCUSD,cobra,24433879,H1,HOLD,HOLD,NONE,0,605.1212365296975,0,,,,,,,,,,,,,,,,16.96,16.96,67757.05,67969.37,67743.67,67963.93,,,,,,,,67566.04924870629,67578.80799999999,0.28692101601937775,,,,,,none,True,,,,,,,,,,,,,,no_pattern_at_sr
2026-03-09T12:20:27.672518+00:00,BTCUSD,cobra,24433879,H1,HOLD,HOLD,NONE,0,607.9898079582692,0,,,,,,,,,,,,,,,,17.04,17.04,67757.05,68009.53,67743.67,67991.18,,,,,,,,67566.04924870629,67578.80799999999,0.28556728702912726,,,,,,none,True,,,,,,,,,,,,,,no_pattern_at_sr
2026-03-09T12:21:28.492360+00:00,BTCUSD,cobra,24433879,H1,HOLD,HOLD,NONE,0,607.9898079582692,0,,,,,,,,,,,,,,,,16.96,16.96,67757.05,68009.53,67743.67,67980.9,,,,,,,,67566.04924870629,67578.80799999999,0.28556728702912726,,,,,,none,True,,,,,,,,,,,,,,no_pattern_at_sr
2026-03-09T12:22:29.339796+00:00,BTCUSD,cobra,24433879,H1,HOLD,HOLD,NONE,0,610.3883793868408,0,,,,,,,,,,,,,,,,17.01,17.01,67757.05,68043.11,67743.67,68043.11,,,,,,,,67566.04924870629,67578.80799999999,0.2844451268459815,,,,,,none,True,,,,,,,,,,,,,,no_pattern_at_sr
2026-03-09T12:23:29.739035+00:00,BTCUSD,cobra,24433879,H1,HOLD,HOLD,NONE,0,612.2076651011266,0,,,,,,,,,,,,,,,,17.04,17.04,67757.05,68068.58,67743.67,68024.53,,,,,,,,67566.04924870629,67578.80799999999,0.2835998467469752,,,,,,none,True,,,,,,,,,,,,,,no_pattern_at_sr
2026-03-09T12:24:30.144197+00:00,BTCUSD,cobra,24433879,H1,HOLD,HOLD,NONE,0,612.2076651011266,0,,,,,,,,,,,,,,,,17.04,17.04,67757.05,68068.58,67743.67,68036.4,,,,,,,,67566.04924870629,67578.80799999999,0.2835998467469752,,,,,,none,True,,,,,,,,,,,,,,no_pattern_at_sr
2026-03-09T12:25:30.539504+00:00,BTCUSD,cobra,24433879,H1,HOLD,HOLD,NONE,0,613.8226651011266,0,,,,,,,,,,,,,,,,17.06,17.06,67757.05,68091.19,67743.67,68061.07,,,,,,,,67566.04924870629,67578.80799999999,0.28285368050298204,,,,,,none,True,,,,,,,,,,,,,,no_pattern_at_sr
2026-03-09T12:25:30.579456+00:00,XAUUSD-STD,cobra,24433879,H1,HOLD,HOLD,NONE,0,33.36137002910962,0,,,,,,,,,,,,,,,,0.21,0.21,5088.21,5106.42,5088.21,5104.52,,,,,,,,5117.008636378958,5099.6849999999995,0.3496559041136711,,,,,,none,True,,,,,,,,,,,,,,no_pattern_at_sr
2026-03-09T12:26:30.931283+00:00,BTCUSD,cobra,24433879,H1,HOLD,HOLD,NONE,0,613.8226651011266,0,,,,,,,,,,,,,,,,17.11,17.11,67757.05,68091.19,67743.67,68032.32,,,,,,,,67566.04924870629,67578.80799999999,0.28285368050298204,,,,,,none,True,,,,,,,,,,,,,,no_pattern_at_sr
2026-03-09T12:26:30.973072+00:00,XAUUSD-STD,cobra,24433879,H1,HOLD,HOLD,NONE,0,33.36137002910962,0,,,,,,,,,,,,,,,,0.26,0.26,5088.21,5106.42,5088.21,5103.78,,,,,,,,5117.008636378958,5099.6849999999995,0.3496559041136711,,,,,,none,True,,,,,,,,,,,,,,no_pattern_at_sr
2026-03-09T12:26:30.973491+00:00,USOUSD-STD,cobra,24433879,H1,OUTSIDE_HOURS,OUTSIDE_HOURS,NONE,0,4.236993113464776,0,,,,,,,,,,,,,,,,0.104,0.104,102.192,102.312,100.147,100.232,,,,,,,,,,,,,,,,,,,,,,,,,,,,,,,
2026-03-09T12:27:31.546068+00:00,BTCUSD,cobra,24433879,H1,HOLD,HOLD,NONE,0,613.8226651011266,0,,,,,,,,,,,,,,,,17.09,17.09,67757.05,68091.19,67743.67,68029.11,,,,,,,,67566.04924870629,67578.80799999999,0.28285368050298204,,,,,,none,True,,,,,,,,,,,,,,no_pattern_at_sr
2026-03-09T12:27:31.587005+00:00,XAUUSD-STD,cobra,24433879,H1,HOLD,HOLD,NONE,0,33.36137002910962,0,,,,,,,,,,,,,,,,0.22,0.22,5088.21,5106.42,5088.21,5105.1,,,,,,,,5117.008636378958,5099.6849999999995,0.3496559041136711,,,,,,none,True,,,,,,,,,,,,,,no_pattern_at_sr
2026-03-09T12:28:32.211547+00:00,BTCUSD,cobra,24433879,H1,HOLD,HOLD,NONE,0,613.8226651011266,0,,,,,,,,,,,,,,,,17.12,17.12,67757.05,68091.19,67743.67,68072.94,,,,,,,,67566.04924870629,67578.80799999999,0.28285368050298204,,,,,,none,True,,,,,,,,,,,,,,no_pattern_at_sr
2026-03-09T12:28:32.253923+00:00,XAUUSD-STD,cobra,24433879,H1,HOLD,HOLD,NONE,0,33.430655743395356,0,,,,,,,,,,,,,,,,0.23,0.23,5088.21,5107.39,5088.21,5107.29,,,,,,,,5117.008636378958,5099.6849999999995,0.3489312351374867,,,,,,none,True,,,,,,,,,,,,,,no_pattern_at_sr
2026-03-09T12:29:32.631005+00:00,BTCUSD,cobra,24433879,H1,HOLD,HOLD,NONE,0,618.2448079582697,0,,,,,,,,,,,,,,,,16.99,16.99,67757.05,68153.1,67743.67,68149.32,,,,,,,,67566.04924870629,67578.80799999999,0.28083050235938606,,,,,,none,True,,,,,,,,,,,,,,no_pattern_at_sr
2026-03-09T12:29:32.673508+00:00,XAUUSD-STD,cobra,24433879,H1,HOLD,HOLD,NONE,0,33.620655743395346,0,,,,,,,,,,,,,,,,0.22,0.22,5088.21,5110.05,5088.21,5110.05,,,,,,,,5117.008636378958,5099.6849999999995,0.346959324322239,,,,,,none,True,,,,,,,,,,,,,,no_pattern_at_sr
2026-03-09T12:30:33.097031+00:00,BTCUSD,cobra,24433879,H1,HOLD,HOLD,NONE,0,618.2655222439836,0,,,,,,,,,,,,,,,,17.01,17.01,67757.05,68153.39,67743.67,68089.0,,,,,,,,67566.04924870629,67578.80799999999,0.28082109345163725,,,,,,none,True,,,,,,,,,,,,,,no_pattern_at_sr
2026-03-09T12:30:33.138320+00:00,XAUUSD-STD,cobra,24433879,H1,HOLD,HOLD,NONE,0,33.67637002910961,0,,,,,,,,,,,,,,,,0.2,0.2,5088.21,5110.83,5088.21,5110.45,,,,,,,,5117.008636378958,5099.6849999999995,0.34638531379468485,,,,,,none,True,,,,,,,,,,,,,,no_pattern_at_sr
2026-03-09T12:31:33.503179+00:00,BTCUSD,cobra,24433879,H1,HOLD,HOLD,NONE,0,618.2655222439836,0,,,,,,,,,,,,,,,,17.11,17.11,67757.05,68153.39,67743.67,68116.24,,,,,,,,67566.04924870629,67578.80799999999,0.28082109345163725,,,,,,none,True,,,,,,,,,,,,,,no_pattern_at_sr
2026-03-09T12:31:33.543553+00:00,XAUUSD-STD,cobra,24433879,H1,HOLD,HOLD,NONE,0,33.77208431482391,0,,,,,,,,,,,,,,,,0.19,0.19,5088.21,5112.17,5088.21,5111.95,,,,,,,,5117.008636378958,5099.6849999999995,0.34540361475050635,,,,,,none,True,,,,,,,,,,,,,,no_pattern_at_sr
2026-03-09T12:32:33.943333+00:00,BTCUSD,cobra,24433879,H1,HOLD,HOLD,NONE,0,618.2655222439836,0,,,,,,,,,,,,,,,,17.04,17.04,67757.05,68153.39,67743.67,68040.0,,,,,,,,67566.04924870629,67578.80799999999,0.28082109345163725,,,,,,none,True,,,,,,,,,,,,,,no_pattern_at_sr
2026-03-09T12:32:33.984874+00:00,XAUUSD-STD,cobra,24433879,H1,HOLD,HOLD,NONE,0,33.77208431482391,0,,,,,,,,,,,,,,,,0.2,0.2,5088.21,5112.17,5088.21,5111.34,,,,,,,,5117.008636378958,5099.6849999999995,0.34540361475050635,,,,,,none,True,,,,,,,,,,,,,,no_pattern_at_sr
2026-03-09T12:33:34.380247+00:00,BTCUSD,cobra,24433879,H1,HOLD,HOLD,NONE,0,618.2655222439836,0,,,,,,,,,,,,,,,,17.06,17.06,67757.05,68153.39,67743.67,68018.62,,,,,,,,67566.04924870629,67578.80799999999,0.28082109345163725,,,,,,none,True,,,,,,,,,,,,,,no_pattern_at_sr
2026-03-09T12:33:34.421689+00:00,XAUUSD-STD,cobra,24433879,H1,HOLD,HOLD,NONE,0,33.77208431482391,0,,,,,,,,,,,,,,,,0.22,0.22,5088.21,5112.17,5088.21,5111.47,,,,,,,,5117.008636378958,5099.6849999999995,0.34540361475050635,,,,,,none,True,,,,,,,,,,,,,,no_pattern_at_sr
2026-03-09T12:34:34.789359+00:00,BTCUSD,cobra,24433879,H1,HOLD,HOLD,NONE,0,618.2655222439836,0,,,,,,,,,,,,,,,,17.08,17.08,67757.05,68153.39,67743.67,67997.73,,,,,,,,67566.04924870629,67578.80799999999,0.28082109345163725,,,,,,none,True,,,,,,,,,,,,,,no_pattern_at_sr
2026-03-09T12:34:34.829489+00:00,XAUUSD-STD,cobra,24433879,H1,HOLD,HOLD,NONE,0,33.77208431482391,0,,,,,,,,,,,,,,,,0.21,0.21,5088.21,5112.17,5088.21,5109.38,,,,,,,,5117.008636378958,5099.6849999999995,0.34540361475050635,,,,,,none,True,,,,,,,,,,,,,,no_pattern_at_sr
2026-03-09T12:35:35.217054+00:00,BTCUSD,cobra,24433879,H1,HOLD,HOLD,NONE,0,618.2655222439836,0,,,,,,,,,,,,,,,,17.02,17.02,67757.05,68153.39,67743.67,68023.22,,,,,,,,67566.04924870629,67578.80799999999,0.28082109345163725,,,,,,none,True,,,,,,,,,,,,,,no_pattern_at_sr
2026-03-09T12:35:35.258544+00:00,XAUUSD-STD,cobra,24433879,H1,HOLD,HOLD,NONE,0,33.77208431482391,0,,,,,,,,,,,,,,,,0.23,0.23,5088.21,5112.17,5088.21,5107.95,,,,,,,,5117.008636378958,5099.6849999999995,0.34540361475050635,,,,,,none,True,,,,,,,,,,,,,,no_pattern_at_sr
2026-03-09T12:36:35.630109+00:00,BTCUSD,cobra,24433879,H1,HOLD,HOLD,NONE,0,618.2655222439836,0,,,,,,,,,,,,,,,,16.94,16.94,67757.05,68153.39,67743.67,68038.95,,,,,,,,67566.04924870629,67578.80799999999,0.28082109345163725,,,,,,none,True,,,,,,,,,,,,,,no_pattern_at_sr
2026-03-09T12:36:35.672491+00:00,XAUUSD-STD,cobra,24433879,H1,HOLD,HOLD,NONE,0,33.77208431482391,0,,,,,,,,,,,,,,,,0.21,0.21,5088.21,5112.17,5088.21,5108.77,,,,,,,,5117.008636378958,5099.6849999999995,0.34540361475050635,,,,,,none,True,,,,,,,,,,,,,,no_pattern_at_sr
2026-03-09T12:36:35.672970+00:00,USOUSD-STD,cobra,24433879,H1,OUTSIDE_HOURS,OUTSIDE_HOURS,NONE,0,4.236993113464776,0,,,,,,,,,,,,,,,,0.084,0.084,102.192,102.312,100.147,100.857,,,,,,,,,,,,,,,,,,,,,,,,,,,,,,,
2026-03-09T12:37:36.071715+00:00,BTCUSD,cobra,24433879,H1,HOLD,HOLD,NONE,0,629.5005222439831,0,,,,,,,,,,,,,,,,17.06,17.06,67757.05,68310.68,67743.67,68268.42,,,,,,,,67566.04924870629,67578.80799999999,0.275809143701886,,,,,,none,True,,,,,,,,,,,,,,no_pattern_at_sr
2026-03-09T12:37:36.114629+00:00,XAUUSD-STD,cobra,24433879,H1,HOLD,HOLD,NONE,0,33.77208431482391,0,,,,,,,,,,,,,,,,0.2,0.2,5088.21,5112.17,5088.21,5109.0,,,,,,,,5117.008636378958,5099.6849999999995,0.34540361475050635,,,,,,none,True,,,,,,,,,,,,,,no_pattern_at_sr
2026-03-09T12:38:36.492564+00:00,BTCUSD,cobra,24433879,H1,HOLD,HOLD,NONE,0,631.4133793868413,0,,,,,,,,,,,,,,,,17.12,17.12,67757.05,68337.46,67743.67,68310.85,,,,,,,,67566.04924870629,67578.80799999999,0.27497358413375006,,,,,,none,True,,,,,,,,,,,,,,no_pattern_at_sr
2026-03-09T12:38:36.535001+00:00,XAUUSD-STD,cobra,24433879,H1,HOLD,HOLD,NONE,0,33.77208431482391,0,,,,,,,,,,,,,,,,0.22,0.22,5088.21,5112.17,5088.21,5108.79,,,,,,,,5117.008636378958,5099.6849999999995,0.34540361475050635,,,,,,none,True,,,,,,,,,,,,,,no_pattern_at_sr
2026-03-09T12:39:36.895642+00:00,BTCUSD,cobra,24433879,H1,HOLD,HOLD,NONE,0,631.4133793868413,0,,,,,,,,,,,,,,,,17.12,17.12,67757.05,68337.46,67743.67,68283.68,,,,,,,,67566.04924870629,67578.80799999999,0.27497358413375006,,,,,,none,True,,,,,,,,,,,,,,no_pattern_at_sr
2026-03-09T12:39:36.937552+00:00,XAUUSD-STD,cobra,24433879,H1,HOLD,HOLD,NONE,0,33.77208431482391,0,,,,,,,,,,,,,,,,0.21,0.21,5088.21,5112.17,5088.21,5109.04,,,,,,,,5117.008636378958,5099.6849999999995,0.34540361475050635,,,,,,none,True,,,,,,,,,,,,,,no_pattern_at_sr
2026-03-09T12:40:37.397326+00:00,BTCUSD,cobra,24433879,H1,HOLD,HOLD,NONE,0,631.4133793868413,0,,,,,,,,,,,,,,,,16.94,16.94,67757.05,68337.46,67743.67,68204.71,,,,,,,,67566.04924870629,67578.80799999999,0.27497358413375006,,,,,,none,True,,,,,,,,,,,,,,no_pattern_at_sr
2026-03-09T12:40:37.437272+00:00,XAUUSD-STD,cobra,24433879,H1,HOLD,HOLD,NONE,0,33.77208431482391,0,,,,,,,,,,,,,,,,0.22,0.22,5088.21,5112.17,5088.21,5109.6,,,,,,,,5117.008636378958,5099.6849999999995,0.34540361475050635,,,,,,none,True,,,,,,,,,,,,,,no_pattern_at_sr
2026-03-09T12:41:37.811402+00:00,BTCUSD,cobra,24433879,H1,HOLD,HOLD,NONE,0,631.4133793868413,0,,,,,,,,,,,,,,,,17.05,17.05,67757.05,68337.46,67743.67,68309.0,,,,,,,,67566.04924870629,67578.80799999999,0.27497358413375006,,,,,,none,True,,,,,,,,,,,,,,no_pattern_at_sr
2026-03-09T12:41:37.852734+00:00,XAUUSD-STD,cobra,24433879,H1,HOLD,HOLD,NONE,0,33.77208431482391,0,,,,,,,,,,,,,,,,0.21,0.21,5088.21,5112.17,5088.21,5110.34,,,,,,,,5117.008636378958,5099.6849999999995,0.34540361475050635,,,,,,none,True,,,,,,,,,,,,,,no_pattern_at_sr
2026-03-09T12:42:38.235588+00:00,BTCUSD,cobra,24433879,H1,HOLD,HOLD,NONE,0,631.4212365296984,0,,,,,,,,,,,,,,,,17.11,17.11,67757.05,68337.57,67743.67,68258.82,,,,,,,,67566.04924870629,67578.80799999999,0.27497016247700573,,,,,,none,True,,,,,,,,,,,,,,no_pattern_at_sr
2026-03-09T12:42:38.275679+00:00,XAUUSD-STD,cobra,24433879,H1,HOLD,HOLD,NONE,0,33.77208431482391,0,,,,,,,,,,,,,,,,0.19,0.19,5088.21,5112.17,5088.21,5104.64,,,,,,,,5117.008636378958,5099.6849999999995,0.34540361475050635,,,,,,none,True,,,,,,,,,,,,,,no_pattern_at_sr
2026-03-09T12:43:38.629980+00:00,BTCUSD,cobra,24433879,H1,HOLD,HOLD,NONE,0,631.4212365296984,0,,,,,,,,,,,,,,,,16.97,16.97,67757.05,68337.57,67743.67,68166.05,,,,,,,,67566.04924870629,67578.80799999999,0.27497016247700573,,,,,,none,True,,,,,,,,,,,,,,no_pattern_at_sr
2026-03-09T12:43:38.670316+00:00,XAUUSD-STD,cobra,24433879,H1,HOLD,HOLD,NONE,0,33.77208431482391,0,,,,,,,,,,,,,,,,0.19,0.19,5088.21,5112.17,5088.21,5105.91,,,,,,,,5117.008636378958,5099.6849999999995,0.34540361475050635,,,,,,none,True,,,,,,,,,,,,,,no_pattern_at_sr
2026-03-09T12:44:39.035643+00:00,BTCUSD,cobra,24433879,H1,HOLD,HOLD,NONE,0,631.4212365296984,0,,,,,,,,,,,,,,,,17.04,17.04,67757.05,68337.57,67743.67,68124.71,,,,,,,,67566.04924870629,67578.80799999999,0.27497016247700573,,,,,,none,True,,,,,,,,,,,,,,no_pattern_at_sr
2026-03-09T12:44:39.077315+00:00,XAUUSD-STD,cobra,24433879,H1,HOLD,HOLD,NONE,0,33.77208431482391,0,,,,,,,,,,,,,,,,0.2,0.2,5088.21,5112.17,5088.21,5105.8,,,,,,,,5117.008636378958,5099.6849999999995,0.34540361475050635,,,,,,none,True,,,,,,,,,,,,,,no_pattern_at_sr
2026-03-09T12:45:39.431412+00:00,BTCUSD,cobra,24433879,H1,HOLD,HOLD,NONE,0,631.4212365296984,0,,,,,,,,,,,,,,,,17.02,17.02,67757.05,68337.57,67743.67,68102.53,,,,,,,,67566.04924870629,67578.80799999999,0.27497016247700573,,,,,,none,True,,,,,,,,,,,,,,no_pattern_at_sr
2026-03-09T12:45:39.472509+00:00,XAUUSD-STD,cobra,24433879,H1,HOLD,HOLD,NONE,0,33.77208431482391,0,,,,,,,,,,,,,,,,0.21,0.21,5088.21,5112.17,5088.21,5104.81,,,,,,,,5117.008636378958,5099.6849999999995,0.34540361475050635,,,,,,none,True,,,,,,,,,,,,,,no_pattern_at_sr
2026-03-09T12:46:39.818945+00:00,BTCUSD,cobra,24433879,H1,HOLD,HOLD,NONE,0,631.4212365296984,0,,,,,,,,,,,,,,,,17.01,17.01,67757.05,68337.57,67743.67,68104.84,,,,,,,,67566.04924870629,67578.80799999999,0.27497016247700573,,,,,,none,True,,,,,,,,,,,,,,no_pattern_at_sr
2026-03-09T12:46:39.860061+00:00,XAUUSD-STD,cobra,24433879,H1,HOLD,HOLD,NONE,0,33.77208431482391,0,,,,,,,,,,,,,,,,0.19,0.19,5088.21,5112.17,5088.21,5104.58,,,,,,,,5117.008636378958,5099.6849999999995,0.34540361475050635,,,,,,none,True,,,,,,,,,,,,,,no_pattern_at_sr
2026-03-09T12:46:39.860472+00:00,USOUSD-STD,cobra,24433879,H1,OUTSIDE_HOURS,OUTSIDE_HOURS,NONE,0,4.289493113464776,0,,,,,,,,,,,,,,,,0.084,0.084,102.192,103.047,100.147,102.937,,,,,,,,,,,,,,,,,,,,,,,,,,,,,,,
2026-03-09T12:47:40.262900+00:00,BTCUSD,cobra,24433879,H1,HOLD,HOLD,NONE,0,631.4212365296984,0,,,,,,,,,,,,,,,,16.96,16.96,67757.05,68337.57,67743.67,68112.71,,,,,,,,67566.04924870629,67578.80799999999,0.27497016247700573,,,,,,none,True,,,,,,,,,,,,,,no_pattern_at_sr
2026-03-09T12:47:40.302863+00:00,XAUUSD-STD,cobra,24433879,H1,HOLD,HOLD,NONE,0,33.77208431482391,0,,,,,,,,,,,,,,,,0.21,0.21,5088.21,5112.17,5088.21,5103.7,,,,,,,,5117.008636378958,5099.6849999999995,0.34540361475050635,,,,,,none,True,,,,,,,,,,,,,,no_pattern_at_sr
2026-03-09T12:48:40.692147+00:00,BTCUSD,cobra,24433879,H1,HOLD,HOLD,NONE,0,631.4212365296984,0,,,,,,,,,,,,,,,,17.11,17.11,67757.05,68337.57,67743.67,68102.47,,,,,,,,67566.04924870629,67578.80799999999,0.27497016247700573,,,,,,none,True,,,,,,,,,,,,,,no_pattern_at_sr
2026-03-09T12:48:40.733008+00:00,XAUUSD-STD,cobra,24433879,H1,HOLD,HOLD,NONE,0,33.77208431482391,0,,,,,,,,,,,,,,,,0.2,0.2,5088.21,5112.17,5088.21,5101.96,,,,,,,,5117.008636378958,5099.6849999999995,0.34540361475050635,,,,,,none,True,,,,,,,,,,,,,,no_pattern_at_sr
2026-03-09T12:49:41.146721+00:00,BTCUSD,cobra,24433879,H1,HOLD,HOLD,NONE,0,631.4212365296984,0,,,,,,,,,,,,,,,,17.02,17.02,67757.05,68337.57,67743.67,68111.03,,,,,,,,67566.04924870629,67578.80799999999,0.27497016247700573,,,,,,none,True,,,,,,,,,,,,,,no_pattern_at_sr
2026-03-09T12:49:41.190194+00:00,XAUUSD-STD,cobra,24433879,H1,HOLD,HOLD,NONE,0,33.77208431482391,0,,,,,,,,,,,,,,,,0.2,0.2,5088.21,5112.17,5088.21,5102.09,,,,,,,,5117.008636378958,5099.6849999999995,0.34540361475050635,,,,,,none,True,,,,,,,,,,,,,,no_pattern_at_sr
2026-03-09T12:50:41.566985+00:00,BTCUSD,cobra,24433879,H1,HOLD,HOLD,NONE,0,631.4212365296984,0,,,,,,,,,,,,,,,,17.05,17.05,67757.05,68337.57,67743.67,68023.15,,,,,,,,67566.04924870629,67578.80799999999,0.27497016247700573,,,,,,none,True,,,,,,,,,,,,,,no_pattern_at_sr
2026-03-09T12:50:41.608215+00:00,XAUUSD-STD,cobra,24433879,H1,HOLD,HOLD,NONE,0,33.77208431482391,0,,,,,,,,,,,,,,,,0.23,0.23,5088.21,5112.17,5088.21,5098.34,,,,,,,,5117.008636378958,5099.6849999999995,0.34540361475050635,,,,,,none,True,,,,,,,,,,,,,,no_pattern_at_sr
2026-03-09T12:51:42.007441+00:00,BTCUSD,cobra,24433879,H1,HOLD,HOLD,NONE,0,631.4212365296984,0,,,,,,,,,,,,,,,,17.12,17.12,67757.05,68337.57,67743.67,68107.2,,,,,,,,67566.04924870629,67578.80799999999,0.27497016247700573,,,,,,none,True,,,,,,,,,,,,,,no_pattern_at_sr
2026-03-09T12:51:42.050823+00:00,XAUUSD-STD,cobra,24433879,H1,HOLD,HOLD,NONE,0,33.77208431482391,0,,,,,,,,,,,,,,,,0.22,0.22,5088.21,5112.17,5088.21,5097.15,,,,,,,,5117.008636378958,5099.6849999999995,0.34540361475050635,,,,,,none,True,,,,,,,,,,,,,,no_pattern_at_sr
2026-03-09T12:52:42.437253+00:00,BTCUSD,cobra,24433879,H1,HOLD,HOLD,NONE,0,631.4212365296984,0,,,,,,,,,,,,,,,,17.1,17.1,67757.05,68337.57,67743.67,68098.88,,,,,,,,67566.04924870629,67578.80799999999,0.27497016247700573,,,,,,none,True,,,,,,,,,,,,,,no_pattern_at_sr
2026-03-09T12:52:42.476332+00:00,XAUUSD-STD,cobra,24433879,H1,HOLD,HOLD,NONE,0,33.77208431482391,0,,,,,,,,,,,,,,,,0.23,0.23,5088.21,5112.17,5088.21,5095.5,,,,,,,,5117.008636378958,5099.6849999999995,0.34540361475050635,,,,,,none,True,,,,,,,,,,,,,,no_pattern_at_sr
2026-03-09T12:53:42.842755+00:00,BTCUSD,cobra,24433879,H1,HOLD,HOLD,NONE,0,631.4212365296984,0,,,,,,,,,,,,,,,,17.09,17.09,67757.05,68337.57,67743.67,68102.33,,,,,,,,67566.04924870629,67578.80799999999,0.27497016247700573,,,,,,none,True,,,,,,,,,,,,,,no_pattern_at_sr
2026-03-09T12:53:42.890604+00:00,XAUUSD-STD,cobra,24433879,H1,HOLD,HOLD,NONE,0,33.77208431482391,0,,,,,,,,,,,,,,,,0.2,0.2,5088.21,5112.17,5088.21,5095.21,,,,,,,,5117.008636378958,5099.6849999999995,0.34540361475050635,,,,,,none,True,,,,,,,,,,,,,,no_pattern_at_sr
2026-03-09T12:54:43.461789+00:00,BTCUSD,cobra,24433879,H1,HOLD,HOLD,NONE,0,631.4212365296984,0,,,,,,,,,,,,,,,,17.02,17.02,67757.05,68337.57,67743.67,68037.89,,,,,,,,67566.04924870629,67578.80799999999,0.27497016247700573,,,,,,none,True,,,,,,,,,,,,,,no_pattern_at_sr
2026-03-09T12:54:43.501833+00:00,XAUUSD-STD,cobra,24433879,H1,HOLD,HOLD,NONE,0,33.77208431482391,0,,,,,,,,,,,,,,,,0.19,0.19,5088.21,5112.17,5088.21,5094.97,,,,,,,,5117.008636378958,5099.6849999999995,0.34540361475050635,,,,,,none,True,,,,,,,,,,,,,,no_pattern_at_sr
2026-03-09T12:55:43.857402+00:00,BTCUSD,cobra,24433879,H1,HOLD,HOLD,NONE,0,631.4212365296984,0,,,,,,,,,,,,,,,,17.12,17.12,67757.05,68337.57,67743.67,68088.18,,,,,,,,67566.04924870629,67578.80799999999,0.27497016247700573,,,,,,none,True,,,,,,,,,,,,,,no_pattern_at_sr
2026-03-09T12:55:43.897198+00:00,XAUUSD-STD,cobra,24433879,H1,HOLD,HOLD,NONE,0,33.77208431482391,0,,,,,,,,,,,,,,,,0.21,0.21,5088.21,5112.17,5088.21,5095.08,,,,,,,,5117.008636378958,5099.6849999999995,0.34540361475050635,,,,,,none,True,,,,,,,,,,,,,,no_pattern_at_sr
2026-03-09T12:56:44.261553+00:00,BTCUSD,cobra,24433879,H1,HOLD,HOLD,NONE,0,631.4212365296984,0,,,,,,,,,,,,,,,,17.09,17.09,67757.05,68337.57,67743.67,68092.19,,,,,,,,67566.04924870629,67578.80799999999,0.27497016247700573,,,,,,none,True,,,,,,,,,,,,,,no_pattern_at_sr
2026-03-09T12:56:44.304471+00:00,XAUUSD-STD,cobra,24433879,H1,HOLD,HOLD,NONE,0,33.77208431482391,0,,,,,,,,,,,,,,,,0.23,0.23,5088.21,5112.17,5088.21,5097.17,,,,,,,,5117.008636378958,5099.6849999999995,0.34540361475050635,,,,,,none,True,,,,,,,,,,,,,,no_pattern_at_sr
2026-03-09T12:56:44.304873+00:00,USOUSD-STD,cobra,24433879,H1,OUTSIDE_HOURS,OUTSIDE_HOURS,NONE,0,4.321635970607633,0,,,,,,,,,,,,,,,,0.084,0.084,102.192,103.497,100.147,102.537,,,,,,,,,,,,,,,,,,,,,,,,,,,,,,,
2026-03-09T12:57:44.694903+00:00,BTCUSD,cobra,24433879,H1,HOLD,HOLD,NONE,0,631.4212365296984,0,,,,,,,,,,,,,,,,16.99,16.99,67757.05,68337.57,67743.67,68148.45,,,,,,,,67566.04924870629,67578.80799999999,0.27497016247700573,,,,,,none,True,,,,,,,,,,,,,,no_pattern_at_sr
2026-03-09T12:57:44.737337+00:00,XAUUSD-STD,cobra,24433879,H1,HOLD,HOLD,NONE,0,33.77208431482391,0,,,,,,,,,,,,,,,,0.23,0.23,5088.21,5112.17,5088.21,5096.31,,,,,,,,5117.008636378958,5099.6849999999995,0.34540361475050635,,,,,,none,True,,,,,,,,,,,,,,no_pattern_at_sr
2026-03-09T12:58:45.139146+00:00,BTCUSD,cobra,24433879,H1,HOLD,HOLD,NONE,0,631.4212365296984,0,,,,,,,,,,,,,,,,17.0,17.0,67757.05,68337.57,67743.67,68188.3,,,,,,,,67566.04924870629,67578.80799999999,0.27497016247700573,,,,,,none,True,,,,,,,,,,,,,,no_pattern_at_sr
2026-03-09T12:58:45.182629+00:00,XAUUSD-STD,cobra,24433879,H1,HOLD,HOLD,NONE,0,33.77208431482391,0,,,,,,,,,,,,,,,,0.2,0.2,5088.21,5112.17,5088.21,5093.57,,,,,,,,5117.008636378958,5099.6849999999995,0.34540361475050635,,,,,,none,True,,,,,,,,,,,,,,no_pattern_at_sr
2026-03-09T12:59:46.031949+00:00,BTCUSD,cobra,24433879,H1,HOLD,HOLD,NONE,0,631.4212365296984,0,,,,,,,,,,,,,,,,17.11,17.11,67757.05,68337.57,67743.67,68154.17,,,,,,,,67566.04924870629,67578.80799999999,0.27497016247700573,,,,,,none,True,,,,,,,,,,,,,,no_pattern_at_sr
2026-03-09T12:59:46.074943+00:00,XAUUSD-STD,cobra,24433879,H1,HOLD,HOLD,NONE,0,33.77208431482391,0,,,,,,,,,,,,,,,,0.22,0.22,5088.21,5112.17,5088.21,5095.28,,,,,,,,5117.008636378958,5099.6849999999995,0.34540361475050635,,,,,,none,True,,,,,,,,,,,,,,no_pattern_at_sr
2026-03-09T13:00:47.013832+00:00,BTCUSD,cobra,24433879,H1,HOLD,HOLD,NONE,0,588.9132731680928,0,,,,,,,,,,,,,,,,17.03,17.03,68142.6,68158.51,68122.2,68143.27,,,,,,,,67588.83245461472,68138.97,0.006588406437389284,,,,,,none,True,,,,,,,,,,,,,,no_pattern_at_sr
2026-03-09T13:00:47.054059+00:00,XAUUSD-STD,cobra,24433879,H1,HOLD,HOLD,NONE,0,31.906934709386196,0,,,,,,,,,,,,,,,,0.21,0.21,5094.96,5097.11,5089.45,5091.11,,,,,,,,5116.144240550819,5102.182,0.2266591907329946,,,,,,none,True,,,,,,,,,,,,,,no_pattern_at_sr
2026-03-09T13:00:47.068749+00:00,USOUSD-STD,cobra,24433879,H1,HOLD,HOLD,NONE,0,4.059376271405507,0,,,,,,,,,,,,,,,,0.084,0.084,102.222,102.222,101.627,101.967,,,,,,,,93.30150133876838,100.1225,0.5307465620214681,,,,,,none,True,,,,,,,,,,,,,,no_pattern_at_sr
2026-03-09T13:01:47.475445+00:00,BTCUSD,cobra,24433879,H1,HOLD,HOLD,NONE,0,591.430416025236,0,,,,,,,,,,,,,,,,16.98,16.98,68142.6,68193.75,68122.2,68177.48,,,,,,,,67588.83245461472,68138.97,0.006560366012422159,,,,,,none,True,,,,,,,,,,,,,,no_pattern_at_sr
2026-03-09T13:01:47.515663+00:00,XAUUSD-STD,cobra,24433879,H1,HOLD,HOLD,NONE,0,31.906934709386196,0,,,,,,,,,,,,,,,,0.2,0.2,5094.96,5097.11,5089.45,5092.76,,,,,,,,5116.144240550819,5102.182,0.2266591907329946,,,,,,none,True,,,,,,,,,,,,,,no_pattern_at_sr
2026-03-09T13:01:47.530250+00:00,USOUSD-STD,cobra,24433879,H1,HOLD,HOLD,NONE,0,4.059376271405507,0,,,,,,,,,,,,,,,,0.084,0.084,102.222,102.222,101.627,101.672,,,,,,,,93.30150133876838,100.1225,0.5307465620214681,,,,,,none,True,,,,,,,,,,,,,,no_pattern_at_sr
2026-03-09T13:02:47.969026+00:00,BTCUSD,cobra,24433879,H1,HOLD,HOLD,NONE,0,594.699701739522,0,,,,,,,,,,,,,,,,16.98,16.98,68142.6,68239.52,68122.2,68226.43,,,,,,,,67588.83245461472,68138.97,0.006524301237507756,,,,,,none,True,,,,,,,,,,,,,,no_pattern_at_sr
2026-03-09T13:02:48.012405+00:00,XAUUSD-STD,cobra,24433879,H1,HOLD,HOLD,NONE,0,32.06050613795767,0,,,,,,,,,,,,,,,,0.22,0.22,5094.96,5099.26,5089.45,5099.26,,,,,,,,5116.144240550819,5102.182,0.2255734818683267,,,,,,none,True,,,,,,,,,,,,,,no_pattern_at_sr
2026-03-09T13:02:48.026903+00:00,USOUSD-STD,cobra,24433879,H1,HOLD,HOLD,NONE,0,4.099376271405507,0,,,,,,,,,,,,,,,,0.084,0.084,102.222,102.222,101.067,101.242,,,,,,,,93.30150133876838,100.1225,0.5255677589364856,,,,,,none,True,,,,,,,,,,,,,,no_pattern_at_sr
2026-03-09T13:03:48.434158+00:00,BTCUSD,cobra,24433879,H1,HOLD,HOLD,NONE,0,594.699701739522,0,,,,,,,,,,,,,,,,16.97,16.97,68142.6,68239.52,68122.2,68205.19,,,,,,,,67588.83245461472,68138.97,0.006524301237507756,,,,,,none,True,,,,,,,,,,,,,,no_pattern_at_sr
2026-03-09T13:03:48.476056+00:00,XAUUSD-STD,cobra,24433879,H1,HOLD,HOLD,NONE,0,32.063363280814805,0,,,,,,,,,,,,,,,,0.22,0.22,5094.96,5099.3,5089.45,5097.23,,,,,,,,5116.144240550819,5102.182,0.22555338118029733,,,,,,none,True,,,,,,,,,,,,,,no_pattern_at_sr
2026-03-09T13:03:48.489893+00:00,USOUSD-STD,cobra,24433879,H1,HOLD,HOLD,NONE,0,4.099376271405507,0,,,,,,,,,,,,,,,,0.084,0.084,102.222,102.222,101.067,101.382,,,,,,,,93.30150133876838,100.1225,0.5255677589364856,,,,,,none,True,,,,,,,,,,,,,,no_pattern_at_sr
2026-03-09T13:04:48.846251+00:00,BTCUSD,cobra,24433879,H1,HOLD,HOLD,NONE,0,595.7011303109498,0,,,,,,,,,,,,,,,,17.02,17.02,68142.6,68253.54,68122.2,68253.54,,,,,,,,67588.83245461472,68138.97,0.006513333285064168,,,,,,none,True,,,,,,,,,,,,,,no_pattern_at_sr
2026-03-09T13:04:48.887046+00:00,XAUUSD-STD,cobra,24433879,H1,HOLD,HOLD,NONE,0,32.063363280814805,0,,,,,,,,,,,,,,,,0.21,0.21,5094.96,5099.3,5089.45,5098.92,,,,,,,,5116.144240550819,5102.182,0.22555338118029733,,,,,,none,True,,,,,,,,,,,,,,no_pattern_at_sr
2026-03-09T13:04:48.901599+00:00,USOUSD-STD,cobra,24433879,H1,HOLD,HOLD,NONE,0,4.099376271405507,0,,,,,,,,,,,,,,,,0.084,0.084,102.222,102.222,101.067,101.102,,,,,,,,93.30150133876838,100.1225,0.5255677589364856,,,,,,none,True,,,,,,,,,,,,,,no_pattern_at_sr
2026-03-09T13:05:49.285803+00:00,BTCUSD,cobra,24433879,H1,HOLD,HOLD,NONE,0,598.7375588823791,0,,,,,,,,,,,,,,,,16.96,16.96,68142.6,68296.05,68122.2,68296.05,,,,,,,,67588.83245461472,68138.97,0.006480301665469554,,,,,,none,True,,,,,,,,,,,,,,no_pattern_at_sr
2026-03-09T13:05:49.326036+00:00,XAUUSD-STD,cobra,24433879,H1,HOLD,HOLD,NONE,0,32.063363280814805,0,,,,,,,,,,,,,,,,0.2,0.2,5094.96,5099.3,5089.45,5097.64,,,,,,,,5116.144240550819,5102.182,0.22555338118029733,,,,,,none,True,,,,,,,,,,,,,,no_pattern_at_sr
2026-03-09T13:05:49.339432+00:00,USOUSD-STD,cobra,24433879,H1,HOLD,HOLD,NONE,0,4.140804842834079,0,,,,,,,,,,,,,,,,0.084,0.084,102.222,102.222,100.487,100.627,,,,,,,,93.30150133876838,100.1225,0.5203094764846248,,,,,,none,True,,,,,,,,,,,,,,no_pattern_at_sr
2026-03-09T13:06:49.710365+00:00,BTCUSD,cobra,24433879,H1,HOLD,HOLD,NONE,0,599.7918445966644,0,,,,,,,,,,,,,,,,17.07,17.07,68142.6,68310.81,68122.2,68284.4,,,,,,,,67588.83245461472,68138.97,0.006468910897936264,,,,,,none,True,,,,,,,,,,,,,,no_pattern_at_sr
2026-03-09T13:06:49.751662+00:00,XAUUSD-STD,cobra,24433879,H1,HOLD,HOLD,NONE,0,32.063363280814805,0,,,,,,,,,,,,,,,,0.21,0.21,5094.96,5099.3,5089.45,5094.54,,,,,,,,5116.144240550819,5102.182,0.22555338118029733,,,,,,none,True,,,,,,,,,,,,,,no_pattern_at_sr
2026-03-09T13:06:49.766762+00:00,USOUSD-STD,cobra,24433879,H1,HOLD,HOLD,NONE,0,4.140804842834079,0,,,,,,,,,,,,,,,,0.084,0.084,102.222,102.222,100.487,100.632,,,,,,,,93.30150133876838,100.1225,0.5203094764846248,,,,,,none,True,,,,,,,,,,,,,,no_pattern_at_sr
2026-03-09T13:07:50.142310+00:00,BTCUSD,cobra,24433879,H1,HOLD,HOLD,NONE,0,599.7918445966644,0,,,,,,,,,,,,,,,,17.05,17.05,68142.6,68310.81,68122.2,68253.96,,,,,,,,67588.83245461472,68138.97,0.006468910897936264,,,,,,none,True,,,,,,,,,,,,,,no_pattern_at_sr
2026-03-09T13:07:50.183975+00:00,XAUUSD-STD,cobra,24433879,H1,HOLD,HOLD,NONE,0,32.063363280814805,0,,,,,,,,,,,,,,,,0.2,0.2,5094.96,5099.3,5089.45,5094.23,,,,,,,,5116.144240550819,5102.182,0.22555338118029733,,,,,,none,True,,,,,,,,,,,,,,no_pattern_at_sr
2026-03-09T13:07:50.197820+00:00,USOUSD-STD,cobra,24433879,H1,HOLD,HOLD,NONE,0,4.140804842834079,0,,,,,,,,,,,,,,,,0.084,0.084,102.222,102.222,100.487,100.977,,,,,,,,93.30150133876838,100.1225,0.5203094764846248,,,,,,none,True,,,,,,,,,,,,,,no_pattern_at_sr
2026-03-09T13:08:50.552498+00:00,BTCUSD,cobra,24433879,H1,HOLD,HOLD,NONE,0,599.7918445966644,0,,,,,,,,,,,,,,,,17.06,17.06,68142.6,68310.81,68122.2,68241.86,,,,,,,,67588.83245461472,68138.97,0.006468910897936264,,,,,,none,True,,,,,,,,,,,,,,no_pattern_at_sr
2026-03-09T13:08:50.595340+00:00,XAUUSD-STD,cobra,24433879,H1,HOLD,HOLD,NONE,0,32.063363280814805,0,,,,,,,,,,,,,,,,0.23,0.23,5094.96,5099.3,5089.45,5093.8,,,,,,,,5116.144240550819,5102.182,0.22555338118029733,,,,,,none,True,,,,,,,,,,,,,,no_pattern_at_sr
2026-03-09T13:08:50.610066+00:00,USOUSD-STD,cobra,24433879,H1,HOLD,HOLD,NONE,0,4.140804842834079,0,,,,,,,,,,,,,,,,0.084,0.084,102.222,102.222,100.487,101.022,,,,,,,,93.30150133876838,100.1225,0.5203094764846248,,,,,,none,True,,,,,,,,,,,,,,no_pattern_at_sr
2026-03-09T13:09:51.006112+00:00,BTCUSD,cobra,24433879,H1,HOLD,HOLD,NONE,0,599.7918445966644,0,,,,,,,,,,,,,,,,16.96,16.96,68142.6,68310.81,68122.2,68273.42,,,,,,,,67588.83245461472,68138.97,0.006468910897936264,,,,,,none,True,,,,,,,,,,,,,,no_pattern_at_sr
2026-03-09T13:09:51.047051+00:00,XAUUSD-STD,cobra,24433879,H1,HOLD,HOLD,NONE,0,32.16836328081482,0,,,,,,,,,,,,,,,,0.22,0.22,5094.96,5099.3,5087.98,5089.54,,,,,,,,5116.144240550819,5102.182,0.22481715767967367,,,,,,none,True,,,,,,,,,,,,,,no_pattern_at_sr
2026-03-09T13:09:51.060650+00:00,USOUSD-STD,cobra,24433879,H1,HOLD,HOLD,NONE,0,4.140804842834079,0,,,,,,,,,,,,,,,,0.084,0.084,102.222,102.222,100.487,100.947,,,,,,,,93.30150133876838,100.1225,0.5203094764846248,,,,,,none,True,,,,,,,,,,,,,,no_pattern_at_sr
2026-03-09T13:10:51.487244+00:00,BTCUSD,cobra,24433879,H1,HOLD,HOLD,NONE,0,613.938987453807,0,,,,,,,,,,,,,,,,16.99,16.99,68142.6,68508.87,68122.2,68476.13,,,,,,,,67588.83245461472,68202.6975,0.09748118497604273,,,,,,none,True,,,,,,,,,,,,,,no_pattern_at_sr
2026-03-09T13:10:51.528621+00:00,XAUUSD-STD,cobra,24433879,H1,HOLD,HOLD,NONE,0,32.16836328081482,0,,,,,,,,,,,,,,,,0.23,0.23,5094.96,5099.3,5087.98,5090.97,,,,,,,,5116.144240550819,5102.182,0.22481715767967367,,,,,,none,True,,,,,,,,,,,,,,no_pattern_at_sr
2026-03-09T13:10:51.543063+00:00,USOUSD-STD,cobra,24433879,H1,HOLD,HOLD,NONE,0,4.140804842834079,0,,,,,,,,,,,,,,,,0.084,0.084,102.222,102.222,100.487,100.692,,,,,,,,93.30150133876838,100.1225,0.5203094764846248,,,,,,none,True,,,,,,,,,,,,,,no_pattern_at_sr
2026-03-09T13:11:51.917174+00:00,BTCUSD,cobra,24433879,H1,HOLD,HOLD,NONE,0,619.9504160252359,0,,,,,,,,,,,,,,,,17.07,17.07,68142.6,68593.03,68122.2,68513.56,,,,,,,,67588.83245461472,68202.6975,0.0965359461869492,,,,,,none,True,,,,,,,,,,,,,,no_pattern_at_sr
2026-03-09T13:11:51.959706+00:00,XAUUSD-STD,cobra,24433879,H1,HOLD,HOLD,NONE,0,32.16836328081482,0,,,,,,,,,,,,,,,,0.25,0.25,5094.96,5099.3,5087.98,5093.98,,,,,,,,5116.144240550819,5102.182,0.22481715767967367,,,,,,none,True,,,,,,,,,,,,,,no_pattern_at_sr
2026-03-09T13:11:51.974194+00:00,USOUSD-STD,cobra,24433879,H1,HOLD,HOLD,NONE,0,4.140804842834079,0,,,,,,,,,,,,,,,,0.084,0.084,102.222,102.222,100.487,100.682,,,,,,,,93.30150133876838,100.1225,0.5203094764846248,,,,,,none,True,,,,,,,,,,,,,,no_pattern_at_sr
2026-03-09T13:12:52.372735+00:00,BTCUSD,cobra,24433879,H1,HOLD,HOLD,NONE,0,619.9504160252359,0,,,,,,,,,,,,,,,,17.04,17.04,68142.6,68593.03,68122.2,68501.14,,,,,,,,67588.83245461472,68202.6975,0.0965359461869492,,,,,,none,True,,,,,,,,,,,,,,no_pattern_at_sr
2026-03-09T13:12:52.415209+00:00,XAUUSD-STD,cobra,24433879,H1,HOLD,HOLD,NONE,0,32.16836328081482,0,,,,,,,,,,,,,,,,0.26,0.26,5094.96,5099.3,5087.98,5093.54,,,,,,,,5116.144240550819,5102.182,0.22481715767967367,,,,,,none,True,,,,,,,,,,,,,,no_pattern_at_sr
2026-03-09T13:12:52.429764+00:00,USOUSD-STD,cobra,24433879,H1,HOLD,HOLD,NONE,0,4.140804842834079,0,,,,,,,,,,,,,,,,0.084,0.084,102.222,102.222,100.487,100.682,,,,,,,,93.30150133876838,100.1225,0.5203094764846248,,,,,,none,True,,,,,,,,,,,,,,no_pattern_at_sr
2026-03-09T13:13:52.805035+00:00,BTCUSD,cobra,24433879,H1,HOLD,HOLD,NONE,0,619.9504160252359,0,,,,,,,,,,,,,,,,17.07,17.07,68142.6,68593.03,68122.2,68453.68,,,,,,,,67588.83245461472,68202.6975,0.0965359461869492,,,,,,none,True,,,,,,,,,,,,,,no_pattern_at_sr
2026-03-09T13:13:52.845993+00:00,XAUUSD-STD,cobra,24433879,H1,HOLD,HOLD,NONE,0,32.16836328081482,0,,,,,,,,,,,,,,,,0.26,0.26,5094.96,5099.3,5087.98,5092.96,,,,,,,,5116.144240550819,5102.182,0.22481715767967367,,,,,,none,True,,,,,,,,,,,,,,no_pattern_at_sr
2026-03-09T13:13:52.860166+00:00,USOUSD-STD,cobra,24433879,H1,HOLD,HOLD,NONE,0,4.162947699976935,0,,,,,,,,,,,,,,,,0.084,0.084,102.222,102.222,100.177,100.422,,,,,,,,93.30150133876838,100.1225,0.5175419330903283,,,,,,none,True,,,,,,,,,,,,,,no_pattern_at_sr
2026-03-09T13:14:53.247640+00:00,BTCUSD,cobra,24433879,H1,HOLD,HOLD,NONE,0,619.9504160252359,0,,,,,,,,,,,,,,,,17.08,17.08,68142.6,68593.03,68122.2,68488.05,,,,,,,,67588.83245461472,68202.6975,0.0965359461869492,,,,,,none,True,,,,,,,,,,,,,,no_pattern_at_sr
2026-03-09T13:14:53.262009+00:00,USDJPY-STD,cobra,24433879,H1,HOLD,HOLD,NONE,0,0.2623266648341922,0,,,,,,,,,,,,,,,,0.019,0.019,158.564,158.577,158.273,158.291,,,,,,,,158.0246885361772,158.5265,0.15057561923783264,,,,,,none,True,,,,,,,,,,,,,,no_pattern_at_sr
2026-03-09T13:14:53.289690+00:00,XAUUSD-STD,cobra,24433879,H1,HOLD,HOLD,NONE,0,32.16836328081482,0,,,,,,,,,,,,,,,,0.21,0.21,5094.96,5099.3,5087.98,5093.93,,,,,,,,5116.144240550819,5102.182,0.22481715767967367,,,,,,none,True,,,,,,,,,,,,,,no_pattern_at_sr
2026-03-09T13:14:53.305076+00:00,USOUSD-STD,cobra,24433879,H1,HOLD,HOLD,NONE,0,4.23473341426265,0,,,,,,,,,,,,,,,,0.084,0.084,102.222,102.222,99.172,99.547,,,,,,,,93.30150133876838,100.098,0.5145542320706883,,,,,,none,True,,,,,,,,,,,,,,no_pattern_at_sr
2026-03-09T13:15:53.674640+00:00,BTCUSD,cobra,24433879,H1,HOLD,HOLD,NONE,0,619.9504160252359,0,,,,,,,,,,,,,,,,16.97,16.97,68142.6,68593.03,68122.2,68393.58,,,,,,,,67588.83245461472,68202.6975,0.0965359461869492,,,,,,none,True,,,,,,,,,,,,,,no_pattern_at_sr
2026-03-09T13:15:53.688565+00:00,USDJPY-STD,cobra,24433879,H1,HOLD,HOLD,NONE,0,0.2623266648341922,0,,,,,,,,,,,,,,,,0.019,0.019,158.564,158.577,158.273,158.311,,,,,,,,158.0246885361772,158.5265,0.15057561923783264,,,,,,none,True,,,,,,,,,,,,,,no_pattern_at_sr
2026-03-09T13:15:53.716381+00:00,XAUUSD-STD,cobra,24433879,H1,HOLD,HOLD,NONE,0,32.16836328081482,0,,,,,,,,,,,,,,,,0.22,0.22,5094.96,5099.3,5087.98,5093.52,,,,,,,,5116.144240550819,5102.182,0.22481715767967367,,,,,,none,True,,,,,,,,,,,,,,no_pattern_at_sr
2026-03-09T13:15:53.731471+00:00,USOUSD-STD,cobra,24433879,H1,HOLD,HOLD,NONE,0,4.23473341426265,0,,,,,,,,,,,,,,,,0.084,0.084,102.222,102.222,99.172,99.357,,,,,,,,93.30150133876838,100.098,0.5145542320706883,,,,,,none,True,,,,,,,,,,,,,,no_pattern_at_sr
2026-03-09T13:16:54.137882+00:00,BTCUSD,cobra,24433879,H1,HOLD,HOLD,NONE,0,619.9504160252359,0,,,,,,,,,,,,,,,,17.06,17.06,68142.6,68593.03,68122.2,68370.31,,,,,,,,67588.83245461472,68202.6975,0.0965359461869492,,,,,,none,True,,,,,,,,,,,,,,no_pattern_at_sr
2026-03-09T13:16:54.153517+00:00,USDJPY-STD,cobra,24433879,H1,HOLD,HOLD,NONE,0,0.2623266648341922,0,,,,,,,,,,,,,,,,0.019,0.019,158.564,158.577,158.273,158.361,,,,,,,,158.0246885361772,158.5265,0.15057561923783264,,,,,,none,True,,,,,,,,,,,,,,no_pattern_at_sr
2026-03-09T13:16:54.181746+00:00,XAUUSD-STD,cobra,24433879,H1,HOLD,HOLD,NONE,0,32.16836328081482,0,,,,,,,,,,,,,,,,0.2,0.2,5094.96,5099.3,5087.98,5094.04,,,,,,,,5116.144240550819,5102.182,0.22481715767967367,,,,,,none,True,,,,,,,,,,,,,,no_pattern_at_sr
2026-03-09T13:16:54.196201+00:00,USOUSD-STD,cobra,24433879,H1,HOLD,HOLD,NONE,0,4.263661985691222,0,,,,,,,,,,,,,,,,0.104,0.104,102.222,102.222,98.767,99.172,,,,,,,,93.30150133876838,100.098,0.5110630268798722,,,,,,none,True,,,,,,,,,,,,,,no_pattern_at_sr
2026-03-09T13:17:54.589385+00:00,BTCUSD,cobra,24433879,H1,HOLD,HOLD,NONE,0,619.9504160252359,0,,,,,,,,,,,,,,,,16.98,16.98,68142.6,68593.03,68122.2,68379.23,,,,,,,,67588.83245461472,68202.6975,0.0965359461869492,,,,,,none,True,,,,,,,,,,,,,,no_pattern_at_sr
2026-03-09T13:17:54.603769+00:00,USDJPY-STD,cobra,24433879,H1,HOLD,HOLD,NONE,0,0.2623266648341922,0,,,,,,,,,,,,,,,,0.018,0.018,158.564,158.577,158.273,158.342,,,,,,,,158.0246885361772,158.5265,0.15057561923783264,,,,,,none,True,,,,,,,,,,,,,,no_pattern_at_sr
2026-03-09T13:17:54.631768+00:00,XAUUSD-STD,cobra,24433879,H1,HOLD,HOLD,NONE,0,32.16836328081482,0,,,,,,,,,,,,,,,,0.2,0.2,5094.96,5099.3,5087.98,5098.26,,,,,,,,5116.144240550819,5102.182,0.22481715767967367,,,,,,none,True,,,,,,,,,,,,,,no_pattern_at_sr
2026-03-09T13:17:54.646505+00:00,USOUSD-STD,cobra,24433879,H1,HOLD,HOLD,NONE,0,4.263661985691222,0,,,,,,,,,,,,,,,,0.084,0.084,102.222,102.222,98.767,99.637,,,,,,,,93.30150133876838,100.098,0.5110630268798722,,,,,,none,True,,,,,,,,,,,,,,no_pattern_at_sr
2026-03-09T13:18:54.998859+00:00,BTCUSD,cobra,24433879,H1,HOLD,HOLD,NONE,0,619.9504160252359,0,,,,,,,,,,,,,,,,16.98,16.98,68142.6,68593.03,68122.2,68314.45,,,,,,,,67588.83245461472,68202.6975,0.0965359461869492,,,,,,none,True,,,,,,,,,,,,,,no_pattern_at_sr
2026-03-09T13:18:55.013373+00:00,USDJPY-STD,cobra,24433879,H1,HOLD,HOLD,NONE,0,0.2623266648341922,0,,,,,,,,,,,,,,,,0.02,0.02,158.564,158.577,158.273,158.316,,,,,,,,158.0246885361772,158.5265,0.15057561923783264,,,,,,none,True,,,,,,,,,,,,,,no_pattern_at_sr
2026-03-09T13:18:55.040331+00:00,XAUUSD-STD,cobra,24433879,H1,HOLD,HOLD,NONE,0,32.16836328081482,0,,,,,,,,,,,,,,,,0.23,0.23,5094.96,5099.3,5087.98,5094.08,,,,,,,,5116.144240550819,5102.182,0.22481715767967367,,,,,,none,True,,,,,,,,,,,,,,no_pattern_at_sr
2026-03-09T13:18:55.054627+00:00,USOUSD-STD,cobra,24433879,H1,HOLD,HOLD,NONE,0,4.263661985691222,0,,,,,,,,,,,,,,,,0.084,0.084,102.222,102.222,98.767,99.382,,,,,,,,93.30150133876838,100.098,0.5110630268798722,,,,,,none,True,,,,,,,,,,,,,,no_pattern_at_sr
2026-03-09T13:19:55.430411+00:00,BTCUSD,cobra,24433879,H1,HOLD,HOLD,NONE,0,619.9504160252359,0,,,,,,,,,,,,,,,,16.98,16.98,68142.6,68593.03,68122.2,68283.55,,,,,,,,67588.83245461472,68202.6975,0.0965359461869492,,,,,,none,True,,,,,,,,,,,,,,no_pattern_at_sr
2026-03-09T13:19:55.444373+00:00,USDJPY-STD,cobra,24433879,H1,HOLD,HOLD,NONE,0,0.2623266648341922,0,,,,,,,,,,,,,,,,0.019,0.019,158.564,158.577,158.273,158.315,,,,,,,,158.0246885361772,158.5265,0.15057561923783264,,,,,,none,True,,,,,,,,,,,,,,no_pattern_at_sr
2026-03-09T13:19:55.471604+00:00,XAUUSD-STD,cobra,24433879,H1,HOLD,HOLD,NONE,0,32.16836328081482,0,,,,,,,,,,,,,,,,0.21,0.21,5094.96,5099.3,5087.98,5094.47,,,,,,,,5116.144240550819,5102.182,0.22481715767967367,,,,,,none,True,,,,,,,,,,,,,,no_pattern_at_sr
2026-03-09T13:19:55.485968+00:00,USOUSD-STD,cobra,24433879,H1,HOLD,HOLD,NONE,0,4.263661985691222,0,,,,,,,,,,,,,,,,0.084,0.084,102.222,102.222,98.767,99.532,,,,,,,,93.30150133876838,100.098,0.5110630268798722,,,,,,none,True,,,,,,,,,,,,,,no_pattern_at_sr
2026-03-09T13:20:55.836944+00:00,BTCUSD,cobra,24433879,H1,HOLD,HOLD,NONE,0,619.9504160252359,0,,,,,,,,,,,,,,,,16.97,16.97,68142.6,68593.03,68122.2,68239.9,,,,,,,,67588.83245461472,68202.6975,0.0965359461869492,,,,,,none,True,,,,,,,,,,,,,,no_pattern_at_sr
2026-03-09T13:20:55.851282+00:00,USDJPY-STD,cobra,24433879,H1,HOLD,HOLD,NONE,0,0.2623266648341922,0,,,,,,,,,,,,,,,,0.019,0.019,158.564,158.577,158.273,158.33,,,,,,,,158.0246885361772,158.5265,0.15057561923783264,,,,,,none,True,,,,,,,,,,,,,,no_pattern_at_sr
2026-03-09T13:20:55.878905+00:00,XAUUSD-STD,cobra,24433879,H1,HOLD,HOLD,NONE,0,32.16836328081482,0,,,,,,,,,,,,,,,,0.2,0.2,5094.96,5099.3,5087.98,5090.53,,,,,,,,5116.144240550819,5102.182,0.22481715767967367,,,,,,none,True,,,,,,,,,,,,,,no_pattern_at_sr
2026-03-09T13:20:55.892960+00:00,USOUSD-STD,cobra,24433879,H1,HOLD,HOLD,NONE,0,4.263661985691222,0,,,,,,,,,,,,,,,,0.104,0.104,102.222,102.222,98.767,99.572,,,,,,,,93.30150133876838,100.098,0.5110630268798722,,,,,,none,True,,,,,,,,,,,,,,no_pattern_at_sr
2026-03-09T13:21:56.247254+00:00,BTCUSD,cobra,24433879,H1,HOLD,HOLD,NONE,0,619.9504160252359,0,,,,,,,,,,,,,,,,17.07,17.07,68142.6,68593.03,68122.2,68220.04,,,,,,,,67588.83245461472,68202.6975,0.0965359461869492,,,,,,none,True,,,,,,,,,,,,,,no_pattern_at_sr
2026-03-09T13:21:56.262388+00:00,USDJPY-STD,cobra,24433879,H1,HOLD,HOLD,NONE,0,0.2623266648341922,0,,,,,,,,,,,,,,,,0.018,0.018,158.564,158.577,158.273,158.319,,,,,,,,158.0246885361772,158.5265,0.15057561923783264,,,,,,none,True,,,,,,,,,,,,,,no_pattern_at_sr
2026-03-09T13:21:56.290931+00:00,XAUUSD-STD,cobra,24433879,H1,HOLD,HOLD,NONE,0,32.22693470938623,0,,,,,,,,,,,,,,,,0.22,0.22,5094.96,5099.3,5087.16,5089.76,,,,,,,,5116.144240550819,5102.182,0.22440855964789047,,,,,,none,True,,,,,,,,,,,,,,no_pattern_at_sr
2026-03-09T13:21:56.304987+00:00,USOUSD-STD,cobra,24433879,H1,HOLD,HOLD,NONE,0,4.263661985691222,0,,,,,,,,,,,,,,,,0.084,0.084,102.222,102.222,98.767,99.652,,,,,,,,93.30150133876838,100.098,0.5110630268798722,,,,,,none,True,,,,,,,,,,,,,,no_pattern_at_sr
2026-03-09T13:22:56.834452+00:00,BTCUSD,cobra,24433879,H1,HOLD,HOLD,NONE,0,619.9504160252359,0,,,,,,,,,,,,,,,,17.01,17.01,68142.6,68593.03,68122.2,68207.88,,,,,,,,67588.83245461472,68202.6975,0.0965359461869492,,,,,,none,True,,,,,,,,,,,,,,no_pattern_at_sr
2026-03-09T13:22:56.848845+00:00,USDJPY-STD,cobra,24433879,H1,HOLD,HOLD,NONE,0,0.2623266648341922,0,,,,,,,,,,,,,,,,0.019,0.019,158.564,158.577,158.273,158.329,,,,,,,,158.0246885361772,158.5265,0.15057561923783264,,,,,,none,True,,,,,,,,,,,,,,no_pattern_at_sr
2026-03-09T13:22:56.877285+00:00,XAUUSD-STD,cobra,24433879,H1,HOLD,HOLD,NONE,0,32.29479185224336,0,,,,,,,,,,,,,,,,0.23,0.23,5094.96,5099.3,5086.21,5087.85,,,,,,,,5116.144240550819,5102.182,0.22393703706430917,,,,,,none,True,,,,,,,,,,,,,,no_pattern_at_sr
2026-03-09T13:22:56.891030+00:00,USOUSD-STD,cobra,24433879,H1,HOLD,HOLD,NONE,0,4.263661985691222,0,,,,,,,,,,,,,,,,0.084,0.084,102.222,102.222,98.767,99.807,,,,,,,,93.30150133876838,100.098,0.5110630268798722,,,,,,none,True,,,,,,,,,,,,,,no_pattern_at_sr
2026-03-09T13:23:57.274868+00:00,BTCUSD,cobra,24433879,H1,HOLD,HOLD,NONE,0,619.9504160252359,0,,,,,,,,,,,,,,,,16.96,16.96,68142.6,68593.03,68122.2,68209.15,,,,,,,,67588.83245461472,68202.6975,0.0965359461869492,,,,,,none,True,,,,,,,,,,,,,,no_pattern_at_sr
2026-03-09T13:23:57.290378+00:00,USDJPY-STD,cobra,24433879,H1,HOLD,HOLD,NONE,0,0.2623266648341922,0,,,,,,,,,,,,,,,,0.018,0.018,158.564,158.577,158.273,158.334,,,,,,,,158.0246885361772,158.5265,0.15057561923783264,,,,,,none,True,,,,,,,,,,,,,,no_pattern_at_sr
2026-03-09T13:23:57.318066+00:00,XAUUSD-STD,cobra,24433879,H1,HOLD,HOLD,NONE,0,32.31407756652911,0,,,,,,,,,,,,,,,,0.21,0.21,5094.96,5099.3,5085.94,5086.35,,,,,,,,5116.144240550819,5102.182,0.22380338677811648,,,,,,none,True,,,,,,,,,,,,,,no_pattern_at_sr
2026-03-09T13:23:57.331552+00:00,USOUSD-STD,cobra,24433879,H1,HOLD,HOLD,NONE,0,4.263661985691222,0,,,,,,,,,,,,,,,,0.084,0.084,102.222,102.222,98.767,99.577,,,,,,,,93.30150133876838,100.098,0.5110630268798722,,,,,,none,True,,,,,,,,,,,,,,no_pattern_at_sr
2026-03-09T13:24:57.694049+00:00,BTCUSD,cobra,24433879,H1,HOLD,HOLD,NONE,0,619.9504160252359,0,,,,,,,,,,,,,,,,17.1,17.1,68142.6,68593.03,68122.2,68210.01,,,,,,,,67588.83245461472,68202.6975,0.0965359461869492,,,,,,none,True,,,,,,,,,,,,,,no_pattern_at_sr
2026-03-09T13:24:57.711429+00:00,USDJPY-STD,cobra,24433879,H1,HOLD,HOLD,NONE,0,0.2623266648341922,0,,,,,,,,,,,,,,,,0.019,0.019,158.564,158.577,158.273,158.331,,,,,,,,158.0246885361772,158.5265,0.15057561923783264,,,,,,none,True,,,,,,,,,,,,,,no_pattern_at_sr
2026-03-09T13:24:57.739241+00:00,XAUUSD-STD,cobra,24433879,H1,HOLD,HOLD,NONE,0,32.412648995100476,0,,,,,,,,,,,,,,,,0.19,0.19,5094.96,5099.3,5084.56,5086.96,,,,,,,,5116.144240550819,5102.182,0.22312276917240445,,,,,,none,True,,,,,,,,,,,,,,no_pattern_at_sr
2026-03-09T13:24:57.754462+00:00,USOUSD-STD,cobra,24433879,H1,HOLD,HOLD,NONE,0,4.263661985691222,0,,,,,,,,,,,,,,,,0.084,0.084,102.222,102.222,98.767,99.522,,,,,,,,93.30150133876838,100.098,0.5110630268798722,,,,,,none,True,,,,,,,,,,,,,,no_pattern_at_sr
2026-03-09T13:25:58.151769+00:00,BTCUSD,cobra,24433879,H1,HOLD,HOLD,NONE,0,619.9504160252359,0,,,,,,,,,,,,,,,,17.1,17.1,68142.6,68593.03,68122.2,68516.23,,,,,,,,67588.83245461472,68202.6975,0.0965359461869492,,,,,,none,True,,,,,,,,,,,,,,no_pattern_at_sr
2026-03-09T13:25:58.166367+00:00,USDJPY-STD,cobra,24433879,H1,HOLD,HOLD,NONE,0,0.2623266648341922,0,,,,,,,,,,,,,,,,0.018,0.018,158.564,158.577,158.273,158.291,,,,,,,,158.0246885361772,158.5265,0.15057561923783264,,,,,,none,True,,,,,,,,,,,,,,no_pattern_at_sr
2026-03-09T13:25:58.195772+00:00,XAUUSD-STD,cobra,24433879,H1,HOLD,HOLD,NONE,0,32.412648995100476,0,,,,,,,,,,,,,,,,0.26,0.26,5094.96,5099.3,5084.56,5092.43,,,,,,,,5116.144240550819,5102.182,0.22312276917240445,,,,,,none,True,,,,,,,,,,,,,,no_pattern_at_sr
2026-03-09T13:25:58.210494+00:00,USOUSD-STD,cobra,24433879,H1,HOLD,HOLD,NONE,0,4.263661985691222,0,,,,,,,,,,,,,,,,0.104,0.104,102.222,102.222,98.767,99.792,,,,,,,,93.30150133876838,100.098,0.5110630268798722,,,,,,none,True,,,,,,,,,,,,,,no_pattern_at_sr
2026-03-09T13:26:58.673972+00:00,BTCUSD,cobra,24433879,H1,HOLD,HOLD,NONE,0,625.0647017395221,0,,,,,,,,,,,,,,,,17.02,17.02,68142.6,68664.63,68122.2,68649.9,,,,,,,,67588.83245461472,68202.6975,0.09574608809845846,,,,,,none,True,,,,,,,,,,,,,,no_pattern_at_sr
2026-03-09T13:26:58.688929+00:00,USDJPY-STD,cobra,24433879,H1,HOLD,HOLD,NONE,0,0.2623266648341922,0,,,,,,,,,,,,,,,,0.018,0.018,158.564,158.577,158.273,158.318,,,,,,,,158.0246885361772,158.5265,0.15057561923783264,,,,,,none,True,,,,,,,,,,,,,,no_pattern_at_sr
2026-03-09T13:26:58.716547+00:00,XAUUSD-STD,cobra,24433879,H1,HOLD,HOLD,NONE,0,32.412648995100476,0,,,,,,,,,,,,,,,,0.22,0.22,5094.96,5099.3,5084.56,5090.69,,,,,,,,5116.144240550819,5102.182,0.22312276917240445,,,,,,none,True,,,,,,,,,,,,,,no_pattern_at_sr
2026-03-09T13:26:58.731535+00:00,USOUSD-STD,cobra,24433879,H1,HOLD,HOLD,NONE,0,4.263661985691222,0,,,,,,,,,,,,,,,,0.104,0.104,102.222,102.222,98.767,99.777,,,,,,,,93.30150133876838,100.098,0.5110630268798722,,,,,,none,True,,,,,,,,,,,,,,no_pattern_at_sr
2026-03-09T13:27:59.131681+00:00,BTCUSD,cobra,24433879,H1,HOLD,HOLD,NONE,0,632.9247017395215,0,,,,,,,,,,,,,,,,17.0,17.0,68142.6,68774.67,68122.2,68655.8,,,,,,,,67588.83245461472,68202.6975,0.09455706158332089,,,,,,none,True,,,,,,,,,,,,,,no_pattern_at_sr
2026-03-09T13:27:59.146359+00:00,USDJPY-STD,cobra,24433879,H1,HOLD,HOLD,NONE,0,0.2623266648341922,0,,,,,,,,,,,,,,,,0.026,0.026,158.564,158.577,158.273,158.314,,,,,,,,158.0246885361772,158.5265,0.15057561923783264,,,,,,none,True,,,,,,,,,,,,,,no_pattern_at_sr
2026-03-09T13:27:59.174406+00:00,XAUUSD-STD,cobra,24433879,H1,HOLD,HOLD,NONE,0,32.412648995100476,0,,,,,,,,,,,,,,,,0.19,0.19,5094.96,5099.3,5084.56,5091.9,,,,,,,,5116.144240550819,5102.182,0.22312276917240445,,,,,,none,True,,,,,,,,,,,,,,no_pattern_at_sr
2026-03-09T13:27:59.188560+00:00,USOUSD-STD,cobra,24433879,H1,HOLD,HOLD,NONE,0,4.263661985691222,0,,,,,,,,,,,,,,,,0.084,0.084,102.222,102.222,98.767,100.052,,,,,,,,93.30150133876838,100.098,0.5110630268798722,,,,,,none,True,,,,,,,,,,,,,,no_pattern_at_sr
2026-03-09T13:28:59.604895+00:00,BTCUSD,cobra,24433879,H1,HOLD,HOLD,NONE,0,632.9247017395215,0,,,,,,,,,,,,,,,,17.12,17.12,68142.6,68774.67,68122.2,68732.22,,,,,,,,67588.83245461472,68202.6975,0.09455706158332089,,,,,,none,True,,,,,,,,,,,,,,no_pattern_at_sr
2026-03-09T13:28:59.619031+00:00,USDJPY-STD,cobra,24433879,H1,HOLD,HOLD,NONE,0,0.2623266648341922,0,,,,,,,,,,,,,,,,0.018,0.018,158.564,158.577,158.273,158.343,,,,,,,,158.0246885361772,158.5265,0.15057561923783264,,,,,,none,True,,,,,,,,,,,,,,no_pattern_at_sr
2026-03-09T13:28:59.647192+00:00,XAUUSD-STD,cobra,24433879,H1,HOLD,HOLD,NONE,0,32.412648995100476,0,,,,,,,,,,,,,,,,0.2,0.2,5094.96,5099.3,5084.56,5091.66,,,,,,,,5116.144240550819,5102.182,0.22312276917240445,,,,,,none,True,,,,,,,,,,,,,,no_pattern_at_sr
2026-03-09T13:28:59.662180+00:00,USOUSD-STD,cobra,24433879,H1,HOLD,HOLD,NONE,0,4.263661985691222,0,,,,,,,,,,,,,,,,0.084,0.084,102.222,102.222,98.767,100.532,,,,,,,,93.30150133876838,100.098,0.5110630268798722,,,,,,none,True,,,,,,,,,,,,,,no_pattern_at_sr
2026-03-09T13:30:00.120137+00:00,BTCUSD,cobra,24433879,H1,HOLD,HOLD,NONE,0,632.9247017395215,0,,,,,,,,,,,,,,,,16.94,16.94,68142.6,68774.67,68122.2,68766.97,,,,,,,,67588.83245461472,68202.6975,0.09455706158332089,,,,,,none,True,,,,,,,,,,,,,,no_pattern_at_sr
2026-03-09T13:30:00.123347+00:00,USDJPY-STD,cobra,24433879,H1,HOLD,HOLD,NONE,0,0.2623266648341922,0,,,,,,,,,,,,,,,,0.019,0.019,158.564,158.577,158.273,158.305,,,,,,,,158.0246885361772,158.5265,0.15057561923783264,,,,,,none,True,,,,,,,,,,,,,,no_pattern_at_sr
2026-03-09T13:30:00.125437+00:00,EURUSD-STD,cobra,24433879,H1,HOLD,HOLD,NONE,0,0.00244944573544029,0,,,,,,,,,,,,,,,,0.00014,0.00014,1.15527,1.15779,1.15518,1.15772,,,,,,,,1.1574351122002715,1.1551066666666665,0.06668175210836254,,,,,,none,True,,,,,,,,,,,,,,no_pattern_at_sr
2026-03-09T13:30:00.127658+00:00,XAUUSD-STD,cobra,24433879,H1,HOLD,HOLD,NONE,0,32.412648995100476,0,,,,,,,,,,,,,,,,0.2,0.2,5094.96,5099.3,5084.56,5094.73,,,,,,,,5116.144240550819,5102.182,0.22312276917240445,,,,,,none,True,,,,,,,,,,,,,,no_pattern_at_sr
2026-03-09T13:30:00.129809+00:00,USOUSD-STD,cobra,24433879,H1,HOLD,HOLD,NONE,0,4.263661985691222,0,,,,,,,,,,,,,,,,0.084,0.084,102.222,102.222,98.767,100.152,,,,,,,,93.30150133876838,100.098,0.5110630268798722,,,,,,none,True,,,,,,,,,,,,,,no_pattern_at_sr
2026-03-09T13:31:00.598545+00:00,BTCUSD,cobra,24433879,H1,HOLD,HOLD,NONE,0,636.2832731680933,0,,,,,,,,,,,,,,,,16.95,16.95,68142.6,68821.69,68122.2,68775.87,,,,,,,,67588.83245461472,68202.6975,0.09405794953874017,,,,,,none,True,,,,,,,,,,,,,,no_pattern_at_sr
2026-03-09T13:31:00.599994+00:00,USDJPY-STD,cobra,24433879,H1,HOLD,HOLD,NONE,0,0.26496952197704976,0,,,,,,,,,,,,,,,,0.018,0.018,158.564,158.577,158.236,158.243,,,,,,,,158.0246885361772,158.5265,0.14907374895526718,,,,,,none,True,,,,,,,,,,,,,,no_pattern_at_sr
2026-03-09T13:31:00.601227+00:00,EURUSD-STD,cobra,24433879,H1,HOLD,HOLD,NONE,0,0.002495160021154574,0,,,,,,,,,,,,,,,,0.00013,0.00013,1.15527,1.15843,1.15518,1.1583700000000001,,,,,,,,1.1574351122002715,1.1551066666666665,0.06546006346235729,,,,,,none,True,,,,,,,,,,,,,,no_pattern_at_sr
2026-03-09T13:31:00.603858+00:00,XAUUSD-STD,cobra,24433879,H1,HOLD,HOLD,NONE,0,32.761934709386146,0,,,,,,,,,,,,,,,,0.21,0.21,5094.96,5104.19,5084.56,5102.67,,,,,,,,5116.144240550819,5102.182,0.22074398426561895,,,,,,none,True,,,,,,,,,,,,,,no_pattern_at_sr
2026-03-09T13:31:00.605089+00:00,USOUSD-STD,cobra,24433879,H1,HOLD,HOLD,NONE,0,4.263661985691222,0,,,,,,,,,,,,,,,,0.084,0.084,102.222,102.222,98.767,99.547,,,,,,,,93.30150133876838,100.098,0.5110630268798722,,,,,,none,True,,,,,,,,,,,,,,no_pattern_at_sr
2026-03-09T13:32:01.037275+00:00,BTCUSD,cobra,24433879,H1,HOLD,HOLD,NONE,0,638.4511303109498,0,,,,,,,,,,,,,,,,17.01,17.01,68142.6,68852.04,68122.2,68755.84,,,,,,,,67588.83245461472,68202.6975,0.09373857631177025,,,,,,none,True,,,,,,,,,,,,,,no_pattern_at_sr
2026-03-09T13:32:01.038857+00:00,USDJPY-STD,cobra,24433879,H1,HOLD,HOLD,NONE,0,0.26496952197704976,0,,,,,,,,,,,,,,,,0.019,0.019,158.564,158.577,158.236,158.26,,,,,,,,158.0246885361772,158.5265,0.14907374895526718,,,,,,none,True,,,,,,,,,,,,,,no_pattern_at_sr
2026-03-09T13:32:01.040155+00:00,EURUSD-STD,cobra,24433879,H1,HOLD,HOLD,NONE,0,0.002495160021154574,0,,,,,,,,,,,,,,,,0.00013,0.00013,1.15527,1.15843,1.15518,1.15826,,,,,,,,1.1574351122002715,1.1551066666666665,0.06546006346235729,,,,,,none,True,,,,,,,,,,,,,,no_pattern_at_sr
2026-03-09T13:32:01.041818+00:00,XAUUSD-STD,cobra,24433879,H1,HOLD,HOLD,NONE,0,32.761934709386146,0,,,,,,,,,,,,,,,,0.21,0.21,5094.96,5104.19,5084.56,5098.79,,,,,,,,5116.144240550819,5102.182,0.22074398426561895,,,,,,none,True,,,,,,,,,,,,,,no_pattern_at_sr
2026-03-09T13:32:01.043135+00:00,USOUSD-STD,cobra,24433879,H1,HOLD,HOLD,NONE,0,4.300090557119792,0,,,,,,,,,,,,,,,,0.084,0.084,102.222,102.222,98.257,98.682,,,,,,,,93.30150133876838,100.098,0.5067335143424282,,,,,,none,True,,,,,,,,,,,,,,no_pattern_at_sr
2026-03-09T13:33:01.508983+00:00,BTCUSD,cobra,24433879,H1,HOLD,HOLD,NONE,0,639.5868445966647,0,,,,,,,,,,,,,,,,16.97,16.97,68142.6,68867.94,68122.2,68867.94,,,,,,,,67588.83245461472,68202.6975,0.09357212473269347,,,,,,none,True,,,,,,,,,,,,,,no_pattern_at_sr
2026-03-09T13:33:01.510779+00:00,USDJPY-STD,cobra,24433879,H1,HOLD,HOLD,NONE,0,0.2687552362627639,0,,,,,,,,,,,,,,,,0.018,0.018,158.564,158.577,158.183,158.183,,,,,,,,158.0246885361772,158.5265,0.14697388058100733,,,,,,none,True,,,,,,,,,,,,,,no_pattern_at_sr
2026-03-09T13:33:01.512155+00:00,EURUSD-STD,cobra,24433879,H1,HOLD,HOLD,NONE,0,0.002515160021154562,0,,,,,,,,,,,,,,,,0.00015,0.00015,1.15527,1.15871,1.15518,1.15866,,,,,,,,1.1574351122002715,1.1551066666666665,0.06493953941687514,,,,,,none,True,,,,,,,,,,,,,,no_pattern_at_sr
2026-03-09T13:33:01.513516+00:00,XAUUSD-STD,cobra,24433879,H1,HOLD,HOLD,NONE,0,32.761934709386146,0,,,,,,,,,,,,,,,,0.21,0.21,5094.96,5104.19,5084.56,5099.47,,,,,,,,5116.144240550819,5102.182,0.22074398426561895,,,,,,none,True,,,,,,,,,,,,,,no_pattern_at_sr
2026-03-09T13:33:01.514874+00:00,USOUSD-STD,cobra,24433879,H1,HOLD,HOLD,NONE,0,4.352590557119792,0,,,,,,,,,,,,,,,,0.104,0.104,102.222,102.222,97.522,97.962,,,,,,,,93.30150133876838,100.098,0.5006214049781644,,,,,,none,True,,,,,,,,,,,,,,no_pattern_at_sr
2026-03-09T13:34:01.944887+00:00,BTCUSD,cobra,24433879,H1,HOLD,HOLD,NONE,0,639.5868445966647,0,,,,,,,,,,,,,,,,17.03,17.03,68142.6,68867.94,68122.2,68735.81,,,,,,,,67588.83245461472,68202.6975,0.09357212473269347,,,,,,none,True,,,,,,,,,,,,,,no_pattern_at_sr
2026-03-09T13:34:01.946856+00:00,USDJPY-STD,cobra,24433879,H1,HOLD,HOLD,NONE,0,0.26889809340561965,0,,,,,,,,,,,,,,,,0.019,0.019,158.564,158.577,158.181,158.255,,,,,,,,158.0246885361772,158.5265,0.14689579795725827,,,,,,none,True,,,,,,,,,,,,,,no_pattern_at_sr
2026-03-09T13:34:01.948417+00:00,EURUSD-STD,cobra,24433879,H1,HOLD,HOLD,NONE,0,0.002515160021154562,0,,,,,,,,,,,,,,,,0.00015,0.00015,1.15527,1.15871,1.15518,1.15826,,,,,,,,1.1574351122002715,1.1551066666666665,0.06493953941687514,,,,,,none,True,,,,,,,,,,,,,,no_pattern_at_sr
2026-03-09T13:34:01.951055+00:00,XAUUSD-STD,cobra,24433879,H1,HOLD,HOLD,NONE,0,32.761934709386146,0,,,,,,,,,,,,,,,,0.21,0.21,5094.96,5104.19,5084.56,5101.62,,,,,,,,5116.144240550819,5102.182,0.22074398426561895,,,,,,none,True,,,,,,,,,,,,,,no_pattern_at_sr
2026-03-09T13:34:01.952792+00:00,USOUSD-STD,cobra,24433879,H1,HOLD,HOLD,NONE,0,4.364376271405507,0,,,,,,,,,,,,,,,,0.084,0.084,102.222,102.222,97.357,97.972,,,,,,,,93.30150133876838,100.098,0.49926950943170517,,,,,,none,True,,,,,,,,,,,,,,no_pattern_at_sr
2026-03-09T13:35:02.465325+00:00,BTCUSD,cobra,24433879,H1,HOLD,HOLD,NONE,0,649.4518445966647,0,,,,,,,,,,,,,,,,17.11,17.11,68142.6,69006.05,68122.2,68970.33,,,,,,,,67588.83245461472,68202.6975,0.09215078915844269,,,,,,none,True,,,,,,,,,,,,,,no_pattern_at_sr
2026-03-09T13:35:02.484521+00:00,USDJPY-STD,cobra,24433879,H1,HOLD,HOLD,NONE,0,0.26889809340561965,0,,,,,,,,,,,,,,,,0.019,0.019,158.564,158.577,158.181,158.225,,,,,,,,158.0246885361772,158.5265,0.14689579795725827,,,,,,none,True,,,,,,,,,,,,,,no_pattern_at_sr
2026-03-09T13:35:02.487866+00:00,EURUSD-STD,cobra,24433879,H1,HOLD,HOLD,NONE,0,0.002515160021154562,0,,,,,,,,,,,,,,,,0.00014,0.00014,1.15527,1.15871,1.15518,1.15848,,,,,,,,1.1574351122002715,1.1551066666666665,0.06493953941687514,,,,,,none,True,,,,,,,,,,,,,,no_pattern_at_sr
2026-03-09T13:35:02.489763+00:00,XAUUSD-STD,cobra,24433879,H1,HOLD,HOLD,NONE,0,33.14622042367187,0,,,,,,,,,,,,,,,,0.19,0.19,5094.96,5109.57,5084.56,5109.51,,,,,,,,5116.144240550819,5102.182,0.21818475553354885,,,,,,none,True,,,,,,,,,,,,,,no_pattern_at_sr
2026-03-09T13:35:02.491497+00:00,USOUSD-STD,cobra,24433879,H1,HOLD,HOLD,NONE,0,4.364376271405507,0,,,,,,,,,,,,,,,,0.129,0.129,102.222,102.222,97.357,97.622,,,,,,,,93.30150133876838,100.098,0.49926950943170517,,,,,,none,True,,,,,,,,,,,,,,no_pattern_at_sr
2026-03-09T13:36:03.040230+00:00,BTCUSD,cobra,24433879,H1,HOLD,HOLD,NONE,0,649.4518445966647,0,,,,,,,,,,,,,,,,16.98,16.98,68142.6,69006.05,68122.2,68876.0,,,,,,,,67588.83245461472,68202.6975,0.09215078915844269,,,,,,none,True,,,,,,,,,,,,,,no_pattern_at_sr
2026-03-09T13:36:03.042113+00:00,USDJPY-STD,cobra,24433879,H1,HOLD,HOLD,NONE,0,0.26889809340561965,0,,,,,,,,,,,,,,,,0.018,0.018,158.564,158.577,158.181,158.23,,,,,,,,158.0246885361772,158.5265,0.14689579795725827,,,,,,none,True,,,,,,,,,,,,,,no_pattern_at_sr
2026-03-09T13:36:03.043899+00:00,EURUSD-STD,cobra,24433879,H1,HOLD,HOLD,NONE,0,0.002515160021154562,0,,,,,,,,,,,,,,,,0.00013,0.00013,1.15527,1.15871,1.15518,1.15853,,,,,,,,1.1574351122002715,1.1551066666666665,0.06493953941687514,,,,,,none,True,,,,,,,,,,,,,,no_pattern_at_sr
2026-03-09T13:36:03.045850+00:00,XAUUSD-STD,cobra,24433879,H1,HOLD,HOLD,NONE,0,33.269077566529035,0,,,,,,,,,,,,,,,,0.2,0.2,5094.96,5111.29,5084.56,5108.37,,,,,,,,5116.144240550819,5102.182,0.21737903569877925,,,,,,none,True,,,,,,,,,,,,,,no_pattern_at_sr
2026-03-09T13:36:03.047596+00:00,USOUSD-STD,cobra,24433879,H1,HOLD,HOLD,NONE,0,4.373661985691221,0,,,,,,,,,,,,,,,,0.084,0.084,102.222,102.222,97.227,97.322,,,,,,,,93.30150133876838,100.098,0.4982095111896556,,,,,,none,True,,,,,,,,,,,,,,no_pattern_at_sr
2026-03-09T13:37:03.441757+00:00,BTCUSD,cobra,24433879,H1,HOLD,HOLD,NONE,0,649.4518445966647,0,,,,,,,,,,,,,,,,16.95,16.95,68142.6,69006.05,68122.2,68781.5,,,,,,,,67588.83245461472,68202.6975,0.09215078915844269,,,,,,none,True,,,,,,,,,,,,,,no_pattern_at_sr
2026-03-09T13:37:03.444148+00:00,USDJPY-STD,cobra,24433879,H1,HOLD,HOLD,NONE,0,0.26889809340561965,0,,,,,,,,,,,,,,,,0.018,0.018,158.564,158.577,158.181,158.194,,,,,,,,158.0246885361772,158.5265,0.14689579795725827,,,,,,none,True,,,,,,,,,,,,,,no_pattern_at_sr
2026-03-09T13:37:03.446629+00:00,EURUSD-STD,cobra,24433879,H1,HOLD,HOLD,NONE,0,0.002516588592583143,0,,,,,,,,,,,,,,,,0.00015,0.00015,1.15527,1.15873,1.15518,1.15869,,,,,,,,1.1574351122002715,1.1551066666666665,0.06490267571540659,,,,,,none,True,,,,,,,,,,,,,,no_pattern_at_sr
2026-03-09T13:37:03.448729+00:00,XAUUSD-STD,cobra,24433879,H1,HOLD,HOLD,NONE,0,33.269077566529035,0,,,,,,,,,,,,,,,,0.21,0.21,5094.96,5111.29,5084.56,5106.38,,,,,,,,5116.144240550819,5102.182,0.21737903569877925,,,,,,none,True,,,,,,,,,,,,,,no_pattern_at_sr
2026-03-09T13:37:03.450958+00:00,USOUSD-STD,cobra,24433879,H1,HOLD,HOLD,NONE,0,4.373661985691221,0,,,,,,,,,,,,,,,,0.084,0.084,102.222,102.222,97.227,97.607,,,,,,,,93.30150133876838,100.098,0.4982095111896556,,,,,,none,True,,,,,,,,,,,,,,no_pattern_at_sr
2026-03-09T13:38:03.839548+00:00,BTCUSD,cobra,24433879,H1,HOLD,HOLD,NONE,0,649.4518445966647,0,,,,,,,,,,,,,,,,17.0,17.0,68142.6,69006.05,68122.2,68762.21,,,,,,,,67588.83245461472,68202.6975,0.09215078915844269,,,,,,none,True,,,,,,,,,,,,,,no_pattern_at_sr
2026-03-09T13:38:03.841455+00:00,USDJPY-STD,cobra,24433879,H1,HOLD,HOLD,NONE,0,0.26889809340561965,0,,,,,,,,,,,,,,,,0.019,0.019,158.564,158.577,158.181,158.23,,,,,,,,158.0246885361772,158.5265,0.14689579795725827,,,,,,none,True,,,,,,,,,,,,,,no_pattern_at_sr
2026-03-09T13:38:03.843272+00:00,EURUSD-STD,cobra,24433879,H1,HOLD,HOLD,NONE,0,0.002516588592583143,0,,,,,,,,,,,,,,,,0.00013,0.00013,1.15527,1.15873,1.15518,1.15838,,,,,,,,1.1574351122002715,1.1551066666666665,0.06490267571540659,,,,,,none,True,,,,,,,,,,,,,,no_pattern_at_sr
2026-03-09T13:38:03.845014+00:00,XAUUSD-STD,cobra,24433879,H1,HOLD,HOLD,NONE,0,33.269077566529035,0,,,,,,,,,,,,,,,,0.19,0.19,5094.96,5111.29,5084.56,5101.16,,,,,,,,5116.144240550819,5102.182,0.21737903569877925,,,,,,none,True,,,,,,,,,,,,,,no_pattern_at_sr
2026-03-09T13:38:03.846799+00:00,USOUSD-STD,cobra,24433879,H1,HOLD,HOLD,NONE,0,4.373661985691221,0,,,,,,,,,,,,,,,,0.084,0.084,102.222,102.222,97.227,98.337,,,,,,,,93.30150133876838,100.098,0.4982095111896556,,,,,,none,True,,,,,,,,,,,,,,no_pattern_at_sr
2026-03-09T13:39:04.277451+00:00,BTCUSD,cobra,24433879,H1,HOLD,HOLD,NONE,0,649.4518445966647,0,,,,,,,,,,,,,,,,17.1,17.1,68142.6,69006.05,68122.2,68768.28,,,,,,,,67588.83245461472,68202.6975,0.09215078915844269,,,,,,none,True,,,,,,,,,,,,,,no_pattern_at_sr
2026-03-09T13:39:04.279345+00:00,USDJPY-STD,cobra,24433879,H1,HOLD,HOLD,NONE,0,0.26889809340561965,0,,,,,,,,,,,,,,,,0.018,0.018,158.564,158.577,158.181,158.26,,,,,,,,158.0246885361772,158.5265,0.14689579795725827,,,,,,none,True,,,,,,,,,,,,,,no_pattern_at_sr
2026-03-09T13:39:04.280830+00:00,EURUSD-STD,cobra,24433879,H1,HOLD,HOLD,NONE,0,0.002516588592583143,0,,,,,,,,,,,,,,,,0.00013,0.00013,1.15527,1.15873,1.15518,1.15824,,,,,,,,1.1574351122002715,1.1551066666666665,0.06490267571540659,,,,,,none,True,,,,,,,,,,,,,,no_pattern_at_sr
2026-03-09T13:39:04.282278+00:00,XAUUSD-STD,cobra,24433879,H1,HOLD,HOLD,NONE,0,33.269077566529035,0,,,,,,,,,,,,,,,,0.2,0.2,5094.96,5111.29,5084.56,5097.58,,,,,,,,5116.144240550819,5102.182,0.21737903569877925,,,,,,none,True,,,,,,,,,,,,,,no_pattern_at_sr
2026-03-09T13:39:04.283878+00:00,USOUSD-STD,cobra,24433879,H1,HOLD,HOLD,NONE,0,4.373661985691221,0,,,,,,,,,,,,,,,,0.084,0.084,102.222,102.222,97.227,98.682,,,,,,,,93.30150133876838,100.098,0.4982095111896556,,,,,,none,True,,,,,,,,,,,,,,no_pattern_at_sr
2026-03-09T13:40:04.689979+00:00,BTCUSD,cobra,24433879,H1,HOLD,HOLD,NONE,0,649.4518445966647,0,,,,,,,,,,,,,,,,17.11,17.11,68142.6,69006.05,68122.2,68738.99,,,,,,,,67588.83245461472,68202.6975,0.09215078915844269,,,,,,none,True,,,,,,,,,,,,,,no_pattern_at_sr
2026-03-09T13:40:04.691683+00:00,USDJPY-STD,cobra,24433879,H1,HOLD,HOLD,NONE,0,0.26889809340561965,0,,,,,,,,,,,,,,,,0.02,0.02,158.564,158.577,158.181,158.282,,,,,,,,158.0246885361772,158.5265,0.14689579795725827,,,,,,none,True,,,,,,,,,,,,,,no_pattern_at_sr
2026-03-09T13:40:04.693526+00:00,EURUSD-STD,cobra,24433879,H1,HOLD,HOLD,NONE,0,0.002516588592583143,0,,,,,,,,,,,,,,,,0.00014,0.00014,1.15527,1.15873,1.15518,1.15791,,,,,,,,1.1574351122002715,1.1551066666666665,0.06490267571540659,,,,,,none,True,,,,,,,,,,,,,,no_pattern_at_sr
2026-03-09T13:40:04.695423+00:00,XAUUSD-STD,cobra,24433879,H1,HOLD,HOLD,NONE,0,33.269077566529035,0,,,,,,,,,,,,,,,,0.19,0.19,5094.96,5111.29,5084.56,5097.16,,,,,,,,5116.144240550819,5102.182,0.21737903569877925,,,,,,none,True,,,,,,,,,,,,,,no_pattern_at_sr
2026-03-09T13:40:04.697214+00:00,USOUSD-STD,cobra,24433879,H1,HOLD,HOLD,NONE,0,4.373661985691221,0,,,,,,,,,,,,,,,,0.084,0.084,102.222,102.222,97.227,99.257,,,,,,,,93.30150133876838,100.098,0.4982095111896556,,,,,,none,True,,,,,,,,,,,,,,no_pattern_at_sr
2026-03-09T13:41:05.097954+00:00,BTCUSD,cobra,24433879,H1,HOLD,HOLD,NONE,0,649.4518445966647,0,,,,,,,,,,,,,,,,17.05,17.05,68142.6,69006.05,68122.2,68829.97,,,,,,,,67588.83245461472,68202.6975,0.09215078915844269,,,,,,none,True,,,,,,,,,,,,,,no_pattern_at_sr
2026-03-09T13:41:05.099622+00:00,USDJPY-STD,cobra,24433879,H1,HOLD,HOLD,NONE,0,0.26889809340561965,0,,,,,,,,,,,,,,,,0.018,0.018,158.564,158.577,158.181,158.297,,,,,,,,158.0246885361772,158.5265,0.14689579795725827,,,,,,none,True,,,,,,,,,,,,,,no_pattern_at_sr
2026-03-09T13:41:05.101415+00:00,EURUSD-STD,cobra,24433879,H1,HOLD,HOLD,NONE,0,0.002516588592583143,0,,,,,,,,,,,,,,,,0.00014,0.00014,1.15527,1.15873,1.15518,1.15772,,,,,,,,1.1574351122002715,1.1551066666666665,0.06490267571540659,,,,,,none,True,,,,,,,,,,,,,,no_pattern_at_sr
2026-03-09T13:41:05.103240+00:00,XAUUSD-STD,cobra,24433879,H1,HOLD,HOLD,NONE,0,33.269077566529035,0,,,,,,,,,,,,,,,,0.21,0.21,5094.96,5111.29,5084.56,5087.48,,,,,,,,5116.144240550819,5102.182,0.21737903569877925,,,,,,none,True,,,,,,,,,,,,,,no_pattern_at_sr
2026-03-09T13:41:05.104953+00:00,USOUSD-STD,cobra,24433879,H1,HOLD,HOLD,NONE,0,4.373661985691221,0,,,,,,,,,,,,,,,,0.084,0.084,102.222,102.222,97.227,99.267,,,,,,,,93.30150133876838,100.098,0.4982095111896556,,,,,,none,True,,,,,,,,,,,,,,no_pattern_at_sr
2026-03-09T13:42:05.503714+00:00,BTCUSD,cobra,24433879,H1,HOLD,HOLD,NONE,0,649.4518445966647,0,,,,,,,,,,,,,,,,16.95,16.95,68142.6,69006.05,68122.2,68773.67,,,,,,,,67588.83245461472,68202.6975,0.09215078915844269,,,,,,none,True,,,,,,,,,,,,,,no_pattern_at_sr
2026-03-09T13:42:05.505645+00:00,USDJPY-STD,cobra,24433879,H1,HOLD,HOLD,NONE,0,0.26889809340561965,0,,,,,,,,,,,,,,,,0.019,0.019,158.564,158.577,158.181,158.321,,,,,,,,158.0246885361772,158.5265,0.14689579795725827,,,,,,none,True,,,,,,,,,,,,,,no_pattern_at_sr
2026-03-09T13:42:05.507364+00:00,EURUSD-STD,cobra,24433879,H1,HOLD,HOLD,NONE,0,0.002516588592583143,0,,,,,,,,,,,,,,,,0.00014,0.00014,1.15527,1.15873,1.15518,1.15749,,,,,,,,1.1574351122002715,1.1551066666666665,0.06490267571540659,,,,,,none,True,,,,,,,,,,,,,,no_pattern_at_sr
2026-03-09T13:42:05.509193+00:00,XAUUSD-STD,cobra,24433879,H1,HOLD,HOLD,NONE,0,33.47550613795763,0,,,,,,,,,,,,,,,,0.2,0.2,5094.96,5111.29,5081.67,5081.67,,,,,,,,5116.144240550819,5102.182,0.21603855577853862,,,,,,none,True,,,,,,,,,,,,,,no_pattern_at_sr
2026-03-09T13:42:05.510853+00:00,USOUSD-STD,cobra,24433879,H1,HOLD,HOLD,NONE,0,4.373661985691221,0,,,,,,,,,,,,,,,,0.104,0.104,102.222,102.222,97.227,99.642,,,,,,,,93.30150133876838,100.098,0.4982095111896556,,,,,,none,True,,,,,,,,,,,,,,no_pattern_at_sr
2026-03-09T13:43:05.907820+00:00,BTCUSD,cobra,24433879,H1,HOLD,HOLD,NONE,0,649.4518445966647,0,,,,,,,,,,,,,,,,17.11,17.11,68142.6,69006.05,68122.2,68898.92,,,,,,,,67588.83245461472,68202.6975,0.09215078915844269,,,,,,none,True,,,,,,,,,,,,,,no_pattern_at_sr
2026-03-09T13:43:05.909596+00:00,USDJPY-STD,cobra,24433879,H1,HOLD,HOLD,NONE,0,0.26889809340561965,0,,,,,,,,,,,,,,,,0.019,0.019,158.564,158.577,158.181,158.342,,,,,,,,158.0246885361772,158.5265,0.14689579795725827,,,,,,none,True,,,,,,,,,,,,,,no_pattern_at_sr
2026-03-09T13:43:05.911104+00:00,EURUSD-STD,cobra,24433879,H1,HOLD,HOLD,NONE,0,0.002516588592583143,0,,,,,,,,,,,,,,,,0.00013,0.00013,1.15527,1.15873,1.15518,1.15737,,,,,,,,1.1574351122002715,1.1551066666666665,0.06490267571540659,,,,,,none,True,,,,,,,,,,,,,,no_pattern_at_sr
2026-03-09T13:43:05.912762+00:00,XAUUSD-STD,cobra,24433879,H1,HOLD,HOLD,NONE,0,33.94693470938623,0,,,,,,,,,,,,,,,,0.22,0.22,5094.96,5111.29,5075.07,5076.7,,,,,,,,5116.144240550819,5102.182,0.2130383806936284,,,,,,none,True,,,,,,,,,,,,,,no_pattern_at_sr
2026-03-09T13:43:05.914086+00:00,USOUSD-STD,cobra,24433879,H1,HOLD,HOLD,NONE,0,4.373661985691221,0,,,,,,,,,,,,,,,,0.084,0.084,102.222,102.222,97.227,99.772,,,,,,,,93.30150133876838,100.098,0.4982095111896556,,,,,,none,True,,,,,,,,,,,,,,no_pattern_at_sr
2026-03-09T13:44:06.441871+00:00,BTCUSD,cobra,24433879,H1,HOLD,HOLD,NONE,0,662.8168445966649,0,,,,,,,,,,,,,,,,17.05,17.05,68142.6,69193.16,68122.2,69172.66,,,,,,,,67588.83245461472,68202.6975,0.0902926660477483,,,,,,none,True,,,,,,,,,,,,,,no_pattern_at_sr
2026-03-09T13:44:06.443906+00:00,USDJPY-STD,cobra,24433879,H1,HOLD,HOLD,NONE,0,0.26889809340561965,0,,,,,,,,,,,,,,,,0.018,0.018,158.564,158.577,158.181,158.353,,,,,,,,158.0246885361772,158.5265,0.14689579795725827,,,,,,none,True,,,,,,,,,,,,,,no_pattern_at_sr
2026-03-09T13:44:06.445726+00:00,EURUSD-STD,cobra,24433879,H1,HOLD,HOLD,NONE,0,0.002516588592583143,0,,,,,,,,,,,,,,,,0.00014,0.00014,1.15527,1.15873,1.15518,1.15762,,,,,,,,1.1574351122002715,1.1551066666666665,0.06490267571540659,,,,,,none,True,,,,,,,,,,,,,,no_pattern_at_sr
2026-03-09T13:44:06.447493+00:00,XAUUSD-STD,cobra,24433879,H1,HOLD,HOLD,NONE,0,33.98550613795765,0,,,,,,,,,,,,,,,,0.2,0.2,5094.96,5111.29,5074.53,5078.16,,,,,,,,5116.144240550819,5102.182,0.21279659542638715,,,,,,none,True,,,,,,,,,,,,,,no_pattern_at_sr
2026-03-09T13:44:06.448932+00:00,USOUSD-STD,cobra,24433879,H1,HOLD,HOLD,NONE,0,4.373661985691221,0,,,,,,,,,,,,,,,,0.084,0.084,102.222,102.222,97.227,99.542,,,,,,,,93.30150133876838,100.098,0.4982095111896556,,,,,,none,True,,,,,,,,,,,,,,no_pattern_at_sr
2026-03-09T13:45:06.865763+00:00,BTCUSD,cobra,24433879,H1,HOLD,HOLD,NONE,0,667.9368445966643,0,,,,,,,,,,,,,,,,17.1,17.1,68142.6,69264.84,68122.2,69203.66,,,,,,,,67588.83245461472,68202.6975,0.08960053706294348,,,,,,none,True,,,,,,,,,,,,,,no_pattern_at_sr
2026-03-09T13:45:06.867586+00:00,USDJPY-STD,cobra,24433879,H1,HOLD,HOLD,NONE,0,0.26889809340561965,0,,,,,,,,,,,,,,,,0.019,0.019,158.564,158.577,158.181,158.338,,,,,,,,158.0246885361772,158.5265,0.14689579795725827,,,,,,none,True,,,,,,,,,,,,,,no_pattern_at_sr
2026-03-09T13:45:06.869381+00:00,EURUSD-STD,cobra,24433879,H1,HOLD,HOLD,NONE,0,0.002516588592583143,0,,,,,,,,,,,,,,,,0.00015,0.00015,1.15527,1.15873,1.15518,1.15767,,,,,,,,1.1574351122002715,1.1551066666666665,0.06490267571540659,,,,,,none,True,,,,,,,,,,,,,,no_pattern_at_sr
2026-03-09T13:45:06.871021+00:00,XAUUSD-STD,cobra,24433879,H1,HOLD,HOLD,NONE,0,33.99622042367191,0,,,,,,,,,,,,,,,,0.2,0.2,5094.96,5111.29,5074.38,5074.79,,,,,,,,5116.144240550819,5102.182,0.21272953022049054,,,,,,none,True,,,,,,,,,,,,,,no_pattern_at_sr
2026-03-09T13:45:06.872717+00:00,USOUSD-STD,cobra,24433879,H1,HOLD,HOLD,NONE,0,4.373661985691221,0,,,,,,,,,,,,,,,,0.084,0.084,102.222,102.222,97.227,99.942,,,,,,,,93.30150133876838,100.098,0.4982095111896556,,,,,,none,True,,,,,,,,,,,,,,no_pattern_at_sr
2026-03-09T13:46:07.242693+00:00,BTCUSD,cobra,24433879,H1,HOLD,HOLD,NONE,0,667.9368445966643,0,,,,,,,,,,,,,,,,16.97,16.97,68142.6,69264.84,68122.2,69127.02,,,,,,,,67588.83245461472,68202.6975,0.08960053706294348,,,,,,none,True,,,,,,,,,,,,,,no_pattern_at_sr
2026-03-09T13:46:07.244620+00:00,USDJPY-STD,cobra,24433879,H1,HOLD,HOLD,NONE,0,0.26889809340561965,0,,,,,,,,,,,,,,,,0.02,0.02,158.564,158.577,158.181,158.319,,,,,,,,158.0246885361772,158.5265,0.14689579795725827,,,,,,none,True,,,,,,,,,,,,,,no_pattern_at_sr
2026-03-09T13:46:07.246330+00:00,EURUSD-STD,cobra,24433879,H1,HOLD,HOLD,NONE,0,0.002516588592583143,0,,,,,,,,,,,,,,,,0.00015,0.00015,1.15527,1.15873,1.15518,1.15785,,,,,,,,1.1574351122002715,1.1551066666666665,0.06490267571540659,,,,,,none,True,,,,,,,,,,,,,,no_pattern_at_sr
2026-03-09T13:46:07.248255+00:00,XAUUSD-STD,cobra,24433879,H1,HOLD,HOLD,NONE,0,34.38764899510051,0,,,,,,,,,,,,,,,,0.2,0.2,5094.96,5111.29,5068.9,5077.12,,,,,,,,5116.144240550819,5102.182,0.2103080673247064,,,,,,none,True,,,,,,,,,,,,,,no_pattern_at_sr
2026-03-09T13:46:07.249995+00:00,USOUSD-STD,cobra,24433879,H1,HOLD,HOLD,NONE,0,4.373661985691221,0,,,,,,,,,,,,,,,,0.084,0.084,102.222,102.222,97.227,99.492,,,,,,,,93.30150133876838,100.098,0.4982095111896556,,,,,,none,True,,,,,,,,,,,,,,no_pattern_at_sr
2026-03-09T13:47:07.668197+00:00,BTCUSD,cobra,24433879,H1,HOLD,HOLD,NONE,0,667.9368445966643,0,,,,,,,,,,,,,,,,17.06,17.06,68142.6,69264.84,68122.2,69214.46,,,,,,,,67588.83245461472,68202.6975,0.08960053706294348,,,,,,none,True,,,,,,,,,,,,,,no_pattern_at_sr
2026-03-09T13:47:07.676000+00:00,USDJPY-STD,cobra,24433879,H1,HOLD,HOLD,NONE,0,0.26889809340561965,0,,,,,,,,,,,,,,,,0.019,0.019,158.564,158.577,158.181,158.358,,,,,,,,158.0246885361772,158.5265,0.14689579795725827,,,,,,none,True,,,,,,,,,,,,,,no_pattern_at_sr
2026-03-09T13:47:07.684254+00:00,EURUSD-STD,cobra,24433879,H1,HOLD,HOLD,NONE,0,0.002516588592583143,0,,,,,,,,,,,,,,,,0.00015,0.00015,1.15527,1.15873,1.15518,1.15775,,,,,,,,1.1574351122002715,1.1551066666666665,0.06490267571540659,,,,,,none,True,,,,,,,,,,,,,,no_pattern_at_sr
2026-03-09T13:47:07.689143+00:00,XAUUSD-STD,cobra,24433879,H1,HOLD,HOLD,NONE,0,34.38764899510051,0,,,,,,,,,,,,,,,,0.2,0.2,5094.96,5111.29,5068.9,5079.05,,,,,,,,5116.144240550819,5102.182,0.2103080673247064,,,,,,none,True,,,,,,,,,,,,,,no_pattern_at_sr
2026-03-09T13:47:07.692167+00:00,USOUSD-STD,cobra,24433879,H1,HOLD,HOLD,NONE,0,4.373661985691221,0,,,,,,,,,,,,,,,,0.084,0.084,102.222,102.222,97.227,99.747,,,,,,,,93.30150133876838,100.098,0.4982095111896556,,,,,,none,True,,,,,,,,,,,,,,no_pattern_at_sr
2026-03-09T13:48:08.092579+00:00,BTCUSD,cobra,24433879,H1,HOLD,HOLD,NONE,0,670.5439874538072,0,,,,,,,,,,,,,,,,17.02,17.02,68142.6,69301.34,68122.2,69248.43,,,,,,,,67588.83245461472,68202.6975,0.08925216111062624,,,,,,none,True,,,,,,,,,,,,,,no_pattern_at_sr
2026-03-09T13:48:08.094474+00:00,USDJPY-STD,cobra,24433879,H1,HOLD,HOLD,NONE,0,0.26889809340561965,0,,,,,,,,,,,,,,,,0.018,0.018,158.564,158.577,158.181,158.325,,,,,,,,158.0246885361772,158.5265,0.14689579795725827,,,,,,none,True,,,,,,,,,,,,,,no_pattern_at_sr
2026-03-09T13:48:08.096081+00:00,EURUSD-STD,cobra,24433879,H1,HOLD,HOLD,NONE,0,0.002516588592583143,0,,,,,,,,,,,,,,,,0.00015,0.00015,1.15527,1.15873,1.15518,1.15807,,,,,,,,1.1574351122002715,1.1551066666666665,0.06490267571540659,,,,,,none,True,,,,,,,,,,,,,,no_pattern_at_sr
2026-03-09T13:48:08.097899+00:00,XAUUSD-STD,cobra,24433879,H1,HOLD,HOLD,NONE,0,34.38764899510051,0,,,,,,,,,,,,,,,,0.2,0.2,5094.96,5111.29,5068.9,5084.55,,,,,,,,5116.144240550819,5102.182,0.2103080673247064,,,,,,none,True,,,,,,,,,,,,,,no_pattern_at_sr
2026-03-09T13:48:08.099878+00:00,USOUSD-STD,cobra,24433879,H1,HOLD,HOLD,NONE,0,4.373661985691221,0,,,,,,,,,,,,,,,,0.104,0.104,102.222,102.222,97.227,99.672,,,,,,,,93.30150133876838,100.098,0.4982095111896556,,,,,,none,True,,,,,,,,,,,,,,no_pattern_at_sr
2026-03-09T13:49:08.489513+00:00,BTCUSD,cobra,24433879,H1,HOLD,HOLD,NONE,0,670.5439874538072,0,,,,,,,,,,,,,,,,17.0,17.0,68142.6,69301.34,68122.2,69150.77,,,,,,,,67588.83245461472,68202.6975,0.08925216111062624,,,,,,none,True,,,,,,,,,,,,,,no_pattern_at_sr
2026-03-09T13:49:08.491623+00:00,USDJPY-STD,cobra,24433879,H1,HOLD,HOLD,NONE,0,0.26889809340561965,0,,,,,,,,,,,,,,,,0.02,0.02,158.564,158.577,158.181,158.309,,,,,,,,158.0246885361772,158.5265,0.14689579795725827,,,,,,none,True,,,,,,,,,,,,,,no_pattern_at_sr
2026-03-09T13:49:08.493587+00:00,EURUSD-STD,cobra,24433879,H1,HOLD,HOLD,NONE,0,0.002516588592583143,0,,,,,,,,,,,,,,,,0.00014,0.00014,1.15527,1.15873,1.15518,1.1582,,,,,,,,1.1574351122002715,1.1551066666666665,0.06490267571540659,,,,,,none,True,,,,,,,,,,,,,,no_pattern_at_sr
2026-03-09T13:49:08.495339+00:00,XAUUSD-STD,cobra,24433879,H1,HOLD,HOLD,NONE,0,34.38764899510051,0,,,,,,,,,,,,,,,,0.21,0.21,5094.96,5111.29,5068.9,5081.59,,,,,,,,5116.144240550819,5102.182,0.2103080673247064,,,,,,none,True,,,,,,,,,,,,,,no_pattern_at_sr
2026-03-09T13:49:08.497082+00:00,USOUSD-STD,cobra,24433879,H1,HOLD,HOLD,NONE,0,4.373661985691221,0,,,,,,,,,,,,,,,,0.084,0.084,102.222,102.222,97.227,99.687,,,,,,,,93.30150133876838,100.098,0.4982095111896556,,,,,,none,True,,,,,,,,,,,,,,no_pattern_at_sr
2026-03-09T13:50:08.883716+00:00,BTCUSD,cobra,24433879,H1,HOLD,HOLD,NONE,0,670.5439874538072,0,,,,,,,,,,,,,,,,16.96,16.96,68142.6,69301.34,68122.2,68971.64,,,,,,,,67588.83245461472,68202.6975,0.08925216111062624,,,,,,none,True,,,,,,,,,,,,,,no_pattern_at_sr
2026-03-09T13:50:08.885404+00:00,USDJPY-STD,cobra,24433879,H1,HOLD,HOLD,NONE,0,0.26889809340561965,0,,,,,,,,,,,,,,,,0.018,0.018,158.564,158.577,158.181,158.332,,,,,,,,158.0246885361772,158.5265,0.14689579795725827,,,,,,none,True,,,,,,,,,,,,,,no_pattern_at_sr
2026-03-09T13:50:08.887178+00:00,EURUSD-STD,cobra,24433879,H1,HOLD,HOLD,NONE,0,0.002516588592583143,0,,,,,,,,,,,,,,,,0.00014,0.00014,1.15527,1.15873,1.15518,1.15759,,,,,,,,1.1574351122002715,1.1551066666666665,0.06490267571540659,,,,,,none,True,,,,,,,,,,,,,,no_pattern_at_sr
2026-03-09T13:50:08.889003+00:00,XAUUSD-STD,cobra,24433879,H1,HOLD,HOLD,NONE,0,34.38764899510051,0,,,,,,,,,,,,,,,,0.19,0.19,5094.96,5111.29,5068.9,5080.65,,,,,,,,5116.144240550819,5102.182,0.2103080673247064,,,,,,none,True,,,,,,,,,,,,,,no_pattern_at_sr
2026-03-09T13:50:08.890715+00:00,USOUSD-STD,cobra,24433879,H1,HOLD,HOLD,NONE,0,4.373661985691221,0,,,,,,,,,,,,,,,,0.124,0.124,102.222,102.222,97.227,99.577,,,,,,,,93.30150133876838,100.098,0.4982095111896556,,,,,,none,True,,,,,,,,,,,,,,no_pattern_at_sr
2026-03-09T13:51:09.279274+00:00,BTCUSD,cobra,24433879,H1,HOLD,HOLD,NONE,0,670.5439874538072,0,,,,,,,,,,,,,,,,17.07,17.07,68142.6,69301.34,68122.2,68908.95,,,,,,,,67588.83245461472,68202.6975,0.08925216111062624,,,,,,none,True,,,,,,,,,,,,,,no_pattern_at_sr
2026-03-09T13:51:09.281291+00:00,USDJPY-STD,cobra,24433879,H1,HOLD,HOLD,NONE,0,0.26889809340561965,0,,,,,,,,,,,,,,,,0.018,0.018,158.564,158.577,158.181,158.369,,,,,,,,158.0246885361772,158.5265,0.14689579795725827,,,,,,none,True,,,,,,,,,,,,,,no_pattern_at_sr
2026-03-09T13:51:09.282995+00:00,EURUSD-STD,cobra,24433879,H1,HOLD,HOLD,NONE,0,0.002516588592583143,0,,,,,,,,,,,,,,,,0.00014,0.00014,1.15527,1.15873,1.15518,1.15745,,,,,,,,1.1574351122002715,1.1551066666666665,0.06490267571540659,,,,,,none,True,,,,,,,,,,,,,,no_pattern_at_sr
2026-03-09T13:51:09.284504+00:00,XAUUSD-STD,cobra,24433879,H1,HOLD,HOLD,NONE,0,34.38764899510051,0,,,,,,,,,,,,,,,,0.2,0.2,5094.96,5111.29,5068.9,5079.88,,,,,,,,5116.144240550819,5102.182,0.2103080673247064,,,,,,none,True,,,,,,,,,,,,,,no_pattern_at_sr
2026-03-09T13:51:09.285947+00:00,USOUSD-STD,cobra,24433879,H1,HOLD,HOLD,NONE,0,4.373661985691221,0,,,,,,,,,,,,,,,,0.084,0.084,102.222,102.222,97.227,100.022,,,,,,,,93.30150133876838,100.098,0.4982095111896556,,,,,,none,True,,,,,,,,,,,,,,no_pattern_at_sr
2026-03-09T13:52:09.661762+00:00,BTCUSD,cobra,24433879,H1,HOLD,HOLD,NONE,0,670.5439874538072,0,,,,,,,,,,,,,,,,17.06,17.06,68142.6,69301.34,68122.2,68999.47,,,,,,,,67588.83245461472,68202.6975,0.08925216111062624,,,,,,none,True,,,,,,,,,,,,,,no_pattern_at_sr
2026-03-09T13:52:09.663722+00:00,USDJPY-STD,cobra,24433879,H1,HOLD,HOLD,NONE,0,0.26889809340561965,0,,,,,,,,,,,,,,,,0.018,0.018,158.564,158.577,158.181,158.357,,,,,,,,158.0246885361772,158.5265,0.14689579795725827,,,,,,none,True,,,,,,,,,,,,,,no_pattern_at_sr
2026-03-09T13:52:09.665247+00:00,EURUSD-STD,cobra,24433879,H1,HOLD,HOLD,NONE,0,0.002516588592583143,0,,,,,,,,,,,,,,,,0.00014,0.00014,1.15527,1.15873,1.15518,1.15747,,,,,,,,1.1574351122002715,1.1551066666666665,0.06490267571540659,,,,,,none,True,,,,,,,,,,,,,,no_pattern_at_sr
2026-03-09T13:52:09.666966+00:00,XAUUSD-STD,cobra,24433879,H1,HOLD,HOLD,NONE,0,34.38764899510051,0,,,,,,,,,,,,,,,,0.2,0.2,5094.96,5111.29,5068.9,5080.04,,,,,,,,5116.144240550819,5102.182,0.2103080673247064,,,,,,none,True,,,,,,,,,,,,,,no_pattern_at_sr
2026-03-09T13:52:09.668498+00:00,USOUSD-STD,cobra,24433879,H1,HOLD,HOLD,NONE,0,4.373661985691221,0,,,,,,,,,,,,,,,,0.084,0.084,102.222,102.222,97.227,100.842,,,,,,,,93.30150133876838,100.098,0.4982095111896556,,,,,,none,True,,,,,,,,,,,,,,no_pattern_at_sr
2026-03-09T13:53:10.103005+00:00,BTCUSD,cobra,24433879,H1,HOLD,HOLD,NONE,0,670.5439874538072,0,,,,,,,,,,,,,,,,17.03,17.03,68142.6,69301.34,68122.2,68995.83,,,,,,,,67588.83245461472,68202.6975,0.08925216111062624,,,,,,none,True,,,,,,,,,,,,,,no_pattern_at_sr
2026-03-09T13:53:10.104870+00:00,USDJPY-STD,cobra,24433879,H1,HOLD,HOLD,NONE,0,0.26889809340561965,0,,,,,,,,,,,,,,,,0.019,0.019,158.564,158.577,158.181,158.366,,,,,,,,158.0246885361772,158.5265,0.14689579795725827,,,,,,none,True,,,,,,,,,,,,,,no_pattern_at_sr
2026-03-09T13:53:10.106401+00:00,EURUSD-STD,cobra,24433879,H1,HOLD,HOLD,NONE,0,0.002516588592583143,0,,,,,,,,,,,,,,,,0.00015,0.00015,1.15527,1.15873,1.15518,1.15739,,,,,,,,1.1574351122002715,1.1551066666666665,0.06490267571540659,,,,,,none,True,,,,,,,,,,,,,,no_pattern_at_sr
2026-03-09T13:53:10.108288+00:00,XAUUSD-STD,cobra,24433879,H1,HOLD,HOLD,NONE,0,34.38764899510051,0,,,,,,,,,,,,,,,,0.21,0.21,5094.96,5111.29,5068.9,5078.24,,,,,,,,5116.144240550819,5102.182,0.2103080673247064,,,,,,none,True,,,,,,,,,,,,,,no_pattern_at_sr
2026-03-09T13:53:10.110219+00:00,USOUSD-STD,cobra,24433879,H1,HOLD,HOLD,NONE,0,4.373661985691221,0,,,,,,,,,,,,,,,,0.084,0.084,102.222,102.222,97.227,100.577,,,,,,,,93.30150133876838,100.098,0.4982095111896556,,,,,,none,True,,,,,,,,,,,,,,no_pattern_at_sr
2026-03-09T13:54:10.550265+00:00,BTCUSD,cobra,24433879,H1,HOLD,HOLD,NONE,0,670.5439874538072,0,,,,,,,,,,,,,,,,16.97,16.97,68142.6,69301.34,68122.2,68848.69,,,,,,,,67588.83245461472,68202.6975,0.08925216111062624,,,,,,none,True,,,,,,,,,,,,,,no_pattern_at_sr
2026-03-09T13:54:10.552130+00:00,USDJPY-STD,cobra,24433879,H1,HOLD,HOLD,NONE,0,0.26889809340561965,0,,,,,,,,,,,,,,,,0.018,0.018,158.564,158.577,158.181,158.396,,,,,,,,158.0246885361772,158.5265,0.14689579795725827,,,,,,none,True,,,,,,,,,,,,,,no_pattern_at_sr
2026-03-09T13:54:10.553875+00:00,EURUSD-STD,cobra,24433879,H1,HOLD,HOLD,NONE,0,0.002516588592583143,0,,,,,,,,,,,,,,,,0.00014,0.00014,1.15527,1.15873,1.15518,1.15716,,,,,,,,1.1574351122002715,1.1551066666666665,0.06490267571540659,,,,,,none,True,,,,,,,,,,,,,,no_pattern_at_sr
2026-03-09T13:54:10.555791+00:00,XAUUSD-STD,cobra,24433879,H1,HOLD,HOLD,NONE,0,34.38764899510051,0,,,,,,,,,,,,,,,,0.22,0.22,5094.96,5111.29,5068.9,5072.35,,,,,,,,5116.144240550819,5102.182,0.2103080673247064,,,,,,none,True,,,,,,,,,,,,,,no_pattern_at_sr
2026-03-09T13:54:10.557586+00:00,USOUSD-STD,cobra,24433879,H1,HOLD,HOLD,NONE,0,4.373661985691221,0,,,,,,,,,,,,,,,,0.084,0.084,102.222,102.222,97.227,101.202,,,,,,,,93.30150133876838,100.098,0.4982095111896556,,,,,,none,True,,,,,,,,,,,,,,no_pattern_at_sr
2026-03-09T13:55:10.943839+00:00,BTCUSD,cobra,24433879,H1,HOLD,HOLD,NONE,0,670.5439874538072,0,,,,,,,,,,,,,,,,17.03,17.03,68142.6,69301.34,68122.2,68837.17,,,,,,,,67588.83245461472,68202.6975,0.08925216111062624,,,,,,none,True,,,,,,,,,,,,,,no_pattern_at_sr
2026-03-09T13:55:10.945684+00:00,USDJPY-STD,cobra,24433879,H1,HOLD,HOLD,NONE,0,0.26889809340561965,0,,,,,,,,,,,,,,,,0.019,0.019,158.564,158.577,158.181,158.406,,,,,,,,158.0246885361772,158.5265,0.14689579795725827,,,,,,none,True,,,,,,,,,,,,,,no_pattern_at_sr
2026-03-09T13:55:10.947104+00:00,EURUSD-STD,cobra,24433879,H1,HOLD,HOLD,NONE,0,0.002516588592583143,0,,,,,,,,,,,,,,,,0.00014,0.00014,1.15527,1.15873,1.15518,1.15702,,,,,,,,1.1574351122002715,1.1551066666666665,0.06490267571540659,,,,,,none,True,,,,,,,,,,,,,,no_pattern_at_sr
2026-03-09T13:55:10.948443+00:00,XAUUSD-STD,cobra,24433879,H1,HOLD,HOLD,NONE,0,34.38764899510051,0,,,,,,,,,,,,,,,,0.26,0.26,5094.96,5111.29,5068.9,5070.27,,,,,,,,5116.144240550819,5102.182,0.2103080673247064,,,,,,none,True,,,,,,,,,,,,,,no_pattern_at_sr
2026-03-09T13:55:10.949934+00:00,USOUSD-STD,cobra,24433879,H1,HOLD,HOLD,NONE,0,4.373661985691221,0,,,,,,,,,,,,,,,,0.084,0.084,102.222,102.222,97.227,100.937,,,,,,,,93.30150133876838,100.098,0.4982095111896556,,,,,,none,True,,,,,,,,,,,,,,no_pattern_at_sr
2026-03-09T13:56:11.361678+00:00,BTCUSD,cobra,24433879,H1,HOLD,HOLD,NONE,0,670.5439874538072,0,,,,,,,,,,,,,,,,16.97,16.97,68142.6,69301.34,68122.2,68999.06,,,,,,,,67588.83245461472,68202.6975,0.08925216111062624,,,,,,none,True,,,,,,,,,,,,,,no_pattern_at_sr
2026-03-09T13:56:11.363483+00:00,USDJPY-STD,cobra,24433879,H1,HOLD,HOLD,NONE,0,0.26889809340561965,0,,,,,,,,,,,,,,,,0.018,0.018,158.564,158.577,158.181,158.411,,,,,,,,158.0246885361772,158.5265,0.14689579795725827,,,,,,none,True,,,,,,,,,,,,,,no_pattern_at_sr
2026-03-09T13:56:11.365090+00:00,EURUSD-STD,cobra,24433879,H1,HOLD,HOLD,NONE,0,0.002516588592583143,0,,,,,,,,,,,,,,,,0.00014,0.00014,1.15527,1.15873,1.15518,1.15729,,,,,,,,1.1574351122002715,1.1551066666666665,0.06490267571540659,,,,,,none,True,,,,,,,,,,,,,,no_pattern_at_sr
2026-03-09T13:56:11.367094+00:00,XAUUSD-STD,cobra,24433879,H1,HOLD,HOLD,NONE,0,34.49622042367191,0,,,,,,,,,,,,,,,,0.25,0.25,5094.96,5111.29,5067.38,5072.35,,,,,,,,5116.144240550819,5102.182,0.20964615575789997,,,,,,none,True,,,,,,,,,,,,,,no_pattern_at_sr
2026-03-09T13:56:11.369029+00:00,USOUSD-STD,cobra,24433879,H1,HOLD,HOLD,NONE,0,4.373661985691221,0,,,,,,,,,,,,,,,,0.144,0.144,102.222,102.222,97.227,100.22,,,,,,,,93.30150133876838,100.098,0.4982095111896556,,,,,,none,True,,,,,,,,,,,,,,no_pattern_at_sr
2026-03-09T13:57:11.790773+00:00,BTCUSD,cobra,24433879,H1,HOLD,HOLD,NONE,0,670.5439874538072,0,,,,,,,,,,,,,,,,16.98,16.98,68142.6,69301.34,68122.2,68958.85,,,,,,,,67588.83245461472,68202.6975,0.08925216111062624,,,,,,none,True,,,,,,,,,,,,,,no_pattern_at_sr
2026-03-09T13:57:11.792992+00:00,USDJPY-STD,cobra,24433879,H1,HOLD,HOLD,NONE,0,0.26889809340561965,0,,,,,,,,,,,,,,,,0.019,0.019,158.564,158.577,158.181,158.408,,,,,,,,158.0246885361772,158.5265,0.14689579795725827,,,,,,none,True,,,,,,,,,,,,,,no_pattern_at_sr
2026-03-09T13:57:11.795466+00:00,EURUSD-STD,cobra,24433879,H1,HOLD,HOLD,NONE,0,0.002516588592583143,0,,,,,,,,,,,,,,,,0.00015,0.00015,1.15527,1.15873,1.15518,1.15731,,,,,,,,1.1574351122002715,1.1551066666666665,0.06490267571540659,,,,,,none,True,,,,,,,,,,,,,,no_pattern_at_sr
2026-03-09T13:57:11.798783+00:00,XAUUSD-STD,cobra,24433879,H1,HOLD,HOLD,NONE,0,34.49622042367191,0,,,,,,,,,,,,,,,,0.19,0.19,5094.96,5111.29,5067.38,5074.61,,,,,,,,5116.144240550819,5102.182,0.20964615575789997,,,,,,none,True,,,,,,,,,,,,,,no_pattern_at_sr
2026-03-09T13:57:11.801110+00:00,USOUSD-STD,cobra,24433879,H1,HOLD,HOLD,NONE,0,4.373661985691221,0,,,,,,,,,,,,,,,,0.084,0.084,102.222,102.222,97.227,100.247,,,,,,,,93.30150133876838,100.098,0.4982095111896556,,,,,,none,True,,,,,,,,,,,,,,no_pattern_at_sr
2026-03-09T13:58:12.223487+00:00,BTCUSD,cobra,24433879,H1,HOLD,HOLD,NONE,0,670.5439874538072,0,,,,,,,,,,,,,,,,17.06,17.06,68142.6,69301.34,68122.2,69040.0,,,,,,,,67588.83245461472,68202.6975,0.08925216111062624,,,,,,none,True,,,,,,,,,,,,,,no_pattern_at_sr
2026-03-09T13:58:12.225082+00:00,USDJPY-STD,cobra,24433879,H1,HOLD,HOLD,NONE,0,0.26889809340561965,0,,,,,,,,,,,,,,,,0.019,0.019,158.564,158.577,158.181,158.342,,,,,,,,158.0246885361772,158.5265,0.14689579795725827,,,,,,none,True,,,,,,,,,,,,,,no_pattern_at_sr
2026-03-09T13:58:12.226883+00:00,EURUSD-STD,cobra,24433879,H1,HOLD,HOLD,NONE,0,0.002516588592583143,0,,,,,,,,,,,,,,,,0.00014,0.00014,1.15527,1.15873,1.15518,1.15768,,,,,,,,1.1574351122002715,1.1551066666666665,0.06490267571540659,,,,,,none,True,,,,,,,,,,,,,,no_pattern_at_sr
2026-03-09T13:58:12.228339+00:00,XAUUSD-STD,cobra,24433879,H1,HOLD,HOLD,NONE,0,34.49622042367191,0,,,,,,,,,,,,,,,,0.21,0.21,5094.96,5111.29,5067.38,5072.56,,,,,,,,5116.144240550819,5102.182,0.20964615575789997,,,,,,none,True,,,,,,,,,,,,,,no_pattern_at_sr
2026-03-09T13:58:12.229946+00:00,USOUSD-STD,cobra,24433879,H1,HOLD,HOLD,NONE,0,4.373661985691221,0,,,,,,,,,,,,,,,,0.104,0.104,102.222,102.222,97.227,99.407,,,,,,,,93.30150133876838,100.098,0.4982095111896556,,,,,,none,True,,,,,,,,,,,,,,no_pattern_at_sr
2026-03-09T13:59:12.634578+00:00,BTCUSD,cobra,24433879,H1,HOLD,HOLD,NONE,0,670.5439874538072,0,,,,,,,,,,,,,,,,16.96,16.96,68142.6,69301.34,68122.2,69051.27,,,,,,,,67588.83245461472,68202.6975,0.08925216111062624,,,,,,none,True,,,,,,,,,,,,,,no_pattern_at_sr
2026-03-09T13:59:12.636227+00:00,USDJPY-STD,cobra,24433879,H1,HOLD,HOLD,NONE,0,0.26889809340561965,0,,,,,,,,,,,,,,,,0.019,0.019,158.564,158.577,158.181,158.318,,,,,,,,158.0246885361772,158.5265,0.14689579795725827,,,,,,none,True,,,,,,,,,,,,,,no_pattern_at_sr
2026-03-09T13:59:12.637906+00:00,EURUSD-STD,cobra,24433879,H1,HOLD,HOLD,NONE,0,0.002516588592583143,0,,,,,,,,,,,,,,,,0.00013,0.00013,1.15527,1.15873,1.15518,1.15754,,,,,,,,1.1574351122002715,1.1551066666666665,0.06490267571540659,,,,,,none,True,,,,,,,,,,,,,,no_pattern_at_sr
2026-03-09T13:59:12.639298+00:00,XAUUSD-STD,cobra,24433879,H1,HOLD,HOLD,NONE,0,34.49622042367191,0,,,,,,,,,,,,,,,,0.25,0.25,5094.96,5111.29,5067.38,5080.2,,,,,,,,5116.144240550819,5102.182,0.20964615575789997,,,,,,none,True,,,,,,,,,,,,,,no_pattern_at_sr
2026-03-09T13:59:12.640758+00:00,USOUSD-STD,cobra,24433879,H1,HOLD,HOLD,NONE,0,4.373661985691221,0,,,,,,,,,,,,,,,,0.084,0.084,102.222,102.222,97.227,99.587,,,,,,,,93.30150133876838,100.098,0.4982095111896556,,,,,,none,True,,,,,,,,,,,,,,no_pattern_at_sr
2026-03-09T14:00:13.034202+00:00,BTCUSD,cobra,24433879,H1,HOLD,HOLD,NONE,0,625.710823130796,0,,,,,,,,,,,,,,,,17.01,17.01,68966.4,68988.48,68945.6,68963.12,,,,,,,,67642.95536577508,69301.34,0.5376125640864643,,,,,,none,True,,,,,,,,,,,,,,no_pattern_at_sr
2026-03-09T14:00:13.036031+00:00,USDJPY-STD,cobra,24433879,H1,HOLD,HOLD,NONE,0,0.2511196434148803,0,,,,,,,,,,,,,,,,0.018,0.018,158.316,158.316,158.296,158.299,,,,,,,,158.03624365742982,158.316,0.0,,,,,,none,True,,,,,,,,,,,,,,no_pattern_at_sr
2026-03-09T14:00:13.037876+00:00,EURUSD-STD,cobra,24433879,H1,BUY,BUY,ENGULFING,0.75,0.0023461179786571197,0,,,,,,,,,,,,,,,,0.00013,0.00013,1.15753,1.15765,1.1575199999999999,1.15761,,,,,,,,1.1574389812994597,,,BULLISH_ENGULF,,,0.9675557753916987,,BULLISH_ENGULF,False,,,,,,,,,,,,,,
2026-03-09T14:00:14.230659+00:00,EURUSD-STD,cobra,24433879,H1,BUY_EXECUTED,BUY_EXECUTED,ENGULFING,0.75,0.0023461179786571197,1,1.1577,1.1541808230320143,,1.166497942419964,,0.01,687535,,,,,,,82.3,142.48,0.00013,0.00013,1.15753,1.15765,1.1575199999999999,1.15761,,,,,,,,1.1574389812994597,,,BULLISH_ENGULF,,,0.9675557753916987,,,,,,,,,,,,,,,,,
2026-03-09T14:00:14.673984+00:00,XAUUSD-STD,cobra,24433879,H1,SELL,SELL,ENGULFING,0.75,32.25434759427011,0,,,,,,,,,,,,,,,,0.2,0.2,5074.1,5076.44,5073.33,5075.35,,,,,,,,5114.497813070432,,,BEARISH_ENGULF,,,0.6464244839881463,,BEARISH_ENGULF,False,,,,,,,,,,,,,,
2026-03-09T14:00:15.812190+00:00,XAUUSD-STD,cobra,24433879,H1,SELL_EXECUTED,SELL_EXECUTED,ENGULFING,0.75,32.25434759427011,1,5075.5,5146.459564707394,,4862.6213058778185,,0.01,687536,,,,,,,82.3,141.76,0.19,0.19,5074.1,5076.44,5073.33,5075.35,,,,,,,,5114.497813070432,,,BEARISH_ENGULF,,,0.6464244839881463,,,,,,,,,,,,,,,,,
2026-03-09T14:00:16.211494+00:00,USOUSD-STD,cobra,24433879,H1,HOLD,HOLD,NONE,0,4.076971850858494,0,,,,,,,,,,,,,,,,0.084,0.084,99.667,99.857,99.637,99.802,,,,,,,,93.55115140812079,100.098,0.10571571641075743,,,,,,none,True,,,,,,,,,,,,,,no_pattern_at_sr
2026-03-09T14:01:16.621023+00:00,BTCUSD,cobra,24433879,H1,HOLD,HOLD,NONE,0,629.6158231307969,0,,,,,,,,,,,,,,,,17.11,17.11,68966.4,68988.48,68890.93,68894.49,,,,,,,,67642.95536577508,69301.34,0.5342781862235974,,,,,,none,True,,,,,,,,,,,,,,no_pattern_at_sr
2026-03-09T14:01:16.635918+00:00,USDJPY-STD,cobra,24433879,H1,HOLD,HOLD,NONE,0,0.2531196434148797,0,,,,,,,,,,,,,,,,0.018,0.018,158.316,158.344,158.296,158.343,,,,,,,,158.03624365742982,158.316,0.0,,,,,,none,True,,,,,,,,,,,,,,no_pattern_at_sr
2026-03-09T14:01:16.650427+00:00,USOUSD-STD,cobra,24433879,H1,HOLD,HOLD,NONE,0,4.11518613657278,0,,,,,,,,,,,,,,,,0.084,0.084,99.667,100.117,99.362,99.972,,,,,,,,93.55115140812079,100.098,0.10473402312706659,,,,,,none,True,,,,,,,,,,,,,,no_pattern_at_sr
2026-03-09T14:02:17.001872+00:00,BTCUSD,cobra,24433879,H1,HOLD,HOLD,NONE,0,636.7286802736543,0,,,,,,,,,,,,,,,,17.08,17.08,68966.4,69088.06,68890.93,69088.06,,,,,,,,67642.95536577508,69301.34,0.5283097972835544,,,,,,none,True,,,,,,,,,,,,,,no_pattern_at_sr
2026-03-09T14:02:17.015612+00:00,USDJPY-STD,cobra,24433879,H1,HOLD,HOLD,NONE,0,0.2531196434148797,0,,,,,,,,,,,,,,,,0.019,0.019,158.316,158.344,158.296,158.318,,,,,,,,158.03624365742982,158.316,0.0,,,,,,none,True,,,,,,,,,,,,,,no_pattern_at_sr
2026-03-09T14:02:17.029889+00:00,USOUSD-STD,cobra,24433879,H1,HOLD,HOLD,NONE,0,4.11518613657278,0,,,,,,,,,,,,,,,,0.084,0.084,99.667,100.117,99.362,99.912,,,,,,,,93.55115140812079,100.098,0.10473402312706659,,,,,,none,True,,,,,,,,,,,,,,no_pattern_at_sr
2026-03-09T14:03:17.428508+00:00,BTCUSD,cobra,24433879,H1,HOLD,HOLD,NONE,0,648.1622517022262,0,,,,,,,,,,,,,,,,17.07,17.07,68966.4,69248.13,68890.93,69216.82,,,,,,,,67642.95536577508,69301.34,0.5189904211739581,,,,,,none,True,,,,,,,,,,,,,,no_pattern_at_sr
2026-03-09T14:03:17.443623+00:00,USDJPY-STD,cobra,24433879,H1,HOLD,HOLD,NONE,0,0.25419107198630936,0,,,,,,,,,,,,,,,,0.019,0.019,158.316,158.359,158.296,158.33,,,,,,,,158.03624365742982,158.316,0.0,,,,,,none,True,,,,,,,,,,,,,,no_pattern_at_sr
2026-03-09T14:03:17.457487+00:00,USOUSD-STD,cobra,24433879,H1,HOLD,HOLD,NONE,0,4.130543279429922,0,,,,,,,,,,,,,,,,0.084,0.084,99.667,100.332,99.362,100.237,,,,,,,,93.55115140812079,100.098,0.10434462753274479,,,,,,none,True,,,,,,,,,,,,,,no_pattern_at_sr
2026-03-09T14:04:17.838137+00:00,BTCUSD,cobra,24433879,H1,HOLD,HOLD,NONE,0,648.1686802736544,0,,,,,,,,,,,,,,,,17.05,17.05,68966.4,69248.22,68890.93,69052.65,,,,,,,,67642.95536577508,69301.34,0.5189852737993709,,,,,,none,True,,,,,,,,,,,,,,no_pattern_at_sr
2026-03-09T14:04:17.853929+00:00,USDJPY-STD,cobra,24433879,H1,HOLD,HOLD,NONE,0,0.25447678627202297,0,,,,,,,,,,,,,,,,0.019,0.019,158.316,158.363,158.296,158.331,,,,,,,,158.03624365742982,158.316,0.0,,,,,,none,True,,,,,,,,,,,,,,no_pattern_at_sr
2026-03-09T14:04:17.870146+00:00,USOUSD-STD,cobra,24433879,H1,HOLD,HOLD,NONE,0,4.130543279429922,0,,,,,,,,,,,,,,,,0.084,0.084,99.667,100.332,99.362,100.037,,,,,,,,93.55115140812079,100.098,0.10434462753274479,,,,,,none,True,,,,,,,,,,,,,,no_pattern_at_sr
2026-03-09T14:05:18.259814+00:00,BTCUSD,cobra,24433879,H1,HOLD,HOLD,NONE,0,648.1686802736544,0,,,,,,,,,,,,,,,,16.99,16.99,68966.4,69248.22,68890.93,69020.31,,,,,,,,67642.95536577508,69301.34,0.5189852737993709,,,,,,none,True,,,,,,,,,,,,,,no_pattern_at_sr
2026-03-09T14:05:18.274307+00:00,USDJPY-STD,cobra,24433879,H1,HOLD,HOLD,NONE,0,0.25447678627202297,0,,,,,,,,,,,,,,,,0.018,0.018,158.316,158.363,158.296,158.32,,,,,,,,158.03624365742982,158.316,0.0,,,,,,none,True,,,,,,,,,,,,,,no_pattern_at_sr
2026-03-09T14:05:18.288827+00:00,USOUSD-STD,cobra,24433879,H1,HOLD,HOLD,NONE,0,4.130543279429922,0,,,,,,,,,,,,,,,,0.084,0.084,99.667,100.332,99.362,99.547,,,,,,,,93.55115140812079,100.098,0.10434462753274479,,,,,,none,True,,,,,,,,,,,,,,no_pattern_at_sr
2026-03-09T14:06:18.654819+00:00,BTCUSD,cobra,24433879,H1,HOLD,HOLD,NONE,0,661.0343945593685,0,,,,,,,,,,,,,,,,16.96,16.96,68966.4,69248.22,68710.81,68764.56,,,,,,,,67642.95536577508,69301.34,0.508884261951649,,,,,,none,True,,,,,,,,,,,,,,no_pattern_at_sr
2026-03-09T14:06:18.670952+00:00,USDJPY-STD,cobra,24433879,H1,HOLD,HOLD,NONE,0,0.2633339291291655,0,,,,,,,,,,,,,,,,0.018,0.018,158.316,158.48,158.289,158.46,,,,,,,,158.03624365742982,158.316,0.0,,,,,,none,True,,,,,,,,,,,,,,no_pattern_at_sr
2026-03-09T14:06:18.685432+00:00,USOUSD-STD,cobra,24433879,H1,HOLD,HOLD,NONE,0,4.28218613657278,0,,,,,,,,,,,,,,,,0.104,0.104,99.667,102.455,99.362,102.117,,,,,,,,93.55115140812079,100.098,0.10064952485810097,,,,,,none,True,,,,,,,,,,,,,,no_pattern_at_sr
2026-03-09T14:07:19.053375+00:00,BTCUSD,cobra,24433879,H1,HOLD,HOLD,NONE,0,661.0343945593685,0,,,,,,,,,,,,,,,,17.08,17.08,68966.4,69248.22,68710.81,68730.14,,,,,,,,67642.95536577508,69301.34,0.508884261951649,,,,,,none,True,,,,,,,,,,,,,,no_pattern_at_sr
2026-03-09T14:07:19.074146+00:00,USDJPY-STD,cobra,24433879,H1,HOLD,HOLD,NONE,0,0.26504821484345126,0,,,,,,,,,,,,,,,,0.019,0.019,158.316,158.504,158.289,158.467,,,,,,,,158.03624365742982,158.316,0.0,,,,,,none,True,,,,,,,,,,,,,,no_pattern_at_sr
2026-03-09T14:07:19.089894+00:00,USOUSD-STD,cobra,24433879,H1,HOLD,HOLD,NONE,0,4.376257565144209,0,,,,,,,,,,,,,,,,0.104,0.104,99.667,103.772,99.362,103.707,,,,,,,,93.55115140812079,100.098,0.09848597656426898,,,,,,none,True,,,,,,,,,,,,,,no_pattern_at_sr
2026-03-09T14:08:19.461974+00:00,BTCUSD,cobra,24433879,H1,HOLD,HOLD,NONE,0,661.0343945593685,0,,,,,,,,,,,,,,,,16.97,16.97,68966.4,69248.22,68710.81,68762.57,,,,,,,,67642.95536577508,69301.34,0.508884261951649,,,,,,none,True,,,,,,,,,,,,,,no_pattern_at_sr
2026-03-09T14:08:19.476873+00:00,USDJPY-STD,cobra,24433879,H1,HOLD,HOLD,NONE,0,0.2674053577005952,0,,,,,,,,,,,,,,,,0.019,0.019,158.316,158.537,158.289,158.535,,,,,,,,158.03624365742982,158.316,0.0,,,,,,none,True,,,,,,,,,,,,,,no_pattern_at_sr
2026-03-09T14:08:19.491451+00:00,USOUSD-STD,cobra,24433879,H1,HOLD,HOLD,NONE,0,4.431257565144208,0,,,,,,,,,,,,,,,,0.104,0.104,99.667,104.542,99.362,104.532,,,,,,,,93.55115140812079,100.098,0.09726358571214562,,,,,,none,True,,,,,,,,,,,,,,no_pattern_at_sr
2026-03-09T14:09:19.886023+00:00,BTCUSD,cobra,24433879,H1,HOLD,HOLD,NONE,0,661.0343945593685,0,,,,,,,,,,,,,,,,17.08,17.08,68966.4,69248.22,68710.81,68739.59,,,,,,,,67642.95536577508,69301.34,0.508884261951649,,,,,,none,True,,,,,,,,,,,,,,no_pattern_at_sr
2026-03-09T14:09:19.900293+00:00,USDJPY-STD,cobra,24433879,H1,HOLD,HOLD,NONE,0,0.2674053577005952,0,,,,,,,,,,,,,,,,0.019,0.019,158.316,158.537,158.289,158.465,,,,,,,,158.03624365742982,158.316,0.0,,,,,,none,True,,,,,,,,,,,,,,no_pattern_at_sr
2026-03-09T14:09:19.914543+00:00,USOUSD-STD,cobra,24433879,H1,HOLD,HOLD,NONE,0,4.431257565144208,0,,,,,,,,,,,,,,,,0.104,0.104,99.667,104.542,99.362,103.087,,,,,,,,93.55115140812079,100.098,0.09726358571214562,,,,,,none,True,,,,,,,,,,,,,,no_pattern_at_sr
2026-03-09T14:10:20.300267+00:00,BTCUSD,cobra,24433879,H1,HOLD,HOLD,NONE,0,661.221537416511,0,,,,,,,,,,,,,,,,17.0,17.0,68966.4,69248.22,68708.19,68720.26,,,,,,,,67642.95536577508,69301.34,0.5087402344973884,,,,,,none,True,,,,,,,,,,,,,,no_pattern_at_sr
2026-03-09T14:10:20.314992+00:00,USDJPY-STD,cobra,24433879,H1,HOLD,HOLD,NONE,0,0.2674053577005952,0,,,,,,,,,,,,,,,,0.018,0.018,158.316,158.537,158.289,158.483,,,,,,,,158.03624365742982,158.316,0.0,,,,,,none,True,,,,,,,,,,,,,,no_pattern_at_sr
2026-03-09T14:10:20.328782+00:00,USOUSD-STD,cobra,24433879,H1,HOLD,HOLD,NONE,0,4.431257565144208,0,,,,,,,,,,,,,,,,0.084,0.084,99.667,104.542,99.362,104.107,,,,,,,,93.55115140812079,100.098,0.09726358571214562,,,,,,none,True,,,,,,,,,,,,,,no_pattern_at_sr
2026-03-09T14:11:20.695109+00:00,BTCUSD,cobra,24433879,H1,HOLD,HOLD,NONE,0,663.0401088450828,0,,,,,,,,,,,,,,,,17.1,17.1,68966.4,69248.22,68682.73,68715.32,,,,,,,,67642.95536577508,69301.34,0.5073448732776373,,,,,,none,True,,,,,,,,,,,,,,no_pattern_at_sr
2026-03-09T14:11:20.709786+00:00,USDJPY-STD,cobra,24433879,H1,HOLD,HOLD,NONE,0,0.2674053577005952,0,,,,,,,,,,,,,,,,0.018,0.018,158.316,158.537,158.289,158.498,,,,,,,,158.03624365742982,158.316,0.0,,,,,,none,True,,,,,,,,,,,,,,no_pattern_at_sr
2026-03-09T14:11:20.723962+00:00,USOUSD-STD,cobra,24433879,H1,HOLD,HOLD,NONE,0,4.431257565144208,0,,,,,,,,,,,,,,,,0.084,0.084,99.667,104.542,99.362,103.862,,,,,,,,93.55115140812079,100.098,0.09726358571214562,,,,,,none,True,,,,,,,,,,,,,,no_pattern_at_sr
2026-03-09T14:12:21.082021+00:00,BTCUSD,cobra,24433879,H1,HOLD,HOLD,NONE,0,663.0401088450828,0,,,,,,,,,,,,,,,,16.94,16.94,68966.4,69248.22,68682.73,68697.74,,,,,,,,67642.95536577508,69301.34,0.5073448732776373,,,,,,none,True,,,,,,,,,,,,,,no_pattern_at_sr
2026-03-09T14:12:21.096372+00:00,USDJPY-STD,cobra,24433879,H1,HOLD,HOLD,NONE,0,0.26747678627202415,0,,,,,,,,,,,,,,,,0.019,0.019,158.316,158.538,158.289,158.493,,,,,,,,158.03624365742982,158.316,0.0,,,,,,none,True,,,,,,,,,,,,,,no_pattern_at_sr
2026-03-09T14:12:21.110988+00:00,USOUSD-STD,cobra,24433879,H1,HOLD,HOLD,NONE,0,4.431257565144208,0,,,,,,,,,,,,,,,,0.084,0.084,99.667,104.542,99.362,103.387,,,,,,,,93.55115140812079,100.098,0.09726358571214562,,,,,,none,True,,,,,,,,,,,,,,no_pattern_at_sr
2026-03-09T14:13:21.492236+00:00,BTCUSD,cobra,24433879,H1,HOLD,HOLD,NONE,0,663.0401088450828,0,,,,,,,,,,,,,,,,17.08,17.08,68966.4,69248.22,68682.73,68800.29,,,,,,,,67642.95536577508,69301.34,0.5073448732776373,,,,,,none,True,,,,,,,,,,,,,,no_pattern_at_sr
2026-03-09T14:13:21.506397+00:00,USDJPY-STD,cobra,24433879,H1,HOLD,HOLD,NONE,0,0.26747678627202415,0,,,,,,,,,,,,,,,,0.018,0.018,158.316,158.538,158.289,158.456,,,,,,,,158.03624365742982,158.316,0.0,,,,,,none,True,,,,,,,,,,,,,,no_pattern_at_sr
2026-03-09T14:13:21.520516+00:00,USOUSD-STD,cobra,24433879,H1,HOLD,HOLD,NONE,0,4.431257565144208,0,,,,,,,,,,,,,,,,0.084,0.084,99.667,104.542,99.362,102.782,,,,,,,,93.55115140812079,100.098,0.09726358571214562,,,,,,none,True,,,,,,,,,,,,,,no_pattern_at_sr
2026-03-09T14:14:21.873993+00:00,BTCUSD,cobra,24433879,H1,HOLD,HOLD,NONE,0,663.0401088450828,0,,,,,,,,,,,,,,,,16.96,16.96,68966.4,69248.22,68682.73,68878.78,,,,,,,,67642.95536577508,69301.34,0.5073448732776373,,,,,,none,True,,,,,,,,,,,,,,no_pattern_at_sr
2026-03-09T14:14:21.888902+00:00,USDJPY-STD,cobra,24433879,H1,HOLD,HOLD,NONE,0,0.26747678627202415,0,,,,,,,,,,,,,,,,0.02,0.02,158.316,158.538,158.289,158.431,,,,,,,,158.03624365742982,158.316,0.0,,,,,,none,True,,,,,,,,,,,,,,no_pattern_at_sr
2026-03-09T14:14:21.903286+00:00,USOUSD-STD,cobra,24433879,H1,HOLD,HOLD,NONE,0,4.431257565144208,0,,,,,,,,,,,,,,,,0.084,0.084,99.667,104.542,99.362,102.542,,,,,,,,93.55115140812079,100.098,0.09726358571214562,,,,,,none,True,,,,,,,,,,,,,,no_pattern_at_sr
2026-03-09T14:15:22.405837+00:00,BTCUSD,cobra,24433879,H1,HOLD,HOLD,NONE,0,663.0401088450828,0,,,,,,,,,,,,,,,,16.98,16.98,68966.4,69248.22,68682.73,68885.53,,,,,,,,67642.95536577508,69301.34,0.5073448732776373,,,,,,none,True,,,,,,,,,,,,,,no_pattern_at_sr
2026-03-09T14:15:22.421206+00:00,USDJPY-STD,cobra,24433879,H1,HOLD,HOLD,NONE,0,0.26747678627202415,0,,,,,,,,,,,,,,,,0.018,0.018,158.316,158.538,158.289,158.428,,,,,,,,158.03624365742982,158.316,0.0,,,,,,none,True,,,,,,,,,,,,,,no_pattern_at_sr
2026-03-09T14:15:22.435617+00:00,USOUSD-STD,cobra,24433879,H1,HOLD,HOLD,NONE,0,4.431257565144208,0,,,,,,,,,,,,,,,,0.084,0.084,99.667,104.542,99.362,102.432,,,,,,,,93.55115140812079,100.098,0.09726358571214562,,,,,,none,True,,,,,,,,,,,,,,no_pattern_at_sr
2026-03-09T14:16:22.796276+00:00,BTCUSD,cobra,24433879,H1,HOLD,HOLD,NONE,0,663.0401088450828,0,,,,,,,,,,,,,,,,17.09,17.09,68966.4,69248.22,68682.73,68929.14,,,,,,,,67642.95536577508,69301.34,0.5073448732776373,,,,,,none,True,,,,,,,,,,,,,,no_pattern_at_sr
2026-03-09T14:16:22.810370+00:00,USDJPY-STD,cobra,24433879,H1,HOLD,HOLD,NONE,0,0.26747678627202415,0,,,,,,,,,,,,,,,,0.018,0.018,158.316,158.538,158.289,158.395,,,,,,,,158.03624365742982,158.316,0.0,,,,,,none,True,,,,,,,,,,,,,,no_pattern_at_sr
2026-03-09T14:16:22.824912+00:00,USOUSD-STD,cobra,24433879,H1,HOLD,HOLD,NONE,0,4.431257565144208,0,,,,,,,,,,,,,,,,0.104,0.104,99.667,104.542,99.362,102.507,,,,,,,,93.55115140812079,100.098,0.09726358571214562,,,,,,none,True,,,,,,,,,,,,,,no_pattern_at_sr
2026-03-09T14:17:23.189905+00:00,BTCUSD,cobra,24433879,H1,HOLD,HOLD,NONE,0,663.0401088450828,0,,,,,,,,,,,,,,,,17.12,17.12,68966.4,69248.22,68682.73,69173.12,,,,,,,,67642.95536577508,69301.34,0.5073448732776373,,,,,,none,True,,,,,,,,,,,,,,no_pattern_at_sr
2026-03-09T14:17:23.207976+00:00,USDJPY-STD,cobra,24433879,H1,HOLD,HOLD,NONE,0,0.26747678627202415,0,,,,,,,,,,,,,,,,0.018,0.018,158.316,158.538,158.289,158.377,,,,,,,,158.03624365742982,158.316,0.0,,,,,,none,True,,,,,,,,,,,,,,no_pattern_at_sr
2026-03-09T14:17:23.222961+00:00,USOUSD-STD,cobra,24433879,H1,HOLD,HOLD,NONE,0,4.431257565144208,0,,,,,,,,,,,,,,,,0.104,0.104,99.667,104.542,99.362,102.487,,,,,,,,93.55115140812079,100.098,0.09726358571214562,,,,,,none,True,,,,,,,,,,,,,,no_pattern_at_sr
2026-03-09T14:18:23.588133+00:00,BTCUSD,cobra,24433879,H1,HOLD,HOLD,NONE,0,664.2765374165112,0,,,,,,,,,,,,,,,,17.05,17.05,68966.4,69265.53,68682.73,69172.7,,,,,,,,67642.95536577508,69301.34,0.506400544129226,,,,,,none,True,,,,,,,,,,,,,,no_pattern_at_sr
2026-03-09T14:18:23.603531+00:00,USDJPY-STD,cobra,24433879,H1,HOLD,HOLD,NONE,0,0.26747678627202415,0,,,,,,,,,,,,,,,,0.019,0.019,158.316,158.538,158.289,158.361,,,,,,,,158.03624365742982,158.316,0.0,,,,,,none,True,,,,,,,,,,,,,,no_pattern_at_sr
2026-03-09T14:18:23.618095+00:00,USOUSD-STD,cobra,24433879,H1,HOLD,HOLD,NONE,0,4.431257565144208,0,,,,,,,,,,,,,,,,0.084,0.084,99.667,104.542,99.362,102.037,,,,,,,,93.55115140812079,100.098,0.09726358571214562,,,,,,none,True,,,,,,,,,,,,,,no_pattern_at_sr
2026-03-09T14:19:24.062741+00:00,BTCUSD,cobra,24433879,H1,HOLD,HOLD,NONE,0,664.2765374165112,0,,,,,,,,,,,,,,,,17.11,17.11,68966.4,69265.53,68682.73,69041.13,,,,,,,,67642.95536577508,69301.34,0.506400544129226,,,,,,none,True,,,,,,,,,,,,,,no_pattern_at_sr
2026-03-09T14:19:24.077468+00:00,USDJPY-STD,cobra,24433879,H1,HOLD,HOLD,NONE,0,0.26747678627202415,0,,,,,,,,,,,,,,,,0.018,0.018,158.316,158.538,158.289,158.398,,,,,,,,158.03624365742982,158.316,0.0,,,,,,none,True,,,,,,,,,,,,,,no_pattern_at_sr
2026-03-09T14:19:24.091664+00:00,USOUSD-STD,cobra,24433879,H1,HOLD,HOLD,NONE,0,4.431257565144208,0,,,,,,,,,,,,,,,,0.084,0.084,99.667,104.542,99.362,101.622,,,,,,,,93.55115140812079,100.098,0.09726358571214562,,,,,,none,True,,,,,,,,,,,,,,no_pattern_at_sr
2026-03-09T14:20:24.479333+00:00,BTCUSD,cobra,24433879,H1,HOLD,HOLD,NONE,0,664.2765374165112,0,,,,,,,,,,,,,,,,17.05,17.05,68966.4,69265.53,68682.73,68999.18,,,,,,,,67642.95536577508,69301.34,0.506400544129226,,,,,,none,True,,,,,,,,,,,,,,no_pattern_at_sr
2026-03-09T14:20:24.493266+00:00,USDJPY-STD,cobra,24433879,H1,HOLD,HOLD,NONE,0,0.26747678627202415,0,,,,,,,,,,,,,,,,0.018,0.018,158.316,158.538,158.289,158.393,,,,,,,,158.03624365742982,158.316,0.0,,,,,,none,True,,,,,,,,,,,,,,no_pattern_at_sr
2026-03-09T14:20:24.507529+00:00,USOUSD-STD,cobra,24433879,H1,HOLD,HOLD,NONE,0,4.431257565144208,0,,,,,,,,,,,,,,,,0.104,0.104,99.667,104.542,99.362,101.302,,,,,,,,93.55115140812079,100.098,0.09726358571214562,,,,,,none,True,,,,,,,,,,,,,,no_pattern_at_sr
2026-03-09T14:21:24.860591+00:00,BTCUSD,cobra,24433879,H1,HOLD,HOLD,NONE,0,664.2765374165112,0,,,,,,,,,,,,,,,,17.12,17.12,68966.4,69265.53,68682.73,69003.82,,,,,,,,67642.95536577508,69301.34,0.506400544129226,,,,,,none,True,,,,,,,,,,,,,,no_pattern_at_sr
2026-03-09T14:21:24.875088+00:00,USDJPY-STD,cobra,24433879,H1,HOLD,HOLD,NONE,0,0.26747678627202415,0,,,,,,,,,,,,,,,,0.018,0.018,158.316,158.538,158.289,158.378,,,,,,,,158.03624365742982,158.316,0.0,,,,,,none,True,,,,,,,,,,,,,,no_pattern_at_sr
2026-03-09T14:21:24.890223+00:00,USOUSD-STD,cobra,24433879,H1,HOLD,HOLD,NONE,0,4.431257565144208,0,,,,,,,,,,,,,,,,0.084,0.084,99.667,104.542,99.362,101.187,,,,,,,,93.55115140812079,100.098,0.09726358571214562,,,,,,none,True,,,,,,,,,,,,,,no_pattern_at_sr
2026-03-09T14:22:25.250449+00:00,BTCUSD,cobra,24433879,H1,HOLD,HOLD,NONE,0,664.2765374165112,0,,,,,,,,,,,,,,,,17.06,17.06,68966.4,69265.53,68682.73,69127.86,,,,,,,,67642.95536577508,69301.34,0.506400544129226,,,,,,none,True,,,,,,,,,,,,,,no_pattern_at_sr
2026-03-09T14:22:25.265716+00:00,USDJPY-STD,cobra,24433879,H1,HOLD,HOLD,NONE,0,0.26747678627202415,0,,,,,,,,,,,,,,,,0.019,0.019,158.316,158.538,158.289,158.332,,,,,,,,158.03624365742982,158.316,0.0,,,,,,none,True,,,,,,,,,,,,,,no_pattern_at_sr
2026-03-09T14:22:25.280273+00:00,USOUSD-STD,cobra,24433879,H1,HOLD,HOLD,NONE,0,4.431257565144208,0,,,,,,,,,,,,,,,,0.084,0.084,99.667,104.542,99.362,101.137,,,,,,,,93.55115140812079,100.098,0.09726358571214562,,,,,,none,True,,,,,,,,,,,,,,no_pattern_at_sr
2026-03-09T14:23:25.648974+00:00,BTCUSD,cobra,24433879,H1,HOLD,HOLD,NONE,0,664.2765374165112,0,,,,,,,,,,,,,,,,17.07,17.07,68966.4,69265.53,68682.73,69159.09,,,,,,,,67642.95536577508,69301.34,0.506400544129226,,,,,,none,True,,,,,,,,,,,,,,no_pattern_at_sr
2026-03-09T14:23:25.662908+00:00,USDJPY-STD,cobra,24433879,H1,HOLD,HOLD,NONE,0,0.26747678627202415,0,,,,,,,,,,,,,,,,0.019,0.019,158.316,158.538,158.289,158.298,,,,,,,,158.03624365742982,158.316,0.0,,,,,,none,True,,,,,,,,,,,,,,no_pattern_at_sr
2026-03-09T14:23:25.676856+00:00,USOUSD-STD,cobra,24433879,H1,HOLD,HOLD,NONE,0,4.431257565144208,0,,,,,,,,,,,,,,,,0.084,0.084,99.667,104.542,99.362,100.182,,,,,,,,93.55115140812079,100.098,0.09726358571214562,,,,,,none,True,,,,,,,,,,,,,,no_pattern_at_sr
2026-03-09T14:24:26.021113+00:00,BTCUSD,cobra,24433879,H1,HOLD,HOLD,NONE,0,664.2765374165112,0,,,,,,,,,,,,,,,,16.95,16.95,68966.4,69265.53,68682.73,69108.62,,,,,,,,67642.95536577508,69301.34,0.506400544129226,,,,,,none,True,,,,,,,,,,,,,,no_pattern_at_sr
2026-03-09T14:24:26.035446+00:00,USDJPY-STD,cobra,24433879,H1,HOLD,HOLD,NONE,0,0.26747678627202415,0,,,,,,,,,,,,,,,,0.018,0.018,158.316,158.538,158.289,158.331,,,,,,,,158.03624365742982,158.316,0.0,,,,,,none,True,,,,,,,,,,,,,,no_pattern_at_sr
2026-03-09T14:24:26.049334+00:00,USOUSD-STD,cobra,24433879,H1,HOLD,HOLD,NONE,0,4.431257565144208,0,,,,,,,,,,,,,,,,0.084,0.084,99.667,104.542,99.362,100.877,,,,,,,,93.55115140812079,100.098,0.09726358571214562,,,,,,none,True,,,,,,,,,,,,,,no_pattern_at_sr
2026-03-09T14:25:26.418983+00:00,BTCUSD,cobra,24433879,H1,HOLD,HOLD,NONE,0,664.2765374165112,0,,,,,,,,,,,,,,,,17.03,17.03,68966.4,69265.53,68682.73,69229.78,,,,,,,,67642.95536577508,69301.34,0.506400544129226,,,,,,none,True,,,,,,,,,,,,,,no_pattern_at_sr
2026-03-09T14:25:26.434049+00:00,USDJPY-STD,cobra,24433879,H1,HOLD,HOLD,NONE,0,0.26747678627202415,0,,,,,,,,,,,,,,,,0.018,0.018,158.316,158.538,158.289,158.324,,,,,,,,158.03624365742982,158.316,0.0,,,,,,none,True,,,,,,,,,,,,,,no_pattern_at_sr
2026-03-09T14:25:26.447782+00:00,USOUSD-STD,cobra,24433879,H1,HOLD,HOLD,NONE,0,4.431257565144208,0,,,,,,,,,,,,,,,,0.084,0.084,99.667,104.542,99.362,100.772,,,,,,,,93.55115140812079,100.098,0.09726358571214562,,,,,,none,True,,,,,,,,,,,,,,no_pattern_at_sr
2026-03-09T14:26:26.801140+00:00,BTCUSD,cobra,24433879,H1,HOLD,HOLD,NONE,0,664.2765374165112,0,,,,,,,,,,,,,,,,17.01,17.01,68966.4,69265.53,68682.73,69151.74,,,,,,,,67642.95536577508,69301.34,0.506400544129226,,,,,,none,True,,,,,,,,,,,,,,no_pattern_at_sr
2026-03-09T14:26:26.815362+00:00,USDJPY-STD,cobra,24433879,H1,HOLD,HOLD,NONE,0,0.26747678627202415,0,,,,,,,,,,,,,,,,0.019,0.019,158.316,158.538,158.289,158.34,,,,,,,,158.03624365742982,158.316,0.0,,,,,,none,True,,,,,,,,,,,,,,no_pattern_at_sr
2026-03-09T14:26:26.829229+00:00,USOUSD-STD,cobra,24433879,H1,HOLD,HOLD,NONE,0,4.431257565144208,0,,,,,,,,,,,,,,,,0.084,0.084,99.667,104.542,99.362,101.072,,,,,,,,93.55115140812079,100.098,0.09726358571214562,,,,,,none,True,,,,,,,,,,,,,,no_pattern_at_sr
2026-03-09T14:27:27.208344+00:00,BTCUSD,cobra,24433879,H1,HOLD,HOLD,NONE,0,664.2765374165112,0,,,,,,,,,,,,,,,,16.98,16.98,68966.4,69265.53,68682.73,69100.78,,,,,,,,67642.95536577508,69301.34,0.506400544129226,,,,,,none,True,,,,,,,,,,,,,,no_pattern_at_sr
2026-03-09T14:27:27.223777+00:00,USDJPY-STD,cobra,24433879,H1,HOLD,HOLD,NONE,0,0.26747678627202415,0,,,,,,,,,,,,,,,,0.02,0.02,158.316,158.538,158.289,158.354,,,,,,,,158.03624365742982,158.316,0.0,,,,,,none,True,,,,,,,,,,,,,,no_pattern_at_sr
2026-03-09T14:27:27.238839+00:00,USOUSD-STD,cobra,24433879,H1,HOLD,HOLD,NONE,0,4.431257565144208,0,,,,,,,,,,,,,,,,0.084,0.084,99.667,104.542,99.362,101.287,,,,,,,,93.55115140812079,100.098,0.09726358571214562,,,,,,none,True,,,,,,,,,,,,,,no_pattern_at_sr
2026-03-09T14:28:27.623531+00:00,BTCUSD,cobra,24433879,H1,HOLD,HOLD,NONE,0,664.2765374165112,0,,,,,,,,,,,,,,,,17.04,17.04,68966.4,69265.53,68682.73,69132.72,,,,,,,,67642.95536577508,69301.34,0.506400544129226,,,,,,none,True,,,,,,,,,,,,,,no_pattern_at_sr
2026-03-09T14:28:27.638081+00:00,USDJPY-STD,cobra,24433879,H1,HOLD,HOLD,NONE,0,0.26747678627202415,0,,,,,,,,,,,,,,,,0.019,0.019,158.316,158.538,158.289,158.329,,,,,,,,158.03624365742982,158.316,0.0,,,,,,none,True,,,,,,,,,,,,,,no_pattern_at_sr
2026-03-09T14:28:27.652257+00:00,USOUSD-STD,cobra,24433879,H1,HOLD,HOLD,NONE,0,4.431257565144208,0,,,,,,,,,,,,,,,,0.084,0.084,99.667,104.542,99.362,101.517,,,,,,,,93.55115140812079,100.098,0.09726358571214562,,,,,,none,True,,,,,,,,,,,,,,no_pattern_at_sr
2026-03-09T14:29:28.022570+00:00,BTCUSD,cobra,24433879,H1,HOLD,HOLD,NONE,0,664.2765374165112,0,,,,,,,,,,,,,,,,17.12,17.12,68966.4,69265.53,68682.73,69121.13,,,,,,,,67642.95536577508,69301.34,0.506400544129226,,,,,,none,True,,,,,,,,,,,,,,no_pattern_at_sr
2026-03-09T14:29:28.037879+00:00,USDJPY-STD,cobra,24433879,H1,HOLD,HOLD,NONE,0,0.26747678627202415,0,,,,,,,,,,,,,,,,0.019,0.019,158.316,158.538,158.289,158.33,,,,,,,,158.03624365742982,158.316,0.0,,,,,,none,True,,,,,,,,,,,,,,no_pattern_at_sr
2026-03-09T14:29:28.051818+00:00,USOUSD-STD,cobra,24433879,H1,HOLD,HOLD,NONE,0,4.431257565144208,0,,,,,,,,,,,,,,,,0.084,0.084,99.667,104.542,99.362,101.597,,,,,,,,93.55115140812079,100.098,0.09726358571214562,,,,,,none,True,,,,,,,,,,,,,,no_pattern_at_sr
2026-03-09T14:30:28.409696+00:00,BTCUSD,cobra,24433879,H1,HOLD,HOLD,NONE,0,664.2765374165112,0,,,,,,,,,,,,,,,,17.05,17.05,68966.4,69265.53,68682.73,69193.65,,,,,,,,67642.95536577508,69301.34,0.506400544129226,,,,,,none,True,,,,,,,,,,,,,,no_pattern_at_sr
2026-03-09T14:30:28.424287+00:00,USDJPY-STD,cobra,24433879,H1,HOLD,HOLD,NONE,0,0.26747678627202415,0,,,,,,,,,,,,,,,,0.018,0.018,158.316,158.538,158.289,158.309,,,,,,,,158.03624365742982,158.316,0.0,,,,,,none,True,,,,,,,,,,,,,,no_pattern_at_sr
2026-03-09T14:30:28.439331+00:00,USOUSD-STD,cobra,24433879,H1,HOLD,HOLD,NONE,0,4.431257565144208,0,,,,,,,,,,,,,,,,0.084,0.084,99.667,104.542,99.362,101.002,,,,,,,,93.55115140812079,100.098,0.09726358571214562,,,,,,none,True,,,,,,,,,,,,,,no_pattern_at_sr
2026-03-09T14:31:28.819533+00:00,BTCUSD,cobra,24433879,H1,HOLD,HOLD,NONE,0,667.0786802736538,0,,,,,,,,,,,,,,,,17.1,17.1,68966.4,69304.76,68682.73,69296.73,,,,,,,,67642.95536577508,68202.6975,1.1426725550384935,,,,,,none,False,,,,,,,,,,,,,,price_not_near_sr
2026-03-09T14:31:28.835481+00:00,USDJPY-STD,cobra,24433879,H1,HOLD,HOLD,NONE,0,0.26747678627202415,0,,,,,,,,,,,,,,,,0.018,0.018,158.316,158.538,158.289,158.325,,,,,,,,158.03624365742982,158.316,0.0,,,,,,none,True,,,,,,,,,,,,,,no_pattern_at_sr
2026-03-09T14:31:28.849808+00:00,USOUSD-STD,cobra,24433879,H1,HOLD,HOLD,NONE,0,4.431257565144208,0,,,,,,,,,,,,,,,,0.084,0.084,99.667,104.542,99.362,101.147,,,,,,,,93.55115140812079,100.098,0.09726358571214562,,,,,,none,True,,,,,,,,,,,,,,no_pattern_at_sr
2026-03-09T14:32:29.306493+00:00,BTCUSD,cobra,24433879,H1,HOLD,HOLD,NONE,0,667.3865374165118,0,,,,,,,,,,,,,,,,17.04,17.04,68966.4,69309.07,68682.73,69186.84,,,,,,,,67642.95536577508,68202.6975,1.1421454543430283,,,,,,none,False,,,,,,,,,,,,,,price_not_near_sr
2026-03-09T14:32:29.321534+00:00,USDJPY-STD,cobra,24433879,H1,HOLD,HOLD,NONE,0,0.26747678627202415,0,,,,,,,,,,,,,,,,0.018,0.018,158.316,158.538,158.289,158.326,,,,,,,,158.03624365742982,158.316,0.0,,,,,,none,True,,,,,,,,,,,,,,no_pattern_at_sr
2026-03-09T14:32:29.335952+00:00,USOUSD-STD,cobra,24433879,H1,HOLD,HOLD,NONE,0,4.431257565144208,0,,,,,,,,,,,,,,,,0.084,0.084,99.667,104.542,99.362,101.257,,,,,,,,93.55115140812079,100.098,0.09726358571214562,,,,,,none,True,,,,,,,,,,,,,,no_pattern_at_sr
2026-03-09T14:33:29.723651+00:00,BTCUSD,cobra,24433879,H1,HOLD,HOLD,NONE,0,667.3865374165118,0,,,,,,,,,,,,,,,,16.97,16.97,68966.4,69309.07,68682.73,69161.0,,,,,,,,67642.95536577508,68202.6975,1.1421454543430283,,,,,,none,False,,,,,,,,,,,,,,price_not_near_sr
2026-03-09T14:33:29.738367+00:00,USDJPY-STD,cobra,24433879,H1,HOLD,HOLD,NONE,0,0.26747678627202415,0,,,,,,,,,,,,,,,,0.019,0.019,158.316,158.538,158.289,158.34,,,,,,,,158.03624365742982,158.316,0.0,,,,,,none,True,,,,,,,,,,,,,,no_pattern_at_sr
2026-03-09T14:33:29.754435+00:00,USOUSD-STD,cobra,24433879,H1,HOLD,HOLD,NONE,0,4.431257565144208,0,,,,,,,,,,,,,,,,0.084,0.084,99.667,104.542,99.362,101.117,,,,,,,,93.55115140812079,100.098,0.09726358571214562,,,,,,none,True,,,,,,,,,,,,,,no_pattern_at_sr
2026-03-09T14:34:30.118514+00:00,BTCUSD,cobra,24433879,H1,HOLD,HOLD,NONE,0,667.3865374165118,0,,,,,,,,,,,,,,,,17.06,17.06,68966.4,69309.07,68682.73,69227.24,,,,,,,,67642.95536577508,68202.6975,1.1421454543430283,,,,,,none,False,,,,,,,,,,,,,,price_not_near_sr
2026-03-09T14:34:30.133263+00:00,USDJPY-STD,cobra,24433879,H1,HOLD,HOLD,NONE,0,0.26747678627202415,0,,,,,,,,,,,,,,,,0.019,0.019,158.316,158.538,158.289,158.367,,,,,,,,158.03624365742982,158.316,0.0,,,,,,none,True,,,,,,,,,,,,,,no_pattern_at_sr
2026-03-09T14:34:30.150004+00:00,USOUSD-STD,cobra,24433879,H1,HOLD,HOLD,NONE,0,4.431257565144208,0,,,,,,,,,,,,,,,,0.084,0.084,99.667,104.542,99.362,101.567,,,,,,,,93.55115140812079,100.098,0.09726358571214562,,,,,,none,True,,,,,,,,,,,,,,no_pattern_at_sr
2026-03-09T14:35:30.512411+00:00,BTCUSD,cobra,24433879,H1,HOLD,HOLD,NONE,0,667.3865374165118,0,,,,,,,,,,,,,,,,17.1,17.1,68966.4,69309.07,68682.73,69226.63,,,,,,,,67642.95536577508,68202.6975,1.1421454543430283,,,,,,none,False,,,,,,,,,,,,,,price_not_near_sr
2026-03-09T14:35:30.526958+00:00,USDJPY-STD,cobra,24433879,H1,HOLD,HOLD,NONE,0,0.26747678627202415,0,,,,,,,,,,,,,,,,0.018,0.018,158.316,158.538,158.289,158.418,,,,,,,,158.03624365742982,158.316,0.0,,,,,,none,True,,,,,,,,,,,,,,no_pattern_at_sr
2026-03-09T14:35:30.541599+00:00,USOUSD-STD,cobra,24433879,H1,HOLD,HOLD,NONE,0,4.431257565144208,0,,,,,,,,,,,,,,,,0.084,0.084,99.667,104.542,99.362,101.522,,,,,,,,93.55115140812079,100.098,0.09726358571214562,,,,,,none,True,,,,,,,,,,,,,,no_pattern_at_sr
2026-03-09T14:36:30.902211+00:00,BTCUSD,cobra,24433879,H1,HOLD,HOLD,NONE,0,667.3865374165118,0,,,,,,,,,,,,,,,,17.01,17.01,68966.4,69309.07,68682.73,69287.89,,,,,,,,67642.95536577508,68202.6975,1.1421454543430283,,,,,,none,False,,,,,,,,,,,,,,price_not_near_sr
2026-03-09T14:36:30.917773+00:00,USDJPY-STD,cobra,24433879,H1,HOLD,HOLD,NONE,0,0.26747678627202415,0,,,,,,,,,,,,,,,,0.018,0.018,158.316,158.538,158.289,158.427,,,,,,,,158.03624365742982,158.316,0.0,,,,,,none,True,,,,,,,,,,,,,,no_pattern_at_sr
2026-03-09T14:36:30.932089+00:00,USOUSD-STD,cobra,24433879,H1,HOLD,HOLD,NONE,0,4.431257565144208,0,,,,,,,,,,,,,,,,0.084,0.084,99.667,104.542,99.362,101.592,,,,,,,,93.55115140812079,100.098,0.09726358571214562,,,,,,none,True,,,,,,,,,,,,,,no_pattern_at_sr
2026-03-09T14:37:31.305263+00:00,BTCUSD,cobra,24433879,H1,HOLD,HOLD,NONE,0,675.0701088450827,0,,,,,,,,,,,,,,,,17.07,17.07,68966.4,69416.64,68682.73,69320.0,,,,,,,,67642.95536577508,68202.6975,1.1291456842965129,,,,,,none,False,,,,,,,,,,,,,,price_not_near_sr
2026-03-09T14:37:31.321869+00:00,USDJPY-STD,cobra,24433879,H1,HOLD,HOLD,NONE,0,0.26747678627202415,0,,,,,,,,,,,,,,,,0.019,0.019,158.316,158.538,158.289,158.4,,,,,,,,158.03624365742982,158.316,0.0,,,,,,none,True,,,,,,,,,,,,,,no_pattern_at_sr
2026-03-09T14:37:31.337246+00:00,USOUSD-STD,cobra,24433879,H1,HOLD,HOLD,NONE,0,4.431257565144208,0,,,,,,,,,,,,,,,,0.084,0.084,99.667,104.542,99.362,101.262,,,,,,,,93.55115140812079,100.098,0.09726358571214562,,,,,,none,True,,,,,,,,,,,,,,no_pattern_at_sr
2026-03-09T14:38:31.751563+00:00,BTCUSD,cobra,24433879,H1,HOLD,HOLD,NONE,0,675.0701088450827,0,,,,,,,,,,,,,,,,16.97,16.97,68966.4,69416.64,68682.73,69333.66,,,,,,,,67642.95536577508,68202.6975,1.1291456842965129,,,,,,none,False,,,,,,,,,,,,,,price_not_near_sr
2026-03-09T14:38:31.766649+00:00,USDJPY-STD,cobra,24433879,H1,HOLD,HOLD,NONE,0,0.26747678627202415,0,,,,,,,,,,,,,,,,0.018,0.018,158.316,158.538,158.289,158.397,,,,,,,,158.03624365742982,158.316,0.0,,,,,,none,True,,,,,,,,,,,,,,no_pattern_at_sr
2026-03-09T14:38:31.781074+00:00,USOUSD-STD,cobra,24433879,H1,HOLD,HOLD,NONE,0,4.431257565144208,0,,,,,,,,,,,,,,,,0.084,0.084,99.667,104.542,99.362,101.457,,,,,,,,93.55115140812079,100.098,0.09726358571214562,,,,,,none,True,,,,,,,,,,,,,,no_pattern_at_sr
2026-03-09T14:39:32.139829+00:00,BTCUSD,cobra,24433879,H1,HOLD,HOLD,NONE,0,675.0701088450827,0,,,,,,,,,,,,,,,,17.05,17.05,68966.4,69416.64,68682.73,69361.33,,,,,,,,67642.95536577508,68202.6975,1.1291456842965129,,,,,,none,False,,,,,,,,,,,,,,price_not_near_sr
2026-03-09T14:39:32.155825+00:00,USDJPY-STD,cobra,24433879,H1,HOLD,HOLD,NONE,0,0.26747678627202415,0,,,,,,,,,,,,,,,,0.018,0.018,158.316,158.538,158.289,158.365,,,,,,,,158.03624365742982,158.316,0.0,,,,,,none,True,,,,,,,,,,,,,,no_pattern_at_sr
2026-03-09T14:39:32.170407+00:00,USOUSD-STD,cobra,24433879,H1,HOLD,HOLD,NONE,0,4.431257565144208,0,,,,,,,,,,,,,,,,0.084,0.084,99.667,104.542,99.362,100.987,,,,,,,,93.55115140812079,100.098,0.09726358571214562,,,,,,none,True,,,,,,,,,,,,,,no_pattern_at_sr
2026-03-09T14:40:32.563150+00:00,BTCUSD,cobra,24433879,H1,HOLD,HOLD,NONE,0,675.0701088450827,0,,,,,,,,,,,,,,,,17.02,17.02,68966.4,69416.64,68682.73,69292.7,,,,,,,,67642.95536577508,68202.6975,1.1291456842965129,,,,,,none,False,,,,,,,,,,,,,,price_not_near_sr
2026-03-09T14:40:32.578652+00:00,USDJPY-STD,cobra,24433879,H1,HOLD,HOLD,NONE,0,0.26747678627202415,0,,,,,,,,,,,,,,,,0.019,0.019,158.316,158.538,158.289,158.38,,,,,,,,158.03624365742982,158.316,0.0,,,,,,none,True,,,,,,,,,,,,,,no_pattern_at_sr
2026-03-09T14:40:32.593006+00:00,USOUSD-STD,cobra,24433879,H1,HOLD,HOLD,NONE,0,4.431257565144208,0,,,,,,,,,,,,,,,,0.084,0.084,99.667,104.542,99.362,101.387,,,,,,,,93.55115140812079,100.098,0.09726358571214562,,,,,,none,True,,,,,,,,,,,,,,no_pattern_at_sr
2026-03-09T14:41:32.942638+00:00,BTCUSD,cobra,24433879,H1,HOLD,HOLD,NONE,0,678.4372517022256,0,,,,,,,,,,,,,,,,16.97,16.97,68966.4,69463.78,68682.73,69463.78,,,,,,,,67642.95536577508,68202.6975,1.1235416364409252,,,,,,none,False,,,,,,,,,,,,,,price_not_near_sr
2026-03-09T14:41:32.957655+00:00,USDJPY-STD,cobra,24433879,H1,HOLD,HOLD,NONE,0,0.26747678627202415,0,,,,,,,,,,,,,,,,0.018,0.018,158.316,158.538,158.289,158.356,,,,,,,,158.03624365742982,158.316,0.0,,,,,,none,True,,,,,,,,,,,,,,no_pattern_at_sr
2026-03-09T14:41:32.972206+00:00,USOUSD-STD,cobra,24433879,H1,HOLD,HOLD,NONE,0,4.431257565144208,0,,,,,,,,,,,,,,,,0.084,0.084,99.667,104.542,99.362,101.177,,,,,,,,93.55115140812079,100.098,0.09726358571214562,,,,,,none,True,,,,,,,,,,,,,,no_pattern_at_sr
2026-03-09T14:42:33.322316+00:00,BTCUSD,cobra,24433879,H1,HOLD,HOLD,NONE,0,678.9508231307972,0,,,,,,,,,,,,,,,,16.98,16.98,68966.4,69470.97,68682.73,69267.06,,,,,,,,67642.95536577508,68202.6975,1.1226917679915052,,,,,,none,False,,,,,,,,,,,,,,price_not_near_sr
2026-03-09T14:42:33.337462+00:00,USDJPY-STD,cobra,24433879,H1,HOLD,HOLD,NONE,0,0.26747678627202415,0,,,,,,,,,,,,,,,,0.02,0.02,158.316,158.538,158.289,158.38,,,,,,,,158.03624365742982,158.316,0.0,,,,,,none,True,,,,,,,,,,,,,,no_pattern_at_sr
2026-03-09T14:42:33.352192+00:00,USOUSD-STD,cobra,24433879,H1,HOLD,HOLD,NONE,0,4.431257565144208,0,,,,,,,,,,,,,,,,0.084,0.084,99.667,104.542,99.362,100.697,,,,,,,,93.55115140812079,100.098,0.09726358571214562,,,,,,none,True,,,,,,,,,,,,,,no_pattern_at_sr
2026-03-09T14:43:33.718450+00:00,BTCUSD,cobra,24433879,H1,HOLD,HOLD,NONE,0,678.9508231307972,0,,,,,,,,,,,,,,,,17.03,17.03,68966.4,69470.97,68682.73,69362.72,,,,,,,,67642.95536577508,68202.6975,1.1226917679915052,,,,,,none,False,,,,,,,,,,,,,,price_not_near_sr
2026-03-09T14:43:33.733053+00:00,USDJPY-STD,cobra,24433879,H1,HOLD,HOLD,NONE,0,0.26747678627202415,0,,,,,,,,,,,,,,,,0.02,0.02,158.316,158.538,158.289,158.322,,,,,,,,158.03624365742982,158.316,0.0,,,,,,none,True,,,,,,,,,,,,,,no_pattern_at_sr
2026-03-09T14:43:33.749296+00:00,USOUSD-STD,cobra,24433879,H1,HOLD,HOLD,NONE,0,4.431257565144208,0,,,,,,,,,,,,,,,,0.084,0.084,99.667,104.542,99.362,100.887,,,,,,,,93.55115140812079,100.098,0.09726358571214562,,,,,,none,True,,,,,,,,,,,,,,no_pattern_at_sr
2026-03-09T14:44:34.127114+00:00,BTCUSD,cobra,24433879,H1,HOLD,HOLD,NONE,0,678.9508231307972,0,,,,,,,,,,,,,,,,17.12,17.12,68966.4,69470.97,68682.73,69369.76,,,,,,,,67642.95536577508,68202.6975,1.1226917679915052,,,,,,none,False,,,,,,,,,,,,,,price_not_near_sr
2026-03-09T14:44:34.142062+00:00,USDJPY-STD,cobra,24433879,H1,HOLD,HOLD,NONE,0,0.26747678627202415,0,,,,,,,,,,,,,,,,0.018,0.018,158.316,158.538,158.289,158.329,,,,,,,,158.03624365742982,158.316,0.0,,,,,,none,True,,,,,,,,,,,,,,no_pattern_at_sr
2026-03-09T14:44:34.157141+00:00,USOUSD-STD,cobra,24433879,H1,HOLD,HOLD,NONE,0,4.431257565144208,0,,,,,,,,,,,,,,,,0.084,0.084,99.667,104.542,99.362,100.697,,,,,,,,93.55115140812079,100.098,0.09726358571214562,,,,,,none,True,,,,,,,,,,,,,,no_pattern_at_sr
2026-03-09T14:45:34.511692+00:00,BTCUSD,cobra,24433879,H1,HOLD,HOLD,NONE,0,678.9508231307972,0,,,,,,,,,,,,,,,,17.02,17.02,68966.4,69470.97,68682.73,69402.99,,,,,,,,67642.95536577508,68202.6975,1.1226917679915052,,,,,,none,False,,,,,,,,,,,,,,price_not_near_sr
2026-03-09T14:45:34.526367+00:00,USDJPY-STD,cobra,24433879,H1,HOLD,HOLD,NONE,0,0.26747678627202415,0,,,,,,,,,,,,,,,,0.018,0.018,158.316,158.538,158.289,158.331,,,,,,,,158.03624365742982,158.316,0.0,,,,,,none,True,,,,,,,,,,,,,,no_pattern_at_sr
2026-03-09T14:45:34.540753+00:00,USOUSD-STD,cobra,24433879,H1,HOLD,HOLD,NONE,0,4.431257565144208,0,,,,,,,,,,,,,,,,0.084,0.084,99.667,104.542,99.362,100.442,,,,,,,,93.55115140812079,100.098,0.09726358571214562,,,,,,none,True,,,,,,,,,,,,,,no_pattern_at_sr
2026-03-09T14:46:34.883473+00:00,BTCUSD,cobra,24433879,H1,HOLD,HOLD,NONE,0,678.9508231307972,0,,,,,,,,,,,,,,,,17.04,17.04,68966.4,69470.97,68682.73,69329.05,,,,,,,,67642.95536577508,68202.6975,1.1226917679915052,,,,,,none,False,,,,,,,,,,,,,,price_not_near_sr
2026-03-09T14:46:34.897216+00:00,USDJPY-STD,cobra,24433879,H1,HOLD,HOLD,NONE,0,0.26747678627202415,0,,,,,,,,,,,,,,,,0.018,0.018,158.316,158.538,158.289,158.318,,,,,,,,158.03624365742982,158.316,0.0,,,,,,none,True,,,,,,,,,,,,,,no_pattern_at_sr
2026-03-09T14:46:34.911378+00:00,USOUSD-STD,cobra,24433879,H1,HOLD,HOLD,NONE,0,4.431257565144208,0,,,,,,,,,,,,,,,,0.084,0.084,99.667,104.542,99.362,99.882,,,,,,,,93.55115140812079,100.098,0.09726358571214562,,,,,,none,True,,,,,,,,,,,,,,no_pattern_at_sr
2026-03-09T14:47:35.328924+00:00,BTCUSD,cobra,24433879,H1,HOLD,HOLD,NONE,0,678.9508231307972,0,,,,,,,,,,,,,,,,17.11,17.11,68966.4,69470.97,68682.73,69293.61,,,,,,,,67642.95536577508,68202.6975,1.1226917679915052,,,,,,none,False,,,,,,,,,,,,,,price_not_near_sr
2026-03-09T14:47:35.344085+00:00,USDJPY-STD,cobra,24433879,H1,HOLD,HOLD,NONE,0,0.26747678627202415,0,,,,,,,,,,,,,,,,0.018,0.018,158.316,158.538,158.289,158.317,,,,,,,,158.03624365742982,158.316,0.0,,,,,,none,True,,,,,,,,,,,,,,no_pattern_at_sr
2026-03-09T14:47:35.359157+00:00,USOUSD-STD,cobra,24433879,H1,HOLD,HOLD,NONE,0,4.431257565144208,0,,,,,,,,,,,,,,,,0.084,0.084,99.667,104.542,99.362,100.077,,,,,,,,93.55115140812079,100.098,0.09726358571214562,,,,,,none,True,,,,,,,,,,,,,,no_pattern_at_sr
2026-03-09T14:48:35.738031+00:00,BTCUSD,cobra,24433879,H1,HOLD,HOLD,NONE,0,678.9508231307972,0,,,,,,,,,,,,,,,,17.04,17.04,68966.4,69470.97,68682.73,69283.44,,,,,,,,67642.95536577508,68202.6975,1.1226917679915052,,,,,,none,False,,,,,,,,,,,,,,price_not_near_sr
2026-03-09T14:48:35.752985+00:00,USDJPY-STD,cobra,24433879,H1,HOLD,HOLD,NONE,0,0.26747678627202415,0,,,,,,,,,,,,,,,,0.019,0.019,158.316,158.538,158.289,158.336,,,,,,,,158.03624365742982,158.316,0.0,,,,,,none,True,,,,,,,,,,,,,,no_pattern_at_sr
2026-03-09T14:48:35.767261+00:00,USOUSD-STD,cobra,24433879,H1,HOLD,HOLD,NONE,0,4.431257565144208,0,,,,,,,,,,,,,,,,0.084,0.084,99.667,104.542,99.362,100.402,,,,,,,,93.55115140812079,100.098,0.09726358571214562,,,,,,none,True,,,,,,,,,,,,,,no_pattern_at_sr
2026-03-09T14:49:36.137385+00:00,BTCUSD,cobra,24433879,H1,HOLD,HOLD,NONE,0,678.9508231307972,0,,,,,,,,,,,,,,,,17.02,17.02,68966.4,69470.97,68682.73,69226.05,,,,,,,,67642.95536577508,68202.6975,1.1226917679915052,,,,,,none,False,,,,,,,,,,,,,,price_not_near_sr
2026-03-09T14:49:36.152587+00:00,USDJPY-STD,cobra,24433879,H1,HOLD,HOLD,NONE,0,0.26747678627202415,0,,,,,,,,,,,,,,,,0.019,0.019,158.316,158.538,158.289,158.377,,,,,,,,158.03624365742982,158.316,0.0,,,,,,none,True,,,,,,,,,,,,,,no_pattern_at_sr
2026-03-09T14:49:36.166527+00:00,USOUSD-STD,cobra,24433879,H1,HOLD,HOLD,NONE,0,4.431257565144208,0,,,,,,,,,,,,,,,,0.084,0.084,99.667,104.542,99.362,100.662,,,,,,,,93.55115140812079,100.098,0.09726358571214562,,,,,,none,True,,,,,,,,,,,,,,no_pattern_at_sr
2026-03-09T14:50:36.527100+00:00,BTCUSD,cobra,24433879,H1,HOLD,HOLD,NONE,0,678.9508231307972,0,,,,,,,,,,,,,,,,17.11,17.11,68966.4,69470.97,68682.73,69220.47,,,,,,,,67642.95536577508,68202.6975,1.1226917679915052,,,,,,none,False,,,,,,,,,,,,,,price_not_near_sr
2026-03-09T14:50:36.543005+00:00,USDJPY-STD,cobra,24433879,H1,HOLD,HOLD,NONE,0,0.26747678627202415,0,,,,,,,,,,,,,,,,0.018,0.018,158.316,158.538,158.289,158.37,,,,,,,,158.03624365742982,158.316,0.0,,,,,,none,True,,,,,,,,,,,,,,no_pattern_at_sr
2026-03-09T14:50:36.556906+00:00,USOUSD-STD,cobra,24433879,H1,HOLD,HOLD,NONE,0,4.431257565144208,0,,,,,,,,,,,,,,,,0.084,0.084,99.667,104.542,99.362,100.432,,,,,,,,93.55115140812079,100.098,0.09726358571214562,,,,,,none,True,,,,,,,,,,,,,,no_pattern_at_sr
2026-03-09T14:51:36.927624+00:00,BTCUSD,cobra,24433879,H1,HOLD,HOLD,NONE,0,678.9508231307972,0,,,,,,,,,,,,,,,,17.08,17.08,68966.4,69470.97,68682.73,69304.85,,,,,,,,67642.95536577508,68202.6975,1.1226917679915052,,,,,,none,False,,,,,,,,,,,,,,price_not_near_sr
2026-03-09T14:51:36.942178+00:00,USDJPY-STD,cobra,24433879,H1,HOLD,HOLD,NONE,0,0.26747678627202415,0,,,,,,,,,,,,,,,,0.018,0.018,158.316,158.538,158.289,158.366,,,,,,,,158.03624365742982,158.316,0.0,,,,,,none,True,,,,,,,,,,,,,,no_pattern_at_sr
2026-03-09T14:51:36.957337+00:00,USOUSD-STD,cobra,24433879,H1,HOLD,HOLD,NONE,0,4.431257565144208,0,,,,,,,,,,,,,,,,0.084,0.084,99.667,104.542,99.362,100.397,,,,,,,,93.55115140812079,100.098,0.09726358571214562,,,,,,none,True,,,,,,,,,,,,,,no_pattern_at_sr
2026-03-09T14:52:37.368728+00:00,BTCUSD,cobra,24433879,H1,HOLD,HOLD,NONE,0,678.9508231307972,0,,,,,,,,,,,,,,,,17.12,17.12,68966.4,69470.97,68682.73,69285.55,,,,,,,,67642.95536577508,68202.6975,1.1226917679915052,,,,,,none,False,,,,,,,,,,,,,,price_not_near_sr
2026-03-09T14:52:37.383253+00:00,USDJPY-STD,cobra,24433879,H1,HOLD,HOLD,NONE,0,0.26747678627202415,0,,,,,,,,,,,,,,,,0.02,0.02,158.316,158.538,158.289,158.374,,,,,,,,158.03624365742982,158.316,0.0,,,,,,none,True,,,,,,,,,,,,,,no_pattern_at_sr
2026-03-09T14:52:37.399346+00:00,USOUSD-STD,cobra,24433879,H1,HOLD,HOLD,NONE,0,4.431257565144208,0,,,,,,,,,,,,,,,,0.084,0.084,99.667,104.542,99.362,100.472,,,,,,,,93.55115140812079,100.098,0.09726358571214562,,,,,,none,True,,,,,,,,,,,,,,no_pattern_at_sr
2026-03-09T14:53:37.762853+00:00,BTCUSD,cobra,24433879,H1,HOLD,HOLD,NONE,0,678.9508231307972,0,,,,,,,,,,,,,,,,17.07,17.07,68966.4,69470.97,68682.73,69242.92,,,,,,,,67642.95536577508,68202.6975,1.1226917679915052,,,,,,none,False,,,,,,,,,,,,,,price_not_near_sr
2026-03-09T14:53:37.777306+00:00,USDJPY-STD,cobra,24433879,H1,HOLD,HOLD,NONE,0,0.26747678627202415,0,,,,,,,,,,,,,,,,0.019,0.019,158.316,158.538,158.289,158.373,,,,,,,,158.03624365742982,158.316,0.0,,,,,,none,True,,,,,,,,,,,,,,no_pattern_at_sr
2026-03-09T14:53:37.791616+00:00,USOUSD-STD,cobra,24433879,H1,HOLD,HOLD,NONE,0,4.431257565144208,0,,,,,,,,,,,,,,,,0.084,0.084,99.667,104.542,99.362,100.132,,,,,,,,93.55115140812079,100.098,0.09726358571214562,,,,,,none,True,,,,,,,,,,,,,,no_pattern_at_sr
2026-03-09T14:54:38.186802+00:00,BTCUSD,cobra,24433879,H1,HOLD,HOLD,NONE,0,678.9508231307972,0,,,,,,,,,,,,,,,,17.01,17.01,68966.4,69470.97,68682.73,69273.64,,,,,,,,67642.95536577508,68202.6975,1.1226917679915052,,,,,,none,False,,,,,,,,,,,,,,price_not_near_sr
2026-03-09T14:54:38.200949+00:00,USDJPY-STD,cobra,24433879,H1,HOLD,HOLD,NONE,0,0.26747678627202415,0,,,,,,,,,,,,,,,,0.019,0.019,158.316,158.538,158.289,158.351,,,,,,,,158.03624365742982,158.316,0.0,,,,,,none,True,,,,,,,,,,,,,,no_pattern_at_sr
2026-03-09T14:54:38.214638+00:00,USOUSD-STD,cobra,24433879,H1,HOLD,HOLD,NONE,0,4.431257565144208,0,,,,,,,,,,,,,,,,0.084,0.084,99.667,104.542,99.362,100.292,,,,,,,,93.55115140812079,100.098,0.09726358571214562,,,,,,none,True,,,,,,,,,,,,,,no_pattern_at_sr
2026-03-09T14:55:38.583285+00:00,BTCUSD,cobra,24433879,H1,HOLD,HOLD,NONE,0,678.9508231307972,0,,,,,,,,,,,,,,,,17.05,17.05,68966.4,69470.97,68682.73,69327.16,,,,,,,,67642.95536577508,68202.6975,1.1226917679915052,,,,,,none,False,,,,,,,,,,,,,,price_not_near_sr
2026-03-09T14:55:38.597688+00:00,USDJPY-STD,cobra,24433879,H1,HOLD,HOLD,NONE,0,0.26747678627202415,0,,,,,,,,,,,,,,,,0.019,0.019,158.316,158.538,158.289,158.352,,,,,,,,158.03624365742982,158.316,0.0,,,,,,none,True,,,,,,,,,,,,,,no_pattern_at_sr
2026-03-09T14:55:38.611169+00:00,USOUSD-STD,cobra,24433879,H1,HOLD,HOLD,NONE,0,4.431257565144208,0,,,,,,,,,,,,,,,,0.084,0.084,99.667,104.542,99.362,100.047,,,,,,,,93.55115140812079,100.098,0.09726358571214562,,,,,,none,True,,,,,,,,,,,,,,no_pattern_at_sr
2026-03-09T14:56:38.985252+00:00,BTCUSD,cobra,24433879,H1,HOLD,HOLD,NONE,0,678.9508231307972,0,,,,,,,,,,,,,,,,16.96,16.96,68966.4,69470.97,68682.73,69238.38,,,,,,,,67642.95536577508,68202.6975,1.1226917679915052,,,,,,none,False,,,,,,,,,,,,,,price_not_near_sr
2026-03-09T14:56:38.999507+00:00,USDJPY-STD,cobra,24433879,H1,HOLD,HOLD,NONE,0,0.26747678627202415,0,,,,,,,,,,,,,,,,0.018,0.018,158.316,158.538,158.289,158.426,,,,,,,,158.03624365742982,158.316,0.0,,,,,,none,True,,,,,,,,,,,,,,no_pattern_at_sr
2026-03-09T14:56:39.013461+00:00,USOUSD-STD,cobra,24433879,H1,HOLD,HOLD,NONE,0,4.431257565144208,0,,,,,,,,,,,,,,,,0.084,0.084,99.667,104.542,99.362,100.842,,,,,,,,93.55115140812079,100.098,0.09726358571214562,,,,,,none,True,,,,,,,,,,,,,,no_pattern_at_sr
2026-03-09T14:57:39.368269+00:00,BTCUSD,cobra,24433879,H1,HOLD,HOLD,NONE,0,678.9508231307972,0,,,,,,,,,,,,,,,,16.97,16.97,68966.4,69470.97,68682.73,69158.29,,,,,,,,67642.95536577508,68202.6975,1.1226917679915052,,,,,,none,False,,,,,,,,,,,,,,price_not_near_sr
2026-03-09T14:57:39.385027+00:00,USDJPY-STD,cobra,24433879,H1,HOLD,HOLD,NONE,0,0.26747678627202415,0,,,,,,,,,,,,,,,,0.018,0.018,158.316,158.538,158.289,158.386,,,,,,,,158.03624365742982,158.316,0.0,,,,,,none,True,,,,,,,,,,,,,,no_pattern_at_sr
2026-03-09T14:57:39.399595+00:00,USOUSD-STD,cobra,24433879,H1,HOLD,HOLD,NONE,0,4.431257565144208,0,,,,,,,,,,,,,,,,0.104,0.104,99.667,104.542,99.362,100.302,,,,,,,,93.55115140812079,100.098,0.09726358571214562,,,,,,none,True,,,,,,,,,,,,,,no_pattern_at_sr
2026-03-09T14:58:39.772510+00:00,BTCUSD,cobra,24433879,H1,HOLD,HOLD,NONE,0,678.9508231307972,0,,,,,,,,,,,,,,,,17.0,17.0,68966.4,69470.97,68682.73,69133.68,,,,,,,,67642.95536577508,68202.6975,1.1226917679915052,,,,,,none,False,,,,,,,,,,,,,,price_not_near_sr
2026-03-09T14:58:39.789059+00:00,USDJPY-STD,cobra,24433879,H1,HOLD,HOLD,NONE,0,0.26747678627202415,0,,,,,,,,,,,,,,,,0.019,0.019,158.316,158.538,158.289,158.373,,,,,,,,158.03624365742982,158.316,0.0,,,,,,none,True,,,,,,,,,,,,,,no_pattern_at_sr
2026-03-09T14:58:39.803200+00:00,USOUSD-STD,cobra,24433879,H1,HOLD,HOLD,NONE,0,4.431257565144208,0,,,,,,,,,,,,,,,,0.084,0.084,99.667,104.542,99.362,100.757,,,,,,,,93.55115140812079,100.098,0.09726358571214562,,,,,,none,True,,,,,,,,,,,,,,no_pattern_at_sr
2026-03-09T14:59:40.196035+00:00,BTCUSD,cobra,24433879,H1,HOLD,HOLD,NONE,0,678.9508231307972,0,,,,,,,,,,,,,,,,16.94,16.94,68966.4,69470.97,68682.73,69111.19,,,,,,,,67642.95536577508,68202.6975,1.1226917679915052,,,,,,none,False,,,,,,,,,,,,,,price_not_near_sr
2026-03-09T14:59:40.210104+00:00,USDJPY-STD,cobra,24433879,H1,HOLD,HOLD,NONE,0,0.26747678627202415,0,,,,,,,,,,,,,,,,0.018,0.018,158.316,158.538,158.289,158.381,,,,,,,,158.03624365742982,158.316,0.0,,,,,,none,True,,,,,,,,,,,,,,no_pattern_at_sr
2026-03-09T14:59:40.224473+00:00,USOUSD-STD,cobra,24433879,H1,HOLD,HOLD,NONE,0,4.431257565144208,0,,,,,,,,,,,,,,,,0.084,0.084,99.667,104.542,99.362,100.607,,,,,,,,93.55115140812079,100.098,0.09726358571214562,,,,,,none,True,,,,,,,,,,,,,,no_pattern_at_sr
2026-03-09T15:00:40.583677+00:00,BTCUSD,cobra,24433879,H1,HOLD,HOLD,NONE,0,635.6528891816781,0,,,,,,,,,,,,,,,,17.04,17.04,69142.51,69202.47,69129.69,69152.31,,,,,,,,67701.96407482249,69470.97,0.5168858752816756,,,,,,none,True,,,,,,,,,,,,,,no_pattern_at_sr
2026-03-09T15:00:40.598264+00:00,USDJPY-STD,cobra,24433879,H1,HOLD,HOLD,NONE,0,0.2517998591322567,0,,,,,,,,,,,,,,,,0.018,0.018,158.377,158.389,158.341,158.357,,,,,,,,158.04969768352967,158.316,0.2422558940669108,,,,,,none,True,,,,,,,,,,,,,,no_pattern_at_sr
2026-03-09T15:00:40.613230+00:00,EURUSD-STD,cobra,24433879,H1,HOLD,HOLD,NONE,0,0.0024056810049024953,0,,,,,,,,,,,,,,,,0.00014,0.00014,1.15724,1.15764,1.15719,1.15761,,,,,,,,1.15743149702375,1.1571699999999998,0.0332546168162152,,,,,,none,True,,,,,,,,,,,,,,no_pattern_at_sr
2026-03-09T15:00:40.639981+00:00,USOUSD-STD,cobra,24433879,H1,HOLD,HOLD,NONE,0,4.142596314176504,0,,,,,,,,,,,,,,,,0.084,0.084,100.542,100.627,100.237,100.522,,,,,,,,93.82391583296662,100.098,0.09873035386053784,,,,,,none,True,,,,,,,,,,,,,,no_pattern_at_sr
2026-03-09T15:01:41.038219+00:00,BTCUSD,cobra,24433879,H1,HOLD,HOLD,NONE,0,636.172889181678,0,,,,,,,,,,,,,,,,17.12,17.12,69142.51,69209.75,69129.69,69209.2,,,,,,,,67701.96407482249,69470.97,0.5164633790393536,,,,,,none,True,,,,,,,,,,,,,,no_pattern_at_sr
2026-03-09T15:01:41.052355+00:00,USDJPY-STD,cobra,24433879,H1,HOLD,HOLD,NONE,0,0.2525855734179707,0,,,,,,,,,,,,,,,,0.019,0.019,158.377,158.389,158.33,158.33,,,,,,,,158.04969768352967,158.316,0.2415023121651772,,,,,,none,True,,,,,,,,,,,,,,no_pattern_at_sr
2026-03-09T15:01:41.067255+00:00,EURUSD-STD,cobra,24433879,H1,HOLD,HOLD,NONE,0,0.0024156810049024975,0,,,,,,,,,,,,,,,,0.00014,0.00014,1.15724,1.15778,1.15719,1.15777,,,,,,,,1.15743149702375,1.1571699999999998,0.03311695535864388,,,,,,none,True,,,,,,,,,,,,,,no_pattern_at_sr
2026-03-09T15:01:41.093616+00:00,USOUSD-STD,cobra,24433879,H1,HOLD,HOLD,NONE,0,4.142596314176504,0,,,,,,,,,,,,,,,,0.084,0.084,100.542,100.627,100.237,100.357,,,,,,,,93.82391583296662,100.098,0.09873035386053784,,,,,,none,True,,,,,,,,,,,,,,no_pattern_at_sr
2026-03-09T15:02:41.471599+00:00,BTCUSD,cobra,24433879,H1,HOLD,HOLD,NONE,0,638.6921748959641,0,,,,,,,,,,,,,,,,17.07,17.07,69142.51,69245.02,69129.69,69241.12,,,,,,,,67701.96407482249,69470.97,0.5144262180032446,,,,,,none,True,,,,,,,,,,,,,,no_pattern_at_sr
2026-03-09T15:02:41.486061+00:00,USDJPY-STD,cobra,24433879,H1,HOLD,HOLD,NONE,0,0.25572843056082867,0,,,,,,,,,,,,,,,,0.019,0.019,158.377,158.389,158.286,158.316,,,,,,,,158.04969768352967,158.316,0.2385342914991117,,,,,,none,True,,,,,,,,,,,,,,no_pattern_at_sr
2026-03-09T15:02:41.499718+00:00,EURUSD-STD,cobra,24433879,H1,HOLD,HOLD,NONE,0,0.0024392524334739215,0,,,,,,,,,,,,,,,,0.00013,0.00013,1.15724,1.15811,1.15719,1.15796,,,,,,,,1.15743149702375,1.1571699999999998,0.03279693356138054,,,,,,none,True,,,,,,,,,,,,,,no_pattern_at_sr
2026-03-09T15:02:41.527784+00:00,USOUSD-STD,cobra,24433879,H1,HOLD,HOLD,NONE,0,4.150453457033646,0,,,,,,,,,,,,,,,,0.084,0.084,100.542,100.627,100.127,100.232,,,,,,,,93.82391583296662,100.098,0.09854344934452554,,,,,,none,True,,,,,,,,,,,,,,no_pattern_at_sr
2026-03-09T15:03:41.897858+00:00,BTCUSD,cobra,24433879,H1,HOLD,HOLD,NONE,0,643.0178891816781,0,,,,,,,,,,,,,,,,17.05,17.05,69142.51,69245.02,69069.13,69081.82,,,,,,,,67701.96407482249,69470.97,0.510965566476124,,,,,,none,True,,,,,,,,,,,,,,no_pattern_at_sr
2026-03-09T15:03:41.912383+00:00,USDJPY-STD,cobra,24433879,H1,HOLD,HOLD,NONE,0,0.25572843056082867,0,,,,,,,,,,,,,,,,0.019,0.019,158.377,158.389,158.286,158.328,,,,,,,,158.04969768352967,158.316,0.2385342914991117,,,,,,none,True,,,,,,,,,,,,,,no_pattern_at_sr
2026-03-09T15:03:41.926284+00:00,EURUSD-STD,cobra,24433879,H1,HOLD,HOLD,NONE,0,0.0024392524334739215,0,,,,,,,,,,,,,,,,0.00014,0.00014,1.15724,1.15811,1.15719,1.15793,,,,,,,,1.15743149702375,1.1571699999999998,0.03279693356138054,,,,,,none,True,,,,,,,,,,,,,,no_pattern_at_sr
2026-03-09T15:03:41.953644+00:00,USOUSD-STD,cobra,24433879,H1,HOLD,HOLD,NONE,0,4.170453457033647,0,,,,,,,,,,,,,,,,0.104,0.104,100.542,100.627,99.847,99.872,,,,,,,,93.82391583296662,100.098,0.0980708702815542,,,,,,none,True,,,,,,,,,,,,,,no_pattern_at_sr
2026-03-09T15:04:42.345493+00:00,BTCUSD,cobra,24433879,H1,HOLD,HOLD,NONE,0,643.0178891816781,0,,,,,,,,,,,,,,,,17.11,17.11,69142.51,69245.02,69069.13,69156.76,,,,,,,,67701.96407482249,69470.97,0.510965566476124,,,,,,none,True,,,,,,,,,,,,,,no_pattern_at_sr
2026-03-09T15:04:42.359931+00:00,USDJPY-STD,cobra,24433879,H1,HOLD,HOLD,NONE,0,0.25587128770368645,0,,,,,,,,,,,,,,,,0.018,0.018,158.377,158.389,158.284,158.294,,,,,,,,158.04969768352967,158.316,0.23840111388601182,,,,,,none,True,,,,,,,,,,,,,,no_pattern_at_sr
2026-03-09T15:04:42.374688+00:00,EURUSD-STD,cobra,24433879,H1,HOLD,HOLD,NONE,0,0.00245568100490249,0,,,,,,,,,,,,,,,,0.00014,0.00014,1.15724,1.15834,1.15719,1.15817,,,,,,,,1.15743149702375,1.1571699999999998,0.03257752120099029,,,,,,none,True,,,,,,,,,,,,,,no_pattern_at_sr
2026-03-09T15:04:42.403141+00:00,USOUSD-STD,cobra,24433879,H1,HOLD,HOLD,NONE,0,4.2213105998907885,0,,,,,,,,,,,,,,,,0.084,0.084,100.542,100.627,99.135,99.422,,,,,,,,93.82391583296662,100.098,0.09688934048363734,,,,,,none,True,,,,,,,,,,,,,,no_pattern_at_sr
2026-03-09T15:05:42.753361+00:00,BTCUSD,cobra,24433879,H1,HOLD,HOLD,NONE,0,643.0178891816781,0,,,,,,,,,,,,,,,,17.1,17.1,69142.51,69245.02,69069.13,69195.74,,,,,,,,67701.96407482249,69470.97,0.510965566476124,,,,,,none,True,,,,,,,,,,,,,,no_pattern_at_sr
2026-03-09T15:05:42.763493+00:00,USDJPY-STD,cobra,24433879,H1,HOLD,HOLD,NONE,0,0.25694271627511406,0,,,,,,,,,,,,,,,,0.018,0.018,158.377,158.389,158.269,158.307,,,,,,,,158.04969768352967,158.316,0.23740700216889216,,,,,,none,True,,,,,,,,,,,,,,no_pattern_at_sr
2026-03-09T15:05:42.773339+00:00,EURUSD-STD,cobra,24433879,H1,HOLD,HOLD,NONE,0,0.0024585381477596354,0,,,,,,,,,,,,,,,,0.00014,0.00014,1.15724,1.15838,1.15719,1.1581299999999999,,,,,,,,1.15743149702375,1.1571699999999998,0.03253966186084227,,,,,,none,True,,,,,,,,,,,,,,no_pattern_at_sr
2026-03-09T15:05:42.789841+00:00,USOUSD-STD,cobra,24433879,H1,HOLD,HOLD,NONE,0,4.234024885605075,0,,,,,,,,,,,,,,,,0.104,0.104,100.542,100.627,98.957,99.092,,,,,,,,93.82391583296662,100.098,0.09659839303036045,,,,,,none,True,,,,,,,,,,,,,,no_pattern_at_sr
2026-03-09T15:06:43.198107+00:00,BTCUSD,cobra,24433879,H1,HOLD,HOLD,NONE,0,643.2207463245351,0,,,,,,,,,,,,,,,,17.11,17.11,69142.51,69247.86,69069.13,69200.91,,,,,,,,67701.96407482249,69470.97,0.5108044195984682,,,,,,none,True,,,,,,,,,,,,,,no_pattern_at_sr
2026-03-09T15:06:43.212479+00:00,USDJPY-STD,cobra,24433879,H1,HOLD,HOLD,NONE,0,0.25694271627511406,0,,,,,,,,,,,,,,,,0.018,0.018,158.377,158.389,158.269,158.296,,,,,,,,158.04969768352967,158.316,0.23740700216889216,,,,,,none,True,,,,,,,,,,,,,,no_pattern_at_sr
2026-03-09T15:06:43.226618+00:00,EURUSD-STD,cobra,24433879,H1,HOLD,HOLD,NONE,0,0.0024585381477596354,0,,,,,,,,,,,,,,,,0.00014,0.00014,1.15724,1.15838,1.15719,1.15812,,,,,,,,1.15743149702375,1.1571699999999998,0.03253966186084227,,,,,,none,True,,,,,,,,,,,,,,no_pattern_at_sr
2026-03-09T15:06:43.254011+00:00,USOUSD-STD,cobra,24433879,H1,HOLD,HOLD,NONE,0,4.265810599890789,0,,,,,,,,,,,,,,,,0.084,0.084,100.542,100.627,98.512,98.777,,,,,,,,93.82391583296662,100.098,0.09587861214712089,,,,,,none,True,,,,,,,,,,,,,,no_pattern_at_sr
2026-03-09T15:07:43.629076+00:00,BTCUSD,cobra,24433879,H1,HOLD,HOLD,NONE,0,643.2207463245351,0,,,,,,,,,,,,,,,,17.09,17.09,69142.51,69247.86,69069.13,69212.49,,,,,,,,67701.96407482249,69470.97,0.5108044195984682,,,,,,none,True,,,,,,,,,,,,,,no_pattern_at_sr
2026-03-09T15:07:43.646198+00:00,USDJPY-STD,cobra,24433879,H1,HOLD,HOLD,NONE,0,0.257014144846543,0,,,,,,,,,,,,,,,,0.018,0.018,158.377,158.389,158.268,158.281,,,,,,,,158.04969768352967,158.316,0.23734102275354801,,,,,,none,True,,,,,,,,,,,,,,no_pattern_at_sr
2026-03-09T15:07:43.661231+00:00,EURUSD-STD,cobra,24433879,H1,HOLD,HOLD,NONE,0,0.0024585381477596354,0,,,,,,,,,,,,,,,,0.00013,0.00013,1.15724,1.15838,1.15719,1.15828,,,,,,,,1.15743149702375,1.1571699999999998,0.03253966186084227,,,,,,none,True,,,,,,,,,,,,,,no_pattern_at_sr
2026-03-09T15:07:43.689616+00:00,USOUSD-STD,cobra,24433879,H1,HOLD,HOLD,NONE,0,4.265810599890789,0,,,,,,,,,,,,,,,,0.084,0.084,100.542,100.627,98.512,98.767,,,,,,,,93.82391583296662,100.098,0.09587861214712089,,,,,,none,True,,,,,,,,,,,,,,no_pattern_at_sr
2026-03-09T15:08:44.114356+00:00,BTCUSD,cobra,24433879,H1,HOLD,HOLD,NONE,0,643.2207463245351,0,,,,,,,,,,,,,,,,16.97,16.97,69142.51,69247.86,69069.13,69140.82,,,,,,,,67701.96407482249,69470.97,0.5108044195984682,,,,,,none,True,,,,,,,,,,,,,,no_pattern_at_sr
2026-03-09T15:08:44.131007+00:00,USDJPY-STD,cobra,24433879,H1,HOLD,HOLD,NONE,0,0.257014144846543,0,,,,,,,,,,,,,,,,0.02,0.02,158.377,158.389,158.268,158.287,,,,,,,,158.04969768352967,158.316,0.23734102275354801,,,,,,none,True,,,,,,,,,,,,,,no_pattern_at_sr
2026-03-09T15:08:44.145528+00:00,EURUSD-STD,cobra,24433879,H1,HOLD,HOLD,NONE,0,0.002459252433473926,0,,,,,,,,,,,,,,,,0.00014,0.00014,1.15724,1.15839,1.15719,1.15816,,,,,,,,1.15743149702375,1.1571699999999998,0.03253021077103194,,,,,,none,True,,,,,,,,,,,,,,no_pattern_at_sr
2026-03-09T15:08:44.172031+00:00,USOUSD-STD,cobra,24433879,H1,HOLD,HOLD,NONE,0,4.273667742747932,0,,,,,,,,,,,,,,,,0.104,0.104,100.542,100.627,98.402,98.842,,,,,,,,93.82391583296662,100.098,0.09570233921297365,,,,,,none,True,,,,,,,,,,,,,,no_pattern_at_sr
2026-03-09T15:09:44.559506+00:00,BTCUSD,cobra,24433879,H1,HOLD,HOLD,NONE,0,643.2207463245351,0,,,,,,,,,,,,,,,,17.04,17.04,69142.51,69247.86,69069.13,69070.49,,,,,,,,67701.96407482249,69470.97,0.5108044195984682,,,,,,none,True,,,,,,,,,,,,,,no_pattern_at_sr
2026-03-09T15:09:44.574818+00:00,USDJPY-STD,cobra,24433879,H1,HOLD,HOLD,NONE,0,0.25887128770368656,0,,,,,,,,,,,,,,,,0.02,0.02,158.377,158.389,158.242,158.244,,,,,,,,158.04969768352967,158.316,0.23563833803704742,,,,,,none,True,,,,,,,,,,,,,,no_pattern_at_sr
2026-03-09T15:09:44.589188+00:00,EURUSD-STD,cobra,24433879,H1,HOLD,HOLD,NONE,0,0.002459252433473926,0,,,,,,,,,,,,,,,,0.00014,0.00014,1.15724,1.15839,1.15719,1.15831,,,,,,,,1.15743149702375,1.1571699999999998,0.03253021077103194,,,,,,none,True,,,,,,,,,,,,,,no_pattern_at_sr
2026-03-09T15:09:44.617302+00:00,USOUSD-STD,cobra,24433879,H1,HOLD,HOLD,NONE,0,4.282596314176503,0,,,,,,,,,,,,,,,,0.084,0.084,100.542,100.627,98.277,98.377,,,,,,,,93.82391583296662,100.098,0.09550281417982592,,,,,,none,True,,,,,,,,,,,,,,no_pattern_at_sr
2026-03-09T15:10:45.035191+00:00,BTCUSD,cobra,24433879,H1,HOLD,HOLD,NONE,0,650.8107463245357,0,,,,,,,,,,,,,,,,17.02,17.02,69142.51,69247.86,68962.87,69089.29,,,,,,,,67701.96407482249,69470.97,0.5048472261030501,,,,,,none,True,,,,,,,,,,,,,,no_pattern_at_sr
2026-03-09T15:10:45.051402+00:00,USDJPY-STD,cobra,24433879,H1,HOLD,HOLD,NONE,0,0.259299859132258,0,,,,,,,,,,,,,,,,0.019,0.019,158.377,158.389,158.236,158.255,,,,,,,,158.04969768352967,158.316,0.23524887442724565,,,,,,none,True,,,,,,,,,,,,,,no_pattern_at_sr
2026-03-09T15:10:45.065515+00:00,EURUSD-STD,cobra,24433879,H1,HOLD,HOLD,NONE,0,0.0024649667191882015,0,,,,,,,,,,,,,,,,0.00014,0.00014,1.15724,1.1584699999999999,1.15719,1.15821,,,,,,,,1.15743149702375,1.1571699999999998,0.03245479923819287,,,,,,none,True,,,,,,,,,,,,,,no_pattern_at_sr
2026-03-09T15:10:45.093545+00:00,USOUSD-STD,cobra,24433879,H1,HOLD,HOLD,NONE,0,4.282953457033646,0,,,,,,,,,,,,,,,,0.084,0.084,100.542,100.627,98.272,98.292,,,,,,,,93.82391583296662,100.098,0.09549485048181626,,,,,,none,True,,,,,,,,,,,,,,no_pattern_at_sr
2026-03-09T15:11:45.492754+00:00,BTCUSD,cobra,24433879,H1,HOLD,HOLD,NONE,0,650.8107463245357,0,,,,,,,,,,,,,,,,17.02,17.02,69142.51,69247.86,68962.87,69018.12,,,,,,,,67701.96407482249,69470.97,0.5048472261030501,,,,,,none,True,,,,,,,,,,,,,,no_pattern_at_sr
2026-03-09T15:11:45.507270+00:00,USDJPY-STD,cobra,24433879,H1,HOLD,HOLD,NONE,0,0.25994271627511417,0,,,,,,,,,,,,,,,,0.019,0.019,158.377,158.389,158.227,158.245,,,,,,,,158.04969768352967,158.316,0.23466708694175067,,,,,,none,True,,,,,,,,,,,,,,no_pattern_at_sr
2026-03-09T15:11:45.521324+00:00,EURUSD-STD,cobra,24433879,H1,HOLD,HOLD,NONE,0,0.002467823862045347,0,,,,,,,,,,,,,,,,0.00013,0.00013,1.15724,1.15851,1.15719,1.15808,,,,,,,,1.15743149702375,1.1571699999999998,0.03241722443423314,,,,,,none,True,,,,,,,,,,,,,,no_pattern_at_sr
2026-03-09T15:11:45.549020+00:00,USOUSD-STD,cobra,24433879,H1,HOLD,HOLD,NONE,0,4.332596314176503,0,,,,,,,,,,,,,,,,0.124,0.124,100.542,100.627,97.577,97.922,,,,,,,,93.82391583296662,100.098,0.0944006711776342,,,,,,none,True,,,,,,,,,,,,,,no_pattern_at_sr
2026-03-09T15:12:45.937280+00:00,BTCUSD,cobra,24433879,H1,HOLD,HOLD,NONE,0,650.8107463245357,0,,,,,,,,,,,,,,,,17.04,17.04,69142.51,69247.86,68962.87,69123.54,,,,,,,,67701.96407482249,69470.97,0.5048472261030501,,,,,,none,True,,,,,,,,,,,,,,no_pattern_at_sr
2026-03-09T15:12:45.951282+00:00,USDJPY-STD,cobra,24433879,H1,HOLD,HOLD,NONE,0,0.25994271627511417,0,,,,,,,,,,,,,,,,0.019,0.019,158.377,158.389,158.227,158.243,,,,,,,,158.04969768352967,158.316,0.23466708694175067,,,,,,none,True,,,,,,,,,,,,,,no_pattern_at_sr
2026-03-09T15:12:45.965776+00:00,EURUSD-STD,cobra,24433879,H1,HOLD,HOLD,NONE,0,0.002467823862045347,0,,,,,,,,,,,,,,,,0.00013,0.00013,1.15724,1.15851,1.15719,1.15801,,,,,,,,1.15743149702375,1.1571699999999998,0.03241722443423314,,,,,,none,True,,,,,,,,,,,,,,no_pattern_at_sr
2026-03-09T15:12:45.993790+00:00,USOUSD-STD,cobra,24433879,H1,HOLD,HOLD,NONE,0,4.332596314176503,0,,,,,,,,,,,,,,,,0.084,0.084,100.542,100.627,97.577,98.237,,,,,,,,93.82391583296662,100.098,0.0944006711776342,,,,,,none,True,,,,,,,,,,,,,,no_pattern_at_sr
2026-03-09T15:13:46.365441+00:00,BTCUSD,cobra,24433879,H1,HOLD,HOLD,NONE,0,650.8107463245357,0,,,,,,,,,,,,,,,,17.1,17.1,69142.51,69247.86,68962.87,69091.09,,,,,,,,67701.96407482249,69470.97,0.5048472261030501,,,,,,none,True,,,,,,,,,,,,,,no_pattern_at_sr
2026-03-09T15:13:46.380360+00:00,USDJPY-STD,cobra,24433879,H1,HOLD,HOLD,NONE,0,0.25994271627511417,0,,,,,,,,,,,,,,,,0.018,0.018,158.377,158.389,158.227,158.243,,,,,,,,158.04969768352967,158.316,0.23466708694175067,,,,,,none,True,,,,,,,,,,,,,,no_pattern_at_sr
2026-03-09T15:13:46.395775+00:00,EURUSD-STD,cobra,24433879,H1,HOLD,HOLD,NONE,0,0.002467823862045347,0,,,,,,,,,,,,,,,,0.00014,0.00014,1.15724,1.15851,1.15719,1.15792,,,,,,,,1.15743149702375,1.1571699999999998,0.03241722443423314,,,,,,none,True,,,,,,,,,,,,,,no_pattern_at_sr
2026-03-09T15:13:46.423135+00:00,USOUSD-STD,cobra,24433879,H1,HOLD,HOLD,NONE,0,4.332596314176503,0,,,,,,,,,,,,,,,,0.084,0.084,100.542,100.627,97.577,98.562,,,,,,,,93.82391583296662,100.098,0.0944006711776342,,,,,,none,True,,,,,,,,,,,,,,no_pattern_at_sr
2026-03-09T15:14:46.844868+00:00,BTCUSD,cobra,24433879,H1,HOLD,HOLD,NONE,0,650.8107463245357,0,,,,,,,,,,,,,,,,16.98,16.98,69142.51,69247.86,68962.87,69093.16,,,,,,,,67701.96407482249,69470.97,0.5048472261030501,,,,,,none,True,,,,,,,,,,,,,,no_pattern_at_sr
2026-03-09T15:14:46.859284+00:00,USDJPY-STD,cobra,24433879,H1,HOLD,HOLD,NONE,0,0.2615141448465421,0,,,,,,,,,,,,,,,,0.018,0.018,158.377,158.389,158.205,158.212,,,,,,,,158.04969768352967,158.316,0.23325698132237616,,,,,,none,True,,,,,,,,,,,,,,no_pattern_at_sr
2026-03-09T15:14:46.873216+00:00,EURUSD-STD,cobra,24433879,H1,HOLD,HOLD,NONE,0,0.002467823862045347,0,,,,,,,,,,,,,,,,0.00013,0.00013,1.15724,1.15851,1.15719,1.15826,,,,,,,,1.15743149702375,1.1571699999999998,0.03241722443423314,,,,,,none,True,,,,,,,,,,,,,,no_pattern_at_sr
2026-03-09T15:14:46.899765+00:00,USOUSD-STD,cobra,24433879,H1,HOLD,HOLD,NONE,0,4.332596314176503,0,,,,,,,,,,,,,,,,0.084,0.084,100.542,100.627,97.577,98.362,,,,,,,,93.82391583296662,100.098,0.0944006711776342,,,,,,none,True,,,,,,,,,,,,,,no_pattern_at_sr
2026-03-09T15:15:47.265295+00:00,BTCUSD,cobra,24433879,H1,HOLD,HOLD,NONE,0,650.8107463245357,0,,,,,,,,,,,,,,,,16.95,16.95,69142.51,69247.86,68962.87,69187.42,,,,,,,,67701.96407482249,69470.97,0.5048472261030501,,,,,,none,True,,,,,,,,,,,,,,no_pattern_at_sr
2026-03-09T15:15:47.280121+00:00,USDJPY-STD,cobra,24433879,H1,HOLD,HOLD,NONE,0,0.2620141448465425,0,,,,,,,,,,,,,,,,0.018,0.018,158.377,158.389,158.198,158.208,,,,,,,,158.04969768352967,158.316,0.2328118584427332,,,,,,none,True,,,,,,,,,,,,,,no_pattern_at_sr
2026-03-09T15:15:47.294649+00:00,EURUSD-STD,cobra,24433879,H1,HOLD,HOLD,NONE,0,0.0024721095763310737,0,,,,,,,,,,,,,,,,0.00014,0.00014,1.15724,1.15857,1.15719,1.15851,,,,,,,,1.15743149702375,1.1571699999999998,0.03236102507996843,,,,,,none,True,,,,,,,,,,,,,,no_pattern_at_sr
2026-03-09T15:15:47.322402+00:00,USOUSD-STD,cobra,24433879,H1,HOLD,HOLD,NONE,0,4.332596314176503,0,,,,,,,,,,,,,,,,0.084,0.084,100.542,100.627,97.577,98.437,,,,,,,,93.82391583296662,100.098,0.0944006711776342,,,,,,none,True,,,,,,,,,,,,,,no_pattern_at_sr
2026-03-09T15:16:47.684327+00:00,BTCUSD,cobra,24433879,H1,HOLD,HOLD,NONE,0,650.8107463245357,0,,,,,,,,,,,,,,,,17.02,17.02,69142.51,69247.86,68962.87,69141.9,,,,,,,,67701.96407482249,69470.97,0.5048472261030501,,,,,,none,True,,,,,,,,,,,,,,no_pattern_at_sr
2026-03-09T15:16:47.699336+00:00,USDJPY-STD,cobra,24433879,H1,HOLD,HOLD,NONE,0,0.2620141448465425,0,,,,,,,,,,,,,,,,0.018,0.018,158.377,158.389,158.198,158.226,,,,,,,,158.04969768352967,158.316,0.2328118584427332,,,,,,none,True,,,,,,,,,,,,,,no_pattern_at_sr
2026-03-09T15:16:47.713855+00:00,EURUSD-STD,cobra,24433879,H1,HOLD,HOLD,NONE,0,0.0024721095763310737,0,,,,,,,,,,,,,,,,0.00014,0.00014,1.15724,1.15857,1.15719,1.15831,,,,,,,,1.15743149702375,1.1571699999999998,0.03236102507996843,,,,,,none,True,,,,,,,,,,,,,,no_pattern_at_sr
2026-03-09T15:16:47.742519+00:00,USOUSD-STD,cobra,24433879,H1,HOLD,HOLD,NONE,0,4.332596314176503,0,,,,,,,,,,,,,,,,0.084,0.084,100.542,100.627,97.577,98.077,,,,,,,,93.82391583296662,100.098,0.0944006711776342,,,,,,none,True,,,,,,,,,,,,,,no_pattern_at_sr
2026-03-09T15:17:48.148945+00:00,BTCUSD,cobra,24433879,H1,HOLD,HOLD,NONE,0,650.8107463245357,0,,,,,,,,,,,,,,,,17.06,17.06,69142.51,69247.86,68962.87,69199.58,,,,,,,,67701.96407482249,69470.97,0.5048472261030501,,,,,,none,True,,,,,,,,,,,,,,no_pattern_at_sr
2026-03-09T15:17:48.163860+00:00,USDJPY-STD,cobra,24433879,H1,HOLD,HOLD,NONE,0,0.2620141448465425,0,,,,,,,,,,,,,,,,0.019,0.019,158.377,158.389,158.198,158.244,,,,,,,,158.04969768352967,158.316,0.2328118584427332,,,,,,none,True,,,,,,,,,,,,,,no_pattern_at_sr
2026-03-09T15:17:48.178114+00:00,EURUSD-STD,cobra,24433879,H1,HOLD,HOLD,NONE,0,0.0024721095763310737,0,,,,,,,,,,,,,,,,0.00014,0.00014,1.15724,1.15857,1.15719,1.15817,,,,,,,,1.15743149702375,1.1571699999999998,0.03236102507996843,,,,,,none,True,,,,,,,,,,,,,,no_pattern_at_sr
2026-03-09T15:17:48.206051+00:00,USOUSD-STD,cobra,24433879,H1,HOLD,HOLD,NONE,0,4.332596314176503,0,,,,,,,,,,,,,,,,0.084,0.084,100.542,100.627,97.577,98.032,,,,,,,,93.82391583296662,100.098,0.0944006711776342,,,,,,none,True,,,,,,,,,,,,,,no_pattern_at_sr
2026-03-09T15:18:48.562999+00:00,BTCUSD,cobra,24433879,H1,HOLD,HOLD,NONE,0,650.8107463245357,0,,,,,,,,,,,,,,,,17.12,17.12,69142.51,69247.86,68962.87,69117.19,,,,,,,,67701.96407482249,69470.97,0.5048472261030501,,,,,,none,True,,,,,,,,,,,,,,no_pattern_at_sr
2026-03-09T15:18:48.577440+00:00,USDJPY-STD,cobra,24433879,H1,HOLD,HOLD,NONE,0,0.2620141448465425,0,,,,,,,,,,,,,,,,0.019,0.019,158.377,158.389,158.198,158.258,,,,,,,,158.04969768352967,158.316,0.2328118584427332,,,,,,none,True,,,,,,,,,,,,,,no_pattern_at_sr
2026-03-09T15:18:48.591894+00:00,EURUSD-STD,cobra,24433879,H1,HOLD,HOLD,NONE,0,0.0024721095763310737,0,,,,,,,,,,,,,,,,0.00013,0.00013,1.15724,1.15857,1.15719,1.15793,,,,,,,,1.15743149702375,1.1571699999999998,0.03236102507996843,,,,,,none,True,,,,,,,,,,,,,,no_pattern_at_sr
2026-03-09T15:18:48.621019+00:00,USOUSD-STD,cobra,24433879,H1,HOLD,HOLD,NONE,0,4.332596314176503,0,,,,,,,,,,,,,,,,0.084,0.084,100.542,100.627,97.577,98.412,,,,,,,,93.82391583296662,100.098,0.0944006711776342,,,,,,none,True,,,,,,,,,,,,,,no_pattern_at_sr
2026-03-09T15:19:48.972026+00:00,BTCUSD,cobra,24433879,H1,HOLD,HOLD,NONE,0,650.8107463245357,0,,,,,,,,,,,,,,,,16.97,16.97,69142.51,69247.86,68962.87,68986.21,,,,,,,,67701.96407482249,69470.97,0.5048472261030501,,,,,,none,True,,,,,,,,,,,,,,no_pattern_at_sr
2026-03-09T15:19:48.986427+00:00,USDJPY-STD,cobra,24433879,H1,HOLD,HOLD,NONE,0,0.2620141448465425,0,,,,,,,,,,,,,,,,0.018,0.018,158.377,158.389,158.198,158.283,,,,,,,,158.04969768352967,158.316,0.2328118584427332,,,,,,none,True,,,,,,,,,,,,,,no_pattern_at_sr
2026-03-09T15:19:49.000644+00:00,EURUSD-STD,cobra,24433879,H1,HOLD,HOLD,NONE,0,0.0024721095763310737,0,,,,,,,,,,,,,,,,0.00014,0.00014,1.15724,1.15857,1.15719,1.15791,,,,,,,,1.15743149702375,1.1571699999999998,0.03236102507996843,,,,,,none,True,,,,,,,,,,,,,,no_pattern_at_sr
2026-03-09T15:19:49.027325+00:00,USOUSD-STD,cobra,24433879,H1,HOLD,HOLD,NONE,0,4.332596314176503,0,,,,,,,,,,,,,,,,0.084,0.084,100.542,100.627,97.577,98.067,,,,,,,,93.82391583296662,100.098,0.0944006711776342,,,,,,none,True,,,,,,,,,,,,,,no_pattern_at_sr
2026-03-09T15:20:49.408113+00:00,BTCUSD,cobra,24433879,H1,HOLD,HOLD,NONE,0,650.8107463245357,0,,,,,,,,,,,,,,,,17.04,17.04,69142.51,69247.86,68962.87,69025.25,,,,,,,,67701.96407482249,69470.97,0.5048472261030501,,,,,,none,True,,,,,,,,,,,,,,no_pattern_at_sr
2026-03-09T15:20:49.422614+00:00,USDJPY-STD,cobra,24433879,H1,HOLD,HOLD,NONE,0,0.2620141448465425,0,,,,,,,,,,,,,,,,0.019,0.019,158.377,158.389,158.198,158.219,,,,,,,,158.04969768352967,158.316,0.2328118584427332,,,,,,none,True,,,,,,,,,,,,,,no_pattern_at_sr
2026-03-09T15:20:49.437501+00:00,EURUSD-STD,cobra,24433879,H1,HOLD,HOLD,NONE,0,0.0024721095763310737,0,,,,,,,,,,,,,,,,0.00013,0.00013,1.15724,1.15857,1.15719,1.15832,,,,,,,,1.15743149702375,1.1571699999999998,0.03236102507996843,,,,,,none,True,,,,,,,,,,,,,,no_pattern_at_sr
2026-03-09T15:20:49.466744+00:00,USOUSD-STD,cobra,24433879,H1,HOLD,HOLD,NONE,0,4.403667742747932,0,,,,,,,,,,,,,,,,0.084,0.084,100.542,100.627,96.582,96.662,,,,,,,,93.82391583296662,100.098,0.09287712513587276,,,,,,none,True,,,,,,,,,,,,,,no_pattern_at_sr
2026-03-09T15:21:49.851332+00:00,BTCUSD,cobra,24433879,H1,HOLD,HOLD,NONE,0,650.8107463245357,0,,,,,,,,,,,,,,,,16.99,16.99,69142.51,69247.86,68962.87,69004.92,,,,,,,,67701.96407482249,69470.97,0.5048472261030501,,,,,,none,True,,,,,,,,,,,,,,no_pattern_at_sr
2026-03-09T15:21:49.866274+00:00,USDJPY-STD,cobra,24433879,H1,HOLD,HOLD,NONE,0,0.26429985913225756,0,,,,,,,,,,,,,,,,0.018,0.018,158.377,158.389,158.166,158.172,,,,,,,,158.04969768352967,158.316,0.2307984582370973,,,,,,none,True,,,,,,,,,,,,,,no_pattern_at_sr
2026-03-09T15:21:49.880755+00:00,EURUSD-STD,cobra,24433879,H1,HOLD,HOLD,NONE,0,0.0024756810049024938,0,,,,,,,,,,,,,,,,0.00013,0.00013,1.15724,1.15862,1.15719,1.15862,,,,,,,,1.15743149702375,1.1571699999999998,0.03231434091939113,,,,,,none,True,,,,,,,,,,,,,,no_pattern_at_sr
2026-03-09T15:21:49.908091+00:00,USOUSD-STD,cobra,24433879,H1,HOLD,HOLD,NONE,0,4.476167742747933,0,,,,,,,,,,,,,,,,0.104,0.104,100.542,100.627,95.567,95.582,,,,,,,,93.82391583296662,100.098,0.09137280448496322,,,,,,none,True,,,,,,,,,,,,,,no_pattern_at_sr
2026-03-09T15:22:50.254428+00:00,BTCUSD,cobra,24433879,H1,HOLD,HOLD,NONE,0,650.8107463245357,0,,,,,,,,,,,,,,,,17.05,17.05,69142.51,69247.86,68962.87,69046.37,,,,,,,,67701.96407482249,69470.97,0.5048472261030501,,,,,,none,True,,,,,,,,,,,,,,no_pattern_at_sr
2026-03-09T15:22:50.269844+00:00,USDJPY-STD,cobra,24433879,H1,HOLD,HOLD,NONE,0,0.2653712877036851,0,,,,,,,,,,,,,,,,0.019,0.019,158.377,158.389,158.151,158.155,,,,,,,,158.04969768352967,158.316,0.22986661642204467,,,,,,none,True,,,,,,,,,,,,,,no_pattern_at_sr
2026-03-09T15:22:50.284553+00:00,EURUSD-STD,cobra,24433879,H1,HOLD,HOLD,NONE,0,0.0024828238620453504,0,,,,,,,,,,,,,,,,0.00013,0.00013,1.15724,1.15872,1.15719,1.15863,,,,,,,,1.15743149702375,1.1571699999999998,0.032221375516415414,,,,,,none,True,,,,,,,,,,,,,,no_pattern_at_sr
2026-03-09T15:22:50.312817+00:00,USOUSD-STD,cobra,24433879,H1,HOLD,HOLD,NONE,0,4.487596314176503,0,,,,,,,,,,,,,,,,0.084,0.084,100.542,100.627,95.407,95.487,,,,,,,,93.82391583296662,100.098,0.09114010516230214,,,,,,none,True,,,,,,,,,,,,,,no_pattern_at_sr
2026-03-09T15:23:50.699310+00:00,BTCUSD,cobra,24433879,H1,HOLD,HOLD,NONE,0,650.8107463245357,0,,,,,,,,,,,,,,,,17.05,17.05,69142.51,69247.86,68962.87,69117.07,,,,,,,,67701.96407482249,69470.97,0.5048472261030501,,,,,,none,True,,,,,,,,,,,,,,no_pattern_at_sr
2026-03-09T15:23:50.714883+00:00,USDJPY-STD,cobra,24433879,H1,HOLD,HOLD,NONE,0,0.2656570019894008,0,,,,,,,,,,,,,,,,0.018,0.018,158.377,158.389,158.147,158.176,,,,,,,,158.04969768352967,158.316,0.22961939472026727,,,,,,none,True,,,,,,,,,,,,,,no_pattern_at_sr
2026-03-09T15:23:50.728636+00:00,EURUSD-STD,cobra,24433879,H1,HOLD,HOLD,NONE,0,0.0024835381477596404,0,,,,,,,,,,,,,,,,0.00014,0.00014,1.15724,1.15873,1.15719,1.15863,,,,,,,,1.15743149702375,1.1571699999999998,0.03221210838748207,,,,,,none,True,,,,,,,,,,,,,,no_pattern_at_sr
2026-03-09T15:23:50.755831+00:00,USOUSD-STD,cobra,24433879,H1,HOLD,HOLD,NONE,0,4.499739171319361,0,,,,,,,,,,,,,,,,0.084,0.084,100.542,100.627,95.237,96.087,,,,,,,,93.82391583296662,100.098,0.09089415728958436,,,,,,none,True,,,,,,,,,,,,,,no_pattern_at_sr
2026-03-09T15:24:51.118026+00:00,BTCUSD,cobra,24433879,H1,HOLD,HOLD,NONE,0,650.8107463245357,0,,,,,,,,,,,,,,,,16.97,16.97,69142.51,69247.86,68962.87,69082.45,,,,,,,,67701.96407482249,69470.97,0.5048472261030501,,,,,,none,True,,,,,,,,,,,,,,no_pattern_at_sr
2026-03-09T15:24:51.133352+00:00,USDJPY-STD,cobra,24433879,H1,HOLD,HOLD,NONE,0,0.2656570019894008,0,,,,,,,,,,,,,,,,0.019,0.019,158.377,158.389,158.147,158.174,,,,,,,,158.04969768352967,158.316,0.22961939472026727,,,,,,none,True,,,,,,,,,,,,,,no_pattern_at_sr
2026-03-09T15:24:51.148487+00:00,EURUSD-STD,cobra,24433879,H1,HOLD,HOLD,NONE,0,0.002489252433473916,0,,,,,,,,,,,,,,,,0.00014,0.00014,1.15724,1.15881,1.15719,1.15862,,,,,,,,1.15743149702375,1.1571699999999998,0.03213816281719357,,,,,,none,True,,,,,,,,,,,,,,no_pattern_at_sr
2026-03-09T15:24:51.176530+00:00,USOUSD-STD,cobra,24433879,H1,HOLD,HOLD,NONE,0,4.499739171319361,0,,,,,,,,,,,,,,,,0.084,0.084,100.542,100.627,95.237,96.202,,,,,,,,93.82391583296662,100.098,0.09089415728958436,,,,,,none,True,,,,,,,,,,,,,,no_pattern_at_sr
2026-03-09T15:25:51.551270+00:00,BTCUSD,cobra,24433879,H1,HOLD,HOLD,NONE,0,650.8107463245357,0,,,,,,,,,,,,,,,,17.04,17.04,69142.51,69247.86,68962.87,69154.71,,,,,,,,67701.96407482249,69470.97,0.5048472261030501,,,,,,none,True,,,,,,,,,,,,,,no_pattern_at_sr
2026-03-09T15:25:51.565306+00:00,USDJPY-STD,cobra,24433879,H1,HOLD,HOLD,NONE,0,0.2656570019894008,0,,,,,,,,,,,,,,,,0.019,0.019,158.377,158.389,158.147,158.182,,,,,,,,158.04969768352967,158.316,0.22961939472026727,,,,,,none,True,,,,,,,,,,,,,,no_pattern_at_sr
2026-03-09T15:25:51.579341+00:00,EURUSD-STD,cobra,24433879,H1,HOLD,HOLD,NONE,0,0.002489252433473916,0,,,,,,,,,,,,,,,,0.00014,0.00014,1.15724,1.15881,1.15719,1.1586400000000001,,,,,,,,1.15743149702375,1.1571699999999998,0.03213816281719357,,,,,,none,True,,,,,,,,,,,,,,no_pattern_at_sr
2026-03-09T15:25:51.606516+00:00,USOUSD-STD,cobra,24433879,H1,HOLD,HOLD,NONE,0,4.499739171319361,0,,,,,,,,,,,,,,,,0.084,0.084,100.542,100.627,95.237,96.447,,,,,,,,93.82391583296662,100.098,0.09089415728958436,,,,,,none,True,,,,,,,,,,,,,,no_pattern_at_sr
2026-03-09T15:26:51.986262+00:00,BTCUSD,cobra,24433879,H1,HOLD,HOLD,NONE,0,650.8107463245357,0,,,,,,,,,,,,,,,,17.11,17.11,69142.51,69247.86,68962.87,69115.62,,,,,,,,67701.96407482249,69470.97,0.5048472261030501,,,,,,none,True,,,,,,,,,,,,,,no_pattern_at_sr
2026-03-09T15:26:52.001090+00:00,USDJPY-STD,cobra,24433879,H1,HOLD,HOLD,NONE,0,0.2656570019894008,0,,,,,,,,,,,,,,,,0.019,0.019,158.377,158.389,158.147,158.18,,,,,,,,158.04969768352967,158.316,0.22961939472026727,,,,,,none,True,,,,,,,,,,,,,,no_pattern_at_sr
2026-03-09T15:26:52.014835+00:00,EURUSD-STD,cobra,24433879,H1,HOLD,HOLD,NONE,0,0.002489252433473916,0,,,,,,,,,,,,,,,,0.00013,0.00013,1.15724,1.15881,1.15719,1.1587,,,,,,,,1.15743149702375,1.1571699999999998,0.03213816281719357,,,,,,none,True,,,,,,,,,,,,,,no_pattern_at_sr
2026-03-09T15:26:52.042883+00:00,USOUSD-STD,cobra,24433879,H1,HOLD,HOLD,NONE,0,4.499739171319361,0,,,,,,,,,,,,,,,,0.084,0.084,100.542,100.627,95.237,96.202,,,,,,,,93.82391583296662,100.098,0.09089415728958436,,,,,,none,True,,,,,,,,,,,,,,no_pattern_at_sr
2026-03-09T15:27:52.477967+00:00,BTCUSD,cobra,24433879,H1,HOLD,HOLD,NONE,0,650.8107463245357,0,,,,,,,,,,,,,,,,17.11,17.11,69142.51,69247.86,68962.87,69076.3,,,,,,,,67701.96407482249,69470.97,0.5048472261030501,,,,,,none,True,,,,,,,,,,,,,,no_pattern_at_sr
2026-03-09T15:27:52.495961+00:00,USDJPY-STD,cobra,24433879,H1,HOLD,HOLD,NONE,0,0.2656570019894008,0,,,,,,,,,,,,,,,,0.018,0.018,158.377,158.389,158.147,158.167,,,,,,,,158.04969768352967,158.316,0.22961939472026727,,,,,,none,True,,,,,,,,,,,,,,no_pattern_at_sr
2026-03-09T15:27:52.513615+00:00,EURUSD-STD,cobra,24433879,H1,HOLD,HOLD,NONE,0,0.002489252433473916,0,,,,,,,,,,,,,,,,0.00014,0.00014,1.15724,1.15881,1.15719,1.15866,,,,,,,,1.15743149702375,1.1571699999999998,0.03213816281719357,,,,,,none,True,,,,,,,,,,,,,,no_pattern_at_sr
2026-03-09T15:27:52.542939+00:00,USOUSD-STD,cobra,24433879,H1,HOLD,HOLD,NONE,0,4.499739171319361,0,,,,,,,,,,,,,,,,0.084,0.084,100.542,100.627,95.237,96.362,,,,,,,,93.82391583296662,100.098,0.09089415728958436,,,,,,none,True,,,,,,,,,,,,,,no_pattern_at_sr
2026-03-09T15:28:52.903508+00:00,BTCUSD,cobra,24433879,H1,HOLD,HOLD,NONE,0,650.8107463245357,0,,,,,,,,,,,,,,,,16.96,16.96,69142.51,69247.86,68962.87,69035.2,,,,,,,,67701.96407482249,69470.97,0.5048472261030501,,,,,,none,True,,,,,,,,,,,,,,no_pattern_at_sr
2026-03-09T15:28:52.918498+00:00,USDJPY-STD,cobra,24433879,H1,HOLD,HOLD,NONE,0,0.2656570019894008,0,,,,,,,,,,,,,,,,0.019,0.019,158.377,158.389,158.147,158.155,,,,,,,,158.04969768352967,158.316,0.22961939472026727,,,,,,none,True,,,,,,,,,,,,,,no_pattern_at_sr
2026-03-09T15:28:52.933141+00:00,EURUSD-STD,cobra,24433879,H1,HOLD,HOLD,NONE,0,0.002489252433473916,0,,,,,,,,,,,,,,,,0.00014,0.00014,1.15724,1.15881,1.15719,1.15863,,,,,,,,1.15743149702375,1.1571699999999998,0.03213816281719357,,,,,,none,True,,,,,,,,,,,,,,no_pattern_at_sr
2026-03-09T15:28:52.962674+00:00,USOUSD-STD,cobra,24433879,H1,HOLD,HOLD,NONE,0,4.499739171319361,0,,,,,,,,,,,,,,,,0.084,0.084,100.542,100.627,95.237,96.187,,,,,,,,93.82391583296662,100.098,0.09089415728958436,,,,,,none,True,,,,,,,,,,,,,,no_pattern_at_sr
2026-03-09T15:29:53.335615+00:00,BTCUSD,cobra,24433879,H1,HOLD,HOLD,NONE,0,650.8107463245357,0,,,,,,,,,,,,,,,,17.06,17.06,69142.51,69247.86,68962.87,69075.38,,,,,,,,67701.96407482249,69470.97,0.5048472261030501,,,,,,none,True,,,,,,,,,,,,,,no_pattern_at_sr
2026-03-09T15:29:53.350014+00:00,USDJPY-STD,cobra,24433879,H1,HOLD,HOLD,NONE,0,0.2675855734179713,0,,,,,,,,,,,,,,,,0.018,0.018,158.377,158.389,158.12,158.132,,,,,,,,158.04969768352967,158.316,0.22796445720459096,,,,,,none,True,,,,,,,,,,,,,,no_pattern_at_sr
2026-03-09T15:29:53.364127+00:00,EURUSD-STD,cobra,24433879,H1,HOLD,HOLD,NONE,0,0.002489252433473916,0,,,,,,,,,,,,,,,,0.00014,0.00014,1.15724,1.15881,1.15719,1.15857,,,,,,,,1.15743149702375,1.1571699999999998,0.03213816281719357,,,,,,none,True,,,,,,,,,,,,,,no_pattern_at_sr
2026-03-09T15:29:53.391367+00:00,USOUSD-STD,cobra,24433879,H1,HOLD,HOLD,NONE,0,4.499739171319361,0,,,,,,,,,,,,,,,,0.084,0.084,100.542,100.627,95.237,95.762,,,,,,,,93.82391583296662,100.098,0.09089415728958436,,,,,,none,True,,,,,,,,,,,,,,no_pattern_at_sr
2026-03-09T15:30:53.772361+00:00,BTCUSD,cobra,24433879,H1,HOLD,HOLD,NONE,0,650.8107463245357,0,,,,,,,,,,,,,,,,17.07,17.07,69142.51,69247.86,68962.87,69077.33,,,,,,,,67701.96407482249,69470.97,0.5048472261030501,,,,,,none,True,,,,,,,,,,,,,,no_pattern_at_sr
2026-03-09T15:30:53.787065+00:00,USDJPY-STD,cobra,24433879,H1,HOLD,HOLD,NONE,0,0.26815700198940057,0,,,,,,,,,,,,,,,,0.02,0.02,158.377,158.389,158.112,158.117,,,,,,,,158.04969768352967,158.316,0.2274786768477453,,,,,,none,True,,,,,,,,,,,,,,no_pattern_at_sr
2026-03-09T15:30:53.801419+00:00,EURUSD-STD,cobra,24433879,H1,HOLD,HOLD,NONE,0,0.002489252433473916,0,,,,,,,,,,,,,,,,0.00013,0.00013,1.15724,1.15881,1.15719,1.15852,,,,,,,,1.15743149702375,1.1571699999999998,0.03213816281719357,,,,,,none,True,,,,,,,,,,,,,,no_pattern_at_sr
2026-03-09T15:30:53.829434+00:00,USOUSD-STD,cobra,24433879,H1,HOLD,HOLD,NONE,0,4.499739171319361,0,,,,,,,,,,,,,,,,0.084,0.084,100.542,100.627,95.237,95.742,,,,,,,,93.82391583296662,100.098,0.09089415728958436,,,,,,none,True,,,,,,,,,,,,,,no_pattern_at_sr
2026-03-09T15:31:54.217680+00:00,BTCUSD,cobra,24433879,H1,HOLD,HOLD,NONE,0,650.8107463245357,0,,,,,,,,,,,,,,,,16.98,16.98,69142.51,69247.86,68962.87,69128.59,,,,,,,,67701.96407482249,69470.97,0.5048472261030501,,,,,,none,True,,,,,,,,,,,,,,no_pattern_at_sr
2026-03-09T15:31:54.232069+00:00,USDJPY-STD,cobra,24433879,H1,HOLD,HOLD,NONE,0,0.2687998591322567,0,,,,,,,,,,,,,,,,0.018,0.018,158.377,158.389,158.103,158.106,,,,,,,,158.04969768352967,158.316,0.22693464273726954,,,,,,none,True,,,,,,,,,,,,,,no_pattern_at_sr
2026-03-09T15:31:54.246053+00:00,EURUSD-STD,cobra,24433879,H1,HOLD,HOLD,NONE,0,0.002489252433473916,0,,,,,,,,,,,,,,,,0.00014,0.00014,1.15724,1.15881,1.15719,1.15861,,,,,,,,1.15743149702375,1.1571699999999998,0.03213816281719357,,,,,,none,True,,,,,,,,,,,,,,no_pattern_at_sr
2026-03-09T15:31:54.273906+00:00,USOUSD-STD,cobra,24433879,H1,HOLD,HOLD,NONE,0,4.540810599890789,0,,,,,,,,,,,,,,,,0.084,0.084,100.542,100.627,94.662,94.787,,,,,,,,93.82391583296662,100.098,0.09007202370648158,,,,,,none,True,,,,,,,,,,,,,,no_pattern_at_sr
2026-03-09T15:32:54.642898+00:00,BTCUSD,cobra,24433879,H1,HOLD,HOLD,NONE,0,650.8107463245357,0,,,,,,,,,,,,,,,,17.06,17.06,69142.51,69247.86,68962.87,69046.15,,,,,,,,67701.96407482249,69470.97,0.5048472261030501,,,,,,none,True,,,,,,,,,,,,,,no_pattern_at_sr
2026-03-09T15:32:54.658103+00:00,USDJPY-STD,cobra,24433879,H1,HOLD,HOLD,NONE,0,0.2687998591322567,0,,,,,,,,,,,,,,,,0.019,0.019,158.377,158.389,158.103,158.119,,,,,,,,158.04969768352967,158.316,0.22693464273726954,,,,,,none,True,,,,,,,,,,,,,,no_pattern_at_sr
2026-03-09T15:32:54.672955+00:00,EURUSD-STD,cobra,24433879,H1,HOLD,HOLD,NONE,0,0.002489252433473916,0,,,,,,,,,,,,,,,,0.00013,0.00013,1.15724,1.15881,1.15719,1.15853,,,,,,,,1.15743149702375,1.1571699999999998,0.03213816281719357,,,,,,none,True,,,,,,,,,,,,,,no_pattern_at_sr
2026-03-09T15:32:54.700880+00:00,USOUSD-STD,cobra,24433879,H1,HOLD,HOLD,NONE,0,4.540810599890789,0,,,,,,,,,,,,,,,,0.084,0.084,100.542,100.627,94.662,95.597,,,,,,,,93.82391583296662,100.098,0.09007202370648158,,,,,,none,True,,,,,,,,,,,,,,no_pattern_at_sr
2026-03-09T15:33:55.164877+00:00,BTCUSD,cobra,24433879,H1,HOLD,HOLD,NONE,0,657.1243177531071,0,,,,,,,,,,,,,,,,17.09,17.09,69142.51,69247.86,68874.48,68898.74,,,,,,,,67701.96407482249,69470.97,0.49999671466038076,,,,,,none,True,,,,,,,,,,,,,,no_pattern_at_sr
2026-03-09T15:33:55.179180+00:00,USDJPY-STD,cobra,24433879,H1,HOLD,HOLD,NONE,0,0.2687998591322567,0,,,,,,,,,,,,,,,,0.028,0.028,158.377,158.389,158.103,158.11,,,,,,,,158.04969768352967,158.316,0.22693464273726954,,,,,,none,True,,,,,,,,,,,,,,no_pattern_at_sr
2026-03-09T15:33:55.192863+00:00,EURUSD-STD,cobra,24433879,H1,HOLD,HOLD,NONE,0,0.002489252433473916,0,,,,,,,,,,,,,,,,0.00013,0.00013,1.15724,1.15881,1.15719,1.15849,,,,,,,,1.15743149702375,1.1571699999999998,0.03213816281719357,,,,,,none,True,,,,,,,,,,,,,,no_pattern_at_sr
2026-03-09T15:33:55.220096+00:00,USOUSD-STD,cobra,24433879,H1,HOLD,HOLD,NONE,0,4.540810599890789,0,,,,,,,,,,,,,,,,0.104,0.104,100.542,100.627,94.662,95.827,,,,,,,,93.82391583296662,100.098,0.09007202370648158,,,,,,none,True,,,,,,,,,,,,,,no_pattern_at_sr
2026-03-09T15:34:55.588088+00:00,BTCUSD,cobra,24433879,H1,HOLD,HOLD,NONE,0,661.6021748959644,0,,,,,,,,,,,,,,,,17.1,17.1,69142.51,69247.86,68811.79,68889.74,,,,,,,,67701.96407482249,69470.97,0.49661263591169885,,,,,,none,True,,,,,,,,,,,,,,no_pattern_at_sr
2026-03-09T15:34:55.603134+00:00,USDJPY-STD,cobra,24433879,H1,HOLD,HOLD,NONE,0,0.26901414484654346,0,,,,,,,,,,,,,,,,0.02,0.02,158.377,158.389,158.1,158.105,,,,,,,,158.04969768352967,158.5265,0.5557328596430122,,,,,,none,True,,,,,,,,,,,,,,no_pattern_at_sr
2026-03-09T15:34:55.617762+00:00,EURUSD-STD,cobra,24433879,H1,HOLD,HOLD,NONE,0,0.002489252433473916,0,,,,,,,,,,,,,,,,0.00014,0.00014,1.15724,1.15881,1.15719,1.15846,,,,,,,,1.15743149702375,1.1571699999999998,0.03213816281719357,,,,,,none,True,,,,,,,,,,,,,,no_pattern_at_sr
2026-03-09T15:34:55.645596+00:00,USOUSD-STD,cobra,24433879,H1,HOLD,HOLD,NONE,0,4.540810599890789,0,,,,,,,,,,,,,,,,0.084,0.084,100.542,100.627,94.662,96.132,,,,,,,,93.82391583296662,100.098,0.09007202370648158,,,,,,none,True,,,,,,,,,,,,,,no_pattern_at_sr
2026-03-09T15:35:56.011554+00:00,BTCUSD,cobra,24433879,H1,HOLD,HOLD,NONE,0,664.72146061025,0,,,,,,,,,,,,,,,,17.09,17.09,69142.51,69247.86,68768.12,68813.94,,,,,,,,67701.96407482249,69470.97,0.49428222115525194,,,,,,none,True,,,,,,,,,,,,,,no_pattern_at_sr
2026-03-09T15:35:56.027508+00:00,USDJPY-STD,cobra,24433879,H1,HOLD,HOLD,NONE,0,0.26908557341797235,0,,,,,,,,,,,,,,,,0.019,0.019,158.377,158.389,158.099,158.12,,,,,,,,158.04969768352967,158.5265,0.5555853407561534,,,,,,none,True,,,,,,,,,,,,,,no_pattern_at_sr
2026-03-09T15:35:56.041794+00:00,EURUSD-STD,cobra,24433879,H1,HOLD,HOLD,NONE,0,0.002489252433473916,0,,,,,,,,,,,,,,,,0.00014,0.00014,1.15724,1.15881,1.15719,1.15831,,,,,,,,1.15743149702375,1.1571699999999998,0.03213816281719357,,,,,,none,True,,,,,,,,,,,,,,no_pattern_at_sr
2026-03-09T15:35:56.069673+00:00,USOUSD-STD,cobra,24433879,H1,HOLD,HOLD,NONE,0,4.540810599890789,0,,,,,,,,,,,,,,,,0.084,0.084,100.542,100.627,94.662,96.792,,,,,,,,93.82391583296662,100.098,0.09007202370648158,,,,,,none,True,,,,,,,,,,,,,,no_pattern_at_sr
2026-03-09T15:36:56.418849+00:00,BTCUSD,cobra,24433879,H1,HOLD,HOLD,NONE,0,664.7421748959638,0,,,,,,,,,,,,,,,,17.01,17.01,69142.51,69247.86,68767.83,68785.19,,,,,,,,67701.96407482249,69470.97,0.49426681863749555,,,,,,none,True,,,,,,,,,,,,,,no_pattern_at_sr
2026-03-09T15:36:56.433345+00:00,USDJPY-STD,cobra,24433879,H1,HOLD,HOLD,NONE,0,0.26937128770368596,0,,,,,,,,,,,,,,,,0.019,0.019,158.377,158.389,158.095,158.117,,,,,,,,158.04969768352967,158.5265,0.5549960475536733,,,,,,none,True,,,,,,,,,,,,,,no_pattern_at_sr
2026-03-09T15:36:56.448673+00:00,EURUSD-STD,cobra,24433879,H1,HOLD,HOLD,NONE,0,0.002489252433473916,0,,,,,,,,,,,,,,,,0.00013,0.00013,1.15724,1.15881,1.15719,1.15833,,,,,,,,1.15743149702375,1.1571699999999998,0.03213816281719357,,,,,,none,True,,,,,,,,,,,,,,no_pattern_at_sr
2026-03-09T15:36:56.477120+00:00,USOUSD-STD,cobra,24433879,H1,HOLD,HOLD,NONE,0,4.540810599890789,0,,,,,,,,,,,,,,,,0.084,0.084,100.542,100.627,94.662,96.617,,,,,,,,93.82391583296662,100.098,0.09007202370648158,,,,,,none,True,,,,,,,,,,,,,,no_pattern_at_sr
2026-03-09T15:37:56.836702+00:00,BTCUSD,cobra,24433879,H1,HOLD,HOLD,NONE,0,664.7421748959638,0,,,,,,,,,,,,,,,,17.01,17.01,69142.51,69247.86,68767.83,68811.24,,,,,,,,67701.96407482249,69470.97,0.49426681863749555,,,,,,none,True,,,,,,,,,,,,,,no_pattern_at_sr
2026-03-09T15:37:56.858382+00:00,USDJPY-STD,cobra,24433879,H1,HOLD,HOLD,NONE,0,0.26937128770368596,0,,,,,,,,,,,,,,,,0.019,0.019,158.377,158.389,158.095,158.118,,,,,,,,158.04969768352967,158.5265,0.5549960475536733,,,,,,none,True,,,,,,,,,,,,,,no_pattern_at_sr
2026-03-09T15:37:56.873564+00:00,EURUSD-STD,cobra,24433879,H1,HOLD,HOLD,NONE,0,0.002489252433473916,0,,,,,,,,,,,,,,,,0.00014,0.00014,1.15724,1.15881,1.15719,1.1583700000000001,,,,,,,,1.15743149702375,1.1571699999999998,0.03213816281719357,,,,,,none,True,,,,,,,,,,,,,,no_pattern_at_sr
2026-03-09T15:37:56.900576+00:00,USOUSD-STD,cobra,24433879,H1,HOLD,HOLD,NONE,0,4.540810599890789,0,,,,,,,,,,,,,,,,0.084,0.084,100.542,100.627,94.662,96.412,,,,,,,,93.82391583296662,100.098,0.09007202370648158,,,,,,none,True,,,,,,,,,,,,,,no_pattern_at_sr
2026-03-09T15:38:57.278905+00:00,BTCUSD,cobra,24433879,H1,HOLD,HOLD,NONE,0,664.7421748959638,0,,,,,,,,,,,,,,,,17.09,17.09,69142.51,69247.86,68767.83,68875.11,,,,,,,,67701.96407482249,69470.97,0.49426681863749555,,,,,,none,True,,,,,,,,,,,,,,no_pattern_at_sr
2026-03-09T15:38:57.293114+00:00,USDJPY-STD,cobra,24433879,H1,HOLD,HOLD,NONE,0,0.26937128770368596,0,,,,,,,,,,,,,,,,0.019,0.019,158.377,158.389,158.095,158.118,,,,,,,,158.04969768352967,158.5265,0.5549960475536733,,,,,,none,True,,,,,,,,,,,,,,no_pattern_at_sr
2026-03-09T15:38:57.307536+00:00,EURUSD-STD,cobra,24433879,H1,HOLD,HOLD,NONE,0,0.002489252433473916,0,,,,,,,,,,,,,,,,0.00014,0.00014,1.15724,1.15881,1.15719,1.15853,,,,,,,,1.15743149702375,1.1571699999999998,0.03213816281719357,,,,,,none,True,,,,,,,,,,,,,,no_pattern_at_sr
2026-03-09T15:38:57.336454+00:00,USOUSD-STD,cobra,24433879,H1,HOLD,HOLD,NONE,0,4.540810599890789,0,,,,,,,,,,,,,,,,0.084,0.084,100.542,100.627,94.662,96.047,,,,,,,,93.82391583296662,100.098,0.09007202370648158,,,,,,none,True,,,,,,,,,,,,,,no_pattern_at_sr
2026-03-09T15:39:57.713709+00:00,BTCUSD,cobra,24433879,H1,HOLD,HOLD,NONE,0,666.2707463245359,0,,,,,,,,,,,,,,,,17.08,17.08,69142.51,69247.86,68746.43,68792.61,,,,,,,,67701.96407482249,69470.97,0.4931328619971532,,,,,,none,True,,,,,,,,,,,,,,no_pattern_at_sr
2026-03-09T15:39:57.728175+00:00,USDJPY-STD,cobra,24433879,H1,HOLD,HOLD,NONE,0,0.26937128770368596,0,,,,,,,,,,,,,,,,0.019,0.019,158.377,158.389,158.095,158.107,,,,,,,,158.04969768352967,158.5265,0.5549960475536733,,,,,,none,True,,,,,,,,,,,,,,no_pattern_at_sr
2026-03-09T15:39:57.743781+00:00,EURUSD-STD,cobra,24433879,H1,HOLD,HOLD,NONE,0,0.002489252433473916,0,,,,,,,,,,,,,,,,0.00014,0.00014,1.15724,1.15881,1.15719,1.15856,,,,,,,,1.15743149702375,1.1571699999999998,0.03213816281719357,,,,,,none,True,,,,,,,,,,,,,,no_pattern_at_sr
2026-03-09T15:39:57.770632+00:00,USOUSD-STD,cobra,24433879,H1,HOLD,HOLD,NONE,0,4.540810599890789,0,,,,,,,,,,,,,,,,0.084,0.084,100.542,100.627,94.662,96.287,,,,,,,,93.82391583296662,100.098,0.09007202370648158,,,,,,none,True,,,,,,,,,,,,,,no_pattern_at_sr
2026-03-09T15:40:58.145154+00:00,BTCUSD,cobra,24433879,H1,HOLD,HOLD,NONE,0,666.2707463245359,0,,,,,,,,,,,,,,,,17.07,17.07,69142.51,69247.86,68746.43,68791.56,,,,,,,,67701.96407482249,69470.97,0.4931328619971532,,,,,,none,True,,,,,,,,,,,,,,no_pattern_at_sr
2026-03-09T15:40:58.160805+00:00,USDJPY-STD,cobra,24433879,H1,HOLD,HOLD,NONE,0,0.27022843056082885,0,,,,,,,,,,,,,,,,0.019,0.019,158.377,158.389,158.083,158.095,,,,,,,,158.04969768352967,158.5265,0.5532356447088804,,,,,,none,True,,,,,,,,,,,,,,no_pattern_at_sr
2026-03-09T15:40:58.175142+00:00,EURUSD-STD,cobra,24433879,H1,HOLD,HOLD,NONE,0,0.002489252433473916,0,,,,,,,,,,,,,,,,0.00013,0.00013,1.15724,1.15881,1.15719,1.15861,,,,,,,,1.15743149702375,1.1571699999999998,0.03213816281719357,,,,,,none,True,,,,,,,,,,,,,,no_pattern_at_sr
2026-03-09T15:40:58.202381+00:00,USOUSD-STD,cobra,24433879,H1,HOLD,HOLD,NONE,0,4.540810599890789,0,,,,,,,,,,,,,,,,0.084,0.084,100.542,100.627,94.662,96.032,,,,,,,,93.82391583296662,100.098,0.09007202370648158,,,,,,none,True,,,,,,,,,,,,,,no_pattern_at_sr
2026-03-09T15:41:58.572366+00:00,BTCUSD,cobra,24433879,H1,HOLD,HOLD,NONE,0,666.2707463245359,0,,,,,,,,,,,,,,,,16.95,16.95,69142.51,69247.86,68746.43,68817.76,,,,,,,,67701.96407482249,69470.97,0.4931328619971532,,,,,,none,True,,,,,,,,,,,,,,no_pattern_at_sr
2026-03-09T15:41:58.587073+00:00,USDJPY-STD,cobra,24433879,H1,HOLD,HOLD,NONE,0,0.27022843056082885,0,,,,,,,,,,,,,,,,0.019,0.019,158.377,158.389,158.083,158.093,,,,,,,,158.04969768352967,158.5265,0.5532356447088804,,,,,,none,True,,,,,,,,,,,,,,no_pattern_at_sr
2026-03-09T15:41:58.601066+00:00,EURUSD-STD,cobra,24433879,H1,HOLD,HOLD,NONE,0,0.002489252433473916,0,,,,,,,,,,,,,,,,0.00014,0.00014,1.15724,1.15881,1.15719,1.15878,,,,,,,,1.15743149702375,1.1571699999999998,0.03213816281719357,,,,,,none,True,,,,,,,,,,,,,,no_pattern_at_sr
2026-03-09T15:41:58.628564+00:00,USOUSD-STD,cobra,24433879,H1,HOLD,HOLD,NONE,0,4.540810599890789,0,,,,,,,,,,,,,,,,0.084,0.084,100.542,100.627,94.662,96.482,,,,,,,,93.82391583296662,100.098,0.09007202370648158,,,,,,none,True,,,,,,,,,,,,,,no_pattern_at_sr
2026-03-09T15:42:58.978062+00:00,BTCUSD,cobra,24433879,H1,HOLD,HOLD,NONE,0,666.2707463245359,0,,,,,,,,,,,,,,,,16.96,16.96,69142.51,69247.86,68746.43,68757.08,,,,,,,,67701.96407482249,69470.97,0.4931328619971532,,,,,,none,True,,,,,,,,,,,,,,no_pattern_at_sr
2026-03-09T15:42:58.993071+00:00,USDJPY-STD,cobra,24433879,H1,HOLD,HOLD,NONE,0,0.27022843056082885,0,,,,,,,,,,,,,,,,0.018,0.018,158.377,158.389,158.083,158.108,,,,,,,,158.04969768352967,158.5265,0.5532356447088804,,,,,,none,True,,,,,,,,,,,,,,no_pattern_at_sr
2026-03-09T15:42:59.008253+00:00,EURUSD-STD,cobra,24433879,H1,HOLD,HOLD,NONE,0,0.0024913952906167876,0,,,,,,,,,,,,,,,,0.00013,0.00013,1.15724,1.15884,1.15719,1.15877,,,,,,,,1.15743149702375,1.1571699999999998,0.03211052067946819,,,,,,none,True,,,,,,,,,,,,,,no_pattern_at_sr
2026-03-09T15:42:59.036317+00:00,USOUSD-STD,cobra,24433879,H1,HOLD,HOLD,NONE,0,4.540810599890789,0,,,,,,,,,,,,,,,,0.084,0.084,100.542,100.627,94.662,96.792,,,,,,,,93.82391583296662,100.098,0.09007202370648158,,,,,,none,True,,,,,,,,,,,,,,no_pattern_at_sr
2026-03-09T15:43:59.394304+00:00,BTCUSD,cobra,24433879,H1,HOLD,HOLD,NONE,0,667.1557463245358,0,,,,,,,,,,,,,,,,17.01,17.01,69142.51,69247.86,68734.04,68740.29,,,,,,,,67701.96407482249,69470.97,0.49247870802295496,,,,,,none,True,,,,,,,,,,,,,,no_pattern_at_sr
2026-03-09T15:43:59.409165+00:00,USDJPY-STD,cobra,24433879,H1,HOLD,HOLD,NONE,0,0.27022843056082885,0,,,,,,,,,,,,,,,,0.018,0.018,158.377,158.389,158.083,158.12,,,,,,,,158.04969768352967,158.5265,0.5532356447088804,,,,,,none,True,,,,,,,,,,,,,,no_pattern_at_sr
2026-03-09T15:43:59.424228+00:00,EURUSD-STD,cobra,24433879,H1,HOLD,HOLD,NONE,0,0.0024913952906167876,0,,,,,,,,,,,,,,,,0.00014,0.00014,1.15724,1.15884,1.15719,1.15861,,,,,,,,1.15743149702375,1.1571699999999998,0.03211052067946819,,,,,,none,True,,,,,,,,,,,,,,no_pattern_at_sr
2026-03-09T15:43:59.452854+00:00,USOUSD-STD,cobra,24433879,H1,HOLD,HOLD,NONE,0,4.540810599890789,0,,,,,,,,,,,,,,,,0.084,0.084,100.542,100.627,94.662,96.867,,,,,,,,93.82391583296662,100.098,0.09007202370648158,,,,,,none,True,,,,,,,,,,,,,,no_pattern_at_sr
2026-03-09T15:44:59.812241+00:00,BTCUSD,cobra,24433879,H1,HOLD,HOLD,NONE,0,667.1557463245358,0,,,,,,,,,,,,,,,,17.11,17.11,69142.51,69247.86,68734.04,68750.12,,,,,,,,67701.96407482249,69470.97,0.49247870802295496,,,,,,none,True,,,,,,,,,,,,,,no_pattern_at_sr
2026-03-09T15:44:59.827656+00:00,USDJPY-STD,cobra,24433879,H1,HOLD,HOLD,NONE,0,0.27022843056082885,0,,,,,,,,,,,,,,,,0.019,0.019,158.377,158.389,158.083,158.115,,,,,,,,158.04969768352967,158.5265,0.5532356447088804,,,,,,none,True,,,,,,,,,,,,,,no_pattern_at_sr
2026-03-09T15:44:59.842392+00:00,EURUSD-STD,cobra,24433879,H1,HOLD,HOLD,NONE,0,0.0024913952906167876,0,,,,,,,,,,,,,,,,0.00014,0.00014,1.15724,1.15884,1.15719,1.15861,,,,,,,,1.15743149702375,1.1571699999999998,0.03211052067946819,,,,,,none,True,,,,,,,,,,,,,,no_pattern_at_sr
2026-03-09T15:44:59.869357+00:00,USOUSD-STD,cobra,24433879,H1,HOLD,HOLD,NONE,0,4.540810599890789,0,,,,,,,,,,,,,,,,0.084,0.084,100.542,100.627,94.662,96.852,,,,,,,,93.82391583296662,100.098,0.09007202370648158,,,,,,none,True,,,,,,,,,,,,,,no_pattern_at_sr
2026-03-09T15:46:00.227435+00:00,BTCUSD,cobra,24433879,H1,HOLD,HOLD,NONE,0,668.0064606102493,0,,,,,,,,,,,,,,,,16.96,16.96,69142.51,69247.86,68722.13,68829.18,,,,,,,,67701.96407482249,69470.97,0.4918515304475433,,,,,,none,True,,,,,,,,,,,,,,no_pattern_at_sr
2026-03-09T15:46:00.242153+00:00,USDJPY-STD,cobra,24433879,H1,HOLD,HOLD,NONE,0,0.27022843056082885,0,,,,,,,,,,,,,,,,0.018,0.018,158.377,158.389,158.083,158.107,,,,,,,,158.04969768352967,158.5265,0.5532356447088804,,,,,,none,True,,,,,,,,,,,,,,no_pattern_at_sr
2026-03-09T15:46:00.257442+00:00,EURUSD-STD,cobra,24433879,H1,HOLD,HOLD,NONE,0,0.0024949667191882076,0,,,,,,,,,,,,,,,,0.00014,0.00014,1.15724,1.15889,1.15719,1.15872,,,,,,,,1.15743149702375,1.1571699999999998,0.03206455596574441,,,,,,none,True,,,,,,,,,,,,,,no_pattern_at_sr
2026-03-09T15:46:00.286907+00:00,USOUSD-STD,cobra,24433879,H1,HOLD,HOLD,NONE,0,4.540810599890789,0,,,,,,,,,,,,,,,,0.084,0.084,100.542,100.627,94.662,96.862,,,,,,,,93.82391583296662,100.098,0.09007202370648158,,,,,,none,True,,,,,,,,,,,,,,no_pattern_at_sr
2026-03-09T15:47:00.670947+00:00,BTCUSD,cobra,24433879,H1,HOLD,HOLD,NONE,0,668.0064606102493,0,,,,,,,,,,,,,,,,17.0,17.0,69142.51,69247.86,68722.13,68854.3,,,,,,,,67701.96407482249,69470.97,0.4918515304475433,,,,,,none,True,,,,,,,,,,,,,,no_pattern_at_sr
2026-03-09T15:47:00.686802+00:00,USDJPY-STD,cobra,24433879,H1,HOLD,HOLD,NONE,0,0.27022843056082885,0,,,,,,,,,,,,,,,,0.019,0.019,158.377,158.389,158.083,158.085,,,,,,,,158.04969768352967,158.5265,0.5532356447088804,,,,,,none,True,,,,,,,,,,,,,,no_pattern_at_sr
2026-03-09T15:47:00.702750+00:00,EURUSD-STD,cobra,24433879,H1,HOLD,HOLD,NONE,0,0.002497109576331063,0,,,,,,,,,,,,,,,,0.00013,0.00013,1.15724,1.15892,1.15719,1.15872,,,,,,,,1.15743149702375,1.1571699999999998,0.03203704024779797,,,,,,none,True,,,,,,,,,,,,,,no_pattern_at_sr
2026-03-09T15:47:00.729262+00:00,USOUSD-STD,cobra,24433879,H1,HOLD,HOLD,NONE,0,4.540810599890789,0,,,,,,,,,,,,,,,,0.084,0.084,100.542,100.627,94.662,96.587,,,,,,,,93.82391583296662,100.098,0.09007202370648158,,,,,,none,True,,,,,,,,,,,,,,no_pattern_at_sr
2026-03-09T15:48:01.123596+00:00,BTCUSD,cobra,24433879,H1,HOLD,HOLD,NONE,0,668.0064606102493,0,,,,,,,,,,,,,,,,17.11,17.11,69142.51,69247.86,68722.13,68836.49,,,,,,,,67701.96407482249,69470.97,0.4918515304475433,,,,,,none,True,,,,,,,,,,,,,,no_pattern_at_sr
2026-03-09T15:48:01.138732+00:00,USDJPY-STD,cobra,24433879,H1,HOLD,HOLD,NONE,0,0.27022843056082885,0,,,,,,,,,,,,,,,,0.02,0.02,158.377,158.389,158.083,158.091,,,,,,,,158.04969768352967,158.5265,0.5532356447088804,,,,,,none,True,,,,,,,,,,,,,,no_pattern_at_sr
2026-03-09T15:48:01.153737+00:00,EURUSD-STD,cobra,24433879,H1,HOLD,HOLD,NONE,0,0.002497109576331063,0,,,,,,,,,,,,,,,,0.00014,0.00014,1.15724,1.15892,1.15719,1.15865,,,,,,,,1.15743149702375,1.1571699999999998,0.03203704024779797,,,,,,none,True,,,,,,,,,,,,,,no_pattern_at_sr
2026-03-09T15:48:01.180903+00:00,USOUSD-STD,cobra,24433879,H1,HOLD,HOLD,NONE,0,4.540810599890789,0,,,,,,,,,,,,,,,,0.084,0.084,100.542,100.627,94.662,96.682,,,,,,,,93.82391583296662,100.098,0.09007202370648158,,,,,,none,True,,,,,,,,,,,,,,no_pattern_at_sr
2026-03-09T15:49:01.549550+00:00,BTCUSD,cobra,24433879,H1,HOLD,HOLD,NONE,0,668.0064606102493,0,,,,,,,,,,,,,,,,17.05,17.05,69142.51,69247.86,68722.13,68827.99,,,,,,,,67701.96407482249,69470.97,0.4918515304475433,,,,,,none,True,,,,,,,,,,,,,,no_pattern_at_sr
2026-03-09T15:49:01.564012+00:00,USDJPY-STD,cobra,24433879,H1,HOLD,HOLD,NONE,0,0.27022843056082885,0,,,,,,,,,,,,,,,,0.018,0.018,158.377,158.389,158.083,158.101,,,,,,,,158.04969768352967,158.5265,0.5532356447088804,,,,,,none,True,,,,,,,,,,,,,,no_pattern_at_sr
2026-03-09T15:49:01.578129+00:00,EURUSD-STD,cobra,24433879,H1,HOLD,HOLD,NONE,0,0.002497109576331063,0,,,,,,,,,,,,,,,,0.00013,0.00013,1.15724,1.15892,1.15719,1.15852,,,,,,,,1.15743149702375,1.1571699999999998,0.03203704024779797,,,,,,none,True,,,,,,,,,,,,,,no_pattern_at_sr
2026-03-09T15:49:01.606190+00:00,USOUSD-STD,cobra,24433879,H1,HOLD,HOLD,NONE,0,4.540810599890789,0,,,,,,,,,,,,,,,,0.084,0.084,100.542,100.627,94.662,96.552,,,,,,,,93.82391583296662,100.098,0.09007202370648158,,,,,,none,True,,,,,,,,,,,,,,no_pattern_at_sr
2026-03-09T15:50:01.982731+00:00,BTCUSD,cobra,24433879,H1,HOLD,HOLD,NONE,0,668.0064606102493,0,,,,,,,,,,,,,,,,17.08,17.08,69142.51,69247.86,68722.13,68846.02,,,,,,,,67701.96407482249,69470.97,0.4918515304475433,,,,,,none,True,,,,,,,,,,,,,,no_pattern_at_sr
2026-03-09T15:50:01.996911+00:00,USDJPY-STD,cobra,24433879,H1,HOLD,HOLD,NONE,0,0.2711570019894007,0,,,,,,,,,,,,,,,,0.019,0.019,158.377,158.389,158.07,158.078,,,,,,,,158.04969768352967,158.5265,0.5513411009236373,,,,,,none,True,,,,,,,,,,,,,,no_pattern_at_sr
2026-03-09T15:50:02.011315+00:00,EURUSD-STD,cobra,24433879,H1,HOLD,HOLD,NONE,0,0.002497109576331063,0,,,,,,,,,,,,,,,,0.00013,0.00013,1.15724,1.15892,1.15719,1.15862,,,,,,,,1.15743149702375,1.1571699999999998,0.03203704024779797,,,,,,none,True,,,,,,,,,,,,,,no_pattern_at_sr
2026-03-09T15:50:02.038050+00:00,USOUSD-STD,cobra,24433879,H1,HOLD,HOLD,NONE,0,4.540810599890789,0,,,,,,,,,,,,,,,,0.084,0.084,100.542,100.627,94.662,96.137,,,,,,,,93.82391583296662,100.098,0.09007202370648158,,,,,,none,True,,,,,,,,,,,,,,no_pattern_at_sr
2026-03-09T15:51:02.448828+00:00,BTCUSD,cobra,24433879,H1,HOLD,HOLD,NONE,0,668.0064606102493,0,,,,,,,,,,,,,,,,17.01,17.01,69142.51,69247.86,68722.13,68802.47,,,,,,,,67701.96407482249,69470.97,0.4918515304475433,,,,,,none,True,,,,,,,,,,,,,,no_pattern_at_sr
2026-03-09T15:51:02.463796+00:00,USDJPY-STD,cobra,24433879,H1,HOLD,HOLD,NONE,0,0.2711570019894007,0,,,,,,,,,,,,,,,,0.018,0.018,158.377,158.389,158.07,158.079,,,,,,,,158.04969768352967,158.5265,0.5513411009236373,,,,,,none,True,,,,,,,,,,,,,,no_pattern_at_sr
2026-03-09T15:51:02.478765+00:00,EURUSD-STD,cobra,24433879,H1,HOLD,HOLD,NONE,0,0.002497109576331063,0,,,,,,,,,,,,,,,,0.00014,0.00014,1.15724,1.15892,1.15719,1.15854,,,,,,,,1.15743149702375,1.1571699999999998,0.03203704024779797,,,,,,none,True,,,,,,,,,,,,,,no_pattern_at_sr
2026-03-09T15:51:02.507412+00:00,USOUSD-STD,cobra,24433879,H1,HOLD,HOLD,NONE,0,4.540810599890789,0,,,,,,,,,,,,,,,,0.084,0.084,100.542,100.627,94.662,96.422,,,,,,,,93.82391583296662,100.098,0.09007202370648158,,,,,,none,True,,,,,,,,,,,,,,no_pattern_at_sr
2026-03-09T15:52:02.889057+00:00,BTCUSD,cobra,24433879,H1,HOLD,HOLD,NONE,0,668.0064606102493,0,,,,,,,,,,,,,,,,16.96,16.96,69142.51,69247.86,68722.13,68860.03,,,,,,,,67701.96407482249,69470.97,0.4918515304475433,,,,,,none,True,,,,,,,,,,,,,,no_pattern_at_sr
2026-03-09T15:52:02.903027+00:00,USDJPY-STD,cobra,24433879,H1,HOLD,HOLD,NONE,0,0.27201414484654357,0,,,,,,,,,,,,,,,,0.018,0.018,158.377,158.389,158.058,158.064,,,,,,,,158.04969768352967,158.5265,0.5496037718344733,,,,,,none,True,,,,,,,,,,,,,,no_pattern_at_sr
2026-03-09T15:52:02.917532+00:00,EURUSD-STD,cobra,24433879,H1,HOLD,HOLD,NONE,0,0.002497109576331063,0,,,,,,,,,,,,,,,,0.00014,0.00014,1.15724,1.15892,1.15719,1.15867,,,,,,,,1.15743149702375,1.1571699999999998,0.03203704024779797,,,,,,none,True,,,,,,,,,,,,,,no_pattern_at_sr
2026-03-09T15:52:02.946630+00:00,USOUSD-STD,cobra,24433879,H1,HOLD,HOLD,NONE,0,4.540810599890789,0,,,,,,,,,,,,,,,,0.084,0.084,100.542,100.627,94.662,96.437,,,,,,,,93.82391583296662,100.098,0.09007202370648158,,,,,,none,True,,,,,,,,,,,,,,no_pattern_at_sr
2026-03-09T15:53:03.340773+00:00,BTCUSD,cobra,24433879,H1,HOLD,HOLD,NONE,0,668.0064606102493,0,,,,,,,,,,,,,,,,16.97,16.97,69142.51,69247.86,68722.13,68830.7,,,,,,,,67701.96407482249,69470.97,0.4918515304475433,,,,,,none,True,,,,,,,,,,,,,,no_pattern_at_sr
2026-03-09T15:53:03.355400+00:00,USDJPY-STD,cobra,24433879,H1,HOLD,HOLD,NONE,0,0.2735855734179715,0,,,,,,,,,,,,,,,,0.019,0.019,158.377,158.389,158.036,158.043,,,,,,,,158.04969768352967,158.5265,0.5464469421111976,,,,,,none,True,,,,,,,,,,,,,,no_pattern_at_sr
2026-03-09T15:53:03.369208+00:00,EURUSD-STD,cobra,24433879,H1,HOLD,HOLD,NONE,0,0.002497109576331063,0,,,,,,,,,,,,,,,,0.00014,0.00014,1.15724,1.15892,1.15719,1.15871,,,,,,,,1.15743149702375,1.1571699999999998,0.03203704024779797,,,,,,none,True,,,,,,,,,,,,,,no_pattern_at_sr
2026-03-09T15:53:03.397243+00:00,USOUSD-STD,cobra,24433879,H1,HOLD,HOLD,NONE,0,4.540810599890789,0,,,,,,,,,,,,,,,,0.084,0.084,100.542,100.627,94.662,96.072,,,,,,,,93.82391583296662,100.098,0.09007202370648158,,,,,,none,True,,,,,,,,,,,,,,no_pattern_at_sr
2026-03-09T15:54:03.763103+00:00,BTCUSD,cobra,24433879,H1,HOLD,HOLD,NONE,0,668.0064606102493,0,,,,,,,,,,,,,,,,16.98,16.98,69142.51,69247.86,68722.13,68867.09,,,,,,,,67701.96407482249,69470.97,0.4918515304475433,,,,,,none,True,,,,,,,,,,,,,,no_pattern_at_sr
2026-03-09T15:54:03.777846+00:00,USDJPY-STD,cobra,24433879,H1,HOLD,HOLD,NONE,0,0.27458557341797224,0,,,,,,,,,,,,,,,,0.019,0.019,158.377,158.389,158.022,158.022,,,,,,,,158.04969768352967,158.5265,0.5444568632614257,,,,,,none,True,,,,,,,,,,,,,,no_pattern_at_sr
2026-03-09T15:54:03.793388+00:00,EURUSD-STD,cobra,24433879,H1,HOLD,HOLD,NONE,0,0.002497823862045353,0,,,,,,,,,,,,,,,,0.00014,0.00014,1.15724,1.15893,1.15719,1.15892,,,,,,,,1.15743149702375,1.1571699999999998,0.03202787883312624,,,,,,none,True,,,,,,,,,,,,,,no_pattern_at_sr
2026-03-09T15:54:03.820811+00:00,USOUSD-STD,cobra,24433879,H1,HOLD,HOLD,NONE,0,4.540810599890789,0,,,,,,,,,,,,,,,,0.084,0.084,100.542,100.627,94.662,96.232,,,,,,,,93.82391583296662,100.098,0.09007202370648158,,,,,,none,True,,,,,,,,,,,,,,no_pattern_at_sr
2026-03-09T15:55:04.189105+00:00,BTCUSD,cobra,24433879,H1,HOLD,HOLD,NONE,0,668.0064606102493,0,,,,,,,,,,,,,,,,17.0,17.0,69142.51,69247.86,68722.13,68884.84,,,,,,,,67701.96407482249,69470.97,0.4918515304475433,,,,,,none,True,,,,,,,,,,,,,,no_pattern_at_sr
2026-03-09T15:55:04.203499+00:00,USDJPY-STD,cobra,24433879,H1,HOLD,HOLD,NONE,0,0.27687128770368524,0,,,,,,,,,,,,,,,,0.019,0.019,158.377,158.389,157.99,157.997,,,,,,,,158.04969768352967,158.5265,0.5399620929996461,,,,,,none,True,,,,,,,,,,,,,,no_pattern_at_sr
2026-03-09T15:55:04.218135+00:00,EURUSD-STD,cobra,24433879,H1,HOLD,HOLD,NONE,0,0.0025199667191882127,0,,,,,,,,,,,,,,,,0.00013,0.00013,1.15724,1.15924,1.15719,1.15923,,,,,,,,1.15743149702375,1.1571699999999998,0.03174645101100834,,,,,,none,True,,,,,,,,,,,,,,no_pattern_at_sr
2026-03-09T15:55:04.246547+00:00,USOUSD-STD,cobra,24433879,H1,HOLD,HOLD,NONE,0,4.540810599890789,0,,,,,,,,,,,,,,,,0.104,0.104,100.542,100.627,94.662,95.322,,,,,,,,93.82391583296662,100.098,0.09007202370648158,,,,,,none,True,,,,,,,,,,,,,,no_pattern_at_sr
2026-03-09T15:56:04.653773+00:00,BTCUSD,cobra,24433879,H1,HOLD,HOLD,NONE,0,668.0064606102493,0,,,,,,,,,,,,,,,,17.12,17.12,69142.51,69247.86,68722.13,68951.61,,,,,,,,67701.96407482249,69470.97,0.4918515304475433,,,,,,none,True,,,,,,,,,,,,,,no_pattern_at_sr
2026-03-09T15:56:04.669096+00:00,USDJPY-STD,cobra,24433879,H1,HOLD,HOLD,NONE,0,0.27687128770368524,0,,,,,,,,,,,,,,,,0.018,0.018,158.377,158.389,157.99,157.997,,,,,,,,158.04969768352967,158.5265,0.5399620929996461,,,,,,none,True,,,,,,,,,,,,,,no_pattern_at_sr
2026-03-09T15:56:04.683603+00:00,EURUSD-STD,cobra,24433879,H1,HOLD,HOLD,NONE,0,0.0025199667191882127,0,,,,,,,,,,,,,,,,0.00013,0.00013,1.15724,1.15924,1.15719,1.15917,,,,,,,,1.15743149702375,1.1571699999999998,0.03174645101100834,,,,,,none,True,,,,,,,,,,,,,,no_pattern_at_sr
2026-03-09T15:56:04.712499+00:00,USOUSD-STD,cobra,24433879,H1,HOLD,HOLD,NONE,0,4.540810599890789,0,,,,,,,,,,,,,,,,0.084,0.084,100.542,100.627,94.662,95.457,,,,,,,,93.82391583296662,100.098,0.09007202370648158,,,,,,none,True,,,,,,,,,,,,,,no_pattern_at_sr
2026-03-09T15:57:05.091708+00:00,BTCUSD,cobra,24433879,H1,HOLD,HOLD,NONE,0,668.0064606102493,0,,,,,,,,,,,,,,,,17.11,17.11,69142.51,69247.86,68722.13,69008.5,,,,,,,,67701.96407482249,69470.97,0.4918515304475433,,,,,,none,True,,,,,,,,,,,,,,no_pattern_at_sr
2026-03-09T15:57:05.106555+00:00,USDJPY-STD,cobra,24433879,H1,HOLD,HOLD,NONE,0,0.27687128770368524,0,,,,,,,,,,,,,,,,0.02,0.02,158.377,158.389,157.99,158.034,,,,,,,,158.04969768352967,158.5265,0.5399620929996461,,,,,,none,True,,,,,,,,,,,,,,no_pattern_at_sr
2026-03-09T15:57:05.120554+00:00,EURUSD-STD,cobra,24433879,H1,HOLD,HOLD,NONE,0,0.0025199667191882127,0,,,,,,,,,,,,,,,,0.00014,0.00014,1.15724,1.15924,1.15719,1.15901,,,,,,,,1.15743149702375,1.1571699999999998,0.03174645101100834,,,,,,none,True,,,,,,,,,,,,,,no_pattern_at_sr
2026-03-09T15:57:05.149030+00:00,USOUSD-STD,cobra,24433879,H1,HOLD,HOLD,NONE,0,4.540810599890789,0,,,,,,,,,,,,,,,,0.084,0.084,100.542,100.627,94.662,95.542,,,,,,,,93.82391583296662,100.098,0.09007202370648158,,,,,,none,True,,,,,,,,,,,,,,no_pattern_at_sr
2026-03-09T15:58:05.505263+00:00,BTCUSD,cobra,24433879,H1,HOLD,HOLD,NONE,0,668.0064606102493,0,,,,,,,,,,,,,,,,17.06,17.06,69142.51,69247.86,68722.13,68999.27,,,,,,,,67701.96407482249,69470.97,0.4918515304475433,,,,,,none,True,,,,,,,,,,,,,,no_pattern_at_sr
2026-03-09T15:58:05.522800+00:00,USDJPY-STD,cobra,24433879,H1,HOLD,HOLD,NONE,0,0.27687128770368524,0,,,,,,,,,,,,,,,,0.019,0.019,158.377,158.389,157.99,158.029,,,,,,,,158.04969768352967,158.5265,0.5399620929996461,,,,,,none,True,,,,,,,,,,,,,,no_pattern_at_sr
2026-03-09T15:58:05.539753+00:00,EURUSD-STD,cobra,24433879,H1,HOLD,HOLD,NONE,0,0.0025256810049024882,0,,,,,,,,,,,,,,,,0.00013,0.00013,1.15724,1.15932,1.15719,1.15911,,,,,,,,1.15743149702375,1.1571699999999998,0.03167462551478018,,,,,,none,True,,,,,,,,,,,,,,no_pattern_at_sr
2026-03-09T15:58:05.567689+00:00,USOUSD-STD,cobra,24433879,H1,HOLD,HOLD,NONE,0,4.540810599890789,0,,,,,,,,,,,,,,,,0.084,0.084,100.542,100.627,94.662,95.512,,,,,,,,93.82391583296662,100.098,0.09007202370648158,,,,,,none,True,,,,,,,,,,,,,,no_pattern_at_sr
2026-03-09T15:59:05.922986+00:00,BTCUSD,cobra,24433879,H1,HOLD,HOLD,NONE,0,668.0064606102493,0,,,,,,,,,,,,,,,,17.02,17.02,69142.51,69247.86,68722.13,68928.69,,,,,,,,67701.96407482249,69470.97,0.4918515304475433,,,,,,none,True,,,,,,,,,,,,,,no_pattern_at_sr
2026-03-09T15:59:05.937635+00:00,USDJPY-STD,cobra,24433879,H1,HOLD,HOLD,NONE,0,0.27687128770368524,0,,,,,,,,,,,,,,,,0.018,0.018,158.377,158.389,157.99,158.068,,,,,,,,158.04969768352967,158.5265,0.5399620929996461,,,,,,none,True,,,,,,,,,,,,,,no_pattern_at_sr
2026-03-09T15:59:05.952478+00:00,EURUSD-STD,cobra,24433879,H1,HOLD,HOLD,NONE,0,0.0025256810049024882,0,,,,,,,,,,,,,,,,0.00014,0.00014,1.15724,1.15932,1.15719,1.15901,,,,,,,,1.15743149702375,1.1571699999999998,0.03167462551478018,,,,,,none,True,,,,,,,,,,,,,,no_pattern_at_sr
2026-03-09T15:59:05.980503+00:00,USOUSD-STD,cobra,24433879,H1,HOLD,HOLD,NONE,0,4.540810599890789,0,,,,,,,,,,,,,,,,0.084,0.084,100.542,100.627,94.662,95.502,,,,,,,,93.82391583296662,100.098,0.09007202370648158,,,,,,none,True,,,,,,,,,,,,,,no_pattern_at_sr
2026-03-09T16:00:06.420379+00:00,BTCUSD,cobra,24433879,H1,HOLD,HOLD,NONE,0,623.2167179756206,0,,,,,,,,,,,,,,,,17.11,17.11,68859.22,68897.22,68859.22,68877.58,,,,,,,,67747.15176530762,69470.97,0.98633425944784,,,,,,none,True,,,,,,,,,,,,,,no_pattern_at_sr
2026-03-09T16:00:06.435498+00:00,USDJPY-STD,cobra,24433879,H1,HOLD,HOLD,NONE,0,0.25830904838279467,0,,,,,,,,,,,,,,,,0.019,0.019,158.075,158.075,158.06,158.065,,,,,,,,158.05084195574764,158.0795,0.009678329178360463,,,,,,none,True,,,,,,,,,,,,,,no_pattern_at_sr
2026-03-09T16:00:06.449655+00:00,EURUSD-STD,cobra,24433879,H1,BUY,BUY,ENGULFING,0.75,0.0023524180871506376,0,,,,,,,,,,,,,,,,0.00013,0.00013,1.1591,1.1592,1.1591,1.1592,,,,,,,,1.1574966494868897,,,BULLISH_ENGULF,,,0.7906757774732529,,BULLISH_ENGULF,False,,,,,,,,,,,,,,
2026-03-09T16:00:07.516101+00:00,EURUSD-STD,cobra,24433879,H1,BUY_EXECUTED,BUY_EXECUTED,ENGULFING,0.75,0.0023524180871506376,1,1.15934,1.155811372869274,,1.168161567826815,,0.01,702231,,,,,,,78.28,104.96,0.00013,0.00013,1.1591,1.1592,1.1591,1.1592,,,,,,,,1.1574966494868897,,,BULLISH_ENGULF,,,0.7906757774732529,,,,,,,,,,,,,,,,,
2026-03-09T16:00:07.963951+00:00,USOUSD-STD,cobra,24433879,H1,HOLD,HOLD,NONE,0,4.225038422830944,0,,,,,,,,,,,,,,,,0.084,0.084,95.562,95.652,95.532,95.632,,,,,,,,93.89412572027103,96.11566666666666,0.11920996125028935,,,,,,none,True,,,,,,,,,,,,,,no_pattern_at_sr
2026-03-09T16:01:08.326915+00:00,BTCUSD,cobra,24433879,H1,HOLD,HOLD,NONE,0,628.0717179756206,0,,,,,,,,,,,,,,,,16.95,16.95,68859.22,68912.58,68803.66,68817.17,,,,,,,,67747.15176530762,69470.97,0.9787098867964907,,,,,,none,True,,,,,,,,,,,,,,no_pattern_at_sr
2026-03-09T16:01:08.342396+00:00,USDJPY-STD,cobra,24433879,H1,HOLD,HOLD,NONE,0,0.2593804769542243,0,,,,,,,,,,,,,,,,0.018,0.018,158.075,158.077,158.045,158.075,,,,,,,,158.05084195574764,158.0795,0.009638350693752979,,,,,,none,True,,,,,,,,,,,,,,no_pattern_at_sr
2026-03-09T16:01:08.371844+00:00,USOUSD-STD,cobra,24433879,H1,HOLD,HOLD,NONE,0,4.266466994259515,0,,,,,,,,,,,,,,,,0.104,0.104,95.562,96.232,95.532,96.197,,,,,,,,93.89412572027103,96.11566666666666,0.11805239964221885,,,,,,none,True,,,,,,,,,,,,,,no_pattern_at_sr
2026-03-09T16:02:08.735381+00:00,BTCUSD,cobra,24433879,H1,HOLD,HOLD,NONE,0,629.3595751184777,0,,,,,,,,,,,,,,,,16.98,16.98,68859.22,68912.58,68785.63,68815.55,,,,,,,,67747.15176530762,69470.97,0.9767071548633849,,,,,,none,True,,,,,,,,,,,,,,no_pattern_at_sr
2026-03-09T16:02:08.750102+00:00,USDJPY-STD,cobra,24433879,H1,HOLD,HOLD,NONE,0,0.26130904838279684,0,,,,,,,,,,,,,,,,0.019,0.019,158.075,158.104,158.045,158.082,,,,,,,,158.05084195574764,158.0795,0.009567215584266436,,,,,,none,True,,,,,,,,,,,,,,no_pattern_at_sr
2026-03-09T16:02:08.782318+00:00,USOUSD-STD,cobra,24433879,H1,HOLD,HOLD,NONE,0,4.310038422830943,0,,,,,,,,,,,,,,,,0.084,0.084,95.562,96.842,95.532,96.817,,,,,,,,93.89412572027103,96.11566666666666,0.11685897369235966,,,,,,none,True,,,,,,,,,,,,,,no_pattern_at_sr
2026-03-09T16:03:09.141486+00:00,BTCUSD,cobra,24433879,H1,HOLD,HOLD,NONE,0,629.3595751184777,0,,,,,,,,,,,,,,,,17.09,17.09,68859.22,68912.58,68785.63,68901.57,,,,,,,,67747.15176530762,69470.97,0.9767071548633849,,,,,,none,True,,,,,,,,,,,,,,no_pattern_at_sr
2026-03-09T16:03:09.156578+00:00,USDJPY-STD,cobra,24433879,H1,HOLD,HOLD,NONE,0,0.26130904838279684,0,,,,,,,,,,,,,,,,0.02,0.02,158.075,158.104,158.045,158.068,,,,,,,,158.05084195574764,158.0795,0.009567215584266436,,,,,,none,True,,,,,,,,,,,,,,no_pattern_at_sr
2026-03-09T16:03:09.184023+00:00,USOUSD-STD,cobra,24433879,H1,HOLD,HOLD,NONE,0,4.320752708545229,0,,,,,,,,,,,,,,,,0.084,0.084,95.562,96.992,95.532,96.817,,,,,,,,93.89412572027103,96.11566666666666,0.11656919537897875,,,,,,none,True,,,,,,,,,,,,,,no_pattern_at_sr
2026-03-09T16:04:09.559146+00:00,BTCUSD,cobra,24433879,H1,HOLD,HOLD,NONE,0,635.7631465470487,0,,,,,,,,,,,,,,,,17.01,17.01,68859.22,69002.23,68785.63,68965.97,,,,,,,,67747.15176530762,69470.97,0.9668695068887689,,,,,,none,True,,,,,,,,,,,,,,no_pattern_at_sr
2026-03-09T16:04:09.574680+00:00,USDJPY-STD,cobra,24433879,H1,HOLD,HOLD,NONE,0,0.2631661912399384,0,,,,,,,,,,,,,,,,0.019,0.019,158.075,158.104,158.019,158.03,,,,,,,,158.05084195574764,158.0795,0.009499700505671655,,,,,,none,True,,,,,,,,,,,,,,no_pattern_at_sr
2026-03-09T16:04:09.605444+00:00,USOUSD-STD,cobra,24433879,H1,HOLD,HOLD,NONE,0,4.320752708545229,0,,,,,,,,,,,,,,,,0.124,0.124,95.562,96.992,95.532,96.282,,,,,,,,93.89412572027103,96.11566666666666,0.11656919537897875,,,,,,none,True,,,,,,,,,,,,,,no_pattern_at_sr
2026-03-09T16:05:09.981950+00:00,BTCUSD,cobra,24433879,H1,HOLD,HOLD,NONE,0,635.7631465470487,0,,,,,,,,,,,,,,,,17.0,17.0,68859.22,69002.23,68785.63,68986.36,,,,,,,,67747.15176530762,69470.97,0.9668695068887689,,,,,,none,True,,,,,,,,,,,,,,no_pattern_at_sr
2026-03-09T16:05:09.996171+00:00,USDJPY-STD,cobra,24433879,H1,HOLD,HOLD,NONE,0,0.2640947626685102,0,,,,,,,,,,,,,,,,0.019,0.019,158.075,158.104,158.006,158.032,,,,,,,,158.05084195574764,158.0795,0.009466299046360522,,,,,,none,True,,,,,,,,,,,,,,no_pattern_at_sr
2026-03-09T16:05:10.024058+00:00,USOUSD-STD,cobra,24433879,H1,HOLD,HOLD,NONE,0,4.3350384228309435,0,,,,,,,,,,,,,,,,0.124,0.124,95.562,97.192,95.532,97.002,,,,,,,,93.89412572027103,96.11566666666666,0.11618505248166801,,,,,,none,True,,,,,,,,,,,,,,no_pattern_at_sr
2026-03-09T16:06:10.402399+00:00,BTCUSD,cobra,24433879,H1,HOLD,HOLD,NONE,0,635.7631465470487,0,,,,,,,,,,,,,,,,16.98,16.98,68859.22,69002.23,68785.63,68957.52,,,,,,,,67747.15176530762,69470.97,0.9668695068887689,,,,,,none,True,,,,,,,,,,,,,,no_pattern_at_sr
2026-03-09T16:06:10.418779+00:00,USDJPY-STD,cobra,24433879,H1,HOLD,HOLD,NONE,0,0.2640947626685102,0,,,,,,,,,,,,,,,,0.018,0.018,158.075,158.104,158.006,158.058,,,,,,,,158.05084195574764,158.0795,0.009466299046360522,,,,,,none,True,,,,,,,,,,,,,,no_pattern_at_sr
2026-03-09T16:06:10.447032+00:00,USOUSD-STD,cobra,24433879,H1,HOLD,HOLD,NONE,0,4.347538422830944,0,,,,,,,,,,,,,,,,0.084,0.084,95.562,97.367,95.532,96.437,,,,,,,,93.89412572027103,96.11566666666666,0.11585099835384384,,,,,,none,True,,,,,,,,,,,,,,no_pattern_at_sr
2026-03-09T16:07:10.819511+00:00,BTCUSD,cobra,24433879,H1,HOLD,HOLD,NONE,0,635.8810036899064,0,,,,,,,,,,,,,,,,17.07,17.07,68859.22,69003.88,68785.63,68993.31,,,,,,,,67747.15176530762,69470.97,0.9666903027972221,,,,,,none,True,,,,,,,,,,,,,,no_pattern_at_sr
2026-03-09T16:07:10.834845+00:00,USDJPY-STD,cobra,24433879,H1,HOLD,HOLD,NONE,0,0.2653090483827956,0,,,,,,,,,,,,,,,,0.018,0.018,158.075,158.121,158.006,158.105,,,,,,,,158.05084195574764,158.0795,0.00942297300162433,,,,,,none,True,,,,,,,,,,,,,,no_pattern_at_sr
2026-03-09T16:07:10.865382+00:00,USOUSD-STD,cobra,24433879,H1,HOLD,HOLD,NONE,0,4.347538422830944,0,,,,,,,,,,,,,,,,0.084,0.084,95.562,97.367,95.532,96.582,,,,,,,,93.89412572027103,96.11566666666666,0.11585099835384384,,,,,,none,True,,,,,,,,,,,,,,no_pattern_at_sr
2026-03-09T16:08:11.237224+00:00,BTCUSD,cobra,24433879,H1,HOLD,HOLD,NONE,0,639.1417179756203,0,,,,,,,,,,,,,,,,17.1,17.1,68859.22,69049.53,68785.63,68960.77,,,,,,,,67747.15176530762,69470.97,0.9617585313425661,,,,,,none,True,,,,,,,,,,,,,,no_pattern_at_sr
2026-03-09T16:08:11.253102+00:00,USDJPY-STD,cobra,24433879,H1,HOLD,HOLD,NONE,0,0.2653090483827956,0,,,,,,,,,,,,,,,,0.018,0.018,158.075,158.121,158.006,158.094,,,,,,,,158.05084195574764,158.0795,0.00942297300162433,,,,,,none,True,,,,,,,,,,,,,,no_pattern_at_sr
2026-03-09T16:08:11.283408+00:00,USOUSD-STD,cobra,24433879,H1,HOLD,HOLD,NONE,0,4.347538422830944,0,,,,,,,,,,,,,,,,0.104,0.104,95.562,97.367,95.532,96.442,,,,,,,,93.89412572027103,96.11566666666666,0.11585099835384384,,,,,,none,True,,,,,,,,,,,,,,no_pattern_at_sr
2026-03-09T16:09:11.631739+00:00,BTCUSD,cobra,24433879,H1,HOLD,HOLD,NONE,0,639.1417179756203,0,,,,,,,,,,,,,,,,16.96,16.96,68859.22,69049.53,68785.63,68890.2,,,,,,,,67747.15176530762,69470.97,0.9617585313425661,,,,,,none,True,,,,,,,,,,,,,,no_pattern_at_sr
2026-03-09T16:09:11.646875+00:00,USDJPY-STD,cobra,24433879,H1,HOLD,HOLD,NONE,0,0.2653090483827956,0,,,,,,,,,,,,,,,,0.019,0.019,158.075,158.121,158.006,158.082,,,,,,,,158.05084195574764,158.0795,0.00942297300162433,,,,,,none,True,,,,,,,,,,,,,,no_pattern_at_sr
2026-03-09T16:09:11.677421+00:00,USOUSD-STD,cobra,24433879,H1,HOLD,HOLD,NONE,0,4.347538422830944,0,,,,,,,,,,,,,,,,0.104,0.104,95.562,97.367,95.532,96.422,,,,,,,,93.89412572027103,96.11566666666666,0.11585099835384384,,,,,,none,True,,,,,,,,,,,,,,no_pattern_at_sr
2026-03-09T16:10:12.153764+00:00,BTCUSD,cobra,24433879,H1,HOLD,HOLD,NONE,0,639.1417179756203,0,,,,,,,,,,,,,,,,17.04,17.04,68859.22,69049.53,68785.63,68814.32,,,,,,,,67747.15176530762,69470.97,0.9617585313425661,,,,,,none,True,,,,,,,,,,,,,,no_pattern_at_sr
2026-03-09T16:10:12.168860+00:00,USDJPY-STD,cobra,24433879,H1,HOLD,HOLD,NONE,0,0.2653090483827956,0,,,,,,,,,,,,,,,,0.019,0.019,158.075,158.121,158.006,158.084,,,,,,,,158.05084195574764,158.0795,0.00942297300162433,,,,,,none,True,,,,,,,,,,,,,,no_pattern_at_sr
2026-03-09T16:10:12.196873+00:00,USOUSD-STD,cobra,24433879,H1,HOLD,HOLD,NONE,0,4.347538422830944,0,,,,,,,,,,,,,,,,0.084,0.084,95.562,97.367,95.532,96.297,,,,,,,,93.89412572027103,96.11566666666666,0.11585099835384384,,,,,,none,True,,,,,,,,,,,,,,no_pattern_at_sr
2026-03-09T16:11:12.624174+00:00,BTCUSD,cobra,24433879,H1,HOLD,HOLD,NONE,0,640.3967179756208,0,,,,,,,,,,,,,,,,17.02,17.02,68859.22,69049.53,68768.06,68789.13,,,,,,,,67747.15176530762,69470.97,0.9598737512945811,,,,,,none,True,,,,,,,,,,,,,,no_pattern_at_sr
2026-03-09T16:11:12.639229+00:00,USDJPY-STD,cobra,24433879,H1,HOLD,HOLD,NONE,0,0.2653090483827956,0,,,,,,,,,,,,,,,,0.019,0.019,158.075,158.121,158.006,158.105,,,,,,,,158.05084195574764,158.0795,0.00942297300162433,,,,,,none,True,,,,,,,,,,,,,,no_pattern_at_sr
2026-03-09T16:11:12.667779+00:00,USOUSD-STD,cobra,24433879,H1,HOLD,HOLD,NONE,0,4.347538422830944,0,,,,,,,,,,,,,,,,0.084,0.084,95.562,97.367,95.532,96.462,,,,,,,,93.89412572027103,96.11566666666666,0.11585099835384384,,,,,,none,True,,,,,,,,,,,,,,no_pattern_at_sr
2026-03-09T16:12:13.184441+00:00,BTCUSD,cobra,24433879,H1,HOLD,HOLD,NONE,0,642.538860832763,0,,,,,,,,,,,,,,,,16.98,16.98,68859.22,69049.53,68738.07,68764.72,,,,,,,,67747.15176530762,69470.97,0.9566736542647625,,,,,,none,True,,,,,,,,,,,,,,no_pattern_at_sr
2026-03-09T16:12:13.198889+00:00,USDJPY-STD,cobra,24433879,H1,HOLD,HOLD,NONE,0,0.2653090483827956,0,,,,,,,,,,,,,,,,0.018,0.018,158.075,158.121,158.006,158.12,,,,,,,,158.05084195574764,158.0795,0.00942297300162433,,,,,,none,True,,,,,,,,,,,,,,no_pattern_at_sr
2026-03-09T16:12:13.226155+00:00,USOUSD-STD,cobra,24433879,H1,HOLD,HOLD,NONE,0,4.347538422830944,0,,,,,,,,,,,,,,,,0.084,0.084,95.562,97.367,95.532,96.552,,,,,,,,93.89412572027103,96.11566666666666,0.11585099835384384,,,,,,none,True,,,,,,,,,,,,,,no_pattern_at_sr
2026-03-09T16:13:13.621165+00:00,BTCUSD,cobra,24433879,H1,HOLD,HOLD,NONE,0,642.538860832763,0,,,,,,,,,,,,,,,,16.97,16.97,68859.22,69049.53,68738.07,68792.07,,,,,,,,67747.15176530762,69470.97,0.9566736542647625,,,,,,none,True,,,,,,,,,,,,,,no_pattern_at_sr
2026-03-09T16:13:13.636830+00:00,USDJPY-STD,cobra,24433879,H1,HOLD,HOLD,NONE,0,0.2656661912399381,0,,,,,,,,,,,,,,,,0.018,0.018,158.075,158.126,158.006,158.107,,,,,,,,158.05084195574764,158.0795,0.00941030542249102,,,,,,none,True,,,,,,,,,,,,,,no_pattern_at_sr
2026-03-09T16:13:13.664630+00:00,USOUSD-STD,cobra,24433879,H1,HOLD,HOLD,NONE,0,4.347538422830944,0,,,,,,,,,,,,,,,,0.084,0.084,95.562,97.367,95.532,96.222,,,,,,,,93.89412572027103,96.11566666666666,0.11585099835384384,,,,,,none,True,,,,,,,,,,,,,,no_pattern_at_sr
2026-03-09T16:14:14.139052+00:00,BTCUSD,cobra,24433879,H1,HOLD,HOLD,NONE,0,642.538860832763,0,,,,,,,,,,,,,,,,16.95,16.95,68859.22,69049.53,68738.07,68787.31,,,,,,,,67747.15176530762,69470.97,0.9566736542647625,,,,,,none,True,,,,,,,,,,,,,,no_pattern_at_sr
2026-03-09T16:14:14.153708+00:00,USDJPY-STD,cobra,24433879,H1,HOLD,HOLD,NONE,0,0.2660233340970807,0,,,,,,,,,,,,,,,,0.019,0.019,158.075,158.131,158.006,158.13,,,,,,,,158.05084195574764,158.0795,0.009397671856429684,,,,,,none,True,,,,,,,,,,,,,,no_pattern_at_sr
2026-03-09T16:14:14.182882+00:00,USOUSD-STD,cobra,24433879,H1,HOLD,HOLD,NONE,0,4.347538422830944,0,,,,,,,,,,,,,,,,0.084,0.084,95.562,97.367,95.532,96.557,,,,,,,,93.89412572027103,96.11566666666666,0.11585099835384384,,,,,,none,True,,,,,,,,,,,,,,no_pattern_at_sr
2026-03-09T16:15:14.565636+00:00,BTCUSD,cobra,24433879,H1,HOLD,HOLD,NONE,0,642.538860832763,0,,,,,,,,,,,,,,,,16.97,16.97,68859.22,69049.53,68738.07,68770.49,,,,,,,,67747.15176530762,69470.97,0.9566736542647625,,,,,,none,True,,,,,,,,,,,,,,no_pattern_at_sr
2026-03-09T16:15:14.580447+00:00,USDJPY-STD,cobra,24433879,H1,HOLD,HOLD,NONE,0,0.2678804769542243,0,,,,,,,,,,,,,,,,0.018,0.018,158.075,158.157,158.006,158.15,,,,,,,,158.05084195574764,158.0795,0.009332520340498456,,,,,,none,True,,,,,,,,,,,,,,no_pattern_at_sr
2026-03-09T16:15:14.608097+00:00,USOUSD-STD,cobra,24433879,H1,HOLD,HOLD,NONE,0,4.347538422830944,0,,,,,,,,,,,,,,,,0.084,0.084,95.562,97.367,95.532,96.842,,,,,,,,93.89412572027103,96.11566666666666,0.11585099835384384,,,,,,none,True,,,,,,,,,,,,,,no_pattern_at_sr
2026-03-09T16:16:14.962192+00:00,BTCUSD,cobra,24433879,H1,HOLD,HOLD,NONE,0,642.538860832763,0,,,,,,,,,,,,,,,,16.94,16.94,68859.22,69049.53,68738.07,68759.06,,,,,,,,67747.15176530762,69470.97,0.9566736542647625,,,,,,none,True,,,,,,,,,,,,,,no_pattern_at_sr
2026-03-09T16:16:14.976406+00:00,USDJPY-STD,cobra,24433879,H1,HOLD,HOLD,NONE,0,0.26802333409708007,0,,,,,,,,,,,,,,,,0.018,0.018,158.075,158.159,158.006,158.136,,,,,,,,158.05084195574764,158.0795,0.009327546082581777,,,,,,none,True,,,,,,,,,,,,,,no_pattern_at_sr
2026-03-09T16:16:15.005523+00:00,USOUSD-STD,cobra,24433879,H1,HOLD,HOLD,NONE,0,4.347538422830944,0,,,,,,,,,,,,,,,,0.104,0.104,95.562,97.367,95.532,96.292,,,,,,,,93.89412572027103,96.11566666666666,0.11585099835384384,,,,,,none,True,,,,,,,,,,,,,,no_pattern_at_sr
2026-03-09T16:17:15.386435+00:00,BTCUSD,cobra,24433879,H1,HOLD,HOLD,NONE,0,642.538860832763,0,,,,,,,,,,,,,,,,17.1,17.1,68859.22,69049.53,68738.07,68757.05,,,,,,,,67747.15176530762,69470.97,0.9566736542647625,,,,,,none,True,,,,,,,,,,,,,,no_pattern_at_sr
2026-03-09T16:17:15.401711+00:00,USDJPY-STD,cobra,24433879,H1,HOLD,HOLD,NONE,0,0.26802333409708007,0,,,,,,,,,,,,,,,,0.019,0.019,158.075,158.159,158.006,158.152,,,,,,,,158.05084195574764,158.0795,0.009327546082581777,,,,,,none,True,,,,,,,,,,,,,,no_pattern_at_sr
2026-03-09T16:17:15.430493+00:00,USOUSD-STD,cobra,24433879,H1,HOLD,HOLD,NONE,0,4.347538422830944,0,,,,,,,,,,,,,,,,0.084,0.084,95.562,97.367,95.532,96.012,,,,,,,,93.89412572027103,96.11566666666666,0.11585099835384384,,,,,,none,True,,,,,,,,,,,,,,no_pattern_at_sr
2026-03-09T16:18:15.792018+00:00,BTCUSD,cobra,24433879,H1,HOLD,HOLD,NONE,0,642.5645751184774,0,,,,,,,,,,,,,,,,16.96,16.96,68859.22,69049.53,68737.71,68790.52,,,,,,,,67747.15176530762,69470.97,0.9566353698951696,,,,,,none,True,,,,,,,,,,,,,,no_pattern_at_sr
2026-03-09T16:18:15.807715+00:00,USDJPY-STD,cobra,24433879,H1,HOLD,HOLD,NONE,0,0.26802333409708007,0,,,,,,,,,,,,,,,,0.019,0.019,158.075,158.159,158.006,158.141,,,,,,,,158.05084195574764,158.0795,0.009327546082581777,,,,,,none,True,,,,,,,,,,,,,,no_pattern_at_sr
2026-03-09T16:18:15.843196+00:00,USOUSD-STD,cobra,24433879,H1,HOLD,HOLD,NONE,0,4.347538422830944,0,,,,,,,,,,,,,,,,0.084,0.084,95.562,97.367,95.532,95.872,,,,,,,,93.89412572027103,96.11566666666666,0.11585099835384384,,,,,,none,True,,,,,,,,,,,,,,no_pattern_at_sr
2026-03-09T16:19:16.256573+00:00,BTCUSD,cobra,24433879,H1,HOLD,HOLD,NONE,0,642.5645751184774,0,,,,,,,,,,,,,,,,16.99,16.99,68859.22,69049.53,68737.71,68792.68,,,,,,,,67747.15176530762,69470.97,0.9566353698951696,,,,,,none,True,,,,,,,,,,,,,,no_pattern_at_sr
2026-03-09T16:19:16.271171+00:00,USDJPY-STD,cobra,24433879,H1,HOLD,HOLD,NONE,0,0.26802333409708007,0,,,,,,,,,,,,,,,,0.028,0.028,158.075,158.159,158.006,158.137,,,,,,,,158.05084195574764,158.0795,0.009327546082581777,,,,,,none,True,,,,,,,,,,,,,,no_pattern_at_sr
2026-03-09T16:19:16.299064+00:00,USOUSD-STD,cobra,24433879,H1,HOLD,HOLD,NONE,0,4.35325270854523,0,,,,,,,,,,,,,,,,0.124,0.124,95.562,97.367,95.452,95.582,,,,,,,,93.89412572027103,96.11566666666666,0.11569892684566337,,,,,,none,True,,,,,,,,,,,,,,no_pattern_at_sr
2026-03-09T16:20:16.660992+00:00,BTCUSD,cobra,24433879,H1,HOLD,HOLD,NONE,0,642.5645751184774,0,,,,,,,,,,,,,,,,17.12,17.12,68859.22,69049.53,68737.71,68805.42,,,,,,,,67747.15176530762,69470.97,0.9566353698951696,,,,,,none,True,,,,,,,,,,,,,,no_pattern_at_sr
2026-03-09T16:20:16.677151+00:00,USDJPY-STD,cobra,24433879,H1,HOLD,HOLD,NONE,0,0.26802333409708007,0,,,,,,,,,,,,,,,,0.018,0.018,158.075,158.159,158.006,158.151,,,,,,,,158.05084195574764,158.0795,0.009327546082581777,,,,,,none,True,,,,,,,,,,,,,,no_pattern_at_sr
2026-03-09T16:20:16.704518+00:00,USOUSD-STD,cobra,24433879,H1,HOLD,HOLD,NONE,0,4.362538422830943,0,,,,,,,,,,,,,,,,0.084,0.084,95.562,97.367,95.322,95.417,,,,,,,,93.89412572027103,96.11566666666666,0.11545266032059852,,,,,,none,True,,,,,,,,,,,,,,no_pattern_at_sr
2026-03-09T16:21:17.064625+00:00,BTCUSD,cobra,24433879,H1,HOLD,HOLD,NONE,0,643.1552894041919,0,,,,,,,,,,,,,,,,17.0,17.0,68859.22,69049.53,68729.44,68744.09,,,,,,,,67747.15176530762,69470.97,0.9557567357790756,,,,,,none,True,,,,,,,,,,,,,,no_pattern_at_sr
2026-03-09T16:21:17.079780+00:00,USDJPY-STD,cobra,24433879,H1,HOLD,HOLD,NONE,0,0.2706661912399377,0,,,,,,,,,,,,,,,,0.018,0.018,158.075,158.196,158.006,158.184,,,,,,,,158.05084195574764,158.0795,0.009236469425845465,,,,,,none,True,,,,,,,,,,,,,,no_pattern_at_sr
2026-03-09T16:21:17.107355+00:00,USOUSD-STD,cobra,24433879,H1,HOLD,HOLD,NONE,0,4.362538422830943,0,,,,,,,,,,,,,,,,0.084,0.084,95.562,97.367,95.322,95.802,,,,,,,,93.89412572027103,96.11566666666666,0.11545266032059852,,,,,,none,True,,,,,,,,,,,,,,no_pattern_at_sr
2026-03-09T16:22:17.485597+00:00,BTCUSD,cobra,24433879,H1,HOLD,HOLD,NONE,0,643.1552894041919,0,,,,,,,,,,,,,,,,16.95,16.95,68859.22,69049.53,68729.44,68769.86,,,,,,,,67747.15176530762,69470.97,0.9557567357790756,,,,,,none,True,,,,,,,,,,,,,,no_pattern_at_sr
2026-03-09T16:22:17.501187+00:00,USDJPY-STD,cobra,24433879,H1,HOLD,HOLD,NONE,0,0.27130904838279585,0,,,,,,,,,,,,,,,,0.019,0.019,158.075,158.205,158.006,158.187,,,,,,,,158.05084195574764,158.0795,0.009214583939973951,,,,,,none,True,,,,,,,,,,,,,,no_pattern_at_sr
2026-03-09T16:22:17.530027+00:00,USOUSD-STD,cobra,24433879,H1,HOLD,HOLD,NONE,0,4.362538422830943,0,,,,,,,,,,,,,,,,0.084,0.084,95.562,97.367,95.322,95.667,,,,,,,,93.89412572027103,96.11566666666666,0.11545266032059852,,,,,,none,True,,,,,,,,,,,,,,no_pattern_at_sr
2026-03-09T16:23:17.894720+00:00,BTCUSD,cobra,24433879,H1,HOLD,HOLD,NONE,0,643.1552894041919,0,,,,,,,,,,,,,,,,17.06,17.06,68859.22,69049.53,68729.44,68795.41,,,,,,,,67747.15176530762,69470.97,0.9557567357790756,,,,,,none,True,,,,,,,,,,,,,,no_pattern_at_sr
2026-03-09T16:23:17.909995+00:00,USDJPY-STD,cobra,24433879,H1,HOLD,HOLD,NONE,0,0.27216619123993874,0,,,,,,,,,,,,,,,,0.018,0.018,158.075,158.217,158.006,158.212,,,,,,,,158.05084195574764,158.0795,0.009185564116572266,,,,,,none,True,,,,,,,,,,,,,,no_pattern_at_sr
2026-03-09T16:23:17.937719+00:00,USOUSD-STD,cobra,24433879,H1,HOLD,HOLD,NONE,0,4.364109851402373,0,,,,,,,,,,,,,,,,0.084,0.084,95.562,97.367,95.3,95.357,,,,,,,,93.89412572027103,96.11566666666666,0.115411088129418,,,,,,none,True,,,,,,,,,,,,,,no_pattern_at_sr
2026-03-09T16:24:18.308589+00:00,BTCUSD,cobra,24433879,H1,HOLD,HOLD,NONE,0,643.1552894041919,0,,,,,,,,,,,,,,,,16.99,16.99,68859.22,69049.53,68729.44,68868.29,,,,,,,,67747.15176530762,69470.97,0.9557567357790756,,,,,,none,True,,,,,,,,,,,,,,no_pattern_at_sr
2026-03-09T16:24:18.323375+00:00,USDJPY-STD,cobra,24433879,H1,HOLD,HOLD,NONE,0,0.27216619123993874,0,,,,,,,,,,,,,,,,0.019,0.019,158.075,158.217,158.006,158.151,,,,,,,,158.05084195574764,158.0795,0.009185564116572266,,,,,,none,True,,,,,,,,,,,,,,no_pattern_at_sr
2026-03-09T16:24:18.350594+00:00,USOUSD-STD,cobra,24433879,H1,HOLD,HOLD,NONE,0,4.440752708545229,0,,,,,,,,,,,,,,,,0.104,0.104,95.562,97.367,94.227,94.262,,,,,,,,93.89412572027103,96.8425,0.27709266441073965,,,,,,none,True,,,,,,,,,,,,,,no_pattern_at_sr
2026-03-09T16:25:18.705374+00:00,BTCUSD,cobra,24433879,H1,HOLD,HOLD,NONE,0,643.1552894041919,0,,,,,,,,,,,,,,,,16.98,16.98,68859.22,69049.53,68729.44,68882.98,,,,,,,,67747.15176530762,69470.97,0.9557567357790756,,,,,,none,True,,,,,,,,,,,,,,no_pattern_at_sr
2026-03-09T16:25:18.720698+00:00,USDJPY-STD,cobra,24433879,H1,HOLD,HOLD,NONE,0,0.27216619123993874,0,,,,,,,,,,,,,,,,0.019,0.019,158.075,158.217,158.006,158.15,,,,,,,,158.05084195574764,158.0795,0.009185564116572266,,,,,,none,True,,,,,,,,,,,,,,no_pattern_at_sr
2026-03-09T16:25:18.749188+00:00,USOUSD-STD,cobra,24433879,H1,HOLD,HOLD,NONE,0,4.441824137116658,0,,,,,,,,,,,,,,,,0.084,0.084,95.562,97.367,94.212,94.392,,,,,,,,93.89412572027103,96.8425,0.277025825880348,,,,,,none,True,,,,,,,,,,,,,,no_pattern_at_sr
2026-03-09T16:26:19.092903+00:00,BTCUSD,cobra,24433879,H1,HOLD,HOLD,NONE,0,643.1552894041919,0,,,,,,,,,,,,,,,,17.07,17.07,68859.22,69049.53,68729.44,68800.72,,,,,,,,67747.15176530762,69470.97,0.9557567357790756,,,,,,none,True,,,,,,,,,,,,,,no_pattern_at_sr
2026-03-09T16:26:19.107543+00:00,USDJPY-STD,cobra,24433879,H1,HOLD,HOLD,NONE,0,0.27216619123993874,0,,,,,,,,,,,,,,,,0.018,0.018,158.075,158.217,158.006,158.145,,,,,,,,158.05084195574764,158.0795,0.009185564116572266,,,,,,none,True,,,,,,,,,,,,,,no_pattern_at_sr
2026-03-09T16:26:19.134656+00:00,USOUSD-STD,cobra,24433879,H1,HOLD,HOLD,NONE,0,4.466824137116658,0,,,,,,,,,,,,,,,,0.084,0.084,95.562,97.367,93.862,93.917,,,,,,,,93.89412572027103,96.8425,0.27547536285910196,,,,,,none,True,,,,,,,,,,,,,,no_pattern_at_sr
2026-03-09T16:27:19.598721+00:00,BTCUSD,cobra,24433879,H1,HOLD,HOLD,NONE,0,643.1552894041919,0,,,,,,,,,,,,,,,,16.94,16.94,68859.22,69049.53,68729.44,68890.5,,,,,,,,67747.15176530762,69470.97,0.9557567357790756,,,,,,none,True,,,,,,,,,,,,,,no_pattern_at_sr
2026-03-09T16:27:19.613311+00:00,USDJPY-STD,cobra,24433879,H1,HOLD,HOLD,NONE,0,0.27216619123993874,0,,,,,,,,,,,,,,,,0.018,0.018,158.075,158.217,158.006,158.143,,,,,,,,158.05084195574764,158.0795,0.009185564116572266,,,,,,none,True,,,,,,,,,,,,,,no_pattern_at_sr
2026-03-09T16:27:19.643178+00:00,USOUSD-STD,cobra,24433879,H1,HOLD,HOLD,NONE,0,4.516824137116657,0,,,,,,,,,,,,,,,,0.084,0.084,95.562,97.367,93.162,93.502,,,,,,,,93.89412572027103,96.8425,0.2724259264133103,,,,,,none,True,,,,,,,,,,,,,,no_pattern_at_sr
2026-03-09T16:28:20.005070+00:00,BTCUSD,cobra,24433879,H1,HOLD,HOLD,NONE,0,643.1552894041919,0,,,,,,,,,,,,,,,,17.05,17.05,68859.22,69049.53,68729.44,68967.89,,,,,,,,67747.15176530762,69470.97,0.9557567357790756,,,,,,none,True,,,,,,,,,,,,,,no_pattern_at_sr
2026-03-09T16:28:20.020328+00:00,USDJPY-STD,cobra,24433879,H1,HOLD,HOLD,NONE,0,0.27216619123993874,0,,,,,,,,,,,,,,,,0.019,0.019,158.075,158.217,158.006,158.15,,,,,,,,158.05084195574764,158.0795,0.009185564116572266,,,,,,none,True,,,,,,,,,,,,,,no_pattern_at_sr
2026-03-09T16:28:20.049135+00:00,USOUSD-STD,cobra,24433879,H1,HOLD,HOLD,NONE,0,4.516824137116657,0,,,,,,,,,,,,,,,,0.084,0.084,95.562,97.367,93.162,94.157,,,,,,,,93.89412572027103,96.8425,0.2724259264133103,,,,,,none,True,,,,,,,,,,,,,,no_pattern_at_sr
2026-03-09T16:29:20.403744+00:00,BTCUSD,cobra,24433879,H1,HOLD,HOLD,NONE,0,643.1552894041919,0,,,,,,,,,,,,,,,,17.04,17.04,68859.22,69049.53,68729.44,68955.0,,,,,,,,67747.15176530762,69470.97,0.9557567357790756,,,,,,none,True,,,,,,,,,,,,,,no_pattern_at_sr
2026-03-09T16:29:20.418773+00:00,USDJPY-STD,cobra,24433879,H1,HOLD,HOLD,NONE,0,0.27216619123993874,0,,,,,,,,,,,,,,,,0.018,0.018,158.075,158.217,158.006,158.142,,,,,,,,158.05084195574764,158.0795,0.009185564116572266,,,,,,none,True,,,,,,,,,,,,,,no_pattern_at_sr
2026-03-09T16:29:20.447093+00:00,USOUSD-STD,cobra,24433879,H1,HOLD,HOLD,NONE,0,4.516824137116657,0,,,,,,,,,,,,,,,,0.104,0.104,95.562,97.367,93.162,94.677,,,,,,,,93.89412572027103,96.8425,0.2724259264133103,,,,,,none,True,,,,,,,,,,,,,,no_pattern_at_sr
2026-03-09T16:30:20.826585+00:00,BTCUSD,cobra,24433879,H1,HOLD,HOLD,NONE,0,643.1552894041919,0,,,,,,,,,,,,,,,,17.01,17.01,68859.22,69049.53,68729.44,68925.42,,,,,,,,67747.15176530762,69470.97,0.9557567357790756,,,,,,none,True,,,,,,,,,,,,,,no_pattern_at_sr
2026-03-09T16:30:20.840942+00:00,USDJPY-STD,cobra,24433879,H1,HOLD,HOLD,NONE,0,0.27216619123993874,0,,,,,,,,,,,,,,,,0.018,0.018,158.075,158.217,158.006,158.14,,,,,,,,158.05084195574764,158.0795,0.009185564116572266,,,,,,none,True,,,,,,,,,,,,,,no_pattern_at_sr
2026-03-09T16:30:20.868636+00:00,USOUSD-STD,cobra,24433879,H1,HOLD,HOLD,NONE,0,4.516824137116657,0,,,,,,,,,,,,,,,,0.084,0.084,95.562,97.367,93.162,94.847,,,,,,,,93.89412572027103,96.8425,0.2724259264133103,,,,,,none,True,,,,,,,,,,,,,,no_pattern_at_sr
2026-03-09T16:31:21.285689+00:00,BTCUSD,cobra,24433879,H1,HOLD,HOLD,NONE,0,643.1552894041919,0,,,,,,,,,,,,,,,,16.94,16.94,68859.22,69049.53,68729.44,68950.97,,,,,,,,67747.15176530762,69470.97,0.9557567357790756,,,,,,none,True,,,,,,,,,,,,,,no_pattern_at_sr
2026-03-09T16:31:21.300497+00:00,USDJPY-STD,cobra,24433879,H1,HOLD,HOLD,NONE,0,0.27216619123993874,0,,,,,,,,,,,,,,,,0.02,0.02,158.075,158.217,158.006,158.122,,,,,,,,158.05084195574764,158.0795,0.009185564116572266,,,,,,none,True,,,,,,,,,,,,,,no_pattern_at_sr
2026-03-09T16:31:21.329032+00:00,USOUSD-STD,cobra,24433879,H1,HOLD,HOLD,NONE,0,4.516824137116657,0,,,,,,,,,,,,,,,,0.084,0.084,95.562,97.367,93.162,94.817,,,,,,,,93.89412572027103,96.8425,0.2724259264133103,,,,,,none,True,,,,,,,,,,,,,,no_pattern_at_sr
2026-03-09T16:32:21.693776+00:00,BTCUSD,cobra,24433879,H1,HOLD,HOLD,NONE,0,643.1552894041919,0,,,,,,,,,,,,,,,,17.11,17.11,68859.22,69049.53,68729.44,68878.22,,,,,,,,67747.15176530762,69470.97,0.9557567357790756,,,,,,none,True,,,,,,,,,,,,,,no_pattern_at_sr
2026-03-09T16:32:21.708648+00:00,USDJPY-STD,cobra,24433879,H1,HOLD,HOLD,NONE,0,0.27216619123993874,0,,,,,,,,,,,,,,,,0.018,0.018,158.075,158.217,158.006,158.128,,,,,,,,158.05084195574764,158.0795,0.009185564116572266,,,,,,none,True,,,,,,,,,,,,,,no_pattern_at_sr
2026-03-09T16:32:21.736300+00:00,USOUSD-STD,cobra,24433879,H1,HOLD,HOLD,NONE,0,4.516824137116657,0,,,,,,,,,,,,,,,,0.084,0.084,95.562,97.367,93.162,95.352,,,,,,,,93.89412572027103,96.8425,0.2724259264133103,,,,,,none,True,,,,,,,,,,,,,,no_pattern_at_sr
2026-03-09T16:33:22.087401+00:00,BTCUSD,cobra,24433879,H1,HOLD,HOLD,NONE,0,646.0231465470497,0,,,,,,,,,,,,,,,,17.04,17.04,68859.22,69049.53,68689.29,68700.4,,,,,,,,67747.15176530762,69470.97,0.9515138943326215,,,,,,none,True,,,,,,,,,,,,,,no_pattern_at_sr
2026-03-09T16:33:22.102090+00:00,USDJPY-STD,cobra,24433879,H1,HOLD,HOLD,NONE,0,0.27216619123993874,0,,,,,,,,,,,,,,,,0.019,0.019,158.075,158.217,158.006,158.115,,,,,,,,158.05084195574764,158.0795,0.009185564116572266,,,,,,none,True,,,,,,,,,,,,,,no_pattern_at_sr
2026-03-09T16:33:22.130931+00:00,USOUSD-STD,cobra,24433879,H1,HOLD,HOLD,NONE,0,4.516824137116657,0,,,,,,,,,,,,,,,,0.104,0.104,95.562,97.367,93.162,95.617,,,,,,,,93.89412572027103,96.8425,0.2724259264133103,,,,,,none,True,,,,,,,,,,,,,,no_pattern_at_sr
2026-03-09T16:34:22.480801+00:00,BTCUSD,cobra,24433879,H1,HOLD,HOLD,NONE,0,651.0138608327636,0,,,,,,,,,,,,,,,,17.02,17.02,68859.22,69049.53,68619.42,68635.07,,,,,,,,67747.15176530762,69470.97,0.944219527390224,,,,,,none,True,,,,,,,,,,,,,,no_pattern_at_sr
2026-03-09T16:34:22.496053+00:00,USDJPY-STD,cobra,24433879,H1,HOLD,HOLD,NONE,0,0.27216619123993874,0,,,,,,,,,,,,,,,,0.02,0.02,158.075,158.217,158.006,158.082,,,,,,,,158.05084195574764,158.0795,0.009185564116572266,,,,,,none,True,,,,,,,,,,,,,,no_pattern_at_sr
2026-03-09T16:34:22.525769+00:00,USOUSD-STD,cobra,24433879,H1,HOLD,HOLD,NONE,0,4.516824137116657,0,,,,,,,,,,,,,,,,0.104,0.104,95.562,97.367,93.162,95.412,,,,,,,,93.89412572027103,96.8425,0.2724259264133103,,,,,,none,True,,,,,,,,,,,,,,no_pattern_at_sr
2026-03-09T16:35:22.929111+00:00,BTCUSD,cobra,24433879,H1,HOLD,HOLD,NONE,0,651.0138608327636,0,,,,,,,,,,,,,,,,17.01,17.01,68859.22,69049.53,68619.42,68836.11,,,,,,,,67747.15176530762,69470.97,0.944219527390224,,,,,,none,True,,,,,,,,,,,,,,no_pattern_at_sr
2026-03-09T16:35:22.944554+00:00,USDJPY-STD,cobra,24433879,H1,HOLD,HOLD,NONE,0,0.27216619123993874,0,,,,,,,,,,,,,,,,0.019,0.019,158.075,158.217,158.006,158.047,,,,,,,,158.05084195574764,158.0795,0.009185564116572266,,,,,,none,True,,,,,,,,,,,,,,no_pattern_at_sr
2026-03-09T16:35:22.973813+00:00,USOUSD-STD,cobra,24433879,H1,HOLD,HOLD,NONE,0,4.516824137116657,0,,,,,,,,,,,,,,,,0.084,0.084,95.562,97.367,93.162,95.192,,,,,,,,93.89412572027103,96.8425,0.2724259264133103,,,,,,none,True,,,,,,,,,,,,,,no_pattern_at_sr
2026-03-09T16:36:23.338302+00:00,BTCUSD,cobra,24433879,H1,HOLD,HOLD,NONE,0,651.0138608327636,0,,,,,,,,,,,,,,,,16.97,16.97,68859.22,69049.53,68619.42,68825.12,,,,,,,,67747.15176530762,69470.97,0.944219527390224,,,,,,none,True,,,,,,,,,,,,,,no_pattern_at_sr
2026-03-09T16:36:23.354713+00:00,USDJPY-STD,cobra,24433879,H1,HOLD,HOLD,NONE,0,0.2728804769542238,0,,,,,,,,,,,,,,,,0.018,0.018,158.075,158.217,157.996,158.01,,,,,,,,158.05084195574764,158.0795,0.00916152019338894,,,,,,none,True,,,,,,,,,,,,,,no_pattern_at_sr
2026-03-09T16:36:23.382190+00:00,USOUSD-STD,cobra,24433879,H1,HOLD,HOLD,NONE,0,4.516824137116657,0,,,,,,,,,,,,,,,,0.084,0.084,95.562,97.367,93.162,95.237,,,,,,,,93.89412572027103,96.8425,0.2724259264133103,,,,,,none,True,,,,,,,,,,,,,,no_pattern_at_sr
2026-03-09T16:37:23.817660+00:00,BTCUSD,cobra,24433879,H1,HOLD,HOLD,NONE,0,651.0138608327636,0,,,,,,,,,,,,,,,,17.04,17.04,68859.22,69049.53,68619.42,68849.8,,,,,,,,67747.15176530762,69470.97,0.944219527390224,,,,,,none,True,,,,,,,,,,,,,,no_pattern_at_sr
2026-03-09T16:37:23.832696+00:00,USDJPY-STD,cobra,24433879,H1,HOLD,HOLD,NONE,0,0.2738804769542245,0,,,,,,,,,,,,,,,,0.018,0.018,158.075,158.217,157.982,158.012,,,,,,,,158.05084195574764,158.0795,0.009128069396547634,,,,,,none,True,,,,,,,,,,,,,,no_pattern_at_sr
2026-03-09T16:37:23.859146+00:00,USOUSD-STD,cobra,24433879,H1,HOLD,HOLD,NONE,0,4.516824137116657,0,,,,,,,,,,,,,,,,0.084,0.084,95.562,97.367,93.162,95.512,,,,,,,,93.89412572027103,96.8425,0.2724259264133103,,,,,,none,True,,,,,,,,,,,,,,no_pattern_at_sr
2026-03-09T16:38:24.213841+00:00,BTCUSD,cobra,24433879,H1,HOLD,HOLD,NONE,0,651.0138608327636,0,,,,,,,,,,,,,,,,17.08,17.08,68859.22,69049.53,68619.42,68824.16,,,,,,,,67747.15176530762,69470.97,0.944219527390224,,,,,,none,True,,,,,,,,,,,,,,no_pattern_at_sr
2026-03-09T16:38:24.229228+00:00,USDJPY-STD,cobra,24433879,H1,HOLD,HOLD,NONE,0,0.2738804769542245,0,,,,,,,,,,,,,,,,0.019,0.019,158.075,158.217,157.982,158.06,,,,,,,,158.05084195574764,158.0795,0.009128069396547634,,,,,,none,True,,,,,,,,,,,,,,no_pattern_at_sr
2026-03-09T16:38:24.257764+00:00,USOUSD-STD,cobra,24433879,H1,HOLD,HOLD,NONE,0,4.516824137116657,0,,,,,,,,,,,,,,,,0.084,0.084,95.562,97.367,93.162,95.417,,,,,,,,93.89412572027103,96.8425,0.2724259264133103,,,,,,none,True,,,,,,,,,,,,,,no_pattern_at_sr
2026-03-09T16:39:24.616664+00:00,BTCUSD,cobra,24433879,H1,HOLD,HOLD,NONE,0,651.0138608327636,0,,,,,,,,,,,,,,,,17.06,17.06,68859.22,69049.53,68619.42,68918.95,,,,,,,,67747.15176530762,69470.97,0.944219527390224,,,,,,none,True,,,,,,,,,,,,,,no_pattern_at_sr
2026-03-09T16:39:24.631606+00:00,USDJPY-STD,cobra,24433879,H1,HOLD,HOLD,NONE,0,0.2738804769542245,0,,,,,,,,,,,,,,,,0.018,0.018,158.075,158.217,157.982,158.083,,,,,,,,158.05084195574764,158.0795,0.009128069396547634,,,,,,none,True,,,,,,,,,,,,,,no_pattern_at_sr
2026-03-09T16:39:24.658587+00:00,USOUSD-STD,cobra,24433879,H1,HOLD,HOLD,NONE,0,4.516824137116657,0,,,,,,,,,,,,,,,,0.084,0.084,95.562,97.367,93.162,95.552,,,,,,,,93.89412572027103,96.8425,0.2724259264133103,,,,,,none,True,,,,,,,,,,,,,,no_pattern_at_sr
2026-03-09T16:40:25.045632+00:00,BTCUSD,cobra,24433879,H1,HOLD,HOLD,NONE,0,651.0138608327636,0,,,,,,,,,,,,,,,,17.08,17.08,68859.22,69049.53,68619.42,68997.91,,,,,,,,67747.15176530762,69470.97,0.944219527390224,,,,,,none,True,,,,,,,,,,,,,,no_pattern_at_sr
2026-03-09T16:40:25.060846+00:00,USDJPY-STD,cobra,24433879,H1,HOLD,HOLD,NONE,0,0.2738804769542245,0,,,,,,,,,,,,,,,,0.018,0.018,158.075,158.217,157.982,158.055,,,,,,,,158.05084195574764,158.0795,0.009128069396547634,,,,,,none,True,,,,,,,,,,,,,,no_pattern_at_sr
2026-03-09T16:40:25.088798+00:00,USOUSD-STD,cobra,24433879,H1,HOLD,HOLD,NONE,0,4.516824137116657,0,,,,,,,,,,,,,,,,0.084,0.084,95.562,97.367,93.162,95.322,,,,,,,,93.89412572027103,96.8425,0.2724259264133103,,,,,,none,True,,,,,,,,,,,,,,no_pattern_at_sr
2026-03-09T16:41:25.453581+00:00,BTCUSD,cobra,24433879,H1,HOLD,HOLD,NONE,0,654.5552894041923,0,,,,,,,,,,,,,,,,17.07,17.07,68859.22,69099.11,68619.42,69026.87,,,,,,,,67747.15176530762,69470.97,0.9391108894093982,,,,,,none,True,,,,,,,,,,,,,,no_pattern_at_sr
2026-03-09T16:41:25.468648+00:00,USDJPY-STD,cobra,24433879,H1,HOLD,HOLD,NONE,0,0.2738804769542245,0,,,,,,,,,,,,,,,,0.019,0.019,158.075,158.217,157.982,158.041,,,,,,,,158.05084195574764,158.0795,0.009128069396547634,,,,,,none,True,,,,,,,,,,,,,,no_pattern_at_sr
2026-03-09T16:41:25.496028+00:00,USOUSD-STD,cobra,24433879,H1,HOLD,HOLD,NONE,0,4.516824137116657,0,,,,,,,,,,,,,,,,0.084,0.084,95.562,97.367,93.162,95.512,,,,,,,,93.89412572027103,96.8425,0.2724259264133103,,,,,,none,True,,,,,,,,,,,,,,no_pattern_at_sr
2026-03-09T16:42:25.854614+00:00,BTCUSD,cobra,24433879,H1,HOLD,HOLD,NONE,0,654.5552894041923,0,,,,,,,,,,,,,,,,17.0,17.0,68859.22,69099.11,68619.42,69028.09,,,,,,,,67747.15176530762,69470.97,0.9391108894093982,,,,,,none,True,,,,,,,,,,,,,,no_pattern_at_sr
2026-03-09T16:42:25.869521+00:00,USDJPY-STD,cobra,24433879,H1,HOLD,HOLD,NONE,0,0.2738804769542245,0,,,,,,,,,,,,,,,,0.019,0.019,158.075,158.217,157.982,158.054,,,,,,,,158.05084195574764,158.0795,0.009128069396547634,,,,,,none,True,,,,,,,,,,,,,,no_pattern_at_sr
2026-03-09T16:42:25.897469+00:00,USOUSD-STD,cobra,24433879,H1,HOLD,HOLD,NONE,0,4.516824137116657,0,,,,,,,,,,,,,,,,0.084,0.084,95.562,97.367,93.162,95.432,,,,,,,,93.89412572027103,96.8425,0.2724259264133103,,,,,,none,True,,,,,,,,,,,,,,no_pattern_at_sr
2026-03-09T16:43:26.279700+00:00,BTCUSD,cobra,24433879,H1,HOLD,HOLD,NONE,0,654.9810036899071,0,,,,,,,,,,,,,,,,17.07,17.07,68859.22,69105.07,68619.42,69099.93,,,,,,,,67747.15176530762,69470.97,0.938500500834402,,,,,,none,True,,,,,,,,,,,,,,no_pattern_at_sr
2026-03-09T16:43:26.294758+00:00,USDJPY-STD,cobra,24433879,H1,HOLD,HOLD,NONE,0,0.2738804769542245,0,,,,,,,,,,,,,,,,0.019,0.019,158.075,158.217,157.982,158.03,,,,,,,,158.05084195574764,158.0795,0.009128069396547634,,,,,,none,True,,,,,,,,,,,,,,no_pattern_at_sr
2026-03-09T16:43:26.322126+00:00,USOUSD-STD,cobra,24433879,H1,HOLD,HOLD,NONE,0,4.516824137116657,0,,,,,,,,,,,,,,,,0.104,0.104,95.562,97.367,93.162,95.227,,,,,,,,93.89412572027103,96.8425,0.2724259264133103,,,,,,none,True,,,,,,,,,,,,,,no_pattern_at_sr
2026-03-09T16:44:26.673718+00:00,BTCUSD,cobra,24433879,H1,HOLD,HOLD,NONE,0,656.3302894041927,0,,,,,,,,,,,,,,,,16.95,16.95,68859.22,69123.96,68619.42,69103.61,,,,,,,,67747.15176530762,69470.97,0.9365711287803172,,,,,,none,True,,,,,,,,,,,,,,no_pattern_at_sr
2026-03-09T16:44:26.692288+00:00,USDJPY-STD,cobra,24433879,H1,HOLD,HOLD,NONE,0,0.2738804769542245,0,,,,,,,,,,,,,,,,0.02,0.02,158.075,158.217,157.982,157.995,,,,,,,,158.05084195574764,158.0795,0.009128069396547634,,,,,,none,True,,,,,,,,,,,,,,no_pattern_at_sr
2026-03-09T16:44:26.720066+00:00,USOUSD-STD,cobra,24433879,H1,HOLD,HOLD,NONE,0,4.516824137116657,0,,,,,,,,,,,,,,,,0.084,0.084,95.562,97.367,93.162,94.782,,,,,,,,93.89412572027103,96.8425,0.2724259264133103,,,,,,none,True,,,,,,,,,,,,,,no_pattern_at_sr
2026-03-09T16:45:27.067528+00:00,BTCUSD,cobra,24433879,H1,HOLD,HOLD,NONE,0,656.3302894041927,0,,,,,,,,,,,,,,,,17.04,17.04,68859.22,69123.96,68619.42,69040.44,,,,,,,,67747.15176530762,69470.97,0.9365711287803172,,,,,,none,True,,,,,,,,,,,,,,no_pattern_at_sr
2026-03-09T16:45:27.083703+00:00,USDJPY-STD,cobra,24433879,H1,HOLD,HOLD,NONE,0,0.2738804769542245,0,,,,,,,,,,,,,,,,0.018,0.018,158.075,158.217,157.982,157.996,,,,,,,,158.05084195574764,158.0795,0.009128069396547634,,,,,,none,True,,,,,,,,,,,,,,no_pattern_at_sr
2026-03-09T16:45:27.110881+00:00,USOUSD-STD,cobra,24433879,H1,HOLD,HOLD,NONE,0,4.516824137116657,0,,,,,,,,,,,,,,,,0.104,0.104,95.562,97.367,93.162,94.222,,,,,,,,93.89412572027103,96.8425,0.2724259264133103,,,,,,none,True,,,,,,,,,,,,,,no_pattern_at_sr
2026-03-09T16:46:27.532352+00:00,BTCUSD,cobra,24433879,H1,HOLD,HOLD,NONE,0,656.3302894041927,0,,,,,,,,,,,,,,,,17.05,17.05,68859.22,69123.96,68619.42,68969.79,,,,,,,,67747.15176530762,69470.97,0.9365711287803172,,,,,,none,True,,,,,,,,,,,,,,no_pattern_at_sr
2026-03-09T16:46:27.547882+00:00,USDJPY-STD,cobra,24433879,H1,HOLD,HOLD,NONE,0,0.2738804769542245,0,,,,,,,,,,,,,,,,0.019,0.019,158.075,158.217,157.982,158.005,,,,,,,,158.05084195574764,158.0795,0.009128069396547634,,,,,,none,True,,,,,,,,,,,,,,no_pattern_at_sr
2026-03-09T16:46:27.576248+00:00,USOUSD-STD,cobra,24433879,H1,HOLD,HOLD,NONE,0,4.516824137116657,0,,,,,,,,,,,,,,,,0.084,0.084,95.562,97.367,93.162,94.212,,,,,,,,93.89412572027103,96.8425,0.2724259264133103,,,,,,none,True,,,,,,,,,,,,,,no_pattern_at_sr
2026-03-09T16:47:27.914040+00:00,BTCUSD,cobra,24433879,H1,HOLD,HOLD,NONE,0,656.3302894041927,0,,,,,,,,,,,,,,,,17.04,17.04,68859.22,69123.96,68619.42,68991.96,,,,,,,,67747.15176530762,69470.97,0.9365711287803172,,,,,,none,True,,,,,,,,,,,,,,no_pattern_at_sr
2026-03-09T16:47:27.928734+00:00,USDJPY-STD,cobra,24433879,H1,HOLD,HOLD,NONE,0,0.2738804769542245,0,,,,,,,,,,,,,,,,0.018,0.018,158.075,158.217,157.982,157.991,,,,,,,,158.05084195574764,158.0795,0.009128069396547634,,,,,,none,True,,,,,,,,,,,,,,no_pattern_at_sr
2026-03-09T16:47:27.958001+00:00,USOUSD-STD,cobra,24433879,H1,HOLD,HOLD,NONE,0,4.516824137116657,0,,,,,,,,,,,,,,,,0.104,0.104,95.562,97.367,93.162,93.662,,,,,,,,93.89412572027103,96.8425,0.2724259264133103,,,,,,none,True,,,,,,,,,,,,,,no_pattern_at_sr
2026-03-09T16:48:28.400325+00:00,BTCUSD,cobra,24433879,H1,HOLD,HOLD,NONE,0,656.3302894041927,0,,,,,,,,,,,,,,,,17.11,17.11,68859.22,69123.96,68619.42,68985.25,,,,,,,,67747.15176530762,69470.97,0.9365711287803172,,,,,,none,True,,,,,,,,,,,,,,no_pattern_at_sr
2026-03-09T16:48:28.417707+00:00,USDJPY-STD,cobra,24433879,H1,HOLD,HOLD,NONE,0,0.27516619123993885,0,,,,,,,,,,,,,,,,0.019,0.019,158.075,158.217,157.964,157.969,,,,,,,,158.05084195574764,158.0795,0.009085418483761987,,,,,,none,True,,,,,,,,,,,,,,no_pattern_at_sr
2026-03-09T16:48:28.445071+00:00,USOUSD-STD,cobra,24433879,H1,HOLD,HOLD,NONE,0,4.516824137116657,0,,,,,,,,,,,,,,,,0.084,0.084,95.562,97.367,93.162,93.642,,,,,,,,93.89412572027103,96.8425,0.2724259264133103,,,,,,none,True,,,,,,,,,,,,,,no_pattern_at_sr
2026-03-09T16:49:28.808803+00:00,BTCUSD,cobra,24433879,H1,HOLD,HOLD,NONE,0,656.3302894041927,0,,,,,,,,,,,,,,,,17.04,17.04,68859.22,69123.96,68619.42,69012.41,,,,,,,,67747.15176530762,69470.97,0.9365711287803172,,,,,,none,True,,,,,,,,,,,,,,no_pattern_at_sr
2026-03-09T16:49:28.823560+00:00,USDJPY-STD,cobra,24433879,H1,HOLD,HOLD,NONE,0,0.27516619123993885,0,,,,,,,,,,,,,,,,0.018,0.018,158.075,158.217,157.964,157.97,,,,,,,,158.05084195574764,158.0795,0.009085418483761987,,,,,,none,True,,,,,,,,,,,,,,no_pattern_at_sr
2026-03-09T16:49:28.851892+00:00,USOUSD-STD,cobra,24433879,H1,HOLD,HOLD,NONE,0,4.516824137116657,0,,,,,,,,,,,,,,,,0.084,0.084,95.562,97.367,93.162,93.647,,,,,,,,93.89412572027103,96.8425,0.2724259264133103,,,,,,none,True,,,,,,,,,,,,,,no_pattern_at_sr
2026-03-09T16:50:29.219044+00:00,BTCUSD,cobra,24433879,H1,HOLD,HOLD,NONE,0,656.3302894041927,0,,,,,,,,,,,,,,,,17.11,17.11,68859.22,69123.96,68619.42,68978.8,,,,,,,,67747.15176530762,69470.97,0.9365711287803172,,,,,,none,True,,,,,,,,,,,,,,no_pattern_at_sr
2026-03-09T16:50:29.234808+00:00,USDJPY-STD,cobra,24433879,H1,HOLD,HOLD,NONE,0,0.27516619123993885,0,,,,,,,,,,,,,,,,0.028,0.028,158.075,158.217,157.964,158.021,,,,,,,,158.05084195574764,158.0795,0.009085418483761987,,,,,,none,True,,,,,,,,,,,,,,no_pattern_at_sr
2026-03-09T16:50:29.263939+00:00,USOUSD-STD,cobra,24433879,H1,HOLD,HOLD,NONE,0,4.516824137116657,0,,,,,,,,,,,,,,,,0.084,0.084,95.562,97.367,93.162,93.897,,,,,,,,93.89412572027103,96.8425,0.2724259264133103,,,,,,none,True,,,,,,,,,,,,,,no_pattern_at_sr
2026-03-09T16:51:29.641050+00:00,BTCUSD,cobra,24433879,H1,HOLD,HOLD,NONE,0,656.3302894041927,0,,,,,,,,,,,,,,,,17.05,17.05,68859.22,69123.96,68619.42,69013.67,,,,,,,,67747.15176530762,69470.97,0.9365711287803172,,,,,,none,True,,,,,,,,,,,,,,no_pattern_at_sr
2026-03-09T16:51:29.655850+00:00,USDJPY-STD,cobra,24433879,H1,HOLD,HOLD,NONE,0,0.27516619123993885,0,,,,,,,,,,,,,,,,0.019,0.019,158.075,158.217,157.964,157.996,,,,,,,,158.05084195574764,158.0795,0.009085418483761987,,,,,,none,True,,,,,,,,,,,,,,no_pattern_at_sr
2026-03-09T16:51:29.682907+00:00,USOUSD-STD,cobra,24433879,H1,HOLD,HOLD,NONE,0,4.516824137116657,0,,,,,,,,,,,,,,,,0.084,0.084,95.562,97.367,93.162,93.817,,,,,,,,93.89412572027103,96.8425,0.2724259264133103,,,,,,none,True,,,,,,,,,,,,,,no_pattern_at_sr
2026-03-09T16:52:30.048924+00:00,BTCUSD,cobra,24433879,H1,HOLD,HOLD,NONE,0,656.3302894041927,0,,,,,,,,,,,,,,,,17.05,17.05,68859.22,69123.96,68619.42,69095.26,,,,,,,,67747.15176530762,69470.97,0.9365711287803172,,,,,,none,True,,,,,,,,,,,,,,no_pattern_at_sr
2026-03-09T16:52:30.064409+00:00,USDJPY-STD,cobra,24433879,H1,HOLD,HOLD,NONE,0,0.27516619123993885,0,,,,,,,,,,,,,,,,0.019,0.019,158.075,158.217,157.964,157.999,,,,,,,,158.05084195574764,158.0795,0.009085418483761987,,,,,,none,True,,,,,,,,,,,,,,no_pattern_at_sr
2026-03-09T16:52:30.091639+00:00,USOUSD-STD,cobra,24433879,H1,HOLD,HOLD,NONE,0,4.516824137116657,0,,,,,,,,,,,,,,,,0.084,0.084,95.562,97.367,93.162,93.852,,,,,,,,93.89412572027103,96.8425,0.2724259264133103,,,,,,none,True,,,,,,,,,,,,,,no_pattern_at_sr
2026-03-09T16:53:30.463841+00:00,BTCUSD,cobra,24433879,H1,HOLD,HOLD,NONE,0,663.3088608327639,0,,,,,,,,,,,,,,,,17.01,17.01,68859.22,69221.66,68619.42,69122.01,,,,,,,,67747.15176530762,69470.97,0.926717606679127,,,,,,none,True,,,,,,,,,,,,,,no_pattern_at_sr
2026-03-09T16:53:30.480232+00:00,USDJPY-STD,cobra,24433879,H1,HOLD,HOLD,NONE,0,0.27516619123993885,0,,,,,,,,,,,,,,,,0.02,0.02,158.075,158.217,157.964,158.006,,,,,,,,158.05084195574764,158.0795,0.009085418483761987,,,,,,none,True,,,,,,,,,,,,,,no_pattern_at_sr
2026-03-09T16:53:30.507672+00:00,USOUSD-STD,cobra,24433879,H1,HOLD,HOLD,NONE,0,4.516824137116657,0,,,,,,,,,,,,,,,,0.084,0.084,95.562,97.367,93.162,94.112,,,,,,,,93.89412572027103,96.8425,0.2724259264133103,,,,,,none,True,,,,,,,,,,,,,,no_pattern_at_sr
2026-03-09T16:54:30.891102+00:00,BTCUSD,cobra,24433879,H1,HOLD,HOLD,NONE,0,663.3088608327639,0,,,,,,,,,,,,,,,,17.05,17.05,68859.22,69221.66,68619.42,68988.93,,,,,,,,67747.15176530762,69470.97,0.926717606679127,,,,,,none,True,,,,,,,,,,,,,,no_pattern_at_sr
2026-03-09T16:54:30.905724+00:00,USDJPY-STD,cobra,24433879,H1,HOLD,HOLD,NONE,0,0.27516619123993885,0,,,,,,,,,,,,,,,,0.02,0.02,158.075,158.217,157.964,158.029,,,,,,,,158.05084195574764,158.0795,0.009085418483761987,,,,,,none,True,,,,,,,,,,,,,,no_pattern_at_sr
2026-03-09T16:54:30.934129+00:00,USOUSD-STD,cobra,24433879,H1,HOLD,HOLD,NONE,0,4.516824137116657,0,,,,,,,,,,,,,,,,0.084,0.084,95.562,97.367,93.162,94.337,,,,,,,,93.89412572027103,96.8425,0.2724259264133103,,,,,,none,True,,,,,,,,,,,,,,no_pattern_at_sr
2026-03-09T16:55:31.274110+00:00,BTCUSD,cobra,24433879,H1,HOLD,HOLD,NONE,0,663.3088608327639,0,,,,,,,,,,,,,,,,17.07,17.07,68859.22,69221.66,68619.42,68919.45,,,,,,,,67747.15176530762,69470.97,0.926717606679127,,,,,,none,True,,,,,,,,,,,,,,no_pattern_at_sr
2026-03-09T16:55:31.288264+00:00,USDJPY-STD,cobra,24433879,H1,HOLD,HOLD,NONE,0,0.27516619123993885,0,,,,,,,,,,,,,,,,0.02,0.02,158.075,158.217,157.964,158.068,,,,,,,,158.05084195574764,158.0795,0.009085418483761987,,,,,,none,True,,,,,,,,,,,,,,no_pattern_at_sr
2026-03-09T16:55:31.316371+00:00,USOUSD-STD,cobra,24433879,H1,HOLD,HOLD,NONE,0,4.516824137116657,0,,,,,,,,,,,,,,,,0.084,0.084,95.562,97.367,93.162,94.242,,,,,,,,93.89412572027103,96.8425,0.2724259264133103,,,,,,none,True,,,,,,,,,,,,,,no_pattern_at_sr
2026-03-09T16:56:31.713822+00:00,BTCUSD,cobra,24433879,H1,HOLD,HOLD,NONE,0,663.3088608327639,0,,,,,,,,,,,,,,,,16.95,16.95,68859.22,69221.66,68619.42,68989.24,,,,,,,,67747.15176530762,69470.97,0.926717606679127,,,,,,none,True,,,,,,,,,,,,,,no_pattern_at_sr
2026-03-09T16:56:31.728502+00:00,USDJPY-STD,cobra,24433879,H1,HOLD,HOLD,NONE,0,0.27516619123993885,0,,,,,,,,,,,,,,,,0.018,0.018,158.075,158.217,157.964,158.062,,,,,,,,158.05084195574764,158.0795,0.009085418483761987,,,,,,none,True,,,,,,,,,,,,,,no_pattern_at_sr
2026-03-09T16:56:31.757889+00:00,USOUSD-STD,cobra,24433879,H1,HOLD,HOLD,NONE,0,4.516824137116657,0,,,,,,,,,,,,,,,,0.084,0.084,95.562,97.367,93.162,94.297,,,,,,,,93.89412572027103,96.8425,0.2724259264133103,,,,,,none,True,,,,,,,,,,,,,,no_pattern_at_sr
2026-03-09T16:57:32.096209+00:00,BTCUSD,cobra,24433879,H1,HOLD,HOLD,NONE,0,663.3088608327639,0,,,,,,,,,,,,,,,,16.99,16.99,68859.22,69221.66,68619.42,68952.48,,,,,,,,67747.15176530762,69470.97,0.926717606679127,,,,,,none,True,,,,,,,,,,,,,,no_pattern_at_sr
2026-03-09T16:57:32.111608+00:00,USDJPY-STD,cobra,24433879,H1,HOLD,HOLD,NONE,0,0.27516619123993885,0,,,,,,,,,,,,,,,,0.018,0.018,158.075,158.217,157.964,158.091,,,,,,,,158.05084195574764,158.0795,0.009085418483761987,,,,,,none,True,,,,,,,,,,,,,,no_pattern_at_sr
2026-03-09T16:57:32.139825+00:00,USOUSD-STD,cobra,24433879,H1,HOLD,HOLD,NONE,0,4.516824137116657,0,,,,,,,,,,,,,,,,0.084,0.084,95.562,97.367,93.162,94.522,,,,,,,,93.89412572027103,96.8425,0.2724259264133103,,,,,,none,True,,,,,,,,,,,,,,no_pattern_at_sr
2026-03-09T16:58:32.493260+00:00,BTCUSD,cobra,24433879,H1,HOLD,HOLD,NONE,0,663.3088608327639,0,,,,,,,,,,,,,,,,17.1,17.1,68859.22,69221.66,68619.42,68956.34,,,,,,,,67747.15176530762,69470.97,0.926717606679127,,,,,,none,True,,,,,,,,,,,,,,no_pattern_at_sr
2026-03-09T16:58:32.510061+00:00,USDJPY-STD,cobra,24433879,H1,HOLD,HOLD,NONE,0,0.27516619123993885,0,,,,,,,,,,,,,,,,0.02,0.02,158.075,158.217,157.964,158.12,,,,,,,,158.05084195574764,158.0795,0.009085418483761987,,,,,,none,True,,,,,,,,,,,,,,no_pattern_at_sr
2026-03-09T16:58:32.539335+00:00,USOUSD-STD,cobra,24433879,H1,HOLD,HOLD,NONE,0,4.516824137116657,0,,,,,,,,,,,,,,,,0.084,0.084,95.562,97.367,93.162,94.837,,,,,,,,93.89412572027103,96.8425,0.2724259264133103,,,,,,none,True,,,,,,,,,,,,,,no_pattern_at_sr
2026-03-09T16:59:32.889412+00:00,BTCUSD,cobra,24433879,H1,HOLD,HOLD,NONE,0,663.3088608327639,0,,,,,,,,,,,,,,,,17.11,17.11,68859.22,69221.66,68619.42,68956.91,,,,,,,,67747.15176530762,69470.97,0.926717606679127,,,,,,none,True,,,,,,,,,,,,,,no_pattern_at_sr
2026-03-09T16:59:32.904096+00:00,USDJPY-STD,cobra,24433879,H1,HOLD,HOLD,NONE,0,0.27516619123993885,0,,,,,,,,,,,,,,,,0.019,0.019,158.075,158.217,157.964,158.128,,,,,,,,158.05084195574764,158.0795,0.009085418483761987,,,,,,none,True,,,,,,,,,,,,,,no_pattern_at_sr
2026-03-09T16:59:32.931911+00:00,USOUSD-STD,cobra,24433879,H1,HOLD,HOLD,NONE,0,4.516824137116657,0,,,,,,,,,,,,,,,,0.084,0.084,95.562,97.367,93.162,94.832,,,,,,,,93.89412572027103,96.8425,0.2724259264133103,,,,,,none,True,,,,,,,,,,,,,,no_pattern_at_sr
2026-03-09T17:00:33.307985+00:00,BTCUSD,cobra,24433879,H1,HOLD,HOLD,NONE,0,618.5831939753846,0,,,,,,,,,,,,,,,,17.05,17.05,68955.58,68976.42,68939.27,68952.11,,,,,,,,67794.48739194023,68619.42,0.5356110596389583,,,,,,none,True,,,,,,,,,,,,,,no_pattern_at_sr
2026-03-09T17:00:33.323096+00:00,USDJPY-STD,cobra,24433879,H1,HOLD,HOLD,NONE,0,0.2576543273600677,0,,,,,,,,,,,,,,,,0.018,0.018,158.13,158.157,158.127,158.153,,,,,,,,158.05395560990883,158.0795,0.1959990368391004,,,,,,none,True,,,,,,,,,,,,,,no_pattern_at_sr
2026-03-09T17:00:33.365764+00:00,USOUSD-STD,cobra,24433879,H1,HOLD,HOLD,NONE,0,4.2127652542189065,0,,,,,,,,,,,,,,,,0.084,0.084,94.772,94.772,94.522,94.587,,,,,,,,93.92884142859218,93.162,0.38454551873680326,,,,,,none,True,,,,,,,,,,,,,,no_pattern_at_sr
2026-03-09T17:01:33.727673+00:00,BTCUSD,cobra,24433879,H1,HOLD,HOLD,NONE,0,622.4896225468133,0,,,,,,,,,,,,,,,,16.99,16.99,68955.58,69017.8,68925.96,68977.35,,,,,,,,67794.48739194023,68619.42,0.5322498367835692,,,,,,none,True,,,,,,,,,,,,,,no_pattern_at_sr
2026-03-09T17:01:33.742646+00:00,USDJPY-STD,cobra,24433879,H1,HOLD,HOLD,NONE,0,0.25844004164578166,0,,,,,,,,,,,,,,,,0.018,0.018,158.13,158.157,158.116,158.118,,,,,,,,158.05395560990883,158.0795,0.1954031568730937,,,,,,none,True,,,,,,,,,,,,,,no_pattern_at_sr
2026-03-09T17:01:33.784986+00:00,USOUSD-STD,cobra,24433879,H1,HOLD,HOLD,NONE,0,4.227050968504621,0,,,,,,,,,,,,,,,,0.084,0.084,94.772,94.772,94.322,94.362,,,,,,,,93.92884142859218,93.162,0.38324591117317147,,,,,,none,True,,,,,,,,,,,,,,no_pattern_at_sr
2026-03-09T17:02:34.132648+00:00,BTCUSD,cobra,24433879,H1,HOLD,HOLD,NONE,0,624.9781939753856,0,,,,,,,,,,,,,,,,17.07,17.07,68955.58,69017.8,68891.12,68913.18,,,,,,,,67794.48739194023,68619.42,0.5301304960618447,,,,,,none,True,,,,,,,,,,,,,,no_pattern_at_sr
2026-03-09T17:02:34.146923+00:00,USDJPY-STD,cobra,24433879,H1,HOLD,HOLD,NONE,0,0.25901147021721094,0,,,,,,,,,,,,,,,,0.019,0.019,158.13,158.157,158.108,158.121,,,,,,,,158.05395560990883,158.0795,0.19497206034022155,,,,,,none,True,,,,,,,,,,,,,,no_pattern_at_sr
2026-03-09T17:02:34.187455+00:00,USOUSD-STD,cobra,24433879,H1,HOLD,HOLD,NONE,0,4.233479539933192,0,,,,,,,,,,,,,,,,0.084,0.084,94.772,94.772,94.232,94.567,,,,,,,,93.92884142859218,93.162,0.38266394929253755,,,,,,none,True,,,,,,,,,,,,,,no_pattern_at_sr
2026-03-09T17:03:34.556182+00:00,BTCUSD,cobra,24433879,H1,HOLD,HOLD,NONE,0,626.2881939753853,0,,,,,,,,,,,,,,,,17.03,17.03,68955.58,69017.8,68872.78,68929.56,,,,,,,,67794.48739194023,68619.42,0.5290216280414647,,,,,,none,True,,,,,,,,,,,,,,no_pattern_at_sr
2026-03-09T17:03:34.570948+00:00,USDJPY-STD,cobra,24433879,H1,HOLD,HOLD,NONE,0,0.25901147021721094,0,,,,,,,,,,,,,,,,0.018,0.018,158.13,158.157,158.108,158.156,,,,,,,,158.05395560990883,158.0795,0.19497206034022155,,,,,,none,True,,,,,,,,,,,,,,no_pattern_at_sr
2026-03-09T17:03:34.612911+00:00,USOUSD-STD,cobra,24433879,H1,HOLD,HOLD,NONE,0,4.233479539933192,0,,,,,,,,,,,,,,,,0.084,0.084,94.772,94.772,94.232,94.582,,,,,,,,93.92884142859218,93.162,0.38266394929253755,,,,,,none,True,,,,,,,,,,,,,,no_pattern_at_sr
2026-03-09T17:04:35.003072+00:00,BTCUSD,cobra,24433879,H1,HOLD,HOLD,NONE,0,626.2881939753853,0,,,,,,,,,,,,,,,,17.03,17.03,68955.58,69017.8,68872.78,68935.55,,,,,,,,67794.48739194023,68619.42,0.5290216280414647,,,,,,none,True,,,,,,,,,,,,,,no_pattern_at_sr
2026-03-09T17:04:35.017977+00:00,USDJPY-STD,cobra,24433879,H1,HOLD,HOLD,NONE,0,0.2596543273600671,0,,,,,,,,,,,,,,,,0.019,0.019,158.13,158.166,158.108,158.166,,,,,,,,158.05395560990883,158.0795,0.19448934478942972,,,,,,none,True,,,,,,,,,,,,,,no_pattern_at_sr
2026-03-09T17:04:35.061446+00:00,USOUSD-STD,cobra,24433879,H1,HOLD,HOLD,NONE,0,4.260265254218907,0,,,,,,,,,,,,,,,,0.104,0.104,94.772,95.157,94.232,95.132,,,,,,,,93.92884142859218,93.162,0.3802580129008909,,,,,,none,True,,,,,,,,,,,,,,no_pattern_at_sr
2026-03-09T17:05:35.421352+00:00,BTCUSD,cobra,24433879,H1,HOLD,HOLD,NONE,0,626.2881939753853,0,,,,,,,,,,,,,,,,17.06,17.06,68955.58,69017.8,68872.78,68979.0,,,,,,,,67794.48739194023,68619.42,0.5290216280414647,,,,,,none,True,,,,,,,,,,,,,,no_pattern_at_sr
2026-03-09T17:05:35.436198+00:00,USDJPY-STD,cobra,24433879,H1,HOLD,HOLD,NONE,0,0.2598686130743538,0,,,,,,,,,,,,,,,,0.02,0.02,158.13,158.169,158.108,158.155,,,,,,,,158.05395560990883,158.0795,0.19432897033067414,,,,,,none,True,,,,,,,,,,,,,,no_pattern_at_sr
2026-03-09T17:05:35.477936+00:00,USOUSD-STD,cobra,24433879,H1,HOLD,HOLD,NONE,0,4.262050968504622,0,,,,,,,,,,,,,,,,0.084,0.084,94.772,95.182,94.232,94.642,,,,,,,,93.92884142859218,93.162,0.38009869238339533,,,,,,none,True,,,,,,,,,,,,,,no_pattern_at_sr
2026-03-09T17:06:35.829717+00:00,BTCUSD,cobra,24433879,H1,HOLD,HOLD,NONE,0,627.5703368325279,0,,,,,,,,,,,,,,,,16.96,16.96,68955.58,69035.75,68872.78,69021.44,,,,,,,,67794.48739194023,68619.42,0.5279408228123795,,,,,,none,True,,,,,,,,,,,,,,no_pattern_at_sr
2026-03-09T17:06:35.845357+00:00,USDJPY-STD,cobra,24433879,H1,HOLD,HOLD,NONE,0,0.2607257559314967,0,,,,,,,,,,,,,,,,0.018,0.018,158.13,158.181,158.108,158.176,,,,,,,,158.05395560990883,158.0795,0.19369010867214803,,,,,,none,True,,,,,,,,,,,,,,no_pattern_at_sr
2026-03-09T17:06:35.885847+00:00,USOUSD-STD,cobra,24433879,H1,HOLD,HOLD,NONE,0,4.262050968504622,0,,,,,,,,,,,,,,,,0.084,0.084,94.772,95.182,94.232,94.837,,,,,,,,93.92884142859218,93.162,0.38009869238339533,,,,,,none,True,,,,,,,,,,,,,,no_pattern_at_sr
2026-03-09T17:07:36.235329+00:00,BTCUSD,cobra,24433879,H1,HOLD,HOLD,NONE,0,627.5703368325279,0,,,,,,,,,,,,,,,,17.06,17.06,68955.58,69035.75,68872.78,69025.55,,,,,,,,67794.48739194023,68619.42,0.5279408228123795,,,,,,none,True,,,,,,,,,,,,,,no_pattern_at_sr
2026-03-09T17:07:36.250441+00:00,USDJPY-STD,cobra,24433879,H1,HOLD,HOLD,NONE,0,0.2607257559314967,0,,,,,,,,,,,,,,,,0.018,0.018,158.13,158.181,158.108,158.164,,,,,,,,158.05395560990883,158.0795,0.19369010867214803,,,,,,none,True,,,,,,,,,,,,,,no_pattern_at_sr
2026-03-09T17:07:36.291748+00:00,USOUSD-STD,cobra,24433879,H1,HOLD,HOLD,NONE,0,4.262050968504622,0,,,,,,,,,,,,,,,,0.104,0.104,94.772,95.182,94.232,95.022,,,,,,,,93.92884142859218,93.162,0.38009869238339533,,,,,,none,True,,,,,,,,,,,,,,no_pattern_at_sr
2026-03-09T17:08:36.649076+00:00,BTCUSD,cobra,24433879,H1,HOLD,HOLD,NONE,0,629.4503368325285,0,,,,,,,,,,,,,,,,16.95,16.95,68955.58,69062.07,68872.78,69042.38,,,,,,,,67794.48739194023,68619.42,0.5263640046127388,,,,,,none,True,,,,,,,,,,,,,,no_pattern_at_sr
2026-03-09T17:08:36.666798+00:00,USDJPY-STD,cobra,24433879,H1,HOLD,HOLD,NONE,0,0.2607971845029236,0,,,,,,,,,,,,,,,,0.019,0.019,158.13,158.182,158.108,158.181,,,,,,,,158.05395560990883,158.0795,0.19363705975680665,,,,,,none,True,,,,,,,,,,,,,,no_pattern_at_sr
2026-03-09T17:08:36.707505+00:00,USOUSD-STD,cobra,24433879,H1,HOLD,HOLD,NONE,0,4.267408111361765,0,,,,,,,,,,,,,,,,0.084,0.084,94.772,95.257,94.232,95.192,,,,,,,,93.92884142859218,93.162,0.37962153085073347,,,,,,none,True,,,,,,,,,,,,,,no_pattern_at_sr
2026-03-09T17:09:37.052378+00:00,BTCUSD,cobra,24433879,H1,HOLD,HOLD,NONE,0,629.4503368325285,0,,,,,,,,,,,,,,,,17.05,17.05,68955.58,69062.07,68872.78,68998.55,,,,,,,,67794.48739194023,68619.42,0.5263640046127388,,,,,,none,True,,,,,,,,,,,,,,no_pattern_at_sr
2026-03-09T17:09:37.067723+00:00,USDJPY-STD,cobra,24433879,H1,HOLD,HOLD,NONE,0,0.2626543273600672,0,,,,,,,,,,,,,,,,0.018,0.018,158.13,158.208,158.108,158.207,,,,,,,,158.05395560990883,158.0795,0.19226791542927893,,,,,,none,True,,,,,,,,,,,,,,no_pattern_at_sr
2026-03-09T17:09:37.109455+00:00,USOUSD-STD,cobra,24433879,H1,HOLD,HOLD,NONE,0,4.267408111361765,0,,,,,,,,,,,,,,,,0.104,0.104,94.772,95.257,94.232,95.012,,,,,,,,93.92884142859218,93.162,0.37962153085073347,,,,,,none,True,,,,,,,,,,,,,,no_pattern_at_sr
2026-03-09T17:10:37.481653+00:00,BTCUSD,cobra,24433879,H1,HOLD,HOLD,NONE,0,630.8546225468134,0,,,,,,,,,,,,,,,,17.12,17.12,68955.58,69081.73,68872.78,69030.77,,,,,,,,67794.48739194023,68619.42,0.5251923155646228,,,,,,none,True,,,,,,,,,,,,,,no_pattern_at_sr
2026-03-09T17:10:37.497612+00:00,USDJPY-STD,cobra,24433879,H1,HOLD,HOLD,NONE,0,0.2627257559314961,0,,,,,,,,,,,,,,,,0.02,0.02,158.13,158.209,158.108,158.192,,,,,,,,158.05395560990883,158.0795,0.19221564258498913,,,,,,none,True,,,,,,,,,,,,,,no_pattern_at_sr
2026-03-09T17:10:37.539276+00:00,USOUSD-STD,cobra,24433879,H1,HOLD,HOLD,NONE,0,4.267408111361765,0,,,,,,,,,,,,,,,,0.084,0.084,94.772,95.257,94.232,94.702,,,,,,,,93.92884142859218,93.162,0.37962153085073347,,,,,,none,True,,,,,,,,,,,,,,no_pattern_at_sr
2026-03-09T17:11:37.905942+00:00,BTCUSD,cobra,24433879,H1,HOLD,HOLD,NONE,0,630.8546225468134,0,,,,,,,,,,,,,,,,17.11,17.11,68955.58,69081.73,68872.78,69034.48,,,,,,,,67794.48739194023,68619.42,0.5251923155646228,,,,,,none,True,,,,,,,,,,,,,,no_pattern_at_sr
2026-03-09T17:11:37.920789+00:00,USDJPY-STD,cobra,24433879,H1,HOLD,HOLD,NONE,0,0.26279718450292505,0,,,,,,,,,,,,,,,,0.018,0.018,158.13,158.21,158.108,158.209,,,,,,,,158.05395560990883,158.0795,0.19216339815633549,,,,,,none,True,,,,,,,,,,,,,,no_pattern_at_sr
2026-03-09T17:11:37.961319+00:00,USOUSD-STD,cobra,24433879,H1,HOLD,HOLD,NONE,0,4.267408111361765,0,,,,,,,,,,,,,,,,0.084,0.084,94.772,95.257,94.232,94.837,,,,,,,,93.92884142859218,93.162,0.37962153085073347,,,,,,none,True,,,,,,,,,,,,,,no_pattern_at_sr
2026-03-09T17:12:38.324287+00:00,BTCUSD,cobra,24433879,H1,HOLD,HOLD,NONE,0,630.8546225468134,0,,,,,,,,,,,,,,,,17.04,17.04,68955.58,69081.73,68872.78,68980.58,,,,,,,,67794.48739194023,68619.42,0.5251923155646228,,,,,,none,True,,,,,,,,,,,,,,no_pattern_at_sr
2026-03-09T17:12:38.339176+00:00,USDJPY-STD,cobra,24433879,H1,HOLD,HOLD,NONE,0,0.2646543273600666,0,,,,,,,,,,,,,,,,0.019,0.019,158.13,158.236,158.108,158.234,,,,,,,,158.05395560990883,158.0795,0.1908149415267012,,,,,,none,True,,,,,,,,,,,,,,no_pattern_at_sr
2026-03-09T17:12:38.381289+00:00,USOUSD-STD,cobra,24433879,H1,HOLD,HOLD,NONE,0,4.27312239707605,0,,,,,,,,,,,,,,,,0.084,0.084,94.772,95.337,94.232,95.232,,,,,,,,93.92884142859218,93.162,0.37911387726887963,,,,,,none,True,,,,,,,,,,,,,,no_pattern_at_sr
2026-03-09T17:13:38.735620+00:00,BTCUSD,cobra,24433879,H1,HOLD,HOLD,NONE,0,630.8546225468134,0,,,,,,,,,,,,,,,,16.97,16.97,68955.58,69081.73,68872.78,69000.18,,,,,,,,67794.48739194023,68619.42,0.5251923155646228,,,,,,none,True,,,,,,,,,,,,,,no_pattern_at_sr
2026-03-09T17:13:38.752033+00:00,USDJPY-STD,cobra,24433879,H1,HOLD,HOLD,NONE,0,0.26629718450292345,0,,,,,,,,,,,,,,,,0.018,0.018,158.13,158.259,158.108,158.258,,,,,,,,158.05395560990883,158.0795,0.18963775412895945,,,,,,none,True,,,,,,,,,,,,,,no_pattern_at_sr
2026-03-09T17:13:38.793357+00:00,USOUSD-STD,cobra,24433879,H1,HOLD,HOLD,NONE,0,4.27312239707605,0,,,,,,,,,,,,,,,,0.084,0.084,94.772,95.337,94.232,95.267,,,,,,,,93.92884142859218,93.162,0.37911387726887963,,,,,,none,True,,,,,,,,,,,,,,no_pattern_at_sr
2026-03-09T17:14:39.140646+00:00,BTCUSD,cobra,24433879,H1,HOLD,HOLD,NONE,0,630.8546225468134,0,,,,,,,,,,,,,,,,17.08,17.08,68955.58,69081.73,68872.78,68969.76,,,,,,,,67794.48739194023,68619.42,0.5251923155646228,,,,,,none,True,,,,,,,,,,,,,,no_pattern_at_sr
2026-03-09T17:14:39.154884+00:00,USDJPY-STD,cobra,24433879,H1,HOLD,HOLD,NONE,0,0.26679718450292383,0,,,,,,,,,,,,,,,,0.019,0.019,158.13,158.266,158.108,158.257,,,,,,,,158.05395560990883,158.0795,0.18928235728606843,,,,,,none,True,,,,,,,,,,,,,,no_pattern_at_sr
2026-03-09T17:14:39.196528+00:00,USOUSD-STD,cobra,24433879,H1,HOLD,HOLD,NONE,0,4.275265254218907,0,,,,,,,,,,,,,,,,0.084,0.084,94.772,95.367,94.232,95.282,,,,,,,,93.92884142859218,93.162,0.37892385704053,,,,,,none,True,,,,,,,,,,,,,,no_pattern_at_sr
2026-03-09T17:15:39.532573+00:00,BTCUSD,cobra,24433879,H1,HOLD,HOLD,NONE,0,630.8546225468134,0,,,,,,,,,,,,,,,,17.02,17.02,68955.58,69081.73,68872.78,68990.64,,,,,,,,67794.48739194023,68619.42,0.5251923155646228,,,,,,none,True,,,,,,,,,,,,,,no_pattern_at_sr
2026-03-09T17:15:39.547595+00:00,USDJPY-STD,cobra,24433879,H1,HOLD,HOLD,NONE,0,0.26679718450292383,0,,,,,,,,,,,,,,,,0.018,0.018,158.13,158.266,158.108,158.244,,,,,,,,158.05395560990883,158.0795,0.18928235728606843,,,,,,none,True,,,,,,,,,,,,,,no_pattern_at_sr
2026-03-09T17:15:39.589549+00:00,USOUSD-STD,cobra,24433879,H1,HOLD,HOLD,NONE,0,4.2806223970760495,0,,,,,,,,,,,,,,,,0.084,0.084,94.772,95.442,94.232,95.282,,,,,,,,93.92884142859218,93.162,0.3784496387970493,,,,,,none,True,,,,,,,,,,,,,,no_pattern_at_sr
2026-03-09T17:16:39.995235+00:00,BTCUSD,cobra,24433879,H1,HOLD,HOLD,NONE,0,630.8546225468134,0,,,,,,,,,,,,,,,,17.07,17.07,68955.58,69081.73,68872.78,69021.5,,,,,,,,67794.48739194023,68619.42,0.5251923155646228,,,,,,none,True,,,,,,,,,,,,,,no_pattern_at_sr
2026-03-09T17:16:40.011628+00:00,USDJPY-STD,cobra,24433879,H1,HOLD,HOLD,NONE,0,0.2679400416457824,0,,,,,,,,,,,,,,,,0.018,0.018,158.13,158.282,158.108,158.264,,,,,,,,158.05395560990883,158.0795,0.18847500242894158,,,,,,none,True,,,,,,,,,,,,,,no_pattern_at_sr
2026-03-09T17:16:40.053977+00:00,USOUSD-STD,cobra,24433879,H1,HOLD,HOLD,NONE,0,4.286336682790336,0,,,,,,,,,,,,,,,,0.084,0.084,94.772,95.522,94.232,95.327,,,,,,,,93.92884142859218,93.162,0.3779451125489742,,,,,,none,True,,,,,,,,,,,,,,no_pattern_at_sr
2026-03-09T17:17:40.414398+00:00,BTCUSD,cobra,24433879,H1,HOLD,HOLD,NONE,0,630.8546225468134,0,,,,,,,,,,,,,,,,17.11,17.11,68955.58,69081.73,68872.78,69017.9,,,,,,,,67794.48739194023,68619.42,0.5251923155646228,,,,,,none,True,,,,,,,,,,,,,,no_pattern_at_sr
2026-03-09T17:17:40.429607+00:00,USDJPY-STD,cobra,24433879,H1,HOLD,HOLD,NONE,0,0.2679400416457824,0,,,,,,,,,,,,,,,,0.028,0.028,158.13,158.282,158.108,158.246,,,,,,,,158.05395560990883,158.0795,0.18847500242894158,,,,,,none,True,,,,,,,,,,,,,,no_pattern_at_sr
2026-03-09T17:17:40.470483+00:00,USOUSD-STD,cobra,24433879,H1,HOLD,HOLD,NONE,0,4.287408111361764,0,,,,,,,,,,,,,,,,0.084,0.084,94.772,95.537,94.232,95.307,,,,,,,,93.92884142859218,93.162,0.377850663599516,,,,,,none,True,,,,,,,,,,,,,,no_pattern_at_sr
2026-03-09T17:18:40.832226+00:00,BTCUSD,cobra,24433879,H1,HOLD,HOLD,NONE,0,630.8546225468134,0,,,,,,,,,,,,,,,,17.0,17.0,68955.58,69081.73,68872.78,68993.2,,,,,,,,67794.48739194023,68619.42,0.5251923155646228,,,,,,none,True,,,,,,,,,,,,,,no_pattern_at_sr
2026-03-09T17:18:40.849673+00:00,USDJPY-STD,cobra,24433879,H1,HOLD,HOLD,NONE,0,0.2679400416457824,0,,,,,,,,,,,,,,,,0.019,0.019,158.13,158.282,158.108,158.256,,,,,,,,158.05395560990883,158.0795,0.18847500242894158,,,,,,none,True,,,,,,,,,,,,,,no_pattern_at_sr
2026-03-09T17:18:40.891252+00:00,USOUSD-STD,cobra,24433879,H1,HOLD,HOLD,NONE,0,4.287408111361764,0,,,,,,,,,,,,,,,,0.084,0.084,94.772,95.537,94.232,95.507,,,,,,,,93.92884142859218,93.162,0.377850663599516,,,,,,none,True,,,,,,,,,,,,,,no_pattern_at_sr
2026-03-09T17:19:41.251504+00:00,BTCUSD,cobra,24433879,H1,HOLD,HOLD,NONE,0,631.5610511182418,0,,,,,,,,,,,,,,,,16.96,16.96,68955.58,69081.73,68862.89,68893.98,,,,,,,,67794.48739194023,68619.42,0.5246048650615358,,,,,,none,True,,,,,,,,,,,,,,no_pattern_at_sr
2026-03-09T17:19:41.266862+00:00,USDJPY-STD,cobra,24433879,H1,HOLD,HOLD,NONE,0,0.2692257559314967,0,,,,,,,,,,,,,,,,0.018,0.018,158.13,158.3,158.108,158.299,,,,,,,,158.05395560990883,158.0795,0.1875749213713752,,,,,,none,True,,,,,,,,,,,,,,no_pattern_at_sr
2026-03-09T17:19:41.307895+00:00,USOUSD-STD,cobra,24433879,H1,HOLD,HOLD,NONE,0,4.311693825647478,0,,,,,,,,,,,,,,,,0.104,0.104,94.772,95.877,94.232,95.872,,,,,,,,93.92884142859218,93.162,0.375722411077442,,,,,,none,True,,,,,,,,,,,,,,no_pattern_at_sr
2026-03-09T17:20:41.664376+00:00,BTCUSD,cobra,24433879,H1,HOLD,HOLD,NONE,0,631.5610511182418,0,,,,,,,,,,,,,,,,17.0,17.0,68955.58,69081.73,68862.89,68874.49,,,,,,,,67794.48739194023,68619.42,0.5246048650615358,,,,,,none,True,,,,,,,,,,,,,,no_pattern_at_sr
2026-03-09T17:20:41.679355+00:00,USDJPY-STD,cobra,24433879,H1,HOLD,HOLD,NONE,0,0.2693686130743525,0,,,,,,,,,,,,,,,,0.018,0.018,158.13,158.302,158.108,158.295,,,,,,,,158.05395560990883,158.0795,0.18747544275345945,,,,,,none,True,,,,,,,,,,,,,,no_pattern_at_sr
2026-03-09T17:20:41.720811+00:00,USOUSD-STD,cobra,24433879,H1,HOLD,HOLD,NONE,0,4.322765254218907,0,,,,,,,,,,,,,,,,0.104,0.104,94.772,96.032,94.232,95.897,,,,,,,,93.92884142859218,93.162,0.3747601141234566,,,,,,none,True,,,,,,,,,,,,,,no_pattern_at_sr
2026-03-09T17:21:42.068147+00:00,BTCUSD,cobra,24433879,H1,HOLD,HOLD,NONE,0,634.7224796896701,0,,,,,,,,,,,,,,,,16.99,16.99,68955.58,69081.73,68818.63,68819.16,,,,,,,,67794.48739194023,68619.42,0.5219919107985536,,,,,,none,True,,,,,,,,,,,,,,no_pattern_at_sr
2026-03-09T17:21:42.082864+00:00,USDJPY-STD,cobra,24433879,H1,HOLD,HOLD,NONE,0,0.2693686130743525,0,,,,,,,,,,,,,,,,0.019,0.019,158.13,158.302,158.108,158.282,,,,,,,,158.05395560990883,158.0795,0.18747544275345945,,,,,,none,True,,,,,,,,,,,,,,no_pattern_at_sr
2026-03-09T17:21:42.126456+00:00,USOUSD-STD,cobra,24433879,H1,HOLD,HOLD,NONE,0,4.322765254218907,0,,,,,,,,,,,,,,,,0.084,0.084,94.772,96.032,94.232,95.712,,,,,,,,93.92884142859218,93.162,0.3747601141234566,,,,,,none,True,,,,,,,,,,,,,,no_pattern_at_sr
2026-03-09T17:22:42.476572+00:00,BTCUSD,cobra,24433879,H1,HOLD,HOLD,NONE,0,639.6781939753847,0,,,,,,,,,,,,,,,,16.97,16.97,68955.58,69081.73,68749.25,68760.82,,,,,,,,67794.48739194023,68619.42,0.5179479355720487,,,,,,none,True,,,,,,,,,,,,,,no_pattern_at_sr
2026-03-09T17:22:42.491560+00:00,USDJPY-STD,cobra,24433879,H1,HOLD,HOLD,NONE,0,0.2693686130743525,0,,,,,,,,,,,,,,,,0.019,0.019,158.13,158.302,158.108,158.281,,,,,,,,158.05395560990883,158.0795,0.18747544275345945,,,,,,none,True,,,,,,,,,,,,,,no_pattern_at_sr
2026-03-09T17:22:42.531728+00:00,USOUSD-STD,cobra,24433879,H1,HOLD,HOLD,NONE,0,4.322765254218907,0,,,,,,,,,,,,,,,,0.084,0.084,94.772,96.032,94.232,95.602,,,,,,,,93.92884142859218,93.162,0.3747601141234566,,,,,,none,True,,,,,,,,,,,,,,no_pattern_at_sr
2026-03-09T17:23:42.900976+00:00,BTCUSD,cobra,24433879,H1,HOLD,HOLD,NONE,0,641.4146225468131,0,,,,,,,,,,,,,,,,17.07,17.07,68955.58,69081.73,68724.94,68728.35,,,,,,,,67794.48739194023,68619.42,0.5165457542649425,,,,,,none,True,,,,,,,,,,,,,,no_pattern_at_sr
2026-03-09T17:23:42.915614+00:00,USDJPY-STD,cobra,24433879,H1,HOLD,HOLD,NONE,0,0.2693686130743525,0,,,,,,,,,,,,,,,,0.019,0.019,158.13,158.302,158.108,158.285,,,,,,,,158.05395560990883,158.0795,0.18747544275345945,,,,,,none,True,,,,,,,,,,,,,,no_pattern_at_sr
2026-03-09T17:23:42.957970+00:00,USOUSD-STD,cobra,24433879,H1,HOLD,HOLD,NONE,0,4.322765254218907,0,,,,,,,,,,,,,,,,0.084,0.084,94.772,96.032,94.232,95.492,,,,,,,,93.92884142859218,93.162,0.3747601141234566,,,,,,none,True,,,,,,,,,,,,,,no_pattern_at_sr
2026-03-09T17:24:43.303840+00:00,BTCUSD,cobra,24433879,H1,HOLD,HOLD,NONE,0,642.4596225468134,0,,,,,,,,,,,,,,,,16.94,16.94,68955.58,69081.73,68710.31,68712.06,,,,,,,,67794.48739194023,68619.42,0.5157055608982882,,,,,,none,True,,,,,,,,,,,,,,no_pattern_at_sr
2026-03-09T17:24:43.318743+00:00,USDJPY-STD,cobra,24433879,H1,HOLD,HOLD,NONE,0,0.2693686130743525,0,,,,,,,,,,,,,,,,0.019,0.019,158.13,158.302,158.108,158.268,,,,,,,,158.05395560990883,158.0795,0.18747544275345945,,,,,,none,True,,,,,,,,,,,,,,no_pattern_at_sr
2026-03-09T17:24:43.361411+00:00,USOUSD-STD,cobra,24433879,H1,HOLD,HOLD,NONE,0,4.322765254218907,0,,,,,,,,,,,,,,,,0.084,0.084,94.772,96.032,94.232,95.262,,,,,,,,93.92884142859218,93.162,0.3747601141234566,,,,,,none,True,,,,,,,,,,,,,,no_pattern_at_sr
2026-03-09T17:25:43.711286+00:00,BTCUSD,cobra,24433879,H1,HOLD,HOLD,NONE,0,642.4596225468134,0,,,,,,,,,,,,,,,,17.1,17.1,68955.58,69081.73,68710.31,68771.92,,,,,,,,67794.48739194023,68619.42,0.5157055608982882,,,,,,none,True,,,,,,,,,,,,,,no_pattern_at_sr
2026-03-09T17:25:43.726156+00:00,USDJPY-STD,cobra,24433879,H1,HOLD,HOLD,NONE,0,0.2693686130743525,0,,,,,,,,,,,,,,,,0.019,0.019,158.13,158.302,158.108,158.257,,,,,,,,158.05395560990883,158.0795,0.18747544275345945,,,,,,none,True,,,,,,,,,,,,,,no_pattern_at_sr
2026-03-09T17:25:43.768261+00:00,USOUSD-STD,cobra,24433879,H1,HOLD,HOLD,NONE,0,4.322765254218907,0,,,,,,,,,,,,,,,,0.084,0.084,94.772,96.032,94.232,95.137,,,,,,,,93.92884142859218,93.162,0.3747601141234566,,,,,,none,True,,,,,,,,,,,,,,no_pattern_at_sr
2026-03-09T17:26:44.136965+00:00,BTCUSD,cobra,24433879,H1,HOLD,HOLD,NONE,0,642.5353368325276,0,,,,,,,,,,,,,,,,16.95,16.95,68955.58,69081.73,68709.25,68734.44,,,,,,,,67794.48739194023,68619.42,0.51564479182312,,,,,,none,True,,,,,,,,,,,,,,no_pattern_at_sr
2026-03-09T17:26:44.152059+00:00,USDJPY-STD,cobra,24433879,H1,HOLD,HOLD,NONE,0,0.2693686130743525,0,,,,,,,,,,,,,,,,0.019,0.019,158.13,158.302,158.108,158.242,,,,,,,,158.05395560990883,158.0795,0.18747544275345945,,,,,,none,True,,,,,,,,,,,,,,no_pattern_at_sr
2026-03-09T17:26:44.192686+00:00,USOUSD-STD,cobra,24433879,H1,HOLD,HOLD,NONE,0,4.322765254218907,0,,,,,,,,,,,,,,,,0.084,0.084,94.772,96.032,94.232,94.957,,,,,,,,93.92884142859218,93.162,0.3747601141234566,,,,,,none,True,,,,,,,,,,,,,,no_pattern_at_sr
2026-03-09T17:27:44.574895+00:00,BTCUSD,cobra,24433879,H1,HOLD,HOLD,NONE,0,647.0817654039557,0,,,,,,,,,,,,,,,,17.1,17.1,68955.58,69081.73,68645.6,68657.56,,,,,,,,67794.48739194023,68619.42,0.51202184594581,,,,,,none,True,,,,,,,,,,,,,,no_pattern_at_sr
2026-03-09T17:27:44.590909+00:00,USDJPY-STD,cobra,24433879,H1,HOLD,HOLD,NONE,0,0.2693686130743525,0,,,,,,,,,,,,,,,,0.019,0.019,158.13,158.302,158.108,158.252,,,,,,,,158.05395560990883,158.0795,0.18747544275345945,,,,,,none,True,,,,,,,,,,,,,,no_pattern_at_sr
2026-03-09T17:27:44.632098+00:00,USOUSD-STD,cobra,24433879,H1,HOLD,HOLD,NONE,0,4.322765254218907,0,,,,,,,,,,,,,,,,0.084,0.084,94.772,96.032,94.232,94.892,,,,,,,,93.92884142859218,93.162,0.3747601141234566,,,,,,none,True,,,,,,,,,,,,,,no_pattern_at_sr
2026-03-09T17:28:45.056861+00:00,BTCUSD,cobra,24433879,H1,HOLD,HOLD,NONE,0,647.0817654039557,0,,,,,,,,,,,,,,,,17.06,17.06,68955.58,69081.73,68645.6,68730.57,,,,,,,,67794.48739194023,68619.42,0.51202184594581,,,,,,none,True,,,,,,,,,,,,,,no_pattern_at_sr
2026-03-09T17:28:45.072396+00:00,USDJPY-STD,cobra,24433879,H1,HOLD,HOLD,NONE,0,0.2693686130743525,0,,,,,,,,,,,,,,,,0.02,0.02,158.13,158.302,158.108,158.262,,,,,,,,158.05395560990883,158.0795,0.18747544275345945,,,,,,none,True,,,,,,,,,,,,,,no_pattern_at_sr
2026-03-09T17:28:45.112863+00:00,USOUSD-STD,cobra,24433879,H1,HOLD,HOLD,NONE,0,4.322765254218907,0,,,,,,,,,,,,,,,,0.084,0.084,94.772,96.032,94.232,94.877,,,,,,,,93.92884142859218,93.162,0.3747601141234566,,,,,,none,True,,,,,,,,,,,,,,no_pattern_at_sr
2026-03-09T17:29:45.481835+00:00,BTCUSD,cobra,24433879,H1,HOLD,HOLD,NONE,0,647.118193975385,0,,,,,,,,,,,,,,,,17.05,17.05,68955.58,69081.73,68645.09,68645.62,,,,,,,,67794.48739194023,68619.42,0.5119930224255288,,,,,,none,True,,,,,,,,,,,,,,no_pattern_at_sr
2026-03-09T17:29:45.497059+00:00,USDJPY-STD,cobra,24433879,H1,HOLD,HOLD,NONE,0,0.2693686130743525,0,,,,,,,,,,,,,,,,0.018,0.018,158.13,158.302,158.108,158.269,,,,,,,,158.05395560990883,158.0795,0.18747544275345945,,,,,,none,True,,,,,,,,,,,,,,no_pattern_at_sr
2026-03-09T17:29:45.537056+00:00,USOUSD-STD,cobra,24433879,H1,HOLD,HOLD,NONE,0,4.322765254218907,0,,,,,,,,,,,,,,,,0.084,0.084,94.772,96.032,94.232,95.072,,,,,,,,93.92884142859218,93.162,0.3747601141234566,,,,,,none,True,,,,,,,,,,,,,,no_pattern_at_sr
2026-03-09T17:30:45.904370+00:00,BTCUSD,cobra,24433879,H1,HOLD,HOLD,NONE,0,651.522479689671,0,,,,,,,,,,,,,,,,16.98,16.98,68955.58,69081.73,68583.43,68634.92,,,,,,,,67794.48739194023,69470.97,0.7984835768794787,,,,,,none,True,,,,,,,,,,,,,,no_pattern_at_sr
2026-03-09T17:30:45.919049+00:00,USDJPY-STD,cobra,24433879,H1,HOLD,HOLD,NONE,0,0.2693686130743525,0,,,,,,,,,,,,,,,,0.018,0.018,158.13,158.302,158.108,158.281,,,,,,,,158.05395560990883,158.0795,0.18747544275345945,,,,,,none,True,,,,,,,,,,,,,,no_pattern_at_sr
2026-03-09T17:30:45.961096+00:00,USOUSD-STD,cobra,24433879,H1,HOLD,HOLD,NONE,0,4.322765254218907,0,,,,,,,,,,,,,,,,0.084,0.084,94.772,96.032,94.232,94.852,,,,,,,,93.92884142859218,93.162,0.3747601141234566,,,,,,none,True,,,,,,,,,,,,,,no_pattern_at_sr
2026-03-09T17:31:46.349936+00:00,BTCUSD,cobra,24433879,H1,HOLD,HOLD,NONE,0,651.522479689671,0,,,,,,,,,,,,,,,,17.03,17.03,68955.58,69081.73,68583.43,68687.26,,,,,,,,67794.48739194023,69470.97,0.7984835768794787,,,,,,none,True,,,,,,,,,,,,,,no_pattern_at_sr
2026-03-09T17:31:46.364840+00:00,USDJPY-STD,cobra,24433879,H1,HOLD,HOLD,NONE,0,0.2693686130743525,0,,,,,,,,,,,,,,,,0.018,0.018,158.13,158.302,158.108,158.287,,,,,,,,158.05395560990883,158.0795,0.18747544275345945,,,,,,none,True,,,,,,,,,,,,,,no_pattern_at_sr
2026-03-09T17:31:46.406732+00:00,USOUSD-STD,cobra,24433879,H1,HOLD,HOLD,NONE,0,4.322765254218907,0,,,,,,,,,,,,,,,,0.084,0.084,94.772,96.032,94.232,94.822,,,,,,,,93.92884142859218,93.162,0.3747601141234566,,,,,,none,True,,,,,,,,,,,,,,no_pattern_at_sr
2026-03-09T17:32:46.763377+00:00,BTCUSD,cobra,24433879,H1,HOLD,HOLD,NONE,0,651.522479689671,0,,,,,,,,,,,,,,,,16.99,16.99,68955.58,69081.73,68583.43,68627.02,,,,,,,,67794.48739194023,69470.97,0.7984835768794787,,,,,,none,True,,,,,,,,,,,,,,no_pattern_at_sr
2026-03-09T17:32:46.781164+00:00,USDJPY-STD,cobra,24433879,H1,HOLD,HOLD,NONE,0,0.2693686130743525,0,,,,,,,,,,,,,,,,0.02,0.02,158.13,158.302,158.108,158.289,,,,,,,,158.05395560990883,158.0795,0.18747544275345945,,,,,,none,True,,,,,,,,,,,,,,no_pattern_at_sr
2026-03-09T17:32:46.823085+00:00,USOUSD-STD,cobra,24433879,H1,HOLD,HOLD,NONE,0,4.322765254218907,0,,,,,,,,,,,,,,,,0.084,0.084,94.772,96.032,94.232,94.502,,,,,,,,93.92884142859218,93.162,0.3747601141234566,,,,,,none,True,,,,,,,,,,,,,,no_pattern_at_sr
2026-03-09T17:33:47.175137+00:00,BTCUSD,cobra,24433879,H1,HOLD,HOLD,NONE,0,651.522479689671,0,,,,,,,,,,,,,,,,17.08,17.08,68955.58,69081.73,68583.43,68715.23,,,,,,,,67794.48739194023,69470.97,0.7984835768794787,,,,,,none,True,,,,,,,,,,,,,,no_pattern_at_sr
2026-03-09T17:33:47.189413+00:00,USDJPY-STD,cobra,24433879,H1,HOLD,HOLD,NONE,0,0.2693686130743525,0,,,,,,,,,,,,,,,,0.02,0.02,158.13,158.302,158.108,158.267,,,,,,,,158.05395560990883,158.0795,0.18747544275345945,,,,,,none,True,,,,,,,,,,,,,,no_pattern_at_sr
2026-03-09T17:33:47.232262+00:00,USOUSD-STD,cobra,24433879,H1,HOLD,HOLD,NONE,0,4.322765254218907,0,,,,,,,,,,,,,,,,0.084,0.084,94.772,96.032,94.232,94.382,,,,,,,,93.92884142859218,93.162,0.3747601141234566,,,,,,none,True,,,,,,,,,,,,,,no_pattern_at_sr
2026-03-09T17:34:47.613905+00:00,BTCUSD,cobra,24433879,H1,HOLD,HOLD,NONE,0,651.522479689671,0,,,,,,,,,,,,,,,,17.11,17.11,68955.58,69081.73,68583.43,68670.78,,,,,,,,67794.48739194023,69470.97,0.7984835768794787,,,,,,none,True,,,,,,,,,,,,,,no_pattern_at_sr
2026-03-09T17:34:47.630154+00:00,USDJPY-STD,cobra,24433879,H1,HOLD,HOLD,NONE,0,0.2693686130743525,0,,,,,,,,,,,,,,,,0.019,0.019,158.13,158.302,158.108,158.281,,,,,,,,158.05395560990883,158.0795,0.18747544275345945,,,,,,none,True,,,,,,,,,,,,,,no_pattern_at_sr
2026-03-09T17:34:47.670529+00:00,USOUSD-STD,cobra,24433879,H1,HOLD,HOLD,NONE,0,4.322765254218907,0,,,,,,,,,,,,,,,,0.084,0.084,94.772,96.032,94.232,94.497,,,,,,,,93.92884142859218,93.162,0.3747601141234566,,,,,,none,True,,,,,,,,,,,,,,no_pattern_at_sr
2026-03-09T17:35:48.015535+00:00,BTCUSD,cobra,24433879,H1,HOLD,HOLD,NONE,0,651.522479689671,0,,,,,,,,,,,,,,,,17.09,17.09,68955.58,69081.73,68583.43,68636.35,,,,,,,,67794.48739194023,69470.97,0.7984835768794787,,,,,,none,True,,,,,,,,,,,,,,no_pattern_at_sr
2026-03-09T17:35:48.030529+00:00,USDJPY-STD,cobra,24433879,H1,HOLD,HOLD,NONE,0,0.2693686130743525,0,,,,,,,,,,,,,,,,0.02,0.02,158.13,158.302,158.108,158.282,,,,,,,,158.05395560990883,158.0795,0.18747544275345945,,,,,,none,True,,,,,,,,,,,,,,no_pattern_at_sr
2026-03-09T17:35:48.070147+00:00,USOUSD-STD,cobra,24433879,H1,HOLD,HOLD,NONE,0,4.322765254218907,0,,,,,,,,,,,,,,,,0.084,0.084,94.772,96.032,94.232,94.532,,,,,,,,93.92884142859218,93.162,0.3747601141234566,,,,,,none,True,,,,,,,,,,,,,,no_pattern_at_sr
2026-03-09T17:36:48.451185+00:00,BTCUSD,cobra,24433879,H1,HOLD,HOLD,NONE,0,651.8839082610994,0,,,,,,,,,,,,,,,,17.11,17.11,68955.58,69081.73,68578.37,68587.97,,,,,,,,67794.48739194023,69470.97,0.7980408680246606,,,,,,none,True,,,,,,,,,,,,,,no_pattern_at_sr
2026-03-09T17:36:48.465325+00:00,USDJPY-STD,cobra,24433879,H1,HOLD,HOLD,NONE,0,0.2693686130743525,0,,,,,,,,,,,,,,,,0.018,0.018,158.13,158.302,158.108,158.282,,,,,,,,158.05395560990883,158.0795,0.18747544275345945,,,,,,none,True,,,,,,,,,,,,,,no_pattern_at_sr
2026-03-09T17:36:48.506527+00:00,USOUSD-STD,cobra,24433879,H1,HOLD,HOLD,NONE,0,4.322765254218907,0,,,,,,,,,,,,,,,,0.084,0.084,94.772,96.032,94.232,94.482,,,,,,,,93.92884142859218,93.162,0.3747601141234566,,,,,,none,True,,,,,,,,,,,,,,no_pattern_at_sr
2026-03-09T17:37:48.861835+00:00,BTCUSD,cobra,24433879,H1,HOLD,HOLD,NONE,0,655.819622546813,0,,,,,,,,,,,,,,,,17.03,17.03,68955.58,69081.73,68523.27,68567.66,,,,,,,,67794.48739194023,69470.97,0.7932516535259075,,,,,,none,True,,,,,,,,,,,,,,no_pattern_at_sr
2026-03-09T17:37:48.876791+00:00,USDJPY-STD,cobra,24433879,H1,HOLD,HOLD,NONE,0,0.2693686130743525,0,,,,,,,,,,,,,,,,0.018,0.018,158.13,158.302,158.108,158.271,,,,,,,,158.05395560990883,158.0795,0.18747544275345945,,,,,,none,True,,,,,,,,,,,,,,no_pattern_at_sr
2026-03-09T17:37:48.916511+00:00,USOUSD-STD,cobra,24433879,H1,HOLD,HOLD,NONE,0,4.322765254218907,0,,,,,,,,,,,,,,,,0.084,0.084,94.772,96.032,94.232,94.482,,,,,,,,93.92884142859218,93.162,0.3747601141234566,,,,,,none,True,,,,,,,,,,,,,,no_pattern_at_sr
2026-03-09T17:38:49.266010+00:00,BTCUSD,cobra,24433879,H1,HOLD,HOLD,NONE,0,659.4289082610986,0,,,,,,,,,,,,,,,,17.04,17.04,68955.58,69081.73,68472.74,68482.99,,,,,,,,67794.48739194023,69470.97,0.7889099089875092,,,,,,none,True,,,,,,,,,,,,,,no_pattern_at_sr
2026-03-09T17:38:49.281575+00:00,USDJPY-STD,cobra,24433879,H1,HOLD,HOLD,NONE,0,0.2693686130743525,0,,,,,,,,,,,,,,,,0.019,0.019,158.13,158.302,158.108,158.268,,,,,,,,158.05395560990883,158.0795,0.18747544275345945,,,,,,none,True,,,,,,,,,,,,,,no_pattern_at_sr
2026-03-09T17:38:49.323213+00:00,USOUSD-STD,cobra,24433879,H1,HOLD,HOLD,NONE,0,4.322765254218907,0,,,,,,,,,,,,,,,,0.084,0.084,94.772,96.032,94.232,94.532,,,,,,,,93.92884142859218,93.162,0.3747601141234566,,,,,,none,True,,,,,,,,,,,,,,no_pattern_at_sr
2026-03-09T17:39:49.726299+00:00,BTCUSD,cobra,24433879,H1,HOLD,HOLD,NONE,0,663.7103368325273,0,,,,,,,,,,,,,,,,16.98,16.98,68955.58,69081.73,68412.8,68412.8,,,,,,,,67794.48739194023,69470.97,0.7838208494427359,,,,,,none,True,,,,,,,,,,,,,,no_pattern_at_sr
2026-03-09T17:39:49.740604+00:00,USDJPY-STD,cobra,24433879,H1,HOLD,HOLD,NONE,0,0.2693686130743525,0,,,,,,,,,,,,,,,,0.018,0.018,158.13,158.302,158.108,158.293,,,,,,,,158.05395560990883,158.0795,0.18747544275345945,,,,,,none,True,,,,,,,,,,,,,,no_pattern_at_sr
2026-03-09T17:39:49.781466+00:00,USOUSD-STD,cobra,24433879,H1,HOLD,HOLD,NONE,0,4.322765254218907,0,,,,,,,,,,,,,,,,0.084,0.084,94.772,96.032,94.232,94.642,,,,,,,,93.92884142859218,93.162,0.3747601141234566,,,,,,none,True,,,,,,,,,,,,,,no_pattern_at_sr
2026-03-09T17:40:50.132589+00:00,BTCUSD,cobra,24433879,H1,HOLD,HOLD,NONE,0,664.1967654039557,0,,,,,,,,,,,,,,,,17.06,17.06,68955.58,69081.73,68405.99,68432.68,,,,,,,,67794.48739194023,69470.97,0.7832468134402896,,,,,,none,True,,,,,,,,,,,,,,no_pattern_at_sr
2026-03-09T17:40:50.148024+00:00,USDJPY-STD,cobra,24433879,H1,HOLD,HOLD,NONE,0,0.2693686130743525,0,,,,,,,,,,,,,,,,0.018,0.018,158.13,158.302,158.108,158.294,,,,,,,,158.05395560990883,158.0795,0.18747544275345945,,,,,,none,True,,,,,,,,,,,,,,no_pattern_at_sr
2026-03-09T17:40:50.189722+00:00,USOUSD-STD,cobra,24433879,H1,HOLD,HOLD,NONE,0,4.322765254218907,0,,,,,,,,,,,,,,,,0.084,0.084,94.772,96.032,94.232,94.787,,,,,,,,93.92884142859218,93.162,0.3747601141234566,,,,,,none,True,,,,,,,,,,,,,,no_pattern_at_sr
2026-03-09T17:41:50.541172+00:00,BTCUSD,cobra,24433879,H1,HOLD,HOLD,NONE,0,667.1389082610988,0,,,,,,,,,,,,,,,,16.95,16.95,68955.58,69081.73,68364.8,68399.73,,,,,,,,67794.48739194023,69470.97,0.7797926242317035,,,,,,none,True,,,,,,,,,,,,,,no_pattern_at_sr
2026-03-09T17:41:50.556280+00:00,USDJPY-STD,cobra,24433879,H1,HOLD,HOLD,NONE,0,0.2693686130743525,0,,,,,,,,,,,,,,,,0.02,0.02,158.13,158.302,158.108,158.294,,,,,,,,158.05395560990883,158.0795,0.18747544275345945,,,,,,none,True,,,,,,,,,,,,,,no_pattern_at_sr
2026-03-09T17:41:50.598410+00:00,USOUSD-STD,cobra,24433879,H1,HOLD,HOLD,NONE,0,4.322765254218907,0,,,,,,,,,,,,,,,,0.084,0.084,94.772,96.032,94.232,95.152,,,,,,,,93.92884142859218,93.162,0.3747601141234566,,,,,,none,True,,,,,,,,,,,,,,no_pattern_at_sr
2026-03-09T17:42:50.975794+00:00,BTCUSD,cobra,24433879,H1,HOLD,HOLD,NONE,0,667.1389082610988,0,,,,,,,,,,,,,,,,17.02,17.02,68955.58,69081.73,68364.8,68370.11,,,,,,,,67794.48739194023,69470.97,0.7797926242317035,,,,,,none,True,,,,,,,,,,,,,,no_pattern_at_sr
2026-03-09T17:42:50.990165+00:00,USDJPY-STD,cobra,24433879,H1,HOLD,HOLD,NONE,0,0.2703686130743532,0,,,,,,,,,,,,,,,,0.018,0.018,158.13,158.316,158.108,158.297,,,,,,,,158.05395560990883,158.0795,0.18678203592408746,,,,,,none,True,,,,,,,,,,,,,,no_pattern_at_sr
2026-03-09T17:42:51.031204+00:00,USOUSD-STD,cobra,24433879,H1,HOLD,HOLD,NONE,0,4.322765254218907,0,,,,,,,,,,,,,,,,0.084,0.084,94.772,96.032,94.232,95.242,,,,,,,,93.92884142859218,93.162,0.3747601141234566,,,,,,none,True,,,,,,,,,,,,,,no_pattern_at_sr
2026-03-09T17:43:51.440897+00:00,BTCUSD,cobra,24433879,H1,HOLD,HOLD,NONE,0,673.9981939753844,0,,,,,,,,,,,,,,,,17.09,17.09,68955.58,69081.73,68268.77,68300.4,,,,,,,,67794.48739194023,69470.97,0.7718566676441208,,,,,,none,True,,,,,,,,,,,,,,no_pattern_at_sr
2026-03-09T17:43:51.456026+00:00,USDJPY-STD,cobra,24433879,H1,HOLD,HOLD,NONE,0,0.2703686130743532,0,,,,,,,,,,,,,,,,0.019,0.019,158.13,158.316,158.108,158.301,,,,,,,,158.05395560990883,158.0795,0.18678203592408746,,,,,,none,True,,,,,,,,,,,,,,no_pattern_at_sr
2026-03-09T17:43:51.495309+00:00,USOUSD-STD,cobra,24433879,H1,HOLD,HOLD,NONE,0,4.322765254218907,0,,,,,,,,,,,,,,,,0.084,0.084,94.772,96.032,94.232,95.327,,,,,,,,93.92884142859218,93.162,0.3747601141234566,,,,,,none,True,,,,,,,,,,,,,,no_pattern_at_sr
2026-03-09T17:44:51.855300+00:00,BTCUSD,cobra,24433879,H1,HOLD,HOLD,NONE,0,673.9981939753844,0,,,,,,,,,,,,,,,,17.09,17.09,68955.58,69081.73,68268.77,68400.22,,,,,,,,67794.48739194023,69470.97,0.7718566676441208,,,,,,none,True,,,,,,,,,,,,,,no_pattern_at_sr
2026-03-09T17:44:51.869823+00:00,USDJPY-STD,cobra,24433879,H1,HOLD,HOLD,NONE,0,0.2703686130743532,0,,,,,,,,,,,,,,,,0.018,0.018,158.13,158.316,158.108,158.306,,,,,,,,158.05395560990883,158.0795,0.18678203592408746,,,,,,none,True,,,,,,,,,,,,,,no_pattern_at_sr
2026-03-09T17:44:51.910399+00:00,USOUSD-STD,cobra,24433879,H1,HOLD,HOLD,NONE,0,4.322765254218907,0,,,,,,,,,,,,,,,,0.084,0.084,94.772,96.032,94.232,95.142,,,,,,,,93.92884142859218,93.162,0.3747601141234566,,,,,,none,True,,,,,,,,,,,,,,no_pattern_at_sr
2026-03-09T17:45:52.280655+00:00,BTCUSD,cobra,24433879,H1,HOLD,HOLD,NONE,0,673.9981939753844,0,,,,,,,,,,,,,,,,16.98,16.98,68955.58,69081.73,68268.77,68413.2,,,,,,,,67794.48739194023,69470.97,0.7718566676441208,,,,,,none,True,,,,,,,,,,,,,,no_pattern_at_sr
2026-03-09T17:45:52.296581+00:00,USDJPY-STD,cobra,24433879,H1,HOLD,HOLD,NONE,0,0.2707257559314957,0,,,,,,,,,,,,,,,,0.018,0.018,158.13,158.321,158.108,158.321,,,,,,,,158.05395560990883,158.0795,0.18653563206885285,,,,,,none,True,,,,,,,,,,,,,,no_pattern_at_sr
2026-03-09T17:45:52.338383+00:00,USOUSD-STD,cobra,24433879,H1,HOLD,HOLD,NONE,0,4.322765254218907,0,,,,,,,,,,,,,,,,0.104,0.104,94.772,96.032,94.232,95.237,,,,,,,,93.92884142859218,93.162,0.3747601141234566,,,,,,none,True,,,,,,,,,,,,,,no_pattern_at_sr
2026-03-09T17:46:52.697516+00:00,BTCUSD,cobra,24433879,H1,HOLD,HOLD,NONE,0,673.9981939753844,0,,,,,,,,,,,,,,,,17.09,17.09,68955.58,69081.73,68268.77,68415.4,,,,,,,,67794.48739194023,69470.97,0.7718566676441208,,,,,,none,True,,,,,,,,,,,,,,no_pattern_at_sr
2026-03-09T17:46:52.712327+00:00,USDJPY-STD,cobra,24433879,H1,HOLD,HOLD,NONE,0,0.271297184502925,0,,,,,,,,,,,,,,,,0.018,0.018,158.13,158.329,158.108,158.318,,,,,,,,158.05395560990883,158.0795,0.18614273529055025,,,,,,none,True,,,,,,,,,,,,,,no_pattern_at_sr
2026-03-09T17:46:52.752881+00:00,USOUSD-STD,cobra,24433879,H1,HOLD,HOLD,NONE,0,4.322765254218907,0,,,,,,,,,,,,,,,,0.084,0.084,94.772,96.032,94.232,95.347,,,,,,,,93.92884142859218,93.162,0.3747601141234566,,,,,,none,True,,,,,,,,,,,,,,no_pattern_at_sr
2026-03-09T17:47:53.104173+00:00,BTCUSD,cobra,24433879,H1,HOLD,HOLD,NONE,0,673.9981939753844,0,,,,,,,,,,,,,,,,17.02,17.02,68955.58,69081.73,68268.77,68428.63,,,,,,,,67794.48739194023,69470.97,0.7718566676441208,,,,,,none,True,,,,,,,,,,,,,,no_pattern_at_sr
2026-03-09T17:47:53.118519+00:00,USDJPY-STD,cobra,24433879,H1,HOLD,HOLD,NONE,0,0.271297184502925,0,,,,,,,,,,,,,,,,0.019,0.019,158.13,158.329,158.108,158.317,,,,,,,,158.05395560990883,158.0795,0.18614273529055025,,,,,,none,True,,,,,,,,,,,,,,no_pattern_at_sr
2026-03-09T17:47:53.159606+00:00,USOUSD-STD,cobra,24433879,H1,HOLD,HOLD,NONE,0,4.322765254218907,0,,,,,,,,,,,,,,,,0.084,0.084,94.772,96.032,94.232,95.392,,,,,,,,93.92884142859218,93.162,0.3747601141234566,,,,,,none,True,,,,,,,,,,,,,,no_pattern_at_sr
2026-03-09T17:48:53.513235+00:00,BTCUSD,cobra,24433879,H1,HOLD,HOLD,NONE,0,673.9981939753844,0,,,,,,,,,,,,,,,,17.07,17.07,68955.58,69081.73,68268.77,68499.76,,,,,,,,67794.48739194023,69470.97,0.7718566676441208,,,,,,none,True,,,,,,,,,,,,,,no_pattern_at_sr
2026-03-09T17:48:53.528370+00:00,USDJPY-STD,cobra,24433879,H1,HOLD,HOLD,NONE,0,0.271297184502925,0,,,,,,,,,,,,,,,,0.019,0.019,158.13,158.329,158.108,158.301,,,,,,,,158.05395560990883,158.0795,0.18614273529055025,,,,,,none,True,,,,,,,,,,,,,,no_pattern_at_sr
2026-03-09T17:48:53.568158+00:00,USOUSD-STD,cobra,24433879,H1,HOLD,HOLD,NONE,0,4.322765254218907,0,,,,,,,,,,,,,,,,0.084,0.084,94.772,96.032,94.232,95.267,,,,,,,,93.92884142859218,93.162,0.3747601141234566,,,,,,none,True,,,,,,,,,,,,,,no_pattern_at_sr
2026-03-09T17:49:53.937461+00:00,BTCUSD,cobra,24433879,H1,HOLD,HOLD,NONE,0,673.9981939753844,0,,,,,,,,,,,,,,,,17.06,17.06,68955.58,69081.73,68268.77,68430.71,,,,,,,,67794.48739194023,69470.97,0.7718566676441208,,,,,,none,True,,,,,,,,,,,,,,no_pattern_at_sr
2026-03-09T17:49:53.952663+00:00,USDJPY-STD,cobra,24433879,H1,HOLD,HOLD,NONE,0,0.271297184502925,0,,,,,,,,,,,,,,,,0.019,0.019,158.13,158.329,158.108,158.309,,,,,,,,158.05395560990883,158.0795,0.18614273529055025,,,,,,none,True,,,,,,,,,,,,,,no_pattern_at_sr
2026-03-09T17:49:53.994717+00:00,USOUSD-STD,cobra,24433879,H1,HOLD,HOLD,NONE,0,4.322765254218907,0,,,,,,,,,,,,,,,,0.084,0.084,94.772,96.032,94.232,95.187,,,,,,,,93.92884142859218,93.162,0.3747601141234566,,,,,,none,True,,,,,,,,,,,,,,no_pattern_at_sr
2026-03-09T17:50:54.404236+00:00,BTCUSD,cobra,24433879,H1,HOLD,HOLD,NONE,0,673.9981939753844,0,,,,,,,,,,,,,,,,17.06,17.06,68955.58,69081.73,68268.77,68470.05,,,,,,,,67794.48739194023,69470.97,0.7718566676441208,,,,,,none,True,,,,,,,,,,,,,,no_pattern_at_sr
2026-03-09T17:50:54.419201+00:00,USDJPY-STD,cobra,24433879,H1,HOLD,HOLD,NONE,0,0.271297184502925,0,,,,,,,,,,,,,,,,0.018,0.018,158.13,158.329,158.108,158.326,,,,,,,,158.05395560990883,158.0795,0.18614273529055025,,,,,,none,True,,,,,,,,,,,,,,no_pattern_at_sr
2026-03-09T17:50:54.461439+00:00,USOUSD-STD,cobra,24433879,H1,HOLD,HOLD,NONE,0,4.322765254218907,0,,,,,,,,,,,,,,,,0.084,0.084,94.772,96.032,94.232,95.317,,,,,,,,93.92884142859218,93.162,0.3747601141234566,,,,,,none,True,,,,,,,,,,,,,,no_pattern_at_sr
2026-03-09T17:51:54.827442+00:00,BTCUSD,cobra,24433879,H1,HOLD,HOLD,NONE,0,673.9981939753844,0,,,,,,,,,,,,,,,,16.99,16.99,68955.58,69081.73,68268.77,68513.28,,,,,,,,67794.48739194023,69470.97,0.7718566676441208,,,,,,none,True,,,,,,,,,,,,,,no_pattern_at_sr
2026-03-09T17:51:54.842109+00:00,USDJPY-STD,cobra,24433879,H1,HOLD,HOLD,NONE,0,0.27201147021721006,0,,,,,,,,,,,,,,,,0.019,0.019,158.13,158.339,158.108,158.334,,,,,,,,158.05395560990883,158.0795,0.18565393569496771,,,,,,none,True,,,,,,,,,,,,,,no_pattern_at_sr
2026-03-09T17:51:54.882684+00:00,USOUSD-STD,cobra,24433879,H1,HOLD,HOLD,NONE,0,4.322765254218907,0,,,,,,,,,,,,,,,,0.084,0.084,94.772,96.032,94.232,95.112,,,,,,,,93.92884142859218,93.162,0.3747601141234566,,,,,,none,True,,,,,,,,,,,,,,no_pattern_at_sr
2026-03-09T17:52:55.243363+00:00,BTCUSD,cobra,24433879,H1,HOLD,HOLD,NONE,0,673.9981939753844,0,,,,,,,,,,,,,,,,16.98,16.98,68955.58,69081.73,68268.77,68536.57,,,,,,,,67794.48739194023,69470.97,0.7718566676441208,,,,,,none,True,,,,,,,,,,,,,,no_pattern_at_sr
2026-03-09T17:52:55.257930+00:00,USDJPY-STD,cobra,24433879,H1,HOLD,HOLD,NONE,0,0.27201147021721006,0,,,,,,,,,,,,,,,,0.018,0.018,158.13,158.339,158.108,158.333,,,,,,,,158.05395560990883,158.0795,0.18565393569496771,,,,,,none,True,,,,,,,,,,,,,,no_pattern_at_sr
2026-03-09T17:52:55.298818+00:00,USOUSD-STD,cobra,24433879,H1,HOLD,HOLD,NONE,0,4.322765254218907,0,,,,,,,,,,,,,,,,0.084,0.084,94.772,96.032,94.232,94.972,,,,,,,,93.92884142859218,93.162,0.3747601141234566,,,,,,none,True,,,,,,,,,,,,,,no_pattern_at_sr
2026-03-09T17:53:55.708120+00:00,BTCUSD,cobra,24433879,H1,HOLD,HOLD,NONE,0,673.9981939753844,0,,,,,,,,,,,,,,,,16.97,16.97,68955.58,69081.73,68268.77,68574.38,,,,,,,,67794.48739194023,69470.97,0.7718566676441208,,,,,,none,True,,,,,,,,,,,,,,no_pattern_at_sr
2026-03-09T17:53:55.722825+00:00,USDJPY-STD,cobra,24433879,H1,HOLD,HOLD,NONE,0,0.27201147021721006,0,,,,,,,,,,,,,,,,0.019,0.019,158.13,158.339,158.108,158.321,,,,,,,,158.05395560990883,158.0795,0.18565393569496771,,,,,,none,True,,,,,,,,,,,,,,no_pattern_at_sr
2026-03-09T17:53:55.764851+00:00,USOUSD-STD,cobra,24433879,H1,HOLD,HOLD,NONE,0,4.322765254218907,0,,,,,,,,,,,,,,,,0.084,0.084,94.772,96.032,94.232,94.872,,,,,,,,93.92884142859218,93.162,0.3747601141234566,,,,,,none,True,,,,,,,,,,,,,,no_pattern_at_sr
2026-03-09T17:54:56.109402+00:00,BTCUSD,cobra,24433879,H1,HOLD,HOLD,NONE,0,673.9981939753844,0,,,,,,,,,,,,,,,,16.95,16.95,68955.58,69081.73,68268.77,68592.14,,,,,,,,67794.48739194023,69470.97,0.7718566676441208,,,,,,none,True,,,,,,,,,,,,,,no_pattern_at_sr
2026-03-09T17:54:56.123999+00:00,USDJPY-STD,cobra,24433879,H1,HOLD,HOLD,NONE,0,0.27201147021721006,0,,,,,,,,,,,,,,,,0.018,0.018,158.13,158.339,158.108,158.33,,,,,,,,158.05395560990883,158.0795,0.18565393569496771,,,,,,none,True,,,,,,,,,,,,,,no_pattern_at_sr
2026-03-09T17:54:56.165240+00:00,USOUSD-STD,cobra,24433879,H1,HOLD,HOLD,NONE,0,4.322765254218907,0,,,,,,,,,,,,,,,,0.084,0.084,94.772,96.032,94.232,94.837,,,,,,,,93.92884142859218,93.162,0.3747601141234566,,,,,,none,True,,,,,,,,,,,,,,no_pattern_at_sr
2026-03-09T17:55:56.541319+00:00,BTCUSD,cobra,24433879,H1,HOLD,HOLD,NONE,0,673.9981939753844,0,,,,,,,,,,,,,,,,16.98,16.98,68955.58,69081.73,68268.77,68596.28,,,,,,,,67794.48739194023,69470.97,0.7718566676441208,,,,,,none,True,,,,,,,,,,,,,,no_pattern_at_sr
2026-03-09T17:55:56.556374+00:00,USDJPY-STD,cobra,24433879,H1,HOLD,HOLD,NONE,0,0.272082898788639,0,,,,,,,,,,,,,,,,0.019,0.019,158.13,158.34,158.108,158.338,,,,,,,,158.05395560990883,158.0795,0.18560519688975102,,,,,,none,True,,,,,,,,,,,,,,no_pattern_at_sr
2026-03-09T17:55:56.598002+00:00,USOUSD-STD,cobra,24433879,H1,HOLD,HOLD,NONE,0,4.322765254218907,0,,,,,,,,,,,,,,,,0.084,0.084,94.772,96.032,94.232,94.952,,,,,,,,93.92884142859218,93.162,0.3747601141234566,,,,,,none,True,,,,,,,,,,,,,,no_pattern_at_sr
2026-03-09T17:56:56.937532+00:00,BTCUSD,cobra,24433879,H1,HOLD,HOLD,NONE,0,673.9981939753844,0,,,,,,,,,,,,,,,,17.08,17.08,68955.58,69081.73,68268.77,68614.99,,,,,,,,67794.48739194023,69470.97,0.7718566676441208,,,,,,none,True,,,,,,,,,,,,,,no_pattern_at_sr
2026-03-09T17:56:56.951906+00:00,USDJPY-STD,cobra,24433879,H1,HOLD,HOLD,NONE,0,0.2721543273600679,0,,,,,,,,,,,,,,,,0.019,0.019,158.13,158.341,158.108,158.331,,,,,,,,158.05395560990883,158.0795,0.18555648366813074,,,,,,none,True,,,,,,,,,,,,,,no_pattern_at_sr
2026-03-09T17:56:56.993118+00:00,USOUSD-STD,cobra,24433879,H1,HOLD,HOLD,NONE,0,4.322765254218907,0,,,,,,,,,,,,,,,,0.072,0.072,94.772,96.032,94.232,94.953,,,,,,,,93.92884142859218,93.162,0.3747601141234566,,,,,,none,True,,,,,,,,,,,,,,no_pattern_at_sr
2026-03-09T17:57:57.357436+00:00,BTCUSD,cobra,24433879,H1,HOLD,HOLD,NONE,0,673.9981939753844,0,,,,,,,,,,,,,,,,17.02,17.02,68955.58,69081.73,68268.77,68621.25,,,,,,,,67794.48739194023,69470.97,0.7718566676441208,,,,,,none,True,,,,,,,,,,,,,,no_pattern_at_sr
2026-03-09T17:57:57.372696+00:00,USDJPY-STD,cobra,24433879,H1,HOLD,HOLD,NONE,0,0.2721543273600679,0,,,,,,,,,,,,,,,,0.018,0.018,158.13,158.341,158.108,158.321,,,,,,,,158.05395560990883,158.0795,0.18555648366813074,,,,,,none,True,,,,,,,,,,,,,,no_pattern_at_sr
2026-03-09T17:57:57.414776+00:00,USOUSD-STD,cobra,24433879,H1,HOLD,HOLD,NONE,0,4.322765254218907,0,,,,,,,,,,,,,,,,0.072,0.072,94.772,96.032,94.232,94.863,,,,,,,,93.92884142859218,93.162,0.3747601141234566,,,,,,none,True,,,,,,,,,,,,,,no_pattern_at_sr
2026-03-09T17:58:57.775467+00:00,BTCUSD,cobra,24433879,H1,HOLD,HOLD,NONE,0,673.9981939753844,0,,,,,,,,,,,,,,,,17.08,17.08,68955.58,69081.73,68268.77,68650.54,,,,,,,,67794.48739194023,69470.97,0.7718566676441208,,,,,,none,True,,,,,,,,,,,,,,no_pattern_at_sr
2026-03-09T17:58:57.791314+00:00,USDJPY-STD,cobra,24433879,H1,HOLD,HOLD,NONE,0,0.2721543273600679,0,,,,,,,,,,,,,,,,0.019,0.019,158.13,158.341,158.108,158.329,,,,,,,,158.05395560990883,158.0795,0.18555648366813074,,,,,,none,True,,,,,,,,,,,,,,no_pattern_at_sr
2026-03-09T17:58:57.831932+00:00,USOUSD-STD,cobra,24433879,H1,HOLD,HOLD,NONE,0,4.322765254218907,0,,,,,,,,,,,,,,,,0.072,0.072,94.772,96.032,94.232,94.838,,,,,,,,93.92884142859218,93.162,0.3747601141234566,,,,,,none,True,,,,,,,,,,,,,,no_pattern_at_sr
2026-03-09T17:59:58.194415+00:00,BTCUSD,cobra,24433879,H1,HOLD,HOLD,NONE,0,673.9981939753844,0,,,,,,,,,,,,,,,,17.06,17.06,68955.58,69081.73,68268.77,68598.53,,,,,,,,67794.48739194023,69470.97,0.7718566676441208,,,,,,none,True,,,,,,,,,,,,,,no_pattern_at_sr
2026-03-09T17:59:58.211927+00:00,USDJPY-STD,cobra,24433879,H1,HOLD,HOLD,NONE,0,0.2721543273600679,0,,,,,,,,,,,,,,,,0.019,0.019,158.13,158.341,158.108,158.332,,,,,,,,158.05395560990883,158.0795,0.18555648366813074,,,,,,none,True,,,,,,,,,,,,,,no_pattern_at_sr
2026-03-09T17:59:58.255020+00:00,USOUSD-STD,cobra,24433879,H1,HOLD,HOLD,NONE,0,4.322765254218907,0,,,,,,,,,,,,,,,,0.072,0.072,94.772,96.032,94.232,94.958,,,,,,,,93.92884142859218,93.162,0.3747601141234566,,,,,,none,True,,,,,,,,,,,,,,no_pattern_at_sr
2026-03-09T18:00:58.609999+00:00,BTCUSD,cobra,24433879,H1,HOLD,HOLD,NONE,0,632.3197695667504,0,,,,,,,,,,,,,,,,17.1,17.1,68589.64,68616.57,68526.07,68537.11,,,,,,,,67825.68359634162,68268.77,0.5100267546924381,,,,,,none,True,,,,,,,,,,,,,,no_pattern_at_sr
2026-03-09T18:00:58.624788+00:00,USDJPY-STD,cobra,24433879,H1,HOLD,HOLD,NONE,0,0.2540004504007331,0,,,,,,,,,,,,,,,,0.019,0.019,158.332,158.35,158.332,158.345,,,,,,,,158.0648192014755,158.316,0.06299201428480991,,,,,,none,True,,,,,,,,,,,,,,no_pattern_at_sr
2026-03-09T18:00:58.663986+00:00,USOUSD-STD,cobra,24433879,H1,HOLD,HOLD,NONE,0,4.061496323903425,0,,,,,,,,,,,,,,,,0.072,0.072,94.918,94.973,94.308,94.393,,,,,,,,93.96841627452974,93.162,0.43727726393535604,,,,,,none,True,,,,,,,,,,,,,,no_pattern_at_sr
2026-03-09T18:01:59.011037+00:00,BTCUSD,cobra,24433879,H1,HOLD,HOLD,NONE,0,632.3197695667504,0,,,,,,,,,,,,,,,,17.1,17.1,68589.64,68616.57,68526.07,68573.02,,,,,,,,67825.68359634162,68268.77,0.5100267546924381,,,,,,none,True,,,,,,,,,,,,,,no_pattern_at_sr
2026-03-09T18:01:59.026001+00:00,USDJPY-STD,cobra,24433879,H1,HOLD,HOLD,NONE,0,0.2540004504007331,0,,,,,,,,,,,,,,,,0.019,0.019,158.332,158.35,158.332,158.335,,,,,,,,158.0648192014755,158.316,0.06299201428480991,,,,,,none,True,,,,,,,,,,,,,,no_pattern_at_sr
2026-03-09T18:01:59.067858+00:00,USOUSD-STD,cobra,24433879,H1,HOLD,HOLD,NONE,0,4.082567752474854,0,,,,,,,,,,,,,,,,0.092,0.092,94.918,94.973,94.013,94.033,,,,,,,,93.96841627452974,93.162,0.4350203371207702,,,,,,none,True,,,,,,,,,,,,,,no_pattern_at_sr
2026-03-09T18:02:59.419805+00:00,BTCUSD,cobra,24433879,H1,HOLD,HOLD,NONE,0,637.2326267096086,0,,,,,,,,,,,,,,,,16.95,16.95,68589.64,68616.57,68457.29,68462.02,,,,,,,,67825.68359634162,68268.77,0.5060946136189689,,,,,,none,True,,,,,,,,,,,,,,no_pattern_at_sr
2026-03-09T18:02:59.434331+00:00,USDJPY-STD,cobra,24433879,H1,HOLD,HOLD,NONE,0,0.25471473611501816,0,,,,,,,,,,,,,,,,0.019,0.019,158.332,158.35,158.322,158.327,,,,,,,,158.0648192014755,158.316,0.06281536845503208,,,,,,none,True,,,,,,,,,,,,,,no_pattern_at_sr
2026-03-09T18:02:59.475940+00:00,USOUSD-STD,cobra,24433879,H1,HOLD,HOLD,NONE,0,4.094353466760569,0,,,,,,,,,,,,,,,,0.072,0.072,94.918,94.973,93.848,93.973,,,,,,,,93.96841627452974,93.162,0.4337681185608917,,,,,,none,True,,,,,,,,,,,,,,no_pattern_at_sr
2026-03-09T18:03:59.825493+00:00,BTCUSD,cobra,24433879,H1,HOLD,HOLD,NONE,0,637.2326267096086,0,,,,,,,,,,,,,,,,16.95,16.95,68589.64,68616.57,68457.29,68457.98,,,,,,,,67825.68359634162,68268.77,0.5060946136189689,,,,,,none,True,,,,,,,,,,,,,,no_pattern_at_sr
2026-03-09T18:03:59.840244+00:00,USDJPY-STD,cobra,24433879,H1,HOLD,HOLD,NONE,0,0.25500045040073177,0,,,,,,,,,,,,,,,,0.019,0.019,158.332,158.35,158.318,158.32,,,,,,,,158.0648192014755,158.316,0.06274498721412931,,,,,,none,True,,,,,,,,,,,,,,no_pattern_at_sr
2026-03-09T18:03:59.882669+00:00,USOUSD-STD,cobra,24433879,H1,HOLD,HOLD,NONE,0,4.115782038189139,0,,,,,,,,,,,,,,,,0.072,0.072,94.918,94.973,93.548,93.658,,,,,,,,93.96841627452974,93.162,0.4315097309626727,,,,,,none,True,,,,,,,,,,,,,,no_pattern_at_sr
2026-03-09T18:05:00.239699+00:00,BTCUSD,cobra,24433879,H1,HOLD,HOLD,NONE,0,642.2119124238936,0,,,,,,,,,,,,,,,,16.95,16.95,68589.64,68616.57,68387.58,68403.25,,,,,,,,67825.68359634162,68268.77,0.5021706912641836,,,,,,none,True,,,,,,,,,,,,,,no_pattern_at_sr
2026-03-09T18:05:00.255816+00:00,USDJPY-STD,cobra,24433879,H1,HOLD,HOLD,NONE,0,0.25635759325787505,0,,,,,,,,,,,,,,,,0.019,0.019,158.332,158.35,158.299,158.304,,,,,,,,158.0648192014755,158.316,0.06241281873752194,,,,,,none,True,,,,,,,,,,,,,,no_pattern_at_sr
2026-03-09T18:05:00.297874+00:00,USOUSD-STD,cobra,24433879,H1,HOLD,HOLD,NONE,0,4.1336391810462825,0,,,,,,,,,,,,,,,,0.072,0.072,94.918,94.973,93.298,93.403,,,,,,,,93.96841627452974,93.162,0.4296456275485722,,,,,,none,True,,,,,,,,,,,,,,no_pattern_at_sr
2026-03-09T18:06:00.712066+00:00,BTCUSD,cobra,24433879,H1,HOLD,HOLD,NONE,0,642.6161981381796,0,,,,,,,,,,,,,,,,17.0,17.0,68589.64,68616.57,68381.92,68402.24,,,,,,,,67825.68359634162,68268.77,0.5018547632854002,,,,,,none,True,,,,,,,,,,,,,,no_pattern_at_sr
2026-03-09T18:06:00.726234+00:00,USDJPY-STD,cobra,24433879,H1,HOLD,HOLD,NONE,0,0.25842902182930333,0,,,,,,,,,,,,,,,,0.018,0.018,158.332,158.35,158.27,158.288,,,,,,,,158.0648192014755,158.316,0.061912551023620706,,,,,,none,True,,,,,,,,,,,,,,no_pattern_at_sr
2026-03-09T18:06:00.768020+00:00,USOUSD-STD,cobra,24433879,H1,HOLD,HOLD,NONE,0,4.18078203818914,0,,,,,,,,,,,,,,,,0.072,0.072,94.918,94.973,92.638,92.873,,,,,,,,93.96841627452974,93.162,0.424800906571358,,,,,,none,True,,,,,,,,,,,,,,no_pattern_at_sr
2026-03-09T18:07:01.129686+00:00,BTCUSD,cobra,24433879,H1,HOLD,HOLD,NONE,0,644.0183409953228,0,,,,,,,,,,,,,,,,17.08,17.08,68589.64,68616.57,68362.29,68365.06,,,,,,,,67825.68359634162,68268.77,0.5007621359068439,,,,,,none,True,,,,,,,,,,,,,,no_pattern_at_sr
2026-03-09T18:07:01.144154+00:00,USDJPY-STD,cobra,24433879,H1,HOLD,HOLD,NONE,0,0.25842902182930333,0,,,,,,,,,,,,,,,,0.019,0.019,158.332,158.35,158.27,158.272,,,,,,,,158.0648192014755,158.316,0.061912551023620706,,,,,,none,True,,,,,,,,,,,,,,no_pattern_at_sr
2026-03-09T18:07:01.183753+00:00,USOUSD-STD,cobra,24433879,H1,HOLD,HOLD,NONE,0,4.200067752474855,0,,,,,,,,,,,,,,,,0.072,0.072,94.918,94.973,92.368,92.498,,,,,,,,93.96841627452974,93.162,0.4228503216295745,,,,,,none,True,,,,,,,,,,,,,,no_pattern_at_sr
2026-03-09T18:08:01.539429+00:00,BTCUSD,cobra,24433879,H1,HOLD,HOLD,NONE,0,648.8661981381796,0,,,,,,,,,,,,,,,,17.05,17.05,68589.64,68616.57,68294.42,68315.66,,,,,,,,67825.68359634162,68268.77,0.49702080479051536,,,,,,none,True,,,,,,,,,,,,,,no_pattern_at_sr
2026-03-09T18:08:01.555210+00:00,USDJPY-STD,cobra,24433879,H1,HOLD,HOLD,NONE,0,0.25842902182930333,0,,,,,,,,,,,,,,,,0.019,0.019,158.332,158.35,158.27,158.273,,,,,,,,158.0648192014755,158.316,0.061912551023620706,,,,,,none,True,,,,,,,,,,,,,,no_pattern_at_sr
2026-03-09T18:08:01.595910+00:00,USOUSD-STD,cobra,24433879,H1,HOLD,HOLD,NONE,0,4.21078203818914,0,,,,,,,,,,,,,,,,0.072,0.072,94.918,94.973,92.218,92.273,,,,,,,,93.96841627452974,93.162,0.42177438392507505,,,,,,none,True,,,,,,,,,,,,,,no_pattern_at_sr
2026-03-09T18:09:01.952756+00:00,BTCUSD,cobra,24433879,H1,HOLD,HOLD,NONE,0,653.8076267096077,0,,,,,,,,,,,,,,,,16.98,16.98,68589.64,68616.57,68225.24,68241.87,,,,,,,,67825.68359634162,68195.03333333333,0.6060447301002031,,,,,,none,True,,,,,,,,,,,,,,no_pattern_at_sr
2026-03-09T18:09:01.973312+00:00,USDJPY-STD,cobra,24433879,H1,HOLD,HOLD,NONE,0,0.25842902182930333,0,,,,,,,,,,,,,,,,0.018,0.018,158.332,158.35,158.27,158.292,,,,,,,,158.0648192014755,158.316,0.061912551023620706,,,,,,none,True,,,,,,,,,,,,,,no_pattern_at_sr
2026-03-09T18:09:02.016941+00:00,USOUSD-STD,cobra,24433879,H1,HOLD,HOLD,NONE,0,4.212567752474854,0,,,,,,,,,,,,,,,,0.072,0.072,94.918,94.973,92.193,92.258,,,,,,,,93.96841627452974,93.162,0.42159559308134775,,,,,,none,True,,,,,,,,,,,,,,no_pattern_at_sr
2026-03-09T18:10:02.437905+00:00,BTCUSD,cobra,24433879,H1,HOLD,HOLD,NONE,0,653.8076267096077,0,,,,,,,,,,,,,,,,17.03,17.03,68589.64,68616.57,68225.24,68337.38,,,,,,,,67825.68359634162,68195.03333333333,0.6060447301002031,,,,,,none,True,,,,,,,,,,,,,,no_pattern_at_sr
2026-03-09T18:10:02.453457+00:00,USDJPY-STD,cobra,24433879,H1,HOLD,HOLD,NONE,0,0.25842902182930333,0,,,,,,,,,,,,,,,,0.019,0.019,158.332,158.35,158.27,158.318,,,,,,,,158.0648192014755,158.316,0.061912551023620706,,,,,,none,True,,,,,,,,,,,,,,no_pattern_at_sr
2026-03-09T18:10:02.495945+00:00,USOUSD-STD,cobra,24433879,H1,HOLD,HOLD,NONE,0,4.212567752474854,0,,,,,,,,,,,,,,,,0.072,0.072,94.918,94.973,92.193,92.863,,,,,,,,93.96841627452974,93.162,0.42159559308134775,,,,,,none,True,,,,,,,,,,,,,,no_pattern_at_sr
2026-03-09T18:11:02.890998+00:00,BTCUSD,cobra,24433879,H1,HOLD,HOLD,NONE,0,653.8076267096077,0,,,,,,,,,,,,,,,,17.09,17.09,68589.64,68616.57,68225.24,68423.62,,,,,,,,67825.68359634162,68195.03333333333,0.6060447301002031,,,,,,none,True,,,,,,,,,,,,,,no_pattern_at_sr
2026-03-09T18:11:02.906295+00:00,USDJPY-STD,cobra,24433879,H1,HOLD,HOLD,NONE,0,0.2586433075435901,0,,,,,,,,,,,,,,,,0.018,0.018,158.332,158.35,158.267,158.276,,,,,,,,158.0648192014755,158.316,0.06186125653877433,,,,,,none,True,,,,,,,,,,,,,,no_pattern_at_sr
2026-03-09T18:11:02.946372+00:00,USOUSD-STD,cobra,24433879,H1,HOLD,HOLD,NONE,0,4.212567752474854,0,,,,,,,,,,,,,,,,0.072,0.072,94.918,94.973,92.193,92.748,,,,,,,,93.96841627452974,93.162,0.42159559308134775,,,,,,none,True,,,,,,,,,,,,,,no_pattern_at_sr
2026-03-09T18:12:03.296237+00:00,BTCUSD,cobra,24433879,H1,HOLD,HOLD,NONE,0,653.8076267096077,0,,,,,,,,,,,,,,,,17.12,17.12,68589.64,68616.57,68225.24,68415.03,,,,,,,,67825.68359634162,68195.03333333333,0.6060447301002031,,,,,,none,True,,,,,,,,,,,,,,no_pattern_at_sr
2026-03-09T18:12:03.312278+00:00,USDJPY-STD,cobra,24433879,H1,HOLD,HOLD,NONE,0,0.2586433075435901,0,,,,,,,,,,,,,,,,0.019,0.019,158.332,158.35,158.267,158.276,,,,,,,,158.0648192014755,158.316,0.06186125653877433,,,,,,none,True,,,,,,,,,,,,,,no_pattern_at_sr
2026-03-09T18:12:03.354210+00:00,USOUSD-STD,cobra,24433879,H1,HOLD,HOLD,NONE,0,4.212567752474854,0,,,,,,,,,,,,,,,,0.072,0.072,94.918,94.973,92.193,92.368,,,,,,,,93.96841627452974,93.162,0.42159559308134775,,,,,,none,True,,,,,,,,,,,,,,no_pattern_at_sr
2026-03-09T18:13:03.721567+00:00,BTCUSD,cobra,24433879,H1,HOLD,HOLD,NONE,0,653.8076267096077,0,,,,,,,,,,,,,,,,17.09,17.09,68589.64,68616.57,68225.24,68462.51,,,,,,,,67825.68359634162,68195.03333333333,0.6060447301002031,,,,,,none,True,,,,,,,,,,,,,,no_pattern_at_sr
2026-03-09T18:13:03.737243+00:00,USDJPY-STD,cobra,24433879,H1,HOLD,HOLD,NONE,0,0.25878616468644794,0,,,,,,,,,,,,,,,,0.018,0.018,158.332,158.35,158.265,158.268,,,,,,,,158.0648192014755,158.316,0.061827107408841384,,,,,,none,True,,,,,,,,,,,,,,no_pattern_at_sr
2026-03-09T18:13:03.782249+00:00,USOUSD-STD,cobra,24433879,H1,HOLD,HOLD,NONE,0,4.218996323903426,0,,,,,,,,,,,,,,,,0.072,0.072,94.918,94.973,92.103,92.283,,,,,,,,93.96841627452974,93.162,0.42095319920943586,,,,,,none,True,,,,,,,,,,,,,,no_pattern_at_sr
2026-03-09T18:14:04.211044+00:00,BTCUSD,cobra,24433879,H1,HOLD,HOLD,NONE,0,653.8076267096077,0,,,,,,,,,,,,,,,,16.97,16.97,68589.64,68616.57,68225.24,68456.86,,,,,,,,67825.68359634162,68195.03333333333,0.6060447301002031,,,,,,none,True,,,,,,,,,,,,,,no_pattern_at_sr
2026-03-09T18:14:04.225803+00:00,USDJPY-STD,cobra,24433879,H1,HOLD,HOLD,NONE,0,0.26050045040073166,0,,,,,,,,,,,,,,,,0.018,0.018,158.332,158.35,158.241,158.243,,,,,,,,158.0648192014755,158.316,0.06142023929470409,,,,,,none,True,,,,,,,,,,,,,,no_pattern_at_sr
2026-03-09T18:14:04.267244+00:00,USOUSD-STD,cobra,24433879,H1,HOLD,HOLD,NONE,0,4.2429248953319965,0,,,,,,,,,,,,,,,,0.072,0.072,94.918,94.973,91.768,91.833,,,,,,,,93.96841627452974,93.162,0.4185791744638057,,,,,,none,True,,,,,,,,,,,,,,no_pattern_at_sr
2026-03-09T18:15:04.630346+00:00,BTCUSD,cobra,24433879,H1,HOLD,HOLD,NONE,0,653.8076267096077,0,,,,,,,,,,,,,,,,17.08,17.08,68589.64,68616.57,68225.24,68432.42,,,,,,,,67825.68359634162,68195.03333333333,0.6060447301002031,,,,,,none,True,,,,,,,,,,,,,,no_pattern_at_sr
2026-03-09T18:15:04.644681+00:00,USDJPY-STD,cobra,24433879,H1,HOLD,HOLD,NONE,0,0.2608575932578762,0,,,,,,,,,,,,,,,,0.019,0.019,158.332,158.35,158.236,158.256,,,,,,,,158.0648192014755,158.316,0.06133614820318456,,,,,,none,True,,,,,,,,,,,,,,no_pattern_at_sr
2026-03-09T18:15:04.684397+00:00,USOUSD-STD,cobra,24433879,H1,HOLD,HOLD,NONE,0,4.251496323903425,0,,,,,,,,,,,,,,,,0.092,0.092,94.918,94.973,91.648,92.068,,,,,,,,93.96841627452974,93.162,0.4177352782865393,,,,,,none,True,,,,,,,,,,,,,,no_pattern_at_sr
2026-03-09T18:16:05.048561+00:00,BTCUSD,cobra,24433879,H1,HOLD,HOLD,NONE,0,653.8076267096077,0,,,,,,,,,,,,,,,,17.09,17.09,68589.64,68616.57,68225.24,68413.65,,,,,,,,67825.68359634162,68195.03333333333,0.6060447301002031,,,,,,none,True,,,,,,,,,,,,,,no_pattern_at_sr
2026-03-09T18:16:05.063009+00:00,USDJPY-STD,cobra,24433879,H1,HOLD,HOLD,NONE,0,0.2608575932578762,0,,,,,,,,,,,,,,,,0.018,0.018,158.332,158.35,158.236,158.271,,,,,,,,158.0648192014755,158.316,0.06133614820318456,,,,,,none,True,,,,,,,,,,,,,,no_pattern_at_sr
2026-03-09T18:16:05.103586+00:00,USOUSD-STD,cobra,24433879,H1,HOLD,HOLD,NONE,0,4.251496323903425,0,,,,,,,,,,,,,,,,0.072,0.072,94.918,94.973,91.648,92.483,,,,,,,,93.96841627452974,93.162,0.4177352782865393,,,,,,none,True,,,,,,,,,,,,,,no_pattern_at_sr
2026-03-09T18:17:05.448727+00:00,BTCUSD,cobra,24433879,H1,HOLD,HOLD,NONE,0,653.8076267096077,0,,,,,,,,,,,,,,,,16.96,16.96,68589.64,68616.57,68225.24,68461.87,,,,,,,,67825.68359634162,68195.03333333333,0.6060447301002031,,,,,,none,True,,,,,,,,,,,,,,no_pattern_at_sr
2026-03-09T18:17:05.464651+00:00,USDJPY-STD,cobra,24433879,H1,HOLD,HOLD,NONE,0,0.2608575932578762,0,,,,,,,,,,,,,,,,0.018,0.018,158.332,158.35,158.236,158.262,,,,,,,,158.0648192014755,158.316,0.06133614820318456,,,,,,none,True,,,,,,,,,,,,,,no_pattern_at_sr
2026-03-09T18:17:05.505046+00:00,USOUSD-STD,cobra,24433879,H1,HOLD,HOLD,NONE,0,4.251496323903425,0,,,,,,,,,,,,,,,,0.072,0.072,94.918,94.973,91.648,92.538,,,,,,,,93.96841627452974,93.162,0.4177352782865393,,,,,,none,True,,,,,,,,,,,,,,no_pattern_at_sr
2026-03-09T18:18:05.864309+00:00,BTCUSD,cobra,24433879,H1,HOLD,HOLD,NONE,0,653.8076267096077,0,,,,,,,,,,,,,,,,17.07,17.07,68589.64,68616.57,68225.24,68519.86,,,,,,,,67825.68359634162,68195.03333333333,0.6060447301002031,,,,,,none,True,,,,,,,,,,,,,,no_pattern_at_sr
2026-03-09T18:18:05.879064+00:00,USDJPY-STD,cobra,24433879,H1,HOLD,HOLD,NONE,0,0.2608575932578762,0,,,,,,,,,,,,,,,,0.019,0.019,158.332,158.35,158.236,158.275,,,,,,,,158.0648192014755,158.316,0.06133614820318456,,,,,,none,True,,,,,,,,,,,,,,no_pattern_at_sr
2026-03-09T18:18:05.919913+00:00,USOUSD-STD,cobra,24433879,H1,HOLD,HOLD,NONE,0,4.251496323903425,0,,,,,,,,,,,,,,,,0.092,0.092,94.918,94.973,91.648,92.628,,,,,,,,93.96841627452974,93.162,0.4177352782865393,,,,,,none,True,,,,,,,,,,,,,,no_pattern_at_sr
2026-03-09T18:19:06.264136+00:00,BTCUSD,cobra,24433879,H1,HOLD,HOLD,NONE,0,653.8076267096077,0,,,,,,,,,,,,,,,,16.99,16.99,68589.64,68616.57,68225.24,68597.54,,,,,,,,67825.68359634162,68195.03333333333,0.6060447301002031,,,,,,none,True,,,,,,,,,,,,,,no_pattern_at_sr
2026-03-09T18:19:06.281875+00:00,USDJPY-STD,cobra,24433879,H1,HOLD,HOLD,NONE,0,0.2608575932578762,0,,,,,,,,,,,,,,,,0.018,0.018,158.332,158.35,158.236,158.282,,,,,,,,158.0648192014755,158.316,0.06133614820318456,,,,,,none,True,,,,,,,,,,,,,,no_pattern_at_sr
2026-03-09T18:19:06.322470+00:00,USOUSD-STD,cobra,24433879,H1,HOLD,HOLD,NONE,0,4.251496323903425,0,,,,,,,,,,,,,,,,0.072,0.072,94.918,94.973,91.648,92.773,,,,,,,,93.96841627452974,93.162,0.4177352782865393,,,,,,none,True,,,,,,,,,,,,,,no_pattern_at_sr
2026-03-09T18:20:06.689765+00:00,BTCUSD,cobra,24433879,H1,HOLD,HOLD,NONE,0,655.5590552810355,0,,,,,,,,,,,,,,,,17.08,17.08,68589.64,68641.09,68225.24,68569.61,,,,,,,,67825.68359634162,68195.03333333333,0.6044255867944855,,,,,,none,True,,,,,,,,,,,,,,no_pattern_at_sr
2026-03-09T18:20:06.704486+00:00,USDJPY-STD,cobra,24433879,H1,HOLD,HOLD,NONE,0,0.2608575932578762,0,,,,,,,,,,,,,,,,0.019,0.019,158.332,158.35,158.236,158.303,,,,,,,,158.0648192014755,158.316,0.06133614820318456,,,,,,none,True,,,,,,,,,,,,,,no_pattern_at_sr
2026-03-09T18:20:06.745737+00:00,USOUSD-STD,cobra,24433879,H1,HOLD,HOLD,NONE,0,4.251496323903425,0,,,,,,,,,,,,,,,,0.072,0.072,94.918,94.973,91.648,92.843,,,,,,,,93.96841627452974,93.162,0.4177352782865393,,,,,,none,True,,,,,,,,,,,,,,no_pattern_at_sr
2026-03-09T18:21:07.086252+00:00,BTCUSD,cobra,24433879,H1,HOLD,HOLD,NONE,0,655.5590552810355,0,,,,,,,,,,,,,,,,17.04,17.04,68589.64,68641.09,68225.24,68524.18,,,,,,,,67825.68359634162,68195.03333333333,0.6044255867944855,,,,,,none,True,,,,,,,,,,,,,,no_pattern_at_sr
2026-03-09T18:21:07.100347+00:00,USDJPY-STD,cobra,24433879,H1,HOLD,HOLD,NONE,0,0.2608575932578762,0,,,,,,,,,,,,,,,,0.018,0.018,158.332,158.35,158.236,158.294,,,,,,,,158.0648192014755,158.316,0.06133614820318456,,,,,,none,True,,,,,,,,,,,,,,no_pattern_at_sr
2026-03-09T18:21:07.141304+00:00,USOUSD-STD,cobra,24433879,H1,HOLD,HOLD,NONE,0,4.251496323903425,0,,,,,,,,,,,,,,,,0.072,0.072,94.918,94.973,91.648,92.738,,,,,,,,93.96841627452974,93.162,0.4177352782865393,,,,,,none,True,,,,,,,,,,,,,,no_pattern_at_sr
2026-03-09T18:22:07.486299+00:00,BTCUSD,cobra,24433879,H1,HOLD,HOLD,NONE,0,655.5590552810355,0,,,,,,,,,,,,,,,,16.98,16.98,68589.64,68641.09,68225.24,68518.88,,,,,,,,67825.68359634162,68195.03333333333,0.6044255867944855,,,,,,none,True,,,,,,,,,,,,,,no_pattern_at_sr
2026-03-09T18:22:07.500648+00:00,USDJPY-STD,cobra,24433879,H1,HOLD,HOLD,NONE,0,0.2608575932578762,0,,,,,,,,,,,,,,,,0.019,0.019,158.332,158.35,158.236,158.294,,,,,,,,158.0648192014755,158.316,0.06133614820318456,,,,,,none,True,,,,,,,,,,,,,,no_pattern_at_sr
2026-03-09T18:22:07.543373+00:00,USOUSD-STD,cobra,24433879,H1,HOLD,HOLD,NONE,0,4.251496323903425,0,,,,,,,,,,,,,,,,0.072,0.072,94.918,94.973,91.648,93.078,,,,,,,,93.96841627452974,93.162,0.4177352782865393,,,,,,none,True,,,,,,,,,,,,,,no_pattern_at_sr
2026-03-09T18:23:07.885821+00:00,BTCUSD,cobra,24433879,H1,HOLD,HOLD,NONE,0,655.5590552810355,0,,,,,,,,,,,,,,,,17.05,17.05,68589.64,68641.09,68225.24,68543.13,,,,,,,,67825.68359634162,68195.03333333333,0.6044255867944855,,,,,,none,True,,,,,,,,,,,,,,no_pattern_at_sr
2026-03-09T18:23:07.900965+00:00,USDJPY-STD,cobra,24433879,H1,HOLD,HOLD,NONE,0,0.2608575932578762,0,,,,,,,,,,,,,,,,0.019,0.019,158.332,158.35,158.236,158.296,,,,,,,,158.0648192014755,158.316,0.06133614820318456,,,,,,none,True,,,,,,,,,,,,,,no_pattern_at_sr
2026-03-09T18:23:07.947935+00:00,USOUSD-STD,cobra,24433879,H1,HOLD,HOLD,NONE,0,4.251496323903425,0,,,,,,,,,,,,,,,,0.072,0.072,94.918,94.973,91.648,93.703,,,,,,,,93.96841627452974,93.162,0.4177352782865393,,,,,,none,True,,,,,,,,,,,,,,no_pattern_at_sr
2026-03-09T18:24:08.293241+00:00,BTCUSD,cobra,24433879,H1,HOLD,HOLD,NONE,0,655.5590552810355,0,,,,,,,,,,,,,,,,17.11,17.11,68589.64,68641.09,68225.24,68545.99,,,,,,,,67825.68359634162,68195.03333333333,0.6044255867944855,,,,,,none,True,,,,,,,,,,,,,,no_pattern_at_sr
2026-03-09T18:24:08.308113+00:00,USDJPY-STD,cobra,24433879,H1,HOLD,HOLD,NONE,0,0.2608575932578762,0,,,,,,,,,,,,,,,,0.018,0.018,158.332,158.35,158.236,158.294,,,,,,,,158.0648192014755,158.316,0.06133614820318456,,,,,,none,True,,,,,,,,,,,,,,no_pattern_at_sr
2026-03-09T18:24:08.349793+00:00,USOUSD-STD,cobra,24433879,H1,HOLD,HOLD,NONE,0,4.251496323903425,0,,,,,,,,,,,,,,,,0.072,0.072,94.918,94.973,91.648,94.028,,,,,,,,93.96841627452974,93.162,0.4177352782865393,,,,,,none,True,,,,,,,,,,,,,,no_pattern_at_sr
2026-03-09T18:25:08.781172+00:00,BTCUSD,cobra,24433879,H1,HOLD,HOLD,NONE,0,655.5590552810355,0,,,,,,,,,,,,,,,,16.98,16.98,68589.64,68641.09,68225.24,68530.05,,,,,,,,67825.68359634162,68195.03333333333,0.6044255867944855,,,,,,none,True,,,,,,,,,,,,,,no_pattern_at_sr
2026-03-09T18:25:08.795525+00:00,USDJPY-STD,cobra,24433879,H1,HOLD,HOLD,NONE,0,0.2608575932578762,0,,,,,,,,,,,,,,,,0.018,0.018,158.332,158.35,158.236,158.301,,,,,,,,158.0648192014755,158.316,0.06133614820318456,,,,,,none,True,,,,,,,,,,,,,,no_pattern_at_sr
2026-03-09T18:25:08.835552+00:00,USOUSD-STD,cobra,24433879,H1,HOLD,HOLD,NONE,0,4.251496323903425,0,,,,,,,,,,,,,,,,0.092,0.092,94.918,94.973,91.648,94.153,,,,,,,,93.96841627452974,93.162,0.4177352782865393,,,,,,none,True,,,,,,,,,,,,,,no_pattern_at_sr
2026-03-09T18:26:09.183675+00:00,BTCUSD,cobra,24433879,H1,HOLD,HOLD,NONE,0,655.5590552810355,0,,,,,,,,,,,,,,,,17.04,17.04,68589.64,68641.09,68225.24,68551.63,,,,,,,,67825.68359634162,68195.03333333333,0.6044255867944855,,,,,,none,True,,,,,,,,,,,,,,no_pattern_at_sr
2026-03-09T18:26:09.198069+00:00,USDJPY-STD,cobra,24433879,H1,HOLD,HOLD,NONE,0,0.2608575932578762,0,,,,,,,,,,,,,,,,0.019,0.019,158.332,158.35,158.236,158.307,,,,,,,,158.0648192014755,158.316,0.06133614820318456,,,,,,none,True,,,,,,,,,,,,,,no_pattern_at_sr
2026-03-09T18:26:09.238705+00:00,USOUSD-STD,cobra,24433879,H1,HOLD,HOLD,NONE,0,4.251496323903425,0,,,,,,,,,,,,,,,,0.072,0.072,94.918,94.973,91.648,94.363,,,,,,,,93.96841627452974,93.162,0.4177352782865393,,,,,,none,True,,,,,,,,,,,,,,no_pattern_at_sr
2026-03-09T18:27:09.593059+00:00,BTCUSD,cobra,24433879,H1,HOLD,HOLD,NONE,0,655.5590552810355,0,,,,,,,,,,,,,,,,17.03,17.03,68589.64,68641.09,68225.24,68570.46,,,,,,,,67825.68359634162,68195.03333333333,0.6044255867944855,,,,,,none,True,,,,,,,,,,,,,,no_pattern_at_sr
2026-03-09T18:27:09.607554+00:00,USDJPY-STD,cobra,24433879,H1,HOLD,HOLD,NONE,0,0.2608575932578762,0,,,,,,,,,,,,,,,,0.019,0.019,158.332,158.35,158.236,158.313,,,,,,,,158.0648192014755,158.316,0.06133614820318456,,,,,,none,True,,,,,,,,,,,,,,no_pattern_at_sr
2026-03-09T18:27:09.650165+00:00,USOUSD-STD,cobra,24433879,H1,HOLD,HOLD,NONE,0,4.251496323903425,0,,,,,,,,,,,,,,,,0.092,0.092,94.918,94.973,91.648,94.033,,,,,,,,93.96841627452974,93.162,0.4177352782865393,,,,,,none,True,,,,,,,,,,,,,,no_pattern_at_sr
2026-03-09T18:28:10.001161+00:00,BTCUSD,cobra,24433879,H1,HOLD,HOLD,NONE,0,655.5590552810355,0,,,,,,,,,,,,,,,,16.96,16.96,68589.64,68641.09,68225.24,68529.55,,,,,,,,67825.68359634162,68195.03333333333,0.6044255867944855,,,,,,none,True,,,,,,,,,,,,,,no_pattern_at_sr
2026-03-09T18:28:10.015446+00:00,USDJPY-STD,cobra,24433879,H1,HOLD,HOLD,NONE,0,0.2608575932578762,0,,,,,,,,,,,,,,,,0.018,0.018,158.332,158.35,158.236,158.319,,,,,,,,158.0648192014755,158.316,0.06133614820318456,,,,,,none,True,,,,,,,,,,,,,,no_pattern_at_sr
2026-03-09T18:28:10.058243+00:00,USOUSD-STD,cobra,24433879,H1,HOLD,HOLD,NONE,0,4.253639181046283,0,,,,,,,,,,,,,,,,0.092,0.092,94.918,95.003,91.648,94.778,,,,,,,,93.96841627452974,93.162,0.4175248356545247,,,,,,none,True,,,,,,,,,,,,,,no_pattern_at_sr
2026-03-09T18:29:10.435352+00:00,BTCUSD,cobra,24433879,H1,HOLD,HOLD,NONE,0,655.5590552810355,0,,,,,,,,,,,,,,,,17.06,17.06,68589.64,68641.09,68225.24,68521.38,,,,,,,,67825.68359634162,68195.03333333333,0.6044255867944855,,,,,,none,True,,,,,,,,,,,,,,no_pattern_at_sr
2026-03-09T18:29:10.452832+00:00,USDJPY-STD,cobra,24433879,H1,HOLD,HOLD,NONE,0,0.2608575932578762,0,,,,,,,,,,,,,,,,0.019,0.019,158.332,158.35,158.236,158.325,,,,,,,,158.0648192014755,158.316,0.06133614820318456,,,,,,none,True,,,,,,,,,,,,,,no_pattern_at_sr
2026-03-09T18:29:10.496090+00:00,USOUSD-STD,cobra,24433879,H1,HOLD,HOLD,NONE,0,4.253639181046283,0,,,,,,,,,,,,,,,,0.092,0.092,94.918,95.003,91.648,94.748,,,,,,,,93.96841627452974,93.162,0.4175248356545247,,,,,,none,True,,,,,,,,,,,,,,no_pattern_at_sr
2026-03-09T18:30:10.850012+00:00,BTCUSD,cobra,24433879,H1,HOLD,HOLD,NONE,0,655.5590552810355,0,,,,,,,,,,,,,,,,16.97,16.97,68589.64,68641.09,68225.24,68578.99,,,,,,,,67825.68359634162,68195.03333333333,0.6044255867944855,,,,,,none,True,,,,,,,,,,,,,,no_pattern_at_sr
2026-03-09T18:30:10.864544+00:00,USDJPY-STD,cobra,24433879,H1,HOLD,HOLD,NONE,0,0.2608575932578762,0,,,,,,,,,,,,,,,,0.019,0.019,158.332,158.35,158.236,158.33,,,,,,,,158.0648192014755,158.316,0.06133614820318456,,,,,,none,True,,,,,,,,,,,,,,no_pattern_at_sr
2026-03-09T18:30:10.905640+00:00,USOUSD-STD,cobra,24433879,H1,HOLD,HOLD,NONE,0,4.253639181046283,0,,,,,,,,,,,,,,,,0.112,0.112,94.918,95.003,91.648,94.813,,,,,,,,93.96841627452974,93.162,0.4175248356545247,,,,,,none,True,,,,,,,,,,,,,,no_pattern_at_sr
2026-03-09T18:31:11.301281+00:00,BTCUSD,cobra,24433879,H1,HOLD,HOLD,NONE,0,655.5590552810355,0,,,,,,,,,,,,,,,,16.98,16.98,68589.64,68641.09,68225.24,68629.59,,,,,,,,67825.68359634162,68195.03333333333,0.6044255867944855,,,,,,none,True,,,,,,,,,,,,,,no_pattern_at_sr
2026-03-09T18:31:11.315498+00:00,USDJPY-STD,cobra,24433879,H1,HOLD,HOLD,NONE,0,0.2608575932578762,0,,,,,,,,,,,,,,,,0.019,0.019,158.332,158.35,158.236,158.337,,,,,,,,158.0648192014755,158.316,0.06133614820318456,,,,,,none,True,,,,,,,,,,,,,,no_pattern_at_sr
2026-03-09T18:31:11.357036+00:00,USOUSD-STD,cobra,24433879,H1,HOLD,HOLD,NONE,0,4.2797106096177115,0,,,,,,,,,,,,,,,,0.072,0.072,94.918,95.368,91.648,95.303,,,,,,,,93.96841627452974,93.162,0.41498132981440977,,,,,,none,True,,,,,,,,,,,,,,no_pattern_at_sr
2026-03-09T18:32:11.720323+00:00,BTCUSD,cobra,24433879,H1,HOLD,HOLD,NONE,0,655.5947695667497,0,,,,,,,,,,,,,,,,17.02,17.02,68589.64,68641.59,68225.24,68601.54,,,,,,,,67825.68359634162,68195.03333333333,0.604392660009371,,,,,,none,True,,,,,,,,,,,,,,no_pattern_at_sr
2026-03-09T18:32:11.734346+00:00,USDJPY-STD,cobra,24433879,H1,HOLD,HOLD,NONE,0,0.2608575932578762,0,,,,,,,,,,,,,,,,0.018,0.018,158.332,158.35,158.236,158.317,,,,,,,,158.0648192014755,158.316,0.06133614820318456,,,,,,none,True,,,,,,,,,,,,,,no_pattern_at_sr
2026-03-09T18:32:11.774443+00:00,USOUSD-STD,cobra,24433879,H1,HOLD,HOLD,NONE,0,4.284710609617711,0,,,,,,,,,,,,,,,,0.072,0.072,94.918,95.438,91.648,94.928,,,,,,,,93.96841627452974,93.162,0.414497071520649,,,,,,none,True,,,,,,,,,,,,,,no_pattern_at_sr
2026-03-09T18:33:12.176898+00:00,BTCUSD,cobra,24433879,H1,HOLD,HOLD,NONE,0,655.5947695667497,0,,,,,,,,,,,,,,,,17.06,17.06,68589.64,68641.59,68225.24,68570.42,,,,,,,,67825.68359634162,68195.03333333333,0.604392660009371,,,,,,none,True,,,,,,,,,,,,,,no_pattern_at_sr
2026-03-09T18:33:12.191704+00:00,USDJPY-STD,cobra,24433879,H1,HOLD,HOLD,NONE,0,0.2608575932578762,0,,,,,,,,,,,,,,,,0.018,0.018,158.332,158.35,158.236,158.307,,,,,,,,158.0648192014755,158.316,0.06133614820318456,,,,,,none,True,,,,,,,,,,,,,,no_pattern_at_sr
2026-03-09T18:33:12.233534+00:00,USOUSD-STD,cobra,24433879,H1,HOLD,HOLD,NONE,0,4.284710609617711,0,,,,,,,,,,,,,,,,0.092,0.092,94.918,95.438,91.648,94.778,,,,,,,,93.96841627452974,93.162,0.414497071520649,,,,,,none,True,,,,,,,,,,,,,,no_pattern_at_sr
2026-03-09T18:34:12.586305+00:00,BTCUSD,cobra,24433879,H1,HOLD,HOLD,NONE,0,655.5947695667497,0,,,,,,,,,,,,,,,,17.01,17.01,68589.64,68641.59,68225.24,68581.91,,,,,,,,67825.68359634162,68195.03333333333,0.604392660009371,,,,,,none,True,,,,,,,,,,,,,,no_pattern_at_sr
2026-03-09T18:34:12.600998+00:00,USDJPY-STD,cobra,24433879,H1,HOLD,HOLD,NONE,0,0.2608575932578762,0,,,,,,,,,,,,,,,,0.019,0.019,158.332,158.35,158.236,158.294,,,,,,,,158.0648192014755,158.316,0.06133614820318456,,,,,,none,True,,,,,,,,,,,,,,no_pattern_at_sr
2026-03-09T18:34:12.643965+00:00,USOUSD-STD,cobra,24433879,H1,HOLD,HOLD,NONE,0,4.284710609617711,0,,,,,,,,,,,,,,,,0.092,0.092,94.918,95.438,91.648,94.503,,,,,,,,93.96841627452974,93.162,0.414497071520649,,,,,,none,True,,,,,,,,,,,,,,no_pattern_at_sr
2026-03-09T18:35:13.005359+00:00,BTCUSD,cobra,24433879,H1,HOLD,HOLD,NONE,0,660.0376267096067,0,,,,,,,,,,,,,,,,16.96,16.96,68589.64,68703.79,68225.24,68595.19,,,,,,,,67825.68359634162,68195.03333333333,0.6003243612670717,,,,,,none,True,,,,,,,,,,,,,,no_pattern_at_sr
2026-03-09T18:35:13.020132+00:00,USDJPY-STD,cobra,24433879,H1,HOLD,HOLD,NONE,0,0.2608575932578762,0,,,,,,,,,,,,,,,,0.018,0.018,158.332,158.35,158.236,158.315,,,,,,,,158.0648192014755,158.316,0.06133614820318456,,,,,,none,True,,,,,,,,,,,,,,no_pattern_at_sr
2026-03-09T18:35:13.061256+00:00,USOUSD-STD,cobra,24433879,H1,HOLD,HOLD,NONE,0,4.284710609617711,0,,,,,,,,,,,,,,,,0.072,0.072,94.918,95.438,91.648,94.888,,,,,,,,93.96841627452974,93.162,0.414497071520649,,,,,,none,True,,,,,,,,,,,,,,no_pattern_at_sr
2026-03-09T18:36:13.406720+00:00,BTCUSD,cobra,24433879,H1,HOLD,HOLD,NONE,0,660.0376267096067,0,,,,,,,,,,,,,,,,17.06,17.06,68589.64,68703.79,68225.24,68572.18,,,,,,,,67825.68359634162,68195.03333333333,0.6003243612670717,,,,,,none,True,,,,,,,,,,,,,,no_pattern_at_sr
2026-03-09T18:36:13.421165+00:00,USDJPY-STD,cobra,24433879,H1,HOLD,HOLD,NONE,0,0.2608575932578762,0,,,,,,,,,,,,,,,,0.018,0.018,158.332,158.35,158.236,158.305,,,,,,,,158.0648192014755,158.316,0.06133614820318456,,,,,,none,True,,,,,,,,,,,,,,no_pattern_at_sr
2026-03-09T18:36:13.464715+00:00,USOUSD-STD,cobra,24433879,H1,HOLD,HOLD,NONE,0,4.284710609617711,0,,,,,,,,,,,,,,,,0.072,0.072,94.918,95.438,91.648,94.233,,,,,,,,93.96841627452974,93.162,0.414497071520649,,,,,,none,True,,,,,,,,,,,,,,no_pattern_at_sr
2026-03-09T18:37:13.821048+00:00,BTCUSD,cobra,24433879,H1,HOLD,HOLD,NONE,0,660.0376267096067,0,,,,,,,,,,,,,,,,16.99,16.99,68589.64,68703.79,68225.24,68561.28,,,,,,,,67825.68359634162,68195.03333333333,0.6003243612670717,,,,,,none,True,,,,,,,,,,,,,,no_pattern_at_sr
2026-03-09T18:37:13.835681+00:00,USDJPY-STD,cobra,24433879,H1,HOLD,HOLD,NONE,0,0.2608575932578762,0,,,,,,,,,,,,,,,,0.018,0.018,158.332,158.35,158.236,158.32,,,,,,,,158.0648192014755,158.316,0.06133614820318456,,,,,,none,True,,,,,,,,,,,,,,no_pattern_at_sr
2026-03-09T18:37:13.876294+00:00,USOUSD-STD,cobra,24433879,H1,HOLD,HOLD,NONE,0,4.284710609617711,0,,,,,,,,,,,,,,,,0.072,0.072,94.918,95.438,91.648,94.343,,,,,,,,93.96841627452974,93.162,0.414497071520649,,,,,,none,True,,,,,,,,,,,,,,no_pattern_at_sr
2026-03-09T18:38:14.225842+00:00,BTCUSD,cobra,24433879,H1,HOLD,HOLD,NONE,0,660.0376267096067,0,,,,,,,,,,,,,,,,17.07,17.07,68589.64,68703.79,68225.24,68507.61,,,,,,,,67825.68359634162,68195.03333333333,0.6003243612670717,,,,,,none,True,,,,,,,,,,,,,,no_pattern_at_sr
2026-03-09T18:38:14.241113+00:00,USDJPY-STD,cobra,24433879,H1,HOLD,HOLD,NONE,0,0.2608575932578762,0,,,,,,,,,,,,,,,,0.018,0.018,158.332,158.35,158.236,158.31,,,,,,,,158.0648192014755,158.316,0.06133614820318456,,,,,,none,True,,,,,,,,,,,,,,no_pattern_at_sr
2026-03-09T18:38:14.283633+00:00,USOUSD-STD,cobra,24433879,H1,HOLD,HOLD,NONE,0,4.284710609617711,0,,,,,,,,,,,,,,,,0.072,0.072,94.918,95.438,91.648,94.378,,,,,,,,93.96841627452974,93.162,0.414497071520649,,,,,,none,True,,,,,,,,,,,,,,no_pattern_at_sr
2026-03-09T18:39:14.725297+00:00,BTCUSD,cobra,24433879,H1,HOLD,HOLD,NONE,0,660.0376267096067,0,,,,,,,,,,,,,,,,16.97,16.97,68589.64,68703.79,68225.24,68474.85,,,,,,,,67825.68359634162,68195.03333333333,0.6003243612670717,,,,,,none,True,,,,,,,,,,,,,,no_pattern_at_sr
2026-03-09T18:39:14.744708+00:00,USDJPY-STD,cobra,24433879,H1,HOLD,HOLD,NONE,0,0.2608575932578762,0,,,,,,,,,,,,,,,,0.019,0.019,158.332,158.35,158.236,158.328,,,,,,,,158.0648192014755,158.316,0.06133614820318456,,,,,,none,True,,,,,,,,,,,,,,no_pattern_at_sr
2026-03-09T18:39:14.786697+00:00,USOUSD-STD,cobra,24433879,H1,HOLD,HOLD,NONE,0,4.284710609617711,0,,,,,,,,,,,,,,,,0.072,0.072,94.918,95.438,91.648,94.888,,,,,,,,93.96841627452974,93.162,0.414497071520649,,,,,,none,True,,,,,,,,,,,,,,no_pattern_at_sr
2026-03-09T18:40:15.141454+00:00,BTCUSD,cobra,24433879,H1,HOLD,HOLD,NONE,0,660.0376267096067,0,,,,,,,,,,,,,,,,16.97,16.97,68589.64,68703.79,68225.24,68514.15,,,,,,,,67825.68359634162,68195.03333333333,0.6003243612670717,,,,,,none,True,,,,,,,,,,,,,,no_pattern_at_sr
2026-03-09T18:40:15.156591+00:00,USDJPY-STD,cobra,24433879,H1,HOLD,HOLD,NONE,0,0.2608575932578762,0,,,,,,,,,,,,,,,,0.018,0.018,158.332,158.35,158.236,158.342,,,,,,,,158.0648192014755,158.316,0.06133614820318456,,,,,,none,True,,,,,,,,,,,,,,no_pattern_at_sr
2026-03-09T18:40:15.199110+00:00,USOUSD-STD,cobra,24433879,H1,HOLD,HOLD,NONE,0,4.284710609617711,0,,,,,,,,,,,,,,,,0.072,0.072,94.918,95.438,91.648,95.033,,,,,,,,93.96841627452974,93.162,0.414497071520649,,,,,,none,True,,,,,,,,,,,,,,no_pattern_at_sr
2026-03-09T18:41:15.558465+00:00,BTCUSD,cobra,24433879,H1,HOLD,HOLD,NONE,0,660.0376267096067,0,,,,,,,,,,,,,,,,17.05,17.05,68589.64,68703.79,68225.24,68525.16,,,,,,,,67825.68359634162,68195.03333333333,0.6003243612670717,,,,,,none,True,,,,,,,,,,,,,,no_pattern_at_sr
2026-03-09T18:41:15.573918+00:00,USDJPY-STD,cobra,24433879,H1,HOLD,HOLD,NONE,0,0.26100045040073405,0,,,,,,,,,,,,,,,,0.028,0.028,158.332,158.352,158.236,158.342,,,,,,,,158.0648192014755,158.316,0.06130257620408357,,,,,,none,True,,,,,,,,,,,,,,no_pattern_at_sr
2026-03-09T18:41:15.613706+00:00,USOUSD-STD,cobra,24433879,H1,HOLD,HOLD,NONE,0,4.284710609617711,0,,,,,,,,,,,,,,,,0.072,0.072,94.918,95.438,91.648,95.113,,,,,,,,93.96841627452974,93.162,0.414497071520649,,,,,,none,True,,,,,,,,,,,,,,no_pattern_at_sr
2026-03-09T18:42:15.959637+00:00,BTCUSD,cobra,24433879,H1,HOLD,HOLD,NONE,0,660.0376267096067,0,,,,,,,,,,,,,,,,17.1,17.1,68589.64,68703.79,68225.24,68519.34,,,,,,,,67825.68359634162,68195.03333333333,0.6003243612670717,,,,,,none,True,,,,,,,,,,,,,,no_pattern_at_sr
2026-03-09T18:42:15.973679+00:00,USDJPY-STD,cobra,24433879,H1,HOLD,HOLD,NONE,0,0.2612147361150188,0,,,,,,,,,,,,,,,,0.02,0.02,158.332,158.355,158.236,158.353,,,,,,,,158.0648192014755,158.316,0.061252287056829634,,,,,,none,True,,,,,,,,,,,,,,no_pattern_at_sr
2026-03-09T18:42:16.015947+00:00,USOUSD-STD,cobra,24433879,H1,HOLD,HOLD,NONE,0,4.284710609617711,0,,,,,,,,,,,,,,,,0.072,0.072,94.918,95.438,91.648,94.818,,,,,,,,93.96841627452974,93.162,0.414497071520649,,,,,,none,True,,,,,,,,,,,,,,no_pattern_at_sr
2026-03-09T18:43:17.587840+00:00,BTCUSD,cobra,24433879,H1,HOLD,HOLD,NONE,0,660.0376267096067,0,,,,,,,,,,,,,,,,17.07,17.07,68589.64,68703.79,68225.24,68493.98,,,,,,,,67825.68359634162,68195.03333333333,0.6003243612670717,,,,,,none,True,,,,,,,,,,,,,,no_pattern_at_sr
2026-03-09T18:43:17.601954+00:00,USDJPY-STD,cobra,24433879,H1,HOLD,HOLD,NONE,0,0.2612147361150188,0,,,,,,,,,,,,,,,,0.019,0.019,158.332,158.355,158.236,158.347,,,,,,,,158.0648192014755,158.316,0.061252287056829634,,,,,,none,True,,,,,,,,,,,,,,no_pattern_at_sr
2026-03-09T18:43:17.642624+00:00,USOUSD-STD,cobra,24433879,H1,HOLD,HOLD,NONE,0,4.284710609617711,0,,,,,,,,,,,,,,,,0.092,0.092,94.918,95.438,91.648,94.693,,,,,,,,93.96841627452974,93.162,0.414497071520649,,,,,,none,True,,,,,,,,,,,,,,no_pattern_at_sr
2026-03-09T18:44:18.000470+00:00,BTCUSD,cobra,24433879,H1,HOLD,HOLD,NONE,0,660.0376267096067,0,,,,,,,,,,,,,,,,17.09,17.09,68589.64,68703.79,68225.24,68481.22,,,,,,,,67825.68359634162,68195.03333333333,0.6003243612670717,,,,,,none,True,,,,,,,,,,,,,,no_pattern_at_sr
2026-03-09T18:44:18.015259+00:00,USDJPY-STD,cobra,24433879,H1,HOLD,HOLD,NONE,0,0.26128616468644766,0,,,,,,,,,,,,,,,,0.019,0.019,158.332,158.356,158.236,158.355,,,,,,,,158.0648192014755,158.316,0.06123554233800201,,,,,,none,True,,,,,,,,,,,,,,no_pattern_at_sr
2026-03-09T18:44:18.056986+00:00,USOUSD-STD,cobra,24433879,H1,HOLD,HOLD,NONE,0,4.284710609617711,0,,,,,,,,,,,,,,,,0.072,0.072,94.918,95.438,91.648,95.118,,,,,,,,93.96841627452974,93.162,0.414497071520649,,,,,,none,True,,,,,,,,,,,,,,no_pattern_at_sr
2026-03-09T18:45:18.413327+00:00,BTCUSD,cobra,24433879,H1,HOLD,HOLD,NONE,0,660.0376267096067,0,,,,,,,,,,,,,,,,16.98,16.98,68589.64,68703.79,68225.24,68493.79,,,,,,,,67825.68359634162,68195.03333333333,0.6003243612670717,,,,,,none,True,,,,,,,,,,,,,,no_pattern_at_sr
2026-03-09T18:45:18.427331+00:00,USDJPY-STD,cobra,24433879,H1,HOLD,HOLD,NONE,0,0.26328616468644706,0,,,,,,,,,,,,,,,,0.019,0.019,158.332,158.384,158.236,158.382,,,,,,,,158.0648192014755,158.316,0.06077037894887437,,,,,,none,True,,,,,,,,,,,,,,no_pattern_at_sr
2026-03-09T18:45:18.469846+00:00,USOUSD-STD,cobra,24433879,H1,HOLD,HOLD,NONE,0,4.284710609617711,0,,,,,,,,,,,,,,,,0.072,0.072,94.918,95.438,91.648,95.058,,,,,,,,93.96841627452974,93.162,0.414497071520649,,,,,,none,True,,,,,,,,,,,,,,no_pattern_at_sr
2026-03-09T18:46:18.821124+00:00,BTCUSD,cobra,24433879,H1,HOLD,HOLD,NONE,0,660.0376267096067,0,,,,,,,,,,,,,,,,16.98,16.98,68589.64,68703.79,68225.24,68500.27,,,,,,,,67825.68359634162,68195.03333333333,0.6003243612670717,,,,,,none,True,,,,,,,,,,,,,,no_pattern_at_sr
2026-03-09T18:46:18.835458+00:00,USDJPY-STD,cobra,24433879,H1,HOLD,HOLD,NONE,0,0.26328616468644706,0,,,,,,,,,,,,,,,,0.019,0.019,158.332,158.384,158.236,158.376,,,,,,,,158.0648192014755,158.316,0.06077037894887437,,,,,,none,True,,,,,,,,,,,,,,no_pattern_at_sr
2026-03-09T18:46:18.875394+00:00,USOUSD-STD,cobra,24433879,H1,HOLD,HOLD,NONE,0,4.284710609617711,0,,,,,,,,,,,,,,,,0.072,0.072,94.918,95.438,91.648,94.773,,,,,,,,93.96841627452974,93.162,0.414497071520649,,,,,,none,True,,,,,,,,,,,,,,no_pattern_at_sr
2026-03-09T18:47:19.226531+00:00,BTCUSD,cobra,24433879,H1,HOLD,HOLD,NONE,0,660.0376267096067,0,,,,,,,,,,,,,,,,17.05,17.05,68589.64,68703.79,68225.24,68535.75,,,,,,,,67825.68359634162,68195.03333333333,0.6003243612670717,,,,,,none,True,,,,,,,,,,,,,,no_pattern_at_sr
2026-03-09T18:47:19.241022+00:00,USDJPY-STD,cobra,24433879,H1,HOLD,HOLD,NONE,0,0.26378616468644744,0,,,,,,,,,,,,,,,,0.018,0.018,158.332,158.391,158.236,158.39,,,,,,,,158.0648192014755,158.316,0.06065519023338363,,,,,,none,True,,,,,,,,,,,,,,no_pattern_at_sr
2026-03-09T18:47:19.282752+00:00,USOUSD-STD,cobra,24433879,H1,HOLD,HOLD,NONE,0,4.284710609617711,0,,,,,,,,,,,,,,,,0.072,0.072,94.918,95.438,91.648,95.008,,,,,,,,93.96841627452974,93.162,0.414497071520649,,,,,,none,True,,,,,,,,,,,,,,no_pattern_at_sr
2026-03-09T18:48:19.657128+00:00,BTCUSD,cobra,24433879,H1,HOLD,HOLD,NONE,0,660.0376267096067,0,,,,,,,,,,,,,,,,17.03,17.03,68589.64,68703.79,68225.24,68480.31,,,,,,,,67825.68359634162,68195.03333333333,0.6003243612670717,,,,,,none,True,,,,,,,,,,,,,,no_pattern_at_sr
2026-03-09T18:48:19.671883+00:00,USDJPY-STD,cobra,24433879,H1,HOLD,HOLD,NONE,0,0.2645004504007345,0,,,,,,,,,,,,,,,,0.018,0.018,158.332,158.401,158.236,158.399,,,,,,,,158.0648192014755,158.316,0.060491390376652084,,,,,,none,True,,,,,,,,,,,,,,no_pattern_at_sr
2026-03-09T18:48:19.714166+00:00,USOUSD-STD,cobra,24433879,H1,HOLD,HOLD,NONE,0,4.284710609617711,0,,,,,,,,,,,,,,,,0.072,0.072,94.918,95.438,91.648,95.113,,,,,,,,93.96841627452974,93.162,0.414497071520649,,,,,,none,True,,,,,,,,,,,,,,no_pattern_at_sr
2026-03-09T18:49:20.086385+00:00,BTCUSD,cobra,24433879,H1,HOLD,HOLD,NONE,0,660.0376267096067,0,,,,,,,,,,,,,,,,17.1,17.1,68589.64,68703.79,68225.24,68466.04,,,,,,,,67825.68359634162,68195.03333333333,0.6003243612670717,,,,,,none,True,,,,,,,,,,,,,,no_pattern_at_sr
2026-03-09T18:49:20.104320+00:00,USDJPY-STD,cobra,24433879,H1,HOLD,HOLD,NONE,0,0.2645718789721614,0,,,,,,,,,,,,,,,,0.019,0.019,158.332,158.402,158.236,158.395,,,,,,,,158.0648192014755,158.316,0.060475059035562405,,,,,,none,True,,,,,,,,,,,,,,no_pattern_at_sr
2026-03-09T18:49:20.146072+00:00,USOUSD-STD,cobra,24433879,H1,HOLD,HOLD,NONE,0,4.284710609617711,0,,,,,,,,,,,,,,,,0.072,0.072,94.918,95.438,91.648,94.918,,,,,,,,93.96841627452974,93.162,0.414497071520649,,,,,,none,True,,,,,,,,,,,,,,no_pattern_at_sr
2026-03-09T18:50:20.507184+00:00,BTCUSD,cobra,24433879,H1,HOLD,HOLD,NONE,0,660.0376267096067,0,,,,,,,,,,,,,,,,16.96,16.96,68589.64,68703.79,68225.24,68406.29,,,,,,,,67825.68359634162,68195.03333333333,0.6003243612670717,,,,,,none,True,,,,,,,,,,,,,,no_pattern_at_sr
2026-03-09T18:50:20.522773+00:00,USDJPY-STD,cobra,24433879,H1,HOLD,HOLD,NONE,0,0.2645718789721614,0,,,,,,,,,,,,,,,,0.019,0.019,158.332,158.402,158.236,158.382,,,,,,,,158.0648192014755,158.316,0.060475059035562405,,,,,,none,True,,,,,,,,,,,,,,no_pattern_at_sr
2026-03-09T18:50:20.564146+00:00,USOUSD-STD,cobra,24433879,H1,HOLD,HOLD,NONE,0,4.284710609617711,0,,,,,,,,,,,,,,,,0.072,0.072,94.918,95.438,91.648,94.843,,,,,,,,93.96841627452974,93.162,0.414497071520649,,,,,,none,True,,,,,,,,,,,,,,no_pattern_at_sr
2026-03-09T18:51:20.912629+00:00,BTCUSD,cobra,24433879,H1,HOLD,HOLD,NONE,0,660.0376267096067,0,,,,,,,,,,,,,,,,17.05,17.05,68589.64,68703.79,68225.24,68383.89,,,,,,,,67825.68359634162,68195.03333333333,0.6003243612670717,,,,,,none,True,,,,,,,,,,,,,,no_pattern_at_sr
2026-03-09T18:51:20.926603+00:00,USDJPY-STD,cobra,24433879,H1,HOLD,HOLD,NONE,0,0.2645718789721614,0,,,,,,,,,,,,,,,,0.018,0.018,158.332,158.402,158.236,158.378,,,,,,,,158.0648192014755,158.316,0.060475059035562405,,,,,,none,True,,,,,,,,,,,,,,no_pattern_at_sr
2026-03-09T18:51:20.966396+00:00,USOUSD-STD,cobra,24433879,H1,HOLD,HOLD,NONE,0,4.284710609617711,0,,,,,,,,,,,,,,,,0.072,0.072,94.918,95.438,91.648,94.798,,,,,,,,93.96841627452974,93.162,0.414497071520649,,,,,,none,True,,,,,,,,,,,,,,no_pattern_at_sr
2026-03-09T18:52:21.305859+00:00,BTCUSD,cobra,24433879,H1,HOLD,HOLD,NONE,0,660.0376267096067,0,,,,,,,,,,,,,,,,16.99,16.99,68589.64,68703.79,68225.24,68409.87,,,,,,,,67825.68359634162,68195.03333333333,0.6003243612670717,,,,,,none,True,,,,,,,,,,,,,,no_pattern_at_sr
2026-03-09T18:52:21.321136+00:00,USDJPY-STD,cobra,24433879,H1,HOLD,HOLD,NONE,0,0.2645718789721614,0,,,,,,,,,,,,,,,,0.018,0.018,158.332,158.402,158.236,158.369,,,,,,,,158.0648192014755,158.316,0.060475059035562405,,,,,,none,True,,,,,,,,,,,,,,no_pattern_at_sr
2026-03-09T18:52:21.361184+00:00,USOUSD-STD,cobra,24433879,H1,HOLD,HOLD,NONE,0,4.284710609617711,0,,,,,,,,,,,,,,,,0.072,0.072,94.918,95.438,91.648,94.768,,,,,,,,93.96841627452974,93.162,0.414497071520649,,,,,,none,True,,,,,,,,,,,,,,no_pattern_at_sr
2026-03-09T18:53:21.749632+00:00,BTCUSD,cobra,24433879,H1,HOLD,HOLD,NONE,0,660.0376267096067,0,,,,,,,,,,,,,,,,17.05,17.05,68589.64,68703.79,68225.24,68393.94,,,,,,,,67825.68359634162,68195.03333333333,0.6003243612670717,,,,,,none,True,,,,,,,,,,,,,,no_pattern_at_sr
2026-03-09T18:53:21.764086+00:00,USDJPY-STD,cobra,24433879,H1,HOLD,HOLD,NONE,0,0.2645718789721614,0,,,,,,,,,,,,,,,,0.018,0.018,158.332,158.402,158.236,158.368,,,,,,,,158.0648192014755,158.316,0.060475059035562405,,,,,,none,True,,,,,,,,,,,,,,no_pattern_at_sr
2026-03-09T18:53:21.796633+00:00,XAUUSD-STD,cobra,24433879,H1,HOLD,HOLD,NONE,0,32.61455581789602,0,,,,,,,,,,,,,,,,0.22,0.22,5095.94,5125.25,5092.5,5125.03,,,,,,,,5112.153256740016,5107.58625,0.3570874938486897,,,,,,none,True,,,,,,,,,,,,,,no_pattern_at_sr
2026-03-09T18:53:21.811060+00:00,USOUSD-STD,cobra,24433879,H1,HOLD,HOLD,NONE,0,4.284710609617711,0,,,,,,,,,,,,,,,,0.072,0.072,94.918,95.438,91.648,94.758,,,,,,,,93.96841627452974,93.162,0.414497071520649,,,,,,none,True,,,,,,,,,,,,,,no_pattern_at_sr
2026-03-09T18:54:22.268035+00:00,BTCUSD,cobra,24433879,H1,HOLD,HOLD,NONE,0,660.0376267096067,0,,,,,,,,,,,,,,,,16.95,16.95,68589.64,68703.79,68225.24,68404.96,,,,,,,,67825.68359634162,68195.03333333333,0.6003243612670717,,,,,,none,True,,,,,,,,,,,,,,no_pattern_at_sr
2026-03-09T18:54:22.282299+00:00,USDJPY-STD,cobra,24433879,H1,HOLD,HOLD,NONE,0,0.2645718789721614,0,,,,,,,,,,,,,,,,0.019,0.019,158.332,158.402,158.236,158.368,,,,,,,,158.0648192014755,158.316,0.060475059035562405,,,,,,none,True,,,,,,,,,,,,,,no_pattern_at_sr
2026-03-09T18:54:22.309662+00:00,XAUUSD-STD,cobra,24433879,H1,HOLD,HOLD,NONE,0,32.624555817896045,0,,,,,,,,,,,,,,,,0.22,0.22,5095.94,5125.39,5092.5,5124.33,,,,,,,,5112.153256740016,5107.58625,0.35697804025310886,,,,,,none,True,,,,,,,,,,,,,,no_pattern_at_sr
2026-03-09T18:54:22.323884+00:00,USOUSD-STD,cobra,24433879,H1,HOLD,HOLD,NONE,0,4.284710609617711,0,,,,,,,,,,,,,,,,0.072,0.072,94.918,95.438,91.648,94.958,,,,,,,,93.96841627452974,93.162,0.414497071520649,,,,,,none,True,,,,,,,,,,,,,,no_pattern_at_sr
2026-03-09T18:55:22.678874+00:00,BTCUSD,cobra,24433879,H1,HOLD,HOLD,NONE,0,660.0376267096067,0,,,,,,,,,,,,,,,,17.08,17.08,68589.64,68703.79,68225.24,68428.32,,,,,,,,67825.68359634162,68195.03333333333,0.6003243612670717,,,,,,none,True,,,,,,,,,,,,,,no_pattern_at_sr
2026-03-09T18:55:22.693029+00:00,USDJPY-STD,cobra,24433879,H1,HOLD,HOLD,NONE,0,0.2645718789721614,0,,,,,,,,,,,,,,,,0.019,0.019,158.332,158.402,158.236,158.367,,,,,,,,158.0648192014755,158.316,0.060475059035562405,,,,,,none,True,,,,,,,,,,,,,,no_pattern_at_sr
2026-03-09T18:55:22.721744+00:00,XAUUSD-STD,cobra,24433879,H1,HOLD,HOLD,NONE,0,32.68169867503885,0,,,,,,,,,,,,,,,,0.25,0.25,5095.94,5126.19,5092.5,5125.88,,,,,,,,5112.153256740016,5107.58625,0.3563538760883226,,,,,,none,True,,,,,,,,,,,,,,no_pattern_at_sr
2026-03-09T18:55:22.736064+00:00,USOUSD-STD,cobra,24433879,H1,HOLD,HOLD,NONE,0,4.284710609617711,0,,,,,,,,,,,,,,,,0.072,0.072,94.918,95.438,91.648,94.943,,,,,,,,93.96841627452974,93.162,0.414497071520649,,,,,,none,True,,,,,,,,,,,,,,no_pattern_at_sr
2026-03-09T18:56:23.106871+00:00,BTCUSD,cobra,24433879,H1,HOLD,HOLD,NONE,0,660.0376267096067,0,,,,,,,,,,,,,,,,17.11,17.11,68589.64,68703.79,68225.24,68386.59,,,,,,,,67825.68359634162,68195.03333333333,0.6003243612670717,,,,,,none,True,,,,,,,,,,,,,,no_pattern_at_sr
2026-03-09T18:56:23.121597+00:00,USDJPY-STD,cobra,24433879,H1,HOLD,HOLD,NONE,0,0.2645718789721614,0,,,,,,,,,,,,,,,,0.019,0.019,158.332,158.402,158.236,158.372,,,,,,,,158.0648192014755,158.316,0.060475059035562405,,,,,,none,True,,,,,,,,,,,,,,no_pattern_at_sr
2026-03-09T18:56:23.150613+00:00,XAUUSD-STD,cobra,24433879,H1,HOLD,HOLD,NONE,0,32.693841532181715,0,,,,,,,,,,,,,,,,0.24,0.24,5095.94,5126.36,5092.5,5124.12,,,,,,,,5112.153256740016,5107.58625,0.3562215222869075,,,,,,none,True,,,,,,,,,,,,,,no_pattern_at_sr
2026-03-09T18:56:23.165194+00:00,USOUSD-STD,cobra,24433879,H1,HOLD,HOLD,NONE,0,4.284710609617711,0,,,,,,,,,,,,,,,,0.072,0.072,94.918,95.438,91.648,94.808,,,,,,,,93.96841627452974,93.162,0.414497071520649,,,,,,none,True,,,,,,,,,,,,,,no_pattern_at_sr
2026-03-09T18:57:23.530901+00:00,BTCUSD,cobra,24433879,H1,HOLD,HOLD,NONE,0,660.0376267096067,0,,,,,,,,,,,,,,,,16.97,16.97,68589.64,68703.79,68225.24,68394.02,,,,,,,,67825.68359634162,68195.03333333333,0.6003243612670717,,,,,,none,True,,,,,,,,,,,,,,no_pattern_at_sr
2026-03-09T18:57:23.545721+00:00,USDJPY-STD,cobra,24433879,H1,HOLD,HOLD,NONE,0,0.2645718789721614,0,,,,,,,,,,,,,,,,0.018,0.018,158.332,158.402,158.236,158.38,,,,,,,,158.0648192014755,158.316,0.060475059035562405,,,,,,none,True,,,,,,,,,,,,,,no_pattern_at_sr
2026-03-09T18:57:23.575184+00:00,XAUUSD-STD,cobra,24433879,H1,HOLD,HOLD,NONE,0,32.693841532181715,0,,,,,,,,,,,,,,,,0.21,0.21,5095.94,5126.36,5092.5,5125.02,,,,,,,,5112.153256740016,5107.58625,0.3562215222869075,,,,,,none,True,,,,,,,,,,,,,,no_pattern_at_sr
2026-03-09T18:57:23.589368+00:00,USOUSD-STD,cobra,24433879,H1,HOLD,HOLD,NONE,0,4.284710609617711,0,,,,,,,,,,,,,,,,0.072,0.072,94.918,95.438,91.648,95.158,,,,,,,,93.96841627452974,93.162,0.414497071520649,,,,,,none,True,,,,,,,,,,,,,,no_pattern_at_sr
2026-03-09T18:58:23.962864+00:00,BTCUSD,cobra,24433879,H1,HOLD,HOLD,NONE,0,660.0376267096067,0,,,,,,,,,,,,,,,,17.1,17.1,68589.64,68703.79,68225.24,68332.09,,,,,,,,67825.68359634162,68195.03333333333,0.6003243612670717,,,,,,none,True,,,,,,,,,,,,,,no_pattern_at_sr
2026-03-09T18:58:23.977571+00:00,USDJPY-STD,cobra,24433879,H1,HOLD,HOLD,NONE,0,0.2645718789721614,0,,,,,,,,,,,,,,,,0.018,0.018,158.332,158.402,158.236,158.377,,,,,,,,158.0648192014755,158.316,0.060475059035562405,,,,,,none,True,,,,,,,,,,,,,,no_pattern_at_sr
2026-03-09T18:58:24.006335+00:00,XAUUSD-STD,cobra,24433879,H1,HOLD,HOLD,NONE,0,32.69884153218175,0,,,,,,,,,,,,,,,,0.23,0.23,5095.94,5126.43,5092.5,5126.25,,,,,,,,5112.153256740016,5107.58625,0.3561670522345145,,,,,,none,True,,,,,,,,,,,,,,no_pattern_at_sr
2026-03-09T18:58:24.020532+00:00,USOUSD-STD,cobra,24433879,H1,HOLD,HOLD,NONE,0,4.284710609617711,0,,,,,,,,,,,,,,,,0.072,0.072,94.918,95.438,91.648,95.073,,,,,,,,93.96841627452974,93.162,0.414497071520649,,,,,,none,True,,,,,,,,,,,,,,no_pattern_at_sr
2026-03-09T18:59:24.428240+00:00,BTCUSD,cobra,24433879,H1,HOLD,HOLD,NONE,0,660.0376267096067,0,,,,,,,,,,,,,,,,17.05,17.05,68589.64,68703.79,68225.24,68350.65,,,,,,,,67825.68359634162,68195.03333333333,0.6003243612670717,,,,,,none,True,,,,,,,,,,,,,,no_pattern_at_sr
2026-03-09T18:59:24.445078+00:00,USDJPY-STD,cobra,24433879,H1,HOLD,HOLD,NONE,0,0.2645718789721614,0,,,,,,,,,,,,,,,,0.018,0.018,158.332,158.402,158.236,158.394,,,,,,,,158.0648192014755,158.316,0.060475059035562405,,,,,,none,True,,,,,,,,,,,,,,no_pattern_at_sr
2026-03-09T18:59:24.472859+00:00,XAUUSD-STD,cobra,24433879,H1,HOLD,HOLD,NONE,0,32.69884153218175,0,,,,,,,,,,,,,,,,0.28,0.28,5095.94,5126.43,5092.5,5124.09,,,,,,,,5112.153256740016,5107.58625,0.3561670522345145,,,,,,none,True,,,,,,,,,,,,,,no_pattern_at_sr
2026-03-09T18:59:24.488963+00:00,USOUSD-STD,cobra,24433879,H1,HOLD,HOLD,NONE,0,4.284710609617711,0,,,,,,,,,,,,,,,,0.072,0.072,94.918,95.438,91.648,95.163,,,,,,,,93.96841627452974,93.162,0.414497071520649,,,,,,none,True,,,,,,,,,,,,,,no_pattern_at_sr
2026-03-09T19:00:24.871108+00:00,BTCUSD,cobra,24433879,H1,HOLD,HOLD,NONE,0,615.1642402302735,0,,,,,,,,,,,,,,,,17.08,17.08,68346.63,68376.29,68344.69,68364.86,,,,,,,,67845.96544461384,68225.24,0.19383441396943968,,,,,,none,True,,,,,,,,,,,,,,no_pattern_at_sr
2026-03-09T19:00:24.885083+00:00,USDJPY-STD,cobra,24433879,H1,HOLD,HOLD,NONE,0,0.24681674830923814,0,,,,,,,,,,,,,,,,0.018,0.018,158.392,158.408,158.392,158.407,,,,,,,,158.07765400641736,158.461,0.2795596347196274,,,,,,none,True,,,,,,,,,,,,,,no_pattern_at_sr
2026-03-09T19:00:24.913498+00:00,XAUUSD-STD,cobra,24433879,H1,BUY,BUY,ENGULFING,0.75,30.480352193203178,0,,,,,,,,,,,,,,,,0.28,0.28,5123.32,5124.59,5122.95,5124.54,,,,,,,,5112.595480535813,,,BULLISH_ENGULF,,,0.8963151024906042,,BULLISH_ENGULF,False,,,,,,,,,,,,,,
2026-03-09T19:00:25.975060+00:00,XAUUSD-STD,cobra,24433879,H1,BUY_EXECUTED,BUY_EXECUTED,ENGULFING,0.75,30.480352193203178,1,5124.76,5057.703225174953,,5325.930324475141,,0.01,713656,,,,,,,10.68,68.16,0.24,0.24,5123.32,5124.59,5122.95,5124.54,,,,,,,,5112.595480535813,,,BULLISH_ENGULF,,,0.8963151024906042,,,,,,,,,,,,,,,,,
2026-03-09T19:00:26.323011+00:00,USOUSD-STD,cobra,24433879,H1,BUY,BUY,PIN_BAR,0.8,3.988659871065627,0,,,,,,,,,,,,,,,,0.072,0.072,95.293,95.398,95.258,95.348,,,,,,,,94.02017337548718,90.632,0.2547221454930807,BULLISH_PIN,3.2700000000000102,8.837837837838096,,,BULLISH_PIN,True,,,,,,,,,,,,,,
2026-03-09T19:00:27.375292+00:00,USOUSD-STD,cobra,24433879,H1,BUY_EXECUTED,BUY_EXECUTED,PIN_BAR,0.8,3.988659871065627,1,95.43,87.45268025786875,,115.37329935532816,,0.01,713657,,,,,,,10.68,67.44,0.072,0.072,95.293,95.398,95.258,95.348,,,,,,,,94.02017337548718,90.632,0.2547221454930807,BULLISH_PIN,3.2700000000000102,8.837837837838096,,,,,,,,,,,,,,,,,,
2026-03-09T19:01:28.059037+00:00,BTCUSD,cobra,24433879,H1,HOLD,HOLD,NONE,0,620.5399545159885,0,,,,,,,,,,,,,,,,17.06,17.06,68346.63,68451.55,68344.69,68439.08,,,,,,,,67845.96544461384,68225.24,0.19215523373188118,,,,,,none,True,,,,,,,,,,,,,,no_pattern_at_sr
2026-03-09T19:01:28.073550+00:00,USDJPY-STD,cobra,24433879,H1,HOLD,HOLD,NONE,0,0.24695960545209597,0,,,,,,,,,,,,,,,,0.019,0.019,158.392,158.409,158.391,158.394,,,,,,,,158.07765400641736,158.461,0.27939791964642213,,,,,,none,True,,,,,,,,,,,,,,no_pattern_at_sr
2026-03-09T19:02:28.451284+00:00,BTCUSD,cobra,24433879,H1,HOLD,HOLD,NONE,0,622.1742402302735,0,,,,,,,,,,,,,,,,17.03,17.03,68346.63,68474.43,68344.69,68474.43,,,,,,,,67845.96544461384,68225.24,0.19165049320566319,,,,,,none,True,,,,,,,,,,,,,,no_pattern_at_sr
2026-03-09T19:02:28.465481+00:00,USDJPY-STD,cobra,24433879,H1,HOLD,HOLD,NONE,0,0.2470310340235249,0,,,,,,,,,,,,,,,,0.018,0.018,158.392,158.409,158.39,158.39,,,,,,,,158.07765400641736,158.461,0.27931713224924576,,,,,,none,True,,,,,,,,,,,,,,no_pattern_at_sr
2026-03-09T19:03:28.849800+00:00,BTCUSD,cobra,24433879,H1,HOLD,HOLD,NONE,0,622.2170973731311,0,,,,,,,,,,,,,,,,16.98,16.98,68346.63,68475.03,68344.69,68462.93,,,,,,,,67845.96544461384,68225.24,0.19163729268031485,,,,,,none,True,,,,,,,,,,,,,,no_pattern_at_sr
2026-03-09T19:03:28.863919+00:00,USDJPY-STD,cobra,24433879,H1,HOLD,HOLD,NONE,0,0.2493881768806668,0,,,,,,,,,,,,,,,,0.018,0.018,158.392,158.409,158.357,158.358,,,,,,,,158.07765400641736,158.461,0.2766771098095544,,,,,,none,True,,,,,,,,,,,,,,no_pattern_at_sr
2026-03-09T19:04:29.219273+00:00,BTCUSD,cobra,24433879,H1,HOLD,HOLD,NONE,0,622.7699545159886,0,,,,,,,,,,,,,,,,16.99,16.99,68346.63,68482.77,68344.69,68481.03,,,,,,,,67845.96544461384,68225.24,0.19146716879214729,,,,,,none,True,,,,,,,,,,,,,,no_pattern_at_sr
2026-03-09T19:04:29.234936+00:00,USDJPY-STD,cobra,24433879,H1,HOLD,HOLD,NONE,0,0.2503881768806675,0,,,,,,,,,,,,,,,,0.018,0.018,158.392,158.409,158.343,158.355,,,,,,,,158.07765400641736,158.461,0.27557211710080676,,,,,,none,True,,,,,,,,,,,,,,no_pattern_at_sr
2026-03-09T19:05:29.601113+00:00,BTCUSD,cobra,24433879,H1,HOLD,HOLD,NONE,0,623.8320973731311,0,,,,,,,,,,,,,,,,17.04,17.04,68346.63,68497.64,68344.69,68459.76,,,,,,,,67845.96544461384,68225.24,0.19114117484831816,,,,,,none,True,,,,,,,,,,,,,,no_pattern_at_sr
2026-03-09T19:05:29.616481+00:00,USDJPY-STD,cobra,24433879,H1,HOLD,HOLD,NONE,0,0.2503881768806675,0,,,,,,,,,,,,,,,,0.018,0.018,158.392,158.409,158.343,158.354,,,,,,,,158.07765400641736,158.461,0.27557211710080676,,,,,,none,True,,,,,,,,,,,,,,no_pattern_at_sr
2026-03-09T19:06:29.977178+00:00,BTCUSD,cobra,24433879,H1,HOLD,HOLD,NONE,0,623.8320973731311,0,,,,,,,,,,,,,,,,17.04,17.04,68346.63,68497.64,68344.69,68416.85,,,,,,,,67845.96544461384,68225.24,0.19114117484831816,,,,,,none,True,,,,,,,,,,,,,,no_pattern_at_sr
2026-03-09T19:06:29.991461+00:00,USDJPY-STD,cobra,24433879,H1,HOLD,HOLD,NONE,0,0.2503881768806675,0,,,,,,,,,,,,,,,,0.019,0.019,158.392,158.409,158.343,158.367,,,,,,,,158.07765400641736,158.461,0.27557211710080676,,,,,,none,True,,,,,,,,,,,,,,no_pattern_at_sr
2026-03-09T19:07:30.380896+00:00,BTCUSD,cobra,24433879,H1,HOLD,HOLD,NONE,0,623.8320973731311,0,,,,,,,,,,,,,,,,17.03,17.03,68346.63,68497.64,68344.69,68455.32,,,,,,,,67845.96544461384,68225.24,0.19114117484831816,,,,,,none,True,,,,,,,,,,,,,,no_pattern_at_sr
2026-03-09T19:07:30.395500+00:00,USDJPY-STD,cobra,24433879,H1,HOLD,HOLD,NONE,0,0.2503881768806675,0,,,,,,,,,,,,,,,,0.018,0.018,158.392,158.409,158.343,158.363,,,,,,,,158.07765400641736,158.461,0.27557211710080676,,,,,,none,True,,,,,,,,,,,,,,no_pattern_at_sr
2026-03-09T19:08:30.755485+00:00,BTCUSD,cobra,24433879,H1,HOLD,HOLD,NONE,0,623.8320973731311,0,,,,,,,,,,,,,,,,16.98,16.98,68346.63,68497.64,68344.69,68476.17,,,,,,,,67845.96544461384,68225.24,0.19114117484831816,,,,,,none,True,,,,,,,,,,,,,,no_pattern_at_sr
2026-03-09T19:08:30.770794+00:00,USDJPY-STD,cobra,24433879,H1,HOLD,HOLD,NONE,0,0.2503881768806675,0,,,,,,,,,,,,,,,,0.019,0.019,158.392,158.409,158.343,158.358,,,,,,,,158.07765400641736,158.461,0.27557211710080676,,,,,,none,True,,,,,,,,,,,,,,no_pattern_at_sr
2026-03-09T19:09:31.139076+00:00,BTCUSD,cobra,24433879,H1,HOLD,HOLD,NONE,0,624.5078116588459,0,,,,,,,,,,,,,,,,16.95,16.95,68346.63,68507.1,68344.69,68501.52,,,,,,,,67845.96544461384,68225.24,0.19093436106629316,,,,,,none,True,,,,,,,,,,,,,,no_pattern_at_sr
2026-03-09T19:09:31.155689+00:00,USDJPY-STD,cobra,24433879,H1,HOLD,HOLD,NONE,0,0.25074531973781006,0,,,,,,,,,,,,,,,,0.018,0.018,158.392,158.409,158.338,158.338,,,,,,,,158.07765400641736,158.461,0.27517961281257874,,,,,,none,True,,,,,,,,,,,,,,no_pattern_at_sr
2026-03-09T19:10:31.536822+00:00,BTCUSD,cobra,24433879,H1,HOLD,HOLD,NONE,0,624.5078116588459,0,,,,,,,,,,,,,,,,16.94,16.94,68346.63,68507.1,68344.69,68465.55,,,,,,,,67845.96544461384,68225.24,0.19093436106629316,,,,,,none,True,,,,,,,,,,,,,,no_pattern_at_sr
2026-03-09T19:10:31.551886+00:00,USDJPY-STD,cobra,24433879,H1,HOLD,HOLD,NONE,0,0.25217389116638017,0,,,,,,,,,,,,,,,,0.019,0.019,158.392,158.409,158.318,158.331,,,,,,,,158.07765400641736,158.461,0.27362071339293315,,,,,,none,True,,,,,,,,,,,,,,no_pattern_at_sr
2026-03-09T19:11:31.921147+00:00,BTCUSD,cobra,24433879,H1,HOLD,HOLD,NONE,0,624.5078116588459,0,,,,,,,,,,,,,,,,17.01,17.01,68346.63,68507.1,68344.69,68489.8,,,,,,,,67845.96544461384,68225.24,0.19093436106629316,,,,,,none,True,,,,,,,,,,,,,,no_pattern_at_sr
2026-03-09T19:11:31.935925+00:00,USDJPY-STD,cobra,24433879,H1,HOLD,HOLD,NONE,0,0.25217389116638017,0,,,,,,,,,,,,,,,,0.018,0.018,158.392,158.409,158.318,158.331,,,,,,,,158.07765400641736,158.461,0.27362071339293315,,,,,,none,True,,,,,,,,,,,,,,no_pattern_at_sr
2026-03-09T19:12:32.294054+00:00,BTCUSD,cobra,24433879,H1,HOLD,HOLD,NONE,0,624.5078116588459,0,,,,,,,,,,,,,,,,17.05,17.05,68346.63,68507.1,68344.69,68488.36,,,,,,,,67845.96544461384,68225.24,0.19093436106629316,,,,,,none,True,,,,,,,,,,,,,,no_pattern_at_sr
2026-03-09T19:12:32.309748+00:00,USDJPY-STD,cobra,24433879,H1,HOLD,HOLD,NONE,0,0.25217389116638017,0,,,,,,,,,,,,,,,,0.018,0.018,158.392,158.409,158.318,158.334,,,,,,,,158.07765400641736,158.461,0.27362071339293315,,,,,,none,True,,,,,,,,,,,,,,no_pattern_at_sr
2026-03-09T19:13:32.695820+00:00,BTCUSD,cobra,24433879,H1,HOLD,HOLD,NONE,0,624.5078116588459,0,,,,,,,,,,,,,,,,16.98,16.98,68346.63,68507.1,68344.69,68428.63,,,,,,,,67845.96544461384,68225.24,0.19093436106629316,,,,,,none,True,,,,,,,,,,,,,,no_pattern_at_sr
2026-03-09T19:13:32.710669+00:00,USDJPY-STD,cobra,24433879,H1,HOLD,HOLD,NONE,0,0.25217389116638017,0,,,,,,,,,,,,,,,,0.019,0.019,158.392,158.409,158.318,158.354,,,,,,,,158.07765400641736,158.461,0.27362071339293315,,,,,,none,True,,,,,,,,,,,,,,no_pattern_at_sr
2026-03-09T19:14:33.105401+00:00,BTCUSD,cobra,24433879,H1,HOLD,HOLD,NONE,0,624.5078116588459,0,,,,,,,,,,,,,,,,16.97,16.97,68346.63,68507.1,68344.69,68394.78,,,,,,,,67845.96544461384,68225.24,0.19093436106629316,,,,,,none,True,,,,,,,,,,,,,,no_pattern_at_sr
2026-03-09T19:14:33.120453+00:00,USDJPY-STD,cobra,24433879,H1,HOLD,HOLD,NONE,0,0.25217389116638017,0,,,,,,,,,,,,,,,,0.018,0.018,158.392,158.409,158.318,158.364,,,,,,,,158.07765400641736,158.461,0.27362071339293315,,,,,,none,True,,,,,,,,,,,,,,no_pattern_at_sr
2026-03-09T19:15:33.476976+00:00,BTCUSD,cobra,24433879,H1,HOLD,HOLD,NONE,0,624.5078116588459,0,,,,,,,,,,,,,,,,17.04,17.04,68346.63,68507.1,68344.69,68390.28,,,,,,,,67845.96544461384,68225.24,0.19093436106629316,,,,,,none,True,,,,,,,,,,,,,,no_pattern_at_sr
2026-03-09T19:15:33.492672+00:00,USDJPY-STD,cobra,24433879,H1,HOLD,HOLD,NONE,0,0.25217389116638017,0,,,,,,,,,,,,,,,,0.018,0.018,158.392,158.409,158.318,158.357,,,,,,,,158.07765400641736,158.461,0.27362071339293315,,,,,,none,True,,,,,,,,,,,,,,no_pattern_at_sr
2026-03-09T19:16:33.925187+00:00,BTCUSD,cobra,24433879,H1,HOLD,HOLD,NONE,0,624.5078116588459,0,,,,,,,,,,,,,,,,17.02,17.02,68346.63,68507.1,68344.69,68388.3,,,,,,,,67845.96544461384,68225.24,0.19093436106629316,,,,,,none,True,,,,,,,,,,,,,,no_pattern_at_sr
2026-03-09T19:16:33.940664+00:00,USDJPY-STD,cobra,24433879,H1,HOLD,HOLD,NONE,0,0.25217389116638017,0,,,,,,,,,,,,,,,,0.018,0.018,158.392,158.409,158.318,158.345,,,,,,,,158.07765400641736,158.461,0.27362071339293315,,,,,,none,True,,,,,,,,,,,,,,no_pattern_at_sr
2026-03-09T19:17:34.298329+00:00,BTCUSD,cobra,24433879,H1,HOLD,HOLD,NONE,0,624.5078116588459,0,,,,,,,,,,,,,,,,17.06,17.06,68346.63,68507.1,68344.69,68488.67,,,,,,,,67845.96544461384,68225.24,0.19093436106629316,,,,,,none,True,,,,,,,,,,,,,,no_pattern_at_sr
2026-03-09T19:17:34.313826+00:00,USDJPY-STD,cobra,24433879,H1,HOLD,HOLD,NONE,0,0.25438817688066634,0,,,,,,,,,,,,,,,,0.018,0.018,158.392,158.409,158.287,158.314,,,,,,,,158.07765400641736,158.461,0.271239020799244,,,,,,none,True,,,,,,,,,,,,,,no_pattern_at_sr
2026-03-09T19:18:34.695994+00:00,BTCUSD,cobra,24433879,H1,HOLD,HOLD,NONE,0,625.6899545159879,0,,,,,,,,,,,,,,,,16.97,16.97,68346.63,68523.65,68344.69,68456.03,,,,,,,,67845.96544461384,68225.24,0.1905736205917364,,,,,,none,True,,,,,,,,,,,,,,no_pattern_at_sr
2026-03-09T19:18:34.710806+00:00,USDJPY-STD,cobra,24433879,H1,HOLD,HOLD,NONE,0,0.25460246259495306,0,,,,,,,,,,,,,,,,0.019,0.019,158.392,158.409,158.284,158.295,,,,,,,,158.07765400641736,158.461,0.27101073295504174,,,,,,none,True,,,,,,,,,,,,,,no_pattern_at_sr
2026-03-09T19:23:36.595176+00:00,BTCUSD,cobra,24433879,H1,HOLD,HOLD,NONE,0,658.2285259445599,0,,,,,,,,,,,,,,,,17.03,17.03,68346.63,68979.19,68344.69,68921.97,,,,,,,,67845.96544461384,68225.24,0.18115289037174578,,,,,,none,True,,,,,,,,,,,,,,no_pattern_at_sr
2026-03-09T19:23:36.599174+00:00,USDJPY-STD,cobra,24433879,H1,HOLD,HOLD,NONE,0,0.2818881768806677,0,,,,,,,,,,,,,,,,0.018,0.018,158.392,158.409,157.902,157.941,,,,,,,,158.07765400641736,158.5265,0.47713955756626464,,,,,,none,True,,,,,,,,,,,,,,no_pattern_at_sr
2026-03-09T19:23:36.600961+00:00,EURUSD-STD,cobra,24433879,H1,HOLD,HOLD,NONE,0,0.0023852801686984246,0,,,,,,,,,,,,,,,,0.00013,0.00013,1.15759,1.16171,1.15748,1.1612,,,,,,,,1.1575558032361806,1.1571699999999998,0.17188756498318103,,,,,,none,True,,,,,,,,,,,,,,no_pattern_at_sr
2026-03-09T19:24:37.021503+00:00,BTCUSD,cobra,24433879,H1,HOLD,HOLD,NONE,0,659.7692402302737,0,,,,,,,,,,,,,,,,17.08,17.08,68346.63,69000.76,68344.69,68967.31,,,,,,,,67845.96544461384,68225.24,0.1807298563333649,,,,,,none,True,,,,,,,,,,,,,,no_pattern_at_sr
2026-03-09T19:24:37.023508+00:00,USDJPY-STD,cobra,24433879,H1,HOLD,HOLD,NONE,0,0.2818881768806677,0,,,,,,,,,,,,,,,,0.018,0.018,158.392,158.409,157.902,157.988,,,,,,,,158.07765400641736,158.5265,0.47713955756626464,,,,,,none,True,,,,,,,,,,,,,,no_pattern_at_sr
2026-03-09T19:24:37.025074+00:00,EURUSD-STD,cobra,24433879,H1,HOLD,HOLD,NONE,0,0.0023852801686984246,0,,,,,,,,,,,,,,,,0.00014,0.00014,1.15759,1.16171,1.15748,1.16097,,,,,,,,1.1575558032361806,1.1571699999999998,0.17188756498318103,,,,,,none,True,,,,,,,,,,,,,,no_pattern_at_sr
2026-03-09T19:25:37.385843+00:00,BTCUSD,cobra,24433879,H1,HOLD,HOLD,NONE,0,674.3970973731314,0,,,,,,,,,,,,,,,,17.07,17.07,68346.63,69205.55,68344.69,69189.89,,,,,,,,67845.96544461384,68225.24,0.17680977641280893,,,,,,none,True,,,,,,,,,,,,,,no_pattern_at_sr
2026-03-09T19:25:37.387380+00:00,USDJPY-STD,cobra,24433879,H1,HOLD,HOLD,NONE,0,0.2821738911663813,0,,,,,,,,,,,,,,,,0.019,0.019,158.392,158.409,157.898,157.903,,,,,,,,158.07765400641736,158.5265,0.47665643140844666,,,,,,none,True,,,,,,,,,,,,,,no_pattern_at_sr
2026-03-09T19:25:37.388725+00:00,EURUSD-STD,cobra,24433879,H1,HOLD,HOLD,NONE,0,0.0023852801686984246,0,,,,,,,,,,,,,,,,0.00014,0.00014,1.15759,1.16171,1.15748,1.16147,,,,,,,,1.1575558032361806,1.1571699999999998,0.17188756498318103,,,,,,none,True,,,,,,,,,,,,,,no_pattern_at_sr
2026-03-09T19:26:37.747831+00:00,BTCUSD,cobra,24433879,H1,HOLD,HOLD,NONE,0,680.1342402302737,0,,,,,,,,,,,,,,,,16.97,16.97,68346.63,69285.87,68344.69,69285.38,,,,,,,,67845.96544461384,68225.24,0.17531833121593685,,,,,,none,True,,,,,,,,,,,,,,no_pattern_at_sr
2026-03-09T19:26:37.749909+00:00,USDJPY-STD,cobra,24433879,H1,HOLD,HOLD,NONE,0,0.2850310340235236,0,,,,,,,,,,,,,,,,0.019,0.019,158.392,158.409,157.858,157.869,,,,,,,,158.07765400641736,158.5265,0.4718784410995136,,,,,,none,True,,,,,,,,,,,,,,no_pattern_at_sr
2026-03-09T19:26:37.751507+00:00,EURUSD-STD,cobra,24433879,H1,HOLD,HOLD,NONE,0,0.002398851597269847,0,,,,,,,,,,,,,,,,0.00013,0.00013,1.15759,1.1619,1.15748,1.16187,,,,,,,,1.1575558032361806,1.1571699999999998,0.17091511641106433,,,,,,none,True,,,,,,,,,,,,,,no_pattern_at_sr
2026-03-09T19:27:38.089177+00:00,BTCUSD,cobra,24433879,H1,HOLD,HOLD,NONE,0,682.6520973731308,0,,,,,,,,,,,,,,,,17.01,17.01,68346.63,69321.12,68344.69,69310.1,,,,,,,,67845.96544461384,68225.24,0.17467169654767103,,,,,,none,True,,,,,,,,,,,,,,no_pattern_at_sr
2026-03-09T19:27:38.090692+00:00,USDJPY-STD,cobra,24433879,H1,HOLD,HOLD,NONE,0,0.2850310340235236,0,,,,,,,,,,,,,,,,0.018,0.018,158.392,158.409,157.858,157.886,,,,,,,,158.07765400641736,158.5265,0.4718784410995136,,,,,,none,True,,,,,,,,,,,,,,no_pattern_at_sr
2026-03-09T19:27:38.092242+00:00,EURUSD-STD,cobra,24433879,H1,HOLD,HOLD,NONE,0,0.002405280168698429,0,,,,,,,,,,,,,,,,0.00014,0.00014,1.15759,1.16199,1.15748,1.16151,,,,,,,,1.1575558032361806,1.1571699999999998,0.17045831306300882,,,,,,none,True,,,,,,,,,,,,,,no_pattern_at_sr
2026-03-09T19:28:38.485916+00:00,BTCUSD,cobra,24433879,H1,HOLD,HOLD,NONE,0,685.4585259445599,0,,,,,,,,,,,,,,,,17.08,17.08,68346.63,69360.41,68344.69,69291.89,,,,,,,,67845.96544461384,68225.24,0.173956549501924,,,,,,none,True,,,,,,,,,,,,,,no_pattern_at_sr
2026-03-09T19:28:38.487355+00:00,USDJPY-STD,cobra,24433879,H1,HOLD,HOLD,NONE,0,0.2853167483092372,0,,,,,,,,,,,,,,,,0.019,0.019,158.392,158.409,157.854,157.854,,,,,,,,158.07765400641736,158.5265,0.4714059051809552,,,,,,none,True,,,,,,,,,,,,,,no_pattern_at_sr
2026-03-09T19:28:38.488810+00:00,EURUSD-STD,cobra,24433879,H1,HOLD,HOLD,NONE,0,0.002405280168698429,0,,,,,,,,,,,,,,,,0.00014,0.00014,1.15759,1.16199,1.15748,1.16162,,,,,,,,1.1575558032361806,1.1571699999999998,0.17045831306300882,,,,,,none,True,,,,,,,,,,,,,,no_pattern_at_sr
2026-03-09T19:29:38.834677+00:00,BTCUSD,cobra,24433879,H1,HOLD,HOLD,NONE,0,685.4585259445599,0,,,,,,,,,,,,,,,,17.04,17.04,68346.63,69360.41,68344.69,69213.12,,,,,,,,67845.96544461384,68225.24,0.173956549501924,,,,,,none,True,,,,,,,,,,,,,,no_pattern_at_sr
2026-03-09T19:29:38.839090+00:00,USDJPY-STD,cobra,24433879,H1,HOLD,HOLD,NONE,0,0.2866738911663804,0,,,,,,,,,,,,,,,,0.018,0.018,158.392,158.409,157.835,157.874,,,,,,,,158.07765400641736,158.5265,0.4691742225033717,,,,,,none,True,,,,,,,,,,,,,,no_pattern_at_sr
2026-03-09T19:29:38.843981+00:00,EURUSD-STD,cobra,24433879,H1,HOLD,HOLD,NONE,0,0.002405280168698429,0,,,,,,,,,,,,,,,,0.00013,0.00013,1.15759,1.16199,1.15748,1.16143,,,,,,,,1.1575558032361806,1.1571699999999998,0.17045831306300882,,,,,,none,True,,,,,,,,,,,,,,no_pattern_at_sr
2026-03-09T19:30:39.186422+00:00,BTCUSD,cobra,24433879,H1,HOLD,HOLD,NONE,0,696.3456688017027,0,,,,,,,,,,,,,,,,17.05,17.05,68346.63,69512.83,68344.69,69453.52,,,,,,,,67845.96544461384,68225.24,0.1712367942277623,,,,,,none,True,,,,,,,,,,,,,,no_pattern_at_sr
2026-03-09T19:30:39.187876+00:00,USDJPY-STD,cobra,24433879,H1,HOLD,HOLD,NONE,0,0.2866738911663804,0,,,,,,,,,,,,,,,,0.019,0.019,158.392,158.409,157.835,157.938,,,,,,,,158.07765400641736,158.5265,0.4691742225033717,,,,,,none,True,,,,,,,,,,,,,,no_pattern_at_sr
2026-03-09T19:30:39.189262+00:00,EURUSD-STD,cobra,24433879,H1,HOLD,HOLD,NONE,0,0.002405280168698429,0,,,,,,,,,,,,,,,,0.00014,0.00014,1.15759,1.16199,1.15748,1.16115,,,,,,,,1.1575558032361806,1.1571699999999998,0.17045831306300882,,,,,,none,True,,,,,,,,,,,,,,no_pattern_at_sr
2026-03-09T19:31:39.546516+00:00,BTCUSD,cobra,24433879,H1,HOLD,HOLD,NONE,0,696.3456688017027,0,,,,,,,,,,,,,,,,17.01,17.01,68346.63,69512.83,68344.69,69256.66,,,,,,,,67845.96544461384,68225.24,0.1712367942277623,,,,,,none,True,,,,,,,,,,,,,,no_pattern_at_sr
2026-03-09T19:31:39.548220+00:00,USDJPY-STD,cobra,24433879,H1,HOLD,HOLD,NONE,0,0.2866738911663804,0,,,,,,,,,,,,,,,,0.019,0.019,158.392,158.409,157.835,157.901,,,,,,,,158.07765400641736,158.5265,0.4691742225033717,,,,,,none,True,,,,,,,,,,,,,,no_pattern_at_sr
2026-03-09T19:31:39.549671+00:00,EURUSD-STD,cobra,24433879,H1,HOLD,HOLD,NONE,0,0.002405280168698429,0,,,,,,,,,,,,,,,,0.00014,0.00014,1.15759,1.16199,1.15748,1.16126,,,,,,,,1.1575558032361806,1.1571699999999998,0.17045831306300882,,,,,,none,True,,,,,,,,,,,,,,no_pattern_at_sr
2026-03-09T19:32:39.914677+00:00,BTCUSD,cobra,24433879,H1,HOLD,HOLD,NONE,0,696.3456688017027,0,,,,,,,,,,,,,,,,17.04,17.04,68346.63,69512.83,68344.69,69239.95,,,,,,,,67845.96544461384,68225.24,0.1712367942277623,,,,,,none,True,,,,,,,,,,,,,,no_pattern_at_sr
2026-03-09T19:32:39.916228+00:00,USDJPY-STD,cobra,24433879,H1,HOLD,HOLD,NONE,0,0.2866738911663804,0,,,,,,,,,,,,,,,,0.018,0.018,158.392,158.409,157.835,157.906,,,,,,,,158.07765400641736,158.5265,0.4691742225033717,,,,,,none,True,,,,,,,,,,,,,,no_pattern_at_sr
2026-03-09T19:32:39.917590+00:00,EURUSD-STD,cobra,24433879,H1,HOLD,HOLD,NONE,0,0.002405280168698429,0,,,,,,,,,,,,,,,,0.00014,0.00014,1.15759,1.16199,1.15748,1.1614200000000001,,,,,,,,1.1575558032361806,1.1571699999999998,0.17045831306300882,,,,,,none,True,,,,,,,,,,,,,,no_pattern_at_sr
2026-03-09T19:33:40.255619+00:00,BTCUSD,cobra,24433879,H1,HOLD,HOLD,NONE,0,696.3456688017027,0,,,,,,,,,,,,,,,,16.99,16.99,68346.63,69512.83,68344.69,69227.39,,,,,,,,67845.96544461384,68225.24,0.1712367942277623,,,,,,none,True,,,,,,,,,,,,,,no_pattern_at_sr
2026-03-09T19:33:40.257180+00:00,USDJPY-STD,cobra,24433879,H1,HOLD,HOLD,NONE,0,0.2866738911663804,0,,,,,,,,,,,,,,,,0.018,0.018,158.392,158.409,157.835,157.898,,,,,,,,158.07765400641736,158.5265,0.4691742225033717,,,,,,none,True,,,,,,,,,,,,,,no_pattern_at_sr
2026-03-09T19:33:40.258639+00:00,EURUSD-STD,cobra,24433879,H1,HOLD,HOLD,NONE,0,0.002405280168698429,0,,,,,,,,,,,,,,,,0.00013,0.00013,1.15759,1.16199,1.15748,1.16114,,,,,,,,1.1575558032361806,1.1571699999999998,0.17045831306300882,,,,,,none,True,,,,,,,,,,,,,,no_pattern_at_sr
2026-03-09T19:34:40.603608+00:00,BTCUSD,cobra,24433879,H1,HOLD,HOLD,NONE,0,696.3456688017027,0,,,,,,,,,,,,,,,,17.04,17.04,68346.63,69512.83,68344.69,69183.13,,,,,,,,67845.96544461384,68225.24,0.1712367942277623,,,,,,none,True,,,,,,,,,,,,,,no_pattern_at_sr
2026-03-09T19:34:40.605378+00:00,USDJPY-STD,cobra,24433879,H1,HOLD,HOLD,NONE,0,0.2866738911663804,0,,,,,,,,,,,,,,,,0.018,0.018,158.392,158.409,157.835,157.892,,,,,,,,158.07765400641736,158.5265,0.4691742225033717,,,,,,none,True,,,,,,,,,,,,,,no_pattern_at_sr
2026-03-09T19:34:40.606917+00:00,EURUSD-STD,cobra,24433879,H1,HOLD,HOLD,NONE,0,0.002405280168698429,0,,,,,,,,,,,,,,,,0.00013,0.00013,1.15759,1.16199,1.15748,1.1612,,,,,,,,1.1575558032361806,1.1571699999999998,0.17045831306300882,,,,,,none,True,,,,,,,,,,,,,,no_pattern_at_sr
2026-03-09T19:35:40.972472+00:00,BTCUSD,cobra,24433879,H1,HOLD,HOLD,NONE,0,696.3456688017027,0,,,,,,,,,,,,,,,,17.03,17.03,68346.63,69512.83,68344.69,69208.71,,,,,,,,67845.96544461384,68225.24,0.1712367942277623,,,,,,none,True,,,,,,,,,,,,,,no_pattern_at_sr
2026-03-09T19:35:40.973817+00:00,USDJPY-STD,cobra,24433879,H1,HOLD,HOLD,NONE,0,0.2866738911663804,0,,,,,,,,,,,,,,,,0.018,0.018,158.392,158.409,157.835,157.883,,,,,,,,158.07765400641736,158.5265,0.4691742225033717,,,,,,none,True,,,,,,,,,,,,,,no_pattern_at_sr
2026-03-09T19:35:40.975302+00:00,EURUSD-STD,cobra,24433879,H1,HOLD,HOLD,NONE,0,0.002405280168698429,0,,,,,,,,,,,,,,,,0.00015,0.00015,1.15759,1.16199,1.15748,1.16096,,,,,,,,1.1575558032361806,1.1571699999999998,0.17045831306300882,,,,,,none,True,,,,,,,,,,,,,,no_pattern_at_sr
2026-03-09T19:36:41.365119+00:00,BTCUSD,cobra,24433879,H1,HOLD,HOLD,NONE,0,696.3456688017027,0,,,,,,,,,,,,,,,,16.96,16.96,68346.63,69512.83,68344.69,69045.39,,,,,,,,67845.96544461384,68225.24,0.1712367942277623,,,,,,none,True,,,,,,,,,,,,,,no_pattern_at_sr
2026-03-09T19:36:41.366530+00:00,USDJPY-STD,cobra,24433879,H1,HOLD,HOLD,NONE,0,0.2866738911663804,0,,,,,,,,,,,,,,,,0.018,0.018,158.392,158.409,157.835,157.888,,,,,,,,158.07765400641736,158.5265,0.4691742225033717,,,,,,none,True,,,,,,,,,,,,,,no_pattern_at_sr
2026-03-09T19:36:41.367909+00:00,EURUSD-STD,cobra,24433879,H1,HOLD,HOLD,NONE,0,0.002405280168698429,0,,,,,,,,,,,,,,,,0.00014,0.00014,1.15759,1.16199,1.15748,1.16115,,,,,,,,1.1575558032361806,1.1571699999999998,0.17045831306300882,,,,,,none,True,,,,,,,,,,,,,,no_pattern_at_sr
2026-03-09T19:37:41.711006+00:00,BTCUSD,cobra,24433879,H1,HOLD,HOLD,NONE,0,696.3456688017027,0,,,,,,,,,,,,,,,,17.04,17.04,68346.63,69512.83,68344.69,69056.01,,,,,,,,67845.96544461384,68225.24,0.1712367942277623,,,,,,none,True,,,,,,,,,,,,,,no_pattern_at_sr
2026-03-09T19:37:41.712693+00:00,USDJPY-STD,cobra,24433879,H1,HOLD,HOLD,NONE,0,0.2866738911663804,0,,,,,,,,,,,,,,,,0.018,0.018,158.392,158.409,157.835,157.886,,,,,,,,158.07765400641736,158.5265,0.4691742225033717,,,,,,none,True,,,,,,,,,,,,,,no_pattern_at_sr
2026-03-09T19:37:41.714165+00:00,EURUSD-STD,cobra,24433879,H1,HOLD,HOLD,NONE,0,0.002405280168698429,0,,,,,,,,,,,,,,,,0.00015,0.00015,1.15759,1.16199,1.15748,1.16122,,,,,,,,1.1575558032361806,1.1571699999999998,0.17045831306300882,,,,,,none,True,,,,,,,,,,,,,,no_pattern_at_sr
2026-03-09T19:38:42.059184+00:00,BTCUSD,cobra,24433879,H1,HOLD,HOLD,NONE,0,696.3456688017027,0,,,,,,,,,,,,,,,,17.07,17.07,68346.63,69512.83,68344.69,68976.95,,,,,,,,67845.96544461384,68225.24,0.1712367942277623,,,,,,none,True,,,,,,,,,,,,,,no_pattern_at_sr
2026-03-09T19:38:42.060818+00:00,USDJPY-STD,cobra,24433879,H1,HOLD,HOLD,NONE,0,0.2877453197378101,0,,,,,,,,,,,,,,,,0.018,0.018,158.392,158.409,157.82,157.838,,,,,,,,158.07765400641736,158.5265,0.46742723781765566,,,,,,none,True,,,,,,,,,,,,,,no_pattern_at_sr
2026-03-09T19:38:42.062373+00:00,EURUSD-STD,cobra,24433879,H1,HOLD,HOLD,NONE,0,0.002405280168698429,0,,,,,,,,,,,,,,,,0.00013,0.00013,1.15759,1.16199,1.15748,1.16149,,,,,,,,1.1575558032361806,1.1571699999999998,0.17045831306300882,,,,,,none,True,,,,,,,,,,,,,,no_pattern_at_sr
2026-03-09T19:39:42.423744+00:00,BTCUSD,cobra,24433879,H1,HOLD,HOLD,NONE,0,696.3456688017027,0,,,,,,,,,,,,,,,,17.03,17.03,68346.63,69512.83,68344.69,69035.37,,,,,,,,67845.96544461384,68225.24,0.1712367942277623,,,,,,none,True,,,,,,,,,,,,,,no_pattern_at_sr
2026-03-09T19:39:42.426220+00:00,USDJPY-STD,cobra,24433879,H1,HOLD,HOLD,NONE,0,0.2900310340235231,0,,,,,,,,,,,,,,,,0.019,0.019,158.392,158.409,157.788,157.797,,,,,,,,158.07765400641736,158.5265,0.4637434764622259,,,,,,none,True,,,,,,,,,,,,,,no_pattern_at_sr
2026-03-09T19:39:42.429480+00:00,EURUSD-STD,cobra,24433879,H1,HOLD,HOLD,NONE,0,0.002405280168698429,0,,,,,,,,,,,,,,,,0.00013,0.00013,1.15759,1.16199,1.15748,1.16183,,,,,,,,1.1575558032361806,1.1571699999999998,0.17045831306300882,,,,,,none,True,,,,,,,,,,,,,,no_pattern_at_sr
2026-03-09T19:40:42.780154+00:00,BTCUSD,cobra,24433879,H1,HOLD,HOLD,NONE,0,696.3456688017027,0,,,,,,,,,,,,,,,,16.99,16.99,68346.63,69512.83,68344.69,68945.2,,,,,,,,67845.96544461384,68225.24,0.1712367942277623,,,,,,none,True,,,,,,,,,,,,,,no_pattern_at_sr
2026-03-09T19:40:42.781528+00:00,USDJPY-STD,cobra,24433879,H1,HOLD,HOLD,NONE,0,0.2901738911663809,0,,,,,,,,,,,,,,,,0.018,0.018,158.392,158.409,157.786,157.809,,,,,,,,158.07765400641736,158.5265,0.46351516829914463,,,,,,none,True,,,,,,,,,,,,,,no_pattern_at_sr
2026-03-09T19:40:42.782848+00:00,EURUSD-STD,cobra,24433879,H1,HOLD,HOLD,NONE,0,0.0024067087401269936,0,,,,,,,,,,,,,,,,0.00013,0.00013,1.15759,1.16201,1.15748,1.16193,,,,,,,,1.1575558032361806,1.1571699999999998,0.17035713261198746,,,,,,none,True,,,,,,,,,,,,,,no_pattern_at_sr
2026-03-09T19:41:43.125162+00:00,BTCUSD,cobra,24433879,H1,HOLD,HOLD,NONE,0,696.3456688017027,0,,,,,,,,,,,,,,,,17.1,17.1,68346.63,69512.83,68344.69,68907.28,,,,,,,,67845.96544461384,68225.24,0.1712367942277623,,,,,,none,True,,,,,,,,,,,,,,no_pattern_at_sr
2026-03-09T19:41:43.126535+00:00,USDJPY-STD,cobra,24433879,H1,HOLD,HOLD,NONE,0,0.2901738911663809,0,,,,,,,,,,,,,,,,0.018,0.018,158.392,158.409,157.786,157.891,,,,,,,,158.07765400641736,158.5265,0.46351516829914463,,,,,,none,True,,,,,,,,,,,,,,no_pattern_at_sr
2026-03-09T19:41:43.127962+00:00,EURUSD-STD,cobra,24433879,H1,HOLD,HOLD,NONE,0,0.0024067087401269936,0,,,,,,,,,,,,,,,,0.00013,0.00013,1.15759,1.16201,1.15748,1.16122,,,,,,,,1.1575558032361806,1.1571699999999998,0.17035713261198746,,,,,,none,True,,,,,,,,,,,,,,no_pattern_at_sr
2026-03-09T19:42:43.495825+00:00,BTCUSD,cobra,24433879,H1,HOLD,HOLD,NONE,0,696.3456688017027,0,,,,,,,,,,,,,,,,17.05,17.05,68346.63,69512.83,68344.69,68967.14,,,,,,,,67845.96544461384,68225.24,0.1712367942277623,,,,,,none,True,,,,,,,,,,,,,,no_pattern_at_sr
2026-03-09T19:42:43.498008+00:00,USDJPY-STD,cobra,24433879,H1,HOLD,HOLD,NONE,0,0.2901738911663809,0,,,,,,,,,,,,,,,,0.019,0.019,158.392,158.409,157.786,157.806,,,,,,,,158.07765400641736,158.5265,0.46351516829914463,,,,,,none,True,,,,,,,,,,,,,,no_pattern_at_sr
2026-03-09T19:42:43.499799+00:00,EURUSD-STD,cobra,24433879,H1,HOLD,HOLD,NONE,0,0.0024067087401269936,0,,,,,,,,,,,,,,,,0.00015,0.00015,1.15759,1.16201,1.15748,1.16147,,,,,,,,1.1575558032361806,1.1571699999999998,0.17035713261198746,,,,,,none,True,,,,,,,,,,,,,,no_pattern_at_sr
2026-03-09T19:43:43.914980+00:00,BTCUSD,cobra,24433879,H1,HOLD,HOLD,NONE,0,696.3456688017027,0,,,,,,,,,,,,,,,,17.06,17.06,68346.63,69512.83,68344.69,68940.73,,,,,,,,67845.96544461384,68225.24,0.1712367942277623,,,,,,none,True,,,,,,,,,,,,,,no_pattern_at_sr
2026-03-09T19:43:43.916406+00:00,USDJPY-STD,cobra,24433879,H1,HOLD,HOLD,NONE,0,0.2911024625949527,0,,,,,,,,,,,,,,,,0.019,0.019,158.392,158.409,157.773,157.78,,,,,,,,158.07765400641736,158.5265,0.4620366272447149,,,,,,none,True,,,,,,,,,,,,,,no_pattern_at_sr
2026-03-09T19:43:43.917754+00:00,EURUSD-STD,cobra,24433879,H1,HOLD,HOLD,NONE,0,0.0024109944544127046,0,,,,,,,,,,,,,,,,0.00014,0.00014,1.15759,1.16207,1.15748,1.16197,,,,,,,,1.1575558032361806,1.1571699999999998,0.17005431068074175,,,,,,none,True,,,,,,,,,,,,,,no_pattern_at_sr
2026-03-09T19:44:44.260446+00:00,BTCUSD,cobra,24433879,H1,HOLD,HOLD,NONE,0,696.3456688017027,0,,,,,,,,,,,,,,,,17.04,17.04,68346.63,69512.83,68344.69,69008.17,,,,,,,,67845.96544461384,68225.24,0.1712367942277623,,,,,,none,True,,,,,,,,,,,,,,no_pattern_at_sr
2026-03-09T19:44:44.262359+00:00,USDJPY-STD,cobra,24433879,H1,HOLD,HOLD,NONE,0,0.2921738911663803,0,,,,,,,,,,,,,,,,0.018,0.018,158.392,158.409,157.758,157.759,,,,,,,,158.07765400641736,158.5265,0.4603422963738085,,,,,,none,True,,,,,,,,,,,,,,no_pattern_at_sr
2026-03-09T19:44:44.264216+00:00,EURUSD-STD,cobra,24433879,H1,HOLD,HOLD,NONE,0,0.0024259944544127074,0,,,,,,,,,,,,,,,,0.00014,0.00014,1.15759,1.16228,1.15748,1.16218,,,,,,,,1.1575558032361806,1.1571699999999998,0.1690028595302365,,,,,,none,True,,,,,,,,,,,,,,no_pattern_at_sr
2026-03-09T19:45:44.612152+00:00,BTCUSD,cobra,24433879,H1,HOLD,HOLD,NONE,0,696.3456688017027,0,,,,,,,,,,,,,,,,17.02,17.02,68346.63,69512.83,68344.69,68883.83,,,,,,,,67845.96544461384,68225.24,0.1712367942277623,,,,,,none,True,,,,,,,,,,,,,,no_pattern_at_sr
2026-03-09T19:45:44.613520+00:00,USDJPY-STD,cobra,24433879,H1,HOLD,HOLD,NONE,0,0.2951024625949515,0,,,,,,,,,,,,,,,,0.019,0.019,158.392,158.409,157.717,157.723,,,,,,,,158.07765400641736,158.5265,0.45577389906302906,,,,,,none,True,,,,,,,,,,,,,,no_pattern_at_sr
2026-03-09T19:45:44.615290+00:00,EURUSD-STD,cobra,24433879,H1,HOLD,HOLD,NONE,0,0.002446708740127002,0,,,,,,,,,,,,,,,,0.00013,0.00013,1.15759,1.16257,1.15748,1.16257,,,,,,,,1.1575558032361806,1.1571699999999998,0.16757205027148492,,,,,,none,True,,,,,,,,,,,,,,no_pattern_at_sr
2026-03-09T19:46:45.010815+00:00,BTCUSD,cobra,24433879,H1,HOLD,HOLD,NONE,0,696.3456688017027,0,,,,,,,,,,,,,,,,16.94,16.94,68346.63,69512.83,68344.69,68918.93,,,,,,,,67845.96544461384,68225.24,0.1712367942277623,,,,,,none,True,,,,,,,,,,,,,,no_pattern_at_sr
2026-03-09T19:46:45.012282+00:00,USDJPY-STD,cobra,24433879,H1,HOLD,HOLD,NONE,0,0.2951024625949515,0,,,,,,,,,,,,,,,,0.019,0.019,158.392,158.409,157.717,157.735,,,,,,,,158.07765400641736,158.5265,0.45577389906302906,,,,,,none,True,,,,,,,,,,,,,,no_pattern_at_sr
2026-03-09T19:46:45.013821+00:00,EURUSD-STD,cobra,24433879,H1,HOLD,HOLD,NONE,0,0.0024574230258412786,0,,,,,,,,,,,,,,,,0.00014,0.00014,1.15759,1.16272,1.15748,1.16248,,,,,,,,1.1575558032361806,1.1571699999999998,0.16684144149739272,,,,,,none,True,,,,,,,,,,,,,,no_pattern_at_sr
2026-03-09T19:47:45.384263+00:00,BTCUSD,cobra,24433879,H1,HOLD,HOLD,NONE,0,696.3456688017027,0,,,,,,,,,,,,,,,,16.95,16.95,68346.63,69512.83,68344.69,68990.55,,,,,,,,67845.96544461384,68225.24,0.1712367942277623,,,,,,none,True,,,,,,,,,,,,,,no_pattern_at_sr
2026-03-09T19:47:45.385739+00:00,USDJPY-STD,cobra,24433879,H1,HOLD,HOLD,NONE,0,0.29617389116638115,0,,,,,,,,,,,,,,,,0.019,0.019,158.392,158.409,157.702,157.712,,,,,,,,158.07765400641736,158.5265,0.45412510694416636,,,,,,none,True,,,,,,,,,,,,,,no_pattern_at_sr
2026-03-09T19:47:45.387063+00:00,EURUSD-STD,cobra,24433879,H1,HOLD,HOLD,NONE,0,0.0024624230258412797,0,,,,,,,,,,,,,,,,0.00014,0.00014,1.15759,1.16279,1.15748,1.16272,,,,,,,,1.1575558032361806,1.1571699999999998,0.1665026665595641,,,,,,none,True,,,,,,,,,,,,,,no_pattern_at_sr
2026-03-09T19:48:45.743734+00:00,BTCUSD,cobra,24433879,H1,HOLD,HOLD,NONE,0,696.3456688017027,0,,,,,,,,,,,,,,,,17.03,17.03,68346.63,69512.83,68344.69,68957.82,,,,,,,,67845.96544461384,68225.24,0.1712367942277623,,,,,,none,True,,,,,,,,,,,,,,no_pattern_at_sr
2026-03-09T19:48:45.745516+00:00,USDJPY-STD,cobra,24433879,H1,HOLD,HOLD,NONE,0,0.2988167483092387,0,,,,,,,,,,,,,,,,0.019,0.019,158.392,158.409,157.665,157.669,,,,,,,,158.07765400641736,158.5265,0.4501086393618463,,,,,,none,True,,,,,,,,,,,,,,no_pattern_at_sr
2026-03-09T19:48:45.746905+00:00,EURUSD-STD,cobra,24433879,H1,HOLD,HOLD,NONE,0,0.0024752801686984275,0,,,,,,,,,,,,,,,,0.00013,0.00013,1.15759,1.16297,1.15748,1.16279,,,,,,,,1.1575558032361806,1.1571699999999998,0.1656378155430515,,,,,,none,True,,,,,,,,,,,,,,no_pattern_at_sr
2026-03-09T19:49:46.088602+00:00,BTCUSD,cobra,24433879,H1,HOLD,HOLD,NONE,0,696.3456688017027,0,,,,,,,,,,,,,,,,17.02,17.02,68346.63,69512.83,68344.69,68932.12,,,,,,,,67845.96544461384,68225.24,0.1712367942277623,,,,,,none,True,,,,,,,,,,,,,,no_pattern_at_sr
2026-03-09T19:49:46.091152+00:00,USDJPY-STD,cobra,24433879,H1,HOLD,HOLD,NONE,0,0.2996024625949527,0,,,,,,,,,,,,,,,,0.028,0.028,158.392,158.409,157.654,157.659,,,,,,,,158.07765400641736,158.5265,0.44892821919771697,,,,,,none,True,,,,,,,,,,,,,,no_pattern_at_sr
2026-03-09T19:49:46.093314+00:00,EURUSD-STD,cobra,24433879,H1,HOLD,HOLD,NONE,0,0.002484565882984139,0,,,,,,,,,,,,,,,,0.00013,0.00013,1.15759,1.1631,1.15748,1.16303,,,,,,,,1.1575558032361806,1.1571699999999998,0.16501876758760148,,,,,,none,True,,,,,,,,,,,,,,no_pattern_at_sr
2026-03-09T19:50:46.433595+00:00,BTCUSD,cobra,24433879,H1,HOLD,HOLD,NONE,0,696.3456688017027,0,,,,,,,,,,,,,,,,17.09,17.09,68346.63,69512.83,68344.69,68854.55,,,,,,,,67845.96544461384,68225.24,0.1712367942277623,,,,,,none,True,,,,,,,,,,,,,,no_pattern_at_sr
2026-03-09T19:50:46.435589+00:00,USDJPY-STD,cobra,24433879,H1,HOLD,HOLD,NONE,0,0.30095960545209594,0,,,,,,,,,,,,,,,,0.028,0.028,158.392,158.409,157.635,157.659,,,,,,,,158.07765400641736,158.5265,0.4469038288309799,,,,,,none,True,,,,,,,,,,,,,,no_pattern_at_sr
2026-03-09T19:50:46.437683+00:00,EURUSD-STD,cobra,24433879,H1,HOLD,HOLD,NONE,0,0.0024995658829841424,0,,,,,,,,,,,,,,,,0.00013,0.00013,1.15759,1.16331,1.15748,1.16281,,,,,,,,1.1575558032361806,1.1571699999999998,0.1640284830223235,,,,,,none,True,,,,,,,,,,,,,,no_pattern_at_sr
2026-03-09T19:51:46.914599+00:00,BTCUSD,cobra,24433879,H1,HOLD,HOLD,NONE,0,696.3456688017027,0,,,,,,,,,,,,,,,,17.0,17.0,68346.63,69512.83,68344.69,68862.51,,,,,,,,67845.96544461384,68225.24,0.1712367942277623,,,,,,none,True,,,,,,,,,,,,,,no_pattern_at_sr
2026-03-09T19:51:46.915918+00:00,USDJPY-STD,cobra,24433879,H1,HOLD,HOLD,NONE,0,0.30095960545209594,0,,,,,,,,,,,,,,,,0.018,0.018,158.392,158.409,157.635,157.711,,,,,,,,158.07765400641736,158.5265,0.4469038288309799,,,,,,none,True,,,,,,,,,,,,,,no_pattern_at_sr
2026-03-09T19:51:46.917336+00:00,EURUSD-STD,cobra,24433879,H1,HOLD,HOLD,NONE,0,0.0024995658829841424,0,,,,,,,,,,,,,,,,0.00013,0.00013,1.15759,1.16331,1.15748,1.1621,,,,,,,,1.1575558032361806,1.1571699999999998,0.1640284830223235,,,,,,none,True,,,,,,,,,,,,,,no_pattern_at_sr
2026-03-09T19:52:47.256237+00:00,BTCUSD,cobra,24433879,H1,HOLD,HOLD,NONE,0,696.3456688017027,0,,,,,,,,,,,,,,,,16.96,16.96,68346.63,69512.83,68344.69,68874.73,,,,,,,,67845.96544461384,68225.24,0.1712367942277623,,,,,,none,True,,,,,,,,,,,,,,no_pattern_at_sr
2026-03-09T19:52:47.257813+00:00,USDJPY-STD,cobra,24433879,H1,HOLD,HOLD,NONE,0,0.30095960545209594,0,,,,,,,,,,,,,,,,0.027,0.027,158.392,158.409,157.635,157.698,,,,,,,,158.07765400641736,158.5265,0.4469038288309799,,,,,,none,True,,,,,,,,,,,,,,no_pattern_at_sr
2026-03-09T19:52:47.259057+00:00,EURUSD-STD,cobra,24433879,H1,HOLD,HOLD,NONE,0,0.0024995658829841424,0,,,,,,,,,,,,,,,,0.00013,0.00013,1.15759,1.16331,1.15748,1.16199,,,,,,,,1.1575558032361806,1.1571699999999998,0.1640284830223235,,,,,,none,True,,,,,,,,,,,,,,no_pattern_at_sr
2026-03-09T19:53:47.603922+00:00,BTCUSD,cobra,24433879,H1,HOLD,HOLD,NONE,0,696.3456688017027,0,,,,,,,,,,,,,,,,16.99,16.99,68346.63,69512.83,68344.69,68932.11,,,,,,,,67845.96544461384,68225.24,0.1712367942277623,,,,,,none,True,,,,,,,,,,,,,,no_pattern_at_sr
2026-03-09T19:53:47.605288+00:00,USDJPY-STD,cobra,24433879,H1,HOLD,HOLD,NONE,0,0.30095960545209594,0,,,,,,,,,,,,,,,,0.018,0.018,158.392,158.409,157.635,157.686,,,,,,,,158.07765400641736,158.5265,0.4469038288309799,,,,,,none,True,,,,,,,,,,,,,,no_pattern_at_sr
2026-03-09T19:53:47.606619+00:00,EURUSD-STD,cobra,24433879,H1,HOLD,HOLD,NONE,0,0.0024995658829841424,0,,,,,,,,,,,,,,,,0.00014,0.00014,1.15759,1.16331,1.15748,1.16191,,,,,,,,1.1575558032361806,1.1571699999999998,0.1640284830223235,,,,,,none,True,,,,,,,,,,,,,,no_pattern_at_sr
2026-03-09T19:54:47.984686+00:00,BTCUSD,cobra,24433879,H1,HOLD,HOLD,NONE,0,696.3456688017027,0,,,,,,,,,,,,,,,,17.1,17.1,68346.63,69512.83,68344.69,68969.31,,,,,,,,67845.96544461384,68225.24,0.1712367942277623,,,,,,none,True,,,,,,,,,,,,,,no_pattern_at_sr
2026-03-09T19:54:47.986047+00:00,USDJPY-STD,cobra,24433879,H1,HOLD,HOLD,NONE,0,0.30095960545209594,0,,,,,,,,,,,,,,,,0.018,0.018,158.392,158.409,157.635,157.697,,,,,,,,158.07765400641736,158.5265,0.4469038288309799,,,,,,none,True,,,,,,,,,,,,,,no_pattern_at_sr
2026-03-09T19:54:47.987396+00:00,EURUSD-STD,cobra,24433879,H1,HOLD,HOLD,NONE,0,0.0024995658829841424,0,,,,,,,,,,,,,,,,0.00015,0.00015,1.15759,1.16331,1.15748,1.16177,,,,,,,,1.1575558032361806,1.1571699999999998,0.1640284830223235,,,,,,none,True,,,,,,,,,,,,,,no_pattern_at_sr
2026-03-09T19:55:48.324123+00:00,BTCUSD,cobra,24433879,H1,HOLD,HOLD,NONE,0,696.3456688017027,0,,,,,,,,,,,,,,,,17.06,17.06,68346.63,69512.83,68344.69,68924.93,,,,,,,,67845.96544461384,68225.24,0.1712367942277623,,,,,,none,True,,,,,,,,,,,,,,no_pattern_at_sr
2026-03-09T19:55:48.325568+00:00,USDJPY-STD,cobra,24433879,H1,HOLD,HOLD,NONE,0,0.30095960545209594,0,,,,,,,,,,,,,,,,0.018,0.018,158.392,158.409,157.635,157.737,,,,,,,,158.07765400641736,158.5265,0.4469038288309799,,,,,,none,True,,,,,,,,,,,,,,no_pattern_at_sr
2026-03-09T19:55:48.326925+00:00,EURUSD-STD,cobra,24433879,H1,HOLD,HOLD,NONE,0,0.0024995658829841424,0,,,,,,,,,,,,,,,,0.00015,0.00015,1.15759,1.16331,1.15748,1.16162,,,,,,,,1.1575558032361806,1.1571699999999998,0.1640284830223235,,,,,,none,True,,,,,,,,,,,,,,no_pattern_at_sr
2026-03-09T19:56:48.678562+00:00,BTCUSD,cobra,24433879,H1,HOLD,HOLD,NONE,0,696.3456688017027,0,,,,,,,,,,,,,,,,16.99,16.99,68346.63,69512.83,68344.69,68987.48,,,,,,,,67845.96544461384,68225.24,0.1712367942277623,,,,,,none,True,,,,,,,,,,,,,,no_pattern_at_sr
2026-03-09T19:56:48.680765+00:00,USDJPY-STD,cobra,24433879,H1,HOLD,HOLD,NONE,0,0.30095960545209594,0,,,,,,,,,,,,,,,,0.019,0.019,158.392,158.409,157.635,157.747,,,,,,,,158.07765400641736,158.5265,0.4469038288309799,,,,,,none,True,,,,,,,,,,,,,,no_pattern_at_sr
2026-03-09T19:56:48.682517+00:00,EURUSD-STD,cobra,24433879,H1,HOLD,HOLD,NONE,0,0.0024995658829841424,0,,,,,,,,,,,,,,,,0.00014,0.00014,1.15759,1.16331,1.15748,1.16136,,,,,,,,1.1575558032361806,1.1571699999999998,0.1640284830223235,,,,,,none,True,,,,,,,,,,,,,,no_pattern_at_sr
2026-03-09T19:57:49.027338+00:00,BTCUSD,cobra,24433879,H1,HOLD,HOLD,NONE,0,696.3456688017027,0,,,,,,,,,,,,,,,,17.06,17.06,68346.63,69512.83,68344.69,69004.4,,,,,,,,67845.96544461384,68225.24,0.1712367942277623,,,,,,none,True,,,,,,,,,,,,,,no_pattern_at_sr
2026-03-09T19:57:49.028631+00:00,USDJPY-STD,cobra,24433879,H1,HOLD,HOLD,NONE,0,0.30095960545209594,0,,,,,,,,,,,,,,,,0.019,0.019,158.392,158.409,157.635,157.786,,,,,,,,158.07765400641736,158.5265,0.4469038288309799,,,,,,none,True,,,,,,,,,,,,,,no_pattern_at_sr
2026-03-09T19:57:49.030067+00:00,EURUSD-STD,cobra,24433879,H1,HOLD,HOLD,NONE,0,0.0024995658829841424,0,,,,,,,,,,,,,,,,0.00013,0.00013,1.15759,1.16331,1.15748,1.16093,,,,,,,,1.1575558032361806,1.1571699999999998,0.1640284830223235,,,,,,none,True,,,,,,,,,,,,,,no_pattern_at_sr
2026-03-09T19:58:49.380751+00:00,BTCUSD,cobra,24433879,H1,HOLD,HOLD,NONE,0,696.3456688017027,0,,,,,,,,,,,,,,,,17.05,17.05,68346.63,69512.83,68344.69,69022.76,,,,,,,,67845.96544461384,68225.24,0.1712367942277623,,,,,,none,True,,,,,,,,,,,,,,no_pattern_at_sr
2026-03-09T19:58:49.382380+00:00,USDJPY-STD,cobra,24433879,H1,HOLD,HOLD,NONE,0,0.30095960545209594,0,,,,,,,,,,,,,,,,0.018,0.018,158.392,158.409,157.635,157.8,,,,,,,,158.07765400641736,158.5265,0.4469038288309799,,,,,,none,True,,,,,,,,,,,,,,no_pattern_at_sr
2026-03-09T19:58:49.384077+00:00,EURUSD-STD,cobra,24433879,H1,HOLD,HOLD,NONE,0,0.0024995658829841424,0,,,,,,,,,,,,,,,,0.00013,0.00013,1.15759,1.16331,1.15748,1.1610800000000001,,,,,,,,1.1575558032361806,1.1571699999999998,0.1640284830223235,,,,,,none,True,,,,,,,,,,,,,,no_pattern_at_sr
2026-03-09T19:59:49.733133+00:00,BTCUSD,cobra,24433879,H1,HOLD,HOLD,NONE,0,696.3456688017027,0,,,,,,,,,,,,,,,,17.09,17.09,68346.63,69512.83,68344.69,68965.48,,,,,,,,67845.96544461384,68225.24,0.1712367942277623,,,,,,none,True,,,,,,,,,,,,,,no_pattern_at_sr
2026-03-09T19:59:49.736627+00:00,USDJPY-STD,cobra,24433879,H1,HOLD,HOLD,NONE,0,0.30095960545209594,0,,,,,,,,,,,,,,,,0.018,0.018,158.392,158.409,157.635,157.828,,,,,,,,158.07765400641736,158.5265,0.4469038288309799,,,,,,none,True,,,,,,,,,,,,,,no_pattern_at_sr
2026-03-09T19:59:49.742415+00:00,EURUSD-STD,cobra,24433879,H1,HOLD,HOLD,NONE,0,0.0024995658829841424,0,,,,,,,,,,,,,,,,0.00014,0.00014,1.15759,1.16331,1.15748,1.16087,,,,,,,,1.1575558032361806,1.1571699999999998,0.1640284830223235,,,,,,none,True,,,,,,,,,,,,,,no_pattern_at_sr
2026-03-09T20:00:50.100575+00:00,BTCUSD,cobra,24433879,H1,HOLD,HOLD,NONE,0,653.7209080728053,0,,,,,,,,,,,,,,,,17.07,17.07,68982.44,69048.49,68948.89,69043.56,,,,,,,,67890.49428158479,69491.9,0.788318063008324,,,,,,none,True,,,,,,,,,,,,,,no_pattern_at_sr
2026-03-09T20:00:50.102880+00:00,USDJPY-STD,cobra,24433879,H1,SELL,SELL,ENGULFING,0.75,0.28481962469828465,0,,,,,,,,,,,,,,,,0.019,0.019,157.849,157.912,157.837,157.89,,,,,,,,158.06861971555475,,,BEARISH_ENGULF,,,1.9099807486097675,,BEARISH_ENGULF,False,,,,,,,,,,,,,,
2026-03-09T20:00:50.888381+00:00,EURUSD-STD,cobra,24433879,H1,HOLD,HOLD,NONE,0,0.002351739700460984,0,,,,,,,,,,,,,,,,0.00014,0.00014,1.16084,1.16125,1.16082,1.1612,,,,,,,,1.157685038220109,1.1616433333333334,0.3415910924052517,,,,,,none,True,,,,,,,,,,,,,,no_pattern_at_sr
2026-03-09T20:00:50.889852+00:00,XAUUSD-STD,cobra,24433879,H1,HOLD,HOLD,NONE,0,30.20139841709293,0,,,,,,,,,,,,,,,,0.21,0.21,5141.05,5145.46,5141.05,5145.26,,,,,,,,5113.709658976725,5139.5925,0.04892157573616693,,,,,,none,True,,,,,,,,,,,,,,no_pattern_at_sr
2026-03-09T20:00:50.894613+00:00,USOUSD-STD,cobra,24433879,H1,SELL,SELL,ENGULFING,0.75,4.734673971915301,0,,,,,,,,,,,,,,,,0.072,0.072,85.958,87.103,85.948,87.078,,,,,,,,93.70144325496261,,,BEARISH_ENGULF,,,1.985353174423002,,BEARISH_ENGULF,False,,,,,,,,,,,,,,
2026-03-09T20:01:52.122864+00:00,BTCUSD,cobra,24433879,H1,HOLD,HOLD,NONE,0,659.7787652156622,0,,,,,,,,,,,,,,,,16.95,16.95,68982.44,69133.3,68948.89,69125.35,,,,,,,,67890.49428158479,69491.9,0.781080003130363,,,,,,none,True,,,,,,,,,,,,,,no_pattern_at_sr
2026-03-09T20:01:52.124765+00:00,USDJPY-STD,cobra,24433879,H1,SELL,SELL,ENGULFING,0.75,0.28510533898399826,0,,,,,,,,,,,,,,,,0.018,0.018,157.849,157.912,157.833,157.871,,,,,,,,158.06861971555475,,,BEARISH_ENGULF,,,1.9080666883986872,,BEARISH_ENGULF,False,,,,,,,,,,,,,,
2026-03-09T20:01:52.130154+00:00,EURUSD-STD,cobra,24433879,H1,HOLD,HOLD,NONE,0,0.002366025414746713,0,,,,,,,,,,,,,,,,0.00014,0.00014,1.16084,1.16145,1.16082,1.16145,,,,,,,,1.157685038220109,1.1616433333333334,0.33952861551120117,,,,,,none,True,,,,,,,,,,,,,,no_pattern_at_sr
2026-03-09T20:01:52.131951+00:00,XAUUSD-STD,cobra,24433879,H1,HOLD,HOLD,NONE,0,30.226398417092955,0,,,,,,,,,,,,,,,,0.25,0.25,5141.05,5145.7,5140.94,5143.25,,,,,,,,5113.709658976725,5139.5925,0.04888111311218742,,,,,,none,True,,,,,,,,,,,,,,no_pattern_at_sr
2026-03-09T20:01:52.133600+00:00,USOUSD-STD,cobra,24433879,H1,SELL,SELL,ENGULFING,0.75,4.740031114772444,0,,,,,,,,,,,,,,,,0.072,0.072,85.958,87.178,85.948,86.943,,,,,,,,93.70144325496261,,,BEARISH_ENGULF,,,1.983109345148523,,BEARISH_ENGULF,False,,,,,,,,,,,,,,
2026-03-09T20:02:52.478061+00:00,BTCUSD,cobra,24433879,H1,HOLD,HOLD,NONE,0,659.9301937870905,0,,,,,,,,,,,,,,,,17.04,17.04,68982.44,69135.42,68948.89,69049.53,,,,,,,,67890.49428158479,69491.9,0.7809007753420928,,,,,,none,True,,,,,,,,,,,,,,no_pattern_at_sr
2026-03-09T20:02:52.480275+00:00,USDJPY-STD,cobra,24433879,H1,SELL,SELL,ENGULFING,0.75,0.28510533898399826,0,,,,,,,,,,,,,,,,0.019,0.019,157.849,157.912,157.833,157.851,,,,,,,,158.06861971555475,,,BEARISH_ENGULF,,,1.9080666883986872,,BEARISH_ENGULF,False,,,,,,,,,,,,,,
2026-03-09T20:02:52.485676+00:00,EURUSD-STD,cobra,24433879,H1,HOLD,HOLD,NONE,0,0.0023774539861752798,0,,,,,,,,,,,,,,,,0.00013,0.00013,1.16084,1.16161,1.16082,1.16153,,,,,,,,1.157685038220109,1.1616433333333334,0.33789648001794836,,,,,,none,True,,,,,,,,,,,,,,no_pattern_at_sr
2026-03-09T20:02:52.487531+00:00,XAUUSD-STD,cobra,24433879,H1,HOLD,HOLD,NONE,0,30.226398417092955,0,,,,,,,,,,,,,,,,0.24,0.24,5141.05,5145.7,5140.94,5142.62,,,,,,,,5113.709658976725,5139.5925,0.04888111311218742,,,,,,none,True,,,,,,,,,,,,,,no_pattern_at_sr
2026-03-09T20:02:52.489536+00:00,USOUSD-STD,cobra,24433879,H1,SELL,SELL,ENGULFING,0.75,4.798602543343873,0,,,,,,,,,,,,,,,,0.072,0.072,85.958,87.998,85.948,87.798,,,,,,,,93.70144325496261,,,BEARISH_ENGULF,,,1.9589036422778372,,BEARISH_ENGULF,False,,,,,,,,,,,,,,
2026-03-09T20:03:52.846359+00:00,BTCUSD,cobra,24433879,H1,HOLD,HOLD,NONE,0,659.9301937870905,0,,,,,,,,,,,,,,,,17.1,17.1,68982.44,69135.42,68948.89,69016.48,,,,,,,,67890.49428158479,69491.9,0.7809007753420928,,,,,,none,True,,,,,,,,,,,,,,no_pattern_at_sr
2026-03-09T20:03:52.848313+00:00,USDJPY-STD,cobra,24433879,H1,SELL,SELL,ENGULFING,0.75,0.2862481961268548,0,,,,,,,,,,,,,,,,0.019,0.019,157.849,157.912,157.817,157.818,,,,,,,,158.06861971555475,,,BEARISH_ENGULF,,,1.900448657356435,,BEARISH_ENGULF,False,,,,,,,,,,,,,,
2026-03-09T20:03:52.851235+00:00,EURUSD-STD,cobra,24433879,H1,HOLD,HOLD,NONE,0,0.0023774539861752798,0,,,,,,,,,,,,,,,,0.00014,0.00014,1.16084,1.16161,1.16082,1.1615199999999999,,,,,,,,1.157685038220109,1.1616433333333334,0.33789648001794836,,,,,,none,True,,,,,,,,,,,,,,no_pattern_at_sr
2026-03-09T20:03:52.853019+00:00,XAUUSD-STD,cobra,24433879,H1,HOLD,HOLD,NONE,0,30.226398417092955,0,,,,,,,,,,,,,,,,0.28,0.28,5141.05,5145.7,5140.94,5141.88,,,,,,,,5113.709658976725,5139.5925,0.04888111311218742,,,,,,none,True,,,,,,,,,,,,,,no_pattern_at_sr
2026-03-09T20:03:52.854925+00:00,USOUSD-STD,cobra,24433879,H1,SELL,SELL,ENGULFING,0.75,4.843602543343873,0,,,,,,,,,,,,,,,,0.072,0.072,85.958,88.628,85.948,88.488,,,,,,,,93.70144325496261,,,BEARISH_ENGULF,,,1.9407042414984235,,BEARISH_ENGULF,False,,,,,,,,,,,,,,
2026-03-09T20:04:53.214579+00:00,BTCUSD,cobra,24433879,H1,HOLD,HOLD,NONE,0,659.9301937870905,0,,,,,,,,,,,,,,,,17.07,17.07,68982.44,69135.42,68948.89,68987.6,,,,,,,,67890.49428158479,69491.9,0.7809007753420928,,,,,,none,True,,,,,,,,,,,,,,no_pattern_at_sr
2026-03-09T20:04:53.216638+00:00,USDJPY-STD,cobra,24433879,H1,SELL,SELL,ENGULFING,0.75,0.28639105326971265,0,,,,,,,,,,,,,,,,0.018,0.018,157.849,157.912,157.815,157.867,,,,,,,,158.06861971555475,,,BEARISH_ENGULF,,,1.8995006784924366,,BEARISH_ENGULF,False,,,,,,,,,,,,,,
2026-03-09T20:04:53.220083+00:00,EURUSD-STD,cobra,24433879,H1,HOLD,HOLD,NONE,0,0.0023774539861752798,0,,,,,,,,,,,,,,,,0.00013,0.00013,1.16084,1.16161,1.16082,1.16135,,,,,,,,1.157685038220109,1.1616433333333334,0.33789648001794836,,,,,,none,True,,,,,,,,,,,,,,no_pattern_at_sr
2026-03-09T20:04:53.221918+00:00,XAUUSD-STD,cobra,24433879,H1,HOLD,HOLD,NONE,0,30.418541274235782,0,,,,,,,,,,,,,,,,0.25,0.25,5141.05,5145.7,5138.25,5138.62,,,,,,,,5113.709658976725,5139.5925,0.04857234890653327,,,,,,none,True,,,,,,,,,,,,,,no_pattern_at_sr
2026-03-09T20:04:53.223861+00:00,USOUSD-STD,cobra,24433879,H1,SELL,SELL,ENGULFING,0.75,4.857531114772444,0,,,,,,,,,,,,,,,,0.092,0.092,85.958,88.823,85.948,88.468,,,,,,,,93.70144325496261,,,BEARISH_ENGULF,,,1.9351394315135249,,BEARISH_ENGULF,False,,,,,,,,,,,,,,
2026-03-09T20:05:53.635782+00:00,BTCUSD,cobra,24433879,H1,HOLD,HOLD,NONE,0,659.9301937870905,0,,,,,,,,,,,,,,,,17.02,17.02,68982.44,69135.42,68948.89,68976.12,,,,,,,,67890.49428158479,69491.9,0.7809007753420928,,,,,,none,True,,,,,,,,,,,,,,no_pattern_at_sr
2026-03-09T20:05:53.637830+00:00,USDJPY-STD,cobra,24433879,H1,SELL,SELL,ENGULFING,0.75,0.28639105326971265,0,,,,,,,,,,,,,,,,0.019,0.019,157.849,157.912,157.815,157.869,,,,,,,,158.06861971555475,,,BEARISH_ENGULF,,,1.8995006784924366,,BEARISH_ENGULF,False,,,,,,,,,,,,,,
2026-03-09T20:05:54.432855+00:00,EURUSD-STD,cobra,24433879,H1,HOLD,HOLD,NONE,0,0.0023774539861752798,0,,,,,,,,,,,,,,,,0.00014,0.00014,1.16084,1.16161,1.16082,1.16134,,,,,,,,1.157685038220109,1.1616433333333334,0.33789648001794836,,,,,,none,True,,,,,,,,,,,,,,no_pattern_at_sr
2026-03-09T20:05:54.434597+00:00,XAUUSD-STD,cobra,24433879,H1,HOLD,HOLD,NONE,0,30.418541274235782,0,,,,,,,,,,,,,,,,0.25,0.25,5141.05,5145.7,5138.25,5142.15,,,,,,,,5113.709658976725,5139.5925,0.04857234890653327,,,,,,none,True,,,,,,,,,,,,,,no_pattern_at_sr
2026-03-09T20:05:54.441082+00:00,USOUSD-STD,cobra,24433879,H1,SELL,SELL,ENGULFING,0.75,4.857531114772444,0,,,,,,,,,,,,,,,,0.072,0.072,85.958,88.823,85.948,87.873,,,,,,,,93.70144325496261,,,BEARISH_ENGULF,,,1.9351394315135249,,BEARISH_ENGULF,False,,,,,,,,,,,,,,
2026-03-09T20:06:55.672935+00:00,BTCUSD,cobra,24433879,H1,HOLD,HOLD,NONE,0,661.6737652156621,0,,,,,,,,,,,,,,,,16.98,16.98,68982.44,69135.42,68924.48,68933.34,,,,,,,,67890.49428158479,69491.9,0.7788430297399347,,,,,,none,True,,,,,,,,,,,,,,no_pattern_at_sr
2026-03-09T20:06:55.674681+00:00,USDJPY-STD,cobra,24433879,H1,SELL,SELL,ENGULFING,0.75,0.28639105326971265,0,,,,,,,,,,,,,,,,0.019,0.019,157.849,157.912,157.815,157.878,,,,,,,,158.06861971555475,,,BEARISH_ENGULF,,,1.8995006784924366,,BEARISH_ENGULF,False,,,,,,,,,,,,,,
2026-03-09T20:06:55.678691+00:00,EURUSD-STD,cobra,24433879,H1,HOLD,HOLD,NONE,0,0.0023774539861752798,0,,,,,,,,,,,,,,,,0.00014,0.00014,1.16084,1.16161,1.16082,1.16129,,,,,,,,1.157685038220109,1.1616433333333334,0.33789648001794836,,,,,,none,True,,,,,,,,,,,,,,no_pattern_at_sr
2026-03-09T20:06:55.680538+00:00,XAUUSD-STD,cobra,24433879,H1,HOLD,HOLD,NONE,0,30.527112702807244,0,,,,,,,,,,,,,,,,0.24,0.24,5141.05,5147.22,5138.25,5146.65,,,,,,,,5113.709658976725,5139.5925,0.048399598559613996,,,,,,none,True,,,,,,,,,,,,,,no_pattern_at_sr
2026-03-09T20:06:55.687354+00:00,USOUSD-STD,cobra,24433879,H1,SELL,SELL,ENGULFING,0.75,4.857531114772444,0,,,,,,,,,,,,,,,,0.072,0.072,85.958,88.823,85.948,88.283,,,,,,,,93.70144325496261,,,BEARISH_ENGULF,,,1.9351394315135249,,BEARISH_ENGULF,False,,,,,,,,,,,,,,
2026-03-09T20:07:56.039868+00:00,BTCUSD,cobra,24433879,H1,HOLD,HOLD,NONE,0,661.6737652156621,0,,,,,,,,,,,,,,,,17.03,17.03,68982.44,69135.42,68924.48,69031.27,,,,,,,,67890.49428158479,69491.9,0.7788430297399347,,,,,,none,True,,,,,,,,,,,,,,no_pattern_at_sr
2026-03-09T20:07:56.042062+00:00,USDJPY-STD,cobra,24433879,H1,SELL,SELL,ENGULFING,0.75,0.28639105326971265,0,,,,,,,,,,,,,,,,0.018,0.018,157.849,157.912,157.815,157.84,,,,,,,,158.06861971555475,,,BEARISH_ENGULF,,,1.8995006784924366,,BEARISH_ENGULF,False,,,,,,,,,,,,,,
2026-03-09T20:07:56.045003+00:00,EURUSD-STD,cobra,24433879,H1,HOLD,HOLD,NONE,0,0.0023774539861752798,0,,,,,,,,,,,,,,,,0.00015,0.00015,1.16084,1.16161,1.16082,1.1614,,,,,,,,1.157685038220109,1.1616433333333334,0.33789648001794836,,,,,,none,True,,,,,,,,,,,,,,no_pattern_at_sr
2026-03-09T20:07:56.046746+00:00,XAUUSD-STD,cobra,24433879,H1,HOLD,HOLD,NONE,0,30.57711270280723,0,,,,,,,,,,,,,,,,0.28,0.28,5141.05,5147.92,5138.25,5147.72,,,,,,,,5113.709658976725,5139.5925,0.048320455052785836,,,,,,none,True,,,,,,,,,,,,,,no_pattern_at_sr
2026-03-09T20:07:56.048761+00:00,USOUSD-STD,cobra,24433879,H1,SELL,SELL,ENGULFING,0.75,4.857531114772444,0,,,,,,,,,,,,,,,,0.072,0.072,85.958,88.823,85.948,87.613,,,,,,,,93.70144325496261,,,BEARISH_ENGULF,,,1.9351394315135249,,BEARISH_ENGULF,False,,,,,,,,,,,,,,
2026-03-09T20:08:56.390994+00:00,BTCUSD,cobra,24433879,H1,HOLD,HOLD,NONE,0,661.6737652156621,0,,,,,,,,,,,,,,,,16.98,16.98,68982.44,69135.42,68924.48,69010.26,,,,,,,,67890.49428158479,69491.9,0.7788430297399347,,,,,,none,True,,,,,,,,,,,,,,no_pattern_at_sr
2026-03-09T20:08:56.392709+00:00,USDJPY-STD,cobra,24433879,H1,SELL,SELL,ENGULFING,0.75,0.28639105326971265,0,,,,,,,,,,,,,,,,0.018,0.018,157.849,157.912,157.815,157.841,,,,,,,,158.06861971555475,,,BEARISH_ENGULF,,,1.8995006784924366,,BEARISH_ENGULF,False,,,,,,,,,,,,,,
2026-03-09T20:08:56.396141+00:00,EURUSD-STD,cobra,24433879,H1,HOLD,HOLD,NONE,0,0.0023774539861752798,0,,,,,,,,,,,,,,,,0.00014,0.00014,1.16084,1.16161,1.16082,1.16131,,,,,,,,1.157685038220109,1.1616433333333334,0.33789648001794836,,,,,,none,True,,,,,,,,,,,,,,no_pattern_at_sr
2026-03-09T20:08:56.397656+00:00,XAUUSD-STD,cobra,24433879,H1,HOLD,HOLD,NONE,0,30.583541274235813,0,,,,,,,,,,,,,,,,0.23,0.23,5141.05,5148.01,5138.25,5146.01,,,,,,,,5113.709658976725,5139.5925,0.048310298233665935,,,,,,none,True,,,,,,,,,,,,,,no_pattern_at_sr
2026-03-09T20:08:56.399765+00:00,USOUSD-STD,cobra,24433879,H1,SELL,SELL,ENGULFING,0.75,4.857531114772444,0,,,,,,,,,,,,,,,,0.072,0.072,85.958,88.823,85.948,87.943,,,,,,,,93.70144325496261,,,BEARISH_ENGULF,,,1.9351394315135249,,BEARISH_ENGULF,False,,,,,,,,,,,,,,
2026-03-09T20:09:56.770084+00:00,BTCUSD,cobra,24433879,H1,HOLD,HOLD,NONE,0,661.6737652156621,0,,,,,,,,,,,,,,,,17.01,17.01,68982.44,69135.42,68924.48,68934.47,,,,,,,,67890.49428158479,69491.9,0.7788430297399347,,,,,,none,True,,,,,,,,,,,,,,no_pattern_at_sr
2026-03-09T20:09:56.772530+00:00,USDJPY-STD,cobra,24433879,H1,SELL,SELL,ENGULFING,0.75,0.28639105326971265,0,,,,,,,,,,,,,,,,0.018,0.018,157.849,157.912,157.815,157.837,,,,,,,,158.06861971555475,,,BEARISH_ENGULF,,,1.8995006784924366,,BEARISH_ENGULF,False,,,,,,,,,,,,,,
2026-03-09T20:09:56.778219+00:00,EURUSD-STD,cobra,24433879,H1,HOLD,HOLD,NONE,0,0.0023774539861752798,0,,,,,,,,,,,,,,,,0.00014,0.00014,1.16084,1.16161,1.16082,1.16131,,,,,,,,1.157685038220109,1.1616433333333334,0.33789648001794836,,,,,,none,True,,,,,,,,,,,,,,no_pattern_at_sr
2026-03-09T20:09:56.780594+00:00,XAUUSD-STD,cobra,24433879,H1,HOLD,HOLD,NONE,0,30.583541274235813,0,,,,,,,,,,,,,,,,0.27,0.27,5141.05,5148.01,5138.25,5142.03,,,,,,,,5113.709658976725,5139.5925,0.048310298233665935,,,,,,none,True,,,,,,,,,,,,,,no_pattern_at_sr
2026-03-09T20:09:56.782763+00:00,USOUSD-STD,cobra,24433879,H1,SELL,SELL,ENGULFING,0.75,4.857531114772444,0,,,,,,,,,,,,,,,,0.072,0.072,85.958,88.823,85.948,87.363,,,,,,,,93.70144325496261,,,BEARISH_ENGULF,,,1.9351394315135249,,BEARISH_ENGULF,False,,,,,,,,,,,,,,
2026-03-09T20:10:57.119329+00:00,BTCUSD,cobra,24433879,H1,HOLD,HOLD,NONE,0,666.0051937870907,0,,,,,,,,,,,,,,,,17.05,17.05,68982.44,69135.42,68863.84,68943.17,,,,,,,,67890.49428158479,69491.9,0.7737777494941593,,,,,,none,True,,,,,,,,,,,,,,no_pattern_at_sr
2026-03-09T20:10:57.120924+00:00,USDJPY-STD,cobra,24433879,H1,SELL,SELL,ENGULFING,0.75,0.28639105326971265,0,,,,,,,,,,,,,,,,0.018,0.018,157.849,157.912,157.815,157.846,,,,,,,,158.06861971555475,,,BEARISH_ENGULF,,,1.8995006784924366,,BEARISH_ENGULF,False,,,,,,,,,,,,,,
2026-03-09T20:10:58.017051+00:00,EURUSD-STD,cobra,24433879,H1,HOLD,HOLD,NONE,0,0.0023774539861752798,0,,,,,,,,,,,,,,,,0.00014,0.00014,1.16084,1.16161,1.16082,1.16128,,,,,,,,1.157685038220109,1.1616433333333334,0.33789648001794836,,,,,,none,True,,,,,,,,,,,,,,no_pattern_at_sr
2026-03-09T20:10:58.018748+00:00,XAUUSD-STD,cobra,24433879,H1,HOLD,HOLD,NONE,0,30.583541274235813,0,,,,,,,,,,,,,,,,0.28,0.28,5141.05,5148.01,5138.25,5143.05,,,,,,,,5113.709658976725,5139.5925,0.048310298233665935,,,,,,none,True,,,,,,,,,,,,,,no_pattern_at_sr
2026-03-09T20:10:58.023684+00:00,USOUSD-STD,cobra,24433879,H1,SELL,SELL,ENGULFING,0.75,4.857531114772444,0,,,,,,,,,,,,,,,,0.072,0.072,85.958,88.823,85.948,87.438,,,,,,,,93.70144325496261,,,BEARISH_ENGULF,,,1.9351394315135249,,BEARISH_ENGULF,False,,,,,,,,,,,,,,
2026-03-09T20:11:59.304528+00:00,BTCUSD,cobra,24433879,H1,HOLD,HOLD,NONE,0,666.0051937870907,0,,,,,,,,,,,,,,,,17.04,17.04,68982.44,69135.42,68863.84,68989.35,,,,,,,,67890.49428158479,69491.9,0.7737777494941593,,,,,,none,True,,,,,,,,,,,,,,no_pattern_at_sr
2026-03-09T20:11:59.306297+00:00,USDJPY-STD,cobra,24433879,H1,SELL,SELL,ENGULFING,0.75,0.28639105326971265,0,,,,,,,,,,,,,,,,0.018,0.018,157.849,157.912,157.815,157.829,,,,,,,,158.06861971555475,,,BEARISH_ENGULF,,,1.8995006784924366,,BEARISH_ENGULF,False,,,,,,,,,,,,,,
2026-03-09T20:11:59.309432+00:00,EURUSD-STD,cobra,24433879,H1,HOLD,HOLD,NONE,0,0.0023774539861752798,0,,,,,,,,,,,,,,,,0.00013,0.00013,1.16084,1.16161,1.16082,1.16131,,,,,,,,1.157685038220109,1.1616433333333334,0.33789648001794836,,,,,,none,True,,,,,,,,,,,,,,no_pattern_at_sr
2026-03-09T20:11:59.311196+00:00,XAUUSD-STD,cobra,24433879,H1,HOLD,HOLD,NONE,0,30.583541274235813,0,,,,,,,,,,,,,,,,0.28,0.28,5141.05,5148.01,5138.25,5140.72,,,,,,,,5113.709658976725,5139.5925,0.048310298233665935,,,,,,none,True,,,,,,,,,,,,,,no_pattern_at_sr
2026-03-09T20:11:59.313564+00:00,USOUSD-STD,cobra,24433879,H1,SELL,SELL,ENGULFING,0.75,4.857531114772444,0,,,,,,,,,,,,,,,,0.072,0.072,85.958,88.823,85.948,87.183,,,,,,,,93.70144325496261,,,BEARISH_ENGULF,,,1.9351394315135249,,BEARISH_ENGULF,False,,,,,,,,,,,,,,
2026-03-09T20:12:59.673583+00:00,BTCUSD,cobra,24433879,H1,HOLD,HOLD,NONE,0,666.0051937870907,0,,,,,,,,,,,,,,,,17.03,17.03,68982.44,69135.42,68863.84,68970.81,,,,,,,,67890.49428158479,69491.9,0.7737777494941593,,,,,,none,True,,,,,,,,,,,,,,no_pattern_at_sr
2026-03-09T20:12:59.675565+00:00,USDJPY-STD,cobra,24433879,H1,SELL,SELL,ENGULFING,0.75,0.28674819612685515,0,,,,,,,,,,,,,,,,0.019,0.019,157.849,157.912,157.81,157.811,,,,,,,,158.06861971555475,,,BEARISH_ENGULF,,,1.8971348637859309,,BEARISH_ENGULF,False,,,,,,,,,,,,,,
2026-03-09T20:12:59.678371+00:00,EURUSD-STD,cobra,24433879,H1,HOLD,HOLD,NONE,0,0.0023774539861752798,0,,,,,,,,,,,,,,,,0.00013,0.00013,1.16084,1.16161,1.16082,1.16138,,,,,,,,1.157685038220109,1.1616433333333334,0.33789648001794836,,,,,,none,True,,,,,,,,,,,,,,no_pattern_at_sr
2026-03-09T20:12:59.679942+00:00,XAUUSD-STD,cobra,24433879,H1,HOLD,HOLD,NONE,0,30.583541274235813,0,,,,,,,,,,,,,,,,0.21,0.21,5141.05,5148.01,5138.25,5141.4,,,,,,,,5113.709658976725,5139.5925,0.048310298233665935,,,,,,none,True,,,,,,,,,,,,,,no_pattern_at_sr
2026-03-09T20:12:59.682588+00:00,USOUSD-STD,cobra,24433879,H1,SELL,SELL,ENGULFING,0.75,4.857531114772444,0,,,,,,,,,,,,,,,,0.072,0.072,85.958,88.823,85.948,87.308,,,,,,,,93.70144325496261,,,BEARISH_ENGULF,,,1.9351394315135249,,BEARISH_ENGULF,False,,,,,,,,,,,,,,
2026-03-09T20:14:00.061400+00:00,BTCUSD,cobra,24433879,H1,HOLD,HOLD,NONE,0,666.0051937870907,0,,,,,,,,,,,,,,,,17.05,17.05,68982.44,69135.42,68863.84,68939.28,,,,,,,,67890.49428158479,69491.9,0.7737777494941593,,,,,,none,True,,,,,,,,,,,,,,no_pattern_at_sr
2026-03-09T20:14:00.063262+00:00,USDJPY-STD,cobra,24433879,H1,SELL,SELL,ENGULFING,0.75,0.2882481961268562,0,,,,,,,,,,,,,,,,0.019,0.019,157.849,157.912,157.789,157.796,,,,,,,,158.06861971555475,,,BEARISH_ENGULF,,,1.8872624609958417,,BEARISH_ENGULF,False,,,,,,,,,,,,,,
2026-03-09T20:14:00.066324+00:00,EURUSD-STD,cobra,24433879,H1,HOLD,HOLD,NONE,0,0.0023774539861752798,0,,,,,,,,,,,,,,,,0.00013,0.00013,1.16084,1.16161,1.16082,1.16141,,,,,,,,1.157685038220109,1.1616433333333334,0.33789648001794836,,,,,,none,True,,,,,,,,,,,,,,no_pattern_at_sr
2026-03-09T20:14:00.068255+00:00,XAUUSD-STD,cobra,24433879,H1,HOLD,HOLD,NONE,0,30.6056841313787,0,,,,,,,,,,,,,,,,0.27,0.27,5141.05,5148.01,5137.94,5138.09,,,,,,,,5113.709658976725,5139.5925,0.04827534629376724,,,,,,none,True,,,,,,,,,,,,,,no_pattern_at_sr
2026-03-09T20:14:00.070053+00:00,USOUSD-STD,cobra,24433879,H1,SELL,SELL,ENGULFING,0.75,4.857531114772444,0,,,,,,,,,,,,,,,,0.072,0.072,85.958,88.823,85.948,87.003,,,,,,,,93.70144325496261,,,BEARISH_ENGULF,,,1.9351394315135249,,BEARISH_ENGULF,False,,,,,,,,,,,,,,
2026-03-09T20:15:00.404825+00:00,BTCUSD,cobra,24433879,H1,HOLD,HOLD,NONE,0,666.0051937870907,0,,,,,,,,,,,,,,,,17.04,17.04,68982.44,69135.42,68863.84,68995.7,,,,,,,,67890.49428158479,69491.9,0.7737777494941593,,,,,,none,True,,,,,,,,,,,,,,no_pattern_at_sr
2026-03-09T20:15:00.406558+00:00,USDJPY-STD,cobra,24433879,H1,SELL,SELL,ENGULFING,0.75,0.2882481961268562,0,,,,,,,,,,,,,,,,0.019,0.019,157.849,157.912,157.789,157.796,,,,,,,,158.06861971555475,,,BEARISH_ENGULF,,,1.8872624609958417,,BEARISH_ENGULF,False,,,,,,,,,,,,,,
2026-03-09T20:15:00.409616+00:00,EURUSD-STD,cobra,24433879,H1,HOLD,HOLD,NONE,0,0.0023774539861752798,0,,,,,,,,,,,,,,,,0.00013,0.00013,1.16084,1.16161,1.16082,1.16141,,,,,,,,1.157685038220109,1.1616433333333334,0.33789648001794836,,,,,,none,True,,,,,,,,,,,,,,no_pattern_at_sr
2026-03-09T20:15:00.411212+00:00,XAUUSD-STD,cobra,24433879,H1,HOLD,HOLD,NONE,0,30.6056841313787,0,,,,,,,,,,,,,,,,0.24,0.24,5141.05,5148.01,5137.94,5139.82,,,,,,,,5113.709658976725,5139.5925,0.04827534629376724,,,,,,none,True,,,,,,,,,,,,,,no_pattern_at_sr
2026-03-09T20:15:00.413585+00:00,USOUSD-STD,cobra,24433879,H1,SELL,SELL,ENGULFING,0.75,4.857531114772444,0,,,,,,,,,,,,,,,,0.092,0.092,85.958,88.823,85.948,87.013,,,,,,,,93.70144325496261,,,BEARISH_ENGULF,,,1.9351394315135249,,BEARISH_ENGULF,False,,,,,,,,,,,,,,
2026-03-09T20:16:00.798508+00:00,BTCUSD,cobra,24433879,H1,HOLD,HOLD,NONE,0,666.0051937870907,0,,,,,,,,,,,,,,,,16.95,16.95,68982.44,69135.42,68863.84,68987.89,,,,,,,,67890.49428158479,69491.9,0.7737777494941593,,,,,,none,True,,,,,,,,,,,,,,no_pattern_at_sr
2026-03-09T20:16:00.800255+00:00,USDJPY-STD,cobra,24433879,H1,SELL,SELL,ENGULFING,0.75,0.2904624818411403,0,,,,,,,,,,,,,,,,0.019,0.019,157.849,157.912,157.758,157.759,,,,,,,,158.06861971555475,,,BEARISH_ENGULF,,,1.8728752730877893,,BEARISH_ENGULF,False,,,,,,,,,,,,,,
2026-03-09T20:16:01.646098+00:00,EURUSD-STD,cobra,24433879,H1,HOLD,HOLD,NONE,0,0.0023774539861752798,0,,,,,,,,,,,,,,,,0.00013,0.00013,1.16084,1.16161,1.16082,1.16141,,,,,,,,1.157685038220109,1.1616433333333334,0.33789648001794836,,,,,,none,True,,,,,,,,,,,,,,no_pattern_at_sr
2026-03-09T20:16:01.647702+00:00,XAUUSD-STD,cobra,24433879,H1,HOLD,HOLD,NONE,0,30.629969845664355,0,,,,,,,,,,,,,,,,0.24,0.24,5141.05,5148.01,5137.6,5138.96,,,,,,,,5113.709658976725,5139.5925,0.04823707001491229,,,,,,none,True,,,,,,,,,,,,,,no_pattern_at_sr
2026-03-09T20:16:01.652084+00:00,USOUSD-STD,cobra,24433879,H1,SELL,SELL,ENGULFING,0.75,4.857531114772444,0,,,,,,,,,,,,,,,,0.072,0.072,85.958,88.823,85.948,87.043,,,,,,,,93.70144325496261,,,BEARISH_ENGULF,,,1.9351394315135249,,BEARISH_ENGULF,False,,,,,,,,,,,,,,
2026-03-09T20:17:02.842998+00:00,BTCUSD,cobra,24433879,H1,HOLD,HOLD,NONE,0,666.0051937870907,0,,,,,,,,,,,,,,,,17.06,17.06,68982.44,69135.42,68863.84,68959.91,,,,,,,,67890.49428158479,69491.9,0.7737777494941593,,,,,,none,True,,,,,,,,,,,,,,no_pattern_at_sr
2026-03-09T20:17:02.844784+00:00,USDJPY-STD,cobra,24433879,H1,SELL,SELL,ENGULFING,0.75,0.29153391041257,0,,,,,,,,,,,,,,,,0.018,0.018,157.849,157.912,157.743,157.75,,,,,,,,158.06861971555475,,,BEARISH_ENGULF,,,1.865992190171395,,BEARISH_ENGULF,False,,,,,,,,,,,,,,
2026-03-09T20:17:02.847532+00:00,EURUSD-STD,cobra,24433879,H1,HOLD,HOLD,NONE,0,0.0023774539861752798,0,,,,,,,,,,,,,,,,0.00013,0.00013,1.16084,1.16161,1.16082,1.16141,,,,,,,,1.157685038220109,1.1616433333333334,0.33789648001794836,,,,,,none,True,,,,,,,,,,,,,,no_pattern_at_sr
2026-03-09T20:17:02.849332+00:00,XAUUSD-STD,cobra,24433879,H1,HOLD,HOLD,NONE,0,30.629969845664355,0,,,,,,,,,,,,,,,,0.22,0.22,5141.05,5148.01,5137.6,5139.61,,,,,,,,5113.709658976725,5139.5925,0.04823707001491229,,,,,,none,True,,,,,,,,,,,,,,no_pattern_at_sr
2026-03-09T20:17:02.851280+00:00,USOUSD-STD,cobra,24433879,H1,SELL,SELL,ENGULFING,0.75,4.857531114772444,0,,,,,,,,,,,,,,,,0.072,0.072,85.958,88.823,85.948,87.773,,,,,,,,93.70144325496261,,,BEARISH_ENGULF,,,1.9351394315135249,,BEARISH_ENGULF,False,,,,,,,,,,,,,,
2026-03-09T20:18:03.244304+00:00,BTCUSD,cobra,24433879,H1,HOLD,HOLD,NONE,0,666.0051937870907,0,,,,,,,,,,,,,,,,17.1,17.1,68982.44,69135.42,68863.84,68998.12,,,,,,,,67890.49428158479,69491.9,0.7737777494941593,,,,,,none,True,,,,,,,,,,,,,,no_pattern_at_sr
2026-03-09T20:18:03.246229+00:00,USDJPY-STD,cobra,24433879,H1,SELL,SELL,ENGULFING,0.75,0.29153391041257,0,,,,,,,,,,,,,,,,0.019,0.019,157.849,157.912,157.743,157.77,,,,,,,,158.06861971555475,,,BEARISH_ENGULF,,,1.865992190171395,,BEARISH_ENGULF,False,,,,,,,,,,,,,,
2026-03-09T20:18:03.248873+00:00,EURUSD-STD,cobra,24433879,H1,HOLD,HOLD,NONE,0,0.0023774539861752798,0,,,,,,,,,,,,,,,,0.00014,0.00014,1.16084,1.16161,1.16082,1.16134,,,,,,,,1.157685038220109,1.1616433333333334,0.33789648001794836,,,,,,none,True,,,,,,,,,,,,,,no_pattern_at_sr
2026-03-09T20:18:03.251000+00:00,XAUUSD-STD,cobra,24433879,H1,HOLD,HOLD,NONE,0,30.629969845664355,0,,,,,,,,,,,,,,,,0.25,0.25,5141.05,5148.01,5137.6,5138.74,,,,,,,,5113.709658976725,5139.5925,0.04823707001491229,,,,,,none,True,,,,,,,,,,,,,,no_pattern_at_sr
2026-03-09T20:18:03.254062+00:00,USOUSD-STD,cobra,24433879,H1,SELL,SELL,ENGULFING,0.75,4.857531114772444,0,,,,,,,,,,,,,,,,0.092,0.092,85.958,88.823,85.948,88.113,,,,,,,,93.70144325496261,,,BEARISH_ENGULF,,,1.9351394315135249,,BEARISH_ENGULF,False,,,,,,,,,,,,,,
2026-03-09T20:19:03.598975+00:00,BTCUSD,cobra,24433879,H1,HOLD,HOLD,NONE,0,666.0051937870907,0,,,,,,,,,,,,,,,,16.99,16.99,68982.44,69135.42,68863.84,69012.46,,,,,,,,67890.49428158479,69491.9,0.7737777494941593,,,,,,none,True,,,,,,,,,,,,,,no_pattern_at_sr
2026-03-09T20:19:03.600679+00:00,USDJPY-STD,cobra,24433879,H1,SELL,SELL,ENGULFING,0.75,0.29153391041257,0,,,,,,,,,,,,,,,,0.019,0.019,157.849,157.912,157.743,157.796,,,,,,,,158.06861971555475,,,BEARISH_ENGULF,,,1.865992190171395,,BEARISH_ENGULF,False,,,,,,,,,,,,,,
2026-03-09T20:19:03.606830+00:00,EURUSD-STD,cobra,24433879,H1,HOLD,HOLD,NONE,0,0.0023774539861752798,0,,,,,,,,,,,,,,,,0.00013,0.00013,1.16084,1.16161,1.16082,1.16121,,,,,,,,1.157685038220109,1.1616433333333334,0.33789648001794836,,,,,,none,True,,,,,,,,,,,,,,no_pattern_at_sr
2026-03-09T20:19:03.608828+00:00,XAUUSD-STD,cobra,24433879,H1,HOLD,HOLD,NONE,0,30.629969845664355,0,,,,,,,,,,,,,,,,0.21,0.21,5141.05,5148.01,5137.6,5139.01,,,,,,,,5113.709658976725,5139.5925,0.04823707001491229,,,,,,none,True,,,,,,,,,,,,,,no_pattern_at_sr
2026-03-09T20:19:03.610995+00:00,USOUSD-STD,cobra,24433879,H1,SELL,SELL,ENGULFING,0.75,4.857531114772444,0,,,,,,,,,,,,,,,,0.092,0.092,85.958,88.823,85.948,87.833,,,,,,,,93.70144325496261,,,BEARISH_ENGULF,,,1.9351394315135249,,BEARISH_ENGULF,False,,,,,,,,,,,,,,
2026-03-09T20:20:03.996013+00:00,BTCUSD,cobra,24433879,H1,HOLD,HOLD,NONE,0,666.0051937870907,0,,,,,,,,,,,,,,,,17.09,17.09,68982.44,69135.42,68863.84,69033.09,,,,,,,,67890.49428158479,69491.9,0.7737777494941593,,,,,,none,True,,,,,,,,,,,,,,no_pattern_at_sr
2026-03-09T20:20:03.998556+00:00,USDJPY-STD,cobra,24433879,H1,SELL,SELL,ENGULFING,0.75,0.29153391041257,0,,,,,,,,,,,,,,,,0.018,0.018,157.849,157.912,157.743,157.81,,,,,,,,158.06861971555475,,,BEARISH_ENGULF,,,1.865992190171395,,BEARISH_ENGULF,False,,,,,,,,,,,,,,
2026-03-09T20:20:04.005108+00:00,EURUSD-STD,cobra,24433879,H1,HOLD,HOLD,NONE,0,0.0023774539861752798,0,,,,,,,,,,,,,,,,0.00013,0.00013,1.16084,1.16161,1.16082,1.16119,,,,,,,,1.157685038220109,1.1616433333333334,0.33789648001794836,,,,,,none,True,,,,,,,,,,,,,,no_pattern_at_sr
2026-03-09T20:20:04.007905+00:00,XAUUSD-STD,cobra,24433879,H1,HOLD,HOLD,NONE,0,30.629969845664355,0,,,,,,,,,,,,,,,,0.25,0.25,5141.05,5148.01,5137.6,5139.18,,,,,,,,5113.709658976725,5139.5925,0.04823707001491229,,,,,,none,True,,,,,,,,,,,,,,no_pattern_at_sr
2026-03-09T20:20:04.010787+00:00,USOUSD-STD,cobra,24433879,H1,SELL,SELL,ENGULFING,0.75,4.857531114772444,0,,,,,,,,,,,,,,,,0.092,0.092,85.958,88.823,85.948,88.043,,,,,,,,93.70144325496261,,,BEARISH_ENGULF,,,1.9351394315135249,,BEARISH_ENGULF,False,,,,,,,,,,,,,,
2026-03-09T20:21:04.394174+00:00,BTCUSD,cobra,24433879,H1,HOLD,HOLD,NONE,0,666.0051937870907,0,,,,,,,,,,,,,,,,17.06,17.06,68982.44,69135.42,68863.84,68945.42,,,,,,,,67890.49428158479,69491.9,0.7737777494941593,,,,,,none,True,,,,,,,,,,,,,,no_pattern_at_sr
2026-03-09T20:21:04.395947+00:00,USDJPY-STD,cobra,24433879,H1,SELL,SELL,ENGULFING,0.75,0.29153391041257,0,,,,,,,,,,,,,,,,0.018,0.018,157.849,157.912,157.743,157.8,,,,,,,,158.06861971555475,,,BEARISH_ENGULF,,,1.865992190171395,,BEARISH_ENGULF,False,,,,,,,,,,,,,,
2026-03-09T20:21:05.263540+00:00,EURUSD-STD,cobra,24433879,H1,HOLD,HOLD,NONE,0,0.0023774539861752798,0,,,,,,,,,,,,,,,,0.00014,0.00014,1.16084,1.16161,1.16082,1.16122,,,,,,,,1.157685038220109,1.1616433333333334,0.33789648001794836,,,,,,none,True,,,,,,,,,,,,,,no_pattern_at_sr
2026-03-09T20:21:05.265066+00:00,XAUUSD-STD,cobra,24433879,H1,HOLD,HOLD,NONE,0,30.629969845664355,0,,,,,,,,,,,,,,,,0.24,0.24,5141.05,5148.01,5137.6,5139.39,,,,,,,,5113.709658976725,5139.5925,0.04823707001491229,,,,,,none,True,,,,,,,,,,,,,,no_pattern_at_sr
2026-03-09T20:21:05.270497+00:00,USOUSD-STD,cobra,24433879,H1,SELL,SELL,ENGULFING,0.75,4.857531114772444,0,,,,,,,,,,,,,,,,0.072,0.072,85.958,88.823,85.948,87.623,,,,,,,,93.70144325496261,,,BEARISH_ENGULF,,,1.9351394315135249,,BEARISH_ENGULF,False,,,,,,,,,,,,,,
2026-03-09T20:22:06.476974+00:00,BTCUSD,cobra,24433879,H1,HOLD,HOLD,NONE,0,666.0051937870907,0,,,,,,,,,,,,,,,,17.09,17.09,68982.44,69135.42,68863.84,68933.8,,,,,,,,67890.49428158479,69491.9,0.7737777494941593,,,,,,none,True,,,,,,,,,,,,,,no_pattern_at_sr
2026-03-09T20:22:06.479449+00:00,USDJPY-STD,cobra,24433879,H1,SELL,SELL,ENGULFING,0.75,0.29153391041257,0,,,,,,,,,,,,,,,,0.018,0.018,157.849,157.912,157.743,157.757,,,,,,,,158.06861971555475,,,BEARISH_ENGULF,,,1.865992190171395,,BEARISH_ENGULF,False,,,,,,,,,,,,,,
2026-03-09T20:22:06.482486+00:00,EURUSD-STD,cobra,24433879,H1,HOLD,HOLD,NONE,0,0.0023774539861752798,0,,,,,,,,,,,,,,,,0.00014,0.00014,1.16084,1.16161,1.16082,1.16158,,,,,,,,1.157685038220109,1.1616433333333334,0.33789648001794836,,,,,,none,True,,,,,,,,,,,,,,no_pattern_at_sr
2026-03-09T20:22:06.484417+00:00,XAUUSD-STD,cobra,24433879,H1,HOLD,HOLD,NONE,0,30.629969845664355,0,,,,,,,,,,,,,,,,0.24,0.24,5141.05,5148.01,5137.6,5139.0,,,,,,,,5113.709658976725,5139.5925,0.04823707001491229,,,,,,none,True,,,,,,,,,,,,,,no_pattern_at_sr
2026-03-09T20:22:06.487942+00:00,USOUSD-STD,cobra,24433879,H1,SELL,SELL,ENGULFING,0.75,4.857531114772444,0,,,,,,,,,,,,,,,,0.072,0.072,85.958,88.823,85.948,87.228,,,,,,,,93.70144325496261,,,BEARISH_ENGULF,,,1.9351394315135249,,BEARISH_ENGULF,False,,,,,,,,,,,,,,
2026-03-09T20:23:06.889706+00:00,BTCUSD,cobra,24433879,H1,HOLD,HOLD,NONE,0,666.0051937870907,0,,,,,,,,,,,,,,,,17.04,17.04,68982.44,69135.42,68863.84,68973.94,,,,,,,,67890.49428158479,69491.9,0.7737777494941593,,,,,,none,True,,,,,,,,,,,,,,no_pattern_at_sr
2026-03-09T20:23:06.891405+00:00,USDJPY-STD,cobra,24433879,H1,SELL,SELL,ENGULFING,0.75,0.29153391041257,0,,,,,,,,,,,,,,,,0.019,0.019,157.849,157.912,157.743,157.794,,,,,,,,158.06861971555475,,,BEARISH_ENGULF,,,1.865992190171395,,BEARISH_ENGULF,False,,,,,,,,,,,,,,
2026-03-09T20:23:06.894110+00:00,EURUSD-STD,cobra,24433879,H1,HOLD,HOLD,NONE,0,0.0023788825576038447,0,,,,,,,,,,,,,,,,0.00013,0.00013,1.16084,1.16163,1.16082,1.1615199999999999,,,,,,,,1.157685038220109,1.1616433333333334,0.33769356573131265,,,,,,none,True,,,,,,,,,,,,,,no_pattern_at_sr
2026-03-09T20:23:06.895942+00:00,XAUUSD-STD,cobra,24433879,H1,HOLD,HOLD,NONE,0,30.68425555995009,0,,,,,,,,,,,,,,,,0.24,0.24,5141.05,5148.01,5136.84,5139.14,,,,,,,,5113.709658976725,5139.5925,0.04815173035934547,,,,,,none,True,,,,,,,,,,,,,,no_pattern_at_sr
2026-03-09T20:23:06.897927+00:00,USOUSD-STD,cobra,24433879,H1,SELL,SELL,ENGULFING,0.75,4.857531114772444,0,,,,,,,,,,,,,,,,0.072,0.072,85.958,88.823,85.948,87.128,,,,,,,,93.70144325496261,,,BEARISH_ENGULF,,,1.9351394315135249,,BEARISH_ENGULF,False,,,,,,,,,,,,,,
2026-03-09T20:24:07.245771+00:00,BTCUSD,cobra,24433879,H1,HOLD,HOLD,NONE,0,666.0051937870907,0,,,,,,,,,,,,,,,,17.06,17.06,68982.44,69135.42,68863.84,68974.84,,,,,,,,67890.49428158479,69491.9,0.7737777494941593,,,,,,none,True,,,,,,,,,,,,,,no_pattern_at_sr
2026-03-09T20:24:07.247343+00:00,USDJPY-STD,cobra,24433879,H1,SELL,SELL,ENGULFING,0.75,0.29153391041257,0,,,,,,,,,,,,,,,,0.018,0.018,157.849,157.912,157.743,157.808,,,,,,,,158.06861971555475,,,BEARISH_ENGULF,,,1.865992190171395,,BEARISH_ENGULF,False,,,,,,,,,,,,,,
2026-03-09T20:24:07.250568+00:00,EURUSD-STD,cobra,24433879,H1,HOLD,HOLD,NONE,0,0.0023788825576038447,0,,,,,,,,,,,,,,,,0.00015,0.00015,1.16084,1.16163,1.16082,1.1615199999999999,,,,,,,,1.157685038220109,1.1616433333333334,0.33769356573131265,,,,,,none,True,,,,,,,,,,,,,,no_pattern_at_sr
2026-03-09T20:24:07.252229+00:00,XAUUSD-STD,cobra,24433879,H1,HOLD,HOLD,NONE,0,30.68425555995009,0,,,,,,,,,,,,,,,,0.25,0.25,5141.05,5148.01,5136.84,5137.91,,,,,,,,5113.709658976725,5139.5925,0.04815173035934547,,,,,,none,True,,,,,,,,,,,,,,no_pattern_at_sr
2026-03-09T20:24:07.254503+00:00,USOUSD-STD,cobra,24433879,H1,SELL,SELL,ENGULFING,0.75,4.857531114772444,0,,,,,,,,,,,,,,,,0.072,0.072,85.958,88.823,85.948,87.248,,,,,,,,93.70144325496261,,,BEARISH_ENGULF,,,1.9351394315135249,,BEARISH_ENGULF,False,,,,,,,,,,,,,,
2026-03-09T20:25:07.592638+00:00,BTCUSD,cobra,24433879,H1,HOLD,HOLD,NONE,0,666.0051937870907,0,,,,,,,,,,,,,,,,16.97,16.97,68982.44,69135.42,68863.84,68946.34,,,,,,,,67890.49428158479,69491.9,0.7737777494941593,,,,,,none,True,,,,,,,,,,,,,,no_pattern_at_sr
2026-03-09T20:25:07.594952+00:00,USDJPY-STD,cobra,24433879,H1,SELL,SELL,ENGULFING,0.75,0.29153391041257,0,,,,,,,,,,,,,,,,0.019,0.019,157.849,157.912,157.743,157.779,,,,,,,,158.06861971555475,,,BEARISH_ENGULF,,,1.865992190171395,,BEARISH_ENGULF,False,,,,,,,,,,,,,,
2026-03-09T20:25:07.598833+00:00,EURUSD-STD,cobra,24433879,H1,HOLD,HOLD,NONE,0,0.0023788825576038447,0,,,,,,,,,,,,,,,,0.00013,0.00013,1.16084,1.16163,1.16082,1.16156,,,,,,,,1.157685038220109,1.1616433333333334,0.33769356573131265,,,,,,none,True,,,,,,,,,,,,,,no_pattern_at_sr
2026-03-09T20:25:07.600705+00:00,XAUUSD-STD,cobra,24433879,H1,HOLD,HOLD,NONE,0,30.69639841709295,0,,,,,,,,,,,,,,,,0.22,0.22,5141.05,5148.01,5136.67,5137.62,,,,,,,,5113.709658976725,5139.5925,0.04813268253572165,,,,,,none,True,,,,,,,,,,,,,,no_pattern_at_sr
2026-03-09T20:25:07.605776+00:00,USOUSD-STD,cobra,24433879,H1,SELL,SELL,ENGULFING,0.75,4.857531114772444,0,,,,,,,,,,,,,,,,0.092,0.092,85.958,88.823,85.948,86.983,,,,,,,,93.70144325496261,,,BEARISH_ENGULF,,,1.9351394315135249,,BEARISH_ENGULF,False,,,,,,,,,,,,,,
2026-03-09T20:26:07.964144+00:00,BTCUSD,cobra,24433879,H1,HOLD,HOLD,NONE,0,666.0051937870907,0,,,,,,,,,,,,,,,,17.09,17.09,68982.44,69135.42,68863.84,68962.76,,,,,,,,67890.49428158479,69491.9,0.7737777494941593,,,,,,none,True,,,,,,,,,,,,,,no_pattern_at_sr
2026-03-09T20:26:07.965785+00:00,USDJPY-STD,cobra,24433879,H1,SELL,SELL,ENGULFING,0.75,0.29153391041257,0,,,,,,,,,,,,,,,,0.019,0.019,157.849,157.912,157.743,157.802,,,,,,,,158.06861971555475,,,BEARISH_ENGULF,,,1.865992190171395,,BEARISH_ENGULF,False,,,,,,,,,,,,,,
2026-03-09T20:26:08.757889+00:00,EURUSD-STD,cobra,24433879,H1,HOLD,HOLD,NONE,0,0.0023788825576038447,0,,,,,,,,,,,,,,,,0.00013,0.00013,1.16084,1.16163,1.16082,1.16155,,,,,,,,1.157685038220109,1.1616433333333334,0.33769356573131265,,,,,,none,True,,,,,,,,,,,,,,no_pattern_at_sr
2026-03-09T20:26:08.759430+00:00,XAUUSD-STD,cobra,24433879,H1,HOLD,HOLD,NONE,0,30.86139841709298,0,,,,,,,,,,,,,,,,0.21,0.21,5141.05,5148.01,5134.36,5136.74,,,,,,,,5113.709658976725,5139.5925,0.04787534187633025,,,,,,none,True,,,,,,,,,,,,,,no_pattern_at_sr
2026-03-09T20:26:08.764117+00:00,USOUSD-STD,cobra,24433879,H1,SELL,SELL,ENGULFING,0.75,4.857531114772444,0,,,,,,,,,,,,,,,,0.092,0.092,85.958,88.823,85.948,86.093,,,,,,,,93.70144325496261,,,BEARISH_ENGULF,,,1.9351394315135249,,BEARISH_ENGULF,False,,,,,,,,,,,,,,
2026-03-09T20:27:09.985048+00:00,BTCUSD,cobra,24433879,H1,HOLD,HOLD,NONE,0,666.0051937870907,0,,,,,,,,,,,,,,,,17.09,17.09,68982.44,69135.42,68863.84,68995.46,,,,,,,,67890.49428158479,69491.9,0.7737777494941593,,,,,,none,True,,,,,,,,,,,,,,no_pattern_at_sr
2026-03-09T20:27:09.986789+00:00,USDJPY-STD,cobra,24433879,H1,SELL,SELL,ENGULFING,0.75,0.29153391041257,0,,,,,,,,,,,,,,,,0.018,0.018,157.849,157.912,157.743,157.779,,,,,,,,158.06861971555475,,,BEARISH_ENGULF,,,1.865992190171395,,BEARISH_ENGULF,False,,,,,,,,,,,,,,
2026-03-09T20:27:09.991127+00:00,EURUSD-STD,cobra,24433879,H1,HOLD,HOLD,NONE,0,0.0023795968433181353,0,,,,,,,,,,,,,,,,0.00013,0.00013,1.16084,1.16164,1.16082,1.16163,,,,,,,,1.157685038220109,1.1616433333333334,0.3375921999514382,,,,,,none,True,,,,,,,,,,,,,,no_pattern_at_sr
2026-03-09T20:27:09.993147+00:00,XAUUSD-STD,cobra,24433879,H1,HOLD,HOLD,NONE,0,30.86139841709298,0,,,,,,,,,,,,,,,,0.21,0.21,5141.05,5148.01,5134.36,5138.86,,,,,,,,5113.709658976725,5139.5925,0.04787534187633025,,,,,,none,True,,,,,,,,,,,,,,no_pattern_at_sr
2026-03-09T20:27:09.995507+00:00,USOUSD-STD,cobra,24433879,H1,SELL,SELL,ENGULFING,0.75,4.893245400486729,0,,,,,,,,,,,,,,,,0.092,0.092,85.958,88.823,85.393,85.783,,,,,,,,93.70144325496261,,,BEARISH_ENGULF,,,1.9210154469393648,,BEARISH_ENGULF,False,,,,,,,,,,,,,,
2026-03-09T20:28:10.355053+00:00,BTCUSD,cobra,24433879,H1,HOLD,HOLD,NONE,0,666.0051937870907,0,,,,,,,,,,,,,,,,17.06,17.06,68982.44,69135.42,68863.84,68970.44,,,,,,,,67890.49428158479,69491.9,0.7737777494941593,,,,,,none,True,,,,,,,,,,,,,,no_pattern_at_sr
2026-03-09T20:28:10.356754+00:00,USDJPY-STD,cobra,24433879,H1,SELL,SELL,ENGULFING,0.75,0.29153391041257,0,,,,,,,,,,,,,,,,0.018,0.018,157.849,157.912,157.743,157.78,,,,,,,,158.06861971555475,,,BEARISH_ENGULF,,,1.865992190171395,,BEARISH_ENGULF,False,,,,,,,,,,,,,,
2026-03-09T20:28:10.360691+00:00,EURUSD-STD,cobra,24433879,H1,HOLD,HOLD,NONE,0,0.0023988825576038487,0,,,,,,,,,,,,,,,,0.00015,0.00015,1.16084,1.16191,1.16082,1.16181,,,,,,,,1.157685038220109,1.1616433333333334,0.3348781418193668,,,,,,none,True,,,,,,,,,,,,,,no_pattern_at_sr
2026-03-09T20:28:10.362192+00:00,XAUUSD-STD,cobra,24433879,H1,HOLD,HOLD,NONE,0,30.86139841709298,0,,,,,,,,,,,,,,,,0.25,0.25,5141.05,5148.01,5134.36,5137.56,,,,,,,,5113.709658976725,5139.5925,0.04787534187633025,,,,,,none,True,,,,,,,,,,,,,,no_pattern_at_sr
2026-03-09T20:28:10.363686+00:00,USOUSD-STD,cobra,24433879,H1,SELL,SELL,ENGULFING,0.75,4.912888257629587,0,,,,,,,,,,,,,,,,0.072,0.072,85.958,88.823,85.118,85.728,,,,,,,,93.70144325496261,,,BEARISH_ENGULF,,,1.9133347853784486,,BEARISH_ENGULF,False,,,,,,,,,,,,,,
2026-03-09T20:29:10.719165+00:00,BTCUSD,cobra,24433879,H1,HOLD,HOLD,NONE,0,666.0051937870907,0,,,,,,,,,,,,,,,,17.06,17.06,68982.44,69135.42,68863.84,68954.54,,,,,,,,67890.49428158479,69491.9,0.7737777494941593,,,,,,none,True,,,,,,,,,,,,,,no_pattern_at_sr
2026-03-09T20:29:10.720849+00:00,USDJPY-STD,cobra,24433879,H1,SELL,SELL,ENGULFING,0.75,0.29153391041257,0,,,,,,,,,,,,,,,,0.02,0.02,157.849,157.912,157.743,157.777,,,,,,,,158.06861971555475,,,BEARISH_ENGULF,,,1.865992190171395,,BEARISH_ENGULF,False,,,,,,,,,,,,,,
2026-03-09T20:29:10.723548+00:00,EURUSD-STD,cobra,24433879,H1,HOLD,HOLD,NONE,0,0.0023988825576038487,0,,,,,,,,,,,,,,,,0.00014,0.00014,1.16084,1.16191,1.16082,1.1616,,,,,,,,1.157685038220109,1.1616433333333334,0.3348781418193668,,,,,,none,True,,,,,,,,,,,,,,no_pattern_at_sr
2026-03-09T20:29:10.725697+00:00,XAUUSD-STD,cobra,24433879,H1,HOLD,HOLD,NONE,0,30.86139841709298,0,,,,,,,,,,,,,,,,0.24,0.24,5141.05,5148.01,5134.36,5136.95,,,,,,,,5113.709658976725,5139.5925,0.04787534187633025,,,,,,none,True,,,,,,,,,,,,,,no_pattern_at_sr
2026-03-09T20:29:10.729450+00:00,USOUSD-STD,cobra,24433879,H1,SELL,SELL,ENGULFING,0.75,4.939673971915301,0,,,,,,,,,,,,,,,,0.072,0.072,85.958,88.823,84.743,85.108,,,,,,,,93.70144325496261,,,BEARISH_ENGULF,,,1.902959598840744,,BEARISH_ENGULF,False,,,,,,,,,,,,,,
2026-03-09T20:30:11.075410+00:00,BTCUSD,cobra,24433879,H1,HOLD,HOLD,NONE,0,666.0051937870907,0,,,,,,,,,,,,,,,,16.97,16.97,68982.44,69135.42,68863.84,68916.61,,,,,,,,67890.49428158479,69491.9,0.7737777494941593,,,,,,none,True,,,,,,,,,,,,,,no_pattern_at_sr
2026-03-09T20:30:11.077857+00:00,USDJPY-STD,cobra,24433879,H1,SELL,SELL,ENGULFING,0.75,0.29153391041257,0,,,,,,,,,,,,,,,,0.024,0.024,157.849,157.912,157.743,157.775,,,,,,,,158.06861971555475,,,BEARISH_ENGULF,,,1.865992190171395,,BEARISH_ENGULF,False,,,,,,,,,,,,,,
2026-03-09T20:30:11.083823+00:00,EURUSD-STD,cobra,24433879,H1,HOLD,HOLD,NONE,0,0.0023988825576038487,0,,,,,,,,,,,,,,,,0.00016,0.00016,1.16084,1.16191,1.16082,1.16155,,,,,,,,1.157685038220109,1.1616433333333334,0.3348781418193668,,,,,,none,True,,,,,,,,,,,,,,no_pattern_at_sr
2026-03-09T20:30:11.086888+00:00,XAUUSD-STD,cobra,24433879,H1,HOLD,HOLD,NONE,0,30.86139841709298,0,,,,,,,,,,,,,,,,0.28,0.28,5141.05,5148.01,5134.36,5137.95,,,,,,,,5113.709658976725,5139.5925,0.04787534187633025,,,,,,none,True,,,,,,,,,,,,,,no_pattern_at_sr
2026-03-09T20:30:11.090218+00:00,USOUSD-STD,cobra,24433879,H1,SELL,SELL,ENGULFING,0.75,4.947888257629587,0,,,,,,,,,,,,,,,,0.072,0.072,85.958,88.823,84.628,85.473,,,,,,,,93.70144325496261,,,BEARISH_ENGULF,,,1.8998003816083182,,BEARISH_ENGULF,False,,,,,,,,,,,,,,
2026-03-09T20:31:11.435987+00:00,BTCUSD,cobra,24433879,H1,HOLD,HOLD,NONE,0,666.0051937870907,0,,,,,,,,,,,,,,,,17.1,17.1,68982.44,69135.42,68863.84,68956.58,,,,,,,,67890.49428158479,69491.9,0.7737777494941593,,,,,,none,True,,,,,,,,,,,,,,no_pattern_at_sr
2026-03-09T20:31:11.437627+00:00,USDJPY-STD,cobra,24433879,H1,SELL,SELL,ENGULFING,0.75,0.29153391041257,0,,,,,,,,,,,,,,,,0.017,0.017,157.849,157.912,157.743,157.787,,,,,,,,158.06861971555475,,,BEARISH_ENGULF,,,1.865992190171395,,BEARISH_ENGULF,False,,,,,,,,,,,,,,
2026-03-09T20:31:12.225267+00:00,EURUSD-STD,cobra,24433879,H1,HOLD,HOLD,NONE,0,0.0023988825576038487,0,,,,,,,,,,,,,,,,0.00014,0.00014,1.16084,1.16191,1.16082,1.1615199999999999,,,,,,,,1.157685038220109,1.1616433333333334,0.3348781418193668,,,,,,none,True,,,,,,,,,,,,,,no_pattern_at_sr
2026-03-09T20:31:12.226887+00:00,XAUUSD-STD,cobra,24433879,H1,HOLD,HOLD,NONE,0,30.86139841709298,0,,,,,,,,,,,,,,,,0.24,0.24,5141.05,5148.01,5134.36,5137.59,,,,,,,,5113.709658976725,5139.5925,0.04787534187633025,,,,,,none,True,,,,,,,,,,,,,,no_pattern_at_sr
2026-03-09T20:31:12.232897+00:00,USOUSD-STD,cobra,24433879,H1,SELL,SELL,ENGULFING,0.75,4.947888257629587,0,,,,,,,,,,,,,,,,0.072,0.072,85.958,88.823,84.628,85.478,,,,,,,,93.70144325496261,,,BEARISH_ENGULF,,,1.8998003816083182,,BEARISH_ENGULF,False,,,,,,,,,,,,,,
2026-03-09T20:32:13.641344+00:00,BTCUSD,cobra,24433879,H1,HOLD,HOLD,NONE,0,666.0051937870907,0,,,,,,,,,,,,,,,,17.1,17.1,68982.44,69135.42,68863.84,68881.48,,,,,,,,67890.49428158479,69491.9,0.7737777494941593,,,,,,none,True,,,,,,,,,,,,,,no_pattern_at_sr
2026-03-09T20:32:13.643240+00:00,USDJPY-STD,cobra,24433879,H1,SELL,SELL,ENGULFING,0.75,0.29153391041257,0,,,,,,,,,,,,,,,,0.016,0.016,157.849,157.912,157.743,157.792,,,,,,,,158.06861971555475,,,BEARISH_ENGULF,,,1.865992190171395,,BEARISH_ENGULF,False,,,,,,,,,,,,,,
2026-03-09T20:32:13.648076+00:00,EURUSD-STD,cobra,24433879,H1,HOLD,HOLD,NONE,0,0.0023988825576038487,0,,,,,,,,,,,,,,,,0.00013,0.00013,1.16084,1.16191,1.16082,1.16143,,,,,,,,1.157685038220109,1.1616433333333334,0.3348781418193668,,,,,,none,True,,,,,,,,,,,,,,no_pattern_at_sr
2026-03-09T20:32:13.649801+00:00,XAUUSD-STD,cobra,24433879,H1,HOLD,HOLD,NONE,0,30.86139841709298,0,,,,,,,,,,,,,,,,0.28,0.28,5141.05,5148.01,5134.36,5138.5,,,,,,,,5113.709658976725,5139.5925,0.04787534187633025,,,,,,none,True,,,,,,,,,,,,,,no_pattern_at_sr
2026-03-09T20:32:13.651942+00:00,USOUSD-STD,cobra,24433879,H1,SELL,SELL,ENGULFING,0.75,4.947888257629587,0,,,,,,,,,,,,,,,,0.072,0.072,85.958,88.823,84.628,85.543,,,,,,,,93.70144325496261,,,BEARISH_ENGULF,,,1.8998003816083182,,BEARISH_ENGULF,False,,,,,,,,,,,,,,
2026-03-09T20:33:14.002413+00:00,BTCUSD,cobra,24433879,H1,HOLD,HOLD,NONE,0,667.1859080728049,0,,,,,,,,,,,,,,,,17.07,17.07,68982.44,69135.42,68847.31,68909.12,,,,,,,,67890.49428158479,69491.9,0.7724084003641177,,,,,,none,True,,,,,,,,,,,,,,no_pattern_at_sr
2026-03-09T20:33:14.004150+00:00,USDJPY-STD,cobra,24433879,H1,SELL,SELL,ENGULFING,0.75,0.29153391041257,0,,,,,,,,,,,,,,,,0.02,0.02,157.849,157.912,157.743,157.782,,,,,,,,158.06861971555475,,,BEARISH_ENGULF,,,1.865992190171395,,BEARISH_ENGULF,False,,,,,,,,,,,,,,
2026-03-09T20:33:14.006975+00:00,EURUSD-STD,cobra,24433879,H1,HOLD,HOLD,NONE,0,0.0023988825576038487,0,,,,,,,,,,,,,,,,0.00014,0.00014,1.16084,1.16191,1.16082,1.16164,,,,,,,,1.157685038220109,1.1616433333333334,0.3348781418193668,,,,,,none,True,,,,,,,,,,,,,,no_pattern_at_sr
2026-03-09T20:33:14.008725+00:00,XAUUSD-STD,cobra,24433879,H1,HOLD,HOLD,NONE,0,30.86139841709298,0,,,,,,,,,,,,,,,,0.25,0.25,5141.05,5148.01,5134.36,5137.51,,,,,,,,5113.709658976725,5139.5925,0.04787534187633025,,,,,,none,True,,,,,,,,,,,,,,no_pattern_at_sr
2026-03-09T20:33:14.011024+00:00,USOUSD-STD,cobra,24433879,H1,SELL,SELL,ENGULFING,0.75,4.967888257629586,0,,,,,,,,,,,,,,,,0.092,0.092,85.958,88.823,84.348,84.453,,,,,,,,93.70144325496261,,,BEARISH_ENGULF,,,1.8921520598945978,,BEARISH_ENGULF,False,,,,,,,,,,,,,,
2026-03-09T20:34:14.369139+00:00,BTCUSD,cobra,24433879,H1,HOLD,HOLD,NONE,0,670.5673366442333,0,,,,,,,,,,,,,,,,17.1,17.1,68982.44,69135.42,68799.97,68820.51,,,,,,,,67890.49428158479,69491.9,0.768513424138653,,,,,,none,True,,,,,,,,,,,,,,no_pattern_at_sr
2026-03-09T20:34:14.370741+00:00,USDJPY-STD,cobra,24433879,H1,SELL,SELL,ENGULFING,0.75,0.29153391041257,0,,,,,,,,,,,,,,,,0.02,0.02,157.849,157.912,157.743,157.774,,,,,,,,158.06861971555475,,,BEARISH_ENGULF,,,1.865992190171395,,BEARISH_ENGULF,False,,,,,,,,,,,,,,
2026-03-09T20:34:14.373566+00:00,EURUSD-STD,cobra,24433879,H1,HOLD,HOLD,NONE,0,0.0023988825576038487,0,,,,,,,,,,,,,,,,0.00015,0.00015,1.16084,1.16191,1.16082,1.1616900000000001,,,,,,,,1.157685038220109,1.1616433333333334,0.3348781418193668,,,,,,none,True,,,,,,,,,,,,,,no_pattern_at_sr
2026-03-09T20:34:14.375209+00:00,XAUUSD-STD,cobra,24433879,H1,HOLD,HOLD,NONE,0,30.86139841709298,0,,,,,,,,,,,,,,,,0.22,0.22,5141.05,5148.01,5134.36,5136.63,,,,,,,,5113.709658976725,5139.5925,0.04787534187633025,,,,,,none,True,,,,,,,,,,,,,,no_pattern_at_sr
2026-03-09T20:34:14.377564+00:00,USOUSD-STD,cobra,24433879,H1,SELL,SELL,ENGULFING,0.75,5.001459686201016,0,,,,,,,,,,,,,,,,0.092,0.092,85.958,88.823,83.878,83.878,,,,,,,,93.70144325496261,,,BEARISH_ENGULF,,,1.8794513181690786,,BEARISH_ENGULF,False,,,,,,,,,,,,,,
2026-03-09T20:35:14.767959+00:00,BTCUSD,cobra,24433879,H1,HOLD,HOLD,NONE,0,670.5673366442333,0,,,,,,,,,,,,,,,,16.99,16.99,68982.44,69135.42,68799.97,68835.13,,,,,,,,67890.49428158479,69491.9,0.768513424138653,,,,,,none,True,,,,,,,,,,,,,,no_pattern_at_sr
2026-03-09T20:35:14.769577+00:00,USDJPY-STD,cobra,24433879,H1,SELL,SELL,ENGULFING,0.75,0.29153391041257,0,,,,,,,,,,,,,,,,0.017,0.017,157.849,157.912,157.743,157.764,,,,,,,,158.06861971555475,,,BEARISH_ENGULF,,,1.865992190171395,,BEARISH_ENGULF,False,,,,,,,,,,,,,,
2026-03-09T20:35:14.772392+00:00,EURUSD-STD,cobra,24433879,H1,HOLD,HOLD,NONE,0,0.0023988825576038487,0,,,,,,,,,,,,,,,,0.00014,0.00014,1.16084,1.16191,1.16082,1.16171,,,,,,,,1.157685038220109,1.1616433333333334,0.3348781418193668,,,,,,none,True,,,,,,,,,,,,,,no_pattern_at_sr
2026-03-09T20:35:14.773979+00:00,XAUUSD-STD,cobra,24433879,H1,HOLD,HOLD,NONE,0,30.86139841709298,0,,,,,,,,,,,,,,,,0.25,0.25,5141.05,5148.01,5134.36,5138.44,,,,,,,,5113.709658976725,5139.5925,0.04787534187633025,,,,,,none,True,,,,,,,,,,,,,,no_pattern_at_sr
2026-03-09T20:35:14.776118+00:00,USOUSD-STD,cobra,24433879,H1,SELL,SELL,ENGULFING,0.75,5.039673971915301,0,,,,,,,,,,,,,,,,0.072,0.072,85.958,88.823,83.343,83.668,,,,,,,,93.70144325496261,,,BEARISH_ENGULF,,,1.8652000213473308,,BEARISH_ENGULF,False,,,,,,,,,,,,,,
2026-03-09T20:36:15.147058+00:00,BTCUSD,cobra,24433879,H1,HOLD,HOLD,NONE,0,670.5673366442333,0,,,,,,,,,,,,,,,,16.96,16.96,68982.44,69135.42,68799.97,68885.1,,,,,,,,67890.49428158479,69491.9,0.768513424138653,,,,,,none,True,,,,,,,,,,,,,,no_pattern_at_sr
2026-03-09T20:36:15.148824+00:00,USDJPY-STD,cobra,24433879,H1,SELL,SELL,ENGULFING,0.75,0.2928910532697132,0,,,,,,,,,,,,,,,,0.017,0.017,157.849,157.912,157.724,157.741,,,,,,,,158.06861971555475,,,BEARISH_ENGULF,,,1.8573459104571282,,BEARISH_ENGULF,False,,,,,,,,,,,,,,
2026-03-09T20:36:15.988878+00:00,EURUSD-STD,cobra,24433879,H1,HOLD,HOLD,NONE,0,0.0023988825576038487,0,,,,,,,,,,,,,,,,0.00014,0.00014,1.16084,1.16191,1.16082,1.16182,,,,,,,,1.157685038220109,1.1616433333333334,0.3348781418193668,,,,,,none,True,,,,,,,,,,,,,,no_pattern_at_sr
2026-03-09T20:36:15.990504+00:00,XAUUSD-STD,cobra,24433879,H1,HOLD,HOLD,NONE,0,30.86139841709298,0,,,,,,,,,,,,,,,,0.23,0.23,5141.05,5148.01,5134.36,5136.29,,,,,,,,5113.709658976725,5139.5925,0.04787534187633025,,,,,,none,True,,,,,,,,,,,,,,no_pattern_at_sr
2026-03-09T20:36:15.994851+00:00,USOUSD-STD,cobra,24433879,H1,SELL,SELL,ENGULFING,0.75,5.050745400486729,0,,,,,,,,,,,,,,,,0.072,0.072,85.958,88.823,83.188,83.558,,,,,,,,93.70144325496261,,,BEARISH_ENGULF,,,1.8611114310165284,,BEARISH_ENGULF,False,,,,,,,,,,,,,,
2026-03-09T20:37:17.175870+00:00,BTCUSD,cobra,24433879,H1,HOLD,HOLD,NONE,0,670.5673366442333,0,,,,,,,,,,,,,,,,17.02,17.02,68982.44,69135.42,68799.97,68847.38,,,,,,,,67890.49428158479,69491.9,0.768513424138653,,,,,,none,True,,,,,,,,,,,,,,no_pattern_at_sr
2026-03-09T20:37:17.177566+00:00,USDJPY-STD,cobra,24433879,H1,SELL,SELL,ENGULFING,0.75,0.2928910532697132,0,,,,,,,,,,,,,,,,0.017,0.017,157.849,157.912,157.724,157.747,,,,,,,,158.06861971555475,,,BEARISH_ENGULF,,,1.8573459104571282,,BEARISH_ENGULF,False,,,,,,,,,,,,,,
2026-03-09T20:37:17.180297+00:00,EURUSD-STD,cobra,24433879,H1,HOLD,HOLD,NONE,0,0.0023988825576038487,0,,,,,,,,,,,,,,,,0.00013,0.00013,1.16084,1.16191,1.16082,1.16162,,,,,,,,1.157685038220109,1.1616433333333334,0.3348781418193668,,,,,,none,True,,,,,,,,,,,,,,no_pattern_at_sr
2026-03-09T20:37:17.181954+00:00,XAUUSD-STD,cobra,24433879,H1,HOLD,HOLD,NONE,0,30.86139841709298,0,,,,,,,,,,,,,,,,0.27,0.27,5141.05,5148.01,5134.36,5136.98,,,,,,,,5113.709658976725,5139.5925,0.04787534187633025,,,,,,none,True,,,,,,,,,,,,,,no_pattern_at_sr
2026-03-09T20:37:17.183675+00:00,USOUSD-STD,cobra,24433879,H1,SELL,SELL,ENGULFING,0.75,5.050745400486729,0,,,,,,,,,,,,,,,,0.072,0.072,85.958,88.823,83.188,83.878,,,,,,,,93.70144325496261,,,BEARISH_ENGULF,,,1.8611114310165284,,BEARISH_ENGULF,False,,,,,,,,,,,,,,
2026-03-09T20:38:17.543996+00:00,BTCUSD,cobra,24433879,H1,HOLD,HOLD,NONE,0,670.5673366442333,0,,,,,,,,,,,,,,,,17.12,17.12,68982.44,69135.42,68799.97,68878.34,,,,,,,,67890.49428158479,69491.9,0.768513424138653,,,,,,none,True,,,,,,,,,,,,,,no_pattern_at_sr
2026-03-09T20:38:17.545948+00:00,USDJPY-STD,cobra,24433879,H1,SELL,SELL,ENGULFING,0.75,0.2928910532697132,0,,,,,,,,,,,,,,,,0.019,0.019,157.849,157.912,157.724,157.746,,,,,,,,158.06861971555475,,,BEARISH_ENGULF,,,1.8573459104571282,,BEARISH_ENGULF,False,,,,,,,,,,,,,,
2026-03-09T20:38:17.549463+00:00,EURUSD-STD,cobra,24433879,H1,HOLD,HOLD,NONE,0,0.0023988825576038487,0,,,,,,,,,,,,,,,,0.00014,0.00014,1.16084,1.16191,1.16082,1.16157,,,,,,,,1.157685038220109,1.1616433333333334,0.3348781418193668,,,,,,none,True,,,,,,,,,,,,,,no_pattern_at_sr
2026-03-09T20:38:17.551221+00:00,XAUUSD-STD,cobra,24433879,H1,HOLD,HOLD,NONE,0,30.86139841709298,0,,,,,,,,,,,,,,,,0.22,0.22,5141.05,5148.01,5134.36,5136.39,,,,,,,,5113.709658976725,5139.5925,0.04787534187633025,,,,,,none,True,,,,,,,,,,,,,,no_pattern_at_sr
2026-03-09T20:38:17.553176+00:00,USOUSD-STD,cobra,24433879,H1,SELL,SELL,ENGULFING,0.75,5.050745400486729,0,,,,,,,,,,,,,,,,0.082,0.082,85.958,88.823,83.188,83.753,,,,,,,,93.70144325496261,,,BEARISH_ENGULF,,,1.8611114310165284,,BEARISH_ENGULF,False,,,,,,,,,,,,,,
2026-03-09T20:39:17.914392+00:00,BTCUSD,cobra,24433879,H1,HOLD,HOLD,NONE,0,670.5673366442333,0,,,,,,,,,,,,,,,,16.98,16.98,68982.44,69135.42,68799.97,68877.5,,,,,,,,67890.49428158479,69491.9,0.768513424138653,,,,,,none,True,,,,,,,,,,,,,,no_pattern_at_sr
2026-03-09T20:39:17.916033+00:00,USDJPY-STD,cobra,24433879,H1,SELL,SELL,ENGULFING,0.75,0.2928910532697132,0,,,,,,,,,,,,,,,,0.023,0.023,157.849,157.912,157.724,157.732,,,,,,,,158.06861971555475,,,BEARISH_ENGULF,,,1.8573459104571282,,BEARISH_ENGULF,False,,,,,,,,,,,,,,
2026-03-09T20:39:17.919767+00:00,EURUSD-STD,cobra,24433879,H1,HOLD,HOLD,NONE,0,0.0023988825576038487,0,,,,,,,,,,,,,,,,0.00013,0.00013,1.16084,1.16191,1.16082,1.16172,,,,,,,,1.157685038220109,1.1616433333333334,0.3348781418193668,,,,,,none,True,,,,,,,,,,,,,,no_pattern_at_sr
2026-03-09T20:39:17.921753+00:00,XAUUSD-STD,cobra,24433879,H1,HOLD,HOLD,NONE,0,30.86139841709298,0,,,,,,,,,,,,,,,,0.24,0.24,5141.05,5148.01,5134.36,5137.27,,,,,,,,5113.709658976725,5139.5925,0.04787534187633025,,,,,,none,True,,,,,,,,,,,,,,no_pattern_at_sr
2026-03-09T20:39:17.924354+00:00,USOUSD-STD,cobra,24433879,H1,SELL,SELL,ENGULFING,0.75,5.050745400486729,0,,,,,,,,,,,,,,,,0.092,0.092,85.958,88.823,83.188,83.723,,,,,,,,93.70144325496261,,,BEARISH_ENGULF,,,1.8611114310165284,,BEARISH_ENGULF,False,,,,,,,,,,,,,,
2026-03-09T20:40:18.321845+00:00,BTCUSD,cobra,24433879,H1,HOLD,HOLD,NONE,0,670.5673366442333,0,,,,,,,,,,,,,,,,17.04,17.04,68982.44,69135.42,68799.97,68860.78,,,,,,,,67890.49428158479,69491.9,0.768513424138653,,,,,,none,True,,,,,,,,,,,,,,no_pattern_at_sr
2026-03-09T20:40:18.324287+00:00,USDJPY-STD,cobra,24433879,H1,SELL,SELL,ENGULFING,0.75,0.2938910532697119,0,,,,,,,,,,,,,,,,0.028,0.028,157.849,157.912,157.71,157.718,,,,,,,,158.06861971555475,,,BEARISH_ENGULF,,,1.8510260654336388,,BEARISH_ENGULF,False,,,,,,,,,,,,,,
2026-03-09T20:40:18.327805+00:00,EURUSD-STD,cobra,24433879,H1,HOLD,HOLD,NONE,0,0.002399596843318139,0,,,,,,,,,,,,,,,,0.00019,0.00019,1.16084,1.16192,1.16082,1.1617899999999999,,,,,,,,1.157685038220109,1.1616433333333334,0.3347784589608084,,,,,,none,True,,,,,,,,,,,,,,no_pattern_at_sr
2026-03-09T20:40:18.330128+00:00,XAUUSD-STD,cobra,24433879,H1,HOLD,HOLD,NONE,0,30.86139841709298,0,,,,,,,,,,,,,,,,0.24,0.24,5141.05,5148.01,5134.36,5136.35,,,,,,,,5113.709658976725,5139.5925,0.04787534187633025,,,,,,none,True,,,,,,,,,,,,,,no_pattern_at_sr
2026-03-09T20:40:18.332599+00:00,USOUSD-STD,cobra,24433879,H1,SELL,SELL,ENGULFING,0.75,5.050745400486729,0,,,,,,,,,,,,,,,,0.092,0.092,85.958,88.823,83.188,84.113,,,,,,,,93.70144325496261,,,BEARISH_ENGULF,,,1.8611114310165284,,BEARISH_ENGULF,False,,,,,,,,,,,,,,
2026-03-09T20:41:18.706312+00:00,BTCUSD,cobra,24433879,H1,HOLD,HOLD,NONE,0,670.5673366442333,0,,,,,,,,,,,,,,,,17.11,17.11,68982.44,69135.42,68799.97,68894.28,,,,,,,,67890.49428158479,69491.9,0.768513424138653,,,,,,none,True,,,,,,,,,,,,,,no_pattern_at_sr
2026-03-09T20:41:18.708011+00:00,USDJPY-STD,cobra,24433879,H1,SELL,SELL,ENGULFING,0.75,0.2940339104125697,0,,,,,,,,,,,,,,,,0.027,0.027,157.849,157.912,157.708,157.717,,,,,,,,158.06861971555475,,,BEARISH_ENGULF,,,1.8501267395882213,,BEARISH_ENGULF,False,,,,,,,,,,,,,,
2026-03-09T20:41:19.535211+00:00,EURUSD-STD,cobra,24433879,H1,HOLD,HOLD,NONE,0,0.0024031682718895597,0,,,,,,,,,,,,,,,,0.00019,0.00019,1.16084,1.16197,1.16082,1.16193,,,,,,,,1.157685038220109,1.1616433333333334,0.3342809335201581,,,,,,none,True,,,,,,,,,,,,,,no_pattern_at_sr
2026-03-09T20:41:19.536928+00:00,XAUUSD-STD,cobra,24433879,H1,HOLD,HOLD,NONE,0,30.86139841709298,0,,,,,,,,,,,,,,,,0.28,0.28,5141.05,5148.01,5134.36,5137.12,,,,,,,,5113.709658976725,5139.5925,0.04787534187633025,,,,,,none,True,,,,,,,,,,,,,,no_pattern_at_sr
2026-03-09T20:41:19.541195+00:00,USOUSD-STD,cobra,24433879,H1,SELL,SELL,ENGULFING,0.75,5.050745400486729,0,,,,,,,,,,,,,,,,0.072,0.072,85.958,88.823,83.188,83.923,,,,,,,,93.70144325496261,,,BEARISH_ENGULF,,,1.8611114310165284,,BEARISH_ENGULF,False,,,,,,,,,,,,,,
2026-03-09T20:42:20.829224+00:00,BTCUSD,cobra,24433879,H1,HOLD,HOLD,NONE,0,670.5673366442333,0,,,,,,,,,,,,,,,,16.95,16.95,68982.44,69135.42,68799.97,68929.85,,,,,,,,67890.49428158479,69491.9,0.768513424138653,,,,,,none,True,,,,,,,,,,,,,,no_pattern_at_sr
2026-03-09T20:42:20.830965+00:00,USDJPY-STD,cobra,24433879,H1,SELL,SELL,ENGULFING,0.75,0.2940339104125697,0,,,,,,,,,,,,,,,,0.026,0.026,157.849,157.912,157.708,157.721,,,,,,,,158.06861971555475,,,BEARISH_ENGULF,,,1.8501267395882213,,BEARISH_ENGULF,False,,,,,,,,,,,,,,
2026-03-09T20:42:20.834688+00:00,EURUSD-STD,cobra,24433879,H1,HOLD,HOLD,NONE,0,0.0024031682718895597,0,,,,,,,,,,,,,,,,0.00018,0.00018,1.16084,1.16197,1.16082,1.16197,,,,,,,,1.157685038220109,1.1616433333333334,0.3342809335201581,,,,,,none,True,,,,,,,,,,,,,,no_pattern_at_sr
2026-03-09T20:42:20.836439+00:00,XAUUSD-STD,cobra,24433879,H1,HOLD,HOLD,NONE,0,30.86139841709298,0,,,,,,,,,,,,,,,,0.27,0.27,5141.05,5148.01,5134.36,5136.58,,,,,,,,5113.709658976725,5139.5925,0.04787534187633025,,,,,,none,True,,,,,,,,,,,,,,no_pattern_at_sr
2026-03-09T20:42:20.838586+00:00,USOUSD-STD,cobra,24433879,H1,SELL,SELL,ENGULFING,0.75,5.050745400486729,0,,,,,,,,,,,,,,,,0.072,0.072,85.958,88.823,83.188,83.908,,,,,,,,93.70144325496261,,,BEARISH_ENGULF,,,1.8611114310165284,,BEARISH_ENGULF,False,,,,,,,,,,,,,,
2026-03-09T20:43:21.200566+00:00,BTCUSD,cobra,24433879,H1,HOLD,HOLD,NONE,0,670.5673366442333,0,,,,,,,,,,,,,,,,17.05,17.05,68982.44,69135.42,68799.97,68898.78,,,,,,,,67890.49428158479,69491.9,0.768513424138653,,,,,,none,True,,,,,,,,,,,,,,no_pattern_at_sr
2026-03-09T20:43:21.202541+00:00,USDJPY-STD,cobra,24433879,H1,SELL,SELL,ENGULFING,0.75,0.2940339104125697,0,,,,,,,,,,,,,,,,0.027,0.027,157.849,157.912,157.708,157.716,,,,,,,,158.06861971555475,,,BEARISH_ENGULF,,,1.8501267395882213,,BEARISH_ENGULF,False,,,,,,,,,,,,,,
2026-03-09T20:43:21.206525+00:00,EURUSD-STD,cobra,24433879,H1,HOLD,HOLD,NONE,0,0.0024110254147467064,0,,,,,,,,,,,,,,,,0.00018,0.00018,1.16084,1.16208,1.16082,1.16202,,,,,,,,1.157685038220109,1.1616433333333334,0.3331915658871901,,,,,,none,True,,,,,,,,,,,,,,no_pattern_at_sr
2026-03-09T20:43:21.208256+00:00,XAUUSD-STD,cobra,24433879,H1,HOLD,HOLD,NONE,0,30.86139841709298,0,,,,,,,,,,,,,,,,0.24,0.24,5141.05,5148.01,5134.36,5136.51,,,,,,,,5113.709658976725,5139.5925,0.04787534187633025,,,,,,none,True,,,,,,,,,,,,,,no_pattern_at_sr
2026-03-09T20:43:21.209961+00:00,USOUSD-STD,cobra,24433879,H1,SELL,SELL,ENGULFING,0.75,5.050745400486729,0,,,,,,,,,,,,,,,,0.092,0.092,85.958,88.823,83.188,83.713,,,,,,,,93.70144325496261,,,BEARISH_ENGULF,,,1.8611114310165284,,BEARISH_ENGULF,False,,,,,,,,,,,,,,
2026-03-09T20:44:21.555244+00:00,BTCUSD,cobra,24433879,H1,HOLD,HOLD,NONE,0,670.5673366442333,0,,,,,,,,,,,,,,,,17.09,17.09,68982.44,69135.42,68799.97,68895.44,,,,,,,,67890.49428158479,69491.9,0.768513424138653,,,,,,none,True,,,,,,,,,,,,,,no_pattern_at_sr
2026-03-09T20:44:21.556852+00:00,USDJPY-STD,cobra,24433879,H1,SELL,SELL,ENGULFING,0.75,0.2951767675554262,0,,,,,,,,,,,,,,,,0.027,0.027,157.849,157.912,157.692,157.694,,,,,,,,158.06861971555475,,,BEARISH_ENGULF,,,1.8429634706865412,,BEARISH_ENGULF,False,,,,,,,,,,,,,,
2026-03-09T20:44:21.559672+00:00,EURUSD-STD,cobra,24433879,H1,HOLD,HOLD,NONE,0,0.0024310254147467104,0,,,,,,,,,,,,,,,,0.00018,0.00018,1.16084,1.16236,1.16082,1.16235,,,,,,,,1.157685038220109,1.1616433333333334,0.3304504051912459,,,,,,none,True,,,,,,,,,,,,,,no_pattern_at_sr
2026-03-09T20:44:21.561264+00:00,XAUUSD-STD,cobra,24433879,H1,HOLD,HOLD,NONE,0,30.86139841709298,0,,,,,,,,,,,,,,,,0.25,0.25,5141.05,5148.01,5134.36,5136.83,,,,,,,,5113.709658976725,5139.5925,0.04787534187633025,,,,,,none,True,,,,,,,,,,,,,,no_pattern_at_sr
2026-03-09T20:44:21.562957+00:00,USOUSD-STD,cobra,24433879,H1,SELL,SELL,ENGULFING,0.75,5.050745400486729,0,,,,,,,,,,,,,,,,0.082,0.082,85.958,88.823,83.188,83.593,,,,,,,,93.70144325496261,,,BEARISH_ENGULF,,,1.8611114310165284,,BEARISH_ENGULF,False,,,,,,,,,,,,,,
2026-03-09T20:45:21.921698+00:00,BTCUSD,cobra,24433879,H1,HOLD,HOLD,NONE,0,670.5673366442333,0,,,,,,,,,,,,,,,,17.1,17.1,68982.44,69135.42,68799.97,68903.73,,,,,,,,67890.49428158479,69491.9,0.768513424138653,,,,,,none,True,,,,,,,,,,,,,,no_pattern_at_sr
2026-03-09T20:45:21.923375+00:00,USDJPY-STD,cobra,24433879,H1,SELL,SELL,ENGULFING,0.75,0.296891053269712,0,,,,,,,,,,,,,,,,0.027,0.027,157.849,157.912,157.668,157.681,,,,,,,,158.06861971555475,,,BEARISH_ENGULF,,,1.8323219713387036,,BEARISH_ENGULF,False,,,,,,,,,,,,,,
2026-03-09T20:45:21.926251+00:00,EURUSD-STD,cobra,24433879,H1,HOLD,HOLD,NONE,0,0.002468168271889557,0,,,,,,,,,,,,,,,,0.00018,0.00018,1.16084,1.16288,1.16082,1.16273,,,,,,,,1.157685038220109,1.1616433333333334,0.3254775383358521,,,,,,none,True,,,,,,,,,,,,,,no_pattern_at_sr
2026-03-09T20:45:21.927782+00:00,XAUUSD-STD,cobra,24433879,H1,HOLD,HOLD,NONE,0,30.86139841709298,0,,,,,,,,,,,,,,,,0.24,0.24,5141.05,5148.01,5134.36,5138.0,,,,,,,,5113.709658976725,5139.5925,0.04787534187633025,,,,,,none,True,,,,,,,,,,,,,,no_pattern_at_sr
2026-03-09T20:45:21.929770+00:00,USOUSD-STD,cobra,24433879,H1,SELL,SELL,ENGULFING,0.75,5.050745400486729,0,,,,,,,,,,,,,,,,0.072,0.072,85.958,88.823,83.188,83.393,,,,,,,,93.70144325496261,,,BEARISH_ENGULF,,,1.8611114310165284,,BEARISH_ENGULF,False,,,,,,,,,,,,,,
2026-03-09T20:46:22.283518+00:00,BTCUSD,cobra,24433879,H1,HOLD,HOLD,NONE,0,670.5673366442333,0,,,,,,,,,,,,,,,,16.95,16.95,68982.44,69135.42,68799.97,68893.25,,,,,,,,67890.49428158479,69491.9,0.768513424138653,,,,,,none,True,,,,,,,,,,,,,,no_pattern_at_sr
2026-03-09T20:46:22.286773+00:00,USDJPY-STD,cobra,24433879,H1,SELL,SELL,ENGULFING,0.75,0.296891053269712,0,,,,,,,,,,,,,,,,0.03,0.03,157.849,157.912,157.668,157.674,,,,,,,,158.06861971555475,,,BEARISH_ENGULF,,,1.8323219713387036,,BEARISH_ENGULF,False,,,,,,,,,,,,,,
2026-03-09T20:46:23.166429+00:00,EURUSD-STD,cobra,24433879,H1,HOLD,HOLD,NONE,0,0.002468168271889557,0,,,,,,,,,,,,,,,,0.00019,0.00019,1.16084,1.16288,1.16082,1.16261,,,,,,,,1.157685038220109,1.1616433333333334,0.3254775383358521,,,,,,none,True,,,,,,,,,,,,,,no_pattern_at_sr
2026-03-09T20:46:23.167906+00:00,XAUUSD-STD,cobra,24433879,H1,HOLD,HOLD,NONE,0,30.86139841709298,0,,,,,,,,,,,,,,,,0.29,0.29,5141.05,5148.01,5134.36,5140.24,,,,,,,,5113.709658976725,5139.5925,0.04787534187633025,,,,,,none,True,,,,,,,,,,,,,,no_pattern_at_sr
2026-03-09T20:46:23.172683+00:00,USOUSD-STD,cobra,24433879,H1,SELL,SELL,ENGULFING,0.75,5.088602543343872,0,,,,,,,,,,,,,,,,0.072,0.072,85.958,88.823,82.658,82.723,,,,,,,,93.70144325496261,,,BEARISH_ENGULF,,,1.8472655154204647,,BEARISH_ENGULF,False,,,,,,,,,,,,,,
2026-03-09T20:47:24.355717+00:00,BTCUSD,cobra,24433879,H1,HOLD,HOLD,NONE,0,670.5673366442333,0,,,,,,,,,,,,,,,,17.09,17.09,68982.44,69135.42,68799.97,68850.43,,,,,,,,67890.49428158479,69491.9,0.768513424138653,,,,,,none,True,,,,,,,,,,,,,,no_pattern_at_sr
2026-03-09T20:47:24.357411+00:00,USDJPY-STD,cobra,24433879,H1,SELL,SELL,ENGULFING,0.75,0.296891053269712,0,,,,,,,,,,,,,,,,0.028,0.028,157.849,157.912,157.668,157.693,,,,,,,,158.06861971555475,,,BEARISH_ENGULF,,,1.8323219713387036,,BEARISH_ENGULF,False,,,,,,,,,,,,,,
2026-03-09T20:47:24.360432+00:00,EURUSD-STD,cobra,24433879,H1,HOLD,HOLD,NONE,0,0.002468168271889557,0,,,,,,,,,,,,,,,,0.00019,0.00019,1.16084,1.16288,1.16082,1.16248,,,,,,,,1.157685038220109,1.1616433333333334,0.3254775383358521,,,,,,none,True,,,,,,,,,,,,,,no_pattern_at_sr
2026-03-09T20:47:24.362291+00:00,XAUUSD-STD,cobra,24433879,H1,HOLD,HOLD,NONE,0,30.86139841709298,0,,,,,,,,,,,,,,,,0.22,0.22,5141.05,5148.01,5134.36,5138.1,,,,,,,,5113.709658976725,5139.5925,0.04787534187633025,,,,,,none,True,,,,,,,,,,,,,,no_pattern_at_sr
2026-03-09T20:47:24.366530+00:00,USOUSD-STD,cobra,24433879,H1,SELL,SELL,ENGULFING,0.75,5.088602543343872,0,,,,,,,,,,,,,,,,0.072,0.072,85.958,88.823,82.658,84.108,,,,,,,,93.70144325496261,,,BEARISH_ENGULF,,,1.8472655154204647,,BEARISH_ENGULF,False,,,,,,,,,,,,,,
2026-03-09T20:48:24.731251+00:00,BTCUSD,cobra,24433879,H1,HOLD,HOLD,NONE,0,672.242336644233,0,,,,,,,,,,,,,,,,17.03,17.03,68982.44,69135.42,68776.52,68791.27,,,,,,,,67890.49428158479,69491.9,0.766598549226344,,,,,,none,True,,,,,,,,,,,,,,no_pattern_at_sr
2026-03-09T20:48:24.732901+00:00,USDJPY-STD,cobra,24433879,H1,SELL,SELL,ENGULFING,0.75,0.296891053269712,0,,,,,,,,,,,,,,,,0.029,0.029,157.849,157.912,157.668,157.691,,,,,,,,158.06861971555475,,,BEARISH_ENGULF,,,1.8323219713387036,,BEARISH_ENGULF,False,,,,,,,,,,,,,,
2026-03-09T20:48:24.735816+00:00,EURUSD-STD,cobra,24433879,H1,HOLD,HOLD,NONE,0,0.002468168271889557,0,,,,,,,,,,,,,,,,0.00018,0.00018,1.16084,1.16288,1.16082,1.1626400000000001,,,,,,,,1.157685038220109,1.1616433333333334,0.3254775383358521,,,,,,none,True,,,,,,,,,,,,,,no_pattern_at_sr
2026-03-09T20:48:24.737501+00:00,XAUUSD-STD,cobra,24433879,H1,HOLD,HOLD,NONE,0,30.86139841709298,0,,,,,,,,,,,,,,,,0.24,0.24,5141.05,5148.01,5134.36,5138.59,,,,,,,,5113.709658976725,5139.5925,0.04787534187633025,,,,,,none,True,,,,,,,,,,,,,,no_pattern_at_sr
2026-03-09T20:48:24.739317+00:00,USOUSD-STD,cobra,24433879,H1,SELL,SELL,ENGULFING,0.75,5.088602543343872,0,,,,,,,,,,,,,,,,0.072,0.072,85.958,88.823,82.658,83.918,,,,,,,,93.70144325496261,,,BEARISH_ENGULF,,,1.8472655154204647,,BEARISH_ENGULF,False,,,,,,,,,,,,,,
2026-03-09T20:49:25.133024+00:00,BTCUSD,cobra,24433879,H1,HOLD,HOLD,NONE,0,672.242336644233,0,,,,,,,,,,,,,,,,17.07,17.07,68982.44,69135.42,68776.52,68853.58,,,,,,,,67890.49428158479,69491.9,0.766598549226344,,,,,,none,True,,,,,,,,,,,,,,no_pattern_at_sr
2026-03-09T20:49:25.135015+00:00,USDJPY-STD,cobra,24433879,H1,SELL,SELL,ENGULFING,0.75,0.296891053269712,0,,,,,,,,,,,,,,,,0.026,0.026,157.849,157.912,157.668,157.671,,,,,,,,158.06861971555475,,,BEARISH_ENGULF,,,1.8323219713387036,,BEARISH_ENGULF,False,,,,,,,,,,,,,,
2026-03-09T20:49:25.137980+00:00,EURUSD-STD,cobra,24433879,H1,HOLD,HOLD,NONE,0,0.002468168271889557,0,,,,,,,,,,,,,,,,0.00019,0.00019,1.16084,1.16288,1.16082,1.16271,,,,,,,,1.157685038220109,1.1616433333333334,0.3254775383358521,,,,,,none,True,,,,,,,,,,,,,,no_pattern_at_sr
2026-03-09T20:49:25.139640+00:00,XAUUSD-STD,cobra,24433879,H1,HOLD,HOLD,NONE,0,30.86139841709298,0,,,,,,,,,,,,,,,,0.28,0.28,5141.05,5148.01,5134.36,5138.64,,,,,,,,5113.709658976725,5139.5925,0.04787534187633025,,,,,,none,True,,,,,,,,,,,,,,no_pattern_at_sr
2026-03-09T20:49:25.142078+00:00,USOUSD-STD,cobra,24433879,H1,SELL,SELL,ENGULFING,0.75,5.088602543343872,0,,,,,,,,,,,,,,,,0.072,0.072,85.958,88.823,82.658,83.733,,,,,,,,93.70144325496261,,,BEARISH_ENGULF,,,1.8472655154204647,,BEARISH_ENGULF,False,,,,,,,,,,,,,,
2026-03-09T20:50:25.489672+00:00,BTCUSD,cobra,24433879,H1,HOLD,HOLD,NONE,0,672.242336644233,0,,,,,,,,,,,,,,,,17.0,17.0,68982.44,69135.42,68776.52,68811.25,,,,,,,,67890.49428158479,69491.9,0.766598549226344,,,,,,none,True,,,,,,,,,,,,,,no_pattern_at_sr
2026-03-09T20:50:25.492776+00:00,USDJPY-STD,cobra,24433879,H1,SELL,SELL,ENGULFING,0.75,0.2977481961268549,0,,,,,,,,,,,,,,,,0.031,0.031,157.849,157.912,157.656,157.666,,,,,,,,158.06861971555475,,,BEARISH_ENGULF,,,1.8270471730018907,,BEARISH_ENGULF,False,,,,,,,,,,,,,,
2026-03-09T20:50:25.498181+00:00,EURUSD-STD,cobra,24433879,H1,HOLD,HOLD,NONE,0,0.0024724539861752837,0,,,,,,,,,,,,,,,,0.00018,0.00018,1.16084,1.16294,1.16082,1.16294,,,,,,,,1.157685038220109,1.1616433333333334,0.32491336050138936,,,,,,none,True,,,,,,,,,,,,,,no_pattern_at_sr
2026-03-09T20:50:25.501273+00:00,XAUUSD-STD,cobra,24433879,H1,HOLD,HOLD,NONE,0,30.86139841709298,0,,,,,,,,,,,,,,,,0.23,0.23,5141.05,5148.01,5134.36,5138.16,,,,,,,,5113.709658976725,5139.5925,0.04787534187633025,,,,,,none,True,,,,,,,,,,,,,,no_pattern_at_sr
2026-03-09T20:50:25.503837+00:00,USOUSD-STD,cobra,24433879,H1,SELL,SELL,ENGULFING,0.75,5.088602543343872,0,,,,,,,,,,,,,,,,0.072,0.072,85.958,88.823,82.658,84.078,,,,,,,,93.70144325496261,,,BEARISH_ENGULF,,,1.8472655154204647,,BEARISH_ENGULF,False,,,,,,,,,,,,,,
2026-03-09T20:51:25.872845+00:00,BTCUSD,cobra,24433879,H1,HOLD,HOLD,NONE,0,672.242336644233,0,,,,,,,,,,,,,,,,17.08,17.08,68982.44,69135.42,68776.52,68793.13,,,,,,,,67890.49428158479,69491.9,0.766598549226344,,,,,,none,True,,,,,,,,,,,,,,no_pattern_at_sr
2026-03-09T20:51:25.874539+00:00,USDJPY-STD,cobra,24433879,H1,SELL,SELL,ENGULFING,0.75,0.2977481961268549,0,,,,,,,,,,,,,,,,0.032,0.032,157.849,157.912,157.656,157.66,,,,,,,,158.06861971555475,,,BEARISH_ENGULF,,,1.8270471730018907,,BEARISH_ENGULF,False,,,,,,,,,,,,,,
2026-03-09T20:51:26.664830+00:00,EURUSD-STD,cobra,24433879,H1,HOLD,HOLD,NONE,0,0.002473168271889558,0,,,,,,,,,,,,,,,,0.00019,0.00019,1.16084,1.16295,1.16082,1.1629,,,,,,,,1.157685038220109,1.1616433333333334,0.324819520961872,,,,,,none,True,,,,,,,,,,,,,,no_pattern_at_sr
2026-03-09T20:51:26.666467+00:00,XAUUSD-STD,cobra,24433879,H1,HOLD,HOLD,NONE,0,30.86139841709298,0,,,,,,,,,,,,,,,,0.27,0.27,5141.05,5148.01,5134.36,5137.68,,,,,,,,5113.709658976725,5139.5925,0.04787534187633025,,,,,,none,True,,,,,,,,,,,,,,no_pattern_at_sr
2026-03-09T20:51:26.670289+00:00,USOUSD-STD,cobra,24433879,H1,SELL,SELL,ENGULFING,0.75,5.088602543343872,0,,,,,,,,,,,,,,,,0.072,0.072,85.958,88.823,82.658,84.018,,,,,,,,93.70144325496261,,,BEARISH_ENGULF,,,1.8472655154204647,,BEARISH_ENGULF,False,,,,,,,,,,,,,,
2026-03-09T20:52:27.887792+00:00,BTCUSD,cobra,24433879,H1,HOLD,HOLD,NONE,0,674.6344795013762,0,,,,,,,,,,,,,,,,16.97,16.97,68982.44,69135.42,68743.03,68745.7,,,,,,,,67890.49428158479,69491.9,0.7638803169101073,,,,,,none,True,,,,,,,,,,,,,,no_pattern_at_sr
2026-03-09T20:52:27.916485+00:00,USDJPY-STD,cobra,24433879,H1,SELL,SELL,ENGULFING,0.75,0.298462481841142,0,,,,,,,,,,,,,,,,0.031,0.031,157.849,157.912,157.646,157.647,,,,,,,,158.06861971555475,,,BEARISH_ENGULF,,,1.8226746512465481,,BEARISH_ENGULF,False,,,,,,,,,,,,,,
2026-03-09T20:52:27.936783+00:00,EURUSD-STD,cobra,24433879,H1,HOLD,HOLD,NONE,0,0.002473168271889558,0,,,,,,,,,,,,,,,,0.00018,0.00018,1.16084,1.16295,1.16082,1.16286,,,,,,,,1.157685038220109,1.1616433333333334,0.324819520961872,,,,,,none,True,,,,,,,,,,,,,,no_pattern_at_sr
2026-03-09T20:52:27.938553+00:00,XAUUSD-STD,cobra,24433879,H1,HOLD,HOLD,NONE,0,30.86139841709298,0,,,,,,,,,,,,,,,,0.27,0.27,5141.05,5148.01,5134.36,5138.37,,,,,,,,5113.709658976725,5139.5925,0.04787534187633025,,,,,,none,True,,,,,,,,,,,,,,no_pattern_at_sr
2026-03-09T20:52:27.961093+00:00,USOUSD-STD,cobra,24433879,H1,SELL,SELL,ENGULFING,0.75,5.088602543343872,0,,,,,,,,,,,,,,,,0.072,0.072,85.958,88.823,82.658,84.343,,,,,,,,93.70144325496261,,,BEARISH_ENGULF,,,1.8472655154204647,,BEARISH_ENGULF,False,,,,,,,,,,,,,,
2026-03-09T20:53:28.703103+00:00,BTCUSD,cobra,24433879,H1,HOLD,HOLD,NONE,0,674.6344795013762,0,,,,,,,,,,,,,,,,17.07,17.07,68982.44,69135.42,68743.03,68818.73,,,,,,,,67890.49428158479,69491.9,0.7638803169101073,,,,,,none,True,,,,,,,,,,,,,,no_pattern_at_sr
2026-03-09T20:53:28.708627+00:00,USDJPY-STD,cobra,24433879,H1,SELL,SELL,ENGULFING,0.75,0.298462481841142,0,,,,,,,,,,,,,,,,0.03,0.03,157.849,157.912,157.646,157.662,,,,,,,,158.06861971555475,,,BEARISH_ENGULF,,,1.8226746512465481,,BEARISH_ENGULF,False,,,,,,,,,,,,,,
2026-03-09T20:53:28.722327+00:00,EURUSD-STD,cobra,24433879,H1,HOLD,HOLD,NONE,0,0.002473168271889558,0,,,,,,,,,,,,,,,,0.00018,0.00018,1.16084,1.16295,1.16082,1.1629,,,,,,,,1.157685038220109,1.1616433333333334,0.324819520961872,,,,,,none,True,,,,,,,,,,,,,,no_pattern_at_sr
2026-03-09T20:53:28.724232+00:00,XAUUSD-STD,cobra,24433879,H1,HOLD,HOLD,NONE,0,30.86139841709298,0,,,,,,,,,,,,,,,,0.27,0.27,5141.05,5148.01,5134.36,5138.21,,,,,,,,5113.709658976725,5139.5925,0.04787534187633025,,,,,,none,True,,,,,,,,,,,,,,no_pattern_at_sr
2026-03-09T20:53:28.738731+00:00,USOUSD-STD,cobra,24433879,H1,SELL,SELL,ENGULFING,0.75,5.088602543343872,0,,,,,,,,,,,,,,,,0.072,0.072,85.958,88.823,82.658,84.813,,,,,,,,93.70144325496261,,,BEARISH_ENGULF,,,1.8472655154204647,,BEARISH_ENGULF,False,,,,,,,,,,,,,,
2026-03-09T20:54:29.449675+00:00,BTCUSD,cobra,24433879,H1,HOLD,HOLD,NONE,0,674.6344795013762,0,,,,,,,,,,,,,,,,17.03,17.03,68982.44,69135.42,68743.03,68898.73,,,,,,,,67890.49428158479,69491.9,0.7638803169101073,,,,,,none,True,,,,,,,,,,,,,,no_pattern_at_sr
2026-03-09T20:54:29.465557+00:00,USDJPY-STD,cobra,24433879,H1,SELL,SELL,ENGULFING,0.75,0.298462481841142,0,,,,,,,,,,,,,,,,0.031,0.031,157.849,157.912,157.646,157.664,,,,,,,,158.06861971555475,,,BEARISH_ENGULF,,,1.8226746512465481,,BEARISH_ENGULF,False,,,,,,,,,,,,,,
2026-03-09T20:54:29.479631+00:00,EURUSD-STD,cobra,24433879,H1,HOLD,HOLD,NONE,0,0.002473168271889558,0,,,,,,,,,,,,,,,,0.00019,0.00019,1.16084,1.16295,1.16082,1.16282,,,,,,,,1.157685038220109,1.1616433333333334,0.324819520961872,,,,,,none,True,,,,,,,,,,,,,,no_pattern_at_sr
2026-03-09T20:54:29.481902+00:00,XAUUSD-STD,cobra,24433879,H1,HOLD,HOLD,NONE,0,30.86139841709298,0,,,,,,,,,,,,,,,,0.28,0.28,5141.05,5148.01,5134.36,5135.66,,,,,,,,5113.709658976725,5139.5925,0.04787534187633025,,,,,,none,True,,,,,,,,,,,,,,no_pattern_at_sr
2026-03-09T20:54:29.484310+00:00,USOUSD-STD,cobra,24433879,H1,SELL,SELL,ENGULFING,0.75,5.088602543343872,0,,,,,,,,,,,,,,,,0.072,0.072,85.958,88.823,82.658,84.673,,,,,,,,93.70144325496261,,,BEARISH_ENGULF,,,1.8472655154204647,,BEARISH_ENGULF,False,,,,,,,,,,,,,,
2026-03-09T20:55:30.126917+00:00,BTCUSD,cobra,24433879,H1,HOLD,HOLD,NONE,0,674.6344795013762,0,,,,,,,,,,,,,,,,16.96,16.96,68982.44,69135.42,68743.03,68909.49,,,,,,,,67890.49428158479,69491.9,0.7638803169101073,,,,,,none,True,,,,,,,,,,,,,,no_pattern_at_sr
2026-03-09T20:55:30.128691+00:00,USDJPY-STD,cobra,24433879,H1,SELL,SELL,ENGULFING,0.75,0.2986767675554267,0,,,,,,,,,,,,,,,,0.038,0.038,157.849,157.912,157.643,157.647,,,,,,,,158.06861971555475,,,BEARISH_ENGULF,,,1.8213669729066904,,BEARISH_ENGULF,False,,,,,,,,,,,,,,
2026-03-09T20:55:30.131550+00:00,EURUSD-STD,cobra,24433879,H1,HOLD,HOLD,NONE,0,0.0024803111290324143,0,,,,,,,,,,,,,,,,0.00025,0.00025,1.16084,1.16305,1.16082,1.1629800000000001,,,,,,,,1.157685038220109,1.1616433333333334,0.3238840982206344,,,,,,none,True,,,,,,,,,,,,,,no_pattern_at_sr
2026-03-09T20:55:30.133241+00:00,XAUUSD-STD,cobra,24433879,H1,HOLD,HOLD,NONE,0,30.872112702807236,0,,,,,,,,,,,,,,,,0.27,0.27,5141.05,5148.01,5134.21,5135.67,,,,,,,,5113.709658976725,5139.5925,0.047858726554390066,,,,,,none,True,,,,,,,,,,,,,,no_pattern_at_sr
2026-03-09T20:55:30.135150+00:00,USOUSD-STD,cobra,24433879,H1,SELL,SELL,ENGULFING,0.75,5.088602543343872,0,,,,,,,,,,,,,,,,0.072,0.072,85.958,88.823,82.658,84.483,,,,,,,,93.70144325496261,,,BEARISH_ENGULF,,,1.8472655154204647,,BEARISH_ENGULF,False,,,,,,,,,,,,,,
2026-03-09T20:56:30.468785+00:00,BTCUSD,cobra,24433879,H1,HOLD,HOLD,NONE,0,674.6344795013762,0,,,,,,,,,,,,,,,,17.08,17.08,68982.44,69135.42,68743.03,68941.23,,,,,,,,67890.49428158479,69491.9,0.7638803169101073,,,,,,none,True,,,,,,,,,,,,,,no_pattern_at_sr
2026-03-09T20:56:30.470654+00:00,USDJPY-STD,cobra,24433879,H1,SELL,SELL,ENGULFING,0.75,0.29881962469828455,0,,,,,,,,,,,,,,,,0.036,0.036,157.849,157.912,157.641,157.646,,,,,,,,158.06861971555475,,,BEARISH_ENGULF,,,1.820496229286328,,BEARISH_ENGULF,False,,,,,,,,,,,,,,
2026-03-09T20:56:31.299108+00:00,EURUSD-STD,cobra,24433879,H1,HOLD,HOLD,NONE,0,0.0024938825576038526,0,,,,,,,,,,,,,,,,0.00026,0.00026,1.16084,1.16324,1.16082,1.16319,,,,,,,,1.157685038220109,1.1616433333333334,0.32212155736199455,,,,,,none,True,,,,,,,,,,,,,,no_pattern_at_sr
2026-03-09T20:56:31.300826+00:00,XAUUSD-STD,cobra,24433879,H1,HOLD,HOLD,NONE,0,30.872112702807236,0,,,,,,,,,,,,,,,,0.28,0.28,5141.05,5148.01,5134.21,5135.21,,,,,,,,5113.709658976725,5139.5925,0.047858726554390066,,,,,,none,True,,,,,,,,,,,,,,no_pattern_at_sr
2026-03-09T20:56:31.305340+00:00,USOUSD-STD,cobra,24433879,H1,SELL,SELL,ENGULFING,0.75,5.088602543343872,0,,,,,,,,,,,,,,,,0.072,0.072,85.958,88.823,82.658,84.638,,,,,,,,93.70144325496261,,,BEARISH_ENGULF,,,1.8472655154204647,,BEARISH_ENGULF,False,,,,,,,,,,,,,,
2026-03-09T20:57:32.528080+00:00,BTCUSD,cobra,24433879,H1,HOLD,HOLD,NONE,0,674.6344795013762,0,,,,,,,,,,,,,,,,17.0,17.0,68982.44,69135.42,68743.03,68958.79,,,,,,,,67890.49428158479,69491.9,0.7638803169101073,,,,,,none,True,,,,,,,,,,,,,,no_pattern_at_sr
2026-03-09T20:57:32.529746+00:00,USDJPY-STD,cobra,24433879,H1,SELL,SELL,ENGULFING,0.75,0.2998196246982832,0,,,,,,,,,,,,,,,,0.029,0.029,157.849,157.912,157.627,157.634,,,,,,,,158.06861971555475,,,BEARISH_ENGULF,,,1.8144242577430512,,BEARISH_ENGULF,False,,,,,,,,,,,,,,
2026-03-09T20:57:32.532702+00:00,EURUSD-STD,cobra,24433879,H1,HOLD,HOLD,NONE,0,0.0025117397004609855,0,,,,,,,,,,,,,,,,0.00021,0.00021,1.16084,1.16349,1.16082,1.16347,,,,,,,,1.157685038220109,1.1616433333333334,0.3198314431968525,,,,,,none,True,,,,,,,,,,,,,,no_pattern_at_sr
2026-03-09T20:57:32.534334+00:00,XAUUSD-STD,cobra,24433879,H1,HOLD,HOLD,NONE,0,30.872112702807236,0,,,,,,,,,,,,,,,,0.28,0.28,5141.05,5148.01,5134.21,5138.22,,,,,,,,5113.709658976725,5139.5925,0.047858726554390066,,,,,,none,True,,,,,,,,,,,,,,no_pattern_at_sr
2026-03-09T20:57:32.535977+00:00,USOUSD-STD,cobra,24433879,H1,SELL,SELL,ENGULFING,0.75,5.088602543343872,0,,,,,,,,,,,,,,,,0.072,0.072,85.958,88.823,82.658,84.628,,,,,,,,93.70144325496261,,,BEARISH_ENGULF,,,1.8472655154204647,,BEARISH_ENGULF,False,,,,,,,,,,,,,,
2026-03-09T20:58:32.869797+00:00,BTCUSD,cobra,24433879,H1,HOLD,HOLD,NONE,0,674.6344795013762,0,,,,,,,,,,,,,,,,16.98,16.98,68982.44,69135.42,68743.03,69001.83,,,,,,,,67890.49428158479,69491.9,0.7638803169101073,,,,,,none,True,,,,,,,,,,,,,,no_pattern_at_sr
2026-03-09T20:58:32.871530+00:00,USDJPY-STD,cobra,24433879,H1,SELL,SELL,ENGULFING,0.75,0.2998196246982832,0,,,,,,,,,,,,,,,,0.03,0.03,157.849,157.912,157.627,157.632,,,,,,,,158.06861971555475,,,BEARISH_ENGULF,,,1.8144242577430512,,BEARISH_ENGULF,False,,,,,,,,,,,,,,
2026-03-09T20:58:32.874427+00:00,EURUSD-STD,cobra,24433879,H1,HOLD,HOLD,NONE,0,0.0025188825576038577,0,,,,,,,,,,,,,,,,0.00021,0.00021,1.16084,1.1635900000000001,1.16082,1.16347,,,,,,,,1.157685038220109,1.1616433333333334,0.3189244893169833,,,,,,none,True,,,,,,,,,,,,,,no_pattern_at_sr
2026-03-09T20:58:32.876501+00:00,XAUUSD-STD,cobra,24433879,H1,HOLD,HOLD,NONE,0,30.872112702807236,0,,,,,,,,,,,,,,,,0.27,0.27,5141.05,5148.01,5134.21,5137.36,,,,,,,,5113.709658976725,5139.5925,0.047858726554390066,,,,,,none,True,,,,,,,,,,,,,,no_pattern_at_sr
2026-03-09T20:58:32.878136+00:00,USOUSD-STD,cobra,24433879,H1,SELL,SELL,ENGULFING,0.75,5.088602543343872,0,,,,,,,,,,,,,,,,0.072,0.072,85.958,88.823,82.658,84.818,,,,,,,,93.70144325496261,,,BEARISH_ENGULF,,,1.8472655154204647,,BEARISH_ENGULF,False,,,,,,,,,,,,,,
2026-03-09T20:59:33.247797+00:00,BTCUSD,cobra,24433879,H1,HOLD,HOLD,NONE,0,674.6344795013762,0,,,,,,,,,,,,,,,,17.01,17.01,68982.44,69135.42,68743.03,68969.01,,,,,,,,67890.49428158479,69491.9,0.7638803169101073,,,,,,none,True,,,,,,,,,,,,,,no_pattern_at_sr
2026-03-09T20:59:33.249435+00:00,USDJPY-STD,cobra,24433879,H1,SELL,SELL,ENGULFING,0.75,0.2998196246982832,0,,,,,,,,,,,,,,,,0.03,0.03,157.849,157.912,157.627,157.632,,,,,,,,158.06861971555475,,,BEARISH_ENGULF,,,1.8144242577430512,,BEARISH_ENGULF,False,,,,,,,,,,,,,,
2026-03-09T20:59:33.257934+00:00,EURUSD-STD,cobra,24433879,H1,HOLD,HOLD,NONE,0,0.0025188825576038577,0,,,,,,,,,,,,,,,,0.00021,0.00021,1.16084,1.1635900000000001,1.16082,1.16347,,,,,,,,1.157685038220109,1.1616433333333334,0.3189244893169833,,,,,,none,True,,,,,,,,,,,,,,no_pattern_at_sr
2026-03-09T20:59:33.261077+00:00,XAUUSD-STD,cobra,24433879,H1,HOLD,HOLD,NONE,0,30.872112702807236,0,,,,,,,,,,,,,,,,0.27,0.27,5141.05,5148.01,5134.21,5137.36,,,,,,,,5113.709658976725,5139.5925,0.047858726554390066,,,,,,none,True,,,,,,,,,,,,,,no_pattern_at_sr
2026-03-09T20:59:33.262605+00:00,USOUSD-STD,cobra,24433879,H1,SELL,SELL,ENGULFING,0.75,5.088602543343872,0,,,,,,,,,,,,,,,,0.112,0.112,85.958,88.823,82.658,84.983,,,,,,,,93.70144325496261,,,BEARISH_ENGULF,,,1.8472655154204647,,BEARISH_ENGULF,False,,,,,,,,,,,,,,
2026-03-09T21:00:33.648050+00:00,BTCUSD,cobra,24433879,H1,HOLD,HOLD,NONE,0,633.04771921753,0,,,,,,,,,,,,,,,,16.99,16.99,68942.23,69020.86,68928.44,69008.98,,,,,,,,67931.85795423506,69491.9,0.8673753704992282,,,,,,none,True,,,,,,,,,,,,,,no_pattern_at_sr
2026-03-09T21:00:33.648454+00:00,USDJPY-STD,cobra,24433879,H1,OUTSIDE_HOURS,OUTSIDE_HOURS,NONE,0,0.2834753593502251,0,,,,,,,,,,,,,,,,0.096,0.096,157.656,157.696,157.625,157.625,,,,,,,,,,,,,,,,,,,,,,,,,,,,,,,
2026-03-09T21:00:33.648958+00:00,EURUSD-STD,cobra,24433879,H1,OUTSIDE_HOURS,OUTSIDE_HOURS,NONE,0,0.002362533736300651,0,,,,,,,,,,,,,,,,0.00057,0.00057,1.16339,1.16339,1.16314,1.16332,,,,,,,,,,,,,,,,,,,,,,,,,,,,,,,
2026-03-09T21:00:33.650271+00:00,XAUUSD-STD,cobra,24433879,H1,OUTSIDE_HOURS,OUTSIDE_HOURS,NONE,0,30.872112702807236,0,,,,,,,,,,,,,,,,0.27,0.27,5141.05,5148.01,5134.21,5137.36,,,,,,,,,,,,,,,,,,,,,,,,,,,,,,,
2026-03-09T21:00:33.651806+00:00,USOUSD-STD,cobra,24433879,H1,OUTSIDE_HOURS,OUTSIDE_HOURS,NONE,0,5.088602543343872,0,,,,,,,,,,,,,,,,0.092,0.092,85.958,88.823,82.658,85.113,,,,,,,,,,,,,,,,,,,,,,,,,,,,,,,
2026-03-09T21:01:34.012465+00:00,BTCUSD,cobra,24433879,H1,HOLD,HOLD,NONE,0,634.7612906461019,0,,,,,,,,,,,,,,,,17.09,17.09,68942.23,69044.85,68928.44,69030.23,,,,,,,,67931.85795423506,69491.9,0.8650338451500351,,,,,,none,True,,,,,,,,,,,,,,no_pattern_at_sr
2026-03-09T21:02:34.375268+00:00,BTCUSD,cobra,24433879,H1,HOLD,HOLD,NONE,0,635.9298620746733,0,,,,,,,,,,,,,,,,16.96,16.96,68942.23,69061.21,68928.44,69061.09,,,,,,,,67931.85795423506,69491.9,0.8634442770286517,,,,,,none,True,,,,,,,,,,,,,,no_pattern_at_sr
2026-03-09T21:03:34.756295+00:00,BTCUSD,cobra,24433879,H1,HOLD,HOLD,NONE,0,635.9298620746733,0,,,,,,,,,,,,,,,,16.98,16.98,68942.23,69061.21,68928.44,69047.4,,,,,,,,67931.85795423506,69491.9,0.8634442770286517,,,,,,none,True,,,,,,,,,,,,,,no_pattern_at_sr
2026-03-09T21:04:35.094143+00:00,BTCUSD,cobra,24433879,H1,HOLD,HOLD,NONE,0,638.0234335032446,0,,,,,,,,,,,,,,,,17.11,17.11,68942.23,69090.52,68928.44,69090.43,,,,,,,,67931.85795423506,69491.9,0.8606110233053127,,,,,,none,True,,,,,,,,,,,,,,no_pattern_at_sr
2026-03-09T21:05:35.496216+00:00,BTCUSD,cobra,24433879,H1,HOLD,HOLD,NONE,0,638.0234335032446,0,,,,,,,,,,,,,,,,17.01,17.01,68942.23,69090.52,68928.44,69067.11,,,,,,,,67931.85795423506,69491.9,0.8606110233053127,,,,,,none,True,,,,,,,,,,,,,,no_pattern_at_sr
2026-03-09T21:06:35.834955+00:00,BTCUSD,cobra,24433879,H1,HOLD,HOLD,NONE,0,638.0234335032446,0,,,,,,,,,,,,,,,,16.97,16.97,68942.23,69090.52,68928.44,69048.94,,,,,,,,67931.85795423506,69491.9,0.8606110233053127,,,,,,none,True,,,,,,,,,,,,,,no_pattern_at_sr
2026-03-09T21:07:36.196107+00:00,BTCUSD,cobra,24433879,H1,HOLD,HOLD,NONE,0,638.0234335032446,0,,,,,,,,,,,,,,,,17.08,17.08,68942.23,69090.52,68928.44,69082.0,,,,,,,,67931.85795423506,69491.9,0.8606110233053127,,,,,,none,True,,,,,,,,,,,,,,no_pattern_at_sr
2026-03-09T21:08:36.658329+00:00,BTCUSD,cobra,24433879,H1,HOLD,HOLD,NONE,0,638.0234335032446,0,,,,,,,,,,,,,,,,16.99,16.99,68942.23,69090.52,68928.44,69071.6,,,,,,,,67931.85795423506,69491.9,0.8606110233053127,,,,,,none,True,,,,,,,,,,,,,,no_pattern_at_sr
2026-03-09T21:09:37.059777+00:00,BTCUSD,cobra,24433879,H1,HOLD,HOLD,NONE,0,638.0234335032446,0,,,,,,,,,,,,,,,,17.06,17.06,68942.23,69090.52,68928.44,69025.51,,,,,,,,67931.85795423506,69491.9,0.8606110233053127,,,,,,none,True,,,,,,,,,,,,,,no_pattern_at_sr
2026-03-09T21:10:37.442226+00:00,BTCUSD,cobra,24433879,H1,HOLD,HOLD,NONE,0,638.0234335032446,0,,,,,,,,,,,,,,,,17.07,17.07,68942.23,69090.52,68928.44,69016.44,,,,,,,,67931.85795423506,69491.9,0.8606110233053127,,,,,,none,True,,,,,,,,,,,,,,no_pattern_at_sr
2026-03-09T21:10:37.442767+00:00,USDJPY-STD,cobra,24433879,H1,OUTSIDE_HOURS,OUTSIDE_HOURS,NONE,0,0.2834753593502251,0,,,,,,,,,,,,,,,,0.082,0.082,157.656,157.696,157.625,157.649,,,,,,,,,,,,,,,,,,,,,,,,,,,,,,,
2026-03-09T21:10:37.443283+00:00,EURUSD-STD,cobra,24433879,H1,OUTSIDE_HOURS,OUTSIDE_HOURS,NONE,0,0.0023646765934435066,0,,,,,,,,,,,,,,,,0.00053,0.00053,1.16339,1.16346,1.16311,1.16329,,,,,,,,,,,,,,,,,,,,,,,,,,,,,,,
2026-03-09T21:10:37.443847+00:00,XAUUSD-STD,cobra,24433879,H1,OUTSIDE_HOURS,OUTSIDE_HOURS,NONE,0,30.872112702807236,0,,,,,,,,,,,,,,,,0.27,0.27,5141.05,5148.01,5134.21,5137.36,,,,,,,,,,,,,,,,,,,,,,,,,,,,,,,
2026-03-09T21:10:37.444354+00:00,USOUSD-STD,cobra,24433879,H1,OUTSIDE_HOURS,OUTSIDE_HOURS,NONE,0,5.088602543343872,0,,,,,,,,,,,,,,,,0.092,0.092,85.958,88.823,82.658,85.113,,,,,,,,,,,,,,,,,,,,,,,,,,,,,,,
2026-03-09T21:11:37.819481+00:00,BTCUSD,cobra,24433879,H1,HOLD,HOLD,NONE,0,638.0234335032446,0,,,,,,,,,,,,,,,,17.07,17.07,68942.23,69090.52,68928.44,69025.88,,,,,,,,67931.85795423506,69491.9,0.8606110233053127,,,,,,none,True,,,,,,,,,,,,,,no_pattern_at_sr
2026-03-09T21:12:38.199660+00:00,BTCUSD,cobra,24433879,H1,HOLD,HOLD,NONE,0,638.0234335032446,0,,,,,,,,,,,,,,,,17.0,17.0,68942.23,69090.52,68928.44,68988.89,,,,,,,,67931.85795423506,69491.9,0.8606110233053127,,,,,,none,True,,,,,,,,,,,,,,no_pattern_at_sr
2026-03-09T21:13:38.528738+00:00,BTCUSD,cobra,24433879,H1,HOLD,HOLD,NONE,0,638.0234335032446,0,,,,,,,,,,,,,,,,16.94,16.94,68942.23,69090.52,68928.44,68993.43,,,,,,,,67931.85795423506,69491.9,0.8606110233053127,,,,,,none,True,,,,,,,,,,,,,,no_pattern_at_sr
2026-03-09T21:14:38.889989+00:00,BTCUSD,cobra,24433879,H1,HOLD,HOLD,NONE,0,638.0234335032446,0,,,,,,,,,,,,,,,,17.02,17.02,68942.23,69090.52,68928.44,69020.67,,,,,,,,67931.85795423506,69491.9,0.8606110233053127,,,,,,none,True,,,,,,,,,,,,,,no_pattern_at_sr
2026-03-09T21:15:39.242681+00:00,BTCUSD,cobra,24433879,H1,HOLD,HOLD,NONE,0,638.0234335032446,0,,,,,,,,,,,,,,,,17.01,17.01,68942.23,69090.52,68928.44,69013.09,,,,,,,,67931.85795423506,69491.9,0.8606110233053127,,,,,,none,True,,,,,,,,,,,,,,no_pattern_at_sr
2026-03-09T21:16:39.583254+00:00,BTCUSD,cobra,24433879,H1,HOLD,HOLD,NONE,0,638.0234335032446,0,,,,,,,,,,,,,,,,17.09,17.09,68942.23,69090.52,68928.44,69009.08,,,,,,,,67931.85795423506,69491.9,0.8606110233053127,,,,,,none,True,,,,,,,,,,,,,,no_pattern_at_sr
2026-03-09T21:17:39.914640+00:00,BTCUSD,cobra,24433879,H1,HOLD,HOLD,NONE,0,638.0234335032446,0,,,,,,,,,,,,,,,,16.95,16.95,68942.23,69090.52,68928.44,68971.74,,,,,,,,67931.85795423506,69491.9,0.8606110233053127,,,,,,none,True,,,,,,,,,,,,,,no_pattern_at_sr
2026-03-09T21:18:40.277121+00:00,BTCUSD,cobra,24433879,H1,HOLD,HOLD,NONE,0,638.0234335032446,0,,,,,,,,,,,,,,,,17.11,17.11,68942.23,69090.52,68928.44,69001.33,,,,,,,,67931.85795423506,69491.9,0.8606110233053127,,,,,,none,True,,,,,,,,,,,,,,no_pattern_at_sr
2026-03-09T21:19:40.619500+00:00,BTCUSD,cobra,24433879,H1,HOLD,HOLD,NONE,0,638.0234335032446,0,,,,,,,,,,,,,,,,16.96,16.96,68942.23,69090.52,68928.44,68956.03,,,,,,,,67931.85795423506,69491.9,0.8606110233053127,,,,,,none,True,,,,,,,,,,,,,,no_pattern_at_sr
2026-03-09T21:20:40.968806+00:00,BTCUSD,cobra,24433879,H1,HOLD,HOLD,NONE,0,638.8112906461016,0,,,,,,,,,,,,,,,,17.08,17.08,68942.23,69090.52,68917.41,68953.42,,,,,,,,67931.85795423506,69491.9,0.8595496166710518,,,,,,none,True,,,,,,,,,,,,,,no_pattern_at_sr
2026-03-09T21:20:40.969201+00:00,USDJPY-STD,cobra,24433879,H1,OUTSIDE_HOURS,OUTSIDE_HOURS,NONE,0,0.2841182164930813,0,,,,,,,,,,,,,,,,0.082,0.082,157.656,157.696,157.616,157.65,,,,,,,,,,,,,,,,,,,,,,,,,,,,,,,
2026-03-09T21:20:40.969687+00:00,EURUSD-STD,cobra,24433879,H1,OUTSIDE_HOURS,OUTSIDE_HOURS,NONE,0,0.0023646765934435066,0,,,,,,,,,,,,,,,,0.00037,0.00037,1.16339,1.16346,1.16311,1.16331,,,,,,,,,,,,,,,,,,,,,,,,,,,,,,,
2026-03-09T21:20:40.970450+00:00,XAUUSD-STD,cobra,24433879,H1,OUTSIDE_HOURS,OUTSIDE_HOURS,NONE,0,30.872112702807236,0,,,,,,,,,,,,,,,,0.27,0.27,5141.05,5148.01,5134.21,5137.36,,,,,,,,,,,,,,,,,,,,,,,,,,,,,,,
2026-03-09T21:20:40.971690+00:00,USOUSD-STD,cobra,24433879,H1,OUTSIDE_HOURS,OUTSIDE_HOURS,NONE,0,5.088602543343872,0,,,,,,,,,,,,,,,,0.092,0.092,85.958,88.823,82.658,85.113,,,,,,,,,,,,,,,,,,,,,,,,,,,,,,,
2026-03-09T21:21:41.332163+00:00,BTCUSD,cobra,24433879,H1,HOLD,HOLD,NONE,0,638.8112906461016,0,,,,,,,,,,,,,,,,16.95,16.95,68942.23,69090.52,68917.41,68921.25,,,,,,,,67931.85795423506,69491.9,0.8595496166710518,,,,,,none,True,,,,,,,,,,,,,,no_pattern_at_sr
2026-03-09T21:22:41.720969+00:00,BTCUSD,cobra,24433879,H1,HOLD,HOLD,NONE,0,645.4191477889594,0,,,,,,,,,,,,,,,,16.98,16.98,68942.23,69090.52,68824.9,68847.27,,,,,,,,67931.85795423506,69491.9,0.8507494732392711,,,,,,none,True,,,,,,,,,,,,,,no_pattern_at_sr
2026-03-09T21:23:42.055253+00:00,BTCUSD,cobra,24433879,H1,HOLD,HOLD,NONE,0,645.509862074673,0,,,,,,,,,,,,,,,,16.97,16.97,68942.23,69090.52,68823.63,68825.75,,,,,,,,67931.85795423506,69491.9,0.8506299163814749,,,,,,none,True,,,,,,,,,,,,,,no_pattern_at_sr
2026-03-09T21:24:42.441461+00:00,BTCUSD,cobra,24433879,H1,HOLD,HOLD,NONE,0,645.509862074673,0,,,,,,,,,,,,,,,,17.07,17.07,68942.23,69090.52,68823.63,68874.33,,,,,,,,67931.85795423506,69491.9,0.8506299163814749,,,,,,none,True,,,,,,,,,,,,,,no_pattern_at_sr
2026-03-09T21:25:42.827836+00:00,BTCUSD,cobra,24433879,H1,HOLD,HOLD,NONE,0,645.509862074673,0,,,,,,,,,,,,,,,,17.09,17.09,68942.23,69090.52,68823.63,68874.87,,,,,,,,67931.85795423506,69491.9,0.8506299163814749,,,,,,none,True,,,,,,,,,,,,,,no_pattern_at_sr
2026-03-09T21:26:43.201304+00:00,BTCUSD,cobra,24433879,H1,HOLD,HOLD,NONE,0,646.1191477889587,0,,,,,,,,,,,,,,,,17.07,17.07,68942.23,69090.52,68815.1,68824.18,,,,,,,,67931.85795423506,69491.9,0.8498277784817256,,,,,,none,True,,,,,,,,,,,,,,no_pattern_at_sr
2026-03-09T21:27:43.543748+00:00,BTCUSD,cobra,24433879,H1,HOLD,HOLD,NONE,0,646.1191477889587,0,,,,,,,,,,,,,,,,17.05,17.05,68942.23,69090.52,68815.1,68862.32,,,,,,,,67931.85795423506,69491.9,0.8498277784817256,,,,,,none,True,,,,,,,,,,,,,,no_pattern_at_sr
2026-03-09T21:28:43.888011+00:00,BTCUSD,cobra,24433879,H1,HOLD,HOLD,NONE,0,646.1191477889587,0,,,,,,,,,,,,,,,,17.05,17.05,68942.23,69090.52,68815.1,68882.88,,,,,,,,67931.85795423506,69491.9,0.8498277784817256,,,,,,none,True,,,,,,,,,,,,,,no_pattern_at_sr
2026-03-09T21:29:44.298364+00:00,BTCUSD,cobra,24433879,H1,HOLD,HOLD,NONE,0,646.1191477889587,0,,,,,,,,,,,,,,,,16.97,16.97,68942.23,69090.52,68815.1,68831.34,,,,,,,,67931.85795423506,69491.9,0.8498277784817256,,,,,,none,True,,,,,,,,,,,,,,no_pattern_at_sr
2026-03-09T21:30:45.072418+00:00,BTCUSD,cobra,24433879,H1,HOLD,HOLD,NONE,0,647.5241477889596,0,,,,,,,,,,,,,,,,17.01,17.01,68942.23,69090.52,68795.43,68852.42,,,,,,,,67931.85795423506,69491.9,0.8479838194064623,,,,,,none,True,,,,,,,,,,,,,,no_pattern_at_sr
2026-03-09T21:30:45.072981+00:00,USDJPY-STD,cobra,24433879,H1,OUTSIDE_HOURS,OUTSIDE_HOURS,NONE,0,0.2841182164930813,0,,,,,,,,,,,,,,,,0.082,0.082,157.656,157.696,157.616,157.662,,,,,,,,,,,,,,,,,,,,,,,,,,,,,,,
2026-03-09T21:30:45.087996+00:00,EURUSD-STD,cobra,24433879,H1,OUTSIDE_HOURS,OUTSIDE_HOURS,NONE,0,0.0023646765934435066,0,,,,,,,,,,,,,,,,0.00035,0.00035,1.16339,1.16346,1.16311,1.16327,,,,,,,,,,,,,,,,,,,,,,,,,,,,,,,
2026-03-09T21:30:45.103556+00:00,XAUUSD-STD,cobra,24433879,H1,OUTSIDE_HOURS,OUTSIDE_HOURS,NONE,0,30.872112702807236,0,,,,,,,,,,,,,,,,0.27,0.27,5141.05,5148.01,5134.21,5137.36,,,,,,,,,,,,,,,,,,,,,,,,,,,,,,,
2026-03-09T21:30:45.113167+00:00,USOUSD-STD,cobra,24433879,H1,OUTSIDE_HOURS,OUTSIDE_HOURS,NONE,0,5.088602543343872,0,,,,,,,,,,,,,,,,0.092,0.092,85.958,88.823,82.658,85.113,,,,,,,,,,,,,,,,,,,,,,,,,,,,,,,
2026-03-09T21:31:45.964934+00:00,BTCUSD,cobra,24433879,H1,HOLD,HOLD,NONE,0,647.5241477889596,0,,,,,,,,,,,,,,,,17.11,17.11,68942.23,69090.52,68795.43,68885.05,,,,,,,,67931.85795423506,69491.9,0.8479838194064623,,,,,,none,True,,,,,,,,,,,,,,no_pattern_at_sr
2026-03-09T21:32:46.307453+00:00,BTCUSD,cobra,24433879,H1,HOLD,HOLD,NONE,0,647.5241477889596,0,,,,,,,,,,,,,,,,17.11,17.11,68942.23,69090.52,68795.43,68898.27,,,,,,,,67931.85795423506,69491.9,0.8479838194064623,,,,,,none,True,,,,,,,,,,,,,,no_pattern_at_sr
2026-03-09T21:33:46.656987+00:00,BTCUSD,cobra,24433879,H1,HOLD,HOLD,NONE,0,647.5241477889596,0,,,,,,,,,,,,,,,,17.05,17.05,68942.23,69090.52,68795.43,68894.41,,,,,,,,67931.85795423506,69491.9,0.8479838194064623,,,,,,none,True,,,,,,,,,,,,,,no_pattern_at_sr
2026-03-09T21:34:47.439272+00:00,BTCUSD,cobra,24433879,H1,HOLD,HOLD,NONE,0,647.5241477889596,0,,,,,,,,,,,,,,,,16.97,16.97,68942.23,69090.52,68795.43,68955.69,,,,,,,,67931.85795423506,69491.9,0.8479838194064623,,,,,,none,True,,,,,,,,,,,,,,no_pattern_at_sr
2026-03-09T21:35:48.151108+00:00,BTCUSD,cobra,24433879,H1,HOLD,HOLD,NONE,0,647.5241477889596,0,,,,,,,,,,,,,,,,17.0,17.0,68942.23,69090.52,68795.43,68896.91,,,,,,,,67931.85795423506,69491.9,0.8479838194064623,,,,,,none,True,,,,,,,,,,,,,,no_pattern_at_sr
2026-03-09T21:36:48.648423+00:00,BTCUSD,cobra,24433879,H1,HOLD,HOLD,NONE,0,647.5241477889596,0,,,,,,,,,,,,,,,,16.97,16.97,68942.23,69090.52,68795.43,68918.93,,,,,,,,67931.85795423506,69491.9,0.8479838194064623,,,,,,none,True,,,,,,,,,,,,,,no_pattern_at_sr
2026-03-09T21:37:49.470194+00:00,BTCUSD,cobra,24433879,H1,HOLD,HOLD,NONE,0,647.5241477889596,0,,,,,,,,,,,,,,,,17.04,17.04,68942.23,69090.52,68795.43,68885.81,,,,,,,,67931.85795423506,69491.9,0.8479838194064623,,,,,,none,True,,,,,,,,,,,,,,no_pattern_at_sr
2026-03-09T21:38:50.428046+00:00,BTCUSD,cobra,24433879,H1,HOLD,HOLD,NONE,0,647.5241477889596,0,,,,,,,,,,,,,,,,16.96,16.96,68942.23,69090.52,68795.43,68859.88,,,,,,,,67931.85795423506,69491.9,0.8479838194064623,,,,,,none,True,,,,,,,,,,,,,,no_pattern_at_sr
2026-03-09T21:39:51.218994+00:00,BTCUSD,cobra,24433879,H1,HOLD,HOLD,NONE,0,647.5241477889596,0,,,,,,,,,,,,,,,,16.97,16.97,68942.23,69090.52,68795.43,68891.04,,,,,,,,67931.85795423506,69491.9,0.8479838194064623,,,,,,none,True,,,,,,,,,,,,,,no_pattern_at_sr
2026-03-09T21:40:52.169375+00:00,BTCUSD,cobra,24433879,H1,HOLD,HOLD,NONE,0,657.7562906461025,0,,,,,,,,,,,,,,,,17.06,17.06,68942.23,69090.52,68652.18,68738.24,,,,,,,,67931.85795423506,69491.9,0.8347924722401895,,,,,,none,True,,,,,,,,,,,,,,no_pattern_at_sr
2026-03-09T21:40:52.170062+00:00,USDJPY-STD,cobra,24433879,H1,OUTSIDE_HOURS,OUTSIDE_HOURS,NONE,0,0.28511821649308194,0,,,,,,,,,,,,,,,,0.082,0.082,157.656,157.71,157.616,157.686,,,,,,,,,,,,,,,,,,,,,,,,,,,,,,,
2026-03-09T21:40:52.189834+00:00,EURUSD-STD,cobra,24433879,H1,OUTSIDE_HOURS,OUTSIDE_HOURS,NONE,0,0.002366105164872087,0,,,,,,,,,,,,,,,,0.00036,0.00036,1.16339,1.16346,1.16309,1.1633499999999999,,,,,,,,,,,,,,,,,,,,,,,,,,,,,,,
2026-03-09T21:40:52.211458+00:00,XAUUSD-STD,cobra,24433879,H1,OUTSIDE_HOURS,OUTSIDE_HOURS,NONE,0,30.872112702807236,0,,,,,,,,,,,,,,,,0.27,0.27,5141.05,5148.01,5134.21,5137.36,,,,,,,,,,,,,,,,,,,,,,,,,,,,,,,
2026-03-09T21:40:52.221545+00:00,USOUSD-STD,cobra,24433879,H1,OUTSIDE_HOURS,OUTSIDE_HOURS,NONE,0,5.088602543343872,0,,,,,,,,,,,,,,,,0.092,0.092,85.958,88.823,82.658,85.113,,,,,,,,,,,,,,,,,,,,,,,,,,,,,,,
2026-03-09T21:41:53.144837+00:00,BTCUSD,cobra,24433879,H1,HOLD,HOLD,NONE,0,657.7562906461025,0,,,,,,,,,,,,,,,,17.03,17.03,68942.23,69090.52,68652.18,68829.52,,,,,,,,67931.85795423506,69491.9,0.8347924722401895,,,,,,none,True,,,,,,,,,,,,,,no_pattern_at_sr
2026-03-09T21:42:53.478318+00:00,BTCUSD,cobra,24433879,H1,HOLD,HOLD,NONE,0,657.7562906461025,0,,,,,,,,,,,,,,,,17.03,17.03,68942.23,69090.52,68652.18,68949.59,,,,,,,,67931.85795423506,69491.9,0.8347924722401895,,,,,,none,True,,,,,,,,,,,,,,no_pattern_at_sr
2026-03-09T21:43:53.902664+00:00,BTCUSD,cobra,24433879,H1,HOLD,HOLD,NONE,0,657.7562906461025,0,,,,,,,,,,,,,,,,17.01,17.01,68942.23,69090.52,68652.18,68925.05,,,,,,,,67931.85795423506,69491.9,0.8347924722401895,,,,,,none,True,,,,,,,,,,,,,,no_pattern_at_sr
2026-03-09T21:44:54.253800+00:00,BTCUSD,cobra,24433879,H1,HOLD,HOLD,NONE,0,657.7562906461025,0,,,,,,,,,,,,,,,,17.12,17.12,68942.23,69090.52,68652.18,68950.87,,,,,,,,67931.85795423506,69491.9,0.8347924722401895,,,,,,none,True,,,,,,,,,,,,,,no_pattern_at_sr
2026-03-09T21:45:54.973610+00:00,BTCUSD,cobra,24433879,H1,HOLD,HOLD,NONE,0,657.7562906461025,0,,,,,,,,,,,,,,,,16.98,16.98,68942.23,69090.52,68652.18,68963.48,,,,,,,,67931.85795423506,69491.9,0.8347924722401895,,,,,,none,True,,,,,,,,,,,,,,no_pattern_at_sr
2026-03-09T21:46:56.072402+00:00,BTCUSD,cobra,24433879,H1,HOLD,HOLD,NONE,0,657.7562906461025,0,,,,,,,,,,,,,,,,17.02,17.02,68942.23,69090.52,68652.18,68893.24,,,,,,,,67931.85795423506,69491.9,0.8347924722401895,,,,,,none,True,,,,,,,,,,,,,,no_pattern_at_sr
2026-03-09T21:47:56.563609+00:00,BTCUSD,cobra,24433879,H1,HOLD,HOLD,NONE,0,657.7562906461025,0,,,,,,,,,,,,,,,,17.09,17.09,68942.23,69090.52,68652.18,68915.91,,,,,,,,67931.85795423506,69491.9,0.8347924722401895,,,,,,none,True,,,,,,,,,,,,,,no_pattern_at_sr
2026-03-09T21:48:56.964145+00:00,BTCUSD,cobra,24433879,H1,HOLD,HOLD,NONE,0,657.7562906461025,0,,,,,,,,,,,,,,,,17.07,17.07,68942.23,69090.52,68652.18,68934.92,,,,,,,,67931.85795423506,69491.9,0.8347924722401895,,,,,,none,True,,,,,,,,,,,,,,no_pattern_at_sr
2026-03-09T21:49:57.487709+00:00,BTCUSD,cobra,24433879,H1,HOLD,HOLD,NONE,0,657.7562906461025,0,,,,,,,,,,,,,,,,17.01,17.01,68942.23,69090.52,68652.18,68951.31,,,,,,,,67931.85795423506,69491.9,0.8347924722401895,,,,,,none,True,,,,,,,,,,,,,,no_pattern_at_sr
2026-03-09T21:50:58.345363+00:00,BTCUSD,cobra,24433879,H1,HOLD,HOLD,NONE,0,657.7562906461025,0,,,,,,,,,,,,,,,,17.01,17.01,68942.23,69090.52,68652.18,68964.2,,,,,,,,67931.85795423506,69491.9,0.8347924722401895,,,,,,none,True,,,,,,,,,,,,,,no_pattern_at_sr
2026-03-09T21:50:58.346023+00:00,USDJPY-STD,cobra,24433879,H1,OUTSIDE_HOURS,OUTSIDE_HOURS,NONE,0,0.28511821649308194,0,,,,,,,,,,,,,,,,0.082,0.082,157.656,157.71,157.616,157.679,,,,,,,,,,,,,,,,,,,,,,,,,,,,,,,
2026-03-09T21:50:58.365421+00:00,EURUSD-STD,cobra,24433879,H1,OUTSIDE_HOURS,OUTSIDE_HOURS,NONE,0,0.002366105164872087,0,,,,,,,,,,,,,,,,0.00036,0.00036,1.16339,1.16346,1.16309,1.16324,,,,,,,,,,,,,,,,,,,,,,,,,,,,,,,
2026-03-09T21:50:58.373217+00:00,XAUUSD-STD,cobra,24433879,H1,OUTSIDE_HOURS,OUTSIDE_HOURS,NONE,0,30.872112702807236,0,,,,,,,,,,,,,,,,0.27,0.27,5141.05,5148.01,5134.21,5137.36,,,,,,,,,,,,,,,,,,,,,,,,,,,,,,,
2026-03-09T21:50:58.410211+00:00,USOUSD-STD,cobra,24433879,H1,OUTSIDE_HOURS,OUTSIDE_HOURS,NONE,0,5.088602543343872,0,,,,,,,,,,,,,,,,0.092,0.092,85.958,88.823,82.658,85.113,,,,,,,,,,,,,,,,,,,,,,,,,,,,,,,
2026-03-09T21:51:59.225587+00:00,BTCUSD,cobra,24433879,H1,HOLD,HOLD,NONE,0,657.7562906461025,0,,,,,,,,,,,,,,,,17.08,17.08,68942.23,69090.52,68652.18,68941.1,,,,,,,,67931.85795423506,69491.9,0.8347924722401895,,,,,,none,True,,,,,,,,,,,,,,no_pattern_at_sr
2026-03-09T21:52:59.936627+00:00,BTCUSD,cobra,24433879,H1,HOLD,HOLD,NONE,0,657.7562906461025,0,,,,,,,,,,,,,,,,16.99,16.99,68942.23,69090.52,68652.18,68977.95,,,,,,,,67931.85795423506,69491.9,0.8347924722401895,,,,,,none,True,,,,,,,,,,,,,,no_pattern_at_sr
2026-03-09T21:54:00.657328+00:00,BTCUSD,cobra,24433879,H1,HOLD,HOLD,NONE,0,657.7562906461025,0,,,,,,,,,,,,,,,,16.99,16.99,68942.23,69090.52,68652.18,68948.97,,,,,,,,67931.85795423506,69491.9,0.8347924722401895,,,,,,none,True,,,,,,,,,,,,,,no_pattern_at_sr
2026-03-09T21:55:01.449285+00:00,BTCUSD,cobra,24433879,H1,HOLD,HOLD,NONE,0,657.7562906461025,0,,,,,,,,,,,,,,,,17.06,17.06,68942.23,69090.52,68652.18,68913.75,,,,,,,,67931.85795423506,69491.9,0.8347924722401895,,,,,,none,True,,,,,,,,,,,,,,no_pattern_at_sr
2026-03-09T21:56:01.835413+00:00,BTCUSD,cobra,24433879,H1,HOLD,HOLD,NONE,0,657.7562906461025,0,,,,,,,,,,,,,,,,16.95,16.95,68942.23,69090.52,68652.18,68925.31,,,,,,,,67931.85795423506,69491.9,0.8347924722401895,,,,,,none,True,,,,,,,,,,,,,,no_pattern_at_sr
2026-03-09T21:57:02.375331+00:00,BTCUSD,cobra,24433879,H1,HOLD,HOLD,NONE,0,657.7562906461025,0,,,,,,,,,,,,,,,,17.11,17.11,68942.23,69090.52,68652.18,68957.82,,,,,,,,67931.85795423506,69491.9,0.8347924722401895,,,,,,none,True,,,,,,,,,,,,,,no_pattern_at_sr
2026-03-09T21:58:02.723609+00:00,BTCUSD,cobra,24433879,H1,HOLD,HOLD,NONE,0,657.7562906461025,0,,,,,,,,,,,,,,,,17.09,17.09,68942.23,69090.52,68652.18,68984.15,,,,,,,,67931.85795423506,69491.9,0.8347924722401895,,,,,,none,True,,,,,,,,,,,,,,no_pattern_at_sr
2026-03-09T21:59:03.081544+00:00,BTCUSD,cobra,24433879,H1,HOLD,HOLD,NONE,0,657.7562906461025,0,,,,,,,,,,,,,,,,17.06,17.06,68942.23,69090.52,68652.18,69005.9,,,,,,,,67931.85795423506,69491.9,0.8347924722401895,,,,,,none,True,,,,,,,,,,,,,,no_pattern_at_sr
2026-03-09T22:00:03.515687+00:00,BTCUSD,cobra,24433879,H1,HOLD,HOLD,NONE,0,619.7822942893745,0,,,,,,,,,,,,,,,,17.05,17.05,68910.55,69023.14,68897.02,69023.14,,,,,,,,67970.26512171909,68438.70999999999,0.7640102086861472,,,,,,none,True,,,,,,,,,,,,,,no_pattern_at_sr
2026-03-09T22:01:04.390488+00:00,BTCUSD,cobra,24433879,H1,HOLD,HOLD,NONE,0,620.2487228608029,0,,,,,,,,,,,,,,,,17.07,17.07,68910.55,69029.67,68897.02,69007.72,,,,,,,,67970.26512171909,68438.70999999999,0.7634356711223284,,,,,,none,True,,,,,,,,,,,,,,no_pattern_at_sr
2026-03-09T22:01:04.391942+00:00,USDJPY-STD,cobra,24433879,H1,OUTSIDE_HOURS,OUTSIDE_HOURS,NONE,0,0.26796691737885736,0,,,,,,,,,,,,,,,,0.016,0.016,157.644,157.666,157.621,157.642,,,,,,,,,,,,,,,,,,,,,,,,,,,,,,,
2026-03-09T22:01:04.422405+00:00,EURUSD-STD,cobra,24433879,H1,OUTSIDE_HOURS,OUTSIDE_HOURS,NONE,0,0.0022430670396032305,0,,,,,,,,,,,,,,,,0.0004,0.0004,1.16341,1.16385,1.16329,1.16381,,,,,,,,,,,,,,,,,,,,,,,,,,,,,,,
2026-03-09T22:01:04.439698+00:00,XAUUSD-STD,cobra,24433879,H1,OUTSIDE_HOURS,OUTSIDE_HOURS,NONE,0,29.5576766408567,0,,,,,,,,,,,,,,,,0.3,0.3,5140.04,5149.83,5138.98,5149.11,,,,,,,,,,,,,,,,,,,,,,,,,,,,,,,
2026-03-09T22:01:04.460752+00:00,USOUSD-STD,cobra,24433879,H1,OUTSIDE_HOURS,OUTSIDE_HOURS,NONE,0,5.088602543343872,0,,,,,,,,,,,,,,,,0.092,0.092,85.958,88.823,82.658,85.113,,,,,,,,,,,,,,,,,,,,,,,,,,,,,,,
2026-03-09T22:02:05.653214+00:00,BTCUSD,cobra,24433879,H1,HOLD,HOLD,NONE,0,620.2487228608029,0,,,,,,,,,,,,,,,,17.1,17.1,68910.55,69029.67,68897.02,68984.01,,,,,,,,67970.26512171909,68438.70999999999,0.7634356711223284,,,,,,none,True,,,,,,,,,,,,,,no_pattern_at_sr
2026-03-09T22:03:06.001695+00:00,BTCUSD,cobra,24433879,H1,HOLD,HOLD,NONE,0,620.2487228608029,0,,,,,,,,,,,,,,,,17.07,17.07,68910.55,69029.67,68897.02,68951.26,,,,,,,,67970.26512171909,68438.70999999999,0.7634356711223284,,,,,,none,True,,,,,,,,,,,,,,no_pattern_at_sr
2026-03-09T22:04:06.411117+00:00,BTCUSD,cobra,24433879,H1,HOLD,HOLD,NONE,0,627.8065800036599,0,,,,,,,,,,,,,,,,17.12,17.12,68910.55,69029.67,68791.21,68791.21,,,,,,,,67970.26512171909,68438.70999999999,0.754245041517793,,,,,,none,True,,,,,,,,,,,,,,no_pattern_at_sr
2026-03-09T22:05:06.812106+00:00,BTCUSD,cobra,24433879,H1,HOLD,HOLD,NONE,0,629.209437146517,0,,,,,,,,,,,,,,,,16.99,16.99,68910.55,69029.67,68771.57,68797.22,,,,,,,,67970.26512171909,68438.70999999999,0.7525634105989112,,,,,,none,True,,,,,,,,,,,,,,no_pattern_at_sr
2026-03-09T22:06:07.574702+00:00,BTCUSD,cobra,24433879,H1,HOLD,HOLD,NONE,0,629.209437146517,0,,,,,,,,,,,,,,,,17.03,17.03,68910.55,69029.67,68771.57,68816.3,,,,,,,,67970.26512171909,68438.70999999999,0.7525634105989112,,,,,,none,True,,,,,,,,,,,,,,no_pattern_at_sr
2026-03-09T22:07:08.351310+00:00,BTCUSD,cobra,24433879,H1,HOLD,HOLD,NONE,0,629.209437146517,0,,,,,,,,,,,,,,,,17.08,17.08,68910.55,69029.67,68771.57,68860.63,,,,,,,,67970.26512171909,68438.70999999999,0.7525634105989112,,,,,,none,True,,,,,,,,,,,,,,no_pattern_at_sr
2026-03-09T22:08:08.696594+00:00,BTCUSD,cobra,24433879,H1,HOLD,HOLD,NONE,0,629.209437146517,0,,,,,,,,,,,,,,,,17.04,17.04,68910.55,69029.67,68771.57,68823.55,,,,,,,,67970.26512171909,68438.70999999999,0.7525634105989112,,,,,,none,True,,,,,,,,,,,,,,no_pattern_at_sr
2026-03-09T22:09:09.041739+00:00,BTCUSD,cobra,24433879,H1,HOLD,HOLD,NONE,0,629.9051514322317,0,,,,,,,,,,,,,,,,16.97,16.97,68910.55,69029.67,68761.83,68781.35,,,,,,,,67970.26512171909,68438.70999999999,0.7517322233725972,,,,,,none,True,,,,,,,,,,,,,,no_pattern_at_sr
2026-03-09T22:10:09.445774+00:00,BTCUSD,cobra,24433879,H1,HOLD,HOLD,NONE,0,632.1544371465178,0,,,,,,,,,,,,,,,,17.1,17.1,68910.55,69029.67,68730.34,68730.34,,,,,,,,67970.26512171909,68438.70999999999,0.7490574647192642,,,,,,none,True,,,,,,,,,,,,,,no_pattern_at_sr
2026-03-09T22:11:10.181656+00:00,BTCUSD,cobra,24433879,H1,HOLD,HOLD,NONE,0,633.6487228608033,0,,,,,,,,,,,,,,,,16.95,16.95,68910.55,69029.67,68709.42,68715.5,,,,,,,,67970.26512171909,68438.70999999999,0.7472910193240057,,,,,,none,True,,,,,,,,,,,,,,no_pattern_at_sr
2026-03-09T22:11:10.182340+00:00,USDJPY-STD,cobra,24433879,H1,OUTSIDE_HOURS,OUTSIDE_HOURS,NONE,0,0.2706097745217149,0,,,,,,,,,,,,,,,,0.017,0.017,157.644,157.702,157.62,157.678,,,,,,,,,,,,,,,,,,,,,,,,,,,,,,,
2026-03-09T22:11:10.200413+00:00,EURUSD-STD,cobra,24433879,H1,OUTSIDE_HOURS,OUTSIDE_HOURS,NONE,0,0.0022773527538889316,0,,,,,,,,,,,,,,,,0.00013,0.00013,1.16341,1.1641,1.16306,1.16383,,,,,,,,,,,,,,,,,,,,,,,,,,,,,,,
2026-03-09T22:11:10.217290+00:00,XAUUSD-STD,cobra,24433879,H1,OUTSIDE_HOURS,OUTSIDE_HOURS,NONE,0,30.718390926570923,0,,,,,,,,,,,,,,,,0.3,0.3,5140.04,5149.99,5121.27,5135.0,,,,,,,,,,,,,,,,,,,,,,,,,,,,,,,
2026-03-09T22:11:10.242944+00:00,USOUSD-STD,cobra,24433879,H1,OUTSIDE_HOURS,OUTSIDE_HOURS,NONE,0,4.932630938151258,0,,,,,,,,,,,,,,,,0.072,0.072,85.692,87.951,85.046,87.072,,,,,,,,,,,,,,,,,,,,,,,,,,,,,,,
2026-03-09T22:12:11.008794+00:00,BTCUSD,cobra,24433879,H1,HOLD,HOLD,NONE,0,636.5901514322314,0,,,,,,,,,,,,,,,,17.04,17.04,68910.55,69029.67,68668.24,68688.3,,,,,,,,67970.26512171909,68438.70999999999,0.7438380863019256,,,,,,none,True,,,,,,,,,,,,,,no_pattern_at_sr
2026-03-09T22:13:11.362205+00:00,BTCUSD,cobra,24433879,H1,HOLD,HOLD,NONE,0,636.5901514322314,0,,,,,,,,,,,,,,,,17.08,17.08,68910.55,69029.67,68668.24,68723.29,,,,,,,,67970.26512171909,68438.70999999999,0.7438380863019256,,,,,,none,True,,,,,,,,,,,,,,no_pattern_at_sr
2026-03-09T22:14:11.717641+00:00,BTCUSD,cobra,24433879,H1,HOLD,HOLD,NONE,0,636.5901514322314,0,,,,,,,,,,,,,,,,17.05,17.05,68910.55,69029.67,68668.24,68735.55,,,,,,,,67970.26512171909,68438.70999999999,0.7438380863019256,,,,,,none,True,,,,,,,,,,,,,,no_pattern_at_sr
2026-03-09T22:15:12.128754+00:00,BTCUSD,cobra,24433879,H1,HOLD,HOLD,NONE,0,636.5901514322314,0,,,,,,,,,,,,,,,,17.0,17.0,68910.55,69029.67,68668.24,68777.47,,,,,,,,67970.26512171909,68438.70999999999,0.7438380863019256,,,,,,none,True,,,,,,,,,,,,,,no_pattern_at_sr
2026-03-09T22:16:12.881616+00:00,BTCUSD,cobra,24433879,H1,HOLD,HOLD,NONE,0,636.5901514322314,0,,,,,,,,,,,,,,,,17.06,17.06,68910.55,69029.67,68668.24,68744.53,,,,,,,,67970.26512171909,68438.70999999999,0.7438380863019256,,,,,,none,True,,,,,,,,,,,,,,no_pattern_at_sr
2026-03-09T22:17:13.599489+00:00,BTCUSD,cobra,24433879,H1,HOLD,HOLD,NONE,0,636.5901514322314,0,,,,,,,,,,,,,,,,17.12,17.12,68910.55,69029.67,68668.24,68753.49,,,,,,,,67970.26512171909,68438.70999999999,0.7438380863019256,,,,,,none,True,,,,,,,,,,,,,,no_pattern_at_sr
2026-03-09T22:18:13.970309+00:00,BTCUSD,cobra,24433879,H1,HOLD,HOLD,NONE,0,636.5901514322314,0,,,,,,,,,,,,,,,,16.95,16.95,68910.55,69029.67,68668.24,68762.18,,,,,,,,67970.26512171909,68438.70999999999,0.7438380863019256,,,,,,none,True,,,,,,,,,,,,,,no_pattern_at_sr
2026-03-09T22:19:14.315648+00:00,BTCUSD,cobra,24433879,H1,HOLD,HOLD,NONE,0,636.5901514322314,0,,,,,,,,,,,,,,,,16.95,16.95,68910.55,69029.67,68668.24,68715.83,,,,,,,,67970.26512171909,68438.70999999999,0.7438380863019256,,,,,,none,True,,,,,,,,,,,,,,no_pattern_at_sr
2026-03-09T22:20:14.709911+00:00,BTCUSD,cobra,24433879,H1,HOLD,HOLD,NONE,0,636.5901514322314,0,,,,,,,,,,,,,,,,17.03,17.03,68910.55,69029.67,68668.24,68745.29,,,,,,,,67970.26512171909,68438.70999999999,0.7438380863019256,,,,,,none,True,,,,,,,,,,,,,,no_pattern_at_sr
2026-03-09T22:21:15.455660+00:00,BTCUSD,cobra,24433879,H1,HOLD,HOLD,NONE,0,636.5901514322314,0,,,,,,,,,,,,,,,,17.0,17.0,68910.55,69029.67,68668.24,68755.26,,,,,,,,67970.26512171909,68438.70999999999,0.7438380863019256,,,,,,none,True,,,,,,,,,,,,,,no_pattern_at_sr
2026-03-09T22:21:15.456202+00:00,USDJPY-STD,cobra,24433879,H1,OUTSIDE_HOURS,OUTSIDE_HOURS,NONE,0,0.27489548880742937,0,,,,,,,,,,,,,,,,0.016,0.016,157.644,157.762,157.62,157.761,,,,,,,,,,,,,,,,,,,,,,,,,,,,,,,
2026-03-09T22:21:15.482091+00:00,EURUSD-STD,cobra,24433879,H1,OUTSIDE_HOURS,OUTSIDE_HOURS,NONE,0,0.0023052098967460827,0,,,,,,,,,,,,,,,,0.00014,0.00014,1.16341,1.16449,1.16306,1.16353,,,,,,,,,,,,,,,,,,,,,,,,,,,,,,,
2026-03-09T22:21:15.494438+00:00,XAUUSD-STD,cobra,24433879,H1,OUTSIDE_HOURS,OUTSIDE_HOURS,NONE,0,30.718390926570923,0,,,,,,,,,,,,,,,,0.27,0.27,5140.04,5149.99,5121.27,5125.51,,,,,,,,,,,,,,,,,,,,,,,,,,,,,,,
2026-03-09T22:21:15.510473+00:00,USOUSD-STD,cobra,24433879,H1,OUTSIDE_HOURS,OUTSIDE_HOURS,NONE,0,4.976630938151257,0,,,,,,,,,,,,,,,,0.072,0.072,85.692,88.567,85.046,88.277,,,,,,,,,,,,,,,,,,,,,,,,,,,,,,,
2026-03-09T22:22:16.303311+00:00,BTCUSD,cobra,24433879,H1,HOLD,HOLD,NONE,0,636.5901514322314,0,,,,,,,,,,,,,,,,17.01,17.01,68910.55,69029.67,68668.24,68762.77,,,,,,,,67970.26512171909,68438.70999999999,0.7438380863019256,,,,,,none,True,,,,,,,,,,,,,,no_pattern_at_sr
2026-03-09T22:23:16.693019+00:00,BTCUSD,cobra,24433879,H1,HOLD,HOLD,NONE,0,636.5901514322314,0,,,,,,,,,,,,,,,,17.04,17.04,68910.55,69029.67,68668.24,68787.7,,,,,,,,67970.26512171909,68438.70999999999,0.7438380863019256,,,,,,none,True,,,,,,,,,,,,,,no_pattern_at_sr
2026-03-09T22:24:17.045865+00:00,BTCUSD,cobra,24433879,H1,HOLD,HOLD,NONE,0,636.5901514322314,0,,,,,,,,,,,,,,,,16.99,16.99,68910.55,69029.67,68668.24,68779.12,,,,,,,,67970.26512171909,68438.70999999999,0.7438380863019256,,,,,,none,True,,,,,,,,,,,,,,no_pattern_at_sr
2026-03-09T22:25:17.420702+00:00,BTCUSD,cobra,24433879,H1,HOLD,HOLD,NONE,0,636.5901514322314,0,,,,,,,,,,,,,,,,17.05,17.05,68910.55,69029.67,68668.24,68805.15,,,,,,,,67970.26512171909,68438.70999999999,0.7438380863019256,,,,,,none,True,,,,,,,,,,,,,,no_pattern_at_sr
2026-03-09T22:26:18.197618+00:00,BTCUSD,cobra,24433879,H1,HOLD,HOLD,NONE,0,636.5901514322314,0,,,,,,,,,,,,,,,,16.98,16.98,68910.55,69029.67,68668.24,68838.63,,,,,,,,67970.26512171909,68438.70999999999,0.7438380863019256,,,,,,none,True,,,,,,,,,,,,,,no_pattern_at_sr
2026-03-09T22:27:18.912646+00:00,BTCUSD,cobra,24433879,H1,HOLD,HOLD,NONE,0,636.5901514322314,0,,,,,,,,,,,,,,,,17.1,17.1,68910.55,69029.67,68668.24,68830.19,,,,,,,,67970.26512171909,68438.70999999999,0.7438380863019256,,,,,,none,True,,,,,,,,,,,,,,no_pattern_at_sr
2026-03-09T22:28:19.257312+00:00,BTCUSD,cobra,24433879,H1,HOLD,HOLD,NONE,0,636.5901514322314,0,,,,,,,,,,,,,,,,17.03,17.03,68910.55,69029.67,68668.24,68831.21,,,,,,,,67970.26512171909,68438.70999999999,0.7438380863019256,,,,,,none,True,,,,,,,,,,,,,,no_pattern_at_sr
2026-03-09T22:29:19.614689+00:00,BTCUSD,cobra,24433879,H1,HOLD,HOLD,NONE,0,636.5901514322314,0,,,,,,,,,,,,,,,,17.01,17.01,68910.55,69029.67,68668.24,68841.06,,,,,,,,67970.26512171909,68438.70999999999,0.7438380863019256,,,,,,none,True,,,,,,,,,,,,,,no_pattern_at_sr
2026-03-09T22:30:20.360235+00:00,BTCUSD,cobra,24433879,H1,HOLD,HOLD,NONE,0,636.5901514322314,0,,,,,,,,,,,,,,,,17.05,17.05,68910.55,69029.67,68668.24,68847.51,,,,,,,,67970.26512171909,68438.70999999999,0.7438380863019256,,,,,,none,True,,,,,,,,,,,,,,no_pattern_at_sr
2026-03-09T22:31:21.098744+00:00,BTCUSD,cobra,24433879,H1,HOLD,HOLD,NONE,0,636.5901514322314,0,,,,,,,,,,,,,,,,17.11,17.11,68910.55,69029.67,68668.24,68821.9,,,,,,,,67970.26512171909,68438.70999999999,0.7438380863019256,,,,,,none,True,,,,,,,,,,,,,,no_pattern_at_sr
2026-03-09T22:31:21.099275+00:00,USDJPY-STD,cobra,24433879,H1,OUTSIDE_HOURS,OUTSIDE_HOURS,NONE,0,0.2845383459502859,0,,,,,,,,,,,,,,,,0.018,0.018,157.644,157.897,157.62,157.82,,,,,,,,,,,,,,,,,,,,,,,,,,,,,,,
2026-03-09T22:31:21.108482+00:00,EURUSD-STD,cobra,24433879,H1,OUTSIDE_HOURS,OUTSIDE_HOURS,NONE,0,0.002338067039603219,0,,,,,,,,,,,,,,,,0.00013,0.00013,1.16341,1.16449,1.1626,1.16292,,,,,,,,,,,,,,,,,,,,,,,,,,,,,,,
2026-03-09T22:31:21.115159+00:00,XAUUSD-STD,cobra,24433879,H1,OUTSIDE_HOURS,OUTSIDE_HOURS,NONE,0,30.969819497999524,0,,,,,,,,,,,,,,,,0.28,0.28,5140.04,5149.99,5117.75,5131.33,,,,,,,,,,,,,,,,,,,,,,,,,,,,,,,
2026-03-09T22:31:21.123526+00:00,USOUSD-STD,cobra,24433879,H1,OUTSIDE_HOURS,OUTSIDE_HOURS,NONE,0,5.076988081008401,0,,,,,,,,,,,,,,,,0.072,0.072,85.692,89.972,85.046,87.967,,,,,,,,,,,,,,,,,,,,,,,,,,,,,,,
2026-03-09T22:32:21.782817+00:00,BTCUSD,cobra,24433879,H1,HOLD,HOLD,NONE,0,636.5901514322314,0,,,,,,,,,,,,,,,,17.02,17.02,68910.55,69029.67,68668.24,68815.11,,,,,,,,67970.26512171909,68438.70999999999,0.7438380863019256,,,,,,none,True,,,,,,,,,,,,,,no_pattern_at_sr
2026-03-09T22:33:22.138339+00:00,BTCUSD,cobra,24433879,H1,HOLD,HOLD,NONE,0,636.5901514322314,0,,,,,,,,,,,,,,,,17.01,17.01,68910.55,69029.67,68668.24,68804.64,,,,,,,,67970.26512171909,68438.70999999999,0.7438380863019256,,,,,,none,True,,,,,,,,,,,,,,no_pattern_at_sr
2026-03-09T22:34:22.471932+00:00,BTCUSD,cobra,24433879,H1,HOLD,HOLD,NONE,0,636.5901514322314,0,,,,,,,,,,,,,,,,17.06,17.06,68910.55,69029.67,68668.24,68794.56,,,,,,,,67970.26512171909,68438.70999999999,0.7438380863019256,,,,,,none,True,,,,,,,,,,,,,,no_pattern_at_sr
2026-03-09T22:35:23.196743+00:00,BTCUSD,cobra,24433879,H1,HOLD,HOLD,NONE,0,636.5901514322314,0,,,,,,,,,,,,,,,,17.04,17.04,68910.55,69029.67,68668.24,68818.87,,,,,,,,67970.26512171909,68438.70999999999,0.7438380863019256,,,,,,none,True,,,,,,,,,,,,,,no_pattern_at_sr
2026-03-09T22:36:23.898208+00:00,BTCUSD,cobra,24433879,H1,HOLD,HOLD,NONE,0,636.5901514322314,0,,,,,,,,,,,,,,,,16.96,16.96,68910.55,69029.67,68668.24,68682.55,,,,,,,,67970.26512171909,68438.70999999999,0.7438380863019256,,,,,,none,True,,,,,,,,,,,,,,no_pattern_at_sr
2026-03-09T22:37:24.262245+00:00,BTCUSD,cobra,24433879,H1,HOLD,HOLD,NONE,0,639.5922942893742,0,,,,,,,,,,,,,,,,16.95,16.95,68910.55,69029.67,68626.21,68662.03,,,,,,,,67970.26512171909,69491.9,0.9063117319823979,,,,,,none,True,,,,,,,,,,,,,,no_pattern_at_sr
2026-03-09T22:38:24.619018+00:00,BTCUSD,cobra,24433879,H1,HOLD,HOLD,NONE,0,639.5922942893742,0,,,,,,,,,,,,,,,,17.05,17.05,68910.55,69029.67,68626.21,68693.95,,,,,,,,67970.26512171909,69491.9,0.9063117319823979,,,,,,none,True,,,,,,,,,,,,,,no_pattern_at_sr
2026-03-09T22:39:24.959490+00:00,BTCUSD,cobra,24433879,H1,HOLD,HOLD,NONE,0,642.1880085750893,0,,,,,,,,,,,,,,,,17.05,17.05,68910.55,69029.67,68589.87,68602.66,,,,,,,,67970.26512171909,69491.9,0.9026484335735133,,,,,,none,True,,,,,,,,,,,,,,no_pattern_at_sr
2026-03-09T22:40:25.661038+00:00,BTCUSD,cobra,24433879,H1,HOLD,HOLD,NONE,0,642.1880085750893,0,,,,,,,,,,,,,,,,17.07,17.07,68910.55,69029.67,68589.87,68628.39,,,,,,,,67970.26512171909,69491.9,0.9026484335735133,,,,,,none,True,,,,,,,,,,,,,,no_pattern_at_sr
2026-03-09T22:41:26.442092+00:00,BTCUSD,cobra,24433879,H1,HOLD,HOLD,NONE,0,642.1880085750893,0,,,,,,,,,,,,,,,,16.96,16.96,68910.55,69029.67,68589.87,68655.55,,,,,,,,67970.26512171909,69491.9,0.9026484335735133,,,,,,none,True,,,,,,,,,,,,,,no_pattern_at_sr
2026-03-09T22:41:26.442555+00:00,USDJPY-STD,cobra,24433879,H1,OUTSIDE_HOURS,OUTSIDE_HOURS,NONE,0,0.2845383459502859,0,,,,,,,,,,,,,,,,0.017,0.017,157.644,157.897,157.62,157.876,,,,,,,,,,,,,,,,,,,,,,,,,,,,,,,
2026-03-09T22:41:26.444769+00:00,EURUSD-STD,cobra,24433879,H1,OUTSIDE_HOURS,OUTSIDE_HOURS,NONE,0,0.00236663846817466,0,,,,,,,,,,,,,,,,0.00017,0.00017,1.16341,1.16449,1.1622,1.16226,,,,,,,,,,,,,,,,,,,,,,,,,,,,,,,
2026-03-09T22:41:26.445332+00:00,XAUUSD-STD,cobra,24433879,H1,OUTSIDE_HOURS,OUTSIDE_HOURS,NONE,0,30.969819497999524,0,,,,,,,,,,,,,,,,0.29,0.29,5140.04,5149.99,5117.75,5134.41,,,,,,,,,,,,,,,,,,,,,,,,,,,,,,,
2026-03-09T22:41:26.446028+00:00,USOUSD-STD,cobra,24433879,H1,OUTSIDE_HOURS,OUTSIDE_HOURS,NONE,0,5.076988081008401,0,,,,,,,,,,,,,,,,0.072,0.072,85.692,89.972,85.046,87.856,,,,,,,,,,,,,,,,,,,,,,,,,,,,,,,
2026-03-09T22:42:26.796803+00:00,BTCUSD,cobra,24433879,H1,HOLD,HOLD,NONE,0,642.1880085750893,0,,,,,,,,,,,,,,,,17.03,17.03,68910.55,69029.67,68589.87,68646.58,,,,,,,,67970.26512171909,69491.9,0.9026484335735133,,,,,,none,True,,,,,,,,,,,,,,no_pattern_at_sr
2026-03-09T22:43:27.198088+00:00,BTCUSD,cobra,24433879,H1,HOLD,HOLD,NONE,0,642.1880085750893,0,,,,,,,,,,,,,,,,17.07,17.07,68910.55,69029.67,68589.87,68699.37,,,,,,,,67970.26512171909,69491.9,0.9026484335735133,,,,,,none,True,,,,,,,,,,,,,,no_pattern_at_sr
2026-03-09T22:44:27.566220+00:00,BTCUSD,cobra,24433879,H1,HOLD,HOLD,NONE,0,642.1880085750893,0,,,,,,,,,,,,,,,,17.04,17.04,68910.55,69029.67,68589.87,68707.05,,,,,,,,67970.26512171909,69491.9,0.9026484335735133,,,,,,none,True,,,,,,,,,,,,,,no_pattern_at_sr
2026-03-09T22:45:28.496907+00:00,BTCUSD,cobra,24433879,H1,HOLD,HOLD,NONE,0,642.1880085750893,0,,,,,,,,,,,,,,,,17.07,17.07,68910.55,69029.67,68589.87,68701.87,,,,,,,,67970.26512171909,69491.9,0.9026484335735133,,,,,,none,True,,,,,,,,,,,,,,no_pattern_at_sr
2026-03-09T22:46:29.269470+00:00,BTCUSD,cobra,24433879,H1,HOLD,HOLD,NONE,0,642.1880085750893,0,,,,,,,,,,,,,,,,17.11,17.11,68910.55,69029.67,68589.87,68695.86,,,,,,,,67970.26512171909,69491.9,0.9026484335735133,,,,,,none,True,,,,,,,,,,,,,,no_pattern_at_sr
2026-03-09T22:47:29.988142+00:00,BTCUSD,cobra,24433879,H1,HOLD,HOLD,NONE,0,642.1880085750893,0,,,,,,,,,,,,,,,,17.07,17.07,68910.55,69029.67,68589.87,68690.32,,,,,,,,67970.26512171909,69491.9,0.9026484335735133,,,,,,none,True,,,,,,,,,,,,,,no_pattern_at_sr
2026-03-09T22:48:30.489350+00:00,BTCUSD,cobra,24433879,H1,HOLD,HOLD,NONE,0,642.1880085750893,0,,,,,,,,,,,,,,,,17.05,17.05,68910.55,69029.67,68589.87,68676.0,,,,,,,,67970.26512171909,69491.9,0.9026484335735133,,,,,,none,True,,,,,,,,,,,,,,no_pattern_at_sr
2026-03-09T22:49:30.849982+00:00,BTCUSD,cobra,24433879,H1,HOLD,HOLD,NONE,0,642.1880085750893,0,,,,,,,,,,,,,,,,17.04,17.04,68910.55,69029.67,68589.87,68706.85,,,,,,,,67970.26512171909,69491.9,0.9026484335735133,,,,,,none,True,,,,,,,,,,,,,,no_pattern_at_sr
2026-03-09T22:50:31.586827+00:00,BTCUSD,cobra,24433879,H1,HOLD,HOLD,NONE,0,642.1880085750893,0,,,,,,,,,,,,,,,,17.08,17.08,68910.55,69029.67,68589.87,68651.54,,,,,,,,67970.26512171909,69491.9,0.9026484335735133,,,,,,none,True,,,,,,,,,,,,,,no_pattern_at_sr
2026-03-09T22:51:32.319430+00:00,BTCUSD,cobra,24433879,H1,HOLD,HOLD,NONE,0,642.4537228608036,0,,,,,,,,,,,,,,,,17.11,17.11,68910.55,69029.67,68586.15,68611.51,,,,,,,,67970.26512171909,69491.9,0.9022751046079496,,,,,,none,True,,,,,,,,,,,,,,no_pattern_at_sr
2026-03-09T22:51:32.319939+00:00,USDJPY-STD,cobra,24433879,H1,OUTSIDE_HOURS,OUTSIDE_HOURS,NONE,0,0.2845383459502859,0,,,,,,,,,,,,,,,,0.016,0.016,157.644,157.897,157.62,157.818,,,,,,,,,,,,,,,,,,,,,,,,,,,,,,,
2026-03-09T22:51:32.336217+00:00,EURUSD-STD,cobra,24433879,H1,OUTSIDE_HOURS,OUTSIDE_HOURS,NONE,0,0.00236663846817466,0,,,,,,,,,,,,,,,,0.00014,0.00014,1.16341,1.16449,1.1622,1.16269,,,,,,,,,,,,,,,,,,,,,,,,,,,,,,,
2026-03-09T22:51:32.356043+00:00,XAUUSD-STD,cobra,24433879,H1,OUTSIDE_HOURS,OUTSIDE_HOURS,NONE,0,30.969819497999524,0,,,,,,,,,,,,,,,,0.28,0.28,5140.04,5149.99,5117.75,5144.6,,,,,,,,,,,,,,,,,,,,,,,,,,,,,,,
2026-03-09T22:51:32.365910+00:00,USOUSD-STD,cobra,24433879,H1,OUTSIDE_HOURS,OUTSIDE_HOURS,NONE,0,5.076988081008401,0,,,,,,,,,,,,,,,,0.072,0.072,85.692,89.972,85.046,88.832,,,,,,,,,,,,,,,,,,,,,,,,,,,,,,,
2026-03-09T22:52:33.353212+00:00,BTCUSD,cobra,24433879,H1,HOLD,HOLD,NONE,0,642.4537228608036,0,,,,,,,,,,,,,,,,16.99,16.99,68910.55,69029.67,68586.15,68655.02,,,,,,,,67970.26512171909,69491.9,0.9022751046079496,,,,,,none,True,,,,,,,,,,,,,,no_pattern_at_sr
2026-03-09T22:53:33.700632+00:00,BTCUSD,cobra,24433879,H1,HOLD,HOLD,NONE,0,642.4537228608036,0,,,,,,,,,,,,,,,,17.07,17.07,68910.55,69029.67,68586.15,68633.18,,,,,,,,67970.26512171909,69491.9,0.9022751046079496,,,,,,none,True,,,,,,,,,,,,,,no_pattern_at_sr
2026-03-09T22:54:34.093918+00:00,BTCUSD,cobra,24433879,H1,HOLD,HOLD,NONE,0,642.4537228608036,0,,,,,,,,,,,,,,,,17.06,17.06,68910.55,69029.67,68586.15,68642.76,,,,,,,,67970.26512171909,69491.9,0.9022751046079496,,,,,,none,True,,,,,,,,,,,,,,no_pattern_at_sr
2026-03-09T22:55:34.423617+00:00,BTCUSD,cobra,24433879,H1,HOLD,HOLD,NONE,0,642.4537228608036,0,,,,,,,,,,,,,,,,17.02,17.02,68910.55,69029.67,68586.15,68649.82,,,,,,,,67970.26512171909,69491.9,0.9022751046079496,,,,,,none,True,,,,,,,,,,,,,,no_pattern_at_sr
2026-03-09T22:56:35.162881+00:00,BTCUSD,cobra,24433879,H1,HOLD,HOLD,NONE,0,642.4537228608036,0,,,,,,,,,,,,,,,,17.11,17.11,68910.55,69029.67,68586.15,68659.91,,,,,,,,67970.26512171909,69491.9,0.9022751046079496,,,,,,none,True,,,,,,,,,,,,,,no_pattern_at_sr
2026-03-09T22:57:36.061353+00:00,BTCUSD,cobra,24433879,H1,HOLD,HOLD,NONE,0,642.4537228608036,0,,,,,,,,,,,,,,,,17.08,17.08,68910.55,69029.67,68586.15,68614.63,,,,,,,,67970.26512171909,69491.9,0.9022751046079496,,,,,,none,True,,,,,,,,,,,,,,no_pattern_at_sr
2026-03-09T22:58:36.423048+00:00,BTCUSD,cobra,24433879,H1,HOLD,HOLD,NONE,0,642.4537228608036,0,,,,,,,,,,,,,,,,16.95,16.95,68910.55,69029.67,68586.15,68648.95,,,,,,,,67970.26512171909,69491.9,0.9022751046079496,,,,,,none,True,,,,,,,,,,,,,,no_pattern_at_sr
2026-03-09T22:59:36.769164+00:00,BTCUSD,cobra,24433879,H1,HOLD,HOLD,NONE,0,642.4537228608036,0,,,,,,,,,,,,,,,,17.09,17.09,68910.55,69029.67,68586.15,68625.96,,,,,,,,67970.26512171909,69491.9,0.9022751046079496,,,,,,none,True,,,,,,,,,,,,,,no_pattern_at_sr
2026-03-09T23:00:37.098635+00:00,BTCUSD,cobra,24433879,H1,HOLD,HOLD,NONE,0,598.3206168150541,0,,,,,,,,,,,,,,,,17.06,17.06,68626.74,68647.49,68622.9,68647.44,,,,,,,,67995.94750167303,68444.98,0.3035329134515479,,,,,,none,True,,,,,,,,,,,,,,no_pattern_at_sr
2026-03-09T23:01:37.432500+00:00,BTCUSD,cobra,24433879,H1,HOLD,HOLD,NONE,0,602.2599025293395,0,,,,,,,,,,,,,,,,16.98,16.98,68626.74,68650.77,68571.03,68577.84,,,,,,,,67995.94750167303,68444.98,0.30154755320300164,,,,,,none,True,,,,,,,,,,,,,,no_pattern_at_sr
2026-03-09T23:01:37.433016+00:00,USDJPY-STD,cobra,24433879,H1,OUTSIDE_HOURS,OUTSIDE_HOURS,NONE,0,0.26728561207945184,0,,,,,,,,,,,,,,,,0.02,0.02,157.806,157.848,157.805,157.82,,,,,,,,,,,,,,,,,,,,,,,,,,,,,,,
2026-03-09T23:01:37.433542+00:00,EURUSD-STD,cobra,24433879,H1,OUTSIDE_HOURS,OUTSIDE_HOURS,NONE,0,0.002233307121690289,0,,,,,,,,,,,,,,,,0.00013,0.00013,1.16292,1.16294,1.16244,1.16249,,,,,,,,,,,,,,,,,,,,,,,,,,,,,,,
2026-03-09T23:01:37.434401+00:00,XAUUSD-STD,cobra,24433879,H1,OUTSIDE_HOURS,OUTSIDE_HOURS,NONE,0,29.173761699972296,0,,,,,,,,,,,,,,,,0.28,0.28,5153.02,5154.58,5151.55,5152.37,,,,,,,,,,,,,,,,,,,,,,,,,,,,,,,
2026-03-09T23:01:37.436489+00:00,USOUSD-STD,cobra,24433879,H1,OUTSIDE_HOURS,OUTSIDE_HOURS,NONE,0,4.7500603603410285,0,,,,,,,,,,,,,,,,0.072,0.072,87.907,88.067,87.567,87.877,,,,,,,,,,,,,,,,,,,,,,,,,,,,,,,
2026-03-09T23:02:37.764470+00:00,BTCUSD,cobra,24433879,H1,HOLD,HOLD,NONE,0,602.2599025293395,0,,,,,,,,,,,,,,,,17.04,17.04,68626.74,68650.77,68571.03,68603.91,,,,,,,,67995.94750167303,68444.98,0.30154755320300164,,,,,,none,True,,,,,,,,,,,,,,no_pattern_at_sr
2026-03-09T23:03:38.117803+00:00,BTCUSD,cobra,24433879,H1,HOLD,HOLD,NONE,0,602.2599025293395,0,,,,,,,,,,,,,,,,17.04,17.04,68626.74,68650.77,68571.03,68613.23,,,,,,,,67995.94750167303,68444.98,0.30154755320300164,,,,,,none,True,,,,,,,,,,,,,,no_pattern_at_sr
2026-03-09T23:04:38.466621+00:00,BTCUSD,cobra,24433879,H1,HOLD,HOLD,NONE,0,602.2599025293395,0,,,,,,,,,,,,,,,,16.95,16.95,68626.74,68650.77,68571.03,68612.99,,,,,,,,67995.94750167303,68444.98,0.30154755320300164,,,,,,none,True,,,,,,,,,,,,,,no_pattern_at_sr
2026-03-09T23:05:38.858567+00:00,BTCUSD,cobra,24433879,H1,HOLD,HOLD,NONE,0,602.2599025293395,0,,,,,,,,,,,,,,,,16.98,16.98,68626.74,68650.77,68571.03,68589.07,,,,,,,,67995.94750167303,68444.98,0.30154755320300164,,,,,,none,True,,,,,,,,,,,,,,no_pattern_at_sr
2026-03-09T23:06:39.195478+00:00,BTCUSD,cobra,24433879,H1,HOLD,HOLD,NONE,0,604.7013311007676,0,,,,,,,,,,,,,,,,16.98,16.98,68626.74,68650.77,68536.85,68556.23,,,,,,,,67995.94750167303,68444.98,0.3003300814129299,,,,,,none,True,,,,,,,,,,,,,,no_pattern_at_sr
2026-03-09T23:07:39.563489+00:00,BTCUSD,cobra,24433879,H1,HOLD,HOLD,NONE,0,604.7013311007676,0,,,,,,,,,,,,,,,,17.08,17.08,68626.74,68650.77,68536.85,68612.87,,,,,,,,67995.94750167303,68444.98,0.3003300814129299,,,,,,none,True,,,,,,,,,,,,,,no_pattern_at_sr
2026-03-09T23:08:39.896612+00:00,BTCUSD,cobra,24433879,H1,HOLD,HOLD,NONE,0,606.6220453864818,0,,,,,,,,,,,,,,,,17.06,17.06,68626.74,68677.66,68536.85,68674.95,,,,,,,,67995.94750167303,68444.98,0.2993791626618119,,,,,,none,True,,,,,,,,,,,,,,no_pattern_at_sr
2026-03-09T23:09:40.221756+00:00,BTCUSD,cobra,24433879,H1,HOLD,HOLD,NONE,0,607.4041882436244,0,,,,,,,,,,,,,,,,16.98,16.98,68626.74,68688.61,68536.85,68673.33,,,,,,,,67995.94750167303,68444.98,0.2989936577901212,,,,,,none,True,,,,,,,,,,,,,,no_pattern_at_sr
2026-03-09T23:10:40.563946+00:00,BTCUSD,cobra,24433879,H1,HOLD,HOLD,NONE,0,607.4041882436244,0,,,,,,,,,,,,,,,,16.95,16.95,68626.74,68688.61,68536.85,68653.47,,,,,,,,67995.94750167303,68444.98,0.2989936577901212,,,,,,none,True,,,,,,,,,,,,,,no_pattern_at_sr
2026-03-09T23:11:40.893588+00:00,BTCUSD,cobra,24433879,H1,HOLD,HOLD,NONE,0,607.4041882436244,0,,,,,,,,,,,,,,,,17.04,17.04,68626.74,68688.61,68536.85,68668.98,,,,,,,,67995.94750167303,68444.98,0.2989936577901212,,,,,,none,True,,,,,,,,,,,,,,no_pattern_at_sr
2026-03-09T23:11:40.894103+00:00,USDJPY-STD,cobra,24433879,H1,OUTSIDE_HOURS,OUTSIDE_HOURS,NONE,0,0.2707856120794523,0,,,,,,,,,,,,,,,,0.019,0.019,157.806,157.864,157.772,157.819,,,,,,,,,,,,,,,,,,,,,,,,,,,,,,,
2026-03-09T23:11:40.894632+00:00,EURUSD-STD,cobra,24433879,H1,OUTSIDE_HOURS,OUTSIDE_HOURS,NONE,0,0.002259021407404569,0,,,,,,,,,,,,,,,,0.00013,0.00013,1.16292,1.16303,1.16217,1.1628,,,,,,,,,,,,,,,,,,,,,,,,,,,,,,,
2026-03-09T23:11:40.895138+00:00,XAUUSD-STD,cobra,24433879,H1,OUTSIDE_HOURS,OUTSIDE_HOURS,NONE,0,30.112333128543746,0,,,,,,,,,,,,,,,,0.28,0.28,5153.02,5154.58,5138.41,5148.93,,,,,,,,,,,,,,,,,,,,,,,,,,,,,,,
2026-03-09T23:11:40.896430+00:00,USOUSD-STD,cobra,24433879,H1,OUTSIDE_HOURS,OUTSIDE_HOURS,NONE,0,4.7915603603410295,0,,,,,,,,,,,,,,,,0.072,0.072,87.907,88.172,87.091,87.636,,,,,,,,,,,,,,,,,,,,,,,,,,,,,,,
2026-03-09T23:12:41.237887+00:00,BTCUSD,cobra,24433879,H1,HOLD,HOLD,NONE,0,607.4041882436244,0,,,,,,,,,,,,,,,,17.12,17.12,68626.74,68688.61,68536.85,68622.54,,,,,,,,67995.94750167303,68444.98,0.2989936577901212,,,,,,none,True,,,,,,,,,,,,,,no_pattern_at_sr
2026-03-09T23:13:41.649916+00:00,BTCUSD,cobra,24433879,H1,HOLD,HOLD,NONE,0,607.4041882436244,0,,,,,,,,,,,,,,,,17.02,17.02,68626.74,68688.61,68536.85,68591.12,,,,,,,,67995.94750167303,68444.98,0.2989936577901212,,,,,,none,True,,,,,,,,,,,,,,no_pattern_at_sr
2026-03-09T23:14:41.997063+00:00,BTCUSD,cobra,24433879,H1,HOLD,HOLD,NONE,0,607.4041882436244,0,,,,,,,,,,,,,,,,17.01,17.01,68626.74,68688.61,68536.85,68637.42,,,,,,,,67995.94750167303,68444.98,0.2989936577901212,,,,,,none,True,,,,,,,,,,,,,,no_pattern_at_sr
2026-03-09T23:15:42.325414+00:00,BTCUSD,cobra,24433879,H1,HOLD,HOLD,NONE,0,607.4041882436244,0,,,,,,,,,,,,,,,,17.09,17.09,68626.74,68688.61,68536.85,68630.19,,,,,,,,67995.94750167303,68444.98,0.2989936577901212,,,,,,none,True,,,,,,,,,,,,,,no_pattern_at_sr
2026-03-09T23:16:42.665306+00:00,BTCUSD,cobra,24433879,H1,HOLD,HOLD,NONE,0,607.4041882436244,0,,,,,,,,,,,,,,,,17.02,17.02,68626.74,68688.61,68536.85,68598.46,,,,,,,,67995.94750167303,68444.98,0.2989936577901212,,,,,,none,True,,,,,,,,,,,,,,no_pattern_at_sr
2026-03-09T23:17:42.999112+00:00,BTCUSD,cobra,24433879,H1,HOLD,HOLD,NONE,0,607.4041882436244,0,,,,,,,,,,,,,,,,17.05,17.05,68626.74,68688.61,68536.85,68561.94,,,,,,,,67995.94750167303,68444.98,0.2989936577901212,,,,,,none,True,,,,,,,,,,,,,,no_pattern_at_sr
2026-03-09T23:18:43.346592+00:00,BTCUSD,cobra,24433879,H1,HOLD,HOLD,NONE,0,607.4513311007676,0,,,,,,,,,,,,,,,,17.06,17.06,68626.74,68688.61,68536.19,68556.81,,,,,,,,67995.94750167303,68444.98,0.2989704536014492,,,,,,none,True,,,,,,,,,,,,,,no_pattern_at_sr
2026-03-09T23:19:43.687258+00:00,BTCUSD,cobra,24433879,H1,HOLD,HOLD,NONE,0,607.4513311007676,0,,,,,,,,,,,,,,,,17.1,17.1,68626.74,68688.61,68536.19,68549.71,,,,,,,,67995.94750167303,68444.98,0.2989704536014492,,,,,,none,True,,,,,,,,,,,,,,no_pattern_at_sr
2026-03-09T23:20:44.035641+00:00,BTCUSD,cobra,24433879,H1,HOLD,HOLD,NONE,0,607.4513311007676,0,,,,,,,,,,,,,,,,17.0,17.0,68626.74,68688.61,68536.19,68547.74,,,,,,,,67995.94750167303,68444.98,0.2989704536014492,,,,,,none,True,,,,,,,,,,,,,,no_pattern_at_sr
2026-03-09T23:21:26.491153+00:00,USDJPY-STD,cobra,24433879,H1,OUTSIDE_HOURS,OUTSIDE_HOURS,NONE,0,0.2707856120794523,0,,,,,,,,,,,,,,,,0.018,0.018,157.806,157.864,157.772,157.798,,,,,,,,,,,,,,,,,,,,,,,,,,,,,,,
2026-03-09T23:21:26.506362+00:00,EURUSD-STD,cobra,24433879,H1,OUTSIDE_HOURS,OUTSIDE_HOURS,NONE,0,0.002259021407404569,0,,,,,,,,,,,,,,,,0.00013,0.00013,1.16292,1.16303,1.16217,1.16289,,,,,,,,,,,,,,,,,,,,,,,,,,,,,,,
2026-03-09T23:21:26.506904+00:00,XAUUSD-STD,cobra,24433879,H1,OUTSIDE_HOURS,OUTSIDE_HOURS,NONE,0,30.214475985686626,0,,,,,,,,,,,,,,,,0.27,0.27,5153.02,5156.01,5138.41,5152.16,,,,,,,,,,,,,,,,,,,,,,,,,,,,,,,
2026-03-09T23:21:26.507412+00:00,USOUSD-STD,cobra,24433879,H1,OUTSIDE_HOURS,OUTSIDE_HOURS,NONE,0,4.804703217483886,0,,,,,,,,,,,,,,,,0.072,0.072,87.907,88.356,87.091,88.081,,,,,,,,,,,,,,,,,,,,,,,,,,,,,,,
2026-03-09T23:31:32.844346+00:00,USDJPY-STD,cobra,24433879,H1,OUTSIDE_HOURS,OUTSIDE_HOURS,NONE,0,0.27214275493659557,0,,,,,,,,,,,,,,,,0.019,0.019,157.806,157.864,157.753,157.807,,,,,,,,,,,,,,,,,,,,,,,,,,,,,,,
2026-03-09T23:31:32.845006+00:00,EURUSD-STD,cobra,24433879,H1,OUTSIDE_HOURS,OUTSIDE_HOURS,NONE,0,0.0022618785502617144,0,,,,,,,,,,,,,,,,0.00013,0.00013,1.16292,1.16307,1.16217,1.1626,,,,,,,,,,,,,,,,,,,,,,,,,,,,,,,
2026-03-09T23:31:32.845511+00:00,XAUUSD-STD,cobra,24433879,H1,OUTSIDE_HOURS,OUTSIDE_HOURS,NONE,0,30.214475985686626,0,,,,,,,,,,,,,,,,0.28,0.28,5153.02,5156.01,5138.41,5146.01,,,,,,,,,,,,,,,,,,,,,,,,,,,,,,,
2026-03-09T23:31:32.845976+00:00,USOUSD-STD,cobra,24433879,H1,OUTSIDE_HOURS,OUTSIDE_HOURS,NONE,0,4.865060360341029,0,,,,,,,,,,,,,,,,0.072,0.072,87.907,89.201,87.091,89.007,,,,,,,,,,,,,,,,,,,,,,,,,,,,,,,
2026-03-09T23:41:38.170585+00:00,USDJPY-STD,cobra,24433879,H1,OUTSIDE_HOURS,OUTSIDE_HOURS,NONE,0,0.27328561207945207,0,,,,,,,,,,,,,,,,0.019,0.019,157.806,157.88,157.753,157.869,,,,,,,,,,,,,,,,,,,,,,,,,,,,,,,
2026-03-09T23:41:38.171044+00:00,EURUSD-STD,cobra,24433879,H1,OUTSIDE_HOURS,OUTSIDE_HOURS,NONE,0,0.0022718785502617005,0,,,,,,,,,,,,,,,,0.00013,0.00013,1.16292,1.16307,1.1620300000000001,1.16217,,,,,,,,,,,,,,,,,,,,,,,,,,,,,,,
2026-03-09T23:41:38.171574+00:00,XAUUSD-STD,cobra,24433879,H1,OUTSIDE_HOURS,OUTSIDE_HOURS,NONE,0,30.214475985686626,0,,,,,,,,,,,,,,,,0.28,0.28,5153.02,5156.01,5138.41,5148.77,,,,,,,,,,,,,,,,,,,,,,,,,,,,,,,
2026-03-09T23:41:38.171986+00:00,USOUSD-STD,cobra,24433879,H1,OUTSIDE_HOURS,OUTSIDE_HOURS,NONE,0,4.912917503198172,0,,,,,,,,,,,,,,,,0.072,0.072,87.907,89.871,87.091,89.752,,,,,,,,,,,,,,,,,,,,,,,,,,,,,,,
2026-03-09T23:51:43.186412+00:00,USDJPY-STD,cobra,24433879,H1,OUTSIDE_HOURS,OUTSIDE_HOURS,NONE,0,0.27799989779373796,0,,,,,,,,,,,,,,,,0.019,0.019,157.806,157.946,157.753,157.874,,,,,,,,,,,,,,,,,,,,,,,,,,,,,,,
2026-03-09T23:51:43.186954+00:00,EURUSD-STD,cobra,24433879,H1,OUTSIDE_HOURS,OUTSIDE_HOURS,NONE,0,0.0023111642645474184,0,,,,,,,,,,,,,,,,0.00013,0.00013,1.16292,1.16307,1.16148,1.16175,,,,,,,,,,,,,,,,,,,,,,,,,,,,,,,
2026-03-09T23:51:43.187431+00:00,XAUUSD-STD,cobra,24433879,H1,OUTSIDE_HOURS,OUTSIDE_HOURS,NONE,0,30.410190271400896,0,,,,,,,,,,,,,,,,0.28,0.28,5153.02,5156.01,5135.67,5142.62,,,,,,,,,,,,,,,,,,,,,,,,,,,,,,,
2026-03-09T23:51:43.187995+00:00,USOUSD-STD,cobra,24433879,H1,OUTSIDE_HOURS,OUTSIDE_HOURS,NONE,0,4.937631788912458,0,,,,,,,,,,,,,,,,0.072,0.072,87.907,90.217,87.091,89.092,,,,,,,,,,,,,,,,,,,,,,,,,,,,,,,
