timestamp,symbol,bot,account,timeframe,signal,signal_type,trigger,confidence,atr,executed,entry_price,sl_price,sl,tp_price,tp,volume_lots,ticket,exit_price,exit_reason,profit,pnl,outcome,duration_minutes,account_balance,account_equity,spread,spread_points,bar_open,bar_high,bar_low,bar_close,ema_fast,ema_slow,ema_separation,rsi,n_bar_high,n_bar_low,conditions_met,ema_50,nearest_sr_level,sr_distance_atr,pattern_type,pin_wick_size,pin_body_ratio,engulf_size_atr,inside_bar_vol_ratio,pattern_detected,sr_nearby,ema_20,momentum_fast_ema,momentum_slow_ema,breakout_high,breakout_low,pullback_distance_atr,volume_ratio,h1_trend,bb_upper,bb_lower,bb_mid,price_position_in_bb,adx,hold_reason
2026-04-03T00:00:01.183476+00:00,BTCUSD,viper,144388,M5,HOLD,HOLD,NONE,0,61.274957598399546,0,,,,,,,,,,,,,,,,22.0,22.0,66890.74,66894.82,66890.74,66894.82,,,,47.098424806180745,,,,,,,,,,,,,,66918.42305458323,,,,,,,SELL,,,,,9.37,pullback_structure_not_confirmed;momentum_volume_low
2026-04-03T00:00:11.857258+00:00,BTCUSD,viper,144388,M5,HOLD,HOLD,NONE,0,63.61067188411362,0,,,,,,,,,,,,,,,,22.0,22.0,66890.74,66927.52,66890.74,66920.47,,,,49.83131108719913,,,,,,,,,,,,,,66920.86591172608,,,,,,,SELL,,,,,9.03,pullback_structure_not_confirmed;momentum_volume_low
2026-04-03T00:00:22.438519+00:00,BTCUSD,viper,144388,M5,HOLD,HOLD,NONE,0,63.61067188411362,0,,,,,,,,,,,,,,,,22.0,22.0,66890.74,66927.52,66890.74,66912.92,,,,49.05667119442822,,,,,,,,,,,,,,66920.14686410704,,,,,,,SELL,,,,,9.03,pullback_structure_not_confirmed;momentum_volume_low
2026-04-03T00:00:32.919998+00:00,BTCUSD,viper,144388,M5,HOLD,HOLD,NONE,0,63.61067188411362,0,,,,,,,,,,,,,,,,22.0,22.0,66890.74,66927.52,66890.74,66912.94,,,,49.05875482013905,,,,,,,,,,,,,,66920.14876886894,,,,,,,SELL,,,,,9.03,pullback_structure_not_confirmed;momentum_volume_low
2026-04-03T00:00:43.427546+00:00,BTCUSD,viper,144388,M5,HOLD,HOLD,NONE,0,63.61067188411362,0,,,,,,,,,,,,,,,,22.0,22.0,66890.74,66927.52,66890.74,66918.34,,,,49.61516617295489,,,,,,,,,,,,,,66920.66305458323,,,,,,,SELL,,,,,9.03,pullback_structure_not_confirmed;momentum_volume_low
2026-04-03T00:00:53.904412+00:00,BTCUSD,viper,144388,M5,HOLD,HOLD,NONE,0,63.61067188411362,0,,,,,,,,,,,,,,,,22.0,22.0,66890.74,66927.52,66890.74,66918.37,,,,49.61822339793114,,,,,,,,,,,,,,66920.66591172609,,,,,,,SELL,,,,,9.03,pullback_structure_not_confirmed;momentum_volume_low
2026-04-03T00:01:04.595762+00:00,BTCUSD,viper,144388,M5,HOLD,HOLD,NONE,0,63.61067188411362,0,,,,,,,,,,,,,,,,22.0,22.0,66890.74,66927.52,66890.74,66924.84,,,,50.269008662547705,,,,,,,,,,,,,,66921.28210220228,,,,,,,SELL,,,,,9.03,pullback_structure_not_confirmed;momentum_volume_low
2026-04-03T00:01:15.135367+00:00,BTCUSD,viper,144388,M5,HOLD,HOLD,NONE,0,63.61067188411362,0,,,,,,,,,,,,,,,,22.0,22.0,66890.74,66927.52,66890.74,66925.14,,,,50.29877656860152,,,,,,,,,,,,,,66921.31067363085,,,,,,,SELL,,,,,9.03,pullback_structure_not_confirmed;momentum_volume_low
2026-04-03T00:01:25.719118+00:00,BTCUSD,viper,144388,M5,HOLD,HOLD,NONE,0,64.1221004555414,0,,,,,,,,,,,,,,,,22.0,22.0,66890.74,66934.68,66890.74,66934.59,,,,51.21856157528589,,,,,,,,,,,,,,66922.21067363085,,,,,,,SELL,,,,,9.16,pullback_structure_not_confirmed;momentum_volume_low
2026-04-03T00:01:36.184286+00:00,BTCUSD,viper,144388,M5,HOLD,HOLD,NONE,0,65.08924331268484,0,,,,,,,,,,,,,,,,22.0,22.0,66890.74,66948.22,66890.74,66946.0,,,,52.284741170070646,,,,,,,,,,,,,,66923.29734029752,,,,,,,SELL,,,,,9.38,pullback_structure_not_confirmed;momentum_volume_low
2026-04-03T00:01:37.071686+00:00,XAUUSD,viper,144388,M5,OUTSIDE_HOURS,OUTSIDE_HOURS,NONE,0,5.405325367263564,0,,,,,,,,,,,,,,,,0.34,0.34,4668.9,4673.32,4667.67,4670.82,,,,53.58433911787206,,,,,,,,,,,,,,,,,,,,,BOTH,,,,,21.52,pullback_weak_candle;momentum_volume_low
2026-04-03T00:01:47.337558+00:00,BTCUSD,viper,144388,M5,HOLD,HOLD,NONE,0,66.65352902697013,0,,,,,,,,,,,,,,,,22.0,22.0,66890.74,66970.12,66890.74,66962.32,,,,53.73117556244261,,,,,,,,,,,,,,66924.8516260118,,,,,,,SELL,,,,,9.72,pullback_structure_not_confirmed;momentum_volume_low
2026-04-03T00:01:57.810681+00:00,BTCUSD,viper,144388,M5,HOLD,HOLD,NONE,0,66.65352902697013,0,,,,,,,,,,,,,,,,22.0,22.0,66890.74,66970.12,66890.74,66962.19,,,,53.72000029305055,,,,,,,,,,,,,,66924.83924505943,,,,,,,SELL,,,,,9.72,pullback_structure_not_confirmed;momentum_volume_low
2026-04-03T00:02:08.346875+00:00,BTCUSD,viper,144388,M5,HOLD,HOLD,NONE,0,66.65352902697013,0,,,,,,,,,,,,,,,,22.0,22.0,66890.74,66970.12,66890.74,66940.99,,,,51.82238877858233,,,,,,,,,,,,,,66922.82019744038,,,,,,,SELL,,,,,9.72,pullback_structure_not_confirmed;momentum_volume_low
2026-04-03T00:02:18.851103+00:00,BTCUSD,viper,144388,M5,HOLD,HOLD,NONE,0,66.65352902697013,0,,,,,,,,,,,,,,,,22.0,22.0,66890.74,66970.12,66890.74,66940.22,,,,51.750533058933655,,,,,,,,,,,,,,66922.74686410704,,,,,,,SELL,,,,,9.72,pullback_structure_not_confirmed;momentum_volume_low
2026-04-03T00:02:29.423161+00:00,BTCUSD,viper,144388,M5,HOLD,HOLD,NONE,0,66.65352902697013,0,,,,,,,,,,,,,,,,22.0,22.0,66890.74,66970.12,66890.74,66940.52,,,,51.77855426584702,,,,,,,,,,,,,,66922.77543553562,,,,,,,SELL,,,,,9.72,pullback_structure_not_confirmed;momentum_volume_low
2026-04-03T00:02:40.099182+00:00,BTCUSD,viper,144388,M5,HOLD,HOLD,NONE,0,66.65352902697013,0,,,,,,,,,,,,,,,,22.0,22.0,66890.74,66970.12,66890.74,66946.5,,,,52.33039756897239,,,,,,,,,,,,,,66923.34495934514,,,,,,,SELL,,,,,9.72,pullback_structure_not_confirmed;momentum_volume_low
2026-04-03T00:02:50.959238+00:00,BTCUSD,viper,144388,M5,HOLD,HOLD,NONE,0,66.65352902697013,0,,,,,,,,,,,,,,,,22.0,22.0,66890.74,66970.12,66890.74,66948.38,,,,52.50128655048896,,,,,,,,,,,,,,66923.52400696419,,,,,,,SELL,,,,,9.72,pullback_structure_not_confirmed;momentum_volume_low
2026-04-03T00:03:01.674915+00:00,BTCUSD,viper,144388,M5,HOLD,HOLD,NONE,0,66.65352902697013,0,,,,,,,,,,,,,,,,22.0,22.0,66890.74,66970.12,66890.74,66941.15,,,,51.83729298887973,,,,,,,,,,,,,,66922.83543553561,,,,,,,SELL,,,,,9.72,pullback_structure_not_confirmed;momentum_volume_low
2026-04-03T00:03:12.166371+00:00,BTCUSD,viper,144388,M5,HOLD,HOLD,NONE,0,66.65352902697013,0,,,,,,,,,,,,,,,,22.0,22.0,66890.74,66970.12,66890.74,66940.62,,,,51.78788743688067,,,,,,,,,,,,,,66922.78495934514,,,,,,,SELL,,,,,9.72,pullback_structure_not_confirmed;momentum_volume_low
2026-04-03T00:03:22.776728+00:00,BTCUSD,viper,144388,M5,HOLD,HOLD,NONE,0,66.65352902697013,0,,,,,,,,,,,,,,,,22.0,22.0,66890.74,66970.12,66890.74,66939.29,,,,51.66345998755474,,,,,,,,,,,,,,66922.65829267846,,,,,,,SELL,,,,,9.72,pullback_structure_not_confirmed;momentum_volume_low
2026-04-03T00:03:23.667300+00:00,XAUUSD,viper,144388,M5,OUTSIDE_HOURS,OUTSIDE_HOURS,NONE,0,5.405325367263564,0,,,,,,,,,,,,,,,,0.34,0.34,4668.9,4673.32,4667.67,4670.82,,,,53.58433911787206,,,,,,,,,,,,,,,,,,,,,BOTH,,,,,21.52,pullback_weak_candle;momentum_volume_low
2026-04-03T00:03:33.919769+00:00,BTCUSD,viper,144388,M5,HOLD,HOLD,NONE,0,66.65352902697013,0,,,,,,,,,,,,,,,,22.0,22.0,66890.74,66970.12,66890.74,66936.04,,,,51.35668857307662,,,,,,,,,,,,,,66922.34876886895,,,,,,,SELL,,,,,9.72,pullback_structure_not_confirmed;momentum_volume_low
2026-04-03T00:03:44.429352+00:00,BTCUSD,viper,144388,M5,HOLD,HOLD,NONE,0,66.65352902697013,0,,,,,,,,,,,,,,,,22.0,22.0,66890.74,66970.12,66890.74,66935.97,,,,51.350038345458124,,,,,,,,,,,,,,66922.34210220228,,,,,,,SELL,,,,,9.72,pullback_structure_not_confirmed;momentum_volume_low
2026-04-03T00:03:54.915219+00:00,BTCUSD,viper,144388,M5,HOLD,HOLD,NONE,0,66.65352902697013,0,,,,,,,,,,,,,,,,22.0,22.0,66890.74,66970.12,66890.74,66935.7,,,,51.32437042530158,,,,,,,,,,,,,,66922.31638791657,,,,,,,SELL,,,,,9.72,pullback_structure_not_confirmed;momentum_volume_low
2026-04-03T00:04:05.526682+00:00,BTCUSD,viper,144388,M5,HOLD,HOLD,NONE,0,66.65352902697013,0,,,,,,,,,,,,,,,,22.0,22.0,66890.74,66970.12,66890.74,66941.5,,,,51.86986382139317,,,,,,,,,,,,,,66922.86876886894,,,,,,,SELL,,,,,9.72,pullback_structure_not_confirmed;momentum_volume_low
2026-04-03T00:04:16.070361+00:00,BTCUSD,viper,144388,M5,HOLD,HOLD,NONE,0,66.65352902697013,0,,,,,,,,,,,,,,,,22.0,22.0,66890.74,66970.12,66890.74,66946.78,,,,52.355927008377726,,,,,,,,,,,,,,66923.3716260118,,,,,,,SELL,,,,,9.72,pullback_structure_not_confirmed;momentum_volume_low
2026-04-03T00:04:26.677510+00:00,BTCUSD,viper,144388,M5,HOLD,HOLD,NONE,0,66.65352902697013,0,,,,,,,,,,,,,,,,22.0,22.0,66890.74,66970.12,66890.74,66961.58,,,,53.66749031417894,,,,,,,,,,,,,,66924.78114982133,,,,,,,SELL,,,,,9.72,pullback_structure_not_confirmed;momentum_volume_low
2026-04-03T00:04:37.195528+00:00,BTCUSD,viper,144388,M5,HOLD,HOLD,NONE,0,66.8906718841135,0,,,,,,,,,,,,,,,,22.0,22.0,66890.74,66973.44,66890.74,66973.04,,,,54.634495980629154,,,,,,,,,,,,,,66925.87257839275,,,,,,,SELL,,,,,9.77,pullback_structure_not_confirmed;momentum_volume_low
2026-04-03T00:04:47.782144+00:00,BTCUSD,viper,144388,M5,HOLD,HOLD,NONE,0,67.67638616982778,0,,,,,,,,,,,,,,,,22.0,22.0,66890.74,66984.44,66890.74,66984.2,,,,55.53816654955864,,,,,,,,,,,,,,66926.9354355356,,,,,,,SELL,,,,,9.92,pullback_structure_not_confirmed;momentum_volume_low
2026-04-03T00:04:58.256125+00:00,BTCUSD,viper,144388,M5,HOLD,HOLD,NONE,0,67.68638616982774,0,,,,,,,,,,,,,,,,22.0,22.0,66890.74,66984.58,66890.74,66983.96,,,,55.51911172754786,,,,,,,,,,,,,,66926.91257839276,,,,,,,SELL,,,,,9.92,pullback_structure_not_confirmed;momentum_volume_low
2026-04-03T00:05:08.766529+00:00,BTCUSD,viper,144388,M5,HOLD,HOLD,NONE,0,64.07235680710285,0,,,,,,,,,,,,,,,,22.0,22.0,66983.91,66989.46,66972.37,66972.37,,,,54.3079906330657,,,,,,,,,,,,,,66931.24444185405,,,,,,,SELL,,,,,10.33,pullback_structure_not_confirmed;momentum_volume_low
2026-04-03T00:05:09.547077+00:00,XAUUSD,viper,144388,M5,OUTSIDE_HOURS,OUTSIDE_HOURS,NONE,0,5.405325367263564,0,,,,,,,,,,,,,,,,0.34,0.34,4668.9,4673.32,4667.67,4670.82,,,,53.58433911787206,,,,,,,,,,,,,,,,,,,,,BOTH,,,,,21.52,pullback_weak_candle;momentum_volume_low
2026-04-03T00:05:19.802213+00:00,BTCUSD,viper,144388,M5,HOLD,HOLD,NONE,0,65.03164252138806,0,,,,,,,,,,,,,,,,22.0,22.0,66983.91,66989.46,66958.94,66959.11,,,,52.98645525781164,,,,,,,,,,,,,,66929.9815847112,,,,,,,SELL,,,,,10.33,pullback_structure_not_confirmed;momentum_volume_low
2026-04-03T00:05:30.327713+00:00,BTCUSD,viper,144388,M5,HOLD,HOLD,NONE,0,65.05592823567353,0,,,,,,,,,,,,,,,,22.0,22.0,66983.91,66989.46,66958.6,66961.34,,,,53.204187232133414,,,,,,,,,,,,,,66930.19396566358,,,,,,,SELL,,,,,10.33,pullback_structure_not_confirmed;momentum_volume_low
2026-04-03T00:05:40.869249+00:00,BTCUSD,viper,144388,M5,HOLD,HOLD,NONE,0,65.05592823567353,0,,,,,,,,,,,,,,,,22.0,22.0,66983.91,66989.46,66958.6,66961.64,,,,53.23361516091581,,,,,,,,,,,,,,66930.22253709215,,,,,,,SELL,,,,,10.33,pullback_structure_not_confirmed;momentum_volume_low
2026-04-03T00:05:51.530425+00:00,BTCUSD,viper,144388,M5,HOLD,HOLD,NONE,0,65.05592823567353,0,,,,,,,,,,,,,,,,22.0,22.0,66983.91,66989.46,66958.6,66961.74,,,,53.24343170605361,,,,,,,,,,,,,,66930.23206090168,,,,,,,SELL,,,,,10.33,pullback_structure_not_confirmed;momentum_volume_low
2026-04-03T00:06:02.185554+00:00,BTCUSD,viper,144388,M5,HOLD,HOLD,NONE,0,65.15592823567415,0,,,,,,,,,,,,,,,,22.0,22.0,66983.91,66989.46,66957.2,66957.5,,,,52.83036312804538,,,,,,,,,,,,,,66929.82825137787,,,,,,,SELL,,,,,10.33,pullback_structure_not_confirmed;momentum_volume_low
2026-04-03T00:06:12.671676+00:00,BTCUSD,viper,144388,M5,HOLD,HOLD,NONE,0,65.48735680710269,0,,,,,,,,,,,,,,,,22.0,22.0,66983.91,66989.46,66952.56,66952.9,,,,52.38941083054872,,,,,,,,,,,,,,66929.39015613977,,,,,,,SELL,,,,,10.33,pullback_structure_not_confirmed;momentum_volume_low
2026-04-03T00:06:23.125612+00:00,BTCUSD,viper,144388,M5,HOLD,HOLD,NONE,0,65.90592823567415,0,,,,,,,,,,,,,,,,22.0,22.0,66983.91,66989.46,66946.7,66946.88,,,,51.823338327943105,,,,,,,,,,,,,,66928.81682280643,,,,,,,SELL,,,,,10.33,pullback_structure_not_confirmed;momentum_volume_low
2026-04-03T00:06:33.679969+00:00,BTCUSD,viper,144388,M5,HOLD,HOLD,NONE,0,65.90878537853084,0,,,,,,,,,,,,,,,,22.0,22.0,66983.91,66989.46,66946.66,66959.75,,,,53.04876081036895,,,,,,,,,,,,,,66930.04253709216,,,,,,,SELL,,,,,10.33,pullback_structure_not_confirmed;momentum_volume_low
2026-04-03T00:06:44.369134+00:00,BTCUSD,viper,144388,M5,HOLD,HOLD,NONE,0,65.90878537853084,0,,,,,,,,,,,,,,,,22.0,22.0,66983.91,66989.46,66946.66,66957.48,,,,52.82842987829598,,,,,,,,,,,,,,66929.82634661596,,,,,,,SELL,,,,,10.33,pullback_structure_not_confirmed;momentum_volume_low
2026-04-03T00:06:55.135433+00:00,BTCUSD,viper,144388,M5,HOLD,HOLD,NONE,0,65.90878537853084,0,,,,,,,,,,,,,,,,22.0,22.0,66983.91,66989.46,66946.66,66957.36,,,,52.816833350416736,,,,,,,,,,,,,,66929.81491804453,,,,,,,SELL,,,,,10.33,pullback_structure_not_confirmed;momentum_volume_low
2026-04-03T00:06:56.104080+00:00,XAUUSD,viper,144388,M5,OUTSIDE_HOURS,OUTSIDE_HOURS,NONE,0,5.405325367263564,0,,,,,,,,,,,,,,,,0.34,0.34,4668.9,4673.32,4667.67,4670.82,,,,53.58433911787206,,,,,,,,,,,,,,,,,,,,,BOTH,,,,,21.52,pullback_weak_candle;momentum_volume_low
2026-04-03T00:07:06.478913+00:00,BTCUSD,viper,144388,M5,HOLD,HOLD,NONE,0,65.90878537853084,0,,,,,,,,,,,,,,,,22.0,22.0,66983.91,66989.46,66946.66,66959.68,,,,53.04193900470697,,,,,,,,,,,,,,66930.03587042549,,,,,,,SELL,,,,,10.33,pullback_structure_not_confirmed;momentum_volume_low
2026-04-03T00:07:17.218860+00:00,BTCUSD,viper,144388,M5,HOLD,HOLD,NONE,0,65.90878537853084,0,,,,,,,,,,,,,,,,22.0,22.0,66983.91,66989.46,66946.66,66958.3,,,,52.907809313223645,,,,,,,,,,,,,,66929.90444185406,,,,,,,SELL,,,,,10.33,pullback_structure_not_confirmed;momentum_volume_low
2026-04-03T00:07:28.062785+00:00,BTCUSD,viper,144388,M5,HOLD,HOLD,NONE,0,66.4794996642455,0,,,,,,,,,,,,,,,,22.0,22.0,66983.91,66989.46,66938.67,66939.02,,,,51.10240363122558,,,,,,,,,,,,,,66928.06825137787,,,,,,,SELL,,,,,10.33,pullback_structure_not_confirmed;momentum_volume_low
2026-04-03T00:07:38.775754+00:00,BTCUSD,viper,144388,M5,HOLD,HOLD,NONE,0,67.1966425213879,0,,,,,,,,,,,,,,,,22.0,22.0,66983.91,66989.46,66928.63,66929.54,,,,50.25912469244375,,,,,,,,,,,,,,66927.16539423501,,,,,,,SELL,,,,,10.33,pullback_structure_not_confirmed;momentum_volume_low
2026-04-03T00:07:49.364071+00:00,BTCUSD,viper,144388,M5,HOLD,HOLD,NONE,0,67.75021394995933,0,,,,,,,,,,,,,,,,22.0,22.0,66983.91,66989.46,66920.88,66921.21,,,,49.54078563668864,,,,,,,,,,,,,,66926.37206090167,,,,,,,SELL,,,,,10.33,pullback_structure_not_confirmed;momentum_volume_low
2026-04-03T00:08:00.055633+00:00,BTCUSD,viper,144388,M5,HOLD,HOLD,NONE,0,68.55878537853125,0,,,,,,,,,,,,,,,,22.0,22.0,66983.91,66989.46,66909.56,66909.56,,,,48.56991180053466,,,,,,,,,,,,,,66925.26253709215,,,,,,,SELL,,,,,10.33,pullback_structure_not_confirmed;momentum_volume_low
2026-04-03T00:08:10.639369+00:00,BTCUSD,viper,144388,M5,HOLD,HOLD,NONE,0,68.56878537853122,0,,,,,,,,,,,,,,,,22.0,22.0,66983.91,66989.46,66909.42,66909.71,,,,48.582170436688166,,,,,,,,,,,,,,66925.27682280644,,,,,,,SELL,,,,,10.33,pullback_structure_not_confirmed;momentum_volume_low
2026-04-03T00:08:21.295477+00:00,BTCUSD,viper,144388,M5,HOLD,HOLD,NONE,0,69.90735680710301,0,,,,,,,,,,,,,,,,22.0,22.0,66983.91,66989.46,66890.68,66891.04,,,,47.10247733768529,,,,,,,,,,,,,,66923.49872756834,,,,,,,SELL,,,,,10.33,pullback_structure_not_confirmed;momentum_volume_low
2026-04-03T00:08:32.132819+00:00,BTCUSD,viper,144388,M5,HOLD,HOLD,NONE,0,70.99449966424491,0,,,,,,,,,,,,,,,,22.0,22.0,66983.91,66989.46,66875.46,66876.0,,,,45.97446224251097,,,,,,,,,,,,,,66922.06634661596,,,,,,,SELL,,,,,9.96,pullback_structure_not_confirmed;momentum_volume_low
2026-04-03T00:08:42.912710+00:00,BTCUSD,viper,144388,M5,HOLD,HOLD,NONE,0,72.48735680710269,0,,,,,,,,,,,,,,,,22.0,22.0,66983.91,66989.46,66854.56,66854.64,,,,44.46223901918524,,,,,,,,,,,,,,66920.03206090168,,,,,,,SELL,,,,,9.6,pullback_not_near_ema;momentum_volume_low
2026-04-03T00:08:43.755442+00:00,XAUUSD,viper,144388,M5,OUTSIDE_HOURS,OUTSIDE_HOURS,NONE,0,5.405325367263564,0,,,,,,,,,,,,,,,,0.34,0.34,4668.9,4673.32,4667.67,4670.82,,,,53.58433911787206,,,,,,,,,,,,,,,,,,,,,BOTH,,,,,21.52,pullback_weak_candle;momentum_volume_low
2026-04-03T00:08:54.041355+00:00,BTCUSD,viper,144388,M5,HOLD,HOLD,NONE,0,74.29164252138803,0,,,,,,,,,,,,,,,,22.0,22.0,66983.91,66989.46,66829.3,66829.52,,,,42.80636980820621,,,,,,,,,,,,,,66917.6396799493,,,,,,,SELL,,,,,9.23,pullback_not_near_ema;momentum_volume_low
2026-04-03T00:09:04.566788+00:00,BTCUSD,viper,144388,M5,HOLD,HOLD,NONE,0,74.2937853785308,0,,,,,,,,,,,,,,,,22.0,22.0,66983.91,66989.46,66829.27,66829.66,,,,42.81525653140471,,,,,,,,,,,,,,66917.65301328263,,,,,,,SELL,,,,,9.23,pullback_not_near_ema;momentum_volume_low
2026-04-03T00:09:14.975140+00:00,BTCUSD,viper,144388,M5,HOLD,HOLD,NONE,0,74.8966425213881,0,,,,,,,,,,,,,,,,22.0,22.0,66983.91,66989.46,66820.83,66820.94,,,,42.26869315944117,,,,,,,,,,,,,,66916.82253709216,,,,,,,SELL,,,,,9.35,pullback_not_near_ema;momentum_volume_low
2026-04-03T00:09:25.441910+00:00,BTCUSD,viper,144388,M5,HOLD,HOLD,NONE,0,74.90164252138861,0,,,,,,,,,,,,,,,,22.0,22.0,66983.91,66989.46,66820.76,66821.04,,,,42.274881980023345,,,,,,,,,,,,,,66916.83206090168,,,,,,,SELL,,,,,9.35,pullback_not_near_ema;momentum_volume_low
2026-04-03T00:09:35.954111+00:00,BTCUSD,viper,144388,M5,HOLD,HOLD,NONE,0,74.90164252138861,0,,,,,,,,,,,,,,,,22.0,22.0,66983.91,66989.46,66820.76,66866.74,,,,45.3064349553773,,,,,,,,,,,,,,66921.18444185406,,,,,,,SELL,,,,,9.35,pullback_not_near_ema;momentum_volume_low
2026-04-03T00:09:46.419578+00:00,BTCUSD,viper,144388,M5,HOLD,HOLD,NONE,0,74.90164252138861,0,,,,,,,,,,,,,,,,22.0,22.0,66983.91,66989.46,66820.76,66860.64,,,,44.87687969135484,,,,,,,,,,,,,,66920.6034894731,,,,,,,SELL,,,,,9.35,pullback_not_near_ema;momentum_volume_low
2026-04-03T00:09:56.970083+00:00,BTCUSD,viper,144388,M5,HOLD,HOLD,NONE,0,74.90164252138861,0,,,,,,,,,,,,,,,,22.0,22.0,66983.91,66989.46,66820.76,66856.21,,,,44.56999471406126,,,,,,,,,,,,,,66920.1815847112,,,,,,,SELL,,,,,9.35,pullback_not_near_ema;momentum_volume_low
2026-04-03T00:10:07.497281+00:00,BTCUSD,viper,144388,M5,HOLD,HOLD,NONE,0,70.45295370987272,0,,,,,,,,,,,,,,,,22.0,22.0,66855.66,66856.03,66843.41,66843.83,,,,43.67218149422183,,,,,,,,,,,,,,66912.89363342753,,,,,,,SELL,,,,,8.82,pullback_not_near_ema;momentum_volume_low
2026-04-03T00:10:17.983719+00:00,BTCUSD,viper,144388,M5,HOLD,HOLD,NONE,0,70.47081085272985,0,,,,,,,,,,,,,,,,22.0,22.0,66855.66,66856.03,66843.16,66843.76,,,,43.66720240737776,,,,,,,,,,,,,,66912.88696676087,,,,,,,SELL,,,,,8.82,pullback_not_near_ema;momentum_volume_low
2026-04-03T00:10:28.535265+00:00,BTCUSD,viper,144388,M5,HOLD,HOLD,NONE,0,70.82366799558717,0,,,,,,,,,,,,,,,,22.0,22.0,66855.66,66856.03,66838.22,66838.4,,,,43.289289243512634,,,,,,,,,,,,,,66912.37649057039,,,,,,,SELL,,,,,8.82,pullback_not_near_ema;momentum_volume_low
2026-04-03T00:10:29.562710+00:00,XAUUSD,viper,144388,M5,OUTSIDE_HOURS,OUTSIDE_HOURS,NONE,0,5.405325367263564,0,,,,,,,,,,,,,,,,0.34,0.34,4668.9,4673.32,4667.67,4670.82,,,,53.58433911787206,,,,,,,,,,,,,,,,,,,,,BOTH,,,,,21.52,pullback_weak_candle;momentum_volume_low
2026-04-03T00:10:39.832260+00:00,BTCUSD,viper,144388,M5,HOLD,HOLD,NONE,0,72.5665251384439,0,,,,,,,,,,,,,,,,22.0,22.0,66855.66,66856.03,66813.82,66814.4,,,,41.674365216110296,,,,,,,,,,,,,,66910.09077628468,,,,,,,SELL,,,,,8.93,pullback_not_near_ema;momentum_volume_low
2026-04-03T00:10:50.368732+00:00,BTCUSD,viper,144388,M5,HOLD,HOLD,NONE,0,72.89795370987346,0,,,,,,,,,,,,,,,,22.0,22.0,66855.66,66856.03,66809.18,66809.88,,,,41.38361020480617,,,,,,,,,,,,,,66909.6603000942,,,,,,,SELL,,,,,9.0,pullback_not_near_ema;momentum_volume_low
2026-04-03T00:11:00.990226+00:00,BTCUSD,viper,144388,M5,HOLD,HOLD,NONE,0,73.22223942415872,0,,,,,,,,,,,,,,,,22.0,22.0,66855.66,66856.03,66804.64,66805.22,,,,41.08806671009651,,,,,,,,,,,,,,66909.21649057038,,,,,,,SELL,,,,,9.07,pullback_not_near_ema;momentum_volume_low
2026-04-03T00:11:11.491449+00:00,BTCUSD,viper,144388,M5,HOLD,HOLD,NONE,0,74.76366799558741,0,,,,,,,,,,,,,,,,22.0,22.0,66855.66,66856.03,66783.06,66825.04,,,,42.37519694710348,,,,,,,,,,,,,,66911.104109618,,,,,,,SELL,,,,,9.36,pullback_not_near_ema;momentum_volume_low
2026-04-03T00:11:22.005029+00:00,BTCUSD,viper,144388,M5,HOLD,HOLD,NONE,0,74.76366799558741,0,,,,,,,,,,,,,,,,22.0,22.0,66855.66,66856.03,66783.06,66836.66,,,,43.16801093048718,,,,,,,,,,,,,,66912.21077628467,,,,,,,SELL,,,,,9.36,pullback_not_near_ema;momentum_volume_low
2026-04-03T00:11:32.631743+00:00,BTCUSD,viper,144388,M5,HOLD,HOLD,NONE,0,74.76366799558741,0,,,,,,,,,,,,,,,,22.0,22.0,66855.66,66856.03,66783.06,66836.99,,,,43.190959744074966,,,,,,,,,,,,,,66912.2422048561,,,,,,,SELL,,,,,9.36,pullback_not_near_ema;momentum_volume_low
2026-04-03T00:11:43.133981+00:00,BTCUSD,viper,144388,M5,HOLD,HOLD,NONE,0,74.76366799558741,0,,,,,,,,,,,,,,,,22.0,22.0,66855.66,66856.03,66783.06,66836.98,,,,43.190263966993655,,,,,,,,,,,,,,66912.24125247516,,,,,,,SELL,,,,,9.36,pullback_not_near_ema;momentum_volume_low
2026-04-03T00:11:53.743288+00:00,BTCUSD,viper,144388,M5,HOLD,HOLD,NONE,0,74.76366799558741,0,,,,,,,,,,,,,,,,22.0,22.0,66855.66,66856.03,66783.06,66836.66,,,,43.16801093048718,,,,,,,,,,,,,,66912.21077628467,,,,,,,SELL,,,,,9.36,pullback_not_near_ema;momentum_volume_low
2026-04-03T00:12:04.241358+00:00,BTCUSD,viper,144388,M5,HOLD,HOLD,NONE,0,74.76366799558741,0,,,,,,,,,,,,,,,,22.0,22.0,66855.66,66856.03,66783.06,66853.05,,,,44.33807385941098,,,,,,,,,,,,,,66913.77172866563,,,,,,,SELL,,,,,9.36,pullback_not_near_ema;momentum_volume_low
2026-04-03T00:12:14.697802+00:00,BTCUSD,viper,144388,M5,HOLD,HOLD,NONE,0,74.76366799558741,0,,,,,,,,,,,,,,,,22.0,22.0,66855.66,66856.03,66783.06,66854.88,,,,44.47266375647346,,,,,,,,,,,,,,66913.94601437991,,,,,,,SELL,,,,,9.36,pullback_not_near_ema;momentum_volume_low
2026-04-03T00:12:15.597664+00:00,XAUUSD,viper,144388,M5,OUTSIDE_HOURS,OUTSIDE_HOURS,NONE,0,5.405325367263564,0,,,,,,,,,,,,,,,,0.34,0.34,4668.9,4673.32,4667.67,4670.82,,,,53.58433911787206,,,,,,,,,,,,,,,,,,,,,BOTH,,,,,21.52,pullback_weak_candle;momentum_volume_low
2026-04-03T00:12:25.815798+00:00,BTCUSD,viper,144388,M5,HOLD,HOLD,NONE,0,75.354382281302,0,,,,,,,,,,,,,,,,22.0,22.0,66855.66,66864.3,66783.06,66863.78,,,,45.26283256015574,,,,,,,,,,,,,,66914.79363342753,,,,,,,SELL,,,,,9.36,pullback_weak_candle;momentum_volume_low
2026-04-03T00:12:36.259902+00:00,BTCUSD,viper,144388,M5,HOLD,HOLD,NONE,0,75.3686679955875,0,,,,,,,,,,,,,,,,22.0,22.0,66855.66,66864.5,66783.06,66863.64,,,,45.25025629532453,,,,,,,,,,,,,,66914.7803000942,,,,,,,SELL,,,,,9.36,pullback_weak_candle;momentum_volume_low
2026-04-03T00:12:46.698087+00:00,BTCUSD,viper,144388,M5,HOLD,HOLD,NONE,0,75.3686679955875,0,,,,,,,,,,,,,,,,22.0,22.0,66855.66,66864.5,66783.06,66857.43,,,,44.686535861979664,,,,,,,,,,,,,,66914.18887152277,,,,,,,SELL,,,,,9.36,pullback_weak_candle;momentum_volume_low
2026-04-03T00:12:57.263405+00:00,BTCUSD,viper,144388,M5,HOLD,HOLD,NONE,0,75.3686679955875,0,,,,,,,,,,,,,,,,22.0,22.0,66855.66,66864.5,66783.06,66839.55,,,,43.36981917188749,,,,,,,,,,,,,,66912.48601437992,,,,,,,SELL,,,,,9.36,pullback_weak_candle;momentum_volume_low
2026-04-03T00:13:07.756000+00:00,BTCUSD,viper,144388,M5,HOLD,HOLD,NONE,0,75.3686679955875,0,,,,,,,,,,,,,,,,22.0,22.0,66855.66,66864.5,66783.06,66821.0,,,,42.106333399062336,,,,,,,,,,,,,,66910.71934771324,,,,,,,SELL,,,,,9.36,pullback_structure_not_confirmed;momentum_volume_low
2026-04-03T00:13:18.274069+00:00,BTCUSD,viper,144388,M5,HOLD,HOLD,NONE,0,75.3686679955875,0,,,,,,,,,,,,,,,,22.0,22.0,66855.66,66864.5,66783.06,66821.12,,,,42.11427027070126,,,,,,,,,,,,,,66910.73077628468,,,,,,,SELL,,,,,9.36,pullback_structure_not_confirmed;momentum_volume_low
2026-04-03T00:13:28.893344+00:00,BTCUSD,viper,144388,M5,HOLD,HOLD,NONE,0,75.3686679955875,0,,,,,,,,,,,,,,,,22.0,22.0,66855.66,66864.5,66783.06,66817.36,,,,41.86699520647998,,,,,,,,,,,,,,66910.37268104657,,,,,,,SELL,,,,,9.36,pullback_structure_not_confirmed;momentum_volume_low
2026-04-03T00:13:39.428978+00:00,BTCUSD,viper,144388,M5,HOLD,HOLD,NONE,0,75.3686679955875,0,,,,,,,,,,,,,,,,22.0,22.0,66855.66,66864.5,66783.06,66821.21,,,,42.1202248882981,,,,,,,,,,,,,,66910.73934771324,,,,,,,SELL,,,,,9.36,pullback_structure_not_confirmed;momentum_volume_low
2026-04-03T00:13:49.940962+00:00,BTCUSD,viper,144388,M5,HOLD,HOLD,NONE,0,75.3686679955875,0,,,,,,,,,,,,,,,,22.0,22.0,66855.66,66864.5,66783.06,66828.99,,,,42.64141150632755,,,,,,,,,,,,,,66911.4803000942,,,,,,,SELL,,,,,9.36,pullback_weak_candle;momentum_volume_low
2026-04-03T00:14:00.437349+00:00,BTCUSD,viper,144388,M5,HOLD,HOLD,NONE,0,75.3686679955875,0,,,,,,,,,,,,,,,,22.0,22.0,66855.66,66864.5,66783.06,66828.98,,,,42.64073332216546,,,,,,,,,,,,,,66911.47934771325,,,,,,,SELL,,,,,9.36,pullback_weak_candle;momentum_volume_low
2026-04-03T00:14:01.186523+00:00,XAUUSD,viper,144388,M5,OUTSIDE_HOURS,OUTSIDE_HOURS,NONE,0,5.405325367263564,0,,,,,,,,,,,,,,,,0.34,0.34,4668.9,4673.32,4667.67,4670.82,,,,53.58433911787206,,,,,,,,,,,,,,,,,,,,,BOTH,,,,,21.52,pullback_weak_candle;momentum_volume_low
2026-04-03T00:14:11.502983+00:00,BTCUSD,viper,144388,M5,HOLD,HOLD,NONE,0,75.3686679955875,0,,,,,,,,,,,,,,,,22.0,22.0,66855.66,66864.5,66783.06,66821.2,,,,42.119563180967376,,,,,,,,,,,,,,66910.73839533229,,,,,,,SELL,,,,,9.36,pullback_structure_not_confirmed;momentum_volume_low
2026-04-03T00:14:21.964046+00:00,BTCUSD,viper,144388,M5,HOLD,HOLD,NONE,0,75.3686679955875,0,,,,,,,,,,,,,,,,22.0,22.0,66855.66,66864.5,66783.06,66820.9,,,,42.099721624232195,,,,,,,,,,,,,,66910.70982390372,,,,,,,SELL,,,,,9.36,pullback_structure_not_confirmed;momentum_volume_low
2026-04-03T00:14:32.515067+00:00,BTCUSD,viper,144388,M5,HOLD,HOLD,NONE,0,75.3686679955875,0,,,,,,,,,,,,,,,,22.0,22.0,66855.66,66864.5,66783.06,66819.2,,,,41.987638301122026,,,,,,,,,,,,,,66910.54791914181,,,,,,,SELL,,,,,9.36,pullback_structure_not_confirmed;momentum_volume_low
2026-04-03T00:14:42.955992+00:00,BTCUSD,viper,144388,M5,HOLD,HOLD,NONE,0,75.3686679955875,0,,,,,,,,,,,,,,,,22.0,22.0,66855.66,66864.5,66783.06,66805.91,,,,41.13156091485682,,,,,,,,,,,,,,66909.2822048561,,,,,,,SELL,,,,,9.36,pullback_structure_not_confirmed;momentum_volume_low
2026-04-03T00:14:53.466036+00:00,BTCUSD,viper,144388,M5,HOLD,HOLD,NONE,0,75.3686679955875,0,,,,,,,,,,,,,,,,22.0,22.0,66855.66,66864.5,66783.06,66805.6,,,,41.11200865382154,,,,,,,,,,,,,,66909.25268104658,,,,,,,SELL,,,,,9.36,pullback_structure_not_confirmed;momentum_volume_low
2026-04-03T00:15:04.170420+00:00,BTCUSD,viper,144388,M5,HOLD,HOLD,NONE,0,72.26662068219736,0,,,,,,,,,,,,,,,,22.0,22.0,66872.39,66873.38,66848.72,66849.33,,,,44.24688958376185,,,,,,,,,,,,,,66909.29659814152,,,,,,,SELL,,,,,9.36,pullback_structure_not_confirmed;momentum_volume_low
2026-04-03T00:15:14.899379+00:00,BTCUSD,viper,144388,M5,HOLD,HOLD,NONE,0,73.43947782505437,0,,,,,,,,,,,,,,,,22.0,22.0,66872.39,66873.38,66832.3,66832.9,,,,43.06160128745641,,,,,,,,,,,,,,66907.73183623675,,,,,,,SELL,,,,,9.36,pullback_structure_not_confirmed;momentum_volume_low
2026-04-03T00:15:25.588562+00:00,BTCUSD,viper,144388,M5,HOLD,HOLD,NONE,0,73.83233496791152,0,,,,,,,,,,,,,,,,22.0,22.0,66872.39,66873.38,66826.8,66826.8,,,,42.63754286812146,,,,,,,,,,,,,,66907.15088385581,,,,,,,SELL,,,,,9.36,pullback_structure_not_confirmed;momentum_volume_low
2026-04-03T00:15:36.142982+00:00,BTCUSD,viper,144388,M5,HOLD,HOLD,NONE,0,74.54947782505495,0,,,,,,,,,,,,,,,,22.0,22.0,66872.39,66873.38,66816.76,66817.11,,,,41.980822628288976,,,,,,,,,,,,,,66906.22802671295,,,,,,,SELL,,,,,9.36,pullback_structure_not_confirmed;momentum_volume_low
2026-04-03T00:15:46.720363+00:00,BTCUSD,viper,144388,M5,HOLD,HOLD,NONE,0,74.81090639648274,0,,,,,,,,,,,,,,,,22.0,22.0,66872.39,66873.38,66813.1,66813.7,,,,41.754503035415446,,,,,,,,,,,,,,66905.90326480819,,,,,,,SELL,,,,,9.36,pullback_structure_not_confirmed;momentum_volume_low
2026-04-03T00:15:47.633884+00:00,XAUUSD,viper,144388,M5,OUTSIDE_HOURS,OUTSIDE_HOURS,NONE,0,5.405325367263564,0,,,,,,,,,,,,,,,,0.34,0.34,4668.9,4673.32,4667.67,4670.82,,,,53.58433911787206,,,,,,,,,,,,,,,,,,,,,BOTH,,,,,21.52,pullback_weak_candle;momentum_volume_low
2026-04-03T00:15:58.089579+00:00,BTCUSD,viper,144388,M5,HOLD,HOLD,NONE,0,74.8680492536258,0,,,,,,,,,,,,,,,,22.0,22.0,66872.39,66873.38,66812.3,66812.65,,,,41.685305740058666,,,,,,,,,,,,,,66905.80326480819,,,,,,,SELL,,,,,9.36,pullback_structure_not_confirmed;momentum_volume_low
2026-04-03T00:16:08.724623+00:00,BTCUSD,viper,144388,M5,HOLD,HOLD,NONE,0,75.59662068219703,0,,,,,,,,,,,,,,,,22.0,22.0,66872.39,66873.38,66802.1,66807.67,,,,41.36021200455179,,,,,,,,,,,,,,66905.3289790939,,,,,,,SELL,,,,,9.36,pullback_structure_not_confirmed;momentum_volume_low
2026-04-03T00:16:19.420554+00:00,BTCUSD,viper,144388,M5,HOLD,HOLD,NONE,0,75.59662068219703,0,,,,,,,,,,,,,,,,22.0,22.0,66872.39,66873.38,66802.1,66807.26,,,,41.33367303090016,,,,,,,,,,,,,,66905.28993147485,,,,,,,SELL,,,,,9.36,pullback_structure_not_confirmed;momentum_volume_low
2026-04-03T00:16:30.200715+00:00,BTCUSD,viper,144388,M5,HOLD,HOLD,NONE,0,75.59662068219703,0,,,,,,,,,,,,,,,,22.0,22.0,66872.39,66873.38,66802.1,66824.71,,,,42.494165280619356,,,,,,,,,,,,,,66906.95183623675,,,,,,,SELL,,,,,9.36,pullback_structure_not_confirmed;momentum_volume_low
2026-04-03T00:16:40.946994+00:00,BTCUSD,viper,144388,M5,HOLD,HOLD,NONE,0,75.59662068219703,0,,,,,,,,,,,,,,,,22.0,22.0,66872.39,66873.38,66802.1,66824.22,,,,42.46068986795608,,,,,,,,,,,,,,66906.90516957009,,,,,,,SELL,,,,,9.36,pullback_structure_not_confirmed;momentum_volume_low
2026-04-03T00:16:51.396660+00:00,BTCUSD,viper,144388,M5,HOLD,HOLD,NONE,0,75.59662068219703,0,,,,,,,,,,,,,,,,22.0,22.0,66872.39,66873.38,66802.1,66824.62,,,,42.48801277892541,,,,,,,,,,,,,,66906.94326480819,,,,,,,SELL,,,,,9.36,pullback_structure_not_confirmed;momentum_volume_low
2026-04-03T00:17:01.869576+00:00,BTCUSD,viper,144388,M5,HOLD,HOLD,NONE,0,75.59662068219703,0,,,,,,,,,,,,,,,,22.0,22.0,66872.39,66873.38,66802.1,66834.01,,,,43.139674766329804,,,,,,,,,,,,,,66907.83755052247,,,,,,,SELL,,,,,9.36,pullback_structure_not_confirmed;momentum_volume_low
2026-04-03T00:17:12.341871+00:00,BTCUSD,viper,144388,M5,HOLD,HOLD,NONE,0,75.59662068219703,0,,,,,,,,,,,,,,,,22.0,22.0,66872.39,66873.38,66802.1,66842.97,,,,43.78040940867229,,,,,,,,,,,,,,66908.6908838558,,,,,,,SELL,,,,,9.36,pullback_structure_not_confirmed;momentum_volume_low
2026-04-03T00:17:22.846792+00:00,BTCUSD,viper,144388,M5,HOLD,HOLD,NONE,0,75.59662068219703,0,,,,,,,,,,,,,,,,22.0,22.0,66872.39,66873.38,66802.1,66831.28,,,,42.94816205383862,,,,,,,,,,,,,,66907.57755052247,,,,,,,SELL,,,,,9.36,pullback_structure_not_confirmed;momentum_volume_low
2026-04-03T00:17:33.306021+00:00,BTCUSD,viper,144388,M5,HOLD,HOLD,NONE,0,75.59662068219703,0,,,,,,,,,,,,,,,,22.0,22.0,66872.39,66873.38,66802.1,66829.22,,,,42.80477250199132,,,,,,,,,,,,,,66907.38136004629,,,,,,,SELL,,,,,9.36,pullback_structure_not_confirmed;momentum_volume_low
2026-04-03T00:17:34.168959+00:00,XAUUSD,viper,144388,M5,OUTSIDE_HOURS,OUTSIDE_HOURS,NONE,0,5.405325367263564,0,,,,,,,,,,,,,,,,0.34,0.34,4668.9,4673.32,4667.67,4670.82,,,,53.58433911787206,,,,,,,,,,,,,,,,,,,,,BOTH,,,,,21.52,pullback_weak_candle;momentum_volume_low
2026-04-03T00:17:44.404572+00:00,BTCUSD,viper,144388,M5,HOLD,HOLD,NONE,0,75.59662068219703,0,,,,,,,,,,,,,,,,22.0,22.0,66872.39,66873.38,66802.1,66829.38,,,,42.81587525076413,,,,,,,,,,,,,,66907.39659814152,,,,,,,SELL,,,,,9.36,pullback_structure_not_confirmed;momentum_volume_low
2026-04-03T00:17:54.886291+00:00,BTCUSD,viper,144388,M5,HOLD,HOLD,NONE,0,75.59662068219703,0,,,,,,,,,,,,,,,,22.0,22.0,66872.39,66873.38,66802.1,66839.2,,,,43.508509609928524,,,,,,,,,,,,,,66908.33183623676,,,,,,,SELL,,,,,9.36,pullback_structure_not_confirmed;momentum_volume_low
2026-04-03T00:18:05.403383+00:00,BTCUSD,viper,144388,M5,HOLD,HOLD,NONE,0,75.59662068219703,0,,,,,,,,,,,,,,,,22.0,22.0,66872.39,66873.38,66802.1,66819.62,,,,42.14898362903925,,,,,,,,,,,,,,66906.467074332,,,,,,,SELL,,,,,9.36,pullback_structure_not_confirmed;momentum_volume_low
2026-04-03T00:18:15.893194+00:00,BTCUSD,viper,144388,M5,HOLD,HOLD,NONE,0,75.59662068219703,0,,,,,,,,,,,,,,,,22.0,22.0,66872.39,66873.38,66802.1,66827.96,,,,42.7175391671743,,,,,,,,,,,,,,66907.26136004628,,,,,,,SELL,,,,,9.36,pullback_structure_not_confirmed;momentum_volume_low
2026-04-03T00:18:26.341726+00:00,BTCUSD,viper,144388,M5,HOLD,HOLD,NONE,0,75.59662068219703,0,,,,,,,,,,,,,,,,22.0,22.0,66872.39,66873.38,66802.1,66827.9,,,,42.71339406662462,,,,,,,,,,,,,,66907.25564576057,,,,,,,SELL,,,,,9.36,pullback_structure_not_confirmed;momentum_volume_low
2026-04-03T00:18:36.874220+00:00,BTCUSD,viper,144388,M5,HOLD,HOLD,NONE,0,75.59662068219703,0,,,,,,,,,,,,,,,,22.0,22.0,66872.39,66873.38,66802.1,66819.92,,,,42.169172728759435,,,,,,,,,,,,,,66906.49564576057,,,,,,,SELL,,,,,9.36,pullback_structure_not_confirmed;momentum_volume_low
2026-04-03T00:18:47.324608+00:00,BTCUSD,viper,144388,M5,HOLD,HOLD,NONE,0,75.59662068219703,0,,,,,,,,,,,,,,,,22.0,22.0,66872.39,66873.38,66802.1,66826.36,,,,42.60727776599906,,,,,,,,,,,,,,66907.1089790939,,,,,,,SELL,,,,,9.36,pullback_structure_not_confirmed;momentum_volume_low
2026-04-03T00:18:57.779206+00:00,BTCUSD,viper,144388,M5,HOLD,HOLD,NONE,0,75.59662068219703,0,,,,,,,,,,,,,,,,22.0,22.0,66872.39,66873.38,66802.1,66826.22,,,,42.597656969117345,,,,,,,,,,,,,,66907.09564576056,,,,,,,SELL,,,,,9.36,pullback_structure_not_confirmed;momentum_volume_low
2026-04-03T00:19:08.422606+00:00,BTCUSD,viper,144388,M5,HOLD,HOLD,NONE,0,75.59662068219703,0,,,,,,,,,,,,,,,,22.0,22.0,66872.39,66873.38,66802.1,66833.64,,,,43.11361883630793,,,,,,,,,,,,,,66907.80231242723,,,,,,,SELL,,,,,9.36,pullback_structure_not_confirmed;momentum_volume_low
2026-04-03T00:19:18.995382+00:00,BTCUSD,viper,144388,M5,HOLD,HOLD,NONE,0,75.59662068219703,0,,,,,,,,,,,,,,,,22.0,22.0,66872.39,66873.38,66802.1,66834.14,,,,43.14883703081858,,,,,,,,,,,,,,66907.84993147485,,,,,,,SELL,,,,,9.36,pullback_structure_not_confirmed;momentum_volume_low
2026-04-03T00:19:19.773224+00:00,XAUUSD,viper,144388,M5,OUTSIDE_HOURS,OUTSIDE_HOURS,NONE,0,5.405325367263564,0,,,,,,,,,,,,,,,,0.34,0.34,4668.9,4673.32,4667.67,4670.82,,,,53.58433911787206,,,,,,,,,,,,,,,,,,,,,BOTH,,,,,21.52,pullback_weak_candle;momentum_volume_low
2026-04-03T00:19:29.977384+00:00,BTCUSD,viper,144388,M5,HOLD,HOLD,NONE,0,75.59662068219703,0,,,,,,,,,,,,,,,,22.0,22.0,66872.39,66873.38,66802.1,66833.6,,,,43.1108038641692,,,,,,,,,,,,,,66907.79850290343,,,,,,,SELL,,,,,9.36,pullback_structure_not_confirmed;momentum_volume_low
2026-04-03T00:19:40.519981+00:00,BTCUSD,viper,144388,M5,HOLD,HOLD,NONE,0,75.59662068219703,0,,,,,,,,,,,,,,,,22.0,22.0,66872.39,66873.38,66802.1,66833.86,,,,43.12910775653501,,,,,,,,,,,,,,66907.82326480819,,,,,,,SELL,,,,,9.36,pullback_structure_not_confirmed;momentum_volume_low
2026-04-03T00:19:51.040266+00:00,BTCUSD,viper,144388,M5,HOLD,HOLD,NONE,0,75.59662068219703,0,,,,,,,,,,,,,,,,22.0,22.0,66872.39,66873.38,66802.1,66833.86,,,,43.12910775653501,,,,,,,,,,,,,,66907.82326480819,,,,,,,SELL,,,,,9.36,pullback_structure_not_confirmed;momentum_volume_low
2026-04-03T00:20:01.537391+00:00,BTCUSD,viper,144388,M5,HOLD,HOLD,NONE,0,70.22757720714476,0,,,,,,,,,,,,,,,,22.0,22.0,66833.6,66833.9,66833.6,66833.8,,,,43.12362769995112,,,,,,,,,,,,,,66900.78807871632,,,,,,,SELL,,,,,9.35,pullback_not_near_ema;momentum_volume_low
2026-04-03T00:20:11.992178+00:00,BTCUSD,viper,144388,M5,HOLD,HOLD,NONE,0,70.37472006428746,0,,,,,,,,,,,,,,,,22.0,22.0,66833.6,66836.06,66833.57,66835.68,,,,43.30563094344283,,,,,,,,,,,,,,66900.96712633537,,,,,,,SELL,,,,,9.35,pullback_not_near_ema;momentum_volume_low
2026-04-03T00:20:22.451988+00:00,BTCUSD,viper,144388,M5,HOLD,HOLD,NONE,0,70.61543435000141,0,,,,,,,,,,,,,,,,22.0,22.0,66833.6,66839.43,66833.57,66839.17,,,,43.6505724692046,,,,,,,,,,,,,,66901.29950728774,,,,,,,SELL,,,,,9.35,pullback_not_near_ema;momentum_volume_low
2026-04-03T00:20:33.032696+00:00,BTCUSD,viper,144388,M5,HOLD,HOLD,NONE,0,71.90472006428733,0,,,,,,,,,,,,,,,,22.0,22.0,66833.6,66857.48,66833.57,66857.48,,,,45.39363022099146,,,,,,,,,,,,,,66903.04331681156,,,,,,,SELL,,,,,9.35,pullback_structure_not_confirmed;momentum_volume_low
2026-04-03T00:20:43.554760+00:00,BTCUSD,viper,144388,M5,HOLD,HOLD,NONE,0,72.12614863571632,0,,,,,,,,,,,,,,,,22.0,22.0,66833.6,66860.58,66833.57,66860.22,,,,45.64523685883305,,,,,,,,,,,,,,66903.30426919251,,,,,,,SELL,,,,,9.35,pullback_structure_not_confirmed;momentum_volume_low
2026-04-03T00:20:54.076663+00:00,BTCUSD,viper,144388,M5,HOLD,HOLD,NONE,0,72.148291492859,0,,,,,,,,,,,,,,,,22.0,22.0,66833.6,66860.89,66833.57,66860.24,,,,45.64706488001225,,,,,,,,,,,,,,66903.3061739544,,,,,,,SELL,,,,,9.35,pullback_structure_not_confirmed;momentum_volume_low
2026-04-03T00:21:04.530035+00:00,BTCUSD,viper,144388,M5,HOLD,HOLD,NONE,0,72.32543435000261,0,,,,,,,,,,,,,,,,22.0,22.0,66833.6,66860.89,66831.09,66831.27,,,,42.93263286236644,,,,,,,,,,,,,,66900.54712633537,,,,,,,SELL,,,,,9.35,pullback_weak_candle;momentum_volume_low
2026-04-03T00:21:05.301143+00:00,XAUUSD,viper,144388,M5,OUTSIDE_HOURS,OUTSIDE_HOURS,NONE,0,5.405325367263564,0,,,,,,,,,,,,,,,,0.34,0.34,4668.9,4673.32,4667.67,4670.82,,,,53.58433911787206,,,,,,,,,,,,,,,,,,,,,BOTH,,,,,21.52,pullback_weak_candle;momentum_volume_low
2026-04-03T00:21:15.579294+00:00,BTCUSD,viper,144388,M5,HOLD,HOLD,NONE,0,72.32543435000261,0,,,,,,,,,,,,,,,,22.0,22.0,66833.6,66860.89,66831.09,66844.04,,,,44.124953143591355,,,,,,,,,,,,,,66901.76331681156,,,,,,,SELL,,,,,9.35,pullback_weak_candle;momentum_volume_low
2026-04-03T00:21:26.079016+00:00,BTCUSD,viper,144388,M5,HOLD,HOLD,NONE,0,72.32543435000261,0,,,,,,,,,,,,,,,,22.0,22.0,66833.6,66860.89,66831.09,66844.16,,,,44.13654138636087,,,,,,,,,,,,,,66901.77474538298,,,,,,,SELL,,,,,9.35,pullback_weak_candle;momentum_volume_low
2026-04-03T00:21:36.551763+00:00,BTCUSD,viper,144388,M5,HOLD,HOLD,NONE,0,72.32543435000261,0,,,,,,,,,,,,,,,,22.0,22.0,66833.6,66860.89,66831.09,66844.25,,,,44.145229414528856,,,,,,,,,,,,,,66901.78331681156,,,,,,,SELL,,,,,9.35,pullback_weak_candle;momentum_volume_low
2026-04-03T00:21:47.095824+00:00,BTCUSD,viper,144388,M5,HOLD,HOLD,NONE,0,72.32543435000261,0,,,,,,,,,,,,,,,,22.0,22.0,66833.6,66860.89,66831.09,66845.48,,,,44.263695536527656,,,,,,,,,,,,,,66901.9004596687,,,,,,,SELL,,,,,9.35,pullback_weak_candle;momentum_volume_low
2026-04-03T00:21:57.990187+00:00,BTCUSD,viper,144388,M5,HOLD,HOLD,NONE,0,72.32543435000261,0,,,,,,,,,,,,,,,,22.0,22.0,66833.6,66860.89,66831.09,66849.71,,,,44.667295440128655,,,,,,,,,,,,,,66902.30331681155,,,,,,,SELL,,,,,9.35,pullback_structure_not_confirmed;momentum_volume_low
2026-04-03T00:22:08.601800+00:00,BTCUSD,viper,144388,M5,HOLD,HOLD,NONE,0,72.88829149286009,0,,,,,,,,,,,,,,,,22.0,22.0,66833.6,66868.77,66831.09,66868.54,,,,46.39522607851624,,,,,,,,,,,,,,66904.09665014489,,,,,,,SELL,,,,,9.35,pullback_structure_not_confirmed;momentum_volume_low
2026-04-03T00:22:19.079618+00:00,BTCUSD,viper,144388,M5,HOLD,HOLD,NONE,0,73.9532914928593,0,,,,,,,,,,,,,,,,22.0,22.0,66833.6,66883.68,66831.09,66883.68,,,,47.708192489988974,,,,,,,,,,,,,,66905.53855490679,,,,,,,SELL,,,,,9.16,pullback_structure_not_confirmed;momentum_volume_low
2026-04-03T00:22:29.640466+00:00,BTCUSD,viper,144388,M5,HOLD,HOLD,NONE,0,75.79043435000224,0,,,,,,,,,,,,,,,,22.0,22.0,66833.6,66909.4,66831.09,66909.04,,,,49.769036088400775,,,,,,,,,,,,,,66907.95379300203,,,,,,,SELL,,,,,8.74,pullback_structure_not_confirmed;momentum_volume_low
2026-04-03T00:22:40.232065+00:00,BTCUSD,viper,144388,M5,HOLD,HOLD,NONE,0,77.12329149285964,0,,,,,,,,,,,,,,,,22.0,22.0,66833.6,66928.06,66831.09,66928.06,,,,51.21112954628681,,,,,,,,,,,,,,66909.76522157346,,,,,,,SELL,,,,,8.92,pullback_structure_not_confirmed;momentum_volume_low
2026-04-03T00:22:50.729002+00:00,BTCUSD,viper,144388,M5,HOLD,HOLD,NONE,0,77.12329149285964,0,,,,,,,,,,,,,,,,22.0,22.0,66833.6,66928.06,66831.09,66922.31,,,,50.783974277734835,,,,,,,,,,,,,,66909.21760252584,,,,,,,SELL,,,,,8.92,pullback_structure_not_confirmed;momentum_volume_low
2026-04-03T00:22:51.593671+00:00,XAUUSD,viper,144388,M5,OUTSIDE_HOURS,OUTSIDE_HOURS,NONE,0,5.405325367263564,0,,,,,,,,,,,,,,,,0.34,0.34,4668.9,4673.32,4667.67,4670.82,,,,53.58433911787206,,,,,,,,,,,,,,,,,,,,,BOTH,,,,,21.52,pullback_weak_candle;momentum_volume_low
2026-04-03T00:23:01.813883+00:00,BTCUSD,viper,144388,M5,HOLD,HOLD,NONE,0,77.12329149285964,0,,,,,,,,,,,,,,,,22.0,22.0,66833.6,66928.06,66831.09,66924.54,,,,50.95052112645979,,,,,,,,,,,,,,66909.42998347821,,,,,,,SELL,,,,,8.92,pullback_structure_not_confirmed;momentum_volume_low
2026-04-03T00:23:12.292742+00:00,BTCUSD,viper,144388,M5,HOLD,HOLD,NONE,0,77.12329149285964,0,,,,,,,,,,,,,,,,22.0,22.0,66833.6,66928.06,66831.09,66926.34,,,,51.08413368195058,,,,,,,,,,,,,,66909.60141204965,,,,,,,SELL,,,,,8.92,pullback_structure_not_confirmed;momentum_volume_low
2026-04-03T00:23:23.029114+00:00,BTCUSD,viper,144388,M5,HOLD,HOLD,NONE,0,77.26329149286009,0,,,,,,,,,,,,,,,,22.0,22.0,66833.6,66930.02,66831.09,66929.82,,,,51.340398014313244,,,,,,,,,,,,,,66909.93284062108,,,,,,,SELL,,,,,8.95,pullback_structure_not_confirmed;momentum_volume_low
2026-04-03T00:23:33.734343+00:00,BTCUSD,viper,144388,M5,HOLD,HOLD,NONE,0,77.2775772071456,0,,,,,,,,,,,,,,,,22.0,22.0,66833.6,66930.22,66831.09,66929.84,,,,51.34186303798665,,,,,,,,,,,,,,66909.93474538298,,,,,,,SELL,,,,,8.95,pullback_structure_not_confirmed;momentum_volume_low
2026-04-03T00:23:44.545698+00:00,BTCUSD,viper,144388,M5,HOLD,HOLD,NONE,0,78.639005778574,0,,,,,,,,,,,,,,,,22.0,22.0,66833.6,66949.28,66831.09,66948.86,,,,52.69627854090189,,,,,,,,,,,,,,66911.74617395441,,,,,,,SELL,,,,,9.22,pullback_structure_not_confirmed;momentum_volume_low
2026-04-03T00:23:55.283520+00:00,BTCUSD,viper,144388,M5,HOLD,HOLD,NONE,0,78.66257720714555,0,,,,,,,,,,,,,,,,22.0,22.0,66833.6,66949.61,66831.09,66945.32,,,,52.44993549924953,,,,,,,,,,,,,,66911.40903109727,,,,,,,SELL,,,,,9.22,pullback_structure_not_confirmed;momentum_volume_low
2026-04-03T00:24:05.897479+00:00,BTCUSD,viper,144388,M5,HOLD,HOLD,NONE,0,78.66257720714555,0,,,,,,,,,,,,,,,,22.0,22.0,66833.6,66949.61,66831.09,66946.42,,,,52.526757093086104,,,,,,,,,,,,,,66911.51379300203,,,,,,,SELL,,,,,9.22,pullback_structure_not_confirmed;momentum_volume_low
2026-04-03T00:24:16.452757+00:00,BTCUSD,viper,144388,M5,HOLD,HOLD,NONE,0,78.66257720714555,0,,,,,,,,,,,,,,,,22.0,22.0,66833.6,66949.61,66831.09,66945.79,,,,52.48278967095128,,,,,,,,,,,,,,66911.45379300203,,,,,,,SELL,,,,,9.22,pullback_structure_not_confirmed;momentum_volume_low
2026-04-03T00:24:26.939634+00:00,BTCUSD,viper,144388,M5,HOLD,HOLD,NONE,0,78.66257720714555,0,,,,,,,,,,,,,,,,22.0,22.0,66833.6,66949.61,66831.09,66946.0,,,,52.49745452453728,,,,,,,,,,,,,,66911.47379300203,,,,,,,SELL,,,,,9.22,pullback_structure_not_confirmed;momentum_volume_low
2026-04-03T00:24:37.452340+00:00,BTCUSD,viper,144388,M5,HOLD,HOLD,NONE,0,78.66257720714555,0,,,,,,,,,,,,,,,,22.0,22.0,66833.6,66949.61,66831.09,66946.16,,,,52.50862167216667,,,,,,,,,,,,,,66911.48903109727,,,,,,,SELL,,,,,9.22,pullback_structure_not_confirmed;momentum_volume_low
2026-04-03T00:24:38.278533+00:00,XAUUSD,viper,144388,M5,OUTSIDE_HOURS,OUTSIDE_HOURS,NONE,0,5.405325367263564,0,,,,,,,,,,,,,,,,0.34,0.34,4668.9,4673.32,4667.67,4670.82,,,,53.58433911787206,,,,,,,,,,,,,,,,,,,,,BOTH,,,,,21.52,pullback_weak_candle;momentum_volume_low
2026-04-03T00:24:48.521477+00:00,BTCUSD,viper,144388,M5,HOLD,HOLD,NONE,0,79.02472006428786,0,,,,,,,,,,,,,,,,22.0,22.0,66833.6,66954.68,66831.09,66954.04,,,,53.05218109726192,,,,,,,,,,,,,,66912.23950728774,,,,,,,SELL,,,,,9.29,pullback_structure_not_confirmed;momentum_volume_low
2026-04-03T00:24:59.147800+00:00,BTCUSD,viper,144388,M5,HOLD,HOLD,NONE,0,79.03614863571669,0,,,,,,,,,,,,,,,,22.0,22.0,66833.6,66954.84,66831.09,66954.32,,,,53.071266569198634,,,,,,,,,,,,,,66912.26617395441,,,,,,,SELL,,,,,9.29,pullback_structure_not_confirmed;momentum_volume_low
2026-04-03T00:25:09.577132+00:00,BTCUSD,viper,144388,M5,HOLD,HOLD,NONE,0,74.09499705622987,0,,,,,,,,,,,,,,,,22.0,22.0,66954.28,66954.88,66945.02,66945.02,,,,52.30665556136794,,,,,,,,,,,,,,66915.41315963502,,,,,,,SELL,,,,,9.23,pullback_structure_not_confirmed;momentum_volume_low
2026-04-03T00:25:20.033048+00:00,BTCUSD,viper,144388,M5,HOLD,HOLD,NONE,0,76.47642562765922,0,,,,,,,,,,,,,,,,22.0,22.0,66954.28,66954.88,66911.68,66911.68,,,,49.7526971244287,,,,,,,,,,,,,,66912.23792153978,,,,,,,SELL,,,,,9.23,pullback_structure_not_confirmed;momentum_volume_low
2026-04-03T00:25:30.777641+00:00,BTCUSD,viper,144388,M5,HOLD,HOLD,NONE,0,77.65571134194457,0,,,,,,,,,,,,,,,,22.0,22.0,66954.28,66954.88,66895.17,66895.62,,,,48.60940522763114,,,,,,,,,,,,,,66910.70839773025,,,,,,,SELL,,,,,9.23,pullback_structure_not_confirmed;momentum_volume_low
2026-04-03T00:25:41.233162+00:00,BTCUSD,viper,144388,M5,HOLD,HOLD,NONE,0,78.6121399133731,0,,,,,,,,,,,,,,,,22.0,22.0,66954.28,66954.88,66881.78,66883.94,,,,47.810380900931854,,,,,,,,,,,,,,66909.59601677787,,,,,,,SELL,,,,,9.23,pullback_structure_not_confirmed;momentum_volume_low
2026-04-03T00:25:51.875170+00:00,BTCUSD,viper,144388,M5,HOLD,HOLD,NONE,0,80.76071134194466,0,,,,,,,,,,,,,,,,22.0,22.0,66954.28,66954.88,66851.7,66861.13,,,,46.323343023868425,,,,,,,,,,,,,,66907.42363582549,,,,,,,SELL,,,,,9.23,pullback_structure_not_confirmed;momentum_volume_low
2026-04-03T00:26:02.390149+00:00,BTCUSD,viper,144388,M5,HOLD,HOLD,NONE,0,80.76071134194466,0,,,,,,,,,,,,,,,,22.0,22.0,66954.28,66954.88,66851.7,66852.32,,,,45.7734676570292,,,,,,,,,,,,,,66906.58458820645,,,,,,,SELL,,,,,9.23,pullback_structure_not_confirmed;momentum_volume_low
2026-04-03T00:26:12.938832+00:00,BTCUSD,viper,144388,M5,HOLD,HOLD,NONE,0,81.70713991337323,0,,,,,,,,,,,,,,,,22.0,22.0,66954.28,66954.88,66838.45,66843.69,,,,45.247338587694955,,,,,,,,,,,,,,66905.76268344454,,,,,,,SELL,,,,,9.23,pullback_structure_not_confirmed;momentum_volume_low
2026-04-03T00:26:23.482898+00:00,BTCUSD,viper,144388,M5,HOLD,HOLD,NONE,0,81.70713991337323,0,,,,,,,,,,,,,,,,22.0,22.0,66954.28,66954.88,66838.45,66851.4,,,,45.71679780313025,,,,,,,,,,,,,,66906.49696915882,,,,,,,SELL,,,,,9.23,pullback_structure_not_confirmed;momentum_volume_low
2026-04-03T00:26:24.221737+00:00,XAUUSD,viper,144388,M5,OUTSIDE_HOURS,OUTSIDE_HOURS,NONE,0,5.405325367263564,0,,,,,,,,,,,,,,,,0.34,0.34,4668.9,4673.32,4667.67,4670.82,,,,53.58433911787206,,,,,,,,,,,,,,,,,,,,,BOTH,,,,,21.52,pullback_weak_candle;momentum_volume_low
2026-04-03T00:26:34.461920+00:00,BTCUSD,viper,144388,M5,HOLD,HOLD,NONE,0,81.72285419908759,0,,,,,,,,,,,,,,,,22.0,22.0,66954.28,66954.88,66838.23,66840.96,,,,45.08341286017037,,,,,,,,,,,,,,66905.50268344453,,,,,,,SELL,,,,,9.23,pullback_structure_not_confirmed;momentum_volume_low
2026-04-03T00:26:44.957839+00:00,BTCUSD,viper,144388,M5,HOLD,HOLD,NONE,0,82.03356848480125,0,,,,,,,,,,,,,,,,22.0,22.0,66954.28,66954.88,66833.88,66833.88,,,,44.66376977884759,,,,,,,,,,,,,,66904.82839773025,,,,,,,SELL,,,,,9.23,pullback_structure_not_confirmed;momentum_volume_low
2026-04-03T00:26:55.465937+00:00,BTCUSD,viper,144388,M5,HOLD,HOLD,NONE,0,82.52285419908739,0,,,,,,,,,,,,,,,,22.0,22.0,66954.28,66954.88,66827.03,66827.58,,,,44.29687321397923,,,,,,,,,,,,,,66904.22839773026,,,,,,,SELL,,,,,9.16,pullback_structure_not_confirmed;momentum_volume_low
2026-04-03T00:27:05.984432+00:00,BTCUSD,viper,144388,M5,HOLD,HOLD,NONE,0,83.79499705623007,0,,,,,,,,,,,,,,,,22.0,22.0,66954.28,66954.88,66809.22,66809.63,,,,43.28380747197409,,,,,,,,,,,,,,66902.51887392072,,,,,,,SELL,,,,,8.88,pullback_structure_not_confirmed;momentum_volume_low
2026-04-03T00:27:16.561177+00:00,BTCUSD,viper,144388,M5,HOLD,HOLD,NONE,0,85.05356848480118,0,,,,,,,,,,,,,,,,22.0,22.0,66954.28,66954.88,66791.6,66796.02,,,,42.546043555538624,,,,,,,,,,,,,,66901.22268344453,,,,,,,SELL,,,,,8.63,pullback_structure_not_confirmed;momentum_volume_low
2026-04-03T00:27:27.105101+00:00,BTCUSD,viper,144388,M5,HOLD,HOLD,NONE,0,85.05356848480118,0,,,,,,,,,,,,,,,,22.0,22.0,66954.28,66954.88,66791.6,66800.27,,,,42.77371034475004,,,,,,,,,,,,,,66901.6274453493,,,,,,,SELL,,,,,8.63,pullback_structure_not_confirmed;momentum_volume_low
2026-04-03T00:27:37.699184+00:00,BTCUSD,viper,144388,M5,HOLD,HOLD,NONE,0,85.05356848480118,0,,,,,,,,,,,,,,,,22.0,22.0,66954.28,66954.88,66791.6,66799.22,,,,42.717236933098455,,,,,,,,,,,,,,66901.5274453493,,,,,,,SELL,,,,,8.63,pullback_structure_not_confirmed;momentum_volume_low
2026-04-03T00:27:48.130651+00:00,BTCUSD,viper,144388,M5,HOLD,HOLD,NONE,0,85.05356848480118,0,,,,,,,,,,,,,,,,22.0,22.0,66954.28,66954.88,66791.6,66816.76,,,,43.68061359500627,,,,,,,,,,,,,,66903.19792153977,,,,,,,SELL,,,,,8.63,pullback_structure_not_confirmed;momentum_volume_low
2026-04-03T00:27:58.579083+00:00,BTCUSD,viper,144388,M5,HOLD,HOLD,NONE,0,85.05356848480118,0,,,,,,,,,,,,,,,,22.0,22.0,66954.28,66954.88,66791.6,66816.11,,,,43.644137977299884,,,,,,,,,,,,,,66903.13601677788,,,,,,,SELL,,,,,8.63,pullback_structure_not_confirmed;momentum_volume_low
2026-04-03T00:28:09.123707+00:00,BTCUSD,viper,144388,M5,HOLD,HOLD,NONE,0,85.05356848480118,0,,,,,,,,,,,,,,,,22.0,22.0,66954.28,66954.88,66791.6,66816.5,,,,43.6660160340836,,,,,,,,,,,,,,66903.17315963501,,,,,,,SELL,,,,,8.63,pullback_structure_not_confirmed;momentum_volume_low
2026-04-03T00:28:10.230784+00:00,XAUUSD,viper,144388,M5,OUTSIDE_HOURS,OUTSIDE_HOURS,NONE,0,5.405325367263564,0,,,,,,,,,,,,,,,,0.34,0.34,4668.9,4673.32,4667.67,4670.82,,,,53.58433911787206,,,,,,,,,,,,,,,,,,,,,BOTH,,,,,21.52,pullback_weak_candle;momentum_volume_low
2026-04-03T00:28:20.432493+00:00,BTCUSD,viper,144388,M5,HOLD,HOLD,NONE,0,85.05356848480118,0,,,,,,,,,,,,,,,,22.0,22.0,66954.28,66954.88,66791.6,66822.88,,,,44.02705873532561,,,,,,,,,,,,,,66903.78077868263,,,,,,,SELL,,,,,8.63,pullback_structure_not_confirmed;momentum_volume_low
2026-04-03T00:28:30.930987+00:00,BTCUSD,viper,144388,M5,HOLD,HOLD,NONE,0,85.05356848480118,0,,,,,,,,,,,,,,,,22.0,22.0,66954.28,66954.88,66791.6,66823.47,,,,44.06074851754908,,,,,,,,,,,,,,66903.83696915882,,,,,,,SELL,,,,,8.63,pullback_structure_not_confirmed;momentum_volume_low
2026-04-03T00:28:41.535898+00:00,BTCUSD,viper,144388,M5,HOLD,HOLD,NONE,0,85.05356848480118,0,,,,,,,,,,,,,,,,22.0,22.0,66954.28,66954.88,66791.6,66823.9,,,,44.08533458766244,,,,,,,,,,,,,,66903.87792153978,,,,,,,SELL,,,,,8.63,pullback_structure_not_confirmed;momentum_volume_low
2026-04-03T00:28:52.013388+00:00,BTCUSD,viper,144388,M5,HOLD,HOLD,NONE,0,85.05356848480118,0,,,,,,,,,,,,,,,,22.0,22.0,66954.28,66954.88,66791.6,66829.4,,,,44.40224492592713,,,,,,,,,,,,,,66904.40173106358,,,,,,,SELL,,,,,8.63,pullback_structure_not_confirmed;momentum_volume_low
2026-04-03T00:29:02.477492+00:00,BTCUSD,viper,144388,M5,HOLD,HOLD,NONE,0,85.05356848480118,0,,,,,,,,,,,,,,,,22.0,22.0,66954.28,66954.88,66791.6,66829.36,,,,44.399923676598775,,,,,,,,,,,,,,66904.39792153977,,,,,,,SELL,,,,,8.63,pullback_structure_not_confirmed;momentum_volume_low
2026-04-03T00:29:12.932297+00:00,BTCUSD,viper,144388,M5,HOLD,HOLD,NONE,0,85.05356848480118,0,,,,,,,,,,,,,,,,22.0,22.0,66954.28,66954.88,66791.6,66829.38,,,,44.40108427092515,,,,,,,,,,,,,,66904.39982630168,,,,,,,SELL,,,,,8.63,pullback_structure_not_confirmed;momentum_volume_low
2026-04-03T00:29:23.504800+00:00,BTCUSD,viper,144388,M5,HOLD,HOLD,NONE,0,85.05356848480118,0,,,,,,,,,,,,,,,,22.0,22.0,66954.28,66954.88,66791.6,66825.43,,,,44.17303820194514,,,,,,,,,,,,,,66904.02363582549,,,,,,,SELL,,,,,8.63,pullback_structure_not_confirmed;momentum_volume_low
2026-04-03T00:29:34.033214+00:00,BTCUSD,viper,144388,M5,HOLD,HOLD,NONE,0,85.05356848480118,0,,,,,,,,,,,,,,,,22.0,22.0,66954.28,66954.88,66791.6,66817.8,,,,43.73910156875427,,,,,,,,,,,,,,66903.29696915882,,,,,,,SELL,,,,,8.63,pullback_structure_not_confirmed;momentum_volume_low
2026-04-03T00:29:44.547041+00:00,BTCUSD,viper,144388,M5,HOLD,HOLD,NONE,0,85.05356848480118,0,,,,,,,,,,,,,,,,22.0,22.0,66954.28,66954.88,66791.6,66817.84,,,,43.741354234328995,,,,,,,,,,,,,,66903.30077868263,,,,,,,SELL,,,,,8.63,pullback_structure_not_confirmed;momentum_volume_low
2026-04-03T00:29:55.004962+00:00,BTCUSD,viper,144388,M5,HOLD,HOLD,NONE,0,85.05356848480118,0,,,,,,,,,,,,,,,,22.0,22.0,66954.28,66954.88,66791.6,66818.2,,,,43.76163867092389,,,,,,,,,,,,,,66903.33506439692,,,,,,,SELL,,,,,8.63,pullback_structure_not_confirmed;momentum_volume_low
2026-04-03T00:29:55.785430+00:00,XAUUSD,viper,144388,M5,OUTSIDE_HOURS,OUTSIDE_HOURS,NONE,0,5.405325367263564,0,,,,,,,,,,,,,,,,0.34,0.34,4668.9,4673.32,4667.67,4670.82,,,,53.58433911787206,,,,,,,,,,,,,,,,,,,,,BOTH,,,,,21.52,pullback_weak_candle;momentum_volume_low
2026-04-03T00:30:06.100474+00:00,BTCUSD,viper,144388,M5,HOLD,HOLD,NONE,0,79.12403234965245,0,,,,,,,,,,,,,,,,22.0,22.0,66818.24,66818.24,66816.2,66816.64,,,,43.66929388124792,,,,,,,,,,,,,,66895.035307729,,,,,,,SELL,,,,,8.01,pullback_not_near_ema;momentum_volume_low
2026-04-03T00:30:16.539645+00:00,BTCUSD,viper,144388,M5,HOLD,HOLD,NONE,0,79.14117520679464,0,,,,,,,,,,,,,,,,22.0,22.0,66818.24,66818.24,66815.96,66816.48,,,,43.65962368054159,,,,,,,,,,,,,,66895.02006963376,,,,,,,SELL,,,,,8.01,pullback_not_near_ema;momentum_volume_low
2026-04-03T00:30:27.174023+00:00,BTCUSD,viper,144388,M5,HOLD,HOLD,NONE,0,79.14117520679464,0,,,,,,,,,,,,,,,,22.0,22.0,66818.24,66818.24,66815.96,66816.74,,,,43.67533993231687,,,,,,,,,,,,,,66895.04483153853,,,,,,,SELL,,,,,8.01,pullback_not_near_ema;momentum_volume_low
2026-04-03T00:30:37.679717+00:00,BTCUSD,viper,144388,M5,HOLD,HOLD,NONE,0,79.36188949250868,0,,,,,,,,,,,,,,,,22.0,22.0,66818.24,66821.33,66815.96,66820.78,,,,43.97270173258409,,,,,,,,,,,,,,66895.42959344329,,,,,,,SELL,,,,,8.01,pullback_not_near_ema;momentum_volume_low
2026-04-03T00:30:48.236883+00:00,BTCUSD,viper,144388,M5,HOLD,HOLD,NONE,0,80.20831806393662,0,,,,,,,,,,,,,,,,22.0,22.0,66818.24,66833.18,66815.96,66832.5,,,,44.864732599689376,,,,,,,,,,,,,,66896.54578391949,,,,,,,SELL,,,,,8.01,pullback_not_near_ema;momentum_volume_low
2026-04-03T00:30:58.689168+00:00,BTCUSD,viper,144388,M5,HOLD,HOLD,NONE,0,80.63546092108022,0,,,,,,,,,,,,,,,,22.0,22.0,66818.24,66839.16,66815.96,66835.61,,,,45.09669174162158,,,,,,,,,,,,,,66896.84197439568,,,,,,,SELL,,,,,8.01,pullback_not_near_ema;momentum_volume_low
2026-04-03T00:31:09.200555+00:00,BTCUSD,viper,144388,M5,HOLD,HOLD,NONE,0,80.71974663536648,0,,,,,,,,,,,,,,,,22.0,22.0,66818.24,66839.16,66814.78,66821.16,,,,44.00207676153018,,,,,,,,,,,,,,66895.46578391948,,,,,,,SELL,,,,,8.01,pullback_weak_candle;momentum_volume_low
2026-04-03T00:31:19.674318+00:00,BTCUSD,viper,144388,M5,HOLD,HOLD,NONE,0,80.96974663536648,0,,,,,,,,,,,,,,,,22.0,22.0,66818.24,66839.16,66811.28,66811.6,,,,43.36672609291457,,,,,,,,,,,,,,66894.555307729,,,,,,,SELL,,,,,8.01,pullback_weak_candle;momentum_volume_low
2026-04-03T00:31:30.251160+00:00,BTCUSD,viper,144388,M5,HOLD,HOLD,NONE,0,80.96974663536648,0,,,,,,,,,,,,,,,,22.0,22.0,66818.24,66839.16,66811.28,66811.83,,,,43.380442418884094,,,,,,,,,,,,,,66894.57721249091,,,,,,,SELL,,,,,8.01,pullback_weak_candle;momentum_volume_low
2026-04-03T00:31:40.948254+00:00,BTCUSD,viper,144388,M5,HOLD,HOLD,NONE,0,80.97260377822317,0,,,,,,,,,,,,,,,,22.0,22.0,66818.24,66839.16,66811.24,66811.44,,,,43.35718941557481,,,,,,,,,,,,,,66894.54006963376,,,,,,,SELL,,,,,8.01,pullback_weak_candle;momentum_volume_low
2026-04-03T00:31:41.748843+00:00,XAUUSD,viper,144388,M5,OUTSIDE_HOURS,OUTSIDE_HOURS,NONE,0,5.405325367263564,0,,,,,,,,,,,,,,,,0.34,0.34,4668.9,4673.32,4667.67,4670.82,,,,53.58433911787206,,,,,,,,,,,,,,,,,,,,,BOTH,,,,,21.52,pullback_weak_candle;momentum_volume_low
2026-04-03T00:31:52.127413+00:00,BTCUSD,viper,144388,M5,HOLD,HOLD,NONE,0,80.9811752067953,0,,,,,,,,,,,,,,,,22.0,22.0,66818.24,66839.16,66811.12,66811.88,,,,43.38342537708732,,,,,,,,,,,,,,66894.58197439567,,,,,,,SELL,,,,,8.01,pullback_weak_candle;momentum_volume_low
2026-04-03T00:32:02.994679+00:00,BTCUSD,viper,144388,M5,HOLD,HOLD,NONE,0,80.9811752067953,0,,,,,,,,,,,,,,,,22.0,22.0,66818.24,66839.16,66811.12,66827.98,,,,44.5240927609518,,,,,,,,,,,,,,66896.11530772901,,,,,,,SELL,,,,,8.01,pullback_not_near_ema;momentum_volume_low
2026-04-03T00:32:13.654718+00:00,BTCUSD,viper,144388,M5,HOLD,HOLD,NONE,0,80.9811752067953,0,,,,,,,,,,,,,,,,22.0,22.0,66818.24,66839.16,66811.12,66837.62,,,,45.245571934800864,,,,,,,,,,,,,,66897.03340296709,,,,,,,SELL,,,,,8.01,pullback_not_near_ema;momentum_volume_low
2026-04-03T00:32:24.499026+00:00,BTCUSD,viper,144388,M5,HOLD,HOLD,NONE,0,80.9811752067953,0,,,,,,,,,,,,,,,,22.0,22.0,66818.24,66839.16,66811.12,66811.86,,,,43.38223214457928,,,,,,,,,,,,,,66894.58006963377,,,,,,,SELL,,,,,8.01,pullback_weak_candle;momentum_volume_low
2026-04-03T00:32:35.116257+00:00,BTCUSD,viper,144388,M5,HOLD,HOLD,NONE,0,80.9811752067953,0,,,,,,,,,,,,,,,,22.0,22.0,66818.24,66839.16,66811.12,66812.12,,,,43.397749288787075,,,,,,,,,,,,,,66894.60483153853,,,,,,,SELL,,,,,8.01,pullback_weak_candle;momentum_volume_low
2026-04-03T00:32:45.789265+00:00,BTCUSD,viper,144388,M5,HOLD,HOLD,NONE,0,80.9811752067953,0,,,,,,,,,,,,,,,,22.0,22.0,66818.24,66839.16,66811.12,66812.27,,,,43.40670653781537,,,,,,,,,,,,,,66894.61911725282,,,,,,,SELL,,,,,8.01,pullback_weak_candle;momentum_volume_low
2026-04-03T00:32:56.397750+00:00,BTCUSD,viper,144388,M5,HOLD,HOLD,NONE,0,80.9811752067953,0,,,,,,,,,,,,,,,,22.0,22.0,66818.24,66839.16,66811.12,66812.04,,,,43.392973600707414,,,,,,,,,,,,,,66894.5972124909,,,,,,,SELL,,,,,8.01,pullback_weak_candle;momentum_volume_low
2026-04-03T00:33:06.966148+00:00,BTCUSD,viper,144388,M5,HOLD,HOLD,NONE,0,80.9811752067953,0,,,,,,,,,,,,,,,,22.0,22.0,66818.24,66839.16,66811.12,66811.68,,,,43.371496004994235,,,,,,,,,,,,,,66894.56292677662,,,,,,,SELL,,,,,8.01,pullback_weak_candle;momentum_volume_low
2026-04-03T00:33:17.467582+00:00,BTCUSD,viper,144388,M5,HOLD,HOLD,NONE,0,80.9811752067953,0,,,,,,,,,,,,,,,,22.0,22.0,66818.24,66839.16,66811.12,66811.92,,,,43.385812039033226,,,,,,,,,,,,,,66894.58578391948,,,,,,,SELL,,,,,8.01,pullback_weak_candle;momentum_volume_low
2026-04-03T00:33:27.888275+00:00,BTCUSD,viper,144388,M5,HOLD,HOLD,NONE,0,80.9811752067953,0,,,,,,,,,,,,,,,,22.0,22.0,66818.24,66839.16,66811.12,66812.06,,,,43.394167424186335,,,,,,,,,,,,,,66894.59911725282,,,,,,,SELL,,,,,8.01,pullback_weak_candle;momentum_volume_low
2026-04-03T00:33:28.577671+00:00,XAUUSD,viper,144388,M5,OUTSIDE_HOURS,OUTSIDE_HOURS,NONE,0,5.405325367263564,0,,,,,,,,,,,,,,,,0.34,0.34,4668.9,4673.32,4667.67,4670.82,,,,53.58433911787206,,,,,,,,,,,,,,,,,,,,,BOTH,,,,,21.52,pullback_weak_candle;momentum_volume_low
2026-04-03T00:33:38.832282+00:00,BTCUSD,viper,144388,M5,HOLD,HOLD,NONE,0,80.9811752067953,0,,,,,,,,,,,,,,,,22.0,22.0,66818.24,66839.16,66811.12,66811.78,,,,43.37745987085722,,,,,,,,,,,,,,66894.57245058614,,,,,,,SELL,,,,,8.01,pullback_weak_candle;momentum_volume_low
2026-04-03T00:33:49.332416+00:00,BTCUSD,viper,144388,M5,HOLD,HOLD,NONE,0,80.9811752067953,0,,,,,,,,,,,,,,,,22.0,22.0,66818.24,66839.16,66811.12,66811.92,,,,43.385812039033226,,,,,,,,,,,,,,66894.58578391948,,,,,,,SELL,,,,,8.01,pullback_weak_candle;momentum_volume_low
2026-04-03T00:33:59.786384+00:00,BTCUSD,viper,144388,M5,HOLD,HOLD,NONE,0,81.36403234965249,0,,,,,,,,,,,,,,,,22.0,22.0,66818.24,66839.16,66805.76,66809.1,,,,43.218193213538164,,,,,,,,,,,,,,66894.3172124909,,,,,,,SELL,,,,,8.01,pullback_weak_candle;momentum_volume_low
2026-04-03T00:34:10.291600+00:00,BTCUSD,viper,144388,M5,HOLD,HOLD,NONE,0,81.36403234965249,0,,,,,,,,,,,,,,,,22.0,22.0,66818.24,66839.16,66805.76,66808.76,,,,43.198071302318304,,,,,,,,,,,,,,66894.28483153852,,,,,,,SELL,,,,,8.01,pullback_weak_candle;momentum_volume_low
2026-04-03T00:34:20.775340+00:00,BTCUSD,viper,144388,M5,HOLD,HOLD,NONE,0,81.36403234965249,0,,,,,,,,,,,,,,,,22.0,22.0,66818.24,66839.16,66805.76,66809.14,,,,43.220561729701345,,,,,,,,,,,,,,66894.32102201472,,,,,,,SELL,,,,,8.01,pullback_weak_candle;momentum_volume_low
2026-04-03T00:34:31.629716+00:00,BTCUSD,viper,144388,M5,HOLD,HOLD,NONE,0,81.36403234965249,0,,,,,,,,,,,,,,,,22.0,22.0,66818.24,66839.16,66805.76,66808.72,,,,43.19570525042772,,,,,,,,,,,,,,66894.28102201472,,,,,,,SELL,,,,,8.01,pullback_weak_candle;momentum_volume_low
2026-04-03T00:34:42.338537+00:00,BTCUSD,viper,144388,M5,HOLD,HOLD,NONE,0,81.36403234965249,0,,,,,,,,,,,,,,,,22.0,22.0,66818.24,66839.16,66805.76,66809.2,,,,43.22411499074935,,,,,,,,,,,,,,66894.32673630043,,,,,,,SELL,,,,,8.01,pullback_weak_candle;momentum_volume_low
2026-04-03T00:34:52.838140+00:00,BTCUSD,viper,144388,M5,HOLD,HOLD,NONE,0,81.36403234965249,0,,,,,,,,,,,,,,,,22.0,22.0,66818.24,66839.16,66805.76,66820.69,,,,43.9657399743642,,,,,,,,,,,,,,66895.42102201472,,,,,,,SELL,,,,,8.01,pullback_weak_candle;momentum_volume_low
2026-04-03T00:35:03.283022+00:00,BTCUSD,viper,144388,M5,HOLD,HOLD,NONE,0,75.59374317260487,0,,,,,,,,,,,,,,,,22.0,22.0,66820.72,66820.99,66820.41,66820.99,,,,43.9911440288079,,,,,,,,,,,,,,66888.3263212788,,,,,,,SELL,,,,,7.44,pullback_not_near_ema;momentum_volume_low
2026-04-03T00:35:13.818642+00:00,BTCUSD,viper,144388,M5,HOLD,HOLD,NONE,0,75.84517174403373,0,,,,,,,,,,,,,,,,22.0,22.0,66820.72,66824.3,66820.2,66824.3,,,,44.26531289281579,,,,,,,,,,,,,,66888.64155937404,,,,,,,SELL,,,,,7.44,pullback_not_near_ema;momentum_volume_low
2026-04-03T00:35:14.574560+00:00,XAUUSD,viper,144388,M5,OUTSIDE_HOURS,OUTSIDE_HOURS,NONE,0,5.405325367263564,0,,,,,,,,,,,,,,,,0.34,0.34,4668.9,4673.32,4667.67,4670.82,,,,53.58433911787206,,,,,,,,,,,,,,,,,,,,,BOTH,,,,,21.52,pullback_weak_candle;momentum_volume_low
2026-04-03T00:35:24.873460+00:00,BTCUSD,viper,144388,M5,HOLD,HOLD,NONE,0,77.2580288868908,0,,,,,,,,,,,,,,,,22.0,22.0,66820.72,66844.08,66820.2,66844.08,,,,45.84934307983191,,,,,,,,,,,,,,66890.52536889784,,,,,,,SELL,,,,,7.52,pullback_structure_not_confirmed;momentum_volume_low
2026-04-03T00:35:35.350102+00:00,BTCUSD,viper,144388,M5,HOLD,HOLD,NONE,0,77.32088602974827,0,,,,,,,,,,,,,,,,22.0,22.0,66820.72,66844.96,66820.2,66844.73,,,,45.89987005085292,,,,,,,,,,,,,,66890.58727365975,,,,,,,SELL,,,,,7.53,pullback_structure_not_confirmed;momentum_volume_low
2026-04-03T00:35:45.778196+00:00,BTCUSD,viper,144388,M5,HOLD,HOLD,NONE,0,77.32517174403382,0,,,,,,,,,,,,,,,,22.0,22.0,66820.72,66845.02,66820.2,66844.76,,,,45.90219978861018,,,,,,,,,,,,,,66890.59013080261,,,,,,,SELL,,,,,7.53,pullback_structure_not_confirmed;momentum_volume_low
2026-04-03T00:35:56.326895+00:00,BTCUSD,viper,144388,M5,HOLD,HOLD,NONE,0,77.32517174403382,0,,,,,,,,,,,,,,,,22.0,22.0,66820.72,66845.02,66820.2,66834.2,,,,45.069545767486424,,,,,,,,,,,,,,66889.5844165169,,,,,,,SELL,,,,,7.53,pullback_structure_not_confirmed;momentum_volume_low
2026-04-03T00:36:06.843394+00:00,BTCUSD,viper,144388,M5,HOLD,HOLD,NONE,0,77.32517174403382,0,,,,,,,,,,,,,,,,22.0,22.0,66820.72,66845.02,66820.2,66823.0,,,,44.15795397839038,,,,,,,,,,,,,,66888.51774985023,,,,,,,SELL,,,,,7.53,pullback_weak_candle;momentum_volume_low
2026-04-03T00:36:17.258231+00:00,BTCUSD,viper,144388,M5,HOLD,HOLD,NONE,0,77.32517174403382,0,,,,,,,,,,,,,,,,22.0,22.0,66820.72,66845.02,66820.2,66823.12,,,,44.167881356101645,,,,,,,,,,,,,,66888.52917842165,,,,,,,SELL,,,,,7.53,pullback_weak_candle;momentum_volume_low
2026-04-03T00:36:27.749963+00:00,BTCUSD,viper,144388,M5,HOLD,HOLD,NONE,0,77.32517174403382,0,,,,,,,,,,,,,,,,22.0,22.0,66820.72,66845.02,66820.2,66835.92,,,,45.20691051600162,,,,,,,,,,,,,,66889.7482260407,,,,,,,SELL,,,,,7.53,pullback_structure_not_confirmed;momentum_volume_low
2026-04-03T00:36:38.207624+00:00,BTCUSD,viper,144388,M5,HOLD,HOLD,NONE,0,77.32517174403382,0,,,,,,,,,,,,,,,,22.0,22.0,66820.72,66845.02,66820.2,66837.14,,,,45.30392791520766,,,,,,,,,,,,,,66889.8644165169,,,,,,,SELL,,,,,7.53,pullback_structure_not_confirmed;momentum_volume_low
2026-04-03T00:36:48.671079+00:00,BTCUSD,viper,144388,M5,HOLD,HOLD,NONE,0,77.32517174403382,0,,,,,,,,,,,,,,,,22.0,22.0,66820.72,66845.02,66820.2,66837.08,,,,45.29916460113317,,,,,,,,,,,,,,66889.85870223117,,,,,,,SELL,,,,,7.53,pullback_structure_not_confirmed;momentum_volume_low
2026-04-03T00:36:59.242603+00:00,BTCUSD,viper,144388,M5,HOLD,HOLD,NONE,0,77.32517174403382,0,,,,,,,,,,,,,,,,22.0,22.0,66820.72,66845.02,66820.2,66837.11,,,,45.30154636187153,,,,,,,,,,,,,,66889.86155937404,,,,,,,SELL,,,,,7.53,pullback_structure_not_confirmed;momentum_volume_low
2026-04-03T00:37:00.020379+00:00,XAUUSD,viper,144388,M5,OUTSIDE_HOURS,OUTSIDE_HOURS,NONE,0,5.405325367263564,0,,,,,,,,,,,,,,,,0.34,0.34,4668.9,4673.32,4667.67,4670.82,,,,53.58433911787206,,,,,,,,,,,,,,,,,,,,,BOTH,,,,,21.52,pullback_weak_candle;momentum_volume_low
2026-04-03T00:37:10.297853+00:00,BTCUSD,viper,144388,M5,HOLD,HOLD,NONE,0,77.32517174403382,0,,,,,,,,,,,,,,,,22.0,22.0,66820.72,66845.02,66820.2,66839.38,,,,45.48116662548156,,,,,,,,,,,,,,66890.07774985023,,,,,,,SELL,,,,,7.53,pullback_structure_not_confirmed;momentum_volume_low
2026-04-03T00:37:20.769926+00:00,BTCUSD,viper,144388,M5,HOLD,HOLD,NONE,0,77.93945745831891,0,,,,,,,,,,,,,,,,22.0,22.0,66820.72,66853.62,66820.2,66853.22,,,,46.551275242940335,,,,,,,,,,,,,,66891.39584508832,,,,,,,SELL,,,,,7.67,pullback_structure_not_confirmed;momentum_volume_low
2026-04-03T00:37:31.244616+00:00,BTCUSD,viper,144388,M5,HOLD,HOLD,NONE,0,79.89374317260467,0,,,,,,,,,,,,,,,,22.0,22.0,66820.72,66880.98,66820.2,66880.52,,,,48.54354316697217,,,,,,,,,,,,,,66893.99584508833,,,,,,,SELL,,,,,8.06,pullback_structure_not_confirmed;momentum_volume_low
2026-04-03T00:37:41.744958+00:00,BTCUSD,viper,144388,M5,HOLD,HOLD,NONE,0,79.9108860297479,0,,,,,,,,,,,,,,,,22.0,22.0,66820.72,66881.22,66820.2,66867.38,,,,47.60350530287621,,,,,,,,,,,,,,66892.74441651689,,,,,,,SELL,,,,,8.07,pullback_structure_not_confirmed;momentum_volume_low
2026-04-03T00:37:52.197277+00:00,BTCUSD,viper,144388,M5,HOLD,HOLD,NONE,0,79.9108860297479,0,,,,,,,,,,,,,,,,22.0,22.0,66820.72,66881.22,66820.2,66864.4,,,,47.3855177638434,,,,,,,,,,,,,,66892.46060699309,,,,,,,SELL,,,,,8.07,pullback_structure_not_confirmed;momentum_volume_low
2026-04-03T00:38:02.655761+00:00,BTCUSD,viper,144388,M5,HOLD,HOLD,NONE,0,79.9108860297479,0,,,,,,,,,,,,,,,,22.0,22.0,66820.72,66881.22,66820.2,66864.01,,,,47.35685489837133,,,,,,,,,,,,,,66892.42346413594,,,,,,,SELL,,,,,8.07,pullback_structure_not_confirmed;momentum_volume_low
2026-04-03T00:38:13.105834+00:00,BTCUSD,viper,144388,M5,HOLD,HOLD,NONE,0,79.9108860297479,0,,,,,,,,,,,,,,,,22.0,22.0,66820.72,66881.22,66820.2,66863.79,,,,47.340672321147814,,,,,,,,,,,,,,66892.40251175499,,,,,,,SELL,,,,,8.07,pullback_structure_not_confirmed;momentum_volume_low
2026-04-03T00:38:23.580515+00:00,BTCUSD,viper,144388,M5,HOLD,HOLD,NONE,0,79.9108860297479,0,,,,,,,,,,,,,,,,22.0,22.0,66820.72,66881.22,66820.2,66863.82,,,,47.342879622045594,,,,,,,,,,,,,,66892.40536889785,,,,,,,SELL,,,,,8.07,pullback_structure_not_confirmed;momentum_volume_low
2026-04-03T00:38:34.074969+00:00,BTCUSD,viper,144388,M5,HOLD,HOLD,NONE,0,79.9108860297479,0,,,,,,,,,,,,,,,,22.0,22.0,66820.72,66881.22,66820.2,66870.14,,,,47.80379477202449,,,,,,,,,,,,,,66893.00727365975,,,,,,,SELL,,,,,8.07,pullback_structure_not_confirmed;momentum_volume_low
2026-04-03T00:38:44.640194+00:00,BTCUSD,viper,144388,M5,HOLD,HOLD,NONE,0,80.27517174403403,0,,,,,,,,,,,,,,,,22.0,22.0,66820.72,66886.32,66820.2,66886.32,,,,48.947830324167235,,,,,,,,,,,,,,66894.5482260407,,,,,,,SELL,,,,,8.13,pullback_structure_not_confirmed;momentum_volume_low
2026-04-03T00:38:45.423391+00:00,XAUUSD,viper,144388,M5,OUTSIDE_HOURS,OUTSIDE_HOURS,NONE,0,5.405325367263564,0,,,,,,,,,,,,,,,,0.34,0.34,4668.9,4673.32,4667.67,4670.82,,,,53.58433911787206,,,,,,,,,,,,,,,,,,,,,BOTH,,,,,21.52,pullback_weak_candle;momentum_volume_low
2026-04-03T00:38:55.679011+00:00,BTCUSD,viper,144388,M5,HOLD,HOLD,NONE,0,80.55445745831895,0,,,,,,,,,,,,,,,,22.0,22.0,66820.72,66890.23,66820.2,66886.47,,,,48.95820176989205,,,,,,,,,,,,,,66894.56251175498,,,,,,,SELL,,,,,8.19,pullback_structure_not_confirmed;momentum_volume_low
2026-04-03T00:39:06.209333+00:00,BTCUSD,viper,144388,M5,HOLD,HOLD,NONE,0,80.55445745831895,0,,,,,,,,,,,,,,,,22.0,22.0,66820.72,66890.23,66820.2,66880.16,,,,48.51823832389073,,,,,,,,,,,,,,66893.96155937403,,,,,,,SELL,,,,,8.19,pullback_structure_not_confirmed;momentum_volume_low
2026-04-03T00:39:16.848941+00:00,BTCUSD,viper,144388,M5,HOLD,HOLD,NONE,0,81.35017174403319,0,,,,,,,,,,,,,,,,22.0,22.0,66820.72,66901.37,66820.2,66900.86,,,,49.933950410878865,,,,,,,,,,,,,,66895.93298794546,,,,,,,SELL,,,,,8.33,pullback_structure_not_confirmed;momentum_volume_low
2026-04-03T00:39:27.530005+00:00,BTCUSD,viper,144388,M5,HOLD,HOLD,NONE,0,81.35017174403319,0,,,,,,,,,,,,,,,,22.0,22.0,66820.72,66901.37,66820.2,66896.48,,,,49.640926516136574,,,,,,,,,,,,,,66895.51584508832,,,,,,,SELL,,,,,8.33,pullback_structure_not_confirmed;momentum_volume_low
2026-04-03T00:39:38.315049+00:00,BTCUSD,viper,144388,M5,HOLD,HOLD,NONE,0,81.35017174403319,0,,,,,,,,,,,,,,,,22.0,22.0,66820.72,66901.37,66820.2,66883.63,,,,48.76111756261583,,,,,,,,,,,,,,66894.29203556452,,,,,,,SELL,,,,,8.33,pullback_structure_not_confirmed;momentum_volume_low
2026-04-03T00:39:48.985507+00:00,BTCUSD,viper,144388,M5,HOLD,HOLD,NONE,0,81.35017174403319,0,,,,,,,,,,,,,,,,22.0,22.0,66820.72,66901.37,66820.2,66871.2,,,,47.88031116326015,,,,,,,,,,,,,,66893.1082260407,,,,,,,SELL,,,,,8.33,pullback_structure_not_confirmed;momentum_volume_low
2026-04-03T00:39:59.609992+00:00,BTCUSD,viper,144388,M5,HOLD,HOLD,NONE,0,81.35017174403319,0,,,,,,,,,,,,,,,,22.0,22.0,66820.72,66901.37,66820.2,66823.06,,,,44.1629181084977,,,,,,,,,,,,,,66888.52346413594,,,,,,,SELL,,,,,8.33,pullback_weak_candle;momentum_volume_low
2026-04-03T00:40:10.128960+00:00,BTCUSD,viper,144388,M5,HOLD,HOLD,NONE,0,77.72159145265239,0,,,,,,,,,,,,,,,,22.0,22.0,66826.23,66856.78,66826.23,66849.26,,,,46.379999445888664,,,,,,,,,,,,,,66885.12875771028,,,,,,,SELL,,,,,8.62,pullback_structure_not_confirmed;momentum_volume_low
2026-04-03T00:40:20.607029+00:00,BTCUSD,viper,144388,M5,HOLD,HOLD,NONE,0,77.72159145265239,0,,,,,,,,,,,,,,,,22.0,22.0,66826.23,66856.78,66826.23,66844.76,,,,46.00772475152588,,,,,,,,,,,,,,66884.70018628171,,,,,,,SELL,,,,,8.62,pullback_structure_not_confirmed;momentum_volume_low
2026-04-03T00:40:31.070172+00:00,BTCUSD,viper,144388,M5,HOLD,HOLD,NONE,0,78.75373430979504,0,,,,,,,,,,,,,,,,22.0,22.0,66826.23,66856.78,66811.78,66812.36,,,,43.4781180817367,,,,,,,,,,,,,,66881.614471996,,,,,,,SELL,,,,,8.48,pullback_weak_candle;momentum_volume_low
2026-04-03T00:40:32.064698+00:00,XAUUSD,viper,144388,M5,OUTSIDE_HOURS,OUTSIDE_HOURS,NONE,0,5.405325367263564,0,,,,,,,,,,,,,,,,0.34,0.34,4668.9,4673.32,4667.67,4670.82,,,,53.58433911787206,,,,,,,,,,,,,,,,,,,,,BOTH,,,,,21.52,pullback_weak_candle;momentum_volume_low
2026-04-03T00:40:42.296620+00:00,BTCUSD,viper,144388,M5,HOLD,HOLD,NONE,0,78.763734309795,0,,,,,,,,,,,,,,,,22.0,22.0,66826.23,66856.78,66811.64,66815.68,,,,43.703017596824495,,,,,,,,,,,,,,66881.93066247218,,,,,,,SELL,,,,,8.48,pullback_weak_candle;momentum_volume_low
2026-04-03T00:40:52.737888+00:00,BTCUSD,viper,144388,M5,HOLD,HOLD,NONE,0,78.763734309795,0,,,,,,,,,,,,,,,,22.0,22.0,66826.23,66856.78,66811.64,66815.1,,,,43.663560344731636,,,,,,,,,,,,,,66881.87542437695,,,,,,,SELL,,,,,8.48,pullback_weak_candle;momentum_volume_low
2026-04-03T00:41:03.339606+00:00,BTCUSD,viper,144388,M5,HOLD,HOLD,NONE,0,79.24659145265177,0,,,,,,,,,,,,,,,,22.0,22.0,66826.23,66856.78,66804.88,66804.88,,,,42.979801868935795,,,,,,,,,,,,,,66880.90209104362,,,,,,,SELL,,,,,8.36,pullback_structure_not_confirmed;momentum_volume_low
2026-04-03T00:41:14.078957+00:00,BTCUSD,viper,144388,M5,HOLD,HOLD,NONE,0,79.24730573836672,0,,,,,,,,,,,,,,,,22.0,22.0,66826.23,66856.78,66804.87,66805.81,,,,43.04113559532147,,,,,,,,,,,,,,66880.99066247219,,,,,,,SELL,,,,,8.36,pullback_weak_candle;momentum_volume_low
2026-04-03T00:41:24.941954+00:00,BTCUSD,viper,144388,M5,HOLD,HOLD,NONE,0,81.7087343097947,0,,,,,,,,,,,,,,,,22.0,22.0,66826.23,66856.78,66770.41,66770.48,,,,40.82777901232723,,,,,,,,,,,,,,66877.62590056742,,,,,,,SELL,,,,,7.84,pullback_structure_not_confirmed;momentum_volume_low
2026-04-03T00:41:35.434156+00:00,BTCUSD,viper,144388,M5,HOLD,HOLD,NONE,0,81.7087343097947,0,,,,,,,,,,,,,,,,22.0,22.0,66826.23,66856.78,66770.41,66771.03,,,,40.8604897460062,,,,,,,,,,,,,,66877.67828151981,,,,,,,SELL,,,,,7.84,pullback_structure_not_confirmed;momentum_volume_low
2026-04-03T00:41:45.910223+00:00,BTCUSD,viper,144388,M5,HOLD,HOLD,NONE,0,82.47802002408072,0,,,,,,,,,,,,,,,,22.0,22.0,66826.23,66856.78,66759.64,66773.85,,,,41.029033333379225,,,,,,,,,,,,,,66877.94685294837,,,,,,,SELL,,,,,7.77,pullback_structure_not_confirmed;momentum_volume_low
2026-04-03T00:41:56.378150+00:00,BTCUSD,viper,144388,M5,HOLD,HOLD,NONE,0,82.47802002408072,0,,,,,,,,,,,,,,,,22.0,22.0,66826.23,66856.78,66759.64,66790.91,,,,42.07907062594884,,,,,,,,,,,,,,66879.57161485314,,,,,,,SELL,,,,,7.77,pullback_weak_candle;momentum_volume_low
2026-04-03T00:42:06.944775+00:00,BTCUSD,viper,144388,M5,HOLD,HOLD,NONE,0,82.47802002408072,0,,,,,,,,,,,,,,,,22.0,22.0,66826.23,66856.78,66759.64,66794.84,,,,42.32862265146017,,,,,,,,,,,,,,66879.94590056743,,,,,,,SELL,,,,,7.77,pullback_weak_candle;momentum_volume_low
2026-04-03T00:42:17.404017+00:00,BTCUSD,viper,144388,M5,HOLD,HOLD,NONE,0,82.47802002408072,0,,,,,,,,,,,,,,,,22.0,22.0,66826.23,66856.78,66759.64,66796.85,,,,42.457403683168685,,,,,,,,,,,,,,66880.13732913886,,,,,,,SELL,,,,,7.77,pullback_weak_candle;momentum_volume_low
2026-04-03T00:42:18.254978+00:00,XAUUSD,viper,144388,M5,OUTSIDE_HOURS,OUTSIDE_HOURS,NONE,0,5.405325367263564,0,,,,,,,,,,,,,,,,0.34,0.34,4668.9,4673.32,4667.67,4670.82,,,,53.58433911787206,,,,,,,,,,,,,,,,,,,,,BOTH,,,,,21.52,pullback_weak_candle;momentum_volume_low
2026-04-03T00:42:28.480969+00:00,BTCUSD,viper,144388,M5,HOLD,HOLD,NONE,0,82.47802002408072,0,,,,,,,,,,,,,,,,22.0,22.0,66826.23,66856.78,66759.64,66799.96,,,,42.65821341551365,,,,,,,,,,,,,,66880.43351961505,,,,,,,SELL,,,,,7.77,pullback_weak_candle;momentum_volume_low
2026-04-03T00:42:39.022988+00:00,BTCUSD,viper,144388,M5,HOLD,HOLD,NONE,0,82.47802002408072,0,,,,,,,,,,,,,,,,22.0,22.0,66826.23,66856.78,66759.64,66818.42,,,,43.89038743208537,,,,,,,,,,,,,,66882.19161485313,,,,,,,SELL,,,,,7.77,pullback_weak_candle;momentum_volume_low
2026-04-03T00:42:49.518007+00:00,BTCUSD,viper,144388,M5,HOLD,HOLD,NONE,0,82.47802002408072,0,,,,,,,,,,,,,,,,22.0,22.0,66826.23,66856.78,66759.64,66826.06,,,,44.421422878574475,,,,,,,,,,,,,,66882.91923390076,,,,,,,SELL,,,,,7.77,pullback_weak_candle;momentum_volume_low
2026-04-03T00:42:59.945878+00:00,BTCUSD,viper,144388,M5,HOLD,HOLD,NONE,0,82.47802002408072,0,,,,,,,,,,,,,,,,22.0,22.0,66826.23,66856.78,66759.64,66826.03,,,,44.41931253179702,,,,,,,,,,,,,,66882.9163767579,,,,,,,SELL,,,,,7.77,pullback_weak_candle;momentum_volume_low
2026-04-03T00:43:10.388597+00:00,BTCUSD,viper,144388,M5,HOLD,HOLD,NONE,0,82.47802002408072,0,,,,,,,,,,,,,,,,22.0,22.0,66826.23,66856.78,66759.64,66822.74,,,,44.18908829358793,,,,,,,,,,,,,,66882.60304342456,,,,,,,SELL,,,,,7.77,pullback_weak_candle;momentum_volume_low
2026-04-03T00:43:20.866373+00:00,BTCUSD,viper,144388,M5,HOLD,HOLD,NONE,0,82.47802002408072,0,,,,,,,,,,,,,,,,22.0,22.0,66826.23,66856.78,66759.64,66822.56,,,,44.17656127487571,,,,,,,,,,,,,,66882.58590056743,,,,,,,SELL,,,,,7.77,pullback_weak_candle;momentum_volume_low
2026-04-03T00:43:31.340566+00:00,BTCUSD,viper,144388,M5,HOLD,HOLD,NONE,0,82.47802002408072,0,,,,,,,,,,,,,,,,22.0,22.0,66826.23,66856.78,66759.64,66818.76,,,,43.913749814437004,,,,,,,,,,,,,,66882.22399580551,,,,,,,SELL,,,,,7.77,pullback_weak_candle;momentum_volume_low
2026-04-03T00:43:41.795242+00:00,BTCUSD,viper,144388,M5,HOLD,HOLD,NONE,0,82.47802002408072,0,,,,,,,,,,,,,,,,22.0,22.0,66826.23,66856.78,66759.64,66805.82,,,,43.04179604902441,,,,,,,,,,,,,,66880.99161485313,,,,,,,SELL,,,,,7.77,pullback_weak_candle;momentum_volume_low
2026-04-03T00:43:52.336072+00:00,BTCUSD,viper,144388,M5,HOLD,HOLD,NONE,0,82.47802002408072,0,,,,,,,,,,,,,,,,22.0,22.0,66826.23,66856.78,66759.64,66806.16,,,,43.0642635412174,,,,,,,,,,,,,,66881.02399580552,,,,,,,SELL,,,,,7.77,pullback_weak_candle;momentum_volume_low
2026-04-03T00:44:02.803804+00:00,BTCUSD,viper,144388,M5,HOLD,HOLD,NONE,0,82.47802002408072,0,,,,,,,,,,,,,,,,22.0,22.0,66826.23,66856.78,66759.64,66810.34,,,,43.34241070896083,,,,,,,,,,,,,,66881.42209104361,,,,,,,SELL,,,,,7.77,pullback_weak_candle;momentum_volume_low
2026-04-03T00:44:03.530420+00:00,XAUUSD,viper,144388,M5,OUTSIDE_HOURS,OUTSIDE_HOURS,NONE,0,5.405325367263564,0,,,,,,,,,,,,,,,,0.34,0.34,4668.9,4673.32,4667.67,4670.82,,,,53.58433911787206,,,,,,,,,,,,,,,,,,,,,BOTH,,,,,21.52,pullback_weak_candle;momentum_volume_low
2026-04-03T00:44:13.774528+00:00,BTCUSD,viper,144388,M5,HOLD,HOLD,NONE,0,82.47802002408072,0,,,,,,,,,,,,,,,,22.0,22.0,66826.23,66856.78,66759.64,66820.78,,,,44.05306430408802,,,,,,,,,,,,,,66882.4163767579,,,,,,,SELL,,,,,7.77,pullback_weak_candle;momentum_volume_low
2026-04-03T00:44:24.320012+00:00,BTCUSD,viper,144388,M5,HOLD,HOLD,NONE,0,82.47802002408072,0,,,,,,,,,,,,,,,,22.0,22.0,66826.23,66856.78,66759.64,66816.18,,,,43.73708975034099,,,,,,,,,,,,,,66881.97828151981,,,,,,,SELL,,,,,7.77,pullback_weak_candle;momentum_volume_low
2026-04-03T00:44:34.749441+00:00,BTCUSD,viper,144388,M5,HOLD,HOLD,NONE,0,82.47802002408072,0,,,,,,,,,,,,,,,,22.0,22.0,66826.23,66856.78,66759.64,66815.89,,,,43.71732143332155,,,,,,,,,,,,,,66881.95066247218,,,,,,,SELL,,,,,7.77,pullback_weak_candle;momentum_volume_low
2026-04-03T00:44:45.265816+00:00,BTCUSD,viper,144388,M5,HOLD,HOLD,NONE,0,82.47802002408072,0,,,,,,,,,,,,,,,,22.0,22.0,66826.23,66856.78,66759.64,66813.34,,,,43.544262930780256,,,,,,,,,,,,,,66881.70780532932,,,,,,,SELL,,,,,7.77,pullback_weak_candle;momentum_volume_low
2026-04-03T00:44:55.782208+00:00,BTCUSD,viper,144388,M5,HOLD,HOLD,NONE,0,82.47802002408072,0,,,,,,,,,,,,,,,,22.0,22.0,66826.23,66856.78,66759.64,66802.92,,,,42.85111008235136,,,,,,,,,,,,,,66880.71542437695,,,,,,,SELL,,,,,7.77,pullback_weak_candle;momentum_volume_low
2026-04-03T00:45:06.344353+00:00,BTCUSD,viper,144388,M5,HOLD,HOLD,NONE,0,77.02530852497007,0,,,,,,,,,,,,,,,,22.0,22.0,66800.71,66800.71,66794.59,66794.82,,,,42.29832500454098,,,,,,,,,,,,,,66872.34620030642,,,,,,,SELL,,,,,7.26,pullback_not_near_ema;momentum_volume_low
2026-04-03T00:45:16.789992+00:00,BTCUSD,viper,144388,M5,HOLD,HOLD,NONE,0,78.70816566782705,0,,,,,,,,,,,,,,,,22.0,22.0,66800.71,66800.71,66771.03,66771.03,,,,40.72495392133685,,,,,,,,,,,,,,66870.08048602071,,,,,,,SELL,,,,,7.26,pullback_not_near_ema;momentum_volume_low
2026-04-03T00:45:27.277772+00:00,BTCUSD,viper,144388,M5,HOLD,HOLD,NONE,0,78.74173709639855,0,,,,,,,,,,,,,,,,22.0,22.0,66800.71,66800.71,66770.56,66774.22,,,,40.929097821202085,,,,,,,,,,,,,,66870.38429554451,,,,,,,SELL,,,,,7.26,pullback_not_near_ema;momentum_volume_low
2026-04-03T00:45:37.806978+00:00,BTCUSD,viper,144388,M5,HOLD,HOLD,NONE,0,78.74173709639855,0,,,,,,,,,,,,,,,,22.0,22.0,66800.71,66800.71,66770.56,66770.86,,,,40.714131918261224,,,,,,,,,,,,,,66870.06429554452,,,,,,,SELL,,,,,7.26,pullback_not_near_ema;momentum_volume_low
2026-04-03T00:45:48.273183+00:00,BTCUSD,viper,144388,M5,HOLD,HOLD,NONE,0,79.55245138211221,0,,,,,,,,,,,,,,,,22.0,22.0,66800.71,66800.71,66759.21,66760.04,,,,40.03697909716079,,,,,,,,,,,,,,66869.03381935404,,,,,,,SELL,,,,,7.26,pullback_not_near_ema;momentum_volume_low
2026-04-03T00:45:49.225675+00:00,XAUUSD,viper,144388,M5,OUTSIDE_HOURS,OUTSIDE_HOURS,NONE,0,5.405325367263564,0,,,,,,,,,,,,,,,,0.34,0.34,4668.9,4673.32,4667.67,4670.82,,,,53.58433911787206,,,,,,,,,,,,,,,,,,,,,BOTH,,,,,21.52,pullback_weak_candle;momentum_volume_low
2026-04-03T00:45:59.435792+00:00,BTCUSD,viper,144388,M5,HOLD,HOLD,NONE,0,80.1488799535412,0,,,,,,,,,,,,,,,,22.0,22.0,66800.71,66800.71,66750.86,66750.98,,,,39.4870619389162,,,,,,,,,,,,,,66868.17096221118,,,,,,,SELL,,,,,7.38,pullback_not_near_ema;momentum_volume_low
2026-04-03T00:46:09.925541+00:00,BTCUSD,viper,144388,M5,HOLD,HOLD,NONE,0,80.91887995354112,0,,,,,,,,,,,,,,,,22.0,22.0,66800.71,66800.71,66740.08,66740.08,,,,38.845156369914136,,,,,,,,,,,,,,66867.13286697309,,,,,,,SELL,,,,,7.53,pullback_not_near_ema;momentum_volume_low
2026-04-03T00:46:20.417251+00:00,BTCUSD,viper,144388,M5,HOLD,HOLD,NONE,0,81.38459423925569,0,,,,,,,,,,,,,,,,22.0,22.0,66800.71,66800.71,66733.56,66745.04,,,,39.13464593248505,,,,,,,,,,,,,,66867.60524792547,,,,,,,SELL,,,,,7.62,pullback_not_near_ema;momentum_volume_low
2026-04-03T00:46:30.961235+00:00,BTCUSD,viper,144388,M5,HOLD,HOLD,NONE,0,81.38459423925569,0,,,,,,,,,,,,,,,,22.0,22.0,66800.71,66800.71,66733.56,66751.85,,,,39.53921202554851,,,,,,,,,,,,,,66868.25381935404,,,,,,,SELL,,,,,7.62,pullback_not_near_ema;momentum_volume_low
2026-04-03T00:46:41.364689+00:00,BTCUSD,viper,144388,M5,HOLD,HOLD,NONE,0,81.38459423925569,0,,,,,,,,,,,,,,,,22.0,22.0,66800.71,66800.71,66733.56,66752.58,,,,39.58307654409207,,,,,,,,,,,,,,66868.32334316356,,,,,,,SELL,,,,,7.62,pullback_not_near_ema;momentum_volume_low
2026-04-03T00:46:51.854970+00:00,BTCUSD,viper,144388,M5,HOLD,HOLD,NONE,0,81.38459423925569,0,,,,,,,,,,,,,,,,22.0,22.0,66800.71,66800.71,66733.56,66752.28,,,,39.56503825505992,,,,,,,,,,,,,,66868.29477173499,,,,,,,SELL,,,,,7.62,pullback_not_near_ema;momentum_volume_low
2026-04-03T00:47:02.417482+00:00,BTCUSD,viper,144388,M5,HOLD,HOLD,NONE,0,81.38459423925569,0,,,,,,,,,,,,,,,,22.0,22.0,66800.71,66800.71,66733.56,66737.24,,,,38.6813203253978,,,,,,,,,,,,,,66866.86239078261,,,,,,,SELL,,,,,7.62,pullback_not_near_ema;momentum_volume_low
2026-04-03T00:47:13.216341+00:00,BTCUSD,viper,144388,M5,HOLD,HOLD,NONE,0,81.68673709639826,0,,,,,,,,,,,,,,,,22.0,22.0,66800.71,66800.71,66729.33,66729.38,,,,38.235008923253496,,,,,,,,,,,,,,66866.11381935404,,,,,,,SELL,,,,,7.67,pullback_not_near_ema;momentum_volume_low
2026-04-03T00:47:23.903308+00:00,BTCUSD,viper,144388,M5,HOLD,HOLD,NONE,0,82.65673709639839,0,,,,,,,,,,,,,,,,22.0,22.0,66800.71,66800.71,66715.75,66727.32,,,,38.119734956223525,,,,,,,,,,,,,,66865.91762887785,,,,,,,SELL,,,,,7.85,pullback_not_near_ema;momentum_volume_low
2026-04-03T00:47:34.705808+00:00,BTCUSD,viper,144388,M5,HOLD,HOLD,NONE,0,82.65673709639839,0,,,,,,,,,,,,,,,,22.0,22.0,66800.71,66800.71,66715.75,66726.52,,,,38.0751555277918,,,,,,,,,,,,,,66865.84143840167,,,,,,,SELL,,,,,7.85,pullback_not_near_ema;momentum_volume_low
2026-04-03T00:47:35.638376+00:00,XAUUSD,viper,144388,M5,OUTSIDE_HOURS,OUTSIDE_HOURS,NONE,0,5.405325367263564,0,,,,,,,,,,,,,,,,0.34,0.34,4668.9,4673.32,4667.67,4670.82,,,,53.58433911787206,,,,,,,,,,,,,,,,,,,,,BOTH,,,,,21.52,pullback_weak_candle;momentum_volume_low
2026-04-03T00:47:46.098555+00:00,BTCUSD,viper,144388,M5,HOLD,HOLD,NONE,0,82.65673709639839,0,,,,,,,,,,,,,,,,22.0,22.0,66800.71,66800.71,66715.75,66722.36,,,,37.84501313322125,,,,,,,,,,,,,,66865.44524792547,,,,,,,SELL,,,,,7.85,pullback_not_near_ema;momentum_volume_low
2026-04-03T00:47:56.817747+00:00,BTCUSD,viper,144388,M5,HOLD,HOLD,NONE,0,82.8160228106838,0,,,,,,,,,,,,,,,,22.0,22.0,66800.71,66800.71,66713.52,66714.04,,,,37.392975119725065,,,,,,,,,,,,,,66864.65286697309,,,,,,,SELL,,,,,7.87,pullback_not_near_ema;momentum_volume_low
2026-04-03T00:48:07.616549+00:00,BTCUSD,viper,144388,M5,HOLD,HOLD,NONE,0,82.8160228106838,0,,,,,,,,,,,,,,,,22.0,22.0,66800.71,66800.71,66713.52,66715.52,,,,37.472594437012646,,,,,,,,,,,,,,66864.79381935405,,,,,,,SELL,,,,,7.87,pullback_not_near_ema;momentum_volume_low
2026-04-03T00:48:18.168464+00:00,BTCUSD,viper,144388,M5,HOLD,HOLD,NONE,0,82.98173709639859,0,,,,,,,,,,,,,,,,22.0,22.0,66800.71,66800.71,66711.2,66711.74,,,,37.269911645841766,,,,,,,,,,,,,,66864.43381935405,,,,,,,SELL,,,,,7.9,pullback_not_near_ema;momentum_volume_low
2026-04-03T00:48:28.791945+00:00,BTCUSD,viper,144388,M5,HOLD,HOLD,NONE,0,82.9960228106841,0,,,,,,,,,,,,,,,,22.0,22.0,66800.71,66800.71,66711.0,66724.06,,,,37.93872471327689,,,,,,,,,,,,,,66865.60715268737,,,,,,,SELL,,,,,7.9,pullback_not_near_ema;momentum_volume_low
2026-04-03T00:48:39.246323+00:00,BTCUSD,viper,144388,M5,HOLD,HOLD,NONE,0,82.9960228106841,0,,,,,,,,,,,,,,,,22.0,22.0,66800.71,66800.71,66711.0,66726.76,,,,38.088518404387,,,,,,,,,,,,,,66865.86429554452,,,,,,,SELL,,,,,7.9,pullback_not_near_ema;momentum_volume_low
2026-04-03T00:48:49.725938+00:00,BTCUSD,viper,144388,M5,HOLD,HOLD,NONE,0,82.9960228106841,0,,,,,,,,,,,,,,,,22.0,22.0,66800.71,66800.71,66711.0,66727.31,,,,38.119177069097375,,,,,,,,,,,,,,66865.9166764969,,,,,,,SELL,,,,,7.9,pullback_not_near_ema;momentum_volume_low
2026-04-03T00:49:00.258507+00:00,BTCUSD,viper,144388,M5,HOLD,HOLD,NONE,0,83.1517370963979,0,,,,,,,,,,,,,,,,22.0,22.0,66800.71,66800.71,66708.82,66708.82,,,,37.11483667115356,,,,,,,,,,,,,,66864.15572411595,,,,,,,SELL,,,,,7.93,pullback_not_near_ema;momentum_volume_low
2026-04-03T00:49:10.844201+00:00,BTCUSD,viper,144388,M5,HOLD,HOLD,NONE,0,83.16245138211279,0,,,,,,,,,,,,,,,,22.0,22.0,66800.71,66800.71,66708.67,66716.9,,,,37.54714014838352,,,,,,,,,,,,,,66864.92524792546,,,,,,,SELL,,,,,7.93,pullback_not_near_ema;momentum_volume_low
2026-04-03T00:49:21.365554+00:00,BTCUSD,viper,144388,M5,HOLD,HOLD,NONE,0,83.16245138211279,0,,,,,,,,,,,,,,,,22.0,22.0,66800.71,66800.71,66708.67,66721.47,,,,37.79613675361117,,,,,,,,,,,,,,66865.36048602071,,,,,,,SELL,,,,,7.93,pullback_not_near_ema;momentum_volume_low
2026-04-03T00:49:22.162072+00:00,XAUUSD,viper,144388,M5,OUTSIDE_HOURS,OUTSIDE_HOURS,NONE,0,5.405325367263564,0,,,,,,,,,,,,,,,,0.34,0.34,4668.9,4673.32,4667.67,4670.82,,,,53.58433911787206,,,,,,,,,,,,,,,,,,,,,BOTH,,,,,21.52,pullback_weak_candle;momentum_volume_low
2026-04-03T00:49:32.376279+00:00,BTCUSD,viper,144388,M5,HOLD,HOLD,NONE,0,83.16245138211279,0,,,,,,,,,,,,,,,,22.0,22.0,66800.71,66800.71,66708.67,66720.77,,,,37.75778326338984,,,,,,,,,,,,,,66865.29381935405,,,,,,,SELL,,,,,7.93,pullback_not_near_ema;momentum_volume_low
2026-04-03T00:49:42.814092+00:00,BTCUSD,viper,144388,M5,HOLD,HOLD,NONE,0,83.16245138211279,0,,,,,,,,,,,,,,,,22.0,22.0,66800.71,66800.71,66708.67,66721.27,,,,37.78517066512104,,,,,,,,,,,,,,66865.34143840167,,,,,,,SELL,,,,,7.93,pullback_not_near_ema;momentum_volume_low
2026-04-03T00:49:53.277970+00:00,BTCUSD,viper,144388,M5,HOLD,HOLD,NONE,0,83.16245138211279,0,,,,,,,,,,,,,,,,22.0,22.0,66800.71,66800.71,66708.67,66720.88,,,,37.76380508481244,,,,,,,,,,,,,,66865.30429554451,,,,,,,SELL,,,,,7.93,pullback_not_near_ema;momentum_volume_low
2026-04-03T00:50:03.703807+00:00,BTCUSD,viper,144388,M5,HOLD,HOLD,NONE,0,77.86227707695292,0,,,,,,,,,,,,,,,,22.0,22.0,66721.45,66729.92,66720.96,66729.92,,,,38.62219241076824,,,,,,,,,,,,,,66852.42778647128,,,,,,,SELL,,,,,8.08,pullback_not_near_ema;momentum_volume_low
2026-04-03T00:50:14.196988+00:00,BTCUSD,viper,144388,M5,HOLD,HOLD,NONE,0,78.08013421981028,0,,,,,,,,,,,,,,,,22.0,22.0,66721.45,66732.97,66720.96,66732.69,,,,38.88300344308947,,,,,,,,,,,,,,66852.69159599509,,,,,,,SELL,,,,,8.08,pullback_not_near_ema;momentum_volume_low
2026-04-03T00:50:24.700733+00:00,BTCUSD,viper,144388,M5,HOLD,HOLD,NONE,0,78.66227707695272,0,,,,,,,,,,,,,,,,22.0,22.0,66721.45,66741.12,66720.96,66739.13,,,,39.48088240548006,,,,,,,,,,,,,,66853.30492932841,,,,,,,SELL,,,,,8.08,pullback_not_near_ema;momentum_volume_low
2026-04-03T00:50:35.174833+00:00,BTCUSD,viper,144388,M5,HOLD,HOLD,NONE,0,78.66227707695272,0,,,,,,,,,,,,,,,,22.0,22.0,66721.45,66741.12,66720.96,66738.87,,,,39.45697112172399,,,,,,,,,,,,,,66853.28016742365,,,,,,,SELL,,,,,8.08,pullback_not_near_ema;momentum_volume_low
2026-04-03T00:50:45.763693+00:00,BTCUSD,viper,144388,M5,HOLD,HOLD,NONE,0,78.66227707695272,0,,,,,,,,,,,,,,,,22.0,22.0,66721.45,66741.12,66720.96,66739.34,,,,39.50018158148882,,,,,,,,,,,,,,66853.32492932842,,,,,,,SELL,,,,,8.08,pullback_not_near_ema;momentum_volume_low
2026-04-03T00:50:56.242226+00:00,BTCUSD,viper,144388,M5,HOLD,HOLD,NONE,0,78.66227707695272,0,,,,,,,,,,,,,,,,22.0,22.0,66721.45,66741.12,66720.96,66739.45,,,,39.51028576215792,,,,,,,,,,,,,,66853.3354055189,,,,,,,SELL,,,,,8.08,pullback_not_near_ema;momentum_volume_low
2026-04-03T00:51:06.796589+00:00,BTCUSD,viper,144388,M5,HOLD,HOLD,NONE,0,78.66227707695272,0,,,,,,,,,,,,,,,,22.0,22.0,66721.45,66741.12,66720.96,66739.49,,,,39.51395917294027,,,,,,,,,,,,,,66853.3392150427,,,,,,,SELL,,,,,8.08,pullback_not_near_ema;momentum_volume_low
2026-04-03T00:51:07.565523+00:00,XAUUSD,viper,144388,M5,OUTSIDE_HOURS,OUTSIDE_HOURS,NONE,0,5.405325367263564,0,,,,,,,,,,,,,,,,0.34,0.34,4668.9,4673.32,4667.67,4670.82,,,,53.58433911787206,,,,,,,,,,,,,,,,,,,,,BOTH,,,,,21.52,pullback_weak_candle;momentum_volume_low
2026-04-03T00:51:17.774630+00:00,BTCUSD,viper,144388,M5,HOLD,HOLD,NONE,0,78.6808485055248,0,,,,,,,,,,,,,,,,22.0,22.0,66721.45,66741.38,66720.96,66740.92,,,,39.64499116014352,,,,,,,,,,,,,,66853.4754055189,,,,,,,SELL,,,,,8.08,pullback_not_near_ema;momentum_volume_low
2026-04-03T00:51:28.344775+00:00,BTCUSD,viper,144388,M5,HOLD,HOLD,NONE,0,78.68370564838149,0,,,,,,,,,,,,,,,,22.0,22.0,66721.45,66741.42,66720.96,66736.67,,,,39.253885984882885,,,,,,,,,,,,,,66853.07064361413,,,,,,,SELL,,,,,8.08,pullback_not_near_ema;momentum_volume_low
2026-04-03T00:51:38.860905+00:00,BTCUSD,viper,144388,M5,HOLD,HOLD,NONE,0,78.68370564838149,0,,,,,,,,,,,,,,,,22.0,22.0,66721.45,66741.42,66720.96,66737.18,,,,39.301086029769046,,,,,,,,,,,,,,66853.1192150427,,,,,,,SELL,,,,,8.08,pullback_not_near_ema;momentum_volume_low
2026-04-03T00:51:49.286405+00:00,BTCUSD,viper,144388,M5,HOLD,HOLD,NONE,0,78.68370564838149,0,,,,,,,,,,,,,,,,22.0,22.0,66721.45,66741.42,66720.96,66736.52,,,,39.23998964546925,,,,,,,,,,,,,,66853.05635789984,,,,,,,SELL,,,,,8.08,pullback_not_near_ema;momentum_volume_low
2026-04-03T00:51:59.749806+00:00,BTCUSD,viper,144388,M5,HOLD,HOLD,NONE,0,78.68370564838149,0,,,,,,,,,,,,,,,,22.0,22.0,66721.45,66741.42,66720.96,66736.92,,,,39.27703243056476,,,,,,,,,,,,,,66853.09445313794,,,,,,,SELL,,,,,8.08,pullback_not_near_ema;momentum_volume_low
2026-04-03T00:52:10.220785+00:00,BTCUSD,viper,144388,M5,HOLD,HOLD,NONE,0,78.68370564838149,0,,,,,,,,,,,,,,,,22.0,22.0,66721.45,66741.42,66720.96,66739.02,,,,39.4707683985495,,,,,,,,,,,,,,66853.29445313793,,,,,,,SELL,,,,,8.08,pullback_not_near_ema;momentum_volume_low
2026-04-03T00:52:20.713057+00:00,BTCUSD,viper,144388,M5,HOLD,HOLD,NONE,0,80.07084850552422,0,,,,,,,,,,,,,,,,22.0,22.0,66721.45,66760.84,66720.96,66760.57,,,,41.389698709939104,,,,,,,,,,,,,,66855.34683409032,,,,,,,SELL,,,,,8.08,pullback_not_near_ema;momentum_volume_low
2026-04-03T00:52:31.156198+00:00,BTCUSD,viper,144388,M5,HOLD,HOLD,NONE,0,80.63084850552397,0,,,,,,,,,,,,,,,,22.0,22.0,66721.45,66768.68,66720.96,66754.58,,,,40.86863419220877,,,,,,,,,,,,,,66854.77635789984,,,,,,,SELL,,,,,8.08,pullback_not_near_ema;momentum_volume_low
2026-04-03T00:52:41.817004+00:00,BTCUSD,viper,144388,M5,HOLD,HOLD,NONE,0,80.63084850552397,0,,,,,,,,,,,,,,,,22.0,22.0,66721.45,66768.68,66720.96,66744.48,,,,39.96874398004013,,,,,,,,,,,,,,66853.81445313794,,,,,,,SELL,,,,,8.08,pullback_not_near_ema;momentum_volume_low
2026-04-03T00:52:52.371919+00:00,BTCUSD,viper,144388,M5,HOLD,HOLD,NONE,0,80.63084850552397,0,,,,,,,,,,,,,,,,22.0,22.0,66721.45,66768.68,66720.96,66736.98,,,,39.282584953047795,,,,,,,,,,,,,,66853.10016742365,,,,,,,SELL,,,,,8.08,pullback_not_near_ema;momentum_volume_low
2026-04-03T00:52:53.111110+00:00,XAUUSD,viper,144388,M5,OUTSIDE_HOURS,OUTSIDE_HOURS,NONE,0,5.405325367263564,0,,,,,,,,,,,,,,,,0.34,0.34,4668.9,4673.32,4667.67,4670.82,,,,53.58433911787206,,,,,,,,,,,,,,,,,,,,,BOTH,,,,,21.52,pullback_weak_candle;momentum_volume_low
2026-04-03T00:53:03.345728+00:00,BTCUSD,viper,144388,M5,HOLD,HOLD,NONE,0,80.63084850552397,0,,,,,,,,,,,,,,,,22.0,22.0,66721.45,66768.68,66720.96,66736.96,,,,39.280734225051994,,,,,,,,,,,,,,66853.09826266175,,,,,,,SELL,,,,,8.08,pullback_not_near_ema;momentum_volume_low
2026-04-03T00:53:13.790790+00:00,BTCUSD,viper,144388,M5,HOLD,HOLD,NONE,0,80.63084850552397,0,,,,,,,,,,,,,,,,22.0,22.0,66721.45,66768.68,66720.96,66748.38,,,,40.319453570217334,,,,,,,,,,,,,,66854.18588170937,,,,,,,SELL,,,,,8.08,pullback_not_near_ema;momentum_volume_low
2026-04-03T00:53:24.364257+00:00,BTCUSD,viper,144388,M5,HOLD,HOLD,NONE,0,80.63084850552397,0,,,,,,,,,,,,,,,,22.0,22.0,66721.45,66768.68,66720.96,66748.56,,,,40.335541264880405,,,,,,,,,,,,,,66854.20302456651,,,,,,,SELL,,,,,8.08,pullback_not_near_ema;momentum_volume_low
2026-04-03T00:53:34.808023+00:00,BTCUSD,viper,144388,M5,HOLD,HOLD,NONE,0,80.63084850552397,0,,,,,,,,,,,,,,,,22.0,22.0,66721.45,66768.68,66720.96,66736.84,,,,39.269627487330844,,,,,,,,,,,,,,66853.08683409033,,,,,,,SELL,,,,,8.08,pullback_not_near_ema;momentum_volume_low
2026-04-03T00:53:45.458163+00:00,BTCUSD,viper,144388,M5,HOLD,HOLD,NONE,0,80.63084850552397,0,,,,,,,,,,,,,,,,22.0,22.0,66721.45,66768.68,66720.96,66728.12,,,,38.451515783490976,,,,,,,,,,,,,,66852.25635789984,,,,,,,SELL,,,,,8.08,pullback_not_near_ema;momentum_volume_low
2026-04-03T00:53:56.191799+00:00,BTCUSD,viper,144388,M5,HOLD,HOLD,NONE,0,80.84656279123855,0,,,,,,,,,,,,,,,,22.0,22.0,66721.45,66768.68,66717.94,66718.18,,,,37.60443978345982,,,,,,,,,,,,,,66851.30969123318,,,,,,,SELL,,,,,8.08,pullback_not_near_ema;momentum_volume_low
2026-04-03T00:54:06.924801+00:00,BTCUSD,viper,144388,M5,HOLD,HOLD,NONE,0,81.48513421981015,0,,,,,,,,,,,,,,,,22.0,22.0,66721.45,66768.68,66709.0,66709.6,,,,37.10939117265131,,,,,,,,,,,,,,66850.49254837603,,,,,,,SELL,,,,,8.08,pullback_not_near_ema;momentum_volume_low
2026-04-03T00:54:17.488830+00:00,BTCUSD,viper,144388,M5,HOLD,HOLD,NONE,0,81.4894199340957,0,,,,,,,,,,,,,,,,22.0,22.0,66721.45,66768.68,66708.94,66709.49,,,,37.10312900548581,,,,,,,,,,,,,,66850.48207218556,,,,,,,SELL,,,,,8.08,pullback_not_near_ema;momentum_volume_low
2026-04-03T00:54:28.099915+00:00,BTCUSD,viper,144388,M5,HOLD,HOLD,NONE,0,82.18656279123921,0,,,,,,,,,,,,,,,,22.0,22.0,66721.45,66768.68,66699.18,66699.24,,,,36.528739242825644,,,,,,,,,,,,,,66849.50588170937,,,,,,,SELL,,,,,8.2,pullback_not_near_ema;momentum_volume_low
2026-04-03T00:54:38.554855+00:00,BTCUSD,viper,144388,M5,HOLD,HOLD,NONE,0,82.73156279123852,0,,,,,,,,,,,,,,,,22.0,22.0,66721.45,66768.68,66691.55,66698.84,,,,36.50668436423421,,,,,,,,,,,,,,66849.46778647127,,,,,,,SELL,,,,,8.29,pullback_not_near_ema;momentum_volume_low
2026-04-03T00:54:39.330937+00:00,XAUUSD,viper,144388,M5,OUTSIDE_HOURS,OUTSIDE_HOURS,NONE,0,5.405325367263564,0,,,,,,,,,,,,,,,,0.34,0.34,4668.9,4673.32,4667.67,4670.82,,,,53.58433911787206,,,,,,,,,,,,,,,,,,,,,BOTH,,,,,21.52,pullback_weak_candle;momentum_volume_low
2026-04-03T00:54:49.537326+00:00,BTCUSD,viper,144388,M5,HOLD,HOLD,NONE,0,82.73156279123852,0,,,,,,,,,,,,,,,,22.0,22.0,66721.45,66768.68,66691.55,66708.12,,,,37.02531326559647,,,,,,,,,,,,,,66850.35159599507,,,,,,,SELL,,,,,8.29,pullback_not_near_ema;momentum_volume_low
2026-04-03T00:55:00.001683+00:00,BTCUSD,viper,144388,M5,HOLD,HOLD,NONE,0,82.73156279123852,0,,,,,,,,,,,,,,,,22.0,22.0,66721.45,66768.68,66691.55,66708.0,,,,37.01851283267314,,,,,,,,,,,,,,66850.34016742365,,,,,,,SELL,,,,,8.29,pullback_not_near_ema;momentum_volume_low
2026-04-03T00:55:10.533471+00:00,BTCUSD,viper,144388,M5,HOLD,HOLD,NONE,0,76.87716575008066,0,,,,,,,,,,,,,,,,22.0,22.0,66708.02,66708.35,66707.58,66708.18,,,,37.03531262526308,,,,,,,,,,,,,,66836.80455049998,,,,,,,SELL,,,,,8.62,pullback_not_near_ema;momentum_volume_low
2026-04-03T00:55:21.095509+00:00,BTCUSD,viper,144388,M5,HOLD,HOLD,NONE,0,77.76788003579503,0,,,,,,,,,,,,,,,,22.0,22.0,66708.02,66720.82,66707.58,66720.47,,,,38.28530703939946,,,,,,,,,,,,,,66837.97502669044,,,,,,,SELL,,,,,8.62,pullback_not_near_ema;momentum_volume_low
2026-04-03T00:55:31.966400+00:00,BTCUSD,viper,144388,M5,HOLD,HOLD,NONE,0,77.77645146436613,0,,,,,,,,,,,,,,,,22.0,22.0,66708.02,66720.94,66707.58,66720.2,,,,38.25837923598958,,,,,,,,,,,,,,66837.94931240473,,,,,,,SELL,,,,,8.62,pullback_not_near_ema;momentum_volume_low
2026-04-03T00:55:42.718486+00:00,BTCUSD,viper,144388,M5,HOLD,HOLD,NONE,0,77.77645146436613,0,,,,,,,,,,,,,,,,22.0,22.0,66708.02,66720.94,66707.58,66712.83,,,,37.51416554905992,,,,,,,,,,,,,,66837.24740764283,,,,,,,SELL,,,,,8.62,pullback_not_near_ema;momentum_volume_low
2026-04-03T00:55:53.248807+00:00,BTCUSD,viper,144388,M5,HOLD,HOLD,NONE,0,77.77645146436613,0,,,,,,,,,,,,,,,,22.0,22.0,66708.02,66720.94,66707.58,66712.9,,,,37.52131844711661,,,,,,,,,,,,,,66837.2540743095,,,,,,,SELL,,,,,8.62,pullback_not_near_ema;momentum_volume_low
2026-04-03T00:56:03.709381+00:00,BTCUSD,viper,144388,M5,HOLD,HOLD,NONE,0,77.77645146436613,0,,,,,,,,,,,,,,,,22.0,22.0,66708.02,66720.94,66707.58,66712.37,,,,37.467120015140196,,,,,,,,,,,,,,66837.20359811901,,,,,,,SELL,,,,,8.62,pullback_not_near_ema;momentum_volume_low
2026-04-03T00:56:14.145795+00:00,BTCUSD,viper,144388,M5,HOLD,HOLD,NONE,0,77.77645146436613,0,,,,,,,,,,,,,,,,22.0,22.0,66708.02,66720.94,66707.58,66720.4,,,,38.278328012692356,,,,,,,,,,,,,,66837.96836002378,,,,,,,SELL,,,,,8.62,pullback_not_near_ema;momentum_volume_low
2026-04-03T00:56:24.587779+00:00,BTCUSD,viper,144388,M5,HOLD,HOLD,NONE,0,78.39645146436563,0,,,,,,,,,,,,,,,,22.0,22.0,66708.02,66729.62,66707.58,66729.62,,,,39.18417690493863,,,,,,,,,,,,,,66838.84645526188,,,,,,,SELL,,,,,8.62,pullback_not_near_ema;momentum_volume_low
2026-04-03T00:56:25.304008+00:00,XAUUSD,viper,144388,M5,OUTSIDE_HOURS,OUTSIDE_HOURS,NONE,0,5.405325367263564,0,,,,,,,,,,,,,,,,0.34,0.34,4668.9,4673.32,4667.67,4670.82,,,,53.58433911787206,,,,,,,,,,,,,,,,,,,,,BOTH,,,,,21.52,pullback_weak_candle;momentum_volume_low
2026-04-03T00:56:35.577117+00:00,BTCUSD,viper,144388,M5,HOLD,HOLD,NONE,0,79.53073717865168,0,,,,,,,,,,,,,,,,22.0,22.0,66708.02,66745.5,66707.58,66741.36,,,,40.29983414684892,,,,,,,,,,,,,,66839.96455049998,,,,,,,SELL,,,,,8.62,pullback_not_near_ema;momentum_volume_low
2026-04-03T00:56:46.131422+00:00,BTCUSD,viper,144388,M5,HOLD,HOLD,NONE,0,79.53073717865168,0,,,,,,,,,,,,,,,,22.0,22.0,66708.02,66745.5,66707.58,66743.06,,,,40.45800207565571,,,,,,,,,,,,,,66840.12645526188,,,,,,,SELL,,,,,8.62,pullback_not_near_ema;momentum_volume_low
2026-04-03T00:56:56.618925+00:00,BTCUSD,viper,144388,M5,HOLD,HOLD,NONE,0,79.94359432150874,0,,,,,,,,,,,,,,,,22.0,22.0,66708.02,66751.28,66707.58,66750.48,,,,41.13865862665761,,,,,,,,,,,,,,66840.83312192855,,,,,,,SELL,,,,,8.62,pullback_not_near_ema;momentum_volume_low
2026-04-03T00:57:07.141852+00:00,BTCUSD,viper,144388,M5,HOLD,HOLD,NONE,0,80.60073717865139,0,,,,,,,,,,,,,,,,22.0,22.0,66708.02,66760.48,66707.58,66760.11,,,,41.99917898323035,,,,,,,,,,,,,,66841.75026478569,,,,,,,SELL,,,,,8.62,pullback_not_near_ema;momentum_volume_low
2026-04-03T00:57:17.566205+00:00,BTCUSD,viper,144388,M5,HOLD,HOLD,NONE,0,80.60145146436633,0,,,,,,,,,,,,,,,,22.0,22.0,66708.02,66760.49,66707.58,66741.28,,,,40.292370244976986,,,,,,,,,,,,,,66839.95693145235,,,,,,,SELL,,,,,8.62,pullback_not_near_ema;momentum_volume_low
2026-04-03T00:57:28.036642+00:00,BTCUSD,viper,144388,M5,HOLD,HOLD,NONE,0,80.60145146436633,0,,,,,,,,,,,,,,,,22.0,22.0,66708.02,66760.49,66707.58,66741.08,,,,40.27370232259136,,,,,,,,,,,,,,66839.9378838333,,,,,,,SELL,,,,,8.62,pullback_not_near_ema;momentum_volume_low
2026-04-03T00:57:38.616954+00:00,BTCUSD,viper,144388,M5,HOLD,HOLD,NONE,0,80.60145146436633,0,,,,,,,,,,,,,,,,22.0,22.0,66708.02,66760.49,66707.58,66741.16,,,,40.28117089216185,,,,,,,,,,,,,,66839.94550288093,,,,,,,SELL,,,,,8.62,pullback_not_near_ema;momentum_volume_low
2026-04-03T00:57:49.075044+00:00,BTCUSD,viper,144388,M5,HOLD,HOLD,NONE,0,80.60145146436633,0,,,,,,,,,,,,,,,,22.0,22.0,66708.02,66760.49,66707.58,66741.56,,,,40.31848573994587,,,,,,,,,,,,,,66839.98359811903,,,,,,,SELL,,,,,8.62,pullback_not_near_ema;momentum_volume_low
2026-04-03T00:57:59.582283+00:00,BTCUSD,viper,144388,M5,HOLD,HOLD,NONE,0,80.60216575008025,0,,,,,,,,,,,,,,,,22.0,22.0,66708.02,66760.5,66707.58,66759.98,,,,41.987729973654446,,,,,,,,,,,,,,66841.73788383331,,,,,,,SELL,,,,,8.62,pullback_not_near_ema;momentum_volume_low
2026-04-03T00:58:10.086939+00:00,BTCUSD,viper,144388,M5,HOLD,HOLD,NONE,0,80.96359432150865,0,,,,,,,,,,,,,,,,22.0,22.0,66708.02,66765.56,66707.58,66765.42,,,,42.462995781143626,,,,,,,,,,,,,,66842.2559790714,,,,,,,SELL,,,,,8.62,pullback_not_near_ema;momentum_volume_low
2026-04-03T00:58:10.924160+00:00,XAUUSD,viper,144388,M5,OUTSIDE_HOURS,OUTSIDE_HOURS,NONE,0,5.405325367263564,0,,,,,,,,,,,,,,,,0.34,0.34,4668.9,4673.32,4667.67,4670.82,,,,53.58433911787206,,,,,,,,,,,,,,,,,,,,,BOTH,,,,,21.52,pullback_weak_candle;momentum_volume_low
2026-04-03T00:58:21.144772+00:00,BTCUSD,viper,144388,M5,HOLD,HOLD,NONE,0,81.09216575008028,0,,,,,,,,,,,,,,,,22.0,22.0,66708.02,66767.36,66707.58,66767.03,,,,42.602163724177764,,,,,,,,,,,,,,66842.40931240474,,,,,,,SELL,,,,,8.62,pullback_not_near_ema;momentum_volume_low
2026-04-03T00:58:31.652417+00:00,BTCUSD,viper,144388,M5,HOLD,HOLD,NONE,0,81.09430860722307,0,,,,,,,,,,,,,,,,22.0,22.0,66708.02,66767.39,66707.58,66766.5,,,,42.556425066393146,,,,,,,,,,,,,,66842.35883621426,,,,,,,SELL,,,,,8.62,pullback_not_near_ema;momentum_volume_low
2026-04-03T00:58:42.164245+00:00,BTCUSD,viper,144388,M5,HOLD,HOLD,NONE,0,81.09645146436584,0,,,,,,,,,,,,,,,,22.0,22.0,66708.02,66767.42,66707.58,66766.99,,,,42.5987142913051,,,,,,,,,,,,,,66842.40550288092,,,,,,,SELL,,,,,8.62,pullback_not_near_ema;momentum_volume_low
2026-04-03T00:58:52.576372+00:00,BTCUSD,viper,144388,M5,HOLD,HOLD,NONE,0,81.09930860722356,0,,,,,,,,,,,,,,,,22.0,22.0,66708.02,66767.46,66707.58,66761.88,,,,42.15461322612521,,,,,,,,,,,,,,66841.91883621426,,,,,,,SELL,,,,,8.62,pullback_not_near_ema;momentum_volume_low
2026-04-03T00:59:03.014469+00:00,BTCUSD,viper,144388,M5,HOLD,HOLD,NONE,0,81.09930860722356,0,,,,,,,,,,,,,,,,22.0,22.0,66708.02,66767.46,66707.58,66761.82,,,,42.14935791141453,,,,,,,,,,,,,,66841.91312192855,,,,,,,SELL,,,,,8.62,pullback_not_near_ema;momentum_volume_low
2026-04-03T00:59:13.492783+00:00,BTCUSD,viper,144388,M5,HOLD,HOLD,NONE,0,81.09930860722356,0,,,,,,,,,,,,,,,,22.0,22.0,66708.02,66767.46,66707.58,66765.08,,,,42.43351992669979,,,,,,,,,,,,,,66842.22359811902,,,,,,,SELL,,,,,8.62,pullback_not_near_ema;momentum_volume_low
2026-04-03T00:59:23.944305+00:00,BTCUSD,viper,144388,M5,HOLD,HOLD,NONE,0,81.09930860722356,0,,,,,,,,,,,,,,,,22.0,22.0,66708.02,66767.46,66707.58,66767.43,,,,42.63663526494367,,,,,,,,,,,,,,66842.44740764283,,,,,,,SELL,,,,,8.62,pullback_not_near_ema;momentum_volume_low
2026-04-03T00:59:34.393524+00:00,BTCUSD,viper,144388,M5,HOLD,HOLD,NONE,0,81.65002289293727,0,,,,,,,,,,,,,,,,22.0,22.0,66708.02,66775.17,66707.58,66774.62,,,,43.249275455283914,,,,,,,,,,,,,,66843.13216954759,,,,,,,SELL,,,,,8.52,pullback_not_near_ema;momentum_volume_low
2026-04-03T00:59:45.018818+00:00,BTCUSD,viper,144388,M5,HOLD,HOLD,NONE,0,81.65930860722331,0,,,,,,,,,,,,,,,,22.0,22.0,66708.02,66775.3,66707.58,66774.63,,,,43.25011841522368,,,,,,,,,,,,,,66843.13312192855,,,,,,,SELL,,,,,8.51,pullback_not_near_ema;momentum_volume_low
2026-04-03T00:59:55.729136+00:00,BTCUSD,viper,144388,M5,HOLD,HOLD,NONE,0,81.65930860722331,0,,,,,,,,,,,,,,,,22.0,22.0,66708.02,66775.3,66707.58,66774.6,,,,43.24758946027691,,,,,,,,,,,,,,66843.1302647857,,,,,,,SELL,,,,,8.51,pullback_not_near_ema;momentum_volume_low
2026-04-03T00:59:56.474939+00:00,XAUUSD,viper,144388,M5,OUTSIDE_HOURS,OUTSIDE_HOURS,NONE,0,5.405325367263564,0,,,,,,,,,,,,,,,,0.34,0.34,4668.9,4673.32,4667.67,4670.82,,,,53.58433911787206,,,,,,,,,,,,,,,,,,,,,BOTH,,,,,21.52,pullback_weak_candle;momentum_volume_low
2026-04-03T01:00:06.828416+00:00,BTCUSD,viper,144388,M5,HOLD,HOLD,NONE,0,77.32221910683636,0,,,,,,,,,,,,,,,,22.0,22.0,66774.81,66775.22,66754.28,66754.9,,,,41.92984648436741,,,,,,,,,,,,,,66834.74375437523,,,,,,,SELL,,,,,8.72,pullback_not_near_ema;momentum_volume_low
2026-04-03T01:00:17.544285+00:00,BTCUSD,viper,144388,M5,HOLD,HOLD,NONE,0,77.32793339255076,0,,,,,,,,,,,,,,,,22.0,22.0,66774.81,66775.22,66754.2,66768.2,,,,42.81239541547378,,,,,,,,,,,,,,66836.0104210419,,,,,,,SELL,,,,,8.72,pullback_not_near_ema;momentum_volume_low
2026-04-03T01:00:28.240234+00:00,BTCUSD,viper,144388,M5,HOLD,HOLD,NONE,0,78.34293339255018,0,,,,,,,,,,,,,,,,22.0,22.0,66774.81,66789.43,66754.2,66788.9,,,,44.515628201104604,,,,,,,,,,,,,,66837.98184961332,,,,,,,SELL,,,,,8.48,pullback_weak_candle;momentum_volume_low
2026-04-03T01:00:39.085416+00:00,BTCUSD,viper,144388,M5,HOLD,HOLD,NONE,0,78.3457905354079,0,,,,,,,,,,,,,,,,22.0,22.0,66774.81,66789.47,66754.2,66789.06,,,,44.529508789292485,,,,,,,,,,,,,,66837.99708770856,,,,,,,SELL,,,,,8.48,pullback_structure_not_confirmed;momentum_volume_low
2026-04-03T01:00:49.854408+00:00,BTCUSD,viper,144388,M5,HOLD,HOLD,NONE,0,78.79650482112203,0,,,,,,,,,,,,,,,,22.0,22.0,66774.81,66795.78,66754.2,66772.86,,,,43.13047370310472,,,,,,,,,,,,,,66836.45423056571,,,,,,,SELL,,,,,8.38,pullback_weak_candle;momentum_volume_low
2026-04-03T01:01:00.449387+00:00,BTCUSD,viper,144388,M5,HOLD,HOLD,NONE,0,78.79650482112203,0,,,,,,,,,,,,,,,,22.0,22.0,66774.81,66795.78,66754.2,66766.34,,,,42.686743287919626,,,,,,,,,,,,,,66835.83327818476,,,,,,,SELL,,,,,8.38,pullback_weak_candle;momentum_volume_low
2026-04-03T01:01:11.031894+00:00,BTCUSD,viper,144388,M5,HOLD,HOLD,NONE,0,79.07364767826418,0,,,,,,,,,,,,,,,,22.0,22.0,66774.81,66795.78,66750.32,66750.62,,,,41.653525947830424,,,,,,,,,,,,,,66834.33613532761,,,,,,,SELL,,,,,8.38,pullback_structure_not_confirmed;momentum_volume_low
2026-04-03T01:01:21.641878+00:00,BTCUSD,viper,144388,M5,HOLD,HOLD,NONE,0,79.07364767826418,0,,,,,,,,,,,,,,,,22.0,22.0,66774.81,66795.78,66750.32,66751.19,,,,41.690115245515805,,,,,,,,,,,,,,66834.3904210419,,,,,,,SELL,,,,,8.38,pullback_structure_not_confirmed;momentum_volume_low
2026-04-03T01:01:32.204011+00:00,BTCUSD,viper,144388,M5,HOLD,HOLD,NONE,0,79.07364767826418,0,,,,,,,,,,,,,,,,22.0,22.0,66774.81,66795.78,66750.32,66751.08,,,,41.68304914821649,,,,,,,,,,,,,,66834.37994485142,,,,,,,SELL,,,,,8.38,pullback_structure_not_confirmed;momentum_volume_low
2026-04-03T01:01:42.650599+00:00,BTCUSD,viper,144388,M5,HOLD,HOLD,NONE,0,79.07364767826418,0,,,,,,,,,,,,,,,,22.0,22.0,66774.81,66795.78,66750.32,66750.86,,,,41.66892413702015,,,,,,,,,,,,,,66834.35899247047,,,,,,,SELL,,,,,8.38,pullback_structure_not_confirmed;momentum_volume_low
2026-04-03T01:01:43.384186+00:00,XAUUSD,viper,144388,M5,OUTSIDE_HOURS,OUTSIDE_HOURS,NONE,0,5.405325367263564,0,,,,,,,,,,,,,,,,0.34,0.34,4668.9,4673.32,4667.67,4670.82,,,,53.58433911787206,,,,,,,,,,,,,,,,,,,,,BOTH,,,,,21.52,pullback_weak_candle;momentum_volume_low
2026-04-03T01:01:53.671872+00:00,BTCUSD,viper,144388,M5,HOLD,HOLD,NONE,0,79.07364767826418,0,,,,,,,,,,,,,,,,22.0,22.0,66774.81,66795.78,66750.32,66753.8,,,,41.8584800885571,,,,,,,,,,,,,,66834.63899247047,,,,,,,SELL,,,,,8.38,pullback_structure_not_confirmed;momentum_volume_low
2026-04-03T01:02:04.418066+00:00,BTCUSD,viper,144388,M5,HOLD,HOLD,NONE,0,79.07364767826418,0,,,,,,,,,,,,,,,,22.0,22.0,66774.81,66795.78,66750.32,66750.94,,,,41.674059396971515,,,,,,,,,,,,,,66834.36661151808,,,,,,,SELL,,,,,8.38,pullback_structure_not_confirmed;momentum_volume_low
2026-04-03T01:02:15.260099+00:00,BTCUSD,viper,144388,M5,HOLD,HOLD,NONE,0,80.04936196397871,0,,,,,,,,,,,,,,,,22.0,22.0,66774.81,66795.78,66736.66,66736.74,,,,40.78195326319778,,,,,,,,,,,,,,66833.0142305657,,,,,,,SELL,,,,,8.38,pullback_structure_not_confirmed;momentum_volume_low
2026-04-03T01:02:25.878268+00:00,BTCUSD,viper,144388,M5,HOLD,HOLD,NONE,0,80.2515048211217,0,,,,,,,,,,,,,,,,22.0,22.0,66774.81,66795.78,66733.83,66734.09,,,,40.61968082741413,,,,,,,,,,,,,,66832.76184961332,,,,,,,SELL,,,,,8.38,pullback_structure_not_confirmed;momentum_volume_low
2026-04-03T01:02:36.515636+00:00,BTCUSD,viper,144388,M5,HOLD,HOLD,NONE,0,80.28079053540766,0,,,,,,,,,,,,,,,,22.0,22.0,66774.81,66795.78,66733.42,66738.62,,,,40.89786324624881,,,,,,,,,,,,,,66833.19327818476,,,,,,,SELL,,,,,8.38,pullback_structure_not_confirmed;momentum_volume_low
2026-04-03T01:02:47.025633+00:00,BTCUSD,viper,144388,M5,HOLD,HOLD,NONE,0,80.4015048211221,0,,,,,,,,,,,,,,,,22.0,22.0,66774.81,66795.78,66731.73,66731.88,,,,40.485336021417474,,,,,,,,,,,,,,66832.55137342284,,,,,,,SELL,,,,,8.38,pullback_structure_not_confirmed;momentum_volume_low
2026-04-03T01:02:57.489160+00:00,BTCUSD,viper,144388,M5,HOLD,HOLD,NONE,0,80.58721910683578,0,,,,,,,,,,,,,,,,22.0,22.0,66774.81,66795.78,66729.13,66729.2,,,,40.32360762722907,,,,,,,,,,,,,,66832.29613532762,,,,,,,SELL,,,,,8.38,pullback_structure_not_confirmed;momentum_volume_low
2026-04-03T01:03:07.927731+00:00,BTCUSD,viper,144388,M5,HOLD,HOLD,NONE,0,80.60221910683623,0,,,,,,,,,,,,,,,,22.0,22.0,66774.81,66795.78,66728.92,66729.08,,,,40.31639627541676,,,,,,,,,,,,,,66832.28470675618,,,,,,,SELL,,,,,8.38,pullback_structure_not_confirmed;momentum_volume_low
2026-04-03T01:03:18.451689+00:00,BTCUSD,viper,144388,M5,HOLD,HOLD,NONE,0,80.60221910683623,0,,,,,,,,,,,,,,,,22.0,22.0,66774.81,66795.78,66728.92,66729.48,,,,40.34044415143498,,,,,,,,,,,,,,66832.32280199428,,,,,,,SELL,,,,,8.38,pullback_structure_not_confirmed;momentum_volume_low
2026-04-03T01:03:29.378099+00:00,BTCUSD,viper,144388,M5,HOLD,HOLD,NONE,0,80.60221910683623,0,,,,,,,,,,,,,,,,22.0,22.0,66774.81,66795.78,66728.92,66729.48,,,,40.34044415143498,,,,,,,,,,,,,,66832.32280199428,,,,,,,SELL,,,,,8.38,pullback_structure_not_confirmed;momentum_volume_low
2026-04-03T01:03:30.166842+00:00,XAUUSD,viper,144388,M5,OUTSIDE_HOURS,OUTSIDE_HOURS,NONE,0,5.405325367263564,0,,,,,,,,,,,,,,,,0.34,0.34,4668.9,4673.32,4667.67,4670.82,,,,53.58433911787206,,,,,,,,,,,,,,,,,,,,,BOTH,,,,,21.52,pullback_weak_candle;momentum_volume_low
2026-04-03T01:03:40.379756+00:00,BTCUSD,viper,144388,M5,HOLD,HOLD,NONE,0,80.60221910683623,0,,,,,,,,,,,,,,,,22.0,22.0,66774.81,66795.78,66728.92,66729.24,,,,40.32601198448439,,,,,,,,,,,,,,66832.29994485143,,,,,,,SELL,,,,,8.38,pullback_structure_not_confirmed;momentum_volume_low
2026-04-03T01:03:50.831280+00:00,BTCUSD,viper,144388,M5,HOLD,HOLD,NONE,0,80.60221910683623,0,,,,,,,,,,,,,,,,22.0,22.0,66774.81,66795.78,66728.92,66737.02,,,,40.79917479528294,,,,,,,,,,,,,,66833.04089723238,,,,,,,SELL,,,,,8.38,pullback_structure_not_confirmed;momentum_volume_low
2026-04-03T01:04:01.408171+00:00,BTCUSD,viper,144388,M5,HOLD,HOLD,NONE,0,80.60221910683623,0,,,,,,,,,,,,,,,,22.0,22.0,66774.81,66795.78,66728.92,66740.46,,,,41.01194683625837,,,,,,,,,,,,,,66833.36851628,,,,,,,SELL,,,,,8.38,pullback_structure_not_confirmed;momentum_volume_low
2026-04-03T01:04:11.957819+00:00,BTCUSD,viper,144388,M5,HOLD,HOLD,NONE,0,80.60221910683623,0,,,,,,,,,,,,,,,,22.0,22.0,66774.81,66795.78,66728.92,66742.87,,,,41.162337824447135,,,,,,,,,,,,,,66833.59804008952,,,,,,,SELL,,,,,8.38,pullback_structure_not_confirmed;momentum_volume_low
2026-04-03T01:04:22.394683+00:00,BTCUSD,viper,144388,M5,HOLD,HOLD,NONE,0,80.60221910683623,0,,,,,,,,,,,,,,,,22.0,22.0,66774.81,66795.78,66728.92,66741.27,,,,41.06237042745606,,,,,,,,,,,,,,66833.44565913714,,,,,,,SELL,,,,,8.38,pullback_structure_not_confirmed;momentum_volume_low
2026-04-03T01:04:32.852709+00:00,BTCUSD,viper,144388,M5,HOLD,HOLD,NONE,0,80.60364767826509,0,,,,,,,,,,,,,,,,22.0,22.0,66774.81,66795.78,66728.9,66729.48,,,,40.34044415143498,,,,,,,,,,,,,,66832.32280199428,,,,,,,SELL,,,,,8.38,pullback_structure_not_confirmed;momentum_volume_low
2026-04-03T01:04:43.413422+00:00,BTCUSD,viper,144388,M5,HOLD,HOLD,NONE,0,80.60364767826509,0,,,,,,,,,,,,,,,,22.0,22.0,66774.81,66795.78,66728.9,66755.24,,,,41.95195444791891,,,,,,,,,,,,,,66834.77613532761,,,,,,,SELL,,,,,8.38,pullback_weak_candle;momentum_volume_low
2026-04-03T01:04:53.909411+00:00,BTCUSD,viper,144388,M5,HOLD,HOLD,NONE,0,80.60364767826509,0,,,,,,,,,,,,,,,,22.0,22.0,66774.81,66795.78,66728.9,66777.16,,,,43.47783027856766,,,,,,,,,,,,,,66836.86375437523,,,,,,,SELL,,,,,8.38,pullback_weak_candle;momentum_volume_low
2026-04-03T01:05:04.381826+00:00,BTCUSD,viper,144388,M5,HOLD,HOLD,NONE,0,76.019104642004,0,,,,,,,,,,,,,,,,22.0,22.0,66766.58,66782.88,66766.58,66782.8,,,,44.24329747427393,,,,,,,,,,,,,,66830.79282995056,,,,,,,SELL,,,,,8.25,pullback_structure_not_confirmed;momentum_volume_low
2026-04-03T01:05:14.800667+00:00,BTCUSD,viper,144388,M5,HOLD,HOLD,NONE,0,77.94339035628988,0,,,,,,,,,,,,,,,,22.0,22.0,66766.58,66809.82,66766.58,66809.56,,,,46.60614082233556,,,,,,,,,,,,,,66833.34140137912,,,,,,,SELL,,,,,8.01,pullback_structure_not_confirmed;momentum_volume_low
2026-04-03T01:05:15.575934+00:00,XAUUSD,viper,144388,M5,OUTSIDE_HOURS,OUTSIDE_HOURS,NONE,0,5.405325367263564,0,,,,,,,,,,,,,,,,0.34,0.34,4668.9,4673.32,4667.67,4670.82,,,,53.58433911787206,,,,,,,,,,,,,,,,,,,,,BOTH,,,,,21.52,pullback_weak_candle;momentum_volume_low
2026-04-03T01:05:25.918657+00:00,BTCUSD,viper,144388,M5,HOLD,HOLD,NONE,0,77.95053321343211,0,,,,,,,,,,,,,,,,22.0,22.0,66766.58,66809.92,66766.58,66809.6,,,,46.609522837361496,,,,,,,,,,,,,,66833.34521090293,,,,,,,SELL,,,,,8.01,pullback_structure_not_confirmed;momentum_volume_low
2026-04-03T01:05:36.363729+00:00,BTCUSD,viper,144388,M5,HOLD,HOLD,NONE,0,78.6305332134324,0,,,,,,,,,,,,,,,,22.0,22.0,66766.58,66819.44,66766.58,66811.48,,,,46.767995697983196,,,,,,,,,,,,,,66833.52425852198,,,,,,,SELL,,,,,7.86,pullback_structure_not_confirmed;momentum_volume_low
2026-04-03T01:05:46.893631+00:00,BTCUSD,viper,144388,M5,HOLD,HOLD,NONE,0,78.6305332134324,0,,,,,,,,,,,,,,,,22.0,22.0,66766.58,66819.44,66766.58,66809.22,,,,46.57737638595133,,,,,,,,,,,,,,66833.30902042675,,,,,,,SELL,,,,,7.86,pullback_structure_not_confirmed;momentum_volume_low
2026-04-03T01:05:57.333164+00:00,BTCUSD,viper,144388,M5,HOLD,HOLD,NONE,0,78.6305332134324,0,,,,,,,,,,,,,,,,22.0,22.0,66766.58,66819.44,66766.58,66806.02,,,,46.305126036640665,,,,,,,,,,,,,,66833.00425852198,,,,,,,SELL,,,,,7.86,pullback_structure_not_confirmed;momentum_volume_low
2026-04-03T01:06:07.857725+00:00,BTCUSD,viper,144388,M5,HOLD,HOLD,NONE,0,78.6305332134324,0,,,,,,,,,,,,,,,,22.0,22.0,66766.58,66819.44,66766.58,66811.46,,,,46.76631476741994,,,,,,,,,,,,,,66833.52235376008,,,,,,,SELL,,,,,7.86,pullback_structure_not_confirmed;momentum_volume_low
2026-04-03T01:06:18.344947+00:00,BTCUSD,viper,144388,M5,HOLD,HOLD,NONE,0,78.6305332134324,0,,,,,,,,,,,,,,,,22.0,22.0,66766.58,66819.44,66766.58,66815.0,,,,47.062195135612065,,,,,,,,,,,,,,66833.85949661722,,,,,,,SELL,,,,,7.86,pullback_structure_not_confirmed;momentum_volume_low
2026-04-03T01:06:28.835997+00:00,BTCUSD,viper,144388,M5,HOLD,HOLD,NONE,0,78.6305332134324,0,,,,,,,,,,,,,,,,22.0,22.0,66766.58,66819.44,66766.58,66801.39,,,,45.90626536900412,,,,,,,,,,,,,,66832.56330614103,,,,,,,SELL,,,,,7.86,pullback_structure_not_confirmed;momentum_volume_low
2026-04-03T01:06:39.324142+00:00,BTCUSD,viper,144388,M5,HOLD,HOLD,NONE,0,78.6305332134324,0,,,,,,,,,,,,,,,,22.0,22.0,66766.58,66819.44,66766.58,66791.28,,,,45.01438284746397,,,,,,,,,,,,,,66831.60044899817,,,,,,,SELL,,,,,7.86,pullback_structure_not_confirmed;momentum_volume_low
2026-04-03T01:06:49.810781+00:00,BTCUSD,viper,144388,M5,HOLD,HOLD,NONE,0,78.6305332134324,0,,,,,,,,,,,,,,,,22.0,22.0,66766.58,66819.44,66766.58,66782.34,,,,44.200850873458236,,,,,,,,,,,,,,66830.74902042674,,,,,,,SELL,,,,,7.86,pullback_weak_candle;momentum_volume_low
2026-04-03T01:07:00.368263+00:00,BTCUSD,viper,144388,M5,HOLD,HOLD,NONE,0,78.6305332134324,0,,,,,,,,,,,,,,,,22.0,22.0,66766.58,66819.44,66766.58,66780.67,,,,44.04620654021311,,,,,,,,,,,,,,66830.58997280769,,,,,,,SELL,,,,,7.86,pullback_weak_candle;momentum_volume_low
2026-04-03T01:07:01.195549+00:00,XAUUSD,viper,144388,M5,OUTSIDE_HOURS,OUTSIDE_HOURS,NONE,0,5.405325367263564,0,,,,,,,,,,,,,,,,0.34,0.34,4668.9,4673.32,4667.67,4670.82,,,,53.58433911787206,,,,,,,,,,,,,,,,,,,,,BOTH,,,,,21.52,pullback_weak_candle;momentum_volume_low
2026-04-03T01:07:11.435870+00:00,BTCUSD,viper,144388,M5,HOLD,HOLD,NONE,0,78.6305332134324,0,,,,,,,,,,,,,,,,22.0,22.0,66766.58,66819.44,66766.58,66785.19,,,,44.4627999336743,,,,,,,,,,,,,,66831.02044899817,,,,,,,SELL,,,,,7.86,pullback_weak_candle;momentum_volume_low
2026-04-03T01:07:21.976038+00:00,BTCUSD,viper,144388,M5,HOLD,HOLD,NONE,0,78.6305332134324,0,,,,,,,,,,,,,,,,22.0,22.0,66766.58,66819.44,66766.58,66793.58,,,,45.2198585700838,,,,,,,,,,,,,,66831.81949661722,,,,,,,SELL,,,,,7.86,pullback_structure_not_confirmed;momentum_volume_low
2026-04-03T01:07:32.463343+00:00,BTCUSD,viper,144388,M5,HOLD,HOLD,NONE,0,78.6305332134324,0,,,,,,,,,,,,,,,,22.0,22.0,66766.58,66819.44,66766.58,66798.0,,,,45.61044875116005,,,,,,,,,,,,,,66832.24044899817,,,,,,,SELL,,,,,7.86,pullback_structure_not_confirmed;momentum_volume_low
2026-04-03T01:07:42.902413+00:00,BTCUSD,viper,144388,M5,HOLD,HOLD,NONE,0,78.6305332134324,0,,,,,,,,,,,,,,,,22.0,22.0,66766.58,66819.44,66766.58,66778.11,,,,43.807475731123176,,,,,,,,,,,,,,66830.34616328389,,,,,,,SELL,,,,,7.86,pullback_weak_candle;momentum_volume_low
2026-04-03T01:07:53.469163+00:00,BTCUSD,viper,144388,M5,HOLD,HOLD,NONE,0,78.6305332134324,0,,,,,,,,,,,,,,,,22.0,22.0,66766.58,66819.44,66766.58,66770.78,,,,43.11251595184628,,,,,,,,,,,,,,66829.64806804579,,,,,,,SELL,,,,,7.86,pullback_weak_candle;momentum_volume_low
2026-04-03T01:08:04.060231+00:00,BTCUSD,viper,144388,M5,HOLD,HOLD,NONE,0,79.19196178486102,0,,,,,,,,,,,,,,,,22.0,22.0,66766.58,66819.44,66758.6,66758.6,,,,42.13198047411711,,,,,,,,,,,,,,66828.48806804579,,,,,,,SELL,,,,,7.86,pullback_weak_candle;momentum_volume_low
2026-04-03T01:08:14.533701+00:00,BTCUSD,viper,144388,M5,HOLD,HOLD,NONE,0,79.50267607057572,0,,,,,,,,,,,,,,,,22.0,22.0,66766.58,66819.44,66754.25,66754.34,,,,41.83308427939588,,,,,,,,,,,,,,66828.08235376008,,,,,,,SELL,,,,,7.86,pullback_weak_candle;momentum_volume_low
2026-04-03T01:08:25.032633+00:00,BTCUSD,viper,144388,M5,HOLD,HOLD,NONE,0,79.50267607057572,0,,,,,,,,,,,,,,,,22.0,22.0,66766.58,66819.44,66754.25,66754.36,,,,41.834477639139834,,,,,,,,,,,,,,66828.08425852198,,,,,,,SELL,,,,,7.86,pullback_weak_candle;momentum_volume_low
2026-04-03T01:08:35.646944+00:00,BTCUSD,viper,144388,M5,HOLD,HOLD,NONE,0,79.50267607057572,0,,,,,,,,,,,,,,,,22.0,22.0,66766.58,66819.44,66754.25,66754.97,,,,41.87701974456477,,,,,,,,,,,,,,66828.14235376008,,,,,,,SELL,,,,,7.86,pullback_weak_candle;momentum_volume_low
2026-04-03T01:08:46.300784+00:00,BTCUSD,viper,144388,M5,HOLD,HOLD,NONE,0,80.25339035628963,0,,,,,,,,,,,,,,,,22.0,22.0,66766.58,66819.44,66743.74,66743.74,,,,41.10743764610634,,,,,,,,,,,,,,66827.07282995056,,,,,,,SELL,,,,,7.86,pullback_weak_candle;momentum_volume_low
2026-04-03T01:08:47.275662+00:00,XAUUSD,viper,144388,M5,OUTSIDE_HOURS,OUTSIDE_HOURS,NONE,0,5.405325367263564,0,,,,,,,,,,,,,,,,0.34,0.34,4668.9,4673.32,4667.67,4670.82,,,,53.58433911787206,,,,,,,,,,,,,,,,,,,,,BOTH,,,,,21.52,pullback_weak_candle;momentum_volume_low
2026-04-03T01:08:57.585983+00:00,BTCUSD,viper,144388,M5,HOLD,HOLD,NONE,0,80.2555332134324,0,,,,,,,,,,,,,,,,22.0,22.0,66766.58,66819.44,66743.71,66744.31,,,,41.14581720525744,,,,,,,,,,,,,,66827.12711566484,,,,,,,SELL,,,,,7.86,pullback_weak_candle;momentum_volume_low
2026-04-03T01:09:08.322937+00:00,BTCUSD,viper,144388,M5,HOLD,HOLD,NONE,0,80.63267607057622,0,,,,,,,,,,,,,,,,22.0,22.0,66766.58,66819.44,66738.43,66760.12,,,,42.23966541122508,,,,,,,,,,,,,,66828.63282995055,,,,,,,SELL,,,,,7.86,pullback_weak_candle;momentum_volume_low
2026-04-03T01:09:19.172691+00:00,BTCUSD,viper,144388,M5,HOLD,HOLD,NONE,0,80.63267607057622,0,,,,,,,,,,,,,,,,22.0,22.0,66766.58,66819.44,66738.43,66768.02,,,,42.846363725840355,,,,,,,,,,,,,,66829.38521090294,,,,,,,SELL,,,,,7.86,pullback_weak_candle;momentum_volume_low
2026-04-03T01:09:29.889234+00:00,BTCUSD,viper,144388,M5,HOLD,HOLD,NONE,0,80.63267607057622,0,,,,,,,,,,,,,,,,22.0,22.0,66766.58,66819.44,66738.43,66778.25,,,,43.820583966326915,,,,,,,,,,,,,,66830.35949661722,,,,,,,SELL,,,,,7.86,pullback_weak_candle;momentum_volume_low
2026-04-03T01:09:40.487616+00:00,BTCUSD,viper,144388,M5,HOLD,HOLD,NONE,0,80.63267607057622,0,,,,,,,,,,,,,,,,22.0,22.0,66766.58,66819.44,66738.43,66777.72,,,,43.77092765718147,,,,,,,,,,,,,,66830.30902042675,,,,,,,SELL,,,,,7.86,pullback_weak_candle;momentum_volume_low
2026-04-03T01:09:51.070798+00:00,BTCUSD,viper,144388,M5,HOLD,HOLD,NONE,0,80.63267607057622,0,,,,,,,,,,,,,,,,22.0,22.0,66766.58,66819.44,66738.43,66789.34,,,,44.839866316606766,,,,,,,,,,,,,,66831.41568709341,,,,,,,SELL,,,,,7.86,pullback_weak_candle;momentum_volume_low
2026-04-03T01:10:01.657550+00:00,BTCUSD,viper,144388,M5,HOLD,HOLD,NONE,0,74.89891032110172,0,,,,,,,,,,,,,,,,22.0,22.0,66790.26,66790.52,66790.16,66790.52,,,,44.94774835267625,,,,,,,,,,,,,,66827.60271888606,,,,,,,SELL,,,,,7.38,pullback_structure_not_confirmed;momentum_volume_low
2026-04-03T01:10:12.211208+00:00,BTCUSD,viper,144388,M5,HOLD,HOLD,NONE,0,75.36605317824517,0,,,,,,,,,,,,,,,,22.0,22.0,66790.26,66790.96,66784.06,66784.06,,,,44.43845850110979,,,,,,,,,,,,,,66826.98748079083,,,,,,,SELL,,,,,7.38,pullback_structure_not_confirmed;momentum_volume_low
2026-04-03T01:10:22.736811+00:00,BTCUSD,viper,144388,M5,HOLD,HOLD,NONE,0,75.809624606816,0,,,,,,,,,,,,,,,,22.0,22.0,66790.26,66797.17,66784.06,66796.76,,,,45.54525218161413,,,,,,,,,,,,,,66828.19700460036,,,,,,,SELL,,,,,7.38,pullback_structure_not_confirmed;momentum_volume_low
2026-04-03T01:10:33.250565+00:00,BTCUSD,viper,144388,M5,HOLD,HOLD,NONE,0,75.809624606816,0,,,,,,,,,,,,,,,,22.0,22.0,66790.26,66797.17,66784.06,66796.38,,,,45.50923684289871,,,,,,,,,,,,,,66828.16081412416,,,,,,,SELL,,,,,7.38,pullback_structure_not_confirmed;momentum_volume_low
2026-04-03T01:10:33.939770+00:00,XAUUSD,viper,144388,M5,OUTSIDE_HOURS,OUTSIDE_HOURS,NONE,0,5.405325367263564,0,,,,,,,,,,,,,,,,0.34,0.34,4668.9,4673.32,4667.67,4670.82,,,,53.58433911787206,,,,,,,,,,,,,,,,,,,,,BOTH,,,,,21.52,pullback_weak_candle;momentum_volume_low
2026-04-03T01:10:44.191339+00:00,BTCUSD,viper,144388,M5,HOLD,HOLD,NONE,0,75.809624606816,0,,,,,,,,,,,,,,,,22.0,22.0,66790.26,66797.17,66784.06,66785.7,,,,44.56563483195023,,,,,,,,,,,,,,66827.14367126703,,,,,,,SELL,,,,,7.38,pullback_weak_candle;momentum_volume_low
2026-04-03T01:10:54.714568+00:00,BTCUSD,viper,144388,M5,HOLD,HOLD,NONE,0,76.76105317824404,0,,,,,,,,,,,,,,,,22.0,22.0,66790.26,66797.17,66770.74,66770.74,,,,43.43181759361973,,,,,,,,,,,,,,66825.71890936226,,,,,,,SELL,,,,,7.38,pullback_structure_not_confirmed;momentum_volume_low
2026-04-03T01:11:05.179785+00:00,BTCUSD,viper,144388,M5,HOLD,HOLD,NONE,0,77.91248174967332,0,,,,,,,,,,,,,,,,22.0,22.0,66790.26,66797.17,66754.62,66755.0,,,,42.299542986011836,,,,,,,,,,,,,,66824.21986174322,,,,,,,SELL,,,,,7.38,pullback_structure_not_confirmed;momentum_volume_low
2026-04-03T01:11:15.713102+00:00,BTCUSD,viper,144388,M5,HOLD,HOLD,NONE,0,78.2681960353873,0,,,,,,,,,,,,,,,,22.0,22.0,66790.26,66797.17,66749.64,66749.68,,,,41.9300754271196,,,,,,,,,,,,,,66823.71319507655,,,,,,,SELL,,,,,7.38,pullback_structure_not_confirmed;momentum_volume_low
2026-04-03T01:11:26.233564+00:00,BTCUSD,viper,144388,M5,HOLD,HOLD,NONE,0,78.27248174967286,0,,,,,,,,,,,,,,,,22.0,22.0,66790.26,66797.17,66749.58,66750.24,,,,41.96866252883877,,,,,,,,,,,,,,66823.76652840988,,,,,,,SELL,,,,,7.38,pullback_structure_not_confirmed;momentum_volume_low
2026-04-03T01:11:36.725038+00:00,BTCUSD,viper,144388,M5,HOLD,HOLD,NONE,0,78.27248174967286,0,,,,,,,,,,,,,,,,22.0,22.0,66790.26,66797.17,66749.58,66750.06,,,,41.95625178883919,,,,,,,,,,,,,,66823.74938555273,,,,,,,SELL,,,,,7.38,pullback_structure_not_confirmed;momentum_volume_low
2026-04-03T01:11:47.270887+00:00,BTCUSD,viper,144388,M5,HOLD,HOLD,NONE,0,78.2760531782445,0,,,,,,,,,,,,,,,,22.0,22.0,66790.26,66797.17,66749.53,66750.1,,,,41.959009096693016,,,,,,,,,,,,,,66823.75319507654,,,,,,,SELL,,,,,7.38,pullback_structure_not_confirmed;momentum_volume_low
2026-04-03T01:11:57.836377+00:00,BTCUSD,viper,144388,M5,HOLD,HOLD,NONE,0,78.2760531782445,0,,,,,,,,,,,,,,,,22.0,22.0,66790.26,66797.17,66749.53,66750.12,,,,41.96038788652828,,,,,,,,,,,,,,66823.75509983845,,,,,,,SELL,,,,,7.38,pullback_structure_not_confirmed;momentum_volume_low
2026-04-03T01:12:08.371024+00:00,BTCUSD,viper,144388,M5,HOLD,HOLD,NONE,0,78.2760531782445,0,,,,,,,,,,,,,,,,22.0,22.0,66790.26,66797.17,66749.53,66750.26,,,,41.97004195318873,,,,,,,,,,,,,,66823.76843317178,,,,,,,SELL,,,,,7.38,pullback_structure_not_confirmed;momentum_volume_low
2026-04-03T01:12:18.853813+00:00,BTCUSD,viper,144388,M5,HOLD,HOLD,NONE,0,78.2760531782445,0,,,,,,,,,,,,,,,,22.0,22.0,66790.26,66797.17,66749.53,66750.31,,,,41.973490910813325,,,,,,,,,,,,,,66823.77319507654,,,,,,,SELL,,,,,7.38,pullback_structure_not_confirmed;momentum_volume_low
2026-04-03T01:12:19.578946+00:00,XAUUSD,viper,144388,M5,OUTSIDE_HOURS,OUTSIDE_HOURS,NONE,0,5.405325367263564,0,,,,,,,,,,,,,,,,0.34,0.34,4668.9,4673.32,4667.67,4670.82,,,,53.58433911787206,,,,,,,,,,,,,,,,,,,,,BOTH,,,,,21.52,pullback_weak_candle;momentum_volume_low
2026-04-03T01:12:29.794252+00:00,BTCUSD,viper,144388,M5,HOLD,HOLD,NONE,0,78.27748174967336,0,,,,,,,,,,,,,,,,22.0,22.0,66790.26,66797.17,66749.51,66749.6,,,,41.9245687755845,,,,,,,,,,,,,,66823.70557602892,,,,,,,SELL,,,,,7.38,pullback_structure_not_confirmed;momentum_volume_low
2026-04-03T01:12:40.300091+00:00,BTCUSD,viper,144388,M5,HOLD,HOLD,NONE,0,79.06891032110205,0,,,,,,,,,,,,,,,,22.0,22.0,66790.26,66797.17,66738.43,66738.88,,,,41.19953364575481,,,,,,,,,,,,,,66822.68462364798,,,,,,,SELL,,,,,7.38,pullback_structure_not_confirmed;momentum_volume_low
2026-04-03T01:12:50.830044+00:00,BTCUSD,viper,144388,M5,HOLD,HOLD,NONE,0,79.07248174967265,0,,,,,,,,,,,,,,,,22.0,22.0,66790.26,66797.17,66738.38,66745.89,,,,41.67077704169758,,,,,,,,,,,,,,66823.35224269559,,,,,,,SELL,,,,,7.38,pullback_structure_not_confirmed;momentum_volume_low
2026-04-03T01:13:01.435939+00:00,BTCUSD,viper,144388,M5,HOLD,HOLD,NONE,0,79.07248174967265,0,,,,,,,,,,,,,,,,22.0,22.0,66790.26,66797.17,66738.38,66750.27,,,,41.97073169936943,,,,,,,,,,,,,,66823.76938555273,,,,,,,SELL,,,,,7.38,pullback_structure_not_confirmed;momentum_volume_low
2026-04-03T01:13:11.879824+00:00,BTCUSD,viper,144388,M5,HOLD,HOLD,NONE,0,79.07248174967265,0,,,,,,,,,,,,,,,,22.0,22.0,66790.26,66797.17,66738.38,66750.06,,,,41.95625178883919,,,,,,,,,,,,,,66823.74938555273,,,,,,,SELL,,,,,7.38,pullback_structure_not_confirmed;momentum_volume_low
2026-04-03T01:13:22.436778+00:00,BTCUSD,viper,144388,M5,HOLD,HOLD,NONE,0,79.07248174967265,0,,,,,,,,,,,,,,,,22.0,22.0,66790.26,66797.17,66738.38,66752.5,,,,42.12511340926181,,,,,,,,,,,,,,66823.98176650511,,,,,,,SELL,,,,,7.38,pullback_structure_not_confirmed;momentum_volume_low
2026-04-03T01:13:32.985779+00:00,BTCUSD,viper,144388,M5,HOLD,HOLD,NONE,0,79.07248174967265,0,,,,,,,,,,,,,,,,22.0,22.0,66790.26,66797.17,66738.38,66756.43,,,,42.399967698820866,,,,,,,,,,,,,,66824.3560522194,,,,,,,SELL,,,,,7.38,pullback_structure_not_confirmed;momentum_volume_low
2026-04-03T01:13:43.523070+00:00,BTCUSD,viper,144388,M5,HOLD,HOLD,NONE,0,79.07248174967265,0,,,,,,,,,,,,,,,,22.0,22.0,66790.26,66797.17,66738.38,66762.42,,,,42.82586199256604,,,,,,,,,,,,,,66824.92652840988,,,,,,,SELL,,,,,7.38,pullback_structure_not_confirmed;momentum_volume_low
2026-04-03T01:13:54.001046+00:00,BTCUSD,viper,144388,M5,HOLD,HOLD,NONE,0,79.07248174967265,0,,,,,,,,,,,,,,,,22.0,22.0,66790.26,66797.17,66738.38,66782.09,,,,44.286648150402286,,,,,,,,,,,,,,66826.7998617432,,,,,,,SELL,,,,,7.38,pullback_weak_candle;momentum_volume_low
2026-04-03T01:14:04.504785+00:00,BTCUSD,viper,144388,M5,HOLD,HOLD,NONE,0,79.07248174967265,0,,,,,,,,,,,,,,,,22.0,22.0,66790.26,66797.17,66738.38,66777.98,,,,43.9732427418828,,,,,,,,,,,,,,66826.40843317177,,,,,,,SELL,,,,,7.38,pullback_weak_candle;momentum_volume_low
2026-04-03T01:14:05.260888+00:00,XAUUSD,viper,144388,M5,OUTSIDE_HOURS,OUTSIDE_HOURS,NONE,0,5.405325367263564,0,,,,,,,,,,,,,,,,0.34,0.34,4668.9,4673.32,4667.67,4670.82,,,,53.58433911787206,,,,,,,,,,,,,,,,,,,,,BOTH,,,,,21.52,pullback_weak_candle;momentum_volume_low
2026-04-03T01:14:15.534220+00:00,BTCUSD,viper,144388,M5,HOLD,HOLD,NONE,0,79.07248174967265,0,,,,,,,,,,,,,,,,22.0,22.0,66790.26,66797.17,66738.38,66770.78,,,,43.434772263089975,,,,,,,,,,,,,,66825.72271888607,,,,,,,SELL,,,,,7.38,pullback_weak_candle;momentum_volume_low
2026-04-03T01:14:26.088350+00:00,BTCUSD,viper,144388,M5,HOLD,HOLD,NONE,0,79.07248174967265,0,,,,,,,,,,,,,,,,22.0,22.0,66790.26,66797.17,66738.38,66771.32,,,,43.47469968411062,,,,,,,,,,,,,,66825.7741474575,,,,,,,SELL,,,,,7.38,pullback_weak_candle;momentum_volume_low
2026-04-03T01:14:36.532195+00:00,BTCUSD,viper,144388,M5,HOLD,HOLD,NONE,0,79.07248174967265,0,,,,,,,,,,,,,,,,22.0,22.0,66790.26,66797.17,66738.38,66771.15,,,,43.462122025609894,,,,,,,,,,,,,,66825.75795698131,,,,,,,SELL,,,,,7.38,pullback_weak_candle;momentum_volume_low
2026-04-03T01:14:46.983670+00:00,BTCUSD,viper,144388,M5,HOLD,HOLD,NONE,0,79.07248174967265,0,,,,,,,,,,,,,,,,22.0,22.0,66790.26,66797.17,66738.38,66770.83,,,,43.43846616530708,,,,,,,,,,,,,,66825.72748079083,,,,,,,SELL,,,,,7.38,pullback_weak_candle;momentum_volume_low
2026-04-03T01:14:57.464335+00:00,BTCUSD,viper,144388,M5,HOLD,HOLD,NONE,0,81.47319603538698,0,,,,,,,,,,,,,,,,22.0,22.0,66790.26,66830.78,66738.38,66820.15,,,,47.674021474912735,,,,,,,,,,,,,,66830.42462364797,,,,,,,SELL,,,,,7.4,pullback_weak_candle;momentum_volume_low
2026-04-03T01:15:07.945297+00:00,BTCUSD,viper,144388,M5,HOLD,HOLD,NONE,0,77.23939995549168,0,,,,,,,,,,,,,,,,22.0,22.0,66820.45,66828.16,66805.96,66827.89,,,,48.394608590078725,,,,,,,,,,,,,,66830.16168886775,,,,,,,SELL,,,,,6.98,pullback_weak_candle;momentum_volume_low
2026-04-03T01:15:18.441686+00:00,BTCUSD,viper,144388,M5,HOLD,HOLD,NONE,0,79.265114241206,0,,,,,,,,,,,,,,,,22.0,22.0,66820.45,66833.88,66783.32,66806.81,,,,46.554832846533486,,,,,,,,,,,,,,66828.15406982013,,,,,,,SELL,,,,,7.03,pullback_weak_candle;momentum_volume_low
2026-04-03T01:15:28.892668+00:00,BTCUSD,viper,144388,M5,HOLD,HOLD,NONE,0,79.265114241206,0,,,,,,,,,,,,,,,,22.0,22.0,66820.45,66833.88,66783.32,66794.98,,,,45.60572584868108,,,,,,,,,,,,,,66827.02740315346,,,,,,,SELL,,,,,7.03,pullback_structure_not_confirmed;momentum_volume_low
2026-04-03T01:15:39.560748+00:00,BTCUSD,viper,144388,M5,HOLD,HOLD,NONE,0,79.63868566977818,0,,,,,,,,,,,,,,,,22.0,22.0,66820.45,66833.88,66778.09,66778.54,,,,44.34925110579012,,,,,,,,,,,,,,66825.46168886776,,,,,,,SELL,,,,,7.03,pullback_structure_not_confirmed;momentum_volume_low
2026-04-03T01:15:50.397696+00:00,BTCUSD,viper,144388,M5,HOLD,HOLD,NONE,0,80.08225709834903,0,,,,,,,,,,,,,,,,22.0,22.0,66820.45,66833.88,66771.88,66772.14,,,,43.87863620662862,,,,,,,,,,,,,,66824.85216505823,,,,,,,SELL,,,,,7.03,pullback_structure_not_confirmed;momentum_volume_low
2026-04-03T01:15:51.239802+00:00,XAUUSD,viper,144388,M5,OUTSIDE_HOURS,OUTSIDE_HOURS,NONE,0,5.405325367263564,0,,,,,,,,,,,,,,,,0.34,0.34,4668.9,4673.32,4667.67,4670.82,,,,53.58433911787206,,,,,,,,,,,,,,,,,,,,,BOTH,,,,,21.52,pullback_weak_candle;momentum_volume_low
2026-04-03T01:16:01.483859+00:00,BTCUSD,viper,144388,M5,HOLD,HOLD,NONE,0,80.08225709834903,0,,,,,,,,,,,,,,,,22.0,22.0,66820.45,66833.88,66771.88,66786.74,,,,44.96718516407131,,,,,,,,,,,,,,66826.2426412487,,,,,,,SELL,,,,,7.03,pullback_structure_not_confirmed;momentum_volume_low
2026-04-03T01:16:11.912343+00:00,BTCUSD,viper,144388,M5,HOLD,HOLD,NONE,0,80.08225709834903,0,,,,,,,,,,,,,,,,22.0,22.0,66820.45,66833.88,66771.88,66795.49,,,,45.64584364541718,,,,,,,,,,,,,,66827.07597458204,,,,,,,SELL,,,,,7.03,pullback_structure_not_confirmed;momentum_volume_low
2026-04-03T01:16:22.414687+00:00,BTCUSD,viper,144388,M5,HOLD,HOLD,NONE,0,80.08225709834903,0,,,,,,,,,,,,,,,,22.0,22.0,66820.45,66833.88,66771.88,66802.48,,,,46.20289325375318,,,,,,,,,,,,,,66827.74168886775,,,,,,,SELL,,,,,7.03,pullback_weak_candle;momentum_volume_low
2026-04-03T01:16:32.997533+00:00,BTCUSD,viper,144388,M5,HOLD,HOLD,NONE,0,80.08225709834903,0,,,,,,,,,,,,,,,,22.0,22.0,66820.45,66833.88,66771.88,66783.5,,,,44.72097934941867,,,,,,,,,,,,,,66825.93406982013,,,,,,,SELL,,,,,7.03,pullback_structure_not_confirmed;momentum_volume_low
2026-04-03T01:16:43.653649+00:00,BTCUSD,viper,144388,M5,HOLD,HOLD,NONE,0,80.27082852692041,0,,,,,,,,,,,,,,,,22.0,22.0,66820.45,66833.88,66769.24,66769.48,,,,43.68596227885164,,,,,,,,,,,,,,66824.5988317249,,,,,,,SELL,,,,,7.03,pullback_structure_not_confirmed;momentum_volume_low
2026-04-03T01:16:54.449490+00:00,BTCUSD,viper,144388,M5,HOLD,HOLD,NONE,0,81.22654281263503,0,,,,,,,,,,,,,,,,22.0,22.0,66820.45,66833.88,66755.86,66756.42,,,,42.76400719324815,,,,,,,,,,,,,,66823.35502220108,,,,,,,SELL,,,,,7.03,pullback_structure_not_confirmed;momentum_volume_low
2026-04-03T01:17:05.162155+00:00,BTCUSD,viper,144388,M5,HOLD,HOLD,NONE,0,82.30797138406356,0,,,,,,,,,,,,,,,,22.0,22.0,66820.45,66833.88,66740.72,66753.86,,,,42.58782980962595,,,,,,,,,,,,,,66823.11121267728,,,,,,,SELL,,,,,7.03,pullback_structure_not_confirmed;momentum_volume_low
2026-04-03T01:17:15.675542+00:00,BTCUSD,viper,144388,M5,HOLD,HOLD,NONE,0,82.30797138406356,0,,,,,,,,,,,,,,,,22.0,22.0,66820.45,66833.88,66740.72,66745.63,,,,42.03115324515316,,,,,,,,,,,,,,66822.32740315347,,,,,,,SELL,,,,,7.03,pullback_structure_not_confirmed;momentum_volume_low
2026-04-03T01:17:26.250510+00:00,BTCUSD,viper,144388,M5,HOLD,HOLD,NONE,0,82.45225709834958,0,,,,,,,,,,,,,,,,22.0,22.0,66820.45,66833.88,66738.7,66739.26,,,,41.6101779609524,,,,,,,,,,,,,,66821.7207364868,,,,,,,SELL,,,,,7.03,pullback_structure_not_confirmed;momentum_volume_low
2026-04-03T01:17:36.827260+00:00,BTCUSD,viper,144388,M5,HOLD,HOLD,NONE,0,82.45511424120626,0,,,,,,,,,,,,,,,,22.0,22.0,66820.45,66833.88,66738.66,66744.86,,,,41.97981407679767,,,,,,,,,,,,,,66822.25406982013,,,,,,,SELL,,,,,7.03,pullback_structure_not_confirmed;momentum_volume_low
2026-04-03T01:17:37.630596+00:00,XAUUSD,viper,144388,M5,OUTSIDE_HOURS,OUTSIDE_HOURS,NONE,0,5.405325367263564,0,,,,,,,,,,,,,,,,0.34,0.34,4668.9,4673.32,4667.67,4670.82,,,,53.58433911787206,,,,,,,,,,,,,,,,,,,,,BOTH,,,,,21.52,pullback_weak_candle;momentum_volume_low
2026-04-03T01:17:47.891045+00:00,BTCUSD,viper,144388,M5,HOLD,HOLD,NONE,0,82.45511424120626,0,,,,,,,,,,,,,,,,22.0,22.0,66820.45,66833.88,66738.66,66753.61,,,,42.57070275728002,,,,,,,,,,,,,,66823.08740315346,,,,,,,SELL,,,,,7.03,pullback_structure_not_confirmed;momentum_volume_low
2026-04-03T01:17:58.373613+00:00,BTCUSD,viper,144388,M5,HOLD,HOLD,NONE,0,82.45511424120626,0,,,,,,,,,,,,,,,,22.0,22.0,66820.45,66833.88,66738.66,66769.52,,,,43.68884709917611,,,,,,,,,,,,,,66824.6026412487,,,,,,,SELL,,,,,7.03,pullback_structure_not_confirmed;momentum_volume_low
2026-04-03T01:18:08.986246+00:00,BTCUSD,viper,144388,M5,HOLD,HOLD,NONE,0,82.45511424120626,0,,,,,,,,,,,,,,,,22.0,22.0,66820.45,66833.88,66738.66,66761.24,,,,43.099703062454246,,,,,,,,,,,,,,66823.81406982013,,,,,,,SELL,,,,,7.03,pullback_structure_not_confirmed;momentum_volume_low
2026-04-03T01:18:19.451522+00:00,BTCUSD,viper,144388,M5,HOLD,HOLD,NONE,0,82.45511424120626,0,,,,,,,,,,,,,,,,22.0,22.0,66820.45,66833.88,66738.66,66754.76,,,,42.64960147122922,,,,,,,,,,,,,,66823.19692696299,,,,,,,SELL,,,,,7.03,pullback_structure_not_confirmed;momentum_volume_low
2026-04-03T01:18:30.001338+00:00,BTCUSD,viper,144388,M5,HOLD,HOLD,NONE,0,82.45511424120626,0,,,,,,,,,,,,,,,,22.0,22.0,66820.45,66833.88,66738.66,66754.92,,,,42.66060186484313,,,,,,,,,,,,,,66823.21216505823,,,,,,,SELL,,,,,7.03,pullback_structure_not_confirmed;momentum_volume_low
2026-04-03T01:18:40.473387+00:00,BTCUSD,viper,144388,M5,HOLD,HOLD,NONE,0,82.45511424120626,0,,,,,,,,,,,,,,,,22.0,22.0,66820.45,66833.88,66738.66,66754.94,,,,42.66197731304983,,,,,,,,,,,,,,66823.21406982013,,,,,,,SELL,,,,,7.03,pullback_structure_not_confirmed;momentum_volume_low
2026-04-03T01:18:50.980432+00:00,BTCUSD,viper,144388,M5,HOLD,HOLD,NONE,0,82.45511424120626,0,,,,,,,,,,,,,,,,22.0,22.0,66820.45,66833.88,66738.66,66763.2,,,,43.237722242730044,,,,,,,,,,,,,,66824.00073648679,,,,,,,SELL,,,,,7.03,pullback_structure_not_confirmed;momentum_volume_low
2026-04-03T01:19:01.433885+00:00,BTCUSD,viper,144388,M5,HOLD,HOLD,NONE,0,82.45511424120626,0,,,,,,,,,,,,,,,,22.0,22.0,66820.45,66833.88,66738.66,66769.04,,,,43.65425438141588,,,,,,,,,,,,,,66824.55692696299,,,,,,,SELL,,,,,7.03,pullback_structure_not_confirmed;momentum_volume_low
2026-04-03T01:19:11.964260+00:00,BTCUSD,viper,144388,M5,HOLD,HOLD,NONE,0,82.45511424120626,0,,,,,,,,,,,,,,,,22.0,22.0,66820.45,66833.88,66738.66,66768.74,,,,43.632661737458406,,,,,,,,,,,,,,66824.52835553442,,,,,,,SELL,,,,,7.03,pullback_structure_not_confirmed;momentum_volume_low
2026-04-03T01:19:22.479767+00:00,BTCUSD,viper,144388,M5,HOLD,HOLD,NONE,0,82.45511424120626,0,,,,,,,,,,,,,,,,22.0,22.0,66820.45,66833.88,66738.66,66769.16,,,,43.662897424134826,,,,,,,,,,,,,,66824.56835553441,,,,,,,SELL,,,,,7.03,pullback_structure_not_confirmed;momentum_volume_low
2026-04-03T01:19:23.223177+00:00,XAUUSD,viper,144388,M5,OUTSIDE_HOURS,OUTSIDE_HOURS,NONE,0,5.405325367263564,0,,,,,,,,,,,,,,,,0.34,0.34,4668.9,4673.32,4667.67,4670.82,,,,53.58433911787206,,,,,,,,,,,,,,,,,,,,,BOTH,,,,,21.52,pullback_weak_candle;momentum_volume_low
2026-04-03T01:19:33.447962+00:00,BTCUSD,viper,144388,M5,HOLD,HOLD,NONE,0,82.45511424120626,0,,,,,,,,,,,,,,,,22.0,22.0,66820.45,66833.88,66738.66,66760.27,,,,43.03172308193027,,,,,,,,,,,,,,66823.72168886775,,,,,,,SELL,,,,,7.03,pullback_structure_not_confirmed;momentum_volume_low
2026-04-03T01:19:44.043853+00:00,BTCUSD,viper,144388,M5,HOLD,HOLD,NONE,0,82.45511424120626,0,,,,,,,,,,,,,,,,22.0,22.0,66820.45,66833.88,66738.66,66760.42,,,,43.04222142981438,,,,,,,,,,,,,,66823.73597458203,,,,,,,SELL,,,,,7.03,pullback_structure_not_confirmed;momentum_volume_low
2026-04-03T01:19:54.594976+00:00,BTCUSD,viper,144388,M5,HOLD,HOLD,NONE,0,82.45511424120626,0,,,,,,,,,,,,,,,,22.0,22.0,66820.45,66833.88,66738.66,66760.56,,,,43.05202451053875,,,,,,,,,,,,,,66823.74930791536,,,,,,,SELL,,,,,7.03,pullback_structure_not_confirmed;momentum_volume_low
2026-04-03T01:20:05.188723+00:00,BTCUSD,viper,144388,M5,HOLD,HOLD,NONE,0,76.92975277158796,0,,,,,,,,,,,,,,,,22.0,22.0,66765.25,66765.32,66760.22,66760.44,,,,43.018863369482034,,,,,,,,,,,,,,66818.10588175141,,,,,,,SELL,,,,,6.69,pullback_structure_not_confirmed;momentum_volume_low
2026-04-03T01:20:15.660281+00:00,BTCUSD,viper,144388,M5,HOLD,HOLD,NONE,0,76.94832420015902,0,,,,,,,,,,,,,,,,22.0,22.0,66765.25,66765.32,66759.96,66760.07,,,,42.99101695341965,,,,,,,,,,,,,,66818.07064365617,,,,,,,SELL,,,,,6.69,pullback_structure_not_confirmed;momentum_volume_low
2026-04-03T01:20:26.132227+00:00,BTCUSD,viper,144388,M5,HOLD,HOLD,NONE,0,76.95189562873065,0,,,,,,,,,,,,,,,,22.0,22.0,66765.25,66765.32,66759.91,66760.43,,,,43.018110289342644,,,,,,,,,,,,,,66818.10492937046,,,,,,,SELL,,,,,6.69,pullback_structure_not_confirmed;momentum_volume_low
2026-04-03T01:20:36.704876+00:00,BTCUSD,viper,144388,M5,HOLD,HOLD,NONE,0,77.32260991444511,0,,,,,,,,,,,,,,,,22.0,22.0,66765.25,66765.32,66754.72,66754.79,,,,42.59753300297231,,,,,,,,,,,,,,66817.56778651332,,,,,,,SELL,,,,,6.69,pullback_structure_not_confirmed;momentum_volume_low
2026-04-03T01:20:47.174595+00:00,BTCUSD,viper,144388,M5,HOLD,HOLD,NONE,0,78.21332420015948,0,,,,,,,,,,,,,,,,22.0,22.0,66765.25,66765.32,66742.25,66742.25,,,,41.69126225463361,,,,,,,,,,,,,,66816.37350079903,,,,,,,SELL,,,,,6.69,pullback_structure_not_confirmed;momentum_volume_low
2026-04-03T01:20:57.664698+00:00,BTCUSD,viper,144388,M5,HOLD,HOLD,NONE,0,78.94546705730232,0,,,,,,,,,,,,,,,,22.0,22.0,66765.25,66765.32,66732.0,66732.21,,,,40.99299869272786,,,,,,,,,,,,,,66815.41731032284,,,,,,,SELL,,,,,6.56,pullback_structure_not_confirmed;momentum_volume_low
2026-04-03T01:21:08.114898+00:00,BTCUSD,viper,144388,M5,HOLD,HOLD,NONE,0,78.94546705730232,0,,,,,,,,,,,,,,,,22.0,22.0,66765.25,66765.32,66732.0,66738.36,,,,41.417915565648315,,,,,,,,,,,,,,66816.00302460855,,,,,,,SELL,,,,,6.56,pullback_structure_not_confirmed;momentum_volume_low
2026-04-03T01:21:08.842811+00:00,XAUUSD,viper,144388,M5,OUTSIDE_HOURS,OUTSIDE_HOURS,NONE,0,5.405325367263564,0,,,,,,,,,,,,,,,,0.34,0.34,4668.9,4673.32,4667.67,4670.82,,,,53.58433911787206,,,,,,,,,,,,,,,,,,,,,BOTH,,,,,21.52,pullback_weak_candle;momentum_volume_low
2026-04-03T01:21:19.089341+00:00,BTCUSD,viper,144388,M5,HOLD,HOLD,NONE,0,78.94546705730232,0,,,,,,,,,,,,,,,,22.0,22.0,66765.25,66765.32,66732.0,66748.78,,,,42.15832204091553,,,,,,,,,,,,,,66816.99540556094,,,,,,,SELL,,,,,6.56,pullback_structure_not_confirmed;momentum_volume_low
2026-04-03T01:21:29.653543+00:00,BTCUSD,viper,144388,M5,HOLD,HOLD,NONE,0,78.94546705730232,0,,,,,,,,,,,,,,,,22.0,22.0,66765.25,66765.32,66732.0,66752.36,,,,42.4188511049055,,,,,,,,,,,,,,66817.3363579419,,,,,,,SELL,,,,,6.56,pullback_weak_candle;momentum_volume_low
2026-04-03T01:21:40.090949+00:00,BTCUSD,viper,144388,M5,HOLD,HOLD,NONE,0,78.94546705730232,0,,,,,,,,,,,,,,,,22.0,22.0,66765.25,66765.32,66732.0,66752.02,,,,42.39396981801591,,,,,,,,,,,,,,66817.30397698951,,,,,,,SELL,,,,,6.56,pullback_weak_candle;momentum_volume_low
2026-04-03T01:21:50.660315+00:00,BTCUSD,viper,144388,M5,HOLD,HOLD,NONE,0,78.94546705730232,0,,,,,,,,,,,,,,,,22.0,22.0,66765.25,66765.32,66732.0,66752.39,,,,42.42104791483436,,,,,,,,,,,,,,66817.33921508475,,,,,,,SELL,,,,,6.56,pullback_weak_candle;momentum_volume_low
2026-04-03T01:22:01.097304+00:00,BTCUSD,viper,144388,M5,HOLD,HOLD,NONE,0,78.94546705730232,0,,,,,,,,,,,,,,,,22.0,22.0,66765.25,66765.32,66732.0,66754.87,,,,42.60344113304225,,,,,,,,,,,,,,66817.57540556093,,,,,,,SELL,,,,,6.56,pullback_weak_candle;momentum_volume_low
2026-04-03T01:22:11.560937+00:00,BTCUSD,viper,144388,M5,HOLD,HOLD,NONE,0,79.11832420015935,0,,,,,,,,,,,,,,,,22.0,22.0,66765.25,66767.74,66732.0,66767.74,,,,43.63667123100785,,,,,,,,,,,,,,66818.80111984666,,,,,,,SELL,,,,,6.56,pullback_weak_candle;momentum_volume_low
2026-04-03T01:22:22.109202+00:00,BTCUSD,viper,144388,M5,HOLD,HOLD,NONE,0,79.46403848587339,0,,,,,,,,,,,,,,,,22.0,22.0,66765.25,66772.58,66732.0,66772.58,,,,44.11179019716572,,,,,,,,,,,,,,66819.2620722276,,,,,,,SELL,,,,,6.56,pullback_weak_candle;momentum_volume_low
2026-04-03T01:22:32.826641+00:00,BTCUSD,viper,144388,M5,HOLD,HOLD,NONE,0,79.4783242001589,0,,,,,,,,,,,,,,,,22.0,22.0,66765.25,66772.78,66732.0,66772.37,,,,44.09134182526024,,,,,,,,,,,,,,66819.2420722276,,,,,,,SELL,,,,,6.56,pullback_weak_candle;momentum_volume_low
2026-04-03T01:22:43.640966+00:00,BTCUSD,viper,144388,M5,HOLD,HOLD,NONE,0,79.48189562873053,0,,,,,,,,,,,,,,,,22.0,22.0,66765.25,66772.83,66732.0,66772.44,,,,44.0981596116149,,,,,,,,,,,,,,66819.24873889427,,,,,,,SELL,,,,,6.56,pullback_weak_candle;momentum_volume_low
2026-04-03T01:22:54.243994+00:00,BTCUSD,viper,144388,M5,HOLD,HOLD,NONE,0,80.07118134301624,0,,,,,,,,,,,,,,,,22.0,22.0,66765.25,66781.08,66732.0,66780.52,,,,44.87410876439491,,,,,,,,,,,,,,66820.01826270379,,,,,,,SELL,,,,,6.56,pullback_weak_candle;momentum_volume_low
2026-04-03T01:22:54.982323+00:00,XAUUSD,viper,144388,M5,OUTSIDE_HOURS,OUTSIDE_HOURS,NONE,0,5.405325367263564,0,,,,,,,,,,,,,,,,0.34,0.34,4668.9,4673.32,4667.67,4670.82,,,,53.58433911787206,,,,,,,,,,,,,,,,,,,,,BOTH,,,,,21.52,pullback_weak_candle;momentum_volume_low
2026-04-03T01:23:05.213497+00:00,BTCUSD,viper,144388,M5,HOLD,HOLD,NONE,0,81.89403848587368,0,,,,,,,,,,,,,,,,22.0,22.0,66765.25,66806.6,66732.0,66806.52,,,,47.231043987439165,,,,,,,,,,,,,,66822.49445317998,,,,,,,SELL,,,,,6.56,pullback_structure_not_confirmed;momentum_volume_low
2026-04-03T01:23:15.845759+00:00,BTCUSD,viper,144388,M5,HOLD,HOLD,NONE,0,83.1090384858733,0,,,,,,,,,,,,,,,,22.0,22.0,66765.25,66823.61,66732.0,66823.46,,,,48.6611819876219,,,,,,,,,,,,,,66824.10778651331,,,,,,,SELL,,,,,6.56,pullback_structure_not_confirmed;momentum_volume_low
2026-04-03T01:23:26.361395+00:00,BTCUSD,viper,144388,M5,HOLD,HOLD,NONE,0,83.1090384858733,0,,,,,,,,,,,,,,,,22.0,22.0,66765.25,66823.61,66732.0,66823.12,,,,48.633240654509706,,,,,,,,,,,,,,66824.07540556093,,,,,,,SELL,,,,,6.56,pullback_structure_not_confirmed;momentum_volume_low
2026-04-03T01:23:37.004895+00:00,BTCUSD,viper,144388,M5,HOLD,HOLD,NONE,0,83.5483242001586,0,,,,,,,,,,,,,,,,22.0,22.0,66765.25,66829.76,66732.0,66827.74,,,,49.010331943933636,,,,,,,,,,,,,,66824.51540556093,,,,,,,SELL,,,,,6.56,pullback_structure_not_confirmed;momentum_volume_low
2026-04-03T01:23:47.477732+00:00,BTCUSD,viper,144388,M5,HOLD,HOLD,NONE,0,83.5483242001586,0,,,,,,,,,,,,,,,,22.0,22.0,66765.25,66829.76,66732.0,66815.55,,,,48.00316143142289,,,,,,,,,,,,,,66823.35445317999,,,,,,,SELL,,,,,6.56,pullback_structure_not_confirmed;momentum_volume_low
2026-04-03T01:23:58.038008+00:00,BTCUSD,viper,144388,M5,HOLD,HOLD,NONE,0,83.5483242001586,0,,,,,,,,,,,,,,,,22.0,22.0,66765.25,66829.76,66732.0,66818.29,,,,48.232998821867916,,,,,,,,,,,,,,66823.61540556094,,,,,,,SELL,,,,,6.56,pullback_structure_not_confirmed;momentum_volume_low
2026-04-03T01:24:08.507098+00:00,BTCUSD,viper,144388,M5,HOLD,HOLD,NONE,0,83.5483242001586,0,,,,,,,,,,,,,,,,22.0,22.0,66765.25,66829.76,66732.0,66822.99,,,,48.622549164242734,,,,,,,,,,,,,,66824.06302460855,,,,,,,SELL,,,,,6.56,pullback_structure_not_confirmed;momentum_volume_low
2026-04-03T01:24:18.968731+00:00,BTCUSD,viper,144388,M5,HOLD,HOLD,NONE,0,83.5483242001586,0,,,,,,,,,,,,,,,,22.0,22.0,66765.25,66829.76,66732.0,66817.1,,,,48.133429011894016,,,,,,,,,,,,,,66823.50207222761,,,,,,,SELL,,,,,6.56,pullback_structure_not_confirmed;momentum_volume_low
2026-04-03T01:24:29.607682+00:00,BTCUSD,viper,144388,M5,HOLD,HOLD,NONE,0,83.5483242001586,0,,,,,,,,,,,,,,,,22.0,22.0,66765.25,66829.76,66732.0,66801.07,,,,46.75384065849944,,,,,,,,,,,,,,66821.97540556094,,,,,,,SELL,,,,,6.56,pullback_weak_candle;momentum_volume_low
2026-04-03T01:24:40.308287+00:00,BTCUSD,viper,144388,M5,HOLD,HOLD,NONE,0,83.5483242001586,0,,,,,,,,,,,,,,,,22.0,22.0,66765.25,66829.76,66732.0,66811.74,,,,47.68015697079444,,,,,,,,,,,,,,66822.99159603713,,,,,,,SELL,,,,,6.56,pullback_structure_not_confirmed;momentum_volume_low
2026-04-03T01:24:41.228468+00:00,XAUUSD,viper,144388,M5,OUTSIDE_HOURS,OUTSIDE_HOURS,NONE,0,5.405325367263564,0,,,,,,,,,,,,,,,,0.34,0.34,4668.9,4673.32,4667.67,4670.82,,,,53.58433911787206,,,,,,,,,,,,,,,,,,,,,BOTH,,,,,21.52,pullback_weak_candle;momentum_volume_low
2026-04-03T01:24:51.665111+00:00,BTCUSD,viper,144388,M5,HOLD,HOLD,NONE,0,83.5483242001586,0,,,,,,,,,,,,,,,,22.0,22.0,66765.25,66829.76,66732.0,66811.54,,,,47.66309046254476,,,,,,,,,,,,,,66822.97254841808,,,,,,,SELL,,,,,6.56,pullback_structure_not_confirmed;momentum_volume_low
2026-04-03T01:25:02.346604+00:00,BTCUSD,viper,144388,M5,HOLD,HOLD,NONE,0,77.90201936236181,0,,,,,,,,,,,,,,,,22.0,22.0,66806.84,66806.84,66802.4,66802.5,,,,46.89878709431589,,,,,,,,,,,,,,66820.62296326258,,,,,,,SELL,,,,,6.13,pullback_structure_not_confirmed;momentum_volume_low
2026-04-03T01:25:13.128602+00:00,BTCUSD,viper,144388,M5,HOLD,HOLD,NONE,0,78.74201936236248,0,,,,,,,,,,,,,,,,22.0,22.0,66806.84,66818.66,66802.4,66818.06,,,,48.28543141746103,,,,,,,,,,,,,,66822.10486802449,,,,,,,SELL,,,,,6.13,pullback_structure_not_confirmed;momentum_volume_low
2026-04-03T01:25:23.714926+00:00,BTCUSD,viper,144388,M5,HOLD,HOLD,NONE,0,78.7620193623624,0,,,,,,,,,,,,,,,,22.0,22.0,66806.84,66818.94,66802.4,66818.2,,,,48.29799383399711,,,,,,,,,,,,,,66822.11820135782,,,,,,,SELL,,,,,6.13,pullback_structure_not_confirmed;momentum_volume_low
2026-04-03T01:25:34.405575+00:00,BTCUSD,viper,144388,M5,HOLD,HOLD,NONE,0,78.93559079093333,0,,,,,,,,,,,,,,,,22.0,22.0,66806.84,66821.37,66802.4,66820.74,,,,48.524856759428005,,,,,,,,,,,,,,66822.36010611973,,,,,,,SELL,,,,,6.13,pullback_structure_not_confirmed;momentum_volume_low
2026-04-03T01:25:44.966064+00:00,BTCUSD,viper,144388,M5,HOLD,HOLD,NONE,0,78.94130507664774,0,,,,,,,,,,,,,,,,22.0,22.0,66806.84,66821.45,66802.4,66820.94,,,,48.542635457373066,,,,,,,,,,,,,,66822.37915373877,,,,,,,SELL,,,,,6.13,pullback_structure_not_confirmed;momentum_volume_low
2026-04-03T01:25:55.437144+00:00,BTCUSD,viper,144388,M5,HOLD,HOLD,NONE,0,78.94130507664774,0,,,,,,,,,,,,,,,,22.0,22.0,66806.84,66821.45,66802.4,66821.18,,,,48.56395369075475,,,,,,,,,,,,,,66822.40201088162,,,,,,,SELL,,,,,6.13,pullback_structure_not_confirmed;momentum_volume_low
2026-04-03T01:26:05.907962+00:00,BTCUSD,viper,144388,M5,HOLD,HOLD,NONE,0,78.94130507664774,0,,,,,,,,,,,,,,,,22.0,22.0,66806.84,66821.45,66802.4,66813.82,,,,47.90205605529075,,,,,,,,,,,,,,66821.70105850068,,,,,,,SELL,,,,,6.13,pullback_weak_candle;momentum_volume_low
2026-04-03T01:26:16.453203+00:00,BTCUSD,viper,144388,M5,HOLD,HOLD,NONE,0,78.94130507664774,0,,,,,,,,,,,,,,,,22.0,22.0,66806.84,66821.45,66802.4,66813.5,,,,47.8728912519548,,,,,,,,,,,,,,66821.6705823102,,,,,,,SELL,,,,,6.13,pullback_weak_candle;momentum_volume_low
2026-04-03T01:26:26.864935+00:00,BTCUSD,viper,144388,M5,HOLD,HOLD,NONE,0,78.94130507664774,0,,,,,,,,,,,,,,,,22.0,22.0,66806.84,66821.45,66802.4,66813.6,,,,47.88200876006634,,,,,,,,,,,,,,66821.68010611972,,,,,,,SELL,,,,,6.13,pullback_weak_candle;momentum_volume_low
2026-04-03T01:26:27.690743+00:00,XAUUSD,viper,144388,M5,OUTSIDE_HOURS,OUTSIDE_HOURS,NONE,0,5.405325367263564,0,,,,,,,,,,,,,,,,0.34,0.34,4668.9,4673.32,4667.67,4670.82,,,,53.58433911787206,,,,,,,,,,,,,,,,,,,,,BOTH,,,,,21.52,pullback_weak_candle;momentum_volume_low
2026-04-03T01:26:37.883976+00:00,BTCUSD,viper,144388,M5,HOLD,HOLD,NONE,0,78.94130507664774,0,,,,,,,,,,,,,,,,22.0,22.0,66806.84,66821.45,66802.4,66818.42,,,,48.31772244785196,,,,,,,,,,,,,,66822.13915373877,,,,,,,SELL,,,,,6.13,pullback_structure_not_confirmed;momentum_volume_low
2026-04-03T01:26:48.327712+00:00,BTCUSD,viper,144388,M5,HOLD,HOLD,NONE,0,79.72773364807698,0,,,,,,,,,,,,,,,,22.0,22.0,66806.84,66832.46,66802.4,66832.46,,,,49.546366416868175,,,,,,,,,,,,,,66823.47629659591,,,,,,,SELL,,,,,6.18,pullback_structure_not_confirmed;momentum_volume_low
2026-04-03T01:26:58.853660+00:00,BTCUSD,viper,144388,M5,HOLD,HOLD,NONE,0,80.58487650521982,0,,,,,,,,,,,,,,,,22.0,22.0,66806.84,66844.46,66802.4,66844.18,,,,50.528121845317706,,,,,,,,,,,,,,66824.5924870721,,,,,,,SELL,,,,,6.4,pullback_structure_not_confirmed;momentum_volume_low
2026-04-03T01:27:09.449503+00:00,BTCUSD,viper,144388,M5,HOLD,HOLD,NONE,0,81.76916221950464,0,,,,,,,,,,,,,,,,22.0,22.0,66806.84,66861.04,66802.4,66860.98,,,,51.87058722726357,,,,,,,,,,,,,,66826.1924870721,,,,,,,SELL,,,,,6.69,pullback_structure_not_confirmed;momentum_volume_low
2026-04-03T01:27:19.913319+00:00,BTCUSD,viper,144388,M5,HOLD,HOLD,NONE,0,82.01059079093353,0,,,,,,,,,,,,,,,,22.0,22.0,66806.84,66864.42,66802.4,66864.08,,,,52.11038132443139,,,,,,,,,,,,,,66826.48772516735,,,,,,,SELL,,,,,6.75,pullback_structure_not_confirmed;momentum_volume_low
2026-04-03T01:27:30.413954+00:00,BTCUSD,viper,144388,M5,HOLD,HOLD,NONE,0,82.14987650521904,0,,,,,,,,,,,,,,,,22.0,22.0,66806.84,66866.37,66802.4,66865.88,,,,52.2485232621218,,,,,,,,,,,,,,66826.65915373877,,,,,,,SELL,,,,,6.78,pullback_structure_not_confirmed;momentum_volume_low
2026-04-03T01:27:40.934159+00:00,BTCUSD,viper,144388,M5,HOLD,HOLD,NONE,0,82.15059079093399,0,,,,,,,,,,,,,,,,22.0,22.0,66806.84,66866.38,66802.4,66866.2,,,,52.272998436151326,,,,,,,,,,,,,,66826.68962992924,,,,,,,SELL,,,,,6.78,pullback_structure_not_confirmed;momentum_volume_low
2026-04-03T01:27:51.385501+00:00,BTCUSD,viper,144388,M5,HOLD,HOLD,NONE,0,82.28844793379064,0,,,,,,,,,,,,,,,,22.0,22.0,66806.84,66868.31,66802.4,66868.0,,,,52.4102051431053,,,,,,,,,,,,,,66826.86105850067,,,,,,,SELL,,,,,6.81,pullback_structure_not_confirmed;momentum_volume_low
2026-04-03T01:28:02.043323+00:00,BTCUSD,viper,144388,M5,HOLD,HOLD,NONE,0,83.77273364807627,0,,,,,,,,,,,,,,,,22.0,22.0,66806.84,66889.09,66802.4,66889.09,,,,53.960954383657594,,,,,,,,,,,,,,66828.86962992925,,,,,,,SELL,,,,,7.13,pullback_structure_not_confirmed;momentum_volume_low
2026-04-03T01:28:12.509530+00:00,BTCUSD,viper,144388,M5,HOLD,HOLD,NONE,0,83.79201936236227,0,,,,,,,,,,,,,,,,22.0,22.0,66806.84,66889.36,66802.4,66872.7,,,,52.764775583036965,,,,,,,,,,,,,,66827.3086775483,,,,,,,SELL,,,,,7.13,pullback_structure_not_confirmed;momentum_volume_low
2026-04-03T01:28:13.343124+00:00,XAUUSD,viper,144388,M5,OUTSIDE_HOURS,OUTSIDE_HOURS,NONE,0,5.405325367263564,0,,,,,,,,,,,,,,,,0.34,0.34,4668.9,4673.32,4667.67,4670.82,,,,53.58433911787206,,,,,,,,,,,,,,,,,,,,,BOTH,,,,,21.52,pullback_weak_candle;momentum_volume_low
2026-04-03T01:28:23.574475+00:00,BTCUSD,viper,144388,M5,HOLD,HOLD,NONE,0,83.79201936236227,0,,,,,,,,,,,,,,,,22.0,22.0,66806.84,66889.36,66802.4,66851.43,,,,51.116536159880674,,,,,,,,,,,,,,66825.28296326258,,,,,,,SELL,,,,,7.13,pullback_structure_not_confirmed;momentum_volume_low
2026-04-03T01:28:34.040290+00:00,BTCUSD,viper,144388,M5,HOLD,HOLD,NONE,0,83.79201936236227,0,,,,,,,,,,,,,,,,22.0,22.0,66806.84,66889.36,66802.4,66844.14,,,,50.524836125831236,,,,,,,,,,,,,,66824.5886775483,,,,,,,SELL,,,,,7.13,pullback_structure_not_confirmed;momentum_volume_low
2026-04-03T01:28:44.525285+00:00,BTCUSD,viper,144388,M5,HOLD,HOLD,NONE,0,83.79201936236227,0,,,,,,,,,,,,,,,,22.0,22.0,66806.84,66889.36,66802.4,66855.92,,,,51.47398001736053,,,,,,,,,,,,,,66825.7105823102,,,,,,,SELL,,,,,7.13,pullback_structure_not_confirmed;momentum_volume_low
2026-04-03T01:28:55.125708+00:00,BTCUSD,viper,144388,M5,HOLD,HOLD,NONE,0,83.79201936236227,0,,,,,,,,,,,,,,,,22.0,22.0,66806.84,66889.36,66802.4,66855.64,,,,51.45184242890977,,,,,,,,,,,,,,66825.68391564353,,,,,,,SELL,,,,,7.13,pullback_structure_not_confirmed;momentum_volume_low
2026-04-03T01:29:05.962437+00:00,BTCUSD,viper,144388,M5,HOLD,HOLD,NONE,0,83.79201936236227,0,,,,,,,,,,,,,,,,22.0,22.0,66806.84,66889.36,66802.4,66857.86,,,,51.62680909478955,,,,,,,,,,,,,,66825.89534421497,,,,,,,SELL,,,,,7.13,pullback_structure_not_confirmed;momentum_volume_low
2026-04-03T01:29:16.556589+00:00,BTCUSD,viper,144388,M5,HOLD,HOLD,NONE,0,83.79201936236227,0,,,,,,,,,,,,,,,,22.0,22.0,66806.84,66889.36,66802.4,66859.78,,,,51.777117747435135,,,,,,,,,,,,,,66826.07820135781,,,,,,,SELL,,,,,7.13,pullback_structure_not_confirmed;momentum_volume_low
2026-04-03T01:29:27.090510+00:00,BTCUSD,viper,144388,M5,HOLD,HOLD,NONE,0,83.79201936236227,0,,,,,,,,,,,,,,,,22.0,22.0,66806.84,66889.36,66802.4,66869.12,,,,52.495180770097875,,,,,,,,,,,,,,66826.96772516734,,,,,,,SELL,,,,,7.13,pullback_structure_not_confirmed;momentum_volume_low
2026-04-03T01:29:37.558655+00:00,BTCUSD,viper,144388,M5,HOLD,HOLD,NONE,0,83.79201936236227,0,,,,,,,,,,,,,,,,22.0,22.0,66806.84,66889.36,66802.4,66857.04,,,,51.562328847317325,,,,,,,,,,,,,,66825.81724897686,,,,,,,SELL,,,,,7.13,pullback_structure_not_confirmed;momentum_volume_low
2026-04-03T01:29:48.030507+00:00,BTCUSD,viper,144388,M5,HOLD,HOLD,NONE,0,83.79201936236227,0,,,,,,,,,,,,,,,,22.0,22.0,66806.84,66889.36,66802.4,66860.92,,,,51.86592235968543,,,,,,,,,,,,,,66826.18677278639,,,,,,,SELL,,,,,7.13,pullback_structure_not_confirmed;momentum_volume_low
2026-04-03T01:29:58.437401+00:00,BTCUSD,viper,144388,M5,HOLD,HOLD,NONE,0,83.79201936236227,0,,,,,,,,,,,,,,,,22.0,22.0,66806.84,66889.36,66802.4,66847.16,,,,50.771686615741295,,,,,,,,,,,,,,66824.87629659592,,,,,,,SELL,,,,,7.13,pullback_structure_not_confirmed;momentum_volume_low
2026-04-03T01:29:59.145330+00:00,XAUUSD,viper,144388,M5,OUTSIDE_HOURS,OUTSIDE_HOURS,NONE,0,5.405325367263564,0,,,,,,,,,,,,,,,,0.34,0.34,4668.9,4673.32,4667.67,4670.82,,,,53.58433911787206,,,,,,,,,,,,,,,,,,,,,BOTH,,,,,21.52,pullback_weak_candle;momentum_volume_low
2026-04-03T01:30:09.451045+00:00,BTCUSD,viper,144388,M5,HOLD,HOLD,NONE,0,78.65543036249863,0,,,,,,,,,,,,,,,,22.0,22.0,66851.72,66863.57,66851.69,66863.36,,,,52.12009295749683,,,,,,,,,,,,,,66828.98948368023,,,,,,,SELL,,,,,7.66,pullback_structure_not_confirmed;momentum_volume_low
2026-04-03T01:30:19.906533+00:00,BTCUSD,viper,144388,M5,HOLD,HOLD,NONE,0,79.1190017910694,0,,,,,,,,,,,,,,,,22.0,22.0,66851.72,66870.06,66851.69,66869.84,,,,52.651036506303086,,,,,,,,,,,,,,66829.60662653737,,,,,,,SELL,,,,,7.66,pullback_structure_not_confirmed;momentum_volume_low
2026-04-03T01:30:30.382406+00:00,BTCUSD,viper,144388,M5,HOLD,HOLD,NONE,0,79.1190017910694,0,,,,,,,,,,,,,,,,22.0,22.0,66851.72,66870.06,66851.69,66869.98,,,,52.66237758909089,,,,,,,,,,,,,,66829.6199598707,,,,,,,SELL,,,,,7.66,pullback_structure_not_confirmed;momentum_volume_low
2026-04-03T01:30:40.844340+00:00,BTCUSD,viper,144388,M5,HOLD,HOLD,NONE,0,79.1190017910694,0,,,,,,,,,,,,,,,,22.0,22.0,66851.72,66870.06,66851.69,66863.58,,,,52.13831401337495,,,,,,,,,,,,,,66829.01043606117,,,,,,,SELL,,,,,7.66,pullback_structure_not_confirmed;momentum_volume_low
2026-04-03T01:30:51.283454+00:00,BTCUSD,viper,144388,M5,HOLD,HOLD,NONE,0,79.1190017910694,0,,,,,,,,,,,,,,,,22.0,22.0,66851.72,66870.06,66851.69,66864.32,,,,52.19950137222015,,,,,,,,,,,,,,66829.08091225165,,,,,,,SELL,,,,,7.66,pullback_structure_not_confirmed;momentum_volume_low
2026-04-03T01:31:01.863785+00:00,BTCUSD,viper,144388,M5,HOLD,HOLD,NONE,0,79.661144648212,0,,,,,,,,,,,,,,,,22.0,22.0,66851.72,66870.06,66844.1,66869.6,,,,52.63158200215685,,,,,,,,,,,,,,66829.5837693945,,,,,,,SELL,,,,,7.66,pullback_structure_not_confirmed;momentum_volume_low
2026-04-03T01:31:12.347484+00:00,BTCUSD,viper,144388,M5,HOLD,HOLD,NONE,0,79.661144648212,0,,,,,,,,,,,,,,,,22.0,22.0,66851.72,66870.06,66844.1,66864.12,,,,52.18297968104589,,,,,,,,,,,,,,66829.0618646326,,,,,,,SELL,,,,,7.66,pullback_structure_not_confirmed;momentum_volume_low
2026-04-03T01:31:22.796425+00:00,BTCUSD,viper,144388,M5,HOLD,HOLD,NONE,0,79.84685893392671,0,,,,,,,,,,,,,,,,22.0,22.0,66851.72,66872.66,66844.1,66869.6,,,,52.63158200215685,,,,,,,,,,,,,,66829.5837693945,,,,,,,SELL,,,,,7.66,pullback_structure_not_confirmed;momentum_volume_low
2026-04-03T01:31:33.294448+00:00,BTCUSD,viper,144388,M5,HOLD,HOLD,NONE,0,79.84685893392671,0,,,,,,,,,,,,,,,,22.0,22.0,66851.72,66872.66,66844.1,66857.28,,,,51.61098104080754,,,,,,,,,,,,,,66828.41043606117,,,,,,,SELL,,,,,7.66,pullback_weak_candle;momentum_volume_low
2026-04-03T01:31:43.817847+00:00,BTCUSD,viper,144388,M5,HOLD,HOLD,NONE,0,79.84685893392671,0,,,,,,,,,,,,,,,,22.0,22.0,66851.72,66872.66,66844.1,66857.4,,,,51.621134015764035,,,,,,,,,,,,,,66828.4218646326,,,,,,,SELL,,,,,7.66,pullback_weak_candle;momentum_volume_low
2026-04-03T01:31:44.528982+00:00,XAUUSD,viper,144388,M5,OUTSIDE_HOURS,OUTSIDE_HOURS,NONE,0,5.405325367263564,0,,,,,,,,,,,,,,,,0.34,0.34,4668.9,4673.32,4667.67,4670.82,,,,53.58433911787206,,,,,,,,,,,,,,,,,,,,,BOTH,,,,,21.52,pullback_weak_candle;momentum_volume_low
2026-04-03T01:31:54.792914+00:00,BTCUSD,viper,144388,M5,HOLD,HOLD,NONE,0,79.84685893392671,0,,,,,,,,,,,,,,,,22.0,22.0,66851.72,66872.66,66844.1,66858.08,,,,51.67858715827014,,,,,,,,,,,,,,66828.48662653737,,,,,,,SELL,,,,,7.66,pullback_weak_candle;momentum_volume_low
2026-04-03T01:32:05.304315+00:00,BTCUSD,viper,144388,M5,HOLD,HOLD,NONE,0,80.10114464821329,0,,,,,,,,,,,,,,,,22.0,22.0,66851.72,66872.66,66840.54,66848.73,,,,50.86529321677212,,,,,,,,,,,,,,66827.59615034689,,,,,,,SELL,,,,,7.66,pullback_weak_candle;momentum_volume_low
2026-04-03T01:32:15.762915+00:00,BTCUSD,viper,144388,M5,HOLD,HOLD,NONE,0,80.10114464821329,0,,,,,,,,,,,,,,,,22.0,22.0,66851.72,66872.66,66840.54,66860.29,,,,51.86437107545664,,,,,,,,,,,,,,66828.69710272783,,,,,,,SELL,,,,,7.66,pullback_weak_candle;momentum_volume_low
2026-04-03T01:32:26.185861+00:00,BTCUSD,viper,144388,M5,HOLD,HOLD,NONE,0,80.10114464821329,0,,,,,,,,,,,,,,,,22.0,22.0,66851.72,66872.66,66840.54,66869.79,,,,52.64698480252764,,,,,,,,,,,,,,66829.6018646326,,,,,,,SELL,,,,,7.66,pullback_structure_not_confirmed;momentum_volume_low
2026-04-03T01:32:36.887520+00:00,BTCUSD,viper,144388,M5,HOLD,HOLD,NONE,0,81.69685893392733,0,,,,,,,,,,,,,,,,22.0,22.0,66851.72,66895.0,66840.54,66894.74,,,,54.586155431048766,,,,,,,,,,,,,,66831.97805510879,,,,,,,SELL,,,,,7.75,pullback_structure_not_confirmed;momentum_volume_low
2026-04-03T01:32:47.553127+00:00,BTCUSD,viper,144388,M5,HOLD,HOLD,NONE,0,81.69971607678401,0,,,,,,,,,,,,,,,,22.0,22.0,66851.72,66895.04,66840.54,66882.24,,,,53.634895748492916,,,,,,,,,,,,,,66830.78757891832,,,,,,,SELL,,,,,7.75,pullback_structure_not_confirmed;momentum_volume_low
2026-04-03T01:32:58.280521+00:00,BTCUSD,viper,144388,M5,HOLD,HOLD,NONE,0,81.69971607678401,0,,,,,,,,,,,,,,,,22.0,22.0,66851.72,66895.04,66840.54,66878.7,,,,53.35821481354362,,,,,,,,,,,,,,66830.45043606118,,,,,,,SELL,,,,,7.75,pullback_structure_not_confirmed;momentum_volume_low
2026-04-03T01:33:08.800750+00:00,BTCUSD,viper,144388,M5,HOLD,HOLD,NONE,0,81.69971607678401,0,,,,,,,,,,,,,,,,22.0,22.0,66851.72,66895.04,66840.54,66864.21,,,,52.190415855211675,,,,,,,,,,,,,,66829.07043606117,,,,,,,SELL,,,,,7.75,pullback_weak_candle;momentum_volume_low
2026-04-03T01:33:19.412066+00:00,BTCUSD,viper,144388,M5,HOLD,HOLD,NONE,0,81.69971607678401,0,,,,,,,,,,,,,,,,22.0,22.0,66851.72,66895.04,66840.54,66868.39,,,,52.53325489309902,,,,,,,,,,,,,,66829.46853129927,,,,,,,SELL,,,,,7.75,pullback_weak_candle;momentum_volume_low
2026-04-03T01:33:29.857832+00:00,BTCUSD,viper,144388,M5,HOLD,HOLD,NONE,0,81.69971607678401,0,,,,,,,,,,,,,,,,22.0,22.0,66851.72,66895.04,66840.54,66885.34,,,,53.87450497765901,,,,,,,,,,,,,,66831.08281701355,,,,,,,SELL,,,,,7.75,pullback_structure_not_confirmed;momentum_volume_low
2026-04-03T01:33:30.848651+00:00,XAUUSD,viper,144388,M5,OUTSIDE_HOURS,OUTSIDE_HOURS,NONE,0,5.405325367263564,0,,,,,,,,,,,,,,,,0.34,0.34,4668.9,4673.32,4667.67,4670.82,,,,53.58433911787206,,,,,,,,,,,,,,,,,,,,,BOTH,,,,,21.52,pullback_weak_candle;momentum_volume_low
2026-04-03T01:33:41.109614+00:00,BTCUSD,viper,144388,M5,HOLD,HOLD,NONE,0,81.69971607678401,0,,,,,,,,,,,,,,,,22.0,22.0,66851.72,66895.04,66840.54,66885.36,,,,53.87604280353329,,,,,,,,,,,,,,66831.08472177546,,,,,,,SELL,,,,,7.75,pullback_structure_not_confirmed;momentum_volume_low
2026-04-03T01:33:51.712355+00:00,BTCUSD,viper,144388,M5,HOLD,HOLD,NONE,0,81.69971607678401,0,,,,,,,,,,,,,,,,22.0,22.0,66851.72,66895.04,66840.54,66884.98,,,,53.846806566070256,,,,,,,,,,,,,,66831.04853129927,,,,,,,SELL,,,,,7.75,pullback_structure_not_confirmed;momentum_volume_low
2026-04-03T01:34:02.182530+00:00,BTCUSD,viper,144388,M5,HOLD,HOLD,NONE,0,81.69971607678401,0,,,,,,,,,,,,,,,,22.0,22.0,66851.72,66895.04,66840.54,66885.1,,,,53.85604306540027,,,,,,,,,,,,,,66831.0599598707,,,,,,,SELL,,,,,7.75,pullback_structure_not_confirmed;momentum_volume_low
2026-04-03T01:34:12.657170+00:00,BTCUSD,viper,144388,M5,HOLD,HOLD,NONE,0,81.69971607678401,0,,,,,,,,,,,,,,,,22.0,22.0,66851.72,66895.04,66840.54,66880.04,,,,53.46333467748457,,,,,,,,,,,,,,66830.5780551088,,,,,,,SELL,,,,,7.75,pullback_structure_not_confirmed;momentum_volume_low
2026-04-03T01:34:23.315347+00:00,BTCUSD,viper,144388,M5,HOLD,HOLD,NONE,0,81.69971607678401,0,,,,,,,,,,,,,,,,22.0,22.0,66851.72,66895.04,66840.54,66894.22,,,,54.5473618138356,,,,,,,,,,,,,,66831.92853129927,,,,,,,SELL,,,,,7.75,pullback_structure_not_confirmed;momentum_volume_low
2026-04-03T01:34:33.917704+00:00,BTCUSD,viper,144388,M5,HOLD,HOLD,NONE,0,81.69971607678401,0,,,,,,,,,,,,,,,,22.0,22.0,66851.72,66895.04,66840.54,66881.1,,,,53.54615413228129,,,,,,,,,,,,,,66830.67900748974,,,,,,,SELL,,,,,7.75,pullback_structure_not_confirmed;momentum_volume_low
2026-04-03T01:34:44.381367+00:00,BTCUSD,viper,144388,M5,HOLD,HOLD,NONE,0,81.69971607678401,0,,,,,,,,,,,,,,,,22.0,22.0,66851.72,66895.04,66840.54,66874.7,,,,53.04158034066373,,,,,,,,,,,,,,66830.06948368021,,,,,,,SELL,,,,,7.75,pullback_structure_not_confirmed;momentum_volume_low
2026-04-03T01:34:54.878226+00:00,BTCUSD,viper,144388,M5,HOLD,HOLD,NONE,0,81.69971607678401,0,,,,,,,,,,,,,,,,22.0,22.0,66851.72,66895.04,66840.54,66874.55,,,,53.029622896923925,,,,,,,,,,,,,,66830.05519796594,,,,,,,SELL,,,,,7.75,pullback_structure_not_confirmed;momentum_volume_low
2026-04-03T01:35:05.377242+00:00,BTCUSD,viper,144388,M5,HOLD,HOLD,NONE,0,78.9318238242751,0,,,,,,,,,,,,,,,,22.0,22.0,66810.8,66810.8,66795.5,66802.8,,,,47.025691169654486,,,,,,,,,,,,,,66822.00676639628,,,,,,,SELL,,,,,7.98,pullback_structure_not_confirmed;momentum_volume_low
2026-04-03T01:35:15.923069+00:00,BTCUSD,viper,144388,M5,HOLD,HOLD,NONE,0,81.28539525284633,0,,,,,,,,,,,,,,,,22.0,22.0,66810.8,66813.3,66764.58,66764.58,,,,44.08520524820148,,,,,,,,,,,,,,66818.36676639628,,,,,,,SELL,,,,,7.39,pullback_structure_not_confirmed;momentum_volume_low
2026-04-03T01:35:16.661427+00:00,XAUUSD,viper,144388,M5,OUTSIDE_HOURS,OUTSIDE_HOURS,NONE,0,5.405325367263564,0,,,,,,,,,,,,,,,,0.34,0.34,4668.9,4673.32,4667.67,4670.82,,,,53.58433911787206,,,,,,,,,,,,,,,,,,,,,BOTH,,,,,21.52,pullback_weak_candle;momentum_volume_low
2026-04-03T01:35:26.903677+00:00,BTCUSD,viper,144388,M5,HOLD,HOLD,NONE,0,84.33896668141774,0,,,,,,,,,,,,,,,,22.0,22.0,66810.8,66813.3,66721.83,66722.26,,,,41.23052322932961,,,,,,,,,,,,,,66814.3362902058,,,,,,,SELL,,,,,7.69,pullback_structure_not_confirmed;momentum_volume_low
2026-04-03T01:35:37.339043+00:00,BTCUSD,viper,144388,M5,HOLD,HOLD,NONE,0,84.75825239570314,0,,,,,,,,,,,,,,,,22.0,22.0,66810.8,66813.3,66715.96,66716.52,,,,40.87155806916408,,,,,,,,,,,,,,66813.78962353914,,,,,,,SELL,,,,,7.77,pullback_structure_not_confirmed;momentum_volume_low
2026-04-03T01:35:47.806328+00:00,BTCUSD,viper,144388,M5,HOLD,HOLD,NONE,0,84.75825239570314,0,,,,,,,,,,,,,,,,22.0,22.0,66810.8,66813.3,66715.96,66727.44,,,,41.55992331721083,,,,,,,,,,,,,,66814.82962353913,,,,,,,SELL,,,,,7.77,pullback_structure_not_confirmed;momentum_volume_low
2026-04-03T01:35:58.290317+00:00,BTCUSD,viper,144388,M5,HOLD,HOLD,NONE,0,84.75825239570314,0,,,,,,,,,,,,,,,,22.0,22.0,66810.8,66813.3,66715.96,66736.73,,,,42.164057226557404,,,,,,,,,,,,,,66815.71438544389,,,,,,,SELL,,,,,7.77,pullback_structure_not_confirmed;momentum_volume_low
2026-04-03T01:36:08.830283+00:00,BTCUSD,viper,144388,M5,HOLD,HOLD,NONE,0,84.75825239570314,0,,,,,,,,,,,,,,,,22.0,22.0,66810.8,66813.3,66715.96,66744.84,,,,42.70599883935428,,,,,,,,,,,,,,66816.48676639628,,,,,,,SELL,,,,,7.77,pullback_structure_not_confirmed;momentum_volume_low
2026-04-03T01:36:19.665952+00:00,BTCUSD,viper,144388,M5,HOLD,HOLD,NONE,0,84.75825239570314,0,,,,,,,,,,,,,,,,22.0,22.0,66810.8,66813.3,66715.96,66721.51,,,,41.18326241245138,,,,,,,,,,,,,,66814.26486163438,,,,,,,SELL,,,,,7.77,pullback_structure_not_confirmed;momentum_volume_low
2026-04-03T01:36:30.293295+00:00,BTCUSD,viper,144388,M5,HOLD,HOLD,NONE,0,86.97253810998885,0,,,,,,,,,,,,,,,,22.0,22.0,66810.8,66813.3,66684.96,66688.24,,,,39.19050350800132,,,,,,,,,,,,,,66811.09629020581,,,,,,,SELL,,,,,8.18,pullback_structure_not_confirmed;momentum_volume_low
2026-04-03T01:36:40.766891+00:00,BTCUSD,viper,144388,M5,HOLD,HOLD,NONE,0,89.66110953856023,0,,,,,,,,,,,,,,,,22.0,22.0,66810.8,66813.3,66647.32,66647.32,,,,36.989143317260215,,,,,,,,,,,,,,66807.19914734866,,,,,,,SELL,,,,,8.62,pullback_structure_not_confirmed;momentum_volume_low
2026-04-03T01:36:51.286956+00:00,BTCUSD,viper,144388,M5,HOLD,HOLD,NONE,0,90.69396668141783,0,,,,,,,,,,,,,,,,22.0,22.0,66810.8,66813.3,66632.86,66633.02,,,,36.27704078368807,,,,,,,,,,,,,,66805.83724258676,,,,,,,SELL,,,,,8.77,pullback_structure_not_confirmed;momentum_volume_low
2026-04-03T01:37:01.840827+00:00,BTCUSD,viper,144388,M5,HOLD,HOLD,NONE,0,90.69396668141783,0,,,,,,,,,,,,,,,,22.0,22.0,66810.8,66813.3,66632.86,66648.76,,,,37.06240395882923,,,,,,,,,,,,,,66807.3362902058,,,,,,,SELL,,,,,8.77,pullback_structure_not_confirmed;momentum_volume_low
2026-04-03T01:37:02.731820+00:00,XAUUSD,viper,144388,M5,OUTSIDE_HOURS,OUTSIDE_HOURS,NONE,0,5.405325367263564,0,,,,,,,,,,,,,,,,0.34,0.34,4668.9,4673.32,4667.67,4670.82,,,,53.58433911787206,,,,,,,,,,,,,,,,,,,,,BOTH,,,,,21.52,pullback_weak_candle;momentum_volume_low
2026-04-03T01:37:12.982862+00:00,BTCUSD,viper,144388,M5,HOLD,HOLD,NONE,0,90.70325239570388,0,,,,,,,,,,,,,,,,22.0,22.0,66810.8,66813.3,66632.73,66638.36,,,,36.539727908201115,,,,,,,,,,,,,,66806.34581401532,,,,,,,SELL,,,,,8.77,pullback_structure_not_confirmed;momentum_volume_low
2026-04-03T01:37:23.461692+00:00,BTCUSD,viper,144388,M5,HOLD,HOLD,NONE,0,92.92110953856123,0,,,,,,,,,,,,,,,,22.0,22.0,66810.8,66813.3,66601.68,66612.1,,,,35.283322290006964,,,,,,,,,,,,,,66803.84486163437,,,,,,,SELL,,,,,9.07,pullback_structure_not_confirmed;momentum_volume_low
2026-04-03T01:37:33.922258+00:00,BTCUSD,viper,144388,M5,HOLD,HOLD,NONE,0,93.13968096713249,0,,,,,,,,,,,,,,,,22.0,22.0,66810.8,66813.3,66598.62,66598.91,,,,34.68429378274621,,,,,,,,,,,,,,66802.58867115818,,,,,,,SELL,,,,,9.1,pullback_structure_not_confirmed;momentum_volume_low
2026-04-03T01:37:44.459168+00:00,BTCUSD,viper,144388,M5,HOLD,HOLD,NONE,0,93.1403952528464,0,,,,,,,,,,,,,,,,22.0,22.0,66810.8,66813.3,66598.61,66603.84,,,,34.90579580029164,,,,,,,,,,,,,,66803.05819496771,,,,,,,SELL,,,,,9.1,pullback_structure_not_confirmed;momentum_volume_low
2026-04-03T01:37:54.926418+00:00,BTCUSD,viper,144388,M5,HOLD,HOLD,NONE,0,93.1403952528464,0,,,,,,,,,,,,,,,,22.0,22.0,66810.8,66813.3,66598.61,66619.85,,,,35.64504073635953,,,,,,,,,,,,,,66804.58295687247,,,,,,,SELL,,,,,9.1,pullback_structure_not_confirmed;momentum_volume_low
2026-04-03T01:38:05.352492+00:00,BTCUSD,viper,144388,M5,HOLD,HOLD,NONE,0,93.1403952528464,0,,,,,,,,,,,,,,,,22.0,22.0,66810.8,66813.3,66598.61,66649.18,,,,37.08382634192831,,,,,,,,,,,,,,66807.37629020581,,,,,,,SELL,,,,,9.1,pullback_structure_not_confirmed;momentum_volume_low
2026-04-03T01:38:15.890806+00:00,BTCUSD,viper,144388,M5,HOLD,HOLD,NONE,0,93.1403952528464,0,,,,,,,,,,,,,,,,22.0,22.0,66810.8,66813.3,66598.61,66660.34,,,,37.66226259954218,,,,,,,,,,,,,,66808.43914734866,,,,,,,SELL,,,,,9.1,pullback_structure_not_confirmed;momentum_volume_low
2026-04-03T01:38:26.484873+00:00,BTCUSD,viper,144388,M5,HOLD,HOLD,NONE,0,93.1403952528464,0,,,,,,,,,,,,,,,,22.0,22.0,66810.8,66813.3,66598.61,66623.1,,,,35.79894586141752,,,,,,,,,,,,,,66804.892480682,,,,,,,SELL,,,,,9.1,pullback_structure_not_confirmed;momentum_volume_low
2026-04-03T01:38:37.018609+00:00,BTCUSD,viper,144388,M5,HOLD,HOLD,NONE,0,93.1403952528464,0,,,,,,,,,,,,,,,,22.0,22.0,66810.8,66813.3,66598.61,66645.44,,,,36.89393224955742,,,,,,,,,,,,,,66807.02009972962,,,,,,,SELL,,,,,9.1,pullback_structure_not_confirmed;momentum_volume_low
2026-04-03T01:38:47.419160+00:00,BTCUSD,viper,144388,M5,HOLD,HOLD,NONE,0,93.1403952528464,0,,,,,,,,,,,,,,,,22.0,22.0,66810.8,66813.3,66598.61,66624.4,,,,35.860880685589876,,,,,,,,,,,,,,66805.01629020581,,,,,,,SELL,,,,,9.1,pullback_structure_not_confirmed;momentum_volume_low
2026-04-03T01:38:48.261713+00:00,XAUUSD,viper,144388,M5,OUTSIDE_HOURS,OUTSIDE_HOURS,NONE,0,5.405325367263564,0,,,,,,,,,,,,,,,,0.34,0.34,4668.9,4673.32,4667.67,4670.82,,,,53.58433911787206,,,,,,,,,,,,,,,,,,,,,BOTH,,,,,21.52,pullback_weak_candle;momentum_volume_low
2026-04-03T01:38:58.488830+00:00,BTCUSD,viper,144388,M5,HOLD,HOLD,NONE,0,93.41682382427464,0,,,,,,,,,,,,,,,,22.0,22.0,66810.8,66813.3,66594.74,66594.74,,,,34.499120934243535,,,,,,,,,,,,,,66802.19152830105,,,,,,,SELL,,,,,9.13,pullback_structure_not_confirmed;momentum_volume_low
2026-04-03T01:39:09.196882+00:00,BTCUSD,viper,144388,M5,HOLD,HOLD,NONE,0,93.41682382427464,0,,,,,,,,,,,,,,,,22.0,22.0,66810.8,66813.3,66594.74,66595.4,,,,34.52829705118998,,,,,,,,,,,,,,66802.2543854439,,,,,,,SELL,,,,,9.13,pullback_structure_not_confirmed;momentum_volume_low
2026-04-03T01:39:19.943862+00:00,BTCUSD,viper,144388,M5,HOLD,HOLD,NONE,0,93.41682382427464,0,,,,,,,,,,,,,,,,22.0,22.0,66810.8,66813.3,66594.74,66595.21,,,,34.51989280887065,,,,,,,,,,,,,,66802.23629020581,,,,,,,SELL,,,,,9.13,pullback_structure_not_confirmed;momentum_volume_low
2026-04-03T01:39:30.683254+00:00,BTCUSD,viper,144388,M5,HOLD,HOLD,NONE,0,100.7568238242753,0,,,,,,,,,,,,,,,,22.0,22.0,66810.8,66813.3,66491.98,66491.98,,,,30.488035329048984,,,,,,,,,,,,,,66792.40486163438,,,,,,,SELL,,,,,9.91,pullback_structure_not_confirmed;momentum_volume_low
2026-04-03T01:39:41.228231+00:00,BTCUSD,viper,144388,M5,HOLD,HOLD,NONE,0,101.73110953856099,0,,,,,,,,,,,,,,,,22.0,22.0,66810.8,66813.3,66478.34,66493.26,,,,30.532253281904303,,,,,,,,,,,,,,66792.52676639627,,,,,,,SELL,,,,,10.0,pullback_structure_not_confirmed;momentum_volume_low
2026-04-03T01:39:51.933451+00:00,BTCUSD,viper,144388,M5,HOLD,HOLD,NONE,0,101.73110953856099,0,,,,,,,,,,,,,,,,22.0,22.0,66810.8,66813.3,66478.34,66502.83,,,,30.866960460585503,,,,,,,,,,,,,,66793.4381949677,,,,,,,SELL,,,,,10.0,pullback_structure_not_confirmed;momentum_volume_low
2026-04-03T01:40:02.416428+00:00,BTCUSD,viper,144388,M5,HOLD,HOLD,NONE,0,96.04388381703339,0,,,,,,,,,,,,,,,,22.0,22.0,66503.18,66524.83,66502.72,66524.43,,,,32.639906611201326,,,,,,,,,,,,,,66767.85972717291,,,,,,,SELL,,,,,12.08,pullback_not_near_ema;momentum_volume_low
2026-04-03T01:40:12.980737+00:00,BTCUSD,viper,144388,M5,HOLD,HOLD,NONE,0,99.64674095989069,0,,,,,,,,,,,,,,,,22.0,22.0,66503.18,66575.27,66502.72,66574.74,,,,36.48387560106497,,,,,,,,,,,,,,66772.65115574433,,,,,,,SELL,,,,,12.08,pullback_not_near_ema;momentum_volume_low
2026-04-03T01:40:23.453529+00:00,BTCUSD,viper,144388,M5,HOLD,HOLD,NONE,0,99.64674095989069,0,,,,,,,,,,,,,,,,22.0,22.0,66503.18,66575.27,66502.72,66555.44,,,,35.06227614523503,,,,,,,,,,,,,,66770.81306050623,,,,,,,SELL,,,,,12.08,pullback_not_near_ema;momentum_volume_low
2026-04-03T01:40:33.950089+00:00,BTCUSD,viper,144388,M5,HOLD,HOLD,NONE,0,99.64674095989069,0,,,,,,,,,,,,,,,,22.0,22.0,66503.18,66575.27,66502.72,66542.04,,,,34.037239073675394,,,,,,,,,,,,,,66769.53687003005,,,,,,,SELL,,,,,12.08,pullback_not_near_ema;momentum_volume_low
2026-04-03T01:40:34.730750+00:00,XAUUSD,viper,144388,M5,OUTSIDE_HOURS,OUTSIDE_HOURS,NONE,0,5.405325367263564,0,,,,,,,,,,,,,,,,0.34,0.34,4668.9,4673.32,4667.67,4670.82,,,,53.58433911787206,,,,,,,,,,,,,,,,,,,,,BOTH,,,,,21.52,pullback_weak_candle;momentum_volume_low
2026-04-03T01:40:44.960593+00:00,BTCUSD,viper,144388,M5,HOLD,HOLD,NONE,0,99.64674095989069,0,,,,,,,,,,,,,,,,22.0,22.0,66503.18,66575.27,66502.72,66536.58,,,,33.610235526623725,,,,,,,,,,,,,,66769.01687003004,,,,,,,SELL,,,,,12.08,pullback_not_near_ema;momentum_volume_low
2026-04-03T01:40:55.527916+00:00,BTCUSD,viper,144388,M5,HOLD,HOLD,NONE,0,99.64674095989069,0,,,,,,,,,,,,,,,,22.0,22.0,66503.18,66575.27,66502.72,66527.12,,,,32.8571734610065,,,,,,,,,,,,,,66768.11591764909,,,,,,,SELL,,,,,12.08,pullback_not_near_ema;momentum_volume_low
2026-04-03T01:41:05.953864+00:00,BTCUSD,viper,144388,M5,HOLD,HOLD,NONE,0,99.64674095989069,0,,,,,,,,,,,,,,,,22.0,22.0,66503.18,66575.27,66502.72,66548.49,,,,34.53464272502737,,,,,,,,,,,,,,66770.15115574433,,,,,,,SELL,,,,,12.08,pullback_not_near_ema;momentum_volume_low
2026-04-03T01:41:16.467909+00:00,BTCUSD,viper,144388,M5,HOLD,HOLD,NONE,0,99.64674095989069,0,,,,,,,,,,,,,,,,22.0,22.0,66503.18,66575.27,66502.72,66567.16,,,,35.933034628215495,,,,,,,,,,,,,,66771.92925098243,,,,,,,SELL,,,,,12.08,pullback_not_near_ema;momentum_volume_low
2026-04-03T01:41:26.891129+00:00,BTCUSD,viper,144388,M5,HOLD,HOLD,NONE,0,99.64674095989069,0,,,,,,,,,,,,,,,,22.0,22.0,66503.18,66575.27,66502.72,66567.26,,,,35.940363843995556,,,,,,,,,,,,,,66771.93877479195,,,,,,,SELL,,,,,12.08,pullback_not_near_ema;momentum_volume_low
2026-04-03T01:41:37.367600+00:00,BTCUSD,viper,144388,M5,HOLD,HOLD,NONE,0,99.64674095989069,0,,,,,,,,,,,,,,,,22.0,22.0,66503.18,66575.27,66502.72,66560.83,,,,35.46565730019782,,,,,,,,,,,,,,66771.32639383957,,,,,,,SELL,,,,,12.08,pullback_not_near_ema;momentum_volume_low
2026-04-03T01:41:48.009757+00:00,BTCUSD,viper,144388,M5,HOLD,HOLD,NONE,0,99.64674095989069,0,,,,,,,,,,,,,,,,22.0,22.0,66503.18,66575.27,66502.72,66560.9,,,,35.470863054593295,,,,,,,,,,,,,,66771.33306050624,,,,,,,SELL,,,,,12.08,pullback_not_near_ema;momentum_volume_low
2026-04-03T01:41:58.516969+00:00,BTCUSD,viper,144388,M5,HOLD,HOLD,NONE,0,99.64674095989069,0,,,,,,,,,,,,,,,,22.0,22.0,66503.18,66575.27,66502.72,66560.84,,,,35.466401030820364,,,,,,,,,,,,,,66771.32734622053,,,,,,,SELL,,,,,12.08,pullback_not_near_ema;momentum_volume_low
2026-04-03T01:42:09.030328+00:00,BTCUSD,viper,144388,M5,HOLD,HOLD,NONE,0,99.64674095989069,0,,,,,,,,,,,,,,,,22.0,22.0,66503.18,66575.27,66502.72,66554.45,,,,34.98763692465788,,,,,,,,,,,,,,66770.71877479195,,,,,,,SELL,,,,,12.08,pullback_not_near_ema;momentum_volume_low
2026-04-03T01:42:19.494485+00:00,BTCUSD,viper,144388,M5,HOLD,HOLD,NONE,0,99.64674095989069,0,,,,,,,,,,,,,,,,22.0,22.0,66503.18,66575.27,66502.72,66561.2,,,,35.49316392117379,,,,,,,,,,,,,,66771.36163193481,,,,,,,SELL,,,,,12.08,pullback_not_near_ema;momentum_volume_low
2026-04-03T01:42:20.194385+00:00,XAUUSD,viper,144388,M5,OUTSIDE_HOURS,OUTSIDE_HOURS,NONE,0,5.405325367263564,0,,,,,,,,,,,,,,,,0.34,0.34,4668.9,4673.32,4667.67,4670.82,,,,53.58433911787206,,,,,,,,,,,,,,,,,,,,,BOTH,,,,,21.52,pullback_weak_candle;momentum_volume_low
2026-04-03T01:42:30.449021+00:00,BTCUSD,viper,144388,M5,HOLD,HOLD,NONE,0,99.64674095989069,0,,,,,,,,,,,,,,,,22.0,22.0,66503.18,66575.27,66502.72,66560.74,,,,35.458962953096844,,,,,,,,,,,,,,66771.317822411,,,,,,,SELL,,,,,12.08,pullback_not_near_ema;momentum_volume_low
2026-04-03T01:42:40.863101+00:00,BTCUSD,viper,144388,M5,HOLD,HOLD,NONE,0,99.64674095989069,0,,,,,,,,,,,,,,,,22.0,22.0,66503.18,66575.27,66502.72,66549.84,,,,34.63780260827616,,,,,,,,,,,,,,66770.2797271729,,,,,,,SELL,,,,,12.08,pullback_not_near_ema;momentum_volume_low
2026-04-03T01:42:51.320101+00:00,BTCUSD,viper,144388,M5,HOLD,HOLD,NONE,0,99.64674095989069,0,,,,,,,,,,,,,,,,22.0,22.0,66503.18,66575.27,66502.72,66555.36,,,,35.05625105866967,,,,,,,,,,,,,,66770.80544145862,,,,,,,SELL,,,,,12.08,pullback_not_near_ema;momentum_volume_low
2026-04-03T01:43:01.796042+00:00,BTCUSD,viper,144388,M5,HOLD,HOLD,NONE,0,99.64674095989069,0,,,,,,,,,,,,,,,,22.0,22.0,66503.18,66575.27,66502.72,66560.88,,,,35.469375781897085,,,,,,,,,,,,,,66771.33115574434,,,,,,,SELL,,,,,12.08,pullback_not_near_ema;momentum_volume_low
2026-04-03T01:43:12.216285+00:00,BTCUSD,viper,144388,M5,HOLD,HOLD,NONE,0,99.64674095989069,0,,,,,,,,,,,,,,,,22.0,22.0,66503.18,66575.27,66502.72,66542.22,,,,34.05122260841955,,,,,,,,,,,,,,66769.5540128872,,,,,,,SELL,,,,,12.08,pullback_not_near_ema;momentum_volume_low
2026-04-03T01:43:22.791822+00:00,BTCUSD,viper,144388,M5,HOLD,HOLD,NONE,0,99.64674095989069,0,,,,,,,,,,,,,,,,22.0,22.0,66503.18,66575.27,66502.72,66542.38,,,,34.063647440773764,,,,,,,,,,,,,,66769.56925098243,,,,,,,SELL,,,,,12.08,pullback_not_near_ema;momentum_volume_low
2026-04-03T01:43:33.293384+00:00,BTCUSD,viper,144388,M5,HOLD,HOLD,NONE,0,99.64674095989069,0,,,,,,,,,,,,,,,,22.0,22.0,66503.18,66575.27,66502.72,66555.14,,,,35.03967630422132,,,,,,,,,,,,,,66770.78448907766,,,,,,,SELL,,,,,12.08,pullback_not_near_ema;momentum_volume_low
2026-04-03T01:43:43.787435+00:00,BTCUSD,viper,144388,M5,HOLD,HOLD,NONE,0,99.65316953131902,0,,,,,,,,,,,,,,,,22.0,22.0,66503.18,66575.36,66502.72,66575.36,,,,36.52851242073865,,,,,,,,,,,,,,66772.71020336339,,,,,,,SELL,,,,,12.08,pullback_not_near_ema;momentum_volume_low
2026-04-03T01:43:54.233528+00:00,BTCUSD,viper,144388,M5,HOLD,HOLD,NONE,0,99.66031238846229,0,,,,,,,,,,,,,,,,22.0,22.0,66503.18,66575.46,66502.72,66575.14,,,,36.5126807323114,,,,,,,,,,,,,,66772.68925098242,,,,,,,SELL,,,,,12.08,pullback_not_near_ema;momentum_volume_low
2026-04-03T01:44:04.728311+00:00,BTCUSD,viper,144388,M5,HOLD,HOLD,NONE,0,99.66031238846229,0,,,,,,,,,,,,,,,,22.0,22.0,66503.18,66575.46,66502.72,66568.21,,,,36.00990784861077,,,,,,,,,,,,,,66772.02925098244,,,,,,,SELL,,,,,12.08,pullback_not_near_ema;momentum_volume_low
2026-04-03T01:44:05.578092+00:00,XAUUSD,viper,144388,M5,OUTSIDE_HOURS,OUTSIDE_HOURS,NONE,0,5.405325367263564,0,,,,,,,,,,,,,,,,0.34,0.34,4668.9,4673.32,4667.67,4670.82,,,,53.58433911787206,,,,,,,,,,,,,,,,,,,,,BOTH,,,,,21.52,pullback_weak_candle;momentum_volume_low
2026-04-03T01:44:15.855940+00:00,BTCUSD,viper,144388,M5,HOLD,HOLD,NONE,0,99.66031238846229,0,,,,,,,,,,,,,,,,22.0,22.0,66503.18,66575.46,66502.72,66567.98,,,,35.993084735848115,,,,,,,,,,,,,,66772.00734622052,,,,,,,SELL,,,,,12.08,pullback_not_near_ema;momentum_volume_low
2026-04-03T01:44:26.421782+00:00,BTCUSD,viper,144388,M5,HOLD,HOLD,NONE,0,99.66031238846229,0,,,,,,,,,,,,,,,,22.0,22.0,66503.18,66575.46,66502.72,66568.38,,,,36.02233664056119,,,,,,,,,,,,,,66772.04544145861,,,,,,,SELL,,,,,12.08,pullback_not_near_ema;momentum_volume_low
2026-04-03T01:44:36.994293+00:00,BTCUSD,viper,144388,M5,HOLD,HOLD,NONE,0,99.66031238846229,0,,,,,,,,,,,,,,,,22.0,22.0,66503.18,66575.46,66502.72,66568.57,,,,36.036221931054804,,,,,,,,,,,,,,66772.06353669672,,,,,,,SELL,,,,,12.08,pullback_not_near_ema;momentum_volume_low
2026-04-03T01:44:47.797181+00:00,BTCUSD,viper,144388,M5,HOLD,HOLD,NONE,0,99.66031238846229,0,,,,,,,,,,,,,,,,22.0,22.0,66503.18,66575.46,66502.72,66563.36,,,,35.653276266314464,,,,,,,,,,,,,,66771.56734622053,,,,,,,SELL,,,,,12.08,pullback_not_near_ema;momentum_volume_low
2026-04-03T01:44:58.652557+00:00,BTCUSD,viper,144388,M5,HOLD,HOLD,NONE,0,99.66031238846229,0,,,,,,,,,,,,,,,,22.0,22.0,66503.18,66575.46,66502.72,66563.64,,,,35.67397339422287,,,,,,,,,,,,,,66771.59401288719,,,,,,,SELL,,,,,12.08,pullback_not_near_ema;momentum_volume_low
2026-04-03T01:45:09.250579+00:00,BTCUSD,viper,144388,M5,HOLD,HOLD,NONE,0,92.5867148946386,0,,,,,,,,,,,,,,,,22.0,22.0,66563.49,66563.57,66562.94,66563.56,,,,35.669814170057236,,,,,,,,,,,,,,66751.74764455552,,,,,,,SELL,,,,,14.02,pullback_not_near_ema;momentum_volume_low
2026-04-03T01:45:19.973365+00:00,BTCUSD,viper,144388,M5,HOLD,HOLD,NONE,0,92.97600060892411,0,,,,,,,,,,,,,,,,22.0,22.0,66563.49,66569.02,66562.94,66568.4,,,,36.05273210541936,,,,,,,,,,,,,,66752.20859693647,,,,,,,SELL,,,,,14.02,pullback_not_near_ema;momentum_volume_low
2026-04-03T01:45:30.438314+00:00,BTCUSD,viper,144388,M5,HOLD,HOLD,NONE,0,93.24528632321012,0,,,,,,,,,,,,,,,,22.0,22.0,66563.49,66571.82,66561.97,66562.14,,,,35.596229510026504,,,,,,,,,,,,,,66751.61240646028,,,,,,,SELL,,,,,14.02,pullback_not_near_ema;momentum_volume_low
2026-04-03T01:45:40.928557+00:00,BTCUSD,viper,144388,M5,HOLD,HOLD,NONE,0,94.669572037496,0,,,,,,,,,,,,,,,,22.0,22.0,66563.49,66571.82,66542.03,66542.56,,,,34.75514334181153,,,,,,,,,,,,,,66749.74764455552,,,,,,,SELL,,,,,14.02,pullback_not_near_ema;momentum_volume_low
2026-04-03T01:45:51.395497+00:00,BTCUSD,viper,144388,M5,HOLD,HOLD,NONE,0,96.60171489463906,0,,,,,,,,,,,,,,,,22.0,22.0,66563.49,66571.82,66514.98,66514.98,,,,33.63565903855765,,,,,,,,,,,,,,66747.12097788886,,,,,,,SELL,,,,,14.02,pullback_not_near_ema;momentum_volume_low
2026-04-03T01:45:52.240767+00:00,XAUUSD,viper,144388,M5,OUTSIDE_HOURS,OUTSIDE_HOURS,NONE,0,5.405325367263564,0,,,,,,,,,,,,,,,,0.34,0.34,4668.9,4673.32,4667.67,4670.82,,,,53.58433911787206,,,,,,,,,,,,,,,,,,,,,BOTH,,,,,21.52,pullback_weak_candle;momentum_volume_low
2026-04-03T01:46:02.560642+00:00,BTCUSD,viper,144388,M5,HOLD,HOLD,NONE,0,97.70742918035306,0,,,,,,,,,,,,,,,,22.0,22.0,66563.49,66571.82,66499.5,66499.5,,,,33.0383569138983,,,,,,,,,,,,,,66745.64669217457,,,,,,,SELL,,,,,14.04,pullback_not_near_ema;momentum_volume_low
2026-04-03T01:46:13.015927+00:00,BTCUSD,viper,144388,M5,HOLD,HOLD,NONE,0,97.70742918035306,0,,,,,,,,,,,,,,,,22.0,22.0,66563.49,66571.82,66499.5,66507.58,,,,33.34745564782284,,,,,,,,,,,,,,66746.41621598409,,,,,,,SELL,,,,,14.04,pullback_not_near_ema;momentum_volume_low
2026-04-03T01:46:23.615181+00:00,BTCUSD,viper,144388,M5,HOLD,HOLD,NONE,0,97.70742918035306,0,,,,,,,,,,,,,,,,22.0,22.0,66563.49,66571.82,66499.5,66531.4,,,,34.29329728060078,,,,,,,,,,,,,,66748.68478741267,,,,,,,SELL,,,,,14.04,pullback_not_near_ema;momentum_volume_low
2026-04-03T01:46:34.072163+00:00,BTCUSD,viper,144388,M5,HOLD,HOLD,NONE,0,97.70742918035306,0,,,,,,,,,,,,,,,,22.0,22.0,66563.49,66571.82,66499.5,66527.06,,,,34.116988321327284,,,,,,,,,,,,,,66748.27145407934,,,,,,,SELL,,,,,14.04,pullback_not_near_ema;momentum_volume_low
2026-04-03T01:46:44.566866+00:00,BTCUSD,viper,144388,M5,HOLD,HOLD,NONE,0,97.70742918035306,0,,,,,,,,,,,,,,,,22.0,22.0,66563.49,66571.82,66499.5,66528.73,,,,34.18461570425387,,,,,,,,,,,,,,66748.43050169839,,,,,,,SELL,,,,,14.04,pullback_not_near_ema;momentum_volume_low
2026-04-03T01:46:55.071486+00:00,BTCUSD,viper,144388,M5,HOLD,HOLD,NONE,0,97.70742918035306,0,,,,,,,,,,,,,,,,22.0,22.0,66563.49,66571.82,66499.5,66523.86,,,,33.9881476785019,,,,,,,,,,,,,,66747.96669217457,,,,,,,SELL,,,,,14.04,pullback_not_near_ema;momentum_volume_low
2026-04-03T01:47:05.641092+00:00,BTCUSD,viper,144388,M5,HOLD,HOLD,NONE,0,97.70742918035306,0,,,,,,,,,,,,,,,,22.0,22.0,66563.49,66571.82,66499.5,66523.84,,,,33.98734548440879,,,,,,,,,,,,,,66747.96478741267,,,,,,,SELL,,,,,14.04,pullback_not_near_ema;momentum_volume_low
2026-04-03T01:47:16.102522+00:00,BTCUSD,viper,144388,M5,HOLD,HOLD,NONE,0,97.70742918035306,0,,,,,,,,,,,,,,,,22.0,22.0,66563.49,66571.82,66499.5,66515.92,,,,33.67262563771274,,,,,,,,,,,,,,66747.21050169838,,,,,,,SELL,,,,,14.04,pullback_not_near_ema;momentum_volume_low
2026-04-03T01:47:26.615529+00:00,BTCUSD,viper,144388,M5,HOLD,HOLD,NONE,0,97.70742918035306,0,,,,,,,,,,,,,,,,22.0,22.0,66563.49,66571.82,66499.5,66520.6,,,,33.857888095611884,,,,,,,,,,,,,,66747.6562159841,,,,,,,SELL,,,,,14.04,pullback_not_near_ema;momentum_volume_low
2026-04-03T01:47:37.029431+00:00,BTCUSD,viper,144388,M5,HOLD,HOLD,NONE,0,97.70742918035306,0,,,,,,,,,,,,,,,,22.0,22.0,66563.49,66571.82,66499.5,66515.72,,,,33.66475360048901,,,,,,,,,,,,,,66747.19145407934,,,,,,,SELL,,,,,14.04,pullback_not_near_ema;momentum_volume_low
2026-04-03T01:47:37.912496+00:00,XAUUSD,viper,144388,M5,OUTSIDE_HOURS,OUTSIDE_HOURS,NONE,0,5.405325367263564,0,,,,,,,,,,,,,,,,0.34,0.34,4668.9,4673.32,4667.67,4670.82,,,,53.58433911787206,,,,,,,,,,,,,,,,,,,,,BOTH,,,,,21.52,pullback_weak_candle;momentum_volume_low
2026-04-03T01:47:48.178559+00:00,BTCUSD,viper,144388,M5,HOLD,HOLD,NONE,0,97.70742918035306,0,,,,,,,,,,,,,,,,22.0,22.0,66563.49,66571.82,66499.5,66520.82,,,,33.86664719533525,,,,,,,,,,,,,,66747.67716836504,,,,,,,SELL,,,,,14.04,pullback_not_near_ema;momentum_volume_low
2026-04-03T01:47:58.761228+00:00,BTCUSD,viper,144388,M5,HOLD,HOLD,NONE,0,97.70742918035306,0,,,,,,,,,,,,,,,,22.0,22.0,66563.49,66571.82,66499.5,66520.78,,,,33.86505429467445,,,,,,,,,,,,,,66747.67335884123,,,,,,,SELL,,,,,14.04,pullback_not_near_ema;momentum_volume_low
2026-04-03T01:48:09.270868+00:00,BTCUSD,viper,144388,M5,HOLD,HOLD,NONE,0,97.70742918035306,0,,,,,,,,,,,,,,,,22.0,22.0,66563.49,66571.82,66499.5,66525.34,,,,34.0476153087716,,,,,,,,,,,,,,66748.10764455552,,,,,,,SELL,,,,,14.04,pullback_not_near_ema;momentum_volume_low
2026-04-03T01:48:19.779441+00:00,BTCUSD,viper,144388,M5,HOLD,HOLD,NONE,0,97.70742918035306,0,,,,,,,,,,,,,,,,22.0,22.0,66563.49,66571.82,66499.5,66515.44,,,,33.65373892988393,,,,,,,,,,,,,,66747.16478741266,,,,,,,SELL,,,,,14.04,pullback_not_near_ema;momentum_volume_low
2026-04-03T01:48:30.270436+00:00,BTCUSD,viper,144388,M5,HOLD,HOLD,NONE,0,97.70742918035306,0,,,,,,,,,,,,,,,,22.0,22.0,66563.49,66571.82,66499.5,66527.5,,,,34.134780338825195,,,,,,,,,,,,,,66748.31335884123,,,,,,,SELL,,,,,14.04,pullback_not_near_ema;momentum_volume_low
2026-04-03T01:48:40.908405+00:00,BTCUSD,viper,144388,M5,HOLD,HOLD,NONE,0,97.70742918035306,0,,,,,,,,,,,,,,,,22.0,22.0,66563.49,66571.82,66499.5,66515.31,,,,33.64862742537346,,,,,,,,,,,,,,66747.15240646029,,,,,,,SELL,,,,,14.04,pullback_not_near_ema;momentum_volume_low
2026-04-03T01:48:51.393945+00:00,BTCUSD,viper,144388,M5,HOLD,HOLD,NONE,0,97.70742918035306,0,,,,,,,,,,,,,,,,22.0,22.0,66563.49,66571.82,66499.5,66514.8,,,,33.628589585407184,,,,,,,,,,,,,,66747.10383503171,,,,,,,SELL,,,,,14.04,pullback_not_near_ema;momentum_volume_low
2026-04-03T01:49:01.939252+00:00,BTCUSD,viper,144388,M5,HOLD,HOLD,NONE,0,97.70742918035306,0,,,,,,,,,,,,,,,,22.0,22.0,66563.49,66571.82,66499.5,66520.26,,,,33.8443602134285,,,,,,,,,,,,,,66747.62383503171,,,,,,,SELL,,,,,14.04,pullback_not_near_ema;momentum_volume_low
2026-04-03T01:49:12.467655+00:00,BTCUSD,viper,144388,M5,HOLD,HOLD,NONE,0,97.70742918035306,0,,,,,,,,,,,,,,,,22.0,22.0,66563.49,66571.82,66499.5,66549.14,,,,35.03332665635426,,,,,,,,,,,,,,66750.37431122219,,,,,,,SELL,,,,,14.04,pullback_not_near_ema;momentum_volume_low
2026-04-03T01:49:22.986251+00:00,BTCUSD,viper,144388,M5,HOLD,HOLD,NONE,0,99.50242918035235,0,,,,,,,,,,,,,,,,22.0,22.0,66563.49,66596.95,66499.5,66596.95,,,,38.221866382731314,,,,,,,,,,,,,,66754.92764455552,,,,,,,SELL,,,,,13.68,pullback_not_near_ema;momentum_volume_low
2026-04-03T01:49:23.741897+00:00,XAUUSD,viper,144388,M5,OUTSIDE_HOURS,OUTSIDE_HOURS,NONE,0,5.405325367263564,0,,,,,,,,,,,,,,,,0.34,0.34,4668.9,4673.32,4667.67,4670.82,,,,53.58433911787206,,,,,,,,,,,,,,,,,,,,,BOTH,,,,,21.52,pullback_weak_candle;momentum_volume_low
2026-04-03T01:49:33.949910+00:00,BTCUSD,viper,144388,M5,HOLD,HOLD,NONE,0,100.42100060892382,0,,,,,,,,,,,,,,,,22.0,22.0,66563.49,66609.81,66499.5,66609.33,,,,39.11738023240919,,,,,,,,,,,,,,66756.10669217457,,,,,,,SELL,,,,,13.48,pullback_not_near_ema;momentum_volume_low
2026-04-03T01:49:44.463978+00:00,BTCUSD,viper,144388,M5,HOLD,HOLD,NONE,0,100.42100060892382,0,,,,,,,,,,,,,,,,22.0,22.0,66563.49,66609.81,66499.5,66597.7,,,,38.276866999050256,,,,,,,,,,,,,,66754.99907312695,,,,,,,SELL,,,,,13.48,pullback_not_near_ema;momentum_volume_low
2026-04-03T01:49:54.979206+00:00,BTCUSD,viper,144388,M5,HOLD,HOLD,NONE,0,100.42100060892382,0,,,,,,,,,,,,,,,,22.0,22.0,66563.49,66609.81,66499.5,66584.29,,,,37.27843807997208,,,,,,,,,,,,,,66753.7219302698,,,,,,,SELL,,,,,13.48,pullback_not_near_ema;momentum_volume_low
2026-04-03T01:50:05.525298+00:00,BTCUSD,viper,144388,M5,HOLD,HOLD,NONE,0,95.45735646413475,0,,,,,,,,,,,,,,,,22.0,22.0,66552.64,66583.57,66552.64,66576.36,,,,37.13118861492464,,,,,,,,,,,,,,66734.13498893796,,,,,,,SELL,,,,,14.78,pullback_not_near_ema;momentum_volume_low
2026-04-03T01:50:16.066496+00:00,BTCUSD,viper,144388,M5,HOLD,HOLD,NONE,0,95.45735646413475,0,,,,,,,,,,,,,,,,22.0,22.0,66552.64,66583.57,66552.64,66567.62,,,,36.42161942783404,,,,,,,,,,,,,,66733.30260798559,,,,,,,SELL,,,,,14.78,pullback_not_near_ema;momentum_volume_low
2026-04-03T01:50:26.579378+00:00,BTCUSD,viper,144388,M5,HOLD,HOLD,NONE,0,95.45735646413475,0,,,,,,,,,,,,,,,,22.0,22.0,66552.64,66583.57,66552.64,66562.24,,,,35.97681653135123,,,,,,,,,,,,,,66732.79022703321,,,,,,,SELL,,,,,14.78,pullback_not_near_ema;momentum_volume_low
2026-04-03T01:50:37.239057+00:00,BTCUSD,viper,144388,M5,HOLD,HOLD,NONE,0,95.45735646413475,0,,,,,,,,,,,,,,,,22.0,22.0,66552.64,66583.57,66552.64,66553.7,,,,35.2578296033667,,,,,,,,,,,,,,66731.97689369987,,,,,,,SELL,,,,,14.78,pullback_not_near_ema;momentum_volume_low
2026-04-03T01:50:47.839545+00:00,BTCUSD,viper,144388,M5,HOLD,HOLD,NONE,0,96.75592789270569,0,,,,,,,,,,,,,,,,22.0,22.0,66552.64,66583.57,66534.46,66535.2,,,,34.392815808709585,,,,,,,,,,,,,,66730.21498893797,,,,,,,SELL,,,,,14.78,pullback_not_near_ema;momentum_volume_low
2026-04-03T01:50:58.410467+00:00,BTCUSD,viper,144388,M5,HOLD,HOLD,NONE,0,96.75592789270569,0,,,,,,,,,,,,,,,,22.0,22.0,66552.64,66583.57,66534.46,66534.91,,,,34.37999365752725,,,,,,,,,,,,,,66730.18736989035,,,,,,,SELL,,,,,14.78,pullback_not_near_ema;momentum_volume_low
2026-04-03T01:51:09.109444+00:00,BTCUSD,viper,144388,M5,HOLD,HOLD,NONE,0,96.75592789270569,0,,,,,,,,,,,,,,,,22.0,22.0,66552.64,66583.57,66534.46,66553.65,,,,35.253572524721946,,,,,,,,,,,,,,66731.9721317951,,,,,,,SELL,,,,,14.78,pullback_not_near_ema;momentum_volume_low
2026-04-03T01:51:09.981107+00:00,XAUUSD,viper,144388,M5,OUTSIDE_HOURS,OUTSIDE_HOURS,NONE,0,5.405325367263564,0,,,,,,,,,,,,,,,,0.34,0.34,4668.9,4673.32,4667.67,4670.82,,,,53.58433911787206,,,,,,,,,,,,,,,,,,,,,BOTH,,,,,21.52,pullback_weak_candle;momentum_volume_low
2026-04-03T01:51:20.368167+00:00,BTCUSD,viper,144388,M5,HOLD,HOLD,NONE,0,96.79592789270656,0,,,,,,,,,,,,,,,,22.0,22.0,66552.64,66583.57,66533.9,66533.9,,,,34.33541173478723,,,,,,,,,,,,,,66730.09117941416,,,,,,,SELL,,,,,14.78,pullback_not_near_ema;momentum_volume_low
2026-04-03T01:51:31.071629+00:00,BTCUSD,viper,144388,M5,HOLD,HOLD,NONE,0,98.55378503556373,0,,,,,,,,,,,,,,,,22.0,22.0,66552.64,66583.57,66509.29,66509.36,,,,33.28665130267751,,,,,,,,,,,,,,66727.75403655702,,,,,,,SELL,,,,,14.78,pullback_not_near_ema;momentum_volume_low
2026-04-03T01:51:41.898277+00:00,BTCUSD,viper,144388,M5,HOLD,HOLD,NONE,0,99.85735646413517,0,,,,,,,,,,,,,,,,22.0,22.0,66552.64,66583.57,66491.04,66491.39,,,,32.55841748864013,,,,,,,,,,,,,,66726.04260798558,,,,,,,SELL,,,,,14.85,pullback_not_near_ema;momentum_volume_low
2026-04-03T01:51:52.493712+00:00,BTCUSD,viper,144388,M5,HOLD,HOLD,NONE,0,100.03449932127774,0,,,,,,,,,,,,,,,,22.0,22.0,66552.64,66583.57,66488.56,66491.46,,,,32.56119241203051,,,,,,,,,,,,,,66726.04927465225,,,,,,,SELL,,,,,14.87,pullback_not_near_ema;momentum_volume_low
2026-04-03T01:52:03.169237+00:00,BTCUSD,viper,144388,M5,HOLD,HOLD,NONE,0,100.03449932127774,0,,,,,,,,,,,,,,,,22.0,22.0,66552.64,66583.57,66488.56,66509.23,,,,33.28126609237995,,,,,,,,,,,,,,66727.74165560464,,,,,,,SELL,,,,,14.87,pullback_not_near_ema;momentum_volume_low
2026-04-03T01:52:13.586544+00:00,BTCUSD,viper,144388,M5,HOLD,HOLD,NONE,0,100.03449932127774,0,,,,,,,,,,,,,,,,22.0,22.0,66552.64,66583.57,66488.56,66509.42,,,,33.28913737218899,,,,,,,,,,,,,,66727.75975084273,,,,,,,SELL,,,,,14.87,pullback_not_near_ema;momentum_volume_low
2026-04-03T01:52:24.110359+00:00,BTCUSD,viper,144388,M5,HOLD,HOLD,NONE,0,100.03449932127774,0,,,,,,,,,,,,,,,,22.0,22.0,66552.64,66583.57,66488.56,66528.4,,,,34.094653803294236,,,,,,,,,,,,,,66729.56736989034,,,,,,,SELL,,,,,14.87,pullback_not_near_ema;momentum_volume_low
2026-04-03T01:52:34.600006+00:00,BTCUSD,viper,144388,M5,HOLD,HOLD,NONE,0,100.03449932127774,0,,,,,,,,,,,,,,,,22.0,22.0,66552.64,66583.57,66488.56,66528.24,,,,34.08770046527802,,,,,,,,,,,,,,66729.5521317951,,,,,,,SELL,,,,,14.87,pullback_not_near_ema;momentum_volume_low
2026-04-03T01:52:45.045881+00:00,BTCUSD,viper,144388,M5,HOLD,HOLD,NONE,0,100.03449932127774,0,,,,,,,,,,,,,,,,22.0,22.0,66552.64,66583.57,66488.56,66527.77,,,,34.06729142711043,,,,,,,,,,,,,,66729.50736989034,,,,,,,SELL,,,,,14.87,pullback_not_near_ema;momentum_volume_low
2026-04-03T01:52:55.493638+00:00,BTCUSD,viper,144388,M5,HOLD,HOLD,NONE,0,100.03449932127774,0,,,,,,,,,,,,,,,,22.0,22.0,66552.64,66583.57,66488.56,66525.19,,,,33.95569269119669,,,,,,,,,,,,,,66729.26165560464,,,,,,,SELL,,,,,14.87,pullback_not_near_ema;momentum_volume_low
2026-04-03T01:52:56.299012+00:00,XAUUSD,viper,144388,M5,OUTSIDE_HOURS,OUTSIDE_HOURS,NONE,0,5.405325367263564,0,,,,,,,,,,,,,,,,0.34,0.34,4668.9,4673.32,4667.67,4670.82,,,,53.58433911787206,,,,,,,,,,,,,,,,,,,,,BOTH,,,,,21.52,pullback_weak_candle;momentum_volume_low
2026-04-03T01:53:06.524928+00:00,BTCUSD,viper,144388,M5,HOLD,HOLD,NONE,0,100.03449932127774,0,,,,,,,,,,,,,,,,22.0,22.0,66552.64,66583.57,66488.56,66538.59,,,,34.54341480208788,,,,,,,,,,,,,,66730.53784608083,,,,,,,SELL,,,,,14.87,pullback_not_near_ema;momentum_volume_low
2026-04-03T01:53:17.038301+00:00,BTCUSD,viper,144388,M5,HOLD,HOLD,NONE,0,100.03449932127774,0,,,,,,,,,,,,,,,,22.0,22.0,66552.64,66583.57,66488.56,66545.2,,,,34.840886251902845,,,,,,,,,,,,,,66731.16736989035,,,,,,,SELL,,,,,14.87,pullback_not_near_ema;momentum_volume_low
2026-04-03T01:53:27.551280+00:00,BTCUSD,viper,144388,M5,HOLD,HOLD,NONE,0,100.03449932127774,0,,,,,,,,,,,,,,,,22.0,22.0,66552.64,66583.57,66488.56,66549.03,,,,35.01560478255334,,,,,,,,,,,,,,66731.53213179512,,,,,,,SELL,,,,,14.87,pullback_not_near_ema;momentum_volume_low
2026-04-03T01:53:38.065242+00:00,BTCUSD,viper,144388,M5,HOLD,HOLD,NONE,0,100.03449932127774,0,,,,,,,,,,,,,,,,22.0,22.0,66552.64,66583.57,66488.56,66553.55,,,,35.2450566876844,,,,,,,,,,,,,,66731.96260798558,,,,,,,SELL,,,,,14.87,pullback_not_near_ema;momentum_volume_low
2026-04-03T01:53:48.531316+00:00,BTCUSD,viper,144388,M5,HOLD,HOLD,NONE,0,100.03449932127774,0,,,,,,,,,,,,,,,,22.0,22.0,66552.64,66583.57,66488.56,66564.19,,,,36.138754194246026,,,,,,,,,,,,,,66732.97594131892,,,,,,,SELL,,,,,14.87,pullback_not_near_ema;momentum_volume_low
2026-04-03T01:53:59.020399+00:00,BTCUSD,viper,144388,M5,HOLD,HOLD,NONE,0,100.03449932127774,0,,,,,,,,,,,,,,,,22.0,22.0,66552.64,66583.57,66488.56,66563.78,,,,36.10477381204617,,,,,,,,,,,,,,66732.93689369987,,,,,,,SELL,,,,,14.87,pullback_not_near_ema;momentum_volume_low
2026-04-03T01:54:09.494698+00:00,BTCUSD,viper,144388,M5,HOLD,HOLD,NONE,0,100.03449932127774,0,,,,,,,,,,,,,,,,22.0,22.0,66552.64,66583.57,66488.56,66551.12,,,,35.111688323557914,,,,,,,,,,,,,,66731.73117941416,,,,,,,SELL,,,,,14.87,pullback_not_near_ema;momentum_volume_low
2026-04-03T01:54:19.952802+00:00,BTCUSD,viper,144388,M5,HOLD,HOLD,NONE,0,100.03449932127774,0,,,,,,,,,,,,,,,,22.0,22.0,66552.64,66583.57,66488.56,66550.9,,,,35.10154944198723,,,,,,,,,,,,,,66731.71022703321,,,,,,,SELL,,,,,14.87,pullback_not_near_ema;momentum_volume_low
2026-04-03T01:54:30.354812+00:00,BTCUSD,viper,144388,M5,HOLD,HOLD,NONE,0,100.03449932127774,0,,,,,,,,,,,,,,,,22.0,22.0,66552.64,66583.57,66488.56,66536.89,,,,34.46772868521333,,,,,,,,,,,,,,66730.37594131893,,,,,,,SELL,,,,,14.87,pullback_not_near_ema;momentum_volume_low
2026-04-03T01:54:40.940042+00:00,BTCUSD,viper,144388,M5,HOLD,HOLD,NONE,0,100.03449932127774,0,,,,,,,,,,,,,,,,22.0,22.0,66552.64,66583.57,66488.56,66533.7,,,,34.32659734239395,,,,,,,,,,,,,,66730.07213179511,,,,,,,SELL,,,,,14.87,pullback_not_near_ema;momentum_volume_low
2026-04-03T01:54:41.711541+00:00,XAUUSD,viper,144388,M5,OUTSIDE_HOURS,OUTSIDE_HOURS,NONE,0,5.405325367263564,0,,,,,,,,,,,,,,,,0.34,0.34,4668.9,4673.32,4667.67,4670.82,,,,53.58433911787206,,,,,,,,,,,,,,,,,,,,,BOTH,,,,,21.52,pullback_weak_candle;momentum_volume_low
2026-04-03T01:54:52.003672+00:00,BTCUSD,viper,144388,M5,HOLD,HOLD,NONE,0,100.03449932127774,0,,,,,,,,,,,,,,,,22.0,22.0,66552.64,66583.57,66488.56,66532.88,,,,34.29050559858176,,,,,,,,,,,,,,66729.99403655702,,,,,,,SELL,,,,,14.87,pullback_not_near_ema;momentum_volume_low
2026-04-03T01:55:02.602463+00:00,BTCUSD,viper,144388,M5,HOLD,HOLD,NONE,0,92.93346361873176,0,,,,,,,,,,,,,,,,22.0,22.0,66544.9,66545.46,66544.84,66545.09,,,,34.83536849693371,,,,,,,,,,,,,,66713.44916238665,,,,,,,SELL,,,,,16.16,pullback_not_near_ema;momentum_volume_low
2026-04-03T01:55:13.085632+00:00,BTCUSD,viper,144388,M5,HOLD,HOLD,NONE,0,95.98060647587384,0,,,,,,,,,,,,,,,,22.0,22.0,66544.9,66587.92,66544.64,66587.63,,,,38.50050735201512,,,,,,,,,,,,,,66717.50059095808,,,,,,,SELL,,,,,16.09,pullback_not_near_ema;momentum_volume_low
2026-04-03T01:55:23.624562+00:00,BTCUSD,viper,144388,M5,HOLD,HOLD,NONE,0,95.98060647587384,0,,,,,,,,,,,,,,,,22.0,22.0,66544.9,66587.92,66544.64,66585.86,,,,38.356010519285604,,,,,,,,,,,,,,66717.33201952951,,,,,,,SELL,,,,,16.09,pullback_not_near_ema;momentum_volume_low
2026-04-03T01:55:34.132506+00:00,BTCUSD,viper,144388,M5,HOLD,HOLD,NONE,0,96.04774933301685,0,,,,,,,,,,,,,,,,22.0,22.0,66544.9,66588.86,66544.64,66588.86,,,,38.600522115731486,,,,,,,,,,,,,,66717.61773381522,,,,,,,SELL,,,,,16.07,pullback_not_near_ema;momentum_volume_low
2026-04-03T01:55:44.770662+00:00,BTCUSD,viper,144388,M5,HOLD,HOLD,NONE,0,96.58274933301723,0,,,,,,,,,,,,,,,,22.0,22.0,66544.9,66596.35,66544.64,66596.04,,,,39.17791735679174,,,,,,,,,,,,,,66718.30154333902,,,,,,,SELL,,,,,15.95,pullback_not_near_ema;momentum_volume_low
2026-04-03T01:55:55.263625+00:00,BTCUSD,viper,144388,M5,HOLD,HOLD,NONE,0,96.58917790444555,0,,,,,,,,,,,,,,,,22.0,22.0,66544.9,66596.44,66544.64,66595.76,,,,39.15560411392567,,,,,,,,,,,,,,66718.27487667237,,,,,,,SELL,,,,,15.95,pullback_not_near_ema;momentum_volume_low
2026-04-03T01:56:05.843463+00:00,BTCUSD,viper,144388,M5,HOLD,HOLD,NONE,0,96.58917790444555,0,,,,,,,,,,,,,,,,22.0,22.0,66544.9,66596.44,66544.64,66595.99,,,,39.17393404950769,,,,,,,,,,,,,,66718.29678143427,,,,,,,SELL,,,,,15.95,pullback_not_near_ema;momentum_volume_low
2026-04-03T01:56:16.366862+00:00,BTCUSD,viper,144388,M5,HOLD,HOLD,NONE,0,96.58917790444555,0,,,,,,,,,,,,,,,,22.0,22.0,66544.9,66596.44,66544.64,66596.31,,,,39.19941820419548,,,,,,,,,,,,,,66718.32725762474,,,,,,,SELL,,,,,15.95,pullback_not_near_ema;momentum_volume_low
2026-04-03T01:56:26.800022+00:00,BTCUSD,viper,144388,M5,HOLD,HOLD,NONE,0,96.58917790444555,0,,,,,,,,,,,,,,,,22.0,22.0,66544.9,66596.44,66544.64,66595.77,,,,39.15640129736451,,,,,,,,,,,,,,66718.27582905331,,,,,,,SELL,,,,,15.95,pullback_not_near_ema;momentum_volume_low
2026-04-03T01:56:27.614475+00:00,XAUUSD,viper,144388,M5,OUTSIDE_HOURS,OUTSIDE_HOURS,NONE,0,5.405325367263564,0,,,,,,,,,,,,,,,,0.34,0.34,4668.9,4673.32,4667.67,4670.82,,,,53.58433911787206,,,,,,,,,,,,,,,,,,,,,BOTH,,,,,21.52,pullback_weak_candle;momentum_volume_low
2026-04-03T01:56:37.995850+00:00,BTCUSD,viper,144388,M5,HOLD,HOLD,NONE,0,96.58917790444555,0,,,,,,,,,,,,,,,,22.0,22.0,66544.9,66596.44,66544.64,66595.76,,,,39.15560411392567,,,,,,,,,,,,,,66718.27487667237,,,,,,,SELL,,,,,15.95,pullback_not_near_ema;momentum_volume_low
2026-04-03T01:56:48.503718+00:00,BTCUSD,viper,144388,M5,HOLD,HOLD,NONE,0,96.85917790444547,0,,,,,,,,,,,,,,,,22.0,22.0,66544.9,66600.22,66544.64,66599.68,,,,39.466507300992575,,,,,,,,,,,,,,66718.64821000569,,,,,,,SELL,,,,,15.89,pullback_not_near_ema;momentum_volume_low
2026-04-03T01:56:58.958568+00:00,BTCUSD,viper,144388,M5,HOLD,HOLD,NONE,0,97.09203504730225,0,,,,,,,,,,,,,,,,22.0,22.0,66544.9,66603.48,66544.64,66596.4,,,,39.20658177566777,,,,,,,,,,,,,,66718.3358290533,,,,,,,SELL,,,,,15.84,pullback_not_near_ema;momentum_volume_low
2026-04-03T01:57:09.455839+00:00,BTCUSD,viper,144388,M5,HOLD,HOLD,NONE,0,97.09203504730225,0,,,,,,,,,,,,,,,,22.0,22.0,66544.9,66603.48,66544.64,66601.32,,,,39.595638347519966,,,,,,,,,,,,,,66718.80440048188,,,,,,,SELL,,,,,15.84,pullback_not_near_ema;momentum_volume_low
2026-04-03T01:57:19.946752+00:00,BTCUSD,viper,144388,M5,HOLD,HOLD,NONE,0,97.31346361873123,0,,,,,,,,,,,,,,,,22.0,22.0,66544.9,66606.58,66544.64,66599.28,,,,39.43492812803828,,,,,,,,,,,,,,66718.6101147676,,,,,,,SELL,,,,,15.79,pullback_not_near_ema;momentum_volume_low
2026-04-03T01:57:30.416144+00:00,BTCUSD,viper,144388,M5,HOLD,HOLD,NONE,0,97.31346361873123,0,,,,,,,,,,,,,,,,22.0,22.0,66544.9,66606.58,66544.64,66584.22,,,,38.221519092313,,,,,,,,,,,,,,66717.17582905332,,,,,,,SELL,,,,,15.79,pullback_not_near_ema;momentum_volume_low
2026-04-03T01:57:40.959911+00:00,BTCUSD,viper,144388,M5,HOLD,HOLD,NONE,0,97.31346361873123,0,,,,,,,,,,,,,,,,22.0,22.0,66544.9,66606.58,66544.64,66585.0,,,,38.28555763315744,,,,,,,,,,,,,,66717.2501147676,,,,,,,SELL,,,,,15.79,pullback_not_near_ema;momentum_volume_low
2026-04-03T01:57:51.673409+00:00,BTCUSD,viper,144388,M5,HOLD,HOLD,NONE,0,97.31346361873123,0,,,,,,,,,,,,,,,,22.0,22.0,66544.9,66606.58,66544.64,66573.99,,,,37.36915743771599,,,,,,,,,,,,,,66716.20154333903,,,,,,,SELL,,,,,15.79,pullback_not_near_ema;momentum_volume_low
2026-04-03T01:58:02.514726+00:00,BTCUSD,viper,144388,M5,HOLD,HOLD,NONE,0,97.31346361873123,0,,,,,,,,,,,,,,,,22.0,22.0,66544.9,66606.58,66544.64,66577.31,,,,37.648345670338564,,,,,,,,,,,,,,66716.51773381521,,,,,,,SELL,,,,,15.79,pullback_not_near_ema;momentum_volume_low
2026-04-03T01:58:13.003304+00:00,BTCUSD,viper,144388,M5,HOLD,HOLD,NONE,0,97.31346361873123,0,,,,,,,,,,,,,,,,22.0,22.0,66544.9,66606.58,66544.64,66581.0,,,,37.95574203881682,,,,,,,,,,,,,,66716.86916238665,,,,,,,SELL,,,,,15.79,pullback_not_near_ema;momentum_volume_low
2026-04-03T01:58:14.025707+00:00,XAUUSD,viper,144388,M5,OUTSIDE_HOURS,OUTSIDE_HOURS,NONE,0,5.405325367263564,0,,,,,,,,,,,,,,,,0.34,0.34,4668.9,4673.32,4667.67,4670.82,,,,53.58433911787206,,,,,,,,,,,,,,,,,,,,,BOTH,,,,,21.52,pullback_weak_candle;momentum_volume_low
2026-04-03T01:58:24.539562+00:00,BTCUSD,viper,144388,M5,HOLD,HOLD,NONE,0,97.31346361873123,0,,,,,,,,,,,,,,,,22.0,22.0,66544.9,66606.58,66544.64,66588.38,,,,38.56153069200278,,,,,,,,,,,,,,66717.5720195295,,,,,,,SELL,,,,,15.79,pullback_not_near_ema;momentum_volume_low
2026-04-03T01:58:35.099117+00:00,BTCUSD,viper,144388,M5,HOLD,HOLD,NONE,0,97.31346361873123,0,,,,,,,,,,,,,,,,22.0,22.0,66544.9,66606.58,66544.64,66600.34,,,,39.518541002136224,,,,,,,,,,,,,,66718.71106714856,,,,,,,SELL,,,,,15.79,pullback_not_near_ema;momentum_volume_low
2026-04-03T01:58:45.736741+00:00,BTCUSD,viper,144388,M5,HOLD,HOLD,NONE,0,98.22132076158779,0,,,,,,,,,,,,,,,,22.0,22.0,66544.9,66619.29,66544.64,66618.66,,,,40.92799920043658,,,,,,,,,,,,,,66720.45582905332,,,,,,,SELL,,,,,15.59,pullback_not_near_ema;momentum_volume_low
2026-04-03T01:58:56.259349+00:00,BTCUSD,viper,144388,M5,HOLD,HOLD,NONE,0,98.2234636187316,0,,,,,,,,,,,,,,,,22.0,22.0,66544.9,66619.32,66544.64,66599.76,,,,39.4728191842362,,,,,,,,,,,,,,66718.65582905331,,,,,,,SELL,,,,,15.59,pullback_not_near_ema;momentum_volume_low
2026-04-03T01:59:06.752095+00:00,BTCUSD,viper,144388,M5,HOLD,HOLD,NONE,0,98.2234636187316,0,,,,,,,,,,,,,,,,22.0,22.0,66544.9,66619.32,66544.64,66599.52,,,,39.45387958439543,,,,,,,,,,,,,,66718.63297191045,,,,,,,SELL,,,,,15.59,pullback_not_near_ema;momentum_volume_low
2026-04-03T01:59:17.259494+00:00,BTCUSD,viper,144388,M5,HOLD,HOLD,NONE,0,98.2234636187316,0,,,,,,,,,,,,,,,,22.0,22.0,66544.9,66619.32,66544.64,66600.02,,,,39.49332371721759,,,,,,,,,,,,,,66718.68059095807,,,,,,,SELL,,,,,15.59,pullback_not_near_ema;momentum_volume_low
2026-04-03T01:59:27.679334+00:00,BTCUSD,viper,144388,M5,HOLD,HOLD,NONE,0,98.2234636187316,0,,,,,,,,,,,,,,,,22.0,22.0,66544.9,66619.32,66544.64,66599.6,,,,39.460194101183745,,,,,,,,,,,,,,66718.64059095808,,,,,,,SELL,,,,,15.59,pullback_not_near_ema;momentum_volume_low
2026-04-03T01:59:38.176959+00:00,BTCUSD,viper,144388,M5,HOLD,HOLD,NONE,0,98.2234636187316,0,,,,,,,,,,,,,,,,22.0,22.0,66544.9,66619.32,66544.64,66599.75,,,,39.47203027081682,,,,,,,,,,,,,,66718.65487667236,,,,,,,SELL,,,,,15.59,pullback_not_near_ema;momentum_volume_low
2026-04-03T01:59:48.667066+00:00,BTCUSD,viper,144388,M5,HOLD,HOLD,NONE,0,98.2234636187316,0,,,,,,,,,,,,,,,,22.0,22.0,66544.9,66619.32,66544.64,66615.62,,,,40.69867894148453,,,,,,,,,,,,,,66720.1663052438,,,,,,,SELL,,,,,15.59,pullback_not_near_ema;momentum_volume_low
2026-04-03T01:59:59.188431+00:00,BTCUSD,viper,144388,M5,HOLD,HOLD,NONE,0,98.23060647587384,0,,,,,,,,,,,,,,,,22.0,22.0,66544.9,66619.42,66544.64,66618.72,,,,40.932507411676646,,,,,,,,,,,,,,66720.46154333903,,,,,,,SELL,,,,,15.59,pullback_not_near_ema;momentum_volume_low
2026-04-03T01:59:59.982886+00:00,XAUUSD,viper,144388,M5,OUTSIDE_HOURS,OUTSIDE_HOURS,NONE,0,5.405325367263564,0,,,,,,,,,,,,,,,,0.34,0.34,4668.9,4673.32,4667.67,4670.82,,,,53.58433911787206,,,,,,,,,,,,,,,,,,,,,BOTH,,,,,21.52,pullback_weak_candle;momentum_volume_low
2026-04-03T02:00:10.193792+00:00,BTCUSD,viper,144388,M5,HOLD,HOLD,NONE,0,95.94913126800309,0,,,,,,,,,,,,,,,,22.0,22.0,66619.08,66619.49,66553.2,66553.2,,,,37.5680687441434,,,,,,,,,,,,,,66704.5542763429,,,,,,,SELL,,,,,16.26,pullback_not_near_ema;momentum_volume_low
2026-04-03T02:00:20.701870+00:00,BTCUSD,viper,144388,M5,HOLD,HOLD,NONE,0,95.969131268003,0,,,,,,,,,,,,,,,,22.0,22.0,66619.08,66619.49,66552.92,66583.76,,,,39.06785296927261,,,,,,,,,,,,,,66707.46475253337,,,,,,,SELL,,,,,16.26,pullback_not_near_ema;momentum_volume_low
2026-04-03T02:00:31.172349+00:00,BTCUSD,viper,144388,M5,HOLD,HOLD,NONE,0,95.969131268003,0,,,,,,,,,,,,,,,,22.0,22.0,66619.08,66619.49,66552.92,66563.38,,,,38.0547135837215,,,,,,,,,,,,,,66705.52380015241,,,,,,,SELL,,,,,16.26,pullback_not_near_ema;momentum_volume_low
2026-04-03T02:00:41.691283+00:00,BTCUSD,viper,144388,M5,HOLD,HOLD,NONE,0,95.969131268003,0,,,,,,,,,,,,,,,,22.0,22.0,66619.08,66619.49,66552.92,66580.58,,,,38.90623009259283,,,,,,,,,,,,,,66707.16189539051,,,,,,,SELL,,,,,16.26,pullback_not_near_ema;momentum_volume_low
2026-04-03T02:00:52.244945+00:00,BTCUSD,viper,144388,M5,HOLD,HOLD,NONE,0,95.969131268003,0,,,,,,,,,,,,,,,,22.0,22.0,66619.08,66619.49,66552.92,66573.46,,,,38.54916195159547,,,,,,,,,,,,,,66706.48380015242,,,,,,,SELL,,,,,16.26,pullback_not_near_ema;momentum_volume_low
2026-04-03T02:01:02.806607+00:00,BTCUSD,viper,144388,M5,HOLD,HOLD,NONE,0,95.969131268003,0,,,,,,,,,,,,,,,,22.0,22.0,66619.08,66619.49,66552.92,66559.06,,,,37.8466687763131,,,,,,,,,,,,,,66705.112371581,,,,,,,SELL,,,,,16.26,pullback_not_near_ema;momentum_volume_low
2026-04-03T02:01:13.325710+00:00,BTCUSD,viper,144388,M5,HOLD,HOLD,NONE,0,97.09841698228855,0,,,,,,,,,,,,,,,,22.0,22.0,66619.08,66619.49,66537.11,66541.21,,,,37.01062443975913,,,,,,,,,,,,,,66703.41237158098,,,,,,,SELL,,,,,16.33,pullback_not_near_ema;momentum_volume_low
2026-04-03T02:01:23.935562+00:00,BTCUSD,viper,144388,M5,HOLD,HOLD,NONE,0,97.37341698228897,0,,,,,,,,,,,,,,,,22.0,22.0,66619.08,66619.49,66533.26,66533.64,,,,36.667117058196496,,,,,,,,,,,,,,66702.69141920004,,,,,,,SELL,,,,,16.37,pullback_not_near_ema;momentum_volume_low
2026-04-03T02:01:34.391788+00:00,BTCUSD,viper,144388,M5,HOLD,HOLD,NONE,0,97.37341698228897,0,,,,,,,,,,,,,,,,22.0,22.0,66619.08,66619.49,66533.26,66538.96,,,,36.90785481964711,,,,,,,,,,,,,,66703.19808586671,,,,,,,SELL,,,,,16.37,pullback_not_near_ema;momentum_volume_low
2026-04-03T02:01:44.997892+00:00,BTCUSD,viper,144388,M5,HOLD,HOLD,NONE,0,97.37341698228897,0,,,,,,,,,,,,,,,,22.0,22.0,66619.08,66619.49,66533.26,66542.41,,,,37.06566926810782,,,,,,,,,,,,,,66703.52665729528,,,,,,,SELL,,,,,16.37,pullback_not_near_ema;momentum_volume_low
2026-04-03T02:01:45.685435+00:00,XAUUSD,viper,144388,M5,OUTSIDE_HOURS,OUTSIDE_HOURS,NONE,0,5.405325367263564,0,,,,,,,,,,,,,,,,0.34,0.34,4668.9,4673.32,4667.67,4670.82,,,,53.58433911787206,,,,,,,,,,,,,,,,,,,,,BOTH,,,,,21.52,pullback_weak_candle;momentum_volume_low
2026-04-03T02:01:55.965288+00:00,BTCUSD,viper,144388,M5,HOLD,HOLD,NONE,0,97.37341698228897,0,,,,,,,,,,,,,,,,22.0,22.0,66619.08,66619.49,66533.26,66544.78,,,,37.174865238485346,,,,,,,,,,,,,,66703.752371581,,,,,,,SELL,,,,,16.37,pullback_not_near_ema;momentum_volume_low
2026-04-03T02:02:06.429594+00:00,BTCUSD,viper,144388,M5,HOLD,HOLD,NONE,0,97.37341698228897,0,,,,,,,,,,,,,,,,22.0,22.0,66619.08,66619.49,66533.26,66565.95,,,,38.179569643875865,,,,,,,,,,,,,,66705.76856205719,,,,,,,SELL,,,,,16.37,pullback_not_near_ema;momentum_volume_low
2026-04-03T02:02:16.922232+00:00,BTCUSD,viper,144388,M5,HOLD,HOLD,NONE,0,97.37341698228897,0,,,,,,,,,,,,,,,,22.0,22.0,66619.08,66619.49,66533.26,66573.46,,,,38.54916195159547,,,,,,,,,,,,,,66706.48380015242,,,,,,,SELL,,,,,16.37,pullback_not_near_ema;momentum_volume_low
2026-04-03T02:02:27.429032+00:00,BTCUSD,viper,144388,M5,HOLD,HOLD,NONE,0,97.37341698228897,0,,,,,,,,,,,,,,,,22.0,22.0,66619.08,66619.49,66533.26,66563.42,,,,38.056650612302874,,,,,,,,,,,,,,66705.52760967622,,,,,,,SELL,,,,,16.37,pullback_not_near_ema;momentum_volume_low
2026-04-03T02:02:37.859129+00:00,BTCUSD,viper,144388,M5,HOLD,HOLD,NONE,0,97.37341698228897,0,,,,,,,,,,,,,,,,22.0,22.0,66619.08,66619.49,66533.26,66562.14,,,,37.99476334683604,,,,,,,,,,,,,,66705.40570491433,,,,,,,SELL,,,,,16.37,pullback_not_near_ema;momentum_volume_low
2026-04-03T02:02:48.501646+00:00,BTCUSD,viper,144388,M5,HOLD,HOLD,NONE,0,97.37341698228897,0,,,,,,,,,,,,,,,,22.0,22.0,66619.08,66619.49,66533.26,66562.48,,,,38.011182511499015,,,,,,,,,,,,,,66705.4380858667,,,,,,,SELL,,,,,16.37,pullback_not_near_ema;momentum_volume_low
2026-04-03T02:02:58.931952+00:00,BTCUSD,viper,144388,M5,HOLD,HOLD,NONE,0,97.37341698228897,0,,,,,,,,,,,,,,,,22.0,22.0,66619.08,66619.49,66533.26,66560.6,,,,37.92057147041146,,,,,,,,,,,,,,66705.25903824766,,,,,,,SELL,,,,,16.37,pullback_not_near_ema;momentum_volume_low
2026-04-03T02:03:09.442659+00:00,BTCUSD,viper,144388,M5,HOLD,HOLD,NONE,0,97.37341698228897,0,,,,,,,,,,,,,,,,22.0,22.0,66619.08,66619.49,66533.26,66562.98,,,,38.03535413750256,,,,,,,,,,,,,,66705.48570491432,,,,,,,SELL,,,,,16.37,pullback_not_near_ema;momentum_volume_low
2026-04-03T02:03:19.893008+00:00,BTCUSD,viper,144388,M5,HOLD,HOLD,NONE,0,97.37341698228897,0,,,,,,,,,,,,,,,,22.0,22.0,66619.08,66619.49,66533.26,66563.24,,,,38.04793553623242,,,,,,,,,,,,,,66705.51046681909,,,,,,,SELL,,,,,16.37,pullback_not_near_ema;momentum_volume_low
2026-04-03T02:03:30.433371+00:00,BTCUSD,viper,144388,M5,HOLD,HOLD,NONE,0,97.37341698228897,0,,,,,,,,,,,,,,,,22.0,22.0,66619.08,66619.49,66533.26,66538.9,,,,36.90512210856754,,,,,,,,,,,,,,66703.19237158098,,,,,,,SELL,,,,,16.37,pullback_not_near_ema;momentum_volume_low
2026-04-03T02:03:31.154375+00:00,XAUUSD,viper,144388,M5,OUTSIDE_HOURS,OUTSIDE_HOURS,NONE,0,5.405325367263564,0,,,,,,,,,,,,,,,,0.34,0.34,4668.9,4673.32,4667.67,4670.82,,,,53.58433911787206,,,,,,,,,,,,,,,,,,,,,BOTH,,,,,21.52,pullback_weak_candle;momentum_volume_low
2026-04-03T02:03:41.427550+00:00,BTCUSD,viper,144388,M5,HOLD,HOLD,NONE,0,97.50627412514615,0,,,,,,,,,,,,,,,,22.0,22.0,66619.08,66619.49,66531.4,66531.5,,,,36.57116234337545,,,,,,,,,,,,,,66702.48760967623,,,,,,,SELL,,,,,16.39,pullback_not_near_ema;momentum_volume_low
2026-04-03T02:03:51.955752+00:00,BTCUSD,viper,144388,M5,HOLD,HOLD,NONE,0,98.40341698228885,0,,,,,,,,,,,,,,,,22.0,22.0,66619.08,66619.49,66518.84,66519.45,,,,36.04009601435542,,,,,,,,,,,,,,66701.3399906286,,,,,,,SELL,,,,,16.5,pullback_not_near_ema;momentum_volume_low
2026-04-03T02:04:02.619302+00:00,BTCUSD,viper,144388,M5,HOLD,HOLD,NONE,0,99.16770269657435,0,,,,,,,,,,,,,,,,22.0,22.0,66619.08,66619.49,66508.14,66508.5,,,,35.5707105718607,,,,,,,,,,,,,,66700.29713348576,,,,,,,SELL,,,,,16.59,pullback_not_near_ema;momentum_volume_low
2026-04-03T02:04:13.435585+00:00,BTCUSD,viper,144388,M5,HOLD,HOLD,NONE,0,99.79341698228826,0,,,,,,,,,,,,,,,,22.0,22.0,66619.08,66619.49,66499.38,66515.18,,,,35.85559119319804,,,,,,,,,,,,,,66700.93332396194,,,,,,,SELL,,,,,16.67,pullback_not_near_ema;momentum_volume_low
2026-04-03T02:04:24.217514+00:00,BTCUSD,viper,144388,M5,HOLD,HOLD,NONE,0,99.79341698228826,0,,,,,,,,,,,,,,,,22.0,22.0,66619.08,66619.49,66499.38,66517.96,,,,35.975498464658585,,,,,,,,,,,,,,66701.19808586671,,,,,,,SELL,,,,,16.67,pullback_not_near_ema;momentum_volume_low
2026-04-03T02:04:34.934672+00:00,BTCUSD,viper,144388,M5,HOLD,HOLD,NONE,0,99.79341698228826,0,,,,,,,,,,,,,,,,22.0,22.0,66619.08,66619.49,66499.38,66511.36,,,,35.692124354110945,,,,,,,,,,,,,,66700.56951443813,,,,,,,SELL,,,,,16.67,pullback_not_near_ema;momentum_volume_low
2026-04-03T02:04:45.517497+00:00,BTCUSD,viper,144388,M5,HOLD,HOLD,NONE,0,99.79341698228826,0,,,,,,,,,,,,,,,,22.0,22.0,66619.08,66619.49,66499.38,66513.18,,,,35.769820157000524,,,,,,,,,,,,,,66700.74284777147,,,,,,,SELL,,,,,16.67,pullback_not_near_ema;momentum_volume_low
2026-04-03T02:04:56.110740+00:00,BTCUSD,viper,144388,M5,HOLD,HOLD,NONE,0,99.79341698228826,0,,,,,,,,,,,,,,,,22.0,22.0,66619.08,66619.49,66499.38,66517.8,,,,35.96857558058892,,,,,,,,,,,,,,66701.18284777147,,,,,,,SELL,,,,,16.67,pullback_not_near_ema;momentum_volume_low
2026-04-03T02:05:06.575688+00:00,BTCUSD,viper,144388,M5,HOLD,HOLD,NONE,0,93.94103138219758,0,,,,,,,,,,,,,,,,22.0,22.0,66520.24,66537.68,66519.82,66535.0,,,,37.27994266943931,,,,,,,,,,,,,,66685.55926583863,,,,,,,SELL,,,,,17.66,pullback_not_near_ema;momentum_volume_low
2026-04-03T02:05:17.192744+00:00,BTCUSD,viper,144388,M5,HOLD,HOLD,NONE,0,94.31817423934139,0,,,,,,,,,,,,,,,,22.0,22.0,66520.24,66542.96,66519.82,66536.4,,,,37.391641340425984,,,,,,,,,,,,,,66685.69259917196,,,,,,,SELL,,,,,17.66,pullback_not_near_ema;momentum_volume_low
2026-04-03T02:05:18.151201+00:00,XAUUSD,viper,144388,M5,OUTSIDE_HOURS,OUTSIDE_HOURS,NONE,0,5.405325367263564,0,,,,,,,,,,,,,,,,0.34,0.34,4668.9,4673.32,4667.67,4670.82,,,,53.58433911787206,,,,,,,,,,,,,,,,,,,,,BOTH,,,,,21.52,pullback_weak_candle;momentum_volume_low
2026-04-03T02:05:28.427008+00:00,BTCUSD,viper,144388,M5,HOLD,HOLD,NONE,0,94.31817423934139,0,,,,,,,,,,,,,,,,22.0,22.0,66520.24,66542.96,66519.82,66528.86,,,,36.78532005776876,,,,,,,,,,,,,,66684.97450393387,,,,,,,SELL,,,,,17.66,pullback_not_near_ema;momentum_volume_low
2026-04-03T02:05:39.054807+00:00,BTCUSD,viper,144388,M5,HOLD,HOLD,NONE,0,94.31817423934139,0,,,,,,,,,,,,,,,,22.0,22.0,66520.24,66542.96,66519.82,66528.92,,,,36.790191245589135,,,,,,,,,,,,,,66684.98021821959,,,,,,,SELL,,,,,17.66,pullback_not_near_ema;momentum_volume_low
2026-04-03T02:05:49.570101+00:00,BTCUSD,viper,144388,M5,HOLD,HOLD,NONE,0,94.31817423934139,0,,,,,,,,,,,,,,,,22.0,22.0,66520.24,66542.96,66519.82,66529.0,,,,36.79668499500643,,,,,,,,,,,,,,66684.98783726721,,,,,,,SELL,,,,,17.66,pullback_not_near_ema;momentum_volume_low
2026-04-03T02:06:00.045128+00:00,BTCUSD,viper,144388,M5,HOLD,HOLD,NONE,0,94.31817423934139,0,,,,,,,,,,,,,,,,22.0,22.0,66520.24,66542.96,66519.82,66529.12,,,,36.80642311780215,,,,,,,,,,,,,,66684.99926583863,,,,,,,SELL,,,,,17.66,pullback_not_near_ema;momentum_volume_low
2026-04-03T02:06:10.475837+00:00,BTCUSD,viper,144388,M5,HOLD,HOLD,NONE,0,94.31817423934139,0,,,,,,,,,,,,,,,,22.0,22.0,66520.24,66542.96,66519.82,66536.16,,,,37.37252126094022,,,,,,,,,,,,,,66685.6697420291,,,,,,,SELL,,,,,17.66,pullback_not_near_ema;momentum_volume_low
2026-04-03T02:06:21.023751+00:00,BTCUSD,viper,144388,M5,HOLD,HOLD,NONE,0,95.30103138219816,0,,,,,,,,,,,,,,,,22.0,22.0,66520.24,66556.72,66519.82,66549.38,,,,38.40861150218117,,,,,,,,,,,,,,66686.92878964815,,,,,,,SELL,,,,,17.66,pullback_not_near_ema;momentum_volume_low
2026-04-03T02:06:31.581731+00:00,BTCUSD,viper,144388,M5,HOLD,HOLD,NONE,0,95.30103138219816,0,,,,,,,,,,,,,,,,22.0,22.0,66520.24,66556.72,66519.82,66553.04,,,,38.68942480385693,,,,,,,,,,,,,,66687.27736107673,,,,,,,SELL,,,,,17.66,pullback_not_near_ema;momentum_volume_low
2026-04-03T02:06:42.058441+00:00,BTCUSD,viper,144388,M5,HOLD,HOLD,NONE,0,95.7024599536264,0,,,,,,,,,,,,,,,,22.0,22.0,66520.24,66562.34,66519.82,66557.37,,,,39.01835491212288,,,,,,,,,,,,,,66687.6897420291,,,,,,,SELL,,,,,17.66,pullback_not_near_ema;momentum_volume_low
2026-04-03T02:06:52.576552+00:00,BTCUSD,viper,144388,M5,HOLD,HOLD,NONE,0,95.7024599536264,0,,,,,,,,,,,,,,,,22.0,22.0,66520.24,66562.34,66519.82,66538.82,,,,37.58378511485242,,,,,,,,,,,,,,66685.92307536244,,,,,,,SELL,,,,,17.66,pullback_not_near_ema;momentum_volume_low
2026-04-03T02:07:03.105384+00:00,BTCUSD,viper,144388,M5,HOLD,HOLD,NONE,0,95.85531709648454,0,,,,,,,,,,,,,,,,22.0,22.0,66520.24,66562.34,66517.68,66517.68,,,,35.95513870563916,,,,,,,,,,,,,,66683.90974202911,,,,,,,SELL,,,,,17.66,pullback_not_near_ema;momentum_volume_low
2026-04-03T02:07:03.944997+00:00,XAUUSD,viper,144388,M5,OUTSIDE_HOURS,OUTSIDE_HOURS,NONE,0,5.405325367263564,0,,,,,,,,,,,,,,,,0.34,0.34,4668.9,4673.32,4667.67,4670.82,,,,53.58433911787206,,,,,,,,,,,,,,,,,,,,,BOTH,,,,,21.52,pullback_weak_candle;momentum_volume_low
2026-04-03T02:07:14.198459+00:00,BTCUSD,viper,144388,M5,HOLD,HOLD,NONE,0,96.21531709648409,0,,,,,,,,,,,,,,,,22.0,22.0,66520.24,66562.34,66512.64,66513.28,,,,35.75146770859557,,,,,,,,,,,,,,66683.49069441007,,,,,,,SELL,,,,,17.66,pullback_not_near_ema;momentum_volume_low
2026-04-03T02:07:24.654133+00:00,BTCUSD,viper,144388,M5,HOLD,HOLD,NONE,0,97.09245995362686,0,,,,,,,,,,,,,,,,22.0,22.0,66520.24,66562.34,66500.36,66500.7,,,,35.1816804089886,,,,,,,,,,,,,,66682.29259917197,,,,,,,SELL,,,,,17.66,pullback_not_near_ema;momentum_volume_low
2026-04-03T02:07:35.189821+00:00,BTCUSD,viper,144388,M5,HOLD,HOLD,NONE,0,97.92103138219869,0,,,,,,,,,,,,,,,,22.0,22.0,66520.24,66562.34,66488.76,66489.08,,,,34.671276250216906,,,,,,,,,,,,,,66681.1859325053,,,,,,,SELL,,,,,17.76,pullback_not_near_ema;momentum_volume_low
2026-04-03T02:07:45.729559+00:00,BTCUSD,viper,144388,M5,HOLD,HOLD,NONE,0,97.93674566791307,0,,,,,,,,,,,,,,,,22.0,22.0,66520.24,66562.34,66488.54,66489.26,,,,34.679069730503514,,,,,,,,,,,,,,66681.20307536244,,,,,,,SELL,,,,,17.76,pullback_not_near_ema;momentum_volume_low
2026-04-03T02:07:56.217778+00:00,BTCUSD,viper,144388,M5,HOLD,HOLD,NONE,0,98.2274599536268,0,,,,,,,,,,,,,,,,22.0,22.0,66520.24,66562.34,66484.47,66491.46,,,,34.77460726347552,,,,,,,,,,,,,,66681.41259917196,,,,,,,SELL,,,,,17.79,pullback_not_near_ema;momentum_volume_low
2026-04-03T02:08:06.629133+00:00,BTCUSD,viper,144388,M5,HOLD,HOLD,NONE,0,99.3053170964837,0,,,,,,,,,,,,,,,,22.0,22.0,66520.24,66562.34,66469.38,66469.91,,,,33.86085370637744,,,,,,,,,,,,,,66679.36021821959,,,,,,,SELL,,,,,17.92,pullback_not_near_ema;momentum_volume_low
2026-04-03T02:08:17.082331+00:00,BTCUSD,viper,144388,M5,HOLD,HOLD,NONE,0,99.31103138219811,0,,,,,,,,,,,,,,,,22.0,22.0,66520.24,66562.34,66469.3,66476.4,,,,34.130946251894414,,,,,,,,,,,,,,66679.97831345769,,,,,,,SELL,,,,,17.92,pullback_not_near_ema;momentum_volume_low
2026-04-03T02:08:27.575440+00:00,BTCUSD,viper,144388,M5,HOLD,HOLD,NONE,0,99.31103138219811,0,,,,,,,,,,,,,,,,22.0,22.0,66520.24,66562.34,66469.3,66475.34,,,,34.086538502475946,,,,,,,,,,,,,,66679.87736107672,,,,,,,SELL,,,,,17.92,pullback_not_near_ema;momentum_volume_low
2026-04-03T02:08:38.017399+00:00,BTCUSD,viper,144388,M5,HOLD,HOLD,NONE,0,99.71388852505521,0,,,,,,,,,,,,,,,,22.0,22.0,66520.24,66562.34,66463.66,66464.1,,,,33.62266136622745,,,,,,,,,,,,,,66678.80688488625,,,,,,,SELL,,,,,17.96,pullback_not_near_ema;momentum_volume_low
2026-04-03T02:08:48.500002+00:00,BTCUSD,viper,144388,M5,HOLD,HOLD,NONE,0,99.72103138219849,0,,,,,,,,,,,,,,,,22.0,22.0,66520.24,66562.34,66463.56,66464.14,,,,33.624289787873224,,,,,,,,,,,,,,66678.81069441006,,,,,,,SELL,,,,,17.96,pullback_not_near_ema;momentum_volume_low
2026-04-03T02:08:49.205914+00:00,XAUUSD,viper,144388,M5,OUTSIDE_HOURS,OUTSIDE_HOURS,NONE,0,5.405325367263564,0,,,,,,,,,,,,,,,,0.34,0.34,4668.9,4673.32,4667.67,4670.82,,,,53.58433911787206,,,,,,,,,,,,,,,,,,,,,BOTH,,,,,21.52,pullback_weak_candle;momentum_volume_low
2026-04-03T02:08:59.440505+00:00,BTCUSD,viper,144388,M5,HOLD,HOLD,NONE,0,99.72103138219849,0,,,,,,,,,,,,,,,,22.0,22.0,66520.24,66562.34,66463.56,66478.06,,,,34.20072342619534,,,,,,,,,,,,,,66680.13640869578,,,,,,,SELL,,,,,17.96,pullback_not_near_ema;momentum_volume_low
2026-04-03T02:09:09.989854+00:00,BTCUSD,viper,144388,M5,HOLD,HOLD,NONE,0,99.72103138219849,0,,,,,,,,,,,,,,,,22.0,22.0,66520.24,66562.34,66463.56,66464.16,,,,33.62510405784896,,,,,,,,,,,,,,66678.81259917197,,,,,,,SELL,,,,,17.96,pullback_not_near_ema;momentum_volume_low
2026-04-03T02:09:20.557620+00:00,BTCUSD,viper,144388,M5,HOLD,HOLD,NONE,0,100.0467456679126,0,,,,,,,,,,,,,,,,22.0,22.0,66520.24,66562.34,66459.0,66459.43,,,,33.433621215974824,,,,,,,,,,,,,,66678.36212298149,,,,,,,SELL,,,,,18.0,pullback_not_near_ema;momentum_volume_low
2026-04-03T02:09:31.133432+00:00,BTCUSD,viper,144388,M5,HOLD,HOLD,NONE,0,100.04745995362651,0,,,,,,,,,,,,,,,,22.0,22.0,66520.24,66562.34,66458.99,66459.09,,,,33.41994110300192,,,,,,,,,,,,,,66678.3297420291,,,,,,,SELL,,,,,18.0,pullback_not_near_ema;momentum_volume_low
2026-04-03T02:09:41.728582+00:00,BTCUSD,viper,144388,M5,HOLD,HOLD,NONE,0,100.05317423934093,0,,,,,,,,,,,,,,,,22.0,22.0,66520.24,66562.34,66458.91,66459.35,,,,33.430401358381886,,,,,,,,,,,,,,66678.35450393386,,,,,,,SELL,,,,,18.0,pullback_not_near_ema;momentum_volume_low
2026-04-03T02:09:52.301530+00:00,BTCUSD,viper,144388,M5,HOLD,HOLD,NONE,0,100.3103170964842,0,,,,,,,,,,,,,,,,22.0,22.0,66520.24,66562.34,66455.31,66455.38,,,,33.27139125218055,,,,,,,,,,,,,,66677.97640869577,,,,,,,SELL,,,,,18.03,pullback_not_near_ema;momentum_volume_low
2026-04-03T02:10:02.840932+00:00,BTCUSD,viper,144388,M5,HOLD,HOLD,NONE,0,93.18815424499005,0,,,,,,,,,,,,,,,,22.0,22.0,66455.42,66456.02,66455.42,66456.02,,,,33.32368452198813,,,,,,,,,,,,,,66656.84287319168,,,,,,,SELL,,,,,19.29,pullback_not_near_ema;momentum_volume_low
2026-04-03T02:10:13.430343+00:00,BTCUSD,viper,144388,M5,HOLD,HOLD,NONE,0,93.50029710213258,0,,,,,,,,,,,,,,,,22.0,22.0,66455.42,66456.02,66451.05,66451.52,,,,33.10632578497801,,,,,,,,,,,,,,66656.4143017631,,,,,,,SELL,,,,,19.32,pullback_not_near_ema;momentum_volume_low
2026-04-03T02:10:24.071222+00:00,BTCUSD,viper,144388,M5,HOLD,HOLD,NONE,0,95.71101138784665,0,,,,,,,,,,,,,,,,22.0,22.0,66455.42,66456.02,66420.1,66429.91,,,,32.21261288581553,,,,,,,,,,,,,,66654.356206525,,,,,,,SELL,,,,,19.56,pullback_not_near_ema;momentum_volume_low
2026-04-03T02:10:34.587500+00:00,BTCUSD,viper,144388,M5,HOLD,HOLD,NONE,0,95.71101138784665,0,,,,,,,,,,,,,,,,22.0,22.0,66455.42,66456.02,66420.1,66430.23,,,,32.22549484290552,,,,,,,,,,,,,,66654.38668271549,,,,,,,SELL,,,,,19.56,pullback_not_near_ema;momentum_volume_low
2026-04-03T02:10:35.394458+00:00,XAUUSD,viper,144388,M5,OUTSIDE_HOURS,OUTSIDE_HOURS,NONE,0,5.405325367263564,0,,,,,,,,,,,,,,,,0.34,0.34,4668.9,4673.32,4667.67,4670.82,,,,53.58433911787206,,,,,,,,,,,,,,,,,,,,,BOTH,,,,,21.52,pullback_weak_candle;momentum_volume_low
2026-04-03T02:10:45.702819+00:00,BTCUSD,viper,144388,M5,HOLD,HOLD,NONE,0,95.92529710213236,0,,,,,,,,,,,,,,,,22.0,22.0,66455.42,66456.02,66417.1,66417.48,,,,31.720077270162832,,,,,,,,,,,,,,66653.1723970012,,,,,,,SELL,,,,,19.58,pullback_not_near_ema;momentum_volume_low
2026-04-03T02:10:56.200269+00:00,BTCUSD,viper,144388,M5,HOLD,HOLD,NONE,0,96.79815424498959,0,,,,,,,,,,,,,,,,22.0,22.0,66455.42,66456.02,66404.88,66431.72,,,,32.28561238458899,,,,,,,,,,,,,,66654.52858747738,,,,,,,SELL,,,,,19.67,pullback_not_near_ema;momentum_volume_low
2026-04-03T02:11:06.786417+00:00,BTCUSD,viper,144388,M5,HOLD,HOLD,NONE,0,96.79815424498959,0,,,,,,,,,,,,,,,,22.0,22.0,66455.42,66456.02,66404.88,66438.97,,,,32.58136090251874,,,,,,,,,,,,,,66655.21906366786,,,,,,,SELL,,,,,19.67,pullback_not_near_ema;momentum_volume_low
2026-04-03T02:11:17.400105+00:00,BTCUSD,viper,144388,M5,HOLD,HOLD,NONE,0,96.79815424498959,0,,,,,,,,,,,,,,,,22.0,22.0,66455.42,66456.02,66404.88,66446.38,,,,32.88928822431926,,,,,,,,,,,,,,66655.92477795358,,,,,,,SELL,,,,,19.67,pullback_not_near_ema;momentum_volume_low
2026-04-03T02:11:28.264112+00:00,BTCUSD,viper,144388,M5,HOLD,HOLD,NONE,0,96.79815424498959,0,,,,,,,,,,,,,,,,22.0,22.0,66455.42,66456.02,66404.88,66405.84,,,,31.272308825436454,,,,,,,,,,,,,,66652.06382557262,,,,,,,SELL,,,,,19.67,pullback_not_near_ema;momentum_volume_low
2026-04-03T02:11:39.101102+00:00,BTCUSD,viper,144388,M5,HOLD,HOLD,NONE,0,97.09815424499043,0,,,,,,,,,,,,,,,,22.0,22.0,66455.42,66456.02,66400.68,66401.15,,,,31.09544626647559,,,,,,,,,,,,,,66651.61715890595,,,,,,,SELL,,,,,19.7,pullback_not_near_ema;momentum_volume_low
2026-04-03T02:11:49.994795+00:00,BTCUSD,viper,144388,M5,HOLD,HOLD,NONE,0,97.09815424499043,0,,,,,,,,,,,,,,,,22.0,22.0,66455.42,66456.02,66400.68,66412.58,,,,31.53003026697749,,,,,,,,,,,,,,66652.70573033454,,,,,,,SELL,,,,,19.7,pullback_not_near_ema;momentum_volume_low
2026-04-03T02:12:00.801660+00:00,BTCUSD,viper,144388,M5,HOLD,HOLD,NONE,0,97.09815424499043,0,,,,,,,,,,,,,,,,22.0,22.0,66455.42,66456.02,66400.68,66428.04,,,,32.13753941344537,,,,,,,,,,,,,,66654.1781112869,,,,,,,SELL,,,,,19.7,pullback_not_near_ema;momentum_volume_low
2026-04-03T02:12:11.595164+00:00,BTCUSD,viper,144388,M5,HOLD,HOLD,NONE,0,97.09815424499043,0,,,,,,,,,,,,,,,,22.0,22.0,66455.42,66456.02,66400.68,66451.26,,,,33.09527847109703,,,,,,,,,,,,,,66656.38953985834,,,,,,,SELL,,,,,19.7,pullback_not_near_ema;momentum_volume_low
2026-04-03T02:12:22.311870+00:00,BTCUSD,viper,144388,M5,HOLD,HOLD,NONE,0,97.09815424499043,0,,,,,,,,,,,,,,,,22.0,22.0,66455.42,66456.02,66400.68,66442.66,,,,32.7339771189703,,,,,,,,,,,,,,66655.57049223929,,,,,,,SELL,,,,,19.7,pullback_not_near_ema;momentum_volume_low
2026-04-03T02:12:23.360261+00:00,XAUUSD,viper,144388,M5,OUTSIDE_HOURS,OUTSIDE_HOURS,NONE,0,5.405325367263564,0,,,,,,,,,,,,,,,,0.34,0.34,4668.9,4673.32,4667.67,4670.82,,,,53.58433911787206,,,,,,,,,,,,,,,,,,,,,BOTH,,,,,21.52,pullback_weak_candle;momentum_volume_low
2026-04-03T02:12:33.877192+00:00,BTCUSD,viper,144388,M5,HOLD,HOLD,NONE,0,97.09815424499043,0,,,,,,,,,,,,,,,,22.0,22.0,66455.42,66456.02,66400.68,66416.06,,,,31.664767073826695,,,,,,,,,,,,,,66653.03715890597,,,,,,,SELL,,,,,19.7,pullback_not_near_ema;momentum_volume_low
2026-04-03T02:12:44.540106+00:00,BTCUSD,viper,144388,M5,HOLD,HOLD,NONE,0,97.09815424499043,0,,,,,,,,,,,,,,,,22.0,22.0,66455.42,66456.02,66400.68,66427.0,,,,32.095938548264826,,,,,,,,,,,,,,66654.07906366786,,,,,,,SELL,,,,,19.7,pullback_not_near_ema;momentum_volume_low
2026-04-03T02:12:55.271191+00:00,BTCUSD,viper,144388,M5,HOLD,HOLD,NONE,0,97.3224399592761,0,,,,,,,,,,,,,,,,22.0,22.0,66455.42,66459.16,66400.68,66458.8,,,,33.56183203343552,,,,,,,,,,,,,,66657.10763509643,,,,,,,SELL,,,,,19.7,pullback_not_near_ema;momentum_volume_low
2026-04-03T02:13:05.877105+00:00,BTCUSD,viper,144388,M5,HOLD,HOLD,NONE,0,98.00243995927535,0,,,,,,,,,,,,,,,,22.0,22.0,66455.42,66468.68,66400.68,66468.56,,,,34.384614748860116,,,,,,,,,,,,,,66658.03715890597,,,,,,,SELL,,,,,19.7,pullback_not_near_ema;momentum_volume_low
2026-04-03T02:13:16.394379+00:00,BTCUSD,viper,144388,M5,HOLD,HOLD,NONE,0,98.62672567356144,0,,,,,,,,,,,,,,,,22.0,22.0,66455.42,66477.42,66400.68,66463.1,,,,33.92685742690179,,,,,,,,,,,,,,66657.51715890596,,,,,,,SELL,,,,,19.7,pullback_not_near_ema;momentum_volume_low
2026-04-03T02:13:26.928350+00:00,BTCUSD,viper,144388,M5,HOLD,HOLD,NONE,0,98.62958281641916,0,,,,,,,,,,,,,,,,22.0,22.0,66455.42,66477.46,66400.68,66477.24,,,,35.09941717165526,,,,,,,,,,,,,,66658.86382557263,,,,,,,SELL,,,,,19.7,pullback_not_near_ema;momentum_volume_low
2026-04-03T02:13:37.441926+00:00,BTCUSD,viper,144388,M5,HOLD,HOLD,NONE,0,99.4810113878476,0,,,,,,,,,,,,,,,,22.0,22.0,66455.42,66489.38,66400.68,66489.26,,,,36.06393657389716,,,,,,,,,,,,,,66660.00858747738,,,,,,,SELL,,,,,19.7,pullback_not_near_ema;momentum_volume_low
2026-04-03T02:13:48.035910+00:00,BTCUSD,viper,144388,M5,HOLD,HOLD,NONE,0,102.11172567356202,0,,,,,,,,,,,,,,,,22.0,22.0,66455.42,66526.21,66400.68,66517.37,,,,38.21140634822361,,,,,,,,,,,,,,66662.68573033453,,,,,,,SELL,,,,,19.7,pullback_not_near_ema;momentum_volume_low
2026-04-03T02:13:58.599290+00:00,BTCUSD,viper,144388,M5,HOLD,HOLD,NONE,0,102.11172567356202,0,,,,,,,,,,,,,,,,22.0,22.0,66455.42,66526.21,66400.68,66512.16,,,,37.824346247855836,,,,,,,,,,,,,,66662.18953985834,,,,,,,SELL,,,,,19.7,pullback_not_near_ema;momentum_volume_low
2026-04-03T02:14:09.166696+00:00,BTCUSD,viper,144388,M5,HOLD,HOLD,NONE,0,102.11172567356202,0,,,,,,,,,,,,,,,,22.0,22.0,66455.42,66526.21,66400.68,66504.32,,,,37.23267281479955,,,,,,,,,,,,,,66661.44287319167,,,,,,,SELL,,,,,19.7,pullback_not_near_ema;momentum_volume_low
2026-04-03T02:14:09.997591+00:00,XAUUSD,viper,144388,M5,OUTSIDE_HOURS,OUTSIDE_HOURS,NONE,0,5.405325367263564,0,,,,,,,,,,,,,,,,0.34,0.34,4668.9,4673.32,4667.67,4670.82,,,,53.58433911787206,,,,,,,,,,,,,,,,,,,,,BOTH,,,,,21.52,pullback_weak_candle;momentum_volume_low
2026-04-03T02:14:20.330137+00:00,BTCUSD,viper,144388,M5,HOLD,HOLD,NONE,0,102.11172567356202,0,,,,,,,,,,,,,,,,22.0,22.0,66455.42,66526.21,66400.68,66516.08,,,,38.11601954992308,,,,,,,,,,,,,,66662.56287319167,,,,,,,SELL,,,,,19.7,pullback_not_near_ema;momentum_volume_low
2026-04-03T02:14:30.873997+00:00,BTCUSD,viper,144388,M5,HOLD,HOLD,NONE,0,102.11172567356202,0,,,,,,,,,,,,,,,,22.0,22.0,66455.42,66526.21,66400.68,66516.31,,,,38.13304806611531,,,,,,,,,,,,,,66662.58477795358,,,,,,,SELL,,,,,19.7,pullback_not_near_ema;momentum_volume_low
2026-04-03T02:14:41.449089+00:00,BTCUSD,viper,144388,M5,HOLD,HOLD,NONE,0,102.11172567356202,0,,,,,,,,,,,,,,,,22.0,22.0,66455.42,66526.21,66400.68,66516.2,,,,38.12490516252051,,,,,,,,,,,,,,66662.5743017631,,,,,,,SELL,,,,,19.7,pullback_not_near_ema;momentum_volume_low
2026-04-03T02:14:52.067046+00:00,BTCUSD,viper,144388,M5,HOLD,HOLD,NONE,0,102.11172567356202,0,,,,,,,,,,,,,,,,22.0,22.0,66455.42,66526.21,66400.68,66515.88,,,,38.101204523017834,,,,,,,,,,,,,,66662.54382557262,,,,,,,SELL,,,,,19.7,pullback_not_near_ema;momentum_volume_low
2026-04-03T02:15:02.563767+00:00,BTCUSD,viper,144388,M5,HOLD,HOLD,NONE,0,95.15517168391642,0,,,,,,,,,,,,,,,,22.0,22.0,66497.54,66497.94,66493.22,66493.24,,,,36.50112560439349,,,,,,,,,,,,,,66644.82813239872,,,,,,,SELL,,,,,21.25,pullback_not_near_ema;momentum_volume_low
2026-04-03T02:15:13.112761+00:00,BTCUSD,viper,144388,M5,HOLD,HOLD,NONE,0,97.08374311248785,0,,,,,,,,,,,,,,,,22.0,22.0,66497.54,66524.94,66493.22,66524.94,,,,38.91845895586704,,,,,,,,,,,,,,66647.84718001776,,,,,,,SELL,,,,,21.25,pullback_not_near_ema;momentum_volume_low
2026-04-03T02:15:23.849066+00:00,BTCUSD,viper,144388,M5,HOLD,HOLD,NONE,0,97.7408859696305,0,,,,,,,,,,,,,,,,22.0,22.0,66497.54,66534.14,66493.22,66533.62,,,,39.58552282656399,,,,,,,,,,,,,,66648.67384668443,,,,,,,SELL,,,,,21.11,pullback_not_near_ema;momentum_volume_low
2026-04-03T02:15:34.425256+00:00,BTCUSD,viper,144388,M5,HOLD,HOLD,NONE,0,98.62945739820209,0,,,,,,,,,,,,,,,,22.0,22.0,66497.54,66546.58,66493.22,66546.36,,,,40.53863066853672,,,,,,,,,,,,,,66649.88718001776,,,,,,,SELL,,,,,20.9,pullback_not_near_ema;momentum_volume_low
2026-04-03T02:15:44.950944+00:00,BTCUSD,viper,144388,M5,HOLD,HOLD,NONE,0,98.64802882677316,0,,,,,,,,,,,,,,,,22.0,22.0,66497.54,66546.84,66493.22,66541.02,,,,40.14281852563046,,,,,,,,,,,,,,66649.37860858919,,,,,,,SELL,,,,,20.9,pullback_not_near_ema;momentum_volume_low
2026-04-03T02:15:55.481267+00:00,BTCUSD,viper,144388,M5,HOLD,HOLD,NONE,0,98.64802882677316,0,,,,,,,,,,,,,,,,22.0,22.0,66497.54,66546.84,66493.22,66541.58,,,,40.18457407257637,,,,,,,,,,,,,,66649.43194192252,,,,,,,SELL,,,,,20.9,pullback_not_near_ema;momentum_volume_low
2026-04-03T02:15:56.345862+00:00,XAUUSD,viper,144388,M5,OUTSIDE_HOURS,OUTSIDE_HOURS,NONE,0,5.405325367263564,0,,,,,,,,,,,,,,,,0.34,0.34,4668.9,4673.32,4667.67,4670.82,,,,53.58433911787206,,,,,,,,,,,,,,,,,,,,,BOTH,,,,,21.52,pullback_weak_candle;momentum_volume_low
2026-04-03T02:16:06.641160+00:00,BTCUSD,viper,144388,M5,HOLD,HOLD,NONE,0,98.64802882677316,0,,,,,,,,,,,,,,,,22.0,22.0,66497.54,66546.84,66493.22,66546.14,,,,40.522427217865655,,,,,,,,,,,,,,66649.86622763681,,,,,,,SELL,,,,,20.9,pullback_not_near_ema;momentum_volume_low
2026-04-03T02:16:17.171055+00:00,BTCUSD,viper,144388,M5,HOLD,HOLD,NONE,0,99.07660025534459,0,,,,,,,,,,,,,,,,22.0,22.0,66497.54,66552.84,66493.22,66552.84,,,,41.01196772797524,,,,,,,,,,,,,,66650.5043228749,,,,,,,SELL,,,,,20.8,pullback_not_near_ema;momentum_volume_low
2026-04-03T02:16:27.805944+00:00,BTCUSD,viper,144388,M5,HOLD,HOLD,NONE,0,100.03517168391589,0,,,,,,,,,,,,,,,,22.0,22.0,66497.54,66566.26,66493.22,66566.26,,,,41.96866746628435,,,,,,,,,,,,,,66651.782418113,,,,,,,SELL,,,,,20.59,pullback_not_near_ema;momentum_volume_low
2026-04-03T02:16:38.430411+00:00,BTCUSD,viper,144388,M5,HOLD,HOLD,NONE,0,100.06517168391576,0,,,,,,,,,,,,,,,,22.0,22.0,66497.54,66566.68,66493.22,66566.3,,,,41.971472646522706,,,,,,,,,,,,,,66651.78622763681,,,,,,,SELL,,,,,20.58,pullback_not_near_ema;momentum_volume_low
2026-04-03T02:16:48.977631+00:00,BTCUSD,viper,144388,M5,HOLD,HOLD,NONE,0,100.64160025534483,0,,,,,,,,,,,,,,,,22.0,22.0,66497.54,66574.75,66493.22,66574.28,,,,42.525733953593594,,,,,,,,,,,,,,66652.5462276368,,,,,,,SELL,,,,,20.46,pullback_not_near_ema;momentum_volume_low
2026-04-03T02:16:59.510676+00:00,BTCUSD,viper,144388,M5,HOLD,HOLD,NONE,0,100.64231454105874,0,,,,,,,,,,,,,,,,22.0,22.0,66497.54,66574.76,66493.22,66571.22,,,,42.31445387189675,,,,,,,,,,,,,,66652.25479906538,,,,,,,SELL,,,,,20.46,pullback_not_near_ema;momentum_volume_low
2026-04-03T02:17:10.082792+00:00,BTCUSD,viper,144388,M5,HOLD,HOLD,NONE,0,102.46445739820227,0,,,,,,,,,,,,,,,,22.0,22.0,66497.54,66600.27,66493.22,66600.0,,,,44.24224408714551,,,,,,,,,,,,,,66654.99575144633,,,,,,,SELL,,,,,20.09,pullback_structure_not_confirmed;momentum_volume_low
2026-04-03T02:17:20.598551+00:00,BTCUSD,viper,144388,M5,HOLD,HOLD,NONE,0,107.47874311248776,0,,,,,,,,,,,,,,,,22.0,22.0,66497.54,66670.47,66493.22,66663.04,,,,48.045384116784454,,,,,,,,,,,,,,66660.99956097014,,,,,,,SELL,,,,,19.21,pullback_structure_not_confirmed;momentum_volume_low
2026-04-03T02:17:31.133173+00:00,BTCUSD,viper,144388,M5,HOLD,HOLD,NONE,0,111.70731454105899,0,,,,,,,,,,,,,,,,22.0,22.0,66497.54,66729.67,66493.22,66729.02,,,,51.50724785155286,,,,,,,,,,,,,,66667.28337049395,,,,,,,SELL,,,,,18.59,pullback_structure_not_confirmed;momentum_volume_low
2026-04-03T02:17:41.618040+00:00,BTCUSD,viper,144388,M5,HOLD,HOLD,NONE,0,112.23945739820164,0,,,,,,,,,,,,,,,,22.0,22.0,66497.54,66737.12,66493.22,66736.94,,,,51.89203071864778,,,,,,,,,,,,,,66668.03765620824,,,,,,,SELL,,,,,18.52,pullback_structure_not_confirmed;momentum_volume_low
2026-04-03T02:17:42.437303+00:00,XAUUSD,viper,144388,M5,OUTSIDE_HOURS,OUTSIDE_HOURS,NONE,0,5.405325367263564,0,,,,,,,,,,,,,,,,0.34,0.34,4668.9,4673.32,4667.67,4670.82,,,,53.58433911787206,,,,,,,,,,,,,,,,,,,,,BOTH,,,,,21.52,pullback_weak_candle;momentum_volume_low
2026-04-03T02:17:52.665126+00:00,BTCUSD,viper,144388,M5,HOLD,HOLD,NONE,0,112.45088596963066,0,,,,,,,,,,,,,,,,22.0,22.0,66497.54,66740.08,66493.22,66732.08,,,,51.65664137344756,,,,,,,,,,,,,,66667.57479906538,,,,,,,SELL,,,,,18.49,pullback_structure_not_confirmed;momentum_volume_low
2026-04-03T02:18:03.259648+00:00,BTCUSD,viper,144388,M5,HOLD,HOLD,NONE,0,112.45088596963066,0,,,,,,,,,,,,,,,,22.0,22.0,66497.54,66740.08,66493.22,66701.76,,,,50.1344714726003,,,,,,,,,,,,,,66664.68718001776,,,,,,,SELL,,,,,18.49,pullback_structure_not_confirmed;momentum_volume_low
2026-04-03T02:18:13.932848+00:00,BTCUSD,viper,144388,M5,HOLD,HOLD,NONE,0,112.45088596963066,0,,,,,,,,,,,,,,,,22.0,22.0,66497.54,66740.08,66493.22,66685.7,,,,49.288711158127406,,,,,,,,,,,,,,66663.15765620823,,,,,,,SELL,,,,,18.49,pullback_structure_not_confirmed;momentum_volume_low
2026-04-03T02:18:24.496969+00:00,BTCUSD,viper,144388,M5,HOLD,HOLD,NONE,0,112.45088596963066,0,,,,,,,,,,,,,,,,22.0,22.0,66497.54,66740.08,66493.22,66690.12,,,,49.52432766726669,,,,,,,,,,,,,,66663.57860858919,,,,,,,SELL,,,,,18.49,pullback_structure_not_confirmed;momentum_volume_low
2026-04-03T02:18:35.096112+00:00,BTCUSD,viper,144388,M5,HOLD,HOLD,NONE,0,112.45088596963066,0,,,,,,,,,,,,,,,,22.0,22.0,66497.54,66740.08,66493.22,66660.84,,,,47.9214180973737,,,,,,,,,,,,,,66660.79003716061,,,,,,,SELL,,,,,18.49,pullback_not_near_ema;momentum_volume_low
2026-04-03T02:18:45.677997+00:00,BTCUSD,viper,144388,M5,HOLD,HOLD,NONE,0,112.45088596963066,0,,,,,,,,,,,,,,,,22.0,22.0,66497.54,66740.08,66493.22,66665.15,,,,48.16372561432752,,,,,,,,,,,,,,66661.2005133511,,,,,,,SELL,,,,,18.49,pullback_not_near_ema;momentum_volume_low
2026-04-03T02:18:56.362880+00:00,BTCUSD,viper,144388,M5,HOLD,HOLD,NONE,0,112.45088596963066,0,,,,,,,,,,,,,,,,22.0,22.0,66497.54,66740.08,66493.22,66663.86,,,,48.09143878619006,,,,,,,,,,,,,,66661.07765620823,,,,,,,SELL,,,,,18.49,pullback_not_near_ema;momentum_volume_low
2026-04-03T02:19:06.986210+00:00,BTCUSD,viper,144388,M5,HOLD,HOLD,NONE,0,112.45088596963066,0,,,,,,,,,,,,,,,,22.0,22.0,66497.54,66740.08,66493.22,66669.22,,,,48.39047948053036,,,,,,,,,,,,,,66661.58813239871,,,,,,,SELL,,,,,18.49,pullback_structure_not_confirmed;momentum_volume_low
2026-04-03T02:19:17.514980+00:00,BTCUSD,viper,144388,M5,HOLD,HOLD,NONE,0,112.45088596963066,0,,,,,,,,,,,,,,,,22.0,22.0,66497.54,66740.08,66493.22,66688.83,,,,49.4557883242545,,,,,,,,,,,,,,66663.45575144632,,,,,,,SELL,,,,,18.49,pullback_structure_not_confirmed;momentum_volume_low
2026-04-03T02:19:28.008708+00:00,BTCUSD,viper,144388,M5,HOLD,HOLD,NONE,0,112.45088596963066,0,,,,,,,,,,,,,,,,22.0,22.0,66497.54,66740.08,66493.22,66677.66,,,,48.854435627634764,,,,,,,,,,,,,,66662.39194192251,,,,,,,SELL,,,,,18.49,pullback_structure_not_confirmed;momentum_volume_low
2026-04-03T02:19:28.875750+00:00,XAUUSD,viper,144388,M5,OUTSIDE_HOURS,OUTSIDE_HOURS,NONE,0,5.405325367263564,0,,,,,,,,,,,,,,,,0.34,0.34,4668.9,4673.32,4667.67,4670.82,,,,53.58433911787206,,,,,,,,,,,,,,,,,,,,,BOTH,,,,,21.52,pullback_weak_candle;momentum_volume_low
2026-04-03T02:19:39.114814+00:00,BTCUSD,viper,144388,M5,HOLD,HOLD,NONE,0,112.45088596963066,0,,,,,,,,,,,,,,,,22.0,22.0,66497.54,66740.08,66493.22,66702.79,,,,50.18775224079931,,,,,,,,,,,,,,66664.78527525585,,,,,,,SELL,,,,,18.49,pullback_structure_not_confirmed;momentum_volume_low
2026-04-03T02:19:49.580680+00:00,BTCUSD,viper,144388,M5,HOLD,HOLD,NONE,0,112.45088596963066,0,,,,,,,,,,,,,,,,22.0,22.0,66497.54,66740.08,66493.22,66707.17,,,,50.41305901757499,,,,,,,,,,,,,,66665.202418113,,,,,,,SELL,,,,,18.49,pullback_structure_not_confirmed;momentum_volume_low
2026-04-03T02:20:00.068023+00:00,BTCUSD,viper,144388,M5,HOLD,HOLD,NONE,0,112.45088596963066,0,,,,,,,,,,,,,,,,22.0,22.0,66497.54,66740.08,66493.22,66696.64,,,,49.867918943375656,,,,,,,,,,,,,,66664.19956097014,,,,,,,SELL,,,,,18.49,pullback_structure_not_confirmed;momentum_volume_low
2026-04-03T02:20:10.525763+00:00,BTCUSD,viper,144388,M5,HOLD,HOLD,NONE,0,104.83653740095714,0,,,,,,,,,,,,,,,,22.0,22.0,66696.2,66701.77,66695.92,66701.77,,,,50.15641288059189,,,,,,,,,,,,,,66667.7561559911,,,,,,,SELL,,,,,17.37,pullback_structure_not_confirmed;momentum_volume_low
2026-04-03T02:20:21.066041+00:00,BTCUSD,viper,144388,M5,HOLD,HOLD,NONE,0,106.1915374009562,0,,,,,,,,,,,,,,,,22.0,22.0,66696.2,66702.26,66677.44,66680.3,,,,48.96872793039228,,,,,,,,,,,,,,66665.71139408633,,,,,,,SELL,,,,,17.37,pullback_structure_not_confirmed;momentum_volume_low
2026-04-03T02:20:31.549875+00:00,BTCUSD,viper,144388,M5,HOLD,HOLD,NONE,0,106.1915374009562,0,,,,,,,,,,,,,,,,22.0,22.0,66696.2,66702.26,66677.44,66688.48,,,,49.41524314588863,,,,,,,,,,,,,,66666.49044170539,,,,,,,SELL,,,,,17.37,pullback_weak_candle;momentum_volume_low
2026-04-03T02:20:42.018822+00:00,BTCUSD,viper,144388,M5,HOLD,HOLD,NONE,0,106.1915374009562,0,,,,,,,,,,,,,,,,22.0,22.0,66696.2,66702.26,66677.44,66688.57,,,,49.42020119877652,,,,,,,,,,,,,,66666.49901313396,,,,,,,SELL,,,,,17.37,pullback_weak_candle;momentum_volume_low
2026-04-03T02:20:52.609683+00:00,BTCUSD,viper,144388,M5,HOLD,HOLD,NONE,0,106.47153740095607,0,,,,,,,,,,,,,,,,22.0,22.0,66696.2,66702.26,66673.52,66673.98,,,,48.62923049501262,,,,,,,,,,,,,,66665.10948932443,,,,,,,SELL,,,,,17.37,pullback_structure_not_confirmed;momentum_volume_low
2026-04-03T02:21:03.283544+00:00,BTCUSD,viper,144388,M5,HOLD,HOLD,NONE,0,108.27296597238471,0,,,,,,,,,,,,,,,,22.0,22.0,66696.2,66702.26,66648.3,66648.3,,,,47.29685129002417,,,,,,,,,,,,,,66662.66377503872,,,,,,,SELL,,,,,17.37,pullback_structure_not_confirmed;momentum_volume_low
2026-04-03T02:21:14.035392+00:00,BTCUSD,viper,144388,M5,HOLD,HOLD,NONE,0,108.7058231152417,0,,,,,,,,,,,,,,,,22.0,22.0,66696.2,66702.26,66642.24,66653.02,,,,47.53623921909323,,,,,,,,,,,,,,66663.11329884824,,,,,,,SELL,,,,,17.37,pullback_structure_not_confirmed;momentum_volume_low
2026-04-03T02:21:14.983090+00:00,XAUUSD,viper,144388,M5,OUTSIDE_HOURS,OUTSIDE_HOURS,NONE,0,5.405325367263564,0,,,,,,,,,,,,,,,,0.34,0.34,4668.9,4673.32,4667.67,4670.82,,,,53.58433911787206,,,,,,,,,,,,,,,,,,,,,BOTH,,,,,21.52,pullback_weak_candle;momentum_volume_low
2026-04-03T02:21:25.487187+00:00,BTCUSD,viper,144388,M5,HOLD,HOLD,NONE,0,108.7058231152417,0,,,,,,,,,,,,,,,,22.0,22.0,66696.2,66702.26,66642.24,66653.2,,,,47.54541639761743,,,,,,,,,,,,,,66663.13044170539,,,,,,,SELL,,,,,17.37,pullback_structure_not_confirmed;momentum_volume_low
2026-04-03T02:21:36.216473+00:00,BTCUSD,viper,144388,M5,HOLD,HOLD,NONE,0,109.6415374009564,0,,,,,,,,,,,,,,,,22.0,22.0,66696.2,66702.26,66629.14,66629.14,,,,46.34936117761103,,,,,,,,,,,,,,66660.83901313395,,,,,,,SELL,,,,,17.37,pullback_structure_not_confirmed;momentum_volume_low
2026-04-03T02:21:46.944519+00:00,BTCUSD,viper,144388,M5,HOLD,HOLD,NONE,0,109.94582311524174,0,,,,,,,,,,,,,,,,22.0,22.0,66696.2,66702.26,66624.88,66625.16,,,,46.157286420168454,,,,,,,,,,,,,,66660.4599655149,,,,,,,SELL,,,,,17.37,pullback_structure_not_confirmed;momentum_volume_low
2026-04-03T02:21:57.623274+00:00,BTCUSD,viper,144388,M5,HOLD,HOLD,NONE,0,110.60153740095656,0,,,,,,,,,,,,,,,,22.0,22.0,66696.2,66702.26,66615.7,66621.38,,,,45.9763318370621,,,,,,,,,,,,,,66660.0999655149,,,,,,,SELL,,,,,17.37,pullback_structure_not_confirmed;momentum_volume_low
2026-04-03T02:22:08.282326+00:00,BTCUSD,viper,144388,M5,HOLD,HOLD,NONE,0,110.60153740095656,0,,,,,,,,,,,,,,,,22.0,22.0,66696.2,66702.26,66615.7,66619.0,,,,45.8631235797003,,,,,,,,,,,,,,66659.87329884825,,,,,,,SELL,,,,,17.37,pullback_structure_not_confirmed;momentum_volume_low
2026-04-03T02:22:18.815161+00:00,BTCUSD,viper,144388,M5,HOLD,HOLD,NONE,0,110.60153740095656,0,,,,,,,,,,,,,,,,22.0,22.0,66696.2,66702.26,66615.7,66619.22,,,,45.87356481782933,,,,,,,,,,,,,,66659.8942512292,,,,,,,SELL,,,,,17.37,pullback_structure_not_confirmed;momentum_volume_low
2026-04-03T02:22:29.350560+00:00,BTCUSD,viper,144388,M5,HOLD,HOLD,NONE,0,110.60153740095656,0,,,,,,,,,,,,,,,,22.0,22.0,66696.2,66702.26,66615.7,66620.93,,,,45.95488408861552,,,,,,,,,,,,,,66660.05710837206,,,,,,,SELL,,,,,17.37,pullback_structure_not_confirmed;momentum_volume_low
2026-04-03T02:22:39.856992+00:00,BTCUSD,viper,144388,M5,HOLD,HOLD,NONE,0,110.60153740095656,0,,,,,,,,,,,,,,,,22.0,22.0,66696.2,66702.26,66615.7,66629.4,,,,46.36196441538587,,,,,,,,,,,,,,66660.86377503873,,,,,,,SELL,,,,,17.37,pullback_structure_not_confirmed;momentum_volume_low
2026-04-03T02:22:50.342403+00:00,BTCUSD,viper,144388,M5,HOLD,HOLD,NONE,0,110.60153740095656,0,,,,,,,,,,,,,,,,22.0,22.0,66696.2,66702.26,66615.7,66621.06,,,,45.961078049151496,,,,,,,,,,,,,,66660.06948932444,,,,,,,SELL,,,,,17.37,pullback_structure_not_confirmed;momentum_volume_low
2026-04-03T02:23:00.951345+00:00,BTCUSD,viper,144388,M5,HOLD,HOLD,NONE,0,110.65225168667027,0,,,,,,,,,,,,,,,,22.0,22.0,66696.2,66702.26,66614.99,66615.36,,,,45.69105585842669,,,,,,,,,,,,,,66659.52663218157,,,,,,,SELL,,,,,17.37,pullback_structure_not_confirmed;momentum_volume_low
2026-04-03T02:23:01.711723+00:00,XAUUSD,viper,144388,M5,OUTSIDE_HOURS,OUTSIDE_HOURS,NONE,0,5.405325367263564,0,,,,,,,,,,,,,,,,0.34,0.34,4668.9,4673.32,4667.67,4670.82,,,,53.58433911787206,,,,,,,,,,,,,,,,,,,,,BOTH,,,,,21.52,pullback_weak_candle;momentum_volume_low
2026-04-03T02:23:12.003011+00:00,BTCUSD,viper,144388,M5,HOLD,HOLD,NONE,0,110.66582311524186,0,,,,,,,,,,,,,,,,22.0,22.0,66696.2,66702.26,66614.8,66615.23,,,,45.68493445852166,,,,,,,,,,,,,,66659.5142512292,,,,,,,SELL,,,,,17.37,pullback_structure_not_confirmed;momentum_volume_low
2026-04-03T02:23:22.622891+00:00,BTCUSD,viper,144388,M5,HOLD,HOLD,NONE,0,110.76439454381362,0,,,,,,,,,,,,,,,,22.0,22.0,66696.2,66702.26,66613.42,66614.03,,,,45.62850658209081,,,,,,,,,,,,,,66659.39996551491,,,,,,,SELL,,,,,17.37,pullback_structure_not_confirmed;momentum_volume_low
2026-04-03T02:23:33.097215+00:00,BTCUSD,viper,144388,M5,HOLD,HOLD,NONE,0,111.70868025809942,0,,,,,,,,,,,,,,,,22.0,22.0,66696.2,66702.26,66600.2,66600.36,,,,44.99540106777088,,,,,,,,,,,,,,66658.09806075301,,,,,,,SELL,,,,,17.37,pullback_structure_not_confirmed;momentum_volume_low
2026-04-03T02:23:43.605842+00:00,BTCUSD,viper,144388,M5,HOLD,HOLD,NONE,0,111.72010882952824,0,,,,,,,,,,,,,,,,22.0,22.0,66696.2,66702.26,66600.04,66600.16,,,,44.986268744087496,,,,,,,,,,,,,,66658.07901313396,,,,,,,SELL,,,,,17.37,pullback_structure_not_confirmed;momentum_volume_low
2026-04-03T02:23:54.083084+00:00,BTCUSD,viper,144388,M5,HOLD,HOLD,NONE,0,111.72439454381379,0,,,,,,,,,,,,,,,,22.0,22.0,66696.2,66702.26,66599.98,66601.96,,,,45.06859335403272,,,,,,,,,,,,,,66658.25044170539,,,,,,,SELL,,,,,17.37,pullback_structure_not_confirmed;momentum_volume_low
2026-04-03T02:24:04.559971+00:00,BTCUSD,viper,144388,M5,HOLD,HOLD,NONE,0,111.72439454381379,0,,,,,,,,,,,,,,,,22.0,22.0,66696.2,66702.26,66599.98,66601.86,,,,45.064011860732684,,,,,,,,,,,,,,66658.24091789586,,,,,,,SELL,,,,,17.37,pullback_structure_not_confirmed;momentum_volume_low
2026-04-03T02:24:15.021998+00:00,BTCUSD,viper,144388,M5,HOLD,HOLD,NONE,0,112.27010882952803,0,,,,,,,,,,,,,,,,22.0,22.0,66696.2,66702.26,66592.34,66592.34,,,,44.632078140914174,,,,,,,,,,,,,,66657.3342512292,,,,,,,SELL,,,,,17.37,pullback_structure_not_confirmed;momentum_volume_low
2026-04-03T02:24:25.610542+00:00,BTCUSD,viper,144388,M5,HOLD,HOLD,NONE,0,112.27010882952803,0,,,,,,,,,,,,,,,,22.0,22.0,66696.2,66702.26,66592.34,66611.82,,,,45.52494916790689,,,,,,,,,,,,,,66659.18948932443,,,,,,,SELL,,,,,17.37,pullback_structure_not_confirmed;momentum_volume_low
2026-04-03T02:24:36.138897+00:00,BTCUSD,viper,144388,M5,HOLD,HOLD,NONE,0,112.27010882952803,0,,,,,,,,,,,,,,,,22.0,22.0,66696.2,66702.26,66592.34,66614.68,,,,45.659054366978545,,,,,,,,,,,,,,66659.46187027682,,,,,,,SELL,,,,,17.37,pullback_structure_not_confirmed;momentum_volume_low
2026-04-03T02:24:46.623844+00:00,BTCUSD,viper,144388,M5,HOLD,HOLD,NONE,0,112.27010882952803,0,,,,,,,,,,,,,,,,22.0,22.0,66696.2,66702.26,66592.34,66658.84,,,,47.83477385808231,,,,,,,,,,,,,,66663.66758456253,,,,,,,SELL,,,,,17.37,pullback_weak_candle;momentum_volume_low
2026-04-03T02:24:47.408814+00:00,XAUUSD,viper,144388,M5,OUTSIDE_HOURS,OUTSIDE_HOURS,NONE,0,5.405325367263564,0,,,,,,,,,,,,,,,,0.34,0.34,4668.9,4673.32,4667.67,4670.82,,,,53.58433911787206,,,,,,,,,,,,,,,,,,,,,BOTH,,,,,21.52,pullback_weak_candle;momentum_volume_low
2026-04-03T02:24:57.647546+00:00,BTCUSD,viper,144388,M5,HOLD,HOLD,NONE,0,112.27010882952803,0,,,,,,,,,,,,,,,,22.0,22.0,66696.2,66702.26,66592.34,66647.12,,,,47.237380563618366,,,,,,,,,,,,,,66662.55139408635,,,,,,,SELL,,,,,17.37,pullback_structure_not_confirmed;momentum_volume_low
2026-04-03T02:25:08.055771+00:00,BTCUSD,viper,144388,M5,HOLD,HOLD,NONE,0,104.31010403848568,0,,,,,,,,,,,,,,,,22.0,22.0,66646.89,66647.57,66646.74,66646.96,,,,47.228011431384836,,,,,,,,,,,,,,66661.08200965307,,,,,,,SELL,,,,,16.33,pullback_weak_candle;momentum_volume_low
2026-04-03T02:25:18.554619+00:00,BTCUSD,viper,144388,M5,HOLD,HOLD,NONE,0,104.9408183242001,0,,,,,,,,,,,,,,,,22.0,22.0,66646.89,66647.57,66637.91,66638.44,,,,46.770815796195514,,,,,,,,,,,,,,66660.27058108164,,,,,,,SELL,,,,,16.33,pullback_structure_not_confirmed;momentum_volume_low
2026-04-03T02:25:29.003608+00:00,BTCUSD,viper,144388,M5,HOLD,HOLD,NONE,0,104.94581832420059,0,,,,,,,,,,,,,,,,22.0,22.0,66646.89,66647.57,66637.84,66637.95,,,,46.744790713340144,,,,,,,,,,,,,,66660.22391441496,,,,,,,SELL,,,,,16.33,pullback_structure_not_confirmed;momentum_volume_low
2026-04-03T02:25:39.499814+00:00,BTCUSD,viper,144388,M5,HOLD,HOLD,NONE,0,104.94581832420059,0,,,,,,,,,,,,,,,,22.0,22.0,66646.89,66647.57,66637.84,66638.2,,,,46.758065196978265,,,,,,,,,,,,,,66660.24772393878,,,,,,,SELL,,,,,16.33,pullback_structure_not_confirmed;momentum_volume_low
2026-04-03T02:25:49.979448+00:00,BTCUSD,viper,144388,M5,HOLD,HOLD,NONE,0,105.70581832420055,0,,,,,,,,,,,,,,,,22.0,22.0,66646.89,66647.57,66627.2,66627.2,,,,46.181032094354336,,,,,,,,,,,,,,66659.20010489116,,,,,,,SELL,,,,,16.33,pullback_structure_not_confirmed;momentum_volume_low
2026-04-03T02:26:00.462271+00:00,BTCUSD,viper,144388,M5,HOLD,HOLD,NONE,0,107.09581832419997,0,,,,,,,,,,,,,,,,22.0,22.0,66646.89,66647.57,66607.74,66608.26,,,,45.22016433461239,,,,,,,,,,,,,,66657.39629536735,,,,,,,SELL,,,,,16.33,pullback_structure_not_confirmed;momentum_volume_low
2026-04-03T02:26:10.973003+00:00,BTCUSD,viper,144388,M5,HOLD,HOLD,NONE,0,108.4236754670579,0,,,,,,,,,,,,,,,,22.0,22.0,66646.89,66647.57,66589.15,66589.46,,,,44.30514138163033,,,,,,,,,,,,,,66655.60581917688,,,,,,,SELL,,,,,16.36,pullback_structure_not_confirmed;momentum_volume_low
2026-04-03T02:26:21.464897+00:00,BTCUSD,viper,144388,M5,HOLD,HOLD,NONE,0,109.52867546705798,0,,,,,,,,,,,,,,,,22.0,22.0,66646.89,66647.57,66573.68,66574.42,,,,43.599360390696,,,,,,,,,,,,,,66654.17343822449,,,,,,,SELL,,,,,16.52,pullback_structure_not_confirmed;momentum_volume_low
2026-04-03T02:26:31.942685+00:00,BTCUSD,viper,144388,M5,HOLD,HOLD,NONE,0,109.52867546705798,0,,,,,,,,,,,,,,,,22.0,22.0,66646.89,66647.57,66573.68,66581.9,,,,43.94754066950801,,,,,,,,,,,,,,66654.88581917688,,,,,,,SELL,,,,,16.52,pullback_structure_not_confirmed;momentum_volume_low
2026-04-03T02:26:32.679905+00:00,XAUUSD,viper,144388,M5,OUTSIDE_HOURS,OUTSIDE_HOURS,NONE,0,5.405325367263564,0,,,,,,,,,,,,,,,,0.34,0.34,4668.9,4673.32,4667.67,4670.82,,,,53.58433911787206,,,,,,,,,,,,,,,,,,,,,BOTH,,,,,21.52,pullback_weak_candle;momentum_volume_low
2026-04-03T02:26:42.904467+00:00,BTCUSD,viper,144388,M5,HOLD,HOLD,NONE,0,110.09438975277214,0,,,,,,,,,,,,,,,,22.0,22.0,66646.89,66647.57,66565.76,66565.84,,,,43.20670960036773,,,,,,,,,,,,,,66653.35629536735,,,,,,,SELL,,,,,16.59,pullback_structure_not_confirmed;momentum_volume_low
2026-04-03T02:26:53.370893+00:00,BTCUSD,viper,144388,M5,HOLD,HOLD,NONE,0,110.09438975277214,0,,,,,,,,,,,,,,,,22.0,22.0,66646.89,66647.57,66565.76,66583.18,,,,44.00768031995653,,,,,,,,,,,,,,66655.00772393878,,,,,,,SELL,,,,,16.59,pullback_structure_not_confirmed;momentum_volume_low
2026-04-03T02:27:03.866721+00:00,BTCUSD,viper,144388,M5,HOLD,HOLD,NONE,0,110.09438975277214,0,,,,,,,,,,,,,,,,22.0,22.0,66646.89,66647.57,66565.76,66595.29,,,,44.584909645870106,,,,,,,,,,,,,,66656.16105727211,,,,,,,SELL,,,,,16.59,pullback_structure_not_confirmed;momentum_volume_low
2026-04-03T02:27:14.458280+00:00,BTCUSD,viper,144388,M5,HOLD,HOLD,NONE,0,110.09438975277214,0,,,,,,,,,,,,,,,,22.0,22.0,66646.89,66647.57,66565.76,66596.66,,,,44.65116624506318,,,,,,,,,,,,,,66656.29153346259,,,,,,,SELL,,,,,16.59,pullback_structure_not_confirmed;momentum_volume_low
2026-04-03T02:27:25.010018+00:00,BTCUSD,viper,144388,M5,HOLD,HOLD,NONE,0,110.09438975277214,0,,,,,,,,,,,,,,,,22.0,22.0,66646.89,66647.57,66565.76,66576.64,,,,43.70212024414511,,,,,,,,,,,,,,66654.38486679592,,,,,,,SELL,,,,,16.59,pullback_structure_not_confirmed;momentum_volume_low
2026-04-03T02:27:35.502648+00:00,BTCUSD,viper,144388,M5,HOLD,HOLD,NONE,0,110.09438975277214,0,,,,,,,,,,,,,,,,22.0,22.0,66646.89,66647.57,66565.76,66566.26,,,,43.225765570091326,,,,,,,,,,,,,,66653.39629536735,,,,,,,SELL,,,,,16.59,pullback_structure_not_confirmed;momentum_volume_low
2026-04-03T02:27:46.044263+00:00,BTCUSD,viper,144388,M5,HOLD,HOLD,NONE,0,110.10438975277211,0,,,,,,,,,,,,,,,,22.0,22.0,66646.89,66647.57,66565.62,66566.52,,,,43.23757054861736,,,,,,,,,,,,,,66653.42105727212,,,,,,,SELL,,,,,16.59,pullback_structure_not_confirmed;momentum_volume_low
2026-04-03T02:27:56.639663+00:00,BTCUSD,viper,144388,M5,HOLD,HOLD,NONE,0,113.77510403848635,0,,,,,,,,,,,,,,,,22.0,22.0,66646.89,66647.57,66514.23,66514.6,,,,41.00150933946441,,,,,,,,,,,,,,66648.47629536735,,,,,,,SELL,,,,,17.05,pullback_structure_not_confirmed;momentum_volume_low
2026-04-03T02:28:07.239814+00:00,BTCUSD,viper,144388,M5,HOLD,HOLD,NONE,0,113.77510403848635,0,,,,,,,,,,,,,,,,22.0,22.0,66646.89,66647.57,66514.23,66535.12,,,,41.857036000708234,,,,,,,,,,,,,,66650.43058108163,,,,,,,SELL,,,,,17.05,pullback_structure_not_confirmed;momentum_volume_low
2026-04-03T02:28:17.680461+00:00,BTCUSD,viper,144388,M5,HOLD,HOLD,NONE,0,113.77510403848635,0,,,,,,,,,,,,,,,,22.0,22.0,66646.89,66647.57,66514.23,66519.62,,,,41.207557294410535,,,,,,,,,,,,,,66648.95439060545,,,,,,,SELL,,,,,17.05,pullback_structure_not_confirmed;momentum_volume_low
2026-04-03T02:28:18.405351+00:00,XAUUSD,viper,144388,M5,OUTSIDE_HOURS,OUTSIDE_HOURS,NONE,0,5.405325367263564,0,,,,,,,,,,,,,,,,0.34,0.34,4668.9,4673.32,4667.67,4670.82,,,,53.58433911787206,,,,,,,,,,,,,,,,,,,,,BOTH,,,,,21.52,pullback_weak_candle;momentum_volume_low
2026-04-03T02:28:28.654992+00:00,BTCUSD,viper,144388,M5,HOLD,HOLD,NONE,0,114.52581832420026,0,,,,,,,,,,,,,,,,22.0,22.0,66646.89,66647.57,66503.72,66507.91,,,,40.730097190083384,,,,,,,,,,,,,,66647.8391525102,,,,,,,SELL,,,,,17.14,pullback_structure_not_confirmed;momentum_volume_low
2026-04-03T02:28:39.096951+00:00,BTCUSD,viper,144388,M5,HOLD,HOLD,NONE,0,115.40438975277189,0,,,,,,,,,,,,,,,,22.0,22.0,66646.89,66647.57,66491.42,66491.42,,,,40.07619845600362,,,,,,,,,,,,,,66646.26867631973,,,,,,,SELL,,,,,17.23,pullback_structure_not_confirmed;momentum_volume_low
2026-04-03T02:28:49.650068+00:00,BTCUSD,viper,144388,M5,HOLD,HOLD,NONE,0,115.60724689562879,0,,,,,,,,,,,,,,,,22.0,22.0,66646.89,66647.57,66488.58,66488.58,,,,39.96569392324557,,,,,,,,,,,,,,66645.99820012925,,,,,,,SELL,,,,,17.25,pullback_structure_not_confirmed;momentum_volume_low
2026-04-03T02:29:00.303303+00:00,BTCUSD,viper,144388,M5,HOLD,HOLD,NONE,0,116.44296118134287,0,,,,,,,,,,,,,,,,22.0,22.0,66646.89,66647.57,66476.88,66477.78,,,,39.55097279688298,,,,,,,,,,,,,,66644.96962870068,,,,,,,SELL,,,,,17.34,pullback_structure_not_confirmed;momentum_volume_low
2026-04-03T02:29:11.094391+00:00,BTCUSD,viper,144388,M5,HOLD,HOLD,NONE,0,116.451532609915,0,,,,,,,,,,,,,,,,22.0,22.0,66646.89,66647.57,66476.76,66484.11,,,,39.79299509713663,,,,,,,,,,,,,,66645.57248584354,,,,,,,SELL,,,,,17.34,pullback_structure_not_confirmed;momentum_volume_low
2026-04-03T02:29:21.883552+00:00,BTCUSD,viper,144388,M5,HOLD,HOLD,NONE,0,116.451532609915,0,,,,,,,,,,,,,,,,22.0,22.0,66646.89,66647.57,66476.76,66485.11,,,,39.83150045562004,,,,,,,,,,,,,,66645.66772393878,,,,,,,SELL,,,,,17.34,pullback_structure_not_confirmed;momentum_volume_low
2026-04-03T02:29:32.396143+00:00,BTCUSD,viper,144388,M5,HOLD,HOLD,NONE,0,116.451532609915,0,,,,,,,,,,,,,,,,22.0,22.0,66646.89,66647.57,66476.76,66484.0,,,,39.788764052193514,,,,,,,,,,,,,,66645.56200965306,,,,,,,SELL,,,,,17.34,pullback_structure_not_confirmed;momentum_volume_low
2026-04-03T02:29:43.089682+00:00,BTCUSD,viper,144388,M5,HOLD,HOLD,NONE,0,116.96938975277214,0,,,,,,,,,,,,,,,,22.0,22.0,66646.89,66647.57,66469.51,66469.62,,,,39.24329182791636,,,,,,,,,,,,,,66644.19248584354,,,,,,,SELL,,,,,17.4,pullback_structure_not_confirmed;momentum_volume_low
2026-04-03T02:29:53.646016+00:00,BTCUSD,viper,144388,M5,HOLD,HOLD,NONE,0,118.80724689562899,0,,,,,,,,,,,,,,,,22.0,22.0,66646.89,66647.57,66443.78,66444.44,,,,38.32332490471005,,,,,,,,,,,,,,66641.79439060544,,,,,,,SELL,,,,,17.58,pullback_structure_not_confirmed;momentum_volume_low
2026-04-03T02:30:04.123952+00:00,BTCUSD,viper,144388,M5,HOLD,HOLD,NONE,0,111.27152674581882,0,,,,,,,,,,,,,,,,22.0,22.0,66449.65,66459.63,66446.36,66446.86,,,,38.402418374540666,,,,,,,,,,,,,,66623.67038978575,,,,,,,SELL,,,,,17.78,pullback_not_near_ema;momentum_volume_low
2026-04-03T02:30:04.939219+00:00,XAUUSD,viper,144388,M5,OUTSIDE_HOURS,OUTSIDE_HOURS,NONE,0,5.405325367263564,0,,,,,,,,,,,,,,,,0.34,0.34,4668.9,4673.32,4667.67,4670.82,,,,53.58433911787206,,,,,,,,,,,,,,,,,,,,,BOTH,,,,,21.52,pullback_weak_candle;momentum_volume_low
2026-04-03T02:30:15.165677+00:00,BTCUSD,viper,144388,M5,HOLD,HOLD,NONE,0,111.47009817439017,0,,,,,,,,,,,,,,,,22.0,22.0,66449.65,66459.63,66443.58,66443.79,,,,38.28433448661282,,,,,,,,,,,,,,66623.37800883337,,,,,,,SELL,,,,,17.78,pullback_not_near_ema;momentum_volume_low
2026-04-03T02:30:25.664331+00:00,BTCUSD,viper,144388,M5,HOLD,HOLD,NONE,0,111.80938388867588,0,,,,,,,,,,,,,,,,22.0,22.0,66449.65,66459.63,66438.83,66439.19,,,,38.10875398936097,,,,,,,,,,,,,,66622.93991359528,,,,,,,SELL,,,,,17.82,pullback_not_near_ema;momentum_volume_low
2026-04-03T02:30:36.150630+00:00,BTCUSD,viper,144388,M5,HOLD,HOLD,NONE,0,112.21295531724793,0,,,,,,,,,,,,,,,,22.0,22.0,66449.65,66459.63,66433.18,66433.36,,,,37.88852544947944,,,,,,,,,,,,,,66622.38467550004,,,,,,,SELL,,,,,17.86,pullback_not_near_ema;momentum_volume_low
2026-04-03T02:30:46.738303+00:00,BTCUSD,viper,144388,M5,HOLD,HOLD,NONE,0,115.14866960296159,0,,,,,,,,,,,,,,,,22.0,22.0,66449.65,66459.63,66392.08,66392.5,,,,36.413690716446446,,,,,,,,,,,,,,66618.49324692861,,,,,,,SELL,,,,,18.14,pullback_not_near_ema;momentum_volume_low
2026-04-03T02:30:57.333330+00:00,BTCUSD,viper,144388,M5,HOLD,HOLD,NONE,0,115.36438388867617,0,,,,,,,,,,,,,,,,22.0,22.0,66449.65,66459.63,66389.06,66417.34,,,,37.29627115190229,,,,,,,,,,,,,,66620.85896121433,,,,,,,SELL,,,,,18.16,pullback_not_near_ema;momentum_volume_low
2026-04-03T02:31:07.993994+00:00,BTCUSD,viper,144388,M5,HOLD,HOLD,NONE,0,115.36438388867617,0,,,,,,,,,,,,,,,,22.0,22.0,66449.65,66459.63,66389.06,66419.38,,,,37.37065847372096,,,,,,,,,,,,,,66621.05324692861,,,,,,,SELL,,,,,18.16,pullback_not_near_ema;momentum_volume_low
2026-04-03T02:31:18.630524+00:00,BTCUSD,viper,144388,M5,HOLD,HOLD,NONE,0,115.36438388867617,0,,,,,,,,,,,,,,,,22.0,22.0,66449.65,66459.63,66389.06,66425.07,,,,37.57971759493523,,,,,,,,,,,,,,66621.59515169052,,,,,,,SELL,,,,,18.16,pullback_not_near_ema;momentum_volume_low
2026-04-03T02:31:29.117743+00:00,BTCUSD,viper,144388,M5,HOLD,HOLD,NONE,0,115.36438388867617,0,,,,,,,,,,,,,,,,22.0,22.0,66449.65,66459.63,66389.06,66425.08,,,,37.580087068938006,,,,,,,,,,,,,,66621.59610407148,,,,,,,SELL,,,,,18.16,pullback_not_near_ema;momentum_volume_low
2026-04-03T02:31:39.633164+00:00,BTCUSD,viper,144388,M5,HOLD,HOLD,NONE,0,115.36438388867617,0,,,,,,,,,,,,,,,,22.0,22.0,66449.65,66459.63,66389.06,66391.1,,,,36.36518966166602,,,,,,,,,,,,,,66618.35991359528,,,,,,,SELL,,,,,18.16,pullback_not_near_ema;momentum_volume_low
2026-04-03T02:31:50.210589+00:00,BTCUSD,viper,144388,M5,HOLD,HOLD,NONE,0,116.25938388867608,0,,,,,,,,,,,,,,,,22.0,22.0,66449.65,66459.63,66376.53,66377.08,,,,35.88651792730269,,,,,,,,,,,,,,66617.02467550004,,,,,,,SELL,,,,,18.24,pullback_not_near_ema;momentum_volume_low
2026-04-03T02:31:51.017796+00:00,XAUUSD,viper,144388,M5,OUTSIDE_HOURS,OUTSIDE_HOURS,NONE,0,5.405325367263564,0,,,,,,,,,,,,,,,,0.34,0.34,4668.9,4673.32,4667.67,4670.82,,,,53.58433911787206,,,,,,,,,,,,,,,,,,,,,BOTH,,,,,21.52,pullback_weak_candle;momentum_volume_low
2026-04-03T02:32:01.320251+00:00,BTCUSD,viper,144388,M5,HOLD,HOLD,NONE,0,116.25938388867608,0,,,,,,,,,,,,,,,,22.0,22.0,66449.65,66459.63,66376.53,66380.37,,,,35.99771022048678,,,,,,,,,,,,,,66617.33800883338,,,,,,,SELL,,,,,18.24,pullback_not_near_ema;momentum_volume_low
2026-04-03T02:32:11.878517+00:00,BTCUSD,viper,144388,M5,HOLD,HOLD,NONE,0,116.82152674581862,0,,,,,,,,,,,,,,,,22.0,22.0,66449.65,66459.63,66368.66,66369.06,,,,35.618322270949335,,,,,,,,,,,,,,66616.26086597623,,,,,,,SELL,,,,,18.29,pullback_not_near_ema;momentum_volume_low
2026-04-03T02:32:22.482519+00:00,BTCUSD,viper,144388,M5,HOLD,HOLD,NONE,0,117.82581246010416,0,,,,,,,,,,,,,,,,22.0,22.0,66449.65,66459.63,66354.6,66354.92,,,,35.15510593052781,,,,,,,,,,,,,,66614.91419930957,,,,,,,SELL,,,,,18.37,pullback_not_near_ema;momentum_volume_low
2026-04-03T02:32:33.076236+00:00,BTCUSD,viper,144388,M5,HOLD,HOLD,NONE,0,118.24581246010449,0,,,,,,,,,,,,,,,,22.0,22.0,66449.65,66459.63,66348.72,66361.9,,,,35.38225024729283,,,,,,,,,,,,,,66615.57896121433,,,,,,,SELL,,,,,18.41,pullback_not_near_ema;momentum_volume_low
2026-04-03T02:32:43.743854+00:00,BTCUSD,viper,144388,M5,HOLD,HOLD,NONE,0,119.83866960296184,0,,,,,,,,,,,,,,,,22.0,22.0,66449.65,66459.63,66326.42,66340.42,,,,34.69244385791649,,,,,,,,,,,,,,66613.53324692862,,,,,,,SELL,,,,,18.54,pullback_not_near_ema;momentum_volume_low
2026-04-03T02:32:54.318065+00:00,BTCUSD,viper,144388,M5,HOLD,HOLD,NONE,0,119.83866960296184,0,,,,,,,,,,,,,,,,22.0,22.0,66449.65,66459.63,66326.42,66389.12,,,,36.29681547668396,,,,,,,,,,,,,,66618.17134216671,,,,,,,SELL,,,,,18.54,pullback_not_near_ema;momentum_volume_low
2026-04-03T02:33:04.903213+00:00,BTCUSD,viper,144388,M5,HOLD,HOLD,NONE,0,119.83866960296184,0,,,,,,,,,,,,,,,,22.0,22.0,66449.65,66459.63,66326.42,66413.58,,,,37.15993820152844,,,,,,,,,,,,,,66620.50086597624,,,,,,,SELL,,,,,18.54,pullback_not_near_ema;momentum_volume_low
2026-04-03T02:33:15.474263+00:00,BTCUSD,viper,144388,M5,HOLD,HOLD,NONE,0,119.83866960296184,0,,,,,,,,,,,,,,,,22.0,22.0,66449.65,66459.63,66326.42,66413.14,,,,37.144049459996474,,,,,,,,,,,,,,66620.45896121433,,,,,,,SELL,,,,,18.54,pullback_not_near_ema;momentum_volume_low
2026-04-03T02:33:26.067859+00:00,BTCUSD,viper,144388,M5,HOLD,HOLD,NONE,0,119.83866960296184,0,,,,,,,,,,,,,,,,22.0,22.0,66449.65,66459.63,66326.42,66423.59,,,,37.52511543080097,,,,,,,,,,,,,,66621.45419930956,,,,,,,SELL,,,,,18.54,pullback_not_near_ema;momentum_volume_low
2026-04-03T02:33:36.609889+00:00,BTCUSD,viper,144388,M5,HOLD,HOLD,NONE,0,119.83866960296184,0,,,,,,,,,,,,,,,,22.0,22.0,66449.65,66459.63,66326.42,66439.18,,,,38.108374046961856,,,,,,,,,,,,,,66622.93896121433,,,,,,,SELL,,,,,18.54,pullback_not_near_ema;momentum_volume_low
2026-04-03T02:33:37.421031+00:00,XAUUSD,viper,144388,M5,OUTSIDE_HOURS,OUTSIDE_HOURS,NONE,0,5.405325367263564,0,,,,,,,,,,,,,,,,0.34,0.34,4668.9,4673.32,4667.67,4670.82,,,,53.58433911787206,,,,,,,,,,,,,,,,,,,,,BOTH,,,,,21.52,pullback_weak_candle;momentum_volume_low
2026-04-03T02:33:47.683643+00:00,BTCUSD,viper,144388,M5,HOLD,HOLD,NONE,0,119.85581246010403,0,,,,,,,,,,,,,,,,22.0,22.0,66449.65,66459.87,66326.42,66441.68,,,,38.20359603929172,,,,,,,,,,,,,,66623.17705645242,,,,,,,SELL,,,,,18.54,pullback_not_near_ema;momentum_volume_low
2026-04-03T02:33:58.575021+00:00,BTCUSD,viper,144388,M5,HOLD,HOLD,NONE,0,119.85581246010403,0,,,,,,,,,,,,,,,,22.0,22.0,66449.65,66459.87,66326.42,66437.86,,,,38.05828806517276,,,,,,,,,,,,,,66622.81324692862,,,,,,,SELL,,,,,18.54,pullback_not_near_ema;momentum_volume_low
2026-04-03T02:34:09.124213+00:00,BTCUSD,viper,144388,M5,HOLD,HOLD,NONE,0,119.85581246010403,0,,,,,,,,,,,,,,,,22.0,22.0,66449.65,66459.87,66326.42,66457.14,,,,38.972892499297394,,,,,,,,,,,,,,66624.6494374048,,,,,,,SELL,,,,,18.54,pullback_not_near_ema;momentum_volume_low
2026-04-03T02:34:19.686519+00:00,BTCUSD,viper,144388,M5,HOLD,HOLD,NONE,0,119.85581246010403,0,,,,,,,,,,,,,,,,22.0,22.0,66449.65,66459.87,66326.42,66458.35,,,,39.04663029776808,,,,,,,,,,,,,,66624.76467550005,,,,,,,SELL,,,,,18.54,pullback_not_near_ema;momentum_volume_low
2026-04-03T02:34:30.290347+00:00,BTCUSD,viper,144388,M5,HOLD,HOLD,NONE,0,120.10509817439012,0,,,,,,,,,,,,,,,,22.0,22.0,66449.65,66463.36,66326.42,66458.13,,,,39.03323668216153,,,,,,,,,,,,,,66624.74372311909,,,,,,,SELL,,,,,18.54,pullback_not_near_ema;momentum_volume_low
2026-04-03T02:34:40.797324+00:00,BTCUSD,viper,144388,M5,HOLD,HOLD,NONE,0,120.10509817439012,0,,,,,,,,,,,,,,,,22.0,22.0,66449.65,66463.36,66326.42,66462.79,,,,39.315685523123626,,,,,,,,,,,,,,66625.1875326429,,,,,,,SELL,,,,,18.54,pullback_not_near_ema;momentum_volume_low
2026-04-03T02:34:51.373654+00:00,BTCUSD,viper,144388,M5,HOLD,HOLD,NONE,0,121.0936696029613,0,,,,,,,,,,,,,,,,22.0,22.0,66449.65,66477.2,66326.42,66472.68,,,,39.906545001250514,,,,,,,,,,,,,,66626.1294374048,,,,,,,SELL,,,,,18.54,pullback_not_near_ema;momentum_volume_low
2026-04-03T02:35:01.942030+00:00,BTCUSD,viper,144388,M5,HOLD,HOLD,NONE,0,112.77432664603013,0,,,,,,,,,,,,,,,,22.0,22.0,66474.69,66474.69,66470.54,66470.54,,,,39.85663638071838,,,,,,,,,,,,,,66611.51733672548,,,,,,,SELL,,,,,19.42,pullback_not_near_ema;momentum_volume_low
2026-04-03T02:35:12.461103+00:00,BTCUSD,viper,144388,M5,HOLD,HOLD,NONE,0,114.45646950317112,0,,,,,,,,,,,,,,,,22.0,22.0,66474.69,66498.4,66470.32,66498.3,,,,41.48537929016994,,,,,,,,,,,,,,66614.16114624929,,,,,,,SELL,,,,,19.19,pullback_not_near_ema;momentum_volume_low
2026-04-03T02:35:23.098909+00:00,BTCUSD,viper,144388,M5,HOLD,HOLD,NONE,0,114.6721837888857,0,,,,,,,,,,,,,,,,22.0,22.0,66474.69,66501.42,66470.32,66492.32,,,,41.1218926986457,,,,,,,,,,,,,,66613.59162243977,,,,,,,SELL,,,,,19.15,pullback_not_near_ema;momentum_volume_low
2026-04-03T02:35:23.884096+00:00,XAUUSD,viper,144388,M5,OUTSIDE_HOURS,OUTSIDE_HOURS,NONE,0,5.405325367263564,0,,,,,,,,,,,,,,,,0.34,0.34,4668.9,4673.32,4667.67,4670.82,,,,53.58433911787206,,,,,,,,,,,,,,,,,,,,,BOTH,,,,,21.52,pullback_weak_candle;momentum_volume_low
2026-04-03T02:35:34.194119+00:00,BTCUSD,viper,144388,M5,HOLD,HOLD,NONE,0,114.6721837888857,0,,,,,,,,,,,,,,,,22.0,22.0,66474.69,66501.42,66470.32,66482.64,,,,40.5238377176608,,,,,,,,,,,,,,66612.66971767785,,,,,,,SELL,,,,,19.15,pullback_not_near_ema;momentum_volume_low
2026-04-03T02:35:44.701442+00:00,BTCUSD,viper,144388,M5,HOLD,HOLD,NONE,0,116.82004093174335,0,,,,,,,,,,,,,,,,22.0,22.0,66474.69,66501.42,66440.25,66440.49,,,,38.63450106108973,,,,,,,,,,,,,,66608.65543196356,,,,,,,SELL,,,,,19.15,pullback_not_near_ema;momentum_volume_low
2026-04-03T02:35:55.239403+00:00,BTCUSD,viper,144388,M5,HOLD,HOLD,NONE,0,117.78504093174297,0,,,,,,,,,,,,,,,,22.0,22.0,66474.69,66501.42,66426.74,66426.92,,,,38.106837708423456,,,,,,,,,,,,,,66607.36305101118,,,,,,,SELL,,,,,19.15,pullback_not_near_ema;momentum_volume_low
2026-04-03T02:36:05.847023+00:00,BTCUSD,viper,144388,M5,HOLD,HOLD,NONE,0,117.80146950317229,0,,,,,,,,,,,,,,,,22.0,22.0,66474.69,66501.42,66426.51,66432.43,,,,38.31934382723244,,,,,,,,,,,,,,66607.88781291594,,,,,,,SELL,,,,,19.15,pullback_not_near_ema;momentum_volume_low
2026-04-03T02:36:16.412921+00:00,BTCUSD,viper,144388,M5,HOLD,HOLD,NONE,0,117.80146950317229,0,,,,,,,,,,,,,,,,22.0,22.0,66474.69,66501.42,66426.51,66460.18,,,,39.426655441580095,,,,,,,,,,,,,,66610.53067005881,,,,,,,SELL,,,,,19.15,pullback_not_near_ema;momentum_volume_low
2026-04-03T02:36:26.948257+00:00,BTCUSD,viper,144388,M5,HOLD,HOLD,NONE,0,117.80146950317229,0,,,,,,,,,,,,,,,,22.0,22.0,66474.69,66501.42,66426.51,66465.02,,,,39.62637403567019,,,,,,,,,,,,,,66610.99162243976,,,,,,,SELL,,,,,19.15,pullback_not_near_ema;momentum_volume_low
2026-04-03T02:36:37.671432+00:00,BTCUSD,viper,144388,M5,HOLD,HOLD,NONE,0,117.80146950317229,0,,,,,,,,,,,,,,,,22.0,22.0,66474.69,66501.42,66426.51,66467.56,,,,39.73199674634469,,,,,,,,,,,,,,66611.23352720166,,,,,,,SELL,,,,,19.15,pullback_not_near_ema;momentum_volume_low
2026-04-03T02:36:48.507519+00:00,BTCUSD,viper,144388,M5,HOLD,HOLD,NONE,0,117.80146950317229,0,,,,,,,,,,,,,,,,22.0,22.0,66474.69,66501.42,66426.51,66470.36,,,,39.84908562575719,,,,,,,,,,,,,,66611.50019386833,,,,,,,SELL,,,,,19.15,pullback_not_near_ema;momentum_volume_low
2026-04-03T02:36:59.220581+00:00,BTCUSD,viper,144388,M5,HOLD,HOLD,NONE,0,117.80146950317229,0,,,,,,,,,,,,,,,,22.0,22.0,66474.69,66501.42,66426.51,66476.71,,,,40.15142852226716,,,,,,,,,,,,,,66612.10495577309,,,,,,,SELL,,,,,19.15,pullback_not_near_ema;momentum_volume_low
2026-04-03T02:37:09.976532+00:00,BTCUSD,viper,144388,M5,HOLD,HOLD,NONE,0,117.80146950317229,0,,,,,,,,,,,,,,,,22.0,22.0,66474.69,66501.42,66426.51,66476.84,,,,40.159642628126655,,,,,,,,,,,,,,66612.11733672547,,,,,,,SELL,,,,,19.15,pullback_not_near_ema;momentum_volume_low
2026-04-03T02:37:11.131453+00:00,XAUUSD,viper,144388,M5,OUTSIDE_HOURS,OUTSIDE_HOURS,NONE,0,5.405325367263564,0,,,,,,,,,,,,,,,,0.34,0.34,4668.9,4673.32,4667.67,4670.82,,,,53.58433911787206,,,,,,,,,,,,,,,,,,,,,BOTH,,,,,21.52,pullback_weak_candle;momentum_volume_low
2026-04-03T02:37:21.660585+00:00,BTCUSD,viper,144388,M5,HOLD,HOLD,NONE,0,117.80146950317229,0,,,,,,,,,,,,,,,,22.0,22.0,66474.69,66501.42,66426.51,66471.29,,,,39.88812868483293,,,,,,,,,,,,,,66611.5887652969,,,,,,,SELL,,,,,19.15,pullback_not_near_ema;momentum_volume_low
2026-04-03T02:37:32.448609+00:00,BTCUSD,viper,144388,M5,HOLD,HOLD,NONE,0,117.80146950317229,0,,,,,,,,,,,,,,,,22.0,22.0,66474.69,66501.42,66426.51,66454.38,,,,39.18995906622399,,,,,,,,,,,,,,66609.97828910642,,,,,,,SELL,,,,,19.15,pullback_not_near_ema;momentum_volume_low
2026-04-03T02:37:43.007763+00:00,BTCUSD,viper,144388,M5,HOLD,HOLD,NONE,0,117.80146950317229,0,,,,,,,,,,,,,,,,22.0,22.0,66474.69,66501.42,66426.51,66452.16,,,,39.10011184487051,,,,,,,,,,,,,,66609.76686053499,,,,,,,SELL,,,,,19.15,pullback_not_near_ema;momentum_volume_low
2026-04-03T02:37:53.684121+00:00,BTCUSD,viper,144388,M5,HOLD,HOLD,NONE,0,117.80146950317229,0,,,,,,,,,,,,,,,,22.0,22.0,66474.69,66501.42,66426.51,66458.15,,,,39.34348716685215,,,,,,,,,,,,,,66610.33733672547,,,,,,,SELL,,,,,19.15,pullback_not_near_ema;momentum_volume_low
2026-04-03T02:38:04.232384+00:00,BTCUSD,viper,144388,M5,HOLD,HOLD,NONE,0,117.80146950317229,0,,,,,,,,,,,,,,,,22.0,22.0,66474.69,66501.42,66426.51,66463.7,,,,39.57170493942905,,,,,,,,,,,,,,66610.86590815404,,,,,,,SELL,,,,,19.15,pullback_not_near_ema;momentum_volume_low
2026-04-03T02:38:14.814637+00:00,BTCUSD,viper,144388,M5,HOLD,HOLD,NONE,0,117.80146950317229,0,,,,,,,,,,,,,,,,22.0,22.0,66474.69,66501.42,66426.51,66438.96,,,,38.574277919031566,,,,,,,,,,,,,,66608.50971767785,,,,,,,SELL,,,,,19.15,pullback_not_near_ema;momentum_volume_low
2026-04-03T02:38:25.430077+00:00,BTCUSD,viper,144388,M5,HOLD,HOLD,NONE,0,117.93075521745784,0,,,,,,,,,,,,,,,,22.0,22.0,66474.69,66501.42,66424.7,66433.42,,,,38.35777693946137,,,,,,,,,,,,,,66607.98209863024,,,,,,,SELL,,,,,19.15,pullback_not_near_ema;momentum_volume_low
2026-04-03T02:38:35.948653+00:00,BTCUSD,viper,144388,M5,HOLD,HOLD,NONE,0,118.98004093174372,0,,,,,,,,,,,,,,,,22.0,22.0,66474.69,66501.42,66410.01,66410.26,,,,37.47840629080202,,,,,,,,,,,,,,66605.77638434451,,,,,,,SELL,,,,,19.15,pullback_not_near_ema;momentum_volume_low
2026-04-03T02:38:46.450097+00:00,BTCUSD,viper,144388,M5,HOLD,HOLD,NONE,0,120.45361236031444,0,,,,,,,,,,,,,,,,22.0,22.0,66474.69,66501.42,66389.38,66389.78,,,,36.73371750222563,,,,,,,,,,,,,,66603.82590815405,,,,,,,SELL,,,,,19.15,pullback_not_near_ema;momentum_volume_low
2026-04-03T02:38:57.077843+00:00,BTCUSD,viper,144388,M5,HOLD,HOLD,NONE,0,122.84789807460044,0,,,,,,,,,,,,,,,,22.0,22.0,66474.69,66501.42,66355.86,66356.3,,,,35.57805402630359,,,,,,,,,,,,,,66600.63733672547,,,,,,,SELL,,,,,19.15,pullback_not_near_ema;momentum_volume_low
2026-04-03T02:38:57.848287+00:00,XAUUSD,viper,144388,M5,OUTSIDE_HOURS,OUTSIDE_HOURS,NONE,0,5.405325367263564,0,,,,,,,,,,,,,,,,0.34,0.34,4668.9,4673.32,4667.67,4670.82,,,,53.58433911787206,,,,,,,,,,,,,,,,,,,,,BOTH,,,,,21.52,pullback_weak_candle;momentum_volume_low
2026-04-03T02:39:08.175590+00:00,BTCUSD,viper,144388,M5,HOLD,HOLD,NONE,0,122.8578980746004,0,,,,,,,,,,,,,,,,22.0,22.0,66474.69,66501.42,66355.72,66356.33,,,,35.57905701663118,,,,,,,,,,,,,,66600.64019386833,,,,,,,SELL,,,,,19.15,pullback_not_near_ema;momentum_volume_low
2026-04-03T02:39:18.756834+00:00,BTCUSD,viper,144388,M5,HOLD,HOLD,NONE,0,125.62646950317145,0,,,,,,,,,,,,,,,,22.0,22.0,66474.69,66501.42,66316.96,66317.36,,,,34.322163847596016,,,,,,,,,,,,,,66596.9287652969,,,,,,,SELL,,,,,19.15,pullback_not_near_ema;momentum_volume_low
2026-04-03T02:39:29.240284+00:00,BTCUSD,viper,144388,M5,HOLD,HOLD,NONE,0,127.43789807460007,0,,,,,,,,,,,,,,,,22.0,22.0,66474.69,66501.42,66291.6,66291.6,,,,33.53897028321764,,,,,,,,,,,,,,66594.47543196357,,,,,,,SELL,,,,,19.62,pullback_not_near_ema;momentum_volume_low
2026-04-03T02:39:39.858297+00:00,BTCUSD,viper,144388,M5,HOLD,HOLD,NONE,0,127.45075521745775,0,,,,,,,,,,,,,,,,22.0,22.0,66474.69,66501.42,66291.42,66295.74,,,,33.66242118934851,,,,,,,,,,,,,,66594.86971767785,,,,,,,SELL,,,,,19.62,pullback_not_near_ema;momentum_volume_low
2026-04-03T02:39:50.418360+00:00,BTCUSD,viper,144388,M5,HOLD,HOLD,NONE,0,127.49218378888645,0,,,,,,,,,,,,,,,,22.0,22.0,66474.69,66501.42,66290.84,66295.18,,,,33.64566939177787,,,,,,,,,,,,,,66594.81638434452,,,,,,,SELL,,,,,19.63,pullback_not_near_ema;momentum_volume_low
2026-04-03T02:40:01.036339+00:00,BTCUSD,viper,144388,M5,HOLD,HOLD,NONE,0,118.40702839341186,0,,,,,,,,,,,,,,,,22.0,22.0,66293.0,66293.3,66293.0,66293.3,,,,33.59964477300764,,,,,,,,,,,,,,66565.9126922867,,,,,,,SELL,,,,,20.64,pullback_not_near_ema;momentum_volume_low
2026-04-03T02:40:11.598716+00:00,BTCUSD,viper,144388,M5,HOLD,HOLD,NONE,0,119.9284569648396,0,,,,,,,,,,,,,,,,22.0,22.0,66293.0,66301.06,66279.46,66286.22,,,,33.364551676123185,,,,,,,,,,,,,,66565.2384065724,,,,,,,SELL,,,,,20.71,pullback_not_near_ema;momentum_volume_low
2026-04-03T02:40:22.115252+00:00,BTCUSD,viper,144388,M5,HOLD,HOLD,NONE,0,120.93988553626842,0,,,,,,,,,,,,,,,,22.0,22.0,66293.0,66315.22,66279.46,66314.87,,,,34.939673666650336,,,,,,,,,,,,,,66567.96697800099,,,,,,,SELL,,,,,20.71,pullback_not_near_ema;momentum_volume_low
2026-04-03T02:40:32.890049+00:00,BTCUSD,viper,144388,M5,HOLD,HOLD,NONE,0,123.25131410769703,0,,,,,,,,,,,,,,,,22.0,22.0,66293.0,66347.58,66279.46,66336.34,,,,36.22083692498898,,,,,,,,,,,,,,66570.01173990575,,,,,,,SELL,,,,,20.71,pullback_not_near_ema;momentum_volume_low
2026-04-03T02:40:43.413157+00:00,BTCUSD,viper,144388,M5,HOLD,HOLD,NONE,0,123.25131410769703,0,,,,,,,,,,,,,,,,22.0,22.0,66293.0,66347.58,66279.46,66344.66,,,,36.70384771248763,,,,,,,,,,,,,,66570.80412085813,,,,,,,SELL,,,,,20.71,pullback_not_near_ema;momentum_volume_low
2026-04-03T02:40:44.187028+00:00,XAUUSD,viper,144388,M5,OUTSIDE_HOURS,OUTSIDE_HOURS,NONE,0,5.405325367263564,0,,,,,,,,,,,,,,,,0.34,0.34,4668.9,4673.32,4667.67,4670.82,,,,53.58433911787206,,,,,,,,,,,,,,,,,,,,,BOTH,,,,,21.52,pullback_weak_candle;momentum_volume_low
2026-04-03T02:40:54.461832+00:00,BTCUSD,viper,144388,M5,HOLD,HOLD,NONE,0,123.25131410769703,0,,,,,,,,,,,,,,,,22.0,22.0,66293.0,66347.58,66279.46,66336.82,,,,36.2489032203815,,,,,,,,,,,,,,66570.05745419145,,,,,,,SELL,,,,,20.71,pullback_not_near_ema;momentum_volume_low
2026-04-03T02:41:05.076133+00:00,BTCUSD,viper,144388,M5,HOLD,HOLD,NONE,0,124.33988553626884,0,,,,,,,,,,,,,,,,22.0,22.0,66293.0,66362.82,66279.46,66347.5,,,,36.867051075481136,,,,,,,,,,,,,,66571.0745970486,,,,,,,SELL,,,,,20.71,pullback_not_near_ema;momentum_volume_low
2026-04-03T02:41:15.653744+00:00,BTCUSD,viper,144388,M5,HOLD,HOLD,NONE,0,124.33988553626884,0,,,,,,,,,,,,,,,,22.0,22.0,66293.0,66362.82,66279.46,66323.82,,,,35.479944327013996,,,,,,,,,,,,,,66568.81935895336,,,,,,,SELL,,,,,20.71,pullback_not_near_ema;momentum_volume_low
2026-04-03T02:41:26.200252+00:00,BTCUSD,viper,144388,M5,HOLD,HOLD,NONE,0,124.58559982198328,0,,,,,,,,,,,,,,,,22.0,22.0,66293.0,66362.82,66276.02,66276.44,,,,33.05773373726315,,,,,,,,,,,,,,66564.30697800098,,,,,,,SELL,,,,,20.73,pullback_not_near_ema;momentum_volume_low
2026-04-03T02:41:36.710266+00:00,BTCUSD,viper,144388,M5,HOLD,HOLD,NONE,0,124.58559982198328,0,,,,,,,,,,,,,,,,22.0,22.0,66293.0,66362.82,66276.02,66277.86,,,,33.10193129553652,,,,,,,,,,,,,,66564.44221609621,,,,,,,SELL,,,,,20.73,pullback_not_near_ema;momentum_volume_low
2026-04-03T02:41:47.313195+00:00,BTCUSD,viper,144388,M5,HOLD,HOLD,NONE,0,124.58559982198328,0,,,,,,,,,,,,,,,,22.0,22.0,66293.0,66362.82,66276.02,66285.6,,,,33.34493206737592,,,,,,,,,,,,,,66565.17935895336,,,,,,,SELL,,,,,20.73,pullback_not_near_ema;momentum_volume_low
2026-04-03T02:41:57.890349+00:00,BTCUSD,viper,144388,M5,HOLD,HOLD,NONE,0,124.96274267912607,0,,,,,,,,,,,,,,,,22.0,22.0,66293.0,66362.82,66270.74,66271.38,,,,32.90119608963087,,,,,,,,,,,,,,66563.82507323907,,,,,,,SELL,,,,,20.76,pullback_not_near_ema;momentum_volume_low
2026-04-03T02:42:08.403884+00:00,BTCUSD,viper,144388,M5,HOLD,HOLD,NONE,0,124.96988553626933,0,,,,,,,,,,,,,,,,22.0,22.0,66293.0,66362.82,66270.64,66277.39,,,,33.08728944720153,,,,,,,,,,,,,,66564.39745419145,,,,,,,SELL,,,,,20.76,pullback_not_near_ema;momentum_volume_low
2026-04-03T02:42:18.977805+00:00,BTCUSD,viper,144388,M5,HOLD,HOLD,NONE,0,124.96988553626933,0,,,,,,,,,,,,,,,,22.0,22.0,66293.0,66362.82,66270.64,66303.54,,,,34.24261706412477,,,,,,,,,,,,,,66566.88793038193,,,,,,,SELL,,,,,20.76,pullback_not_near_ema;momentum_volume_low
2026-04-03T02:42:29.504726+00:00,BTCUSD,viper,144388,M5,HOLD,HOLD,NONE,0,124.96988553626933,0,,,,,,,,,,,,,,,,22.0,22.0,66293.0,66362.82,66270.64,66310.68,,,,34.68362074248856,,,,,,,,,,,,,,66567.56793038193,,,,,,,SELL,,,,,20.76,pullback_not_near_ema;momentum_volume_low
2026-04-03T02:42:30.234133+00:00,XAUUSD,viper,144388,M5,OUTSIDE_HOURS,OUTSIDE_HOURS,NONE,0,5.405325367263564,0,,,,,,,,,,,,,,,,0.34,0.34,4668.9,4673.32,4667.67,4670.82,,,,53.58433911787206,,,,,,,,,,,,,,,,,,,,,BOTH,,,,,21.52,pullback_weak_candle;momentum_volume_low
2026-04-03T02:42:40.509031+00:00,BTCUSD,viper,144388,M5,HOLD,HOLD,NONE,0,124.96988553626933,0,,,,,,,,,,,,,,,,22.0,22.0,66293.0,66362.82,66270.64,66330.17,,,,35.85785513672286,,,,,,,,,,,,,,66569.42412085812,,,,,,,SELL,,,,,20.76,pullback_not_near_ema;momentum_volume_low
2026-04-03T02:42:51.016331+00:00,BTCUSD,viper,144388,M5,HOLD,HOLD,NONE,0,124.96988553626933,0,,,,,,,,,,,,,,,,22.0,22.0,66293.0,66362.82,66270.64,66343.19,,,,36.619040882552014,,,,,,,,,,,,,,66570.66412085813,,,,,,,SELL,,,,,20.76,pullback_not_near_ema;momentum_volume_low
2026-04-03T02:43:01.546958+00:00,BTCUSD,viper,144388,M5,HOLD,HOLD,NONE,0,125.41417125055409,0,,,,,,,,,,,,,,,,22.0,22.0,66293.0,66369.04,66270.64,66368.52,,,,38.0493092296715,,,,,,,,,,,,,,66573.0765018105,,,,,,,SELL,,,,,20.76,pullback_not_near_ema;momentum_volume_low
2026-04-03T02:43:12.140813+00:00,BTCUSD,viper,144388,M5,HOLD,HOLD,NONE,0,126.00417125055476,0,,,,,,,,,,,,,,,,22.0,22.0,66293.0,66377.3,66270.64,66357.02,,,,37.40804071470541,,,,,,,,,,,,,,66571.98126371526,,,,,,,SELL,,,,,20.76,pullback_not_near_ema;momentum_volume_low
2026-04-03T02:43:22.811792+00:00,BTCUSD,viper,144388,M5,HOLD,HOLD,NONE,0,126.00417125055476,0,,,,,,,,,,,,,,,,22.0,22.0,66293.0,66377.3,66270.64,66347.26,,,,36.853291804916246,,,,,,,,,,,,,,66571.05173990574,,,,,,,SELL,,,,,20.76,pullback_not_near_ema;momentum_volume_low
2026-04-03T02:43:33.440496+00:00,BTCUSD,viper,144388,M5,HOLD,HOLD,NONE,0,126.00417125055476,0,,,,,,,,,,,,,,,,22.0,22.0,66293.0,66377.3,66270.64,66373.4,,,,38.317476324371626,,,,,,,,,,,,,,66573.54126371526,,,,,,,SELL,,,,,20.76,pullback_not_near_ema;momentum_volume_low
2026-04-03T02:43:43.927839+00:00,BTCUSD,viper,144388,M5,HOLD,HOLD,NONE,0,126.00417125055476,0,,,,,,,,,,,,,,,,22.0,22.0,66293.0,66377.3,66270.64,66349.5,,,,36.98147890383071,,,,,,,,,,,,,,66571.26507323908,,,,,,,SELL,,,,,20.76,pullback_not_near_ema;momentum_volume_low
2026-04-03T02:43:54.431538+00:00,BTCUSD,viper,144388,M5,HOLD,HOLD,NONE,0,126.00417125055476,0,,,,,,,,,,,,,,,,22.0,22.0,66293.0,66377.3,66270.64,66348.78,,,,36.940332701617756,,,,,,,,,,,,,,66571.19650181051,,,,,,,SELL,,,,,20.76,pullback_not_near_ema;momentum_volume_low
2026-04-03T02:44:05.013133+00:00,BTCUSD,viper,144388,M5,HOLD,HOLD,NONE,0,126.00417125055476,0,,,,,,,,,,,,,,,,22.0,22.0,66293.0,66377.3,66270.64,66342.83,,,,36.598237209580375,,,,,,,,,,,,,,66570.62983514383,,,,,,,SELL,,,,,20.76,pullback_not_near_ema;momentum_volume_low
2026-04-03T02:44:15.565570+00:00,BTCUSD,viper,144388,M5,HOLD,HOLD,NONE,0,126.00417125055476,0,,,,,,,,,,,,,,,,22.0,22.0,66293.0,66377.3,66270.64,66342.78,,,,36.595346730391896,,,,,,,,,,,,,,66570.62507323908,,,,,,,SELL,,,,,20.76,pullback_not_near_ema;momentum_volume_low
2026-04-03T02:44:16.456149+00:00,XAUUSD,viper,144388,M5,OUTSIDE_HOURS,OUTSIDE_HOURS,NONE,0,5.405325367263564,0,,,,,,,,,,,,,,,,0.34,0.34,4668.9,4673.32,4667.67,4670.82,,,,53.58433911787206,,,,,,,,,,,,,,,,,,,,,BOTH,,,,,21.52,pullback_weak_candle;momentum_volume_low
2026-04-03T02:44:26.787719+00:00,BTCUSD,viper,144388,M5,HOLD,HOLD,NONE,0,126.00417125055476,0,,,,,,,,,,,,,,,,22.0,22.0,66293.0,66377.3,66270.64,66330.48,,,,35.87619102108604,,,,,,,,,,,,,,66569.45364466765,,,,,,,SELL,,,,,20.76,pullback_not_near_ema;momentum_volume_low
2026-04-03T02:44:37.345436+00:00,BTCUSD,viper,144388,M5,HOLD,HOLD,NONE,0,126.00417125055476,0,,,,,,,,,,,,,,,,22.0,22.0,66293.0,66377.3,66270.64,66335.84,,,,36.19157491033477,,,,,,,,,,,,,,66569.96412085812,,,,,,,SELL,,,,,20.76,pullback_not_near_ema;momentum_volume_low
2026-04-03T02:44:48.236878+00:00,BTCUSD,viper,144388,M5,HOLD,HOLD,NONE,0,126.00417125055476,0,,,,,,,,,,,,,,,,22.0,22.0,66293.0,66377.3,66270.64,66340.84,,,,36.48299228256231,,,,,,,,,,,,,,66570.44031133431,,,,,,,SELL,,,,,20.76,pullback_not_near_ema;momentum_volume_low
2026-04-03T02:44:59.142276+00:00,BTCUSD,viper,144388,M5,HOLD,HOLD,NONE,0,126.00417125055476,0,,,,,,,,,,,,,,,,22.0,22.0,66293.0,66377.3,66270.64,66338.86,,,,36.3679099153598,,,,,,,,,,,,,,66570.25173990574,,,,,,,SELL,,,,,20.76,pullback_not_near_ema;momentum_volume_low
2026-04-03T02:45:09.877428+00:00,BTCUSD,viper,144388,M5,HOLD,HOLD,NONE,0,117.63529831190877,0,,,,,,,,,,,,,,,,22.0,22.0,66338.42,66338.8,66329.96,66332.54,,,,36.1332834857793,,,,,,,,,,,,,,66547.57633587597,,,,,,,SELL,,,,,21.81,pullback_not_near_ema;momentum_volume_low
2026-04-03T02:45:20.507265+00:00,BTCUSD,viper,144388,M5,HOLD,HOLD,NONE,0,119.01101259762373,0,,,,,,,,,,,,,,,,22.0,22.0,66338.42,66338.8,66310.7,66313.04,,,,35.45563209498195,,,,,,,,,,,,,,66545.71919301883,,,,,,,SELL,,,,,21.81,pullback_not_near_ema;momentum_volume_low
2026-04-03T02:45:31.260659+00:00,BTCUSD,viper,144388,M5,HOLD,HOLD,NONE,0,119.31244116905238,0,,,,,,,,,,,,,,,,22.0,22.0,66338.42,66338.8,66306.48,66312.73,,,,35.44506436379744,,,,,,,,,,,,,,66545.6896692093,,,,,,,SELL,,,,,21.81,pullback_not_near_ema;momentum_volume_low
2026-04-03T02:45:42.052328+00:00,BTCUSD,viper,144388,M5,HOLD,HOLD,NONE,0,119.31244116905238,0,,,,,,,,,,,,,,,,22.0,22.0,66338.42,66338.8,66306.48,66312.61,,,,35.440975320187874,,,,,,,,,,,,,,66545.67824063788,,,,,,,SELL,,,,,21.81,pullback_not_near_ema;momentum_volume_low
2026-04-03T02:45:52.722218+00:00,BTCUSD,viper,144388,M5,HOLD,HOLD,NONE,0,119.31244116905238,0,,,,,,,,,,,,,,,,22.0,22.0,66338.42,66338.8,66306.48,66330.31,,,,36.05447906551692,,,,,,,,,,,,,,66547.36395492358,,,,,,,SELL,,,,,21.81,pullback_not_near_ema;momentum_volume_low
2026-04-03T02:46:03.405702+00:00,BTCUSD,viper,144388,M5,HOLD,HOLD,NONE,0,119.31244116905238,0,,,,,,,,,,,,,,,,22.0,22.0,66338.42,66338.8,66306.48,66330.06,,,,36.04566591172316,,,,,,,,,,,,,,66547.34014539978,,,,,,,SELL,,,,,21.81,pullback_not_near_ema;momentum_volume_low
2026-04-03T02:46:04.407661+00:00,XAUUSD,viper,144388,M5,OUTSIDE_HOURS,OUTSIDE_HOURS,NONE,0,5.405325367263564,0,,,,,,,,,,,,,,,,0.34,0.34,4668.9,4673.32,4667.67,4670.82,,,,53.58433911787206,,,,,,,,,,,,,,,,,,,,,BOTH,,,,,21.52,pullback_weak_candle;momentum_volume_low
2026-04-03T02:46:14.754637+00:00,BTCUSD,viper,144388,M5,HOLD,HOLD,NONE,0,119.31244116905238,0,,,,,,,,,,,,,,,,22.0,22.0,66338.42,66338.8,66306.48,66315.19,,,,35.52909818699396,,,,,,,,,,,,,,66545.92395492358,,,,,,,SELL,,,,,21.81,pullback_not_near_ema;momentum_volume_low
2026-04-03T02:46:25.212686+00:00,BTCUSD,viper,144388,M5,HOLD,HOLD,NONE,0,119.31244116905238,0,,,,,,,,,,,,,,,,22.0,22.0,66338.42,66338.8,66306.48,66319.98,,,,35.69387361224783,,,,,,,,,,,,,,66546.38014539977,,,,,,,SELL,,,,,21.81,pullback_not_near_ema;momentum_volume_low
2026-04-03T02:46:35.718366+00:00,BTCUSD,viper,144388,M5,HOLD,HOLD,NONE,0,119.31244116905238,0,,,,,,,,,,,,,,,,22.0,22.0,66338.42,66338.8,66306.48,66335.7,,,,36.24554430288172,,,,,,,,,,,,,,66547.87728825692,,,,,,,SELL,,,,,21.81,pullback_not_near_ema;momentum_volume_low
2026-04-03T02:46:46.261501+00:00,BTCUSD,viper,144388,M5,HOLD,HOLD,NONE,0,120.07244116905234,0,,,,,,,,,,,,,,,,22.0,22.0,66338.42,66349.44,66306.48,66349.18,,,,37.0103778655146,,,,,,,,,,,,,,66549.16109778073,,,,,,,SELL,,,,,21.81,pullback_not_near_ema;momentum_volume_low
2026-04-03T02:46:56.762701+00:00,BTCUSD,viper,144388,M5,HOLD,HOLD,NONE,0,120.07244116905234,0,,,,,,,,,,,,,,,,22.0,22.0,66338.42,66349.44,66306.48,66335.34,,,,36.232719900815134,,,,,,,,,,,,,,66547.84300254264,,,,,,,SELL,,,,,21.81,pullback_not_near_ema;momentum_volume_low
2026-04-03T02:47:07.323250+00:00,BTCUSD,viper,144388,M5,HOLD,HOLD,NONE,0,120.07244116905234,0,,,,,,,,,,,,,,,,22.0,22.0,66338.42,66349.44,66306.48,66335.44,,,,36.23628132432606,,,,,,,,,,,,,,66547.85252635216,,,,,,,SELL,,,,,21.81,pullback_not_near_ema;momentum_volume_low
2026-04-03T02:47:17.949520+00:00,BTCUSD,viper,144388,M5,HOLD,HOLD,NONE,0,120.07244116905234,0,,,,,,,,,,,,,,,,22.0,22.0,66338.42,66349.44,66306.48,66335.12,,,,36.224887232760665,,,,,,,,,,,,,,66547.82205016169,,,,,,,SELL,,,,,21.81,pullback_not_near_ema;momentum_volume_low
2026-04-03T02:47:28.462797+00:00,BTCUSD,viper,144388,M5,HOLD,HOLD,NONE,0,120.07244116905234,0,,,,,,,,,,,,,,,,22.0,22.0,66338.42,66349.44,66306.48,66342.32,,,,36.58601213004971,,,,,,,,,,,,,,66548.5077644474,,,,,,,SELL,,,,,21.81,pullback_not_near_ema;momentum_volume_low
2026-04-03T02:47:39.018662+00:00,BTCUSD,viper,144388,M5,HOLD,HOLD,NONE,0,120.07244116905234,0,,,,,,,,,,,,,,,,22.0,22.0,66338.42,66349.44,66306.48,66332.46,,,,36.130450464389426,,,,,,,,,,,,,,66547.56871682835,,,,,,,SELL,,,,,21.81,pullback_not_near_ema;momentum_volume_low
2026-04-03T02:47:49.468729+00:00,BTCUSD,viper,144388,M5,HOLD,HOLD,NONE,0,120.07244116905234,0,,,,,,,,,,,,,,,,22.0,22.0,66338.42,66349.44,66306.48,66339.2,,,,36.39110864176731,,,,,,,,,,,,,,66548.21062159026,,,,,,,SELL,,,,,21.81,pullback_not_near_ema;momentum_volume_low
2026-04-03T02:47:50.218199+00:00,XAUUSD,viper,144388,M5,OUTSIDE_HOURS,OUTSIDE_HOURS,NONE,0,5.405325367263564,0,,,,,,,,,,,,,,,,0.34,0.34,4668.9,4673.32,4667.67,4670.82,,,,53.58433911787206,,,,,,,,,,,,,,,,,,,,,BOTH,,,,,21.52,pullback_weak_candle;momentum_volume_low
2026-04-03T02:48:00.595439+00:00,BTCUSD,viper,144388,M5,HOLD,HOLD,NONE,0,120.07244116905234,0,,,,,,,,,,,,,,,,22.0,22.0,66338.42,66349.44,66306.48,66349.22,,,,37.01283564648894,,,,,,,,,,,,,,66549.16490730454,,,,,,,SELL,,,,,21.81,pullback_not_near_ema;momentum_volume_low
2026-04-03T02:48:11.159142+00:00,BTCUSD,viper,144388,M5,HOLD,HOLD,NONE,0,120.63386974048095,0,,,,,,,,,,,,,,,,22.0,22.0,66338.42,66357.3,66306.48,66357.3,,,,37.505405691680984,,,,,,,,,,,,,,66549.93443111406,,,,,,,SELL,,,,,21.81,pullback_not_near_ema;momentum_volume_low
2026-04-03T02:48:21.733128+00:00,BTCUSD,viper,144388,M5,HOLD,HOLD,NONE,0,121.73672688333826,0,,,,,,,,,,,,,,,,22.0,22.0,66338.42,66372.74,66306.48,66356.64,,,,37.46546013538183,,,,,,,,,,,,,,66549.8715739712,,,,,,,SELL,,,,,21.81,pullback_not_near_ema;momentum_volume_low
2026-04-03T02:48:32.277966+00:00,BTCUSD,viper,144388,M5,HOLD,HOLD,NONE,0,121.73672688333826,0,,,,,,,,,,,,,,,,22.0,22.0,66338.42,66372.74,66306.48,66346.54,,,,36.84773914113459,,,,,,,,,,,,,,66548.9096692093,,,,,,,SELL,,,,,21.81,pullback_not_near_ema;momentum_volume_low
2026-04-03T02:48:42.822677+00:00,BTCUSD,viper,144388,M5,HOLD,HOLD,NONE,0,121.73672688333826,0,,,,,,,,,,,,,,,,22.0,22.0,66338.42,66372.74,66306.48,66346.57,,,,36.849592026046686,,,,,,,,,,,,,,66548.91252635216,,,,,,,SELL,,,,,21.81,pullback_not_near_ema;momentum_volume_low
2026-04-03T02:48:53.275987+00:00,BTCUSD,viper,144388,M5,HOLD,HOLD,NONE,0,121.73672688333826,0,,,,,,,,,,,,,,,,22.0,22.0,66338.42,66372.74,66306.48,66333.88,,,,36.18080272585636,,,,,,,,,,,,,,66547.70395492359,,,,,,,SELL,,,,,21.81,pullback_not_near_ema;momentum_volume_low
2026-04-03T02:49:03.760206+00:00,BTCUSD,viper,144388,M5,HOLD,HOLD,NONE,0,121.73672688333826,0,,,,,,,,,,,,,,,,22.0,22.0,66338.42,66372.74,66306.48,66352.19,,,,37.19479160994528,,,,,,,,,,,,,,66549.4477644474,,,,,,,SELL,,,,,21.81,pullback_not_near_ema;momentum_volume_low
2026-04-03T02:49:14.340723+00:00,BTCUSD,viper,144388,M5,HOLD,HOLD,NONE,0,121.73672688333826,0,,,,,,,,,,,,,,,,22.0,22.0,66338.42,66372.74,66306.48,66345.3,,,,36.771057989001726,,,,,,,,,,,,,,66548.7915739712,,,,,,,SELL,,,,,21.81,pullback_not_near_ema;momentum_volume_low
2026-04-03T02:49:24.921203+00:00,BTCUSD,viper,144388,M5,HOLD,HOLD,NONE,0,121.73672688333826,0,,,,,,,,,,,,,,,,22.0,22.0,66338.42,66372.74,66306.48,66351.5,,,,37.1526128210784,,,,,,,,,,,,,,66549.38205016169,,,,,,,SELL,,,,,21.81,pullback_not_near_ema;momentum_volume_low
2026-04-03T02:49:35.446811+00:00,BTCUSD,viper,144388,M5,HOLD,HOLD,NONE,0,121.73672688333826,0,,,,,,,,,,,,,,,,22.0,22.0,66338.42,66372.74,66306.48,66355.53,,,,37.39816368826438,,,,,,,,,,,,,,66549.76585968549,,,,,,,SELL,,,,,21.81,pullback_not_near_ema;momentum_volume_low
2026-04-03T02:49:36.286582+00:00,XAUUSD,viper,144388,M5,OUTSIDE_HOURS,OUTSIDE_HOURS,NONE,0,5.405325367263564,0,,,,,,,,,,,,,,,,0.34,0.34,4668.9,4673.32,4667.67,4670.82,,,,53.58433911787206,,,,,,,,,,,,,,,,,,,,,BOTH,,,,,21.52,pullback_weak_candle;momentum_volume_low
2026-04-03T02:49:46.655175+00:00,BTCUSD,viper,144388,M5,HOLD,HOLD,NONE,0,121.8552983119089,0,,,,,,,,,,,,,,,,22.0,22.0,66338.42,66374.4,66306.48,66374.17,,,,38.50939349929909,,,,,,,,,,,,,,66551.54109778073,,,,,,,SELL,,,,,21.81,pullback_not_near_ema;momentum_volume_low
2026-04-03T02:49:57.146508+00:00,BTCUSD,viper,144388,M5,HOLD,HOLD,NONE,0,122.09672688333781,0,,,,,,,,,,,,,,,,22.0,22.0,66338.42,66377.78,66306.48,66377.52,,,,38.704936021579,,,,,,,,,,,,,,66551.86014539978,,,,,,,SELL,,,,,21.8,pullback_not_near_ema;momentum_volume_low
2026-04-03T02:50:07.707135+00:00,BTCUSD,viper,144388,M5,HOLD,HOLD,NONE,0,114.20053224912239,0,,,,,,,,,,,,,,,,22.0,22.0,66377.62,66380.96,66369.41,66375.58,,,,38.62720017633401,,,,,,,,,,,,,,66535.06639017811,,,,,,,SELL,,,,,22.73,pullback_not_near_ema;momentum_volume_low
2026-04-03T02:50:18.258850+00:00,BTCUSD,viper,144388,M5,HOLD,HOLD,NONE,0,114.28981796340811,0,,,,,,,,,,,,,,,,22.0,22.0,66377.62,66380.96,66368.16,66368.84,,,,38.36336075783512,,,,,,,,,,,,,,66534.42448541621,,,,,,,SELL,,,,,22.73,pullback_not_near_ema;momentum_volume_low
2026-04-03T02:50:28.981199+00:00,BTCUSD,viper,144388,M5,HOLD,HOLD,NONE,0,114.46410367769398,0,,,,,,,,,,,,,,,,22.0,22.0,66377.62,66380.96,66365.72,66366.12,,,,38.257903463331445,,,,,,,,,,,,,,66534.16543779716,,,,,,,SELL,,,,,22.73,pullback_not_near_ema;momentum_volume_low
2026-04-03T02:50:39.618812+00:00,BTCUSD,viper,144388,M5,HOLD,HOLD,NONE,0,114.66124653483648,0,,,,,,,,,,,,,,,,22.0,22.0,66377.62,66383.72,66365.72,66383.46,,,,39.07515879191232,,,,,,,,,,,,,,66535.81686636858,,,,,,,SELL,,,,,22.69,pullback_not_near_ema;momentum_volume_low
2026-04-03T02:50:50.199523+00:00,BTCUSD,viper,144388,M5,HOLD,HOLD,NONE,0,115.06696082055026,0,,,,,,,,,,,,,,,,22.0,22.0,66377.62,66389.4,66365.72,66389.1,,,,39.42232139203498,,,,,,,,,,,,,,66536.35400922573,,,,,,,SELL,,,,,22.61,pullback_not_near_ema;momentum_volume_low
2026-04-03T02:51:00.759169+00:00,BTCUSD,viper,144388,M5,HOLD,HOLD,NONE,0,115.06696082055026,0,,,,,,,,,,,,,,,,22.0,22.0,66377.62,66389.4,66365.72,66387.06,,,,39.29720959986341,,,,,,,,,,,,,,66536.15972351145,,,,,,,SELL,,,,,22.61,pullback_not_near_ema;momentum_volume_low
2026-04-03T02:51:11.269552+00:00,BTCUSD,viper,144388,M5,HOLD,HOLD,NONE,0,115.06696082055026,0,,,,,,,,,,,,,,,,22.0,22.0,66377.62,66389.4,66365.72,66386.98,,,,39.29229272371,,,,,,,,,,,,,,66536.15210446382,,,,,,,SELL,,,,,22.61,pullback_not_near_ema;momentum_volume_low
2026-04-03T02:51:21.789255+00:00,BTCUSD,viper,144388,M5,HOLD,HOLD,NONE,0,115.06696082055026,0,,,,,,,,,,,,,,,,22.0,22.0,66377.62,66389.4,66365.72,66386.3,,,,39.25046709451883,,,,,,,,,,,,,,66536.08734255907,,,,,,,SELL,,,,,22.61,pullback_not_near_ema;momentum_volume_low
2026-04-03T02:51:22.569588+00:00,XAUUSD,viper,144388,M5,OUTSIDE_HOURS,OUTSIDE_HOURS,NONE,0,5.405325367263564,0,,,,,,,,,,,,,,,,0.34,0.34,4668.9,4673.32,4667.67,4670.82,,,,53.58433911787206,,,,,,,,,,,,,,,,,,,,,BOTH,,,,,21.52,pullback_weak_candle;momentum_volume_low
2026-04-03T02:51:32.972790+00:00,BTCUSD,viper,144388,M5,HOLD,HOLD,NONE,0,115.06696082055026,0,,,,,,,,,,,,,,,,22.0,22.0,66377.62,66389.4,66365.72,66386.39,,,,39.25600614841744,,,,,,,,,,,,,,66536.09591398764,,,,,,,SELL,,,,,22.61,pullback_not_near_ema;momentum_volume_low
2026-04-03T02:51:43.820128+00:00,BTCUSD,viper,144388,M5,HOLD,HOLD,NONE,0,115.06838939197912,0,,,,,,,,,,,,,,,,22.0,22.0,66377.62,66389.42,66365.72,66388.78,,,,39.40273012794754,,,,,,,,,,,,,,66536.32353303525,,,,,,,SELL,,,,,22.61,pullback_not_near_ema;momentum_volume_low
2026-04-03T02:51:54.609022+00:00,BTCUSD,viper,144388,M5,HOLD,HOLD,NONE,0,115.71981796340737,0,,,,,,,,,,,,,,,,22.0,22.0,66377.62,66398.54,66365.72,66392.4,,,,39.62361984344945,,,,,,,,,,,,,,66536.66829494001,,,,,,,SELL,,,,,22.49,pullback_not_near_ema;momentum_volume_low
2026-04-03T02:52:05.281433+00:00,BTCUSD,viper,144388,M5,HOLD,HOLD,NONE,0,115.71981796340737,0,,,,,,,,,,,,,,,,22.0,22.0,66377.62,66398.54,66365.72,66388.52,,,,39.386802892736526,,,,,,,,,,,,,,66536.29877113049,,,,,,,SELL,,,,,22.49,pullback_not_near_ema;momentum_volume_low
2026-04-03T02:52:15.899257+00:00,BTCUSD,viper,144388,M5,HOLD,HOLD,NONE,0,115.71981796340737,0,,,,,,,,,,,,,,,,22.0,22.0,66377.62,66398.54,66365.72,66393.92,,,,39.71588979875991,,,,,,,,,,,,,,66536.81305684478,,,,,,,SELL,,,,,22.49,pullback_not_near_ema;momentum_volume_low
2026-04-03T02:52:26.409292+00:00,BTCUSD,viper,144388,M5,HOLD,HOLD,NONE,0,116.44410367769304,0,,,,,,,,,,,,,,,,22.0,22.0,66377.62,66408.68,66365.72,66408.34,,,,40.57741200014123,,,,,,,,,,,,,,66538.1863901781,,,,,,,SELL,,,,,22.36,pullback_not_near_ema;momentum_volume_low
2026-04-03T02:52:36.885519+00:00,BTCUSD,viper,144388,M5,HOLD,HOLD,NONE,0,117.07124653483685,0,,,,,,,,,,,,,,,,22.0,22.0,66377.62,66417.46,66365.72,66417.02,,,,41.084227235641315,,,,,,,,,,,,,,66539.01305684478,,,,,,,SELL,,,,,22.25,pullback_not_near_ema;momentum_volume_low
2026-04-03T02:52:47.441301+00:00,BTCUSD,viper,144388,M5,HOLD,HOLD,NONE,0,118.63553224912215,0,,,,,,,,,,,,,,,,22.0,22.0,66377.62,66439.36,66365.72,66438.89,,,,42.32366524694811,,,,,,,,,,,,,,66541.09591398764,,,,,,,SELL,,,,,21.99,pullback_not_near_ema;momentum_volume_low
2026-04-03T02:52:58.063376+00:00,BTCUSD,viper,144388,M5,HOLD,HOLD,NONE,0,119.0483893919792,0,,,,,,,,,,,,,,,,22.0,22.0,66377.62,66445.14,66365.72,66444.66,,,,42.64202202122909,,,,,,,,,,,,,,66541.64543779715,,,,,,,SELL,,,,,21.92,pullback_not_near_ema;momentum_volume_low
2026-04-03T02:53:08.761964+00:00,BTCUSD,viper,144388,M5,HOLD,HOLD,NONE,0,119.27981796340815,0,,,,,,,,,,,,,,,,22.0,22.0,66377.62,66448.38,66365.72,66445.16,,,,42.669443873546506,,,,,,,,,,,,,,66541.69305684477,,,,,,,SELL,,,,,21.89,pullback_not_near_ema;momentum_volume_low
2026-04-03T02:53:09.480043+00:00,XAUUSD,viper,144388,M5,OUTSIDE_HOURS,OUTSIDE_HOURS,NONE,0,5.405325367263564,0,,,,,,,,,,,,,,,,0.34,0.34,4668.9,4673.32,4667.67,4670.82,,,,53.58433911787206,,,,,,,,,,,,,,,,,,,,,BOTH,,,,,21.52,pullback_weak_candle;momentum_volume_low
2026-04-03T02:53:19.860452+00:00,BTCUSD,viper,144388,M5,HOLD,HOLD,NONE,0,119.27981796340815,0,,,,,,,,,,,,,,,,22.0,22.0,66377.62,66448.38,66365.72,66432.21,,,,41.950657184170105,,,,,,,,,,,,,,66540.45972351145,,,,,,,SELL,,,,,21.89,pullback_not_near_ema;momentum_volume_low
2026-04-03T02:53:30.633057+00:00,BTCUSD,viper,144388,M5,HOLD,HOLD,NONE,0,119.27981796340815,0,,,,,,,,,,,,,,,,22.0,22.0,66377.62,66448.38,66365.72,66441.96,,,,42.493489549640145,,,,,,,,,,,,,,66541.38829494001,,,,,,,SELL,,,,,21.89,pullback_not_near_ema;momentum_volume_low
2026-04-03T02:53:41.476387+00:00,BTCUSD,viper,144388,M5,HOLD,HOLD,NONE,0,119.27981796340815,0,,,,,,,,,,,,,,,,22.0,22.0,66377.62,66448.38,66365.72,66431.22,,,,41.89496515220552,,,,,,,,,,,,,,66540.36543779715,,,,,,,SELL,,,,,21.89,pullback_not_near_ema;momentum_volume_low
2026-04-03T02:53:52.357270+00:00,BTCUSD,viper,144388,M5,HOLD,HOLD,NONE,0,122.76696082055047,0,,,,,,,,,,,,,,,,22.0,22.0,66377.62,66497.2,66365.72,66497.05,,,,45.37946437108627,,,,,,,,,,,,,,66546.63496160669,,,,,,,SELL,,,,,21.36,pullback_structure_not_confirmed;momentum_volume_low
2026-04-03T02:54:03.105660+00:00,BTCUSD,viper,144388,M5,HOLD,HOLD,NONE,0,125.48053224912226,0,,,,,,,,,,,,,,,,22.0,22.0,66377.62,66535.19,66365.72,66535.19,,,,47.21349403335519,,,,,,,,,,,,,,66550.26734255906,,,,,,,SELL,,,,,21.0,pullback_structure_not_confirmed;momentum_volume_low
2026-04-03T02:54:13.837630+00:00,BTCUSD,viper,144388,M5,HOLD,HOLD,NONE,0,125.48053224912226,0,,,,,,,,,,,,,,,,22.0,22.0,66377.62,66535.19,66365.72,66530.05,,,,46.97354143662225,,,,,,,,,,,,,,66549.77781874954,,,,,,,SELL,,,,,21.0,pullback_structure_not_confirmed;momentum_volume_low
2026-04-03T02:54:24.511227+00:00,BTCUSD,viper,144388,M5,HOLD,HOLD,NONE,0,125.48053224912226,0,,,,,,,,,,,,,,,,22.0,22.0,66377.62,66535.19,66365.72,66514.96,,,,46.25631531686692,,,,,,,,,,,,,,66548.3406758924,,,,,,,SELL,,,,,21.0,pullback_structure_not_confirmed;momentum_volume_low
2026-04-03T02:54:35.042931+00:00,BTCUSD,viper,144388,M5,HOLD,HOLD,NONE,0,125.48053224912226,0,,,,,,,,,,,,,,,,22.0,22.0,66377.62,66535.19,66365.72,66477.07,,,,44.366878976460754,,,,,,,,,,,,,,66544.73210446382,,,,,,,SELL,,,,,21.0,pullback_structure_not_confirmed;momentum_volume_low
2026-04-03T02:54:45.643081+00:00,BTCUSD,viper,144388,M5,HOLD,HOLD,NONE,0,125.48053224912226,0,,,,,,,,,,,,,,,,22.0,22.0,66377.62,66535.19,66365.72,66482.4,,,,44.640656857456506,,,,,,,,,,,,,,66545.23972351145,,,,,,,SELL,,,,,21.0,pullback_structure_not_confirmed;momentum_volume_low
2026-04-03T02:54:56.168336+00:00,BTCUSD,viper,144388,M5,HOLD,HOLD,NONE,0,125.48053224912226,0,,,,,,,,,,,,,,,,22.0,22.0,66377.62,66535.19,66365.72,66483.94,,,,44.71925862346583,,,,,,,,,,,,,,66545.38639017812,,,,,,,SELL,,,,,21.0,pullback_structure_not_confirmed;momentum_volume_low
2026-04-03T02:54:56.840491+00:00,XAUUSD,viper,144388,M5,OUTSIDE_HOURS,OUTSIDE_HOURS,NONE,0,5.405325367263564,0,,,,,,,,,,,,,,,,0.34,0.34,4668.9,4673.32,4667.67,4670.82,,,,53.58433911787206,,,,,,,,,,,,,,,,,,,,,BOTH,,,,,21.52,pullback_weak_candle;momentum_volume_low
2026-04-03T02:55:07.189767+00:00,BTCUSD,viper,144388,M5,SELL,SELL,EMA_PULLBACK,0.8,116.83692733677069,0,,,,,,,,,,,,,,,,22.0,22.0,66483.19,66483.37,66478.9,66478.98,,,,44.4929306854023,,,,,,,,,,,,,,66538.9732192802,,,,,0.4759044982408506,,SELL,,,,,20.25,
2026-04-03T02:55:18.462476+00:00,BTCUSD,viper,144388,M5,SELL,SELL,EMA_PULLBACK,0.8,118.00264162248443,0,,,,,,,,,,,,,,,,22.0,22.0,66483.19,66483.37,66462.58,66463.01,,,,43.800448736427,,,,,,,,,,,,,,66537.45226689924,,,,,0.45831403564903617,,SELL,,,,,20.25,
2026-04-03T02:55:28.736167+00:00,BTCUSD,viper,144388,M5,SELL,SELL,EMA_PULLBACK,0.8,119.05264162248422,0,,,,,,,,,,,,,,,,22.0,22.0,66483.19,66483.37,66447.88,66452.72,,,,43.365565252511026,,,,,,,,,,,,,,66536.47226689925,,,,,0.4460402236822184,,SELL,,,,,20.25,
2026-04-03T02:55:39.066512+00:00,BTCUSD,viper,144388,M5,HOLD,HOLD,NONE,0,119.05264162248422,0,,,,,,,,,,,,,,,,22.0,22.0,66483.19,66483.37,66447.88,66471.1,,,,44.14852729390269,,,,,,,,,,,,,,66538.22274308973,,,,,,,SELL,,,,,20.25,pullback_weak_candle;momentum_volume_low
2026-04-03T02:55:49.569919+00:00,BTCUSD,viper,144388,M5,SELL,SELL,EMA_PULLBACK,0.8,119.05264162248422,0,,,,,,,,,,,,,,,,22.0,22.0,66483.19,66483.37,66447.88,66464.76,,,,43.87527782509953,,,,,,,,,,,,,,66537.61893356591,,,,,0.4556718173288636,,SELL,,,,,20.25,
2026-04-03T02:55:59.881364+00:00,BTCUSD,viper,144388,M5,HOLD,HOLD,NONE,0,119.05264162248422,0,,,,,,,,,,,,,,,,22.0,22.0,66483.19,66483.37,66447.88,66471.31,,,,44.157636390398004,,,,,,,,,,,,,,66538.24274308972,,,,,,,SELL,,,,,20.25,pullback_weak_candle;momentum_volume_low
2026-04-03T02:56:10.441029+00:00,BTCUSD,viper,144388,M5,HOLD,HOLD,NONE,0,120.01692733676994,0,,,,,,,,,,,,,,,,22.0,22.0,66483.19,66496.87,66447.88,66496.72,,,,45.415877201606165,,,,,,,,,,,,,,66540.66274308972,,,,,,,SELL,,,,,20.25,pullback_weak_candle;momentum_volume_low
2026-04-03T02:56:21.009725+00:00,BTCUSD,viper,144388,M5,HOLD,HOLD,NONE,0,120.2404987653417,0,,,,,,,,,,,,,,,,22.0,22.0,66483.19,66500.0,66447.88,66499.44,,,,45.56104706452553,,,,,,,,,,,,,,66540.92179070877,,,,,,,SELL,,,,,20.25,pullback_weak_candle;momentum_volume_low
2026-04-03T02:56:31.551209+00:00,BTCUSD,viper,144388,M5,HOLD,HOLD,NONE,0,120.35478447962782,0,,,,,,,,,,,,,,,,22.0,22.0,66483.19,66501.6,66447.88,66496.02,,,,45.3783919594568,,,,,,,,,,,,,,66540.59607642305,,,,,,,SELL,,,,,20.25,pullback_weak_candle;momentum_volume_low
2026-04-03T02:56:42.173398+00:00,BTCUSD,viper,144388,M5,HOLD,HOLD,NONE,0,120.35478447962782,0,,,,,,,,,,,,,,,,22.0,22.0,66483.19,66501.6,66447.88,66491.24,,,,45.12103866921418,,,,,,,,,,,,,,66540.14083832782,,,,,,,SELL,,,,,20.25,pullback_weak_candle;momentum_volume_low
2026-04-03T02:56:43.029662+00:00,XAUUSD,viper,144388,M5,OUTSIDE_HOURS,OUTSIDE_HOURS,NONE,0,5.405325367263564,0,,,,,,,,,,,,,,,,0.34,0.34,4668.9,4673.32,4667.67,4670.82,,,,53.58433911787206,,,,,,,,,,,,,,,,,,,,,BOTH,,,,,21.52,pullback_weak_candle;momentum_volume_low
2026-04-03T02:56:53.375246+00:00,BTCUSD,viper,144388,M5,HOLD,HOLD,NONE,0,120.35478447962782,0,,,,,,,,,,,,,,,,22.0,22.0,66483.19,66501.6,66447.88,66490.42,,,,45.07664630782533,,,,,,,,,,,,,,66540.06274308973,,,,,,,SELL,,,,,20.25,pullback_weak_candle;momentum_volume_low
2026-04-03T02:57:03.937698+00:00,BTCUSD,viper,144388,M5,HOLD,HOLD,NONE,0,120.35478447962782,0,,,,,,,,,,,,,,,,22.0,22.0,66483.19,66501.6,66447.88,66491.68,,,,45.14482938964674,,,,,,,,,,,,,,66540.18274308972,,,,,,,SELL,,,,,20.25,pullback_weak_candle;momentum_volume_low
2026-04-03T02:57:14.474327+00:00,BTCUSD,viper,144388,M5,HOLD,HOLD,NONE,0,120.35478447962782,0,,,,,,,,,,,,,,,,22.0,22.0,66483.19,66501.6,66447.88,66464.9,,,,43.881275198966954,,,,,,,,,,,,,,66537.63226689925,,,,,,,SELL,,,,,20.25,pullback_weak_candle;momentum_volume_low
2026-04-03T02:57:25.088226+00:00,BTCUSD,viper,144388,M5,HOLD,HOLD,NONE,0,120.35478447962782,0,,,,,,,,,,,,,,,,22.0,22.0,66483.19,66501.6,66447.88,66463.29,,,,43.81240423371427,,,,,,,,,,,,,,66537.47893356592,,,,,,,SELL,,,,,20.25,pullback_weak_candle;momentum_volume_low
2026-04-03T02:57:35.651512+00:00,BTCUSD,viper,144388,M5,HOLD,HOLD,NONE,0,120.35478447962782,0,,,,,,,,,,,,,,,,22.0,22.0,66483.19,66501.6,66447.88,66462.6,,,,43.782954239971616,,,,,,,,,,,,,,66537.4132192802,,,,,,,SELL,,,,,20.25,pullback_weak_candle;momentum_volume_low
2026-04-03T02:57:46.340022+00:00,BTCUSD,viper,144388,M5,HOLD,HOLD,NONE,0,120.35478447962782,0,,,,,,,,,,,,,,,,22.0,22.0,66483.19,66501.6,66447.88,66462.88,,,,43.794900187486526,,,,,,,,,,,,,,66537.43988594686,,,,,,,SELL,,,,,20.25,pullback_weak_candle;momentum_volume_low
2026-04-03T02:57:57.217080+00:00,BTCUSD,viper,144388,M5,HOLD,HOLD,NONE,0,120.35478447962782,0,,,,,,,,,,,,,,,,22.0,22.0,66483.19,66501.6,66447.88,66475.32,,,,44.33230080433679,,,,,,,,,,,,,,66538.62464785163,,,,,,,SELL,,,,,20.25,pullback_weak_candle;momentum_volume_low
2026-04-03T02:58:07.805479+00:00,BTCUSD,viper,144388,M5,HOLD,HOLD,NONE,0,120.35478447962782,0,,,,,,,,,,,,,,,,22.0,22.0,66483.19,66501.6,66447.88,66474.98,,,,44.31743775909151,,,,,,,,,,,,,,66538.59226689924,,,,,,,SELL,,,,,20.25,pullback_weak_candle;momentum_volume_low
2026-04-03T02:58:18.331336+00:00,BTCUSD,viper,144388,M5,HOLD,HOLD,NONE,0,120.35478447962782,0,,,,,,,,,,,,,,,,22.0,22.0,66483.19,66501.6,66447.88,66474.9,,,,44.3139420202216,,,,,,,,,,,,,,66538.58464785163,,,,,,,SELL,,,,,20.25,pullback_weak_candle;momentum_volume_low
2026-04-03T02:58:29.000985+00:00,BTCUSD,viper,144388,M5,HOLD,HOLD,NONE,0,120.35478447962782,0,,,,,,,,,,,,,,,,22.0,22.0,66483.19,66501.6,66447.88,66475.18,,,,44.326179519677,,,,,,,,,,,,,,66538.61131451829,,,,,,,SELL,,,,,20.25,pullback_weak_candle;momentum_volume_low
2026-04-03T02:58:29.751565+00:00,XAUUSD,viper,144388,M5,OUTSIDE_HOURS,OUTSIDE_HOURS,NONE,0,5.405325367263564,0,,,,,,,,,,,,,,,,0.34,0.34,4668.9,4673.32,4667.67,4670.82,,,,53.58433911787206,,,,,,,,,,,,,,,,,,,,,BOTH,,,,,21.52,pullback_weak_candle;momentum_volume_low
2026-04-03T02:58:40.029831+00:00,BTCUSD,viper,144388,M5,HOLD,HOLD,NONE,0,120.35478447962782,0,,,,,,,,,,,,,,,,22.0,22.0,66483.19,66501.6,66447.88,66474.92,,,,44.31481590323655,,,,,,,,,,,,,,66538.58655261353,,,,,,,SELL,,,,,20.25,pullback_weak_candle;momentum_volume_low
2026-04-03T02:58:50.516972+00:00,BTCUSD,viper,144388,M5,HOLD,HOLD,NONE,0,120.35478447962782,0,,,,,,,,,,,,,,,,22.0,22.0,66483.19,66501.6,66447.88,66486.12,,,,44.842676319819745,,,,,,,,,,,,,,66539.6532192802,,,,,,,SELL,,,,,20.25,pullback_weak_candle;momentum_volume_low
2026-04-03T02:59:01.154080+00:00,BTCUSD,viper,144388,M5,HOLD,HOLD,NONE,0,120.35478447962782,0,,,,,,,,,,,,,,,,22.0,22.0,66483.19,66501.6,66447.88,66489.19,,,,45.00992294113689,,,,,,,,,,,,,,66539.94560023259,,,,,,,SELL,,,,,20.25,pullback_weak_candle;momentum_volume_low
2026-04-03T02:59:11.792203+00:00,BTCUSD,viper,144388,M5,HOLD,HOLD,NONE,0,120.35478447962782,0,,,,,,,,,,,,,,,,22.0,22.0,66483.19,66501.6,66447.88,66498.54,,,,45.5130984736353,,,,,,,,,,,,,,66540.83607642306,,,,,,,SELL,,,,,20.25,pullback_weak_candle;momentum_volume_low
2026-04-03T02:59:22.372558+00:00,BTCUSD,viper,144388,M5,HOLD,HOLD,NONE,0,122.05549876534195,0,,,,,,,,,,,,,,,,22.0,22.0,66483.19,66525.41,66447.88,66524.96,,,,46.88638836327505,,,,,,,,,,,,,,66543.35226689925,,,,,,,SELL,,,,,20.25,pullback_structure_not_confirmed;momentum_volume_low
2026-04-03T02:59:32.856187+00:00,BTCUSD,viper,144388,M5,HOLD,HOLD,NONE,0,122.05549876534195,0,,,,,,,,,,,,,,,,22.0,22.0,66483.19,66525.41,66447.88,66516.64,,,,46.46144872967956,,,,,,,,,,,,,,66542.55988594687,,,,,,,SELL,,,,,20.25,pullback_structure_not_confirmed;momentum_volume_low
2026-04-03T02:59:43.369004+00:00,BTCUSD,viper,144388,M5,HOLD,HOLD,NONE,0,122.05549876534195,0,,,,,,,,,,,,,,,,22.0,22.0,66483.19,66525.41,66447.88,66521.92,,,,46.73190630893901,,,,,,,,,,,,,,66543.06274308973,,,,,,,SELL,,,,,20.25,pullback_structure_not_confirmed;momentum_volume_low
2026-04-03T02:59:54.058820+00:00,BTCUSD,viper,144388,M5,HOLD,HOLD,NONE,0,122.20335590819855,0,,,,,,,,,,,,,,,,22.0,22.0,66483.19,66527.48,66447.88,66522.91,,,,46.78231318774736,,,,,,,,,,,,,,66543.15702880401,,,,,,,SELL,,,,,20.25,pullback_structure_not_confirmed;momentum_volume_low
2026-04-03T03:00:04.565442+00:00,BTCUSD,viper,144388,M5,HOLD,HOLD,NONE,0,113.9902637050825,0,,,,,,,,,,,,,,,,22.0,22.0,66522.9,66529.56,66522.34,66529.56,,,,47.14285318795038,,,,,,,,,,,,,,66541.89050911745,,,,,,,SELL,,,,,19.54,pullback_structure_not_confirmed;momentum_volume_low
2026-04-03T03:00:15.111706+00:00,BTCUSD,viper,144388,M5,HOLD,HOLD,NONE,0,114.42740656222503,0,,,,,,,,,,,,,,,,22.0,22.0,66522.9,66535.68,66522.34,66535.24,,,,47.448033945302264,,,,,,,,,,,,,,66542.4314614984,,,,,,,SELL,,,,,19.48,pullback_structure_not_confirmed;momentum_volume_low
2026-04-03T03:00:15.910762+00:00,XAUUSD,viper,144388,M5,OUTSIDE_HOURS,OUTSIDE_HOURS,NONE,0,5.405325367263564,0,,,,,,,,,,,,,,,,0.34,0.34,4668.9,4673.32,4667.67,4670.82,,,,53.58433911787206,,,,,,,,,,,,,,,,,,,,,BOTH,,,,,21.52,pullback_weak_candle;momentum_volume_low
2026-04-03T03:00:26.254971+00:00,BTCUSD,viper,144388,M5,HOLD,HOLD,NONE,0,114.42740656222503,0,,,,,,,,,,,,,,,,22.0,22.0,66522.9,66535.68,66522.34,66535.24,,,,47.448033945302264,,,,,,,,,,,,,,66542.4314614984,,,,,,,SELL,,,,,19.48,pullback_structure_not_confirmed;momentum_volume_low
2026-04-03T03:00:36.779966+00:00,BTCUSD,viper,144388,M5,HOLD,HOLD,NONE,0,114.42740656222503,0,,,,,,,,,,,,,,,,22.0,22.0,66522.9,66535.68,66522.34,66535.16,,,,47.44376009439677,,,,,,,,,,,,,,66542.42384245078,,,,,,,SELL,,,,,19.48,pullback_structure_not_confirmed;momentum_volume_low
2026-04-03T03:00:47.256448+00:00,BTCUSD,viper,144388,M5,HOLD,HOLD,NONE,0,114.42740656222503,0,,,,,,,,,,,,,,,,22.0,22.0,66522.9,66535.68,66522.34,66535.46,,,,47.459783452007606,,,,,,,,,,,,,,66542.45241387935,,,,,,,SELL,,,,,19.48,pullback_structure_not_confirmed;momentum_volume_low
2026-04-03T03:00:57.777369+00:00,BTCUSD,viper,144388,M5,HOLD,HOLD,NONE,0,114.42740656222503,0,,,,,,,,,,,,,,,,22.0,22.0,66522.9,66535.68,66522.34,66533.95,,,,47.37903322452595,,,,,,,,,,,,,,66542.30860435555,,,,,,,SELL,,,,,19.48,pullback_structure_not_confirmed;momentum_volume_low
2026-04-03T03:01:08.422584+00:00,BTCUSD,viper,144388,M5,HOLD,HOLD,NONE,0,114.42740656222503,0,,,,,,,,,,,,,,,,22.0,22.0,66522.9,66535.68,66522.34,66534.14,,,,47.38920749768812,,,,,,,,,,,,,,66542.32669959364,,,,,,,SELL,,,,,19.48,pullback_structure_not_confirmed;momentum_volume_low
2026-04-03T03:01:19.035215+00:00,BTCUSD,viper,144388,M5,HOLD,HOLD,NONE,0,114.42740656222503,0,,,,,,,,,,,,,,,,22.0,22.0,66522.9,66535.68,66522.34,66533.53,,,,47.35652875617747,,,,,,,,,,,,,,66542.26860435554,,,,,,,SELL,,,,,19.48,pullback_structure_not_confirmed;momentum_volume_low
2026-04-03T03:01:29.702781+00:00,BTCUSD,viper,144388,M5,HOLD,HOLD,NONE,0,115.10883513365418,0,,,,,,,,,,,,,,,,22.0,22.0,66522.9,66545.22,66522.34,66544.7,,,,47.94856261398734,,,,,,,,,,,,,,66543.33241387935,,,,,,,SELL,,,,,19.38,pullback_structure_not_confirmed;momentum_volume_low
2026-04-03T03:01:40.343265+00:00,BTCUSD,viper,144388,M5,HOLD,HOLD,NONE,0,115.10883513365418,0,,,,,,,,,,,,,,,,22.0,22.0,66522.9,66545.22,66522.34,66538.26,,,,47.6088649757339,,,,,,,,,,,,,,66542.71908054603,,,,,,,SELL,,,,,19.38,pullback_structure_not_confirmed;momentum_volume_low
2026-04-03T03:01:50.900549+00:00,BTCUSD,viper,144388,M5,HOLD,HOLD,NONE,0,115.10883513365418,0,,,,,,,,,,,,,,,,22.0,22.0,66522.9,66545.22,66522.34,66538.46,,,,47.619481288962355,,,,,,,,,,,,,,66542.73812816507,,,,,,,SELL,,,,,19.38,pullback_structure_not_confirmed;momentum_volume_low
2026-04-03T03:02:01.386922+00:00,BTCUSD,viper,144388,M5,HOLD,HOLD,NONE,0,117.33526370508262,0,,,,,,,,,,,,,,,,22.0,22.0,66522.9,66545.22,66491.17,66513.9,,,,46.35357468027918,,,,,,,,,,,,,,66540.39908054602,,,,,,,SELL,,,,,19.38,pullback_weak_candle;momentum_volume_low
2026-04-03T03:02:02.206158+00:00,XAUUSD,viper,144388,M5,OUTSIDE_HOURS,OUTSIDE_HOURS,NONE,0,5.405325367263564,0,,,,,,,,,,,,,,,,0.34,0.34,4668.9,4673.32,4667.67,4670.82,,,,53.58433911787206,,,,,,,,,,,,,,,,,,,,,BOTH,,,,,21.52,pullback_weak_candle;momentum_volume_low
2026-04-03T03:02:12.491481+00:00,BTCUSD,viper,144388,M5,SELL,SELL,EMA_PULLBACK,0.8,117.33526370508262,0,,,,,,,,,,,,,,,,22.0,22.0,66522.9,66545.22,66491.17,66494.07,,,,45.43524928932781,,,,,,,,,,,,,,66538.51050911745,,,,,0.05718222016713541,,SELL,,,,,19.38,
2026-04-03T03:02:23.666591+00:00,BTCUSD,viper,144388,M5,HOLD,HOLD,NONE,0,117.33526370508262,0,,,,,,,,,,,,,,,,22.0,22.0,66522.9,66545.22,66491.17,66508.84,,,,46.115737014649895,,,,,,,,,,,,,,66539.91717578411,,,,,,,SELL,,,,,19.38,pullback_weak_candle;momentum_volume_low
2026-04-03T03:02:34.156873+00:00,BTCUSD,viper,144388,M5,SELL,SELL,EMA_PULLBACK,0.8,117.62169227651083,0,,,,,,,,,,,,,,,,22.0,22.0,66522.9,66545.22,66487.16,66492.4,,,,45.359570173706324,,,,,,,,,,,,,,66538.3514614984,,,,,0.058395168175720435,,SELL,,,,,19.38,
2026-04-03T03:02:34.565875+00:00,BTCUSD,viper,144388,M5,SELL_EXECUTED,SELL_EXECUTED,EMA_PULLBACK,0.8,117.62169227651083,1,66492.72,66792.72,,65842.72,,1.05,7772381,,,,,,,143905.95,143882.87,22.0,22.0,66522.9,66545.22,66487.16,66492.4,,,,45.359570173706324,,,,,,,,,,,,,,66538.3514614984,,,,,0.058395168175720435,,SELL,,,,,19.38,
2026-04-03T03:02:44.917388+00:00,BTCUSD,viper,144388,M5,SELL,SELL,EMA_PULLBACK,0.8,117.62169227651083,0,,,,,,,,,,,,,,,,22.0,22.0,66522.9,66545.22,66487.16,66492.88,,,,45.38129642496233,,,,,,,,,,,,,,66538.39717578412,,,,,0.05800651294695554,,SELL,,,,,19.38,
2026-04-03T03:02:55.275666+00:00,BTCUSD,viper,144388,M5,SELL,SELL,EMA_PULLBACK,0.8,117.62169227651083,0,,,,,,,,,,,,,,,,22.0,22.0,66522.9,66545.22,66487.16,66491.24,,,,45.30715085121476,,,,,,,,,,,,,,66538.24098530793,,,,,0.059334418311757925,,SELL,,,,,19.38,
2026-04-03T03:03:05.638547+00:00,BTCUSD,viper,144388,M5,SELL,SELL,EMA_PULLBACK,0.8,117.7345494193681,0,,,,,,,,,,,,,,,,22.0,22.0,66522.9,66545.22,66485.58,66490.15,,,,45.2580050535558,,,,,,,,,,,,,,66538.13717578411,,,,,0.06015926718894283,,SELL,,,,,19.38,
2026-04-03T03:03:15.927504+00:00,BTCUSD,viper,144388,M5,HOLD,HOLD,NONE,0,117.7345494193681,0,,,,,,,,,,,,,,,,22.0,22.0,66522.9,66545.22,66485.58,66504.67,,,,45.921559219313764,,,,,,,,,,,,,,66539.52003292697,,,,,,,SELL,,,,,19.38,pullback_weak_candle;momentum_volume_low
2026-04-03T03:03:26.605527+00:00,BTCUSD,viper,144388,M5,HOLD,HOLD,NONE,0,117.7345494193681,0,,,,,,,,,,,,,,,,22.0,22.0,66522.9,66545.22,66485.58,66503.56,,,,45.87014686800384,,,,,,,,,,,,,,66539.41431864125,,,,,,,SELL,,,,,19.38,pullback_weak_candle;momentum_volume_low
2026-04-03T03:03:37.417797+00:00,BTCUSD,viper,144388,M5,HOLD,HOLD,NONE,0,117.7345494193681,0,,,,,,,,,,,,,,,,22.0,22.0,66522.9,66545.22,66485.58,66503.19,,,,45.85303499010028,,,,,,,,,,,,,,66539.37908054602,,,,,,,SELL,,,,,19.38,pullback_weak_candle;momentum_volume_low
2026-04-03T03:03:48.269033+00:00,BTCUSD,viper,144388,M5,HOLD,HOLD,NONE,0,117.7345494193681,0,,,,,,,,,,,,,,,,22.0,22.0,66522.9,66545.22,66485.58,66503.36,,,,45.86089561859373,,,,,,,,,,,,,,66539.39527102221,,,,,,,SELL,,,,,19.38,pullback_weak_candle;momentum_volume_low
2026-04-03T03:03:49.298024+00:00,XAUUSD,viper,144388,M5,OUTSIDE_HOURS,OUTSIDE_HOURS,NONE,0,5.405325367263564,0,,,,,,,,,,,,,,,,0.34,0.34,4668.9,4673.32,4667.67,4670.82,,,,53.58433911787206,,,,,,,,,,,,,,,,,,,,,BOTH,,,,,21.52,pullback_weak_candle;momentum_volume_low
2026-04-03T03:03:59.628532+00:00,BTCUSD,viper,144388,M5,SELL,SELL,EMA_PULLBACK,0.8,117.83169227651099,0,,,,,,,,,,,,,,,,22.0,22.0,66522.9,66545.22,66484.22,66484.32,,,,44.99694243073243,,,,,,,,,,,,,,66537.58193768888,,,,,0.06482179932707899,,SELL,,,,,19.38,
2026-04-03T03:04:10.004471+00:00,BTCUSD,viper,144388,M5,SELL,SELL,EMA_PULLBACK,0.8,117.83169227651099,0,,,,,,,,,,,,,,,,22.0,22.0,66522.9,66545.22,66484.22,66495.1,,,,45.4820516671833,,,,,,,,,,,,,,66538.60860435554,,,,,0.05610880669477164,,SELL,,,,,19.38,
2026-04-03T03:04:20.431945+00:00,BTCUSD,viper,144388,M5,SELL,SELL,EMA_PULLBACK,0.8,117.83169227651099,0,,,,,,,,,,,,,,,,22.0,22.0,66522.9,66545.22,66484.22,66495.38,,,,45.4947913169057,,,,,,,,,,,,,,66538.63527102221,,,,,0.05588249519778048,,SELL,,,,,19.38,
2026-04-03T03:04:30.822234+00:00,BTCUSD,viper,144388,M5,SELL,SELL,EMA_PULLBACK,0.8,117.83169227651099,0,,,,,,,,,,,,,,,,22.0,22.0,66522.9,66545.22,66484.22,66493.39,,,,45.40440338319047,,,,,,,,,,,,,,66538.44574721268,,,,,0.0574909233368459,,SELL,,,,,19.38,
2026-04-03T03:04:41.151365+00:00,BTCUSD,viper,144388,M5,SELL,SELL,EMA_PULLBACK,0.8,117.83169227651099,0,,,,,,,,,,,,,,,,22.0,22.0,66522.9,66545.22,66484.22,66491.49,,,,45.31843787457079,,,,,,,,,,,,,,66538.26479483173,,,,,0.05902660849466502,,SELL,,,,,19.38,
2026-04-03T03:04:51.494175+00:00,BTCUSD,viper,144388,M5,HOLD,HOLD,NONE,0,117.83169227651099,0,,,,,,,,,,,,,,,,22.0,22.0,66522.9,66545.22,66484.22,66506.84,,,,46.022401664873314,,,,,,,,,,,,,,66539.72669959364,,,,,,,SELL,,,,,19.38,pullback_weak_candle;momentum_volume_low
2026-04-03T03:05:02.059968+00:00,BTCUSD,viper,144388,M5,HOLD,HOLD,NONE,0,109.46300161719584,0,,,,,,,,,,,,,,,,22.0,22.0,66506.6,66507.27,66506.6,66506.92,,,,46.02869435150564,,,,,,,,,,,,,,66536.59105032313,,,,,,,SELL,,,,,18.56,pullback_structure_not_confirmed;momentum_volume_low
2026-04-03T03:05:12.581383+00:00,BTCUSD,viper,144388,M5,HOLD,HOLD,NONE,0,110.19657304576756,0,,,,,,,,,,,,,,,,22.0,22.0,66506.6,66517.36,66506.42,66516.68,,,,46.59651944622816,,,,,,,,,,,,,,66537.52057413265,,,,,,,SELL,,,,,18.56,pullback_structure_not_confirmed;momentum_volume_low
2026-04-03T03:05:23.145270+00:00,BTCUSD,viper,144388,M5,HOLD,HOLD,NONE,0,110.19657304576756,0,,,,,,,,,,,,,,,,22.0,22.0,66506.6,66517.36,66506.42,66508.83,,,,46.1407641924873,,,,,,,,,,,,,,66536.77295508503,,,,,,,SELL,,,,,18.56,pullback_weak_candle;momentum_volume_low
2026-04-03T03:05:33.725462+00:00,BTCUSD,viper,144388,M5,SELL,SELL,EMA_PULLBACK,0.8,111.30228733148157,0,,,,,,,,,,,,,,,,22.0,22.0,66506.6,66517.36,66490.94,66491.29,,,,45.25592260851674,,,,,,,,,,,,,,66535.10247889455,,,,,0.15940803482060686,,SELL,,,,,18.56,
2026-04-03T03:05:34.298045+00:00,XAUUSD,viper,144388,M5,OUTSIDE_HOURS,OUTSIDE_HOURS,NONE,0,5.405325367263564,0,,,,,,,,,,,,,,,,0.34,0.34,4668.9,4673.32,4667.67,4670.82,,,,53.58433911787206,,,,,,,,,,,,,,,,,,,,,BOTH,,,,,21.52,pullback_weak_candle;momentum_volume_low
2026-04-03T03:05:44.604601+00:00,BTCUSD,viper,144388,M5,SELL,SELL,EMA_PULLBACK,0.8,111.30300161719651,0,,,,,,,,,,,,,,,,22.0,22.0,66506.6,66517.36,66490.93,66491.26,,,,45.25446768354932,,,,,,,,,,,,,,66535.0996217517,,,,,0.15938134186808448,,SELL,,,,,18.56,
2026-04-03T03:05:54.915167+00:00,BTCUSD,viper,144388,M5,SELL,SELL,EMA_PULLBACK,0.8,111.30657304576711,0,,,,,,,,,,,,,,,,22.0,22.0,66506.6,66517.36,66490.88,66490.92,,,,45.23798506952156,,,,,,,,,,,,,,66535.06724079931,,,,,0.15908531108967025,,SELL,,,,,18.56,
2026-04-03T03:06:05.230742+00:00,BTCUSD,viper,144388,M5,HOLD,HOLD,NONE,0,111.30657304576711,0,,,,,,,,,,,,,,,,22.0,22.0,66506.6,66517.36,66490.88,66497.86,,,,45.57682080675935,,,,,,,,,,,,,,66535.72819318027,,,,,,,SELL,,,,,18.56,pullback_weak_candle;momentum_volume_low
2026-04-03T03:06:15.892370+00:00,BTCUSD,viper,144388,M5,HOLD,HOLD,NONE,0,111.30657304576711,0,,,,,,,,,,,,,,,,22.0,22.0,66506.6,66517.36,66490.88,66515.55,,,,46.531389730941896,,,,,,,,,,,,,,66537.41295508503,,,,,,,SELL,,,,,18.56,pullback_weak_candle;momentum_volume_low
2026-04-03T03:06:26.401526+00:00,BTCUSD,viper,144388,M5,HOLD,HOLD,NONE,0,111.99943018862405,0,,,,,,,,,,,,,,,,22.0,22.0,66506.6,66527.06,66490.88,66519.81,,,,46.77609734829067,,,,,,,,,,,,,,66537.81866937074,,,,,,,SELL,,,,,18.56,pullback_weak_candle;momentum_volume_low
2026-04-03T03:06:36.965985+00:00,BTCUSD,viper,144388,M5,HOLD,HOLD,NONE,0,112.12800161719568,0,,,,,,,,,,,,,,,,22.0,22.0,66506.6,66528.86,66490.88,66528.86,,,,47.28859533285369,,,,,,,,,,,,,,66538.68057413265,,,,,,,SELL,,,,,18.56,pullback_structure_not_confirmed;momentum_volume_low
2026-04-03T03:06:47.501729+00:00,BTCUSD,viper,144388,M5,HOLD,HOLD,NONE,0,114.07371590291034,0,,,,,,,,,,,,,,,,22.0,22.0,66506.6,66556.1,66490.88,66555.54,,,,48.74362086818751,,,,,,,,,,,,,,66541.2215265136,,,,,,,SELL,,,,,18.45,pullback_structure_not_confirmed;momentum_volume_low
2026-04-03T03:06:57.988644+00:00,BTCUSD,viper,144388,M5,HOLD,HOLD,NONE,0,115.61085876005245,0,,,,,,,,,,,,,,,,22.0,22.0,66506.6,66577.62,66490.88,66571.61,,,,49.58188841359901,,,,,,,,,,,,,,66542.75200270407,,,,,,,SELL,,,,,18.23,pullback_structure_not_confirmed;momentum_volume_low
2026-04-03T03:07:08.431342+00:00,BTCUSD,viper,144388,M5,HOLD,HOLD,NONE,0,116.12371590291013,0,,,,,,,,,,,,,,,,22.0,22.0,66506.6,66584.8,66490.88,66584.56,,,,50.237714875189745,,,,,,,,,,,,,,66543.98533603741,,,,,,,SELL,,,,,18.15,pullback_structure_not_confirmed;momentum_volume_low
2026-04-03T03:07:19.141520+00:00,BTCUSD,viper,144388,M5,HOLD,HOLD,NONE,0,117.46371590290975,0,,,,,,,,,,,,,,,,22.0,22.0,66506.6,66603.56,66490.88,66584.75,,,,50.24721006459988,,,,,,,,,,,,,,66544.0034312755,,,,,,,SELL,,,,,18.01,pullback_structure_not_confirmed;momentum_volume_low
2026-04-03T03:07:20.057086+00:00,XAUUSD,viper,144388,M5,OUTSIDE_HOURS,OUTSIDE_HOURS,NONE,0,5.405325367263564,0,,,,,,,,,,,,,,,,0.34,0.34,4668.9,4673.32,4667.67,4670.82,,,,53.58433911787206,,,,,,,,,,,,,,,,,,,,,BOTH,,,,,21.52,pullback_weak_candle;momentum_volume_low
2026-04-03T03:07:30.377482+00:00,BTCUSD,viper,144388,M5,HOLD,HOLD,NONE,0,117.46371590290975,0,,,,,,,,,,,,,,,,22.0,22.0,66506.6,66603.56,66490.88,66576.89,,,,49.851359355213454,,,,,,,,,,,,,,66543.25485984693,,,,,,,SELL,,,,,18.01,pullback_structure_not_confirmed;momentum_volume_low
2026-04-03T03:07:40.788338+00:00,BTCUSD,viper,144388,M5,HOLD,HOLD,NONE,0,117.46371590290975,0,,,,,,,,,,,,,,,,22.0,22.0,66506.6,66603.56,66490.88,66594.86,,,,50.747280394594576,,,,,,,,,,,,,,66544.96628841836,,,,,,,SELL,,,,,18.01,pullback_structure_not_confirmed;momentum_volume_low
2026-04-03T03:07:51.342268+00:00,BTCUSD,viper,144388,M5,HOLD,HOLD,NONE,0,117.46371590290975,0,,,,,,,,,,,,,,,,22.0,22.0,66506.6,66603.56,66490.88,66590.18,,,,50.517049322985635,,,,,,,,,,,,,,66544.52057413265,,,,,,,SELL,,,,,18.01,pullback_structure_not_confirmed;momentum_volume_low
2026-04-03T03:08:01.954141+00:00,BTCUSD,viper,144388,M5,HOLD,HOLD,NONE,0,117.46371590290975,0,,,,,,,,,,,,,,,,22.0,22.0,66506.6,66603.56,66490.88,66584.81,,,,50.25020779269169,,,,,,,,,,,,,,66544.00914556123,,,,,,,SELL,,,,,18.01,pullback_structure_not_confirmed;momentum_volume_low
2026-04-03T03:08:12.524441+00:00,BTCUSD,viper,144388,M5,HOLD,HOLD,NONE,0,117.46371590290975,0,,,,,,,,,,,,,,,,22.0,22.0,66506.6,66603.56,66490.88,66566.82,,,,49.33490760709051,,,,,,,,,,,,,,66542.2958122279,,,,,,,SELL,,,,,18.01,pullback_structure_not_confirmed;momentum_volume_low
2026-04-03T03:08:23.206802+00:00,BTCUSD,viper,144388,M5,HOLD,HOLD,NONE,0,117.46371590290975,0,,,,,,,,,,,,,,,,22.0,22.0,66506.6,66603.56,66490.88,66571.18,,,,49.5598152808063,,,,,,,,,,,,,,66542.71105032312,,,,,,,SELL,,,,,18.01,pullback_structure_not_confirmed;momentum_volume_low
2026-04-03T03:08:33.805296+00:00,BTCUSD,viper,144388,M5,HOLD,HOLD,NONE,0,117.46371590290975,0,,,,,,,,,,,,,,,,22.0,22.0,66506.6,66603.56,66490.88,66588.46,,,,50.431892657112,,,,,,,,,,,,,,66544.35676460885,,,,,,,SELL,,,,,18.01,pullback_structure_not_confirmed;momentum_volume_low
2026-04-03T03:08:44.269863+00:00,BTCUSD,viper,144388,M5,HOLD,HOLD,NONE,0,117.46371590290975,0,,,,,,,,,,,,,,,,22.0,22.0,66506.6,66603.56,66490.88,66599.0,,,,50.9491677942504,,,,,,,,,,,,,,66545.36057413265,,,,,,,SELL,,,,,18.01,pullback_structure_not_confirmed;momentum_volume_low
2026-04-03T03:08:54.747129+00:00,BTCUSD,viper,144388,M5,HOLD,HOLD,NONE,0,117.96514447433862,0,,,,,,,,,,,,,,,,22.0,22.0,66506.6,66610.58,66490.88,66610.21,,,,51.48760735874881,,,,,,,,,,,,,,66546.42819318027,,,,,,,SELL,,,,,18.08,pullback_structure_not_confirmed;momentum_volume_low
2026-04-03T03:09:05.561817+00:00,BTCUSD,viper,144388,M5,HOLD,HOLD,NONE,0,117.96514447433862,0,,,,,,,,,,,,,,,,22.0,22.0,66506.6,66610.58,66490.88,66605.31,,,,51.253711460129985,,,,,,,,,,,,,,66545.9615265136,,,,,,,SELL,,,,,18.08,pullback_structure_not_confirmed;momentum_volume_low
2026-04-03T03:09:06.355261+00:00,XAUUSD,viper,144388,M5,OUTSIDE_HOURS,OUTSIDE_HOURS,NONE,0,5.405325367263564,0,,,,,,,,,,,,,,,,0.34,0.34,4668.9,4673.32,4667.67,4670.82,,,,53.58433911787206,,,,,,,,,,,,,,,,,,,,,BOTH,,,,,21.52,pullback_weak_candle;momentum_volume_low
2026-04-03T03:09:16.596842+00:00,BTCUSD,viper,144388,M5,HOLD,HOLD,NONE,0,117.96514447433862,0,,,,,,,,,,,,,,,,22.0,22.0,66506.6,66610.58,66490.88,66602.44,,,,51.11566494724867,,,,,,,,,,,,,,66545.68819318026,,,,,,,SELL,,,,,18.08,pullback_structure_not_confirmed;momentum_volume_low
2026-04-03T03:09:27.052199+00:00,BTCUSD,viper,144388,M5,HOLD,HOLD,NONE,0,117.96514447433862,0,,,,,,,,,,,,,,,,22.0,22.0,66506.6,66610.58,66490.88,66598.84,,,,50.94139613367968,,,,,,,,,,,,,,66545.34533603741,,,,,,,SELL,,,,,18.08,pullback_structure_not_confirmed;momentum_volume_low
2026-04-03T03:09:37.503013+00:00,BTCUSD,viper,144388,M5,HOLD,HOLD,NONE,0,117.96514447433862,0,,,,,,,,,,,,,,,,22.0,22.0,66506.6,66610.58,66490.88,66589.62,,,,50.489356038455945,,,,,,,,,,,,,,66544.46724079932,,,,,,,SELL,,,,,18.08,pullback_structure_not_confirmed;momentum_volume_low
2026-04-03T03:09:48.021227+00:00,BTCUSD,viper,144388,M5,HOLD,HOLD,NONE,0,117.96514447433862,0,,,,,,,,,,,,,,,,22.0,22.0,66506.6,66610.58,66490.88,66593.56,,,,50.683542499336404,,,,,,,,,,,,,,66544.84247889456,,,,,,,SELL,,,,,18.08,pullback_structure_not_confirmed;momentum_volume_low
2026-04-03T03:09:58.586119+00:00,BTCUSD,viper,144388,M5,HOLD,HOLD,NONE,0,117.96514447433862,0,,,,,,,,,,,,,,,,22.0,22.0,66506.6,66610.58,66490.88,66593.3,,,,50.670775119204954,,,,,,,,,,,,,,66544.8177169898,,,,,,,SELL,,,,,18.08,pullback_structure_not_confirmed;momentum_volume_low
2026-04-03T03:10:09.101736+00:00,BTCUSD,viper,144388,M5,HOLD,HOLD,NONE,0,110.43477491684722,0,,,,,,,,,,,,,,,,22.0,22.0,66593.47,66603.12,66590.58,66602.7,,,,51.16400444944164,,,,,,,,,,,,,,66550.30791163066,,,,,,,SELL,,,,,16.87,pullback_structure_not_confirmed;momentum_volume_low
2026-04-03T03:10:19.663268+00:00,BTCUSD,viper,144388,M5,HOLD,HOLD,NONE,0,110.43477491684722,0,,,,,,,,,,,,,,,,22.0,22.0,66593.47,66603.12,66590.58,66602.18,,,,51.13703076734387,,,,,,,,,,,,,,66550.25838782113,,,,,,,SELL,,,,,16.87,pullback_structure_not_confirmed;momentum_volume_low
2026-04-03T03:10:30.131525+00:00,BTCUSD,viper,144388,M5,HOLD,HOLD,NONE,0,110.4840606311331,0,,,,,,,,,,,,,,,,22.0,22.0,66593.47,66603.81,66590.58,66603.28,,,,51.19405536814333,,,,,,,,,,,,,,66550.36314972589,,,,,,,SELL,,,,,16.87,pullback_structure_not_confirmed;momentum_volume_low
2026-04-03T03:10:40.577636+00:00,BTCUSD,viper,144388,M5,HOLD,HOLD,NONE,0,112.67477491684727,0,,,,,,,,,,,,,,,,22.0,22.0,66593.47,66603.92,66560.02,66560.02,,,,48.925223373218735,,,,,,,,,,,,,,66546.2431497259,,,,,,,SELL,,,,,16.87,pullback_structure_not_confirmed;momentum_volume_low
2026-04-03T03:10:51.026996+00:00,BTCUSD,viper,144388,M5,HOLD,HOLD,NONE,0,113.4476320597049,0,,,,,,,,,,,,,,,,22.0,22.0,66593.47,66603.92,66549.2,66559.93,,,,48.920662444479326,,,,,,,,,,,,,,66546.23457829733,,,,,,,SELL,,,,,16.87,pullback_structure_not_confirmed;momentum_volume_low
2026-04-03T03:10:51.975911+00:00,XAUUSD,viper,144388,M5,OUTSIDE_HOURS,OUTSIDE_HOURS,NONE,0,5.405325367263564,0,,,,,,,,,,,,,,,,0.34,0.34,4668.9,4673.32,4667.67,4670.82,,,,53.58433911787206,,,,,,,,,,,,,,,,,,,,,BOTH,,,,,21.52,pullback_weak_candle;momentum_volume_low
2026-04-03T03:11:02.239099+00:00,BTCUSD,viper,144388,M5,HOLD,HOLD,NONE,0,113.4476320597049,0,,,,,,,,,,,,,,,,22.0,22.0,66593.47,66603.92,66549.2,66575.24,,,,49.70895566215362,,,,,,,,,,,,,,66547.69267353542,,,,,,,SELL,,,,,16.87,pullback_weak_candle;momentum_volume_low
2026-04-03T03:11:12.794408+00:00,BTCUSD,viper,144388,M5,HOLD,HOLD,NONE,0,113.4476320597049,0,,,,,,,,,,,,,,,,22.0,22.0,66593.47,66603.92,66549.2,66570.87,,,,49.48137076973558,,,,,,,,,,,,,,66547.27648305922,,,,,,,SELL,,,,,16.87,pullback_structure_not_confirmed;momentum_volume_low
2026-04-03T03:11:23.275260+00:00,BTCUSD,viper,144388,M5,HOLD,HOLD,NONE,0,113.4476320597049,0,,,,,,,,,,,,,,,,22.0,22.0,66593.47,66603.92,66549.2,66569.19,,,,49.39443177211226,,,,,,,,,,,,,,66547.11648305923,,,,,,,SELL,,,,,16.87,pullback_structure_not_confirmed;momentum_volume_low
2026-04-03T03:11:33.860910+00:00,BTCUSD,viper,144388,M5,HOLD,HOLD,NONE,0,113.4476320597049,0,,,,,,,,,,,,,,,,22.0,22.0,66593.47,66603.92,66549.2,66569.02,,,,49.3856513916959,,,,,,,,,,,,,,66547.10029258304,,,,,,,SELL,,,,,16.87,pullback_structure_not_confirmed;momentum_volume_low
2026-04-03T03:11:44.581956+00:00,BTCUSD,viper,144388,M5,HOLD,HOLD,NONE,0,113.4476320597049,0,,,,,,,,,,,,,,,,22.0,22.0,66593.47,66603.92,66549.2,66560.75,,,,48.962249021094046,,,,,,,,,,,,,,66546.31267353542,,,,,,,SELL,,,,,16.87,pullback_structure_not_confirmed;momentum_volume_low
2026-04-03T03:11:55.436834+00:00,BTCUSD,viper,144388,M5,HOLD,HOLD,NONE,0,113.4476320597049,0,,,,,,,,,,,,,,,,22.0,22.0,66593.47,66603.92,66549.2,66560.08,,,,48.9282644648745,,,,,,,,,,,,,,66546.2488640116,,,,,,,SELL,,,,,16.87,pullback_structure_not_confirmed;momentum_volume_low
2026-04-03T03:12:06.205356+00:00,BTCUSD,viper,144388,M5,HOLD,HOLD,NONE,0,113.4476320597049,0,,,,,,,,,,,,,,,,22.0,22.0,66593.47,66603.92,66549.2,66560.1,,,,48.92927824610753,,,,,,,,,,,,,,66546.25076877352,,,,,,,SELL,,,,,16.87,pullback_structure_not_confirmed;momentum_volume_low
2026-04-03T03:12:16.755858+00:00,BTCUSD,viper,144388,M5,HOLD,HOLD,NONE,0,113.4476320597049,0,,,,,,,,,,,,,,,,22.0,22.0,66593.47,66603.92,66549.2,66568.76,,,,49.372228610940184,,,,,,,,,,,,,,66547.07553067827,,,,,,,SELL,,,,,16.87,pullback_structure_not_confirmed;momentum_volume_low
2026-04-03T03:12:27.520076+00:00,BTCUSD,viper,144388,M5,HOLD,HOLD,NONE,0,113.4476320597049,0,,,,,,,,,,,,,,,,22.0,22.0,66593.47,66603.92,66549.2,66570.55,,,,49.46478737348535,,,,,,,,,,,,,,66547.24600686875,,,,,,,SELL,,,,,16.87,pullback_structure_not_confirmed;momentum_volume_low
2026-04-03T03:12:38.034705+00:00,BTCUSD,viper,144388,M5,HOLD,HOLD,NONE,0,113.4476320597049,0,,,,,,,,,,,,,,,,22.0,22.0,66593.47,66603.92,66549.2,66570.69,,,,49.472041241397235,,,,,,,,,,,,,,66547.25934020209,,,,,,,SELL,,,,,16.87,pullback_structure_not_confirmed;momentum_volume_low
2026-04-03T03:12:38.961336+00:00,XAUUSD,viper,144388,M5,OUTSIDE_HOURS,OUTSIDE_HOURS,NONE,0,5.405325367263564,0,,,,,,,,,,,,,,,,0.34,0.34,4668.9,4673.32,4667.67,4670.82,,,,53.58433911787206,,,,,,,,,,,,,,,,,,,,,BOTH,,,,,21.52,pullback_weak_candle;momentum_volume_low
2026-04-03T03:12:49.224728+00:00,BTCUSD,viper,144388,M5,HOLD,HOLD,NONE,0,113.4476320597049,0,,,,,,,,,,,,,,,,22.0,22.0,66593.47,66603.92,66549.2,66574.86,,,,49.68908259751376,,,,,,,,,,,,,,66547.65648305923,,,,,,,SELL,,,,,16.87,pullback_weak_candle;momentum_volume_low
2026-04-03T03:12:59.767826+00:00,BTCUSD,viper,144388,M5,HOLD,HOLD,NONE,0,113.4476320597049,0,,,,,,,,,,,,,,,,22.0,22.0,66593.47,66603.92,66549.2,66578.56,,,,49.88326200830621,,,,,,,,,,,,,,66548.00886401162,,,,,,,SELL,,,,,16.87,pullback_weak_candle;momentum_volume_low
2026-04-03T03:13:10.368571+00:00,BTCUSD,viper,144388,M5,HOLD,HOLD,NONE,0,113.4476320597049,0,,,,,,,,,,,,,,,,22.0,22.0,66593.47,66603.92,66549.2,66582.94,,,,50.115099239585994,,,,,,,,,,,,,,66548.42600686874,,,,,,,SELL,,,,,16.87,pullback_weak_candle;momentum_volume_low
2026-04-03T03:13:20.901488+00:00,BTCUSD,viper,144388,M5,HOLD,HOLD,NONE,0,113.4476320597049,0,,,,,,,,,,,,,,,,22.0,22.0,66593.47,66603.92,66549.2,66600.84,,,,51.06738414214899,,,,,,,,,,,,,,66550.13076877351,,,,,,,SELL,,,,,16.87,pullback_weak_candle;momentum_volume_low
2026-04-03T03:13:31.375427+00:00,BTCUSD,viper,144388,M5,HOLD,HOLD,NONE,0,113.4476320597049,0,,,,,,,,,,,,,,,,22.0,22.0,66593.47,66603.92,66549.2,66601.32,,,,51.092354997175406,,,,,,,,,,,,,,66550.17648305923,,,,,,,SELL,,,,,16.87,pullback_weak_candle;momentum_volume_low
2026-04-03T03:13:41.982161+00:00,BTCUSD,viper,144388,M5,HOLD,HOLD,NONE,0,113.4476320597049,0,,,,,,,,,,,,,,,,22.0,22.0,66593.47,66603.92,66549.2,66600.96,,,,51.073629246115175,,,,,,,,,,,,,,66550.14219734495,,,,,,,SELL,,,,,16.87,pullback_weak_candle;momentum_volume_low
2026-04-03T03:13:52.477494+00:00,BTCUSD,viper,144388,M5,HOLD,HOLD,NONE,0,115.56906063113327,0,,,,,,,,,,,,,,,,22.0,22.0,66593.47,66633.62,66549.2,66633.24,,,,52.69759454884294,,,,,,,,,,,,,,66553.21648305922,,,,,,,SELL,,,,,17.09,pullback_structure_not_confirmed;momentum_volume_low
2026-04-03T03:14:03.152405+00:00,BTCUSD,viper,144388,M5,HOLD,HOLD,NONE,0,115.57691777399046,0,,,,,,,,,,,,,,,,22.0,22.0,66593.47,66633.73,66549.2,66633.7,,,,52.71995784960665,,,,,,,,,,,,,,66553.26029258303,,,,,,,SELL,,,,,17.09,pullback_structure_not_confirmed;momentum_volume_low
2026-04-03T03:14:13.596726+00:00,BTCUSD,viper,144388,M5,HOLD,HOLD,NONE,0,117.17334634541945,0,,,,,,,,,,,,,,,,22.0,22.0,66593.47,66656.08,66549.2,66642.18,,,,53.128465198366094,,,,,,,,,,,,,,66554.06791163066,,,,,,,SELL,,,,,17.29,pullback_structure_not_confirmed;momentum_volume_low
2026-04-03T03:14:24.117173+00:00,BTCUSD,viper,144388,M5,HOLD,HOLD,NONE,0,117.17334634541945,0,,,,,,,,,,,,,,,,22.0,22.0,66593.47,66656.08,66549.2,66644.79,,,,53.2527798918932,,,,,,,,,,,,,,66554.31648305923,,,,,,,SELL,,,,,17.29,pullback_structure_not_confirmed;momentum_volume_low
2026-04-03T03:14:24.904590+00:00,XAUUSD,viper,144388,M5,OUTSIDE_HOURS,OUTSIDE_HOURS,NONE,0,5.405325367263564,0,,,,,,,,,,,,,,,,0.34,0.34,4668.9,4673.32,4667.67,4670.82,,,,53.58433911787206,,,,,,,,,,,,,,,,,,,,,BOTH,,,,,21.52,pullback_weak_candle;momentum_volume_low
2026-04-03T03:14:35.125342+00:00,BTCUSD,viper,144388,M5,HOLD,HOLD,NONE,0,117.17334634541945,0,,,,,,,,,,,,,,,,22.0,22.0,66593.47,66656.08,66549.2,66614.79,,,,51.782853660620326,,,,,,,,,,,,,,66551.45934020208,,,,,,,SELL,,,,,17.29,pullback_weak_candle;momentum_volume_low
2026-04-03T03:14:45.594213+00:00,BTCUSD,viper,144388,M5,HOLD,HOLD,NONE,0,117.17334634541945,0,,,,,,,,,,,,,,,,22.0,22.0,66593.47,66656.08,66549.2,66630.94,,,,52.585459959776884,,,,,,,,,,,,,,66552.99743544018,,,,,,,SELL,,,,,17.29,pullback_weak_candle;momentum_volume_low
2026-04-03T03:14:56.165775+00:00,BTCUSD,viper,144388,M5,HOLD,HOLD,NONE,0,117.17334634541945,0,,,,,,,,,,,,,,,,22.0,22.0,66593.47,66656.08,66549.2,66623.58,,,,52.223029276411374,,,,,,,,,,,,,,66552.29648305922,,,,,,,SELL,,,,,17.29,pullback_weak_candle;momentum_volume_low
2026-04-03T03:15:06.607978+00:00,BTCUSD,viper,144388,M5,HOLD,HOLD,NONE,0,108.86524833510637,0,,,,,,,,,,,,,,,,22.0,22.0,66641.04,66641.16,66640.3,66640.45,,,,53.04559004681367,,,,,,,,,,,,,,66562.14656877665,,,,,,,SELL,,,,,16.56,pullback_not_near_ema;momentum_volume_low
2026-04-03T03:15:17.227664+00:00,BTCUSD,viper,144388,M5,HOLD,HOLD,NONE,0,108.86524833510637,0,,,,,,,,,,,,,,,,22.0,22.0,66641.04,66641.16,66640.3,66640.77,,,,53.062167128788886,,,,,,,,,,,,,,66562.17704496713,,,,,,,SELL,,,,,16.56,pullback_not_near_ema;momentum_volume_low
2026-04-03T03:15:27.687491+00:00,BTCUSD,viper,144388,M5,HOLD,HOLD,NONE,0,109.32381976367768,0,,,,,,,,,,,,,,,,22.0,22.0,66641.04,66641.16,66633.88,66639.32,,,,52.979785408185464,,,,,,,,,,,,,,66562.03894972903,,,,,,,SELL,,,,,16.56,pullback_weak_candle;momentum_volume_low
2026-04-03T03:15:38.248331+00:00,BTCUSD,viper,144388,M5,HOLD,HOLD,NONE,0,109.80810547796331,0,,,,,,,,,,,,,,,,22.0,22.0,66641.04,66641.16,66627.1,66627.58,,,,52.30565254057476,,,,,,,,,,,,,,66560.92085449093,,,,,,,SELL,,,,,16.56,pullback_structure_not_confirmed;momentum_volume_low
2026-04-03T03:15:48.702006+00:00,BTCUSD,viper,144388,M5,HOLD,HOLD,NONE,0,111.03667690653558,0,,,,,,,,,,,,,,,,22.0,22.0,66641.04,66641.16,66609.9,66609.98,,,,51.32656377388976,,,,,,,,,,,,,,66559.24466401474,,,,,,,SELL,,,,,16.56,pullback_structure_not_confirmed;momentum_volume_low
2026-04-03T03:15:59.167342+00:00,BTCUSD,viper,144388,M5,HOLD,HOLD,NONE,0,111.0623911922499,0,,,,,,,,,,,,,,,,22.0,22.0,66641.04,66641.16,66609.54,66609.92,,,,51.32328865927588,,,,,,,,,,,,,,66559.23894972903,,,,,,,SELL,,,,,16.56,pullback_structure_not_confirmed;momentum_volume_low
2026-04-03T03:16:09.634745+00:00,BTCUSD,viper,144388,M5,HOLD,HOLD,NONE,0,111.6909626208205,0,,,,,,,,,,,,,,,,22.0,22.0,66641.04,66641.16,66600.74,66616.26,,,,51.67168609807483,,,,,,,,,,,,,,66559.84275925285,,,,,,,SELL,,,,,16.56,pullback_structure_not_confirmed;momentum_volume_low
2026-04-03T03:16:10.321297+00:00,XAUUSD,viper,144388,M5,OUTSIDE_HOURS,OUTSIDE_HOURS,NONE,0,5.405325367263564,0,,,,,,,,,,,,,,,,0.34,0.34,4668.9,4673.32,4667.67,4670.82,,,,53.58433911787206,,,,,,,,,,,,,,,,,,,,,BOTH,,,,,21.52,pullback_weak_candle;momentum_volume_low
2026-04-03T03:16:20.544030+00:00,BTCUSD,viper,144388,M5,HOLD,HOLD,NONE,0,111.6909626208205,0,,,,,,,,,,,,,,,,22.0,22.0,66641.04,66641.16,66600.74,66639.06,,,,52.96466761570401,,,,,,,,,,,,,,66562.01418782427,,,,,,,SELL,,,,,16.56,pullback_weak_candle;momentum_volume_low
2026-04-03T03:16:30.987106+00:00,BTCUSD,viper,144388,M5,HOLD,HOLD,NONE,0,112.31167690653496,0,,,,,,,,,,,,,,,,22.0,22.0,66641.04,66649.85,66600.74,66649.75,,,,53.520794234363535,,,,,,,,,,,,,,66563.03228306236,,,,,,,SELL,,,,,16.56,pullback_weak_candle;momentum_volume_low
2026-04-03T03:16:41.508809+00:00,BTCUSD,viper,144388,M5,HOLD,HOLD,NONE,0,112.82596262082046,0,,,,,,,,,,,,,,,,22.0,22.0,66641.04,66657.05,66600.74,66656.9,,,,53.8796000341558,,,,,,,,,,,,,,66563.71323544331,,,,,,,SELL,,,,,16.57,pullback_weak_candle;momentum_volume_low
2026-04-03T03:16:52.035135+00:00,BTCUSD,viper,144388,M5,HOLD,HOLD,NONE,0,112.84667690653428,0,,,,,,,,,,,,,,,,22.0,22.0,66641.04,66657.34,66600.74,66651.41,,,,53.60459411772824,,,,,,,,,,,,,,66563.19037830045,,,,,,,SELL,,,,,16.58,pullback_weak_candle;momentum_volume_low
2026-04-03T03:17:02.490965+00:00,BTCUSD,viper,144388,M5,HOLD,HOLD,NONE,0,112.84667690653428,0,,,,,,,,,,,,,,,,22.0,22.0,66641.04,66657.34,66600.74,66618.88,,,,51.817046181181034,,,,,,,,,,,,,,66560.09228306236,,,,,,,SELL,,,,,16.58,pullback_weak_candle;momentum_volume_low
2026-04-03T03:17:13.061369+00:00,BTCUSD,viper,144388,M5,HOLD,HOLD,NONE,0,112.84667690653428,0,,,,,,,,,,,,,,,,22.0,22.0,66641.04,66657.34,66600.74,66622.9,,,,52.04167660199429,,,,,,,,,,,,,,66560.47514020522,,,,,,,SELL,,,,,16.58,pullback_weak_candle;momentum_volume_low
2026-04-03T03:17:23.926567+00:00,BTCUSD,viper,144388,M5,HOLD,HOLD,NONE,0,112.84667690653428,0,,,,,,,,,,,,,,,,22.0,22.0,66641.04,66657.34,66600.74,66623.5,,,,52.075370672899346,,,,,,,,,,,,,,66560.53228306236,,,,,,,SELL,,,,,16.58,pullback_weak_candle;momentum_volume_low
2026-04-03T03:17:34.553676+00:00,BTCUSD,viper,144388,M5,HOLD,HOLD,NONE,0,112.8666769065342,0,,,,,,,,,,,,,,,,22.0,22.0,66641.04,66657.62,66600.74,66657.17,,,,53.89304082921878,,,,,,,,,,,,,,66563.73894972903,,,,,,,SELL,,,,,16.58,pullback_weak_candle;momentum_volume_low
2026-04-03T03:17:45.557886+00:00,BTCUSD,viper,144388,M5,HOLD,HOLD,NONE,0,113.70381976367715,0,,,,,,,,,,,,,,,,22.0,22.0,66641.04,66669.34,66600.74,66668.77,,,,54.463190293040654,,,,,,,,,,,,,,66564.84371163379,,,,,,,SELL,,,,,16.69,pullback_h1_trend_filtered
2026-04-03T03:17:56.085424+00:00,BTCUSD,viper,144388,M5,HOLD,HOLD,NONE,0,113.78953404939122,0,,,,,,,,,,,,,,,,22.0,22.0,66641.04,66670.54,66600.74,66670.44,,,,54.54411308485009,,,,,,,,,,,,,,66565.00275925283,,,,,,,SELL,,,,,16.7,pullback_h1_trend_filtered
2026-04-03T03:17:56.853300+00:00,XAUUSD,viper,144388,M5,OUTSIDE_HOURS,OUTSIDE_HOURS,NONE,0,5.405325367263564,0,,,,,,,,,,,,,,,,0.34,0.34,4668.9,4673.32,4667.67,4670.82,,,,53.58433911787206,,,,,,,,,,,,,,,,,,,,,BOTH,,,,,21.52,pullback_weak_candle;momentum_volume_low
2026-04-03T03:18:07.158330+00:00,BTCUSD,viper,144388,M5,HOLD,HOLD,NONE,0,113.7938197636778,0,,,,,,,,,,,,,,,,22.0,22.0,66641.04,66670.6,66600.74,66670.26,,,,54.53540469986905,,,,,,,,,,,,,,66564.9856163957,,,,,,,SELL,,,,,16.7,pullback_h1_trend_filtered
2026-04-03T03:18:17.587364+00:00,BTCUSD,viper,144388,M5,HOLD,HOLD,NONE,0,114.32881976367715,0,,,,,,,,,,,,,,,,22.0,22.0,66641.04,66678.09,66600.74,66677.46,,,,54.88115727800216,,,,,,,,,,,,,,66565.6713306814,,,,,,,SELL,,,,,16.77,pullback_h1_trend_filtered
2026-04-03T03:18:28.070197+00:00,BTCUSD,viper,144388,M5,HOLD,HOLD,NONE,0,114.32881976367715,0,,,,,,,,,,,,,,,,22.0,22.0,66641.04,66678.09,66600.74,66669.26,,,,54.486963957965095,,,,,,,,,,,,,,66564.89037830046,,,,,,,SELL,,,,,16.77,pullback_weak_candle;momentum_volume_low
2026-04-03T03:18:38.664200+00:00,BTCUSD,viper,144388,M5,HOLD,HOLD,NONE,0,114.32881976367715,0,,,,,,,,,,,,,,,,22.0,22.0,66641.04,66678.09,66600.74,66666.5,,,,54.352730324950166,,,,,,,,,,,,,,66564.6275211576,,,,,,,SELL,,,,,16.77,pullback_weak_candle;momentum_volume_low
2026-04-03T03:18:49.221096+00:00,BTCUSD,viper,144388,M5,HOLD,HOLD,NONE,0,114.32881976367715,0,,,,,,,,,,,,,,,,22.0,22.0,66641.04,66678.09,66600.74,66650.54,,,,53.5607126215028,,,,,,,,,,,,,,66563.1075211576,,,,,,,SELL,,,,,16.77,pullback_weak_candle;momentum_volume_low
2026-04-03T03:18:59.808444+00:00,BTCUSD,viper,144388,M5,HOLD,HOLD,NONE,0,114.32881976367715,0,,,,,,,,,,,,,,,,22.0,22.0,66641.04,66678.09,66600.74,66645.98,,,,53.32934855879225,,,,,,,,,,,,,,66562.67323544332,,,,,,,SELL,,,,,16.77,pullback_weak_candle;momentum_volume_low
2026-04-03T03:19:10.503705+00:00,BTCUSD,viper,144388,M5,HOLD,HOLD,NONE,0,114.32881976367715,0,,,,,,,,,,,,,,,,22.0,22.0,66641.04,66678.09,66600.74,66650.09,,,,53.53798270857293,,,,,,,,,,,,,,66563.06466401475,,,,,,,SELL,,,,,16.77,pullback_weak_candle;momentum_volume_low
2026-04-03T03:19:20.996362+00:00,BTCUSD,viper,144388,M5,HOLD,HOLD,NONE,0,114.32881976367715,0,,,,,,,,,,,,,,,,22.0,22.0,66641.04,66678.09,66600.74,66635.34,,,,52.74930786385259,,,,,,,,,,,,,,66561.65990210998,,,,,,,SELL,,,,,16.77,pullback_weak_candle;momentum_volume_low
2026-04-03T03:19:31.469783+00:00,BTCUSD,viper,144388,M5,HOLD,HOLD,NONE,0,114.32881976367715,0,,,,,,,,,,,,,,,,22.0,22.0,66641.04,66678.09,66600.74,66635.66,,,,52.767764562684214,,,,,,,,,,,,,,66561.69037830045,,,,,,,SELL,,,,,16.77,pullback_weak_candle;momentum_volume_low
2026-04-03T03:19:42.125210+00:00,BTCUSD,viper,144388,M5,HOLD,HOLD,NONE,0,114.32881976367715,0,,,,,,,,,,,,,,,,22.0,22.0,66641.04,66678.09,66600.74,66641.28,,,,53.08845616020767,,,,,,,,,,,,,,66562.22561639569,,,,,,,SELL,,,,,16.77,pullback_weak_candle;momentum_volume_low
2026-04-03T03:19:42.865003+00:00,XAUUSD,viper,144388,M5,OUTSIDE_HOURS,OUTSIDE_HOURS,NONE,0,5.405325367263564,0,,,,,,,,,,,,,,,,0.34,0.34,4668.9,4673.32,4667.67,4670.82,,,,53.58433911787206,,,,,,,,,,,,,,,,,,,,,BOTH,,,,,21.52,pullback_weak_candle;momentum_volume_low
2026-04-03T03:19:53.124259+00:00,BTCUSD,viper,144388,M5,HOLD,HOLD,NONE,0,114.32881976367715,0,,,,,,,,,,,,,,,,22.0,22.0,66641.04,66678.09,66600.74,66641.18,,,,53.083303769389936,,,,,,,,,,,,,,66562.21609258617,,,,,,,SELL,,,,,16.77,pullback_weak_candle;momentum_volume_low
2026-04-03T03:20:03.834212+00:00,BTCUSD,viper,144388,M5,HOLD,HOLD,NONE,0,106.74462057238685,0,,,,,,,,,,,,,,,,22.0,22.0,66641.15,66641.57,66633.42,66633.42,,,,52.59769001001581,,,,,,,,,,,,,,66569.02154403855,,,,,,,SELL,,,,,16.27,pullback_structure_not_confirmed;momentum_volume_low
2026-04-03T03:20:14.620309+00:00,BTCUSD,viper,144388,M5,HOLD,HOLD,NONE,0,107.75676342952855,0,,,,,,,,,,,,,,,,22.0,22.0,66641.15,66655.56,66633.24,66654.94,,,,53.83358962878201,,,,,,,,,,,,,,66571.07106784808,,,,,,,SELL,,,,,16.27,pullback_h1_trend_filtered
2026-04-03T03:20:25.322357+00:00,BTCUSD,viper,144388,M5,HOLD,HOLD,NONE,0,108.06962057238601,0,,,,,,,,,,,,,,,,22.0,22.0,66641.15,66659.94,66633.24,66659.78,,,,54.092199016024495,,,,,,,,,,,,,,66571.53202022903,,,,,,,SELL,,,,,16.27,pullback_h1_trend_filtered
2026-04-03T03:20:35.967232+00:00,BTCUSD,viper,144388,M5,HOLD,HOLD,NONE,0,108.22676342952867,0,,,,,,,,,,,,,,,,22.0,22.0,66641.15,66662.14,66633.24,66662.02,,,,54.21090780313422,,,,,,,,,,,,,,66571.74535356236,,,,,,,SELL,,,,,16.27,pullback_h1_trend_filtered
2026-04-03T03:20:46.547657+00:00,BTCUSD,viper,144388,M5,HOLD,HOLD,NONE,0,108.75604914381464,0,,,,,,,,,,,,,,,,22.0,22.0,66641.15,66669.55,66633.24,66668.78,,,,54.56546081796705,,,,,,,,,,,,,,66572.38916308618,,,,,,,SELL,,,,,16.27,pullback_h1_trend_filtered
2026-04-03T03:20:57.036163+00:00,BTCUSD,viper,144388,M5,HOLD,HOLD,NONE,0,108.75604914381464,0,,,,,,,,,,,,,,,,22.0,22.0,66641.15,66669.55,66633.24,66668.55,,,,54.55348787682961,,,,,,,,,,,,,,66572.36725832427,,,,,,,SELL,,,,,16.27,pullback_h1_trend_filtered
2026-04-03T03:21:07.479074+00:00,BTCUSD,viper,144388,M5,HOLD,HOLD,NONE,0,109.60104914381476,0,,,,,,,,,,,,,,,,22.0,22.0,66641.15,66681.38,66633.24,66680.98,,,,55.19162963099053,,,,,,,,,,,,,,66573.55106784808,,,,,,,SELL,,,,,16.31,pullback_h1_trend_filtered
2026-04-03T03:21:18.051898+00:00,BTCUSD,viper,144388,M5,HOLD,HOLD,NONE,0,110.16247771524337,0,,,,,,,,,,,,,,,,22.0,22.0,66641.15,66689.24,66633.24,66685.0,,,,55.39419393678395,,,,,,,,,,,,,,66573.93392499094,,,,,,,SELL,,,,,16.38,pullback_h1_trend_filtered
2026-04-03T03:21:28.479234+00:00,BTCUSD,viper,144388,M5,HOLD,HOLD,NONE,0,110.16247771524337,0,,,,,,,,,,,,,,,,22.0,22.0,66641.15,66689.24,66633.24,66683.4,,,,55.31379112972153,,,,,,,,,,,,,,66573.78154403856,,,,,,,SELL,,,,,16.38,pullback_h1_trend_filtered
2026-04-03T03:21:29.235294+00:00,XAUUSD,viper,144388,M5,OUTSIDE_HOURS,OUTSIDE_HOURS,NONE,0,5.405325367263564,0,,,,,,,,,,,,,,,,0.34,0.34,4668.9,4673.32,4667.67,4670.82,,,,53.58433911787206,,,,,,,,,,,,,,,,,,,,,BOTH,,,,,21.52,pullback_weak_candle;momentum_volume_low
2026-04-03T03:21:39.463361+00:00,BTCUSD,viper,144388,M5,HOLD,HOLD,NONE,0,110.16247771524337,0,,,,,,,,,,,,,,,,22.0,22.0,66641.15,66689.24,66633.24,66683.39,,,,55.3132877007088,,,,,,,,,,,,,,66573.7805916576,,,,,,,SELL,,,,,16.38,pullback_h1_trend_filtered
2026-04-03T03:21:50.010673+00:00,BTCUSD,viper,144388,M5,HOLD,HOLD,NONE,0,110.16247771524337,0,,,,,,,,,,,,,,,,22.0,22.0,66641.15,66689.24,66633.24,66686.03,,,,55.44580033971483,,,,,,,,,,,,,,66574.03202022903,,,,,,,SELL,,,,,16.38,pullback_h1_trend_filtered
2026-04-03T03:22:00.703074+00:00,BTCUSD,viper,144388,M5,HOLD,HOLD,NONE,0,110.16247771524337,0,,,,,,,,,,,,,,,,22.0,22.0,66641.15,66689.24,66633.24,66688.62,,,,55.57504177267276,,,,,,,,,,,,,,66574.2786868957,,,,,,,SELL,,,,,16.38,pullback_h1_trend_filtered
2026-04-03T03:22:11.308780+00:00,BTCUSD,viper,144388,M5,HOLD,HOLD,NONE,0,110.16247771524337,0,,,,,,,,,,,,,,,,22.0,22.0,66641.15,66689.24,66633.24,66684.62,,,,55.375124479562,,,,,,,,,,,,,,66573.89773451474,,,,,,,SELL,,,,,16.38,pullback_h1_trend_filtered
2026-04-03T03:22:21.799159+00:00,BTCUSD,viper,144388,M5,HOLD,HOLD,NONE,0,111.52533485810063,0,,,,,,,,,,,,,,,,22.0,22.0,66641.15,66708.32,66633.24,66707.86,,,,56.51214283480288,,,,,,,,,,,,,,66576.11106784808,,,,,,,SELL,,,,,16.55,pullback_h1_trend_filtered
2026-04-03T03:22:32.423658+00:00,BTCUSD,viper,144388,M5,HOLD,HOLD,NONE,0,111.6281920009569,0,,,,,,,,,,,,,,,,22.0,22.0,66641.15,66709.76,66633.24,66709.4,,,,56.585443922616754,,,,,,,,,,,,,,66576.25773451474,,,,,,,SELL,,,,,16.56,pullback_h1_trend_filtered
2026-04-03T03:22:42.856710+00:00,BTCUSD,viper,144388,M5,HOLD,HOLD,NONE,0,111.6281920009569,0,,,,,,,,,,,,,,,,22.0,22.0,66641.15,66709.76,66633.24,66706.38,,,,56.441464009256975,,,,,,,,,,,,,,66575.97011546713,,,,,,,SELL,,,,,16.56,pullback_h1_trend_filtered
2026-04-03T03:22:53.327845+00:00,BTCUSD,viper,144388,M5,HOLD,HOLD,NONE,0,111.6281920009569,0,,,,,,,,,,,,,,,,22.0,22.0,66641.15,66709.76,66633.24,66706.36,,,,56.44050731666923,,,,,,,,,,,,,,66575.96821070522,,,,,,,SELL,,,,,16.56,pullback_h1_trend_filtered
2026-04-03T03:23:03.868398+00:00,BTCUSD,viper,144388,M5,HOLD,HOLD,NONE,0,111.6281920009569,0,,,,,,,,,,,,,,,,22.0,22.0,66641.15,66709.76,66633.24,66706.5,,,,56.4472032824052,,,,,,,,,,,,,,66575.98154403856,,,,,,,SELL,,,,,16.56,pullback_h1_trend_filtered
2026-04-03T03:23:14.382214+00:00,BTCUSD,viper,144388,M5,HOLD,HOLD,NONE,0,111.6281920009569,0,,,,,,,,,,,,,,,,22.0,22.0,66641.15,66709.76,66633.24,66706.36,,,,56.44050731666923,,,,,,,,,,,,,,66575.96821070522,,,,,,,SELL,,,,,16.56,pullback_h1_trend_filtered
2026-04-03T03:23:15.352419+00:00,XAUUSD,viper,144388,M5,OUTSIDE_HOURS,OUTSIDE_HOURS,NONE,0,5.405325367263564,0,,,,,,,,,,,,,,,,0.34,0.34,4668.9,4673.32,4667.67,4670.82,,,,53.58433911787206,,,,,,,,,,,,,,,,,,,,,BOTH,,,,,21.52,pullback_weak_candle;momentum_volume_low
2026-04-03T03:23:25.761241+00:00,BTCUSD,viper,144388,M5,HOLD,HOLD,NONE,0,111.6281920009569,0,,,,,,,,,,,,,,,,22.0,22.0,66641.15,66709.76,66633.24,66701.0,,,,56.18258992236882,,,,,,,,,,,,,,66575.45773451474,,,,,,,SELL,,,,,16.56,pullback_h1_trend_filtered
2026-04-03T03:23:36.299616+00:00,BTCUSD,viper,144388,M5,HOLD,HOLD,NONE,0,111.6281920009569,0,,,,,,,,,,,,,,,,22.0,22.0,66641.15,66709.76,66633.24,66697.96,,,,56.034946460510994,,,,,,,,,,,,,,66575.16821070522,,,,,,,SELL,,,,,16.56,pullback_h1_trend_filtered
2026-04-03T03:23:46.810439+00:00,BTCUSD,viper,144388,M5,HOLD,HOLD,NONE,0,111.6281920009569,0,,,,,,,,,,,,,,,,22.0,22.0,66641.15,66709.76,66633.24,66698.0,,,,56.03689559710555,,,,,,,,,,,,,,66575.17202022903,,,,,,,SELL,,,,,16.56,pullback_h1_trend_filtered
2026-04-03T03:23:57.331044+00:00,BTCUSD,viper,144388,M5,HOLD,HOLD,NONE,0,111.6281920009569,0,,,,,,,,,,,,,,,,22.0,22.0,66641.15,66709.76,66633.24,66700.9,,,,56.17774900452995,,,,,,,,,,,,,,66575.44821070522,,,,,,,SELL,,,,,16.56,pullback_h1_trend_filtered
2026-04-03T03:24:07.835619+00:00,BTCUSD,viper,144388,M5,HOLD,HOLD,NONE,0,111.6281920009569,0,,,,,,,,,,,,,,,,22.0,22.0,66641.15,66709.76,66633.24,66687.86,,,,55.537195440300685,,,,,,,,,,,,,,66574.20630594331,,,,,,,SELL,,,,,16.56,pullback_h1_trend_filtered
2026-04-03T03:24:18.343443+00:00,BTCUSD,viper,144388,M5,HOLD,HOLD,NONE,0,111.6281920009569,0,,,,,,,,,,,,,,,,22.0,22.0,66641.15,66709.76,66633.24,66681.39,,,,55.2123733862903,,,,,,,,,,,,,,66573.59011546713,,,,,,,SELL,,,,,16.56,pullback_h1_trend_filtered
2026-04-03T03:24:28.848271+00:00,BTCUSD,viper,144388,M5,HOLD,HOLD,NONE,0,111.6281920009569,0,,,,,,,,,,,,,,,,22.0,22.0,66641.15,66709.76,66633.24,66681.46,,,,55.21591308370499,,,,,,,,,,,,,,66573.5967821338,,,,,,,SELL,,,,,16.56,pullback_h1_trend_filtered
2026-04-03T03:24:39.343477+00:00,BTCUSD,viper,144388,M5,HOLD,HOLD,NONE,0,111.6281920009569,0,,,,,,,,,,,,,,,,22.0,22.0,66641.15,66709.76,66633.24,66681.12,,,,55.198715024598805,,,,,,,,,,,,,,66573.56440118141,,,,,,,SELL,,,,,16.56,pullback_h1_trend_filtered
2026-04-03T03:24:49.870860+00:00,BTCUSD,viper,144388,M5,HOLD,HOLD,NONE,0,111.6281920009569,0,,,,,,,,,,,,,,,,22.0,22.0,66641.15,66709.76,66633.24,66677.41,,,,55.0101918052744,,,,,,,,,,,,,,66573.21106784808,,,,,,,SELL,,,,,16.56,pullback_h1_trend_filtered
2026-04-03T03:25:00.457269+00:00,BTCUSD,viper,144388,M5,HOLD,HOLD,NONE,0,103.67118033061142,0,,,,,,,,,,,,,,,,22.0,22.0,66677.58,66677.58,66677.58,66677.58,,,,55.01976609498342,,,,,,,,,,,,,,66583.14579607821,,,,,,,SELL,,,,,16.37,pullback_not_near_ema;momentum_volume_low
2026-04-03T03:25:01.151573+00:00,XAUUSD,viper,144388,M5,OUTSIDE_HOURS,OUTSIDE_HOURS,NONE,0,5.405325367263564,0,,,,,,,,,,,,,,,,0.34,0.34,4668.9,4673.32,4667.67,4670.82,,,,53.58433911787206,,,,,,,,,,,,,,,,,,,,,BOTH,,,,,21.52,pullback_weak_candle;momentum_volume_low
2026-04-03T03:25:11.510516+00:00,BTCUSD,viper,144388,M5,HOLD,HOLD,NONE,0,103.71618033061175,0,,,,,,,,,,,,,,,,22.0,22.0,66677.58,66678.08,66677.22,66677.88,,,,55.03623924165438,,,,,,,,,,,,,,66583.17436750678,,,,,,,SELL,,,,,16.37,pullback_not_near_ema;momentum_volume_low
2026-04-03T03:25:22.063162+00:00,BTCUSD,viper,144388,M5,HOLD,HOLD,NONE,0,104.16046604489755,0,,,,,,,,,,,,,,,,22.0,22.0,66677.58,66684.3,66677.22,66679.23,,,,55.110219331251024,,,,,,,,,,,,,,66583.30293893535,,,,,,,SELL,,,,,16.37,pullback_not_near_ema;momentum_volume_low
2026-04-03T03:25:32.554120+00:00,BTCUSD,viper,144388,M5,HOLD,HOLD,NONE,0,104.16046604489755,0,,,,,,,,,,,,,,,,22.0,22.0,66677.58,66684.3,66677.22,66679.7,,,,55.135918264550654,,,,,,,,,,,,,,66583.34770084011,,,,,,,SELL,,,,,16.37,pullback_not_near_ema;momentum_volume_low
2026-04-03T03:25:43.030472+00:00,BTCUSD,viper,144388,M5,HOLD,HOLD,NONE,0,105.3090374734691,0,,,,,,,,,,,,,,,,22.0,22.0,66677.58,66700.38,66677.22,66699.66,,,,56.20078825299595,,,,,,,,,,,,,,66585.24865322108,,,,,,,SELL,,,,,16.37,pullback_not_near_ema;momentum_volume_low
2026-04-03T03:25:53.512845+00:00,BTCUSD,viper,144388,M5,HOLD,HOLD,NONE,0,105.77332318775483,0,,,,,,,,,,,,,,,,22.0,22.0,66677.58,66706.88,66677.22,66706.88,,,,56.57363294415909,,,,,,,,,,,,,,66585.9362722687,,,,,,,SELL,,,,,16.37,pullback_not_near_ema;momentum_volume_low
2026-04-03T03:26:04.015550+00:00,BTCUSD,viper,144388,M5,HOLD,HOLD,NONE,0,105.79118033061197,0,,,,,,,,,,,,,,,,22.0,22.0,66677.58,66707.13,66677.22,66706.26,,,,56.54186513651817,,,,,,,,,,,,,,66585.87722464964,,,,,,,SELL,,,,,16.37,pullback_not_near_ema;momentum_volume_low
2026-04-03T03:26:14.533034+00:00,BTCUSD,viper,144388,M5,HOLD,HOLD,NONE,0,106.23546604489776,0,,,,,,,,,,,,,,,,22.0,22.0,66677.58,66713.35,66677.22,66713.11,,,,56.89028887807555,,,,,,,,,,,,,,66586.52960560202,,,,,,,SELL,,,,,16.41,pullback_not_near_ema;momentum_volume_low
2026-04-03T03:26:25.438163+00:00,BTCUSD,viper,144388,M5,HOLD,HOLD,NONE,0,106.23903747346836,0,,,,,,,,,,,,,,,,22.0,22.0,66677.58,66713.4,66677.22,66707.7,,,,56.6155771666164,,,,,,,,,,,,,,66586.01436750678,,,,,,,SELL,,,,,16.41,pullback_not_near_ema;momentum_volume_low
2026-04-03T03:26:35.970465+00:00,BTCUSD,viper,144388,M5,HOLD,HOLD,NONE,0,106.23903747346836,0,,,,,,,,,,,,,,,,22.0,22.0,66677.58,66713.4,66677.22,66694.92,,,,55.95251109595767,,,,,,,,,,,,,,66584.79722464964,,,,,,,SELL,,,,,16.41,pullback_not_near_ema;momentum_volume_low
2026-04-03T03:26:46.538494+00:00,BTCUSD,viper,144388,M5,HOLD,HOLD,NONE,0,106.23903747346836,0,,,,,,,,,,,,,,,,22.0,22.0,66677.58,66713.4,66677.22,66694.54,,,,55.93248509262074,,,,,,,,,,,,,,66584.76103417345,,,,,,,SELL,,,,,16.41,pullback_not_near_ema;momentum_volume_low
2026-04-03T03:26:47.273903+00:00,XAUUSD,viper,144388,M5,OUTSIDE_HOURS,OUTSIDE_HOURS,NONE,0,5.405325367263564,0,,,,,,,,,,,,,,,,0.34,0.34,4668.9,4673.32,4667.67,4670.82,,,,53.58433911787206,,,,,,,,,,,,,,,,,,,,,BOTH,,,,,21.52,pullback_weak_candle;momentum_volume_low
2026-04-03T03:26:57.573956+00:00,BTCUSD,viper,144388,M5,HOLD,HOLD,NONE,0,106.23903747346836,0,,,,,,,,,,,,,,,,22.0,22.0,66677.58,66713.4,66677.22,66677.52,,,,55.01647001709914,,,,,,,,,,,,,,66583.1400817925,,,,,,,SELL,,,,,16.41,pullback_not_near_ema;momentum_volume_low
2026-04-03T03:27:08.030376+00:00,BTCUSD,viper,144388,M5,HOLD,HOLD,NONE,0,107.68618033061084,0,,,,,,,,,,,,,,,,22.0,22.0,66677.58,66713.4,66656.96,66657.31,,,,53.69272754670093,,,,,,,,,,,,,,66581.21531988773,,,,,,,SELL,,,,,16.41,pullback_not_near_ema;momentum_volume_low
2026-04-03T03:27:18.591201+00:00,BTCUSD,viper,144388,M5,HOLD,HOLD,NONE,0,108.26332318775383,0,,,,,,,,,,,,,,,,22.0,22.0,66677.58,66713.4,66648.88,66648.96,,,,53.1634170114649,,,,,,,,,,,,,,66580.4200817925,,,,,,,SELL,,,,,16.41,pullback_structure_not_confirmed;momentum_volume_low
2026-04-03T03:27:29.068284+00:00,BTCUSD,viper,144388,M5,HOLD,HOLD,NONE,0,109.00618033061158,0,,,,,,,,,,,,,,,,22.0,22.0,66677.58,66713.4,66638.48,66644.24,,,,52.86880524298056,,,,,,,,,,,,,,66579.97055798298,,,,,,,SELL,,,,,16.41,pullback_structure_not_confirmed;momentum_volume_low
2026-04-03T03:27:39.594655+00:00,BTCUSD,viper,144388,M5,HOLD,HOLD,NONE,0,109.00618033061158,0,,,,,,,,,,,,,,,,22.0,22.0,66677.58,66713.4,66638.48,66640.6,,,,52.64382518339745,,,,,,,,,,,,,,66579.62389131631,,,,,,,SELL,,,,,16.41,pullback_structure_not_confirmed;momentum_volume_low
2026-04-03T03:27:50.253639+00:00,BTCUSD,viper,144388,M5,HOLD,HOLD,NONE,0,109.00618033061158,0,,,,,,,,,,,,,,,,22.0,22.0,66677.58,66713.4,66638.48,66642.24,,,,52.744952364184826,,,,,,,,,,,,,,66579.7800817925,,,,,,,SELL,,,,,16.41,pullback_structure_not_confirmed;momentum_volume_low
2026-04-03T03:28:00.908170+00:00,BTCUSD,viper,144388,M5,HOLD,HOLD,NONE,0,109.25475175918272,0,,,,,,,,,,,,,,,,22.0,22.0,66677.58,66713.4,66635.0,66635.26,,,,52.31721552287795,,,,,,,,,,,,,,66579.11531988773,,,,,,,SELL,,,,,16.41,pullback_structure_not_confirmed;momentum_volume_low
2026-04-03T03:28:11.696310+00:00,BTCUSD,viper,144388,M5,HOLD,HOLD,NONE,0,109.69189461632526,0,,,,,,,,,,,,,,,,22.0,22.0,66677.58,66713.4,66628.88,66629.04,,,,51.9418553640545,,,,,,,,,,,,,,66578.52293893535,,,,,,,SELL,,,,,16.32,pullback_structure_not_confirmed;momentum_volume_low
2026-04-03T03:28:22.491014+00:00,BTCUSD,viper,144388,M5,HOLD,HOLD,NONE,0,110.67903747346861,0,,,,,,,,,,,,,,,,22.0,22.0,66677.58,66713.4,66615.06,66615.31,,,,51.132056863151114,,,,,,,,,,,,,,66577.21531988773,,,,,,,SELL,,,,,16.16,pullback_structure_not_confirmed;momentum_volume_low
2026-04-03T03:28:33.313901+00:00,BTCUSD,viper,144388,M5,HOLD,HOLD,NONE,0,110.67903747346861,0,,,,,,,,,,,,,,,,22.0,22.0,66677.58,66713.4,66615.06,66615.38,,,,51.136121434929116,,,,,,,,,,,,,,66577.2219865544,,,,,,,SELL,,,,,16.16,pullback_structure_not_confirmed;momentum_volume_low
2026-04-03T03:28:34.283751+00:00,XAUUSD,viper,144388,M5,OUTSIDE_HOURS,OUTSIDE_HOURS,NONE,0,5.405325367263564,0,,,,,,,,,,,,,,,,0.34,0.34,4668.9,4673.32,4667.67,4670.82,,,,53.58433911787206,,,,,,,,,,,,,,,,,,,,,BOTH,,,,,21.52,pullback_weak_candle;momentum_volume_low
2026-04-03T03:28:44.678630+00:00,BTCUSD,viper,144388,M5,HOLD,HOLD,NONE,0,110.67903747346861,0,,,,,,,,,,,,,,,,22.0,22.0,66677.58,66713.4,66615.06,66615.44,,,,51.139605867952234,,,,,,,,,,,,,,66577.22770084011,,,,,,,SELL,,,,,16.16,pullback_structure_not_confirmed;momentum_volume_low
2026-04-03T03:28:55.602074+00:00,BTCUSD,viper,144388,M5,HOLD,HOLD,NONE,0,110.67903747346861,0,,,,,,,,,,,,,,,,22.0,22.0,66677.58,66713.4,66615.06,66615.64,,,,51.15122407502667,,,,,,,,,,,,,,66577.24674845916,,,,,,,SELL,,,,,16.16,pullback_structure_not_confirmed;momentum_volume_low
2026-04-03T03:29:06.297875+00:00,BTCUSD,viper,144388,M5,HOLD,HOLD,NONE,0,110.95475175918294,0,,,,,,,,,,,,,,,,22.0,22.0,66677.58,66713.4,66611.2,66611.2,,,,50.89453589601641,,,,,,,,,,,,,,66576.82389131631,,,,,,,SELL,,,,,16.11,pullback_structure_not_confirmed;momentum_volume_low
2026-04-03T03:29:16.967068+00:00,BTCUSD,viper,144388,M5,HOLD,HOLD,NONE,0,110.95475175918294,0,,,,,,,,,,,,,,,,22.0,22.0,66677.58,66713.4,66611.2,66611.31,,,,50.90086416176479,,,,,,,,,,,,,,66576.83436750679,,,,,,,SELL,,,,,16.11,pullback_structure_not_confirmed;momentum_volume_low
2026-04-03T03:29:27.518853+00:00,BTCUSD,viper,144388,M5,HOLD,HOLD,NONE,0,111.71189461632517,0,,,,,,,,,,,,,,,,22.0,22.0,66677.58,66713.4,66600.6,66600.68,,,,50.29650936274091,,,,,,,,,,,,,,66575.8219865544,,,,,,,SELL,,,,,15.99,pullback_structure_not_confirmed;momentum_volume_low
2026-04-03T03:29:38.206750+00:00,BTCUSD,viper,144388,M5,HOLD,HOLD,NONE,0,111.71618033061175,0,,,,,,,,,,,,,,,,22.0,22.0,66677.58,66713.4,66600.54,66612.98,,,,50.99713241515581,,,,,,,,,,,,,,66576.99341512583,,,,,,,SELL,,,,,15.99,pullback_structure_not_confirmed;momentum_volume_low
2026-04-03T03:29:48.728383+00:00,BTCUSD,viper,144388,M5,HOLD,HOLD,NONE,0,111.71618033061175,0,,,,,,,,,,,,,,,,22.0,22.0,66677.58,66713.4,66600.54,66620.43,,,,51.43106600018327,,,,,,,,,,,,,,66577.70293893536,,,,,,,SELL,,,,,15.99,pullback_structure_not_confirmed;momentum_volume_low
2026-04-03T03:29:59.194716+00:00,BTCUSD,viper,144388,M5,HOLD,HOLD,NONE,0,111.71618033061175,0,,,,,,,,,,,,,,,,22.0,22.0,66677.58,66713.4,66600.54,66623.46,,,,51.60967155389755,,,,,,,,,,,,,,66577.99151036392,,,,,,,SELL,,,,,15.99,pullback_structure_not_confirmed;momentum_volume_low
2026-04-03T03:30:10.046209+00:00,BTCUSD,viper,144388,M5,HOLD,HOLD,NONE,0,103.7921721087197,0,,,,,,,,,,,,,,,,22.0,22.0,66623.25,66623.84,66623.06,66623.57,,,,51.61590465663126,,,,,,,,,,,,,,66582.34696742016,,,,,,,SELL,,,,,15.46,pullback_structure_not_confirmed;momentum_volume_low
2026-04-03T03:30:20.718395+00:00,BTCUSD,viper,144388,M5,HOLD,HOLD,NONE,0,104.32788639443503,0,,,,,,,,,,,,,,,,22.0,22.0,66623.25,66623.96,66615.68,66615.74,,,,51.121785491801596,,,,,,,,,,,,,,66581.60125313445,,,,,,,SELL,,,,,15.46,pullback_structure_not_confirmed;momentum_volume_low
2026-04-03T03:30:21.471380+00:00,XAUUSD,viper,144388,M5,OUTSIDE_HOURS,OUTSIDE_HOURS,NONE,0,5.405325367263564,0,,,,,,,,,,,,,,,,0.34,0.34,4668.9,4673.32,4667.67,4670.82,,,,53.58433911787206,,,,,,,,,,,,,,,,,,,,,BOTH,,,,,21.52,pullback_weak_candle;momentum_volume_low
2026-04-03T03:30:31.696990+00:00,BTCUSD,viper,144388,M5,HOLD,HOLD,NONE,0,104.33502925157725,0,,,,,,,,,,,,,,,,22.0,22.0,66623.25,66623.96,66615.58,66620.45,,,,51.4178739068144,,,,,,,,,,,,,,66582.04982456302,,,,,,,SELL,,,,,15.46,pullback_weak_candle;momentum_volume_low
2026-04-03T03:30:42.181269+00:00,BTCUSD,viper,144388,M5,HOLD,HOLD,NONE,0,104.33502925157725,0,,,,,,,,,,,,,,,,22.0,22.0,66623.25,66623.96,66615.58,66623.46,,,,51.60889686493258,,,,,,,,,,,,,,66582.33649122968,,,,,,,SELL,,,,,15.46,pullback_weak_candle;momentum_volume_low
2026-04-03T03:30:52.669580+00:00,BTCUSD,viper,144388,M5,HOLD,HOLD,NONE,0,104.33502925157725,0,,,,,,,,,,,,,,,,22.0,22.0,66623.25,66623.96,66615.58,66623.64,,,,51.620325144627074,,,,,,,,,,,,,,66582.35363408683,,,,,,,SELL,,,,,15.46,pullback_weak_candle;momentum_volume_low
2026-04-03T03:31:03.146414+00:00,BTCUSD,viper,144388,M5,HOLD,HOLD,NONE,0,104.94217210872011,0,,,,,,,,,,,,,,,,22.0,22.0,66623.25,66632.46,66615.58,66631.88,,,,52.10750064810613,,,,,,,,,,,,,,66583.13839599158,,,,,,,SELL,,,,,15.46,pullback_h1_trend_filtered
2026-04-03T03:31:13.736296+00:00,BTCUSD,viper,144388,M5,HOLD,HOLD,NONE,0,104.94360068014794,0,,,,,,,,,,,,,,,,22.0,22.0,66623.25,66632.48,66615.58,66628.15,,,,51.888191981055336,,,,,,,,,,,,,,66582.78315789635,,,,,,,SELL,,,,,15.46,pullback_weak_candle;momentum_volume_low
2026-04-03T03:31:24.210199+00:00,BTCUSD,viper,144388,M5,HOLD,HOLD,NONE,0,104.94360068014794,0,,,,,,,,,,,,,,,,22.0,22.0,66623.25,66632.48,66615.58,66627.86,,,,51.871056993898165,,,,,,,,,,,,,,66582.75553884874,,,,,,,SELL,,,,,15.46,pullback_weak_candle;momentum_volume_low
2026-04-03T03:31:34.727916+00:00,BTCUSD,viper,144388,M5,HOLD,HOLD,NONE,0,104.94360068014794,0,,,,,,,,,,,,,,,,22.0,22.0,66623.25,66632.48,66615.58,66631.5,,,,52.085249720981665,,,,,,,,,,,,,,66583.1022055154,,,,,,,SELL,,,,,15.46,pullback_h1_trend_filtered
2026-04-03T03:31:45.252290+00:00,BTCUSD,viper,144388,M5,HOLD,HOLD,NONE,0,105.9950292515766,0,,,,,,,,,,,,,,,,22.0,22.0,66623.25,66632.48,66600.86,66605.25,,,,50.474444028399425,,,,,,,,,,,,,,66580.6022055154,,,,,,,SELL,,,,,15.46,pullback_structure_not_confirmed;momentum_volume_low
2026-04-03T03:31:55.758073+00:00,BTCUSD,viper,144388,M5,HOLD,HOLD,NONE,0,106.01360068014765,0,,,,,,,,,,,,,,,,22.0,22.0,66623.25,66632.48,66600.6,66600.9,,,,50.21078769094773,,,,,,,,,,,,,,66580.18791980112,,,,,,,SELL,,,,,15.46,pullback_structure_not_confirmed;momentum_volume_low
2026-04-03T03:32:06.289451+00:00,BTCUSD,viper,144388,M5,HOLD,HOLD,NONE,0,106.01360068014765,0,,,,,,,,,,,,,,,,22.0,22.0,66623.25,66632.48,66600.6,66605.72,,,,50.50309687610291,,,,,,,,,,,,,,66580.64696742017,,,,,,,SELL,,,,,15.46,pullback_structure_not_confirmed;momentum_volume_low
2026-04-03T03:32:07.204837+00:00,XAUUSD,viper,144388,M5,OUTSIDE_HOURS,OUTSIDE_HOURS,NONE,0,5.405325367263564,0,,,,,,,,,,,,,,,,0.34,0.34,4668.9,4673.32,4667.67,4670.82,,,,53.58433911787206,,,,,,,,,,,,,,,,,,,,,BOTH,,,,,21.52,pullback_weak_candle;momentum_volume_low
2026-04-03T03:32:17.441405+00:00,BTCUSD,viper,144388,M5,HOLD,HOLD,NONE,0,106.01360068014765,0,,,,,,,,,,,,,,,,22.0,22.0,66623.25,66632.48,66600.6,66606.04,,,,50.52262381938382,,,,,,,,,,,,,,66580.67744361064,,,,,,,SELL,,,,,15.46,pullback_structure_not_confirmed;momentum_volume_low
2026-04-03T03:32:28.000851+00:00,BTCUSD,viper,144388,M5,HOLD,HOLD,NONE,0,106.01360068014765,0,,,,,,,,,,,,,,,,22.0,22.0,66623.25,66632.48,66600.6,66612.93,,,,50.94675679643025,,,,,,,,,,,,,,66581.33363408683,,,,,,,SELL,,,,,15.46,pullback_weak_candle;momentum_volume_low
2026-04-03T03:32:38.434098+00:00,BTCUSD,viper,144388,M5,HOLD,HOLD,NONE,0,106.01360068014765,0,,,,,,,,,,,,,,,,22.0,22.0,66623.25,66632.48,66600.6,66616.92,,,,51.19564414977363,,,,,,,,,,,,,,66581.71363408683,,,,,,,SELL,,,,,15.46,pullback_weak_candle;momentum_volume_low
2026-04-03T03:32:48.987228+00:00,BTCUSD,viper,144388,M5,HOLD,HOLD,NONE,0,106.6036006801483,0,,,,,,,,,,,,,,,,22.0,22.0,66623.25,66640.74,66600.6,66640.27,,,,52.593565856172035,,,,,,,,,,,,,,66583.93744361064,,,,,,,SELL,,,,,15.46,pullback_h1_trend_filtered
2026-04-03T03:32:59.552247+00:00,BTCUSD,viper,144388,M5,HOLD,HOLD,NONE,0,107.63074353729046,0,,,,,,,,,,,,,,,,22.0,22.0,66623.25,66655.12,66600.6,66654.64,,,,53.403546617251834,,,,,,,,,,,,,,66585.30601503921,,,,,,,SELL,,,,,15.46,pullback_h1_trend_filtered
2026-04-03T03:33:10.115545+00:00,BTCUSD,viper,144388,M5,HOLD,HOLD,NONE,0,109.16502925157693,0,,,,,,,,,,,,,,,,22.0,22.0,66623.25,66676.6,66600.6,66676.26,,,,54.57134066129281,,,,,,,,,,,,,,66587.36506265825,,,,,,,SELL,,,,,15.46,pullback_h1_trend_filtered
2026-04-03T03:33:20.721558+00:00,BTCUSD,viper,144388,M5,HOLD,HOLD,NONE,0,109.87645782300491,0,,,,,,,,,,,,,,,,22.0,22.0,66623.25,66686.56,66600.6,66686.13,,,,55.0852234825926,,,,,,,,,,,,,,66588.30506265826,,,,,,,SELL,,,,,15.46,pullback_h1_trend_filtered
2026-04-03T03:33:31.220228+00:00,BTCUSD,viper,144388,M5,HOLD,HOLD,NONE,0,109.87645782300491,0,,,,,,,,,,,,,,,,22.0,22.0,66623.25,66686.56,66600.6,66679.34,,,,54.73295895878552,,,,,,,,,,,,,,66587.65839599159,,,,,,,SELL,,,,,15.46,pullback_h1_trend_filtered
2026-04-03T03:33:41.698444+00:00,BTCUSD,viper,144388,M5,HOLD,HOLD,NONE,0,109.87645782300491,0,,,,,,,,,,,,,,,,22.0,22.0,66623.25,66686.56,66600.6,66679.29,,,,54.730344468184676,,,,,,,,,,,,,,66587.65363408683,,,,,,,SELL,,,,,15.46,pullback_h1_trend_filtered
2026-04-03T03:33:52.241720+00:00,BTCUSD,viper,144388,M5,HOLD,HOLD,NONE,0,110.11788639443381,0,,,,,,,,,,,,,,,,22.0,22.0,66623.25,66689.94,66600.6,66689.36,,,,55.25087829798998,,,,,,,,,,,,,,66588.61268170588,,,,,,,SELL,,,,,15.46,pullback_h1_trend_filtered
2026-04-03T03:33:53.127971+00:00,XAUUSD,viper,144388,M5,OUTSIDE_HOURS,OUTSIDE_HOURS,NONE,0,5.405325367263564,0,,,,,,,,,,,,,,,,0.34,0.34,4668.9,4673.32,4667.67,4670.82,,,,53.58433911787206,,,,,,,,,,,,,,,,,,,,,BOTH,,,,,21.52,pullback_weak_candle;momentum_volume_low
2026-04-03T03:34:03.355838+00:00,BTCUSD,viper,144388,M5,HOLD,HOLD,NONE,0,110.42002925157638,0,,,,,,,,,,,,,,,,22.0,22.0,66623.25,66694.17,66600.6,66693.79,,,,55.476099477914,,,,,,,,,,,,,,66589.03458646778,,,,,,,SELL,,,,,15.46,pullback_h1_trend_filtered
2026-04-03T03:34:13.862488+00:00,BTCUSD,viper,144388,M5,HOLD,HOLD,NONE,0,110.42002925157638,0,,,,,,,,,,,,,,,,22.0,22.0,66623.25,66694.17,66600.6,66693.74,,,,55.473570128279555,,,,,,,,,,,,,,66589.02982456303,,,,,,,SELL,,,,,15.46,pullback_h1_trend_filtered
2026-04-03T03:34:24.515663+00:00,BTCUSD,viper,144388,M5,HOLD,HOLD,NONE,0,110.77502925157647,0,,,,,,,,,,,,,,,,22.0,22.0,66623.25,66699.14,66600.6,66695.06,,,,55.54024875061289,,,,,,,,,,,,,,66589.15553884873,,,,,,,SELL,,,,,15.46,pullback_h1_trend_filtered
2026-04-03T03:34:35.148736+00:00,BTCUSD,viper,144388,M5,HOLD,HOLD,NONE,0,110.77502925157647,0,,,,,,,,,,,,,,,,22.0,22.0,66623.25,66699.14,66600.6,66695.19,,,,55.546804783858605,,,,,,,,,,,,,,66589.16791980111,,,,,,,SELL,,,,,15.46,pullback_h1_trend_filtered
2026-04-03T03:34:45.605845+00:00,BTCUSD,viper,144388,M5,HOLD,HOLD,NONE,0,110.77502925157647,0,,,,,,,,,,,,,,,,22.0,22.0,66623.25,66699.14,66600.6,66694.7,,,,55.52208348517781,,,,,,,,,,,,,,66589.12125313445,,,,,,,SELL,,,,,15.46,pullback_h1_trend_filtered
2026-04-03T03:34:56.171586+00:00,BTCUSD,viper,144388,M5,HOLD,HOLD,NONE,0,110.77502925157647,0,,,,,,,,,,,,,,,,22.0,22.0,66623.25,66699.14,66600.6,66689.35,,,,55.25036732049368,,,,,,,,,,,,,,66588.61172932493,,,,,,,SELL,,,,,15.46,pullback_h1_trend_filtered
2026-04-03T03:35:06.668092+00:00,BTCUSD,viper,144388,M5,HOLD,HOLD,NONE,0,103.32538630912859,0,,,,,,,,,,,,,,,,22.0,22.0,66685.32,66689.74,66683.26,66683.5,,,,54.9179120230497,,,,,,,,,,,,,,66597.3126530677,,,,,,,SELL,,,,,14.96,pullback_not_near_ema;momentum_volume_low
2026-04-03T03:35:17.320712+00:00,BTCUSD,viper,144388,M5,HOLD,HOLD,NONE,0,103.46252916627132,0,,,,,,,,,,,,,,,,22.0,22.0,66685.32,66689.74,66681.34,66681.92,,,,54.81119791193618,,,,,,,,,,,,,,66597.16217687722,,,,,,,SELL,,,,,14.96,pullback_not_near_ema;momentum_volume_low
2026-04-03T03:35:28.218188+00:00,BTCUSD,viper,144388,M5,HOLD,HOLD,NONE,0,107.50824345198558,0,,,,,,,,,,,,,,,,22.0,22.0,66685.32,66689.74,66624.7,66624.7,,,,51.207625613469176,,,,,,,,,,,,,,66591.71265306769,,,,,,,SELL,,,,,14.96,pullback_structure_not_confirmed;momentum_volume_low
2026-04-03T03:35:38.831999+00:00,BTCUSD,viper,144388,M5,HOLD,HOLD,NONE,0,108.17824345198487,0,,,,,,,,,,,,,,,,22.0,22.0,66685.32,66689.74,66615.32,66633.67,,,,51.74088981331529,,,,,,,,,,,,,,66592.56693878198,,,,,,,SELL,,,,,14.96,pullback_structure_not_confirmed;momentum_volume_low
2026-04-03T03:35:39.632800+00:00,XAUUSD,viper,144388,M5,OUTSIDE_HOURS,OUTSIDE_HOURS,NONE,0,5.405325367263564,0,,,,,,,,,,,,,,,,0.34,0.34,4668.9,4673.32,4667.67,4670.82,,,,53.58433911787206,,,,,,,,,,,,,,,,,,,,,BOTH,,,,,21.52,pullback_weak_candle;momentum_volume_low
2026-04-03T03:35:49.848568+00:00,BTCUSD,viper,144388,M5,HOLD,HOLD,NONE,0,108.17824345198487,0,,,,,,,,,,,,,,,,22.0,22.0,66685.32,66689.74,66615.32,66639.06,,,,52.066699627084496,,,,,,,,,,,,,,66593.08027211532,,,,,,,SELL,,,,,14.96,pullback_structure_not_confirmed;momentum_volume_low
2026-04-03T03:36:00.311445+00:00,BTCUSD,viper,144388,M5,HOLD,HOLD,NONE,0,108.17824345198487,0,,,,,,,,,,,,,,,,22.0,22.0,66685.32,66689.74,66615.32,66639.42,,,,52.088606820661354,,,,,,,,,,,,,,66593.1145578296,,,,,,,SELL,,,,,14.96,pullback_structure_not_confirmed;momentum_volume_low
2026-04-03T03:36:10.830111+00:00,BTCUSD,viper,144388,M5,HOLD,HOLD,NONE,0,108.17824345198487,0,,,,,,,,,,,,,,,,22.0,22.0,66685.32,66689.74,66615.32,66638.74,,,,52.04724203014452,,,,,,,,,,,,,,66593.04979592483,,,,,,,SELL,,,,,14.96,pullback_structure_not_confirmed;momentum_volume_low
2026-04-03T03:36:21.259816+00:00,BTCUSD,viper,144388,M5,HOLD,HOLD,NONE,0,108.17824345198487,0,,,,,,,,,,,,,,,,22.0,22.0,66685.32,66689.74,66615.32,66635.23,,,,51.834767222956906,,,,,,,,,,,,,,66592.71551021055,,,,,,,SELL,,,,,14.96,pullback_structure_not_confirmed;momentum_volume_low
2026-04-03T03:36:31.852724+00:00,BTCUSD,viper,144388,M5,HOLD,HOLD,NONE,0,108.17824345198487,0,,,,,,,,,,,,,,,,22.0,22.0,66685.32,66689.74,66615.32,66635.71,,,,51.86372115275164,,,,,,,,,,,,,,66592.76122449627,,,,,,,SELL,,,,,14.96,pullback_structure_not_confirmed;momentum_volume_low
2026-04-03T03:36:42.303152+00:00,BTCUSD,viper,144388,M5,HOLD,HOLD,NONE,0,108.17824345198487,0,,,,,,,,,,,,,,,,22.0,22.0,66685.32,66689.74,66615.32,66637.68,,,,51.98289248501483,,,,,,,,,,,,,,66592.94884354388,,,,,,,SELL,,,,,14.96,pullback_structure_not_confirmed;momentum_volume_low
2026-04-03T03:36:52.822184+00:00,BTCUSD,viper,144388,M5,HOLD,HOLD,NONE,0,108.17824345198487,0,,,,,,,,,,,,,,,,22.0,22.0,66685.32,66689.74,66615.32,66638.78,,,,52.04967343441458,,,,,,,,,,,,,,66593.05360544864,,,,,,,SELL,,,,,14.96,pullback_structure_not_confirmed;momentum_volume_low
2026-04-03T03:37:03.238813+00:00,BTCUSD,viper,144388,M5,HOLD,HOLD,NONE,0,108.17824345198487,0,,,,,,,,,,,,,,,,22.0,22.0,66685.32,66689.74,66615.32,66637.46,,,,51.969556853425516,,,,,,,,,,,,,,66592.92789116294,,,,,,,SELL,,,,,14.96,pullback_structure_not_confirmed;momentum_volume_low
2026-04-03T03:37:13.947851+00:00,BTCUSD,viper,144388,M5,HOLD,HOLD,NONE,0,108.17824345198487,0,,,,,,,,,,,,,,,,22.0,22.0,66685.32,66689.74,66615.32,66623.02,,,,51.10896984097303,,,,,,,,,,,,,,66591.55265306769,,,,,,,SELL,,,,,14.96,pullback_structure_not_confirmed;momentum_volume_low
2026-04-03T03:37:24.791543+00:00,BTCUSD,viper,144388,M5,HOLD,HOLD,NONE,0,108.17824345198487,0,,,,,,,,,,,,,,,,22.0,22.0,66685.32,66689.74,66615.32,66622.69,,,,51.0896356801646,,,,,,,,,,,,,,66591.52122449626,,,,,,,SELL,,,,,14.96,pullback_structure_not_confirmed;momentum_volume_low
2026-04-03T03:37:25.730141+00:00,XAUUSD,viper,144388,M5,OUTSIDE_HOURS,OUTSIDE_HOURS,NONE,0,5.405325367263564,0,,,,,,,,,,,,,,,,0.34,0.34,4668.9,4673.32,4667.67,4670.82,,,,53.58433911787206,,,,,,,,,,,,,,,,,,,,,BOTH,,,,,21.52,pullback_weak_candle;momentum_volume_low
2026-04-03T03:37:36.022747+00:00,BTCUSD,viper,144388,M5,HOLD,HOLD,NONE,0,108.17824345198487,0,,,,,,,,,,,,,,,,22.0,22.0,66685.32,66689.74,66615.32,66623.06,,,,51.11131437004011,,,,,,,,,,,,,,66591.5564625915,,,,,,,SELL,,,,,14.96,pullback_structure_not_confirmed;momentum_volume_low
2026-04-03T03:37:46.670958+00:00,BTCUSD,viper,144388,M5,HOLD,HOLD,NONE,0,108.17824345198487,0,,,,,,,,,,,,,,,,22.0,22.0,66685.32,66689.74,66615.32,66616.06,,,,50.704270627571226,,,,,,,,,,,,,,66590.88979592484,,,,,,,SELL,,,,,14.96,pullback_structure_not_confirmed;momentum_volume_low
2026-04-03T03:37:57.314331+00:00,BTCUSD,viper,144388,M5,HOLD,HOLD,NONE,0,108.17824345198487,0,,,,,,,,,,,,,,,,22.0,22.0,66685.32,66689.74,66615.32,66616.4,,,,50.72389146208836,,,,,,,,,,,,,,66590.92217687721,,,,,,,SELL,,,,,14.96,pullback_structure_not_confirmed;momentum_volume_low
2026-04-03T03:38:08.173894+00:00,BTCUSD,viper,144388,M5,HOLD,HOLD,NONE,0,108.17824345198487,0,,,,,,,,,,,,,,,,22.0,22.0,66685.32,66689.74,66615.32,66616.27,,,,50.71638758550649,,,,,,,,,,,,,,66590.90979592483,,,,,,,SELL,,,,,14.96,pullback_structure_not_confirmed;momentum_volume_low
2026-04-03T03:38:18.716597+00:00,BTCUSD,viper,144388,M5,HOLD,HOLD,NONE,0,108.17824345198487,0,,,,,,,,,,,,,,,,22.0,22.0,66685.32,66689.74,66615.32,66616.3,,,,50.71811905226874,,,,,,,,,,,,,,66590.91265306769,,,,,,,SELL,,,,,14.96,pullback_structure_not_confirmed;momentum_volume_low
2026-04-03T03:38:29.747746+00:00,BTCUSD,viper,144388,M5,HOLD,HOLD,NONE,0,109.09752916627129,0,,,,,,,,,,,,,,,,22.0,22.0,66685.32,66689.74,66602.45,66602.45,,,,49.931135228054366,,,,,,,,,,,,,,66589.59360544865,,,,,,,SELL,,,,,14.96,pullback_structure_not_confirmed;momentum_volume_low
2026-04-03T03:38:40.366458+00:00,BTCUSD,viper,144388,M5,HOLD,HOLD,NONE,0,109.41252916627154,0,,,,,,,,,,,,,,,,22.0,22.0,66685.32,66689.74,66598.04,66598.73,,,,49.723901219065986,,,,,,,,,,,,,,66589.23931973436,,,,,,,SELL,,,,,14.93,pullback_structure_not_confirmed;momentum_volume_low
2026-04-03T03:38:50.986921+00:00,BTCUSD,viper,144388,M5,HOLD,HOLD,NONE,0,110.57824345198529,0,,,,,,,,,,,,,,,,22.0,22.0,66685.32,66689.74,66581.72,66581.83,,,,48.80369314209149,,,,,,,,,,,,,,66587.62979592483,,,,,,,SELL,,,,,14.72,pullback_structure_not_confirmed;momentum_volume_low
2026-04-03T03:39:01.607906+00:00,BTCUSD,viper,144388,M5,HOLD,HOLD,NONE,0,110.58395773769969,0,,,,,,,,,,,,,,,,22.0,22.0,66685.32,66689.74,66581.64,66582.54,,,,48.8416668466254,,,,,,,,,,,,,,66587.69741497246,,,,,,,SELL,,,,,14.72,pullback_structure_not_confirmed;momentum_volume_low
2026-04-03T03:39:12.208116+00:00,BTCUSD,viper,144388,M5,HOLD,HOLD,NONE,0,111.03967202341431,0,,,,,,,,,,,,,,,,22.0,22.0,66685.32,66689.74,66575.26,66575.34,,,,48.459298834864875,,,,,,,,,,,,,,66587.01170068674,,,,,,,SELL,,,,,14.64,pullback_structure_not_confirmed;momentum_volume_low
2026-04-03T03:39:12.884758+00:00,XAUUSD,viper,144388,M5,OUTSIDE_HOURS,OUTSIDE_HOURS,NONE,0,5.405325367263564,0,,,,,,,,,,,,,,,,0.34,0.34,4668.9,4673.32,4667.67,4670.82,,,,53.58433911787206,,,,,,,,,,,,,,,,,,,,,BOTH,,,,,21.52,pullback_weak_candle;momentum_volume_low
2026-04-03T03:39:23.132062+00:00,BTCUSD,viper,144388,M5,HOLD,HOLD,NONE,0,111.03967202341431,0,,,,,,,,,,,,,,,,22.0,22.0,66685.32,66689.74,66575.26,66581.82,,,,48.803158722866236,,,,,,,,,,,,,,66587.62884354389,,,,,,,SELL,,,,,14.64,pullback_structure_not_confirmed;momentum_volume_low
2026-04-03T03:39:33.607229+00:00,BTCUSD,viper,144388,M5,HOLD,HOLD,NONE,0,111.03967202341431,0,,,,,,,,,,,,,,,,22.0,22.0,66685.32,66689.74,66575.26,66595.34,,,,49.53654330411948,,,,,,,,,,,,,,66588.9164625915,,,,,,,SELL,,,,,14.64,pullback_structure_not_confirmed;momentum_volume_low
2026-04-03T03:39:44.174662+00:00,BTCUSD,viper,144388,M5,HOLD,HOLD,NONE,0,111.03967202341431,0,,,,,,,,,,,,,,,,22.0,22.0,66685.32,66689.74,66575.26,66591.23,,,,49.31127752202264,,,,,,,,,,,,,,66588.52503402007,,,,,,,SELL,,,,,14.64,pullback_structure_not_confirmed;momentum_volume_low
2026-04-03T03:39:54.645598+00:00,BTCUSD,viper,144388,M5,HOLD,HOLD,NONE,0,111.03967202341431,0,,,,,,,,,,,,,,,,22.0,22.0,66685.32,66689.74,66575.26,66592.8,,,,49.39708570138178,,,,,,,,,,,,,,66588.6745578296,,,,,,,SELL,,,,,14.64,pullback_structure_not_confirmed;momentum_volume_low
2026-04-03T03:40:05.185269+00:00,BTCUSD,viper,144388,M5,HOLD,HOLD,NONE,0,103.16683730762064,0,,,,,,,,,,,,,,,,22.0,22.0,66595.54,66595.9,66595.08,66595.66,,,,49.55682560322301,,,,,,,,,,,,,,66589.54319379045,,,,,,,SELL,,,,,13.89,pullback_weak_candle;momentum_volume_low
2026-04-03T03:40:15.739945+00:00,BTCUSD,viper,144388,M5,HOLD,HOLD,NONE,0,103.62826587904966,0,,,,,,,,,,,,,,,,22.0,22.0,66595.54,66595.9,66588.62,66588.62,,,,49.14201813031037,,,,,,,,,,,,,,66588.87271759997,,,,,,,SELL,,,,,13.89,pullback_structure_not_confirmed;momentum_volume_low
2026-04-03T03:40:26.237555+00:00,BTCUSD,viper,144388,M5,HOLD,HOLD,NONE,0,104.5104087361919,0,,,,,,,,,,,,,,,,22.0,22.0,66595.54,66595.9,66576.27,66576.82,,,,48.462953679436424,,,,,,,,,,,,,,66587.74890807616,,,,,,,SELL,,,,,13.89,pullback_structure_not_confirmed;momentum_volume_low
2026-04-03T03:40:36.817244+00:00,BTCUSD,viper,144388,M5,HOLD,HOLD,NONE,0,105.76326587904963,0,,,,,,,,,,,,,,,,22.0,22.0,66595.54,66595.9,66558.73,66560.1,,,,47.53227266738036,,,,,,,,,,,,,,66586.15652712378,,,,,,,SELL,,,,,13.68,pullback_structure_not_confirmed;momentum_volume_low
2026-04-03T03:40:47.341570+00:00,BTCUSD,viper,144388,M5,HOLD,HOLD,NONE,0,105.76326587904963,0,,,,,,,,,,,,,,,,22.0,22.0,66595.54,66595.9,66558.73,66563.79,,,,47.734581192243304,,,,,,,,,,,,,,66586.50795569521,,,,,,,SELL,,,,,13.68,pullback_structure_not_confirmed;momentum_volume_low
2026-04-03T03:40:57.845884+00:00,BTCUSD,viper,144388,M5,HOLD,HOLD,NONE,0,107.6682658790495,0,,,,,,,,,,,,,,,,22.0,22.0,66595.54,66595.9,66532.06,66534.54,,,,46.17665257488094,,,,,,,,,,,,,,66583.72224140949,,,,,,,SELL,,,,,13.82,pullback_structure_not_confirmed;momentum_volume_low
2026-04-03T03:40:58.787031+00:00,XAUUSD,viper,144388,M5,OUTSIDE_HOURS,OUTSIDE_HOURS,NONE,0,5.405325367263564,0,,,,,,,,,,,,,,,,0.34,0.34,4668.9,4673.32,4667.67,4670.82,,,,53.58433911787206,,,,,,,,,,,,,,,,,,,,,BOTH,,,,,21.52,pullback_weak_candle;momentum_volume_low
2026-04-03T03:41:09.041743+00:00,BTCUSD,viper,144388,M5,HOLD,HOLD,NONE,0,107.6682658790495,0,,,,,,,,,,,,,,,,22.0,22.0,66595.54,66595.9,66532.06,66533.87,,,,46.142157168569405,,,,,,,,,,,,,,66583.65843188568,,,,,,,SELL,,,,,13.82,pullback_structure_not_confirmed;momentum_volume_low
2026-04-03T03:41:19.503106+00:00,BTCUSD,viper,144388,M5,HOLD,HOLD,NONE,0,107.6682658790495,0,,,,,,,,,,,,,,,,22.0,22.0,66595.54,66595.9,66532.06,66533.5,,,,46.123129546950075,,,,,,,,,,,,,,66583.62319379044,,,,,,,SELL,,,,,13.82,pullback_structure_not_confirmed;momentum_volume_low
2026-04-03T03:41:30.043357+00:00,BTCUSD,viper,144388,M5,HOLD,HOLD,NONE,0,107.6682658790495,0,,,,,,,,,,,,,,,,22.0,22.0,66595.54,66595.9,66532.06,66560.4,,,,47.54865645106392,,,,,,,,,,,,,,66586.18509855235,,,,,,,SELL,,,,,13.82,pullback_structure_not_confirmed;momentum_volume_low
2026-04-03T03:41:40.559745+00:00,BTCUSD,viper,144388,M5,HOLD,HOLD,NONE,0,107.6682658790495,0,,,,,,,,,,,,,,,,22.0,22.0,66595.54,66595.9,66532.06,66533.52,,,,46.12415766582447,,,,,,,,,,,,,,66583.62509855235,,,,,,,SELL,,,,,13.82,pullback_structure_not_confirmed;momentum_volume_low
2026-04-03T03:41:51.149071+00:00,BTCUSD,viper,144388,M5,HOLD,HOLD,NONE,0,107.6682658790495,0,,,,,,,,,,,,,,,,22.0,22.0,66595.54,66595.9,66532.06,66537.62,,,,46.33589428531631,,,,,,,,,,,,,,66584.01557474282,,,,,,,SELL,,,,,13.82,pullback_structure_not_confirmed;momentum_volume_low
2026-04-03T03:42:01.661304+00:00,BTCUSD,viper,144388,M5,HOLD,HOLD,NONE,0,107.6682658790495,0,,,,,,,,,,,,,,,,22.0,22.0,66595.54,66595.9,66532.06,66539.2,,,,46.418010189021246,,,,,,,,,,,,,,66584.1660509333,,,,,,,SELL,,,,,13.82,pullback_structure_not_confirmed;momentum_volume_low
2026-04-03T03:42:12.168481+00:00,BTCUSD,viper,144388,M5,HOLD,HOLD,NONE,0,107.6682658790495,0,,,,,,,,,,,,,,,,22.0,22.0,66595.54,66595.9,66532.06,66547.4,,,,46.84889966592693,,,,,,,,,,,,,,66584.94700331426,,,,,,,SELL,,,,,13.82,pullback_structure_not_confirmed;momentum_volume_low
2026-04-03T03:42:22.770992+00:00,BTCUSD,viper,144388,M5,HOLD,HOLD,NONE,0,107.6682658790495,0,,,,,,,,,,,,,,,,22.0,22.0,66595.54,66595.9,66532.06,66547.46,,,,46.852081999211855,,,,,,,,,,,,,,66584.95271759997,,,,,,,SELL,,,,,13.82,pullback_structure_not_confirmed;momentum_volume_low
2026-04-03T03:42:33.229865+00:00,BTCUSD,viper,144388,M5,HOLD,HOLD,NONE,0,107.6682658790495,0,,,,,,,,,,,,,,,,22.0,22.0,66595.54,66595.9,66532.06,66547.4,,,,46.84889966592693,,,,,,,,,,,,,,66584.94700331426,,,,,,,SELL,,,,,13.82,pullback_structure_not_confirmed;momentum_volume_low
2026-04-03T03:42:43.749193+00:00,BTCUSD,viper,144388,M5,HOLD,HOLD,NONE,0,107.6682658790495,0,,,,,,,,,,,,,,,,22.0,22.0,66595.54,66595.9,66532.06,66563.64,,,,47.72632369420926,,,,,,,,,,,,,,66586.49366998092,,,,,,,SELL,,,,,13.82,pullback_structure_not_confirmed;momentum_volume_low
2026-04-03T03:42:44.795385+00:00,XAUUSD,viper,144388,M5,OUTSIDE_HOURS,OUTSIDE_HOURS,NONE,0,5.405325367263564,0,,,,,,,,,,,,,,,,0.34,0.34,4668.9,4673.32,4667.67,4670.82,,,,53.58433911787206,,,,,,,,,,,,,,,,,,,,,BOTH,,,,,21.52,pullback_weak_candle;momentum_volume_low
2026-04-03T03:42:55.079674+00:00,BTCUSD,viper,144388,M5,HOLD,HOLD,NONE,0,107.6682658790495,0,,,,,,,,,,,,,,,,22.0,22.0,66595.54,66595.9,66532.06,66557.27,,,,47.37827279517893,,,,,,,,,,,,,,66585.88700331426,,,,,,,SELL,,,,,13.82,pullback_structure_not_confirmed;momentum_volume_low
2026-04-03T03:43:05.595766+00:00,BTCUSD,viper,144388,M5,HOLD,HOLD,NONE,0,107.6682658790495,0,,,,,,,,,,,,,,,,22.0,22.0,66595.54,66595.9,66532.06,66557.3,,,,47.37990006938405,,,,,,,,,,,,,,66585.88986045711,,,,,,,SELL,,,,,13.82,pullback_structure_not_confirmed;momentum_volume_low
2026-04-03T03:43:16.171611+00:00,BTCUSD,viper,144388,M5,HOLD,HOLD,NONE,0,107.6682658790495,0,,,,,,,,,,,,,,,,22.0,22.0,66595.54,66595.9,66532.06,66544.76,,,,46.70930371023553,,,,,,,,,,,,,,66584.69557474283,,,,,,,SELL,,,,,13.82,pullback_structure_not_confirmed;momentum_volume_low
2026-04-03T03:43:26.626220+00:00,BTCUSD,viper,144388,M5,HOLD,HOLD,NONE,0,107.6682658790495,0,,,,,,,,,,,,,,,,22.0,22.0,66595.54,66595.9,66532.06,66544.96,,,,46.71985003036457,,,,,,,,,,,,,,66584.71462236188,,,,,,,SELL,,,,,13.82,pullback_structure_not_confirmed;momentum_volume_low
2026-04-03T03:43:37.108228+00:00,BTCUSD,viper,144388,M5,HOLD,HOLD,NONE,0,107.6682658790495,0,,,,,,,,,,,,,,,,22.0,22.0,66595.54,66595.9,66532.06,66549.91,,,,46.98239755946902,,,,,,,,,,,,,,66585.1860509333,,,,,,,SELL,,,,,13.82,pullback_structure_not_confirmed;momentum_volume_low
2026-04-03T03:43:47.695577+00:00,BTCUSD,viper,144388,M5,HOLD,HOLD,NONE,0,107.6682658790495,0,,,,,,,,,,,,,,,,22.0,22.0,66595.54,66595.9,66532.06,66556.6,,,,47.34195944005332,,,,,,,,,,,,,,66585.82319379045,,,,,,,SELL,,,,,13.82,pullback_structure_not_confirmed;momentum_volume_low
2026-04-03T03:43:58.178368+00:00,BTCUSD,viper,144388,M5,HOLD,HOLD,NONE,0,107.6682658790495,0,,,,,,,,,,,,,,,,22.0,22.0,66595.54,66595.9,66532.06,66556.4,,,,47.331130418388675,,,,,,,,,,,,,,66585.8041461714,,,,,,,SELL,,,,,13.82,pullback_structure_not_confirmed;momentum_volume_low
2026-04-03T03:44:08.795774+00:00,BTCUSD,viper,144388,M5,HOLD,HOLD,NONE,0,107.6682658790495,0,,,,,,,,,,,,,,,,22.0,22.0,66595.54,66595.9,66532.06,66556.08,,,,47.3138142844241,,,,,,,,,,,,,,66585.77366998092,,,,,,,SELL,,,,,13.82,pullback_structure_not_confirmed;momentum_volume_low
2026-04-03T03:44:19.283319+00:00,BTCUSD,viper,144388,M5,HOLD,HOLD,NONE,0,107.6682658790495,0,,,,,,,,,,,,,,,,22.0,22.0,66595.54,66595.9,66532.06,66556.54,,,,47.338710213292714,,,,,,,,,,,,,,66585.81747950472,,,,,,,SELL,,,,,13.82,pullback_structure_not_confirmed;momentum_volume_low
2026-04-03T03:44:29.724557+00:00,BTCUSD,viper,144388,M5,HOLD,HOLD,NONE,0,107.6682658790495,0,,,,,,,,,,,,,,,,22.0,22.0,66595.54,66595.9,66532.06,66541.92,,,,46.56005816787821,,,,,,,,,,,,,,66584.42509855235,,,,,,,SELL,,,,,13.82,pullback_structure_not_confirmed;momentum_volume_low
2026-04-03T03:44:30.519466+00:00,XAUUSD,viper,144388,M5,OUTSIDE_HOURS,OUTSIDE_HOURS,NONE,0,5.405325367263564,0,,,,,,,,,,,,,,,,0.34,0.34,4668.9,4673.32,4667.67,4670.82,,,,53.58433911787206,,,,,,,,,,,,,,,,,,,,,BOTH,,,,,21.52,pullback_weak_candle;momentum_volume_low
2026-04-03T03:44:40.748200+00:00,BTCUSD,viper,144388,M5,HOLD,HOLD,NONE,0,108.14255159333517,0,,,,,,,,,,,,,,,,22.0,22.0,66595.54,66595.9,66525.42,66525.42,,,,45.71148573970923,,,,,,,,,,,,,,66582.85366998092,,,,,,,SELL,,,,,13.9,pullback_structure_not_confirmed;momentum_volume_low
2026-04-03T03:44:51.186584+00:00,BTCUSD,viper,144388,M5,HOLD,HOLD,NONE,0,108.14255159333517,0,,,,,,,,,,,,,,,,22.0,22.0,66595.54,66595.9,66525.42,66529.58,,,,45.92249927064303,,,,,,,,,,,,,,66583.24986045712,,,,,,,SELL,,,,,13.9,pullback_structure_not_confirmed;momentum_volume_low
2026-04-03T03:45:01.683081+00:00,BTCUSD,viper,144388,M5,HOLD,HOLD,NONE,0,100.49645198576926,0,,,,,,,,,,,,,,,,22.0,22.0,66596.06,66596.28,66595.74,66595.82,,,,49.56563298416716,,,,,,,,,,,,,,66590.17545190982,,,,,,,SELL,,,,,13.2,pullback_structure_not_confirmed;momentum_volume_low
2026-04-03T03:45:12.142095+00:00,BTCUSD,viper,144388,M5,HOLD,HOLD,NONE,0,100.51002341434085,0,,,,,,,,,,,,,,,,22.0,22.0,66596.06,66596.42,66595.69,66596.33,,,,49.59846770119677,,,,,,,,,,,,,,66590.2240233384,,,,,,,SELL,,,,,13.2,pullback_weak_candle;momentum_volume_low
2026-04-03T03:45:22.639731+00:00,BTCUSD,viper,144388,M5,HOLD,HOLD,NONE,0,100.52359484291244,0,,,,,,,,,,,,,,,,22.0,22.0,66596.06,66596.54,66595.62,66596.12,,,,49.58484222634956,,,,,,,,,,,,,,66590.20402333839,,,,,,,SELL,,,,,13.2,pullback_weak_candle;momentum_volume_low
2026-04-03T03:45:33.101534+00:00,BTCUSD,viper,144388,M5,HOLD,HOLD,NONE,0,102.28216627148457,0,,,,,,,,,,,,,,,,22.0,22.0,66596.06,66621.16,66595.62,66620.36,,,,51.11043083491006,,,,,,,,,,,,,,66592.51259476697,,,,,,,SELL,,,,,12.91,pullback_h1_trend_filtered
2026-04-03T03:45:43.819713+00:00,BTCUSD,viper,144388,M5,HOLD,HOLD,NONE,0,102.85359484291315,0,,,,,,,,,,,,,,,,22.0,22.0,66596.06,66629.16,66595.62,66622.84,,,,51.26132383751888,,,,,,,,,,,,,,66592.74878524315,,,,,,,SELL,,,,,13.0,pullback_h1_trend_filtered
2026-04-03T03:45:54.481233+00:00,BTCUSD,viper,144388,M5,HOLD,HOLD,NONE,0,102.85359484291315,0,,,,,,,,,,,,,,,,22.0,22.0,66596.06,66629.16,66595.62,66621.64,,,,51.18842757634683,,,,,,,,,,,,,,66592.63449952887,,,,,,,SELL,,,,,13.0,pullback_h1_trend_filtered
2026-04-03T03:46:05.303549+00:00,BTCUSD,viper,144388,M5,HOLD,HOLD,NONE,0,102.85359484291315,0,,,,,,,,,,,,,,,,22.0,22.0,66596.06,66629.16,66595.62,66613.06,,,,50.6607973169884,,,,,,,,,,,,,,66591.81735667173,,,,,,,SELL,,,,,13.0,pullback_h1_trend_filtered
2026-04-03T03:46:16.096979+00:00,BTCUSD,viper,144388,M5,HOLD,HOLD,NONE,0,102.85359484291315,0,,,,,,,,,,,,,,,,22.0,22.0,66596.06,66629.16,66595.62,66603.0,,,,50.02743941706782,,,,,,,,,,,,,,66590.85926143364,,,,,,,SELL,,,,,13.0,pullback_weak_candle;momentum_volume_low
2026-04-03T03:46:17.048000+00:00,XAUUSD,viper,144388,M5,OUTSIDE_HOURS,OUTSIDE_HOURS,NONE,0,5.405325367263564,0,,,,,,,,,,,,,,,,0.34,0.34,4668.9,4673.32,4667.67,4670.82,,,,53.58433911787206,,,,,,,,,,,,,,,,,,,,,BOTH,,,,,21.52,pullback_weak_candle;momentum_volume_low
2026-04-03T03:46:27.553312+00:00,BTCUSD,viper,144388,M5,HOLD,HOLD,NONE,0,103.25002341434089,0,,,,,,,,,,,,,,,,22.0,22.0,66596.06,66629.16,66590.07,66590.34,,,,49.21849917480239,,,,,,,,,,,,,,66589.65354714791,,,,,,,SELL,,,,,13.0,pullback_weak_candle;momentum_volume_low
2026-04-03T03:46:38.366377+00:00,BTCUSD,viper,144388,M5,HOLD,HOLD,NONE,0,103.57073770005555,0,,,,,,,,,,,,,,,,22.0,22.0,66596.06,66629.16,66585.58,66585.9,,,,48.94079037100667,,,,,,,,,,,,,,66589.23069000506,,,,,,,SELL,,,,,13.0,pullback_weak_candle;momentum_volume_low
2026-04-03T03:46:49.656046+00:00,BTCUSD,viper,144388,M5,HOLD,HOLD,NONE,0,103.74930912862698,0,,,,,,,,,,,,,,,,22.0,22.0,66596.06,66629.16,66583.08,66583.08,,,,48.76602925305549,,,,,,,,,,,,,,66588.96211857648,,,,,,,SELL,,,,,13.0,pullback_weak_candle;momentum_volume_low
2026-04-03T03:47:00.302948+00:00,BTCUSD,viper,144388,M5,HOLD,HOLD,NONE,0,104.74930912862698,0,,,,,,,,,,,,,,,,22.0,22.0,66596.06,66629.16,66569.08,66569.18,,,,47.92254037711709,,,,,,,,,,,,,,66587.63830905268,,,,,,,SELL,,,,,13.0,pullback_structure_not_confirmed;momentum_volume_low
2026-04-03T03:47:10.878226+00:00,BTCUSD,viper,144388,M5,HOLD,HOLD,NONE,0,105.68716627148446,0,,,,,,,,,,,,,,,,22.0,22.0,66596.06,66629.16,66555.95,66556.28,,,,47.16542747086234,,,,,,,,,,,,,,66586.40973762411,,,,,,,SELL,,,,,13.0,pullback_structure_not_confirmed;momentum_volume_low
2026-04-03T03:47:21.487402+00:00,BTCUSD,viper,144388,M5,HOLD,HOLD,NONE,0,105.69645198576946,0,,,,,,,,,,,,,,,,22.0,22.0,66596.06,66629.16,66555.82,66560.82,,,,47.42914088307353,,,,,,,,,,,,,,66586.84211857649,,,,,,,SELL,,,,,13.0,pullback_structure_not_confirmed;momentum_volume_low
2026-04-03T03:47:31.986931+00:00,BTCUSD,viper,144388,M5,HOLD,HOLD,NONE,0,105.95002341434109,0,,,,,,,,,,,,,,,,22.0,22.0,66596.06,66629.16,66552.27,66575.26,,,,48.28787330904377,,,,,,,,,,,,,,66588.21735667172,,,,,,,SELL,,,,,13.0,pullback_weak_candle;momentum_volume_low
2026-04-03T03:47:42.463108+00:00,BTCUSD,viper,144388,M5,HOLD,HOLD,NONE,0,105.95002341434109,0,,,,,,,,,,,,,,,,22.0,22.0,66596.06,66629.16,66552.27,66579.09,,,,48.520882405261986,,,,,,,,,,,,,,66588.5821185765,,,,,,,SELL,,,,,13.0,pullback_weak_candle;momentum_volume_low
2026-04-03T03:47:52.929637+00:00,BTCUSD,viper,144388,M5,HOLD,HOLD,NONE,0,105.95002341434109,0,,,,,,,,,,,,,,,,22.0,22.0,66596.06,66629.16,66552.27,66583.06,,,,48.76479426965773,,,,,,,,,,,,,,66588.96021381459,,,,,,,SELL,,,,,13.0,pullback_weak_candle;momentum_volume_low
2026-04-03T03:48:03.485974+00:00,BTCUSD,viper,144388,M5,HOLD,HOLD,NONE,0,105.95002341434109,0,,,,,,,,,,,,,,,,22.0,22.0,66596.06,66629.16,66552.27,66595.52,,,,49.54650266357142,,,,,,,,,,,,,,66590.14688048125,,,,,,,SELL,,,,,13.0,pullback_weak_candle;momentum_volume_low
2026-04-03T03:48:04.279186+00:00,XAUUSD,viper,144388,M5,OUTSIDE_HOURS,OUTSIDE_HOURS,NONE,0,5.405325367263564,0,,,,,,,,,,,,,,,,0.34,0.34,4668.9,4673.32,4667.67,4670.82,,,,53.58433911787206,,,,,,,,,,,,,,,,,,,,,BOTH,,,,,21.52,pullback_weak_candle;momentum_volume_low
2026-04-03T03:48:14.558426+00:00,BTCUSD,viper,144388,M5,HOLD,HOLD,NONE,0,105.95002341434109,0,,,,,,,,,,,,,,,,22.0,22.0,66596.06,66629.16,66552.27,66595.12,,,,49.521018528599825,,,,,,,,,,,,,,66590.10878524315,,,,,,,SELL,,,,,13.0,pullback_weak_candle;momentum_volume_low
2026-04-03T03:48:25.041647+00:00,BTCUSD,viper,144388,M5,HOLD,HOLD,NONE,0,105.95002341434109,0,,,,,,,,,,,,,,,,22.0,22.0,66596.06,66629.16,66552.27,66594.98,,,,49.512105273637715,,,,,,,,,,,,,,66590.09545190982,,,,,,,SELL,,,,,13.0,pullback_weak_candle;momentum_volume_low
2026-04-03T03:48:35.502828+00:00,BTCUSD,viper,144388,M5,HOLD,HOLD,NONE,0,105.95002341434109,0,,,,,,,,,,,,,,,,22.0,22.0,66596.06,66629.16,66552.27,66595.32,,,,49.5337573183159,,,,,,,,,,,,,,66590.1278328622,,,,,,,SELL,,,,,13.0,pullback_weak_candle;momentum_volume_low
2026-04-03T03:48:46.007114+00:00,BTCUSD,viper,144388,M5,HOLD,HOLD,NONE,0,105.95002341434109,0,,,,,,,,,,,,,,,,22.0,22.0,66596.06,66629.16,66552.27,66602.88,,,,50.01978629855134,,,,,,,,,,,,,,66590.8478328622,,,,,,,SELL,,,,,13.0,pullback_weak_candle;momentum_volume_low
2026-04-03T03:48:56.509618+00:00,BTCUSD,viper,144388,M5,HOLD,HOLD,NONE,0,105.95002341434109,0,,,,,,,,,,,,,,,,22.0,22.0,66596.06,66629.16,66552.27,66603.1,,,,50.033815225706405,,,,,,,,,,,,,,66590.86878524316,,,,,,,SELL,,,,,13.0,pullback_weak_candle;momentum_volume_low
2026-04-03T03:49:07.018487+00:00,BTCUSD,viper,144388,M5,HOLD,HOLD,NONE,0,105.95002341434109,0,,,,,,,,,,,,,,,,22.0,22.0,66596.06,66629.16,66552.27,66603.05,,,,50.03062752476637,,,,,,,,,,,,,,66590.86402333839,,,,,,,SELL,,,,,13.0,pullback_weak_candle;momentum_volume_low
2026-04-03T03:49:17.611806+00:00,BTCUSD,viper,144388,M5,HOLD,HOLD,NONE,0,105.95002341434109,0,,,,,,,,,,,,,,,,22.0,22.0,66596.06,66629.16,66552.27,66597.22,,,,49.65613210507339,,,,,,,,,,,,,,66590.30878524316,,,,,,,SELL,,,,,13.0,pullback_weak_candle;momentum_volume_low
2026-04-03T03:49:28.045950+00:00,BTCUSD,viper,144388,M5,HOLD,HOLD,NONE,0,105.95002341434109,0,,,,,,,,,,,,,,,,22.0,22.0,66596.06,66629.16,66552.27,66597.65,,,,49.68394518585868,,,,,,,,,,,,,,66590.34973762411,,,,,,,SELL,,,,,13.0,pullback_weak_candle;momentum_volume_low
2026-04-03T03:49:38.509935+00:00,BTCUSD,viper,144388,M5,HOLD,HOLD,NONE,0,105.95002341434109,0,,,,,,,,,,,,,,,,22.0,22.0,66596.06,66629.16,66552.27,66597.74,,,,49.689762639596594,,,,,,,,,,,,,,66590.35830905268,,,,,,,SELL,,,,,13.0,pullback_weak_candle;momentum_volume_low
2026-04-03T03:49:48.939104+00:00,BTCUSD,viper,144388,M5,HOLD,HOLD,NONE,0,105.95002341434109,0,,,,,,,,,,,,,,,,22.0,22.0,66596.06,66629.16,66552.27,66597.66,,,,49.684591636044686,,,,,,,,,,,,,,66590.35069000506,,,,,,,SELL,,,,,13.0,pullback_weak_candle;momentum_volume_low
2026-04-03T03:49:49.639803+00:00,XAUUSD,viper,144388,M5,OUTSIDE_HOURS,OUTSIDE_HOURS,NONE,0,5.405325367263564,0,,,,,,,,,,,,,,,,0.34,0.34,4668.9,4673.32,4667.67,4670.82,,,,53.58433911787206,,,,,,,,,,,,,,,,,,,,,BOTH,,,,,21.52,pullback_weak_candle;momentum_volume_low
2026-04-03T03:50:00.004931+00:00,BTCUSD,viper,144388,M5,HOLD,HOLD,NONE,0,105.95002341434109,0,,,,,,,,,,,,,,,,22.0,22.0,66596.06,66629.16,66552.27,66585.42,,,,48.910955394885946,,,,,,,,,,,,,,66589.18497571934,,,,,,,SELL,,,,,13.0,pullback_weak_candle;momentum_volume_low
2026-04-03T03:50:10.506025+00:00,BTCUSD,viper,144388,M5,HOLD,HOLD,NONE,0,98.49643342158258,0,,,,,,,,,,,,,,,,22.0,22.0,66584.98,66585.64,66584.04,66584.28,,,,48.834512947835144,,,,,,,,,,,,,,66588.72300556589,,,,,,,SELL,,,,,12.17,pullback_structure_not_confirmed;momentum_volume_low
2026-04-03T03:50:21.043176+00:00,BTCUSD,viper,144388,M5,HOLD,HOLD,NONE,0,99.2164334215827,0,,,,,,,,,,,,,,,,22.0,22.0,66584.98,66595.72,66584.04,66595.25,,,,49.588354404756,,,,,,,,,,,,,,66589.76776747065,,,,,,,SELL,,,,,12.17,pullback_h1_trend_filtered
2026-04-03T03:50:31.582361+00:00,BTCUSD,viper,144388,M5,HOLD,HOLD,NONE,0,99.37500485015423,0,,,,,,,,,,,,,,,,22.0,22.0,66584.98,66597.94,66584.04,66597.88,,,,49.76667997776234,,,,,,,,,,,,,,66590.01824366114,,,,,,,SELL,,,,,12.17,pullback_h1_trend_filtered
2026-04-03T03:50:42.092181+00:00,BTCUSD,viper,144388,M5,HOLD,HOLD,NONE,0,99.38071913586863,0,,,,,,,,,,,,,,,,22.0,22.0,66584.98,66598.02,66584.04,66589.11,,,,49.167065961360684,,,,,,,,,,,,,,66589.1830055659,,,,,,,SELL,,,,,12.17,pullback_weak_candle;momentum_volume_low
2026-04-03T03:50:52.646909+00:00,BTCUSD,viper,144388,M5,HOLD,HOLD,NONE,0,99.38071913586863,0,,,,,,,,,,,,,,,,22.0,22.0,66584.98,66598.02,66584.04,66584.48,,,,48.84785413729925,,,,,,,,,,,,,,66588.74205318493,,,,,,,SELL,,,,,12.17,pullback_weak_candle;momentum_volume_low
2026-04-03T03:51:03.183726+00:00,BTCUSD,viper,144388,M5,HOLD,HOLD,NONE,0,99.49857627872535,0,,,,,,,,,,,,,,,,22.0,22.0,66584.98,66598.02,66582.39,66582.77,,,,48.73402169385222,,,,,,,,,,,,,,66588.57919604209,,,,,,,SELL,,,,,12.17,pullback_weak_candle;momentum_volume_low
2026-04-03T03:51:13.724668+00:00,BTCUSD,viper,144388,M5,HOLD,HOLD,NONE,0,99.92500485015401,0,,,,,,,,,,,,,,,,22.0,22.0,66584.98,66598.02,66576.42,66593.55,,,,49.47241168375008,,,,,,,,,,,,,,66589.60586270875,,,,,,,SELL,,,,,12.17,pullback_weak_candle;momentum_volume_low
2026-04-03T03:51:24.184598+00:00,BTCUSD,viper,144388,M5,HOLD,HOLD,NONE,0,100.32214770729671,0,,,,,,,,,,,,,,,,22.0,22.0,66584.98,66603.58,66576.42,66602.82,,,,50.09824580737798,,,,,,,,,,,,,,66590.48871985161,,,,,,,SELL,,,,,12.17,pullback_h1_trend_filtered
2026-04-03T03:51:34.753335+00:00,BTCUSD,viper,144388,M5,HOLD,HOLD,NONE,0,100.32214770729671,0,,,,,,,,,,,,,,,,22.0,22.0,66584.98,66603.58,66576.42,66603.08,,,,50.11557543577672,,,,,,,,,,,,,,66590.51348175637,,,,,,,SELL,,,,,12.17,pullback_h1_trend_filtered
2026-04-03T03:51:35.764557+00:00,XAUUSD,viper,144388,M5,OUTSIDE_HOURS,OUTSIDE_HOURS,NONE,0,5.405325367263564,0,,,,,,,,,,,,,,,,0.34,0.34,4668.9,4673.32,4667.67,4670.82,,,,53.58433911787206,,,,,,,,,,,,,,,,,,,,,BOTH,,,,,21.52,pullback_weak_candle;momentum_volume_low
2026-04-03T03:51:46.107108+00:00,BTCUSD,viper,144388,M5,HOLD,HOLD,NONE,0,100.32214770729671,0,,,,,,,,,,,,,,,,22.0,22.0,66584.98,66603.58,66576.42,66602.68,,,,50.08890948089727,,,,,,,,,,,,,,66590.47538651827,,,,,,,SELL,,,,,12.17,pullback_h1_trend_filtered
2026-04-03T03:51:56.608686+00:00,BTCUSD,viper,144388,M5,HOLD,HOLD,NONE,0,100.32214770729671,0,,,,,,,,,,,,,,,,22.0,22.0,66584.98,66603.58,66576.42,66603.26,,,,50.12756582167146,,,,,,,,,,,,,,66590.53062461352,,,,,,,SELL,,,,,12.17,pullback_h1_trend_filtered
2026-04-03T03:52:07.139380+00:00,BTCUSD,viper,144388,M5,HOLD,HOLD,NONE,0,100.32214770729671,0,,,,,,,,,,,,,,,,22.0,22.0,66584.98,66603.58,66576.42,66603.06,,,,50.11424281477342,,,,,,,,,,,,,,66590.51157699447,,,,,,,SELL,,,,,12.17,pullback_h1_trend_filtered
2026-04-03T03:52:17.669497+00:00,BTCUSD,viper,144388,M5,HOLD,HOLD,NONE,0,100.32214770729671,0,,,,,,,,,,,,,,,,22.0,22.0,66584.98,66603.58,66576.42,66585.26,,,,48.89995450078801,,,,,,,,,,,,,,66588.81633889923,,,,,,,SELL,,,,,12.17,pullback_weak_candle;momentum_volume_low
2026-04-03T03:52:28.168103+00:00,BTCUSD,viper,144388,M5,HOLD,HOLD,NONE,0,100.32214770729671,0,,,,,,,,,,,,,,,,22.0,22.0,66584.98,66603.58,66576.42,66602.24,,,,50.05954398346598,,,,,,,,,,,,,,66590.43348175636,,,,,,,SELL,,,,,12.17,pullback_h1_trend_filtered
2026-04-03T03:52:38.720140+00:00,BTCUSD,viper,144388,M5,HOLD,HOLD,NONE,0,100.32214770729671,0,,,,,,,,,,,,,,,,22.0,22.0,66584.98,66603.58,66576.42,66603.01,,,,50.110910950746025,,,,,,,,,,,,,,66590.5068150897,,,,,,,SELL,,,,,12.17,pullback_h1_trend_filtered
2026-04-03T03:52:49.331829+00:00,BTCUSD,viper,144388,M5,HOLD,HOLD,NONE,0,100.52071913586805,0,,,,,,,,,,,,,,,,22.0,22.0,66584.98,66606.36,66576.42,66606.2,,,,50.3225960420102,,,,,,,,,,,,,,66590.81062461351,,,,,,,SELL,,,,,12.17,pullback_h1_trend_filtered
2026-04-03T03:52:59.912183+00:00,BTCUSD,viper,144388,M5,HOLD,HOLD,NONE,0,101.25857627872531,0,,,,,,,,,,,,,,,,22.0,22.0,66584.98,66616.69,66576.42,66616.4,,,,50.98756363165623,,,,,,,,,,,,,,66591.78205318494,,,,,,,SELL,,,,,12.17,pullback_h1_trend_filtered
2026-04-03T03:53:10.474923+00:00,BTCUSD,viper,144388,M5,HOLD,HOLD,NONE,0,101.26214770729695,0,,,,,,,,,,,,,,,,22.0,22.0,66584.98,66616.74,66576.42,66616.48,,,,50.99270871128136,,,,,,,,,,,,,,66591.78967223255,,,,,,,SELL,,,,,12.17,pullback_h1_trend_filtered
2026-04-03T03:53:20.971068+00:00,BTCUSD,viper,144388,M5,HOLD,HOLD,NONE,0,101.26214770729695,0,,,,,,,,,,,,,,,,22.0,22.0,66584.98,66616.74,66576.42,66616.26,,,,50.97855714230833,,,,,,,,,,,,,,66591.7687198516,,,,,,,SELL,,,,,12.17,pullback_h1_trend_filtered
2026-04-03T03:53:22.020656+00:00,XAUUSD,viper,144388,M5,OUTSIDE_HOURS,OUTSIDE_HOURS,NONE,0,5.405325367263564,0,,,,,,,,,,,,,,,,0.34,0.34,4668.9,4673.32,4667.67,4670.82,,,,53.58433911787206,,,,,,,,,,,,,,,,,,,,,BOTH,,,,,21.52,pullback_weak_candle;momentum_volume_low
2026-04-03T03:53:32.279951+00:00,BTCUSD,viper,144388,M5,HOLD,HOLD,NONE,0,102.07643342158225,0,,,,,,,,,,,,,,,,22.0,22.0,66584.98,66628.14,66576.42,66627.7,,,,51.70376172943207,,,,,,,,,,,,,,66592.85824366113,,,,,,,SELL,,,,,12.17,pullback_h1_trend_filtered
2026-04-03T03:53:42.849608+00:00,BTCUSD,viper,144388,M5,HOLD,HOLD,NONE,0,102.07786199301111,0,,,,,,,,,,,,,,,,22.0,22.0,66584.98,66628.16,66576.42,66627.57,,,,51.695641316745295,,,,,,,,,,,,,,66592.84586270875,,,,,,,SELL,,,,,12.17,pullback_h1_trend_filtered
2026-04-03T03:53:53.398171+00:00,BTCUSD,viper,144388,M5,HOLD,HOLD,NONE,0,102.07786199301111,0,,,,,,,,,,,,,,,,22.0,22.0,66584.98,66628.16,66576.42,66622.92,,,,51.40337382287537,,,,,,,,,,,,,,66592.4030055659,,,,,,,SELL,,,,,12.17,pullback_h1_trend_filtered
2026-04-03T03:54:03.952380+00:00,BTCUSD,viper,144388,M5,HOLD,HOLD,NONE,0,102.07786199301111,0,,,,,,,,,,,,,,,,22.0,22.0,66584.98,66628.16,66576.42,66621.12,,,,51.28928627643889,,,,,,,,,,,,,,66592.23157699447,,,,,,,SELL,,,,,12.17,pullback_h1_trend_filtered
2026-04-03T03:54:14.552389+00:00,BTCUSD,viper,144388,M5,HOLD,HOLD,NONE,0,102.07786199301111,0,,,,,,,,,,,,,,,,22.0,22.0,66584.98,66628.16,66576.42,66618.86,,,,51.14528227390508,,,,,,,,,,,,,,66592.01633889922,,,,,,,SELL,,,,,12.17,pullback_h1_trend_filtered
2026-04-03T03:54:25.023597+00:00,BTCUSD,viper,144388,M5,HOLD,HOLD,NONE,0,102.07786199301111,0,,,,,,,,,,,,,,,,22.0,22.0,66584.98,66628.16,66576.42,66622.3,,,,51.36413738661837,,,,,,,,,,,,,,66592.34395794684,,,,,,,SELL,,,,,12.17,pullback_h1_trend_filtered
2026-04-03T03:54:35.572038+00:00,BTCUSD,viper,144388,M5,HOLD,HOLD,NONE,0,102.07786199301111,0,,,,,,,,,,,,,,,,22.0,22.0,66584.98,66628.16,66576.42,66626.56,,,,51.63245881365963,,,,,,,,,,,,,,66592.74967223256,,,,,,,SELL,,,,,12.17,pullback_h1_trend_filtered
2026-04-03T03:54:46.162665+00:00,BTCUSD,viper,144388,M5,HOLD,HOLD,NONE,0,102.21929056443939,0,,,,,,,,,,,,,,,,22.0,22.0,66584.98,66630.14,66576.42,66592.42,,,,49.39504835460133,,,,,,,,,,,,,,66589.49824366113,,,,,,,SELL,,,,,12.18,pullback_weak_candle;momentum_volume_low
2026-04-03T03:54:56.876907+00:00,BTCUSD,viper,144388,M5,HOLD,HOLD,NONE,0,102.87571913586814,0,,,,,,,,,,,,,,,,22.0,22.0,66584.98,66630.14,66567.23,66567.75,,,,47.75649894891988,,,,,,,,,,,,,,66587.14871985161,,,,,,,SELL,,,,,12.18,pullback_weak_candle;momentum_volume_low
2026-04-03T03:55:07.649898+00:00,BTCUSD,viper,144388,M5,HOLD,HOLD,NONE,0,95.76148706234049,0,,,,,,,,,,,,,,,,22.0,22.0,66576.0,66579.23,66576.0,66579.23,,,,48.52915247118631,,,,,,,,,,,,,,66587.11578054291,,,,,,,SELL,,,,,11.42,pullback_structure_not_confirmed;momentum_volume_low
2026-04-03T03:55:08.607089+00:00,XAUUSD,viper,144388,M5,OUTSIDE_HOURS,OUTSIDE_HOURS,NONE,0,5.405325367263564,0,,,,,,,,,,,,,,,,0.34,0.34,4668.9,4673.32,4667.67,4670.82,,,,53.58433911787206,,,,,,,,,,,,,,,,,,,,,BOTH,,,,,21.52,pullback_weak_candle;momentum_volume_low
2026-04-03T03:55:19.218864+00:00,BTCUSD,viper,144388,M5,HOLD,HOLD,NONE,0,98.76577277662604,0,,,,,,,,,,,,,,,,22.0,22.0,66576.0,66579.23,66533.94,66542.55,,,,46.04804013932119,,,,,,,,,,,,,,66583.62244720958,,,,,,,SELL,,,,,11.63,pullback_structure_not_confirmed;momentum_volume_low
2026-04-03T03:55:29.940401+00:00,BTCUSD,viper,144388,M5,HOLD,HOLD,NONE,0,98.76577277662604,0,,,,,,,,,,,,,,,,22.0,22.0,66576.0,66579.23,66533.94,66568.9,,,,47.794449749883256,,,,,,,,,,,,,,66586.1319710191,,,,,,,SELL,,,,,11.63,pullback_weak_candle;momentum_volume_low
2026-04-03T03:55:40.714281+00:00,BTCUSD,viper,144388,M5,HOLD,HOLD,NONE,0,98.76577277662604,0,,,,,,,,,,,,,,,,22.0,22.0,66576.0,66579.23,66533.94,66568.98,,,,47.79995366598182,,,,,,,,,,,,,,66586.13959006671,,,,,,,SELL,,,,,11.63,pullback_weak_candle;momentum_volume_low
2026-04-03T03:55:51.566216+00:00,BTCUSD,viper,144388,M5,HOLD,HOLD,NONE,0,98.76577277662604,0,,,,,,,,,,,,,,,,22.0,22.0,66576.0,66579.23,66533.94,66569.12,,,,47.80958857002908,,,,,,,,,,,,,,66586.15292340005,,,,,,,SELL,,,,,11.63,pullback_weak_candle;momentum_volume_low
2026-04-03T03:56:02.256598+00:00,BTCUSD,viper,144388,M5,HOLD,HOLD,NONE,0,98.76577277662604,0,,,,,,,,,,,,,,,,22.0,22.0,66576.0,66579.23,66533.94,66569.18,,,,47.813719003752446,,,,,,,,,,,,,,66586.15863768576,,,,,,,SELL,,,,,11.63,pullback_weak_candle;momentum_volume_low
2026-04-03T03:56:12.806047+00:00,BTCUSD,viper,144388,M5,HOLD,HOLD,NONE,0,98.76577277662604,0,,,,,,,,,,,,,,,,22.0,22.0,66576.0,66579.23,66533.94,66568.84,,,,47.79032264453111,,,,,,,,,,,,,,66586.12625673339,,,,,,,SELL,,,,,11.63,pullback_weak_candle;momentum_volume_low
2026-04-03T03:56:23.395200+00:00,BTCUSD,viper,144388,M5,HOLD,HOLD,NONE,0,98.76577277662604,0,,,,,,,,,,,,,,,,22.0,22.0,66576.0,66579.23,66533.94,66569.13,,,,47.81027692609244,,,,,,,,,,,,,,66586.153875781,,,,,,,SELL,,,,,11.63,pullback_weak_candle;momentum_volume_low
2026-04-03T03:56:33.928780+00:00,BTCUSD,viper,144388,M5,HOLD,HOLD,NONE,0,98.76577277662604,0,,,,,,,,,,,,,,,,22.0,22.0,66576.0,66579.23,66533.94,66568.76,,,,47.78482094600554,,,,,,,,,,,,,,66586.11863768577,,,,,,,SELL,,,,,11.63,pullback_weak_candle;momentum_volume_low
2026-04-03T03:56:44.378083+00:00,BTCUSD,viper,144388,M5,HOLD,HOLD,NONE,0,98.76577277662604,0,,,,,,,,,,,,,,,,22.0,22.0,66576.0,66579.23,66533.94,66569.24,,,,47.817850151223055,,,,,,,,,,,,,,66586.16435197149,,,,,,,SELL,,,,,11.63,pullback_weak_candle;momentum_volume_low
2026-04-03T03:56:54.816050+00:00,BTCUSD,viper,144388,M5,HOLD,HOLD,NONE,0,98.76577277662604,0,,,,,,,,,,,,,,,,22.0,22.0,66576.0,66579.23,66533.94,66570.07,,,,47.87507101989936,,,,,,,,,,,,,,66586.24339959053,,,,,,,SELL,,,,,11.63,pullback_weak_candle;momentum_volume_low
2026-04-03T03:56:55.626589+00:00,XAUUSD,viper,144388,M5,OUTSIDE_HOURS,OUTSIDE_HOURS,NONE,0,5.405325367263564,0,,,,,,,,,,,,,,,,0.34,0.34,4668.9,4673.32,4667.67,4670.82,,,,53.58433911787206,,,,,,,,,,,,,,,,,,,,,BOTH,,,,,21.52,pullback_weak_candle;momentum_volume_low
2026-04-03T03:57:05.901055+00:00,BTCUSD,viper,144388,M5,HOLD,HOLD,NONE,0,98.76577277662604,0,,,,,,,,,,,,,,,,22.0,22.0,66576.0,66579.23,66533.94,66573.47,,,,48.11090629352937,,,,,,,,,,,,,,66586.56720911434,,,,,,,SELL,,,,,11.63,pullback_weak_candle;momentum_volume_low
2026-04-03T03:57:16.383647+00:00,BTCUSD,viper,144388,M5,HOLD,HOLD,NONE,0,98.76577277662604,0,,,,,,,,,,,,,,,,22.0,22.0,66576.0,66579.23,66533.94,66573.25,,,,48.0955760792202,,,,,,,,,,,,,,66586.54625673339,,,,,,,SELL,,,,,11.63,pullback_weak_candle;momentum_volume_low
2026-04-03T03:57:26.925928+00:00,BTCUSD,viper,144388,M5,HOLD,HOLD,NONE,0,98.76577277662604,0,,,,,,,,,,,,,,,,22.0,22.0,66576.0,66579.23,66533.94,66573.16,,,,48.089307443409695,,,,,,,,,,,,,,66586.53768530482,,,,,,,SELL,,,,,11.63,pullback_weak_candle;momentum_volume_low
2026-04-03T03:57:37.486585+00:00,BTCUSD,viper,144388,M5,HOLD,HOLD,NONE,0,98.76791563376881,0,,,,,,,,,,,,,,,,22.0,22.0,66576.0,66579.26,66533.94,66579.01,,,,48.51275210944677,,,,,,,,,,,,,,66587.09482816196,,,,,,,SELL,,,,,11.63,pullback_weak_candle;momentum_volume_low
2026-04-03T03:57:47.958544+00:00,BTCUSD,viper,144388,M5,HOLD,HOLD,NONE,0,100.26791563376881,0,,,,,,,,,,,,,,,,22.0,22.0,66576.0,66600.26,66533.94,66599.78,,,,50.01635733581166,,,,,,,,,,,,,,66589.07292340005,,,,,,,SELL,,,,,11.63,pullback_weak_candle;momentum_volume_low
2026-04-03T03:57:58.524704+00:00,BTCUSD,viper,144388,M5,HOLD,HOLD,NONE,0,100.45720134805515,0,,,,,,,,,,,,,,,,22.0,22.0,66576.0,66602.91,66533.94,66602.91,,,,50.23536675675897,,,,,,,,,,,,,,66589.37101863815,,,,,,,SELL,,,,,11.63,pullback_weak_candle;momentum_volume_low
2026-04-03T03:58:08.969485+00:00,BTCUSD,viper,144388,M5,HOLD,HOLD,NONE,0,100.49362991948334,0,,,,,,,,,,,,,,,,22.0,22.0,66576.0,66603.42,66533.94,66602.76,,,,50.22491489091461,,,,,,,,,,,,,,66589.35673292386,,,,,,,SELL,,,,,11.63,pullback_weak_candle;momentum_volume_low
2026-04-03T03:58:19.456033+00:00,BTCUSD,viper,144388,M5,HOLD,HOLD,NONE,0,100.86505849091171,0,,,,,,,,,,,,,,,,22.0,22.0,66576.0,66608.62,66533.94,66599.81,,,,50.018465616791595,,,,,,,,,,,,,,66589.07578054292,,,,,,,SELL,,,,,11.63,pullback_weak_candle;momentum_volume_low
2026-04-03T03:58:29.959130+00:00,BTCUSD,viper,144388,M5,HOLD,HOLD,NONE,0,100.86505849091171,0,,,,,,,,,,,,,,,,22.0,22.0,66576.0,66608.62,66533.94,66595.51,,,,49.71445345098058,,,,,,,,,,,,,,66588.66625673338,,,,,,,SELL,,,,,11.63,pullback_weak_candle;momentum_volume_low
2026-04-03T03:58:40.522845+00:00,BTCUSD,viper,144388,M5,HOLD,HOLD,NONE,0,100.86505849091171,0,,,,,,,,,,,,,,,,22.0,22.0,66576.0,66608.62,66533.94,66595.42,,,,49.70805088739543,,,,,,,,,,,,,,66588.65768530482,,,,,,,SELL,,,,,11.63,pullback_weak_candle;momentum_volume_low
2026-04-03T03:58:41.502661+00:00,XAUUSD,viper,144388,M5,OUTSIDE_HOURS,OUTSIDE_HOURS,NONE,0,5.405325367263564,0,,,,,,,,,,,,,,,,0.34,0.34,4668.9,4673.32,4667.67,4670.82,,,,53.58433911787206,,,,,,,,,,,,,,,,,,,,,BOTH,,,,,21.52,pullback_weak_candle;momentum_volume_low
2026-04-03T03:58:51.796535+00:00,BTCUSD,viper,144388,M5,HOLD,HOLD,NONE,0,100.86505849091171,0,,,,,,,,,,,,,,,,22.0,22.0,66576.0,66608.62,66533.94,66589.08,,,,49.25288592525476,,,,,,,,,,,,,,66588.053875781,,,,,,,SELL,,,,,11.63,pullback_weak_candle;momentum_volume_low
2026-04-03T03:59:02.288140+00:00,BTCUSD,viper,144388,M5,HOLD,HOLD,NONE,0,100.86505849091171,0,,,,,,,,,,,,,,,,22.0,22.0,66576.0,66608.62,66533.94,66588.86,,,,49.2369436045441,,,,,,,,,,,,,,66588.03292340005,,,,,,,SELL,,,,,11.63,pullback_weak_candle;momentum_volume_low
2026-04-03T03:59:12.814128+00:00,BTCUSD,viper,144388,M5,HOLD,HOLD,NONE,0,100.86505849091171,0,,,,,,,,,,,,,,,,22.0,22.0,66576.0,66608.62,66533.94,66588.94,,,,49.242741970892155,,,,,,,,,,,,,,66588.04054244768,,,,,,,SELL,,,,,11.63,pullback_weak_candle;momentum_volume_low
2026-04-03T03:59:23.330479+00:00,BTCUSD,viper,144388,M5,HOLD,HOLD,NONE,0,100.86505849091171,0,,,,,,,,,,,,,,,,22.0,22.0,66576.0,66608.62,66533.94,66588.4,,,,49.203577272169404,,,,,,,,,,,,,,66587.98911387625,,,,,,,SELL,,,,,11.63,pullback_weak_candle;momentum_volume_low
2026-04-03T03:59:33.782413+00:00,BTCUSD,viper,144388,M5,HOLD,HOLD,NONE,0,100.86505849091171,0,,,,,,,,,,,,,,,,22.0,22.0,66576.0,66608.62,66533.94,66588.83,,,,49.234768875604736,,,,,,,,,,,,,,66588.0300662572,,,,,,,SELL,,,,,11.63,pullback_weak_candle;momentum_volume_low
2026-04-03T03:59:44.328516+00:00,BTCUSD,viper,144388,M5,HOLD,HOLD,NONE,0,100.86505849091171,0,,,,,,,,,,,,,,,,22.0,22.0,66576.0,66608.62,66533.94,66584.74,,,,48.936526204404935,,,,,,,,,,,,,,66587.64054244767,,,,,,,SELL,,,,,11.63,pullback_weak_candle;momentum_volume_low
2026-04-03T03:59:55.047368+00:00,BTCUSD,viper,144388,M5,HOLD,HOLD,NONE,0,100.86505849091171,0,,,,,,,,,,,,,,,,22.0,22.0,66576.0,66608.62,66533.94,66584.8,,,,48.940926727281536,,,,,,,,,,,,,,66587.64625673338,,,,,,,SELL,,,,,11.63,pullback_weak_candle;momentum_volume_low
2026-04-03T04:00:05.590023+00:00,BTCUSD,viper,144388,M5,HOLD,HOLD,NONE,0,94.19541685764253,0,,,,,,,,,,,,,,,,22.0,22.0,66568.84,66576.04,66568.55,66575.9,,,,48.354394000278134,,,,,,,,,,,,,,66585.16094429737,,,,,,,SELL,,,,,11.12,pullback_structure_not_confirmed;momentum_volume_low
2026-04-03T04:00:16.029647+00:00,BTCUSD,viper,144388,M5,HOLD,HOLD,NONE,0,94.21827400050017,0,,,,,,,,,,,,,,,,22.0,22.0,66568.84,66576.36,66568.55,66575.84,,,,48.34964143414303,,,,,,,,,,,,,,66585.15523001166,,,,,,,SELL,,,,,11.12,pullback_structure_not_confirmed;momentum_volume_low
2026-04-03T04:00:26.610134+00:00,BTCUSD,viper,144388,M5,HOLD,HOLD,NONE,0,94.21827400050017,0,,,,,,,,,,,,,,,,22.0,22.0,66568.84,66576.36,66568.55,66576.08,,,,48.36864645249022,,,,,,,,,,,,,,66585.17808715452,,,,,,,SELL,,,,,11.12,pullback_structure_not_confirmed;momentum_volume_low
2026-04-03T04:00:27.311718+00:00,XAUUSD,viper,144388,M5,OUTSIDE_HOURS,OUTSIDE_HOURS,NONE,0,5.405325367263564,0,,,,,,,,,,,,,,,,0.34,0.34,4668.9,4673.32,4667.67,4670.82,,,,53.58433911787206,,,,,,,,,,,,,,,,,,,,,BOTH,,,,,21.52,pullback_weak_candle;momentum_volume_low
2026-04-03T04:00:37.578178+00:00,BTCUSD,viper,144388,M5,HOLD,HOLD,NONE,0,94.71827400050017,0,,,,,,,,,,,,,,,,22.0,22.0,66568.84,66583.36,66568.55,66582.51,,,,48.87266651806598,,,,,,,,,,,,,,66585.79046810689,,,,,,,SELL,,,,,11.12,pullback_structure_not_confirmed;momentum_volume_low
2026-04-03T04:00:48.221092+00:00,BTCUSD,viper,144388,M5,HOLD,HOLD,NONE,0,94.72255971478572,0,,,,,,,,,,,,,,,,22.0,22.0,66568.84,66583.42,66568.55,66583.37,,,,48.93933311351855,,,,,,,,,,,,,,66585.8723728688,,,,,,,SELL,,,,,11.12,pullback_structure_not_confirmed;momentum_volume_low
2026-04-03T04:00:58.749864+00:00,BTCUSD,viper,144388,M5,HOLD,HOLD,NONE,0,94.77684542907106,0,,,,,,,,,,,,,,,,22.0,22.0,66568.84,66584.18,66568.55,66574.4,,,,48.2353168598058,,,,,,,,,,,,,,66585.01808715452,,,,,,,SELL,,,,,11.12,pullback_weak_candle;momentum_volume_low
2026-04-03T04:01:09.313608+00:00,BTCUSD,viper,144388,M5,HOLD,HOLD,NONE,0,96.43470257192867,0,,,,,,,,,,,,,,,,22.0,22.0,66568.84,66598.8,66559.96,66598.68,,,,50.097716428175836,,,,,,,,,,,,,,66587.3304681069,,,,,,,SELL,,,,,11.12,pullback_structure_not_confirmed;momentum_volume_low
2026-04-03T04:01:19.965700+00:00,BTCUSD,viper,144388,M5,HOLD,HOLD,NONE,0,96.4747025719285,0,,,,,,,,,,,,,,,,22.0,22.0,66568.84,66599.36,66559.96,66598.62,,,,50.093279310934776,,,,,,,,,,,,,,66587.32475382119,,,,,,,SELL,,,,,11.12,pullback_structure_not_confirmed;momentum_volume_low
2026-04-03T04:01:30.620579+00:00,BTCUSD,viper,144388,M5,HOLD,HOLD,NONE,0,96.4747025719285,0,,,,,,,,,,,,,,,,22.0,22.0,66568.84,66599.36,66559.96,66592.93,,,,49.66887662455752,,,,,,,,,,,,,,66586.78284905928,,,,,,,SELL,,,,,11.12,pullback_structure_not_confirmed;momentum_volume_low
2026-04-03T04:01:41.185251+00:00,BTCUSD,viper,144388,M5,HOLD,HOLD,NONE,0,96.4747025719285,0,,,,,,,,,,,,,,,,22.0,22.0,66568.84,66599.36,66559.96,66584.5,,,,49.02666607069836,,,,,,,,,,,,,,66585.97999191642,,,,,,,SELL,,,,,11.12,pullback_weak_candle;momentum_volume_low
2026-04-03T04:01:51.655105+00:00,BTCUSD,viper,144388,M5,HOLD,HOLD,NONE,0,97.46755971478522,0,,,,,,,,,,,,,,,,22.0,22.0,66568.84,66613.26,66559.96,66591.56,,,,49.56561138623834,,,,,,,,,,,,,,66586.6523728688,,,,,,,SELL,,,,,11.05,pullback_structure_not_confirmed;momentum_volume_low
2026-04-03T04:02:02.111253+00:00,BTCUSD,viper,144388,M5,HOLD,HOLD,NONE,0,97.46755971478522,0,,,,,,,,,,,,,,,,22.0,22.0,66568.84,66613.26,66559.96,66580.88,,,,48.74583121755524,,,,,,,,,,,,,,66585.63523001166,,,,,,,SELL,,,,,11.05,pullback_weak_candle;momentum_volume_low
2026-04-03T04:02:12.564794+00:00,BTCUSD,viper,144388,M5,HOLD,HOLD,NONE,0,97.46755971478522,0,,,,,,,,,,,,,,,,22.0,22.0,66568.84,66613.26,66559.96,66562.24,,,,47.30589153676982,,,,,,,,,,,,,,66583.85999191643,,,,,,,SELL,,,,,11.05,pullback_weak_candle;momentum_volume_low
2026-04-03T04:02:13.265389+00:00,XAUUSD,viper,144388,M5,OUTSIDE_HOURS,OUTSIDE_HOURS,NONE,0,5.405325367263564,0,,,,,,,,,,,,,,,,0.34,0.34,4668.9,4673.32,4667.67,4670.82,,,,53.58433911787206,,,,,,,,,,,,,,,,,,,,,BOTH,,,,,21.52,pullback_weak_candle;momentum_volume_low
2026-04-03T04:02:23.494614+00:00,BTCUSD,viper,144388,M5,HOLD,HOLD,NONE,0,97.96684542907131,0,,,,,,,,,,,,,,,,22.0,22.0,66568.84,66613.26,66552.97,66585.76,,,,49.12369457813998,,,,,,,,,,,,,,66586.09999191642,,,,,,,SELL,,,,,11.05,pullback_weak_candle;momentum_volume_low
2026-04-03T04:02:34.114590+00:00,BTCUSD,viper,144388,M5,HOLD,HOLD,NONE,0,97.96684542907131,0,,,,,,,,,,,,,,,,22.0,22.0,66568.84,66613.26,66552.97,66591.22,,,,49.53991785296073,,,,,,,,,,,,,,66586.61999191642,,,,,,,SELL,,,,,11.05,pullback_weak_candle;momentum_volume_low
2026-04-03T04:02:44.680483+00:00,BTCUSD,viper,144388,M5,HOLD,HOLD,NONE,0,97.96684542907131,0,,,,,,,,,,,,,,,,22.0,22.0,66568.84,66613.26,66552.97,66596.88,,,,49.96425878140696,,,,,,,,,,,,,,66587.15903953547,,,,,,,SELL,,,,,11.05,pullback_structure_not_confirmed;momentum_volume_low
2026-04-03T04:02:55.216707+00:00,BTCUSD,viper,144388,M5,HOLD,HOLD,NONE,0,97.96684542907131,0,,,,,,,,,,,,,,,,22.0,22.0,66568.84,66613.26,66552.97,66606.94,,,,50.70111978514799,,,,,,,,,,,,,,66588.11713477357,,,,,,,SELL,,,,,11.05,pullback_structure_not_confirmed;momentum_volume_low
2026-04-03T04:03:05.744750+00:00,BTCUSD,viper,144388,M5,HOLD,HOLD,NONE,0,97.96684542907131,0,,,,,,,,,,,,,,,,22.0,22.0,66568.84,66613.26,66552.97,66596.93,,,,49.967975576490836,,,,,,,,,,,,,,66587.16380144023,,,,,,,SELL,,,,,11.05,pullback_structure_not_confirmed;momentum_volume_low
2026-04-03T04:03:16.308180+00:00,BTCUSD,viper,144388,M5,HOLD,HOLD,NONE,0,97.96684542907131,0,,,,,,,,,,,,,,,,22.0,22.0,66568.84,66613.26,66552.97,66600.48,,,,50.23046403994885,,,,,,,,,,,,,,66587.50189667832,,,,,,,SELL,,,,,11.05,pullback_structure_not_confirmed;momentum_volume_low
2026-04-03T04:03:26.790304+00:00,BTCUSD,viper,144388,M5,HOLD,HOLD,NONE,0,97.96684542907131,0,,,,,,,,,,,,,,,,22.0,22.0,66568.84,66613.26,66552.97,66600.3,,,,50.21722106881155,,,,,,,,,,,,,,66587.48475382118,,,,,,,SELL,,,,,11.05,pullback_structure_not_confirmed;momentum_volume_low
2026-04-03T04:03:37.446981+00:00,BTCUSD,viper,144388,M5,HOLD,HOLD,NONE,0,97.96684542907131,0,,,,,,,,,,,,,,,,22.0,22.0,66568.84,66613.26,66552.97,66611.14,,,,51.002372932670994,,,,,,,,,,,,,,66588.51713477356,,,,,,,SELL,,,,,11.05,pullback_structure_not_confirmed;momentum_volume_low
2026-04-03T04:03:48.137072+00:00,BTCUSD,viper,144388,M5,HOLD,HOLD,NONE,0,97.96684542907131,0,,,,,,,,,,,,,,,,22.0,22.0,66568.84,66613.26,66552.97,66610.86,,,,50.982403980001585,,,,,,,,,,,,,,66588.4904681069,,,,,,,SELL,,,,,11.05,pullback_structure_not_confirmed;momentum_volume_low
2026-04-03T04:03:58.953920+00:00,BTCUSD,viper,144388,M5,HOLD,HOLD,NONE,0,97.96684542907131,0,,,,,,,,,,,,,,,,22.0,22.0,66568.84,66613.26,66552.97,66610.98,,,,50.99096409528731,,,,,,,,,,,,,,66588.50189667832,,,,,,,SELL,,,,,11.05,pullback_structure_not_confirmed;momentum_volume_low
2026-04-03T04:04:00.113929+00:00,XAUUSD,viper,144388,M5,OUTSIDE_HOURS,OUTSIDE_HOURS,NONE,0,5.405325367263564,0,,,,,,,,,,,,,,,,0.34,0.34,4668.9,4673.32,4667.67,4670.82,,,,53.58433911787206,,,,,,,,,,,,,,,,,,,,,BOTH,,,,,21.52,pullback_weak_candle;momentum_volume_low
2026-04-03T04:04:10.472490+00:00,BTCUSD,viper,144388,M5,HOLD,HOLD,NONE,0,98.66541685764265,0,,,,,,,,,,,,,,,,22.0,22.0,66568.84,66623.04,66552.97,66622.93,,,,51.82869147214077,,,,,,,,,,,,,,66589.63999191643,,,,,,,SELL,,,,,10.92,pullback_structure_not_confirmed;momentum_volume_low
2026-04-03T04:04:21.205958+00:00,BTCUSD,viper,144388,M5,HOLD,HOLD,NONE,0,98.99113114335782,0,,,,,,,,,,,,,,,,22.0,22.0,66568.84,66627.6,66552.97,66627.16,,,,52.118404234503885,,,,,,,,,,,,,,66590.04284905927,,,,,,,SELL,,,,,10.86,pullback_structure_not_confirmed;momentum_volume_low
2026-04-03T04:04:32.020904+00:00,BTCUSD,viper,144388,M5,HOLD,HOLD,NONE,0,98.99184542907173,0,,,,,,,,,,,,,,,,22.0,22.0,66568.84,66627.61,66552.97,66627.14,,,,52.11704263376817,,,,,,,,,,,,,,66590.04094429738,,,,,,,SELL,,,,,10.86,pullback_structure_not_confirmed;momentum_volume_low
2026-04-03T04:04:42.850102+00:00,BTCUSD,viper,144388,M5,HOLD,HOLD,NONE,0,98.99255971478564,0,,,,,,,,,,,,,,,,22.0,22.0,66568.84,66627.62,66552.97,66626.94,,,,52.10342236604564,,,,,,,,,,,,,,66590.02189667833,,,,,,,SELL,,,,,10.86,pullback_structure_not_confirmed;momentum_volume_low
2026-04-03T04:04:53.494347+00:00,BTCUSD,viper,144388,M5,HOLD,HOLD,NONE,0,98.99255971478564,0,,,,,,,,,,,,,,,,22.0,22.0,66568.84,66627.62,66552.97,66627.18,,,,52.119765757803805,,,,,,,,,,,,,,66590.04475382119,,,,,,,SELL,,,,,10.86,pullback_structure_not_confirmed;momentum_volume_low
2026-04-03T04:05:03.997226+00:00,BTCUSD,viper,144388,M5,HOLD,HOLD,NONE,0,91.96880577654218,0,,,,,,,,,,,,,,,,22.0,22.0,66627.1,66627.58,66626.92,66627.18,,,,52.11997999914708,,,,,,,,,,,,,,66593.5779970698,,,,,,,SELL,,,,,10.14,pullback_weak_candle;momentum_volume_low
2026-04-03T04:05:14.493121+00:00,BTCUSD,viper,144388,M5,HOLD,HOLD,NONE,0,92.5580914908279,0,,,,,,,,,,,,,,,,22.0,22.0,66627.1,66635.7,66626.79,66635.7,,,,52.73653864295667,,,,,,,,,,,,,,66594.38942564125,,,,,,,SELL,,,,,10.14,pullback_structure_not_confirmed;momentum_volume_low
2026-04-03T04:05:24.976243+00:00,BTCUSD,viper,144388,M5,HOLD,HOLD,NONE,0,92.5580914908279,0,,,,,,,,,,,,,,,,22.0,22.0,66627.1,66635.7,66626.79,66627.77,,,,52.16319389878855,,,,,,,,,,,,,,66593.634187546,,,,,,,SELL,,,,,10.14,pullback_weak_candle;momentum_volume_low
2026-04-03T04:05:35.424991+00:00,BTCUSD,viper,144388,M5,HOLD,HOLD,NONE,0,92.5580914908279,0,,,,,,,,,,,,,,,,22.0,22.0,66627.1,66635.7,66626.79,66635.53,,,,52.72439171321002,,,,,,,,,,,,,,66594.37323516505,,,,,,,SELL,,,,,10.14,pullback_structure_not_confirmed;momentum_volume_low
2026-04-03T04:05:45.887093+00:00,BTCUSD,viper,144388,M5,HOLD,HOLD,NONE,0,92.56952006225673,0,,,,,,,,,,,,,,,,22.0,22.0,66627.1,66635.86,66626.79,66635.04,,,,52.68934501451976,,,,,,,,,,,,,,66594.32656849838,,,,,,,SELL,,,,,10.14,pullback_structure_not_confirmed;momentum_volume_low
2026-04-03T04:05:46.607594+00:00,XAUUSD,viper,144388,M5,OUTSIDE_HOURS,OUTSIDE_HOURS,NONE,0,5.405325367263564,0,,,,,,,,,,,,,,,,0.34,0.34,4668.9,4673.32,4667.67,4670.82,,,,53.58433911787206,,,,,,,,,,,,,,,,,,,,,BOTH,,,,,21.52,pullback_weak_candle;momentum_volume_low
2026-04-03T04:05:56.837150+00:00,BTCUSD,viper,144388,M5,HOLD,HOLD,NONE,0,94.10166291939937,0,,,,,,,,,,,,,,,,22.0,22.0,66627.1,66635.86,66605.34,66611.86,,,,50.92554504585167,,,,,,,,,,,,,,66592.11894945077,,,,,,,SELL,,,,,10.14,pullback_structure_not_confirmed;momentum_volume_low
2026-04-03T04:06:07.294190+00:00,BTCUSD,viper,144388,M5,HOLD,HOLD,NONE,0,94.10166291939937,0,,,,,,,,,,,,,,,,22.0,22.0,66627.1,66635.86,66605.34,66621.82,,,,51.69592937292601,,,,,,,,,,,,,,66593.06752087934,,,,,,,SELL,,,,,10.14,pullback_weak_candle;momentum_volume_low
2026-04-03T04:06:17.762488+00:00,BTCUSD,viper,144388,M5,HOLD,HOLD,NONE,0,94.10166291939937,0,,,,,,,,,,,,,,,,22.0,22.0,66627.1,66635.86,66605.34,66622.39,,,,51.74072336473802,,,,,,,,,,,,,,66593.12180659363,,,,,,,SELL,,,,,10.14,pullback_weak_candle;momentum_volume_low
2026-04-03T04:06:28.313750+00:00,BTCUSD,viper,144388,M5,HOLD,HOLD,NONE,0,94.10166291939937,0,,,,,,,,,,,,,,,,22.0,22.0,66627.1,66635.86,66605.34,66622.2,,,,51.7257834113944,,,,,,,,,,,,,,66593.10371135552,,,,,,,SELL,,,,,10.14,pullback_weak_candle;momentum_volume_low
2026-04-03T04:06:38.795334+00:00,BTCUSD,viper,144388,M5,HOLD,HOLD,NONE,0,94.10166291939937,0,,,,,,,,,,,,,,,,22.0,22.0,66627.1,66635.86,66605.34,66622.08,,,,51.71635209588451,,,,,,,,,,,,,,66593.0922827841,,,,,,,SELL,,,,,10.14,pullback_weak_candle;momentum_volume_low
2026-04-03T04:06:49.303058+00:00,BTCUSD,viper,144388,M5,HOLD,HOLD,NONE,0,94.10166291939937,0,,,,,,,,,,,,,,,,22.0,22.0,66627.1,66635.86,66605.34,66633.2,,,,52.55727587442042,,,,,,,,,,,,,,66594.15133040314,,,,,,,SELL,,,,,10.14,pullback_weak_candle;momentum_volume_low
2026-04-03T04:06:59.819034+00:00,BTCUSD,viper,144388,M5,HOLD,HOLD,NONE,0,94.10166291939937,0,,,,,,,,,,,,,,,,22.0,22.0,66627.1,66635.86,66605.34,66633.36,,,,52.568789411355645,,,,,,,,,,,,,,66594.16656849839,,,,,,,SELL,,,,,10.14,pullback_weak_candle;momentum_volume_low
2026-04-03T04:07:10.314337+00:00,BTCUSD,viper,144388,M5,HOLD,HOLD,NONE,0,94.10166291939937,0,,,,,,,,,,,,,,,,22.0,22.0,66627.1,66635.86,66605.34,66635.46,,,,52.719388221304946,,,,,,,,,,,,,,66594.36656849839,,,,,,,SELL,,,,,10.14,pullback_weak_candle;momentum_volume_low
2026-04-03T04:07:20.798716+00:00,BTCUSD,viper,144388,M5,HOLD,HOLD,NONE,0,94.10166291939937,0,,,,,,,,,,,,,,,,22.0,22.0,66627.1,66635.86,66605.34,66623.46,,,,51.82502030706445,,,,,,,,,,,,,,66593.22371135553,,,,,,,SELL,,,,,10.14,pullback_weak_candle;momentum_volume_low
2026-04-03T04:07:31.277575+00:00,BTCUSD,viper,144388,M5,HOLD,HOLD,NONE,0,94.10166291939937,0,,,,,,,,,,,,,,,,22.0,22.0,66627.1,66635.86,66605.34,66623.51,,,,51.82896613459049,,,,,,,,,,,,,,66593.22847326029,,,,,,,SELL,,,,,10.14,pullback_weak_candle;momentum_volume_low
2026-04-03T04:07:32.081883+00:00,XAUUSD,viper,144388,M5,OUTSIDE_HOURS,OUTSIDE_HOURS,NONE,0,5.405325367263564,0,,,,,,,,,,,,,,,,0.34,0.34,4668.9,4673.32,4667.67,4670.82,,,,53.58433911787206,,,,,,,,,,,,,,,,,,,,,BOTH,,,,,21.52,pullback_weak_candle;momentum_volume_low
2026-04-03T04:07:42.314171+00:00,BTCUSD,viper,144388,M5,HOLD,HOLD,NONE,0,94.35452006225606,0,,,,,,,,,,,,,,,,22.0,22.0,66627.1,66639.4,66605.34,66639.4,,,,52.99937523518165,,,,,,,,,,,,,,66594.74180659362,,,,,,,SELL,,,,,10.19,pullback_weak_candle;momentum_volume_low
2026-04-03T04:07:52.850955+00:00,BTCUSD,viper,144388,M5,HOLD,HOLD,NONE,0,94.43737720511345,0,,,,,,,,,,,,,,,,22.0,22.0,66627.1,66640.56,66605.34,66640.4,,,,53.06991109366858,,,,,,,,,,,,,,66594.83704468886,,,,,,,SELL,,,,,10.21,pullback_weak_candle;momentum_volume_low
2026-04-03T04:08:03.341111+00:00,BTCUSD,viper,144388,M5,HOLD,HOLD,NONE,0,94.43737720511345,0,,,,,,,,,,,,,,,,22.0,22.0,66627.1,66640.56,66605.34,66640.12,,,,53.05018240287264,,,,,,,,,,,,,,66594.8103780222,,,,,,,SELL,,,,,10.21,pullback_weak_candle;momentum_volume_low
2026-04-03T04:08:14.166554+00:00,BTCUSD,viper,144388,M5,HOLD,HOLD,NONE,0,94.48737720511325,0,,,,,,,,,,,,,,,,22.0,22.0,66627.1,66641.26,66605.34,66640.93,,,,53.10720932809886,,,,,,,,,,,,,,66594.88752087933,,,,,,,SELL,,,,,10.21,pullback_weak_candle;momentum_volume_low
2026-04-03T04:08:24.735929+00:00,BTCUSD,viper,144388,M5,HOLD,HOLD,NONE,0,95.06737720511396,0,,,,,,,,,,,,,,,,22.0,22.0,66627.1,66649.38,66605.34,66645.86,,,,53.45133350925422,,,,,,,,,,,,,,66595.35704468886,,,,,,,SELL,,,,,10.32,pullback_structure_not_confirmed;momentum_volume_low
2026-04-03T04:08:35.261188+00:00,BTCUSD,viper,144388,M5,HOLD,HOLD,NONE,0,95.06737720511396,0,,,,,,,,,,,,,,,,22.0,22.0,66627.1,66649.38,66605.34,66644.24,,,,53.33881266222709,,,,,,,,,,,,,,66595.20275897457,,,,,,,SELL,,,,,10.32,pullback_weak_candle;momentum_volume_low
2026-04-03T04:08:45.815230+00:00,BTCUSD,viper,144388,M5,HOLD,HOLD,NONE,0,95.06737720511396,0,,,,,,,,,,,,,,,,22.0,22.0,66627.1,66649.38,66605.34,66644.38,,,,53.34855815583189,,,,,,,,,,,,,,66595.2160923079,,,,,,,SELL,,,,,10.32,pullback_weak_candle;momentum_volume_low
2026-04-03T04:08:56.394486+00:00,BTCUSD,viper,144388,M5,HOLD,HOLD,NONE,0,95.06737720511396,0,,,,,,,,,,,,,,,,22.0,22.0,66627.1,66649.38,66605.34,66644.53,,,,53.35899523976906,,,,,,,,,,,,,,66595.2303780222,,,,,,,SELL,,,,,10.32,pullback_weak_candle;momentum_volume_low
2026-04-03T04:09:06.936048+00:00,BTCUSD,viper,144388,M5,HOLD,HOLD,NONE,0,95.06737720511396,0,,,,,,,,,,,,,,,,22.0,22.0,66627.1,66649.38,66605.34,66629.12,,,,52.26178032221841,,,,,,,,,,,,,,66593.76275897457,,,,,,,SELL,,,,,10.32,pullback_weak_candle;momentum_volume_low
2026-04-03T04:09:17.378129+00:00,BTCUSD,viper,144388,M5,HOLD,HOLD,NONE,0,95.06737720511396,0,,,,,,,,,,,,,,,,22.0,22.0,66627.1,66649.38,66605.34,66629.04,,,,52.25594949174112,,,,,,,,,,,,,,66593.75513992696,,,,,,,SELL,,,,,10.32,pullback_weak_candle;momentum_volume_low
2026-04-03T04:09:18.170254+00:00,XAUUSD,viper,144388,M5,OUTSIDE_HOURS,OUTSIDE_HOURS,NONE,0,5.405325367263564,0,,,,,,,,,,,,,,,,0.34,0.34,4668.9,4673.32,4667.67,4670.82,,,,53.58433911787206,,,,,,,,,,,,,,,,,,,,,BOTH,,,,,21.52,pullback_weak_candle;momentum_volume_low
2026-04-03T04:09:28.403591+00:00,BTCUSD,viper,144388,M5,HOLD,HOLD,NONE,0,95.06737720511396,0,,,,,,,,,,,,,,,,22.0,22.0,66627.1,66649.38,66605.34,66628.6,,,,52.22385444628351,,,,,,,,,,,,,,66593.71323516505,,,,,,,SELL,,,,,10.32,pullback_weak_candle;momentum_volume_low
2026-04-03T04:09:38.894923+00:00,BTCUSD,viper,144388,M5,HOLD,HOLD,NONE,0,95.06737720511396,0,,,,,,,,,,,,,,,,22.0,22.0,66627.1,66649.38,66605.34,66628.62,,,,52.225314248074945,,,,,,,,,,,,,,66593.71513992695,,,,,,,SELL,,,,,10.32,pullback_weak_candle;momentum_volume_low
2026-04-03T04:09:49.345811+00:00,BTCUSD,viper,144388,M5,HOLD,HOLD,NONE,0,95.06737720511396,0,,,,,,,,,,,,,,,,22.0,22.0,66627.1,66649.38,66605.34,66629.46,,,,52.28654547123714,,,,,,,,,,,,,,66593.79513992695,,,,,,,SELL,,,,,10.32,pullback_weak_candle;momentum_volume_low
2026-04-03T04:09:59.815273+00:00,BTCUSD,viper,144388,M5,HOLD,HOLD,NONE,0,95.07094863368559,0,,,,,,,,,,,,,,,,22.0,22.0,66627.1,66649.38,66605.29,66605.66,,,,50.45747702158185,,,,,,,,,,,,,,66591.52847326029,,,,,,,SELL,,,,,10.32,pullback_structure_not_confirmed;momentum_volume_low
2026-04-03T04:10:10.272721+00:00,BTCUSD,viper,144388,M5,HOLD,HOLD,NONE,0,88.89302491652124,0,,,,,,,,,,,,,,,,22.0,22.0,66605.28,66605.82,66597.24,66597.8,,,,49.83193936458777,,,,,,,,,,,,,,66592.12920817775,,,,,,,SELL,,,,,9.71,pullback_structure_not_confirmed;momentum_volume_low
2026-04-03T04:10:20.846765+00:00,BTCUSD,viper,144388,M5,HOLD,HOLD,NONE,0,88.89302491652124,0,,,,,,,,,,,,,,,,22.0,22.0,66605.28,66605.82,66597.24,66597.66,,,,49.820942003475544,,,,,,,,,,,,,,66592.11587484441,,,,,,,SELL,,,,,9.71,pullback_structure_not_confirmed;momentum_volume_low
2026-04-03T04:10:31.329772+00:00,BTCUSD,viper,144388,M5,HOLD,HOLD,NONE,0,88.89516777366401,0,,,,,,,,,,,,,,,,22.0,22.0,66605.28,66605.82,66597.21,66597.79,,,,49.83115367778604,,,,,,,,,,,,,,66592.1282557968,,,,,,,SELL,,,,,9.71,pullback_structure_not_confirmed;momentum_volume_low
2026-04-03T04:10:41.788194+00:00,BTCUSD,viper,144388,M5,HOLD,HOLD,NONE,0,89.83159634509263,0,,,,,,,,,,,,,,,,22.0,22.0,66605.28,66605.82,66584.1,66587.02,,,,48.999111058750735,,,,,,,,,,,,,,66591.10254151109,,,,,,,SELL,,,,,9.65,pullback_structure_not_confirmed;momentum_volume_low
2026-04-03T04:10:52.338737+00:00,BTCUSD,viper,144388,M5,HOLD,HOLD,NONE,0,89.83159634509263,0,,,,,,,,,,,,,,,,22.0,22.0,66605.28,66605.82,66584.1,66595.9,,,,49.68310239350748,,,,,,,,,,,,,,66591.9482557968,,,,,,,SELL,,,,,9.65,pullback_structure_not_confirmed;momentum_volume_low
2026-04-03T04:11:02.821822+00:00,BTCUSD,viper,144388,M5,HOLD,HOLD,NONE,0,89.83159634509263,0,,,,,,,,,,,,,,,,22.0,22.0,66605.28,66605.82,66584.1,66586.78,,,,48.98088608941366,,,,,,,,,,,,,,66591.07968436823,,,,,,,SELL,,,,,9.65,pullback_structure_not_confirmed;momentum_volume_low
2026-04-03T04:11:03.533421+00:00,XAUUSD,viper,144388,M5,OUTSIDE_HOURS,OUTSIDE_HOURS,NONE,0,5.405325367263564,0,,,,,,,,,,,,,,,,0.34,0.34,4668.9,4673.32,4667.67,4670.82,,,,53.58433911787206,,,,,,,,,,,,,,,,,,,,,BOTH,,,,,21.52,pullback_weak_candle;momentum_volume_low
2026-04-03T04:11:13.788007+00:00,BTCUSD,viper,144388,M5,HOLD,HOLD,NONE,0,89.83159634509263,0,,,,,,,,,,,,,,,,22.0,22.0,66605.28,66605.82,66584.1,66587.16,,,,49.009748555421226,,,,,,,,,,,,,,66591.11587484441,,,,,,,SELL,,,,,9.65,pullback_structure_not_confirmed;momentum_volume_low
2026-04-03T04:11:24.261285+00:00,BTCUSD,viper,144388,M5,HOLD,HOLD,NONE,0,89.83159634509263,0,,,,,,,,,,,,,,,,22.0,22.0,66605.28,66605.82,66584.1,66587.08,,,,49.00366942040894,,,,,,,,,,,,,,66591.1082557968,,,,,,,SELL,,,,,9.65,pullback_structure_not_confirmed;momentum_volume_low
2026-04-03T04:11:34.930873+00:00,BTCUSD,viper,144388,M5,HOLD,HOLD,NONE,0,89.83159634509263,0,,,,,,,,,,,,,,,,22.0,22.0,66605.28,66605.82,66584.1,66604.0,,,,50.323881859127034,,,,,,,,,,,,,,66592.71968436823,,,,,,,SELL,,,,,9.65,pullback_weak_candle;momentum_volume_low
2026-04-03T04:11:45.813642+00:00,BTCUSD,viper,144388,M5,HOLD,HOLD,NONE,0,90.84588205937814,0,,,,,,,,,,,,,,,,22.0,22.0,66605.28,66620.02,66584.1,66619.71,,,,51.54433447941013,,,,,,,,,,,,,,66594.21587484442,,,,,,,SELL,,,,,9.65,pullback_h1_trend_filtered
2026-04-03T04:11:56.543556+00:00,BTCUSD,viper,144388,M5,HOLD,HOLD,NONE,0,90.85445348794923,0,,,,,,,,,,,,,,,,22.0,22.0,66605.28,66620.14,66584.1,66619.64,,,,51.53903693275439,,,,,,,,,,,,,,66594.20920817775,,,,,,,SELL,,,,,9.65,pullback_weak_candle;momentum_volume_low
2026-04-03T04:12:07.289726+00:00,BTCUSD,viper,144388,M5,HOLD,HOLD,NONE,0,90.86159634509251,0,,,,,,,,,,,,,,,,22.0,22.0,66605.28,66620.24,66584.1,66619.3,,,,51.51328950634778,,,,,,,,,,,,,,66594.17682722537,,,,,,,SELL,,,,,9.65,pullback_weak_candle;momentum_volume_low
2026-04-03T04:12:17.855238+00:00,BTCUSD,viper,144388,M5,HOLD,HOLD,NONE,0,90.86159634509251,0,,,,,,,,,,,,,,,,22.0,22.0,66605.28,66620.24,66584.1,66619.66,,,,51.54055063570731,,,,,,,,,,,,,,66594.21111293965,,,,,,,SELL,,,,,9.65,pullback_weak_candle;momentum_volume_low
2026-04-03T04:12:28.594839+00:00,BTCUSD,viper,144388,M5,HOLD,HOLD,NONE,0,90.86159634509251,0,,,,,,,,,,,,,,,,22.0,22.0,66605.28,66620.24,66584.1,66620.0,,,,51.56626912550666,,,,,,,,,,,,,,66594.24349389203,,,,,,,SELL,,,,,9.65,pullback_h1_trend_filtered
2026-04-03T04:12:39.480391+00:00,BTCUSD,viper,144388,M5,HOLD,HOLD,NONE,0,90.86159634509251,0,,,,,,,,,,,,,,,,22.0,22.0,66605.28,66620.24,66584.1,66619.83,,,,51.553413293854014,,,,,,,,,,,,,,66594.22730341584,,,,,,,SELL,,,,,9.65,pullback_h1_trend_filtered
2026-04-03T04:12:49.963986+00:00,BTCUSD,viper,144388,M5,HOLD,HOLD,NONE,0,90.86159634509251,0,,,,,,,,,,,,,,,,22.0,22.0,66605.28,66620.24,66584.1,66619.94,,,,51.56173255231392,,,,,,,,,,,,,,66594.23777960632,,,,,,,SELL,,,,,9.65,pullback_h1_trend_filtered
2026-04-03T04:12:50.690145+00:00,XAUUSD,viper,144388,M5,OUTSIDE_HOURS,OUTSIDE_HOURS,NONE,0,5.405325367263564,0,,,,,,,,,,,,,,,,0.34,0.34,4668.9,4673.32,4667.67,4670.82,,,,53.58433911787206,,,,,,,,,,,,,,,,,,,,,BOTH,,,,,21.52,pullback_weak_candle;momentum_volume_low
2026-04-03T04:13:00.918944+00:00,BTCUSD,viper,144388,M5,HOLD,HOLD,NONE,0,90.86159634509251,0,,,,,,,,,,,,,,,,22.0,22.0,66605.28,66620.24,66584.1,66613.68,,,,51.08370087921505,,,,,,,,,,,,,,66593.64158913013,,,,,,,SELL,,,,,9.65,pullback_weak_candle;momentum_volume_low
2026-04-03T04:13:11.556103+00:00,BTCUSD,viper,144388,M5,HOLD,HOLD,NONE,0,90.86159634509251,0,,,,,,,,,,,,,,,,22.0,22.0,66605.28,66620.24,66584.1,66614.36,,,,51.13608394599821,,,,,,,,,,,,,,66593.7063510349,,,,,,,SELL,,,,,9.65,pullback_weak_candle;momentum_volume_low
2026-04-03T04:13:22.058748+00:00,BTCUSD,viper,144388,M5,HOLD,HOLD,NONE,0,90.86159634509251,0,,,,,,,,,,,,,,,,22.0,22.0,66605.28,66620.24,66584.1,66617.78,,,,51.39784800798718,,,,,,,,,,,,,,66594.03206532061,,,,,,,SELL,,,,,9.65,pullback_weak_candle;momentum_volume_low
2026-04-03T04:13:32.491400+00:00,BTCUSD,viper,144388,M5,HOLD,HOLD,NONE,0,90.86159634509251,0,,,,,,,,,,,,,,,,22.0,22.0,66605.28,66620.24,66584.1,66617.4,,,,51.368901690539246,,,,,,,,,,,,,,66593.99587484442,,,,,,,SELL,,,,,9.65,pullback_weak_candle;momentum_volume_low
2026-04-03T04:13:42.944428+00:00,BTCUSD,viper,144388,M5,HOLD,HOLD,NONE,0,91.27231063080679,0,,,,,,,,,,,,,,,,22.0,22.0,66605.28,66625.99,66584.1,66625.94,,,,52.011222193165345,,,,,,,,,,,,,,66594.80920817776,,,,,,,SELL,,,,,9.65,pullback_h1_trend_filtered
2026-04-03T04:13:53.486637+00:00,BTCUSD,viper,144388,M5,HOLD,HOLD,NONE,0,91.28373920223457,0,,,,,,,,,,,,,,,,22.0,22.0,66605.28,66626.15,66584.1,66625.76,,,,51.997858916797256,,,,,,,,,,,,,,66594.79206532061,,,,,,,SELL,,,,,9.65,pullback_h1_trend_filtered
2026-04-03T04:14:03.987518+00:00,BTCUSD,viper,144388,M5,HOLD,HOLD,NONE,0,91.5180249165202,0,,,,,,,,,,,,,,,,22.0,22.0,66605.28,66629.43,66584.1,66606.4,,,,50.51577469315866,,,,,,,,,,,,,,66592.9482557968,,,,,,,SELL,,,,,9.65,pullback_weak_candle;momentum_volume_low
2026-04-03T04:14:14.491236+00:00,BTCUSD,viper,144388,M5,HOLD,HOLD,NONE,0,91.5180249165202,0,,,,,,,,,,,,,,,,22.0,22.0,66605.28,66629.43,66584.1,66595.14,,,,49.62381625214108,,,,,,,,,,,,,,66591.87587484442,,,,,,,SELL,,,,,9.65,pullback_weak_candle;momentum_volume_low
2026-04-03T04:14:25.028485+00:00,BTCUSD,viper,144388,M5,HOLD,HOLD,NONE,0,91.5180249165202,0,,,,,,,,,,,,,,,,22.0,22.0,66605.28,66629.43,66584.1,66595.22,,,,49.63005023477051,,,,,,,,,,,,,,66591.88349389203,,,,,,,SELL,,,,,9.65,pullback_weak_candle;momentum_volume_low
2026-04-03T04:14:35.658137+00:00,BTCUSD,viper,144388,M5,HOLD,HOLD,NONE,0,91.5180249165202,0,,,,,,,,,,,,,,,,22.0,22.0,66605.28,66629.43,66584.1,66595.0,,,,49.61291055011349,,,,,,,,,,,,,,66591.86254151109,,,,,,,SELL,,,,,9.65,pullback_weak_candle;momentum_volume_low
2026-04-03T04:14:36.398758+00:00,XAUUSD,viper,144388,M5,OUTSIDE_HOURS,OUTSIDE_HOURS,NONE,0,5.405325367263564,0,,,,,,,,,,,,,,,,0.34,0.34,4668.9,4673.32,4667.67,4670.82,,,,53.58433911787206,,,,,,,,,,,,,,,,,,,,,BOTH,,,,,21.52,pullback_weak_candle;momentum_volume_low
2026-04-03T04:14:46.684650+00:00,BTCUSD,viper,144388,M5,HOLD,HOLD,NONE,0,91.5180249165202,0,,,,,,,,,,,,,,,,22.0,22.0,66605.28,66629.43,66584.1,66600.24,,,,50.02439035317526,,,,,,,,,,,,,,66592.36158913013,,,,,,,SELL,,,,,9.65,pullback_weak_candle;momentum_volume_low
2026-04-03T04:14:57.261125+00:00,BTCUSD,viper,144388,M5,HOLD,HOLD,NONE,0,91.5180249165202,0,,,,,,,,,,,,,,,,22.0,22.0,66605.28,66629.43,66584.1,66620.34,,,,51.59196033105612,,,,,,,,,,,,,,66594.27587484442,,,,,,,SELL,,,,,9.65,pullback_weak_candle;momentum_volume_low
2026-04-03T04:15:07.855609+00:00,BTCUSD,viper,144388,M5,HOLD,HOLD,NONE,0,85.48817154102889,0,,,,,,,,,,,,,,,,22.0,22.0,66628.56,66635.66,66628.56,66635.22,,,,52.72572152109651,,,,,,,,,,,,,,66598.90601825397,,,,,,,SELL,,,,,8.99,pullback_h1_trend_filtered
2026-04-03T04:15:18.400827+00:00,BTCUSD,viper,144388,M5,HOLD,HOLD,NONE,0,86.02960011245759,0,,,,,,,,,,,,,,,,22.0,22.0,66628.56,66643.24,66628.56,66643.08,,,,53.32763226209371,,,,,,,,,,,,,,66599.65458968254,,,,,,,SELL,,,,,9.1,pullback_h1_trend_filtered
2026-04-03T04:15:28.845068+00:00,BTCUSD,viper,144388,M5,HOLD,HOLD,NONE,0,86.044600112457,0,,,,,,,,,,,,,,,,22.0,22.0,66628.56,66643.45,66628.56,66630.43,,,,52.351234404653574,,,,,,,,,,,,,,66598.44982777777,,,,,,,SELL,,,,,9.1,pullback_weak_candle;momentum_volume_low
2026-04-03T04:15:39.314109+00:00,BTCUSD,viper,144388,M5,HOLD,HOLD,NONE,0,86.044600112457,0,,,,,,,,,,,,,,,,22.0,22.0,66628.56,66643.45,66628.56,66642.94,,,,53.31704530849325,,,,,,,,,,,,,,66599.6412563492,,,,,,,SELL,,,,,9.1,pullback_h1_trend_filtered
2026-04-03T04:15:49.900350+00:00,BTCUSD,viper,144388,M5,HOLD,HOLD,NONE,0,86.39531439817154,0,,,,,,,,,,,,,,,,22.0,22.0,66628.56,66648.36,66628.56,66648.36,,,,53.72343579647411,,,,,,,,,,,,,,66600.1574468254,,,,,,,SELL,,,,,9.17,pullback_h1_trend_filtered
2026-04-03T04:16:00.430674+00:00,BTCUSD,viper,144388,M5,HOLD,HOLD,NONE,0,86.98245725531447,0,,,,,,,,,,,,,,,,22.0,22.0,66628.56,66656.58,66628.56,66656.22,,,,54.3003632502383,,,,,,,,,,,,,,66600.90601825397,,,,,,,SELL,,,,,9.29,pullback_h1_trend_filtered
2026-04-03T04:16:10.903827+00:00,BTCUSD,viper,144388,M5,HOLD,HOLD,NONE,0,86.99531439817112,0,,,,,,,,,,,,,,,,22.0,22.0,66628.56,66656.76,66628.56,66655.4,,,,54.24084784789743,,,,,,,,,,,,,,66600.82792301588,,,,,,,SELL,,,,,9.29,pullback_h1_trend_filtered
2026-04-03T04:16:21.405425+00:00,BTCUSD,viper,144388,M5,HOLD,HOLD,NONE,0,86.99531439817112,0,,,,,,,,,,,,,,,,22.0,22.0,66628.56,66656.76,66628.56,66655.34,,,,54.23648697549642,,,,,,,,,,,,,,66600.82220873015,,,,,,,SELL,,,,,9.29,pullback_h1_trend_filtered
2026-04-03T04:16:22.363309+00:00,XAUUSD,viper,144388,M5,OUTSIDE_HOURS,OUTSIDE_HOURS,NONE,0,5.405325367263564,0,,,,,,,,,,,,,,,,0.34,0.34,4668.9,4673.32,4667.67,4670.82,,,,53.58433911787206,,,,,,,,,,,,,,,,,,,,,BOTH,,,,,21.52,pullback_weak_candle;momentum_volume_low
2026-04-03T04:16:32.619813+00:00,BTCUSD,viper,144388,M5,HOLD,HOLD,NONE,0,86.99531439817112,0,,,,,,,,,,,,,,,,22.0,22.0,66628.56,66656.76,66628.56,66647.44,,,,53.654953698046576,,,,,,,,,,,,,,66600.06982777778,,,,,,,SELL,,,,,9.29,pullback_h1_trend_filtered
2026-04-03T04:16:43.157197+00:00,BTCUSD,viper,144388,M5,HOLD,HOLD,NONE,0,86.99531439817112,0,,,,,,,,,,,,,,,,22.0,22.0,66628.56,66656.76,66628.56,66646.98,,,,53.62063658543162,,,,,,,,,,,,,,66600.02601825396,,,,,,,SELL,,,,,9.29,pullback_h1_trend_filtered
2026-04-03T04:16:53.729396+00:00,BTCUSD,viper,144388,M5,HOLD,HOLD,NONE,0,86.99531439817112,0,,,,,,,,,,,,,,,,22.0,22.0,66628.56,66656.76,66628.56,66655.74,,,,54.26554376793972,,,,,,,,,,,,,,66600.86030396825,,,,,,,SELL,,,,,9.29,pullback_h1_trend_filtered
2026-04-03T04:17:04.563116+00:00,BTCUSD,viper,144388,M5,HOLD,HOLD,NONE,0,88.15102868388594,0,,,,,,,,,,,,,,,,22.0,22.0,66628.56,66672.94,66628.56,66672.94,,,,55.481007755986184,,,,,,,,,,,,,,66602.49839920635,,,,,,,SELL,,,,,9.5,pullback_h1_trend_filtered
2026-04-03T04:17:15.159615+00:00,BTCUSD,viper,144388,M5,HOLD,HOLD,NONE,0,89.25031439817161,0,,,,,,,,,,,,,,,,22.0,22.0,66628.56,66688.33,66628.56,66688.33,,,,56.51507196079916,,,,,,,,,,,,,,66603.96411349207,,,,,,,SELL,,,,,9.7,pullback_h1_trend_filtered
2026-04-03T04:17:25.706749+00:00,BTCUSD,viper,144388,M5,HOLD,HOLD,NONE,0,89.2581715410288,0,,,,,,,,,,,,,,,,22.0,22.0,66628.56,66688.44,66628.56,66684.24,,,,56.24497806190447,,,,,,,,,,,,,,66603.57458968254,,,,,,,SELL,,,,,9.7,pullback_h1_trend_filtered
2026-04-03T04:17:36.410191+00:00,BTCUSD,viper,144388,M5,HOLD,HOLD,NONE,0,89.31960011245741,0,,,,,,,,,,,,,,,,22.0,22.0,66628.56,66689.3,66628.56,66689.23,,,,56.5740588250086,,,,,,,,,,,,,,66604.04982777778,,,,,,,SELL,,,,,9.71,pullback_h1_trend_filtered
2026-04-03T04:17:47.259112+00:00,BTCUSD,viper,144388,M5,HOLD,HOLD,NONE,0,89.32317154102905,0,,,,,,,,,,,,,,,,22.0,22.0,66628.56,66689.35,66628.56,66670.62,,,,55.32084443306711,,,,,,,,,,,,,,66602.27744682539,,,,,,,SELL,,,,,9.71,pullback_h1_trend_filtered
2026-04-03T04:17:57.854070+00:00,BTCUSD,viper,144388,M5,HOLD,HOLD,NONE,0,89.32317154102905,0,,,,,,,,,,,,,,,,22.0,22.0,66628.56,66689.35,66628.56,66683.19,,,,56.175096439613014,,,,,,,,,,,,,,66603.47458968255,,,,,,,SELL,,,,,9.71,pullback_h1_trend_filtered
2026-04-03T04:18:08.344751+00:00,BTCUSD,viper,144388,M5,HOLD,HOLD,NONE,0,89.32317154102905,0,,,,,,,,,,,,,,,,22.0,22.0,66628.56,66689.35,66628.56,66680.2,,,,55.974871767353534,,,,,,,,,,,,,,66603.18982777778,,,,,,,SELL,,,,,9.71,pullback_h1_trend_filtered
2026-04-03T04:18:09.257818+00:00,XAUUSD,viper,144388,M5,OUTSIDE_HOURS,OUTSIDE_HOURS,NONE,0,5.405325367263564,0,,,,,,,,,,,,,,,,0.34,0.34,4668.9,4673.32,4667.67,4670.82,,,,53.58433911787206,,,,,,,,,,,,,,,,,,,,,BOTH,,,,,21.52,pullback_weak_candle;momentum_volume_low
2026-04-03T04:18:19.503870+00:00,BTCUSD,viper,144388,M5,HOLD,HOLD,NONE,0,89.32317154102905,0,,,,,,,,,,,,,,,,22.0,22.0,66628.56,66689.35,66628.56,66652.0,,,,53.992413786571554,,,,,,,,,,,,,,66600.50411349206,,,,,,,SELL,,,,,9.71,pullback_weak_candle;momentum_volume_low
2026-04-03T04:18:30.179683+00:00,BTCUSD,viper,144388,M5,HOLD,HOLD,NONE,0,89.32317154102905,0,,,,,,,,,,,,,,,,22.0,22.0,66628.56,66689.35,66628.56,66649.32,,,,53.79467993309623,,,,,,,,,,,,,,66600.24887539682,,,,,,,SELL,,,,,9.71,pullback_weak_candle;momentum_volume_low
2026-04-03T04:18:40.654518+00:00,BTCUSD,viper,144388,M5,HOLD,HOLD,NONE,0,89.32317154102905,0,,,,,,,,,,,,,,,,22.0,22.0,66628.56,66689.35,66628.56,66656.96,,,,54.35393953243384,,,,,,,,,,,,,,66600.97649444445,,,,,,,SELL,,,,,9.71,pullback_h1_trend_filtered
2026-04-03T04:18:51.307188+00:00,BTCUSD,viper,144388,M5,HOLD,HOLD,NONE,0,89.32317154102905,0,,,,,,,,,,,,,,,,22.0,22.0,66628.56,66689.35,66628.56,66662.67,,,,54.763159184336196,,,,,,,,,,,,,,66601.52030396825,,,,,,,SELL,,,,,9.71,pullback_h1_trend_filtered
2026-04-03T04:19:01.798148+00:00,BTCUSD,viper,144388,M5,HOLD,HOLD,NONE,0,89.32317154102905,0,,,,,,,,,,,,,,,,22.0,22.0,66628.56,66689.35,66628.56,66662.74,,,,54.76813036620148,,,,,,,,,,,,,,66601.52697063492,,,,,,,SELL,,,,,9.71,pullback_h1_trend_filtered
2026-04-03T04:19:12.409435+00:00,BTCUSD,viper,144388,M5,HOLD,HOLD,NONE,0,89.32317154102905,0,,,,,,,,,,,,,,,,22.0,22.0,66628.56,66689.35,66628.56,66648.3,,,,53.718975742401476,,,,,,,,,,,,,,66600.15173253969,,,,,,,SELL,,,,,9.71,pullback_weak_candle;momentum_volume_low
2026-04-03T04:19:22.863721+00:00,BTCUSD,viper,144388,M5,HOLD,HOLD,NONE,0,89.32317154102905,0,,,,,,,,,,,,,,,,22.0,22.0,66628.56,66689.35,66628.56,66648.65,,,,53.7449806118584,,,,,,,,,,,,,,66600.18506587301,,,,,,,SELL,,,,,9.71,pullback_weak_candle;momentum_volume_low
2026-04-03T04:19:33.345086+00:00,BTCUSD,viper,144388,M5,HOLD,HOLD,NONE,0,89.32317154102905,0,,,,,,,,,,,,,,,,22.0,22.0,66628.56,66689.35,66628.56,66648.77,,,,53.753889840964085,,,,,,,,,,,,,,66600.19649444445,,,,,,,SELL,,,,,9.71,pullback_weak_candle;momentum_volume_low
2026-04-03T04:19:43.821693+00:00,BTCUSD,viper,144388,M5,HOLD,HOLD,NONE,0,89.32317154102905,0,,,,,,,,,,,,,,,,22.0,22.0,66628.56,66689.35,66628.56,66648.7,,,,53.748693207786495,,,,,,,,,,,,,,66600.18982777778,,,,,,,SELL,,,,,9.71,pullback_weak_candle;momentum_volume_low
2026-04-03T04:19:54.281438+00:00,BTCUSD,viper,144388,M5,HOLD,HOLD,NONE,0,89.32317154102905,0,,,,,,,,,,,,,,,,22.0,22.0,66628.56,66689.35,66628.56,66648.53,,,,53.73606794939878,,,,,,,,,,,,,,66600.17363730159,,,,,,,SELL,,,,,9.71,pullback_weak_candle;momentum_volume_low
2026-04-03T04:19:55.022549+00:00,XAUUSD,viper,144388,M5,OUTSIDE_HOURS,OUTSIDE_HOURS,NONE,0,5.405325367263564,0,,,,,,,,,,,,,,,,0.34,0.34,4668.9,4673.32,4667.67,4670.82,,,,53.58433911787206,,,,,,,,,,,,,,,,,,,,,BOTH,,,,,21.52,pullback_weak_candle;momentum_volume_low
2026-04-03T04:20:05.244825+00:00,BTCUSD,viper,144388,M5,HOLD,HOLD,NONE,0,83.58167555458013,0,,,,,,,,,,,,,,,,22.0,22.0,66624.08,66627.77,66623.48,66627.41,,,,52.09962087472509,,,,,,,,,,,,,,66600.685762528,,,,,,,SELL,,,,,9.76,pullback_h1_trend_filtered
2026-04-03T04:20:15.740058+00:00,BTCUSD,viper,144388,M5,HOLD,HOLD,NONE,0,83.58453269743681,0,,,,,,,,,,,,,,,,22.0,22.0,66624.08,66627.81,66623.48,66627.26,,,,52.08694910930569,,,,,,,,,,,,,,66600.67147681372,,,,,,,SELL,,,,,9.76,pullback_h1_trend_filtered
2026-04-03T04:20:26.236547+00:00,BTCUSD,viper,144388,M5,HOLD,HOLD,NONE,0,83.58524698315176,0,,,,,,,,,,,,,,,,22.0,22.0,66624.08,66627.82,66623.48,66627.21,,,,52.08272369748395,,,,,,,,,,,,,,66600.66671490895,,,,,,,SELL,,,,,9.76,pullback_h1_trend_filtered
2026-04-03T04:20:36.715184+00:00,BTCUSD,viper,144388,M5,HOLD,HOLD,NONE,0,83.58596126886567,0,,,,,,,,,,,,,,,,22.0,22.0,66624.08,66627.83,66623.48,66627.34,,,,52.09370821841376,,,,,,,,,,,,,,66600.67909586133,,,,,,,SELL,,,,,9.76,pullback_h1_trend_filtered
2026-04-03T04:20:47.435491+00:00,BTCUSD,viper,144388,M5,HOLD,HOLD,NONE,0,83.58596126886567,0,,,,,,,,,,,,,,,,22.0,22.0,66624.08,66627.83,66623.48,66624.64,,,,51.864529318020274,,,,,,,,,,,,,,66600.42195300419,,,,,,,SELL,,,,,9.76,pullback_weak_candle;momentum_volume_low
2026-04-03T04:20:58.165722+00:00,BTCUSD,viper,144388,M5,HOLD,HOLD,NONE,0,83.58596126886567,0,,,,,,,,,,,,,,,,22.0,22.0,66624.08,66627.83,66623.48,66624.72,,,,51.87135132197625,,,,,,,,,,,,,,66600.42957205181,,,,,,,SELL,,,,,9.76,pullback_weak_candle;momentum_volume_low
2026-04-03T04:21:08.913368+00:00,BTCUSD,viper,144388,M5,HOLD,HOLD,NONE,0,83.94096126886576,0,,,,,,,,,,,,,,,,22.0,22.0,66624.08,66627.83,66618.51,66618.89,,,,51.34273756014317,,,,,,,,,,,,,,66599.87433395657,,,,,,,SELL,,,,,9.68,pullback_structure_not_confirmed;momentum_volume_low
2026-04-03T04:21:20.175005+00:00,BTCUSD,viper,144388,M5,HOLD,HOLD,NONE,0,84.1952469831513,0,,,,,,,,,,,,,,,,22.0,22.0,66624.08,66627.83,66614.95,66615.19,,,,51.01138032135012,,,,,,,,,,,,,,66599.5219530042,,,,,,,SELL,,,,,9.62,pullback_structure_not_confirmed;momentum_volume_low
2026-04-03T04:21:30.859009+00:00,BTCUSD,viper,144388,M5,HOLD,HOLD,NONE,0,85.2088184117229,0,,,,,,,,,,,,,,,,22.0,22.0,66624.08,66627.83,66600.76,66601.22,,,,49.79792614656064,,,,,,,,,,,,,,66598.1914768137,,,,,,,SELL,,,,,9.41,pullback_structure_not_confirmed;momentum_volume_low
2026-04-03T04:21:41.625188+00:00,BTCUSD,viper,144388,M5,HOLD,HOLD,NONE,0,85.21167555457959,0,,,,,,,,,,,,,,,,22.0,22.0,66624.08,66627.83,66600.72,66604.94,,,,50.115375044295206,,,,,,,,,,,,,,66598.545762528,,,,,,,SELL,,,,,9.41,pullback_structure_not_confirmed;momentum_volume_low
2026-04-03T04:21:42.666846+00:00,XAUUSD,viper,144388,M5,OUTSIDE_HOURS,OUTSIDE_HOURS,NONE,0,5.405325367263564,0,,,,,,,,,,,,,,,,0.34,0.34,4668.9,4673.32,4667.67,4670.82,,,,53.58433911787206,,,,,,,,,,,,,,,,,,,,,BOTH,,,,,21.52,pullback_weak_candle;momentum_volume_low
2026-04-03T04:21:53.106538+00:00,BTCUSD,viper,144388,M5,HOLD,HOLD,NONE,0,85.21167555457959,0,,,,,,,,,,,,,,,,22.0,22.0,66624.08,66627.83,66600.72,66618.26,,,,51.28601352006739,,,,,,,,,,,,,,66599.81433395657,,,,,,,SELL,,,,,9.41,pullback_weak_candle;momentum_volume_low
2026-04-03T04:22:03.910922+00:00,BTCUSD,viper,144388,M5,HOLD,HOLD,NONE,0,85.21167555457959,0,,,,,,,,,,,,,,,,22.0,22.0,66624.08,66627.83,66600.72,66619.77,,,,51.4221815106857,,,,,,,,,,,,,,66599.95814348038,,,,,,,SELL,,,,,9.41,pullback_weak_candle;momentum_volume_low
2026-04-03T04:22:14.541301+00:00,BTCUSD,viper,144388,M5,HOLD,HOLD,NONE,0,85.21167555457959,0,,,,,,,,,,,,,,,,22.0,22.0,66624.08,66627.83,66600.72,66620.0,,,,51.44298581235685,,,,,,,,,,,,,,66599.98004824229,,,,,,,SELL,,,,,9.41,pullback_weak_candle;momentum_volume_low
2026-04-03T04:22:25.157613+00:00,BTCUSD,viper,144388,M5,HOLD,HOLD,NONE,0,85.28238984029426,0,,,,,,,,,,,,,,,,22.0,22.0,66624.08,66628.82,66600.72,66628.82,,,,52.21840865368712,,,,,,,,,,,,,,66600.82004824228,,,,,,,SELL,,,,,9.41,pullback_weak_candle;momentum_volume_low
2026-04-03T04:22:35.774156+00:00,BTCUSD,viper,144388,M5,HOLD,HOLD,NONE,0,85.28881841172257,0,,,,,,,,,,,,,,,,22.0,22.0,66624.08,66628.91,66600.72,66628.47,,,,52.18897733127373,,,,,,,,,,,,,,66600.78671490894,,,,,,,SELL,,,,,9.41,pullback_weak_candle;momentum_volume_low
2026-04-03T04:22:46.241205+00:00,BTCUSD,viper,144388,M5,HOLD,HOLD,NONE,0,85.28881841172257,0,,,,,,,,,,,,,,,,22.0,22.0,66624.08,66628.91,66600.72,66628.49,,,,52.19066009780446,,,,,,,,,,,,,,66600.78861967086,,,,,,,SELL,,,,,9.41,pullback_weak_candle;momentum_volume_low
2026-04-03T04:22:57.005310+00:00,BTCUSD,viper,144388,M5,HOLD,HOLD,NONE,0,85.29524698315089,0,,,,,,,,,,,,,,,,22.0,22.0,66624.08,66629.0,66600.72,66628.37,,,,52.180561721436156,,,,,,,,,,,,,,66600.77719109942,,,,,,,SELL,,,,,9.41,pullback_weak_candle;momentum_volume_low
2026-04-03T04:23:07.815997+00:00,BTCUSD,viper,144388,M5,HOLD,HOLD,NONE,0,85.79810412600862,0,,,,,,,,,,,,,,,,22.0,22.0,66624.08,66629.0,66593.68,66593.68,,,,49.16667513795219,,,,,,,,,,,,,,66597.47338157562,,,,,,,SELL,,,,,9.31,pullback_structure_not_confirmed;momentum_volume_low
2026-04-03T04:23:18.434637+00:00,BTCUSD,viper,144388,M5,HOLD,HOLD,NONE,0,86.44238984029359,0,,,,,,,,,,,,,,,,22.0,22.0,66624.08,66629.0,66584.66,66585.44,,,,48.494871262480444,,,,,,,,,,,,,,66596.68861967085,,,,,,,SELL,,,,,9.18,pullback_structure_not_confirmed;momentum_volume_low
2026-04-03T04:23:29.022861+00:00,BTCUSD,viper,144388,M5,HOLD,HOLD,NONE,0,87.06738984029359,0,,,,,,,,,,,,,,,,22.0,22.0,66624.08,66629.0,66575.91,66575.91,,,,47.74043299851733,,,,,,,,,,,,,,66595.78100062323,,,,,,,SELL,,,,,9.07,pullback_structure_not_confirmed;momentum_volume_low
2026-04-03T04:23:29.718740+00:00,XAUUSD,viper,144388,M5,OUTSIDE_HOURS,OUTSIDE_HOURS,NONE,0,5.405325367263564,0,,,,,,,,,,,,,,,,0.34,0.34,4668.9,4673.32,4667.67,4670.82,,,,53.58433911787206,,,,,,,,,,,,,,,,,,,,,BOTH,,,,,21.52,pullback_weak_candle;momentum_volume_low
2026-04-03T04:23:40.002538+00:00,BTCUSD,viper,144388,M5,HOLD,HOLD,NONE,0,88.21524698315123,0,,,,,,,,,,,,,,,,22.0,22.0,66624.08,66629.0,66559.84,66560.32,,,,46.55561091362637,,,,,,,,,,,,,,66594.29623871847,,,,,,,SELL,,,,,9.17,pullback_structure_not_confirmed;momentum_volume_low
2026-04-03T04:23:50.491736+00:00,BTCUSD,viper,144388,M5,HOLD,HOLD,NONE,0,88.44238984029359,0,,,,,,,,,,,,,,,,22.0,22.0,66624.08,66629.0,66556.66,66556.79,,,,46.29545498109147,,,,,,,,,,,,,,66593.96004824228,,,,,,,SELL,,,,,9.21,pullback_structure_not_confirmed;momentum_volume_low
2026-04-03T04:24:01.073896+00:00,BTCUSD,viper,144388,M5,HOLD,HOLD,NONE,0,88.44238984029359,0,,,,,,,,,,,,,,,,22.0,22.0,66624.08,66629.0,66556.66,66560.1,,,,46.53931182542794,,,,,,,,,,,,,,66594.27528633752,,,,,,,SELL,,,,,9.21,pullback_structure_not_confirmed;momentum_volume_low
2026-04-03T04:24:11.672436+00:00,BTCUSD,viper,144388,M5,HOLD,HOLD,NONE,0,88.87310412600779,0,,,,,,,,,,,,,,,,22.0,22.0,66624.08,66629.0,66550.63,66562.54,,,,46.72072465431983,,,,,,,,,,,,,,66594.5076672899,,,,,,,SELL,,,,,9.28,pullback_structure_not_confirmed;momentum_volume_low
2026-04-03T04:24:22.202033+00:00,BTCUSD,viper,144388,M5,HOLD,HOLD,NONE,0,88.87310412600779,0,,,,,,,,,,,,,,,,22.0,22.0,66624.08,66629.0,66550.63,66576.2,,,,47.7630442704556,,,,,,,,,,,,,,66595.80861967086,,,,,,,SELL,,,,,9.28,pullback_structure_not_confirmed;momentum_volume_low
2026-04-03T04:24:32.734876+00:00,BTCUSD,viper,144388,M5,HOLD,HOLD,NONE,0,88.87310412600779,0,,,,,,,,,,,,,,,,22.0,22.0,66624.08,66629.0,66550.63,66575.98,,,,47.7458889313991,,,,,,,,,,,,,,66595.7876672899,,,,,,,SELL,,,,,9.28,pullback_structure_not_confirmed;momentum_volume_low
2026-04-03T04:24:43.258278+00:00,BTCUSD,viper,144388,M5,HOLD,HOLD,NONE,0,88.87310412600779,0,,,,,,,,,,,,,,,,22.0,22.0,66624.08,66629.0,66550.63,66576.06,,,,47.75212581045656,,,,,,,,,,,,,,66595.79528633752,,,,,,,SELL,,,,,9.28,pullback_structure_not_confirmed;momentum_volume_low
2026-04-03T04:24:53.805358+00:00,BTCUSD,viper,144388,M5,HOLD,HOLD,NONE,0,88.87310412600779,0,,,,,,,,,,,,,,,,22.0,22.0,66624.08,66629.0,66550.63,66566.1,,,,46.987960557769014,,,,,,,,,,,,,,66594.84671490896,,,,,,,SELL,,,,,9.28,pullback_structure_not_confirmed;momentum_volume_low
2026-04-03T04:25:04.489708+00:00,BTCUSD,viper,144388,M5,HOLD,HOLD,NONE,0,82.58787867825883,0,,,,,,,,,,,,,,,,22.0,22.0,66565.52,66566.1,66565.3,66565.8,,,,46.963124992755745,,,,,,,,,,,,,,66592.08725434395,,,,,,,SELL,,,,,8.89,pullback_weak_candle;momentum_volume_low
2026-04-03T04:25:15.020995+00:00,BTCUSD,viper,144388,M5,HOLD,HOLD,NONE,0,83.68216439254505,0,,,,,,,,,,,,,,,,22.0,22.0,66565.52,66566.22,66550.02,66550.52,,,,45.75407727904864,,,,,,,,,,,,,,66590.63201624871,,,,,,,SELL,,,,,8.9,pullback_structure_not_confirmed;momentum_volume_low
2026-04-03T04:25:15.848700+00:00,XAUUSD,viper,144388,M5,OUTSIDE_HOURS,OUTSIDE_HOURS,NONE,0,5.405325367263564,0,,,,,,,,,,,,,,,,0.34,0.34,4668.9,4673.32,4667.67,4670.82,,,,53.58433911787206,,,,,,,,,,,,,,,,,,,,,BOTH,,,,,21.52,pullback_weak_candle;momentum_volume_low
2026-04-03T04:25:26.054768+00:00,BTCUSD,viper,144388,M5,HOLD,HOLD,NONE,0,84.0107358211169,0,,,,,,,,,,,,,,,,22.0,22.0,66565.52,66566.22,66545.42,66546.13,,,,45.41814095000871,,,,,,,,,,,,,,66590.21392101061,,,,,,,SELL,,,,,8.96,pullback_structure_not_confirmed;momentum_volume_low
2026-04-03T04:25:36.526930+00:00,BTCUSD,viper,144388,M5,HOLD,HOLD,NONE,0,84.0107358211169,0,,,,,,,,,,,,,,,,22.0,22.0,66565.52,66566.22,66545.42,66555.05,,,,46.105976679100266,,,,,,,,,,,,,,66591.06344482015,,,,,,,SELL,,,,,8.96,pullback_structure_not_confirmed;momentum_volume_low
2026-04-03T04:25:47.045808+00:00,BTCUSD,viper,144388,M5,HOLD,HOLD,NONE,0,84.1693072496884,0,,,,,,,,,,,,,,,,22.0,22.0,66565.52,66568.44,66545.42,66568.3,,,,47.18775978805557,,,,,,,,,,,,,,66592.32534958204,,,,,,,SELL,,,,,8.96,pullback_weak_candle;momentum_volume_low
2026-04-03T04:25:57.536611+00:00,BTCUSD,viper,144388,M5,HOLD,HOLD,NONE,0,84.1864501068306,0,,,,,,,,,,,,,,,,22.0,22.0,66565.52,66568.68,66545.42,66568.32,,,,47.18958089316297,,,,,,,,,,,,,,66592.32725434395,,,,,,,SELL,,,,,8.96,pullback_weak_candle;momentum_volume_low
2026-04-03T04:26:08.001469+00:00,BTCUSD,viper,144388,M5,HOLD,HOLD,NONE,0,84.19002153540224,0,,,,,,,,,,,,,,,,22.0,22.0,66565.52,66568.73,66545.42,66568.18,,,,47.17683051932282,,,,,,,,,,,,,,66592.31392101062,,,,,,,SELL,,,,,8.96,pullback_weak_candle;momentum_volume_low
2026-04-03T04:26:18.485645+00:00,BTCUSD,viper,144388,M5,HOLD,HOLD,NONE,0,84.19002153540224,0,,,,,,,,,,,,,,,,22.0,22.0,66565.52,66568.73,66545.42,66568.55,,,,47.210514578474736,,,,,,,,,,,,,,66592.34915910586,,,,,,,SELL,,,,,8.96,pullback_weak_candle;momentum_volume_low
2026-04-03T04:26:29.082570+00:00,BTCUSD,viper,144388,M5,HOLD,HOLD,NONE,0,84.19002153540224,0,,,,,,,,,,,,,,,,22.0,22.0,66565.52,66568.73,66545.42,66568.13,,,,47.172275322167096,,,,,,,,,,,,,,66592.30915910585,,,,,,,SELL,,,,,8.96,pullback_weak_candle;momentum_volume_low
2026-04-03T04:26:39.611352+00:00,BTCUSD,viper,144388,M5,HOLD,HOLD,NONE,0,84.38216439254526,0,,,,,,,,,,,,,,,,22.0,22.0,66565.52,66571.42,66545.42,66568.37,,,,47.19413310650744,,,,,,,,,,,,,,66592.3320162487,,,,,,,SELL,,,,,8.96,pullback_weak_candle;momentum_volume_low
2026-04-03T04:26:50.040355+00:00,BTCUSD,viper,144388,M5,HOLD,HOLD,NONE,0,84.38216439254526,0,,,,,,,,,,,,,,,,22.0,22.0,66565.52,66571.42,66545.42,66568.7,,,,47.22415804314949,,,,,,,,,,,,,,66592.36344482013,,,,,,,SELL,,,,,8.96,pullback_weak_candle;momentum_volume_low
2026-04-03T04:27:00.562740+00:00,BTCUSD,viper,144388,M5,HOLD,HOLD,NONE,0,84.38216439254526,0,,,,,,,,,,,,,,,,22.0,22.0,66565.52,66571.42,66545.42,66568.13,,,,47.172275322167096,,,,,,,,,,,,,,66592.30915910585,,,,,,,SELL,,,,,8.96,pullback_weak_candle;momentum_volume_low
2026-04-03T04:27:01.301073+00:00,XAUUSD,viper,144388,M5,OUTSIDE_HOURS,OUTSIDE_HOURS,NONE,0,5.405325367263564,0,,,,,,,,,,,,,,,,0.34,0.34,4668.9,4673.32,4667.67,4670.82,,,,53.58433911787206,,,,,,,,,,,,,,,,,,,,,BOTH,,,,,21.52,pullback_weak_candle;momentum_volume_low
2026-04-03T04:27:11.537866+00:00,BTCUSD,viper,144388,M5,HOLD,HOLD,NONE,0,84.38216439254526,0,,,,,,,,,,,,,,,,22.0,22.0,66565.52,66571.42,66545.42,66568.46,,,,47.20232511315669,,,,,,,,,,,,,,66592.34058767729,,,,,,,SELL,,,,,8.96,pullback_weak_candle;momentum_volume_low
2026-04-03T04:27:21.948063+00:00,BTCUSD,viper,144388,M5,HOLD,HOLD,NONE,0,84.38216439254526,0,,,,,,,,,,,,,,,,22.0,22.0,66565.52,66571.42,66545.42,66568.34,,,,47.19140187268036,,,,,,,,,,,,,,66592.32915910585,,,,,,,SELL,,,,,8.96,pullback_weak_candle;momentum_volume_low
2026-04-03T04:27:32.511392+00:00,BTCUSD,viper,144388,M5,HOLD,HOLD,NONE,0,84.38216439254526,0,,,,,,,,,,,,,,,,22.0,22.0,66565.52,66571.42,66545.42,66567.94,,,,47.154958405646504,,,,,,,,,,,,,,66592.29106386776,,,,,,,SELL,,,,,8.96,pullback_weak_candle;momentum_volume_low
2026-04-03T04:27:43.018348+00:00,BTCUSD,viper,144388,M5,HOLD,HOLD,NONE,0,84.38216439254526,0,,,,,,,,,,,,,,,,22.0,22.0,66565.52,66571.42,66545.42,66568.41,,,,47.197774312171994,,,,,,,,,,,,,,66592.33582577252,,,,,,,SELL,,,,,8.96,pullback_weak_candle;momentum_volume_low
2026-04-03T04:27:53.477693+00:00,BTCUSD,viper,144388,M5,HOLD,HOLD,NONE,0,85.31359296397441,0,,,,,,,,,,,,,,,,22.0,22.0,66565.52,66584.46,66545.42,66584.46,,,,48.6193744782347,,,,,,,,,,,,,,66593.86439720109,,,,,,,SELL,,,,,8.96,pullback_structure_not_confirmed;momentum_volume_low
2026-04-03T04:28:03.909868+00:00,BTCUSD,viper,144388,M5,HOLD,HOLD,NONE,0,85.3307358211166,0,,,,,,,,,,,,,,,,22.0,22.0,66565.52,66584.7,66545.42,66584.17,,,,48.59436763315242,,,,,,,,,,,,,,66593.83677815348,,,,,,,SELL,,,,,8.96,pullback_structure_not_confirmed;momentum_volume_low
2026-04-03T04:28:14.363734+00:00,BTCUSD,viper,144388,M5,HOLD,HOLD,NONE,0,85.6164501068309,0,,,,,,,,,,,,,,,,22.0,22.0,66565.52,66588.7,66545.42,66588.6,,,,48.97373418042649,,,,,,,,,,,,,,66594.25868291537,,,,,,,SELL,,,,,8.96,pullback_structure_not_confirmed;momentum_volume_low
2026-04-03T04:28:24.869689+00:00,BTCUSD,viper,144388,M5,HOLD,HOLD,NONE,0,86.58930724968874,0,,,,,,,,,,,,,,,,22.0,22.0,66565.52,66602.32,66545.42,66602.02,,,,50.08954016571282,,,,,,,,,,,,,,66595.53677815347,,,,,,,SELL,,,,,8.96,pullback_h1_trend_filtered
2026-04-03T04:28:35.336502+00:00,BTCUSD,viper,144388,M5,HOLD,HOLD,NONE,0,86.58930724968874,0,,,,,,,,,,,,,,,,22.0,22.0,66565.52,66602.32,66545.42,66601.5,,,,50.047214339992856,,,,,,,,,,,,,,66595.48725434396,,,,,,,SELL,,,,,8.96,pullback_h1_trend_filtered
2026-04-03T04:28:45.816437+00:00,BTCUSD,viper,144388,M5,HOLD,HOLD,NONE,0,86.58930724968874,0,,,,,,,,,,,,,,,,22.0,22.0,66565.52,66602.32,66545.42,66577.14,,,,47.98063117603953,,,,,,,,,,,,,,66593.16725434395,,,,,,,SELL,,,,,8.96,pullback_weak_candle;momentum_volume_low
2026-04-03T04:28:46.624048+00:00,XAUUSD,viper,144388,M5,OUTSIDE_HOURS,OUTSIDE_HOURS,NONE,0,5.405325367263564,0,,,,,,,,,,,,,,,,0.34,0.34,4668.9,4673.32,4667.67,4670.82,,,,53.58433911787206,,,,,,,,,,,,,,,,,,,,,BOTH,,,,,21.52,pullback_weak_candle;momentum_volume_low
2026-04-03T04:28:56.964103+00:00,BTCUSD,viper,144388,M5,HOLD,HOLD,NONE,0,86.58930724968874,0,,,,,,,,,,,,,,,,22.0,22.0,66565.52,66602.32,66545.42,66568.41,,,,47.197774312171994,,,,,,,,,,,,,,66592.33582577252,,,,,,,SELL,,,,,8.96,pullback_weak_candle;momentum_volume_low
2026-04-03T04:29:07.457934+00:00,BTCUSD,viper,144388,M5,HOLD,HOLD,NONE,0,86.58930724968874,0,,,,,,,,,,,,,,,,22.0,22.0,66565.52,66602.32,66545.42,66562.26,,,,46.677366012419164,,,,,,,,,,,,,,66591.7501114868,,,,,,,SELL,,,,,8.96,pullback_weak_candle;momentum_volume_low
2026-04-03T04:29:17.904735+00:00,BTCUSD,viper,144388,M5,HOLD,HOLD,NONE,0,86.58930724968874,0,,,,,,,,,,,,,,,,22.0,22.0,66565.52,66602.32,66545.42,66561.93,,,,46.650904561910174,,,,,,,,,,,,,,66591.71868291538,,,,,,,SELL,,,,,8.96,pullback_weak_candle;momentum_volume_low
2026-04-03T04:29:28.481444+00:00,BTCUSD,viper,144388,M5,HOLD,HOLD,NONE,0,86.58930724968874,0,,,,,,,,,,,,,,,,22.0,22.0,66565.52,66602.32,66545.42,66561.24,,,,46.595672908479564,,,,,,,,,,,,,,66591.65296862967,,,,,,,SELL,,,,,8.96,pullback_weak_candle;momentum_volume_low
2026-04-03T04:29:39.184336+00:00,BTCUSD,viper,144388,M5,HOLD,HOLD,NONE,0,86.58930724968874,0,,,,,,,,,,,,,,,,22.0,22.0,66565.52,66602.32,66545.42,66555.16,,,,46.11458902671675,,,,,,,,,,,,,,66591.07392101061,,,,,,,SELL,,,,,8.96,pullback_weak_candle;momentum_volume_low
2026-04-03T04:29:50.321738+00:00,BTCUSD,viper,144388,M5,HOLD,HOLD,NONE,0,86.58930724968874,0,,,,,,,,,,,,,,,,22.0,22.0,66565.52,66602.32,66545.42,66549.18,,,,45.65101059763745,,,,,,,,,,,,,,66590.50439720109,,,,,,,SELL,,,,,8.96,pullback_weak_candle;momentum_volume_low
2026-04-03T04:30:01.081856+00:00,BTCUSD,viper,144388,M5,HOLD,HOLD,NONE,0,80.89206368955772,0,,,,,,,,,,,,,,,,22.0,22.0,66538.79,66539.11,66538.68,66538.68,,,,44.85680058998177,,,,,,,,,,,,,,66584.70016886164,,,,,,,SELL,,,,,8.82,pullback_weak_candle;momentum_volume_low
2026-04-03T04:30:11.673025+00:00,BTCUSD,viper,144388,M5,HOLD,HOLD,NONE,0,81.35920654670012,0,,,,,,,,,,,,,,,,22.0,22.0,66538.79,66539.41,66532.44,66532.72,,,,44.386212864643504,,,,,,,,,,,,,,66584.13254981402,,,,,,,SELL,,,,,8.9,pullback_structure_not_confirmed;momentum_volume_low
2026-04-03T04:30:22.279044+00:00,BTCUSD,viper,144388,M5,HOLD,HOLD,NONE,0,82.95277797527139,0,,,,,,,,,,,,,,,,22.0,22.0,66538.79,66543.66,66514.38,66514.64,,,,43.017202821367434,,,,,,,,,,,,,,66582.41064505212,,,,,,,SELL,,,,,9.13,pullback_structure_not_confirmed;momentum_volume_low
2026-04-03T04:30:32.775537+00:00,BTCUSD,viper,144388,M5,HOLD,HOLD,NONE,0,83.0384922609865,0,,,,,,,,,,,,,,,,22.0,22.0,66538.79,66543.66,66513.18,66513.18,,,,42.91032814614783,,,,,,,,,,,,,,66582.27159743308,,,,,,,SELL,,,,,9.15,pullback_structure_not_confirmed;momentum_volume_low
2026-04-03T04:30:33.705868+00:00,XAUUSD,viper,144388,M5,OUTSIDE_HOURS,OUTSIDE_HOURS,NONE,0,5.405325367263564,0,,,,,,,,,,,,,,,,0.34,0.34,4668.9,4673.32,4667.67,4670.82,,,,53.58433911787206,,,,,,,,,,,,,,,,,,,,,BOTH,,,,,21.52,pullback_weak_candle;momentum_volume_low
2026-04-03T04:30:44.006516+00:00,BTCUSD,viper,144388,M5,HOLD,HOLD,NONE,0,83.33277797527188,0,,,,,,,,,,,,,,,,22.0,22.0,66538.79,66543.66,66509.06,66514.78,,,,43.02747905700049,,,,,,,,,,,,,,66582.42397838546,,,,,,,SELL,,,,,9.2,pullback_structure_not_confirmed;momentum_volume_low
2026-04-03T04:30:54.446712+00:00,BTCUSD,viper,144388,M5,HOLD,HOLD,NONE,0,83.80420654669983,0,,,,,,,,,,,,,,,,22.0,22.0,66538.79,66543.66,66502.46,66502.66,,,,42.15566785481398,,,,,,,,,,,,,,66581.26969267117,,,,,,,SELL,,,,,9.27,pullback_structure_not_confirmed;momentum_volume_low
2026-04-03T04:31:04.937485+00:00,BTCUSD,viper,144388,M5,HOLD,HOLD,NONE,0,84.55349226098592,0,,,,,,,,,,,,,,,,22.0,22.0,66538.79,66543.66,66491.97,66502.87,,,,42.170472625554545,,,,,,,,,,,,,,66581.28969267117,,,,,,,SELL,,,,,9.39,pullback_structure_not_confirmed;momentum_volume_low
2026-04-03T04:31:15.531293+00:00,BTCUSD,viper,144388,M5,HOLD,HOLD,NONE,0,84.55349226098592,0,,,,,,,,,,,,,,,,22.0,22.0,66538.79,66543.66,66491.97,66512.32,,,,42.84762274249973,,,,,,,,,,,,,,66582.18969267116,,,,,,,SELL,,,,,9.39,pullback_structure_not_confirmed;momentum_volume_low
2026-04-03T04:31:26.103088+00:00,BTCUSD,viper,144388,M5,HOLD,HOLD,NONE,0,84.55349226098592,0,,,,,,,,,,,,,,,,22.0,22.0,66538.79,66543.66,66491.97,66508.84,,,,42.59574479756775,,,,,,,,,,,,,,66581.85826409973,,,,,,,SELL,,,,,9.39,pullback_structure_not_confirmed;momentum_volume_low
2026-04-03T04:31:36.544538+00:00,BTCUSD,viper,144388,M5,HOLD,HOLD,NONE,0,84.55349226098592,0,,,,,,,,,,,,,,,,22.0,22.0,66538.79,66543.66,66491.97,66503.34,,,,42.20364482249826,,,,,,,,,,,,,,66581.33445457593,,,,,,,SELL,,,,,9.39,pullback_structure_not_confirmed;momentum_volume_low
2026-04-03T04:31:46.995898+00:00,BTCUSD,viper,144388,M5,HOLD,HOLD,NONE,0,84.55349226098592,0,,,,,,,,,,,,,,,,22.0,22.0,66538.79,66543.66,66491.97,66509.2,,,,42.62166372733136,,,,,,,,,,,,,,66581.89254981403,,,,,,,SELL,,,,,9.39,pullback_structure_not_confirmed;momentum_volume_low
2026-04-03T04:31:57.471594+00:00,BTCUSD,viper,144388,M5,HOLD,HOLD,NONE,0,84.55349226098592,0,,,,,,,,,,,,,,,,22.0,22.0,66538.79,66543.66,66491.97,66508.64,,,,42.58135900878683,,,,,,,,,,,,,,66581.83921648069,,,,,,,SELL,,,,,9.39,pullback_structure_not_confirmed;momentum_volume_low
2026-04-03T04:32:08.043342+00:00,BTCUSD,viper,144388,M5,HOLD,HOLD,NONE,0,84.55349226098592,0,,,,,,,,,,,,,,,,22.0,22.0,66538.79,66543.66,66491.97,66507.29,,,,42.48450851609084,,,,,,,,,,,,,,66581.71064505212,,,,,,,SELL,,,,,9.39,pullback_structure_not_confirmed;momentum_volume_low
2026-04-03T04:32:18.570232+00:00,BTCUSD,viper,144388,M5,HOLD,HOLD,NONE,0,84.96206368955743,0,,,,,,,,,,,,,,,,22.0,22.0,66538.79,66549.38,66491.97,66549.38,,,,45.88075105114519,,,,,,,,,,,,,,66585.71921648069,,,,,,,SELL,,,,,9.39,pullback_weak_candle;momentum_volume_low
2026-04-03T04:32:19.330992+00:00,XAUUSD,viper,144388,M5,OUTSIDE_HOURS,OUTSIDE_HOURS,NONE,0,5.405325367263564,0,,,,,,,,,,,,,,,,0.34,0.34,4668.9,4673.32,4667.67,4670.82,,,,53.58433911787206,,,,,,,,,,,,,,,,,,,,,BOTH,,,,,21.52,pullback_weak_candle;momentum_volume_low
2026-04-03T04:32:29.576036+00:00,BTCUSD,viper,144388,M5,HOLD,HOLD,NONE,0,85.83134940384302,0,,,,,,,,,,,,,,,,22.0,22.0,66538.79,66561.55,66491.97,66561.55,,,,47.00819295319168,,,,,,,,,,,,,,66586.87826409974,,,,,,,SELL,,,,,9.39,pullback_weak_candle;momentum_volume_low
2026-04-03T04:32:40.146375+00:00,BTCUSD,viper,144388,M5,HOLD,HOLD,NONE,0,86.67492083241429,0,,,,,,,,,,,,,,,,22.0,22.0,66538.79,66573.36,66491.97,66572.71,,,,48.00155235249607,,,,,,,,,,,,,,66587.94112124259,,,,,,,SELL,,,,,9.39,pullback_structure_not_confirmed;momentum_volume_low
2026-04-03T04:32:50.698486+00:00,BTCUSD,viper,144388,M5,HOLD,HOLD,NONE,0,86.67920654669983,0,,,,,,,,,,,,,,,,22.0,22.0,66538.79,66573.42,66491.97,66573.28,,,,48.05128975567294,,,,,,,,,,,,,,66587.99540695688,,,,,,,SELL,,,,,9.39,pullback_structure_not_confirmed;momentum_volume_low
2026-04-03T04:33:01.227085+00:00,BTCUSD,viper,144388,M5,HOLD,HOLD,NONE,0,87.13206368955672,0,,,,,,,,,,,,,,,,22.0,22.0,66538.79,66579.76,66491.97,66571.95,,,,47.935087473744886,,,,,,,,,,,,,,66587.86874029021,,,,,,,SELL,,,,,9.39,pullback_weak_candle;momentum_volume_low
2026-04-03T04:33:11.779414+00:00,BTCUSD,viper,144388,M5,HOLD,HOLD,NONE,0,87.13206368955672,0,,,,,,,,,,,,,,,,22.0,22.0,66538.79,66579.76,66491.97,66572.02,,,,47.941216342238015,,,,,,,,,,,,,,66587.87540695688,,,,,,,SELL,,,,,9.39,pullback_weak_candle;momentum_volume_low
2026-04-03T04:33:22.278294+00:00,BTCUSD,viper,144388,M5,HOLD,HOLD,NONE,0,88.44777797527088,0,,,,,,,,,,,,,,,,22.0,22.0,66538.79,66598.18,66491.97,66598.18,,,,50.134888164327215,,,,,,,,,,,,,,66590.36683552832,,,,,,,SELL,,,,,9.39,pullback_structure_not_confirmed;momentum_volume_low
2026-04-03T04:33:32.792983+00:00,BTCUSD,viper,144388,M5,HOLD,HOLD,NONE,0,88.44992083241469,0,,,,,,,,,,,,,,,,22.0,22.0,66538.79,66598.21,66491.97,66597.85,,,,50.108367673749186,,,,,,,,,,,,,,66590.33540695689,,,,,,,SELL,,,,,9.39,pullback_structure_not_confirmed;momentum_volume_low
2026-04-03T04:33:43.264829+00:00,BTCUSD,viper,144388,M5,HOLD,HOLD,NONE,0,88.44992083241469,0,,,,,,,,,,,,,,,,22.0,22.0,66538.79,66598.21,66491.97,66597.63,,,,50.0906716691602,,,,,,,,,,,,,,66590.31445457593,,,,,,,SELL,,,,,9.39,pullback_structure_not_confirmed;momentum_volume_low
2026-04-03T04:33:53.856440+00:00,BTCUSD,viper,144388,M5,HOLD,HOLD,NONE,0,88.44992083241469,0,,,,,,,,,,,,,,,,22.0,22.0,66538.79,66598.21,66491.97,66595.44,,,,49.9138291169826,,,,,,,,,,,,,,66590.10588314736,,,,,,,SELL,,,,,9.39,pullback_structure_not_confirmed;momentum_volume_low
2026-04-03T04:34:04.394953+00:00,BTCUSD,viper,144388,M5,HOLD,HOLD,NONE,0,88.44992083241469,0,,,,,,,,,,,,,,,,22.0,22.0,66538.79,66598.21,66491.97,66597.84,,,,50.10756358214208,,,,,,,,,,,,,,66590.33445457593,,,,,,,SELL,,,,,9.39,pullback_structure_not_confirmed;momentum_volume_low
2026-04-03T04:34:05.474375+00:00,XAUUSD,viper,144388,M5,OUTSIDE_HOURS,OUTSIDE_HOURS,NONE,0,5.405325367263564,0,,,,,,,,,,,,,,,,0.34,0.34,4668.9,4673.32,4667.67,4670.82,,,,53.58433911787206,,,,,,,,,,,,,,,,,,,,,BOTH,,,,,21.52,pullback_weak_candle;momentum_volume_low
2026-04-03T04:34:15.743097+00:00,BTCUSD,viper,144388,M5,HOLD,HOLD,NONE,0,88.44992083241469,0,,,,,,,,,,,,,,,,22.0,22.0,66538.79,66598.21,66491.97,66597.79,,,,50.103542735297985,,,,,,,,,,,,,,66590.32969267116,,,,,,,SELL,,,,,9.39,pullback_structure_not_confirmed;momentum_volume_low
2026-04-03T04:34:26.220997+00:00,BTCUSD,viper,144388,M5,HOLD,HOLD,NONE,0,88.44992083241469,0,,,,,,,,,,,,,,,,22.0,22.0,66538.79,66598.21,66491.97,66594.02,,,,49.79849281187394,,,,,,,,,,,,,,66589.97064505212,,,,,,,SELL,,,,,9.39,pullback_structure_not_confirmed;momentum_volume_low
2026-04-03T04:34:36.750927+00:00,BTCUSD,viper,144388,M5,HOLD,HOLD,NONE,0,88.44992083241469,0,,,,,,,,,,,,,,,,22.0,22.0,66538.79,66598.21,66491.97,66581.51,,,,48.758967567795864,,,,,,,,,,,,,,66588.77921648069,,,,,,,SELL,,,,,9.39,pullback_structure_not_confirmed;momentum_volume_low
2026-04-03T04:34:47.337497+00:00,BTCUSD,viper,144388,M5,HOLD,HOLD,NONE,0,88.44992083241469,0,,,,,,,,,,,,,,,,22.0,22.0,66538.79,66598.21,66491.97,66581.15,,,,48.72841552777969,,,,,,,,,,,,,,66588.7449307664,,,,,,,SELL,,,,,9.39,pullback_weak_candle;momentum_volume_low
2026-04-03T04:34:57.915992+00:00,BTCUSD,viper,144388,M5,HOLD,HOLD,NONE,0,88.44992083241469,0,,,,,,,,,,,,,,,,22.0,22.0,66538.79,66598.21,66491.97,66527.02,,,,43.94529943745017,,,,,,,,,,,,,,66583.58969267117,,,,,,,SELL,,,,,9.39,pullback_weak_candle;momentum_volume_low
2026-04-03T04:35:08.453712+00:00,BTCUSD,viper,144388,M5,HOLD,HOLD,NONE,0,83.03064024327199,0,,,,,,,,,,,,,,,,22.0,22.0,66526.55,66526.74,66514.16,66521.44,,,,43.493779125134935,,,,,,,,,,,,,,66577.6120801527,,,,,,,SELL,,,,,9.72,pullback_structure_not_confirmed;momentum_volume_low
2026-04-03T04:35:18.906822+00:00,BTCUSD,viper,144388,M5,HOLD,HOLD,NONE,0,83.03064024327199,0,,,,,,,,,,,,,,,,22.0,22.0,66526.55,66526.74,66514.16,66521.42,,,,43.49216338786424,,,,,,,,,,,,,,66577.61017539079,,,,,,,SELL,,,,,9.72,pullback_structure_not_confirmed;momentum_volume_low
2026-04-03T04:35:29.401533+00:00,BTCUSD,viper,144388,M5,HOLD,HOLD,NONE,0,84.89349738612925,0,,,,,,,,,,,,,,,,22.0,22.0,66526.55,66552.82,66514.16,66551.12,,,,46.383849170925856,,,,,,,,,,,,,,66580.43874681936,,,,,,,SELL,,,,,9.72,pullback_structure_not_confirmed;momentum_volume_low
2026-04-03T04:35:39.901572+00:00,BTCUSD,viper,144388,M5,HOLD,HOLD,NONE,0,85.90492595755704,0,,,,,,,,,,,,,,,,22.0,22.0,66526.55,66566.98,66514.16,66545.96,,,,45.88363057426086,,,,,,,,,,,,,,66579.94731824793,,,,,,,SELL,,,,,9.72,pullback_weak_candle;momentum_volume_low
2026-04-03T04:35:50.367172+00:00,BTCUSD,viper,144388,M5,HOLD,HOLD,NONE,0,85.90492595755704,0,,,,,,,,,,,,,,,,22.0,22.0,66526.55,66566.98,66514.16,66545.77,,,,45.86503344227001,,,,,,,,,,,,,,66579.92922300984,,,,,,,SELL,,,,,9.72,pullback_weak_candle;momentum_volume_low
2026-04-03T04:35:51.469113+00:00,XAUUSD,viper,144388,M5,OUTSIDE_HOURS,OUTSIDE_HOURS,NONE,0,5.405325367263564,0,,,,,,,,,,,,,,,,0.34,0.34,4668.9,4673.32,4667.67,4670.82,,,,53.58433911787206,,,,,,,,,,,,,,,,,,,,,BOTH,,,,,21.52,pullback_weak_candle;momentum_volume_low
2026-04-03T04:36:01.819575+00:00,BTCUSD,viper,144388,M5,HOLD,HOLD,NONE,0,85.90492595755704,0,,,,,,,,,,,,,,,,22.0,22.0,66526.55,66566.98,66514.16,66545.56,,,,45.84446384095139,,,,,,,,,,,,,,66579.90922300983,,,,,,,SELL,,,,,9.72,pullback_weak_candle;momentum_volume_low
2026-04-03T04:36:12.303745+00:00,BTCUSD,viper,144388,M5,HOLD,HOLD,NONE,0,85.90492595755704,0,,,,,,,,,,,,,,,,22.0,22.0,66526.55,66566.98,66514.16,66558.26,,,,47.060953831240205,,,,,,,,,,,,,,66581.11874681935,,,,,,,SELL,,,,,9.72,pullback_structure_not_confirmed;momentum_volume_low
2026-04-03T04:36:22.810160+00:00,BTCUSD,viper,144388,M5,HOLD,HOLD,NONE,0,85.90492595755704,0,,,,,,,,,,,,,,,,22.0,22.0,66526.55,66566.98,66514.16,66557.87,,,,47.02441098587847,,,,,,,,,,,,,,66581.08160396222,,,,,,,SELL,,,,,9.72,pullback_structure_not_confirmed;momentum_volume_low
2026-04-03T04:36:33.327192+00:00,BTCUSD,viper,144388,M5,HOLD,HOLD,NONE,0,85.91064024327144,0,,,,,,,,,,,,,,,,22.0,22.0,66526.55,66567.06,66514.16,66566.78,,,,47.84688017616279,,,,,,,,,,,,,,66581.9301753908,,,,,,,SELL,,,,,9.72,pullback_structure_not_confirmed;momentum_volume_low
2026-04-03T04:36:43.829760+00:00,BTCUSD,viper,144388,M5,HOLD,HOLD,NONE,0,85.93635452898577,0,,,,,,,,,,,,,,,,22.0,22.0,66526.55,66567.42,66514.16,66566.96,,,,47.863232622981215,,,,,,,,,,,,,,66581.94731824793,,,,,,,SELL,,,,,9.72,pullback_structure_not_confirmed;momentum_volume_low
2026-04-03T04:36:54.374155+00:00,BTCUSD,viper,144388,M5,HOLD,HOLD,NONE,0,85.93635452898577,0,,,,,,,,,,,,,,,,22.0,22.0,66526.55,66567.42,66514.16,66566.94,,,,47.86141619085907,,,,,,,,,,,,,,66581.94541348603,,,,,,,SELL,,,,,9.72,pullback_structure_not_confirmed;momentum_volume_low
2026-04-03T04:37:04.888693+00:00,BTCUSD,viper,144388,M5,HOLD,HOLD,NONE,0,85.93635452898577,0,,,,,,,,,,,,,,,,22.0,22.0,66526.55,66567.42,66514.16,66564.88,,,,47.67364334220442,,,,,,,,,,,,,,66581.74922300984,,,,,,,SELL,,,,,9.72,pullback_structure_not_confirmed;momentum_volume_low
2026-04-03T04:37:15.405666+00:00,BTCUSD,viper,144388,M5,HOLD,HOLD,NONE,0,85.93635452898577,0,,,,,,,,,,,,,,,,22.0,22.0,66526.55,66567.42,66514.16,66560.4,,,,47.26057707379896,,,,,,,,,,,,,,66581.32255634316,,,,,,,SELL,,,,,9.72,pullback_structure_not_confirmed;momentum_volume_low
2026-04-03T04:37:25.939389+00:00,BTCUSD,viper,144388,M5,HOLD,HOLD,NONE,0,85.93635452898577,0,,,,,,,,,,,,,,,,22.0,22.0,66526.55,66567.42,66514.16,66556.5,,,,46.89564167437638,,,,,,,,,,,,,,66580.95112777174,,,,,,,SELL,,,,,9.72,pullback_structure_not_confirmed;momentum_volume_low
2026-04-03T04:37:36.670438+00:00,BTCUSD,viper,144388,M5,HOLD,HOLD,NONE,0,85.93635452898577,0,,,,,,,,,,,,,,,,22.0,22.0,66526.55,66567.42,66514.16,66546.66,,,,45.95203620892288,,,,,,,,,,,,,,66580.0139849146,,,,,,,SELL,,,,,9.72,pullback_weak_candle;momentum_volume_low
2026-04-03T04:37:37.486593+00:00,XAUUSD,viper,144388,M5,OUTSIDE_HOURS,OUTSIDE_HOURS,NONE,0,5.405325367263564,0,,,,,,,,,,,,,,,,0.34,0.34,4668.9,4673.32,4667.67,4670.82,,,,53.58433911787206,,,,,,,,,,,,,,,,,,,,,BOTH,,,,,21.52,pullback_weak_candle;momentum_volume_low
2026-04-03T04:37:47.742795+00:00,BTCUSD,viper,144388,M5,HOLD,HOLD,NONE,0,85.93635452898577,0,,,,,,,,,,,,,,,,22.0,22.0,66526.55,66567.42,66514.16,66552.49,,,,46.51510940004989,,,,,,,,,,,,,,66580.56922300984,,,,,,,SELL,,,,,9.72,pullback_structure_not_confirmed;momentum_volume_low
2026-04-03T04:37:58.207565+00:00,BTCUSD,viper,144388,M5,HOLD,HOLD,NONE,0,85.93635452898577,0,,,,,,,,,,,,,,,,22.0,22.0,66526.55,66567.42,66514.16,66553.02,,,,46.565716659242,,,,,,,,,,,,,,66580.61969920031,,,,,,,SELL,,,,,9.72,pullback_structure_not_confirmed;momentum_volume_low
2026-04-03T04:38:08.899596+00:00,BTCUSD,viper,144388,M5,HOLD,HOLD,NONE,0,85.93635452898577,0,,,,,,,,,,,,,,,,22.0,22.0,66526.55,66567.42,66514.16,66545.86,,,,45.87384420309921,,,,,,,,,,,,,,66579.9377944384,,,,,,,SELL,,,,,9.72,pullback_weak_candle;momentum_volume_low
2026-04-03T04:38:19.693862+00:00,BTCUSD,viper,144388,M5,HOLD,HOLD,NONE,0,85.93635452898577,0,,,,,,,,,,,,,,,,22.0,22.0,66526.55,66567.42,66514.16,66546.08,,,,45.895369549341716,,,,,,,,,,,,,,66579.95874681936,,,,,,,SELL,,,,,9.72,pullback_weak_candle;momentum_volume_low
2026-04-03T04:38:30.735536+00:00,BTCUSD,viper,144388,M5,HOLD,HOLD,NONE,0,85.93635452898577,0,,,,,,,,,,,,,,,,22.0,22.0,66526.55,66567.42,66514.16,66542.15,,,,45.50825136083218,,,,,,,,,,,,,,66579.58446110507,,,,,,,SELL,,,,,9.72,pullback_weak_candle;momentum_volume_low
2026-04-03T04:38:41.476303+00:00,BTCUSD,viper,144388,M5,HOLD,HOLD,NONE,0,85.93635452898577,0,,,,,,,,,,,,,,,,22.0,22.0,66526.55,66567.42,66514.16,66536.48,,,,44.93987389404745,,,,,,,,,,,,,,66579.04446110508,,,,,,,SELL,,,,,9.72,pullback_weak_candle;momentum_volume_low
2026-04-03T04:38:52.039274+00:00,BTCUSD,viper,144388,M5,HOLD,HOLD,NONE,0,85.93635452898577,0,,,,,,,,,,,,,,,,22.0,22.0,66526.55,66567.42,66514.16,66525.77,,,,43.84643565314185,,,,,,,,,,,,,,66578.02446110507,,,,,,,SELL,,,,,9.72,pullback_weak_candle;momentum_volume_low
2026-04-03T04:39:02.691668+00:00,BTCUSD,viper,144388,M5,HOLD,HOLD,NONE,0,85.93635452898577,0,,,,,,,,,,,,,,,,22.0,22.0,66526.55,66567.42,66514.16,66525.83,,,,43.85136252456796,,,,,,,,,,,,,,66578.03017539078,,,,,,,SELL,,,,,9.72,pullback_weak_candle;momentum_volume_low
2026-04-03T04:39:13.244229+00:00,BTCUSD,viper,144388,M5,HOLD,HOLD,NONE,0,85.93635452898577,0,,,,,,,,,,,,,,,,22.0,22.0,66526.55,66567.42,66514.16,66525.96,,,,43.86204121200039,,,,,,,,,,,,,,66578.04255634316,,,,,,,SELL,,,,,9.72,pullback_weak_candle;momentum_volume_low
2026-04-03T04:39:23.736803+00:00,BTCUSD,viper,144388,M5,HOLD,HOLD,NONE,0,86.04135452898585,0,,,,,,,,,,,,,,,,22.0,22.0,66526.55,66567.42,66512.69,66512.69,,,,42.798173595920545,,,,,,,,,,,,,,66576.77874681936,,,,,,,SELL,,,,,9.72,pullback_weak_candle;momentum_volume_low
2026-04-03T04:39:24.568006+00:00,XAUUSD,viper,144388,M5,OUTSIDE_HOURS,OUTSIDE_HOURS,NONE,0,5.405325367263564,0,,,,,,,,,,,,,,,,0.34,0.34,4668.9,4673.32,4667.67,4670.82,,,,53.58433911787206,,,,,,,,,,,,,,,,,,,,,BOTH,,,,,21.52,pullback_weak_candle;momentum_volume_low
2026-04-03T04:39:34.806834+00:00,BTCUSD,viper,144388,M5,HOLD,HOLD,NONE,0,86.30278310041467,0,,,,,,,,,,,,,,,,22.0,22.0,66526.55,66567.42,66509.03,66509.27,,,,42.53230146444848,,,,,,,,,,,,,,66576.45303253365,,,,,,,SELL,,,,,9.72,pullback_weak_candle;momentum_volume_low
2026-04-03T04:39:45.297942+00:00,BTCUSD,viper,144388,M5,HOLD,HOLD,NONE,0,86.30278310041467,0,,,,,,,,,,,,,,,,22.0,22.0,66526.55,66567.42,66509.03,66521.07,,,,43.463907405304596,,,,,,,,,,,,,,66577.57684205746,,,,,,,SELL,,,,,9.72,pullback_weak_candle;momentum_volume_low
2026-04-03T04:39:55.836098+00:00,BTCUSD,viper,144388,M5,HOLD,HOLD,NONE,0,86.30278310041467,0,,,,,,,,,,,,,,,,22.0,22.0,66526.55,66567.42,66509.03,66534.1,,,,44.69774711238832,,,,,,,,,,,,,,66578.81779443841,,,,,,,SELL,,,,,9.72,pullback_weak_candle;momentum_volume_low
2026-04-03T04:40:06.363191+00:00,BTCUSD,viper,144388,M5,HOLD,HOLD,NONE,0,81.60472261925996,0,,,,,,,,,,,,,,,,22.0,22.0,66538.5,66559.03,66538.5,66559.03,,,,47.278730657088715,,,,,,,,,,,,,,66577.3278910366,,,,,,,SELL,,,,,10.02,pullback_structure_not_confirmed;momentum_volume_low
2026-04-03T04:40:16.832279+00:00,BTCUSD,viper,144388,M5,HOLD,HOLD,NONE,0,81.84115119068836,0,,,,,,,,,,,,,,,,22.0,22.0,66538.5,66562.34,66538.5,66542.15,,,,45.53472230044062,,,,,,,,,,,,,,66575.72027198899,,,,,,,SELL,,,,,10.02,pullback_weak_candle;momentum_volume_low
2026-04-03T04:40:27.320246+00:00,BTCUSD,viper,144388,M5,HOLD,HOLD,NONE,0,81.84115119068836,0,,,,,,,,,,,,,,,,22.0,22.0,66538.5,66562.34,66538.5,66553.84,,,,46.75451920088729,,,,,,,,,,,,,,66576.83360532232,,,,,,,SELL,,,,,10.02,pullback_structure_not_confirmed;momentum_volume_low
2026-04-03T04:40:37.796297+00:00,BTCUSD,viper,144388,M5,HOLD,HOLD,NONE,0,81.84115119068836,0,,,,,,,,,,,,,,,,22.0,22.0,66538.5,66562.34,66538.5,66554.34,,,,46.80547460319273,,,,,,,,,,,,,,66576.88122436994,,,,,,,SELL,,,,,10.02,pullback_structure_not_confirmed;momentum_volume_low
2026-04-03T04:40:48.315207+00:00,BTCUSD,viper,144388,M5,HOLD,HOLD,NONE,0,81.84115119068836,0,,,,,,,,,,,,,,,,22.0,22.0,66538.5,66562.34,66538.5,66554.06,,,,46.776951599749644,,,,,,,,,,,,,,66576.85455770328,,,,,,,SELL,,,,,10.02,pullback_structure_not_confirmed;momentum_volume_low
2026-04-03T04:40:58.924850+00:00,BTCUSD,viper,144388,M5,HOLD,HOLD,NONE,0,81.84115119068836,0,,,,,,,,,,,,,,,,22.0,22.0,66538.5,66562.34,66538.5,66554.07,,,,46.77797080514456,,,,,,,,,,,,,,66576.85551008422,,,,,,,SELL,,,,,10.02,pullback_structure_not_confirmed;momentum_volume_low
2026-04-03T04:41:09.370662+00:00,BTCUSD,viper,144388,M5,HOLD,HOLD,NONE,0,81.84115119068836,0,,,,,,,,,,,,,,,,22.0,22.0,66538.5,66562.34,66538.5,66554.47,,,,46.81870703673916,,,,,,,,,,,,,,66576.89360532232,,,,,,,SELL,,,,,10.02,pullback_structure_not_confirmed;momentum_volume_low
2026-04-03T04:41:10.327680+00:00,XAUUSD,viper,144388,M5,OUTSIDE_HOURS,OUTSIDE_HOURS,NONE,0,5.405325367263564,0,,,,,,,,,,,,,,,,0.34,0.34,4668.9,4673.32,4667.67,4670.82,,,,53.58433911787206,,,,,,,,,,,,,,,,,,,,,BOTH,,,,,21.52,pullback_weak_candle;momentum_volume_low
2026-04-03T04:41:20.696391+00:00,BTCUSD,viper,144388,M5,HOLD,HOLD,NONE,0,81.84115119068836,0,,,,,,,,,,,,,,,,22.0,22.0,66538.5,66562.34,66538.5,66553.79,,,,46.749418290983684,,,,,,,,,,,,,,66576.82884341756,,,,,,,SELL,,,,,10.02,pullback_structure_not_confirmed;momentum_volume_low
2026-04-03T04:41:31.158713+00:00,BTCUSD,viper,144388,M5,HOLD,HOLD,NONE,0,81.84115119068836,0,,,,,,,,,,,,,,,,22.0,22.0,66538.5,66562.34,66538.5,66562.04,,,,47.57805087807291,,,,,,,,,,,,,,66577.61455770327,,,,,,,SELL,,,,,10.02,pullback_structure_not_confirmed;momentum_volume_low
2026-04-03T04:41:41.577929+00:00,BTCUSD,viper,144388,M5,HOLD,HOLD,NONE,0,81.84115119068836,0,,,,,,,,,,,,,,,,22.0,22.0,66538.5,66562.34,66538.5,66562.16,,,,47.58991347643037,,,,,,,,,,,,,,66577.6259862747,,,,,,,SELL,,,,,10.02,pullback_structure_not_confirmed;momentum_volume_low
2026-04-03T04:41:52.019653+00:00,BTCUSD,viper,144388,M5,HOLD,HOLD,NONE,0,81.84115119068836,0,,,,,,,,,,,,,,,,22.0,22.0,66538.5,66562.34,66538.5,66561.84,,,,47.5582679429623,,,,,,,,,,,,,,66577.59551008423,,,,,,,SELL,,,,,10.02,pullback_structure_not_confirmed;momentum_volume_low
2026-04-03T04:42:02.766371+00:00,BTCUSD,viper,144388,M5,HOLD,HOLD,NONE,0,81.84115119068836,0,,,,,,,,,,,,,,,,22.0,22.0,66538.5,66562.34,66538.5,66561.84,,,,47.5582679429623,,,,,,,,,,,,,,66577.59551008423,,,,,,,SELL,,,,,10.02,pullback_structure_not_confirmed;momentum_volume_low
2026-04-03T04:42:13.529901+00:00,BTCUSD,viper,144388,M5,HOLD,HOLD,NONE,0,81.84115119068836,0,,,,,,,,,,,,,,,,22.0,22.0,66538.5,66562.34,66538.5,66561.9,,,,47.564204391106756,,,,,,,,,,,,,,66577.60122436994,,,,,,,SELL,,,,,10.02,pullback_structure_not_confirmed;momentum_volume_low
2026-04-03T04:42:23.981359+00:00,BTCUSD,viper,144388,M5,HOLD,HOLD,NONE,0,81.84115119068836,0,,,,,,,,,,,,,,,,22.0,22.0,66538.5,66562.34,66538.5,66561.48,,,,47.522621007252575,,,,,,,,,,,,,,66577.56122436994,,,,,,,SELL,,,,,10.02,pullback_structure_not_confirmed;momentum_volume_low
2026-04-03T04:42:34.446671+00:00,BTCUSD,viper,144388,M5,HOLD,HOLD,NONE,0,81.84115119068836,0,,,,,,,,,,,,,,,,22.0,22.0,66538.5,66562.34,66538.5,66561.65,,,,47.53946031950898,,,,,,,,,,,,,,66577.57741484614,,,,,,,SELL,,,,,10.02,pullback_structure_not_confirmed;momentum_volume_low
2026-04-03T04:42:45.205314+00:00,BTCUSD,viper,144388,M5,HOLD,HOLD,NONE,0,81.84115119068836,0,,,,,,,,,,,,,,,,22.0,22.0,66538.5,66562.34,66538.5,66551.04,,,,46.467355181205306,,,,,,,,,,,,,,66576.56693865565,,,,,,,SELL,,,,,10.02,pullback_structure_not_confirmed;momentum_volume_low
2026-04-03T04:42:55.711406+00:00,BTCUSD,viper,144388,M5,HOLD,HOLD,NONE,0,82.0111511906887,0,,,,,,,,,,,,,,,,22.0,22.0,66538.5,66562.34,66536.12,66550.18,,,,46.378531986287626,,,,,,,,,,,,,,66576.48503389375,,,,,,,SELL,,,,,10.02,pullback_structure_not_confirmed;momentum_volume_low
2026-04-03T04:42:56.438099+00:00,XAUUSD,viper,144388,M5,OUTSIDE_HOURS,OUTSIDE_HOURS,NONE,0,5.405325367263564,0,,,,,,,,,,,,,,,,0.34,0.34,4668.9,4673.32,4667.67,4670.82,,,,53.58433911787206,,,,,,,,,,,,,,,,,,,,,BOTH,,,,,21.52,pullback_weak_candle;momentum_volume_low
2026-04-03T04:43:06.678869+00:00,BTCUSD,viper,144388,M5,HOLD,HOLD,NONE,0,82.0111511906887,0,,,,,,,,,,,,,,,,22.0,22.0,66538.5,66562.34,66536.12,66556.78,,,,47.0527442221681,,,,,,,,,,,,,,66577.11360532232,,,,,,,SELL,,,,,10.02,pullback_structure_not_confirmed;momentum_volume_low
2026-04-03T04:43:17.357510+00:00,BTCUSD,viper,144388,M5,HOLD,HOLD,NONE,0,82.0111511906887,0,,,,,,,,,,,,,,,,22.0,22.0,66538.5,66562.34,66536.12,66544.99,,,,45.83617413728108,,,,,,,,,,,,,,66575.99074817947,,,,,,,SELL,,,,,10.02,pullback_weak_candle;momentum_volume_low
2026-04-03T04:43:27.863837+00:00,BTCUSD,viper,144388,M5,HOLD,HOLD,NONE,0,82.0111511906887,0,,,,,,,,,,,,,,,,22.0,22.0,66538.5,66562.34,66536.12,66551.29,,,,46.49312069875011,,,,,,,,,,,,,,66576.59074817946,,,,,,,SELL,,,,,10.02,pullback_structure_not_confirmed;momentum_volume_low
2026-04-03T04:43:38.389961+00:00,BTCUSD,viper,144388,M5,HOLD,HOLD,NONE,0,82.0111511906887,0,,,,,,,,,,,,,,,,22.0,22.0,66538.5,66562.34,66536.12,66556.84,,,,47.05879566676915,,,,,,,,,,,,,,66577.11931960803,,,,,,,SELL,,,,,10.02,pullback_structure_not_confirmed;momentum_volume_low
2026-04-03T04:43:48.962058+00:00,BTCUSD,viper,144388,M5,HOLD,HOLD,NONE,0,82.0111511906887,0,,,,,,,,,,,,,,,,22.0,22.0,66538.5,66562.34,66536.12,66558.01,,,,47.17652297168147,,,,,,,,,,,,,,66577.23074817946,,,,,,,SELL,,,,,10.02,pullback_structure_not_confirmed;momentum_volume_low
2026-04-03T04:43:59.441958+00:00,BTCUSD,viper,144388,M5,HOLD,HOLD,NONE,0,82.0111511906887,0,,,,,,,,,,,,,,,,22.0,22.0,66538.5,66562.34,66536.12,66558.72,,,,47.24770939856245,,,,,,,,,,,,,,66577.29836722708,,,,,,,SELL,,,,,10.02,pullback_structure_not_confirmed;momentum_volume_low
2026-04-03T04:44:09.901749+00:00,BTCUSD,viper,144388,M5,HOLD,HOLD,NONE,0,82.17543690497462,0,,,,,,,,,,,,,,,,22.0,22.0,66538.5,66564.64,66536.12,66564.36,,,,47.80644690827348,,,,,,,,,,,,,,66577.83551008423,,,,,,,SELL,,,,,10.02,pullback_structure_not_confirmed;momentum_volume_low
2026-04-03T04:44:20.415521+00:00,BTCUSD,viper,144388,M5,HOLD,HOLD,NONE,0,82.1882940478323,0,,,,,,,,,,,,,,,,22.0,22.0,66538.5,66564.82,66536.12,66564.82,,,,47.85149610864206,,,,,,,,,,,,,,66577.87931960804,,,,,,,SELL,,,,,10.02,pullback_structure_not_confirmed;momentum_volume_low
2026-04-03T04:44:30.947213+00:00,BTCUSD,viper,144388,M5,HOLD,HOLD,NONE,0,82.36686547640373,0,,,,,,,,,,,,,,,,22.0,22.0,66538.5,66567.32,66536.12,66567.02,,,,48.0658778863575,,,,,,,,,,,,,,66578.08884341756,,,,,,,SELL,,,,,10.02,pullback_structure_not_confirmed;momentum_volume_low
2026-04-03T04:44:41.532908+00:00,BTCUSD,viper,144388,M5,HOLD,HOLD,NONE,0,82.36757976211764,0,,,,,,,,,,,,,,,,22.0,22.0,66538.5,66567.33,66536.12,66566.97,,,,48.06102514984068,,,,,,,,,,,,,,66578.0840815128,,,,,,,SELL,,,,,10.02,pullback_structure_not_confirmed;momentum_volume_low
2026-04-03T04:44:42.300831+00:00,XAUUSD,viper,144388,M5,OUTSIDE_HOURS,OUTSIDE_HOURS,NONE,0,5.405325367263564,0,,,,,,,,,,,,,,,,0.34,0.34,4668.9,4673.32,4667.67,4670.82,,,,53.58433911787206,,,,,,,,,,,,,,,,,,,,,BOTH,,,,,21.52,pullback_weak_candle;momentum_volume_low
2026-04-03T04:44:52.535698+00:00,BTCUSD,viper,144388,M5,HOLD,HOLD,NONE,0,82.3725797621171,0,,,,,,,,,,,,,,,,22.0,22.0,66538.5,66567.4,66536.12,66567.28,,,,48.091097505774705,,,,,,,,,,,,,,66578.11360532232,,,,,,,SELL,,,,,10.02,pullback_structure_not_confirmed;momentum_volume_low
2026-04-03T04:45:03.021793+00:00,BTCUSD,viper,144388,M5,HOLD,HOLD,NONE,0,76.53657733984397,0,,,,,,,,,,,,,,,,22.0,22.0,66566.92,66567.41,66566.76,66567.1,,,,48.07453068195105,,,,,,,,,,,,,,66577.03884025336,,,,,,,SELL,,,,,10.3,pullback_weak_candle;momentum_volume_low
2026-04-03T04:45:13.623597+00:00,BTCUSD,viper,144388,M5,HOLD,HOLD,NONE,0,76.54943448270062,0,,,,,,,,,,,,,,,,22.0,22.0,66566.92,66567.41,66566.58,66566.68,,,,48.03299032636455,,,,,,,,,,,,,,66576.99884025335,,,,,,,SELL,,,,,10.3,pullback_weak_candle;momentum_volume_low
2026-04-03T04:45:24.101274+00:00,BTCUSD,viper,144388,M5,HOLD,HOLD,NONE,0,77.12729162555752,0,,,,,,,,,,,,,,,,22.0,22.0,66566.92,66575.5,66566.58,66575.5,,,,48.937542189326685,,,,,,,,,,,,,,66577.83884025336,,,,,,,SELL,,,,,10.15,pullback_structure_not_confirmed;momentum_volume_low
2026-04-03T04:45:34.640085+00:00,BTCUSD,viper,144388,M5,HOLD,HOLD,NONE,0,77.12729162555752,0,,,,,,,,,,,,,,,,22.0,22.0,66566.92,66575.5,66566.58,66574.6,,,,48.846451256933115,,,,,,,,,,,,,,66577.75312596763,,,,,,,SELL,,,,,10.15,pullback_structure_not_confirmed;momentum_volume_low
2026-04-03T04:45:45.113099+00:00,BTCUSD,viper,144388,M5,HOLD,HOLD,NONE,0,77.12729162555752,0,,,,,,,,,,,,,,,,22.0,22.0,66566.92,66575.5,66566.58,66575.04,,,,48.89102517076704,,,,,,,,,,,,,,66577.79503072954,,,,,,,SELL,,,,,10.15,pullback_structure_not_confirmed;momentum_volume_low
2026-04-03T04:45:55.680811+00:00,BTCUSD,viper,144388,M5,HOLD,HOLD,NONE,0,77.12729162555752,0,,,,,,,,,,,,,,,,22.0,22.0,66566.92,66575.5,66566.58,66574.98,,,,48.88495148453455,,,,,,,,,,,,,,66577.78931644383,,,,,,,SELL,,,,,10.15,pullback_structure_not_confirmed;momentum_volume_low
2026-04-03T04:46:06.250121+00:00,BTCUSD,viper,144388,M5,HOLD,HOLD,NONE,0,77.12729162555752,0,,,,,,,,,,,,,,,,22.0,22.0,66566.92,66575.5,66566.58,66575.02,,,,48.88900076907437,,,,,,,,,,,,,,66577.79312596764,,,,,,,SELL,,,,,10.15,pullback_structure_not_confirmed;momentum_volume_low
2026-04-03T04:46:16.903371+00:00,BTCUSD,viper,144388,M5,HOLD,HOLD,NONE,0,77.53729162555788,0,,,,,,,,,,,,,,,,22.0,22.0,66566.92,66581.24,66566.58,66581.12,,,,49.49909722674014,,,,,,,,,,,,,,66578.37407834858,,,,,,,SELL,,,,,10.05,pullback_structure_not_confirmed;momentum_volume_low
2026-04-03T04:46:27.653638+00:00,BTCUSD,viper,144388,M5,HOLD,HOLD,NONE,0,77.87800591127143,0,,,,,,,,,,,,,,,,22.0,22.0,66566.92,66586.01,66566.58,66585.74,,,,49.95156409329628,,,,,,,,,,,,,,66578.81407834859,,,,,,,SELL,,,,,9.97,pullback_structure_not_confirmed;momentum_volume_low
2026-04-03T04:46:28.624816+00:00,XAUUSD,viper,144388,M5,OUTSIDE_HOURS,OUTSIDE_HOURS,NONE,0,5.405325367263564,0,,,,,,,,,,,,,,,,0.34,0.34,4668.9,4673.32,4667.67,4670.82,,,,53.58433911787206,,,,,,,,,,,,,,,,,,,,,BOTH,,,,,21.52,pullback_weak_candle;momentum_volume_low
2026-04-03T04:46:38.969763+00:00,BTCUSD,viper,144388,M5,HOLD,HOLD,NONE,0,79.22014876841487,0,,,,,,,,,,,,,,,,22.0,22.0,66566.92,66604.8,66566.58,66604.45,,,,51.70395511181648,,,,,,,,,,,,,,66580.5959831105,,,,,,,SELL,,,,,9.66,pullback_structure_not_confirmed;momentum_volume_low
2026-04-03T04:46:49.605495+00:00,BTCUSD,viper,144388,M5,HOLD,HOLD,NONE,0,80.65943448270016,0,,,,,,,,,,,,,,,,22.0,22.0,66566.92,66624.95,66566.58,66624.38,,,,53.440485791663285,,,,,,,,,,,,,,66582.4940783486,,,,,,,SELL,,,,,9.35,pullback_structure_not_confirmed;momentum_volume_low
2026-04-03T04:47:00.532178+00:00,BTCUSD,viper,144388,M5,HOLD,HOLD,NONE,0,81.42586305412844,0,,,,,,,,,,,,,,,,22.0,22.0,66566.92,66635.68,66566.58,66635.28,,,,54.33841292592092,,,,,,,,,,,,,,66583.53217358669,,,,,,,SELL,,,,,9.41,pullback_structure_not_confirmed;momentum_volume_low
2026-04-03T04:47:11.349754+00:00,BTCUSD,viper,144388,M5,HOLD,HOLD,NONE,0,83.67943448270009,0,,,,,,,,,,,,,,,,22.0,22.0,66566.92,66667.23,66566.58,66662.4,,,,56.429115338744154,,,,,,,,,,,,,,66586.11503072955,,,,,,,SELL,,,,,9.82,pullback_structure_not_confirmed;momentum_volume_low
2026-04-03T04:47:22.104524+00:00,BTCUSD,viper,144388,M5,HOLD,HOLD,NONE,0,83.67943448270009,0,,,,,,,,,,,,,,,,22.0,22.0,66566.92,66667.23,66566.58,66643.66,,,,55.00554098986332,,,,,,,,,,,,,,66584.33026882478,,,,,,,SELL,,,,,9.82,pullback_structure_not_confirmed;momentum_volume_low
2026-04-03T04:47:32.630535+00:00,BTCUSD,viper,144388,M5,HOLD,HOLD,NONE,0,83.67943448270009,0,,,,,,,,,,,,,,,,22.0,22.0,66566.92,66667.23,66566.58,66631.08,,,,53.99655488130178,,,,,,,,,,,,,,66583.13217358668,,,,,,,SELL,,,,,9.82,pullback_structure_not_confirmed;momentum_volume_low
2026-04-03T04:47:43.093772+00:00,BTCUSD,viper,144388,M5,HOLD,HOLD,NONE,0,83.67943448270009,0,,,,,,,,,,,,,,,,22.0,22.0,66566.92,66667.23,66566.58,66610.14,,,,52.212805978058974,,,,,,,,,,,,,,66581.1378878724,,,,,,,SELL,,,,,9.82,pullback_structure_not_confirmed;momentum_volume_low
2026-04-03T04:47:53.582854+00:00,BTCUSD,viper,144388,M5,HOLD,HOLD,NONE,0,83.67943448270009,0,,,,,,,,,,,,,,,,22.0,22.0,66566.92,66667.23,66566.58,66626.31,,,,53.60204056162526,,,,,,,,,,,,,,66582.6778878724,,,,,,,SELL,,,,,9.82,pullback_structure_not_confirmed;momentum_volume_low
2026-04-03T04:48:04.052654+00:00,BTCUSD,viper,144388,M5,HOLD,HOLD,NONE,0,83.67943448270009,0,,,,,,,,,,,,,,,,22.0,22.0,66566.92,66667.23,66566.58,66638.9,,,,54.62901116110011,,,,,,,,,,,,,,66583.87693549145,,,,,,,SELL,,,,,9.82,pullback_structure_not_confirmed;momentum_volume_low
2026-04-03T04:48:14.948601+00:00,BTCUSD,viper,144388,M5,HOLD,HOLD,NONE,0,83.67943448270009,0,,,,,,,,,,,,,,,,22.0,22.0,66566.92,66667.23,66566.58,66645.58,,,,55.15565564641334,,,,,,,,,,,,,,66584.51312596764,,,,,,,SELL,,,,,9.82,pullback_structure_not_confirmed;momentum_volume_low
2026-04-03T04:48:15.841814+00:00,XAUUSD,viper,144388,M5,OUTSIDE_HOURS,OUTSIDE_HOURS,NONE,0,5.405325367263564,0,,,,,,,,,,,,,,,,0.34,0.34,4668.9,4673.32,4667.67,4670.82,,,,53.58433911787206,,,,,,,,,,,,,,,,,,,,,BOTH,,,,,21.52,pullback_weak_candle;momentum_volume_low
2026-04-03T04:48:26.069948+00:00,BTCUSD,viper,144388,M5,HOLD,HOLD,NONE,0,83.67943448270009,0,,,,,,,,,,,,,,,,22.0,22.0,66566.92,66667.23,66566.58,66639.16,,,,54.64974055115863,,,,,,,,,,,,,,66583.90169739621,,,,,,,SELL,,,,,9.82,pullback_structure_not_confirmed;momentum_volume_low
2026-04-03T04:48:36.522122+00:00,BTCUSD,viper,144388,M5,HOLD,HOLD,NONE,0,83.67943448270009,0,,,,,,,,,,,,,,,,22.0,22.0,66566.92,66667.23,66566.58,66640.63,,,,54.766585954919584,,,,,,,,,,,,,,66584.04169739621,,,,,,,SELL,,,,,9.82,pullback_structure_not_confirmed;momentum_volume_low
2026-04-03T04:48:47.084391+00:00,BTCUSD,viper,144388,M5,HOLD,HOLD,NONE,0,83.67943448270009,0,,,,,,,,,,,,,,,,22.0,22.0,66566.92,66667.23,66566.58,66628.38,,,,53.77407286796657,,,,,,,,,,,,,,66582.87503072954,,,,,,,SELL,,,,,9.82,pullback_structure_not_confirmed;momentum_volume_low
2026-04-03T04:48:57.776909+00:00,BTCUSD,viper,144388,M5,HOLD,HOLD,NONE,0,83.67943448270009,0,,,,,,,,,,,,,,,,22.0,22.0,66566.92,66667.23,66566.58,66631.46,,,,54.027695367142236,,,,,,,,,,,,,,66583.16836406288,,,,,,,SELL,,,,,9.82,pullback_structure_not_confirmed;momentum_volume_low
2026-04-03T04:49:08.291786+00:00,BTCUSD,viper,144388,M5,HOLD,HOLD,NONE,0,83.67943448270009,0,,,,,,,,,,,,,,,,22.0,22.0,66566.92,66667.23,66566.58,66638.74,,,,54.61624519148315,,,,,,,,,,,,,,66583.8616973962,,,,,,,SELL,,,,,9.82,pullback_structure_not_confirmed;momentum_volume_low
2026-04-03T04:49:18.733042+00:00,BTCUSD,viper,144388,M5,HOLD,HOLD,NONE,0,83.67943448270009,0,,,,,,,,,,,,,,,,22.0,22.0,66566.92,66667.23,66566.58,66625.16,,,,53.50591262869169,,,,,,,,,,,,,,66582.56836406287,,,,,,,SELL,,,,,9.82,pullback_structure_not_confirmed;momentum_volume_low
2026-04-03T04:49:29.353663+00:00,BTCUSD,viper,144388,M5,HOLD,HOLD,NONE,0,83.67943448270009,0,,,,,,,,,,,,,,,,22.0,22.0,66566.92,66667.23,66566.58,66633.32,,,,54.17951364813723,,,,,,,,,,,,,,66583.34550692001,,,,,,,SELL,,,,,9.82,pullback_structure_not_confirmed;momentum_volume_low
2026-04-03T04:49:39.872497+00:00,BTCUSD,viper,144388,M5,HOLD,HOLD,NONE,0,83.67943448270009,0,,,,,,,,,,,,,,,,22.0,22.0,66566.92,66667.23,66566.58,66632.06,,,,54.076778810743065,,,,,,,,,,,,,,66583.22550692002,,,,,,,SELL,,,,,9.82,pullback_structure_not_confirmed;momentum_volume_low
2026-04-03T04:49:50.363189+00:00,BTCUSD,viper,144388,M5,HOLD,HOLD,NONE,0,83.67943448270009,0,,,,,,,,,,,,,,,,22.0,22.0,66566.92,66667.23,66566.58,66632.32,,,,54.09801576861715,,,,,,,,,,,,,,66583.25026882478,,,,,,,SELL,,,,,9.82,pullback_structure_not_confirmed;momentum_volume_low
2026-04-03T04:50:00.810343+00:00,BTCUSD,viper,144388,M5,HOLD,HOLD,NONE,0,77.74161650004638,0,,,,,,,,,,,,,,,,22.0,22.0,66626.39,66626.91,66626.39,66626.91,,,,53.651433275219716,,,,,,,,,,,,,,66586.9447554467,,,,,,,SELL,,,,,9.63,pullback_structure_not_confirmed;momentum_volume_low
2026-04-03T04:50:01.678327+00:00,XAUUSD,viper,144388,M5,OUTSIDE_HOURS,OUTSIDE_HOURS,NONE,0,5.405325367263564,0,,,,,,,,,,,,,,,,0.34,0.34,4668.9,4673.32,4667.67,4670.82,,,,53.58433911787206,,,,,,,,,,,,,,,,,,,,,BOTH,,,,,21.52,pullback_weak_candle;momentum_volume_low
2026-04-03T04:50:11.916217+00:00,BTCUSD,viper,144388,M5,HOLD,HOLD,NONE,0,78.7951879286178,0,,,,,,,,,,,,,,,,22.0,22.0,66626.39,66626.91,66611.64,66611.86,,,,52.134102193445294,,,,,,,,,,,,,,66585.51142211337,,,,,,,SELL,,,,,9.63,pullback_structure_not_confirmed;momentum_volume_low
2026-04-03T04:50:22.484259+00:00,BTCUSD,viper,144388,M5,HOLD,HOLD,NONE,0,79.0780450714754,0,,,,,,,,,,,,,,,,22.0,22.0,66626.39,66626.91,66607.68,66614.0,,,,52.344600296797545,,,,,,,,,,,,,,66585.71523163718,,,,,,,SELL,,,,,9.63,pullback_structure_not_confirmed;momentum_volume_low
2026-04-03T04:50:33.044835+00:00,BTCUSD,viper,144388,M5,HOLD,HOLD,NONE,0,79.37018792861801,0,,,,,,,,,,,,,,,,22.0,22.0,66626.39,66626.91,66603.59,66603.59,,,,51.336304750842324,,,,,,,,,,,,,,66584.72380306575,,,,,,,SELL,,,,,9.63,pullback_structure_not_confirmed;momentum_volume_low
2026-04-03T04:50:43.485501+00:00,BTCUSD,viper,144388,M5,HOLD,HOLD,NONE,0,79.51090221433238,0,,,,,,,,,,,,,,,,22.0,22.0,66626.39,66626.91,66601.62,66607.88,,,,51.74708391293068,,,,,,,,,,,,,,66585.13237449432,,,,,,,SELL,,,,,9.63,pullback_structure_not_confirmed;momentum_volume_low
2026-04-03T04:50:54.045452+00:00,BTCUSD,viper,144388,M5,HOLD,HOLD,NONE,0,79.71233078576041,0,,,,,,,,,,,,,,,,22.0,22.0,66626.39,66626.91,66598.8,66599.18,,,,50.92077812984634,,,,,,,,,,,,,,66584.30380306575,,,,,,,SELL,,,,,9.63,pullback_structure_not_confirmed;momentum_volume_low
2026-04-03T04:51:04.615288+00:00,BTCUSD,viper,144388,M5,HOLD,HOLD,NONE,0,80.10661650004641,0,,,,,,,,,,,,,,,,22.0,22.0,66626.39,66626.91,66593.28,66602.73,,,,51.254740899387706,,,,,,,,,,,,,,66584.64189830385,,,,,,,SELL,,,,,9.63,pullback_structure_not_confirmed;momentum_volume_low
2026-04-03T04:51:15.085612+00:00,BTCUSD,viper,144388,M5,HOLD,HOLD,NONE,0,80.10661650004641,0,,,,,,,,,,,,,,,,22.0,22.0,66626.39,66626.91,66593.28,66600.1,,,,51.00690773997551,,,,,,,,,,,,,,66584.39142211336,,,,,,,SELL,,,,,9.63,pullback_structure_not_confirmed;momentum_volume_low
2026-04-03T04:51:26.038052+00:00,BTCUSD,viper,144388,M5,HOLD,HOLD,NONE,0,80.10661650004641,0,,,,,,,,,,,,,,,,22.0,22.0,66626.39,66626.91,66593.28,66598.8,,,,50.88528768121511,,,,,,,,,,,,,,66584.26761258955,,,,,,,SELL,,,,,9.63,pullback_structure_not_confirmed;momentum_volume_low
2026-04-03T04:51:36.650085+00:00,BTCUSD,viper,144388,M5,HOLD,HOLD,NONE,0,80.10661650004641,0,,,,,,,,,,,,,,,,22.0,22.0,66626.39,66626.91,66593.28,66603.28,,,,51.306873922917056,,,,,,,,,,,,,,66584.69427925622,,,,,,,SELL,,,,,9.63,pullback_structure_not_confirmed;momentum_volume_low
2026-04-03T04:51:47.133517+00:00,BTCUSD,viper,144388,M5,HOLD,HOLD,NONE,0,80.18304507147445,0,,,,,,,,,,,,,,,,22.0,22.0,66626.39,66626.91,66592.21,66592.21,,,,50.27758288175222,,,,,,,,,,,,,,66583.63999354193,,,,,,,SELL,,,,,9.63,pullback_structure_not_confirmed;momentum_volume_low
2026-04-03T04:51:47.860340+00:00,XAUUSD,viper,144388,M5,OUTSIDE_HOURS,OUTSIDE_HOURS,NONE,0,5.405325367263564,0,,,,,,,,,,,,,,,,0.34,0.34,4668.9,4673.32,4667.67,4670.82,,,,53.58433911787206,,,,,,,,,,,,,,,,,,,,,BOTH,,,,,21.52,pullback_weak_candle;momentum_volume_low
2026-04-03T04:51:58.095168+00:00,BTCUSD,viper,144388,M5,HOLD,HOLD,NONE,0,80.38947364290297,0,,,,,,,,,,,,,,,,22.0,22.0,66626.39,66626.91,66589.32,66589.62,,,,50.04269776676106,,,,,,,,,,,,,,66583.39332687527,,,,,,,SELL,,,,,9.63,pullback_structure_not_confirmed;momentum_volume_low
2026-04-03T04:52:08.607059+00:00,BTCUSD,viper,144388,M5,HOLD,HOLD,NONE,0,80.82447364290377,0,,,,,,,,,,,,,,,,22.0,22.0,66626.39,66626.91,66583.23,66583.23,,,,49.472473333375994,,,,,,,,,,,,,,66582.7847554467,,,,,,,SELL,,,,,9.63,pullback_structure_not_confirmed;momentum_volume_low
2026-04-03T04:52:19.098442+00:00,BTCUSD,viper,144388,M5,HOLD,HOLD,NONE,0,81.01375935718906,0,,,,,,,,,,,,,,,,22.0,22.0,66626.39,66626.91,66580.58,66595.5,,,,50.5791489215503,,,,,,,,,,,,,,66583.95332687527,,,,,,,SELL,,,,,9.63,pullback_structure_not_confirmed;momentum_volume_low
2026-04-03T04:52:29.595327+00:00,BTCUSD,viper,144388,M5,HOLD,HOLD,NONE,0,81.59661650004645,0,,,,,,,,,,,,,,,,22.0,22.0,66626.39,66626.91,66572.42,66572.54,,,,48.54704089460469,,,,,,,,,,,,,,66581.76666020861,,,,,,,SELL,,,,,9.63,pullback_structure_not_confirmed;momentum_volume_low
2026-04-03T04:52:40.070692+00:00,BTCUSD,viper,144388,M5,HOLD,HOLD,NONE,0,82.16304507147453,0,,,,,,,,,,,,,,,,22.0,22.0,66626.39,66626.91,66564.49,66564.49,,,,47.872688217497874,,,,,,,,,,,,,,66580.99999354193,,,,,,,SELL,,,,,9.6,pullback_structure_not_confirmed;momentum_volume_low
2026-04-03T04:52:50.520152+00:00,BTCUSD,viper,144388,M5,HOLD,HOLD,NONE,0,82.8180450714744,0,,,,,,,,,,,,,,,,22.0,22.0,66626.39,66626.91,66555.32,66567.18,,,,48.095937006790535,,,,,,,,,,,,,,66581.25618401813,,,,,,,SELL,,,,,9.46,pullback_structure_not_confirmed;momentum_volume_low
2026-04-03T04:53:01.157903+00:00,BTCUSD,viper,144388,M5,HOLD,HOLD,NONE,0,82.8180450714744,0,,,,,,,,,,,,,,,,22.0,22.0,66626.39,66626.91,66555.32,66558.98,,,,47.421811118137924,,,,,,,,,,,,,,66580.47523163717,,,,,,,SELL,,,,,9.46,pullback_structure_not_confirmed;momentum_volume_low
2026-04-03T04:53:11.733835+00:00,BTCUSD,viper,144388,M5,HOLD,HOLD,NONE,0,82.8180450714744,0,,,,,,,,,,,,,,,,22.0,22.0,66626.39,66626.91,66555.32,66556.14,,,,47.19271797340286,,,,,,,,,,,,,,66580.2047554467,,,,,,,SELL,,,,,9.46,pullback_structure_not_confirmed;momentum_volume_low
2026-04-03T04:53:22.309887+00:00,BTCUSD,viper,144388,M5,HOLD,HOLD,NONE,0,83.24304507147524,0,,,,,,,,,,,,,,,,22.0,22.0,66626.39,66626.91,66549.37,66549.48,,,,46.66406291091599,,,,,,,,,,,,,,66579.57046973241,,,,,,,SELL,,,,,9.38,pullback_structure_not_confirmed;momentum_volume_low
2026-04-03T04:53:32.745860+00:00,BTCUSD,viper,144388,M5,HOLD,HOLD,NONE,0,83.25804507147465,0,,,,,,,,,,,,,,,,22.0,22.0,66626.39,66626.91,66549.16,66567.4,,,,48.114287416112774,,,,,,,,,,,,,,66581.27713639908,,,,,,,SELL,,,,,9.37,pullback_structure_not_confirmed;momentum_volume_low
2026-04-03T04:53:33.621212+00:00,XAUUSD,viper,144388,M5,OUTSIDE_HOURS,OUTSIDE_HOURS,NONE,0,5.405325367263564,0,,,,,,,,,,,,,,,,0.34,0.34,4668.9,4673.32,4667.67,4670.82,,,,53.58433911787206,,,,,,,,,,,,,,,,,,,,,BOTH,,,,,21.52,pullback_weak_candle;momentum_volume_low
2026-04-03T04:53:43.858291+00:00,BTCUSD,viper,144388,M5,HOLD,HOLD,NONE,0,83.25804507147465,0,,,,,,,,,,,,,,,,22.0,22.0,66626.39,66626.91,66549.16,66590.12,,,,50.08787128543995,,,,,,,,,,,,,,66583.44094592289,,,,,,,SELL,,,,,9.37,pullback_structure_not_confirmed;momentum_volume_low
2026-04-03T04:53:54.429889+00:00,BTCUSD,viper,144388,M5,HOLD,HOLD,NONE,0,83.25804507147465,0,,,,,,,,,,,,,,,,22.0,22.0,66626.39,66626.91,66549.16,66590.08,,,,50.084254402893826,,,,,,,,,,,,,,66583.43713639908,,,,,,,SELL,,,,,9.37,pullback_structure_not_confirmed;momentum_volume_low
2026-04-03T04:54:04.914556+00:00,BTCUSD,viper,144388,M5,HOLD,HOLD,NONE,0,83.25804507147465,0,,,,,,,,,,,,,,,,22.0,22.0,66626.39,66626.91,66549.16,66590.02,,,,50.07883005838459,,,,,,,,,,,,,,66583.43142211337,,,,,,,SELL,,,,,9.37,pullback_structure_not_confirmed;momentum_volume_low
2026-04-03T04:54:15.632485+00:00,BTCUSD,viper,144388,M5,HOLD,HOLD,NONE,0,83.25804507147465,0,,,,,,,,,,,,,,,,22.0,22.0,66626.39,66626.91,66549.16,66589.97,,,,50.07431066875149,,,,,,,,,,,,,,66583.4266602086,,,,,,,SELL,,,,,9.37,pullback_structure_not_confirmed;momentum_volume_low
2026-04-03T04:54:26.466082+00:00,BTCUSD,viper,144388,M5,HOLD,HOLD,NONE,0,83.25804507147465,0,,,,,,,,,,,,,,,,22.0,22.0,66626.39,66626.91,66549.16,66589.62,,,,50.04269776676106,,,,,,,,,,,,,,66583.39332687527,,,,,,,SELL,,,,,9.37,pullback_structure_not_confirmed;momentum_volume_low
2026-04-03T04:54:37.095131+00:00,BTCUSD,viper,144388,M5,HOLD,HOLD,NONE,0,83.25804507147465,0,,,,,,,,,,,,,,,,22.0,22.0,66626.39,66626.91,66549.16,66590.19,,,,50.094202087065085,,,,,,,,,,,,,,66583.44761258956,,,,,,,SELL,,,,,9.37,pullback_structure_not_confirmed;momentum_volume_low
2026-04-03T04:54:47.603914+00:00,BTCUSD,viper,144388,M5,HOLD,HOLD,NONE,0,83.25804507147465,0,,,,,,,,,,,,,,,,22.0,22.0,66626.39,66626.91,66549.16,66603.08,,,,51.287904193790915,,,,,,,,,,,,,,66584.67523163717,,,,,,,SELL,,,,,9.37,pullback_weak_candle;momentum_volume_low
2026-04-03T04:54:58.097401+00:00,BTCUSD,viper,144388,M5,HOLD,HOLD,NONE,0,83.25804507147465,0,,,,,,,,,,,,,,,,22.0,22.0,66626.39,66626.91,66549.16,66609.36,,,,51.89032731717109,,,,,,,,,,,,,,66585.27332687526,,,,,,,SELL,,,,,9.37,pullback_weak_candle;momentum_volume_low
2026-04-03T04:55:08.530310+00:00,BTCUSD,viper,144388,M5,HOLD,HOLD,NONE,0,78.04675026182545,0,,,,,,,,,,,,,,,,22.0,22.0,66609.07,66619.32,66609.02,66619.2,,,,52.82588521276043,,,,,,,,,,,,,,66588.51736392126,,,,,,,SELL,,,,,8.96,pullback_h1_trend_filtered
2026-04-03T04:55:19.143376+00:00,BTCUSD,viper,144388,M5,HOLD,HOLD,NONE,0,78.05389311896768,0,,,,,,,,,,,,,,,,22.0,22.0,66609.07,66619.42,66609.02,66618.78,,,,52.786697489831134,,,,,,,,,,,,,,66588.47736392125,,,,,,,SELL,,,,,8.96,pullback_h1_trend_filtered
2026-04-03T04:55:19.850877+00:00,XAUUSD,viper,144388,M5,OUTSIDE_HOURS,OUTSIDE_HOURS,NONE,0,5.405325367263564,0,,,,,,,,,,,,,,,,0.34,0.34,4668.9,4673.32,4667.67,4670.82,,,,53.58433911787206,,,,,,,,,,,,,,,,,,,,,BOTH,,,,,21.52,pullback_weak_candle;momentum_volume_low
2026-04-03T04:55:30.092538+00:00,BTCUSD,viper,144388,M5,HOLD,HOLD,NONE,0,78.05603597611046,0,,,,,,,,,,,,,,,,22.0,22.0,66609.07,66619.45,66609.02,66618.8,,,,52.78856504816186,,,,,,,,,,,,,,66588.47926868316,,,,,,,SELL,,,,,8.96,pullback_h1_trend_filtered
2026-04-03T04:55:41.037789+00:00,BTCUSD,viper,144388,M5,HOLD,HOLD,NONE,0,78.77675026182449,0,,,,,,,,,,,,,,,,22.0,22.0,66609.07,66629.54,66609.02,66629.54,,,,53.77054551666093,,,,,,,,,,,,,,66589.50212582601,,,,,,,SELL,,,,,9.0,pullback_h1_trend_filtered
2026-04-03T04:55:51.651478+00:00,BTCUSD,viper,144388,M5,HOLD,HOLD,NONE,0,79.28246454753891,0,,,,,,,,,,,,,,,,22.0,22.0,66609.07,66636.62,66609.02,66636.06,,,,54.347004278323126,,,,,,,,,,,,,,66590.12307820696,,,,,,,SELL,,,,,9.1,pullback_h1_trend_filtered
2026-04-03T04:56:02.439755+00:00,BTCUSD,viper,144388,M5,HOLD,HOLD,NONE,0,79.28246454753891,0,,,,,,,,,,,,,,,,22.0,22.0,66609.07,66636.62,66609.02,66636.5,,,,54.38538901202245,,,,,,,,,,,,,,66590.16498296887,,,,,,,SELL,,,,,9.1,pullback_h1_trend_filtered
2026-04-03T04:56:13.172835+00:00,BTCUSD,viper,144388,M5,HOLD,HOLD,NONE,0,79.28246454753891,0,,,,,,,,,,,,,,,,22.0,22.0,66609.07,66636.62,66609.02,66636.06,,,,54.347004278323126,,,,,,,,,,,,,,66590.12307820696,,,,,,,SELL,,,,,9.1,pullback_h1_trend_filtered
2026-04-03T04:56:23.772678+00:00,BTCUSD,viper,144388,M5,HOLD,HOLD,NONE,0,79.28603597611054,0,,,,,,,,,,,,,,,,22.0,22.0,66609.07,66636.67,66609.02,66636.6,,,,54.39410381491467,,,,,,,,,,,,,,66590.17450677839,,,,,,,SELL,,,,,9.1,pullback_h1_trend_filtered
2026-04-03T04:56:34.484589+00:00,BTCUSD,viper,144388,M5,HOLD,HOLD,NONE,0,79.28603597611054,0,,,,,,,,,,,,,,,,22.0,22.0,66609.07,66636.67,66609.02,66635.82,,,,54.32603990958632,,,,,,,,,,,,,,66590.10022106412,,,,,,,SELL,,,,,9.1,pullback_h1_trend_filtered
2026-04-03T04:56:44.995691+00:00,BTCUSD,viper,144388,M5,HOLD,HOLD,NONE,0,79.79532169039659,0,,,,,,,,,,,,,,,,22.0,22.0,66609.07,66643.8,66609.02,66643.62,,,,54.99767110417788,,,,,,,,,,,,,,66590.84307820696,,,,,,,SELL,,,,,9.2,pullback_h1_trend_filtered
2026-04-03T04:56:55.554098+00:00,BTCUSD,viper,144388,M5,HOLD,HOLD,NONE,0,79.81103597611096,0,,,,,,,,,,,,,,,,22.0,22.0,66609.07,66644.02,66609.02,66643.92,,,,55.023108829681966,,,,,,,,,,,,,,66590.87164963553,,,,,,,SELL,,,,,9.2,pullback_h1_trend_filtered
2026-04-03T04:57:06.068348+00:00,BTCUSD,viper,144388,M5,HOLD,HOLD,NONE,0,79.81103597611096,0,,,,,,,,,,,,,,,,22.0,22.0,66609.07,66644.02,66609.02,66643.43,,,,54.981545656914,,,,,,,,,,,,,,66590.82498296887,,,,,,,SELL,,,,,9.2,pullback_h1_trend_filtered
2026-04-03T04:57:06.822955+00:00,XAUUSD,viper,144388,M5,OUTSIDE_HOURS,OUTSIDE_HOURS,NONE,0,5.405325367263564,0,,,,,,,,,,,,,,,,0.34,0.34,4668.9,4673.32,4667.67,4670.82,,,,53.58433911787206,,,,,,,,,,,,,,,,,,,,,BOTH,,,,,21.52,pullback_weak_candle;momentum_volume_low
2026-04-03T04:57:17.060162+00:00,BTCUSD,viper,144388,M5,HOLD,HOLD,NONE,0,79.81103597611096,0,,,,,,,,,,,,,,,,22.0,22.0,66609.07,66644.02,66609.02,66643.53,,,,54.99003417468521,,,,,,,,,,,,,,66590.8345067784,,,,,,,SELL,,,,,9.2,pullback_h1_trend_filtered
2026-04-03T04:57:27.485550+00:00,BTCUSD,viper,144388,M5,HOLD,HOLD,NONE,0,79.81103597611096,0,,,,,,,,,,,,,,,,22.0,22.0,66609.07,66644.02,66609.02,66638.0,,,,54.51576234059583,,,,,,,,,,,,,,66590.30784011172,,,,,,,SELL,,,,,9.2,pullback_h1_trend_filtered
2026-04-03T04:57:38.013530+00:00,BTCUSD,viper,144388,M5,HOLD,HOLD,NONE,0,79.81103597611096,0,,,,,,,,,,,,,,,,22.0,22.0,66609.07,66644.02,66609.02,66635.23,,,,54.274420563763975,,,,,,,,,,,,,,66590.04403058792,,,,,,,SELL,,,,,9.2,pullback_h1_trend_filtered
2026-04-03T04:57:48.512459+00:00,BTCUSD,viper,144388,M5,HOLD,HOLD,NONE,0,79.81103597611096,0,,,,,,,,,,,,,,,,22.0,22.0,66609.07,66644.02,66609.02,66630.16,,,,53.825987744235704,,,,,,,,,,,,,,66589.56117344506,,,,,,,SELL,,,,,9.2,pullback_h1_trend_filtered
2026-04-03T04:57:58.986097+00:00,BTCUSD,viper,144388,M5,HOLD,HOLD,NONE,0,79.81103597611096,0,,,,,,,,,,,,,,,,22.0,22.0,66609.07,66644.02,66609.02,66625.88,,,,53.44052531537359,,,,,,,,,,,,,,66589.15355439745,,,,,,,SELL,,,,,9.2,pullback_h1_trend_filtered
2026-04-03T04:58:09.574961+00:00,BTCUSD,viper,144388,M5,HOLD,HOLD,NONE,0,79.81103597611096,0,,,,,,,,,,,,,,,,22.0,22.0,66609.07,66644.02,66609.02,66619.16,,,,52.82215585162036,,,,,,,,,,,,,,66588.51355439745,,,,,,,SELL,,,,,9.2,pullback_weak_candle;momentum_volume_low
2026-04-03T04:58:20.137628+00:00,BTCUSD,viper,144388,M5,HOLD,HOLD,NONE,0,79.81103597611096,0,,,,,,,,,,,,,,,,22.0,22.0,66609.07,66644.02,66609.02,66613.7,,,,52.3075041851166,,,,,,,,,,,,,,66587.99355439744,,,,,,,SELL,,,,,9.2,pullback_weak_candle;momentum_volume_low
2026-04-03T04:58:30.717256+00:00,BTCUSD,viper,144388,M5,HOLD,HOLD,NONE,0,79.81103597611096,0,,,,,,,,,,,,,,,,22.0,22.0,66609.07,66644.02,66609.02,66611.56,,,,52.102714857240315,,,,,,,,,,,,,,66587.78974487363,,,,,,,SELL,,,,,9.2,pullback_weak_candle;momentum_volume_low
2026-04-03T04:58:41.210838+00:00,BTCUSD,viper,144388,M5,HOLD,HOLD,NONE,0,79.81103597611096,0,,,,,,,,,,,,,,,,22.0,22.0,66609.07,66644.02,66609.02,66611.66,,,,52.112323615373505,,,,,,,,,,,,,,66587.79926868316,,,,,,,SELL,,,,,9.2,pullback_weak_candle;momentum_volume_low
2026-04-03T04:58:51.833556+00:00,BTCUSD,viper,144388,M5,HOLD,HOLD,NONE,0,79.81103597611096,0,,,,,,,,,,,,,,,,22.0,22.0,66609.07,66644.02,66609.02,66611.07,,,,52.055576148576556,,,,,,,,,,,,,,66587.74307820697,,,,,,,SELL,,,,,9.2,pullback_weak_candle;momentum_volume_low
2026-04-03T04:58:52.653473+00:00,XAUUSD,viper,144388,M5,OUTSIDE_HOURS,OUTSIDE_HOURS,NONE,0,5.405325367263564,0,,,,,,,,,,,,,,,,0.34,0.34,4668.9,4673.32,4667.67,4670.82,,,,53.58433911787206,,,,,,,,,,,,,,,,,,,,,BOTH,,,,,21.52,pullback_weak_candle;momentum_volume_low
2026-04-03T04:59:02.917958+00:00,BTCUSD,viper,144388,M5,HOLD,HOLD,NONE,0,79.81103597611096,0,,,,,,,,,,,,,,,,22.0,22.0,66609.07,66644.02,66609.02,66611.33,,,,52.08060007313348,,,,,,,,,,,,,,66587.76784011173,,,,,,,SELL,,,,,9.2,pullback_weak_candle;momentum_volume_low
2026-04-03T04:59:13.353430+00:00,BTCUSD,viper,144388,M5,HOLD,HOLD,NONE,0,79.81103597611096,0,,,,,,,,,,,,,,,,22.0,22.0,66609.07,66644.02,66609.02,66611.44,,,,52.091179256292044,,,,,,,,,,,,,,66587.77831630221,,,,,,,SELL,,,,,9.2,pullback_weak_candle;momentum_volume_low
2026-04-03T04:59:23.829560+00:00,BTCUSD,viper,144388,M5,HOLD,HOLD,NONE,0,79.81103597611096,0,,,,,,,,,,,,,,,,22.0,22.0,66609.07,66644.02,66609.02,66611.6,,,,52.10655882318099,,,,,,,,,,,,,,66587.79355439745,,,,,,,SELL,,,,,9.2,pullback_weak_candle;momentum_volume_low
2026-04-03T04:59:34.298064+00:00,BTCUSD,viper,144388,M5,HOLD,HOLD,NONE,0,79.81103597611096,0,,,,,,,,,,,,,,,,22.0,22.0,66609.07,66644.02,66609.02,66611.77,,,,52.122888797477074,,,,,,,,,,,,,,66587.80974487364,,,,,,,SELL,,,,,9.2,pullback_weak_candle;momentum_volume_low
2026-04-03T04:59:44.761754+00:00,BTCUSD,viper,144388,M5,HOLD,HOLD,NONE,0,79.81103597611096,0,,,,,,,,,,,,,,,,22.0,22.0,66609.07,66644.02,66609.02,66611.54,,,,52.10079264287086,,,,,,,,,,,,,,66587.78784011173,,,,,,,SELL,,,,,9.2,pullback_weak_candle;momentum_volume_low
2026-04-03T04:59:55.200109+00:00,BTCUSD,viper,144388,M5,HOLD,HOLD,NONE,0,79.81103597611096,0,,,,,,,,,,,,,,,,22.0,22.0,66609.07,66644.02,66609.02,66612.0,,,,52.14496457533867,,,,,,,,,,,,,,66587.83164963554,,,,,,,SELL,,,,,9.2,pullback_weak_candle;momentum_volume_low
2026-04-03T05:00:05.725581+00:00,BTCUSD,viper,144388,M5,HOLD,HOLD,NONE,0,77.00785193103732,0,,,,,,,,,,,,,,,,22.0,22.0,66591.69,66615.61,66591.34,66615.61,,,,52.48704537493042,,,,,,,,,,,,,,66588.7486807667,,,,,,,SELL,,,,,9.03,pullback_h1_trend_filtered
2026-04-03T05:00:16.196048+00:00,BTCUSD,viper,144388,M5,HOLD,HOLD,NONE,0,77.66499478817997,0,,,,,,,,,,,,,,,,22.0,22.0,66591.69,66624.81,66591.34,66608.36,,,,51.789186876171655,,,,,,,,,,,,,,66588.05820457623,,,,,,,SELL,,,,,9.03,pullback_h1_trend_filtered
2026-04-03T05:00:26.838616+00:00,BTCUSD,viper,144388,M5,HOLD,HOLD,NONE,0,77.66499478817997,0,,,,,,,,,,,,,,,,22.0,22.0,66591.69,66624.81,66591.34,66597.89,,,,50.74441987429759,,,,,,,,,,,,,,66587.06106171908,,,,,,,SELL,,,,,9.03,pullback_weak_candle;momentum_volume_low
2026-04-03T05:00:37.457512+00:00,BTCUSD,viper,144388,M5,HOLD,HOLD,NONE,0,77.66499478817997,0,,,,,,,,,,,,,,,,22.0,22.0,66591.69,66624.81,66591.34,66597.9,,,,50.74543934502134,,,,,,,,,,,,,,66587.06201410004,,,,,,,SELL,,,,,9.03,pullback_weak_candle;momentum_volume_low
2026-04-03T05:00:38.533645+00:00,XAUUSD,viper,144388,M5,OUTSIDE_HOURS,OUTSIDE_HOURS,NONE,0,5.405325367263564,0,,,,,,,,,,,,,,,,0.34,0.34,4668.9,4673.32,4667.67,4670.82,,,,53.58433911787206,,,,,,,,,,,,,,,,,,,,,BOTH,,,,,21.52,pullback_weak_candle;momentum_volume_low
2026-04-03T05:00:48.983183+00:00,BTCUSD,viper,144388,M5,HOLD,HOLD,NONE,0,77.66499478817997,0,,,,,,,,,,,,,,,,22.0,22.0,66591.69,66624.81,66591.34,66598.02,,,,50.75766970284288,,,,,,,,,,,,,,66587.07344267146,,,,,,,SELL,,,,,9.03,pullback_weak_candle;momentum_volume_low
2026-04-03T05:00:59.547061+00:00,BTCUSD,viper,144388,M5,HOLD,HOLD,NONE,0,77.66499478817997,0,,,,,,,,,,,,,,,,22.0,22.0,66591.69,66624.81,66591.34,66592.42,,,,50.180371804125144,,,,,,,,,,,,,,66586.54010933812,,,,,,,SELL,,,,,9.03,pullback_weak_candle;momentum_volume_low
2026-04-03T05:01:10.058878+00:00,BTCUSD,viper,144388,M5,HOLD,HOLD,NONE,0,77.66499478817997,0,,,,,,,,,,,,,,,,22.0,22.0,66591.69,66624.81,66591.34,66592.52,,,,50.19079936958446,,,,,,,,,,,,,,66586.54963314766,,,,,,,SELL,,,,,9.03,pullback_weak_candle;momentum_volume_low
2026-04-03T05:01:20.515085+00:00,BTCUSD,viper,144388,M5,HOLD,HOLD,NONE,0,77.66499478817997,0,,,,,,,,,,,,,,,,22.0,22.0,66591.69,66624.81,66591.34,66592.34,,,,50.17202660769303,,,,,,,,,,,,,,66586.53249029051,,,,,,,SELL,,,,,9.03,pullback_weak_candle;momentum_volume_low
2026-04-03T05:01:31.002263+00:00,BTCUSD,viper,144388,M5,HOLD,HOLD,NONE,0,77.66499478817997,0,,,,,,,,,,,,,,,,22.0,22.0,66591.69,66624.81,66591.34,66592.24,,,,50.16159117976821,,,,,,,,,,,,,,66586.52296648099,,,,,,,SELL,,,,,9.03,pullback_weak_candle;momentum_volume_low
2026-04-03T05:01:41.473370+00:00,BTCUSD,viper,144388,M5,HOLD,HOLD,NONE,0,77.66499478817997,0,,,,,,,,,,,,,,,,22.0,22.0,66591.69,66624.81,66591.34,66597.66,,,,50.720960394339286,,,,,,,,,,,,,,66587.03915695718,,,,,,,SELL,,,,,9.03,pullback_weak_candle;momentum_volume_low
2026-04-03T05:01:52.084438+00:00,BTCUSD,viper,144388,M5,HOLD,HOLD,NONE,0,77.66499478817997,0,,,,,,,,,,,,,,,,22.0,22.0,66591.69,66624.81,66591.34,66597.33,,,,50.6872620811815,,,,,,,,,,,,,,66587.00772838575,,,,,,,SELL,,,,,9.03,pullback_weak_candle;momentum_volume_low
2026-04-03T05:02:02.586312+00:00,BTCUSD,viper,144388,M5,HOLD,HOLD,NONE,0,77.66499478817997,0,,,,,,,,,,,,,,,,22.0,22.0,66591.69,66624.81,66591.34,66597.32,,,,50.68624020070488,,,,,,,,,,,,,,66587.0067760048,,,,,,,SELL,,,,,9.03,pullback_weak_candle;momentum_volume_low
2026-04-03T05:02:13.072257+00:00,BTCUSD,viper,144388,M5,HOLD,HOLD,NONE,0,77.66499478817997,0,,,,,,,,,,,,,,,,22.0,22.0,66591.69,66624.81,66591.34,66597.64,,,,50.71891938343894,,,,,,,,,,,,,,66587.03725219527,,,,,,,SELL,,,,,9.03,pullback_weak_candle;momentum_volume_low
2026-04-03T05:02:23.523302+00:00,BTCUSD,viper,144388,M5,HOLD,HOLD,NONE,0,77.66499478817997,0,,,,,,,,,,,,,,,,22.0,22.0,66591.69,66624.81,66591.34,66597.24,,,,50.67806363197264,,,,,,,,,,,,,,66586.99915695717,,,,,,,SELL,,,,,9.03,pullback_weak_candle;momentum_volume_low
2026-04-03T05:02:24.343322+00:00,XAUUSD,viper,144388,M5,OUTSIDE_HOURS,OUTSIDE_HOURS,NONE,0,5.405325367263564,0,,,,,,,,,,,,,,,,0.34,0.34,4668.9,4673.32,4667.67,4670.82,,,,53.58433911787206,,,,,,,,,,,,,,,,,,,,,BOTH,,,,,21.52,pullback_weak_candle;momentum_volume_low
2026-04-03T05:02:34.621178+00:00,BTCUSD,viper,144388,M5,HOLD,HOLD,NONE,0,77.66499478817997,0,,,,,,,,,,,,,,,,22.0,22.0,66591.69,66624.81,66591.34,66593.44,,,,50.28652855439257,,,,,,,,,,,,,,66586.63725219527,,,,,,,SELL,,,,,9.03,pullback_weak_candle;momentum_volume_low
2026-04-03T05:02:45.222204+00:00,BTCUSD,viper,144388,M5,HOLD,HOLD,NONE,0,77.66499478817997,0,,,,,,,,,,,,,,,,22.0,22.0,66591.69,66624.81,66591.34,66593.4,,,,50.282374068053734,,,,,,,,,,,,,,66586.63344267146,,,,,,,SELL,,,,,9.03,pullback_weak_candle;momentum_volume_low
2026-04-03T05:02:55.751876+00:00,BTCUSD,viper,144388,M5,HOLD,HOLD,NONE,0,77.66499478817997,0,,,,,,,,,,,,,,,,22.0,22.0,66591.69,66624.81,66591.34,66597.96,,,,50.75155528325455,,,,,,,,,,,,,,66587.06772838575,,,,,,,SELL,,,,,9.03,pullback_weak_candle;momentum_volume_low
2026-04-03T05:03:06.163781+00:00,BTCUSD,viper,144388,M5,HOLD,HOLD,NONE,0,77.66499478817997,0,,,,,,,,,,,,,,,,22.0,22.0,66591.69,66624.81,66591.34,66598.14,,,,50.76989398835139,,,,,,,,,,,,,,66587.08487124289,,,,,,,SELL,,,,,9.03,pullback_weak_candle;momentum_volume_low
2026-04-03T05:03:16.697408+00:00,BTCUSD,viper,144388,M5,HOLD,HOLD,NONE,0,77.66499478817997,0,,,,,,,,,,,,,,,,22.0,22.0,66591.69,66624.81,66591.34,66608.98,,,,51.84966639357815,,,,,,,,,,,,,,66588.11725219527,,,,,,,SELL,,,,,9.03,pullback_h1_trend_filtered
2026-04-03T05:03:27.325945+00:00,BTCUSD,viper,144388,M5,HOLD,HOLD,NONE,0,77.66499478817997,0,,,,,,,,,,,,,,,,22.0,22.0,66591.69,66624.81,66591.34,66609.1,,,,51.86135458411509,,,,,,,,,,,,,,66588.1286807667,,,,,,,SELL,,,,,9.03,pullback_h1_trend_filtered
2026-04-03T05:03:37.996210+00:00,BTCUSD,viper,144388,M5,HOLD,HOLD,NONE,0,78.47142335960912,0,,,,,,,,,,,,,,,,22.0,22.0,66591.69,66636.1,66591.34,66635.72,,,,54.32110142151375,,,,,,,,,,,,,,66590.66391886194,,,,,,,SELL,,,,,9.03,pullback_h1_trend_filtered
2026-04-03T05:03:48.741605+00:00,BTCUSD,viper,144388,M5,HOLD,HOLD,NONE,0,78.69713764532261,0,,,,,,,,,,,,,,,,22.0,22.0,66591.69,66639.26,66591.34,66638.7,,,,54.580903873498976,,,,,,,,,,,,,,66590.94772838574,,,,,,,SELL,,,,,9.03,pullback_h1_trend_filtered
2026-04-03T05:03:59.556200+00:00,BTCUSD,viper,144388,M5,HOLD,HOLD,NONE,0,79.17999478818042,0,,,,,,,,,,,,,,,,22.0,22.0,66591.69,66646.02,66591.34,66645.78,,,,55.186459264326906,,,,,,,,,,,,,,66591.62201410004,,,,,,,SELL,,,,,9.06,pullback_h1_trend_filtered
2026-04-03T05:04:10.258744+00:00,BTCUSD,viper,144388,M5,HOLD,HOLD,NONE,0,80.03142335960888,0,,,,,,,,,,,,,,,,22.0,22.0,66591.69,66657.94,66591.34,66657.78,,,,56.1767616890234,,,,,,,,,,,,,,66592.76487124289,,,,,,,SELL,,,,,9.23,pullback_h1_trend_filtered
2026-04-03T05:04:11.452161+00:00,XAUUSD,viper,144388,M5,OUTSIDE_HOURS,OUTSIDE_HOURS,NONE,0,5.405325367263564,0,,,,,,,,,,,,,,,,0.34,0.34,4668.9,4673.32,4667.67,4670.82,,,,53.58433911787206,,,,,,,,,,,,,,,,,,,,,BOTH,,,,,21.52,pullback_weak_candle;momentum_volume_low
2026-04-03T05:04:22.005152+00:00,BTCUSD,viper,144388,M5,HOLD,HOLD,NONE,0,80.03142335960888,0,,,,,,,,,,,,,,,,22.0,22.0,66591.69,66657.94,66591.34,66638.16,,,,54.534045044098164,,,,,,,,,,,,,,66590.89629981433,,,,,,,SELL,,,,,9.23,pullback_h1_trend_filtered
2026-04-03T05:04:32.814075+00:00,BTCUSD,viper,144388,M5,HOLD,HOLD,NONE,0,80.03142335960888,0,,,,,,,,,,,,,,,,22.0,22.0,66591.69,66657.94,66591.34,66635.1,,,,54.26667460093587,,,,,,,,,,,,,,66590.60487124289,,,,,,,SELL,,,,,9.23,pullback_h1_trend_filtered
2026-04-03T05:04:43.566774+00:00,BTCUSD,viper,144388,M5,HOLD,HOLD,NONE,0,80.03142335960888,0,,,,,,,,,,,,,,,,22.0,22.0,66591.69,66657.94,66591.34,66635.38,,,,54.2912705074309,,,,,,,,,,,,,,66590.63153790956,,,,,,,SELL,,,,,9.23,pullback_h1_trend_filtered
2026-04-03T05:04:54.086245+00:00,BTCUSD,viper,144388,M5,HOLD,HOLD,NONE,0,80.03142335960888,0,,,,,,,,,,,,,,,,22.0,22.0,66591.69,66657.94,66591.34,66635.44,,,,54.29653761724986,,,,,,,,,,,,,,66590.63725219527,,,,,,,SELL,,,,,9.23,pullback_h1_trend_filtered
2026-04-03T05:05:04.769574+00:00,BTCUSD,viper,144388,M5,HOLD,HOLD,NONE,0,74.37061339596961,0,,,,,,,,,,,,,,,,22.0,22.0,66635.24,66635.7,66634.92,66635.5,,,,54.30382849218802,,,,,,,,,,,,,,66594.88921451168,,,,,,,SELL,,,,,9.26,pullback_weak_candle;momentum_volume_low
2026-04-03T05:05:15.309974+00:00,BTCUSD,viper,144388,M5,HOLD,HOLD,NONE,0,74.37347053882733,0,,,,,,,,,,,,,,,,22.0,22.0,66635.24,66635.74,66634.92,66635.22,,,,54.27735405693749,,,,,,,,,,,,,,66594.86254784501,,,,,,,SELL,,,,,9.26,pullback_weak_candle;momentum_volume_low
2026-04-03T05:05:25.813700+00:00,BTCUSD,viper,144388,M5,HOLD,HOLD,NONE,0,74.38061339596958,0,,,,,,,,,,,,,,,,22.0,22.0,66635.24,66635.84,66634.92,66635.6,,,,54.31327621915815,,,,,,,,,,,,,,66594.89873832121,,,,,,,SELL,,,,,9.26,pullback_weak_candle;momentum_volume_low
2026-04-03T05:05:36.308422+00:00,BTCUSD,viper,144388,M5,HOLD,HOLD,NONE,0,74.91918482454054,0,,,,,,,,,,,,,,,,22.0,22.0,66635.24,66643.31,66634.85,66642.65,,,,54.96963619595373,,,,,,,,,,,,,,66595.57016689263,,,,,,,SELL,,,,,9.26,pullback_h1_trend_filtered
2026-04-03T05:05:46.790706+00:00,BTCUSD,viper,144388,M5,HOLD,HOLD,NONE,0,75.59275625311251,0,,,,,,,,,,,,,,,,22.0,22.0,66635.24,66652.74,66634.85,66652.48,,,,55.85395383798338,,,,,,,,,,,,,,66596.50635736882,,,,,,,SELL,,,,,9.26,pullback_h1_trend_filtered
2026-04-03T05:05:57.246404+00:00,BTCUSD,viper,144388,M5,HOLD,HOLD,NONE,0,75.60132768168361,0,,,,,,,,,,,,,,,,22.0,22.0,66635.24,66652.86,66634.85,66649.6,,,,55.59848401811864,,,,,,,,,,,,,,66596.23207165454,,,,,,,SELL,,,,,9.26,pullback_h1_trend_filtered
2026-04-03T05:05:58.108777+00:00,XAUUSD,viper,144388,M5,OUTSIDE_HOURS,OUTSIDE_HOURS,NONE,0,5.405325367263564,0,,,,,,,,,,,,,,,,0.34,0.34,4668.9,4673.32,4667.67,4670.82,,,,53.58433911787206,,,,,,,,,,,,,,,,,,,,,BOTH,,,,,21.52,pullback_weak_candle;momentum_volume_low
2026-04-03T05:06:08.407308+00:00,BTCUSD,viper,144388,M5,HOLD,HOLD,NONE,0,75.60132768168361,0,,,,,,,,,,,,,,,,22.0,22.0,66635.24,66652.86,66634.85,66641.15,,,,54.83156940896267,,,,,,,,,,,,,,66595.42730974978,,,,,,,SELL,,,,,9.26,pullback_weak_candle;momentum_volume_low
2026-04-03T05:06:18.907818+00:00,BTCUSD,viper,144388,M5,HOLD,HOLD,NONE,0,75.98989911025521,0,,,,,,,,,,,,,,,,22.0,22.0,66635.24,66652.86,66629.41,66629.41,,,,53.63289746219648,,,,,,,,,,,,,,66594.30921451168,,,,,,,SELL,,,,,9.26,pullback_weak_candle;momentum_volume_low
2026-04-03T05:06:29.695025+00:00,BTCUSD,viper,144388,M5,HOLD,HOLD,NONE,0,75.98989911025521,0,,,,,,,,,,,,,,,,22.0,22.0,66635.24,66652.86,66629.41,66630.43,,,,53.74498897025893,,,,,,,,,,,,,,66594.40635736882,,,,,,,SELL,,,,,9.26,pullback_weak_candle;momentum_volume_low
2026-04-03T05:06:40.510541+00:00,BTCUSD,viper,144388,M5,HOLD,HOLD,NONE,0,75.98989911025521,0,,,,,,,,,,,,,,,,22.0,22.0,66635.24,66652.86,66629.41,66632.53,,,,53.977247305134426,,,,,,,,,,,,,,66594.60635736882,,,,,,,SELL,,,,,9.26,pullback_weak_candle;momentum_volume_low
2026-04-03T05:06:51.063438+00:00,BTCUSD,viper,144388,M5,HOLD,HOLD,NONE,0,75.98989911025521,0,,,,,,,,,,,,,,,,22.0,22.0,66635.24,66652.86,66629.41,66646.66,,,,55.33462397694812,,,,,,,,,,,,,,66595.95207165454,,,,,,,SELL,,,,,9.26,pullback_h1_trend_filtered
2026-04-03T05:07:01.547964+00:00,BTCUSD,viper,144388,M5,HOLD,HOLD,NONE,0,75.98989911025521,0,,,,,,,,,,,,,,,,22.0,22.0,66635.24,66652.86,66629.41,66646.96,,,,55.361692058468336,,,,,,,,,,,,,,66595.98064308311,,,,,,,SELL,,,,,9.26,pullback_h1_trend_filtered
2026-04-03T05:07:11.994897+00:00,BTCUSD,viper,144388,M5,HOLD,HOLD,NONE,0,75.98989911025521,0,,,,,,,,,,,,,,,,22.0,22.0,66635.24,66652.86,66629.41,66642.32,,,,54.93933397191727,,,,,,,,,,,,,,66595.53873832121,,,,,,,SELL,,,,,9.26,pullback_weak_candle;momentum_volume_low
2026-04-03T05:07:22.508044+00:00,BTCUSD,viper,144388,M5,HOLD,HOLD,NONE,0,75.98989911025521,0,,,,,,,,,,,,,,,,22.0,22.0,66635.24,66652.86,66629.41,66642.26,,,,54.93382009451249,,,,,,,,,,,,,,66595.53302403548,,,,,,,SELL,,,,,9.26,pullback_weak_candle;momentum_volume_low
2026-04-03T05:07:33.099418+00:00,BTCUSD,viper,144388,M5,HOLD,HOLD,NONE,0,75.98989911025521,0,,,,,,,,,,,,,,,,22.0,22.0,66635.24,66652.86,66629.41,66635.64,,,,54.31705421617296,,,,,,,,,,,,,,66594.902547845,,,,,,,SELL,,,,,9.26,pullback_weak_candle;momentum_volume_low
2026-04-03T05:07:43.553391+00:00,BTCUSD,viper,144388,M5,HOLD,HOLD,NONE,0,75.98989911025521,0,,,,,,,,,,,,,,,,22.0,22.0,66635.24,66652.86,66629.41,66630.04,,,,53.702075171956615,,,,,,,,,,,,,,66594.36921451168,,,,,,,SELL,,,,,9.26,pullback_weak_candle;momentum_volume_low
2026-04-03T05:07:44.442248+00:00,XAUUSD,viper,144388,M5,OUTSIDE_HOURS,OUTSIDE_HOURS,NONE,0,5.405325367263564,0,,,,,,,,,,,,,,,,0.34,0.34,4668.9,4673.32,4667.67,4670.82,,,,53.58433911787206,,,,,,,,,,,,,,,,,,,,,BOTH,,,,,21.52,pullback_weak_candle;momentum_volume_low
2026-04-03T05:07:54.655922+00:00,BTCUSD,viper,144388,M5,HOLD,HOLD,NONE,0,75.98989911025521,0,,,,,,,,,,,,,,,,22.0,22.0,66635.24,66652.86,66629.41,66629.84,,,,53.68009466831362,,,,,,,,,,,,,,66594.35016689263,,,,,,,SELL,,,,,9.26,pullback_weak_candle;momentum_volume_low
2026-04-03T05:08:05.133972+00:00,BTCUSD,viper,144388,M5,HOLD,HOLD,NONE,0,77.44347053882704,0,,,,,,,,,,,,,,,,22.0,22.0,66635.24,66652.86,66609.06,66609.1,,,,51.49442009891551,,,,,,,,,,,,,,66592.37492879739,,,,,,,SELL,,,,,9.26,pullback_structure_not_confirmed;momentum_volume_low
2026-04-03T05:08:15.666355+00:00,BTCUSD,viper,144388,M5,HOLD,HOLD,NONE,0,77.92204196739827,0,,,,,,,,,,,,,,,,22.0,22.0,66635.24,66652.86,66602.36,66613.45,,,,51.93796507149044,,,,,,,,,,,,,,66592.78921451168,,,,,,,SELL,,,,,9.26,pullback_structure_not_confirmed;momentum_volume_low
2026-04-03T05:08:26.311401+00:00,BTCUSD,viper,144388,M5,HOLD,HOLD,NONE,0,77.92204196739827,0,,,,,,,,,,,,,,,,22.0,22.0,66635.24,66652.86,66602.36,66609.64,,,,51.54906857508319,,,,,,,,,,,,,,66592.42635736882,,,,,,,SELL,,,,,9.26,pullback_structure_not_confirmed;momentum_volume_low
2026-04-03T05:08:37.063590+00:00,BTCUSD,viper,144388,M5,HOLD,HOLD,NONE,0,77.92204196739827,0,,,,,,,,,,,,,,,,22.0,22.0,66635.24,66652.86,66602.36,66611.49,,,,51.73717279826834,,,,,,,,,,,,,,66592.60254784502,,,,,,,SELL,,,,,9.26,pullback_structure_not_confirmed;momentum_volume_low
2026-04-03T05:08:47.556764+00:00,BTCUSD,viper,144388,M5,HOLD,HOLD,NONE,0,77.92204196739827,0,,,,,,,,,,,,,,,,22.0,22.0,66635.24,66652.86,66602.36,66611.34,,,,51.721869978177516,,,,,,,,,,,,,,66592.58826213072,,,,,,,SELL,,,,,9.26,pullback_structure_not_confirmed;momentum_volume_low
2026-04-03T05:08:58.042539+00:00,BTCUSD,viper,144388,M5,HOLD,HOLD,NONE,0,77.92204196739827,0,,,,,,,,,,,,,,,,22.0,22.0,66635.24,66652.86,66602.36,66611.46,,,,51.7341115098762,,,,,,,,,,,,,,66592.59969070216,,,,,,,SELL,,,,,9.26,pullback_structure_not_confirmed;momentum_volume_low
2026-04-03T05:09:08.507988+00:00,BTCUSD,viper,144388,M5,HOLD,HOLD,NONE,0,77.92204196739827,0,,,,,,,,,,,,,,,,22.0,22.0,66635.24,66652.86,66602.36,66608.03,,,,51.38647669895078,,,,,,,,,,,,,,66592.27302403549,,,,,,,SELL,,,,,9.26,pullback_structure_not_confirmed;momentum_volume_low
2026-04-03T05:09:18.942772+00:00,BTCUSD,viper,144388,M5,HOLD,HOLD,NONE,0,78.16061339596945,0,,,,,,,,,,,,,,,,22.0,22.0,66635.24,66652.86,66599.02,66599.45,,,,50.53700496594242,,,,,,,,,,,,,,66591.45588117835,,,,,,,SELL,,,,,9.26,pullback_structure_not_confirmed;momentum_volume_low
2026-04-03T05:09:29.496839+00:00,BTCUSD,viper,144388,M5,HOLD,HOLD,NONE,0,78.1613276816844,0,,,,,,,,,,,,,,,,22.0,22.0,66635.24,66652.86,66599.01,66599.21,,,,50.513647121042354,,,,,,,,,,,,,,66591.43302403549,,,,,,,SELL,,,,,9.26,pullback_structure_not_confirmed;momentum_volume_low
2026-04-03T05:09:30.315351+00:00,XAUUSD,viper,144388,M5,OUTSIDE_HOURS,OUTSIDE_HOURS,NONE,0,5.405325367263564,0,,,,,,,,,,,,,,,,0.34,0.34,4668.9,4673.32,4667.67,4670.82,,,,53.58433911787206,,,,,,,,,,,,,,,,,,,,,BOTH,,,,,21.52,pullback_weak_candle;momentum_volume_low
2026-04-03T05:09:40.678753+00:00,BTCUSD,viper,144388,M5,HOLD,HOLD,NONE,0,78.17061339596941,0,,,,,,,,,,,,,,,,22.0,22.0,66635.24,66652.86,66598.88,66599.6,,,,50.551614591762515,,,,,,,,,,,,,,66591.47016689263,,,,,,,SELL,,,,,9.26,pullback_structure_not_confirmed;momentum_volume_low
2026-04-03T05:09:51.147325+00:00,BTCUSD,viper,144388,M5,HOLD,HOLD,NONE,0,78.17061339596941,0,,,,,,,,,,,,,,,,22.0,22.0,66635.24,66652.86,66598.88,66608.08,,,,51.39151070267517,,,,,,,,,,,,,,66592.27778594026,,,,,,,SELL,,,,,9.26,pullback_structure_not_confirmed;momentum_volume_low
2026-04-03T05:10:01.601543+00:00,BTCUSD,viper,144388,M5,HOLD,HOLD,NONE,0,73.28363481090437,0,,,,,,,,,,,,,,,,22.0,22.0,66656.12,66656.12,66649.64,66649.64,,,,55.404023183768544,,,,,,,,,,,,,,66601.88552526747,,,,,,,SELL,,,,,9.29,pullback_structure_not_confirmed;momentum_volume_low
2026-04-03T05:10:12.095150+00:00,BTCUSD,viper,144388,M5,HOLD,HOLD,NONE,0,73.70506338233253,0,,,,,,,,,,,,,,,,22.0,22.0,66656.12,66656.12,66643.74,66644.3,,,,54.78780185151452,,,,,,,,,,,,,,66601.3769538389,,,,,,,SELL,,,,,9.29,pullback_structure_not_confirmed;momentum_volume_low
2026-04-03T05:10:22.641871+00:00,BTCUSD,viper,144388,M5,HOLD,HOLD,NONE,0,74.85506338233294,0,,,,,,,,,,,,,,,,22.0,22.0,66656.12,66656.12,66627.64,66627.92,,,,52.9802849922748,,,,,,,,,,,,,,66599.81695383889,,,,,,,SELL,,,,,9.29,pullback_structure_not_confirmed;momentum_volume_low
2026-04-03T05:10:33.177022+00:00,BTCUSD,viper,144388,M5,HOLD,HOLD,NONE,0,74.87506338233285,0,,,,,,,,,,,,,,,,22.0,22.0,66656.12,66656.12,66627.36,66627.71,,,,52.95788568871155,,,,,,,,,,,,,,66599.7969538389,,,,,,,SELL,,,,,9.29,pullback_structure_not_confirmed;momentum_volume_low
2026-04-03T05:10:43.750707+00:00,BTCUSD,viper,144388,M5,HOLD,HOLD,NONE,0,74.87506338233285,0,,,,,,,,,,,,,,,,22.0,22.0,66656.12,66656.12,66627.36,66627.78,,,,52.96535001846798,,,,,,,,,,,,,,66599.80362050557,,,,,,,SELL,,,,,9.29,pullback_structure_not_confirmed;momentum_volume_low
2026-04-03T05:10:54.241981+00:00,BTCUSD,viper,144388,M5,HOLD,HOLD,NONE,0,74.87506338233285,0,,,,,,,,,,,,,,,,22.0,22.0,66656.12,66656.12,66627.36,66627.73,,,,52.96001813966567,,,,,,,,,,,,,,66599.7988586008,,,,,,,SELL,,,,,9.29,pullback_structure_not_confirmed;momentum_volume_low
2026-04-03T05:11:04.780121+00:00,BTCUSD,viper,144388,M5,HOLD,HOLD,NONE,0,75.70506338233253,0,,,,,,,,,,,,,,,,22.0,22.0,66656.12,66656.12,66615.74,66615.81,,,,51.71881395743,,,,,,,,,,,,,,66598.66362050557,,,,,,,SELL,,,,,9.29,pullback_structure_not_confirmed;momentum_volume_low
2026-04-03T05:11:15.287054+00:00,BTCUSD,viper,144388,M5,HOLD,HOLD,NONE,0,76.17792052519037,0,,,,,,,,,,,,,,,,22.0,22.0,66656.12,66656.12,66609.12,66609.2,,,,51.0552832909978,,,,,,,,,,,,,,66598.03409669604,,,,,,,SELL,,,,,9.29,pullback_structure_not_confirmed;momentum_volume_low
2026-04-03T05:11:16.168721+00:00,XAUUSD,viper,144388,M5,OUTSIDE_HOURS,OUTSIDE_HOURS,NONE,0,5.405325367263564,0,,,,,,,,,,,,,,,,0.34,0.34,4668.9,4673.32,4667.67,4670.82,,,,53.58433911787206,,,,,,,,,,,,,,,,,,,,,BOTH,,,,,21.52,pullback_weak_candle;momentum_volume_low
2026-04-03T05:11:26.412993+00:00,BTCUSD,viper,144388,M5,HOLD,HOLD,NONE,0,76.18792052519034,0,,,,,,,,,,,,,,,,22.0,22.0,66656.12,66656.12,66608.98,66609.1,,,,51.04537571555897,,,,,,,,,,,,,,66598.02457288651,,,,,,,SELL,,,,,9.29,pullback_structure_not_confirmed;momentum_volume_low
2026-04-03T05:11:36.970393+00:00,BTCUSD,viper,144388,M5,HOLD,HOLD,NONE,0,76.19434909661865,0,,,,,,,,,,,,,,,,22.0,22.0,66656.12,66656.12,66608.89,66609.37,,,,51.072134998709934,,,,,,,,,,,,,,66598.05028717223,,,,,,,SELL,,,,,9.29,pullback_structure_not_confirmed;momentum_volume_low
2026-04-03T05:11:47.402326+00:00,BTCUSD,viper,144388,M5,HOLD,HOLD,NONE,0,76.19434909661865,0,,,,,,,,,,,,,,,,22.0,22.0,66656.12,66656.12,66608.89,66609.26,,,,51.06122968255253,,,,,,,,,,,,,,66598.03981098175,,,,,,,SELL,,,,,9.29,pullback_structure_not_confirmed;momentum_volume_low
2026-04-03T05:11:58.047906+00:00,BTCUSD,viper,144388,M5,HOLD,HOLD,NONE,0,76.19434909661865,0,,,,,,,,,,,,,,,,22.0,22.0,66656.12,66656.12,66608.89,66609.22,,,,51.0572652676231,,,,,,,,,,,,,,66598.03600145795,,,,,,,SELL,,,,,9.29,pullback_structure_not_confirmed;momentum_volume_low
2026-04-03T05:12:08.530315+00:00,BTCUSD,viper,144388,M5,HOLD,HOLD,NONE,0,76.19434909661865,0,,,,,,,,,,,,,,,,22.0,22.0,66656.12,66656.12,66608.89,66609.52,,,,51.08701339353354,,,,,,,,,,,,,,66598.06457288652,,,,,,,SELL,,,,,9.29,pullback_structure_not_confirmed;momentum_volume_low
2026-04-03T05:12:18.991917+00:00,BTCUSD,viper,144388,M5,HOLD,HOLD,NONE,0,77.07220623947534,0,,,,,,,,,,,,,,,,22.0,22.0,66656.12,66656.12,66596.6,66596.98,,,,49.872398509833666,,,,,,,,,,,,,,66596.87028717223,,,,,,,SELL,,,,,9.24,pullback_structure_not_confirmed;momentum_volume_low
2026-04-03T05:12:29.691333+00:00,BTCUSD,viper,144388,M5,HOLD,HOLD,NONE,0,77.07220623947534,0,,,,,,,,,,,,,,,,22.0,22.0,66656.12,66656.12,66596.6,66596.96,,,,49.8705074540905,,,,,,,,,,,,,,66596.86838241032,,,,,,,SELL,,,,,9.24,pullback_structure_not_confirmed;momentum_volume_low
2026-04-03T05:12:40.486839+00:00,BTCUSD,viper,144388,M5,HOLD,HOLD,NONE,0,77.07220623947534,0,,,,,,,,,,,,,,,,22.0,22.0,66656.12,66656.12,66596.6,66597.43,,,,49.91498521181962,,,,,,,,,,,,,,66596.91314431508,,,,,,,SELL,,,,,9.24,pullback_structure_not_confirmed;momentum_volume_low
2026-04-03T05:12:51.410508+00:00,BTCUSD,viper,144388,M5,HOLD,HOLD,NONE,0,77.07792052518975,0,,,,,,,,,,,,,,,,22.0,22.0,66656.12,66656.12,66596.52,66597.02,,,,49.876181051600675,,,,,,,,,,,,,,66596.87409669603,,,,,,,SELL,,,,,9.24,pullback_structure_not_confirmed;momentum_volume_low
2026-04-03T05:13:02.364756+00:00,BTCUSD,viper,144388,M5,HOLD,HOLD,NONE,0,77.3243490966181,0,,,,,,,,,,,,,,,,22.0,22.0,66656.12,66656.12,66593.07,66593.07,,,,49.505403708834905,,,,,,,,,,,,,,66596.49790621985,,,,,,,SELL,,,,,9.18,pullback_structure_not_confirmed;momentum_volume_low
2026-04-03T05:13:03.203721+00:00,XAUUSD,viper,144388,M5,OUTSIDE_HOURS,OUTSIDE_HOURS,NONE,0,5.405325367263564,0,,,,,,,,,,,,,,,,0.34,0.34,4668.9,4673.32,4667.67,4670.82,,,,53.58433911787206,,,,,,,,,,,,,,,,,,,,,BOTH,,,,,21.52,pullback_weak_candle;momentum_volume_low
2026-04-03T05:13:13.588063+00:00,BTCUSD,viper,144388,M5,HOLD,HOLD,NONE,0,77.58863481090467,0,,,,,,,,,,,,,,,,22.0,22.0,66656.12,66656.12,66589.37,66589.42,,,,49.16765379363599,,,,,,,,,,,,,,66596.15028717223,,,,,,,SELL,,,,,9.11,pullback_structure_not_confirmed;momentum_volume_low
2026-04-03T05:13:24.223648+00:00,BTCUSD,viper,144388,M5,HOLD,HOLD,NONE,0,77.59649195376184,0,,,,,,,,,,,,,,,,22.0,22.0,66656.12,66656.12,66589.26,66589.68,,,,49.19156016835981,,,,,,,,,,,,,,66596.17504907699,,,,,,,SELL,,,,,9.11,pullback_structure_not_confirmed;momentum_volume_low
2026-04-03T05:13:34.961067+00:00,BTCUSD,viper,144388,M5,HOLD,HOLD,NONE,0,78.36149195376126,0,,,,,,,,,,,,,,,,22.0,22.0,66656.12,66656.12,66578.55,66579.02,,,,48.23008923397027,,,,,,,,,,,,,,66595.15981098176,,,,,,,SELL,,,,,8.92,pullback_structure_not_confirmed;momentum_volume_low
2026-04-03T05:13:45.539148+00:00,BTCUSD,viper,144388,M5,HOLD,HOLD,NONE,0,78.36149195376126,0,,,,,,,,,,,,,,,,22.0,22.0,66656.12,66656.12,66578.55,66585.72,,,,48.82994857749707,,,,,,,,,,,,,,66595.79790621984,,,,,,,SELL,,,,,8.92,pullback_structure_not_confirmed;momentum_volume_low
2026-04-03T05:13:56.264471+00:00,BTCUSD,viper,144388,M5,HOLD,HOLD,NONE,0,78.36149195376126,0,,,,,,,,,,,,,,,,22.0,22.0,66656.12,66656.12,66578.55,66585.4,,,,48.80095946639253,,,,,,,,,,,,,,66595.76743002937,,,,,,,SELL,,,,,8.92,pullback_structure_not_confirmed;momentum_volume_low
2026-04-03T05:14:06.764944+00:00,BTCUSD,viper,144388,M5,HOLD,HOLD,NONE,0,78.36149195376126,0,,,,,,,,,,,,,,,,22.0,22.0,66656.12,66656.12,66578.55,66585.83,,,,48.839921540375656,,,,,,,,,,,,,,66595.80838241032,,,,,,,SELL,,,,,8.92,pullback_structure_not_confirmed;momentum_volume_low
2026-04-03T05:14:17.299180+00:00,BTCUSD,viper,144388,M5,HOLD,HOLD,NONE,0,78.36149195376126,0,,,,,,,,,,,,,,,,22.0,22.0,66656.12,66656.12,66578.55,66589.3,,,,49.156627917560634,,,,,,,,,,,,,,66596.1388586008,,,,,,,SELL,,,,,8.92,pullback_structure_not_confirmed;momentum_volume_low
2026-04-03T05:14:28.024397+00:00,BTCUSD,viper,144388,M5,HOLD,HOLD,NONE,0,78.36149195376126,0,,,,,,,,,,,,,,,,22.0,22.0,66656.12,66656.12,66578.55,66592.58,,,,49.459792532859524,,,,,,,,,,,,,,66596.45123955318,,,,,,,SELL,,,,,8.92,pullback_structure_not_confirmed;momentum_volume_low
2026-04-03T05:14:38.507651+00:00,BTCUSD,viper,144388,M5,HOLD,HOLD,NONE,0,78.36149195376126,0,,,,,,,,,,,,,,,,22.0,22.0,66656.12,66656.12,66578.55,66589.35,,,,49.16122143156703,,,,,,,,,,,,,,66596.14362050557,,,,,,,SELL,,,,,8.92,pullback_structure_not_confirmed;momentum_volume_low
2026-04-03T05:14:49.000429+00:00,BTCUSD,viper,144388,M5,HOLD,HOLD,NONE,0,78.36149195376126,0,,,,,,,,,,,,,,,,22.0,22.0,66656.12,66656.12,66578.55,66589.62,,,,49.186041249490266,,,,,,,,,,,,,,66596.16933479128,,,,,,,SELL,,,,,8.92,pullback_structure_not_confirmed;momentum_volume_low
2026-04-03T05:14:49.777178+00:00,XAUUSD,viper,144388,M5,OUTSIDE_HOURS,OUTSIDE_HOURS,NONE,0,5.405325367263564,0,,,,,,,,,,,,,,,,0.34,0.34,4668.9,4673.32,4667.67,4670.82,,,,53.58433911787206,,,,,,,,,,,,,,,,,,,,,BOTH,,,,,21.52,pullback_weak_candle;momentum_volume_low
2026-04-03T05:14:59.998767+00:00,BTCUSD,viper,144388,M5,HOLD,HOLD,NONE,0,78.36149195376126,0,,,,,,,,,,,,,,,,22.0,22.0,66656.12,66656.12,66578.55,66585.79,,,,48.836294537113545,,,,,,,,,,,,,,66595.80457288651,,,,,,,SELL,,,,,8.92,pullback_structure_not_confirmed;momentum_volume_low
2026-04-03T05:15:10.452668+00:00,BTCUSD,viper,144388,M5,HOLD,HOLD,NONE,0,73.83210790635324,0,,,,,,,,,,,,,,,,22.0,22.0,66585.56,66586.21,66571.26,66572.1,,,,47.53517200079587,,,,,,,,,,,,,,66593.54699460881,,,,,,,SELL,,,,,8.46,pullback_structure_not_confirmed;momentum_volume_low
2026-04-03T05:15:21.103560+00:00,BTCUSD,viper,144388,M5,HOLD,HOLD,NONE,0,73.83210790635324,0,,,,,,,,,,,,,,,,22.0,22.0,66585.56,66586.21,66571.26,66571.65,,,,47.49357926658317,,,,,,,,,,,,,,66593.50413746595,,,,,,,SELL,,,,,8.46,pullback_structure_not_confirmed;momentum_volume_low
2026-04-03T05:15:31.561640+00:00,BTCUSD,viper,144388,M5,HOLD,HOLD,NONE,0,74.27353647778132,0,,,,,,,,,,,,,,,,22.0,22.0,66585.56,66586.21,66565.08,66565.76,,,,46.95581178732958,,,,,,,,,,,,,,66592.943185085,,,,,,,SELL,,,,,8.35,pullback_structure_not_confirmed;momentum_volume_low
2026-04-03T05:15:42.071784+00:00,BTCUSD,viper,144388,M5,HOLD,HOLD,NONE,0,75.161393620639,0,,,,,,,,,,,,,,,,22.0,22.0,66585.56,66586.21,66552.65,66552.98,,,,45.82985005622426,,,,,,,,,,,,,,66591.72604222785,,,,,,,SELL,,,,,8.42,pullback_structure_not_confirmed;momentum_volume_low
2026-04-03T05:15:52.581664+00:00,BTCUSD,viper,144388,M5,HOLD,HOLD,NONE,0,75.16710790635237,0,,,,,,,,,,,,,,,,22.0,22.0,66585.56,66586.21,66552.57,66552.9,,,,45.82297182673454,,,,,,,,,,,,,,66591.71842318024,,,,,,,SELL,,,,,8.42,pullback_structure_not_confirmed;momentum_volume_low
2026-04-03T05:16:03.087631+00:00,BTCUSD,viper,144388,M5,HOLD,HOLD,NONE,0,75.17425076349565,0,,,,,,,,,,,,,,,,22.0,22.0,66585.56,66586.21,66552.47,66553.36,,,,45.86254986527849,,,,,,,,,,,,,,66591.76223270404,,,,,,,SELL,,,,,8.42,pullback_structure_not_confirmed;momentum_volume_low
2026-04-03T05:16:13.581703+00:00,BTCUSD,viper,144388,M5,HOLD,HOLD,NONE,0,76.4563936206383,0,,,,,,,,,,,,,,,,22.0,22.0,66585.56,66586.21,66534.52,66535.22,,,,44.35190376906629,,,,,,,,,,,,,,66590.03461365643,,,,,,,SELL,,,,,8.7,pullback_structure_not_confirmed;momentum_volume_low
2026-04-03T05:16:24.045045+00:00,BTCUSD,viper,144388,M5,HOLD,HOLD,NONE,0,77.92710790635337,0,,,,,,,,,,,,,,,,22.0,22.0,66585.56,66586.21,66513.93,66514.18,,,,42.7198201561428,,,,,,,,,,,,,,66588.03080413262,,,,,,,SELL,,,,,9.0,pullback_structure_not_confirmed;momentum_volume_low
2026-04-03T05:16:34.537612+00:00,BTCUSD,viper,144388,M5,HOLD,HOLD,NONE,0,78.31639362063888,0,,,,,,,,,,,,,,,,22.0,22.0,66585.56,66586.21,66508.48,66509.13,,,,42.345807584482635,,,,,,,,,,,,,,66587.54985175167,,,,,,,SELL,,,,,9.07,pullback_structure_not_confirmed;momentum_volume_low
2026-04-03T05:16:35.396913+00:00,XAUUSD,viper,144388,M5,OUTSIDE_HOURS,OUTSIDE_HOURS,NONE,0,5.405325367263564,0,,,,,,,,,,,,,,,,0.34,0.34,4668.9,4673.32,4667.67,4670.82,,,,53.58433911787206,,,,,,,,,,,,,,,,,,,,,BOTH,,,,,21.52,pullback_weak_candle;momentum_volume_low
2026-04-03T05:16:45.712564+00:00,BTCUSD,viper,144388,M5,HOLD,HOLD,NONE,0,78.32210790635328,0,,,,,,,,,,,,,,,,22.0,22.0,66585.56,66586.21,66508.4,66509.02,,,,42.3377336411307,,,,,,,,,,,,,,66587.53937556119,,,,,,,SELL,,,,,9.08,pullback_structure_not_confirmed;momentum_volume_low
2026-04-03T05:16:56.222630+00:00,BTCUSD,viper,144388,M5,HOLD,HOLD,NONE,0,79.48782219206703,0,,,,,,,,,,,,,,,,22.0,22.0,66585.56,66586.21,66492.08,66492.53,,,,41.16123443205811,,,,,,,,,,,,,,66585.96889937071,,,,,,,SELL,,,,,9.29,pullback_structure_not_confirmed;momentum_volume_low
2026-04-03T05:17:06.728493+00:00,BTCUSD,viper,144388,M5,HOLD,HOLD,NONE,0,81.62139362063813,0,,,,,,,,,,,,,,,,22.0,22.0,66585.56,66586.21,66462.21,66462.21,,,,39.1603625620973,,,,,,,,,,,,,,66583.0812803231,,,,,,,SELL,,,,,9.64,pullback_structure_not_confirmed;momentum_volume_low
2026-04-03T05:17:17.657342+00:00,BTCUSD,viper,144388,M5,HOLD,HOLD,NONE,0,82.50639362063808,0,,,,,,,,,,,,,,,,22.0,22.0,66585.56,66586.21,66449.82,66467.32,,,,39.48383848272096,,,,,,,,,,,,,,66583.56794698976,,,,,,,SELL,,,,,9.78,pullback_structure_not_confirmed;momentum_volume_low
2026-04-03T05:17:28.136529+00:00,BTCUSD,viper,144388,M5,HOLD,HOLD,NONE,0,82.50639362063808,0,,,,,,,,,,,,,,,,22.0,22.0,66585.56,66586.21,66449.82,66476.51,,,,40.07923917254288,,,,,,,,,,,,,,66584.443185085,,,,,,,SELL,,,,,9.78,pullback_structure_not_confirmed;momentum_volume_low
2026-04-03T05:17:38.887772+00:00,BTCUSD,viper,144388,M5,HOLD,HOLD,NONE,0,82.50639362063808,0,,,,,,,,,,,,,,,,22.0,22.0,66585.56,66586.21,66449.82,66458.74,,,,38.94370768876242,,,,,,,,,,,,,,66582.75080413262,,,,,,,SELL,,,,,9.78,pullback_structure_not_confirmed;momentum_volume_low
2026-04-03T05:17:49.416147+00:00,BTCUSD,viper,144388,M5,HOLD,HOLD,NONE,0,82.50639362063808,0,,,,,,,,,,,,,,,,22.0,22.0,66585.56,66586.21,66449.82,66453.55,,,,38.62409941927855,,,,,,,,,,,,,,66582.25651841833,,,,,,,SELL,,,,,9.78,pullback_structure_not_confirmed;momentum_volume_low
2026-04-03T05:17:59.915986+00:00,BTCUSD,viper,144388,M5,HOLD,HOLD,NONE,0,82.50639362063808,0,,,,,,,,,,,,,,,,22.0,22.0,66585.56,66586.21,66449.82,66452.08,,,,38.53452567977279,,,,,,,,,,,,,,66582.11651841833,,,,,,,SELL,,,,,9.78,pullback_structure_not_confirmed;momentum_volume_low
2026-04-03T05:18:10.342203+00:00,BTCUSD,viper,144388,M5,HOLD,HOLD,NONE,0,83.72496504921038,0,,,,,,,,,,,,,,,,22.0,22.0,66585.56,66586.21,66432.76,66432.76,,,,37.394741405258074,,,,,,,,,,,,,,66580.27651841834,,,,,,,SELL,,,,,9.96,pullback_structure_not_confirmed;momentum_volume_low
2026-04-03T05:18:20.957676+00:00,BTCUSD,viper,144388,M5,HOLD,HOLD,NONE,0,85.64782219206741,0,,,,,,,,,,,,,,,,22.0,22.0,66585.56,66586.21,66405.84,66432.88,,,,37.40161267654766,,,,,,,,,,,,,,66580.28794698976,,,,,,,SELL,,,,,10.21,pullback_structure_not_confirmed;momentum_volume_low
2026-04-03T05:18:21.884015+00:00,XAUUSD,viper,144388,M5,OUTSIDE_HOURS,OUTSIDE_HOURS,NONE,0,5.405325367263564,0,,,,,,,,,,,,,,,,0.34,0.34,4668.9,4673.32,4667.67,4670.82,,,,53.58433911787206,,,,,,,,,,,,,,,,,,,,,BOTH,,,,,21.52,pullback_weak_candle;momentum_volume_low
2026-04-03T05:18:32.321508+00:00,BTCUSD,viper,144388,M5,HOLD,HOLD,NONE,0,85.64782219206741,0,,,,,,,,,,,,,,,,22.0,22.0,66585.56,66586.21,66405.84,66449.6,,,,38.38434611826295,,,,,,,,,,,,,,66581.88032794214,,,,,,,SELL,,,,,10.21,pullback_structure_not_confirmed;momentum_volume_low
2026-04-03T05:18:43.044143+00:00,BTCUSD,viper,144388,M5,HOLD,HOLD,NONE,0,85.64782219206741,0,,,,,,,,,,,,,,,,22.0,22.0,66585.56,66586.21,66405.84,66471.28,,,,39.73821551726201,,,,,,,,,,,,,,66583.94508984691,,,,,,,SELL,,,,,10.21,pullback_structure_not_confirmed;momentum_volume_low
2026-04-03T05:18:53.537856+00:00,BTCUSD,viper,144388,M5,HOLD,HOLD,NONE,0,85.64782219206741,0,,,,,,,,,,,,,,,,22.0,22.0,66585.56,66586.21,66405.84,66471.06,,,,39.723997502059014,,,,,,,,,,,,,,66583.92413746595,,,,,,,SELL,,,,,10.21,pullback_structure_not_confirmed;momentum_volume_low
2026-04-03T05:19:04.091756+00:00,BTCUSD,viper,144388,M5,HOLD,HOLD,NONE,0,85.64782219206741,0,,,,,,,,,,,,,,,,22.0,22.0,66585.56,66586.21,66405.84,66484.11,,,,40.585363824621766,,,,,,,,,,,,,,66585.16699460881,,,,,,,SELL,,,,,10.21,pullback_structure_not_confirmed;momentum_volume_low
2026-04-03T05:19:14.583919+00:00,BTCUSD,viper,144388,M5,HOLD,HOLD,NONE,0,85.64782219206741,0,,,,,,,,,,,,,,,,22.0,22.0,66585.56,66586.21,66405.84,66484.27,,,,40.596156505379945,,,,,,,,,,,,,,66585.18223270404,,,,,,,SELL,,,,,10.21,pullback_structure_not_confirmed;momentum_volume_low
2026-04-03T05:19:25.069051+00:00,BTCUSD,viper,144388,M5,HOLD,HOLD,NONE,0,85.64782219206741,0,,,,,,,,,,,,,,,,22.0,22.0,66585.56,66586.21,66405.84,66496.78,,,,41.4581563744528,,,,,,,,,,,,,,66586.37366127547,,,,,,,SELL,,,,,10.21,pullback_structure_not_confirmed;momentum_volume_low
2026-04-03T05:19:35.548177+00:00,BTCUSD,viper,144388,M5,HOLD,HOLD,NONE,0,85.64782219206741,0,,,,,,,,,,,,,,,,22.0,22.0,66585.56,66586.21,66405.84,66508.41,,,,42.29301577387603,,,,,,,,,,,,,,66587.48128032309,,,,,,,SELL,,,,,10.21,pullback_structure_not_confirmed;momentum_volume_low
2026-04-03T05:19:46.087303+00:00,BTCUSD,viper,144388,M5,HOLD,HOLD,NONE,0,85.64782219206741,0,,,,,,,,,,,,,,,,22.0,22.0,66585.56,66586.21,66405.84,66514.32,,,,42.73028296296592,,,,,,,,,,,,,,66588.04413746596,,,,,,,SELL,,,,,10.21,pullback_weak_candle;momentum_volume_low
2026-04-03T05:19:56.512585+00:00,BTCUSD,viper,144388,M5,HOLD,HOLD,NONE,0,85.64782219206741,0,,,,,,,,,,,,,,,,22.0,22.0,66585.56,66586.21,66405.84,66514.16,,,,42.718325887708005,,,,,,,,,,,,,,66588.0288993707,,,,,,,SELL,,,,,10.21,pullback_weak_candle;momentum_volume_low
2026-04-03T05:20:07.126790+00:00,BTCUSD,viper,144388,M5,HOLD,HOLD,NONE,0,79.58726786840579,0,,,,,,,,,,,,,,,,22.0,22.0,66514.06,66514.58,66513.78,66514.49,,,,42.75853423332812,,,,,,,,,,,,,,66581.013131051,,,,,,,SELL,,,,,11.42,pullback_not_near_ema;momentum_volume_low
2026-04-03T05:20:07.947589+00:00,XAUUSD,viper,144388,M5,OUTSIDE_HOURS,OUTSIDE_HOURS,NONE,0,5.405325367263564,0,,,,,,,,,,,,,,,,0.34,0.34,4668.9,4673.32,4667.67,4670.82,,,,53.58433911787206,,,,,,,,,,,,,,,,,,,,,BOTH,,,,,21.52,pullback_weak_candle;momentum_volume_low
2026-04-03T05:20:18.195116+00:00,BTCUSD,viper,144388,M5,HOLD,HOLD,NONE,0,80.49941072554894,0,,,,,,,,,,,,,,,,22.0,22.0,66514.06,66527.35,66513.78,66527.15,,,,44.09016935409304,,,,,,,,,,,,,,66582.21884533673,,,,,,,SELL,,,,,11.42,pullback_structure_not_confirmed;momentum_volume_low
2026-04-03T05:20:28.914278+00:00,BTCUSD,viper,144388,M5,HOLD,HOLD,NONE,0,80.49941072554894,0,,,,,,,,,,,,,,,,22.0,22.0,66514.06,66527.35,66513.78,66522.93,,,,43.65322888119976,,,,,,,,,,,,,,66581.81694057482,,,,,,,SELL,,,,,11.42,pullback_structure_not_confirmed;momentum_volume_low
2026-04-03T05:20:40.993786+00:00,BTCUSD,viper,144388,M5,HOLD,HOLD,NONE,0,80.6572678684055,0,,,,,,,,,,,,,,,,22.0,22.0,66514.06,66529.56,66513.78,66528.96,,,,44.27550778570822,,,,,,,,,,,,,,66582.39122628911,,,,,,,SELL,,,,,11.42,pullback_structure_not_confirmed;momentum_volume_low
2026-04-03T05:20:51.692817+00:00,BTCUSD,viper,144388,M5,HOLD,HOLD,NONE,0,80.6572678684055,0,,,,,,,,,,,,,,,,22.0,22.0,66514.06,66529.56,66513.78,66516.98,,,,43.02543127001213,,,,,,,,,,,,,,66581.25027390815,,,,,,,SELL,,,,,11.42,pullback_weak_candle;momentum_volume_low
2026-04-03T05:21:02.308461+00:00,BTCUSD,viper,144388,M5,HOLD,HOLD,NONE,0,82.26369643983445,0,,,,,,,,,,,,,,,,22.0,22.0,66514.06,66529.56,66491.29,66491.29,,,,40.954988820070284,,,,,,,,,,,,,,66578.80360724148,,,,,,,SELL,,,,,11.42,pullback_structure_not_confirmed;momentum_volume_low
2026-04-03T05:21:12.900952+00:00,BTCUSD,viper,144388,M5,HOLD,HOLD,NONE,0,82.78441072554827,0,,,,,,,,,,,,,,,,22.0,22.0,66514.06,66529.56,66484.0,66490.29,,,,40.88116955814267,,,,,,,,,,,,,,66578.70836914625,,,,,,,SELL,,,,,11.42,pullback_structure_not_confirmed;momentum_volume_low
2026-04-03T05:21:23.613084+00:00,BTCUSD,viper,144388,M5,HOLD,HOLD,NONE,0,82.78441072554827,0,,,,,,,,,,,,,,,,22.0,22.0,66514.06,66529.56,66484.0,66490.08,,,,40.86570130972942,,,,,,,,,,,,,,66578.68836914626,,,,,,,SELL,,,,,11.42,pullback_structure_not_confirmed;momentum_volume_low
2026-04-03T05:21:34.436213+00:00,BTCUSD,viper,144388,M5,HOLD,HOLD,NONE,0,82.78441072554827,0,,,,,,,,,,,,,,,,22.0,22.0,66514.06,66529.56,66484.0,66489.0,,,,40.786334857482146,,,,,,,,,,,,,,66578.5855120034,,,,,,,SELL,,,,,11.42,pullback_structure_not_confirmed;momentum_volume_low
2026-04-03T05:21:45.274183+00:00,BTCUSD,viper,144388,M5,HOLD,HOLD,NONE,0,82.79369643983432,0,,,,,,,,,,,,,,,,22.0,22.0,66514.06,66529.56,66483.87,66499.54,,,,41.57432368406783,,,,,,,,,,,,,,66579.5893215272,,,,,,,SELL,,,,,11.42,pullback_weak_candle;momentum_volume_low
2026-04-03T05:21:55.797287+00:00,BTCUSD,viper,144388,M5,HOLD,HOLD,NONE,0,82.79369643983432,0,,,,,,,,,,,,,,,,22.0,22.0,66514.06,66529.56,66483.87,66509.03,,,,42.31032284570448,,,,,,,,,,,,,,66580.49313105101,,,,,,,SELL,,,,,11.42,pullback_weak_candle;momentum_volume_low
2026-04-03T05:21:56.879655+00:00,XAUUSD,viper,144388,M5,OUTSIDE_HOURS,OUTSIDE_HOURS,NONE,0,5.405325367263564,0,,,,,,,,,,,,,,,,0.34,0.34,4668.9,4673.32,4667.67,4670.82,,,,53.58433911787206,,,,,,,,,,,,,,,,,,,,,BOTH,,,,,21.52,pullback_weak_candle;momentum_volume_low
2026-04-03T05:22:07.256331+00:00,BTCUSD,viper,144388,M5,HOLD,HOLD,NONE,0,82.79369643983432,0,,,,,,,,,,,,,,,,22.0,22.0,66514.06,66529.56,66483.87,66498.82,,,,41.51952758176554,,,,,,,,,,,,,,66579.52075009863,,,,,,,SELL,,,,,11.42,pullback_weak_candle;momentum_volume_low
2026-04-03T05:22:17.849461+00:00,BTCUSD,viper,144388,M5,HOLD,HOLD,NONE,0,82.79369643983432,0,,,,,,,,,,,,,,,,22.0,22.0,66514.06,66529.56,66483.87,66491.36,,,,40.96016615351452,,,,,,,,,,,,,,66578.81027390815,,,,,,,SELL,,,,,11.42,pullback_structure_not_confirmed;momentum_volume_low
2026-04-03T05:22:28.297653+00:00,BTCUSD,viper,144388,M5,HOLD,HOLD,NONE,0,82.79369643983432,0,,,,,,,,,,,,,,,,22.0,22.0,66514.06,66529.56,66483.87,66498.33,,,,41.48231831790008,,,,,,,,,,,,,,66579.47408343197,,,,,,,SELL,,,,,11.42,pullback_weak_candle;momentum_volume_low
2026-04-03T05:22:38.841857+00:00,BTCUSD,viper,144388,M5,HOLD,HOLD,NONE,0,82.79369643983432,0,,,,,,,,,,,,,,,,22.0,22.0,66514.06,66529.56,66483.87,66498.63,,,,41.50509157902644,,,,,,,,,,,,,,66579.50265486054,,,,,,,SELL,,,,,11.42,pullback_weak_candle;momentum_volume_low
2026-04-03T05:22:49.452418+00:00,BTCUSD,viper,144388,M5,HOLD,HOLD,NONE,0,82.79369643983432,0,,,,,,,,,,,,,,,,22.0,22.0,66514.06,66529.56,66483.87,66498.69,,,,41.50964923211582,,,,,,,,,,,,,,66579.50836914625,,,,,,,SELL,,,,,11.42,pullback_weak_candle;momentum_volume_low
2026-04-03T05:22:59.962185+00:00,BTCUSD,viper,144388,M5,HOLD,HOLD,NONE,0,82.79369643983432,0,,,,,,,,,,,,,,,,22.0,22.0,66514.06,66529.56,66483.87,66503.74,,,,41.89687265838359,,,,,,,,,,,,,,66579.9893215272,,,,,,,SELL,,,,,11.42,pullback_weak_candle;momentum_volume_low
2026-04-03T05:23:10.485905+00:00,BTCUSD,viper,144388,M5,HOLD,HOLD,NONE,0,82.79369643983432,0,,,,,,,,,,,,,,,,22.0,22.0,66514.06,66529.56,66483.87,66502.93,,,,41.8342778265545,,,,,,,,,,,,,,66579.91217867006,,,,,,,SELL,,,,,11.42,pullback_weak_candle;momentum_volume_low
2026-04-03T05:23:20.983571+00:00,BTCUSD,viper,144388,M5,HOLD,HOLD,NONE,0,82.79369643983432,0,,,,,,,,,,,,,,,,22.0,22.0,66514.06,66529.56,66483.87,66502.42,,,,41.79496213099492,,,,,,,,,,,,,,66579.86360724148,,,,,,,SELL,,,,,11.42,pullback_weak_candle;momentum_volume_low
2026-04-03T05:23:31.456754+00:00,BTCUSD,viper,144388,M5,HOLD,HOLD,NONE,0,82.94441072554865,0,,,,,,,,,,,,,,,,22.0,22.0,66514.06,66529.56,66481.76,66482.24,,,,40.29647928281087,,,,,,,,,,,,,,66577.94170247958,,,,,,,SELL,,,,,11.42,pullback_structure_not_confirmed;momentum_volume_low
2026-04-03T05:23:41.976914+00:00,BTCUSD,viper,144388,M5,HOLD,HOLD,NONE,0,83.47869643983407,0,,,,,,,,,,,,,,,,22.0,22.0,66514.06,66529.56,66474.28,66474.44,,,,39.74568269376352,,,,,,,,,,,,,,66577.19884533672,,,,,,,SELL,,,,,11.42,pullback_structure_not_confirmed;momentum_volume_low
2026-04-03T05:23:42.911071+00:00,XAUUSD,viper,144388,M5,OUTSIDE_HOURS,OUTSIDE_HOURS,NONE,0,5.405325367263564,0,,,,,,,,,,,,,,,,0.34,0.34,4668.9,4673.32,4667.67,4670.82,,,,53.58433911787206,,,,,,,,,,,,,,,,,,,,,BOTH,,,,,21.52,pullback_weak_candle;momentum_volume_low
2026-04-03T05:23:53.152420+00:00,BTCUSD,viper,144388,M5,HOLD,HOLD,NONE,0,83.4851250112624,0,,,,,,,,,,,,,,,,22.0,22.0,66514.06,66529.56,66474.19,66474.95,,,,39.78123583539041,,,,,,,,,,,,,,66577.2474167653,,,,,,,SELL,,,,,11.42,pullback_structure_not_confirmed;momentum_volume_low
2026-04-03T05:24:03.660756+00:00,BTCUSD,viper,144388,M5,HOLD,HOLD,NONE,0,84.13298215412003,0,,,,,,,,,,,,,,,,22.0,22.0,66514.06,66529.56,66465.12,66467.9,,,,39.29533465459303,,,,,,,,,,,,,,66576.57598819387,,,,,,,SELL,,,,,11.42,pullback_structure_not_confirmed;momentum_volume_low
2026-04-03T05:24:14.179307+00:00,BTCUSD,viper,144388,M5,HOLD,HOLD,NONE,0,84.13298215412003,0,,,,,,,,,,,,,,,,22.0,22.0,66514.06,66529.56,66465.12,66479.98,,,,40.13532498158262,,,,,,,,,,,,,,66577.72646438435,,,,,,,SELL,,,,,11.42,pullback_structure_not_confirmed;momentum_volume_low
2026-04-03T05:24:24.657802+00:00,BTCUSD,viper,144388,M5,HOLD,HOLD,NONE,0,84.13298215412003,0,,,,,,,,,,,,,,,,22.0,22.0,66514.06,66529.56,66465.12,66485.87,,,,40.55805075563516,,,,,,,,,,,,,,66578.28741676529,,,,,,,SELL,,,,,11.42,pullback_structure_not_confirmed;momentum_volume_low
2026-04-03T05:24:35.101337+00:00,BTCUSD,viper,144388,M5,HOLD,HOLD,NONE,0,84.13298215412003,0,,,,,,,,,,,,,,,,22.0,22.0,66514.06,66529.56,66465.12,66468.01,,,,39.3028249167583,,,,,,,,,,,,,,66576.58646438434,,,,,,,SELL,,,,,11.42,pullback_structure_not_confirmed;momentum_volume_low
2026-04-03T05:24:45.606642+00:00,BTCUSD,viper,144388,M5,HOLD,HOLD,NONE,0,84.13298215412003,0,,,,,,,,,,,,,,,,22.0,22.0,66514.06,66529.56,66465.12,66468.18,,,,39.31440639473777,,,,,,,,,,,,,,66576.60265486053,,,,,,,SELL,,,,,11.42,pullback_structure_not_confirmed;momentum_volume_low
2026-04-03T05:24:56.184892+00:00,BTCUSD,viper,144388,M5,HOLD,HOLD,NONE,0,84.13298215412003,0,,,,,,,,,,,,,,,,22.0,22.0,66514.06,66529.56,66465.12,66467.56,,,,39.27220097451086,,,,,,,,,,,,,,66576.54360724149,,,,,,,SELL,,,,,11.42,pullback_structure_not_confirmed;momentum_volume_low
2026-04-03T05:25:07.056707+00:00,BTCUSD,viper,144388,M5,HOLD,HOLD,NONE,0,78.18705992313714,0,,,,,,,,,,,,,,,,22.0,22.0,66467.89,66468.33,66467.44,66467.9,,,,39.30843091869501,,,,,,,,,,,,,,66566.2009053192,,,,,,,SELL,,,,,12.54,pullback_not_near_ema;momentum_volume_low
2026-04-03T05:25:17.629581+00:00,BTCUSD,viper,144388,M5,HOLD,HOLD,NONE,0,80.18920278027991,0,,,,,,,,,,,,,,,,22.0,22.0,66467.89,66496.36,66467.44,66496.36,,,,42.365663239083574,,,,,,,,,,,,,,66568.91138150968,,,,,,,SELL,,,,,12.54,pullback_not_near_ema;momentum_volume_low
2026-04-03T05:25:28.092273+00:00,BTCUSD,viper,144388,M5,HOLD,HOLD,NONE,0,80.3692027802802,0,,,,,,,,,,,,,,,,22.0,22.0,66467.89,66498.88,66467.44,66498.34,,,,42.566939395964226,,,,,,,,,,,,,,66569.09995293825,,,,,,,SELL,,,,,12.54,pullback_not_near_ema;momentum_volume_low
2026-04-03T05:25:28.867857+00:00,XAUUSD,viper,144388,M5,OUTSIDE_HOURS,OUTSIDE_HOURS,NONE,0,5.405325367263564,0,,,,,,,,,,,,,,,,0.34,0.34,4668.9,4673.32,4667.67,4670.82,,,,53.58433911787206,,,,,,,,,,,,,,,,,,,,,BOTH,,,,,21.52,pullback_weak_candle;momentum_volume_low
2026-04-03T05:25:39.098775+00:00,BTCUSD,viper,144388,M5,HOLD,HOLD,NONE,0,80.37563135170852,0,,,,,,,,,,,,,,,,22.0,22.0,66467.89,66498.97,66467.44,66498.63,,,,42.596301266262074,,,,,,,,,,,,,,66569.12757198587,,,,,,,SELL,,,,,12.54,pullback_not_near_ema;momentum_volume_low
2026-04-03T05:25:49.562578+00:00,BTCUSD,viper,144388,M5,HOLD,HOLD,NONE,0,80.82205992313709,0,,,,,,,,,,,,,,,,22.0,22.0,66467.89,66505.22,66467.44,66504.66,,,,43.200095106617574,,,,,,,,,,,,,,66569.70185770016,,,,,,,SELL,,,,,12.54,pullback_not_near_ema;momentum_volume_low
2026-04-03T05:26:00.166219+00:00,BTCUSD,viper,144388,M5,HOLD,HOLD,NONE,0,80.82205992313709,0,,,,,,,,,,,,,,,,22.0,22.0,66467.89,66505.22,66467.44,66505.11,,,,43.24464542832999,,,,,,,,,,,,,,66569.74471484302,,,,,,,SELL,,,,,12.54,pullback_not_near_ema;momentum_volume_low
2026-04-03T05:26:10.686633+00:00,BTCUSD,viper,144388,M5,HOLD,HOLD,NONE,0,80.82205992313709,0,,,,,,,,,,,,,,,,22.0,22.0,66467.89,66505.22,66467.44,66504.74,,,,43.20802027475287,,,,,,,,,,,,,,66569.70947674778,,,,,,,SELL,,,,,12.54,pullback_not_near_ema;momentum_volume_low
2026-04-03T05:26:21.175986+00:00,BTCUSD,viper,144388,M5,HOLD,HOLD,NONE,0,80.82205992313709,0,,,,,,,,,,,,,,,,22.0,22.0,66467.89,66505.22,66467.44,66504.59,,,,43.19315876985097,,,,,,,,,,,,,,66569.69519103349,,,,,,,SELL,,,,,12.54,pullback_not_near_ema;momentum_volume_low
2026-04-03T05:26:31.672469+00:00,BTCUSD,viper,144388,M5,HOLD,HOLD,NONE,0,81.51634563742289,0,,,,,,,,,,,,,,,,22.0,22.0,66467.89,66514.94,66467.44,66514.94,,,,44.20067902439073,,,,,,,,,,,,,,66570.68090531921,,,,,,,SELL,,,,,12.54,pullback_structure_not_confirmed;momentum_volume_low
2026-04-03T05:26:42.152066+00:00,BTCUSD,viper,144388,M5,HOLD,HOLD,NONE,0,82.68634563742323,0,,,,,,,,,,,,,,,,22.0,22.0,66467.89,66531.32,66467.44,66527.14,,,,45.34333566827411,,,,,,,,,,,,,,66571.84281008111,,,,,,,SELL,,,,,12.5,pullback_structure_not_confirmed;momentum_volume_low
2026-04-03T05:26:52.830115+00:00,BTCUSD,viper,144388,M5,HOLD,HOLD,NONE,0,82.68634563742323,0,,,,,,,,,,,,,,,,22.0,22.0,66467.89,66531.32,66467.44,66527.1,,,,45.3396657256124,,,,,,,,,,,,,,66571.8390005573,,,,,,,SELL,,,,,12.5,pullback_structure_not_confirmed;momentum_volume_low
2026-04-03T05:27:03.610171+00:00,BTCUSD,viper,144388,M5,HOLD,HOLD,NONE,0,82.68634563742323,0,,,,,,,,,,,,,,,,22.0,22.0,66467.89,66531.32,66467.44,66524.43,,,,45.09357764886947,,,,,,,,,,,,,,66571.58471484302,,,,,,,SELL,,,,,12.5,pullback_structure_not_confirmed;momentum_volume_low
2026-04-03T05:27:14.471371+00:00,BTCUSD,viper,144388,M5,HOLD,HOLD,NONE,0,82.68634563742323,0,,,,,,,,,,,,,,,,22.0,22.0,66467.89,66531.32,66467.44,66520.48,,,,44.725423629847874,,,,,,,,,,,,,,66571.20852436683,,,,,,,SELL,,,,,12.5,pullback_structure_not_confirmed;momentum_volume_low
2026-04-03T05:27:15.483325+00:00,XAUUSD,viper,144388,M5,OUTSIDE_HOURS,OUTSIDE_HOURS,NONE,0,5.405325367263564,0,,,,,,,,,,,,,,,,0.34,0.34,4668.9,4673.32,4667.67,4670.82,,,,53.58433911787206,,,,,,,,,,,,,,,,,,,,,BOTH,,,,,21.52,pullback_weak_candle;momentum_volume_low
2026-04-03T05:27:25.953149+00:00,BTCUSD,viper,144388,M5,HOLD,HOLD,NONE,0,82.68634563742323,0,,,,,,,,,,,,,,,,22.0,22.0,66467.89,66531.32,66467.44,66520.87,,,,44.76199253139963,,,,,,,,,,,,,,66571.24566722396,,,,,,,SELL,,,,,12.5,pullback_structure_not_confirmed;momentum_volume_low
2026-04-03T05:27:36.794033+00:00,BTCUSD,viper,144388,M5,HOLD,HOLD,NONE,0,82.68634563742323,0,,,,,,,,,,,,,,,,22.0,22.0,66467.89,66531.32,66467.44,66531.28,,,,45.720528090570575,,,,,,,,,,,,,,66572.2370957954,,,,,,,SELL,,,,,12.5,pullback_structure_not_confirmed;momentum_volume_low
2026-04-03T05:27:47.575540+00:00,BTCUSD,viper,144388,M5,HOLD,HOLD,NONE,0,82.69348849456546,0,,,,,,,,,,,,,,,,22.0,22.0,66467.89,66531.42,66467.44,66531.03,,,,45.69789852897631,,,,,,,,,,,,,,66572.21328627158,,,,,,,SELL,,,,,12.5,pullback_structure_not_confirmed;momentum_volume_low
2026-04-03T05:27:58.142520+00:00,BTCUSD,viper,144388,M5,HOLD,HOLD,NONE,0,82.69991706599377,0,,,,,,,,,,,,,,,,22.0,22.0,66467.89,66531.51,66467.44,66531.18,,,,45.711478529634505,,,,,,,,,,,,,,66572.22757198587,,,,,,,SELL,,,,,12.5,pullback_structure_not_confirmed;momentum_volume_low
2026-04-03T05:28:08.632839+00:00,BTCUSD,viper,144388,M5,HOLD,HOLD,NONE,0,82.69991706599377,0,,,,,,,,,,,,,,,,22.0,22.0,66467.89,66531.51,66467.44,66529.5,,,,45.55899345984834,,,,,,,,,,,,,,66572.06757198587,,,,,,,SELL,,,,,12.5,pullback_structure_not_confirmed;momentum_volume_low
2026-04-03T05:28:19.126314+00:00,BTCUSD,viper,144388,M5,HOLD,HOLD,NONE,0,82.69991706599377,0,,,,,,,,,,,,,,,,22.0,22.0,66467.89,66531.51,66467.44,66529.19,,,,45.53076267089262,,,,,,,,,,,,,,66572.03804817634,,,,,,,SELL,,,,,12.5,pullback_structure_not_confirmed;momentum_volume_low
2026-04-03T05:28:29.718072+00:00,BTCUSD,viper,144388,M5,HOLD,HOLD,NONE,0,82.69991706599377,0,,,,,,,,,,,,,,,,22.0,22.0,66467.89,66531.51,66467.44,66528.86,,,,45.50067835002898,,,,,,,,,,,,,,66572.00661960492,,,,,,,SELL,,,,,12.5,pullback_structure_not_confirmed;momentum_volume_low
2026-04-03T05:28:40.294655+00:00,BTCUSD,viper,144388,M5,HOLD,HOLD,NONE,0,82.69991706599377,0,,,,,,,,,,,,,,,,22.0,22.0,66467.89,66531.51,66467.44,66529.18,,,,45.52985151280374,,,,,,,,,,,,,,66572.0370957954,,,,,,,SELL,,,,,12.5,pullback_structure_not_confirmed;momentum_volume_low
2026-04-03T05:28:50.885695+00:00,BTCUSD,viper,144388,M5,HOLD,HOLD,NONE,0,82.69991706599377,0,,,,,,,,,,,,,,,,22.0,22.0,66467.89,66531.51,66467.44,66529.38,,,,45.548068884619866,,,,,,,,,,,,,,66572.05614341445,,,,,,,SELL,,,,,12.5,pullback_structure_not_confirmed;momentum_volume_low
2026-04-03T05:29:01.438285+00:00,BTCUSD,viper,144388,M5,HOLD,HOLD,NONE,0,82.87920278028015,0,,,,,,,,,,,,,,,,22.0,22.0,66467.89,66534.02,66467.44,66533.69,,,,45.937713650012505,,,,,,,,,,,,,,66572.46661960492,,,,,,,SELL,,,,,12.45,pullback_structure_not_confirmed;momentum_volume_low
2026-04-03T05:29:02.579924+00:00,XAUUSD,viper,144388,M5,OUTSIDE_HOURS,OUTSIDE_HOURS,NONE,0,5.405325367263564,0,,,,,,,,,,,,,,,,0.34,0.34,4668.9,4673.32,4667.67,4670.82,,,,53.58433911787206,,,,,,,,,,,,,,,,,,,,,BOTH,,,,,21.52,pullback_weak_candle;momentum_volume_low
2026-04-03T05:29:12.833260+00:00,BTCUSD,viper,144388,M5,HOLD,HOLD,NONE,0,82.88491706599457,0,,,,,,,,,,,,,,,,22.0,22.0,66467.89,66534.1,66467.44,66533.76,,,,45.94399597310375,,,,,,,,,,,,,,66572.47328627159,,,,,,,SELL,,,,,12.45,pullback_structure_not_confirmed;momentum_volume_low
2026-04-03T05:29:23.610566+00:00,BTCUSD,viper,144388,M5,HOLD,HOLD,NONE,0,83.51491706599403,0,,,,,,,,,,,,,,,,22.0,22.0,66467.89,66542.92,66467.44,66542.76,,,,46.73974040367669,,,,,,,,,,,,,,66573.33042912873,,,,,,,SELL,,,,,12.3,pullback_structure_not_confirmed;momentum_volume_low
2026-04-03T05:29:34.297565+00:00,BTCUSD,viper,144388,M5,HOLD,HOLD,NONE,0,85.85777420885138,0,,,,,,,,,,,,,,,,22.0,22.0,66467.89,66575.72,66467.44,66575.72,,,,49.46415914545133,,,,,,,,,,,,,,66576.46947674778,,,,,,,SELL,,,,,11.76,pullback_structure_not_confirmed;momentum_volume_low
2026-04-03T05:29:44.788281+00:00,BTCUSD,viper,144388,M5,HOLD,HOLD,NONE,0,85.90920278028004,0,,,,,,,,,,,,,,,,22.0,22.0,66467.89,66576.44,66467.44,66576.04,,,,49.48924432544025,,,,,,,,,,,,,,66576.49995293825,,,,,,,SELL,,,,,11.75,pullback_structure_not_confirmed;momentum_volume_low
2026-04-03T05:29:55.249835+00:00,BTCUSD,viper,144388,M5,HOLD,HOLD,NONE,0,85.90920278028004,0,,,,,,,,,,,,,,,,22.0,22.0,66467.89,66576.44,66467.44,66573.08,,,,49.256251793227,,,,,,,,,,,,,,66576.21804817635,,,,,,,SELL,,,,,11.75,pullback_structure_not_confirmed;momentum_volume_low
2026-04-03T05:30:05.671199+00:00,BTCUSD,viper,144388,M5,HOLD,HOLD,NONE,0,81.69712130559553,0,,,,,,,,,,,,,,,,22.0,22.0,66572.66,66599.33,66572.39,66599.33,,,,51.39837852019107,,,,,,,,,,,,,,66578.40367611805,,,,,,,SELL,,,,,11.69,pullback_structure_not_confirmed;momentum_volume_low
2026-04-03T05:30:16.159192+00:00,BTCUSD,viper,144388,M5,HOLD,HOLD,NONE,0,82.98854987702423,0,,,,,,,,,,,,,,,,22.0,22.0,66572.66,66617.41,66572.39,66611.58,,,,52.336886240158826,,,,,,,,,,,,,,66579.57034278472,,,,,,,SELL,,,,,11.43,pullback_structure_not_confirmed;momentum_volume_low
2026-04-03T05:30:26.735492+00:00,BTCUSD,viper,144388,M5,HOLD,HOLD,NONE,0,83.17069273416729,0,,,,,,,,,,,,,,,,22.0,22.0,66572.66,66619.96,66572.39,66613.01,,,,52.44408544833528,,,,,,,,,,,,,,66579.7065332609,,,,,,,SELL,,,,,11.39,pullback_structure_not_confirmed;momentum_volume_low
2026-04-03T05:30:37.209971+00:00,BTCUSD,viper,144388,M5,HOLD,HOLD,NONE,0,83.17069273416729,0,,,,,,,,,,,,,,,,22.0,22.0,66572.66,66619.96,66572.39,66612.94,,,,52.43884916034892,,,,,,,,,,,,,,66579.69986659424,,,,,,,SELL,,,,,11.39,pullback_structure_not_confirmed;momentum_volume_low
2026-04-03T05:30:47.696113+00:00,BTCUSD,viper,144388,M5,HOLD,HOLD,NONE,0,83.63926416273854,0,,,,,,,,,,,,,,,,22.0,22.0,66572.66,66626.52,66572.39,66626.52,,,,53.43355305433505,,,,,,,,,,,,,,66580.99319992757,,,,,,,SELL,,,,,11.3,pullback_structure_not_confirmed;momentum_volume_low
2026-04-03T05:30:48.407592+00:00,XAUUSD,viper,144388,M5,OUTSIDE_HOURS,OUTSIDE_HOURS,NONE,0,5.405325367263564,0,,,,,,,,,,,,,,,,0.34,0.34,4668.9,4673.32,4667.67,4670.82,,,,53.58433911787206,,,,,,,,,,,,,,,,,,,,,BOTH,,,,,21.52,pullback_weak_candle;momentum_volume_low
2026-04-03T05:30:58.642653+00:00,BTCUSD,viper,144388,M5,HOLD,HOLD,NONE,0,86.14497844845296,0,,,,,,,,,,,,,,,,22.0,22.0,66572.66,66661.6,66572.39,66661.6,,,,55.82039210786011,,,,,,,,,,,,,,66584.33415230853,,,,,,,SELL,,,,,10.97,pullback_structure_not_confirmed;momentum_volume_low
2026-04-03T05:31:09.201670+00:00,BTCUSD,viper,144388,M5,HOLD,HOLD,NONE,0,88.8021213055956,0,,,,,,,,,,,,,,,,22.0,22.0,66572.66,66698.8,66572.39,66687.46,,,,57.428937990497325,,,,,,,,,,,,,,66586.79700945139,,,,,,,SELL,,,,,11.39,pullback_structure_not_confirmed;momentum_volume_low
2026-04-03T05:31:19.723006+00:00,BTCUSD,viper,144388,M5,HOLD,HOLD,NONE,0,89.64140701988131,0,,,,,,,,,,,,,,,,22.0,22.0,66572.66,66710.55,66572.39,66710.48,,,,58.765380813672536,,,,,,,,,,,,,,66588.98939040376,,,,,,,SELL,,,,,11.51,pullback_structure_not_confirmed;momentum_volume_low
2026-04-03T05:31:30.291457+00:00,BTCUSD,viper,144388,M5,HOLD,HOLD,NONE,0,89.64140701988131,0,,,,,,,,,,,,,,,,22.0,22.0,66572.66,66710.55,66572.39,66699.52,,,,58.13971370058949,,,,,,,,,,,,,,66587.94558087995,,,,,,,SELL,,,,,11.51,pullback_structure_not_confirmed;momentum_volume_low
2026-04-03T05:31:40.864033+00:00,BTCUSD,viper,144388,M5,HOLD,HOLD,NONE,0,89.64140701988131,0,,,,,,,,,,,,,,,,22.0,22.0,66572.66,66710.55,66572.39,66698.84,,,,58.10026879370712,,,,,,,,,,,,,,66587.88081897519,,,,,,,SELL,,,,,11.51,pullback_structure_not_confirmed;momentum_volume_low
2026-04-03T05:31:51.306066+00:00,BTCUSD,viper,144388,M5,HOLD,HOLD,NONE,0,89.64140701988131,0,,,,,,,,,,,,,,,,22.0,22.0,66572.66,66710.55,66572.39,66704.3,,,,58.41490605829719,,,,,,,,,,,,,,66588.40081897519,,,,,,,SELL,,,,,11.51,pullback_structure_not_confirmed;momentum_volume_low
2026-04-03T05:32:01.768048+00:00,BTCUSD,viper,144388,M5,HOLD,HOLD,NONE,0,89.90212130559519,0,,,,,,,,,,,,,,,,22.0,22.0,66572.66,66714.2,66572.39,66713.88,,,,58.95569117900546,,,,,,,,,,,,,,66589.31319992758,,,,,,,SELL,,,,,11.55,pullback_structure_not_confirmed;momentum_volume_low
2026-04-03T05:32:12.239189+00:00,BTCUSD,viper,144388,M5,HOLD,HOLD,NONE,0,89.91926416273841,0,,,,,,,,,,,,,,,,22.0,22.0,66572.66,66714.44,66572.39,66713.67,,,,58.943987629456515,,,,,,,,,,,,,,66589.29319992758,,,,,,,SELL,,,,,11.55,pullback_structure_not_confirmed;momentum_volume_low
2026-04-03T05:32:15.394891+00:00,BTCUSD,viper,144388,M5,TRADE_CLOSED,TRADE_CLOSED,OUTCOME,0,96.21479053912725,0,66492.74,66792.72,66792.72,65842.72,65842.72,1.05,7772381,66804.48,TRAILING_SL,-327.33,-327.33,LOSS,149.66666666666666,143578.62,143578.62,22.0,22.0,,,,,,,,,,,,,,,,,,,,,,,,,,,,,,,,,,,
2026-04-03T05:32:22.806678+00:00,BTCUSD,viper,144388,M5,HOLD,HOLD,NONE,0,95.88069273416642,0,,,,,,,,,,,,,,,,22.0,22.0,66572.66,66797.9,66572.39,66777.26,,,,62.20718555998486,,,,,,,,,,,,,,66595.34939040376,,,,,,,SELL,,,,,12.3,pullback_structure_not_confirmed;momentum_volume_low
2026-04-03T05:32:33.281056+00:00,BTCUSD,viper,144388,M5,HOLD,HOLD,NONE,0,95.88069273416642,0,,,,,,,,,,,,,,,,22.0,22.0,66572.66,66797.9,66572.39,66744.82,,,,60.61004109934681,,,,,,,,,,,,,,66592.25986659425,,,,,,,SELL,,,,,12.3,pullback_structure_not_confirmed;momentum_volume_low
2026-04-03T05:32:34.116272+00:00,XAUUSD,viper,144388,M5,OUTSIDE_HOURS,OUTSIDE_HOURS,NONE,0,5.405325367263564,0,,,,,,,,,,,,,,,,0.34,0.34,4668.9,4673.32,4667.67,4670.82,,,,53.58433911787206,,,,,,,,,,,,,,,,,,,,,BOTH,,,,,21.52,pullback_weak_candle;momentum_volume_low
2026-04-03T05:32:44.423141+00:00,BTCUSD,viper,144388,M5,HOLD,HOLD,NONE,0,95.88069273416642,0,,,,,,,,,,,,,,,,22.0,22.0,66572.66,66797.9,66572.39,66741.76,,,,60.452390442995586,,,,,,,,,,,,,,66591.96843802281,,,,,,,SELL,,,,,12.3,pullback_structure_not_confirmed;momentum_volume_low
2026-04-03T05:32:54.869397+00:00,BTCUSD,viper,144388,M5,HOLD,HOLD,NONE,0,95.88069273416642,0,,,,,,,,,,,,,,,,22.0,22.0,66572.66,66797.9,66572.39,66732.04,,,,59.943139309859404,,,,,,,,,,,,,,66591.0427237371,,,,,,,SELL,,,,,12.3,pullback_structure_not_confirmed;momentum_volume_low
2026-04-03T05:33:05.339145+00:00,BTCUSD,viper,144388,M5,HOLD,HOLD,NONE,0,95.88069273416642,0,,,,,,,,,,,,,,,,22.0,22.0,66572.66,66797.9,66572.39,66713.84,,,,58.95346244593281,,,,,,,,,,,,,,66589.30939040377,,,,,,,SELL,,,,,12.3,pullback_structure_not_confirmed;momentum_volume_low
2026-04-03T05:33:15.873371+00:00,BTCUSD,viper,144388,M5,HOLD,HOLD,NONE,0,95.88069273416642,0,,,,,,,,,,,,,,,,22.0,22.0,66572.66,66797.9,66572.39,66709.26,,,,58.69666201460445,,,,,,,,,,,,,,66588.87319992758,,,,,,,SELL,,,,,12.3,pullback_structure_not_confirmed;momentum_volume_low
2026-04-03T05:33:26.321892+00:00,BTCUSD,viper,144388,M5,HOLD,HOLD,NONE,0,95.88069273416642,0,,,,,,,,,,,,,,,,22.0,22.0,66572.66,66797.9,66572.39,66716.48,,,,59.10004149972807,,,,,,,,,,,,,,66589.5608189752,,,,,,,SELL,,,,,12.3,pullback_structure_not_confirmed;momentum_volume_low
2026-04-03T05:33:36.761333+00:00,BTCUSD,viper,144388,M5,HOLD,HOLD,NONE,0,95.88069273416642,0,,,,,,,,,,,,,,,,22.0,22.0,66572.66,66797.9,66572.39,66709.7,,,,58.721472234773834,,,,,,,,,,,,,,66588.91510468948,,,,,,,SELL,,,,,12.3,pullback_structure_not_confirmed;momentum_volume_low
2026-04-03T05:33:47.296713+00:00,BTCUSD,viper,144388,M5,HOLD,HOLD,NONE,0,95.88069273416642,0,,,,,,,,,,,,,,,,22.0,22.0,66572.66,66797.9,66572.39,66716.38,,,,59.09450834167999,,,,,,,,,,,,,,66589.55129516567,,,,,,,SELL,,,,,12.3,pullback_structure_not_confirmed;momentum_volume_low
2026-04-03T05:33:58.051321+00:00,BTCUSD,viper,144388,M5,HOLD,HOLD,NONE,0,95.88069273416642,0,,,,,,,,,,,,,,,,22.0,22.0,66572.66,66797.9,66572.39,66703.0,,,,58.34042179976388,,,,,,,,,,,,,,66588.27700945138,,,,,,,SELL,,,,,12.3,pullback_structure_not_confirmed;momentum_volume_low
2026-04-03T05:34:08.774614+00:00,BTCUSD,viper,144388,M5,HOLD,HOLD,NONE,0,95.88069273416642,0,,,,,,,,,,,,,,,,22.0,22.0,66572.66,66797.9,66572.39,66706.24,,,,58.52556550163438,,,,,,,,,,,,,,66588.58558087995,,,,,,,SELL,,,,,12.3,pullback_structure_not_confirmed;momentum_volume_low
2026-04-03T05:34:19.491345+00:00,BTCUSD,viper,144388,M5,HOLD,HOLD,NONE,0,95.88069273416642,0,,,,,,,,,,,,,,,,22.0,22.0,66572.66,66797.9,66572.39,66716.54,,,,59.103360676100515,,,,,,,,,,,,,,66589.5665332609,,,,,,,SELL,,,,,12.3,pullback_structure_not_confirmed;momentum_volume_low
2026-04-03T05:34:20.585456+00:00,XAUUSD,viper,144388,M5,OUTSIDE_HOURS,OUTSIDE_HOURS,NONE,0,5.405325367263564,0,,,,,,,,,,,,,,,,0.34,0.34,4668.9,4673.32,4667.67,4670.82,,,,53.58433911787206,,,,,,,,,,,,,,,,,,,,,BOTH,,,,,21.52,pullback_weak_candle;momentum_volume_low
2026-04-03T05:34:31.033978+00:00,BTCUSD,viper,144388,M5,HOLD,HOLD,NONE,0,95.88069273416642,0,,,,,,,,,,,,,,,,22.0,22.0,66572.66,66797.9,66572.39,66710.78,,,,58.78224386567982,,,,,,,,,,,,,,66589.01796183235,,,,,,,SELL,,,,,12.3,pullback_structure_not_confirmed;momentum_volume_low
2026-04-03T05:34:41.521392+00:00,BTCUSD,viper,144388,M5,HOLD,HOLD,NONE,0,95.88069273416642,0,,,,,,,,,,,,,,,,22.0,22.0,66572.66,66797.9,66572.39,66711.18,,,,58.80470649184441,,,,,,,,,,,,,,66589.05605707044,,,,,,,SELL,,,,,12.3,pullback_structure_not_confirmed;momentum_volume_low
2026-04-03T05:34:52.145981+00:00,BTCUSD,viper,144388,M5,HOLD,HOLD,NONE,0,95.88069273416642,0,,,,,,,,,,,,,,,,22.0,22.0,66572.66,66797.9,66572.39,66711.12,,,,58.80133865884611,,,,,,,,,,,,,,66589.05034278471,,,,,,,SELL,,,,,12.3,pullback_structure_not_confirmed;momentum_volume_low
2026-04-03T05:35:02.666475+00:00,BTCUSD,viper,144388,M5,HOLD,HOLD,NONE,0,90.40635880127853,0,,,,,,,,,,,,,,,,22.0,22.0,66711.02,66729.8,66710.56,66729.12,,,,59.86133710725029,,,,,,,,,,,,,,66602.39375673355,,,,,,,SELL,,,,,12.82,pullback_not_near_ema;momentum_volume_low
2026-04-03T05:35:13.164784+00:00,BTCUSD,viper,144388,M5,HOLD,HOLD,NONE,0,91.8335016584211,0,,,,,,,,,,,,,,,,22.0,22.0,66711.02,66749.78,66710.56,66727.3,,,,59.75662860404616,,,,,,,,,,,,,,66602.22042340023,,,,,,,SELL,,,,,12.82,pullback_not_near_ema;momentum_volume_low
2026-04-03T05:35:23.670682+00:00,BTCUSD,viper,144388,M5,HOLD,HOLD,NONE,0,91.8335016584211,0,,,,,,,,,,,,,,,,22.0,22.0,66711.02,66749.78,66710.56,66716.94,,,,59.15003318554557,,,,,,,,,,,,,,66601.23375673355,,,,,,,SELL,,,,,12.82,pullback_not_near_ema;momentum_volume_low
2026-04-03T05:35:34.131073+00:00,BTCUSD,viper,144388,M5,HOLD,HOLD,NONE,0,91.8335016584211,0,,,,,,,,,,,,,,,,22.0,22.0,66711.02,66749.78,66710.56,66715.37,,,,59.05650779109953,,,,,,,,,,,,,,66601.08423292403,,,,,,,SELL,,,,,12.82,pullback_not_near_ema;momentum_volume_low
2026-04-03T05:35:44.594906+00:00,BTCUSD,viper,144388,M5,HOLD,HOLD,NONE,0,91.8335016584211,0,,,,,,,,,,,,,,,,22.0,22.0,66711.02,66749.78,66710.56,66711.5,,,,58.824131443182715,,,,,,,,,,,,,,66600.71566149546,,,,,,,SELL,,,,,12.82,pullback_not_near_ema;momentum_volume_low
2026-04-03T05:35:55.244566+00:00,BTCUSD,viper,144388,M5,HOLD,HOLD,NONE,0,91.8335016584211,0,,,,,,,,,,,,,,,,22.0,22.0,66711.02,66749.78,66710.56,66711.31,,,,58.81265483711518,,,,,,,,,,,,,,66600.69756625737,,,,,,,SELL,,,,,12.82,pullback_not_near_ema;momentum_volume_low
2026-04-03T05:36:05.883394+00:00,BTCUSD,viper,144388,M5,HOLD,HOLD,NONE,0,91.8335016584211,0,,,,,,,,,,,,,,,,22.0,22.0,66711.02,66749.78,66710.56,66717.48,,,,59.18210247994746,,,,,,,,,,,,,,66601.28518530498,,,,,,,SELL,,,,,12.82,pullback_not_near_ema;momentum_volume_low
2026-04-03T05:36:06.750439+00:00,XAUUSD,viper,144388,M5,OUTSIDE_HOURS,OUTSIDE_HOURS,NONE,0,5.405325367263564,0,,,,,,,,,,,,,,,,0.34,0.34,4668.9,4673.32,4667.67,4670.82,,,,53.58433911787206,,,,,,,,,,,,,,,,,,,,,BOTH,,,,,21.52,pullback_weak_candle;momentum_volume_low
2026-04-03T05:36:16.939436+00:00,BTCUSD,viper,144388,M5,HOLD,HOLD,NONE,0,92.31207308699231,0,,,,,,,,,,,,,,,,22.0,22.0,66711.02,66756.48,66710.56,66749.62,,,,61.00418407293719,,,,,,,,,,,,,,66604.34613768593,,,,,,,SELL,,,,,12.82,pullback_not_near_ema;momentum_volume_low
2026-04-03T05:36:27.457536+00:00,BTCUSD,viper,144388,M5,HOLD,HOLD,NONE,0,92.31207308699231,0,,,,,,,,,,,,,,,,22.0,22.0,66711.02,66756.48,66710.56,66737.89,,,,60.35834985109364,,,,,,,,,,,,,,66603.2289948288,,,,,,,SELL,,,,,12.82,pullback_not_near_ema;momentum_volume_low
2026-04-03T05:36:37.918675+00:00,BTCUSD,viper,144388,M5,HOLD,HOLD,NONE,0,92.31207308699231,0,,,,,,,,,,,,,,,,22.0,22.0,66711.02,66756.48,66710.56,66744.54,,,,60.727089437280604,,,,,,,,,,,,,,66603.86232816213,,,,,,,SELL,,,,,12.82,pullback_not_near_ema;momentum_volume_low
2026-04-03T05:36:48.360247+00:00,BTCUSD,viper,144388,M5,HOLD,HOLD,NONE,0,92.31207308699231,0,,,,,,,,,,,,,,,,22.0,22.0,66711.02,66756.48,66710.56,66750.24,,,,61.03773520670018,,,,,,,,,,,,,,66604.40518530499,,,,,,,SELL,,,,,12.82,pullback_not_near_ema;momentum_volume_low
2026-04-03T05:36:58.844380+00:00,BTCUSD,viper,144388,M5,HOLD,HOLD,NONE,0,92.31207308699231,0,,,,,,,,,,,,,,,,22.0,22.0,66711.02,66756.48,66710.56,66739.87,,,,60.46886187649336,,,,,,,,,,,,,,66603.41756625735,,,,,,,SELL,,,,,12.82,pullback_not_near_ema;momentum_volume_low
2026-04-03T05:37:09.373472+00:00,BTCUSD,viper,144388,M5,HOLD,HOLD,NONE,0,92.31207308699231,0,,,,,,,,,,,,,,,,22.0,22.0,66711.02,66756.48,66710.56,66737.98,,,,60.363386527866986,,,,,,,,,,,,,,66603.23756625736,,,,,,,SELL,,,,,12.82,pullback_not_near_ema;momentum_volume_low
2026-04-03T05:37:19.815941+00:00,BTCUSD,viper,144388,M5,HOLD,HOLD,NONE,0,92.31207308699231,0,,,,,,,,,,,,,,,,22.0,22.0,66711.02,66756.48,66710.56,66733.32,,,,60.10090496129283,,,,,,,,,,,,,,66602.79375673356,,,,,,,SELL,,,,,12.82,pullback_not_near_ema;momentum_volume_low
2026-04-03T05:37:30.404930+00:00,BTCUSD,viper,144388,M5,HOLD,HOLD,NONE,0,92.31207308699231,0,,,,,,,,,,,,,,,,22.0,22.0,66711.02,66756.48,66710.56,66751.31,,,,61.09550237623117,,,,,,,,,,,,,,66604.50709006688,,,,,,,SELL,,,,,12.82,pullback_not_near_ema;momentum_volume_low
2026-04-03T05:37:40.945212+00:00,BTCUSD,viper,144388,M5,HOLD,HOLD,NONE,0,92.31207308699231,0,,,,,,,,,,,,,,,,22.0,22.0,66711.02,66756.48,66710.56,66751.02,,,,61.07986278211324,,,,,,,,,,,,,,66604.47947101927,,,,,,,SELL,,,,,12.82,pullback_not_near_ema;momentum_volume_low
2026-04-03T05:37:51.422642+00:00,BTCUSD,viper,144388,M5,HOLD,HOLD,NONE,0,92.31207308699231,0,,,,,,,,,,,,,,,,22.0,22.0,66711.02,66756.48,66710.56,66750.95,,,,61.07608582359705,,,,,,,,,,,,,,66604.4728043526,,,,,,,SELL,,,,,12.82,pullback_not_near_ema;momentum_volume_low
2026-04-03T05:37:52.269492+00:00,XAUUSD,viper,144388,M5,OUTSIDE_HOURS,OUTSIDE_HOURS,NONE,0,5.405325367263564,0,,,,,,,,,,,,,,,,0.34,0.34,4668.9,4673.32,4667.67,4670.82,,,,53.58433911787206,,,,,,,,,,,,,,,,,,,,,BOTH,,,,,21.52,pullback_weak_candle;momentum_volume_low
2026-04-03T05:38:02.492265+00:00,BTCUSD,viper,144388,M5,HOLD,HOLD,NONE,0,92.31207308699231,0,,,,,,,,,,,,,,,,22.0,22.0,66711.02,66756.48,66710.56,66733.94,,,,60.13602771941129,,,,,,,,,,,,,,66602.8528043526,,,,,,,SELL,,,,,12.82,pullback_not_near_ema;momentum_volume_low
2026-04-03T05:38:12.914583+00:00,BTCUSD,viper,144388,M5,HOLD,HOLD,NONE,0,92.31207308699231,0,,,,,,,,,,,,,,,,22.0,22.0,66711.02,66756.48,66710.56,66733.56,,,,60.11450820705173,,,,,,,,,,,,,,66602.8166138764,,,,,,,SELL,,,,,12.82,pullback_not_near_ema;momentum_volume_low
2026-04-03T05:38:23.384902+00:00,BTCUSD,viper,144388,M5,HOLD,HOLD,NONE,0,92.31207308699231,0,,,,,,,,,,,,,,,,22.0,22.0,66711.02,66756.48,66710.56,66730.73,,,,59.953510703479985,,,,,,,,,,,,,,66602.54709006689,,,,,,,SELL,,,,,12.82,pullback_not_near_ema;momentum_volume_low
2026-04-03T05:38:33.935963+00:00,BTCUSD,viper,144388,M5,HOLD,HOLD,NONE,0,92.31207308699231,0,,,,,,,,,,,,,,,,22.0,22.0,66711.02,66756.48,66710.56,66729.64,,,,59.891153817100715,,,,,,,,,,,,,,66602.44328054308,,,,,,,SELL,,,,,12.82,pullback_not_near_ema;momentum_volume_low
2026-04-03T05:38:44.404870+00:00,BTCUSD,viper,144388,M5,HOLD,HOLD,NONE,0,92.31207308699231,0,,,,,,,,,,,,,,,,22.0,22.0,66711.02,66756.48,66710.56,66742.33,,,,60.60530932708907,,,,,,,,,,,,,,66603.65185197165,,,,,,,SELL,,,,,12.82,pullback_not_near_ema;momentum_volume_low
2026-04-03T05:38:54.817638+00:00,BTCUSD,viper,144388,M5,HOLD,HOLD,NONE,0,92.31207308699231,0,,,,,,,,,,,,,,,,22.0,22.0,66711.02,66756.48,66710.56,66742.42,,,,60.61028344831634,,,,,,,,,,,,,,66603.66042340022,,,,,,,SELL,,,,,12.82,pullback_not_near_ema;momentum_volume_low
2026-04-03T05:39:05.253933+00:00,BTCUSD,viper,144388,M5,HOLD,HOLD,NONE,0,92.31207308699231,0,,,,,,,,,,,,,,,,22.0,22.0,66711.02,66756.48,66710.56,66741.96,,,,60.584846956692516,,,,,,,,,,,,,,66603.61661387641,,,,,,,SELL,,,,,12.82,pullback_not_near_ema;momentum_volume_low
2026-04-03T05:39:15.765149+00:00,BTCUSD,viper,144388,M5,HOLD,HOLD,NONE,0,92.31207308699231,0,,,,,,,,,,,,,,,,22.0,22.0,66711.02,66756.48,66710.56,66724.26,,,,59.580507213650534,,,,,,,,,,,,,,66601.93089959069,,,,,,,SELL,,,,,12.82,pullback_not_near_ema;momentum_volume_low
2026-04-03T05:39:26.312337+00:00,BTCUSD,viper,144388,M5,HOLD,HOLD,NONE,0,92.31207308699231,0,,,,,,,,,,,,,,,,22.0,22.0,66711.02,66756.48,66710.56,66716.77,,,,59.139926864860655,,,,,,,,,,,,,,66601.21756625736,,,,,,,SELL,,,,,12.82,pullback_not_near_ema;momentum_volume_low
2026-04-03T05:39:36.797195+00:00,BTCUSD,viper,144388,M5,HOLD,HOLD,NONE,0,92.31207308699231,0,,,,,,,,,,,,,,,,22.0,22.0,66711.02,66756.48,66710.56,66711.6,,,,58.83016919360269,,,,,,,,,,,,,,66600.72518530498,,,,,,,SELL,,,,,12.82,pullback_not_near_ema;momentum_volume_low
2026-04-03T05:39:37.584760+00:00,XAUUSD,viper,144388,M5,OUTSIDE_HOURS,OUTSIDE_HOURS,NONE,0,5.405325367263564,0,,,,,,,,,,,,,,,,0.34,0.34,4668.9,4673.32,4667.67,4670.82,,,,53.58433911787206,,,,,,,,,,,,,,,,,,,,,BOTH,,,,,21.52,pullback_weak_candle;momentum_volume_low
2026-04-03T05:39:47.790296+00:00,BTCUSD,viper,144388,M5,HOLD,HOLD,NONE,0,92.32493022984896,0,,,,,,,,,,,,,,,,22.0,22.0,66711.02,66756.48,66710.38,66710.86,,,,58.777716847071424,,,,,,,,,,,,,,66600.6547091145,,,,,,,SELL,,,,,12.82,pullback_not_near_ema;momentum_volume_low
2026-04-03T05:39:58.438499+00:00,BTCUSD,viper,144388,M5,HOLD,HOLD,NONE,0,92.51350165842035,0,,,,,,,,,,,,,,,,22.0,22.0,66711.02,66756.48,66707.74,66708.44,,,,58.56983769419359,,,,,,,,,,,,,,66600.42423292404,,,,,,,SELL,,,,,12.82,pullback_not_near_ema;momentum_volume_low
2026-04-03T05:40:09.126644+00:00,BTCUSD,viper,144388,M5,HOLD,HOLD,NONE,0,86.15967972300012,0,,,,,,,,,,,,,,,,22.0,22.0,66708.09,66711.4,66707.84,66711.2,,,,58.749023671921485,,,,,,,,,,,,,,66610.9743060859,,,,,,,SELL,,,,,13.29,pullback_not_near_ema;momentum_volume_low
2026-04-03T05:40:19.917872+00:00,BTCUSD,viper,144388,M5,HOLD,HOLD,NONE,0,86.95825115157106,0,,,,,,,,,,,,,,,,22.0,22.0,66708.09,66711.4,66696.66,66696.99,,,,57.53304593416485,,,,,,,,,,,,,,66609.62097275257,,,,,,,SELL,,,,,13.14,pullback_not_near_ema;momentum_volume_low
2026-04-03T05:40:30.710018+00:00,BTCUSD,viper,144388,M5,HOLD,HOLD,NONE,0,86.97110829442875,0,,,,,,,,,,,,,,,,22.0,22.0,66708.09,66711.4,66696.48,66696.84,,,,57.51970707153771,,,,,,,,,,,,,,66609.60668703828,,,,,,,SELL,,,,,13.14,pullback_not_near_ema;momentum_volume_low
2026-04-03T05:40:41.279040+00:00,BTCUSD,viper,144388,M5,HOLD,HOLD,NONE,0,87.57539400871387,0,,,,,,,,,,,,,,,,22.0,22.0,66708.09,66711.4,66688.02,66688.02,,,,56.74610993446457,,,,,,,,,,,,,,66608.76668703828,,,,,,,SELL,,,,,13.03,pullback_not_near_ema;momentum_volume_low
2026-04-03T05:40:51.773684+00:00,BTCUSD,viper,144388,M5,HOLD,HOLD,NONE,0,87.59325115157101,0,,,,,,,,,,,,,,,,22.0,22.0,66708.09,66711.4,66687.77,66688.3,,,,56.770348627327785,,,,,,,,,,,,,,66608.79335370495,,,,,,,SELL,,,,,13.03,pullback_not_near_ema;momentum_volume_low
2026-04-03T05:41:02.273764+00:00,BTCUSD,viper,144388,M5,HOLD,HOLD,NONE,0,87.5953940087138,0,,,,,,,,,,,,,,,,22.0,22.0,66708.09,66711.4,66687.74,66688.58,,,,56.79460803580629,,,,,,,,,,,,,,66608.82002037161,,,,,,,SELL,,,,,13.03,pullback_not_near_ema;momentum_volume_low
2026-04-03T05:41:12.715960+00:00,BTCUSD,viper,144388,M5,HOLD,HOLD,NONE,0,87.5953940087138,0,,,,,,,,,,,,,,,,22.0,22.0,66708.09,66711.4,66687.74,66710.94,,,,58.73220972631235,,,,,,,,,,,,,,66610.94954418115,,,,,,,SELL,,,,,13.03,pullback_not_near_ema;momentum_volume_low
2026-04-03T05:41:23.158209+00:00,BTCUSD,viper,144388,M5,HOLD,HOLD,NONE,0,88.54682258014286,0,,,,,,,,,,,,,,,,22.0,22.0,66708.09,66724.72,66687.74,66724.48,,,,59.58997767246515,,,,,,,,,,,,,,66612.23906799067,,,,,,,SELL,,,,,13.03,pullback_not_near_ema;momentum_volume_low
2026-04-03T05:41:23.947129+00:00,XAUUSD,viper,144388,M5,OUTSIDE_HOURS,OUTSIDE_HOURS,NONE,0,5.405325367263564,0,,,,,,,,,,,,,,,,0.34,0.34,4668.9,4673.32,4667.67,4670.82,,,,53.58433911787206,,,,,,,,,,,,,,,,,,,,,BOTH,,,,,21.52,pullback_weak_candle;momentum_volume_low
2026-04-03T05:41:34.260314+00:00,BTCUSD,viper,144388,M5,HOLD,HOLD,NONE,0,88.54682258014286,0,,,,,,,,,,,,,,,,22.0,22.0,66708.09,66724.72,66687.74,66724.28,,,,59.5775670838868,,,,,,,,,,,,,,66612.22002037162,,,,,,,SELL,,,,,13.03,pullback_not_near_ema;momentum_volume_low
2026-04-03T05:41:44.768283+00:00,BTCUSD,viper,144388,M5,HOLD,HOLD,NONE,0,88.54682258014286,0,,,,,,,,,,,,,,,,22.0,22.0,66708.09,66724.72,66687.74,66724.46,,,,59.588736956547955,,,,,,,,,,,,,,66612.23716322875,,,,,,,SELL,,,,,13.03,pullback_not_near_ema;momentum_volume_low
2026-04-03T05:41:55.275313+00:00,BTCUSD,viper,144388,M5,HOLD,HOLD,NONE,0,88.54896543728563,0,,,,,,,,,,,,,,,,22.0,22.0,66708.09,66724.75,66687.74,66724.7,,,,59.60362052101661,,,,,,,,,,,,,,66612.26002037161,,,,,,,SELL,,,,,13.03,pullback_not_near_ema;momentum_volume_low
2026-04-03T05:42:05.734050+00:00,BTCUSD,viper,144388,M5,HOLD,HOLD,NONE,0,88.54967972299954,0,,,,,,,,,,,,,,,,22.0,22.0,66708.09,66724.76,66687.74,66724.43,,,,59.58687573981159,,,,,,,,,,,,,,66612.2343060859,,,,,,,SELL,,,,,13.03,pullback_not_near_ema;momentum_volume_low
2026-04-03T05:42:16.307840+00:00,BTCUSD,viper,144388,M5,HOLD,HOLD,NONE,0,88.54967972299954,0,,,,,,,,,,,,,,,,22.0,22.0,66708.09,66724.76,66687.74,66724.27,,,,59.5769463543515,,,,,,,,,,,,,,66612.21906799066,,,,,,,SELL,,,,,13.03,pullback_not_near_ema;momentum_volume_low
2026-04-03T05:42:26.810951+00:00,BTCUSD,viper,144388,M5,HOLD,HOLD,NONE,0,88.8453940087138,0,,,,,,,,,,,,,,,,22.0,22.0,66708.09,66728.9,66687.74,66728.66,,,,59.84762606839286,,,,,,,,,,,,,,66612.63716322876,,,,,,,SELL,,,,,13.03,pullback_not_near_ema;momentum_volume_low
2026-04-03T05:42:37.275234+00:00,BTCUSD,viper,144388,M5,HOLD,HOLD,NONE,0,88.84682258014266,0,,,,,,,,,,,,,,,,22.0,22.0,66708.09,66728.92,66687.74,66728.65,,,,59.84701360530046,,,,,,,,,,,,,,66612.6362108478,,,,,,,SELL,,,,,13.03,pullback_not_near_ema;momentum_volume_low
2026-04-03T05:42:47.748309+00:00,BTCUSD,viper,144388,M5,HOLD,HOLD,NONE,0,89.18539400871445,0,,,,,,,,,,,,,,,,22.0,22.0,66708.09,66733.66,66687.74,66733.3,,,,60.12980746863946,,,,,,,,,,,,,,66613.07906799066,,,,,,,SELL,,,,,13.03,pullback_not_near_ema;momentum_volume_low
2026-04-03T05:42:58.555642+00:00,BTCUSD,viper,144388,M5,HOLD,HOLD,NONE,0,89.18539400871445,0,,,,,,,,,,,,,,,,22.0,22.0,66708.09,66733.66,66687.74,66732.98,,,,60.11047407784461,,,,,,,,,,,,,,66613.0485918002,,,,,,,SELL,,,,,13.03,pullback_not_near_ema;momentum_volume_low
2026-04-03T05:43:09.370835+00:00,BTCUSD,viper,144388,M5,HOLD,HOLD,NONE,0,91.37253686585699,0,,,,,,,,,,,,,,,,22.0,22.0,66708.09,66764.28,66687.74,66764.28,,,,61.91676575179813,,,,,,,,,,,,,,66616.02954418115,,,,,,,SELL,,,,,13.03,pullback_not_near_ema;momentum_volume_low
2026-04-03T05:43:10.151454+00:00,XAUUSD,viper,144388,M5,OUTSIDE_HOURS,OUTSIDE_HOURS,NONE,0,5.405325367263564,0,,,,,,,,,,,,,,,,0.34,0.34,4668.9,4673.32,4667.67,4670.82,,,,53.58433911787206,,,,,,,,,,,,,,,,,,,,,BOTH,,,,,21.52,pullback_weak_candle;momentum_volume_low
2026-04-03T05:43:20.479205+00:00,BTCUSD,viper,144388,M5,HOLD,HOLD,NONE,0,92.04253686585731,0,,,,,,,,,,,,,,,,22.0,22.0,66708.09,66773.66,66687.74,66762.44,,,,61.81511889974679,,,,,,,,,,,,,,66615.85430608591,,,,,,,SELL,,,,,13.03,pullback_not_near_ema;momentum_volume_low
2026-04-03T05:43:30.941284+00:00,BTCUSD,viper,144388,M5,HOLD,HOLD,NONE,0,92.04253686585731,0,,,,,,,,,,,,,,,,22.0,22.0,66708.09,66773.66,66687.74,66750.85,,,,61.16216773036875,,,,,,,,,,,,,,66614.75049656209,,,,,,,SELL,,,,,13.03,pullback_not_near_ema;momentum_volume_low
2026-04-03T05:43:41.406576+00:00,BTCUSD,viper,144388,M5,HOLD,HOLD,NONE,0,92.04253686585731,0,,,,,,,,,,,,,,,,22.0,22.0,66708.09,66773.66,66687.74,66737.93,,,,60.407454854029346,,,,,,,,,,,,,,66613.52002037162,,,,,,,SELL,,,,,13.03,pullback_not_near_ema;momentum_volume_low
2026-04-03T05:43:51.828659+00:00,BTCUSD,viper,144388,M5,HOLD,HOLD,NONE,0,92.04253686585731,0,,,,,,,,,,,,,,,,22.0,22.0,66708.09,66773.66,66687.74,66737.32,,,,60.37109633735608,,,,,,,,,,,,,,66613.46192513352,,,,,,,SELL,,,,,13.03,pullback_not_near_ema;momentum_volume_low
2026-04-03T05:44:02.263364+00:00,BTCUSD,viper,144388,M5,HOLD,HOLD,NONE,0,92.04253686585731,0,,,,,,,,,,,,,,,,22.0,22.0,66708.09,66773.66,66687.74,66733.96,,,,60.16962345913563,,,,,,,,,,,,,,66613.14192513352,,,,,,,SELL,,,,,13.03,pullback_not_near_ema;momentum_volume_low
2026-04-03T05:44:12.788977+00:00,BTCUSD,viper,144388,M5,HOLD,HOLD,NONE,0,92.04253686585731,0,,,,,,,,,,,,,,,,22.0,22.0,66708.09,66773.66,66687.74,66712.61,,,,58.83996889288152,,,,,,,,,,,,,,66611.10859180019,,,,,,,SELL,,,,,13.03,pullback_not_near_ema;momentum_volume_low
2026-04-03T05:44:23.352198+00:00,BTCUSD,viper,144388,M5,HOLD,HOLD,NONE,0,92.04253686585731,0,,,,,,,,,,,,,,,,22.0,22.0,66708.09,66773.66,66687.74,66730.46,,,,59.95756589443918,,,,,,,,,,,,,,66612.80859180019,,,,,,,SELL,,,,,13.03,pullback_not_near_ema;momentum_volume_low
2026-04-03T05:44:34.047885+00:00,BTCUSD,viper,144388,M5,HOLD,HOLD,NONE,0,92.04253686585731,0,,,,,,,,,,,,,,,,22.0,22.0,66708.09,66773.66,66687.74,66749.08,,,,61.06047973440548,,,,,,,,,,,,,,66614.58192513352,,,,,,,SELL,,,,,13.03,pullback_not_near_ema;momentum_volume_low
2026-04-03T05:44:44.506770+00:00,BTCUSD,viper,144388,M5,HOLD,HOLD,NONE,0,92.04253686585731,0,,,,,,,,,,,,,,,,22.0,22.0,66708.09,66773.66,66687.74,66762.34,,,,61.809579066001106,,,,,,,,,,,,,,66615.84478227638,,,,,,,SELL,,,,,13.03,pullback_not_near_ema;momentum_volume_low
2026-04-03T05:44:54.962684+00:00,BTCUSD,viper,144388,M5,HOLD,HOLD,NONE,0,92.04253686585731,0,,,,,,,,,,,,,,,,22.0,22.0,66708.09,66773.66,66687.74,66766.28,,,,62.02663943830577,,,,,,,,,,,,,,66616.22002037162,,,,,,,SELL,,,,,13.03,pullback_not_near_ema;momentum_volume_low
2026-04-03T05:44:55.755352+00:00,XAUUSD,viper,144388,M5,OUTSIDE_HOURS,OUTSIDE_HOURS,NONE,0,5.405325367263564,0,,,,,,,,,,,,,,,,0.34,0.34,4668.9,4673.32,4667.67,4670.82,,,,53.58433911787206,,,,,,,,,,,,,,,,,,,,,BOTH,,,,,21.52,pullback_weak_candle;momentum_volume_low
2026-04-03T05:45:05.951322+00:00,BTCUSD,viper,144388,M5,HOLD,HOLD,NONE,0,85.53307844058818,0,,,,,,,,,,,,,,,,22.0,22.0,66766.84,66766.93,66766.02,66766.6,,,,62.036262677229146,,,,,,,,,,,,,,66630.58586869146,,,,,,,SELL,,,,,13.22,pullback_not_near_ema;momentum_volume_low
2026-04-03T05:45:16.423926+00:00,BTCUSD,viper,144388,M5,HOLD,HOLD,NONE,0,85.92093558344587,0,,,,,,,,,,,,,,,,22.0,22.0,66766.84,66766.94,66760.6,66761.1,,,,61.51123261886743,,,,,,,,,,,,,,66630.06205916766,,,,,,,SELL,,,,,13.22,pullback_not_near_ema;momentum_volume_low
2026-04-03T05:45:26.947461+00:00,BTCUSD,viper,144388,M5,HOLD,HOLD,NONE,0,86.07307844058906,0,,,,,,,,,,,,,,,,22.0,22.0,66766.84,66766.94,66758.47,66759.3,,,,61.34132942564899,,,,,,,,,,,,,,66629.89063059623,,,,,,,SELL,,,,,13.22,pullback_not_near_ema;momentum_volume_low
2026-04-03T05:45:37.495703+00:00,BTCUSD,viper,144388,M5,HOLD,HOLD,NONE,0,87.035221297732,0,,,,,,,,,,,,,,,,22.0,22.0,66766.84,66766.94,66745.0,66745.0,,,,60.024174561184076,,,,,,,,,,,,,,66628.52872583432,,,,,,,SELL,,,,,13.22,pullback_not_near_ema;momentum_volume_low
2026-04-03T05:45:47.943910+00:00,BTCUSD,viper,144388,M5,HOLD,HOLD,NONE,0,87.19950701201792,0,,,,,,,,,,,,,,,,22.0,22.0,66766.84,66766.94,66742.7,66742.7,,,,59.81758691664577,,,,,,,,,,,,,,66628.30967821527,,,,,,,SELL,,,,,13.22,pullback_not_near_ema;momentum_volume_low
2026-04-03T05:45:58.476461+00:00,BTCUSD,viper,144388,M5,HOLD,HOLD,NONE,0,87.20022129773183,0,,,,,,,,,,,,,,,,22.0,22.0,66766.84,66766.94,66742.69,66743.32,,,,59.87313563002706,,,,,,,,,,,,,,66628.36872583431,,,,,,,SELL,,,,,13.22,pullback_not_near_ema;momentum_volume_low
2026-04-03T05:46:08.974522+00:00,BTCUSD,viper,144388,M5,HOLD,HOLD,NONE,0,87.62950701201821,0,,,,,,,,,,,,,,,,22.0,22.0,66766.84,66766.94,66736.68,66745.31,,,,60.052128159179745,,,,,,,,,,,,,,66628.55824964384,,,,,,,SELL,,,,,13.22,pullback_not_near_ema;momentum_volume_low
2026-04-03T05:46:19.443911+00:00,BTCUSD,viper,144388,M5,HOLD,HOLD,NONE,0,87.8880784405893,0,,,,,,,,,,,,,,,,22.0,22.0,66766.84,66766.94,66733.06,66742.84,,,,59.83012116309285,,,,,,,,,,,,,,66628.32301154861,,,,,,,SELL,,,,,13.22,pullback_not_near_ema;momentum_volume_low
2026-04-03T05:46:30.086899+00:00,BTCUSD,viper,144388,M5,HOLD,HOLD,NONE,0,87.8880784405893,0,,,,,,,,,,,,,,,,22.0,22.0,66766.84,66766.94,66733.06,66745.51,,,,60.07017656007449,,,,,,,,,,,,,,66628.57729726289,,,,,,,SELL,,,,,13.22,pullback_not_near_ema;momentum_volume_low
2026-04-03T05:46:40.858947+00:00,BTCUSD,viper,144388,M5,HOLD,HOLD,NONE,0,87.8880784405893,0,,,,,,,,,,,,,,,,22.0,22.0,66766.84,66766.94,66733.06,66758.7,,,,61.28490341291005,,,,,,,,,,,,,,66629.83348773907,,,,,,,SELL,,,,,13.22,pullback_not_near_ema;momentum_volume_low
2026-04-03T05:46:41.778989+00:00,XAUUSD,viper,144388,M5,OUTSIDE_HOURS,OUTSIDE_HOURS,NONE,0,5.405325367263564,0,,,,,,,,,,,,,,,,0.34,0.34,4668.9,4673.32,4667.67,4670.82,,,,53.58433911787206,,,,,,,,,,,,,,,,,,,,,BOTH,,,,,21.52,pullback_weak_candle;momentum_volume_low
2026-04-03T05:46:52.193278+00:00,BTCUSD,viper,144388,M5,HOLD,HOLD,NONE,0,87.8880784405893,0,,,,,,,,,,,,,,,,22.0,22.0,66766.84,66766.94,66733.06,66760.29,,,,61.434659853953356,,,,,,,,,,,,,,66629.98491631051,,,,,,,SELL,,,,,13.22,pullback_not_near_ema;momentum_volume_low
2026-04-03T05:47:02.951494+00:00,BTCUSD,viper,144388,M5,HOLD,HOLD,NONE,0,87.8880784405893,0,,,,,,,,,,,,,,,,22.0,22.0,66766.84,66766.94,66733.06,66756.62,,,,61.09009439394406,,,,,,,,,,,,,,66629.63539250099,,,,,,,SELL,,,,,13.22,pullback_not_near_ema;momentum_volume_low
2026-04-03T05:47:13.703878+00:00,BTCUSD,viper,144388,M5,HOLD,HOLD,NONE,0,87.8880784405893,0,,,,,,,,,,,,,,,,22.0,22.0,66766.84,66766.94,66733.06,66739.48,,,,59.53074178900863,,,,,,,,,,,,,,66628.0030115486,,,,,,,SELL,,,,,13.22,pullback_not_near_ema;momentum_volume_low
2026-04-03T05:47:24.278058+00:00,BTCUSD,viper,144388,M5,HOLD,HOLD,NONE,0,88.9023641548748,0,,,,,,,,,,,,,,,,22.0,22.0,66766.84,66766.94,66718.86,66721.08,,,,57.942994160882805,,,,,,,,,,,,,,66626.25063059622,,,,,,,SELL,,,,,13.22,pullback_not_near_ema;momentum_volume_low
2026-04-03T05:47:34.865170+00:00,BTCUSD,viper,144388,M5,HOLD,HOLD,NONE,0,88.958078440589,0,,,,,,,,,,,,,,,,22.0,22.0,66766.84,66766.94,66718.08,66718.59,,,,57.734613234992544,,,,,,,,,,,,,,66626.01348773908,,,,,,,SELL,,,,,13.22,pullback_not_near_ema;momentum_volume_low
2026-04-03T05:47:45.343564+00:00,BTCUSD,viper,144388,M5,HOLD,HOLD,NONE,0,88.96307844058951,0,,,,,,,,,,,,,,,,22.0,22.0,66766.84,66766.94,66718.01,66719.02,,,,57.77049156345795,,,,,,,,,,,,,,66626.05444012003,,,,,,,SELL,,,,,13.22,pullback_not_near_ema;momentum_volume_low
2026-04-03T05:47:55.778754+00:00,BTCUSD,viper,144388,M5,HOLD,HOLD,NONE,0,88.96307844058951,0,,,,,,,,,,,,,,,,22.0,22.0,66766.84,66766.94,66718.01,66724.76,,,,58.25373184628266,,,,,,,,,,,,,,66626.6011067867,,,,,,,SELL,,,,,13.22,pullback_not_near_ema;momentum_volume_low
2026-04-03T05:48:06.225944+00:00,BTCUSD,viper,144388,M5,HOLD,HOLD,NONE,0,88.96307844058951,0,,,,,,,,,,,,,,,,22.0,22.0,66766.84,66766.94,66718.01,66724.92,,,,58.267317801665484,,,,,,,,,,,,,,66626.61634488194,,,,,,,SELL,,,,,13.22,pullback_not_near_ema;momentum_volume_low
2026-04-03T05:48:16.678178+00:00,BTCUSD,viper,144388,M5,HOLD,HOLD,NONE,0,89.37379272630379,0,,,,,,,,,,,,,,,,22.0,22.0,66766.84,66766.94,66712.26,66715.94,,,,57.514482454678216,,,,,,,,,,,,,,66625.7611067867,,,,,,,SELL,,,,,13.22,pullback_not_near_ema;momentum_volume_low
2026-04-03T05:48:27.158901+00:00,BTCUSD,viper,144388,M5,HOLD,HOLD,NONE,0,89.43307844058964,0,,,,,,,,,,,,,,,,22.0,22.0,66766.84,66766.94,66711.43,66711.76,,,,57.17064906958712,,,,,,,,,,,,,,66625.3630115486,,,,,,,SELL,,,,,13.22,pullback_not_near_ema;momentum_volume_low
2026-04-03T05:48:27.902788+00:00,XAUUSD,viper,144388,M5,OUTSIDE_HOURS,OUTSIDE_HOURS,NONE,0,5.405325367263564,0,,,,,,,,,,,,,,,,0.34,0.34,4668.9,4673.32,4667.67,4670.82,,,,53.58433911787206,,,,,,,,,,,,,,,,,,,,,BOTH,,,,,21.52,pullback_weak_candle;momentum_volume_low
2026-04-03T05:48:38.195008+00:00,BTCUSD,viper,144388,M5,HOLD,HOLD,NONE,0,89.57807844058955,0,,,,,,,,,,,,,,,,22.0,22.0,66766.84,66766.94,66709.4,66710.46,,,,57.06455177551086,,,,,,,,,,,,,,66625.2392020248,,,,,,,SELL,,,,,13.22,pullback_not_near_ema;momentum_volume_low
2026-04-03T05:48:48.770071+00:00,BTCUSD,viper,144388,M5,HOLD,HOLD,NONE,0,89.58736415487456,0,,,,,,,,,,,,,,,,22.0,22.0,66766.84,66766.94,66709.27,66709.63,,,,56.99701846134265,,,,,,,,,,,,,,66625.16015440575,,,,,,,SELL,,,,,13.22,pullback_not_near_ema;momentum_volume_low
2026-04-03T05:48:59.217478+00:00,BTCUSD,viper,144388,M5,HOLD,HOLD,NONE,0,89.60379272630388,0,,,,,,,,,,,,,,,,22.0,22.0,66766.84,66766.94,66709.04,66709.56,,,,56.99133018883437,,,,,,,,,,,,,,66625.15348773908,,,,,,,SELL,,,,,13.22,pullback_not_near_ema;momentum_volume_low
2026-04-03T05:49:09.766697+00:00,BTCUSD,viper,144388,M5,HOLD,HOLD,NONE,0,89.87879272630326,0,,,,,,,,,,,,,,,,22.0,22.0,66766.84,66766.94,66705.19,66705.38,,,,56.653705019871296,,,,,,,,,,,,,,66624.75539250099,,,,,,,SELL,,,,,13.22,pullback_not_near_ema;momentum_volume_low
2026-04-03T05:49:20.293050+00:00,BTCUSD,viper,144388,M5,HOLD,HOLD,NONE,0,90.13664986916044,0,,,,,,,,,,,,,,,,22.0,22.0,66766.84,66766.94,66701.58,66701.58,,,,56.350225773992065,,,,,,,,,,,,,,66624.39348773909,,,,,,,SELL,,,,,13.22,pullback_not_near_ema;momentum_volume_low
2026-04-03T05:49:31.027038+00:00,BTCUSD,viper,144388,M5,HOLD,HOLD,NONE,0,90.35236415487502,0,,,,,,,,,,,,,,,,22.0,22.0,66766.84,66766.94,66698.56,66698.56,,,,56.11134855626589,,,,,,,,,,,,,,66624.10586869146,,,,,,,SELL,,,,,13.22,pullback_not_near_ema;momentum_volume_low
2026-04-03T05:49:41.770498+00:00,BTCUSD,viper,144388,M5,HOLD,HOLD,NONE,0,91.03950701201754,0,,,,,,,,,,,,,,,,22.0,22.0,66766.84,66766.94,66688.94,66688.97,,,,55.36604323267475,,,,,,,,,,,,,,66623.19253535813,,,,,,,SELL,,,,,13.22,pullback_not_near_ema;momentum_volume_low
2026-04-03T05:49:52.213387+00:00,BTCUSD,viper,144388,M5,HOLD,HOLD,NONE,0,91.26093558344652,0,,,,,,,,,,,,,,,,22.0,22.0,66766.84,66766.94,66685.84,66686.01,,,,55.13998347777913,,,,,,,,,,,,,,66622.91063059622,,,,,,,SELL,,,,,13.2,pullback_structure_not_confirmed;momentum_volume_low
2026-04-03T05:50:02.751555+00:00,BTCUSD,viper,144388,M5,HOLD,HOLD,NONE,0,84.94220198058625,0,,,,,,,,,,,,,,,,22.0,22.0,66685.72,66685.98,66683.82,66684.15,,,,54.986895288242536,,,,,,,,,,,,,,66628.76018488135,,,,,,,SELL,,,,,13.32,pullback_structure_not_confirmed;momentum_volume_low
2026-04-03T05:50:13.373309+00:00,BTCUSD,viper,144388,M5,HOLD,HOLD,NONE,0,85.81363055201565,0,,,,,,,,,,,,,,,,22.0,22.0,66685.72,66685.98,66671.62,66671.84,,,,54.00212680186388,,,,,,,,,,,,,,66627.58780392897,,,,,,,SELL,,,,,13.15,pullback_structure_not_confirmed;momentum_volume_low
2026-04-03T05:50:14.254482+00:00,XAUUSD,viper,144388,M5,OUTSIDE_HOURS,OUTSIDE_HOURS,NONE,0,5.405325367263564,0,,,,,,,,,,,,,,,,0.34,0.34,4668.9,4673.32,4667.67,4670.82,,,,53.58433911787206,,,,,,,,,,,,,,,,,,,,,BOTH,,,,,21.52,pullback_weak_candle;momentum_volume_low
2026-04-03T05:50:24.596859+00:00,BTCUSD,viper,144388,M5,HOLD,HOLD,NONE,0,88.08148769487279,0,,,,,,,,,,,,,,,,22.0,22.0,66685.72,66685.98,66639.87,66646.7,,,,52.096699541317676,,,,,,,,,,,,,,66625.19351821468,,,,,,,SELL,,,,,12.72,pullback_structure_not_confirmed;momentum_volume_low
2026-04-03T05:50:35.215712+00:00,BTCUSD,viper,144388,M5,HOLD,HOLD,NONE,0,88.08148769487279,0,,,,,,,,,,,,,,,,22.0,22.0,66685.72,66685.98,66639.87,66641.6,,,,51.72644614236942,,,,,,,,,,,,,,66624.70780392898,,,,,,,SELL,,,,,12.72,pullback_structure_not_confirmed;momentum_volume_low
2026-04-03T05:50:45.784221+00:00,BTCUSD,viper,144388,M5,HOLD,HOLD,NONE,0,90.04434483772965,0,,,,,,,,,,,,,,,,22.0,22.0,66685.72,66685.98,66612.39,66613.11,,,,49.75122863175302,,,,,,,,,,,,,,66621.99447059564,,,,,,,SELL,,,,,12.39,pullback_structure_not_confirmed;momentum_volume_low
2026-04-03T05:50:56.235624+00:00,BTCUSD,viper,144388,M5,HOLD,HOLD,NONE,0,90.04434483772965,0,,,,,,,,,,,,,,,,22.0,22.0,66685.72,66685.98,66612.39,66612.78,,,,49.72923304570789,,,,,,,,,,,,,,66621.96304202422,,,,,,,SELL,,,,,12.39,pullback_structure_not_confirmed;momentum_volume_low
2026-04-03T05:51:06.683716+00:00,BTCUSD,viper,144388,M5,HOLD,HOLD,NONE,0,90.04434483772965,0,,,,,,,,,,,,,,,,22.0,22.0,66685.72,66685.98,66612.39,66615.12,,,,49.88562306953278,,,,,,,,,,,,,,66622.18589916707,,,,,,,SELL,,,,,12.39,pullback_structure_not_confirmed;momentum_volume_low
2026-04-03T05:51:17.172337+00:00,BTCUSD,viper,144388,M5,HOLD,HOLD,NONE,0,90.10077340915777,0,,,,,,,,,,,,,,,,22.0,22.0,66685.72,66685.98,66611.6,66617.38,,,,50.037603042762356,,,,,,,,,,,,,,66622.4011372623,,,,,,,SELL,,,,,12.38,pullback_structure_not_confirmed;momentum_volume_low
2026-04-03T05:51:27.799988+00:00,BTCUSD,viper,144388,M5,HOLD,HOLD,NONE,0,92.5907734091578,0,,,,,,,,,,,,,,,,22.0,22.0,66685.72,66685.98,66576.74,66578.76,,,,47.56149120874146,,,,,,,,,,,,,,66618.72304202421,,,,,,,SELL,,,,,12.5,pullback_structure_not_confirmed;momentum_volume_low
2026-04-03T05:51:38.289400+00:00,BTCUSD,viper,144388,M5,HOLD,HOLD,NONE,0,93.03220198058692,0,,,,,,,,,,,,,,,,22.0,22.0,66685.72,66685.98,66570.56,66570.56,,,,47.06696249513333,,,,,,,,,,,,,,66617.94208964326,,,,,,,SELL,,,,,12.56,pullback_structure_not_confirmed;momentum_volume_low
2026-04-03T05:51:48.770577+00:00,BTCUSD,viper,144388,M5,HOLD,HOLD,NONE,0,93.05005912344406,0,,,,,,,,,,,,,,,,22.0,22.0,66685.72,66685.98,66570.31,66583.38,,,,47.844720054347114,,,,,,,,,,,,,,66619.16304202421,,,,,,,SELL,,,,,12.56,pullback_structure_not_confirmed;momentum_volume_low
2026-04-03T05:51:59.238548+00:00,BTCUSD,viper,144388,M5,HOLD,HOLD,NONE,0,93.29505912344356,0,,,,,,,,,,,,,,,,22.0,22.0,66685.72,66685.98,66566.88,66575.7,,,,47.37573690121209,,,,,,,,,,,,,,66618.43161345279,,,,,,,SELL,,,,,12.6,pullback_structure_not_confirmed;momentum_volume_low
2026-04-03T05:52:00.052599+00:00,XAUUSD,viper,144388,M5,OUTSIDE_HOURS,OUTSIDE_HOURS,NONE,0,5.405325367263564,0,,,,,,,,,,,,,,,,0.34,0.34,4668.9,4673.32,4667.67,4670.82,,,,53.58433911787206,,,,,,,,,,,,,,,,,,,,,BOTH,,,,,21.52,pullback_weak_candle;momentum_volume_low
2026-04-03T05:52:10.333745+00:00,BTCUSD,viper,144388,M5,HOLD,HOLD,NONE,0,93.29505912344356,0,,,,,,,,,,,,,,,,22.0,22.0,66685.72,66685.98,66566.88,66575.78,,,,47.38057475029079,,,,,,,,,,,,,,66618.4392325004,,,,,,,SELL,,,,,12.6,pullback_structure_not_confirmed;momentum_volume_low
2026-04-03T05:52:21.008901+00:00,BTCUSD,viper,144388,M5,HOLD,HOLD,NONE,0,93.76077340915813,0,,,,,,,,,,,,,,,,22.0,22.0,66685.72,66685.98,66560.36,66560.72,,,,46.48693549034341,,,,,,,,,,,,,,66617.00494678612,,,,,,,SELL,,,,,12.66,pullback_structure_not_confirmed;momentum_volume_low
2026-04-03T05:52:31.519939+00:00,BTCUSD,viper,144388,M5,HOLD,HOLD,NONE,0,94.13363055201536,0,,,,,,,,,,,,,,,,22.0,22.0,66685.72,66685.98,66555.14,66564.34,,,,46.69864961660653,,,,,,,,,,,,,,66617.34970869088,,,,,,,SELL,,,,,12.72,pullback_structure_not_confirmed;momentum_volume_low
2026-04-03T05:52:42.019746+00:00,BTCUSD,viper,144388,M5,HOLD,HOLD,NONE,0,94.13363055201536,0,,,,,,,,,,,,,,,,22.0,22.0,66685.72,66685.98,66555.14,66563.05,,,,46.622983730505716,,,,,,,,,,,,,,66617.22685154802,,,,,,,SELL,,,,,12.72,pullback_structure_not_confirmed;momentum_volume_low
2026-04-03T05:52:52.461123+00:00,BTCUSD,viper,144388,M5,HOLD,HOLD,NONE,0,94.13363055201536,0,,,,,,,,,,,,,,,,22.0,22.0,66685.72,66685.98,66555.14,66571.73,,,,47.13689337876484,,,,,,,,,,,,,,66618.05351821469,,,,,,,SELL,,,,,12.72,pullback_structure_not_confirmed;momentum_volume_low
2026-04-03T05:53:02.987716+00:00,BTCUSD,viper,144388,M5,HOLD,HOLD,NONE,0,94.13363055201536,0,,,,,,,,,,,,,,,,22.0,22.0,66685.72,66685.98,66555.14,66565.69,,,,46.77809829533337,,,,,,,,,,,,,,66617.47828011945,,,,,,,SELL,,,,,12.72,pullback_structure_not_confirmed;momentum_volume_low
2026-04-03T05:53:13.577211+00:00,BTCUSD,viper,144388,M5,HOLD,HOLD,NONE,0,94.13363055201536,0,,,,,,,,,,,,,,,,22.0,22.0,66685.72,66685.98,66555.14,66576.58,,,,47.42900763934238,,,,,,,,,,,,,,66618.51542297659,,,,,,,SELL,,,,,12.72,pullback_structure_not_confirmed;momentum_volume_low
2026-04-03T05:53:24.008701+00:00,BTCUSD,viper,144388,M5,HOLD,HOLD,NONE,0,94.13363055201536,0,,,,,,,,,,,,,,,,22.0,22.0,66685.72,66685.98,66555.14,66564.88,,,,46.730396681220434,,,,,,,,,,,,,,66617.4011372623,,,,,,,SELL,,,,,12.72,pullback_structure_not_confirmed;momentum_volume_low
2026-04-03T05:53:34.554779+00:00,BTCUSD,viper,144388,M5,HOLD,HOLD,NONE,0,94.13363055201536,0,,,,,,,,,,,,,,,,22.0,22.0,66685.72,66685.98,66555.14,66561.9,,,,46.555736078130515,,,,,,,,,,,,,,66617.1173277385,,,,,,,SELL,,,,,12.72,pullback_structure_not_confirmed;momentum_volume_low
2026-04-03T05:53:45.113441+00:00,BTCUSD,viper,144388,M5,HOLD,HOLD,NONE,0,95.04505912344356,0,,,,,,,,,,,,,,,,22.0,22.0,66685.72,66685.98,66542.38,66552.11,,,,45.99101382871179,,,,,,,,,,,,,,66616.18494678612,,,,,,,SELL,,,,,12.84,pullback_not_near_ema;momentum_volume_low
2026-04-03T05:53:45.934950+00:00,XAUUSD,viper,144388,M5,OUTSIDE_HOURS,OUTSIDE_HOURS,NONE,0,5.405325367263564,0,,,,,,,,,,,,,,,,0.34,0.34,4668.9,4673.32,4667.67,4670.82,,,,53.58433911787206,,,,,,,,,,,,,,,,,,,,,BOTH,,,,,21.52,pullback_weak_candle;momentum_volume_low
2026-04-03T05:53:56.154377+00:00,BTCUSD,viper,144388,M5,HOLD,HOLD,NONE,0,95.04505912344356,0,,,,,,,,,,,,,,,,22.0,22.0,66685.72,66685.98,66542.38,66559.93,,,,46.44098760995185,,,,,,,,,,,,,,66616.92970869088,,,,,,,SELL,,,,,12.84,pullback_not_near_ema;momentum_volume_low
2026-04-03T05:54:06.690233+00:00,BTCUSD,viper,144388,M5,HOLD,HOLD,NONE,0,95.04505912344356,0,,,,,,,,,,,,,,,,22.0,22.0,66685.72,66685.98,66542.38,66560.2,,,,46.456681095701235,,,,,,,,,,,,,,66616.95542297659,,,,,,,SELL,,,,,12.84,pullback_not_near_ema;momentum_volume_low
2026-04-03T05:54:17.322842+00:00,BTCUSD,viper,144388,M5,HOLD,HOLD,NONE,0,95.04505912344356,0,,,,,,,,,,,,,,,,22.0,22.0,66685.72,66685.98,66542.38,66560.12,,,,46.4520300683673,,,,,,,,,,,,,,66616.94780392897,,,,,,,SELL,,,,,12.84,pullback_not_near_ema;momentum_volume_low
2026-04-03T05:54:27.710530+00:00,BTCUSD,viper,144388,M5,HOLD,HOLD,NONE,0,95.09791626630107,0,,,,,,,,,,,,,,,,22.0,22.0,66685.72,66685.98,66541.64,66541.76,,,,45.408698247005134,,,,,,,,,,,,,,66615.1992325004,,,,,,,SELL,,,,,12.84,pullback_not_near_ema;momentum_volume_low
2026-04-03T05:54:38.276068+00:00,BTCUSD,viper,144388,M5,HOLD,HOLD,NONE,0,95.45291626630116,0,,,,,,,,,,,,,,,,22.0,22.0,66685.72,66685.98,66536.67,66544.24,,,,45.54688149800808,,,,,,,,,,,,,,66615.43542297659,,,,,,,SELL,,,,,12.89,pullback_not_near_ema;momentum_volume_low
2026-04-03T05:54:48.775896+00:00,BTCUSD,viper,144388,M5,HOLD,HOLD,NONE,0,95.45291626630116,0,,,,,,,,,,,,,,,,22.0,22.0,66685.72,66685.98,66536.67,66541.28,,,,45.382049890829656,,,,,,,,,,,,,,66615.15351821469,,,,,,,SELL,,,,,12.89,pullback_not_near_ema;momentum_volume_low
2026-04-03T05:54:59.416360+00:00,BTCUSD,viper,144388,M5,HOLD,HOLD,NONE,0,95.45291626630116,0,,,,,,,,,,,,,,,,22.0,22.0,66685.72,66685.98,66536.67,66537.79,,,,45.18923058770253,,,,,,,,,,,,,,66614.8211372623,,,,,,,SELL,,,,,12.89,pullback_not_near_ema;momentum_volume_low
2026-04-03T05:55:10.147711+00:00,BTCUSD,viper,144388,M5,HOLD,HOLD,NONE,0,88.69985405215473,0,,,,,,,,,,,,,,,,22.0,22.0,66538.24,66538.55,66537.64,66538.14,,,,45.207513408602914,,,,,,,,,,,,,,66607.56814935412,,,,,,,SELL,,,,,12.61,pullback_not_near_ema;momentum_volume_low
2026-04-03T05:55:20.658507+00:00,BTCUSD,viper,144388,M5,HOLD,HOLD,NONE,0,89.76556833786888,0,,,,,,,,,,,,,,,,22.0,22.0,66538.24,66538.55,66522.72,66523.07,,,,44.33126988544844,,,,,,,,,,,,,,66606.13291125887,,,,,,,SELL,,,,,12.75,pullback_not_near_ema;momentum_volume_low
2026-04-03T05:55:31.269595+00:00,BTCUSD,viper,144388,M5,HOLD,HOLD,NONE,0,90.85771119501233,0,,,,,,,,,,,,,,,,22.0,22.0,66538.24,66538.55,66507.43,66513.0,,,,43.76444121740946,,,,,,,,,,,,,,66605.17386363984,,,,,,,SELL,,,,,12.89,pullback_not_near_ema;momentum_volume_low
2026-04-03T05:55:32.388485+00:00,XAUUSD,viper,144388,M5,OUTSIDE_HOURS,OUTSIDE_HOURS,NONE,0,5.405325367263564,0,,,,,,,,,,,,,,,,0.34,0.34,4668.9,4673.32,4667.67,4670.82,,,,53.58433911787206,,,,,,,,,,,,,,,,,,,,,BOTH,,,,,21.52,pullback_weak_candle;momentum_volume_low
2026-04-03T05:55:42.831992+00:00,BTCUSD,viper,144388,M5,HOLD,HOLD,NONE,0,91.28842548072653,0,,,,,,,,,,,,,,,,22.0,22.0,66538.24,66544.58,66507.43,66544.58,,,,45.66385854965628,,,,,,,,,,,,,,66608.18148268745,,,,,,,SELL,,,,,12.89,pullback_weak_candle;momentum_volume_low
2026-04-03T05:55:53.399137+00:00,BTCUSD,viper,144388,M5,HOLD,HOLD,NONE,0,93.3184254807264,0,,,,,,,,,,,,,,,,22.0,22.0,66538.24,66573.0,66507.43,66572.37,,,,47.56037442815015,,,,,,,,,,,,,,66610.82814935411,,,,,,,SELL,,,,,12.89,pullback_structure_not_confirmed;momentum_volume_low
2026-04-03T05:56:03.862208+00:00,BTCUSD,viper,144388,M5,HOLD,HOLD,NONE,0,93.5541397664409,0,,,,,,,,,,,,,,,,22.0,22.0,66538.24,66576.3,66507.43,66557.12,,,,46.53635655457808,,,,,,,,,,,,,,66609.37576840173,,,,,,,SELL,,,,,12.89,pullback_weak_candle;momentum_volume_low
2026-04-03T05:56:14.295328+00:00,BTCUSD,viper,144388,M5,HOLD,HOLD,NONE,0,93.5541397664409,0,,,,,,,,,,,,,,,,22.0,22.0,66538.24,66576.3,66507.43,66556.81,,,,46.51512553817445,,,,,,,,,,,,,,66609.3462445922,,,,,,,SELL,,,,,12.89,pullback_weak_candle;momentum_volume_low
2026-04-03T05:56:24.911163+00:00,BTCUSD,viper,144388,M5,HOLD,HOLD,NONE,0,93.88842548072611,0,,,,,,,,,,,,,,,,22.0,22.0,66538.24,66580.98,66507.43,66580.55,,,,48.093651514406275,,,,,,,,,,,,,,66611.60719697317,,,,,,,SELL,,,,,12.89,pullback_structure_not_confirmed;momentum_volume_low
2026-04-03T05:56:35.414789+00:00,BTCUSD,viper,144388,M5,HOLD,HOLD,NONE,0,94.187711195012,0,,,,,,,,,,,,,,,,22.0,22.0,66538.24,66585.17,66507.43,66571.03,,,,47.47196978913761,,,,,,,,,,,,,,66610.7005303065,,,,,,,SELL,,,,,12.89,pullback_structure_not_confirmed;momentum_volume_low
2026-04-03T05:56:45.991462+00:00,BTCUSD,viper,144388,M5,HOLD,HOLD,NONE,0,94.187711195012,0,,,,,,,,,,,,,,,,22.0,22.0,66538.24,66585.17,66507.43,66568.38,,,,47.296259177546034,,,,,,,,,,,,,,66610.44814935411,,,,,,,SELL,,,,,12.89,pullback_weak_candle;momentum_volume_low
2026-04-03T05:56:56.430900+00:00,BTCUSD,viper,144388,M5,HOLD,HOLD,NONE,0,94.187711195012,0,,,,,,,,,,,,,,,,22.0,22.0,66538.24,66585.17,66507.43,66567.92,,,,47.26563866022437,,,,,,,,,,,,,,66610.4043398303,,,,,,,SELL,,,,,12.89,pullback_weak_candle;momentum_volume_low
2026-04-03T05:57:06.946949+00:00,BTCUSD,viper,144388,M5,HOLD,HOLD,NONE,0,94.187711195012,0,,,,,,,,,,,,,,,,22.0,22.0,66538.24,66585.17,66507.43,66553.52,,,,46.28875931622177,,,,,,,,,,,,,,66609.03291125888,,,,,,,SELL,,,,,12.89,pullback_weak_candle;momentum_volume_low
2026-04-03T05:57:17.455000+00:00,BTCUSD,viper,144388,M5,HOLD,HOLD,NONE,0,94.187711195012,0,,,,,,,,,,,,,,,,22.0,22.0,66538.24,66585.17,66507.43,66546.58,,,,45.804916717283184,,,,,,,,,,,,,,66608.37195887792,,,,,,,SELL,,,,,12.89,pullback_weak_candle;momentum_volume_low
2026-04-03T05:57:18.292637+00:00,XAUUSD,viper,144388,M5,OUTSIDE_HOURS,OUTSIDE_HOURS,NONE,0,5.405325367263564,0,,,,,,,,,,,,,,,,0.34,0.34,4668.9,4673.32,4667.67,4670.82,,,,53.58433911787206,,,,,,,,,,,,,,,,,,,,,BOTH,,,,,21.52,pullback_weak_candle;momentum_volume_low
2026-04-03T05:57:28.499321+00:00,BTCUSD,viper,144388,M5,HOLD,HOLD,NONE,0,94.187711195012,0,,,,,,,,,,,,,,,,22.0,22.0,66538.24,66585.17,66507.43,66550.05,,,,46.04792277087968,,,,,,,,,,,,,,66608.70243506841,,,,,,,SELL,,,,,12.89,pullback_weak_candle;momentum_volume_low
2026-04-03T05:57:38.930366+00:00,BTCUSD,viper,144388,M5,HOLD,HOLD,NONE,0,94.187711195012,0,,,,,,,,,,,,,,,,22.0,22.0,66538.24,66585.17,66507.43,66550.54,,,,46.08206226509438,,,,,,,,,,,,,,66608.74910173507,,,,,,,SELL,,,,,12.89,pullback_weak_candle;momentum_volume_low
2026-04-03T05:57:49.474880+00:00,BTCUSD,viper,144388,M5,HOLD,HOLD,NONE,0,94.187711195012,0,,,,,,,,,,,,,,,,22.0,22.0,66538.24,66585.17,66507.43,66550.3,,,,46.06534628024717,,,,,,,,,,,,,,66608.72624459221,,,,,,,SELL,,,,,12.89,pullback_weak_candle;momentum_volume_low
2026-04-03T05:57:59.923818+00:00,BTCUSD,viper,144388,M5,HOLD,HOLD,NONE,0,94.187711195012,0,,,,,,,,,,,,,,,,22.0,22.0,66538.24,66585.17,66507.43,66550.52,,,,46.080669662122844,,,,,,,,,,,,,,66608.74719697317,,,,,,,SELL,,,,,12.89,pullback_weak_candle;momentum_volume_low
2026-04-03T05:58:10.412386+00:00,BTCUSD,viper,144388,M5,HOLD,HOLD,NONE,0,94.187711195012,0,,,,,,,,,,,,,,,,22.0,22.0,66538.24,66585.17,66507.43,66541.6,,,,45.45231443530363,,,,,,,,,,,,,,66607.89767316364,,,,,,,SELL,,,,,12.89,pullback_weak_candle;momentum_volume_low
2026-04-03T05:58:20.939675+00:00,BTCUSD,viper,144388,M5,HOLD,HOLD,NONE,0,94.187711195012,0,,,,,,,,,,,,,,,,22.0,22.0,66538.24,66585.17,66507.43,66535.47,,,,45.04975044808983,,,,,,,,,,,,,,66607.31386363984,,,,,,,SELL,,,,,12.89,pullback_weak_candle;momentum_volume_low
2026-04-03T05:58:31.433571+00:00,BTCUSD,viper,144388,M5,HOLD,HOLD,NONE,0,94.187711195012,0,,,,,,,,,,,,,,,,22.0,22.0,66538.24,66585.17,66507.43,66527.78,,,,44.6014609237068,,,,,,,,,,,,,,66606.58148268746,,,,,,,SELL,,,,,12.89,pullback_weak_candle;momentum_volume_low
2026-04-03T05:58:41.886162+00:00,BTCUSD,viper,144388,M5,HOLD,HOLD,NONE,0,94.187711195012,0,,,,,,,,,,,,,,,,22.0,22.0,66538.24,66585.17,66507.43,66538.88,,,,45.25778417655353,,,,,,,,,,,,,,66607.6386255446,,,,,,,SELL,,,,,12.89,pullback_weak_candle;momentum_volume_low
2026-04-03T05:58:52.331208+00:00,BTCUSD,viper,144388,M5,HOLD,HOLD,NONE,0,94.187711195012,0,,,,,,,,,,,,,,,,22.0,22.0,66538.24,66585.17,66507.43,66559.35,,,,46.688587576612306,,,,,,,,,,,,,,66609.58814935412,,,,,,,SELL,,,,,12.89,pullback_weak_candle;momentum_volume_low
2026-04-03T05:59:02.803127+00:00,BTCUSD,viper,144388,M5,HOLD,HOLD,NONE,0,94.187711195012,0,,,,,,,,,,,,,,,,22.0,22.0,66538.24,66585.17,66507.43,66568.92,,,,47.33215965888556,,,,,,,,,,,,,,66610.49957792554,,,,,,,SELL,,,,,12.89,pullback_weak_candle;momentum_volume_low
2026-04-03T05:59:03.726450+00:00,XAUUSD,viper,144388,M5,OUTSIDE_HOURS,OUTSIDE_HOURS,NONE,0,5.405325367263564,0,,,,,,,,,,,,,,,,0.34,0.34,4668.9,4673.32,4667.67,4670.82,,,,53.58433911787206,,,,,,,,,,,,,,,,,,,,,BOTH,,,,,21.52,pullback_weak_candle;momentum_volume_low
2026-04-03T05:59:13.922639+00:00,BTCUSD,viper,144388,M5,HOLD,HOLD,NONE,0,94.187711195012,0,,,,,,,,,,,,,,,,22.0,22.0,66538.24,66585.17,66507.43,66573.04,,,,47.60446525276896,,,,,,,,,,,,,,66610.89195887792,,,,,,,SELL,,,,,12.89,pullback_structure_not_confirmed;momentum_volume_low
2026-04-03T05:59:24.444883+00:00,BTCUSD,viper,144388,M5,HOLD,HOLD,NONE,0,94.187711195012,0,,,,,,,,,,,,,,,,22.0,22.0,66538.24,66585.17,66507.43,66573.38,,,,47.6268113543983,,,,,,,,,,,,,,66610.92433983031,,,,,,,SELL,,,,,12.89,pullback_structure_not_confirmed;momentum_volume_low
2026-04-03T05:59:34.887691+00:00,BTCUSD,viper,144388,M5,HOLD,HOLD,NONE,0,94.187711195012,0,,,,,,,,,,,,,,,,22.0,22.0,66538.24,66585.17,66507.43,66580.46,,,,48.087843179894456,,,,,,,,,,,,,,66611.59862554459,,,,,,,SELL,,,,,12.89,pullback_structure_not_confirmed;momentum_volume_low
2026-04-03T05:59:45.324495+00:00,BTCUSD,viper,144388,M5,HOLD,HOLD,NONE,0,94.187711195012,0,,,,,,,,,,,,,,,,22.0,22.0,66538.24,66585.17,66507.43,66582.78,,,,48.23715519405112,,,,,,,,,,,,,,66611.81957792555,,,,,,,SELL,,,,,12.89,pullback_structure_not_confirmed;momentum_volume_low
2026-04-03T05:59:55.763515+00:00,BTCUSD,viper,144388,M5,HOLD,HOLD,NONE,0,94.32271119501196,0,,,,,,,,,,,,,,,,22.0,22.0,66538.24,66587.06,66507.43,66586.12,,,,48.45061085944607,,,,,,,,,,,,,,66612.13767316364,,,,,,,SELL,,,,,12.89,pullback_structure_not_confirmed;momentum_volume_low
2026-04-03T06:00:06.202707+00:00,BTCUSD,viper,144388,M5,HOLD,HOLD,NONE,0,87.82241861938515,0,,,,,,,,,,,,,,,,22.0,22.0,66589.14,66589.73,66588.9,66589.57,,,,48.670754510422384,,,,,,,,,,,,,,66610.2589380945,,,,,,,SELL,,,,,12.89,pullback_structure_not_confirmed;momentum_volume_low
2026-04-03T06:00:16.689981+00:00,BTCUSD,viper,144388,M5,HOLD,HOLD,NONE,0,87.93241861938573,0,,,,,,,,,,,,,,,,22.0,22.0,66589.14,66591.27,66588.9,66591.19,,,,48.78060917459643,,,,,,,,,,,,,,66610.41322380878,,,,,,,SELL,,,,,12.87,pullback_structure_not_confirmed;momentum_volume_low
2026-04-03T06:00:27.162209+00:00,BTCUSD,viper,144388,M5,HOLD,HOLD,NONE,0,88.448847190814,0,,,,,,,,,,,,,,,,22.0,22.0,66589.14,66598.5,66588.9,66598.21,,,,49.25126231635735,,,,,,,,,,,,,,66611.08179523735,,,,,,,SELL,,,,,12.78,pullback_structure_not_confirmed;momentum_volume_low
2026-04-03T06:00:37.606093+00:00,BTCUSD,viper,144388,M5,HOLD,HOLD,NONE,0,88.4652757622423,0,,,,,,,,,,,,,,,,22.0,22.0,66589.14,66598.5,66588.67,66588.74,,,,48.61619563875453,,,,,,,,,,,,,,66610.17989047545,,,,,,,SELL,,,,,12.78,pullback_weak_candle;momentum_volume_low
2026-04-03T06:00:48.070490+00:00,BTCUSD,viper,144388,M5,HOLD,HOLD,NONE,0,88.46599004795621,0,,,,,,,,,,,,,,,,22.0,22.0,66589.14,66598.5,66588.66,66588.93,,,,48.62842467267982,,,,,,,,,,,,,,66610.19798571354,,,,,,,SELL,,,,,12.78,pullback_weak_candle;momentum_volume_low
2026-04-03T06:00:48.866323+00:00,XAUUSD,viper,144388,M5,OUTSIDE_HOURS,OUTSIDE_HOURS,NONE,0,5.405325367263564,0,,,,,,,,,,,,,,,,0.34,0.34,4668.9,4673.32,4667.67,4670.82,,,,53.58433911787206,,,,,,,,,,,,,,,,,,,,,BOTH,,,,,21.52,pullback_weak_candle;momentum_volume_low
2026-04-03T06:00:59.064649+00:00,BTCUSD,viper,144388,M5,HOLD,HOLD,NONE,0,88.47313290509948,0,,,,,,,,,,,,,,,,22.0,22.0,66589.14,66598.5,66588.56,66588.93,,,,48.62842467267982,,,,,,,,,,,,,,66610.19798571354,,,,,,,SELL,,,,,12.78,pullback_weak_candle;momentum_volume_low
2026-04-03T06:01:09.583837+00:00,BTCUSD,viper,144388,M5,HOLD,HOLD,NONE,0,88.47313290509948,0,,,,,,,,,,,,,,,,22.0,22.0,66589.14,66598.5,66588.56,66589.26,,,,48.64967920232377,,,,,,,,,,,,,,66610.22941428497,,,,,,,SELL,,,,,12.78,pullback_weak_candle;momentum_volume_low
2026-04-03T06:01:20.082863+00:00,BTCUSD,viper,144388,M5,HOLD,HOLD,NONE,0,89.58241861938511,0,,,,,,,,,,,,,,,,22.0,22.0,66589.14,66598.5,66573.03,66573.38,,,,47.64751674925857,,,,,,,,,,,,,,66608.71703333259,,,,,,,SELL,,,,,12.78,pullback_structure_not_confirmed;momentum_volume_low
2026-04-03T06:01:30.634905+00:00,BTCUSD,viper,144388,M5,HOLD,HOLD,NONE,0,89.59313290509898,0,,,,,,,,,,,,,,,,22.0,22.0,66589.14,66598.5,66572.88,66573.44,,,,47.65122554549569,,,,,,,,,,,,,,66608.7227476183,,,,,,,SELL,,,,,12.78,pullback_structure_not_confirmed;momentum_volume_low
2026-04-03T06:01:41.200844+00:00,BTCUSD,viper,144388,M5,HOLD,HOLD,NONE,0,89.59313290509898,0,,,,,,,,,,,,,,,,22.0,22.0,66589.14,66598.5,66572.88,66594.4,,,,48.99690104830014,,,,,,,,,,,,,,66610.71893809449,,,,,,,SELL,,,,,12.78,pullback_weak_candle;momentum_volume_low
2026-04-03T06:01:51.704807+00:00,BTCUSD,viper,144388,M5,HOLD,HOLD,NONE,0,89.59313290509898,0,,,,,,,,,,,,,,,,22.0,22.0,66589.14,66598.5,66572.88,66589.18,,,,48.644524883116446,,,,,,,,,,,,,,66610.22179523735,,,,,,,SELL,,,,,12.78,pullback_weak_candle;momentum_volume_low
2026-04-03T06:02:02.135894+00:00,BTCUSD,viper,144388,M5,HOLD,HOLD,NONE,0,89.67527576224143,0,,,,,,,,,,,,,,,,22.0,22.0,66589.14,66599.65,66572.88,66599.43,,,,49.332175916647266,,,,,,,,,,,,,,66611.19798571354,,,,,,,SELL,,,,,12.76,pullback_weak_candle;momentum_volume_low
2026-04-03T06:02:12.660345+00:00,BTCUSD,viper,144388,M5,HOLD,HOLD,NONE,0,89.67527576224143,0,,,,,,,,,,,,,,,,22.0,22.0,66589.14,66599.65,66572.88,66591.8,,,,48.82185243621123,,,,,,,,,,,,,,66610.47131904688,,,,,,,SELL,,,,,12.76,pullback_weak_candle;momentum_volume_low
2026-04-03T06:02:23.356018+00:00,BTCUSD,viper,144388,M5,HOLD,HOLD,NONE,0,89.67527576224143,0,,,,,,,,,,,,,,,,22.0,22.0,66589.14,66599.65,66572.88,66591.5,,,,48.80157716853419,,,,,,,,,,,,,,66610.4427476183,,,,,,,SELL,,,,,12.76,pullback_weak_candle;momentum_volume_low
2026-04-03T06:02:34.043646+00:00,BTCUSD,viper,144388,M5,HOLD,HOLD,NONE,0,90.26956147652763,0,,,,,,,,,,,,,,,,22.0,22.0,66589.14,66607.97,66572.88,66606.84,,,,49.81813694214361,,,,,,,,,,,,,,66611.90369999925,,,,,,,SELL,,,,,12.66,pullback_structure_not_confirmed;momentum_volume_low
2026-04-03T06:02:34.995450+00:00,XAUUSD,viper,144388,M5,OUTSIDE_HOURS,OUTSIDE_HOURS,NONE,0,5.405325367263564,0,,,,,,,,,,,,,,,,0.34,0.34,4668.9,4673.32,4667.67,4670.82,,,,53.58433911787206,,,,,,,,,,,,,,,,,,,,,BOTH,,,,,21.52,pullback_weak_candle;momentum_volume_low
2026-04-03T06:02:45.458499+00:00,BTCUSD,viper,144388,M5,HOLD,HOLD,NONE,0,90.50027576224163,0,,,,,,,,,,,,,,,,22.0,22.0,66589.14,66611.2,66572.88,66610.92,,,,50.081752157884054,,,,,,,,,,,,,,66612.29227142782,,,,,,,SELL,,,,,12.62,pullback_structure_not_confirmed;momentum_volume_low
2026-04-03T06:02:56.154020+00:00,BTCUSD,viper,144388,M5,HOLD,HOLD,NONE,0,90.79956147652751,0,,,,,,,,,,,,,,,,22.0,22.0,66589.14,66615.39,66572.88,66614.78,,,,50.328615780298506,,,,,,,,,,,,,,66612.65989047545,,,,,,,SELL,,,,,12.57,pullback_structure_not_confirmed;momentum_volume_low
2026-04-03T06:03:06.888161+00:00,BTCUSD,viper,144388,M5,HOLD,HOLD,NONE,0,91.73956147652775,0,,,,,,,,,,,,,,,,22.0,22.0,66589.14,66628.55,66572.88,66628.16,,,,51.16574242038745,,,,,,,,,,,,,,66613.93417618974,,,,,,,SELL,,,,,12.42,pullback_structure_not_confirmed;momentum_volume_low
2026-04-03T06:03:17.469887+00:00,BTCUSD,viper,144388,M5,HOLD,HOLD,NONE,0,91.82599004795574,0,,,,,,,,,,,,,,,,22.0,22.0,66589.14,66629.76,66572.88,66629.48,,,,51.24680227567073,,,,,,,,,,,,,,66614.05989047544,,,,,,,SELL,,,,,12.41,pullback_structure_not_confirmed;momentum_volume_low
2026-04-03T06:03:28.098065+00:00,BTCUSD,viper,144388,M5,HOLD,HOLD,NONE,0,92.25741861938491,0,,,,,,,,,,,,,,,,22.0,22.0,66589.14,66635.8,66572.88,66632.12,,,,51.40811735122202,,,,,,,,,,,,,,66614.31131904687,,,,,,,SELL,,,,,12.34,pullback_structure_not_confirmed;momentum_volume_low
2026-04-03T06:03:38.501120+00:00,BTCUSD,viper,144388,M5,HOLD,HOLD,NONE,0,92.25741861938491,0,,,,,,,,,,,,,,,,22.0,22.0,66589.14,66635.8,66572.88,66629.43,,,,51.24373673049122,,,,,,,,,,,,,,66614.05512857069,,,,,,,SELL,,,,,12.34,pullback_structure_not_confirmed;momentum_volume_low
2026-04-03T06:03:48.922583+00:00,BTCUSD,viper,144388,M5,HOLD,HOLD,NONE,0,92.25741861938491,0,,,,,,,,,,,,,,,,22.0,22.0,66589.14,66635.8,66572.88,66623.28,,,,50.86371181388255,,,,,,,,,,,,,,66613.46941428498,,,,,,,SELL,,,,,12.34,pullback_structure_not_confirmed;momentum_volume_low
2026-04-03T06:03:59.507926+00:00,BTCUSD,viper,144388,M5,HOLD,HOLD,NONE,0,92.25741861938491,0,,,,,,,,,,,,,,,,22.0,22.0,66589.14,66635.8,66572.88,66618.61,,,,50.57115929045936,,,,,,,,,,,,,,66613.0246523802,,,,,,,SELL,,,,,12.34,pullback_structure_not_confirmed;momentum_volume_low
2026-04-03T06:04:10.022809+00:00,BTCUSD,viper,144388,M5,HOLD,HOLD,NONE,0,92.25741861938491,0,,,,,,,,,,,,,,,,22.0,22.0,66589.14,66635.8,66572.88,66609.58,,,,49.99547862096324,,,,,,,,,,,,,,66612.1646523802,,,,,,,SELL,,,,,12.34,pullback_weak_candle;momentum_volume_low
2026-04-03T06:04:20.574433+00:00,BTCUSD,viper,144388,M5,HOLD,HOLD,NONE,0,92.25741861938491,0,,,,,,,,,,,,,,,,22.0,22.0,66589.14,66635.8,66572.88,66609.91,,,,50.016752754400166,,,,,,,,,,,,,,66612.19608095163,,,,,,,SELL,,,,,12.34,pullback_weak_candle;momentum_volume_low
2026-04-03T06:04:21.288672+00:00,XAUUSD,viper,144388,M5,OUTSIDE_HOURS,OUTSIDE_HOURS,NONE,0,5.405325367263564,0,,,,,,,,,,,,,,,,0.34,0.34,4668.9,4673.32,4667.67,4670.82,,,,53.58433911787206,,,,,,,,,,,,,,,,,,,,,BOTH,,,,,21.52,pullback_weak_candle;momentum_volume_low
2026-04-03T06:04:31.539541+00:00,BTCUSD,viper,144388,M5,HOLD,HOLD,NONE,0,92.25741861938491,0,,,,,,,,,,,,,,,,22.0,22.0,66589.14,66635.8,66572.88,66610.04,,,,50.02512850433461,,,,,,,,,,,,,,66612.20846190403,,,,,,,SELL,,,,,12.34,pullback_weak_candle;momentum_volume_low
2026-04-03T06:04:42.041881+00:00,BTCUSD,viper,144388,M5,HOLD,HOLD,NONE,0,92.25741861938491,0,,,,,,,,,,,,,,,,22.0,22.0,66589.14,66635.8,66572.88,66599.25,,,,49.320254074011984,,,,,,,,,,,,,,66611.1808428564,,,,,,,SELL,,,,,12.34,pullback_weak_candle;momentum_volume_low
2026-04-03T06:04:52.457003+00:00,BTCUSD,viper,144388,M5,HOLD,HOLD,NONE,0,92.25741861938491,0,,,,,,,,,,,,,,,,22.0,22.0,66589.14,66635.8,66572.88,66599.28,,,,49.322241437372014,,,,,,,,,,,,,,66611.18369999925,,,,,,,SELL,,,,,12.34,pullback_weak_candle;momentum_volume_low
2026-04-03T06:05:02.905400+00:00,BTCUSD,viper,144388,M5,HOLD,HOLD,NONE,0,86.62442989552702,0,,,,,,,,,,,,,,,,22.0,22.0,66559.3,66559.54,66558.94,66559.48,,,,46.8035711586498,,,,,,,,,,,,,,66602.83092084492,,,,,,,SELL,,,,,11.84,pullback_weak_candle;momentum_volume_low
2026-04-03T06:05:13.441352+00:00,BTCUSD,viper,144388,M5,HOLD,HOLD,NONE,0,87.88514418124193,0,,,,,,,,,,,,,,,,22.0,22.0,66559.3,66577.19,66558.94,66576.74,,,,48.03431961679309,,,,,,,,,,,,,,66604.47473036873,,,,,,,SELL,,,,,11.84,pullback_structure_not_confirmed;momentum_volume_low
2026-04-03T06:05:23.986845+00:00,BTCUSD,viper,144388,M5,HOLD,HOLD,NONE,0,87.89871560981352,0,,,,,,,,,,,,,,,,22.0,22.0,66559.3,66577.38,66558.94,66560.4,,,,46.870559239584026,,,,,,,,,,,,,,66602.91853989253,,,,,,,SELL,,,,,11.84,pullback_weak_candle;momentum_volume_low
2026-04-03T06:05:34.476691+00:00,BTCUSD,viper,144388,M5,HOLD,HOLD,NONE,0,87.89871560981352,0,,,,,,,,,,,,,,,,22.0,22.0,66559.3,66577.38,66558.94,66560.28,,,,46.86181981538893,,,,,,,,,,,,,,66602.90711132111,,,,,,,SELL,,,,,11.84,pullback_weak_candle;momentum_volume_low
2026-04-03T06:05:44.926079+00:00,BTCUSD,viper,144388,M5,HOLD,HOLD,NONE,0,88.39728703838466,0,,,,,,,,,,,,,,,,22.0,22.0,66559.3,66577.38,66551.96,66552.12,,,,46.33559525855807,,,,,,,,,,,,,,66602.12996846397,,,,,,,SELL,,,,,11.91,pullback_weak_candle;momentum_volume_low
2026-04-03T06:05:55.397775+00:00,BTCUSD,viper,144388,M5,HOLD,HOLD,NONE,0,88.65800132409852,0,,,,,,,,,,,,,,,,22.0,22.0,66559.3,66580.67,66551.6,66580.67,,,,48.30665461641916,,,,,,,,,,,,,,66604.84901608301,,,,,,,SELL,,,,,11.91,pullback_structure_not_confirmed;momentum_volume_low
2026-04-03T06:06:05.856177+00:00,BTCUSD,viper,144388,M5,HOLD,HOLD,NONE,0,89.08871560981272,0,,,,,,,,,,,,,,,,22.0,22.0,66559.3,66586.7,66551.6,66584.58,,,,48.57478569701348,,,,,,,,,,,,,,66605.2213970354,,,,,,,SELL,,,,,11.91,pullback_structure_not_confirmed;momentum_volume_low
2026-04-03T06:06:06.702092+00:00,XAUUSD,viper,144388,M5,OUTSIDE_HOURS,OUTSIDE_HOURS,NONE,0,5.405325367263564,0,,,,,,,,,,,,,,,,0.34,0.34,4668.9,4673.32,4667.67,4670.82,,,,53.58433911787206,,,,,,,,,,,,,,,,,,,,,BOTH,,,,,21.52,pullback_weak_candle;momentum_volume_low
2026-04-03T06:06:17.012475+00:00,BTCUSD,viper,144388,M5,HOLD,HOLD,NONE,0,89.08871560981272,0,,,,,,,,,,,,,,,,22.0,22.0,66559.3,66586.7,66551.6,66577.06,,,,48.056601741828516,,,,,,,,,,,,,,66604.5052065592,,,,,,,SELL,,,,,11.91,pullback_structure_not_confirmed;momentum_volume_low
2026-04-03T06:06:27.474557+00:00,BTCUSD,viper,144388,M5,HOLD,HOLD,NONE,0,89.08871560981272,0,,,,,,,,,,,,,,,,22.0,22.0,66559.3,66586.7,66551.6,66576.84,,,,48.04128483414238,,,,,,,,,,,,,,66604.48425417826,,,,,,,SELL,,,,,11.91,pullback_structure_not_confirmed;momentum_volume_low
2026-04-03T06:06:38.015871+00:00,BTCUSD,viper,144388,M5,HOLD,HOLD,NONE,0,89.9787156098132,0,,,,,,,,,,,,,,,,22.0,22.0,66559.3,66599.16,66551.6,66598.85,,,,49.530199094170115,,,,,,,,,,,,,,66606.58044465445,,,,,,,SELL,,,,,11.91,pullback_structure_not_confirmed;momentum_volume_low
2026-04-03T06:06:48.543399+00:00,BTCUSD,viper,144388,M5,HOLD,HOLD,NONE,0,89.99657275267033,0,,,,,,,,,,,,,,,,22.0,22.0,66559.3,66599.41,66551.6,66598.98,,,,49.538739778851614,,,,,,,,,,,,,,66606.59282560683,,,,,,,SELL,,,,,11.91,pullback_structure_not_confirmed;momentum_volume_low
2026-04-03T06:06:59.023023+00:00,BTCUSD,viper,144388,M5,HOLD,HOLD,NONE,0,89.99657275267033,0,,,,,,,,,,,,,,,,22.0,22.0,66559.3,66599.41,66551.6,66598.88,,,,49.53217027799742,,,,,,,,,,,,,,66606.5833017973,,,,,,,SELL,,,,,11.91,pullback_structure_not_confirmed;momentum_volume_low
2026-04-03T06:07:09.477588+00:00,BTCUSD,viper,144388,M5,HOLD,HOLD,NONE,0,89.99657275267033,0,,,,,,,,,,,,,,,,22.0,22.0,66559.3,66599.41,66551.6,66595.35,,,,49.29916589493148,,,,,,,,,,,,,,66606.2471113211,,,,,,,SELL,,,,,11.91,pullback_structure_not_confirmed;momentum_volume_low
2026-04-03T06:07:20.130906+00:00,BTCUSD,viper,144388,M5,HOLD,HOLD,NONE,0,89.99657275267033,0,,,,,,,,,,,,,,,,22.0,22.0,66559.3,66599.41,66551.6,66578.9,,,,48.18435404848577,,,,,,,,,,,,,,66604.68044465444,,,,,,,SELL,,,,,11.91,pullback_structure_not_confirmed;momentum_volume_low
2026-04-03T06:07:30.738355+00:00,BTCUSD,viper,144388,M5,HOLD,HOLD,NONE,0,89.99657275267033,0,,,,,,,,,,,,,,,,22.0,22.0,66559.3,66599.41,66551.6,66588.95,,,,48.87118890063737,,,,,,,,,,,,,,66605.63758751159,,,,,,,SELL,,,,,11.91,pullback_structure_not_confirmed;momentum_volume_low
2026-04-03T06:07:41.268579+00:00,BTCUSD,viper,144388,M5,HOLD,HOLD,NONE,0,89.99657275267033,0,,,,,,,,,,,,,,,,22.0,22.0,66559.3,66599.41,66551.6,66589.06,,,,48.87860577156253,,,,,,,,,,,,,,66605.64806370207,,,,,,,SELL,,,,,11.91,pullback_structure_not_confirmed;momentum_volume_low
2026-04-03T06:07:51.800314+00:00,BTCUSD,viper,144388,M5,HOLD,HOLD,NONE,0,89.99657275267033,0,,,,,,,,,,,,,,,,22.0,22.0,66559.3,66599.41,66551.6,66588.98,,,,48.87321189704293,,,,,,,,,,,,,,66605.64044465445,,,,,,,SELL,,,,,11.91,pullback_structure_not_confirmed;momentum_volume_low
2026-04-03T06:07:52.476767+00:00,XAUUSD,viper,144388,M5,OUTSIDE_HOURS,OUTSIDE_HOURS,NONE,0,5.405325367263564,0,,,,,,,,,,,,,,,,0.34,0.34,4668.9,4673.32,4667.67,4670.82,,,,53.58433911787206,,,,,,,,,,,,,,,,,,,,,BOTH,,,,,21.52,pullback_weak_candle;momentum_volume_low
2026-04-03T06:08:02.731658+00:00,BTCUSD,viper,144388,M5,HOLD,HOLD,NONE,0,90.71871560981323,0,,,,,,,,,,,,,,,,22.0,22.0,66559.3,66609.52,66551.6,66609.01,,,,50.18908388199552,,,,,,,,,,,,,,66607.54806370207,,,,,,,SELL,,,,,11.91,pullback_structure_not_confirmed;momentum_volume_low
2026-04-03T06:08:13.177069+00:00,BTCUSD,viper,144388,M5,HOLD,HOLD,NONE,0,91.1315727526703,0,,,,,,,,,,,,,,,,22.0,22.0,66559.3,66615.3,66551.6,66614.8,,,,50.55693167882997,,,,,,,,,,,,,,66608.0994922735,,,,,,,SELL,,,,,11.91,pullback_structure_not_confirmed;momentum_volume_low
2026-04-03T06:08:23.662033+00:00,BTCUSD,viper,144388,M5,HOLD,HOLD,NONE,0,91.85300132409823,0,,,,,,,,,,,,,,,,22.0,22.0,66559.3,66625.4,66551.6,66625.04,,,,51.19436533102948,,,,,,,,,,,,,,66609.07473036874,,,,,,,SELL,,,,,11.91,pullback_structure_not_confirmed;momentum_volume_low
2026-04-03T06:08:34.151943+00:00,BTCUSD,viper,144388,M5,HOLD,HOLD,NONE,0,91.85585846695597,0,,,,,,,,,,,,,,,,22.0,22.0,66559.3,66625.44,66551.6,66609.95,,,,50.24917528159169,,,,,,,,,,,,,,66607.63758751159,,,,,,,SELL,,,,,11.91,pullback_structure_not_confirmed;momentum_volume_low
2026-04-03T06:08:44.594960+00:00,BTCUSD,viper,144388,M5,HOLD,HOLD,NONE,0,91.85585846695597,0,,,,,,,,,,,,,,,,22.0,22.0,66559.3,66625.44,66551.6,66601.04,,,,49.673691999703266,,,,,,,,,,,,,,66606.78901608301,,,,,,,SELL,,,,,11.91,pullback_structure_not_confirmed;momentum_volume_low
2026-04-03T06:08:55.046333+00:00,BTCUSD,viper,144388,M5,HOLD,HOLD,NONE,0,91.85585846695597,0,,,,,,,,,,,,,,,,22.0,22.0,66559.3,66625.44,66551.6,66601.76,,,,49.720689691766026,,,,,,,,,,,,,,66606.8575875116,,,,,,,SELL,,,,,11.91,pullback_structure_not_confirmed;momentum_volume_low
2026-04-03T06:09:05.618319+00:00,BTCUSD,viper,144388,M5,HOLD,HOLD,NONE,0,91.85585846695597,0,,,,,,,,,,,,,,,,22.0,22.0,66559.3,66625.44,66551.6,66584.68,,,,48.58160679460596,,,,,,,,,,,,,,66605.23092084492,,,,,,,SELL,,,,,11.91,pullback_weak_candle;momentum_volume_low
2026-04-03T06:09:16.093820+00:00,BTCUSD,viper,144388,M5,HOLD,HOLD,NONE,0,91.85585846695597,0,,,,,,,,,,,,,,,,22.0,22.0,66559.3,66625.44,66551.6,66584.54,,,,48.57205675121712,,,,,,,,,,,,,,66605.2175875116,,,,,,,SELL,,,,,11.91,pullback_weak_candle;momentum_volume_low
2026-04-03T06:09:26.541001+00:00,BTCUSD,viper,144388,M5,HOLD,HOLD,NONE,0,92.15800132409957,0,,,,,,,,,,,,,,,,22.0,22.0,66559.3,66625.44,66547.37,66554.04,,,,46.45677134860379,,,,,,,,,,,,,,66602.31282560683,,,,,,,SELL,,,,,11.96,pullback_weak_candle;momentum_volume_low
2026-04-03T06:09:37.056769+00:00,BTCUSD,viper,144388,M5,HOLD,HOLD,NONE,0,92.15800132409957,0,,,,,,,,,,,,,,,,22.0,22.0,66559.3,66625.44,66547.37,66574.05,,,,47.84625197701931,,,,,,,,,,,,,,66604.21853989254,,,,,,,SELL,,,,,11.96,pullback_weak_candle;momentum_volume_low
2026-04-03T06:09:38.120262+00:00,XAUUSD,viper,144388,M5,OUTSIDE_HOURS,OUTSIDE_HOURS,NONE,0,5.405325367263564,0,,,,,,,,,,,,,,,,0.34,0.34,4668.9,4673.32,4667.67,4670.82,,,,53.58433911787206,,,,,,,,,,,,,,,,,,,,,BOTH,,,,,21.52,pullback_weak_candle;momentum_volume_low
2026-04-03T06:09:48.311138+00:00,BTCUSD,viper,144388,M5,HOLD,HOLD,NONE,0,92.15800132409957,0,,,,,,,,,,,,,,,,22.0,22.0,66559.3,66625.44,66547.37,66581.16,,,,48.34040986628027,,,,,,,,,,,,,,66604.89568274969,,,,,,,SELL,,,,,11.96,pullback_weak_candle;momentum_volume_low
2026-04-03T06:09:58.780077+00:00,BTCUSD,viper,144388,M5,HOLD,HOLD,NONE,0,92.15800132409957,0,,,,,,,,,,,,,,,,22.0,22.0,66559.3,66625.44,66547.37,66580.84,,,,48.31837061767485,,,,,,,,,,,,,,66604.8652065592,,,,,,,SELL,,,,,11.96,pullback_weak_candle;momentum_volume_low
2026-04-03T06:10:09.175665+00:00,BTCUSD,viper,144388,M5,HOLD,HOLD,NONE,0,86.1167142965402,0,,,,,,,,,,,,,,,,22.0,22.0,66580.98,66588.04,66580.46,66587.48,,,,48.80570873670264,,,,,,,,,,,,,,66603.22153583476,,,,,,,SELL,,,,,11.6,pullback_structure_not_confirmed;momentum_volume_low
2026-04-03T06:10:19.661420+00:00,BTCUSD,viper,144388,M5,HOLD,HOLD,NONE,0,86.80600001082654,0,,,,,,,,,,,,,,,,22.0,22.0,66580.98,66597.69,66580.46,66596.96,,,,49.486759650680355,,,,,,,,,,,,,,66604.12439297762,,,,,,,SELL,,,,,11.6,pullback_structure_not_confirmed;momentum_volume_low
2026-04-03T06:10:30.166318+00:00,BTCUSD,viper,144388,M5,HOLD,HOLD,NONE,0,87.70671429654085,0,,,,,,,,,,,,,,,,22.0,22.0,66580.98,66610.3,66580.46,66609.84,,,,50.3835506745341,,,,,,,,,,,,,,66605.3510596443,,,,,,,SELL,,,,,11.6,pullback_structure_not_confirmed;momentum_volume_low
2026-04-03T06:10:40.895980+00:00,BTCUSD,viper,144388,M5,HOLD,HOLD,NONE,0,88.0717142965409,0,,,,,,,,,,,,,,,,22.0,22.0,66580.98,66615.41,66580.46,66615.36,,,,50.75821558521388,,,,,,,,,,,,,,66605.87677393001,,,,,,,SELL,,,,,11.6,pullback_structure_not_confirmed;momentum_volume_low
2026-04-03T06:10:51.593124+00:00,BTCUSD,viper,144388,M5,HOLD,HOLD,NONE,0,88.35242858225469,0,,,,,,,,,,,,,,,,22.0,22.0,66580.98,66619.34,66580.46,66619.32,,,,51.023530049266064,,,,,,,,,,,,,,66606.25391678714,,,,,,,SELL,,,,,11.6,pullback_structure_not_confirmed;momentum_volume_low
2026-04-03T06:11:02.207549+00:00,BTCUSD,viper,144388,M5,HOLD,HOLD,NONE,0,88.78528572511166,0,,,,,,,,,,,,,,,,22.0,22.0,66580.98,66625.4,66580.46,66625.4,,,,51.425362591748474,,,,,,,,,,,,,,66606.83296440619,,,,,,,SELL,,,,,11.6,pullback_structure_not_confirmed;momentum_volume_low
2026-04-03T06:11:12.940692+00:00,BTCUSD,viper,144388,M5,HOLD,HOLD,NONE,0,88.80242858225489,0,,,,,,,,,,,,,,,,22.0,22.0,66580.98,66625.64,66580.46,66625.39,,,,51.42470709661121,,,,,,,,,,,,,,66606.83201202525,,,,,,,SELL,,,,,11.6,pullback_structure_not_confirmed;momentum_volume_low
2026-04-03T06:11:23.622217+00:00,BTCUSD,viper,144388,M5,HOLD,HOLD,NONE,0,89.26028572511228,0,,,,,,,,,,,,,,,,22.0,22.0,66580.98,66632.05,66580.46,66631.94,,,,51.85030040309492,,,,,,,,,,,,,,66607.45582154905,,,,,,,SELL,,,,,11.52,pullback_structure_not_confirmed;momentum_volume_low
2026-04-03T06:11:24.650395+00:00,XAUUSD,viper,144388,M5,OUTSIDE_HOURS,OUTSIDE_HOURS,NONE,0,5.405325367263564,0,,,,,,,,,,,,,,,,0.34,0.34,4668.9,4673.32,4667.67,4670.82,,,,53.58433911787206,,,,,,,,,,,,,,,,,,,,,BOTH,,,,,21.52,pullback_weak_candle;momentum_volume_low
2026-04-03T06:11:34.879233+00:00,BTCUSD,viper,144388,M5,HOLD,HOLD,NONE,0,89.27385715368388,0,,,,,,,,,,,,,,,,22.0,22.0,66580.98,66632.24,66580.46,66632.1,,,,51.860603284173855,,,,,,,,,,,,,,66607.47105964429,,,,,,,SELL,,,,,11.51,pullback_structure_not_confirmed;momentum_volume_low
2026-04-03T06:11:45.348298+00:00,BTCUSD,viper,144388,M5,HOLD,HOLD,NONE,0,89.2752857251117,0,,,,,,,,,,,,,,,,22.0,22.0,66580.98,66632.26,66580.46,66631.66,,,,51.83225974546992,,,,,,,,,,,,,,66607.42915488238,,,,,,,SELL,,,,,11.51,pullback_structure_not_confirmed;momentum_volume_low
2026-04-03T06:11:55.808507+00:00,BTCUSD,viper,144388,M5,HOLD,HOLD,NONE,0,89.72671429654078,0,,,,,,,,,,,,,,,,22.0,22.0,66580.98,66638.58,66580.46,66638.58,,,,52.27419647231515,,,,,,,,,,,,,,66608.08820250143,,,,,,,SELL,,,,,11.44,pullback_structure_not_confirmed;momentum_volume_low
2026-04-03T06:12:06.258994+00:00,BTCUSD,viper,144388,M5,HOLD,HOLD,NONE,0,90.35528572511241,0,,,,,,,,,,,,,,,,22.0,22.0,66580.98,66647.38,66580.46,66647.1,,,,52.80730071795272,,,,,,,,,,,,,,66608.89963107285,,,,,,,SELL,,,,,11.33,pullback_structure_not_confirmed;momentum_volume_low
2026-04-03T06:12:16.675693+00:00,BTCUSD,viper,144388,M5,HOLD,HOLD,NONE,0,90.36242858225465,0,,,,,,,,,,,,,,,,22.0,22.0,66580.98,66647.48,66580.46,66647.05,,,,52.804206915423045,,,,,,,,,,,,,,66608.8948691681,,,,,,,SELL,,,,,11.33,pullback_structure_not_confirmed;momentum_volume_low
2026-04-03T06:12:27.189361+00:00,BTCUSD,viper,144388,M5,HOLD,HOLD,NONE,0,90.36528572511237,0,,,,,,,,,,,,,,,,22.0,22.0,66580.98,66647.52,66580.46,66647.07,,,,52.80544448511057,,,,,,,,,,,,,,66608.89677393,,,,,,,SELL,,,,,11.33,pullback_structure_not_confirmed;momentum_volume_low
2026-04-03T06:12:37.853840+00:00,BTCUSD,viper,144388,M5,HOLD,HOLD,NONE,0,90.36528572511237,0,,,,,,,,,,,,,,,,22.0,22.0,66580.98,66647.52,66580.46,66641.56,,,,52.46202203439555,,,,,,,,,,,,,,66608.37201202524,,,,,,,SELL,,,,,11.33,pullback_structure_not_confirmed;momentum_volume_low
2026-04-03T06:12:48.468009+00:00,BTCUSD,viper,144388,M5,HOLD,HOLD,NONE,0,90.36528572511237,0,,,,,,,,,,,,,,,,22.0,22.0,66580.98,66647.52,66580.46,66639.96,,,,52.36136027454245,,,,,,,,,,,,,,66608.21963107286,,,,,,,SELL,,,,,11.33,pullback_structure_not_confirmed;momentum_volume_low
2026-04-03T06:12:58.972031+00:00,BTCUSD,viper,144388,M5,HOLD,HOLD,NONE,0,90.36528572511237,0,,,,,,,,,,,,,,,,22.0,22.0,66580.98,66647.52,66580.46,66639.76,,,,52.34874757219854,,,,,,,,,,,,,,66608.20058345381,,,,,,,SELL,,,,,11.33,pullback_structure_not_confirmed;momentum_volume_low
2026-04-03T06:13:09.461857+00:00,BTCUSD,viper,144388,M5,HOLD,HOLD,NONE,0,90.36528572511237,0,,,,,,,,,,,,,,,,22.0,22.0,66580.98,66647.52,66580.46,66631.5,,,,51.82194472724832,,,,,,,,,,,,,,66607.41391678715,,,,,,,SELL,,,,,11.33,pullback_structure_not_confirmed;momentum_volume_low
2026-04-03T06:13:10.293718+00:00,XAUUSD,viper,144388,M5,OUTSIDE_HOURS,OUTSIDE_HOURS,NONE,0,5.405325367263564,0,,,,,,,,,,,,,,,,0.34,0.34,4668.9,4673.32,4667.67,4670.82,,,,53.58433911787206,,,,,,,,,,,,,,,,,,,,,BOTH,,,,,21.52,pullback_weak_candle;momentum_volume_low
2026-04-03T06:13:20.606818+00:00,BTCUSD,viper,144388,M5,HOLD,HOLD,NONE,0,90.36528572511237,0,,,,,,,,,,,,,,,,22.0,22.0,66580.98,66647.52,66580.46,66627.71,,,,51.57630939238188,,,,,,,,,,,,,,66607.05296440619,,,,,,,SELL,,,,,11.33,pullback_structure_not_confirmed;momentum_volume_low
2026-04-03T06:13:31.157770+00:00,BTCUSD,viper,144388,M5,HOLD,HOLD,NONE,0,90.36528572511237,0,,,,,,,,,,,,,,,,22.0,22.0,66580.98,66647.52,66580.46,66627.56,,,,51.566536139095994,,,,,,,,,,,,,,66607.03867869191,,,,,,,SELL,,,,,11.33,pullback_structure_not_confirmed;momentum_volume_low
2026-04-03T06:13:41.560690+00:00,BTCUSD,viper,144388,M5,HOLD,HOLD,NONE,0,90.36528572511237,0,,,,,,,,,,,,,,,,22.0,22.0,66580.98,66647.52,66580.46,66627.02,,,,51.531319738661836,,,,,,,,,,,,,,66606.98725012048,,,,,,,SELL,,,,,11.33,pullback_structure_not_confirmed;momentum_volume_low
2026-04-03T06:13:52.102419+00:00,BTCUSD,viper,144388,M5,HOLD,HOLD,NONE,0,90.36528572511237,0,,,,,,,,,,,,,,,,22.0,22.0,66580.98,66647.52,66580.46,66619.13,,,,51.010865628677294,,,,,,,,,,,,,,66606.23582154905,,,,,,,SELL,,,,,11.33,pullback_structure_not_confirmed;momentum_volume_low
2026-04-03T06:14:02.694217+00:00,BTCUSD,viper,144388,M5,HOLD,HOLD,NONE,0,90.36528572511237,0,,,,,,,,,,,,,,,,22.0,22.0,66580.98,66647.52,66580.46,66619.18,,,,51.014199005893886,,,,,,,,,,,,,,66606.24058345381,,,,,,,SELL,,,,,11.33,pullback_structure_not_confirmed;momentum_volume_low
2026-04-03T06:14:13.159009+00:00,BTCUSD,viper,144388,M5,HOLD,HOLD,NONE,0,90.36528572511237,0,,,,,,,,,,,,,,,,22.0,22.0,66580.98,66647.52,66580.46,66619.3,,,,51.02219726071917,,,,,,,,,,,,,,66606.25201202524,,,,,,,SELL,,,,,11.33,pullback_structure_not_confirmed;momentum_volume_low
2026-04-03T06:14:23.619106+00:00,BTCUSD,viper,144388,M5,HOLD,HOLD,NONE,0,90.36528572511237,0,,,,,,,,,,,,,,,,22.0,22.0,66580.98,66647.52,66580.46,66618.95,,,,50.99886171348445,,,,,,,,,,,,,,66606.2186786919,,,,,,,SELL,,,,,11.33,pullback_structure_not_confirmed;momentum_volume_low
2026-04-03T06:14:34.105164+00:00,BTCUSD,viper,144388,M5,HOLD,HOLD,NONE,0,90.36528572511237,0,,,,,,,,,,,,,,,,22.0,22.0,66580.98,66647.52,66580.46,66619.35,,,,51.02552909608662,,,,,,,,,,,,,,66606.25677393,,,,,,,SELL,,,,,11.33,pullback_structure_not_confirmed;momentum_volume_low
2026-04-03T06:14:44.559342+00:00,BTCUSD,viper,144388,M5,HOLD,HOLD,NONE,0,90.42957143939766,0,,,,,,,,,,,,,,,,22.0,22.0,66580.98,66648.42,66580.46,66644.29,,,,52.63279753491851,,,,,,,,,,,,,,66608.63201202523,,,,,,,SELL,,,,,11.32,pullback_structure_not_confirmed;momentum_volume_low
2026-04-03T06:14:54.995803+00:00,BTCUSD,viper,144388,M5,HOLD,HOLD,NONE,0,90.52100001082616,0,,,,,,,,,,,,,,,,22.0,22.0,66580.98,66649.7,66580.46,66649.5,,,,52.95532773464139,,,,,,,,,,,,,,66609.12820250144,,,,,,,SELL,,,,,11.3,pullback_structure_not_confirmed;momentum_volume_low
2026-04-03T06:14:55.756587+00:00,XAUUSD,viper,144388,M5,OUTSIDE_HOURS,OUTSIDE_HOURS,NONE,0,5.405325367263564,0,,,,,,,,,,,,,,,,0.34,0.34,4668.9,4673.32,4667.67,4670.82,,,,53.58433911787206,,,,,,,,,,,,,,,,,,,,,BOTH,,,,,21.52,pullback_weak_candle;momentum_volume_low
2026-04-03T06:15:06.059743+00:00,BTCUSD,viper,144388,M5,HOLD,HOLD,NONE,0,85.32226268144723,0,,,,,,,,,,,,,,,,22.0,22.0,66649.32,66656.48,66638.76,66638.76,,,,52.16826669967417,,,,,,,,,,,,,,66611.93821510815,,,,,,,SELL,,,,,10.61,pullback_structure_not_confirmed;momentum_volume_low
2026-04-03T06:15:16.543168+00:00,BTCUSD,viper,144388,M5,HOLD,HOLD,NONE,0,86.34083411001828,0,,,,,,,,,,,,,,,,22.0,22.0,66649.32,66656.48,66624.5,66624.5,,,,51.15643975312967,,,,,,,,,,,,,,66610.58011987006,,,,,,,SELL,,,,,10.61,pullback_structure_not_confirmed;momentum_volume_low
2026-04-03T06:15:27.068551+00:00,BTCUSD,viper,144388,M5,HOLD,HOLD,NONE,0,87.44511982430446,0,,,,,,,,,,,,,,,,22.0,22.0,66649.32,66656.48,66609.04,66623.92,,,,51.11611551741823,,,,,,,,,,,,,,66610.52488177482,,,,,,,SELL,,,,,10.61,pullback_structure_not_confirmed;momentum_volume_low
2026-04-03T06:15:37.535916+00:00,BTCUSD,viper,144388,M5,HOLD,HOLD,NONE,0,87.44511982430446,0,,,,,,,,,,,,,,,,22.0,22.0,66649.32,66656.48,66609.04,66639.68,,,,52.23492207560468,,,,,,,,,,,,,,66612.02583415578,,,,,,,SELL,,,,,10.61,pullback_weak_candle;momentum_volume_low
2026-04-03T06:15:48.020801+00:00,BTCUSD,viper,144388,M5,HOLD,HOLD,NONE,0,87.44511982430446,0,,,,,,,,,,,,,,,,22.0,22.0,66649.32,66656.48,66609.04,66639.62,,,,52.23056979426315,,,,,,,,,,,,,,66612.02011987005,,,,,,,SELL,,,,,10.61,pullback_weak_candle;momentum_volume_low
2026-04-03T06:15:58.542766+00:00,BTCUSD,viper,144388,M5,HOLD,HOLD,NONE,0,87.44511982430446,0,,,,,,,,,,,,,,,,22.0,22.0,66649.32,66656.48,66609.04,66639.57,,,,52.2269434471373,,,,,,,,,,,,,,66612.0153579653,,,,,,,SELL,,,,,10.61,pullback_weak_candle;momentum_volume_low
2026-04-03T06:16:09.339106+00:00,BTCUSD,viper,144388,M5,HOLD,HOLD,NONE,0,87.44511982430446,0,,,,,,,,,,,,,,,,22.0,22.0,66649.32,66656.48,66609.04,66636.88,,,,52.032585504817995,,,,,,,,,,,,,,66611.7591674891,,,,,,,SELL,,,,,10.61,pullback_weak_candle;momentum_volume_low
2026-04-03T06:16:20.185741+00:00,BTCUSD,viper,144388,M5,HOLD,HOLD,NONE,0,87.44511982430446,0,,,,,,,,,,,,,,,,22.0,22.0,66649.32,66656.48,66609.04,66626.06,,,,51.26521440063064,,,,,,,,,,,,,,66610.72869129863,,,,,,,SELL,,,,,10.61,pullback_structure_not_confirmed;momentum_volume_low
2026-04-03T06:16:30.696444+00:00,BTCUSD,viper,144388,M5,HOLD,HOLD,NONE,0,87.44511982430446,0,,,,,,,,,,,,,,,,22.0,22.0,66649.32,66656.48,66609.04,66626.04,,,,51.26381692671914,,,,,,,,,,,,,,66610.72678653673,,,,,,,SELL,,,,,10.61,pullback_structure_not_confirmed;momentum_volume_low
2026-04-03T06:16:41.158451+00:00,BTCUSD,viper,144388,M5,HOLD,HOLD,NONE,0,87.44511982430446,0,,,,,,,,,,,,,,,,22.0,22.0,66649.32,66656.48,66609.04,66626.09,,,,51.26731075436227,,,,,,,,,,,,,,66610.73154844149,,,,,,,SELL,,,,,10.61,pullback_structure_not_confirmed;momentum_volume_low
2026-04-03T06:16:41.847100+00:00,XAUUSD,viper,144388,M5,OUTSIDE_HOURS,OUTSIDE_HOURS,NONE,0,5.405325367263564,0,,,,,,,,,,,,,,,,0.34,0.34,4668.9,4673.32,4667.67,4670.82,,,,53.58433911787206,,,,,,,,,,,,,,,,,,,,,BOTH,,,,,21.52,pullback_weak_candle;momentum_volume_low
2026-04-03T06:16:52.129680+00:00,BTCUSD,viper,144388,M5,HOLD,HOLD,NONE,0,87.44511982430446,0,,,,,,,,,,,,,,,,22.0,22.0,66649.32,66656.48,66609.04,66626.18,,,,51.27360084438068,,,,,,,,,,,,,,66610.74011987005,,,,,,,SELL,,,,,10.61,pullback_structure_not_confirmed;momentum_volume_low
2026-04-03T06:17:02.634652+00:00,BTCUSD,viper,144388,M5,HOLD,HOLD,NONE,0,87.44511982430446,0,,,,,,,,,,,,,,,,22.0,22.0,66649.32,66656.48,66609.04,66642.61,,,,52.44834464961059,,,,,,,,,,,,,,66612.30488177482,,,,,,,SELL,,,,,10.61,pullback_weak_candle;momentum_volume_low
2026-04-03T06:17:13.109216+00:00,BTCUSD,viper,144388,M5,HOLD,HOLD,NONE,0,87.44511982430446,0,,,,,,,,,,,,,,,,22.0,22.0,66649.32,66656.48,66609.04,66628.68,,,,51.448944595544276,,,,,,,,,,,,,,66610.97821510816,,,,,,,SELL,,,,,10.61,pullback_structure_not_confirmed;momentum_volume_low
2026-04-03T06:17:23.509706+00:00,BTCUSD,viper,144388,M5,HOLD,HOLD,NONE,0,87.44511982430446,0,,,,,,,,,,,,,,,,22.0,22.0,66649.32,66656.48,66609.04,66634.24,,,,51.843241535195915,,,,,,,,,,,,,,66611.50773891767,,,,,,,SELL,,,,,10.61,pullback_weak_candle;momentum_volume_low
2026-04-03T06:17:34.055555+00:00,BTCUSD,viper,144388,M5,HOLD,HOLD,NONE,0,87.44511982430446,0,,,,,,,,,,,,,,,,22.0,22.0,66649.32,66656.48,66609.04,66652.84,,,,53.176103188910105,,,,,,,,,,,,,,66613.2791674891,,,,,,,SELL,,,,,10.61,pullback_weak_candle;momentum_volume_low
2026-04-03T06:17:44.508470+00:00,BTCUSD,viper,144388,M5,HOLD,HOLD,NONE,0,87.44511982430446,0,,,,,,,,,,,,,,,,22.0,22.0,66649.32,66656.48,66609.04,66653.28,,,,53.20494677744543,,,,,,,,,,,,,,66613.32107225101,,,,,,,SELL,,,,,10.61,pullback_weak_candle;momentum_volume_low
2026-04-03T06:17:55.037723+00:00,BTCUSD,viper,144388,M5,HOLD,HOLD,NONE,0,87.53940553859067,0,,,,,,,,,,,,,,,,22.0,22.0,66649.32,66657.8,66609.04,66657.5,,,,53.47978883391522,,,,,,,,,,,,,,66613.72297701292,,,,,,,SELL,,,,,10.59,pullback_weak_candle;momentum_volume_low
2026-04-03T06:18:05.424666+00:00,BTCUSD,viper,144388,M5,HOLD,HOLD,NONE,0,87.53940553859067,0,,,,,,,,,,,,,,,,22.0,22.0,66649.32,66657.8,66609.04,66646.04,,,,52.70041393395046,,,,,,,,,,,,,,66612.63154844148,,,,,,,SELL,,,,,10.59,pullback_weak_candle;momentum_volume_low
2026-04-03T06:18:15.918902+00:00,BTCUSD,viper,144388,M5,HOLD,HOLD,NONE,0,87.53940553859067,0,,,,,,,,,,,,,,,,22.0,22.0,66649.32,66657.8,66609.04,66633.14,,,,51.764754307976126,,,,,,,,,,,,,,66611.40297701291,,,,,,,SELL,,,,,10.59,pullback_weak_candle;momentum_volume_low
2026-04-03T13:53:16.712994+00:00,BTCUSD,viper,144388,M5,HOLD,HOLD,NONE,0,99.76611559667825,0,,,,,,,,,,,,,,,,22.0,22.0,66497.31,66591.38,66496.9,66591.04,,,,38.96728287007716,,,,,,,,,,,,,,66698.55171442832,,,,,,,SELL,,,,,18.29,pullback_not_near_ema;momentum_volume_low
2026-04-03T13:53:21.072924+00:00,XAUUSD,viper,144388,M5,HOLD,HOLD,NONE,0,5.405325367263564,0,,,,,,,,,,,,,,,,0.34,0.34,4668.9,4673.32,4667.67,4670.82,,,,53.58433911787206,,,,,,,,,,,,,,4669.150823822302,,,,,,,BOTH,,,,,21.52,pullback_weak_candle;momentum_volume_low
2026-04-03T13:53:31.633644+00:00,BTCUSD,viper,144388,M5,HOLD,HOLD,NONE,0,99.97325845382069,0,,,,,,,,,,,,,,,,22.0,22.0,66497.31,66594.28,66496.9,66593.87,,,,39.21685837835865,,,,,,,,,,,,,,66698.82123823784,,,,,,,SELL,,,,,18.29,pullback_not_near_ema;momentum_volume_low
2026-04-03T13:53:32.229383+00:00,XAUUSD,viper,144388,M5,HOLD,HOLD,NONE,0,5.405325367263564,0,,,,,,,,,,,,,,,,0.34,0.34,4668.9,4673.32,4667.67,4670.82,,,,53.58433911787206,,,,,,,,,,,,,,4669.150823822302,,,,,,,BOTH,,,,,21.52,pullback_weak_candle;momentum_volume_low
2026-04-03T13:53:42.953758+00:00,BTCUSD,viper,144388,M5,HOLD,HOLD,NONE,0,100.56040131096363,0,,,,,,,,,,,,,,,,22.0,22.0,66497.31,66602.5,66496.9,66602.38,,,,39.955200731401185,,,,,,,,,,,,,,66699.63171442832,,,,,,,SELL,,,,,18.29,pullback_not_near_ema;momentum_volume_low
2026-04-03T13:53:43.855918+00:00,XAUUSD,viper,144388,M5,HOLD,HOLD,NONE,0,5.405325367263564,0,,,,,,,,,,,,,,,,0.34,0.34,4668.9,4673.32,4667.67,4670.82,,,,53.58433911787206,,,,,,,,,,,,,,4669.150823822302,,,,,,,BOTH,,,,,21.52,pullback_weak_candle;momentum_volume_low
2026-04-03T13:53:54.948703+00:00,BTCUSD,viper,144388,M5,HOLD,HOLD,NONE,0,101.81682988239194,0,,,,,,,,,,,,,,,,22.0,22.0,66497.31,66620.09,66496.9,66620.09,,,,41.43566142717718,,,,,,,,,,,,,,66701.31838109498,,,,,,,SELL,,,,,18.15,pullback_not_near_ema;momentum_volume_low
2026-04-03T13:53:56.375908+00:00,XAUUSD,viper,144388,M5,HOLD,HOLD,NONE,0,5.405325367263564,0,,,,,,,,,,,,,,,,0.34,0.34,4668.9,4673.32,4667.67,4670.82,,,,53.58433911787206,,,,,,,,,,,,,,4669.150823822302,,,,,,,BOTH,,,,,21.52,pullback_weak_candle;momentum_volume_low
2026-04-03T13:54:07.373302+00:00,BTCUSD,viper,144388,M5,HOLD,HOLD,NONE,0,102.29468702524926,0,,,,,,,,,,,,,,,,22.0,22.0,66497.31,66626.78,66496.9,66626.78,,,,41.97608720089304,,,,,,,,,,,,,,66701.95552395213,,,,,,,SELL,,,,,18.04,pullback_not_near_ema;momentum_volume_low
2026-04-03T13:54:08.541424+00:00,XAUUSD,viper,144388,M5,HOLD,HOLD,NONE,0,5.405325367263564,0,,,,,,,,,,,,,,,,0.34,0.34,4668.9,4673.32,4667.67,4670.82,,,,53.58433911787206,,,,,,,,,,,,,,4669.150823822302,,,,,,,BOTH,,,,,21.52,pullback_weak_candle;momentum_volume_low
2026-04-03T13:54:19.177231+00:00,BTCUSD,viper,144388,M5,HOLD,HOLD,NONE,0,104.95397273953468,0,,,,,,,,,,,,,,,,22.0,22.0,66497.31,66664.01,66496.9,66662.44,,,,44.69635575712555,,,,,,,,,,,,,,66705.35171442833,,,,,,,SELL,,,,,17.5,pullback_structure_not_confirmed;momentum_volume_low
2026-04-03T13:54:20.541999+00:00,XAUUSD,viper,144388,M5,HOLD,HOLD,NONE,0,5.405325367263564,0,,,,,,,,,,,,,,,,0.34,0.34,4668.9,4673.32,4667.67,4670.82,,,,53.58433911787206,,,,,,,,,,,,,,4669.150823822302,,,,,,,BOTH,,,,,21.52,pullback_weak_candle;momentum_volume_low
2026-04-03T13:54:31.357312+00:00,BTCUSD,viper,144388,M5,HOLD,HOLD,NONE,0,104.95397273953468,0,,,,,,,,,,,,,,,,22.0,22.0,66497.31,66664.01,66496.9,66661.29,,,,44.612615917391764,,,,,,,,,,,,,,66705.2421906188,,,,,,,SELL,,,,,17.5,pullback_structure_not_confirmed;momentum_volume_low
2026-04-03T13:54:32.357917+00:00,XAUUSD,viper,144388,M5,HOLD,HOLD,NONE,0,5.405325367263564,0,,,,,,,,,,,,,,,,0.34,0.34,4668.9,4673.32,4667.67,4670.82,,,,53.58433911787206,,,,,,,,,,,,,,4669.150823822302,,,,,,,BOTH,,,,,21.52,pullback_weak_candle;momentum_volume_low
2026-04-03T13:54:43.064613+00:00,BTCUSD,viper,144388,M5,HOLD,HOLD,NONE,0,104.98325845382064,0,,,,,,,,,,,,,,,,22.0,22.0,66497.31,66664.42,66496.9,66661.68,,,,44.641043049031644,,,,,,,,,,,,,,66705.27933347593,,,,,,,SELL,,,,,17.49,pullback_structure_not_confirmed;momentum_volume_low
2026-04-03T13:54:43.925101+00:00,XAUUSD,viper,144388,M5,HOLD,HOLD,NONE,0,5.405325367263564,0,,,,,,,,,,,,,,,,0.34,0.34,4668.9,4673.32,4667.67,4670.82,,,,53.58433911787206,,,,,,,,,,,,,,4669.150823822302,,,,,,,BOTH,,,,,21.52,pullback_weak_candle;momentum_volume_low
2026-04-03T13:54:54.740831+00:00,BTCUSD,viper,144388,M5,HOLD,HOLD,NONE,0,105.35182988239232,0,,,,,,,,,,,,,,,,22.0,22.0,66497.31,66669.58,66496.9,66668.98,,,,45.16780701071345,,,,,,,,,,,,,,66705.97457157118,,,,,,,SELL,,,,,17.42,pullback_structure_not_confirmed;momentum_volume_low
2026-04-03T13:54:55.474868+00:00,XAUUSD,viper,144388,M5,HOLD,HOLD,NONE,0,5.405325367263564,0,,,,,,,,,,,,,,,,0.34,0.34,4668.9,4673.32,4667.67,4670.82,,,,53.58433911787206,,,,,,,,,,,,,,4669.150823822302,,,,,,,BOTH,,,,,21.52,pullback_weak_candle;momentum_volume_low
2026-04-03T13:55:06.100242+00:00,BTCUSD,viper,144388,M5,HOLD,HOLD,NONE,0,97.93317521641882,0,,,,,,,,,,,,,,,,22.0,22.0,66669.3,66669.71,66668.34,66668.34,,,,45.13069662628951,,,,,,,,,,,,,,66702.42651703196,,,,,,,SELL,,,,,17.09,pullback_structure_not_confirmed;momentum_volume_low
2026-04-03T13:55:06.914017+00:00,XAUUSD,viper,144388,M5,HOLD,HOLD,NONE,0,5.405325367263564,0,,,,,,,,,,,,,,,,0.34,0.34,4668.9,4673.32,4667.67,4670.82,,,,53.58433911787206,,,,,,,,,,,,,,4669.150823822302,,,,,,,BOTH,,,,,21.52,pullback_weak_candle;momentum_volume_low
2026-04-03T13:55:17.654959+00:00,BTCUSD,viper,144388,M5,HOLD,HOLD,NONE,0,99.67031807356113,0,,,,,,,,,,,,,,,,22.0,22.0,66669.3,66669.71,66644.02,66644.02,,,,43.643759424179216,,,,,,,,,,,,,,66700.11032655576,,,,,,,SELL,,,,,17.09,pullback_structure_not_confirmed;momentum_volume_low
2026-04-03T13:55:18.447981+00:00,XAUUSD,viper,144388,M5,HOLD,HOLD,NONE,0,5.405325367263564,0,,,,,,,,,,,,,,,,0.34,0.34,4668.9,4673.32,4667.67,4670.82,,,,53.58433911787206,,,,,,,,,,,,,,4669.150823822302,,,,,,,BOTH,,,,,21.52,pullback_weak_candle;momentum_volume_low
2026-04-03T13:55:29.187535+00:00,BTCUSD,viper,144388,M5,HOLD,HOLD,NONE,0,99.71031807356097,0,,,,,,,,,,,,,,,,22.0,22.0,66669.3,66669.71,66643.46,66662.34,,,,44.754517208063085,,,,,,,,,,,,,,66701.85508846052,,,,,,,SELL,,,,,17.09,pullback_weak_candle;momentum_volume_low
2026-04-03T13:55:30.089078+00:00,XAUUSD,viper,144388,M5,HOLD,HOLD,NONE,0,5.405325367263564,0,,,,,,,,,,,,,,,,0.34,0.34,4668.9,4673.32,4667.67,4670.82,,,,53.58433911787206,,,,,,,,,,,,,,4669.150823822302,,,,,,,BOTH,,,,,21.52,pullback_weak_candle;momentum_volume_low
2026-04-03T13:55:40.972015+00:00,BTCUSD,viper,144388,M5,HOLD,HOLD,NONE,0,99.71031807356097,0,,,,,,,,,,,,,,,,22.0,22.0,66669.3,66669.71,66643.46,66652.9,,,,44.17519232043704,,,,,,,,,,,,,,66700.95604084147,,,,,,,SELL,,,,,17.09,pullback_structure_not_confirmed;momentum_volume_low
2026-04-03T13:55:41.767332+00:00,XAUUSD,viper,144388,M5,HOLD,HOLD,NONE,0,5.405325367263564,0,,,,,,,,,,,,,,,,0.34,0.34,4668.9,4673.32,4667.67,4670.82,,,,53.58433911787206,,,,,,,,,,,,,,4669.150823822302,,,,,,,BOTH,,,,,21.52,pullback_weak_candle;momentum_volume_low
2026-04-03T13:55:52.588164+00:00,BTCUSD,viper,144388,M5,HOLD,HOLD,NONE,0,100.45603235927543,0,,,,,,,,,,,,,,,,22.0,22.0,66669.3,66669.71,66633.02,66633.35,,,,43.02187345651553,,,,,,,,,,,,,,66699.09413607957,,,,,,,SELL,,,,,17.09,pullback_structure_not_confirmed;momentum_volume_low
2026-04-03T13:55:53.320351+00:00,XAUUSD,viper,144388,M5,HOLD,HOLD,NONE,0,5.405325367263564,0,,,,,,,,,,,,,,,,0.34,0.34,4668.9,4673.32,4667.67,4670.82,,,,53.58433911787206,,,,,,,,,,,,,,4669.150823822302,,,,,,,BOTH,,,,,21.52,pullback_weak_candle;momentum_volume_low
2026-04-03T13:56:03.999001+00:00,BTCUSD,viper,144388,M5,HOLD,HOLD,NONE,0,100.45603235927543,0,,,,,,,,,,,,,,,,22.0,22.0,66669.3,66669.71,66633.02,66637.9,,,,43.284883196192304,,,,,,,,,,,,,,66699.5274694129,,,,,,,SELL,,,,,17.09,pullback_structure_not_confirmed;momentum_volume_low
2026-04-03T13:56:04.827888+00:00,XAUUSD,viper,144388,M5,HOLD,HOLD,NONE,0,5.405325367263564,0,,,,,,,,,,,,,,,,0.34,0.34,4668.9,4673.32,4667.67,4670.82,,,,53.58433911787206,,,,,,,,,,,,,,4669.150823822302,,,,,,,BOTH,,,,,21.52,pullback_weak_candle;momentum_volume_low
2026-04-03T13:56:15.456106+00:00,BTCUSD,viper,144388,M5,HOLD,HOLD,NONE,0,100.51246093070458,0,,,,,,,,,,,,,,,,22.0,22.0,66669.3,66669.71,66632.23,66632.24,,,,42.95819490328525,,,,,,,,,,,,,,66698.98842179385,,,,,,,SELL,,,,,17.09,pullback_structure_not_confirmed;momentum_volume_low
2026-04-03T13:56:16.151972+00:00,XAUUSD,viper,144388,M5,HOLD,HOLD,NONE,0,5.405325367263564,0,,,,,,,,,,,,,,,,0.34,0.34,4668.9,4673.32,4667.67,4670.82,,,,53.58433911787206,,,,,,,,,,,,,,4669.150823822302,,,,,,,BOTH,,,,,21.52,pullback_weak_candle;momentum_volume_low
2026-04-03T13:56:26.808717+00:00,BTCUSD,viper,144388,M5,HOLD,HOLD,NONE,0,101.32031807356155,0,,,,,,,,,,,,,,,,22.0,22.0,66669.3,66669.71,66620.92,66621.33,,,,42.34219728592053,,,,,,,,,,,,,,66697.94937417482,,,,,,,SELL,,,,,17.09,pullback_structure_not_confirmed;momentum_volume_low
2026-04-03T13:56:27.494383+00:00,XAUUSD,viper,144388,M5,HOLD,HOLD,NONE,0,5.405325367263564,0,,,,,,,,,,,,,,,,0.34,0.34,4668.9,4673.32,4667.67,4670.82,,,,53.58433911787206,,,,,,,,,,,,,,4669.150823822302,,,,,,,BOTH,,,,,21.52,pullback_weak_candle;momentum_volume_low
2026-04-03T13:56:38.198560+00:00,BTCUSD,viper,144388,M5,HOLD,HOLD,NONE,0,101.33460378784706,0,,,,,,,,,,,,,,,,22.0,22.0,66669.3,66669.71,66620.72,66620.78,,,,42.31161073507079,,,,,,,,,,,,,,66697.89699322243,,,,,,,SELL,,,,,17.09,pullback_structure_not_confirmed;momentum_volume_low
2026-04-03T13:56:38.903505+00:00,XAUUSD,viper,144388,M5,HOLD,HOLD,NONE,0,5.405325367263564,0,,,,,,,,,,,,,,,,0.34,0.34,4668.9,4673.32,4667.67,4670.82,,,,53.58433911787206,,,,,,,,,,,,,,4669.150823822302,,,,,,,BOTH,,,,,21.52,pullback_weak_candle;momentum_volume_low
2026-04-03T13:56:49.643386+00:00,BTCUSD,viper,144388,M5,HOLD,HOLD,NONE,0,101.33603235927592,0,,,,,,,,,,,,,,,,22.0,22.0,66669.3,66669.71,66620.7,66621.5,,,,42.35166025931704,,,,,,,,,,,,,,66697.965564651,,,,,,,SELL,,,,,17.09,pullback_structure_not_confirmed;momentum_volume_low
2026-04-03T13:56:50.502360+00:00,XAUUSD,viper,144388,M5,HOLD,HOLD,NONE,0,5.405325367263564,0,,,,,,,,,,,,,,,,0.34,0.34,4668.9,4673.32,4667.67,4670.82,,,,53.58433911787206,,,,,,,,,,,,,,4669.150823822302,,,,,,,BOTH,,,,,21.52,pullback_weak_candle;momentum_volume_low
2026-04-03T13:57:01.210277+00:00,BTCUSD,viper,144388,M5,HOLD,HOLD,NONE,0,101.33603235927592,0,,,,,,,,,,,,,,,,22.0,22.0,66669.3,66669.71,66620.7,66621.32,,,,42.341640772117195,,,,,,,,,,,,,,66697.94842179386,,,,,,,SELL,,,,,17.09,pullback_structure_not_confirmed;momentum_volume_low
2026-04-03T13:57:02.094450+00:00,XAUUSD,viper,144388,M5,HOLD,HOLD,NONE,0,5.405325367263564,0,,,,,,,,,,,,,,,,0.34,0.34,4668.9,4673.32,4667.67,4670.82,,,,53.58433911787206,,,,,,,,,,,,,,4669.150823822302,,,,,,,BOTH,,,,,21.52,pullback_weak_candle;momentum_volume_low
2026-04-03T13:57:12.865218+00:00,BTCUSD,viper,144388,M5,HOLD,HOLD,NONE,0,101.33603235927592,0,,,,,,,,,,,,,,,,22.0,22.0,66669.3,66669.71,66620.7,66621.36,,,,42.34386691510872,,,,,,,,,,,,,,66697.95223131767,,,,,,,SELL,,,,,17.09,pullback_structure_not_confirmed;momentum_volume_low
2026-04-03T13:57:13.483772+00:00,XAUUSD,viper,144388,M5,HOLD,HOLD,NONE,0,5.405325367263564,0,,,,,,,,,,,,,,,,0.34,0.34,4668.9,4673.32,4667.67,4670.82,,,,53.58433911787206,,,,,,,,,,,,,,4669.150823822302,,,,,,,BOTH,,,,,21.52,pullback_weak_candle;momentum_volume_low
2026-04-03T13:57:24.018700+00:00,BTCUSD,viper,144388,M5,HOLD,HOLD,NONE,0,102.02317521641845,0,,,,,,,,,,,,,,,,22.0,22.0,66669.3,66669.71,66611.08,66611.08,,,,41.77934587490942,,,,,,,,,,,,,,66696.97318369862,,,,,,,SELL,,,,,17.09,pullback_structure_not_confirmed;momentum_volume_low
2026-04-03T13:57:24.526277+00:00,XAUUSD,viper,144388,M5,HOLD,HOLD,NONE,0,5.405325367263564,0,,,,,,,,,,,,,,,,0.34,0.34,4668.9,4673.32,4667.67,4670.82,,,,53.58433911787206,,,,,,,,,,,,,,4669.150823822302,,,,,,,BOTH,,,,,21.52,pullback_weak_candle;momentum_volume_low
2026-04-03T13:57:35.241492+00:00,BTCUSD,viper,144388,M5,HOLD,HOLD,NONE,0,102.06174664499045,0,,,,,,,,,,,,,,,,22.0,22.0,66669.3,66669.71,66610.54,66611.06,,,,41.778262255263996,,,,,,,,,,,,,,66696.97127893672,,,,,,,SELL,,,,,17.09,pullback_structure_not_confirmed;momentum_volume_low
2026-04-03T13:57:35.872167+00:00,XAUUSD,viper,144388,M5,HOLD,HOLD,NONE,0,5.405325367263564,0,,,,,,,,,,,,,,,,0.34,0.34,4668.9,4673.32,4667.67,4670.82,,,,53.58433911787206,,,,,,,,,,,,,,4669.150823822302,,,,,,,BOTH,,,,,21.52,pullback_weak_candle;momentum_volume_low
2026-04-03T13:57:46.408405+00:00,BTCUSD,viper,144388,M5,HOLD,HOLD,NONE,0,102.06174664499045,0,,,,,,,,,,,,,,,,22.0,22.0,66669.3,66669.71,66610.54,66633.47,,,,43.028768934113,,,,,,,,,,,,,,66699.10556465099,,,,,,,SELL,,,,,17.09,pullback_structure_not_confirmed;momentum_volume_low
2026-04-03T13:57:47.171303+00:00,XAUUSD,viper,144388,M5,HOLD,HOLD,NONE,0,5.405325367263564,0,,,,,,,,,,,,,,,,0.34,0.34,4668.9,4673.32,4667.67,4670.82,,,,53.58433911787206,,,,,,,,,,,,,,4669.150823822302,,,,,,,BOTH,,,,,21.52,pullback_weak_candle;momentum_volume_low
2026-04-03T13:57:57.805188+00:00,BTCUSD,viper,144388,M5,HOLD,HOLD,NONE,0,102.06174664499045,0,,,,,,,,,,,,,,,,22.0,22.0,66669.3,66669.71,66610.54,66647.37,,,,43.842734859552365,,,,,,,,,,,,,,66700.42937417481,,,,,,,SELL,,,,,17.09,pullback_weak_candle;momentum_volume_low
2026-04-03T13:57:58.508719+00:00,XAUUSD,viper,144388,M5,HOLD,HOLD,NONE,0,5.405325367263564,0,,,,,,,,,,,,,,,,0.34,0.34,4668.9,4673.32,4667.67,4670.82,,,,53.58433911787206,,,,,,,,,,,,,,4669.150823822302,,,,,,,BOTH,,,,,21.52,pullback_weak_candle;momentum_volume_low
2026-04-03T13:58:09.184448+00:00,BTCUSD,viper,144388,M5,HOLD,HOLD,NONE,0,102.06174664499045,0,,,,,,,,,,,,,,,,22.0,22.0,66669.3,66669.71,66610.54,66647.36,,,,43.84213820325327,,,,,,,,,,,,,,66700.42842179385,,,,,,,SELL,,,,,17.09,pullback_weak_candle;momentum_volume_low
2026-04-03T13:58:09.862645+00:00,XAUUSD,viper,144388,M5,HOLD,HOLD,NONE,0,5.405325367263564,0,,,,,,,,,,,,,,,,0.34,0.34,4668.9,4673.32,4667.67,4670.82,,,,53.58433911787206,,,,,,,,,,,,,,4669.150823822302,,,,,,,BOTH,,,,,21.52,pullback_weak_candle;momentum_volume_low
2026-04-03T13:58:20.486908+00:00,BTCUSD,viper,144388,M5,HOLD,HOLD,NONE,0,102.06174664499045,0,,,,,,,,,,,,,,,,22.0,22.0,66669.3,66669.71,66610.54,66656.2,,,,44.37599771957361,,,,,,,,,,,,,,66701.27032655576,,,,,,,SELL,,,,,17.09,pullback_weak_candle;momentum_volume_low
2026-04-03T13:58:21.061092+00:00,XAUUSD,viper,144388,M5,HOLD,HOLD,NONE,0,5.405325367263564,0,,,,,,,,,,,,,,,,0.34,0.34,4668.9,4673.32,4667.67,4670.82,,,,53.58433911787206,,,,,,,,,,,,,,4669.150823822302,,,,,,,BOTH,,,,,21.52,pullback_weak_candle;momentum_volume_low
2026-04-03T13:58:31.517065+00:00,BTCUSD,viper,144388,M5,HOLD,HOLD,NONE,0,102.06174664499045,0,,,,,,,,,,,,,,,,22.0,22.0,66669.3,66669.71,66610.54,66662.7,,,,44.776911037899644,,,,,,,,,,,,,,66701.8893741748,,,,,,,SELL,,,,,17.09,pullback_weak_candle;momentum_volume_low
2026-04-03T13:58:32.084063+00:00,XAUUSD,viper,144388,M5,HOLD,HOLD,NONE,0,5.405325367263564,0,,,,,,,,,,,,,,,,0.34,0.34,4668.9,4673.32,4667.67,4670.82,,,,53.58433911787206,,,,,,,,,,,,,,4669.150823822302,,,,,,,BOTH,,,,,21.52,pullback_weak_candle;momentum_volume_low
2026-04-03T13:58:42.541546+00:00,BTCUSD,viper,144388,M5,HOLD,HOLD,NONE,0,102.06174664499045,0,,,,,,,,,,,,,,,,22.0,22.0,66669.3,66669.71,66610.54,66662.66,,,,44.77442172795932,,,,,,,,,,,,,,66701.88556465099,,,,,,,SELL,,,,,17.09,pullback_weak_candle;momentum_volume_low
2026-04-03T13:58:43.039802+00:00,XAUUSD,viper,144388,M5,HOLD,HOLD,NONE,0,5.405325367263564,0,,,,,,,,,,,,,,,,0.34,0.34,4668.9,4673.32,4667.67,4670.82,,,,53.58433911787206,,,,,,,,,,,,,,4669.150823822302,,,,,,,BOTH,,,,,21.52,pullback_weak_candle;momentum_volume_low
2026-04-03T13:58:53.505812+00:00,BTCUSD,viper,144388,M5,HOLD,HOLD,NONE,0,102.06174664499045,0,,,,,,,,,,,,,,,,22.0,22.0,66669.3,66669.71,66610.54,66662.35,,,,44.75513895642985,,,,,,,,,,,,,,66701.85604084148,,,,,,,SELL,,,,,17.09,pullback_weak_candle;momentum_volume_low
2026-04-03T13:58:54.165833+00:00,XAUUSD,viper,144388,M5,HOLD,HOLD,NONE,0,5.405325367263564,0,,,,,,,,,,,,,,,,0.34,0.34,4668.9,4673.32,4667.67,4670.82,,,,53.58433911787206,,,,,,,,,,,,,,4669.150823822302,,,,,,,BOTH,,,,,21.52,pullback_weak_candle;momentum_volume_low
2026-04-03T13:59:04.668731+00:00,BTCUSD,viper,144388,M5,HOLD,HOLD,NONE,0,102.06174664499045,0,,,,,,,,,,,,,,,,22.0,22.0,66669.3,66669.71,66610.54,66662.54,,,,44.7669554585362,,,,,,,,,,,,,,66701.87413607957,,,,,,,SELL,,,,,17.09,pullback_weak_candle;momentum_volume_low
2026-04-03T13:59:05.406490+00:00,XAUUSD,viper,144388,M5,HOLD,HOLD,NONE,0,5.405325367263564,0,,,,,,,,,,,,,,,,0.34,0.34,4668.9,4673.32,4667.67,4670.82,,,,53.58433911787206,,,,,,,,,,,,,,4669.150823822302,,,,,,,BOTH,,,,,21.52,pullback_weak_candle;momentum_volume_low
2026-04-03T13:59:15.906740+00:00,BTCUSD,viper,144388,M5,HOLD,HOLD,NONE,0,102.06174664499045,0,,,,,,,,,,,,,,,,22.0,22.0,66669.3,66669.71,66610.54,66658.65,,,,44.52626531990002,,,,,,,,,,,,,,66701.50365988909,,,,,,,SELL,,,,,17.09,pullback_weak_candle;momentum_volume_low
2026-04-03T13:59:16.449857+00:00,XAUUSD,viper,144388,M5,HOLD,HOLD,NONE,0,5.405325367263564,0,,,,,,,,,,,,,,,,0.34,0.34,4668.9,4673.32,4667.67,4670.82,,,,53.58433911787206,,,,,,,,,,,,,,4669.150823822302,,,,,,,BOTH,,,,,21.52,pullback_weak_candle;momentum_volume_low
2026-04-03T13:59:27.003038+00:00,BTCUSD,viper,144388,M5,HOLD,HOLD,NONE,0,102.06174664499045,0,,,,,,,,,,,,,,,,22.0,22.0,66669.3,66669.71,66610.54,66658.98,,,,44.54658325061554,,,,,,,,,,,,,,66701.53508846051,,,,,,,SELL,,,,,17.09,pullback_weak_candle;momentum_volume_low
2026-04-03T13:59:27.669250+00:00,XAUUSD,viper,144388,M5,HOLD,HOLD,NONE,0,5.405325367263564,0,,,,,,,,,,,,,,,,0.34,0.34,4668.9,4673.32,4667.67,4670.82,,,,53.58433911787206,,,,,,,,,,,,,,4669.150823822302,,,,,,,BOTH,,,,,21.52,pullback_weak_candle;momentum_volume_low
2026-04-03T13:59:38.181756+00:00,BTCUSD,viper,144388,M5,HOLD,HOLD,NONE,0,102.06174664499045,0,,,,,,,,,,,,,,,,22.0,22.0,66669.3,66669.71,66610.54,66661.32,,,,44.6911894915355,,,,,,,,,,,,,,66701.75794560339,,,,,,,SELL,,,,,17.09,pullback_weak_candle;momentum_volume_low
2026-04-03T13:59:38.917710+00:00,XAUUSD,viper,144388,M5,HOLD,HOLD,NONE,0,5.405325367263564,0,,,,,,,,,,,,,,,,0.34,0.34,4668.9,4673.32,4667.67,4670.82,,,,53.58433911787206,,,,,,,,,,,,,,4669.150823822302,,,,,,,BOTH,,,,,21.52,pullback_weak_candle;momentum_volume_low
2026-04-03T13:59:49.483324+00:00,BTCUSD,viper,144388,M5,HOLD,HOLD,NONE,0,102.06174664499045,0,,,,,,,,,,,,,,,,22.0,22.0,66669.3,66669.71,66610.54,66661.07,,,,44.67569532892822,,,,,,,,,,,,,,66701.73413607957,,,,,,,SELL,,,,,17.09,pullback_weak_candle;momentum_volume_low
2026-04-03T13:59:50.080311+00:00,XAUUSD,viper,144388,M5,HOLD,HOLD,NONE,0,5.405325367263564,0,,,,,,,,,,,,,,,,0.34,0.34,4668.9,4673.32,4667.67,4670.82,,,,53.58433911787206,,,,,,,,,,,,,,4669.150823822302,,,,,,,BOTH,,,,,21.52,pullback_weak_candle;momentum_volume_low
2026-04-03T14:00:00.610820+00:00,BTCUSD,viper,144388,M5,HOLD,HOLD,NONE,0,94.810195461824,0,,,,,,,,,,,,,,,,22.0,22.0,66661.42,66661.42,66661.0,66661.0,,,,44.67383954015267,,,,,,,,,,,,,,66697.83832269133,,,,,,,SELL,,,,,16.79,pullback_structure_not_confirmed;momentum_volume_low
2026-04-03T14:00:01.135023+00:00,XAUUSD,viper,144388,M5,HOLD,HOLD,NONE,0,5.405325367263564,0,,,,,,,,,,,,,,,,0.34,0.34,4668.9,4673.32,4667.67,4670.82,,,,53.58433911787206,,,,,,,,,,,,,,4669.150823822302,,,,,,,BOTH,,,,,21.52,pullback_weak_candle;momentum_volume_low
2026-04-03T14:00:11.604215+00:00,BTCUSD,viper,144388,M5,HOLD,HOLD,NONE,0,95.53733831896739,0,,,,,,,,,,,,,,,,22.0,22.0,66661.42,66664.98,66654.26,66664.68,,,,44.976111405182024,,,,,,,,,,,,,,66698.1887988818,,,,,,,SELL,,,,,16.79,pullback_weak_candle;momentum_volume_low
2026-04-03T14:00:12.080675+00:00,XAUUSD,viper,144388,M5,HOLD,HOLD,NONE,0,5.405325367263564,0,,,,,,,,,,,,,,,,0.34,0.34,4668.9,4673.32,4667.67,4670.82,,,,53.58433911787206,,,,,,,,,,,,,,4669.150823822302,,,,,,,BOTH,,,,,21.52,pullback_weak_candle;momentum_volume_low
2026-04-03T14:00:22.550772+00:00,BTCUSD,viper,144388,M5,HOLD,HOLD,NONE,0,95.56019546182503,0,,,,,,,,,,,,,,,,22.0,22.0,66661.42,66665.3,66654.26,66665.29,,,,45.02589741936507,,,,,,,,,,,,,,66698.24689411989,,,,,,,SELL,,,,,16.79,pullback_weak_candle;momentum_volume_low
2026-04-03T14:00:23.022441+00:00,XAUUSD,viper,144388,M5,HOLD,HOLD,NONE,0,5.405325367263564,0,,,,,,,,,,,,,,,,0.34,0.34,4668.9,4673.32,4667.67,4670.82,,,,53.58433911787206,,,,,,,,,,,,,,4669.150823822302,,,,,,,BOTH,,,,,21.52,pullback_weak_candle;momentum_volume_low
2026-04-03T14:00:33.431968+00:00,BTCUSD,viper,144388,M5,HOLD,HOLD,NONE,0,95.96733831896768,0,,,,,,,,,,,,,,,,22.0,22.0,66661.42,66665.3,66648.56,66649.02,,,,43.88679458470641,,,,,,,,,,,,,,66696.69737031037,,,,,,,SELL,,,,,16.79,pullback_structure_not_confirmed;momentum_volume_low
2026-04-03T14:00:33.871887+00:00,XAUUSD,viper,144388,M5,HOLD,HOLD,NONE,0,5.405325367263564,0,,,,,,,,,,,,,,,,0.34,0.34,4668.9,4673.32,4667.67,4670.82,,,,53.58433911787206,,,,,,,,,,,,,,4669.150823822302,,,,,,,BOTH,,,,,21.52,pullback_weak_candle;momentum_volume_low
2026-04-03T14:00:44.303579+00:00,BTCUSD,viper,144388,M5,HOLD,HOLD,NONE,0,96.80162403325289,0,,,,,,,,,,,,,,,,22.0,22.0,66661.42,66665.3,66636.88,66637.21,,,,43.139353578762275,,,,,,,,,,,,,,66695.57260840561,,,,,,,SELL,,,,,16.79,pullback_structure_not_confirmed;momentum_volume_low
2026-04-03T14:00:44.892014+00:00,XAUUSD,viper,144388,M5,HOLD,HOLD,NONE,0,5.405325367263564,0,,,,,,,,,,,,,,,,0.34,0.34,4668.9,4673.32,4667.67,4670.82,,,,53.58433911787206,,,,,,,,,,,,,,4669.150823822302,,,,,,,BOTH,,,,,21.52,pullback_weak_candle;momentum_volume_low
2026-04-03T14:00:55.446805+00:00,BTCUSD,viper,144388,M5,HOLD,HOLD,NONE,0,96.81948117611003,0,,,,,,,,,,,,,,,,22.0,22.0,66661.42,66665.3,66636.63,66636.63,,,,43.10330138558285,,,,,,,,,,,,,,66695.51737031036,,,,,,,SELL,,,,,16.79,pullback_structure_not_confirmed;momentum_volume_low
2026-04-03T14:00:56.112462+00:00,XAUUSD,viper,144388,M5,HOLD,HOLD,NONE,0,5.405325367263564,0,,,,,,,,,,,,,,,,0.34,0.34,4668.9,4673.32,4667.67,4670.82,,,,53.58433911787206,,,,,,,,,,,,,,4669.150823822302,,,,,,,BOTH,,,,,21.52,pullback_weak_candle;momentum_volume_low
2026-04-03T14:01:06.860702+00:00,BTCUSD,viper,144388,M5,HOLD,HOLD,NONE,0,96.82162403325282,0,,,,,,,,,,,,,,,,22.0,22.0,66661.42,66665.3,66636.6,66641.32,,,,43.39656505268231,,,,,,,,,,,,,,66695.96403697703,,,,,,,SELL,,,,,16.79,pullback_structure_not_confirmed;momentum_volume_low
2026-04-03T14:01:07.332763+00:00,XAUUSD,viper,144388,M5,HOLD,HOLD,NONE,0,5.405325367263564,0,,,,,,,,,,,,,,,,0.34,0.34,4668.9,4673.32,4667.67,4670.82,,,,53.58433911787206,,,,,,,,,,,,,,4669.150823822302,,,,,,,BOTH,,,,,21.52,pullback_weak_candle;momentum_volume_low
2026-04-03T14:01:17.949501+00:00,BTCUSD,viper,144388,M5,HOLD,HOLD,NONE,0,96.82162403325282,0,,,,,,,,,,,,,,,,22.0,22.0,66661.42,66665.3,66636.6,66641.41,,,,43.40223174267026,,,,,,,,,,,,,,66695.9726084056,,,,,,,SELL,,,,,16.79,pullback_structure_not_confirmed;momentum_volume_low
2026-04-03T14:01:18.603323+00:00,XAUUSD,viper,144388,M5,HOLD,HOLD,NONE,0,5.405325367263564,0,,,,,,,,,,,,,,,,0.34,0.34,4668.9,4673.32,4667.67,4670.82,,,,53.58433911787206,,,,,,,,,,,,,,4669.150823822302,,,,,,,BOTH,,,,,21.52,pullback_weak_candle;momentum_volume_low
2026-04-03T14:01:29.199459+00:00,BTCUSD,viper,144388,M5,HOLD,HOLD,NONE,0,96.82162403325282,0,,,,,,,,,,,,,,,,22.0,22.0,66661.42,66665.3,66636.6,66641.22,,,,43.390270465684424,,,,,,,,,,,,,,66695.95451316751,,,,,,,SELL,,,,,16.79,pullback_structure_not_confirmed;momentum_volume_low
2026-04-03T14:01:29.869314+00:00,XAUUSD,viper,144388,M5,HOLD,HOLD,NONE,0,5.405325367263564,0,,,,,,,,,,,,,,,,0.34,0.34,4668.9,4673.32,4667.67,4670.82,,,,53.58433911787206,,,,,,,,,,,,,,4669.150823822302,,,,,,,BOTH,,,,,21.52,pullback_weak_candle;momentum_volume_low
2026-04-03T14:01:40.543159+00:00,BTCUSD,viper,144388,M5,HOLD,HOLD,NONE,0,96.82162403325282,0,,,,,,,,,,,,,,,,22.0,22.0,66661.42,66665.3,66636.6,66641.08,,,,43.38146111100407,,,,,,,,,,,,,,66695.94117983418,,,,,,,SELL,,,,,16.79,pullback_structure_not_confirmed;momentum_volume_low
2026-04-03T14:01:41.196387+00:00,XAUUSD,viper,144388,M5,HOLD,HOLD,NONE,0,5.405325367263564,0,,,,,,,,,,,,,,,,0.34,0.34,4668.9,4673.32,4667.67,4670.82,,,,53.58433911787206,,,,,,,,,,,,,,4669.150823822302,,,,,,,BOTH,,,,,21.52,pullback_weak_candle;momentum_volume_low
2026-04-03T14:01:51.722245+00:00,BTCUSD,viper,144388,M5,HOLD,HOLD,NONE,0,96.82162403325282,0,,,,,,,,,,,,,,,,22.0,22.0,66661.42,66665.3,66636.6,66640.76,,,,43.361338869145364,,,,,,,,,,,,,,66695.9107036437,,,,,,,SELL,,,,,16.79,pullback_structure_not_confirmed;momentum_volume_low
2026-04-03T14:01:52.353384+00:00,XAUUSD,viper,144388,M5,HOLD,HOLD,NONE,0,5.405325367263564,0,,,,,,,,,,,,,,,,0.34,0.34,4668.9,4673.32,4667.67,4670.82,,,,53.58433911787206,,,,,,,,,,,,,,4669.150823822302,,,,,,,BOTH,,,,,21.52,pullback_weak_candle;momentum_volume_low
2026-04-03T14:02:02.926097+00:00,BTCUSD,viper,144388,M5,HOLD,HOLD,NONE,0,96.82162403325282,0,,,,,,,,,,,,,,,,22.0,22.0,66661.42,66665.3,66636.6,66640.92,,,,43.371397656136814,,,,,,,,,,,,,,66695.92594173894,,,,,,,SELL,,,,,16.79,pullback_structure_not_confirmed;momentum_volume_low
2026-04-03T14:02:03.415943+00:00,XAUUSD,viper,144388,M5,HOLD,HOLD,NONE,0,5.405325367263564,0,,,,,,,,,,,,,,,,0.34,0.34,4668.9,4673.32,4667.67,4670.82,,,,53.58433911787206,,,,,,,,,,,,,,4669.150823822302,,,,,,,BOTH,,,,,21.52,pullback_weak_candle;momentum_volume_low
2026-04-03T14:02:14.121816+00:00,BTCUSD,viper,144388,M5,HOLD,HOLD,NONE,0,97.820195461825,0,,,,,,,,,,,,,,,,22.0,22.0,66661.42,66665.3,66622.62,66623.1,,,,42.2790622981687,,,,,,,,,,,,,,66694.2287988818,,,,,,,SELL,,,,,16.79,pullback_structure_not_confirmed;momentum_volume_low
2026-04-03T14:02:14.612124+00:00,XAUUSD,viper,144388,M5,HOLD,HOLD,NONE,0,5.405325367263564,0,,,,,,,,,,,,,,,,0.34,0.34,4668.9,4673.32,4667.67,4670.82,,,,53.58433911787206,,,,,,,,,,,,,,4669.150823822302,,,,,,,BOTH,,,,,21.52,pullback_weak_candle;momentum_volume_low
2026-04-03T14:02:25.154463+00:00,BTCUSD,viper,144388,M5,HOLD,HOLD,NONE,0,97.820195461825,0,,,,,,,,,,,,,,,,22.0,22.0,66661.42,66665.3,66622.62,66632.94,,,,42.87533858089103,,,,,,,,,,,,,,66695.16594173895,,,,,,,SELL,,,,,16.79,pullback_structure_not_confirmed;momentum_volume_low
2026-04-03T14:02:25.691681+00:00,XAUUSD,viper,144388,M5,HOLD,HOLD,NONE,0,5.405325367263564,0,,,,,,,,,,,,,,,,0.34,0.34,4668.9,4673.32,4667.67,4670.82,,,,53.58433911787206,,,,,,,,,,,,,,4669.150823822302,,,,,,,BOTH,,,,,21.52,pullback_weak_candle;momentum_volume_low
2026-04-03T14:02:36.203151+00:00,BTCUSD,viper,144388,M5,HOLD,HOLD,NONE,0,98.38448117611028,0,,,,,,,,,,,,,,,,22.0,22.0,66661.42,66673.2,66622.62,66672.55,,,,45.61158933983814,,,,,,,,,,,,,,66698.93832269132,,,,,,,SELL,,,,,16.74,pullback_weak_candle;momentum_volume_low
2026-04-03T14:02:36.769268+00:00,XAUUSD,viper,144388,M5,HOLD,HOLD,NONE,0,5.405325367263564,0,,,,,,,,,,,,,,,,0.34,0.34,4668.9,4673.32,4667.67,4670.82,,,,53.58433911787206,,,,,,,,,,,,,,4669.150823822302,,,,,,,BOTH,,,,,21.52,pullback_weak_candle;momentum_volume_low
2026-04-03T14:02:47.252059+00:00,BTCUSD,viper,144388,M5,HOLD,HOLD,NONE,0,98.38448117611028,0,,,,,,,,,,,,,,,,22.0,22.0,66661.42,66673.2,66622.62,66645.3,,,,43.64858103576842,,,,,,,,,,,,,,66696.34308459608,,,,,,,SELL,,,,,16.74,pullback_weak_candle;momentum_volume_low
2026-04-03T14:02:47.837994+00:00,XAUUSD,viper,144388,M5,HOLD,HOLD,NONE,0,5.405325367263564,0,,,,,,,,,,,,,,,,0.34,0.34,4668.9,4673.32,4667.67,4670.82,,,,53.58433911787206,,,,,,,,,,,,,,4669.150823822302,,,,,,,BOTH,,,,,21.52,pullback_weak_candle;momentum_volume_low
2026-04-03T14:02:58.257230+00:00,BTCUSD,viper,144388,M5,HOLD,HOLD,NONE,0,98.38448117611028,0,,,,,,,,,,,,,,,,22.0,22.0,66661.42,66673.2,66622.62,66656.68,,,,44.38559197862236,,,,,,,,,,,,,,66697.4268941199,,,,,,,SELL,,,,,16.74,pullback_weak_candle;momentum_volume_low
2026-04-03T14:02:58.911401+00:00,XAUUSD,viper,144388,M5,HOLD,HOLD,NONE,0,5.405325367263564,0,,,,,,,,,,,,,,,,0.34,0.34,4668.9,4673.32,4667.67,4670.82,,,,53.58433911787206,,,,,,,,,,,,,,4669.150823822302,,,,,,,BOTH,,,,,21.52,pullback_weak_candle;momentum_volume_low
2026-04-03T14:03:09.434468+00:00,BTCUSD,viper,144388,M5,HOLD,HOLD,NONE,0,98.38448117611028,0,,,,,,,,,,,,,,,,22.0,22.0,66661.42,66673.2,66622.62,66644.18,,,,43.5773664977458,,,,,,,,,,,,,,66696.23641792942,,,,,,,SELL,,,,,16.74,pullback_weak_candle;momentum_volume_low
2026-04-03T14:03:09.941205+00:00,XAUUSD,viper,144388,M5,HOLD,HOLD,NONE,0,5.405325367263564,0,,,,,,,,,,,,,,,,0.34,0.34,4668.9,4673.32,4667.67,4670.82,,,,53.58433911787206,,,,,,,,,,,,,,4669.150823822302,,,,,,,BOTH,,,,,21.52,pullback_weak_candle;momentum_volume_low
2026-04-03T14:03:20.411940+00:00,BTCUSD,viper,144388,M5,HOLD,HOLD,NONE,0,98.38448117611028,0,,,,,,,,,,,,,,,,22.0,22.0,66661.42,66673.2,66622.62,66656.71,,,,44.38756778392955,,,,,,,,,,,,,,66697.42975126275,,,,,,,SELL,,,,,16.74,pullback_weak_candle;momentum_volume_low
2026-04-03T14:03:21.041177+00:00,XAUUSD,viper,144388,M5,HOLD,HOLD,NONE,0,5.405325367263564,0,,,,,,,,,,,,,,,,0.34,0.34,4668.9,4673.32,4667.67,4670.82,,,,53.58433911787206,,,,,,,,,,,,,,4669.150823822302,,,,,,,BOTH,,,,,21.52,pullback_weak_candle;momentum_volume_low
2026-04-03T14:03:31.646986+00:00,BTCUSD,viper,144388,M5,HOLD,HOLD,NONE,0,98.67590974753898,0,,,,,,,,,,,,,,,,22.0,22.0,66661.42,66677.28,66622.62,66677.28,,,,45.986508689133025,,,,,,,,,,,,,,66699.3887988818,,,,,,,SELL,,,,,16.68,pullback_weak_candle;momentum_volume_low
2026-04-03T14:03:32.199514+00:00,XAUUSD,viper,144388,M5,HOLD,HOLD,NONE,0,5.405325367263564,0,,,,,,,,,,,,,,,,0.34,0.34,4668.9,4673.32,4667.67,4670.82,,,,53.58433911787206,,,,,,,,,,,,,,4669.150823822302,,,,,,,BOTH,,,,,21.52,pullback_weak_candle;momentum_volume_low
2026-04-03T14:03:42.872245+00:00,BTCUSD,viper,144388,M5,HOLD,HOLD,NONE,0,99.63876689039583,0,,,,,,,,,,,,,,,,22.0,22.0,66661.42,66690.76,66622.62,66690.46,,,,47.004455565845085,,,,,,,,,,,,,,66700.64403697704,,,,,,,SELL,,,,,16.48,pullback_structure_not_confirmed;momentum_volume_low
2026-04-03T14:03:43.410865+00:00,XAUUSD,viper,144388,M5,HOLD,HOLD,NONE,0,5.405325367263564,0,,,,,,,,,,,,,,,,0.34,0.34,4668.9,4673.32,4667.67,4670.82,,,,53.58433911787206,,,,,,,,,,,,,,4669.150823822302,,,,,,,BOTH,,,,,21.52,pullback_weak_candle;momentum_volume_low
2026-04-03T14:03:53.907306+00:00,BTCUSD,viper,144388,M5,HOLD,HOLD,NONE,0,100.07162403325385,0,,,,,,,,,,,,,,,,22.0,22.0,66661.42,66696.82,66622.62,66696.5,,,,47.45823939332637,,,,,,,,,,,,,,66701.21927507228,,,,,,,SELL,,,,,16.39,pullback_structure_not_confirmed;momentum_volume_low
2026-04-03T14:03:54.525928+00:00,XAUUSD,viper,144388,M5,HOLD,HOLD,NONE,0,5.405325367263564,0,,,,,,,,,,,,,,,,0.34,0.34,4668.9,4673.32,4667.67,4670.82,,,,53.58433911787206,,,,,,,,,,,,,,4669.150823822302,,,,,,,BOTH,,,,,21.52,pullback_weak_candle;momentum_volume_low
2026-04-03T14:04:05.107806+00:00,BTCUSD,viper,144388,M5,HOLD,HOLD,NONE,0,102.95805260468163,0,,,,,,,,,,,,,,,,22.0,22.0,66661.42,66737.23,66622.62,66720.19,,,,49.165486743806554,,,,,,,,,,,,,,66703.47546554847,,,,,,,SELL,,,,,15.88,pullback_structure_not_confirmed;momentum_volume_low
2026-04-03T14:04:05.607694+00:00,XAUUSD,viper,144388,M5,HOLD,HOLD,NONE,0,5.405325367263564,0,,,,,,,,,,,,,,,,0.34,0.34,4668.9,4673.32,4667.67,4670.82,,,,53.58433911787206,,,,,,,,,,,,,,4669.150823822302,,,,,,,BOTH,,,,,21.52,pullback_weak_candle;momentum_volume_low
2026-04-03T14:04:16.051573+00:00,BTCUSD,viper,144388,M5,HOLD,HOLD,NONE,0,103.78019546182516,0,,,,,,,,,,,,,,,,22.0,22.0,66661.42,66748.74,66622.62,66747.94,,,,51.02939785368761,,,,,,,,,,,,,,66706.11832269133,,,,,,,SELL,,,,,16.02,pullback_structure_not_confirmed;momentum_volume_low
2026-04-03T14:04:16.548269+00:00,XAUUSD,viper,144388,M5,HOLD,HOLD,NONE,0,5.405325367263564,0,,,,,,,,,,,,,,,,0.34,0.34,4668.9,4673.32,4667.67,4670.82,,,,53.58433911787206,,,,,,,,,,,,,,4669.150823822302,,,,,,,BOTH,,,,,21.52,pullback_weak_candle;momentum_volume_low
2026-04-03T14:04:27.036331+00:00,BTCUSD,viper,144388,M5,HOLD,HOLD,NONE,0,104.2373383189676,0,,,,,,,,,,,,,,,,22.0,22.0,66661.42,66755.14,66622.62,66754.82,,,,51.4705590105736,,,,,,,,,,,,,,66706.77356078656,,,,,,,SELL,,,,,16.1,pullback_structure_not_confirmed;momentum_volume_low
2026-04-03T14:04:27.848240+00:00,XAUUSD,viper,144388,M5,HOLD,HOLD,NONE,0,5.405325367263564,0,,,,,,,,,,,,,,,,0.34,0.34,4668.9,4673.32,4667.67,4670.82,,,,53.58433911787206,,,,,,,,,,,,,,4669.150823822302,,,,,,,BOTH,,,,,21.52,pullback_weak_candle;momentum_volume_low
2026-04-03T14:04:38.331531+00:00,BTCUSD,viper,144388,M5,HOLD,HOLD,NONE,0,104.2373383189676,0,,,,,,,,,,,,,,,,22.0,22.0,66661.42,66755.14,66622.62,66701.8,,,,47.85007354616065,,,,,,,,,,,,,,66701.72403697704,,,,,,,SELL,,,,,16.1,pullback_weak_candle;momentum_volume_low
2026-04-03T14:04:39.075544+00:00,XAUUSD,viper,144388,M5,HOLD,HOLD,NONE,0,5.405325367263564,0,,,,,,,,,,,,,,,,0.34,0.34,4668.9,4673.32,4667.67,4670.82,,,,53.58433911787206,,,,,,,,,,,,,,4669.150823822302,,,,,,,BOTH,,,,,21.52,pullback_weak_candle;momentum_volume_low
2026-04-03T14:04:49.580206+00:00,BTCUSD,viper,144388,M5,HOLD,HOLD,NONE,0,104.2373383189676,0,,,,,,,,,,,,,,,,22.0,22.0,66661.42,66755.14,66622.62,66701.62,,,,47.83686186720183,,,,,,,,,,,,,,66701.7068941199,,,,,,,SELL,,,,,16.1,pullback_weak_candle;momentum_volume_low
2026-04-03T14:04:50.335056+00:00,XAUUSD,viper,144388,M5,HOLD,HOLD,NONE,0,5.405325367263564,0,,,,,,,,,,,,,,,,0.34,0.34,4668.9,4673.32,4667.67,4670.82,,,,53.58433911787206,,,,,,,,,,,,,,4669.150823822302,,,,,,,BOTH,,,,,21.52,pullback_weak_candle;momentum_volume_low
2026-04-03T14:05:01.051450+00:00,BTCUSD,viper,144388,M5,HOLD,HOLD,NONE,0,96.81681750708958,0,,,,,,,,,,,,,,,,22.0,22.0,66706.59,66706.94,66706.59,66706.94,,,,48.2252037464447,,,,,,,,,,,,,,66702.65335775442,,,,,,,SELL,,,,,15.17,pullback_structure_not_confirmed;momentum_volume_low
2026-04-03T14:05:01.699397+00:00,XAUUSD,viper,144388,M5,HOLD,HOLD,NONE,0,5.405325367263564,0,,,,,,,,,,,,,,,,0.34,0.34,4668.9,4673.32,4667.67,4670.82,,,,53.58433911787206,,,,,,,,,,,,,,4669.150823822302,,,,,,,BOTH,,,,,21.52,pullback_weak_candle;momentum_volume_low
2026-04-03T14:05:12.400643+00:00,BTCUSD,viper,144388,M5,HOLD,HOLD,NONE,0,97.75253179280428,0,,,,,,,,,,,,,,,,22.0,22.0,66706.59,66719.99,66706.54,66711.28,,,,48.561059580843406,,,,,,,,,,,,,,66703.06669108775,,,,,,,SELL,,,,,15.17,pullback_weak_candle;momentum_volume_low
2026-04-03T14:05:12.949309+00:00,XAUUSD,viper,144388,M5,HOLD,HOLD,NONE,0,5.405325367263564,0,,,,,,,,,,,,,,,,0.34,0.34,4668.9,4673.32,4667.67,4670.82,,,,53.58433911787206,,,,,,,,,,,,,,4669.150823822302,,,,,,,BOTH,,,,,21.52,pullback_weak_candle;momentum_volume_low
2026-04-03T14:05:23.601182+00:00,BTCUSD,viper,144388,M5,HOLD,HOLD,NONE,0,97.75253179280428,0,,,,,,,,,,,,,,,,22.0,22.0,66706.59,66719.99,66706.54,66706.88,,,,48.220529840096766,,,,,,,,,,,,,,66702.6476434687,,,,,,,SELL,,,,,15.17,pullback_weak_candle;momentum_volume_low
2026-04-03T14:05:24.115101+00:00,XAUUSD,viper,144388,M5,HOLD,HOLD,NONE,0,5.405325367263564,0,,,,,,,,,,,,,,,,0.34,0.34,4668.9,4673.32,4667.67,4670.82,,,,53.58433911787206,,,,,,,,,,,,,,4669.150823822302,,,,,,,BOTH,,,,,21.52,pullback_weak_candle;momentum_volume_low
2026-04-03T14:05:34.609272+00:00,BTCUSD,viper,144388,M5,HOLD,HOLD,NONE,0,97.75253179280428,0,,,,,,,,,,,,,,,,22.0,22.0,66706.59,66719.99,66706.54,66718.45,,,,49.10647381389439,,,,,,,,,,,,,,66703.74954823061,,,,,,,SELL,,,,,15.17,pullback_structure_not_confirmed;momentum_volume_low
2026-04-03T14:05:35.078351+00:00,XAUUSD,viper,144388,M5,HOLD,HOLD,NONE,0,5.405325367263564,0,,,,,,,,,,,,,,,,0.34,0.34,4668.9,4673.32,4667.67,4670.82,,,,53.58433911787206,,,,,,,,,,,,,,4669.150823822302,,,,,,,BOTH,,,,,21.52,pullback_weak_candle;momentum_volume_low
2026-04-03T14:05:45.593033+00:00,BTCUSD,viper,144388,M5,HOLD,HOLD,NONE,0,98.44110322137567,0,,,,,,,,,,,,,,,,22.0,22.0,66706.59,66729.63,66706.54,66729.17,,,,49.90069556891193,,,,,,,,,,,,,,66704.77050061156,,,,,,,SELL,,,,,15.17,pullback_structure_not_confirmed;momentum_volume_low
2026-04-03T14:05:46.141976+00:00,XAUUSD,viper,144388,M5,HOLD,HOLD,NONE,0,5.405325367263564,0,,,,,,,,,,,,,,,,0.34,0.34,4668.9,4673.32,4667.67,4670.82,,,,53.58433911787206,,,,,,,,,,,,,,4669.150823822302,,,,,,,BOTH,,,,,21.52,pullback_weak_candle;momentum_volume_low
2026-04-03T14:05:56.729970+00:00,BTCUSD,viper,144388,M5,HOLD,HOLD,NONE,0,98.44110322137567,0,,,,,,,,,,,,,,,,22.0,22.0,66706.59,66729.63,66706.54,66729.12,,,,49.89704872005759,,,,,,,,,,,,,,66704.7657387068,,,,,,,SELL,,,,,15.17,pullback_structure_not_confirmed;momentum_volume_low
2026-04-03T14:05:57.362676+00:00,XAUUSD,viper,144388,M5,HOLD,HOLD,NONE,0,5.405325367263564,0,,,,,,,,,,,,,,,,0.34,0.34,4668.9,4673.32,4667.67,4670.82,,,,53.58433911787206,,,,,,,,,,,,,,4669.150823822302,,,,,,,BOTH,,,,,21.52,pullback_weak_candle;momentum_volume_low
2026-04-03T14:06:08.081061+00:00,BTCUSD,viper,144388,M5,HOLD,HOLD,NONE,0,100.55324607851799,0,,,,,,,,,,,,,,,,22.0,22.0,66706.59,66759.2,66706.54,66759.2,,,,51.99909985728931,,,,,,,,,,,,,,66707.63050061156,,,,,,,SELL,,,,,15.22,pullback_structure_not_confirmed;momentum_volume_low
2026-04-03T14:06:08.726407+00:00,XAUUSD,viper,144388,M5,HOLD,HOLD,NONE,0,5.405325367263564,0,,,,,,,,,,,,,,,,0.34,0.34,4668.9,4673.32,4667.67,4670.82,,,,53.58433911787206,,,,,,,,,,,,,,4669.150823822302,,,,,,,BOTH,,,,,21.52,pullback_weak_candle;momentum_volume_low
2026-04-03T14:06:19.187033+00:00,BTCUSD,viper,144388,M5,HOLD,HOLD,NONE,0,101.11824607851824,0,,,,,,,,,,,,,,,,22.0,22.0,66706.59,66767.11,66706.54,66767.11,,,,52.52289664934953,,,,,,,,,,,,,,66708.38383394488,,,,,,,SELL,,,,,15.32,pullback_structure_not_confirmed;momentum_volume_low
2026-04-03T14:06:19.854045+00:00,XAUUSD,viper,144388,M5,HOLD,HOLD,NONE,0,5.405325367263564,0,,,,,,,,,,,,,,,,0.34,0.34,4668.9,4673.32,4667.67,4670.82,,,,53.58433911787206,,,,,,,,,,,,,,4669.150823822302,,,,,,,BOTH,,,,,21.52,pullback_weak_candle;momentum_volume_low
2026-04-03T14:06:30.458033+00:00,BTCUSD,viper,144388,M5,HOLD,HOLD,NONE,0,102.51253179280424,0,,,,,,,,,,,,,,,,22.0,22.0,66706.59,66786.63,66706.54,66771.12,,,,52.78409453939713,,,,,,,,,,,,,,66708.7657387068,,,,,,,SELL,,,,,15.54,pullback_structure_not_confirmed;momentum_volume_low
2026-04-03T14:06:31.078744+00:00,XAUUSD,viper,144388,M5,HOLD,HOLD,NONE,0,5.405325367263564,0,,,,,,,,,,,,,,,,0.34,0.34,4668.9,4673.32,4667.67,4670.82,,,,53.58433911787206,,,,,,,,,,,,,,4669.150823822302,,,,,,,BOTH,,,,,21.52,pullback_weak_candle;momentum_volume_low
2026-04-03T14:06:41.739098+00:00,BTCUSD,viper,144388,M5,HOLD,HOLD,NONE,0,102.51253179280424,0,,,,,,,,,,,,,,,,22.0,22.0,66706.59,66786.63,66706.54,66758.04,,,,51.92131183405055,,,,,,,,,,,,,,66707.52002442109,,,,,,,SELL,,,,,15.54,pullback_structure_not_confirmed;momentum_volume_low
2026-04-03T14:06:42.290354+00:00,XAUUSD,viper,144388,M5,HOLD,HOLD,NONE,0,5.405325367263564,0,,,,,,,,,,,,,,,,0.34,0.34,4668.9,4673.32,4667.67,4670.82,,,,53.58433911787206,,,,,,,,,,,,,,4669.150823822302,,,,,,,BOTH,,,,,21.52,pullback_weak_candle;momentum_volume_low
2026-04-03T14:06:52.890706+00:00,BTCUSD,viper,144388,M5,HOLD,HOLD,NONE,0,102.51253179280424,0,,,,,,,,,,,,,,,,22.0,22.0,66706.59,66786.63,66706.54,66744.88,,,,51.02083481797354,,,,,,,,,,,,,,66706.26669108775,,,,,,,SELL,,,,,15.54,pullback_structure_not_confirmed;momentum_volume_low
2026-04-03T14:06:53.398862+00:00,XAUUSD,viper,144388,M5,HOLD,HOLD,NONE,0,5.405325367263564,0,,,,,,,,,,,,,,,,0.34,0.34,4668.9,4673.32,4667.67,4670.82,,,,53.58433911787206,,,,,,,,,,,,,,4669.150823822302,,,,,,,BOTH,,,,,21.52,pullback_weak_candle;momentum_volume_low
2026-04-03T14:07:03.875135+00:00,BTCUSD,viper,144388,M5,HOLD,HOLD,NONE,0,102.51253179280424,0,,,,,,,,,,,,,,,,22.0,22.0,66706.59,66786.63,66706.54,66769.32,,,,52.66720497686578,,,,,,,,,,,,,,66708.59431013536,,,,,,,SELL,,,,,15.54,pullback_structure_not_confirmed;momentum_volume_low
2026-04-03T14:07:04.326639+00:00,XAUUSD,viper,144388,M5,HOLD,HOLD,NONE,0,5.405325367263564,0,,,,,,,,,,,,,,,,0.34,0.34,4668.9,4673.32,4667.67,4670.82,,,,53.58433911787206,,,,,,,,,,,,,,4669.150823822302,,,,,,,BOTH,,,,,21.52,pullback_weak_candle;momentum_volume_low
2026-04-03T14:07:14.855320+00:00,BTCUSD,viper,144388,M5,HOLD,HOLD,NONE,0,102.51253179280424,0,,,,,,,,,,,,,,,,22.0,22.0,66706.59,66786.63,66706.54,66782.9,,,,53.53504602262505,,,,,,,,,,,,,,66709.8876434687,,,,,,,SELL,,,,,15.54,pullback_structure_not_confirmed;momentum_volume_low
2026-04-03T14:07:15.429598+00:00,XAUUSD,viper,144388,M5,HOLD,HOLD,NONE,0,5.405325367263564,0,,,,,,,,,,,,,,,,0.34,0.34,4668.9,4673.32,4667.67,4670.82,,,,53.58433911787206,,,,,,,,,,,,,,4669.150823822302,,,,,,,BOTH,,,,,21.52,pullback_weak_candle;momentum_volume_low
2026-04-03T14:07:25.974752+00:00,BTCUSD,viper,144388,M5,HOLD,HOLD,NONE,0,102.51253179280424,0,,,,,,,,,,,,,,,,22.0,22.0,66706.59,66786.63,66706.54,66776.77,,,,53.14727658107811,,,,,,,,,,,,,,66709.3038339449,,,,,,,SELL,,,,,15.54,pullback_structure_not_confirmed;momentum_volume_low
2026-04-03T14:07:26.472473+00:00,XAUUSD,viper,144388,M5,HOLD,HOLD,NONE,0,5.405325367263564,0,,,,,,,,,,,,,,,,0.34,0.34,4668.9,4673.32,4667.67,4670.82,,,,53.58433911787206,,,,,,,,,,,,,,4669.150823822302,,,,,,,BOTH,,,,,21.52,pullback_weak_candle;momentum_volume_low
2026-04-03T14:07:37.003792+00:00,BTCUSD,viper,144388,M5,HOLD,HOLD,NONE,0,102.51253179280424,0,,,,,,,,,,,,,,,,22.0,22.0,66706.59,66786.63,66706.54,66763.14,,,,52.26144175585784,,,,,,,,,,,,,,66708.0057387068,,,,,,,SELL,,,,,15.54,pullback_structure_not_confirmed;momentum_volume_low
2026-04-03T14:07:37.567917+00:00,XAUUSD,viper,144388,M5,HOLD,HOLD,NONE,0,5.405325367263564,0,,,,,,,,,,,,,,,,0.34,0.34,4668.9,4673.32,4667.67,4670.82,,,,53.58433911787206,,,,,,,,,,,,,,4669.150823822302,,,,,,,BOTH,,,,,21.52,pullback_weak_candle;momentum_volume_low
2026-04-03T14:07:48.059614+00:00,BTCUSD,viper,144388,M5,HOLD,HOLD,NONE,0,102.51253179280424,0,,,,,,,,,,,,,,,,22.0,22.0,66706.59,66786.63,66706.54,66761.54,,,,52.1552535473636,,,,,,,,,,,,,,66707.85335775441,,,,,,,SELL,,,,,15.54,pullback_structure_not_confirmed;momentum_volume_low
2026-04-03T14:07:48.621611+00:00,XAUUSD,viper,144388,M5,HOLD,HOLD,NONE,0,5.405325367263564,0,,,,,,,,,,,,,,,,0.34,0.34,4668.9,4673.32,4667.67,4670.82,,,,53.58433911787206,,,,,,,,,,,,,,4669.150823822302,,,,,,,BOTH,,,,,21.52,pullback_weak_candle;momentum_volume_low
2026-04-03T14:07:59.153808+00:00,BTCUSD,viper,144388,M5,HOLD,HOLD,NONE,0,102.51253179280424,0,,,,,,,,,,,,,,,,22.0,22.0,66706.59,66786.63,66706.54,66761.54,,,,52.1552535473636,,,,,,,,,,,,,,66707.85335775441,,,,,,,SELL,,,,,15.54,pullback_structure_not_confirmed;momentum_volume_low
2026-04-03T14:07:59.663867+00:00,XAUUSD,viper,144388,M5,HOLD,HOLD,NONE,0,5.405325367263564,0,,,,,,,,,,,,,,,,0.34,0.34,4668.9,4673.32,4667.67,4670.82,,,,53.58433911787206,,,,,,,,,,,,,,4669.150823822302,,,,,,,BOTH,,,,,21.52,pullback_weak_candle;momentum_volume_low
2026-04-03T14:08:10.176676+00:00,BTCUSD,viper,144388,M5,HOLD,HOLD,NONE,0,102.51253179280424,0,,,,,,,,,,,,,,,,22.0,22.0,66706.59,66786.63,66706.54,66765.54,,,,52.41984321006043,,,,,,,,,,,,,,66708.23431013536,,,,,,,SELL,,,,,15.54,pullback_structure_not_confirmed;momentum_volume_low
2026-04-03T14:08:10.725207+00:00,XAUUSD,viper,144388,M5,HOLD,HOLD,NONE,0,5.405325367263564,0,,,,,,,,,,,,,,,,0.34,0.34,4668.9,4673.32,4667.67,4670.82,,,,53.58433911787206,,,,,,,,,,,,,,4669.150823822302,,,,,,,BOTH,,,,,21.52,pullback_weak_candle;momentum_volume_low
2026-04-03T14:08:21.225200+00:00,BTCUSD,viper,144388,M5,HOLD,HOLD,NONE,0,102.51253179280424,0,,,,,,,,,,,,,,,,22.0,22.0,66706.59,66786.63,66706.54,66773.67,,,,52.94870326595973,,,,,,,,,,,,,,66709.00859584965,,,,,,,SELL,,,,,15.54,pullback_structure_not_confirmed;momentum_volume_low
2026-04-03T14:08:21.688773+00:00,XAUUSD,viper,144388,M5,HOLD,HOLD,NONE,0,5.405325367263564,0,,,,,,,,,,,,,,,,0.34,0.34,4668.9,4673.32,4667.67,4670.82,,,,53.58433911787206,,,,,,,,,,,,,,4669.150823822302,,,,,,,BOTH,,,,,21.52,pullback_weak_candle;momentum_volume_low
2026-04-03T14:08:32.240538+00:00,BTCUSD,viper,144388,M5,HOLD,HOLD,NONE,0,102.51253179280424,0,,,,,,,,,,,,,,,,22.0,22.0,66706.59,66786.63,66706.54,66771.3,,,,52.79575175069229,,,,,,,,,,,,,,66708.78288156394,,,,,,,SELL,,,,,15.54,pullback_structure_not_confirmed;momentum_volume_low
2026-04-03T14:08:32.862304+00:00,XAUUSD,viper,144388,M5,HOLD,HOLD,NONE,0,5.405325367263564,0,,,,,,,,,,,,,,,,0.34,0.34,4668.9,4673.32,4667.67,4670.82,,,,53.58433911787206,,,,,,,,,,,,,,4669.150823822302,,,,,,,BOTH,,,,,21.52,pullback_weak_candle;momentum_volume_low
2026-04-03T14:08:43.414861+00:00,BTCUSD,viper,144388,M5,HOLD,HOLD,NONE,0,102.51253179280424,0,,,,,,,,,,,,,,,,22.0,22.0,66706.59,66786.63,66706.54,66756.2,,,,51.797405473045536,,,,,,,,,,,,,,66707.34478632585,,,,,,,SELL,,,,,15.54,pullback_structure_not_confirmed;momentum_volume_low
2026-04-03T14:08:43.928221+00:00,XAUUSD,viper,144388,M5,HOLD,HOLD,NONE,0,5.405325367263564,0,,,,,,,,,,,,,,,,0.34,0.34,4668.9,4673.32,4667.67,4670.82,,,,53.58433911787206,,,,,,,,,,,,,,4669.150823822302,,,,,,,BOTH,,,,,21.52,pullback_weak_candle;momentum_volume_low
2026-04-03T14:08:54.340217+00:00,BTCUSD,viper,144388,M5,HOLD,HOLD,NONE,0,102.51253179280424,0,,,,,,,,,,,,,,,,22.0,22.0,66706.59,66786.63,66706.54,66761.04,,,,52.12197278515612,,,,,,,,,,,,,,66707.8057387068,,,,,,,SELL,,,,,15.54,pullback_structure_not_confirmed;momentum_volume_low
2026-04-03T14:08:54.912492+00:00,XAUUSD,viper,144388,M5,HOLD,HOLD,NONE,0,5.405325367263564,0,,,,,,,,,,,,,,,,0.34,0.34,4668.9,4673.32,4667.67,4670.82,,,,53.58433911787206,,,,,,,,,,,,,,4669.150823822302,,,,,,,BOTH,,,,,21.52,pullback_weak_candle;momentum_volume_low
2026-04-03T14:09:05.330877+00:00,BTCUSD,viper,144388,M5,HOLD,HOLD,NONE,0,102.51253179280424,0,,,,,,,,,,,,,,,,22.0,22.0,66706.59,66786.63,66706.54,66767.88,,,,52.57327579786991,,,,,,,,,,,,,,66708.45716727822,,,,,,,SELL,,,,,15.54,pullback_structure_not_confirmed;momentum_volume_low
2026-04-03T14:09:05.939835+00:00,XAUUSD,viper,144388,M5,HOLD,HOLD,NONE,0,5.405325367263564,0,,,,,,,,,,,,,,,,0.34,0.34,4668.9,4673.32,4667.67,4670.82,,,,53.58433911787206,,,,,,,,,,,,,,4669.150823822302,,,,,,,BOTH,,,,,21.52,pullback_weak_candle;momentum_volume_low
2026-04-03T14:09:16.430108+00:00,BTCUSD,viper,144388,M5,HOLD,HOLD,NONE,0,102.51253179280424,0,,,,,,,,,,,,,,,,22.0,22.0,66706.59,66786.63,66706.54,66766.27,,,,52.467815368505285,,,,,,,,,,,,,,66708.3038339449,,,,,,,SELL,,,,,15.54,pullback_structure_not_confirmed;momentum_volume_low
2026-04-03T14:09:16.906840+00:00,XAUUSD,viper,144388,M5,HOLD,HOLD,NONE,0,5.405325367263564,0,,,,,,,,,,,,,,,,0.34,0.34,4668.9,4673.32,4667.67,4670.82,,,,53.58433911787206,,,,,,,,,,,,,,4669.150823822302,,,,,,,BOTH,,,,,21.52,pullback_weak_candle;momentum_volume_low
2026-04-03T14:09:27.310641+00:00,BTCUSD,viper,144388,M5,HOLD,HOLD,NONE,0,102.51253179280424,0,,,,,,,,,,,,,,,,22.0,22.0,66706.59,66786.63,66706.54,66760.88,,,,52.11131316048463,,,,,,,,,,,,,,66707.79050061156,,,,,,,SELL,,,,,15.54,pullback_structure_not_confirmed;momentum_volume_low
2026-04-03T14:09:27.953381+00:00,XAUUSD,viper,144388,M5,HOLD,HOLD,NONE,0,5.405325367263564,0,,,,,,,,,,,,,,,,0.34,0.34,4668.9,4673.32,4667.67,4670.82,,,,53.58433911787206,,,,,,,,,,,,,,4669.150823822302,,,,,,,BOTH,,,,,21.52,pullback_weak_candle;momentum_volume_low
2026-04-03T14:09:38.361648+00:00,BTCUSD,viper,144388,M5,HOLD,HOLD,NONE,0,102.51253179280424,0,,,,,,,,,,,,,,,,22.0,22.0,66706.59,66786.63,66706.54,66748.55,,,,51.27532973150628,,,,,,,,,,,,,,66706.61621489728,,,,,,,SELL,,,,,15.54,pullback_structure_not_confirmed;momentum_volume_low
2026-04-03T14:09:38.939161+00:00,XAUUSD,viper,144388,M5,HOLD,HOLD,NONE,0,5.405325367263564,0,,,,,,,,,,,,,,,,0.34,0.34,4668.9,4673.32,4667.67,4670.82,,,,53.58433911787206,,,,,,,,,,,,,,4669.150823822302,,,,,,,BOTH,,,,,21.52,pullback_weak_candle;momentum_volume_low
2026-04-03T14:09:49.590125+00:00,BTCUSD,viper,144388,M5,HOLD,HOLD,NONE,0,102.51253179280424,0,,,,,,,,,,,,,,,,22.0,22.0,66706.59,66786.63,66706.54,66745.36,,,,51.05427126862319,,,,,,,,,,,,,,66706.31240537346,,,,,,,SELL,,,,,15.54,pullback_structure_not_confirmed;momentum_volume_low
2026-04-03T14:09:50.378149+00:00,XAUUSD,viper,144388,M5,HOLD,HOLD,NONE,0,5.405325367263564,0,,,,,,,,,,,,,,,,0.34,0.34,4668.9,4673.32,4667.67,4670.82,,,,53.58433911787206,,,,,,,,,,,,,,4669.150823822302,,,,,,,BOTH,,,,,21.52,pullback_weak_candle;momentum_volume_low
2026-04-03T14:10:01.036337+00:00,BTCUSD,viper,144388,M5,HOLD,HOLD,NONE,0,96.0044961213319,0,,,,,,,,,,,,,,,,22.0,22.0,66745.82,66745.82,66734.42,66734.42,,,,50.2107506709655,,,,,,,,,,,,,,66709.02033951387,,,,,,,SELL,,,,,15.02,pullback_structure_not_confirmed;momentum_volume_low
2026-04-03T14:10:01.618838+00:00,XAUUSD,viper,144388,M5,HOLD,HOLD,NONE,0,5.405325367263564,0,,,,,,,,,,,,,,,,0.34,0.34,4668.9,4673.32,4667.67,4670.82,,,,53.58433911787206,,,,,,,,,,,,,,4669.150823822302,,,,,,,BOTH,,,,,21.52,pullback_weak_candle;momentum_volume_low
2026-04-03T14:10:12.237084+00:00,BTCUSD,viper,144388,M5,HOLD,HOLD,NONE,0,96.07163897847492,0,,,,,,,,,,,,,,,,22.0,22.0,66745.82,66746.38,66734.04,66745.92,,,,51.09429453703176,,,,,,,,,,,,,,66710.1155776091,,,,,,,SELL,,,,,15.02,pullback_weak_candle;momentum_volume_low
2026-04-03T14:10:12.836038+00:00,XAUUSD,viper,144388,M5,HOLD,HOLD,NONE,0,5.405325367263564,0,,,,,,,,,,,,,,,,0.34,0.34,4668.9,4673.32,4667.67,4670.82,,,,53.58433911787206,,,,,,,,,,,,,,4669.150823822302,,,,,,,BOTH,,,,,21.52,pullback_weak_candle;momentum_volume_low
2026-04-03T14:10:23.463733+00:00,BTCUSD,viper,144388,M5,HOLD,HOLD,NONE,0,96.07306754990275,0,,,,,,,,,,,,,,,,22.0,22.0,66745.82,66746.4,66734.04,66746.11,,,,51.10851074727574,,,,,,,,,,,,,,66710.1336728472,,,,,,,SELL,,,,,15.02,pullback_weak_candle;momentum_volume_low
2026-04-03T14:10:24.119031+00:00,XAUUSD,viper,144388,M5,HOLD,HOLD,NONE,0,5.405325367263564,0,,,,,,,,,,,,,,,,0.34,0.34,4668.9,4673.32,4667.67,4670.82,,,,53.58433911787206,,,,,,,,,,,,,,4669.150823822302,,,,,,,BOTH,,,,,21.52,pullback_weak_candle;momentum_volume_low
2026-04-03T14:10:34.606698+00:00,BTCUSD,viper,144388,M5,HOLD,HOLD,NONE,0,96.07306754990275,0,,,,,,,,,,,,,,,,22.0,22.0,66745.82,66746.4,66734.04,66746.24,,,,51.1182328668626,,,,,,,,,,,,,,66710.14605379957,,,,,,,SELL,,,,,15.02,pullback_weak_candle;momentum_volume_low
2026-04-03T14:10:35.231420+00:00,XAUUSD,viper,144388,M5,HOLD,HOLD,NONE,0,5.405325367263564,0,,,,,,,,,,,,,,,,0.34,0.34,4668.9,4673.32,4667.67,4670.82,,,,53.58433911787206,,,,,,,,,,,,,,4669.150823822302,,,,,,,BOTH,,,,,21.52,pullback_weak_candle;momentum_volume_low
2026-04-03T14:10:45.788819+00:00,BTCUSD,viper,144388,M5,HOLD,HOLD,NONE,0,96.07306754990275,0,,,,,,,,,,,,,,,,22.0,22.0,66745.82,66746.4,66734.04,66737.08,,,,50.4125416488607,,,,,,,,,,,,,,66709.2736728472,,,,,,,SELL,,,,,15.02,pullback_structure_not_confirmed;momentum_volume_low
2026-04-03T14:10:46.525614+00:00,XAUUSD,viper,144388,M5,HOLD,HOLD,NONE,0,5.405325367263564,0,,,,,,,,,,,,,,,,0.34,0.34,4668.9,4673.32,4667.67,4670.82,,,,53.58433911787206,,,,,,,,,,,,,,4669.150823822302,,,,,,,BOTH,,,,,21.52,pullback_weak_candle;momentum_volume_low
2026-04-03T14:10:57.161174+00:00,BTCUSD,viper,144388,M5,HOLD,HOLD,NONE,0,97.00735326418754,0,,,,,,,,,,,,,,,,22.0,22.0,66745.82,66746.4,66720.96,66720.96,,,,49.21393543013594,,,,,,,,,,,,,,66707.73843475195,,,,,,,SELL,,,,,15.02,pullback_structure_not_confirmed;momentum_volume_low
2026-04-03T14:10:57.710565+00:00,XAUUSD,viper,144388,M5,HOLD,HOLD,NONE,0,5.405325367263564,0,,,,,,,,,,,,,,,,0.34,0.34,4668.9,4673.32,4667.67,4670.82,,,,53.58433911787206,,,,,,,,,,,,,,4669.150823822302,,,,,,,BOTH,,,,,21.52,pullback_weak_candle;momentum_volume_low
2026-04-03T14:11:08.122630+00:00,BTCUSD,viper,144388,M5,HOLD,HOLD,NONE,0,97.1716389784745,0,,,,,,,,,,,,,,,,22.0,22.0,66745.82,66748.64,66720.9,66739.04,,,,50.56227068700899,,,,,,,,,,,,,,66709.46033951385,,,,,,,SELL,,,,,15.02,pullback_weak_candle;momentum_volume_low
2026-04-03T14:11:08.720908+00:00,XAUUSD,viper,144388,M5,HOLD,HOLD,NONE,0,5.405325367263564,0,,,,,,,,,,,,,,,,0.34,0.34,4668.9,4673.32,4667.67,4670.82,,,,53.58433911787206,,,,,,,,,,,,,,4669.150823822302,,,,,,,BOTH,,,,,21.52,pullback_weak_candle;momentum_volume_low
2026-04-03T14:11:19.232821+00:00,BTCUSD,viper,144388,M5,HOLD,HOLD,NONE,0,97.1716389784745,0,,,,,,,,,,,,,,,,22.0,22.0,66745.82,66748.64,66720.9,66738.8,,,,50.543888750408016,,,,,,,,,,,,,,66709.43748237101,,,,,,,SELL,,,,,15.02,pullback_weak_candle;momentum_volume_low
2026-04-03T14:11:19.809291+00:00,XAUUSD,viper,144388,M5,HOLD,HOLD,NONE,0,5.405325367263564,0,,,,,,,,,,,,,,,,0.34,0.34,4668.9,4673.32,4667.67,4670.82,,,,53.58433911787206,,,,,,,,,,,,,,4669.150823822302,,,,,,,BOTH,,,,,21.52,pullback_weak_candle;momentum_volume_low
2026-04-03T14:11:30.218333+00:00,BTCUSD,viper,144388,M5,HOLD,HOLD,NONE,0,97.1716389784745,0,,,,,,,,,,,,,,,,22.0,22.0,66745.82,66748.64,66720.9,66737.6,,,,50.45217918647635,,,,,,,,,,,,,,66709.32319665671,,,,,,,SELL,,,,,15.02,pullback_weak_candle;momentum_volume_low
2026-04-03T14:11:30.691694+00:00,XAUUSD,viper,144388,M5,HOLD,HOLD,NONE,0,5.405325367263564,0,,,,,,,,,,,,,,,,0.34,0.34,4668.9,4673.32,4667.67,4670.82,,,,53.58433911787206,,,,,,,,,,,,,,4669.150823822302,,,,,,,BOTH,,,,,21.52,pullback_weak_candle;momentum_volume_low
2026-04-03T14:11:41.325767+00:00,BTCUSD,viper,144388,M5,HOLD,HOLD,NONE,0,97.1716389784745,0,,,,,,,,,,,,,,,,22.0,22.0,66745.82,66748.64,66720.9,66737.59,,,,50.45141633833407,,,,,,,,,,,,,,66709.32224427577,,,,,,,SELL,,,,,15.02,pullback_weak_candle;momentum_volume_low
2026-04-03T14:11:41.880214+00:00,XAUUSD,viper,144388,M5,HOLD,HOLD,NONE,0,5.405325367263564,0,,,,,,,,,,,,,,,,0.34,0.34,4668.9,4673.32,4667.67,4670.82,,,,53.58433911787206,,,,,,,,,,,,,,4669.150823822302,,,,,,,BOTH,,,,,21.52,pullback_weak_candle;momentum_volume_low
2026-04-03T14:11:52.563501+00:00,BTCUSD,viper,144388,M5,HOLD,HOLD,NONE,0,97.1716389784745,0,,,,,,,,,,,,,,,,22.0,22.0,66745.82,66748.64,66720.9,66740.82,,,,50.69902182595926,,,,,,,,,,,,,,66709.62986332338,,,,,,,SELL,,,,,15.02,pullback_weak_candle;momentum_volume_low
2026-04-03T14:11:53.107642+00:00,XAUUSD,viper,144388,M5,HOLD,HOLD,NONE,0,5.405325367263564,0,,,,,,,,,,,,,,,,0.34,0.34,4668.9,4673.32,4667.67,4670.82,,,,53.58433911787206,,,,,,,,,,,,,,4669.150823822302,,,,,,,BOTH,,,,,21.52,pullback_weak_candle;momentum_volume_low
2026-04-03T14:12:03.693201+00:00,BTCUSD,viper,144388,M5,HOLD,HOLD,NONE,0,97.1716389784745,0,,,,,,,,,,,,,,,,22.0,22.0,66745.82,66748.64,66720.9,66740.45,,,,50.670535161789005,,,,,,,,,,,,,,66709.59462522814,,,,,,,SELL,,,,,15.02,pullback_weak_candle;momentum_volume_low
2026-04-03T14:12:04.404782+00:00,XAUUSD,viper,144388,M5,HOLD,HOLD,NONE,0,5.405325367263564,0,,,,,,,,,,,,,,,,0.34,0.34,4668.9,4673.32,4667.67,4670.82,,,,53.58433911787206,,,,,,,,,,,,,,4669.150823822302,,,,,,,BOTH,,,,,21.52,pullback_weak_candle;momentum_volume_low
2026-04-03T14:12:15.025690+00:00,BTCUSD,viper,144388,M5,HOLD,HOLD,NONE,0,97.22663897847376,0,,,,,,,,,,,,,,,,22.0,22.0,66745.82,66748.64,66720.13,66720.13,,,,49.15376158744,,,,,,,,,,,,,,66707.65938713291,,,,,,,SELL,,,,,15.02,pullback_structure_not_confirmed;momentum_volume_low
2026-04-03T14:12:15.793059+00:00,XAUUSD,viper,144388,M5,HOLD,HOLD,NONE,0,5.405325367263564,0,,,,,,,,,,,,,,,,0.34,0.34,4668.9,4673.32,4667.67,4670.82,,,,53.58433911787206,,,,,,,,,,,,,,4669.150823822302,,,,,,,BOTH,,,,,21.52,pullback_weak_candle;momentum_volume_low
2026-04-03T14:12:26.481817+00:00,BTCUSD,viper,144388,M5,HOLD,HOLD,NONE,0,97.54521040704564,0,,,,,,,,,,,,,,,,22.0,22.0,66745.82,66748.64,66715.67,66732.1,,,,50.03606685779626,,,,,,,,,,,,,,66708.79938713291,,,,,,,SELL,,,,,15.02,pullback_structure_not_confirmed;momentum_volume_low
2026-04-03T14:12:27.071493+00:00,XAUUSD,viper,144388,M5,HOLD,HOLD,NONE,0,5.405325367263564,0,,,,,,,,,,,,,,,,0.34,0.34,4668.9,4673.32,4667.67,4670.82,,,,53.58433911787206,,,,,,,,,,,,,,4669.150823822302,,,,,,,BOTH,,,,,21.52,pullback_weak_candle;momentum_volume_low
2026-04-03T14:12:37.672775+00:00,BTCUSD,viper,144388,M5,HOLD,HOLD,NONE,0,97.54521040704564,0,,,,,,,,,,,,,,,,22.0,22.0,66745.82,66748.64,66715.67,66727.98,,,,49.728829924736175,,,,,,,,,,,,,,66708.40700618053,,,,,,,SELL,,,,,15.02,pullback_structure_not_confirmed;momentum_volume_low
2026-04-03T14:12:38.225138+00:00,XAUUSD,viper,144388,M5,HOLD,HOLD,NONE,0,5.405325367263564,0,,,,,,,,,,,,,,,,0.34,0.34,4668.9,4673.32,4667.67,4670.82,,,,53.58433911787206,,,,,,,,,,,,,,4669.150823822302,,,,,,,BOTH,,,,,21.52,pullback_weak_candle;momentum_volume_low
2026-04-03T14:12:48.885755+00:00,BTCUSD,viper,144388,M5,HOLD,HOLD,NONE,0,97.54521040704564,0,,,,,,,,,,,,,,,,22.0,22.0,66745.82,66748.64,66715.67,66725.61,,,,49.55379757243201,,,,,,,,,,,,,,66708.18129189481,,,,,,,SELL,,,,,15.02,pullback_structure_not_confirmed;momentum_volume_low
2026-04-03T14:12:49.379708+00:00,XAUUSD,viper,144388,M5,HOLD,HOLD,NONE,0,5.405325367263564,0,,,,,,,,,,,,,,,,0.34,0.34,4668.9,4673.32,4667.67,4670.82,,,,53.58433911787206,,,,,,,,,,,,,,4669.150823822302,,,,,,,BOTH,,,,,21.52,pullback_weak_candle;momentum_volume_low
2026-04-03T14:12:59.918090+00:00,BTCUSD,viper,144388,M5,HOLD,HOLD,NONE,0,97.5502104070451,0,,,,,,,,,,,,,,,,22.0,22.0,66745.82,66748.64,66715.6,66718.4,,,,49.02881079307434,,,,,,,,,,,,,,66707.49462522815,,,,,,,SELL,,,,,15.02,pullback_structure_not_confirmed;momentum_volume_low
2026-04-03T14:13:00.541106+00:00,XAUUSD,viper,144388,M5,HOLD,HOLD,NONE,0,5.405325367263564,0,,,,,,,,,,,,,,,,0.34,0.34,4668.9,4673.32,4667.67,4670.82,,,,53.58433911787206,,,,,,,,,,,,,,4669.150823822302,,,,,,,BOTH,,,,,21.52,pullback_weak_candle;momentum_volume_low
2026-04-03T14:13:11.176390+00:00,BTCUSD,viper,144388,M5,HOLD,HOLD,NONE,0,97.5502104070451,0,,,,,,,,,,,,,,,,22.0,22.0,66745.82,66748.64,66715.6,66722.98,,,,49.361000053382085,,,,,,,,,,,,,,66707.93081570434,,,,,,,SELL,,,,,15.02,pullback_structure_not_confirmed;momentum_volume_low
2026-04-03T14:13:11.723509+00:00,XAUUSD,viper,144388,M5,HOLD,HOLD,NONE,0,5.405325367263564,0,,,,,,,,,,,,,,,,0.34,0.34,4668.9,4673.32,4667.67,4670.82,,,,53.58433911787206,,,,,,,,,,,,,,4669.150823822302,,,,,,,BOTH,,,,,21.52,pullback_weak_candle;momentum_volume_low
2026-04-03T14:13:22.126119+00:00,BTCUSD,viper,144388,M5,HOLD,HOLD,NONE,0,97.5502104070451,0,,,,,,,,,,,,,,,,22.0,22.0,66745.82,66748.64,66715.6,66721.11,,,,49.224825943280514,,,,,,,,,,,,,,66707.75272046625,,,,,,,SELL,,,,,15.02,pullback_structure_not_confirmed;momentum_volume_low
2026-04-03T14:13:22.675058+00:00,XAUUSD,viper,144388,M5,HOLD,HOLD,NONE,0,5.405325367263564,0,,,,,,,,,,,,,,,,0.34,0.34,4668.9,4673.32,4667.67,4670.82,,,,53.58433911787206,,,,,,,,,,,,,,4669.150823822302,,,,,,,BOTH,,,,,21.52,pullback_weak_candle;momentum_volume_low
2026-04-03T14:13:33.098638+00:00,BTCUSD,viper,144388,M5,HOLD,HOLD,NONE,0,97.5502104070451,0,,,,,,,,,,,,,,,,22.0,22.0,66745.82,66748.64,66715.6,66720.92,,,,49.21103210709718,,,,,,,,,,,,,,66707.73462522814,,,,,,,SELL,,,,,15.02,pullback_structure_not_confirmed;momentum_volume_low
2026-04-03T14:13:33.665998+00:00,XAUUSD,viper,144388,M5,HOLD,HOLD,NONE,0,5.405325367263564,0,,,,,,,,,,,,,,,,0.34,0.34,4668.9,4673.32,4667.67,4670.82,,,,53.58433911787206,,,,,,,,,,,,,,4669.150823822302,,,,,,,BOTH,,,,,21.52,pullback_weak_candle;momentum_volume_low
2026-04-03T14:13:44.085474+00:00,BTCUSD,viper,144388,M5,HOLD,HOLD,NONE,0,97.5502104070451,0,,,,,,,,,,,,,,,,22.0,22.0,66745.82,66748.64,66715.6,66731.56,,,,49.99558193159197,,,,,,,,,,,,,,66708.74795856148,,,,,,,SELL,,,,,15.02,pullback_structure_not_confirmed;momentum_volume_low
2026-04-03T14:13:44.627318+00:00,XAUUSD,viper,144388,M5,HOLD,HOLD,NONE,0,5.405325367263564,0,,,,,,,,,,,,,,,,0.34,0.34,4668.9,4673.32,4667.67,4670.82,,,,53.58433911787206,,,,,,,,,,,,,,4669.150823822302,,,,,,,BOTH,,,,,21.52,pullback_weak_candle;momentum_volume_low
2026-04-03T14:13:55.034128+00:00,BTCUSD,viper,144388,M5,HOLD,HOLD,NONE,0,97.5502104070451,0,,,,,,,,,,,,,,,,22.0,22.0,66745.82,66748.64,66715.6,66728.62,,,,49.776308283576846,,,,,,,,,,,,,,66708.46795856148,,,,,,,SELL,,,,,15.02,pullback_structure_not_confirmed;momentum_volume_low
2026-04-03T14:13:55.588640+00:00,XAUUSD,viper,144388,M5,HOLD,HOLD,NONE,0,5.405325367263564,0,,,,,,,,,,,,,,,,0.34,0.34,4668.9,4673.32,4667.67,4670.82,,,,53.58433911787206,,,,,,,,,,,,,,4669.150823822302,,,,,,,BOTH,,,,,21.52,pullback_weak_candle;momentum_volume_low
2026-04-03T14:14:06.052620+00:00,BTCUSD,viper,144388,M5,HOLD,HOLD,NONE,0,97.5502104070451,0,,,,,,,,,,,,,,,,22.0,22.0,66745.82,66748.64,66715.6,66728.83,,,,49.79190688055258,,,,,,,,,,,,,,66708.48795856148,,,,,,,SELL,,,,,15.02,pullback_structure_not_confirmed;momentum_volume_low
2026-04-03T14:14:06.564512+00:00,XAUUSD,viper,144388,M5,HOLD,HOLD,NONE,0,5.405325367263564,0,,,,,,,,,,,,,,,,0.34,0.34,4668.9,4673.32,4667.67,4670.82,,,,53.58433911787206,,,,,,,,,,,,,,4669.150823822302,,,,,,,BOTH,,,,,21.52,pullback_weak_candle;momentum_volume_low
2026-04-03T14:14:17.051588+00:00,BTCUSD,viper,144388,M5,HOLD,HOLD,NONE,0,97.5502104070451,0,,,,,,,,,,,,,,,,22.0,22.0,66745.82,66748.64,66715.6,66728.84,,,,49.79264991474344,,,,,,,,,,,,,,66708.48891094243,,,,,,,SELL,,,,,15.02,pullback_structure_not_confirmed;momentum_volume_low
2026-04-03T14:14:17.574490+00:00,XAUUSD,viper,144388,M5,HOLD,HOLD,NONE,0,5.405325367263564,0,,,,,,,,,,,,,,,,0.34,0.34,4668.9,4673.32,4667.67,4670.82,,,,53.58433911787206,,,,,,,,,,,,,,4669.150823822302,,,,,,,BOTH,,,,,21.52,pullback_weak_candle;momentum_volume_low
2026-04-03T14:14:28.178649+00:00,BTCUSD,viper,144388,M5,HOLD,HOLD,NONE,0,97.5502104070451,0,,,,,,,,,,,,,,,,22.0,22.0,66745.82,66748.64,66715.6,66728.62,,,,49.776308283576846,,,,,,,,,,,,,,66708.46795856148,,,,,,,SELL,,,,,15.02,pullback_structure_not_confirmed;momentum_volume_low
2026-04-03T14:14:28.721783+00:00,XAUUSD,viper,144388,M5,HOLD,HOLD,NONE,0,5.405325367263564,0,,,,,,,,,,,,,,,,0.34,0.34,4668.9,4673.32,4667.67,4670.82,,,,53.58433911787206,,,,,,,,,,,,,,4669.150823822302,,,,,,,BOTH,,,,,21.52,pullback_weak_candle;momentum_volume_low
2026-04-03T14:14:39.316720+00:00,BTCUSD,viper,144388,M5,HOLD,HOLD,NONE,0,98.39663897847409,0,,,,,,,,,,,,,,,,22.0,22.0,66745.82,66748.64,66703.75,66704.18,,,,48.02533667803761,,,,,,,,,,,,,,66706.14033951386,,,,,,,SELL,,,,,14.98,pullback_structure_not_confirmed;momentum_volume_low
2026-04-03T14:14:39.901841+00:00,XAUUSD,viper,144388,M5,HOLD,HOLD,NONE,0,5.405325367263564,0,,,,,,,,,,,,,,,,0.34,0.34,4668.9,4673.32,4667.67,4670.82,,,,53.58433911787206,,,,,,,,,,,,,,4669.150823822302,,,,,,,BOTH,,,,,21.52,pullback_weak_candle;momentum_volume_low
2026-04-03T14:14:50.658574+00:00,BTCUSD,viper,144388,M5,HOLD,HOLD,NONE,0,98.40449612133126,0,,,,,,,,,,,,,,,,22.0,22.0,66745.82,66748.64,66703.64,66731.72,,,,50.00757063366178,,,,,,,,,,,,,,66708.76319665671,,,,,,,SELL,,,,,14.98,pullback_weak_candle;momentum_volume_low
2026-04-03T14:14:51.278079+00:00,XAUUSD,viper,144388,M5,HOLD,HOLD,NONE,0,5.405325367263564,0,,,,,,,,,,,,,,,,0.34,0.34,4668.9,4673.32,4667.67,4670.82,,,,53.58433911787206,,,,,,,,,,,,,,4669.150823822302,,,,,,,BOTH,,,,,21.52,pullback_weak_candle;momentum_volume_low
2026-04-03T14:15:01.863611+00:00,BTCUSD,viper,144388,M5,HOLD,HOLD,NONE,0,93.17162318690715,0,,,,,,,,,,,,,,,,22.0,22.0,66774.66,66774.86,66774.36,66774.76,,,,53.162720034579024,,,,,,,,,,,,,,66718.73831160582,,,,,,,SELL,,,,,14.46,pullback_weak_candle;momentum_volume_low
2026-04-03T14:15:02.638484+00:00,XAUUSD,viper,144388,M5,HOLD,HOLD,NONE,0,5.405325367263564,0,,,,,,,,,,,,,,,,0.34,0.34,4668.9,4673.32,4667.67,4670.82,,,,53.58433911787206,,,,,,,,,,,,,,4669.150823822302,,,,,,,BOTH,,,,,21.52,pullback_weak_candle;momentum_volume_low
2026-04-03T14:15:13.125326+00:00,BTCUSD,viper,144388,M5,HOLD,HOLD,NONE,0,94.06090890119266,0,,,,,,,,,,,,,,,,22.0,22.0,66774.66,66775.03,66762.08,66762.31,,,,52.139613855860716,,,,,,,,,,,,,,66717.5525973201,,,,,,,SELL,,,,,14.46,pullback_structure_not_confirmed;momentum_volume_low
2026-04-03T14:15:13.676091+00:00,XAUUSD,viper,144388,M5,HOLD,HOLD,NONE,0,5.405325367263564,0,,,,,,,,,,,,,,,,0.34,0.34,4668.9,4673.32,4667.67,4670.82,,,,53.58433911787206,,,,,,,,,,,,,,4669.150823822302,,,,,,,BOTH,,,,,21.52,pullback_weak_candle;momentum_volume_low
2026-04-03T14:15:24.326175+00:00,BTCUSD,viper,144388,M5,HOLD,HOLD,NONE,0,94.07805175833589,0,,,,,,,,,,,,,,,,22.0,22.0,66774.66,66775.03,66761.84,66769.05,,,,52.689716827642975,,,,,,,,,,,,,,66718.194502082,,,,,,,SELL,,,,,14.46,pullback_structure_not_confirmed;momentum_volume_low
2026-04-03T14:15:24.804333+00:00,XAUUSD,viper,144388,M5,HOLD,HOLD,NONE,0,5.405325367263564,0,,,,,,,,,,,,,,,,0.34,0.34,4668.9,4673.32,4667.67,4670.82,,,,53.58433911787206,,,,,,,,,,,,,,4669.150823822302,,,,,,,BOTH,,,,,21.52,pullback_weak_candle;momentum_volume_low
2026-04-03T14:15:35.278816+00:00,BTCUSD,viper,144388,M5,HOLD,HOLD,NONE,0,94.40519461547886,0,,,,,,,,,,,,,,,,22.0,22.0,66774.66,66775.03,66757.26,66757.96,,,,51.79063531254183,,,,,,,,,,,,,,66717.13831160581,,,,,,,SELL,,,,,14.46,pullback_structure_not_confirmed;momentum_volume_low
2026-04-03T14:15:35.777598+00:00,XAUUSD,viper,144388,M5,HOLD,HOLD,NONE,0,5.405325367263564,0,,,,,,,,,,,,,,,,0.34,0.34,4668.9,4673.32,4667.67,4670.82,,,,53.58433911787206,,,,,,,,,,,,,,4669.150823822302,,,,,,,BOTH,,,,,21.52,pullback_weak_candle;momentum_volume_low
2026-04-03T14:15:46.172979+00:00,BTCUSD,viper,144388,M5,HOLD,HOLD,NONE,0,94.61662318690686,0,,,,,,,,,,,,,,,,22.0,22.0,66774.66,66775.03,66754.3,66754.7,,,,51.532149023173524,,,,,,,,,,,,,,66716.82783541534,,,,,,,SELL,,,,,14.46,pullback_structure_not_confirmed;momentum_volume_low
2026-04-03T14:15:46.626306+00:00,XAUUSD,viper,144388,M5,HOLD,HOLD,NONE,0,5.405325367263564,0,,,,,,,,,,,,,,,,0.34,0.34,4668.9,4673.32,4667.67,4670.82,,,,53.58433911787206,,,,,,,,,,,,,,4669.150823822302,,,,,,,BOTH,,,,,21.52,pullback_weak_candle;momentum_volume_low
2026-04-03T14:15:57.146751+00:00,BTCUSD,viper,144388,M5,HOLD,HOLD,NONE,0,94.61662318690686,0,,,,,,,,,,,,,,,,22.0,22.0,66774.66,66775.03,66754.3,66754.68,,,,51.530571180761186,,,,,,,,,,,,,,66716.82593065343,,,,,,,SELL,,,,,14.46,pullback_structure_not_confirmed;momentum_volume_low
2026-04-03T14:15:57.765991+00:00,XAUUSD,viper,144388,M5,HOLD,HOLD,NONE,0,5.405325367263564,0,,,,,,,,,,,,,,,,0.34,0.34,4668.9,4673.32,4667.67,4670.82,,,,53.58433911787206,,,,,,,,,,,,,,4669.150823822302,,,,,,,BOTH,,,,,21.52,pullback_weak_candle;momentum_volume_low
2026-04-03T14:16:08.327520+00:00,BTCUSD,viper,144388,M5,HOLD,HOLD,NONE,0,95.58948032976471,0,,,,,,,,,,,,,,,,22.0,22.0,66774.66,66775.03,66740.68,66740.84,,,,50.46139152006861,,,,,,,,,,,,,,66715.50783541534,,,,,,,SELL,,,,,14.46,pullback_structure_not_confirmed;momentum_volume_low
2026-04-03T14:16:08.844088+00:00,XAUUSD,viper,144388,M5,HOLD,HOLD,NONE,0,5.405325367263564,0,,,,,,,,,,,,,,,,0.34,0.34,4668.9,4673.32,4667.67,4670.82,,,,53.58433911787206,,,,,,,,,,,,,,4669.150823822302,,,,,,,BOTH,,,,,21.52,pullback_weak_candle;momentum_volume_low
2026-04-03T14:16:19.296712+00:00,BTCUSD,viper,144388,M5,HOLD,HOLD,NONE,0,95.87090890119241,0,,,,,,,,,,,,,,,,22.0,22.0,66774.66,66775.03,66736.74,66737.38,,,,50.200993276232346,,,,,,,,,,,,,,66715.17831160582,,,,,,,SELL,,,,,14.46,pullback_structure_not_confirmed;momentum_volume_low
2026-04-03T14:16:20.026562+00:00,XAUUSD,viper,144388,M5,HOLD,HOLD,NONE,0,5.405325367263564,0,,,,,,,,,,,,,,,,0.34,0.34,4668.9,4673.32,4667.67,4670.82,,,,53.58433911787206,,,,,,,,,,,,,,4669.150823822302,,,,,,,BOTH,,,,,21.52,pullback_weak_candle;momentum_volume_low
2026-04-03T14:16:30.571923+00:00,BTCUSD,viper,144388,M5,HOLD,HOLD,NONE,0,96.34448032976417,0,,,,,,,,,,,,,,,,22.0,22.0,66774.66,66775.03,66730.11,66730.36,,,,49.68084304161607,,,,,,,,,,,,,,66714.50974017724,,,,,,,SELL,,,,,14.46,pullback_structure_not_confirmed;momentum_volume_low
2026-04-03T14:16:31.155462+00:00,XAUUSD,viper,144388,M5,HOLD,HOLD,NONE,0,5.405325367263564,0,,,,,,,,,,,,,,,,0.34,0.34,4668.9,4673.32,4667.67,4670.82,,,,53.58433911787206,,,,,,,,,,,,,,4669.150823822302,,,,,,,BOTH,,,,,21.52,pullback_weak_candle;momentum_volume_low
2026-04-03T14:16:41.709275+00:00,BTCUSD,viper,144388,M5,HOLD,HOLD,NONE,0,96.35376604405022,0,,,,,,,,,,,,,,,,22.0,22.0,66774.66,66775.03,66729.98,66730.54,,,,49.69404554340987,,,,,,,,,,,,,,66714.52688303438,,,,,,,SELL,,,,,14.46,pullback_structure_not_confirmed;momentum_volume_low
2026-04-03T14:16:42.310203+00:00,XAUUSD,viper,144388,M5,HOLD,HOLD,NONE,0,5.405325367263564,0,,,,,,,,,,,,,,,,0.34,0.34,4668.9,4673.32,4667.67,4670.82,,,,53.58433911787206,,,,,,,,,,,,,,4669.150823822302,,,,,,,BOTH,,,,,21.52,pullback_weak_candle;momentum_volume_low
2026-04-03T14:16:52.826297+00:00,BTCUSD,viper,144388,M5,HOLD,HOLD,NONE,0,96.35376604405022,0,,,,,,,,,,,,,,,,22.0,22.0,66774.66,66775.03,66729.98,66748.6,,,,51.055345203828736,,,,,,,,,,,,,,66716.24688303439,,,,,,,SELL,,,,,14.46,pullback_structure_not_confirmed;momentum_volume_low
2026-04-03T14:16:53.402905+00:00,XAUUSD,viper,144388,M5,HOLD,HOLD,NONE,0,5.405325367263564,0,,,,,,,,,,,,,,,,0.34,0.34,4668.9,4673.32,4667.67,4670.82,,,,53.58433911787206,,,,,,,,,,,,,,4669.150823822302,,,,,,,BOTH,,,,,21.52,pullback_weak_candle;momentum_volume_low
2026-04-03T14:17:03.805097+00:00,BTCUSD,viper,144388,M5,HOLD,HOLD,NONE,0,96.35376604405022,0,,,,,,,,,,,,,,,,22.0,22.0,66774.66,66775.03,66729.98,66748.1,,,,51.01665387805812,,,,,,,,,,,,,,66716.19926398677,,,,,,,SELL,,,,,14.46,pullback_structure_not_confirmed;momentum_volume_low
2026-04-03T14:17:04.274623+00:00,XAUUSD,viper,144388,M5,HOLD,HOLD,NONE,0,5.405325367263564,0,,,,,,,,,,,,,,,,0.34,0.34,4668.9,4673.32,4667.67,4670.82,,,,53.58433911787206,,,,,,,,,,,,,,4669.150823822302,,,,,,,BOTH,,,,,21.52,pullback_weak_candle;momentum_volume_low
2026-04-03T14:17:14.773886+00:00,BTCUSD,viper,144388,M5,HOLD,HOLD,NONE,0,96.35376604405022,0,,,,,,,,,,,,,,,,22.0,22.0,66774.66,66775.03,66729.98,66754.82,,,,51.54161810715732,,,,,,,,,,,,,,66716.83926398677,,,,,,,SELL,,,,,14.46,pullback_structure_not_confirmed;momentum_volume_low
2026-04-03T14:17:15.456965+00:00,XAUUSD,viper,144388,M5,HOLD,HOLD,NONE,0,5.405325367263564,0,,,,,,,,,,,,,,,,0.34,0.34,4668.9,4673.32,4667.67,4670.82,,,,53.58433911787206,,,,,,,,,,,,,,4669.150823822302,,,,,,,BOTH,,,,,21.52,pullback_weak_candle;momentum_volume_low
2026-04-03T14:17:25.966832+00:00,BTCUSD,viper,144388,M5,HOLD,HOLD,NONE,0,96.35376604405022,0,,,,,,,,,,,,,,,,22.0,22.0,66774.66,66775.03,66729.98,66762.72,,,,52.17274876662095,,,,,,,,,,,,,,66717.59164493915,,,,,,,SELL,,,,,14.46,pullback_weak_candle;momentum_volume_low
2026-04-03T14:17:26.470960+00:00,XAUUSD,viper,144388,M5,HOLD,HOLD,NONE,0,5.405325367263564,0,,,,,,,,,,,,,,,,0.34,0.34,4668.9,4673.32,4667.67,4670.82,,,,53.58433911787206,,,,,,,,,,,,,,4669.150823822302,,,,,,,BOTH,,,,,21.52,pullback_weak_candle;momentum_volume_low
2026-04-03T14:17:36.979814+00:00,BTCUSD,viper,144388,M5,HOLD,HOLD,NONE,0,96.35376604405022,0,,,,,,,,,,,,,,,,22.0,22.0,66774.66,66775.03,66729.98,66744.76,,,,50.759692507923056,,,,,,,,,,,,,,66715.88116874867,,,,,,,SELL,,,,,14.46,pullback_structure_not_confirmed;momentum_volume_low
2026-04-03T14:17:37.431679+00:00,XAUUSD,viper,144388,M5,HOLD,HOLD,NONE,0,5.405325367263564,0,,,,,,,,,,,,,,,,0.34,0.34,4668.9,4673.32,4667.67,4670.82,,,,53.58433911787206,,,,,,,,,,,,,,4669.150823822302,,,,,,,BOTH,,,,,21.52,pullback_weak_candle;momentum_volume_low
2026-04-03T14:17:47.915923+00:00,BTCUSD,viper,144388,M5,HOLD,HOLD,NONE,0,96.35376604405022,0,,,,,,,,,,,,,,,,22.0,22.0,66774.66,66775.03,66729.98,66746.41,,,,50.88631017493007,,,,,,,,,,,,,,66716.03831160581,,,,,,,SELL,,,,,14.46,pullback_structure_not_confirmed;momentum_volume_low
2026-04-03T14:17:48.405069+00:00,XAUUSD,viper,144388,M5,HOLD,HOLD,NONE,0,5.405325367263564,0,,,,,,,,,,,,,,,,0.34,0.34,4668.9,4673.32,4667.67,4670.82,,,,53.58433911787206,,,,,,,,,,,,,,4669.150823822302,,,,,,,BOTH,,,,,21.52,pullback_weak_candle;momentum_volume_low
2026-04-03T14:17:58.920162+00:00,BTCUSD,viper,144388,M5,HOLD,HOLD,NONE,0,96.35376604405022,0,,,,,,,,,,,,,,,,22.0,22.0,66774.66,66775.03,66729.98,66744.43,,,,50.73444455033377,,,,,,,,,,,,,,66715.84974017725,,,,,,,SELL,,,,,14.46,pullback_structure_not_confirmed;momentum_volume_low
2026-04-03T14:17:59.494987+00:00,XAUUSD,viper,144388,M5,HOLD,HOLD,NONE,0,5.405325367263564,0,,,,,,,,,,,,,,,,0.34,0.34,4668.9,4673.32,4667.67,4670.82,,,,53.58433911787206,,,,,,,,,,,,,,4669.150823822302,,,,,,,BOTH,,,,,21.52,pullback_weak_candle;momentum_volume_low
2026-04-03T14:18:10.047444+00:00,BTCUSD,viper,144388,M5,HOLD,HOLD,NONE,0,96.35376604405022,0,,,,,,,,,,,,,,,,22.0,22.0,66774.66,66775.03,66729.98,66746.32,,,,50.879387470904945,,,,,,,,,,,,,,66716.02974017724,,,,,,,SELL,,,,,14.46,pullback_structure_not_confirmed;momentum_volume_low
2026-04-03T14:18:10.623463+00:00,XAUUSD,viper,144388,M5,HOLD,HOLD,NONE,0,5.405325367263564,0,,,,,,,,,,,,,,,,0.34,0.34,4668.9,4673.32,4667.67,4670.82,,,,53.58433911787206,,,,,,,,,,,,,,4669.150823822302,,,,,,,BOTH,,,,,21.52,pullback_weak_candle;momentum_volume_low
2026-04-03T14:18:21.101236+00:00,BTCUSD,viper,144388,M5,HOLD,HOLD,NONE,0,96.35376604405022,0,,,,,,,,,,,,,,,,22.0,22.0,66774.66,66775.03,66729.98,66746.28,,,,50.87631131812421,,,,,,,,,,,,,,66716.02593065343,,,,,,,SELL,,,,,14.46,pullback_structure_not_confirmed;momentum_volume_low
2026-04-03T14:18:21.733500+00:00,XAUUSD,viper,144388,M5,HOLD,HOLD,NONE,0,5.405325367263564,0,,,,,,,,,,,,,,,,0.34,0.34,4668.9,4673.32,4667.67,4670.82,,,,53.58433911787206,,,,,,,,,,,,,,4669.150823822302,,,,,,,BOTH,,,,,21.52,pullback_weak_candle;momentum_volume_low
2026-04-03T14:18:32.240035+00:00,BTCUSD,viper,144388,M5,HOLD,HOLD,NONE,0,96.35376604405022,0,,,,,,,,,,,,,,,,22.0,22.0,66774.66,66775.03,66729.98,66745.86,,,,50.84403415716786,,,,,,,,,,,,,,66715.98593065343,,,,,,,SELL,,,,,14.46,pullback_structure_not_confirmed;momentum_volume_low
2026-04-03T14:18:32.731338+00:00,XAUUSD,viper,144388,M5,HOLD,HOLD,NONE,0,5.405325367263564,0,,,,,,,,,,,,,,,,0.34,0.34,4668.9,4673.32,4667.67,4670.82,,,,53.58433911787206,,,,,,,,,,,,,,4669.150823822302,,,,,,,BOTH,,,,,21.52,pullback_weak_candle;momentum_volume_low
2026-04-03T14:18:43.357757+00:00,BTCUSD,viper,144388,M5,HOLD,HOLD,NONE,0,96.35376604405022,0,,,,,,,,,,,,,,,,22.0,22.0,66774.66,66775.03,66729.98,66739.02,,,,50.32408318487533,,,,,,,,,,,,,,66715.334502082,,,,,,,SELL,,,,,14.46,pullback_structure_not_confirmed;momentum_volume_low
2026-04-03T14:18:44.058422+00:00,XAUUSD,viper,144388,M5,HOLD,HOLD,NONE,0,5.405325367263564,0,,,,,,,,,,,,,,,,0.34,0.34,4668.9,4673.32,4667.67,4670.82,,,,53.58433911787206,,,,,,,,,,,,,,4669.150823822302,,,,,,,BOTH,,,,,21.52,pullback_weak_candle;momentum_volume_low
2026-04-03T14:18:54.539235+00:00,BTCUSD,viper,144388,M5,HOLD,HOLD,NONE,0,96.49590890119241,0,,,,,,,,,,,,,,,,22.0,22.0,66774.66,66775.03,66727.99,66728.35,,,,49.53389023962474,,,,,,,,,,,,,,66714.31831160582,,,,,,,SELL,,,,,14.46,pullback_structure_not_confirmed;momentum_volume_low
2026-04-03T14:18:55.090888+00:00,XAUUSD,viper,144388,M5,HOLD,HOLD,NONE,0,5.405325367263564,0,,,,,,,,,,,,,,,,0.34,0.34,4668.9,4673.32,4667.67,4670.82,,,,53.58433911787206,,,,,,,,,,,,,,4669.150823822302,,,,,,,BOTH,,,,,21.52,pullback_weak_candle;momentum_volume_low
2026-04-03T14:19:05.686937+00:00,BTCUSD,viper,144388,M5,HOLD,HOLD,NONE,0,97.07805175833589,0,,,,,,,,,,,,,,,,22.0,22.0,66774.66,66775.03,66719.84,66719.84,,,,48.92122987679875,,,,,,,,,,,,,,66713.50783541534,,,,,,,SELL,,,,,14.46,pullback_structure_not_confirmed;momentum_volume_low
2026-04-03T14:19:06.373665+00:00,XAUUSD,viper,144388,M5,HOLD,HOLD,NONE,0,5.405325367263564,0,,,,,,,,,,,,,,,,0.34,0.34,4668.9,4673.32,4667.67,4670.82,,,,53.58433911787206,,,,,,,,,,,,,,4669.150823822302,,,,,,,BOTH,,,,,21.52,pullback_weak_candle;momentum_volume_low
2026-04-03T14:19:17.053892+00:00,BTCUSD,viper,144388,M5,HOLD,HOLD,NONE,0,97.09090890119253,0,,,,,,,,,,,,,,,,22.0,22.0,66774.66,66775.03,66719.66,66719.74,,,,48.914120655445664,,,,,,,,,,,,,,66713.49831160581,,,,,,,SELL,,,,,14.46,pullback_structure_not_confirmed;momentum_volume_low
2026-04-03T14:19:17.704521+00:00,XAUUSD,viper,144388,M5,HOLD,HOLD,NONE,0,5.405325367263564,0,,,,,,,,,,,,,,,,0.34,0.34,4668.9,4673.32,4667.67,4670.82,,,,53.58433911787206,,,,,,,,,,,,,,4669.150823822302,,,,,,,BOTH,,,,,21.52,pullback_weak_candle;momentum_volume_low
2026-04-03T14:19:28.301690+00:00,BTCUSD,viper,144388,M5,HOLD,HOLD,NONE,0,97.75805175833514,0,,,,,,,,,,,,,,,,22.0,22.0,66774.66,66775.03,66710.32,66710.7,,,,48.279872496841065,,,,,,,,,,,,,,66712.63735922486,,,,,,,SELL,,,,,14.46,pullback_structure_not_confirmed;momentum_volume_low
2026-04-03T14:19:28.897103+00:00,XAUUSD,viper,144388,M5,HOLD,HOLD,NONE,0,5.405325367263564,0,,,,,,,,,,,,,,,,0.34,0.34,4668.9,4673.32,4667.67,4670.82,,,,53.58433911787206,,,,,,,,,,,,,,4669.150823822302,,,,,,,BOTH,,,,,21.52,pullback_weak_candle;momentum_volume_low
2026-04-03T14:19:39.528457+00:00,BTCUSD,viper,144388,M5,HOLD,HOLD,NONE,0,97.75805175833514,0,,,,,,,,,,,,,,,,22.0,22.0,66774.66,66775.03,66710.32,66735.36,,,,50.05020763656549,,,,,,,,,,,,,,66714.98593065343,,,,,,,SELL,,,,,14.46,pullback_structure_not_confirmed;momentum_volume_low
2026-04-03T14:19:40.252160+00:00,XAUUSD,viper,144388,M5,HOLD,HOLD,NONE,0,5.405325367263564,0,,,,,,,,,,,,,,,,0.34,0.34,4668.9,4673.32,4667.67,4670.82,,,,53.58433911787206,,,,,,,,,,,,,,4669.150823822302,,,,,,,BOTH,,,,,21.52,pullback_weak_candle;momentum_volume_low
2026-04-03T14:19:50.773662+00:00,BTCUSD,viper,144388,M5,HOLD,HOLD,NONE,0,97.75805175833514,0,,,,,,,,,,,,,,,,22.0,22.0,66774.66,66775.03,66710.32,66746.05,,,,50.85863065560671,,,,,,,,,,,,,,66716.00402589153,,,,,,,SELL,,,,,14.46,pullback_structure_not_confirmed;momentum_volume_low
2026-04-03T14:19:51.535599+00:00,XAUUSD,viper,144388,M5,HOLD,HOLD,NONE,0,5.405325367263564,0,,,,,,,,,,,,,,,,0.34,0.34,4668.9,4673.32,4667.67,4670.82,,,,53.58433911787206,,,,,,,,,,,,,,4669.150823822302,,,,,,,BOTH,,,,,21.52,pullback_weak_candle;momentum_volume_low
2026-04-03T14:20:02.094432+00:00,BTCUSD,viper,144388,M5,HOLD,HOLD,NONE,0,91.72405883714795,0,,,,,,,,,,,,,,,,22.0,22.0,66788.44,66788.79,66788.22,66788.43,,,,54.149844026432994,,,,,,,,,,,,,,66726.56300759895,,,,,,,SELL,,,,,14.31,pullback_weak_candle;momentum_volume_low
2026-04-03T14:20:02.844331+00:00,XAUUSD,viper,144388,M5,HOLD,HOLD,NONE,0,5.405325367263564,0,,,,,,,,,,,,,,,,0.34,0.34,4668.9,4673.32,4667.67,4670.82,,,,53.58433911787206,,,,,,,,,,,,,,4669.150823822302,,,,,,,BOTH,,,,,21.52,pullback_weak_candle;momentum_volume_low
2026-04-03T14:20:13.312988+00:00,BTCUSD,viper,144388,M5,HOLD,HOLD,NONE,0,93.83905883714799,0,,,,,,,,,,,,,,,,22.0,22.0,66788.44,66788.79,66758.61,66769.34,,,,52.48335730269645,,,,,,,,,,,,,,66724.74491236085,,,,,,,SELL,,,,,14.31,pullback_structure_not_confirmed;momentum_volume_low
2026-04-03T14:20:14.046774+00:00,XAUUSD,viper,144388,M5,HOLD,HOLD,NONE,0,5.405325367263564,0,,,,,,,,,,,,,,,,0.34,0.34,4668.9,4673.32,4667.67,4670.82,,,,53.58433911787206,,,,,,,,,,,,,,4669.150823822302,,,,,,,BOTH,,,,,21.52,pullback_weak_candle;momentum_volume_low
2026-04-03T14:20:24.820721+00:00,BTCUSD,viper,144388,M5,HOLD,HOLD,NONE,0,93.83905883714799,0,,,,,,,,,,,,,,,,22.0,22.0,66788.44,66788.79,66758.61,66772.86,,,,52.782883279541075,,,,,,,,,,,,,,66725.0801504561,,,,,,,SELL,,,,,14.31,pullback_structure_not_confirmed;momentum_volume_low
2026-04-03T14:20:25.470300+00:00,XAUUSD,viper,144388,M5,HOLD,HOLD,NONE,0,5.405325367263564,0,,,,,,,,,,,,,,,,0.34,0.34,4668.9,4673.32,4667.67,4670.82,,,,53.58433911787206,,,,,,,,,,,,,,4669.150823822302,,,,,,,BOTH,,,,,21.52,pullback_weak_candle;momentum_volume_low
2026-04-03T14:20:36.143389+00:00,BTCUSD,viper,144388,M5,HOLD,HOLD,NONE,0,93.83905883714799,0,,,,,,,,,,,,,,,,22.0,22.0,66788.44,66788.79,66758.61,66788.08,,,,54.11833849423495,,,,,,,,,,,,,,66726.52967426562,,,,,,,SELL,,,,,14.31,pullback_weak_candle;momentum_volume_low
2026-04-03T14:20:36.789430+00:00,XAUUSD,viper,144388,M5,HOLD,HOLD,NONE,0,5.405325367263564,0,,,,,,,,,,,,,,,,0.34,0.34,4668.9,4673.32,4667.67,4670.82,,,,53.58433911787206,,,,,,,,,,,,,,4669.150823822302,,,,,,,BOTH,,,,,21.52,pullback_weak_candle;momentum_volume_low
2026-04-03T14:20:47.407297+00:00,BTCUSD,viper,144388,M5,HOLD,HOLD,NONE,0,95.53263026571987,0,,,,,,,,,,,,,,,,22.0,22.0,66788.44,66812.5,66758.61,66812.14,,,,55.891514283961335,,,,,,,,,,,,,,66728.82110283704,,,,,,,SELL,,,,,14.61,pullback_h1_trend_filtered
2026-04-03T14:20:47.877588+00:00,XAUUSD,viper,144388,M5,HOLD,HOLD,NONE,0,5.405325367263564,0,,,,,,,,,,,,,,,,0.34,0.34,4668.9,4673.32,4667.67,4670.82,,,,53.58433911787206,,,,,,,,,,,,,,4669.150823822302,,,,,,,BOTH,,,,,21.52,pullback_weak_candle;momentum_volume_low
2026-04-03T14:20:58.366161+00:00,BTCUSD,viper,144388,M5,HOLD,HOLD,NONE,0,95.98691598000563,0,,,,,,,,,,,,,,,,22.0,22.0,66788.44,66818.86,66758.61,66818.8,,,,56.35680009198293,,,,,,,,,,,,,,66729.45538855133,,,,,,,SELL,,,,,14.68,pullback_h1_trend_filtered
2026-04-03T14:20:59.053598+00:00,XAUUSD,viper,144388,M5,HOLD,HOLD,NONE,0,5.405325367263564,0,,,,,,,,,,,,,,,,0.34,0.34,4668.9,4673.32,4667.67,4670.82,,,,53.58433911787206,,,,,,,,,,,,,,4669.150823822302,,,,,,,BOTH,,,,,21.52,pullback_weak_candle;momentum_volume_low
2026-04-03T14:21:09.632904+00:00,BTCUSD,viper,144388,M5,HOLD,HOLD,NONE,0,97.07691598000525,0,,,,,,,,,,,,,,,,22.0,22.0,66788.44,66834.12,66758.61,66833.58,,,,57.35510883137268,,,,,,,,,,,,,,66730.86300759895,,,,,,,SELL,,,,,14.85,pullback_h1_trend_filtered
2026-04-03T14:21:10.119666+00:00,XAUUSD,viper,144388,M5,HOLD,HOLD,NONE,0,5.405325367263564,0,,,,,,,,,,,,,,,,0.34,0.34,4668.9,4673.32,4667.67,4670.82,,,,53.58433911787206,,,,,,,,,,,,,,4669.150823822302,,,,,,,BOTH,,,,,21.52,pullback_weak_candle;momentum_volume_low
2026-04-03T14:21:20.558311+00:00,BTCUSD,viper,144388,M5,HOLD,HOLD,NONE,0,97.83263026571967,0,,,,,,,,,,,,,,,,22.0,22.0,66788.44,66844.7,66758.61,66829.04,,,,57.05335069266412,,,,,,,,,,,,,,66730.43062664657,,,,,,,SELL,,,,,14.97,pullback_h1_trend_filtered
2026-04-03T14:21:21.037886+00:00,XAUUSD,viper,144388,M5,HOLD,HOLD,NONE,0,5.405325367263564,0,,,,,,,,,,,,,,,,0.34,0.34,4668.9,4673.32,4667.67,4670.82,,,,53.58433911787206,,,,,,,,,,,,,,4669.150823822302,,,,,,,BOTH,,,,,21.52,pullback_weak_candle;momentum_volume_low
2026-04-03T14:21:31.454956+00:00,BTCUSD,viper,144388,M5,HOLD,HOLD,NONE,0,97.83263026571967,0,,,,,,,,,,,,,,,,22.0,22.0,66788.44,66844.7,66758.61,66819.92,,,,56.434083862518904,,,,,,,,,,,,,,66729.562055218,,,,,,,SELL,,,,,14.97,pullback_weak_candle;momentum_volume_low
2026-04-03T14:21:31.958479+00:00,XAUUSD,viper,144388,M5,HOLD,HOLD,NONE,0,5.405325367263564,0,,,,,,,,,,,,,,,,0.34,0.34,4668.9,4673.32,4667.67,4670.82,,,,53.58433911787206,,,,,,,,,,,,,,4669.150823822302,,,,,,,BOTH,,,,,21.52,pullback_weak_candle;momentum_volume_low
2026-04-03T14:21:42.391020+00:00,BTCUSD,viper,144388,M5,HOLD,HOLD,NONE,0,97.83263026571967,0,,,,,,,,,,,,,,,,22.0,22.0,66788.44,66844.7,66758.61,66810.04,,,,55.74273830187966,,,,,,,,,,,,,,66728.62110283705,,,,,,,SELL,,,,,14.97,pullback_weak_candle;momentum_volume_low
2026-04-03T14:21:43.061292+00:00,XAUUSD,viper,144388,M5,HOLD,HOLD,NONE,0,5.405325367263564,0,,,,,,,,,,,,,,,,0.34,0.34,4668.9,4673.32,4667.67,4670.82,,,,53.58433911787206,,,,,,,,,,,,,,4669.150823822302,,,,,,,BOTH,,,,,21.52,pullback_weak_candle;momentum_volume_low
2026-04-03T14:21:53.481037+00:00,BTCUSD,viper,144388,M5,HOLD,HOLD,NONE,0,97.83263026571967,0,,,,,,,,,,,,,,,,22.0,22.0,66788.44,66844.7,66758.61,66794.4,,,,54.60232643148698,,,,,,,,,,,,,,66727.13157902753,,,,,,,SELL,,,,,14.97,pullback_weak_candle;momentum_volume_low
2026-04-03T14:21:53.982255+00:00,XAUUSD,viper,144388,M5,HOLD,HOLD,NONE,0,5.405325367263564,0,,,,,,,,,,,,,,,,0.34,0.34,4668.9,4673.32,4667.67,4670.82,,,,53.58433911787206,,,,,,,,,,,,,,4669.150823822302,,,,,,,BOTH,,,,,21.52,pullback_weak_candle;momentum_volume_low
2026-04-03T14:22:04.538639+00:00,BTCUSD,viper,144388,M5,HOLD,HOLD,NONE,0,97.83263026571967,0,,,,,,,,,,,,,,,,22.0,22.0,66788.44,66844.7,66758.61,66803.36,,,,55.2627427642277,,,,,,,,,,,,,,66727.98491236086,,,,,,,SELL,,,,,14.97,pullback_weak_candle;momentum_volume_low
2026-04-03T14:22:04.998830+00:00,XAUUSD,viper,144388,M5,HOLD,HOLD,NONE,0,5.405325367263564,0,,,,,,,,,,,,,,,,0.34,0.34,4668.9,4673.32,4667.67,4670.82,,,,53.58433911787206,,,,,,,,,,,,,,4669.150823822302,,,,,,,BOTH,,,,,21.52,pullback_weak_candle;momentum_volume_low
2026-04-03T14:22:15.478892+00:00,BTCUSD,viper,144388,M5,HOLD,HOLD,NONE,0,97.83263026571967,0,,,,,,,,,,,,,,,,22.0,22.0,66788.44,66844.7,66758.61,66803.23,,,,55.25329822924362,,,,,,,,,,,,,,66727.97253140848,,,,,,,SELL,,,,,14.97,pullback_weak_candle;momentum_volume_low
2026-04-03T14:22:16.153953+00:00,XAUUSD,viper,144388,M5,HOLD,HOLD,NONE,0,5.405325367263564,0,,,,,,,,,,,,,,,,0.34,0.34,4668.9,4673.32,4667.67,4670.82,,,,53.58433911787206,,,,,,,,,,,,,,4669.150823822302,,,,,,,BOTH,,,,,21.52,pullback_weak_candle;momentum_volume_low
2026-04-03T14:22:26.723459+00:00,BTCUSD,viper,144388,M5,HOLD,HOLD,NONE,0,97.83263026571967,0,,,,,,,,,,,,,,,,22.0,22.0,66788.44,66844.7,66758.61,66797.1,,,,54.80337925187295,,,,,,,,,,,,,,66727.38872188466,,,,,,,SELL,,,,,14.97,pullback_weak_candle;momentum_volume_low
2026-04-03T14:22:27.210021+00:00,XAUUSD,viper,144388,M5,HOLD,HOLD,NONE,0,5.405325367263564,0,,,,,,,,,,,,,,,,0.34,0.34,4668.9,4673.32,4667.67,4670.82,,,,53.58433911787206,,,,,,,,,,,,,,4669.150823822302,,,,,,,BOTH,,,,,21.52,pullback_weak_candle;momentum_volume_low
2026-04-03T14:22:37.642856+00:00,BTCUSD,viper,144388,M5,HOLD,HOLD,NONE,0,97.83263026571967,0,,,,,,,,,,,,,,,,22.0,22.0,66788.44,66844.7,66758.61,66796.87,,,,54.786321944264195,,,,,,,,,,,,,,66727.36681712276,,,,,,,SELL,,,,,14.97,pullback_weak_candle;momentum_volume_low
2026-04-03T14:22:38.218681+00:00,XAUUSD,viper,144388,M5,HOLD,HOLD,NONE,0,5.405325367263564,0,,,,,,,,,,,,,,,,0.34,0.34,4668.9,4673.32,4667.67,4670.82,,,,53.58433911787206,,,,,,,,,,,,,,4669.150823822302,,,,,,,BOTH,,,,,21.52,pullback_weak_candle;momentum_volume_low
2026-04-03T14:22:48.638537+00:00,BTCUSD,viper,144388,M5,HOLD,HOLD,NONE,0,97.83263026571967,0,,,,,,,,,,,,,,,,22.0,22.0,66788.44,66844.7,66758.61,66797.0,,,,54.79596461282216,,,,,,,,,,,,,,66727.37919807514,,,,,,,SELL,,,,,14.97,pullback_weak_candle;momentum_volume_low
2026-04-03T14:22:49.173569+00:00,XAUUSD,viper,144388,M5,HOLD,HOLD,NONE,0,5.405325367263564,0,,,,,,,,,,,,,,,,0.34,0.34,4668.9,4673.32,4667.67,4670.82,,,,53.58433911787206,,,,,,,,,,,,,,4669.150823822302,,,,,,,BOTH,,,,,21.52,pullback_weak_candle;momentum_volume_low
2026-04-03T14:22:59.599608+00:00,BTCUSD,viper,144388,M5,HOLD,HOLD,NONE,0,97.83263026571967,0,,,,,,,,,,,,,,,,22.0,22.0,66788.44,66844.7,66758.61,66781.56,,,,53.53806619103143,,,,,,,,,,,,,,66725.90872188467,,,,,,,SELL,,,,,14.97,pullback_weak_candle;momentum_volume_low
2026-04-03T14:23:00.214231+00:00,XAUUSD,viper,144388,M5,HOLD,HOLD,NONE,0,5.405325367263564,0,,,,,,,,,,,,,,,,0.34,0.34,4668.9,4673.32,4667.67,4670.82,,,,53.58433911787206,,,,,,,,,,,,,,4669.150823822302,,,,,,,BOTH,,,,,21.52,pullback_weak_candle;momentum_volume_low
2026-04-03T14:23:10.713821+00:00,BTCUSD,viper,144388,M5,HOLD,HOLD,NONE,0,97.83263026571967,0,,,,,,,,,,,,,,,,22.0,22.0,66788.44,66844.7,66758.61,66790.46,,,,54.30570766913752,,,,,,,,,,,,,,66726.75634093229,,,,,,,SELL,,,,,14.97,pullback_weak_candle;momentum_volume_low
2026-04-03T14:23:11.185589+00:00,XAUUSD,viper,144388,M5,HOLD,HOLD,NONE,0,5.405325367263564,0,,,,,,,,,,,,,,,,0.34,0.34,4668.9,4673.32,4667.67,4670.82,,,,53.58433911787206,,,,,,,,,,,,,,4669.150823822302,,,,,,,BOTH,,,,,21.52,pullback_weak_candle;momentum_volume_low
2026-04-03T14:23:21.587394+00:00,BTCUSD,viper,144388,M5,HOLD,HOLD,NONE,0,97.83263026571967,0,,,,,,,,,,,,,,,,22.0,22.0,66788.44,66844.7,66758.61,66805.72,,,,55.43350689900117,,,,,,,,,,,,,,66728.20967426561,,,,,,,SELL,,,,,14.97,pullback_weak_candle;momentum_volume_low
2026-04-03T14:23:22.044885+00:00,XAUUSD,viper,144388,M5,HOLD,HOLD,NONE,0,5.405325367263564,0,,,,,,,,,,,,,,,,0.34,0.34,4668.9,4673.32,4667.67,4670.82,,,,53.58433911787206,,,,,,,,,,,,,,4669.150823822302,,,,,,,BOTH,,,,,21.52,pullback_weak_candle;momentum_volume_low
2026-04-03T14:23:32.804962+00:00,BTCUSD,viper,144388,M5,HOLD,HOLD,NONE,0,97.83263026571967,0,,,,,,,,,,,,,,,,22.0,22.0,66788.44,66844.7,66758.61,66808.23,,,,55.613699921763086,,,,,,,,,,,,,,66728.44872188466,,,,,,,SELL,,,,,14.97,pullback_weak_candle;momentum_volume_low
2026-04-03T14:23:33.363034+00:00,XAUUSD,viper,144388,M5,HOLD,HOLD,NONE,0,5.405325367263564,0,,,,,,,,,,,,,,,,0.34,0.34,4668.9,4673.32,4667.67,4670.82,,,,53.58433911787206,,,,,,,,,,,,,,4669.150823822302,,,,,,,BOTH,,,,,21.52,pullback_weak_candle;momentum_volume_low
2026-04-03T14:23:44.028228+00:00,BTCUSD,viper,144388,M5,HOLD,HOLD,NONE,0,97.83263026571967,0,,,,,,,,,,,,,,,,22.0,22.0,66788.44,66844.7,66758.61,66821.67,,,,56.55429331215562,,,,,,,,,,,,,,66729.72872188466,,,,,,,SELL,,,,,14.97,pullback_weak_candle;momentum_volume_low
2026-04-03T14:23:44.642971+00:00,XAUUSD,viper,144388,M5,HOLD,HOLD,NONE,0,5.405325367263564,0,,,,,,,,,,,,,,,,0.34,0.34,4668.9,4673.32,4667.67,4670.82,,,,53.58433911787206,,,,,,,,,,,,,,4669.150823822302,,,,,,,BOTH,,,,,21.52,pullback_weak_candle;momentum_volume_low
2026-04-03T14:23:55.294228+00:00,BTCUSD,viper,144388,M5,HOLD,HOLD,NONE,0,97.83263026571967,0,,,,,,,,,,,,,,,,22.0,22.0,66788.44,66844.7,66758.61,66815.23,,,,56.10861773604985,,,,,,,,,,,,,,66729.11538855133,,,,,,,SELL,,,,,14.97,pullback_weak_candle;momentum_volume_low
2026-04-03T14:23:55.948390+00:00,XAUUSD,viper,144388,M5,HOLD,HOLD,NONE,0,5.405325367263564,0,,,,,,,,,,,,,,,,0.34,0.34,4668.9,4673.32,4667.67,4670.82,,,,53.58433911787206,,,,,,,,,,,,,,4669.150823822302,,,,,,,BOTH,,,,,21.52,pullback_weak_candle;momentum_volume_low
2026-04-03T14:24:06.602216+00:00,BTCUSD,viper,144388,M5,HOLD,HOLD,NONE,0,97.83263026571967,0,,,,,,,,,,,,,,,,22.0,22.0,66788.44,66844.7,66758.61,66822.44,,,,56.60697556702295,,,,,,,,,,,,,,66729.802055218,,,,,,,SELL,,,,,14.97,pullback_weak_candle;momentum_volume_low
2026-04-03T14:24:07.284278+00:00,XAUUSD,viper,144388,M5,HOLD,HOLD,NONE,0,5.405325367263564,0,,,,,,,,,,,,,,,,0.34,0.34,4668.9,4673.32,4667.67,4670.82,,,,53.58433911787206,,,,,,,,,,,,,,4669.150823822302,,,,,,,BOTH,,,,,21.52,pullback_weak_candle;momentum_volume_low
2026-04-03T14:24:17.785295+00:00,BTCUSD,viper,144388,M5,HOLD,HOLD,NONE,0,97.83263026571967,0,,,,,,,,,,,,,,,,22.0,22.0,66788.44,66844.7,66758.61,66824.36,,,,56.73778430359409,,,,,,,,,,,,,,66729.98491236086,,,,,,,SELL,,,,,14.97,pullback_h1_trend_filtered
2026-04-03T14:24:18.461597+00:00,XAUUSD,viper,144388,M5,HOLD,HOLD,NONE,0,5.405325367263564,0,,,,,,,,,,,,,,,,0.34,0.34,4668.9,4673.32,4667.67,4670.82,,,,53.58433911787206,,,,,,,,,,,,,,4669.150823822302,,,,,,,BOTH,,,,,21.52,pullback_weak_candle;momentum_volume_low
2026-04-03T14:24:29.035882+00:00,BTCUSD,viper,144388,M5,HOLD,HOLD,NONE,0,97.83263026571967,0,,,,,,,,,,,,,,,,22.0,22.0,66788.44,66844.7,66758.61,66821.49,,,,56.541959527710276,,,,,,,,,,,,,,66729.71157902753,,,,,,,SELL,,,,,14.97,pullback_weak_candle;momentum_volume_low
2026-04-03T14:24:29.500383+00:00,XAUUSD,viper,144388,M5,HOLD,HOLD,NONE,0,5.405325367263564,0,,,,,,,,,,,,,,,,0.34,0.34,4668.9,4673.32,4667.67,4670.82,,,,53.58433911787206,,,,,,,,,,,,,,4669.150823822302,,,,,,,BOTH,,,,,21.52,pullback_weak_candle;momentum_volume_low
2026-04-03T14:24:40.022919+00:00,BTCUSD,viper,144388,M5,HOLD,HOLD,NONE,0,97.83263026571967,0,,,,,,,,,,,,,,,,22.0,22.0,66788.44,66844.7,66758.61,66806.7,,,,55.50403497072762,,,,,,,,,,,,,,66728.30300759895,,,,,,,SELL,,,,,14.97,pullback_weak_candle;momentum_volume_low
2026-04-03T14:24:40.561576+00:00,XAUUSD,viper,144388,M5,HOLD,HOLD,NONE,0,5.405325367263564,0,,,,,,,,,,,,,,,,0.34,0.34,4668.9,4673.32,4667.67,4670.82,,,,53.58433911787206,,,,,,,,,,,,,,4669.150823822302,,,,,,,BOTH,,,,,21.52,pullback_weak_candle;momentum_volume_low
2026-04-03T14:24:51.080724+00:00,BTCUSD,viper,144388,M5,HOLD,HOLD,NONE,0,97.83263026571967,0,,,,,,,,,,,,,,,,22.0,22.0,66788.44,66844.7,66758.61,66806.92,,,,55.51983713320578,,,,,,,,,,,,,,66728.3239599799,,,,,,,SELL,,,,,14.97,pullback_weak_candle;momentum_volume_low
2026-04-03T14:24:51.717743+00:00,XAUUSD,viper,144388,M5,HOLD,HOLD,NONE,0,5.405325367263564,0,,,,,,,,,,,,,,,,0.34,0.34,4668.9,4673.32,4667.67,4670.82,,,,53.58433911787206,,,,,,,,,,,,,,4669.150823822302,,,,,,,BOTH,,,,,21.52,pullback_weak_candle;momentum_volume_low
2026-04-03T14:25:02.253404+00:00,BTCUSD,viper,144388,M5,HOLD,HOLD,NONE,0,90.88458237180281,0,,,,,,,,,,,,,,,,22.0,22.0,66806.7,66807.06,66806.5,66806.8,,,,55.51204183006405,,,,,,,,,,,,,,66735.77460340993,,,,,,,SELL,,,,,15.28,pullback_not_near_ema;momentum_volume_low
2026-04-03T14:25:02.793770+00:00,XAUUSD,viper,144388,M5,HOLD,HOLD,NONE,0,5.405325367263564,0,,,,,,,,,,,,,,,,0.34,0.34,4668.9,4673.32,4667.67,4670.82,,,,53.58433911787206,,,,,,,,,,,,,,4669.150823822302,,,,,,,BOTH,,,,,21.52,pullback_weak_candle;momentum_volume_low
2026-04-03T14:25:13.196084+00:00,BTCUSD,viper,144388,M5,HOLD,HOLD,NONE,0,92.51315380037444,0,,,,,,,,,,,,,,,,22.0,22.0,66806.7,66829.86,66806.5,66829.09,,,,57.171906869015864,,,,,,,,,,,,,,66737.89746055278,,,,,,,SELL,,,,,15.28,pullback_not_near_ema;momentum_volume_low
2026-04-03T14:25:13.662977+00:00,XAUUSD,viper,144388,M5,HOLD,HOLD,NONE,0,5.405325367263564,0,,,,,,,,,,,,,,,,0.34,0.34,4668.9,4673.32,4667.67,4670.82,,,,53.58433911787206,,,,,,,,,,,,,,4669.150823822302,,,,,,,BOTH,,,,,21.52,pullback_weak_candle;momentum_volume_low
2026-04-03T14:25:24.058788+00:00,BTCUSD,viper,144388,M5,HOLD,HOLD,NONE,0,93.28601094323105,0,,,,,,,,,,,,,,,,22.0,22.0,66806.7,66840.68,66806.5,66831.84,,,,57.368146691423206,,,,,,,,,,,,,,66738.15936531468,,,,,,,SELL,,,,,15.28,pullback_not_near_ema;momentum_volume_low
2026-04-03T14:25:24.515830+00:00,XAUUSD,viper,144388,M5,HOLD,HOLD,NONE,0,5.405325367263564,0,,,,,,,,,,,,,,,,0.34,0.34,4668.9,4673.32,4667.67,4670.82,,,,53.58433911787206,,,,,,,,,,,,,,4669.150823822302,,,,,,,BOTH,,,,,21.52,pullback_weak_candle;momentum_volume_low
2026-04-03T14:25:35.106776+00:00,BTCUSD,viper,144388,M5,HOLD,HOLD,NONE,0,94.74458237180339,0,,,,,,,,,,,,,,,,22.0,22.0,66806.7,66861.1,66806.5,66860.86,,,,59.334446797936984,,,,,,,,,,,,,,66740.92317483849,,,,,,,SELL,,,,,15.46,pullback_h1_trend_filtered
2026-04-03T14:25:35.648815+00:00,XAUUSD,viper,144388,M5,HOLD,HOLD,NONE,0,5.405325367263564,0,,,,,,,,,,,,,,,,0.34,0.34,4668.9,4673.32,4667.67,4670.82,,,,53.58433911787206,,,,,,,,,,,,,,4669.150823822302,,,,,,,BOTH,,,,,21.52,pullback_weak_candle;momentum_volume_low
2026-04-03T14:25:46.146323+00:00,BTCUSD,viper,144388,M5,HOLD,HOLD,NONE,0,94.75743951466004,0,,,,,,,,,,,,,,,,22.0,22.0,66806.7,66861.28,66806.5,66860.88,,,,59.33573938872816,,,,,,,,,,,,,,66740.92507960039,,,,,,,SELL,,,,,15.46,pullback_h1_trend_filtered
2026-04-03T14:25:46.819123+00:00,XAUUSD,viper,144388,M5,HOLD,HOLD,NONE,0,5.405325367263564,0,,,,,,,,,,,,,,,,0.34,0.34,4668.9,4673.32,4667.67,4670.82,,,,53.58433911787206,,,,,,,,,,,,,,4669.150823822302,,,,,,,BOTH,,,,,21.52,pullback_weak_candle;momentum_volume_low
2026-04-03T14:25:57.296239+00:00,BTCUSD,viper,144388,M5,HOLD,HOLD,NONE,0,96.76172522894558,0,,,,,,,,,,,,,,,,22.0,22.0,66806.7,66889.34,66806.5,66885.9,,,,60.89088021912177,,,,,,,,,,,,,,66743.30793674325,,,,,,,BOTH,,,,,15.75,pullback_structure_not_confirmed;momentum_volume_low
2026-04-03T14:25:57.959028+00:00,XAUUSD,viper,144388,M5,HOLD,HOLD,NONE,0,5.405325367263564,0,,,,,,,,,,,,,,,,0.34,0.34,4668.9,4673.32,4667.67,4670.82,,,,53.58433911787206,,,,,,,,,,,,,,4669.150823822302,,,,,,,BOTH,,,,,21.52,pullback_weak_candle;momentum_volume_low
2026-04-03T14:26:08.398417+00:00,BTCUSD,viper,144388,M5,HOLD,HOLD,NONE,0,96.76172522894558,0,,,,,,,,,,,,,,,,22.0,22.0,66806.7,66889.34,66806.5,66876.08,,,,60.29490630423863,,,,,,,,,,,,,,66742.37269864802,,,,,,,BOTH,,,,,15.75,pullback_structure_not_confirmed;momentum_volume_low
2026-04-03T14:26:08.925578+00:00,XAUUSD,viper,144388,M5,HOLD,HOLD,NONE,0,5.405325367263564,0,,,,,,,,,,,,,,,,0.34,0.34,4668.9,4673.32,4667.67,4670.82,,,,53.58433911787206,,,,,,,,,,,,,,4669.150823822302,,,,,,,BOTH,,,,,21.52,pullback_weak_candle;momentum_volume_low
2026-04-03T14:26:19.468341+00:00,BTCUSD,viper,144388,M5,HOLD,HOLD,NONE,0,97.8567252289457,0,,,,,,,,,,,,,,,,22.0,22.0,66806.7,66904.67,66806.5,66904.64,,,,61.97994049546658,,,,,,,,,,,,,,66745.09269864802,,,,,,,BOTH,,,,,15.89,pullback_structure_not_confirmed;momentum_volume_low
2026-04-03T14:26:20.083901+00:00,XAUUSD,viper,144388,M5,HOLD,HOLD,NONE,0,5.405325367263564,0,,,,,,,,,,,,,,,,0.34,0.34,4668.9,4673.32,4667.67,4670.82,,,,53.58433911787206,,,,,,,,,,,,,,4669.150823822302,,,,,,,BOTH,,,,,21.52,pullback_weak_candle;momentum_volume_low
2026-04-03T14:26:30.604798+00:00,BTCUSD,viper,144388,M5,HOLD,HOLD,NONE,0,97.8760109432317,0,,,,,,,,,,,,,,,,22.0,22.0,66806.7,66904.94,66806.5,66892.18,,,,61.26272208166931,,,,,,,,,,,,,,66743.90603198134,,,,,,,BOTH,,,,,15.89,pullback_structure_not_confirmed;momentum_volume_low
2026-04-03T14:26:31.118206+00:00,XAUUSD,viper,144388,M5,HOLD,HOLD,NONE,0,5.405325367263564,0,,,,,,,,,,,,,,,,0.34,0.34,4668.9,4673.32,4667.67,4670.82,,,,53.58433911787206,,,,,,,,,,,,,,4669.150823822302,,,,,,,BOTH,,,,,21.52,pullback_weak_candle;momentum_volume_low
2026-04-03T14:26:41.639377+00:00,BTCUSD,viper,144388,M5,HOLD,HOLD,NONE,0,97.8760109432317,0,,,,,,,,,,,,,,,,22.0,22.0,66806.7,66904.94,66806.5,66898.5,,,,61.62986152185189,,,,,,,,,,,,,,66744.50793674325,,,,,,,BOTH,,,,,15.89,pullback_structure_not_confirmed;momentum_volume_low
2026-04-03T14:26:42.303665+00:00,XAUUSD,viper,144388,M5,HOLD,HOLD,NONE,0,5.405325367263564,0,,,,,,,,,,,,,,,,0.34,0.34,4668.9,4673.32,4667.67,4670.82,,,,53.58433911787206,,,,,,,,,,,,,,4669.150823822302,,,,,,,BOTH,,,,,21.52,pullback_weak_candle;momentum_volume_low
2026-04-03T14:26:52.745011+00:00,BTCUSD,viper,144388,M5,HOLD,HOLD,NONE,0,97.8760109432317,0,,,,,,,,,,,,,,,,22.0,22.0,66806.7,66904.94,66806.5,66898.34,,,,61.620652734794334,,,,,,,,,,,,,,66744.49269864801,,,,,,,BOTH,,,,,15.89,pullback_structure_not_confirmed;momentum_volume_low
2026-04-03T14:26:53.341528+00:00,XAUUSD,viper,144388,M5,HOLD,HOLD,NONE,0,5.405325367263564,0,,,,,,,,,,,,,,,,0.34,0.34,4668.9,4673.32,4667.67,4670.82,,,,53.58433911787206,,,,,,,,,,,,,,4669.150823822302,,,,,,,BOTH,,,,,21.52,pullback_weak_candle;momentum_volume_low
2026-04-03T14:27:03.790648+00:00,BTCUSD,viper,144388,M5,HOLD,HOLD,NONE,0,97.87815380037448,0,,,,,,,,,,,,,,,,22.0,22.0,66806.7,66904.97,66806.5,66904.62,,,,61.97881054349492,,,,,,,,,,,,,,66745.0907938861,,,,,,,BOTH,,,,,15.9,pullback_structure_not_confirmed;momentum_volume_low
2026-04-03T14:27:04.259480+00:00,XAUUSD,viper,144388,M5,HOLD,HOLD,NONE,0,5.405325367263564,0,,,,,,,,,,,,,,,,0.34,0.34,4668.9,4673.32,4667.67,4670.82,,,,53.58433911787206,,,,,,,,,,,,,,4669.150823822302,,,,,,,BOTH,,,,,21.52,pullback_weak_candle;momentum_volume_low
2026-04-03T14:27:14.853187+00:00,BTCUSD,viper,144388,M5,HOLD,HOLD,NONE,0,97.8931538003739,0,,,,,,,,,,,,,,,,22.0,22.0,66806.7,66905.18,66806.5,66904.84,,,,61.991236322362695,,,,,,,,,,,,,,66745.11174626707,,,,,,,BOTH,,,,,15.9,pullback_structure_not_confirmed;momentum_volume_low
2026-04-03T14:27:15.401870+00:00,XAUUSD,viper,144388,M5,HOLD,HOLD,NONE,0,5.405325367263564,0,,,,,,,,,,,,,,,,0.34,0.34,4668.9,4673.32,4667.67,4670.82,,,,53.58433911787206,,,,,,,,,,,,,,4669.150823822302,,,,,,,BOTH,,,,,21.52,pullback_weak_candle;momentum_volume_low
2026-04-03T14:27:25.892707+00:00,BTCUSD,viper,144388,M5,HOLD,HOLD,NONE,0,97.90172522894603,0,,,,,,,,,,,,,,,,22.0,22.0,66806.7,66905.3,66806.5,66904.4,,,,61.966376637529166,,,,,,,,,,,,,,66745.06984150516,,,,,,,BOTH,,,,,15.9,pullback_structure_not_confirmed;momentum_volume_low
2026-04-03T14:27:26.467681+00:00,XAUUSD,viper,144388,M5,HOLD,HOLD,NONE,0,5.405325367263564,0,,,,,,,,,,,,,,,,0.34,0.34,4668.9,4673.32,4667.67,4670.82,,,,53.58433911787206,,,,,,,,,,,,,,4669.150823822302,,,,,,,BOTH,,,,,21.52,pullback_weak_candle;momentum_volume_low
2026-04-03T14:27:36.949882+00:00,BTCUSD,viper,144388,M5,HOLD,HOLD,NONE,0,97.98386808608848,0,,,,,,,,,,,,,,,,22.0,22.0,66806.7,66906.45,66806.5,66906.45,,,,62.081923818501934,,,,,,,,,,,,,,66745.26507960039,,,,,,,BOTH,,,,,15.91,pullback_structure_not_confirmed;momentum_volume_low
2026-04-03T14:27:37.601408+00:00,XAUUSD,viper,144388,M5,HOLD,HOLD,NONE,0,5.405325367263564,0,,,,,,,,,,,,,,,,0.34,0.34,4668.9,4673.32,4667.67,4670.82,,,,53.58433911787206,,,,,,,,,,,,,,4669.150823822302,,,,,,,BOTH,,,,,21.52,pullback_weak_candle;momentum_volume_low
2026-04-03T14:27:48.239679+00:00,BTCUSD,viper,144388,M5,HOLD,HOLD,NONE,0,100.52601094323109,0,,,,,,,,,,,,,,,,22.0,22.0,66806.7,66942.04,66806.5,66940.7,,,,63.91357281998226,,,,,,,,,,,,,,66748.5269843623,,,,,,,BOTH,,,,,16.21,pullback_structure_not_confirmed;momentum_volume_low
2026-04-03T14:27:48.769704+00:00,XAUUSD,viper,144388,M5,HOLD,HOLD,NONE,0,5.405325367263564,0,,,,,,,,,,,,,,,,0.34,0.34,4668.9,4673.32,4667.67,4670.82,,,,53.58433911787206,,,,,,,,,,,,,,4669.150823822302,,,,,,,BOTH,,,,,21.52,pullback_weak_candle;momentum_volume_low
2026-04-03T14:27:59.218695+00:00,BTCUSD,viper,144388,M5,HOLD,HOLD,NONE,0,101.05743951465982,0,,,,,,,,,,,,,,,,22.0,22.0,66806.7,66949.48,66806.5,66949.06,,,,64.33410074365277,,,,,,,,,,,,,,66749.32317483849,,,,,,,BOTH,,,,,16.27,pullback_structure_not_confirmed;momentum_volume_low
2026-04-03T14:27:59.732500+00:00,XAUUSD,viper,144388,M5,HOLD,HOLD,NONE,0,5.405325367263564,0,,,,,,,,,,,,,,,,0.34,0.34,4668.9,4673.32,4667.67,4670.82,,,,53.58433911787206,,,,,,,,,,,,,,4669.150823822302,,,,,,,BOTH,,,,,21.52,pullback_weak_candle;momentum_volume_low
2026-04-03T14:28:10.176800+00:00,BTCUSD,viper,144388,M5,HOLD,HOLD,NONE,0,103.23958237180288,0,,,,,,,,,,,,,,,,22.0,22.0,66806.7,66980.03,66806.5,66965.36,,,,65.12647102295735,,,,,,,,,,,,,,66750.87555579087,,,,,,,BOTH,,,,,16.5,pullback_structure_not_confirmed;momentum_volume_low
2026-04-03T14:28:10.713981+00:00,XAUUSD,viper,144388,M5,HOLD,HOLD,NONE,0,5.405325367263564,0,,,,,,,,,,,,,,,,0.34,0.34,4668.9,4673.32,4667.67,4670.82,,,,53.58433911787206,,,,,,,,,,,,,,4669.150823822302,,,,,,,BOTH,,,,,21.52,pullback_weak_candle;momentum_volume_low
2026-04-03T14:28:21.140088+00:00,BTCUSD,viper,144388,M5,HOLD,HOLD,NONE,0,103.23958237180288,0,,,,,,,,,,,,,,,,22.0,22.0,66806.7,66980.03,66806.5,66957.16,,,,64.732305791454,,,,,,,,,,,,,,66750.09460340992,,,,,,,BOTH,,,,,16.5,pullback_structure_not_confirmed;momentum_volume_low
2026-04-03T14:28:21.666508+00:00,XAUUSD,viper,144388,M5,HOLD,HOLD,NONE,0,5.405325367263564,0,,,,,,,,,,,,,,,,0.34,0.34,4668.9,4673.32,4667.67,4670.82,,,,53.58433911787206,,,,,,,,,,,,,,4669.150823822302,,,,,,,BOTH,,,,,21.52,pullback_weak_candle;momentum_volume_low
2026-04-03T14:28:32.077204+00:00,BTCUSD,viper,144388,M5,HOLD,HOLD,NONE,0,103.23958237180288,0,,,,,,,,,,,,,,,,22.0,22.0,66806.7,66980.03,66806.5,66956.06,,,,64.678751127375,,,,,,,,,,,,,,66749.98984150516,,,,,,,BOTH,,,,,16.5,pullback_structure_not_confirmed;momentum_volume_low
2026-04-03T14:28:32.561735+00:00,XAUUSD,viper,144388,M5,HOLD,HOLD,NONE,0,5.405325367263564,0,,,,,,,,,,,,,,,,0.34,0.34,4668.9,4673.32,4667.67,4670.82,,,,53.58433911787206,,,,,,,,,,,,,,4669.150823822302,,,,,,,BOTH,,,,,21.52,pullback_weak_candle;momentum_volume_low
2026-04-03T14:28:43.141154+00:00,BTCUSD,viper,144388,M5,HOLD,HOLD,NONE,0,103.23958237180288,0,,,,,,,,,,,,,,,,22.0,22.0,66806.7,66980.03,66806.5,66935.11,,,,63.626806180090384,,,,,,,,,,,,,,66747.99460340991,,,,,,,BOTH,,,,,16.5,pullback_structure_not_confirmed;momentum_volume_low
2026-04-03T14:28:43.716357+00:00,XAUUSD,viper,144388,M5,HOLD,HOLD,NONE,0,5.405325367263564,0,,,,,,,,,,,,,,,,0.34,0.34,4668.9,4673.32,4667.67,4670.82,,,,53.58433911787206,,,,,,,,,,,,,,4669.150823822302,,,,,,,BOTH,,,,,21.52,pullback_weak_candle;momentum_volume_low
2026-04-03T14:28:54.321721+00:00,BTCUSD,viper,144388,M5,HOLD,HOLD,NONE,0,103.23958237180288,0,,,,,,,,,,,,,,,,22.0,22.0,66806.7,66980.03,66806.5,66938.42,,,,63.79715675652894,,,,,,,,,,,,,,66748.30984150515,,,,,,,BOTH,,,,,16.5,pullback_structure_not_confirmed;momentum_volume_low
2026-04-03T14:28:54.874867+00:00,XAUUSD,viper,144388,M5,HOLD,HOLD,NONE,0,5.405325367263564,0,,,,,,,,,,,,,,,,0.34,0.34,4668.9,4673.32,4667.67,4670.82,,,,53.58433911787206,,,,,,,,,,,,,,4669.150823822302,,,,,,,BOTH,,,,,21.52,pullback_weak_candle;momentum_volume_low
2026-04-03T14:29:05.386449+00:00,BTCUSD,viper,144388,M5,HOLD,HOLD,NONE,0,103.23958237180288,0,,,,,,,,,,,,,,,,22.0,22.0,66806.7,66980.03,66806.5,66925.4,,,,63.11769787127753,,,,,,,,,,,,,,66747.06984150516,,,,,,,BOTH,,,,,16.5,pullback_structure_not_confirmed;momentum_volume_low
2026-04-03T14:29:05.953144+00:00,XAUUSD,viper,144388,M5,HOLD,HOLD,NONE,0,5.405325367263564,0,,,,,,,,,,,,,,,,0.34,0.34,4668.9,4673.32,4667.67,4670.82,,,,53.58433911787206,,,,,,,,,,,,,,4669.150823822302,,,,,,,BOTH,,,,,21.52,pullback_weak_candle;momentum_volume_low
2026-04-03T14:29:16.398746+00:00,BTCUSD,viper,144388,M5,HOLD,HOLD,NONE,0,103.23958237180288,0,,,,,,,,,,,,,,,,22.0,22.0,66806.7,66980.03,66806.5,66920.62,,,,62.8618049883355,,,,,,,,,,,,,,66746.61460340992,,,,,,,BOTH,,,,,16.5,pullback_structure_not_confirmed;momentum_volume_low
2026-04-03T14:29:16.935243+00:00,XAUUSD,viper,144388,M5,HOLD,HOLD,NONE,0,5.405325367263564,0,,,,,,,,,,,,,,,,0.34,0.34,4668.9,4673.32,4667.67,4670.82,,,,53.58433911787206,,,,,,,,,,,,,,4669.150823822302,,,,,,,BOTH,,,,,21.52,pullback_weak_candle;momentum_volume_low
2026-04-03T14:29:27.483462+00:00,BTCUSD,viper,144388,M5,HOLD,HOLD,NONE,0,103.23958237180288,0,,,,,,,,,,,,,,,,22.0,22.0,66806.7,66980.03,66806.5,66921.31,,,,62.89896256939103,,,,,,,,,,,,,,66746.68031769563,,,,,,,BOTH,,,,,16.5,pullback_structure_not_confirmed;momentum_volume_low
2026-04-03T14:29:28.083771+00:00,XAUUSD,viper,144388,M5,HOLD,HOLD,NONE,0,5.405325367263564,0,,,,,,,,,,,,,,,,0.34,0.34,4668.9,4673.32,4667.67,4670.82,,,,53.58433911787206,,,,,,,,,,,,,,4669.150823822302,,,,,,,BOTH,,,,,21.52,pullback_weak_candle;momentum_volume_low
2026-04-03T14:29:38.569004+00:00,BTCUSD,viper,144388,M5,HOLD,HOLD,NONE,0,103.23958237180288,0,,,,,,,,,,,,,,,,22.0,22.0,66806.7,66980.03,66806.5,66921.19,,,,62.892505723427,,,,,,,,,,,,,,66746.66888912421,,,,,,,BOTH,,,,,16.5,pullback_structure_not_confirmed;momentum_volume_low
2026-04-03T14:29:39.144799+00:00,XAUUSD,viper,144388,M5,HOLD,HOLD,NONE,0,5.405325367263564,0,,,,,,,,,,,,,,,,0.34,0.34,4668.9,4673.32,4667.67,4670.82,,,,53.58433911787206,,,,,,,,,,,,,,4669.150823822302,,,,,,,BOTH,,,,,21.52,pullback_weak_candle;momentum_volume_low
2026-04-03T14:29:49.697320+00:00,BTCUSD,viper,144388,M5,HOLD,HOLD,NONE,0,103.23958237180288,0,,,,,,,,,,,,,,,,22.0,22.0,66806.7,66980.03,66806.5,66905.33,,,,62.01888275221623,,,,,,,,,,,,,,66745.15841293373,,,,,,,BOTH,,,,,16.5,pullback_structure_not_confirmed;momentum_volume_low
2026-04-03T14:29:50.149276+00:00,XAUUSD,viper,144388,M5,HOLD,HOLD,NONE,0,5.405325367263564,0,,,,,,,,,,,,,,,,0.34,0.34,4668.9,4673.32,4667.67,4670.82,,,,53.58433911787206,,,,,,,,,,,,,,4669.150823822302,,,,,,,BOTH,,,,,21.52,pullback_weak_candle;momentum_volume_low
2026-04-03T14:30:00.625595+00:00,BTCUSD,viper,144388,M5,HOLD,HOLD,NONE,0,95.89532726176519,0,,,,,,,,,,,,,,,,22.0,22.0,66905.3,66905.32,66905.3,66905.32,,,,62.02013698450096,,,,,,,,,,,,,,66760.3748453696,,,,,,,BOTH,,,,,17.92,pullback_not_near_ema;momentum_volume_low
2026-04-03T14:30:01.139768+00:00,XAUUSD,viper,144388,M5,HOLD,HOLD,NONE,0,5.405325367263564,0,,,,,,,,,,,,,,,,0.34,0.34,4668.9,4673.32,4667.67,4670.82,,,,53.58433911787206,,,,,,,,,,,,,,4669.150823822302,,,,,,,BOTH,,,,,21.52,pullback_weak_candle;momentum_volume_low
2026-04-03T14:30:11.704820+00:00,BTCUSD,viper,144388,M5,HOLD,HOLD,NONE,0,95.93175583319339,0,,,,,,,,,,,,,,,,22.0,22.0,66905.3,66905.32,66904.39,66904.79,,,,61.98371366653218,,,,,,,,,,,,,,66760.32436917913,,,,,,,BOTH,,,,,17.92,pullback_not_near_ema;momentum_volume_low
2026-04-03T14:30:12.200381+00:00,XAUUSD,viper,144388,M5,HOLD,HOLD,NONE,0,5.405325367263564,0,,,,,,,,,,,,,,,,0.34,0.34,4668.9,4673.32,4667.67,4670.82,,,,53.58433911787206,,,,,,,,,,,,,,4669.150823822302,,,,,,,BOTH,,,,,21.52,pullback_weak_candle;momentum_volume_low
2026-04-03T14:30:22.692558+00:00,BTCUSD,viper,144388,M5,HOLD,HOLD,NONE,0,96.83675583319327,0,,,,,,,,,,,,,,,,22.0,22.0,66905.3,66905.32,66891.72,66899.29,,,,61.443231275574355,,,,,,,,,,,,,,66759.80055965531,,,,,,,BOTH,,,,,17.92,pullback_not_near_ema;momentum_volume_low
2026-04-03T14:30:23.211722+00:00,XAUUSD,viper,144388,M5,HOLD,HOLD,NONE,0,5.405325367263564,0,,,,,,,,,,,,,,,,0.34,0.34,4668.9,4673.32,4667.67,4670.82,,,,53.58433911787206,,,,,,,,,,,,,,4669.150823822302,,,,,,,BOTH,,,,,21.52,pullback_weak_candle;momentum_volume_low
