timestamp,symbol,bot,account,timeframe,signal,signal_type,trigger,confidence,atr,executed,entry_price,sl_price,sl,tp_price,tp,volume_lots,ticket,exit_price,exit_reason,profit,pnl,outcome,duration_minutes,account_balance,account_equity,spread,spread_points,bar_open,bar_high,bar_low,bar_close,ema_fast,ema_slow,ema_separation,rsi,n_bar_high,n_bar_low,conditions_met,ema_50,nearest_sr_level,sr_distance_atr,pattern_type,pin_wick_size,pin_body_ratio,engulf_size_atr,inside_bar_vol_ratio,pattern_detected,sr_nearby,ema_20,momentum_fast_ema,momentum_slow_ema,breakout_high,breakout_low,pullback_distance_atr,volume_ratio,h1_trend,bb_upper,bb_lower,bb_mid,price_position_in_bb,adx,hold_reason
2026-03-10T00:01:30.754622+00:00,BTCUSD,anaconda,24480388,H4,HOLD,HOLD,NONE,0,1080.5826247320363,0,,,,,,,,,,,,,,,,16.98,16.98,68942.23,69090.52,68369.52,68417.95,68260.54486823687,70779.3942104852,2518.84934224833,53.720606476470046,71179.61,65610.47,3,,,,,,,,,,,,,,,,,,,,,,,,"price_mixed_ema,no_breakout"
2026-03-10T00:06:31.109629+00:00,BTCUSD,anaconda,24480388,H4,HOLD,HOLD,NONE,0,1080.5826247320363,0,,,,,,,,,,,,,,,,16.97,16.97,68942.23,69090.52,68369.52,68432.06,68260.54486823687,70779.3942104852,2518.84934224833,53.89085873520708,71179.61,65610.47,3,,,,,,,,,,,,,,,,,,,,,,,,"price_mixed_ema,no_breakout"
2026-03-10T00:11:31.457012+00:00,BTCUSD,anaconda,24480388,H4,HOLD,HOLD,NONE,0,1080.5826247320363,0,,,,,,,,,,,,,,,,17.12,17.12,68942.23,69090.52,68369.52,68427.04,68260.54486823687,70779.3942104852,2518.84934224833,53.830163530851834,71179.61,65610.47,3,,,,,,,,,,,,,,,,,,,,,,,,"price_mixed_ema,no_breakout"
2026-03-10T00:11:31.457393+00:00,USDJPY.s,anaconda,24480388,H4,OUTSIDE_HOURS,OUTSIDE_HOURS,NONE,0,0.5032530638953897,0,,,,,,,,,,,,,,,,0.033,0.033,157.626,157.945,157.614,157.901,,,,,,,,,,,,,,,,,,,,,,,,,,,,,,,
2026-03-10T00:11:31.457900+00:00,EURUSD.s,anaconda,24480388,H4,OUTSIDE_HOURS,OUTSIDE_HOURS,NONE,0,0.0043507948432668355,0,,,,,,,,,,,,,,,,0.00019,0.00019,1.16314,1.16446,1.1610800000000001,1.16136,,,,,,,,,,,,,,,,,,,,,,,,,,,,,,,
2026-03-10T00:11:31.458404+00:00,XAUUSD.s,anaconda,24480388,H4,OUTSIDE_HOURS,OUTSIDE_HOURS,NONE,0,66.20632907494894,0,,,,,,,,,,,,,,,,0.34,0.34,5139.99,5155.96,5117.7,5138.16,,,,,,,,,,,,,,,,,,,,,,,,,,,,,,,
2026-03-10T00:11:31.458800+00:00,USOUSD.s,anaconda,24480388,H4,OUTSIDE_HOURS,OUTSIDE_HOURS,NONE,0,6.401753149418708,0,,,,,,,,,,,,,,,,0.099,0.099,85.694,90.209,85.043,88.233,,,,,,,,,,,,,,,,,,,,,,,,,,,,,,,
2026-03-10T00:16:31.796552+00:00,BTCUSD,anaconda,24480388,H4,HOLD,HOLD,NONE,0,1080.5826247320363,0,,,,,,,,,,,,,,,,16.98,16.98,68942.23,69090.52,68369.52,68500.27,68260.54486823687,70779.3942104852,2518.84934224833,54.72933972353732,71179.61,65610.47,3,,,,,,,,,,,,,,,,,,,,,,,,"price_mixed_ema,no_breakout"
2026-03-10T00:21:32.160027+00:00,BTCUSD,anaconda,24480388,H4,HOLD,HOLD,NONE,0,1080.5826247320363,0,,,,,,,,,,,,,,,,16.99,16.99,68942.23,69090.52,68369.52,68640.06,68260.54486823687,70779.3942104852,2518.84934224833,56.5319426892109,71179.61,65610.47,3,,,,,,,,,,,,,,,,,,,,,,,,"price_mixed_ema,no_breakout"
2026-03-10T00:26:32.484926+00:00,BTCUSD,anaconda,24480388,H4,HOLD,HOLD,NONE,0,1080.5826247320363,0,,,,,,,,,,,,,,,,16.95,16.95,68942.23,69090.52,68369.52,68716.96,68260.54486823687,70779.3942104852,2518.84934224833,57.57513670060727,71179.61,65610.47,3,,,,,,,,,,,,,,,,,,,,,,,,"price_mixed_ema,no_breakout"
2026-03-10T00:31:32.823046+00:00,BTCUSD,anaconda,24480388,H4,HOLD,HOLD,NONE,0,1080.5826247320363,0,,,,,,,,,,,,,,,,17.07,17.07,68942.23,69090.52,68369.52,68916.14,68260.54486823687,70779.3942104852,2518.84934224833,60.46512104505928,71179.61,65610.47,3,,,,,,,,,,,,,,,,,,,,,,,,"price_mixed_ema,no_breakout"
2026-03-10T00:36:33.184100+00:00,BTCUSD,anaconda,24480388,H4,HOLD,HOLD,NONE,0,1088.21833901775,0,,,,,,,,,,,,,,,,16.97,16.97,68942.23,69197.42,68369.52,69092.6,68260.54486823687,70779.3942104852,2518.84934224833,62.30674540703168,71179.61,65610.47,3,,,,,,,,,,,,,,,,,,,,,,,,"price_mixed_ema,no_breakout"
2026-03-10T00:41:33.543101+00:00,BTCUSD,anaconda,24480388,H4,HOLD,HOLD,NONE,0,1088.21833901775,0,,,,,,,,,,,,,,,,17.0,17.0,68942.23,69197.42,68369.52,69144.36,68260.54486823687,70779.3942104852,2518.84934224833,62.777660458198014,71179.61,65610.47,3,,,,,,,,,,,,,,,,,,,,,,,,"price_mixed_ema,no_breakout"
2026-03-10T00:46:33.901917+00:00,BTCUSD,anaconda,24480388,H4,HOLD,HOLD,NONE,0,1094.0004818748928,0,,,,,,,,,,,,,,,,17.1,17.1,68942.23,69278.37,68369.52,69271.21,68260.54486823687,70779.3942104852,2518.84934224833,63.883472030577224,71179.61,65610.47,3,,,,,,,,,,,,,,,,,,,,,,,,"price_mixed_ema,no_breakout"
2026-03-10T00:51:34.246077+00:00,BTCUSD,anaconda,24480388,H4,HOLD,HOLD,NONE,0,1094.2747675891792,0,,,,,,,,,,,,,,,,17.02,17.02,68942.23,69282.21,68369.52,69173.83,68260.54486823687,70779.3942104852,2518.84934224833,63.040560213255496,71179.61,65610.47,3,,,,,,,,,,,,,,,,,,,,,,,,"price_mixed_ema,no_breakout"
2026-03-10T00:56:34.629356+00:00,BTCUSD,anaconda,24480388,H4,HOLD,HOLD,NONE,0,1094.2747675891792,0,,,,,,,,,,,,,,,,16.97,16.97,68942.23,69282.21,68369.52,69076.33,68260.54486823687,70779.3942104852,2518.84934224833,62.15624891828733,71179.61,65610.47,3,,,,,,,,,,,,,,,,,,,,,,,,"price_mixed_ema,no_breakout"
2026-03-10T01:01:34.968296+00:00,BTCUSD,anaconda,24480388,H4,HOLD,HOLD,NONE,0,1024.572998504262,0,,,,,,,,,,,,,,,,17.1,17.1,69148.77,69203.69,69085.24,69192.01,68295.40872313756,70767.24410119916,2471.8353780616017,63.242270163515535,70793.7,65610.47,3,,,,,,,,,,,,,,,,,,,,,,,,"price_mixed_ema,no_breakout"
2026-03-10T01:01:34.968668+00:00,USDJPY.s,anaconda,24480388,H4,OUTSIDE_HOURS,OUTSIDE_HOURS,NONE,0,0.4756533885436136,0,,,,,,,,,,,,,,,,0.024,0.024,157.582,157.619,157.556,157.57,,,,,,,,,,,,,,,,,,,,,,,,,,,,,,,
2026-03-10T01:01:34.969203+00:00,EURUSD.s,anaconda,24480388,H4,OUTSIDE_HOURS,OUTSIDE_HOURS,NONE,0,0.0040743095706313685,0,,,,,,,,,,,,,,,,0.00019,0.00019,1.16254,1.1627,1.16222,1.1626,,,,,,,,,,,,,,,,,,,,,,,,,,,,,,,
2026-03-10T01:01:34.969688+00:00,XAUUSD.s,anaconda,24480388,H4,OUTSIDE_HOURS,OUTSIDE_HOURS,NONE,0,62.7251616453722,0,,,,,,,,,,,,,,,,0.37,0.37,5130.98,5142.07,5124.6,5139.26,,,,,,,,,,,,,,,,,,,,,,,,,,,,,,,
2026-03-10T01:01:34.970119+00:00,USOUSD.s,anaconda,24480388,H4,OUTSIDE_HOURS,OUTSIDE_HOURS,NONE,0,5.9941993700471095,0,,,,,,,,,,,,,,,,0.079,0.079,86.769,86.829,86.133,86.769,,,,,,,,,,,,,,,,,,,,,,,,,,,,,,,
2026-03-10T01:06:35.305647+00:00,BTCUSD,anaconda,24480388,H4,HOLD,HOLD,NONE,0,1029.6322842185477,0,,,,,,,,,,,,,,,,17.11,17.11,69148.77,69245.95,69056.67,69180.34,68295.40872313756,70767.24410119916,2471.8353780616017,63.12831052444742,70793.7,65610.47,3,,,,,,,,,,,,,,,,,,,,,,,,"price_mixed_ema,no_breakout"
2026-03-10T01:11:35.636674+00:00,BTCUSD,anaconda,24480388,H4,HOLD,HOLD,NONE,0,1029.6322842185477,0,,,,,,,,,,,,,,,,16.95,16.95,69148.77,69245.95,69056.67,69162.67,68295.40872313756,70767.24410119916,2471.8353780616017,62.954408510951716,70793.7,65610.47,3,,,,,,,,,,,,,,,,,,,,,,,,"price_mixed_ema,no_breakout"
2026-03-10T01:16:35.977169+00:00,BTCUSD,anaconda,24480388,H4,HOLD,HOLD,NONE,0,1030.064427075691,0,,,,,,,,,,,,,,,,17.06,17.06,69148.77,69245.95,69050.62,69060.0,68295.40872313756,70767.24410119916,2471.8353780616017,61.35253691010241,70793.7,65610.47,3,,,,,,,,,,,,,,,,,,,,,,,,"price_mixed_ema,no_breakout"
2026-03-10T01:21:36.473806+00:00,BTCUSD,anaconda,24480388,H4,HOLD,HOLD,NONE,0,1044.947998504262,0,,,,,,,,,,,,,,,,17.11,17.11,69148.77,69245.95,68842.25,68915.13,68295.40872313756,70767.24410119916,2471.8353780616017,59.112476445286795,70793.7,65610.47,3,,,,,,,,,,,,,,,,,,,,,,,,"price_mixed_ema,no_breakout"
2026-03-10T01:26:37.268119+00:00,BTCUSD,anaconda,24480388,H4,HOLD,HOLD,NONE,0,1044.947998504262,0,,,,,,,,,,,,,,,,17.05,17.05,69148.77,69245.95,68842.25,69026.3,68295.40872313756,70767.24410119916,2471.8353780616017,60.81642810844388,70793.7,65610.47,3,,,,,,,,,,,,,,,,,,,,,,,,"price_mixed_ema,no_breakout"
2026-03-10T01:31:37.595714+00:00,BTCUSD,anaconda,24480388,H4,HOLD,HOLD,NONE,0,1044.947998504262,0,,,,,,,,,,,,,,,,16.95,16.95,69148.77,69245.95,68842.25,68992.61,68295.40872313756,70767.24410119916,2471.8353780616017,60.28976233704908,70793.7,65610.47,3,,,,,,,,,,,,,,,,,,,,,,,,"price_mixed_ema,no_breakout"
2026-03-10T01:36:37.965175+00:00,BTCUSD,anaconda,24480388,H4,HOLD,HOLD,NONE,0,1044.947998504262,0,,,,,,,,,,,,,,,,17.01,17.01,69148.77,69245.95,68842.25,68998.04,68295.40872313756,70767.24410119916,2471.8353780616017,60.37403043133142,70793.7,65610.47,3,,,,,,,,,,,,,,,,,,,,,,,,"price_mixed_ema,no_breakout"
2026-03-10T01:41:38.975630+00:00,BTCUSD,anaconda,24480388,H4,HOLD,HOLD,NONE,0,1049.2294270756906,0,,,,,,,,,,,,,,,,16.95,16.95,69148.77,69245.95,68782.31,68900.54,68295.40872313756,70767.24410119916,2471.8353780616017,58.89591098576041,70793.7,65610.47,3,,,,,,,,,,,,,,,,,,,,,,,,"price_mixed_ema,no_breakout"
2026-03-10T01:46:39.728564+00:00,BTCUSD,anaconda,24480388,H4,HOLD,HOLD,NONE,0,1049.2294270756906,0,,,,,,,,,,,,,,,,17.07,17.07,69148.77,69245.95,68782.31,68995.46,68295.40872313756,70767.24410119916,2471.8353780616017,60.33396209384412,70793.7,65610.47,3,,,,,,,,,,,,,,,,,,,,,,,,"price_mixed_ema,no_breakout"
2026-03-10T01:51:40.075167+00:00,BTCUSD,anaconda,24480388,H4,HOLD,HOLD,NONE,0,1050.0579985042625,0,,,,,,,,,,,,,,,,16.95,16.95,69148.77,69257.55,68782.31,69165.54,68295.40872313756,70767.24410119916,2471.8353780616017,62.98276555054817,70793.7,65610.47,3,,,,,,,,,,,,,,,,,,,,,,,,"price_mixed_ema,no_breakout"
2026-03-10T01:51:40.075676+00:00,USDJPY.s,anaconda,24480388,H4,OUTSIDE_HOURS,OUTSIDE_HOURS,NONE,0,0.488439102829328,0,,,,,,,,,,,,,,,,0.024,0.024,157.582,157.765,157.523,157.657,,,,,,,,,,,,,,,,,,,,,,,,,,,,,,,
2026-03-10T01:51:40.076089+00:00,EURUSD.s,anaconda,24480388,H4,OUTSIDE_HOURS,OUTSIDE_HOURS,NONE,0,0.004167880999202791,0,,,,,,,,,,,,,,,,0.00019,0.00019,1.16254,1.16289,1.1611,1.1615,,,,,,,,,,,,,,,,,,,,,,,,,,,,,,,
2026-03-10T01:51:40.076597+00:00,XAUUSD.s,anaconda,24480388,H4,OUTSIDE_HOURS,OUTSIDE_HOURS,NONE,0,64.79730450251508,0,,,,,,,,,,,,,,,,0.37,0.37,5130.98,5171.08,5124.6,5167.65,,,,,,,,,,,,,,,,,,,,,,,,,,,,,,,
2026-03-10T01:51:40.077683+00:00,USOUSD.s,anaconda,24480388,H4,OUTSIDE_HOURS,OUTSIDE_HOURS,NONE,0,6.122699370047109,0,,,,,,,,,,,,,,,,0.079,0.079,86.769,86.999,84.504,84.994,,,,,,,,,,,,,,,,,,,,,,,,,,,,,,,
2026-03-10T01:56:40.414690+00:00,BTCUSD,anaconda,24480388,H4,HOLD,HOLD,NONE,0,1058.7365699328338,0,,,,,,,,,,,,,,,,17.1,17.1,69148.77,69379.05,68782.31,69374.69,68295.40872313756,70767.24410119916,2471.8353780616017,64.93858929585892,70793.7,65610.47,3,,,,,,,,,,,,,,,,,,,,,,,,"price_mixed_ema,no_breakout"
2026-03-10T02:01:40.794645+00:00,BTCUSD,anaconda,24480388,H4,HOLD,HOLD,NONE,0,1058.7365699328338,0,,,,,,,,,,,,,,,,17.05,17.05,69148.77,69379.05,68782.31,69296.39,68295.40872313756,70767.24410119916,2471.8353780616017,64.23107449042541,70793.7,65610.47,3,,,,,,,,,,,,,,,,,,,,,,,,"price_mixed_ema,no_breakout"
2026-03-10T02:06:41.159005+00:00,BTCUSD,anaconda,24480388,H4,HOLD,HOLD,NONE,0,1058.7365699328338,0,,,,,,,,,,,,,,,,17.06,17.06,69148.77,69379.05,68782.31,69146.4,68295.40872313756,70767.24410119916,2471.8353780616017,62.77119007765192,70793.7,65610.47,3,,,,,,,,,,,,,,,,,,,,,,,,"price_mixed_ema,no_breakout"
2026-03-10T02:11:41.891631+00:00,BTCUSD,anaconda,24480388,H4,HOLD,HOLD,NONE,0,1058.7365699328338,0,,,,,,,,,,,,,,,,17.11,17.11,69148.77,69379.05,68782.31,69168.62,68295.40872313756,70767.24410119916,2471.8353780616017,63.013149241569906,70793.7,65610.47,3,,,,,,,,,,,,,,,,,,,,,,,,"price_mixed_ema,no_breakout"
2026-03-10T02:16:42.336915+00:00,BTCUSD,anaconda,24480388,H4,HOLD,HOLD,NONE,0,1058.7365699328338,0,,,,,,,,,,,,,,,,17.06,17.06,69148.77,69379.05,68782.31,69198.73,68295.40872313756,70767.24410119916,2471.8353780616017,63.30757312573896,70793.7,65610.47,3,,,,,,,,,,,,,,,,,,,,,,,,"price_mixed_ema,no_breakout"
2026-03-10T02:17:50.275834+00:00,BTCUSD,anaconda,24480388,H4,HOLD,HOLD,NONE,0,1058.7365699328338,0,,,,,,,,,,,,,,,,16.98,16.98,69148.77,69379.05,68782.31,69201.0,68295.40872313756,70767.24410119916,2471.8353780616017,63.3295799142434,70793.7,65610.47,3,,,,,,,,,,,,,,,,,,,,,,,,"price_mixed_ema,no_breakout"
2026-03-10T02:17:50.288042+00:00,USDJPY.s,anaconda,24480388,H4,OUTSIDE_HOURS,OUTSIDE_HOURS,NONE,0,0.488439102829328,0,,,,,,,,,,,,,,,,0.024,0.024,157.582,157.765,157.523,157.631,,,,,,,,,,,,,,,,,,,,,,,,,,,,,,,
2026-03-10T02:17:50.288604+00:00,EURUSD.s,anaconda,24480388,H4,OUTSIDE_HOURS,OUTSIDE_HOURS,NONE,0,0.004167880999202791,0,,,,,,,,,,,,,,,,0.00019,0.00019,1.16254,1.16289,1.1611,1.1622,,,,,,,,,,,,,,,,,,,,,,,,,,,,,,,
2026-03-10T02:17:50.289128+00:00,XAUUSD.s,anaconda,24480388,H4,OUTSIDE_HOURS,OUTSIDE_HOURS,NONE,0,65.92659021680082,0,,,,,,,,,,,,,,,,0.34,0.34,5130.98,5186.89,5124.6,5176.31,,,,,,,,,,,,,,,,,,,,,,,,,,,,,,,
2026-03-10T02:17:50.289537+00:00,USOUSD.s,anaconda,24480388,H4,OUTSIDE_HOURS,OUTSIDE_HOURS,NONE,0,6.127699370047109,0,,,,,,,,,,,,,,,,0.079,0.079,86.769,86.999,84.434,85.309,,,,,,,,,,,,,,,,,,,,,,,,,,,,,,,
2026-03-10T02:22:50.650152+00:00,BTCUSD,anaconda,24480388,H4,HOLD,HOLD,NONE,0,1058.7365699328338,0,,,,,,,,,,,,,,,,16.99,16.99,69148.77,69379.05,68782.31,69174.46,68295.40872313756,70767.24410119916,2471.8353780616017,63.07062314203253,70793.7,65610.47,3,,,,,,,,,,,,,,,,,,,,,,,,"price_mixed_ema,no_breakout"
2026-03-10T02:27:51.374609+00:00,BTCUSD,anaconda,24480388,H4,HOLD,HOLD,NONE,0,1058.7365699328338,0,,,,,,,,,,,,,,,,17.05,17.05,69148.77,69379.05,68782.31,69194.27,68295.40872313756,70767.24410119916,2471.8353780616017,63.26425809756643,70793.7,65610.47,3,,,,,,,,,,,,,,,,,,,,,,,,"price_mixed_ema,no_breakout"
2026-03-10T02:32:51.704276+00:00,BTCUSD,anaconda,24480388,H4,HOLD,HOLD,NONE,0,1094.3779985042622,0,,,,,,,,,,,,,,,,17.04,17.04,69148.77,69878.03,68782.31,69852.51,68295.40872313756,70767.24410119916,2471.8353780616017,68.71491573376133,70793.7,65610.47,3,,,,,,,,,,,,,,,,,,,,,,,,"price_mixed_ema,no_breakout"
2026-03-10T02:37:52.050089+00:00,BTCUSD,anaconda,24480388,H4,HOLD,HOLD,NONE,0,1117.3451413614057,0,,,,,,,,,,,,,,,,17.05,17.05,69148.77,70199.57,68782.31,70062.98,68295.40872313756,70767.24410119916,2471.8353780616017,70.13192675399242,70793.7,65610.47,2,,,,,,,,,,,,,,,,,,,,,,,,"price_mixed_ema,no_breakout,rsi_out_of_zone"
2026-03-10T02:48:07.876272+00:00,BTCUSD,anaconda,24480388,H4,HOLD,HOLD,NONE,0,1136.3501413614051,0,,,,,,,,,,,,,,,,17.02,17.02,69148.77,70465.64,68782.31,70378.86,68295.40872313756,70767.24410119916,2471.8353780616017,72.03306090612645,70793.7,65610.47,2,,,,,,,,,,,,,,,,,,,,,,,,"price_mixed_ema,no_breakout,rsi_out_of_zone"
2026-03-10T02:48:07.887907+00:00,USDJPY.s,anaconda,24480388,H4,OUTSIDE_HOURS,OUTSIDE_HOURS,NONE,0,0.488439102829328,0,,,,,,,,,,,,,,,,0.024,0.024,157.582,157.765,157.523,157.702,,,,,,,,,,,,,,,,,,,,,,,,,,,,,,,
2026-03-10T02:48:07.888608+00:00,EURUSD.s,anaconda,24480388,H4,OUTSIDE_HOURS,OUTSIDE_HOURS,NONE,0,0.004167880999202791,0,,,,,,,,,,,,,,,,0.00018,0.00018,1.16254,1.16289,1.1611,1.16172,,,,,,,,,,,,,,,,,,,,,,,,,,,,,,,
2026-03-10T02:48:07.889054+00:00,XAUUSD.s,anaconda,24480388,H4,OUTSIDE_HOURS,OUTSIDE_HOURS,NONE,0,65.92659021680082,0,,,,,,,,,,,,,,,,0.34,0.34,5130.98,5186.89,5124.6,5182.0,,,,,,,,,,,,,,,,,,,,,,,,,,,,,,,
2026-03-10T02:48:07.889608+00:00,USOUSD.s,anaconda,24480388,H4,OUTSIDE_HOURS,OUTSIDE_HOURS,NONE,0,6.161627941475682,0,,,,,,,,,,,,,,,,0.079,0.079,86.769,87.474,84.434,87.364,,,,,,,,,,,,,,,,,,,,,,,,,,,,,,,
2026-03-10T02:53:08.342902+00:00,BTCUSD,anaconda,24480388,H4,HOLD,HOLD,NONE,0,1144.3079985042625,0,,,,,,,,,,,,,,,,16.95,16.95,69148.77,70577.05,68782.31,70353.12,68295.40872313756,70767.24410119916,2471.8353780616017,71.88724821436683,70793.7,65610.47,2,,,,,,,,,,,,,,,,,,,,,,,,"price_mixed_ema,no_breakout,rsi_out_of_zone"
2026-03-10T02:58:09.345569+00:00,BTCUSD,anaconda,24480388,H4,HOLD,HOLD,NONE,0,1144.3079985042625,0,,,,,,,,,,,,,,,,17.1,17.1,69148.77,70577.05,68782.31,70271.02,68295.40872313756,70767.24410119916,2471.8353780616017,71.41183495966746,70793.7,65610.47,2,,,,,,,,,,,,,,,,,,,,,,,,"price_mixed_ema,no_breakout,rsi_out_of_zone"
2026-03-10T03:03:09.739186+00:00,BTCUSD,anaconda,24480388,H4,HOLD,HOLD,NONE,0,1144.3079985042625,0,,,,,,,,,,,,,,,,16.96,16.96,69148.77,70577.05,68782.31,70198.75,68295.40872313756,70767.24410119916,2471.8353780616017,70.97983601334329,70793.7,65610.47,2,,,,,,,,,,,,,,,,,,,,,,,,"price_mixed_ema,no_breakout,rsi_out_of_zone"
2026-03-10T03:10:26.844850+00:00,USDJPY.s,anaconda,24480388,H4,OUTSIDE_HOURS,OUTSIDE_HOURS,NONE,0,0.4957962456864715,0,,,,,,,,,,,,,,,,0.024,0.024,157.582,157.868,157.523,157.834,,,,,,,,,,,,,,,,,,,,,,,,,,,,,,,
2026-03-10T03:10:26.859398+00:00,EURUSD.s,anaconda,24480388,H4,OUTSIDE_HOURS,OUTSIDE_HOURS,NONE,0,0.004180738142059939,0,,,,,,,,,,,,,,,,0.00018,0.00018,1.16254,1.16289,1.16092,1.16136,,,,,,,,,,,,,,,,,,,,,,,,,,,,,,,
2026-03-10T03:10:26.859959+00:00,XAUUSD.s,anaconda,24480388,H4,OUTSIDE_HOURS,OUTSIDE_HOURS,NONE,0,65.92659021680082,0,,,,,,,,,,,,,,,,0.33,0.33,5130.98,5186.89,5124.6,5171.79,,,,,,,,,,,,,,,,,,,,,,,,,,,,,,,
2026-03-10T03:10:26.860458+00:00,USOUSD.s,anaconda,24480388,H4,OUTSIDE_HOURS,OUTSIDE_HOURS,NONE,0,6.306270798618538,0,,,,,,,,,,,,,,,,0.079,0.079,86.769,89.499,84.434,88.679,,,,,,,,,,,,,,,,,,,,,,,,,,,,,,,
2026-03-10T03:21:41.330377+00:00,USDJPY.s,anaconda,24480388,H4,OUTSIDE_HOURS,OUTSIDE_HOURS,NONE,0,0.4964391028293297,0,,,,,,,,,,,,,,,,0.023,0.023,157.582,157.877,157.523,157.83,,,,,,,,,,,,,,,,,,,,,,,,,,,,,,,
2026-03-10T03:21:41.361722+00:00,EURUSD.s,anaconda,24480388,H4,OUTSIDE_HOURS,OUTSIDE_HOURS,NONE,0,0.004180738142059939,0,,,,,,,,,,,,,,,,0.00018,0.00018,1.16254,1.16289,1.16092,1.16139,,,,,,,,,,,,,,,,,,,,,,,,,,,,,,,
2026-03-10T03:21:41.373628+00:00,XAUUSD.s,anaconda,24480388,H4,OUTSIDE_HOURS,OUTSIDE_HOURS,NONE,0,65.92659021680082,0,,,,,,,,,,,,,,,,0.37,0.37,5130.98,5186.89,5124.6,5168.08,,,,,,,,,,,,,,,,,,,,,,,,,,,,,,,
2026-03-10T03:21:41.381029+00:00,USOUSD.s,anaconda,24480388,H4,OUTSIDE_HOURS,OUTSIDE_HOURS,NONE,0,6.306270798618538,0,,,,,,,,,,,,,,,,0.079,0.079,86.769,89.499,84.434,88.364,,,,,,,,,,,,,,,,,,,,,,,,,,,,,,,
2026-03-10T03:22:40.306114+00:00,USDJPY.s,anaconda,24480388,H4,OUTSIDE_HOURS,OUTSIDE_HOURS,NONE,0,0.4964391028293297,0,,,,,,,,,,,,,,,,0.023,0.023,157.582,157.877,157.523,157.831,,,,,,,,,,,,,,,,,,,,,,,,,,,,,,,
2026-03-10T03:22:40.329267+00:00,EURUSD.s,anaconda,24480388,H4,OUTSIDE_HOURS,OUTSIDE_HOURS,NONE,0,0.004180738142059939,0,,,,,,,,,,,,,,,,0.00019,0.00019,1.16254,1.16289,1.16092,1.1614,,,,,,,,,,,,,,,,,,,,,,,,,,,,,,,
2026-03-10T03:22:40.341402+00:00,XAUUSD.s,anaconda,24480388,H4,OUTSIDE_HOURS,OUTSIDE_HOURS,NONE,0,65.92659021680082,0,,,,,,,,,,,,,,,,0.36,0.36,5130.98,5186.89,5124.6,5168.04,,,,,,,,,,,,,,,,,,,,,,,,,,,,,,,
2026-03-10T03:22:40.364074+00:00,USOUSD.s,anaconda,24480388,H4,OUTSIDE_HOURS,OUTSIDE_HOURS,NONE,0,6.306270798618538,0,,,,,,,,,,,,,,,,0.079,0.079,86.769,89.499,84.434,88.353,,,,,,,,,,,,,,,,,,,,,,,,,,,,,,,
2026-03-10T04:11:45.519249+00:00,USDJPY.s,anaconda,24480388,H4,OUTSIDE_HOURS,OUTSIDE_HOURS,NONE,0,0.4996533885436145,0,,,,,,,,,,,,,,,,0.023,0.023,157.582,157.922,157.523,157.883,,,,,,,,,,,,,,,,,,,,,,,,,,,,,,,
2026-03-10T04:11:45.521976+00:00,EURUSD.s,anaconda,24480388,H4,OUTSIDE_HOURS,OUTSIDE_HOURS,NONE,0,0.004202880999202799,0,,,,,,,,,,,,,,,,0.00018,0.00018,1.16254,1.16289,1.16061,1.16085,,,,,,,,,,,,,,,,,,,,,,,,,,,,,,,
2026-03-10T04:11:45.531708+00:00,XAUUSD.s,anaconda,24480388,H4,OUTSIDE_HOURS,OUTSIDE_HOURS,NONE,0,65.92659021680082,0,,,,,,,,,,,,,,,,0.34,0.34,5130.98,5186.89,5124.6,5159.25,,,,,,,,,,,,,,,,,,,,,,,,,,,,,,,
2026-03-10T04:11:45.532512+00:00,USOUSD.s,anaconda,24480388,H4,OUTSIDE_HOURS,OUTSIDE_HOURS,NONE,0,6.444842227189967,0,,,,,,,,,,,,,,,,0.079,0.079,86.769,91.439,84.434,90.758,,,,,,,,,,,,,,,,,,,,,,,,,,,,,,,
2026-03-10T05:01:49.068967+00:00,USDJPY.s,anaconda,24480388,H4,OUTSIDE_HOURS,OUTSIDE_HOURS,NONE,0,0.467106748896831,0,,,,,,,,,,,,,,,,0.024,0.024,157.767,157.776,157.732,157.734,,,,,,,,,,,,,,,,,,,,,,,,,,,,,,,
2026-03-10T05:01:49.071858+00:00,EURUSD.s,anaconda,24480388,H4,OUTSIDE_HOURS,OUTSIDE_HOURS,NONE,0,0.003926961059430187,0,,,,,,,,,,,,,,,,0.00019,0.00019,1.1611,1.16141,1.16107,1.1614,,,,,,,,,,,,,,,,,,,,,,,,,,,,,,,
2026-03-10T05:01:49.078391+00:00,XAUUSD.s,anaconda,24480388,H4,OUTSIDE_HOURS,OUTSIDE_HOURS,NONE,0,61.45326235318735,0,,,,,,,,,,,,,,,,0.34,0.34,5163.79,5167.08,5163.78,5165.86,,,,,,,,,,,,,,,,,,,,,,,,,,,,,,,
2026-03-10T05:01:49.082530+00:00,USOUSD.s,anaconda,24480388,H4,OUTSIDE_HOURS,OUTSIDE_HOURS,NONE,0,6.045210670043421,0,,,,,,,,,,,,,,,,0.079,0.079,90.499,90.519,89.669,89.689,,,,,,,,,,,,,,,,,,,,,,,,,,,,,,,
2026-03-10T05:51:52.708049+00:00,USDJPY.s,anaconda,24480388,H4,OUTSIDE_HOURS,OUTSIDE_HOURS,NONE,0,0.47560674889683097,0,,,,,,,,,,,,,,,,0.024,0.024,157.767,157.776,157.613,157.678,,,,,,,,,,,,,,,,,,,,,,,,,,,,,,,
2026-03-10T05:51:52.711639+00:00,EURUSD.s,anaconda,24480388,H4,OUTSIDE_HOURS,OUTSIDE_HOURS,NONE,0,0.003964103916573034,0,,,,,,,,,,,,,,,,0.00018,0.00018,1.1611,1.16193,1.16107,1.1617899999999999,,,,,,,,,,,,,,,,,,,,,,,,,,,,,,,
2026-03-10T05:51:52.718002+00:00,XAUUSD.s,anaconda,24480388,H4,OUTSIDE_HOURS,OUTSIDE_HOURS,NONE,0,62.039690924615925,0,,,,,,,,,,,,,,,,0.38,0.38,5163.79,5175.29,5163.78,5174.26,,,,,,,,,,,,,,,,,,,,,,,,,,,,,,,
2026-03-10T05:51:52.718659+00:00,USOUSD.s,anaconda,24480388,H4,OUTSIDE_HOURS,OUTSIDE_HOURS,NONE,0,6.204853527186278,0,,,,,,,,,,,,,,,,0.079,0.079,90.499,90.519,87.434,88.133,,,,,,,,,,,,,,,,,,,,,,,,,,,,,,,
2026-03-10T06:41:57.428044+00:00,USDJPY.s,anaconda,24480388,H4,OUTSIDE_HOURS,OUTSIDE_HOURS,NONE,0,0.4872496060396889,0,,,,,,,,,,,,,,,,0.023,0.023,157.767,157.776,157.45,157.527,,,,,,,,,,,,,,,,,,,,,,,,,,,,,,,
2026-03-10T06:41:57.450733+00:00,EURUSD.s,anaconda,24480388,H4,OUTSIDE_HOURS,OUTSIDE_HOURS,NONE,0,0.0040783896308587515,0,,,,,,,,,,,,,,,,0.0002,0.0002,1.1611,1.16353,1.16107,1.16324,,,,,,,,,,,,,,,,,,,,,,,,,,,,,,,
2026-03-10T06:41:57.451750+00:00,XAUUSD.s,anaconda,24480388,H4,OUTSIDE_HOURS,OUTSIDE_HOURS,NONE,0,62.43397663890167,0,,,,,,,,,,,,,,,,0.33,0.33,5163.79,5180.81,5163.78,5174.52,,,,,,,,,,,,,,,,,,,,,,,,,,,,,,,
2026-03-10T06:41:57.452400+00:00,USOUSD.s,anaconda,24480388,H4,OUTSIDE_HOURS,OUTSIDE_HOURS,NONE,0,6.204853527186278,0,,,,,,,,,,,,,,,,0.079,0.079,90.499,90.519,87.434,89.714,,,,,,,,,,,,,,,,,,,,,,,,,,,,,,,
2026-03-10T07:01:59.628301+00:00,USDJPY.s,anaconda,24480388,H4,HOLD,HOLD,NONE,0,0.4872494993040122,0,,,,,,,,,,,,,,,,0.024,0.024,157.767,157.776,157.45,157.536,157.21023330742776,156.11322830450342,1.097005002924334,42.83467021996842,158.889,156.443,4,,,,,,,,,,,,,,,,,,,,,,,,no_breakout
2026-03-10T07:01:59.643428+00:00,EURUSD.s,anaconda,24480388,H4,HOLD,HOLD,NONE,0,0.004088389564520943,0,,,,,,,,,,,,,,,,0.00018,0.00018,1.1611,1.16367,1.16107,1.16304,1.1648759042163785,1.1744893998523107,0.009613495635932168,57.1836340824693,1.16465,1.15064,4,,,,,,,,,,,,,,,,,,,,,,,,no_breakout
2026-03-10T07:01:59.658417+00:00,XAUUSD.s,anaconda,24480388,H4,HOLD,HOLD,NONE,0,62.43397700607706,0,,,,,,,,,,,,,,,,0.32,0.32,5163.79,5180.81,5163.78,5175.4,5144.468295761631,5020.173449550729,124.2948462109025,58.55540982503955,5198.29,5014.9,4,,,,,,,,,,,,,,,,,,,,,,,,no_breakout
2026-03-10T07:07:00.047210+00:00,USDJPY.s,anaconda,24480388,H4,HOLD,HOLD,NONE,0,0.4872494993040122,0,,,,,,,,,,,,,,,,0.024,0.024,157.767,157.776,157.45,157.531,157.21023330742776,156.11322830450342,1.097005002924334,42.734976972004716,158.889,156.443,4,,,,,,,,,,,,,,,,,,,,,,,,no_breakout
2026-03-10T07:07:00.062413+00:00,EURUSD.s,anaconda,24480388,H4,HOLD,HOLD,NONE,0,0.0040905324216637985,0,,,,,,,,,,,,,,,,0.00019,0.00019,1.1611,1.1637,1.16107,1.16354,1.1648759042163785,1.1744893998523107,0.009613495635932168,58.072021760583894,1.16465,1.15064,4,,,,,,,,,,,,,,,,,,,,,,,,no_breakout
2026-03-10T07:07:00.076857+00:00,XAUUSD.s,anaconda,24480388,H4,HOLD,HOLD,NONE,0,62.43397700607706,0,,,,,,,,,,,,,,,,0.34,0.34,5163.79,5180.81,5163.78,5174.98,5144.468295761631,5020.173449550729,124.2948462109025,58.49251099393271,5198.29,5014.9,4,,,,,,,,,,,,,,,,,,,,,,,,no_breakout
2026-03-10T07:12:00.495901+00:00,USDJPY.s,anaconda,24480388,H4,HOLD,HOLD,NONE,0,0.4872494993040122,0,,,,,,,,,,,,,,,,0.024,0.024,157.767,157.776,157.45,157.546,157.21023330742776,156.11322830450342,1.097005002924334,43.03545865863298,158.889,156.443,4,,,,,,,,,,,,,,,,,,,,,,,,no_breakout
2026-03-10T07:12:00.509670+00:00,EURUSD.s,anaconda,24480388,H4,HOLD,HOLD,NONE,0,0.004117675278806659,0,,,,,,,,,,,,,,,,0.00019,0.00019,1.1611,1.16408,1.16107,1.16343,1.1648759042163785,1.1744893998523107,0.009613495635932168,57.87975407346807,1.16465,1.15064,4,,,,,,,,,,,,,,,,,,,,,,,,no_breakout
2026-03-10T07:12:00.523021+00:00,XAUUSD.s,anaconda,24480388,H4,HOLD,HOLD,NONE,0,62.43397700607706,0,,,,,,,,,,,,,,,,0.34,0.34,5163.79,5180.81,5163.78,5172.5,5144.468295761631,5020.173449550729,124.2948462109025,58.11718121900037,5198.29,5014.9,4,,,,,,,,,,,,,,,,,,,,,,,,no_breakout
2026-03-10T07:17:00.882149+00:00,USDJPY.s,anaconda,24480388,H4,HOLD,HOLD,NONE,0,0.4872494993040122,0,,,,,,,,,,,,,,,,0.024,0.024,157.767,157.776,157.45,157.53,157.21023330742776,156.11322830450342,1.097005002924334,42.715093982667504,158.889,156.443,4,,,,,,,,,,,,,,,,,,,,,,,,no_breakout
2026-03-10T07:17:00.896342+00:00,EURUSD.s,anaconda,24480388,H4,HOLD,HOLD,NONE,0,0.004117675278806659,0,,,,,,,,,,,,,,,,0.00018,0.00018,1.1611,1.16408,1.16107,1.1632500000000001,1.1648759042163785,1.1744893998523107,0.009613495635932168,57.56130187354918,1.16465,1.15064,4,,,,,,,,,,,,,,,,,,,,,,,,no_breakout
2026-03-10T07:22:01.309113+00:00,USDJPY.s,anaconda,24480388,H4,HOLD,HOLD,NONE,0,0.4872494993040122,0,,,,,,,,,,,,,,,,0.024,0.024,157.767,157.776,157.45,157.468,157.21023330742776,156.11322830450342,1.097005002924334,41.51746921976743,158.889,156.443,4,,,,,,,,,,,,,,,,,,,,,,,,no_breakout
2026-03-10T07:22:01.323028+00:00,EURUSD.s,anaconda,24480388,H4,HOLD,HOLD,NONE,0,0.004117675278806659,0,,,,,,,,,,,,,,,,0.00019,0.00019,1.1611,1.16408,1.16107,1.16381,1.1648759042163785,1.1744893998523107,0.009613495635932168,58.536592098047635,1.16465,1.15064,4,,,,,,,,,,,,,,,,,,,,,,,,no_breakout
2026-03-10T07:26:19.552851+00:00,USDJPY.s,anaconda,24480388,H4,HOLD,HOLD,NONE,0,0.4928209278754389,0,,,,,,,,,,,,,,,,0.025,0.025,157.767,157.776,157.372,157.385,157.21023330742776,156.11322830450342,1.097005002924334,40.015523269521495,158.889,156.443,4,,,,,,,,,,,,,,,,,,,,,,,,no_breakout
2026-03-10T07:26:19.582308+00:00,EURUSD.s,anaconda,24480388,H4,HOLD,HOLD,NONE,0,0.004121246707378095,0,,,,,,,,,,,,,,,,0.00018,0.00018,1.1611,1.16413,1.16107,1.1641,1.1648759042163785,1.1744893998523107,0.009613495635932168,59.02424271499075,1.16465,1.15064,4,,,,,,,,,,,,,,,,,,,,,,,,no_breakout
2026-03-10T07:26:19.598316+00:00,USOUSD.s,anaconda,24480388,H4,OUTSIDE_HOURS,OUTSIDE_HOURS,NONE,0,6.266639241471992,0,,,,,,,,,,,,,,,,0.079,0.079,90.499,90.519,86.569,86.724,,,,,,,,,,,,,,,,,,,,,,,,,,,,,,,
2026-03-10T07:31:20.006781+00:00,USDJPY.s,anaconda,24480388,H4,HOLD,HOLD,NONE,0,0.49482092787544035,0,,,,,,,,,,,,,,,,0.023,0.023,157.767,157.776,157.344,157.345,157.21023330742776,156.11322830450342,1.097005002924334,39.32983385874453,158.889,156.443,4,,,,,,,,,,,,,,,,,,,,,,,,no_breakout
2026-03-10T07:31:20.021585+00:00,EURUSD.s,anaconda,24480388,H4,HOLD,HOLD,NONE,0,0.004155532421663796,0,,,,,,,,,,,,,,,,0.00019,0.00019,1.1611,1.16461,1.16107,1.16459,1.1648759042163785,1.1744893998523107,0.009613495635932168,59.82264759057524,1.16465,1.15064,4,,,,,,,,,,,,,,,,,,,,,,,,no_breakout
2026-03-10T07:36:20.434191+00:00,USDJPY.s,anaconda,24480388,H4,HOLD,HOLD,NONE,0,0.49496378501829613,0,,,,,,,,,,,,,,,,0.024,0.024,157.767,157.776,157.342,157.422,157.21023330742776,156.11322830450342,1.097005002924334,40.67142143235809,158.889,156.443,4,,,,,,,,,,,,,,,,,,,,,,,,no_breakout
2026-03-10T07:36:20.448159+00:00,EURUSD.s,anaconda,24480388,H4,HOLD,HOLD,NONE,0,0.004155532421663796,0,,,,,,,,,,,,,,,,0.00019,0.00019,1.1611,1.16461,1.16107,1.16446,1.1648759042163785,1.1744893998523107,0.009613495635932168,59.61387395194583,1.16465,1.15064,4,,,,,,,,,,,,,,,,,,,,,,,,no_breakout
2026-03-10T07:41:20.822629+00:00,USDJPY.s,anaconda,24480388,H4,HOLD,HOLD,NONE,0,0.498892356446868,0,,,,,,,,,,,,,,,,0.024,0.024,157.767,157.776,157.287,157.321,157.21023330742776,156.11322830450342,1.097005002924334,38.929585123690345,158.889,156.443,4,,,,,,,,,,,,,,,,,,,,,,,,no_breakout
2026-03-10T07:41:20.836894+00:00,EURUSD.s,anaconda,24480388,H4,HOLD,HOLD,NONE,0,0.004179103850235236,0,,,,,,,,,,,,,,,,0.00019,0.00019,1.1611,1.16494,1.16107,1.16478,1.1648759042163785,1.1744893998523107,0.009613495635932168,60.12392468911518,1.16465,1.15064,4,,,,,,,,,,,,,,,,,,,,,,,,no_breakout
2026-03-10T07:46:21.237770+00:00,USDJPY.s,anaconda,24480388,H4,HOLD,HOLD,NONE,0,0.498892356446868,0,,,,,,,,,,,,,,,,0.023,0.023,157.767,157.776,157.287,157.302,157.21023330742776,156.11322830450342,1.097005002924334,38.6184528332055,158.889,156.443,4,,,,,,,,,,,,,,,,,,,,,,,,no_breakout
2026-03-10T07:46:21.251443+00:00,EURUSD.s,anaconda,24480388,H4,HOLD,HOLD,NONE,0,0.004219103850235229,0,,,,,,,,,,,,,,,,0.00018,0.00018,1.1611,1.1655,1.16107,1.16534,1.1648759042163785,1.1744893998523107,0.009613495635932168,60.986183554323574,1.16465,1.15064,4,,,,,,,,,,,,,,,,,,,,,,,,no_breakout
2026-03-10T07:47:07.665261+00:00,USDJPY.s,anaconda,24480388,H4,HOLD,HOLD,NONE,0,0.498892356446868,0,,,,,,,,,,,,,,,,0.024,0.024,157.767,157.776,157.287,157.315,157.21023330742776,156.11322830450342,1.097005002924334,38.83079259082935,158.889,156.443,4,,,,,,,,,,,,,,,,,,,,,,,,no_breakout
2026-03-10T07:47:07.693157+00:00,EURUSD.s,anaconda,24480388,H4,HOLD,HOLD,NONE,0,0.004219103850235229,0,,,,,,,,,,,,,,,,0.00019,0.00019,1.1611,1.1655,1.16107,1.16522,1.1648759042163785,1.1744893998523107,0.009613495635932168,60.804567624157684,1.16465,1.15064,4,,,,,,,,,,,,,,,,,,,,,,,,no_breakout
2026-03-10T07:47:07.707303+00:00,USOUSD.s,anaconda,24480388,H4,OUTSIDE_HOURS,OUTSIDE_HOURS,NONE,0,6.295924955757706,0,,,,,,,,,,,,,,,,0.119,0.119,90.499,90.519,86.159,86.489,,,,,,,,,,,,,,,,,,,,,,,,,,,,,,,
2026-03-10T07:52:08.101061+00:00,USDJPY.s,anaconda,24480388,H4,HOLD,HOLD,NONE,0,0.5005352135897249,0,,,,,,,,,,,,,,,,0.023,0.023,157.767,157.776,157.264,157.282,157.21023330742776,156.11322830450342,1.097005002924334,38.29627310039904,158.889,156.443,4,,,,,,,,,,,,,,,,,,,,,,,,no_breakout
2026-03-10T07:52:08.128354+00:00,XAUUSD.s,anaconda,24480388,H4,HOLD,HOLD,NONE,0,62.809691291791296,0,,,,,,,,,,,,,,,,0.34,0.34,5163.79,5180.81,5158.52,5179.03,5144.468295761631,5020.173449550729,124.2948462109025,59.09119445026725,5198.29,5014.9,4,,,,,,,,,,,,,,,,,,,,,,,,no_breakout
2026-03-10T07:57:08.475478+00:00,BTCUSD,anaconda,24480388,H4,HOLD,HOLD,NONE,0,1117.7845700683108,0,,,,,,,,,,,,,,,,17.06,17.06,70063.14,70519.04,69746.06,70326.47,68364.72210808482,70754.07081506257,2389.3487069777475,71.90223537819524,69512.83,65610.47,3,,,,,,,,,,,,,,,,,,,,,,,,"price_mixed_ema,rsi_out_of_zone"
2026-03-10T07:57:08.489780+00:00,USDJPY.s,anaconda,24480388,H4,HOLD,HOLD,NONE,0,0.5005352135897249,0,,,,,,,,,,,,,,,,0.025,0.025,157.767,157.776,157.264,157.322,157.21023330742776,156.11322830450342,1.097005002924334,38.94609943940037,158.889,156.443,4,,,,,,,,,,,,,,,,,,,,,,,,no_breakout
2026-03-10T07:57:08.517063+00:00,XAUUSD.s,anaconda,24480388,H4,HOLD,HOLD,NONE,0,62.809691291791296,0,,,,,,,,,,,,,,,,0.31,0.31,5163.79,5180.81,5158.52,5179.07,5144.468295761631,5020.173449550729,124.2948462109025,59.097021258166414,5198.29,5014.9,4,,,,,,,,,,,,,,,,,,,,,,,,no_breakout
2026-03-10T08:02:08.879119+00:00,BTCUSD,anaconda,24480388,H4,HOLD,HOLD,NONE,0,1117.7845700683108,0,,,,,,,,,,,,,,,,17.11,17.11,70063.14,70519.04,69746.06,70445.29,68364.72210808482,70754.07081506257,2389.3487069777475,72.6336672849704,69512.83,65610.47,3,,,,,,,,,,,,,,,,,,,,,,,,"price_mixed_ema,rsi_out_of_zone"
2026-03-10T08:02:08.893734+00:00,USDJPY.s,anaconda,24480388,H4,HOLD,HOLD,NONE,0,0.5005352135897249,0,,,,,,,,,,,,,,,,0.025,0.025,157.767,157.776,157.264,157.324,157.21023330742776,156.11322830450342,1.097005002924334,38.97917013973058,158.889,156.443,4,,,,,,,,,,,,,,,,,,,,,,,,no_breakout
2026-03-10T08:02:08.921482+00:00,XAUUSD.s,anaconda,24480388,H4,HOLD,HOLD,NONE,0,63.12611986321982,0,,,,,,,,,,,,,,,,0.34,0.34,5163.79,5185.24,5158.52,5180.35,5144.468295761631,5020.173449550729,124.2948462109025,59.282606674995165,5198.29,5014.9,4,,,,,,,,,,,,,,,,,,,,,,,,no_breakout
2026-03-10T08:07:09.313095+00:00,BTCUSD,anaconda,24480388,H4,HOLD,HOLD,NONE,0,1129.4009986397398,0,,,,,,,,,,,,,,,,16.98,16.98,70063.14,70681.67,69746.06,70493.13,68364.72210808482,70754.07081506257,2389.3487069777475,72.9175194390667,69512.83,65610.47,3,,,,,,,,,,,,,,,,,,,,,,,,"price_mixed_ema,rsi_out_of_zone"
2026-03-10T08:07:09.327105+00:00,USDJPY.s,anaconda,24480388,H4,HOLD,HOLD,NONE,0,0.5005352135897249,0,,,,,,,,,,,,,,,,0.024,0.024,157.767,157.776,157.264,157.426,157.21023330742776,156.11322830450342,1.097005002924334,40.74361953575682,158.889,156.443,4,,,,,,,,,,,,,,,,,,,,,,,,no_breakout
2026-03-10T08:07:09.357517+00:00,XAUUSD.s,anaconda,24480388,H4,HOLD,HOLD,NONE,0,63.12611986321982,0,,,,,,,,,,,,,,,,0.31,0.31,5163.79,5185.24,5158.52,5175.96,5144.468295761631,5020.173449550729,124.2948462109025,58.6389789973103,5198.29,5014.9,4,,,,,,,,,,,,,,,,,,,,,,,,no_breakout
2026-03-10T08:12:09.730784+00:00,BTCUSD,anaconda,24480388,H4,HOLD,HOLD,NONE,0,1146.7274272111688,0,,,,,,,,,,,,,,,,17.07,17.07,70063.14,70924.24,69746.06,70779.11,68364.72210808482,70754.07081506257,2389.3487069777475,74.49870321004022,69512.83,65610.47,3,,,,,,,,,,,,,,,,,,,,,,,,"price_mixed_ema,rsi_out_of_zone"
2026-03-10T08:12:09.745624+00:00,USDJPY.s,anaconda,24480388,H4,HOLD,HOLD,NONE,0,0.5005352135897249,0,,,,,,,,,,,,,,,,0.024,0.024,157.767,157.776,157.264,157.462,157.21023330742776,156.11322830450342,1.097005002924334,41.40512439902287,158.889,156.443,4,,,,,,,,,,,,,,,,,,,,,,,,no_breakout
2026-03-10T08:12:09.773996+00:00,XAUUSD.s,anaconda,24480388,H4,HOLD,HOLD,NONE,0,63.12611986321982,0,,,,,,,,,,,,,,,,0.32,0.32,5163.79,5185.24,5158.52,5182.31,5144.468295761631,5020.173449550729,124.2948462109025,59.56354313558545,5198.29,5014.9,4,,,,,,,,,,,,,,,,,,,,,,,,no_breakout
2026-03-10T08:17:10.134887+00:00,BTCUSD,anaconda,24480388,H4,HOLD,HOLD,NONE,0,1149.1895700683117,0,,,,,,,,,,,,,,,,16.98,16.98,70063.14,70958.71,69746.06,70756.87,68364.72210808482,70754.07081506257,2389.3487069777475,74.38238930123856,69512.83,65610.47,3,,,,,,,,,,,,,,,,,,,,,,,,"price_mixed_ema,rsi_out_of_zone"
2026-03-10T08:17:10.149085+00:00,USDJPY.s,anaconda,24480388,H4,HOLD,HOLD,NONE,0,0.5005352135897249,0,,,,,,,,,,,,,,,,0.024,0.024,157.767,157.776,157.264,157.422,157.21023330742776,156.11322830450342,1.097005002924334,40.67142143235809,158.889,156.443,4,,,,,,,,,,,,,,,,,,,,,,,,no_breakout
2026-03-10T08:17:10.176517+00:00,XAUUSD.s,anaconda,24480388,H4,HOLD,HOLD,NONE,0,63.12611986321982,0,,,,,,,,,,,,,,,,0.33,0.33,5163.79,5185.24,5158.52,5179.76,5144.468295761631,5020.173449550729,124.2948462109025,59.197273060575476,5198.29,5014.9,4,,,,,,,,,,,,,,,,,,,,,,,,no_breakout
2026-03-10T08:22:10.553111+00:00,BTCUSD,anaconda,24480388,H4,HOLD,HOLD,NONE,0,1149.1895700683117,0,,,,,,,,,,,,,,,,17.04,17.04,70063.14,70958.71,69746.06,70920.52,68364.72210808482,70754.07081506257,2389.3487069777475,75.21425383635739,69512.83,65610.47,3,,,,,,,,,,,,,,,,,,,,,,,,"price_mixed_ema,rsi_out_of_zone"
2026-03-10T08:22:10.566555+00:00,USDJPY.s,anaconda,24480388,H4,HOLD,HOLD,NONE,0,0.5005352135897249,0,,,,,,,,,,,,,,,,0.024,0.024,157.767,157.776,157.264,157.423,157.21023330742776,156.11322830450342,1.097005002924334,40.689446959620525,158.889,156.443,4,,,,,,,,,,,,,,,,,,,,,,,,no_breakout
2026-03-10T08:22:10.594857+00:00,XAUUSD.s,anaconda,24480388,H4,HOLD,HOLD,NONE,0,63.12611986321982,0,,,,,,,,,,,,,,,,0.34,0.34,5163.79,5185.24,5158.52,5179.04,5144.468295761631,5020.173449550729,124.2948462109025,59.0926513078717,5198.29,5014.9,4,,,,,,,,,,,,,,,,,,,,,,,,no_breakout
2026-03-10T08:27:11.058005+00:00,BTCUSD,anaconda,24480388,H4,HOLD,HOLD,NONE,0,1150.570284354025,0,,,,,,,,,,,,,,,,16.97,16.97,70063.14,70978.04,69746.06,70811.92,68364.72210808482,70754.07081506257,2389.3487069777475,74.66838194119437,69512.83,65610.47,3,,,,,,,,,,,,,,,,,,,,,,,,"price_mixed_ema,rsi_out_of_zone"
2026-03-10T08:27:11.072281+00:00,USDJPY.s,anaconda,24480388,H4,HOLD,HOLD,NONE,0,0.5005352135897249,0,,,,,,,,,,,,,,,,0.023,0.023,157.767,157.776,157.264,157.364,157.21023330742776,156.11322830450342,1.097005002924334,39.65258220527686,158.889,156.443,4,,,,,,,,,,,,,,,,,,,,,,,,no_breakout
2026-03-10T08:27:11.100584+00:00,XAUUSD.s,anaconda,24480388,H4,HOLD,HOLD,NONE,0,63.12611986321982,0,,,,,,,,,,,,,,,,0.33,0.33,5163.79,5185.24,5158.52,5180.05,5144.468295761631,5020.173449550729,124.2948462109025,59.23926135227469,5198.29,5014.9,4,,,,,,,,,,,,,,,,,,,,,,,,no_breakout
2026-03-10T08:32:11.473041+00:00,BTCUSD,anaconda,24480388,H4,HOLD,HOLD,NONE,0,1150.570284354025,0,,,,,,,,,,,,,,,,17.04,17.04,70063.14,70978.04,69746.06,70917.27,68364.72210808482,70754.07081506257,2389.3487069777475,75.19825960047785,69512.83,65610.47,3,,,,,,,,,,,,,,,,,,,,,,,,"price_mixed_ema,rsi_out_of_zone"
2026-03-10T08:32:11.476447+00:00,USDJPY.s,anaconda,24480388,H4,HOLD,HOLD,NONE,0,0.5005352135897249,0,,,,,,,,,,,,,,,,0.033,0.033,157.767,157.776,157.264,157.471,157.21023330742776,156.11322830450342,1.097005002924334,41.57387056022419,158.889,156.443,4,,,,,,,,,,,,,,,,,,,,,,,,no_breakout
2026-03-10T08:32:11.478638+00:00,EURUSD.s,anaconda,24480388,H4,HOLD,HOLD,NONE,0,0.00427338956452095,0,,,,,,,,,,,,,,,,0.00019,0.00019,1.1611,1.16626,1.16107,1.16517,1.1648759042163785,1.1744893998523107,0.009613495635932168,60.72839429796577,1.16465,1.15064,4,,,,,,,,,,,,,,,,,,,,,,,,no_breakout
2026-03-10T08:32:11.480043+00:00,XAUUSD.s,anaconda,24480388,H4,HOLD,HOLD,NONE,0,63.393262720362664,0,,,,,,,,,,,,,,,,0.33,0.33,5163.79,5188.98,5158.52,5184.58,5144.468295761631,5020.173449550729,124.2948462109025,59.884106871532225,5198.29,5014.9,4,,,,,,,,,,,,,,,,,,,,,,,,no_breakout
2026-03-10T08:37:12.565871+00:00,BTCUSD,anaconda,24480388,H4,HOLD,HOLD,NONE,0,1153.2781414968824,0,,,,,,,,,,,,,,,,17.01,17.01,70063.14,71015.95,69746.06,70927.81,68364.72210808482,70754.07081506257,2389.3487069777475,75.25005521418632,69512.83,65610.47,3,,,,,,,,,,,,,,,,,,,,,,,,"price_mixed_ema,rsi_out_of_zone"
2026-03-10T08:37:12.613416+00:00,EURUSD.s,anaconda,24480388,H4,HOLD,HOLD,NONE,0,0.00427338956452095,0,,,,,,,,,,,,,,,,0.00018,0.00018,1.1611,1.16626,1.16107,1.16489,1.1648759042163785,1.1744893998523107,0.009613495635932168,60.29629202054356,1.16465,1.15064,4,,,,,,,,,,,,,,,,,,,,,,,,no_breakout
2026-03-10T08:37:12.638456+00:00,XAUUSD.s,anaconda,24480388,H4,HOLD,HOLD,NONE,0,63.393262720362664,0,,,,,,,,,,,,,,,,0.34,0.34,5163.79,5188.98,5158.52,5183.87,5144.468295761631,5020.173449550729,124.2948462109025,59.784390045219894,5198.29,5014.9,4,,,,,,,,,,,,,,,,,,,,,,,,no_breakout
2026-03-10T08:37:12.640330+00:00,USOUSD.s,anaconda,24480388,H4,OUTSIDE_HOURS,OUTSIDE_HOURS,NONE,0,6.359853527186278,0,,,,,,,,,,,,,,,,0.079,0.079,90.499,90.519,85.264,87.439,,,,,,,,,,,,,,,,,,,,,,,,,,,,,,,
2026-03-10T08:42:13.581487+00:00,BTCUSD,anaconda,24480388,H4,HOLD,HOLD,NONE,0,1153.2781414968824,0,,,,,,,,,,,,,,,,16.95,16.95,70063.14,71015.95,69746.06,71007.66,68364.72210808482,70754.07081506257,2389.3487069777475,75.63553535468026,69512.83,65610.47,3,,,,,,,,,,,,,,,,,,,,,,,,"price_mixed_ema,rsi_out_of_zone"
2026-03-10T08:42:13.609719+00:00,EURUSD.s,anaconda,24480388,H4,HOLD,HOLD,NONE,0,0.00427338956452095,0,,,,,,,,,,,,,,,,0.00019,0.00019,1.1611,1.16626,1.16107,1.16545,1.1648759042163785,1.1744893998523107,0.009613495635932168,61.151192546045685,1.16465,1.15064,4,,,,,,,,,,,,,,,,,,,,,,,,no_breakout
2026-03-10T08:42:13.623477+00:00,XAUUSD.s,anaconda,24480388,H4,HOLD,HOLD,NONE,0,63.74826272036268,0,,,,,,,,,,,,,,,,0.31,0.31,5163.79,5193.95,5158.52,5192.26,5144.468295761631,5020.173449550729,124.2948462109025,60.93195499112859,5198.29,5014.9,4,,,,,,,,,,,,,,,,,,,,,,,,no_breakout
2026-03-10T08:47:14.570509+00:00,BTCUSD,anaconda,24480388,H4,HOLD,HOLD,NONE,0,1157.7359986397398,0,,,,,,,,,,,,,,,,16.97,16.97,70063.14,71078.36,69746.06,70783.71,68364.72210808482,70754.07081506257,2389.3487069777475,74.52262924236213,69512.83,65610.47,3,,,,,,,,,,,,,,,,,,,,,,,,"price_mixed_ema,rsi_out_of_zone"
2026-03-10T08:47:14.599151+00:00,EURUSD.s,anaconda,24480388,H4,HOLD,HOLD,NONE,0,0.00427338956452095,0,,,,,,,,,,,,,,,,0.00019,0.00019,1.1611,1.16626,1.16107,1.16554,1.1648759042163785,1.1744893998523107,0.009613495635932168,61.285165276314835,1.16465,1.15064,4,,,,,,,,,,,,,,,,,,,,,,,,no_breakout
2026-03-10T08:47:14.614555+00:00,XAUUSD.s,anaconda,24480388,H4,HOLD,HOLD,NONE,0,63.74826272036268,0,,,,,,,,,,,,,,,,0.3,0.3,5163.79,5193.95,5158.52,5191.48,5144.468295761631,5020.173449550729,124.2948462109025,60.82803703638639,5198.29,5014.9,4,,,,,,,,,,,,,,,,,,,,,,,,no_breakout
2026-03-10T08:52:15.050047+00:00,BTCUSD,anaconda,24480388,H4,HOLD,HOLD,NONE,0,1157.7359986397398,0,,,,,,,,,,,,,,,,17.04,17.04,70063.14,71078.36,69746.06,70709.27,68364.72210808482,70754.07081506257,2389.3487069777475,74.12984323084461,69512.83,65610.47,3,,,,,,,,,,,,,,,,,,,,,,,,"price_mixed_ema,rsi_out_of_zone"
2026-03-10T08:52:15.077772+00:00,EURUSD.s,anaconda,24480388,H4,HOLD,HOLD,NONE,0,0.00427338956452095,0,,,,,,,,,,,,,,,,0.00019,0.00019,1.1611,1.16626,1.16107,1.1649,1.1648759042163785,1.1744893998523107,0.009613495635932168,60.31188791565819,1.16465,1.15064,4,,,,,,,,,,,,,,,,,,,,,,,,no_breakout
2026-03-10T08:52:15.092419+00:00,XAUUSD.s,anaconda,24480388,H4,HOLD,HOLD,NONE,0,63.83111986321981,0,,,,,,,,,,,,,,,,0.3,0.3,5163.79,5195.11,5158.52,5191.65,5144.468295761631,5020.173449550729,124.2948462109025,60.850732907996615,5198.29,5014.9,4,,,,,,,,,,,,,,,,,,,,,,,,no_breakout
2026-03-10T08:54:40.823169+00:00,BTCUSD,anaconda,24480388,H4,HOLD,HOLD,NONE,0,1157.7359986397398,0,,,,,,,,,,,,,,,,17.05,17.05,70063.14,71078.36,69746.06,70680.97,68364.72210808482,70754.07081506257,2389.3487069777475,73.97732088260426,69512.83,65610.47,3,,,,,,,,,,,,,,,,,,,,,,,,"price_mixed_ema,rsi_out_of_zone"
2026-03-10T08:54:40.857321+00:00,USDJPY.s,anaconda,24480388,H4,HOLD,HOLD,NONE,0,0.5005352135897249,0,,,,,,,,,,,,,,,,0.033,0.033,157.767,157.776,157.264,157.632,157.21023330742776,156.11322830450342,1.097005002924334,44.843208815072714,158.889,156.443,4,,,,,,,,,,,,,,,,,,,,,,,,no_breakout
2026-03-10T08:54:40.879732+00:00,EURUSD.s,anaconda,24480388,H4,HOLD,HOLD,NONE,0,0.00427338956452095,0,,,,,,,,,,,,,,,,0.00018,0.00018,1.1611,1.16626,1.16107,1.16491,1.1648759042163785,1.1744893998523107,0.009613495635932168,60.32747156322931,1.16465,1.15064,4,,,,,,,,,,,,,,,,,,,,,,,,no_breakout
2026-03-10T08:54:40.889132+00:00,XAUUSD.s,anaconda,24480388,H4,HOLD,HOLD,NONE,0,63.83111986321981,0,,,,,,,,,,,,,,,,0.31,0.31,5163.79,5195.11,5158.52,5188.63,5144.468295761631,5020.173449550729,124.2948462109025,60.44359042832872,5198.29,5014.9,4,,,,,,,,,,,,,,,,,,,,,,,,no_breakout
2026-03-10T08:54:40.889675+00:00,USOUSD.s,anaconda,24480388,H4,OUTSIDE_HOURS,OUTSIDE_HOURS,NONE,0,6.359853527186278,0,,,,,,,,,,,,,,,,0.079,0.079,90.499,90.519,85.264,88.169,,,,,,,,,,,,,,,,,,,,,,,,,,,,,,,
2026-03-10T08:59:41.736294+00:00,BTCUSD,anaconda,24480388,H4,HOLD,HOLD,NONE,0,1157.7359986397398,0,,,,,,,,,,,,,,,,17.1,17.1,70063.14,71078.36,69746.06,70635.78,68364.72210808482,70754.07081506257,2389.3487069777475,73.73000597101898,69512.83,65610.47,3,,,,,,,,,,,,,,,,,,,,,,,,"price_mixed_ema,rsi_out_of_zone"
2026-03-10T08:59:41.737542+00:00,USDJPY.s,anaconda,24480388,H4,HOLD,HOLD,NONE,0,0.5005352135897249,0,,,,,,,,,,,,,,,,0.024,0.024,157.767,157.776,157.264,157.702,157.21023330742776,156.11322830450342,1.097005002924334,46.4307207007155,158.889,156.443,4,,,,,,,,,,,,,,,,,,,,,,,,no_breakout
2026-03-10T08:59:41.738679+00:00,EURUSD.s,anaconda,24480388,H4,HOLD,HOLD,NONE,0,0.00427338956452095,0,,,,,,,,,,,,,,,,0.00019,0.00019,1.1611,1.16626,1.16107,1.16431,1.1648759042163785,1.1744893998523107,0.009613495635932168,59.370268950648395,1.16465,1.15064,4,,,,,,,,,,,,,,,,,,,,,,,,no_breakout
2026-03-10T08:59:41.739701+00:00,XAUUSD.s,anaconda,24480388,H4,HOLD,HOLD,NONE,0,63.83111986321981,0,,,,,,,,,,,,,,,,0.34,0.34,5163.79,5195.11,5158.52,5183.5,5144.468295761631,5020.173449550729,124.2948462109025,59.732228198784036,5198.29,5014.9,4,,,,,,,,,,,,,,,,,,,,,,,,no_breakout
2026-03-10T09:04:42.119310+00:00,BTCUSD,anaconda,24480388,H4,HOLD,HOLD,NONE,0,1081.9727130493513,0,,,,,,,,,,,,,,,,17.0,17.0,70678.39,70731.87,70634.82,70718.95,68455.41647876885,70759.04064582748,2303.6241670586314,74.2062111958861,69512.83,65610.47,2,,,,,,,,,,,,,,,,,,,,,,,,"price_mixed_ema,no_breakout,rsi_out_of_zone"
2026-03-10T09:04:42.120846+00:00,USDJPY.s,anaconda,24480388,H4,HOLD,HOLD,NONE,0,0.4691398411871692,0,,,,,,,,,,,,,,,,0.024,0.024,157.689,157.712,157.651,157.663,157.22900817814292,156.12659446040536,1.1024137177375621,45.467507878062406,158.889,156.443,4,,,,,,,,,,,,,,,,,,,,,,,,no_breakout
2026-03-10T09:04:42.122369+00:00,EURUSD.s,anaconda,24480388,H4,HOLD,HOLD,NONE,0,0.004011004595533454,0,,,,,,,,,,,,,,,,0.00018,0.00018,1.1645,1.1649,1.1643,1.16487,1.1648607592889582,1.1742998910675,0.009439131778541832,60.33093293422801,1.16465,1.15064,4,,,,,,,,,,,,,,,,,,,,,,,,no_breakout
2026-03-10T09:04:42.123935+00:00,XAUUSD.s,anaconda,24480388,H4,HOLD,HOLD,NONE,0,59.63818272672868,0,,,,,,,,,,,,,,,,0.31,0.31,5183.45,5185.66,5180.53,5184.52,5145.995217492749,5017.103075223716,128.89214226903368,59.89282218595978,5198.29,5014.9,4,,,,,,,,,,,,,,,,,,,,,,,,no_breakout
2026-03-10T09:09:43.081937+00:00,BTCUSD,anaconda,24480388,H4,HOLD,HOLD,NONE,0,1086.9048559064945,0,,,,,,,,,,,,,,,,16.97,16.97,70678.39,70800.92,70634.82,70795.7,68455.41647876885,70759.04064582748,2303.6241670586314,74.65256679009741,69512.83,65610.47,2,,,,,,,,,,,,,,,,,,,,,,,,"price_mixed_ema,no_breakout,rsi_out_of_zone"
2026-03-10T09:09:43.083236+00:00,USDJPY.s,anaconda,24480388,H4,HOLD,HOLD,NONE,0,0.46985412690145634,0,,,,,,,,,,,,,,,,0.023,0.023,157.689,157.712,157.641,157.666,157.22900817814292,156.12659446040536,1.1024137177375621,45.542690144765814,158.889,156.443,4,,,,,,,,,,,,,,,,,,,,,,,,no_breakout
2026-03-10T09:09:43.084543+00:00,EURUSD.s,anaconda,24480388,H4,HOLD,HOLD,NONE,0,0.004021004595533456,0,,,,,,,,,,,,,,,,0.00018,0.00018,1.1645,1.16504,1.1643,1.16501,1.1648607592889582,1.1742998910675,0.009439131778541832,60.57173707708869,1.16465,1.15064,4,,,,,,,,,,,,,,,,,,,,,,,,no_breakout
2026-03-10T09:09:43.085919+00:00,XAUUSD.s,anaconda,24480388,H4,HOLD,HOLD,NONE,0,59.78175415530013,0,,,,,,,,,,,,,,,,0.33,0.33,5183.45,5187.67,5180.53,5186.08,5145.995217492749,5017.103075223716,128.89214226903368,60.134093014053626,5198.29,5014.9,4,,,,,,,,,,,,,,,,,,,,,,,,no_breakout
2026-03-10T09:14:43.438719+00:00,BTCUSD,anaconda,24480388,H4,HOLD,HOLD,NONE,0,1093.5748559064948,0,,,,,,,,,,,,,,,,17.12,17.12,70678.39,70894.3,70634.82,70796.4,68455.41647876885,70759.04064582748,2303.6241670586314,74.6565667067988,69512.83,65610.47,2,,,,,,,,,,,,,,,,,,,,,,,,"price_mixed_ema,no_breakout,rsi_out_of_zone"
2026-03-10T09:14:43.439921+00:00,USDJPY.s,anaconda,24480388,H4,HOLD,HOLD,NONE,0,0.4743541269014555,0,,,,,,,,,,,,,,,,0.025,0.025,157.689,157.712,157.578,157.585,157.22900817814292,156.12659446040536,1.1024137177375621,43.59630959179729,158.889,156.443,4,,,,,,,,,,,,,,,,,,,,,,,,no_breakout
2026-03-10T09:14:43.441061+00:00,EURUSD.s,anaconda,24480388,H4,HOLD,HOLD,NONE,0,0.004062433166962029,0,,,,,,,,,,,,,,,,0.00019,0.00019,1.1645,1.16562,1.1643,1.16557,1.1648607592889582,1.1742998910675,0.009439131778541832,61.506411499270364,1.16465,1.15064,4,,,,,,,,,,,,,,,,,,,,,,,,no_breakout
2026-03-10T09:14:43.442222+00:00,XAUUSD.s,anaconda,24480388,H4,HOLD,HOLD,NONE,0,59.90032558387154,0,,,,,,,,,,,,,,,,0.36,0.36,5183.45,5189.33,5180.53,5188.39,5145.995217492749,5017.103075223716,128.89214226903368,60.486074860837746,5198.29,5014.9,4,,,,,,,,,,,,,,,,,,,,,,,,no_breakout
2026-03-10T09:19:43.787050+00:00,BTCUSD,anaconda,24480388,H4,HOLD,HOLD,NONE,0,1093.5748559064948,0,,,,,,,,,,,,,,,,17.01,17.01,70678.39,70894.3,70634.82,70854.15,68455.41647876885,70759.04064582748,2303.6241670586314,74.98226752717204,69512.83,65610.47,2,,,,,,,,,,,,,,,,,,,,,,,,"price_mixed_ema,no_breakout,rsi_out_of_zone"
2026-03-10T09:19:43.789235+00:00,USDJPY.s,anaconda,24480388,H4,HOLD,HOLD,NONE,0,0.476282698330028,0,,,,,,,,,,,,,,,,0.024,0.024,157.689,157.712,157.551,157.584,157.22900817814292,156.12659446040536,1.1024137177375621,43.57331928842407,158.889,156.443,4,,,,,,,,,,,,,,,,,,,,,,,,no_breakout
2026-03-10T09:19:43.790913+00:00,EURUSD.s,anaconda,24480388,H4,HOLD,HOLD,NONE,0,0.004069576024104886,0,,,,,,,,,,,,,,,,0.00018,0.00018,1.1645,1.16572,1.1643,1.16546,1.1648607592889582,1.1742998910675,0.009439131778541832,61.32632847453055,1.16465,1.15064,4,,,,,,,,,,,,,,,,,,,,,,,,no_breakout
2026-03-10T09:19:43.792341+00:00,XAUUSD.s,anaconda,24480388,H4,HOLD,HOLD,NONE,0,59.90032558387154,0,,,,,,,,,,,,,,,,0.34,0.34,5183.45,5189.33,5180.53,5183.29,5145.995217492749,5017.103075223716,128.89214226903368,59.69069884182869,5198.29,5014.9,4,,,,,,,,,,,,,,,,,,,,,,,,no_breakout
2026-03-10T09:24:44.159313+00:00,BTCUSD,anaconda,24480388,H4,HOLD,HOLD,NONE,0,1108.1377130493513,0,,,,,,,,,,,,,,,,17.07,17.07,70678.39,71098.18,70634.82,71085.96,68455.41647876885,70759.04064582748,2303.6241670586314,76.209527714551,69512.83,65610.47,2,,,,,,,,,,,,,,,,,,,,,,,,"price_mixed_ema,no_breakout,rsi_out_of_zone"
2026-03-10T09:24:44.160613+00:00,USDJPY.s,anaconda,24480388,H4,HOLD,HOLD,NONE,0,0.476282698330028,0,,,,,,,,,,,,,,,,0.023,0.023,157.689,157.712,157.551,157.629,157.22900817814292,156.12659446040536,1.1024137177375621,44.63247161707047,158.889,156.443,4,,,,,,,,,,,,,,,,,,,,,,,,no_breakout
2026-03-10T09:24:44.161867+00:00,EURUSD.s,anaconda,24480388,H4,HOLD,HOLD,NONE,0,0.004069576024104886,0,,,,,,,,,,,,,,,,0.00019,0.00019,1.1645,1.16572,1.1643,1.16503,1.1648607592889582,1.1742998910675,0.009439131778541832,60.605899221094674,1.16465,1.15064,4,,,,,,,,,,,,,,,,,,,,,,,,no_breakout
2026-03-10T09:24:44.163029+00:00,XAUUSD.s,anaconda,24480388,H4,HOLD,HOLD,NONE,0,59.90032558387154,0,,,,,,,,,,,,,,,,0.31,0.31,5183.45,5189.33,5180.53,5184.73,5145.995217492749,5017.103075223716,128.89214226903368,59.925470915760485,5198.29,5014.9,4,,,,,,,,,,,,,,,,,,,,,,,,no_breakout
2026-03-10T09:29:44.529028+00:00,BTCUSD,anaconda,24480388,H4,HOLD,HOLD,NONE,0,1120.8112844779232,0,,,,,,,,,,,,,,,,17.08,17.08,70678.39,71275.61,70634.82,71222.41,68455.41647876885,70759.04064582748,2303.6241670586314,76.87721068108867,69512.83,65610.47,2,,,,,,,,,,,,,,,,,,,,,,,,"price_mixed_ema,no_breakout,rsi_out_of_zone"
2026-03-10T09:29:44.530708+00:00,USDJPY.s,anaconda,24480388,H4,HOLD,HOLD,NONE,0,0.476282698330028,0,,,,,,,,,,,,,,,,0.023,0.023,157.689,157.712,157.551,157.597,157.22900817814292,156.12659446040536,1.1024137177375621,43.874097604449,158.889,156.443,4,,,,,,,,,,,,,,,,,,,,,,,,no_breakout
2026-03-10T09:29:44.531918+00:00,EURUSD.s,anaconda,24480388,H4,HOLD,HOLD,NONE,0,0.004069576024104886,0,,,,,,,,,,,,,,,,0.00019,0.00019,1.1645,1.16572,1.1643,1.1652,1.1648607592889582,1.1742998910675,0.009439131778541832,60.89390476942107,1.16465,1.15064,4,,,,,,,,,,,,,,,,,,,,,,,,no_breakout
2026-03-10T09:29:44.533207+00:00,XAUUSD.s,anaconda,24480388,H4,HOLD,HOLD,NONE,0,59.90032558387154,0,,,,,,,,,,,,,,,,0.3,0.3,5183.45,5189.33,5180.53,5187.17,5145.995217492749,5017.103075223716,128.89214226903368,60.30095777862734,5198.29,5014.9,4,,,,,,,,,,,,,,,,,,,,,,,,no_breakout
2026-03-10T09:34:44.891963+00:00,BTCUSD,anaconda,24480388,H4,HOLD,HOLD,NONE,0,1122.2134273350664,0,,,,,,,,,,,,,,,,17.09,17.09,70678.39,71295.24,70634.82,71154.29,68455.41647876885,70759.04064582748,2303.6241670586314,76.54863420052062,69512.83,65610.47,2,,,,,,,,,,,,,,,,,,,,,,,,"price_mixed_ema,no_breakout,rsi_out_of_zone"
2026-03-10T09:34:44.893184+00:00,USDJPY.s,anaconda,24480388,H4,HOLD,HOLD,NONE,0,0.476282698330028,0,,,,,,,,,,,,,,,,0.025,0.025,157.689,157.712,157.551,157.581,157.22900817814292,156.12659446040536,1.1024137177375621,43.50449363440991,158.889,156.443,4,,,,,,,,,,,,,,,,,,,,,,,,no_breakout
2026-03-10T09:34:44.894381+00:00,EURUSD.s,anaconda,24480388,H4,HOLD,HOLD,NONE,0,0.004069576024104886,0,,,,,,,,,,,,,,,,0.00018,0.00018,1.1645,1.16572,1.1643,1.16532,1.1648607592889582,1.1742998910675,0.009439131778541832,61.094680389045415,1.16465,1.15064,4,,,,,,,,,,,,,,,,,,,,,,,,no_breakout
2026-03-10T09:34:44.895509+00:00,XAUUSD.s,anaconda,24480388,H4,HOLD,HOLD,NONE,0,59.90032558387154,0,,,,,,,,,,,,,,,,0.31,0.31,5183.45,5189.33,5180.53,5186.58,5145.995217492749,5017.103075223716,128.89214226903368,60.21081029682599,5198.29,5014.9,4,,,,,,,,,,,,,,,,,,,,,,,,no_breakout
2026-03-10T09:39:45.245352+00:00,BTCUSD,anaconda,24480388,H4,HOLD,HOLD,NONE,0,1122.2134273350664,0,,,,,,,,,,,,,,,,16.97,16.97,70678.39,71295.24,70634.82,71111.52,68455.41647876885,70759.04064582748,2303.6241670586314,76.33751819733827,69512.83,65610.47,2,,,,,,,,,,,,,,,,,,,,,,,,"price_mixed_ema,no_breakout,rsi_out_of_zone"
2026-03-10T09:39:45.247031+00:00,USDJPY.s,anaconda,24480388,H4,HOLD,HOLD,NONE,0,0.4764255554728838,0,,,,,,,,,,,,,,,,0.024,0.024,157.689,157.712,157.549,157.563,157.22900817814292,156.12659446040536,1.1024137177375621,43.09606277520118,158.889,156.443,4,,,,,,,,,,,,,,,,,,,,,,,,no_breakout
2026-03-10T09:39:45.248720+00:00,EURUSD.s,anaconda,24480388,H4,HOLD,HOLD,NONE,0,0.004069576024104886,0,,,,,,,,,,,,,,,,0.00018,0.00018,1.1645,1.16572,1.1643,1.16535,1.1648607592889582,1.1742998910675,0.009439131778541832,61.14455257959316,1.16465,1.15064,4,,,,,,,,,,,,,,,,,,,,,,,,no_breakout
2026-03-10T09:39:45.250293+00:00,XAUUSD.s,anaconda,24480388,H4,HOLD,HOLD,NONE,0,59.90032558387154,0,,,,,,,,,,,,,,,,0.33,0.33,5183.45,5189.33,5180.53,5182.68,5145.995217492749,5017.103075223716,128.89214226903368,59.54924262527468,5198.29,5014.9,4,,,,,,,,,,,,,,,,,,,,,,,,no_breakout
2026-03-10T09:44:45.719741+00:00,BTCUSD,anaconda,24480388,H4,HOLD,HOLD,NONE,0,1122.2134273350664,0,,,,,,,,,,,,,,,,16.95,16.95,70678.39,71295.24,70634.82,71075.12,68455.41647876885,70759.04064582748,2303.6241670586314,76.15482784643669,69512.83,65610.47,2,,,,,,,,,,,,,,,,,,,,,,,,"price_mixed_ema,no_breakout,rsi_out_of_zone"
2026-03-10T09:44:45.728130+00:00,USDJPY.s,anaconda,24480388,H4,HOLD,HOLD,NONE,0,0.4772112697585978,0,,,,,,,,,,,,,,,,0.024,0.024,157.689,157.712,157.538,157.544,157.22900817814292,156.12659446040536,1.1024137177375621,42.67317948176029,158.889,156.443,4,,,,,,,,,,,,,,,,,,,,,,,,no_breakout
2026-03-10T09:44:45.740275+00:00,EURUSD.s,anaconda,24480388,H4,HOLD,HOLD,NONE,0,0.004074576024104871,0,,,,,,,,,,,,,,,,0.00018,0.00018,1.1645,1.1657899999999999,1.1643,1.16574,1.1648607592889582,1.1742998910675,0.009439131778541832,61.78144643027381,1.16465,1.15064,4,,,,,,,,,,,,,,,,,,,,,,,,no_breakout
2026-03-10T09:44:45.765203+00:00,XAUUSD.s,anaconda,24480388,H4,HOLD,HOLD,NONE,0,59.90032558387154,0,,,,,,,,,,,,,,,,0.36,0.36,5183.45,5189.33,5180.53,5187.61,5145.995217492749,5017.103075223716,128.89214226903368,60.367920951740295,5198.29,5014.9,4,,,,,,,,,,,,,,,,,,,,,,,,no_breakout
2026-03-10T09:44:45.765728+00:00,USOUSD.s,anaconda,24480388,H4,OUTSIDE_HOURS,OUTSIDE_HOURS,NONE,0,6.1058639846596465,0,,,,,,,,,,,,,,,,0.079,0.079,88.569,88.733,85.929,86.578,,,,,,,,,,,,,,,,,,,,,,,,,,,,,,,
2026-03-10T09:46:30.426804+00:00,BTCUSD,anaconda,24480388,H4,HOLD,HOLD,NONE,0,1122.2134273350664,0,,,,,,,,,,,,,,,,17.09,17.09,70678.39,71295.24,70634.82,71002.23,68455.41647876885,70759.04064582748,2303.6241670586314,75.78038186419943,69512.83,65610.47,2,,,,,,,,,,,,,,,,,,,,,,,,"price_mixed_ema,no_breakout,rsi_out_of_zone"
2026-03-10T09:46:30.453362+00:00,USDJPY.s,anaconda,24480388,H4,HOLD,HOLD,NONE,0,0.4772112697585978,0,,,,,,,,,,,,,,,,0.023,0.023,157.689,157.712,157.538,157.592,157.22900817814292,156.12659446040536,1.1024137177375621,43.757923526032485,158.889,156.443,4,,,,,,,,,,,,,,,,,,,,,,,,no_breakout
2026-03-10T09:46:30.455221+00:00,EURUSD.s,anaconda,24480388,H4,HOLD,HOLD,NONE,0,0.004076004595533451,0,,,,,,,,,,,,,,,,0.00019,0.00019,1.1645,1.16581,1.1643,1.16565,1.1648607592889582,1.1742998910675,0.009439131778541832,61.6363311390964,1.16465,1.15064,4,,,,,,,,,,,,,,,,,,,,,,,,no_breakout
2026-03-10T09:46:30.457092+00:00,XAUUSD.s,anaconda,24480388,H4,HOLD,HOLD,NONE,0,59.90032558387154,0,,,,,,,,,,,,,,,,0.32,0.32,5183.45,5189.33,5180.53,5189.08,5145.995217492749,5017.103075223716,128.89214226903368,60.59000991648583,5198.29,5014.9,4,,,,,,,,,,,,,,,,,,,,,,,,no_breakout
2026-03-10T09:46:30.457479+00:00,USOUSD.s,anaconda,24480388,H4,OUTSIDE_HOURS,OUTSIDE_HOURS,NONE,0,6.1058639846596465,0,,,,,,,,,,,,,,,,0.079,0.079,88.569,88.733,85.929,87.054,,,,,,,,,,,,,,,,,,,,,,,,,,,,,,,
2026-03-10T09:51:31.295397+00:00,BTCUSD,anaconda,24480388,H4,HOLD,HOLD,NONE,0,1122.2134273350664,0,,,,,,,,,,,,,,,,16.99,16.99,70678.39,71295.24,70634.82,71036.5,68455.41647876885,70759.04064582748,2303.6241670586314,75.95788561157573,69512.83,65610.47,2,,,,,,,,,,,,,,,,,,,,,,,,"price_mixed_ema,no_breakout,rsi_out_of_zone"
2026-03-10T09:51:31.297391+00:00,USDJPY.s,anaconda,24480388,H4,HOLD,HOLD,NONE,0,0.4772112697585978,0,,,,,,,,,,,,,,,,0.024,0.024,157.689,157.712,157.538,157.594,157.22900817814292,156.12659446040536,1.1024137177375621,43.80431925104992,158.889,156.443,4,,,,,,,,,,,,,,,,,,,,,,,,no_breakout
2026-03-10T09:51:31.299488+00:00,EURUSD.s,anaconda,24480388,H4,HOLD,HOLD,NONE,0,0.004076004595533451,0,,,,,,,,,,,,,,,,0.00018,0.00018,1.1645,1.16581,1.1643,1.16545,1.1648607592889582,1.1742998910675,0.009439131778541832,61.309873703649394,1.16465,1.15064,4,,,,,,,,,,,,,,,,,,,,,,,,no_breakout
2026-03-10T09:51:31.300996+00:00,XAUUSD.s,anaconda,24480388,H4,HOLD,HOLD,NONE,0,59.90032558387154,0,,,,,,,,,,,,,,,,0.31,0.31,5183.45,5189.33,5180.53,5184.82,5145.995217492749,5017.103075223716,128.89214226903368,59.93944696240513,5198.29,5014.9,4,,,,,,,,,,,,,,,,,,,,,,,,no_breakout
2026-03-10T09:56:32.059841+00:00,BTCUSD,anaconda,24480388,H4,HOLD,HOLD,NONE,0,1122.2134273350664,0,,,,,,,,,,,,,,,,17.11,17.11,70678.39,71295.24,70634.82,71037.49,68455.41647876885,70759.04064582748,2303.6241670586314,75.9629747239992,69512.83,65610.47,2,,,,,,,,,,,,,,,,,,,,,,,,"price_mixed_ema,no_breakout,rsi_out_of_zone"
2026-03-10T09:56:32.061411+00:00,USDJPY.s,anaconda,24480388,H4,HOLD,HOLD,NONE,0,0.4772112697585978,0,,,,,,,,,,,,,,,,0.023,0.023,157.689,157.712,157.538,157.615,157.22900817814292,156.12659446040536,1.1024137177375621,44.297481236922664,158.889,156.443,4,,,,,,,,,,,,,,,,,,,,,,,,no_breakout
2026-03-10T09:56:32.062497+00:00,EURUSD.s,anaconda,24480388,H4,HOLD,HOLD,NONE,0,0.004076004595533451,0,,,,,,,,,,,,,,,,0.00018,0.00018,1.1645,1.16581,1.1643,1.16522,1.1648607592889582,1.1742998910675,0.009439131778541832,60.92751115554182,1.16465,1.15064,4,,,,,,,,,,,,,,,,,,,,,,,,no_breakout
2026-03-10T09:56:32.063634+00:00,XAUUSD.s,anaconda,24480388,H4,HOLD,HOLD,NONE,0,59.90032558387154,0,,,,,,,,,,,,,,,,0.33,0.33,5183.45,5189.33,5180.53,5185.0,5145.995217492749,5017.103075223716,128.89214226903368,59.96736983108675,5198.29,5014.9,4,,,,,,,,,,,,,,,,,,,,,,,,no_breakout
2026-03-10T10:01:32.443401+00:00,BTCUSD,anaconda,24480388,H4,HOLD,HOLD,NONE,0,1122.2134273350664,0,,,,,,,,,,,,,,,,17.08,17.08,70678.39,71295.24,70634.82,70995.92,68455.41647876885,70759.04064582748,2303.6241670586314,75.74741268016984,69512.83,65610.47,2,,,,,,,,,,,,,,,,,,,,,,,,"price_mixed_ema,no_breakout,rsi_out_of_zone"
2026-03-10T10:01:32.444611+00:00,USDJPY.s,anaconda,24480388,H4,HOLD,HOLD,NONE,0,0.4772112697585978,0,,,,,,,,,,,,,,,,0.024,0.024,157.689,157.712,157.538,157.692,157.22900817814292,156.12659446040536,1.1024137177375621,46.217526990673875,158.889,156.443,4,,,,,,,,,,,,,,,,,,,,,,,,no_breakout
2026-03-10T10:01:32.445950+00:00,EURUSD.s,anaconda,24480388,H4,HOLD,HOLD,NONE,0,0.004076004595533451,0,,,,,,,,,,,,,,,,0.00018,0.00018,1.1645,1.16581,1.1643,1.16479,1.1648607592889582,1.1742998910675,0.009439131778541832,60.19200532492859,1.16465,1.15064,4,,,,,,,,,,,,,,,,,,,,,,,,no_breakout
2026-03-10T10:01:32.447131+00:00,XAUUSD.s,anaconda,24480388,H4,HOLD,HOLD,NONE,0,59.90032558387154,0,,,,,,,,,,,,,,,,0.32,0.32,5183.45,5189.33,5180.53,5180.62,5145.995217492749,5017.103075223716,128.89214226903368,59.07645382731463,5198.29,5014.9,4,,,,,,,,,,,,,,,,,,,,,,,,no_breakout
2026-03-10T10:06:32.804428+00:00,BTCUSD,anaconda,24480388,H4,HOLD,HOLD,NONE,0,1122.2134273350664,0,,,,,,,,,,,,,,,,17.05,17.05,70678.39,71295.24,70634.82,71000.48,68455.41647876885,70759.04064582748,2303.6241670586314,75.7712472571611,69512.83,65610.47,2,,,,,,,,,,,,,,,,,,,,,,,,"price_mixed_ema,no_breakout,rsi_out_of_zone"
2026-03-10T10:06:32.805894+00:00,USDJPY.s,anaconda,24480388,H4,HOLD,HOLD,NONE,0,0.47871126975859885,0,,,,,,,,,,,,,,,,0.023,0.023,157.689,157.733,157.538,157.723,157.22900817814292,156.12659446040536,1.1024137177375621,47.13094654717259,158.889,156.443,4,,,,,,,,,,,,,,,,,,,,,,,,no_breakout
2026-03-10T10:06:32.807438+00:00,EURUSD.s,anaconda,24480388,H4,HOLD,HOLD,NONE,0,0.004076004595533451,0,,,,,,,,,,,,,,,,0.00018,0.00018,1.1645,1.16581,1.1643,1.16458,1.1648607592889582,1.1742998910675,0.009439131778541832,59.82264759057534,1.16465,1.15064,4,,,,,,,,,,,,,,,,,,,,,,,,no_breakout
2026-03-10T10:06:32.809195+00:00,XAUUSD.s,anaconda,24480388,H4,HOLD,HOLD,NONE,0,60.22318272672865,0,,,,,,,,,,,,,,,,0.34,0.34,5183.45,5189.33,5176.01,5179.07,5145.995217492749,5017.103075223716,128.89214226903368,58.72563480525613,5198.29,5014.9,4,,,,,,,,,,,,,,,,,,,,,,,,no_breakout
2026-03-10T10:11:33.842446+00:00,BTCUSD,anaconda,24480388,H4,HOLD,HOLD,NONE,0,1122.2134273350664,0,,,,,,,,,,,,,,,,16.98,16.98,70678.39,71295.24,70634.82,70932.88,68455.41647876885,70759.04064582748,2303.6241670586314,75.41303859435129,69512.83,65610.47,2,,,,,,,,,,,,,,,,,,,,,,,,"price_mixed_ema,no_breakout,rsi_out_of_zone"
2026-03-10T10:11:33.844835+00:00,USDJPY.s,anaconda,24480388,H4,HOLD,HOLD,NONE,0,0.48013984118716896,0,,,,,,,,,,,,,,,,0.024,0.024,157.689,157.753,157.538,157.729,157.22900817814292,156.12659446040536,1.1024137177375621,47.304165488856846,158.889,156.443,4,,,,,,,,,,,,,,,,,,,,,,,,no_breakout
2026-03-10T10:11:33.846438+00:00,EURUSD.s,anaconda,24480388,H4,HOLD,HOLD,NONE,0,0.004076004595533451,0,,,,,,,,,,,,,,,,0.00018,0.00018,1.1645,1.16581,1.1643,1.16475,1.1648607592889582,1.1742998910675,0.009439131778541832,60.122175969635,1.16465,1.15064,4,,,,,,,,,,,,,,,,,,,,,,,,no_breakout
2026-03-10T10:11:33.848102+00:00,XAUUSD.s,anaconda,24480388,H4,HOLD,HOLD,NONE,0,60.22318272672865,0,,,,,,,,,,,,,,,,0.31,0.31,5183.45,5189.33,5176.01,5179.18,5145.995217492749,5017.103075223716,128.89214226903368,58.750394226436086,5198.29,5014.9,4,,,,,,,,,,,,,,,,,,,,,,,,no_breakout
2026-03-10T10:16:34.952881+00:00,BTCUSD,anaconda,24480388,H4,HOLD,HOLD,NONE,0,1122.2134273350664,0,,,,,,,,,,,,,,,,16.96,16.96,70678.39,71295.24,70634.82,70877.42,68455.41647876885,70759.04064582748,2303.6241670586314,75.11115258881865,69512.83,65610.47,2,,,,,,,,,,,,,,,,,,,,,,,,"price_mixed_ema,no_breakout,rsi_out_of_zone"
2026-03-10T10:16:34.954318+00:00,USDJPY.s,anaconda,24480388,H4,HOLD,HOLD,NONE,0,0.4811398411871697,0,,,,,,,,,,,,,,,,0.023,0.023,157.689,157.767,157.538,157.738,157.22900817814292,156.12659446040536,1.1024137177375621,47.56187607012713,158.889,156.443,4,,,,,,,,,,,,,,,,,,,,,,,,no_breakout
2026-03-10T10:16:34.955684+00:00,EURUSD.s,anaconda,24480388,H4,HOLD,HOLD,NONE,0,0.004076004595533451,0,,,,,,,,,,,,,,,,0.00019,0.00019,1.1645,1.16581,1.1643,1.16446,1.1648607592889582,1.1742998910675,0.009439131778541832,59.58295248057659,1.16465,1.15064,4,,,,,,,,,,,,,,,,,,,,,,,,no_breakout
2026-03-10T10:16:34.957436+00:00,XAUUSD.s,anaconda,24480388,H4,HOLD,HOLD,NONE,0,60.22318272672865,0,,,,,,,,,,,,,,,,0.3,0.3,5183.45,5189.33,5176.01,5181.39,5145.995217492749,5017.103075223716,128.89214226903368,59.25229461239311,5198.29,5014.9,4,,,,,,,,,,,,,,,,,,,,,,,,no_breakout
2026-03-10T10:21:36.002952+00:00,BTCUSD,anaconda,24480388,H4,HOLD,HOLD,NONE,0,1122.2134273350664,0,,,,,,,,,,,,,,,,17.0,17.0,70678.39,71295.24,70634.82,70808.89,68455.41647876885,70759.04064582748,2303.6241670586314,74.72772502848093,69512.83,65610.47,2,,,,,,,,,,,,,,,,,,,,,,,,"price_mixed_ema,no_breakout,rsi_out_of_zone"
2026-03-10T10:21:36.004823+00:00,USDJPY.s,anaconda,24480388,H4,HOLD,HOLD,NONE,0,0.4814255554728833,0,,,,,,,,,,,,,,,,0.024,0.024,157.689,157.771,157.538,157.762,157.22900817814292,156.12659446040536,1.1024137177375621,48.23693959318266,158.889,156.443,4,,,,,,,,,,,,,,,,,,,,,,,,no_breakout
2026-03-10T10:21:36.006392+00:00,EURUSD.s,anaconda,24480388,H4,HOLD,HOLD,NONE,0,0.0040874331669620186,0,,,,,,,,,,,,,,,,0.00019,0.00019,1.1645,1.16581,1.16414,1.16435,1.1648607592889582,1.1742998910675,0.009439131778541832,59.29400830907069,1.16465,1.15064,4,,,,,,,,,,,,,,,,,,,,,,,,no_breakout
2026-03-10T10:21:36.008135+00:00,XAUUSD.s,anaconda,24480388,H4,HOLD,HOLD,NONE,0,60.32318272672869,0,,,,,,,,,,,,,,,,0.32,0.32,5183.45,5189.33,5174.61,5179.29,5145.995217492749,5017.103075223716,128.89214226903368,58.77517453415061,5198.29,5014.9,4,,,,,,,,,,,,,,,,,,,,,,,,no_breakout
2026-03-10T10:26:37.081459+00:00,BTCUSD,anaconda,24480388,H4,HOLD,HOLD,NONE,0,1122.2134273350664,0,,,,,,,,,,,,,,,,17.0,17.0,70678.39,71295.24,70634.82,70768.09,68455.41647876885,70759.04064582748,2303.6241670586314,74.49378529894229,69512.83,65610.47,2,,,,,,,,,,,,,,,,,,,,,,,,"price_mixed_ema,no_breakout,rsi_out_of_zone"
2026-03-10T10:26:37.083111+00:00,USDJPY.s,anaconda,24480388,H4,HOLD,HOLD,NONE,0,0.4814255554728833,0,,,,,,,,,,,,,,,,0.024,0.024,157.689,157.771,157.538,157.741,157.22900817814292,156.12659446040536,1.1024137177375621,47.647220357128994,158.889,156.443,4,,,,,,,,,,,,,,,,,,,,,,,,no_breakout
2026-03-10T10:26:37.084403+00:00,EURUSD.s,anaconda,24480388,H4,HOLD,HOLD,NONE,0,0.0040874331669620186,0,,,,,,,,,,,,,,,,0.00018,0.00018,1.1645,1.16581,1.16414,1.16438,1.1648607592889582,1.1742998910675,0.009439131778541832,59.37253296923589,1.16465,1.15064,4,,,,,,,,,,,,,,,,,,,,,,,,no_breakout
2026-03-10T10:26:37.085840+00:00,XAUUSD.s,anaconda,24480388,H4,HOLD,HOLD,NONE,0,60.32318272672869,0,,,,,,,,,,,,,,,,0.32,0.32,5183.45,5189.33,5174.61,5177.59,5145.995217492749,5017.103075223716,128.89214226903368,58.39452589383328,5198.29,5014.9,4,,,,,,,,,,,,,,,,,,,,,,,,no_breakout
2026-03-10T10:31:37.879755+00:00,BTCUSD,anaconda,24480388,H4,HOLD,HOLD,NONE,0,1122.2134273350664,0,,,,,,,,,,,,,,,,17.06,17.06,70678.39,71295.24,70634.82,70865.02,68455.41647876885,70759.04064582748,2303.6241670586314,75.04263870173656,69512.83,65610.47,2,,,,,,,,,,,,,,,,,,,,,,,,"price_mixed_ema,no_breakout,rsi_out_of_zone"
2026-03-10T10:31:37.881289+00:00,USDJPY.s,anaconda,24480388,H4,HOLD,HOLD,NONE,0,0.4814255554728833,0,,,,,,,,,,,,,,,,0.024,0.024,157.689,157.771,157.538,157.729,157.22900817814292,156.12659446040536,1.1024137177375621,47.304165488856846,158.889,156.443,4,,,,,,,,,,,,,,,,,,,,,,,,no_breakout
2026-03-10T10:31:37.882640+00:00,EURUSD.s,anaconda,24480388,H4,HOLD,HOLD,NONE,0,0.0040874331669620186,0,,,,,,,,,,,,,,,,0.00018,0.00018,1.1645,1.16581,1.16414,1.1642299999999999,1.1648607592889582,1.1742998910675,0.009439131778541832,58.98197583367542,1.16465,1.15064,4,,,,,,,,,,,,,,,,,,,,,,,,no_breakout
2026-03-10T10:31:37.883993+00:00,XAUUSD.s,anaconda,24480388,H4,HOLD,HOLD,NONE,0,60.47318272672865,0,,,,,,,,,,,,,,,,0.3,0.3,5183.45,5189.33,5172.51,5174.04,5145.995217492749,5017.103075223716,128.89214226903368,57.61532790137077,5198.29,5014.9,4,,,,,,,,,,,,,,,,,,,,,,,,no_breakout
2026-03-10T10:36:38.273033+00:00,BTCUSD,anaconda,24480388,H4,HOLD,HOLD,NONE,0,1122.2134273350664,0,,,,,,,,,,,,,,,,17.11,17.11,70678.39,71295.24,70634.82,70750.15,68455.41647876885,70759.04064582748,2303.6241670586314,74.3895441403387,69512.83,65610.47,2,,,,,,,,,,,,,,,,,,,,,,,,"price_mixed_ema,no_breakout,rsi_out_of_zone"
2026-03-10T10:36:38.274538+00:00,USDJPY.s,anaconda,24480388,H4,HOLD,HOLD,NONE,0,0.4854969840443131,0,,,,,,,,,,,,,,,,0.024,0.024,157.689,157.828,157.538,157.807,157.22900817814292,156.12659446040536,1.1024137177375621,49.456940889196844,158.889,156.443,4,,,,,,,,,,,,,,,,,,,,,,,,no_breakout
2026-03-10T10:36:38.275759+00:00,EURUSD.s,anaconda,24480388,H4,HOLD,HOLD,NONE,0,0.004186718881247733,0,,,,,,,,,,,,,,,,0.00019,0.00019,1.1645,1.16581,1.16275,1.16285,1.1648607592889582,1.1742998910675,0.009439131778541832,55.616178433239355,1.16465,1.15064,4,,,,,,,,,,,,,,,,,,,,,,,,no_breakout
2026-03-10T10:36:38.277044+00:00,XAUUSD.s,anaconda,24480388,H4,HOLD,HOLD,NONE,0,60.96103986958579,0,,,,,,,,,,,,,,,,0.31,0.31,5183.45,5189.33,5165.68,5168.04,5145.995217492749,5017.103075223716,128.89214226903368,56.34460480773175,5198.29,5014.9,4,,,,,,,,,,,,,,,,,,,,,,,,no_breakout
2026-03-10T10:36:38.277485+00:00,USOUSD.s,anaconda,24480388,H4,OUTSIDE_HOURS,OUTSIDE_HOURS,NONE,0,6.172363984659647,0,,,,,,,,,,,,,,,,0.099,0.099,88.569,89.664,85.929,89.624,,,,,,,,,,,,,,,,,,,,,,,,,,,,,,,
2026-03-10T10:41:38.770791+00:00,BTCUSD,anaconda,24480388,H4,HOLD,HOLD,NONE,0,1122.2134273350664,0,,,,,,,,,,,,,,,,16.97,16.97,70678.39,71295.24,70634.82,70719.19,68455.41647876885,70759.04064582748,2303.6241670586314,74.20763146642346,69512.83,65610.47,2,,,,,,,,,,,,,,,,,,,,,,,,"price_mixed_ema,no_breakout,rsi_out_of_zone"
2026-03-10T10:41:38.772230+00:00,USDJPY.s,anaconda,24480388,H4,HOLD,HOLD,NONE,0,0.48949698404431186,0,,,,,,,,,,,,,,,,0.023,0.023,157.689,157.884,157.538,157.809,157.22900817814292,156.12659446040536,1.1024137177375621,49.50982980486608,158.889,156.443,4,,,,,,,,,,,,,,,,,,,,,,,,no_breakout
2026-03-10T10:41:38.774737+00:00,EURUSD.s,anaconda,24480388,H4,HOLD,HOLD,NONE,0,0.004243861738390584,0,,,,,,,,,,,,,,,,0.00019,0.00019,1.1645,1.16581,1.16195,1.1632,1.1648607592889582,1.1742998910675,0.009439131778541832,56.43293044833471,1.16465,1.15064,4,,,,,,,,,,,,,,,,,,,,,,,,no_breakout
2026-03-10T10:41:38.775989+00:00,XAUUSD.s,anaconda,24480388,H4,HOLD,HOLD,NONE,0,61.61961129815724,0,,,,,,,,,,,,,,,,0.32,0.32,5183.45,5189.33,5156.46,5163.39,5145.995217492749,5017.103075223716,128.89214226903368,55.39770000046717,5198.29,5014.9,4,,,,,,,,,,,,,,,,,,,,,,,,no_breakout
2026-03-10T10:46:39.196832+00:00,BTCUSD,anaconda,24480388,H4,HOLD,HOLD,NONE,0,1122.2134273350664,0,,,,,,,,,,,,,,,,17.06,17.06,70678.39,71295.24,70634.82,70667.72,68455.41647876885,70759.04064582748,2303.6241670586314,73.7923677639402,69512.83,65610.47,2,,,,,,,,,,,,,,,,,,,,,,,,"price_mixed_ema,no_breakout,rsi_out_of_zone"
2026-03-10T10:46:39.198136+00:00,USDJPY.s,anaconda,24480388,H4,HOLD,HOLD,NONE,0,0.48949698404431186,0,,,,,,,,,,,,,,,,0.024,0.024,157.689,157.884,157.538,157.823,157.22900817814292,156.12659446040536,1.1024137177375621,49.876975506669524,158.889,156.443,4,,,,,,,,,,,,,,,,,,,,,,,,no_breakout
2026-03-10T10:46:39.199309+00:00,EURUSD.s,anaconda,24480388,H4,HOLD,HOLD,NONE,0,0.004243861738390584,0,,,,,,,,,,,,,,,,0.00019,0.00019,1.1645,1.16581,1.16195,1.16334,1.1648607592889582,1.1742998910675,0.009439131778541832,56.76638781953431,1.16465,1.15064,4,,,,,,,,,,,,,,,,,,,,,,,,no_breakout
2026-03-10T10:46:39.200531+00:00,XAUUSD.s,anaconda,24480388,H4,HOLD,HOLD,NONE,0,61.61961129815724,0,,,,,,,,,,,,,,,,0.32,0.32,5183.45,5189.33,5156.46,5170.83,5145.995217492749,5017.103075223716,128.89214226903368,56.92844658901281,5198.29,5014.9,4,,,,,,,,,,,,,,,,,,,,,,,,no_breakout
2026-03-10T10:51:39.769127+00:00,BTCUSD,anaconda,24480388,H4,HOLD,HOLD,NONE,0,1122.2134273350664,0,,,,,,,,,,,,,,,,17.03,17.03,70678.39,71295.24,70634.82,70782.23,68455.41647876885,70759.04064582748,2303.6241670586314,74.57535030438636,69512.83,65610.47,2,,,,,,,,,,,,,,,,,,,,,,,,"price_mixed_ema,no_breakout,rsi_out_of_zone"
2026-03-10T10:51:39.770325+00:00,USDJPY.s,anaconda,24480388,H4,HOLD,HOLD,NONE,0,0.48949698404431186,0,,,,,,,,,,,,,,,,0.025,0.025,157.689,157.884,157.538,157.8,157.22900817814292,156.12659446040536,1.1024137177375621,49.27095389790542,158.889,156.443,4,,,,,,,,,,,,,,,,,,,,,,,,no_breakout
2026-03-10T10:51:39.771519+00:00,EURUSD.s,anaconda,24480388,H4,HOLD,HOLD,NONE,0,0.004243861738390584,0,,,,,,,,,,,,,,,,0.00018,0.00018,1.1645,1.16581,1.16195,1.16337,1.1648607592889582,1.1742998910675,0.009439131778541832,56.83835631912268,1.16465,1.15064,4,,,,,,,,,,,,,,,,,,,,,,,,no_breakout
2026-03-10T10:51:39.772698+00:00,XAUUSD.s,anaconda,24480388,H4,HOLD,HOLD,NONE,0,61.61961129815724,0,,,,,,,,,,,,,,,,0.33,0.33,5183.45,5189.33,5156.46,5175.55,5145.995217492749,5017.103075223716,128.89214226903368,57.944205501661685,5198.29,5014.9,4,,,,,,,,,,,,,,,,,,,,,,,,no_breakout
2026-03-10T10:56:40.135528+00:00,BTCUSD,anaconda,24480388,H4,HOLD,HOLD,NONE,0,1122.2134273350664,0,,,,,,,,,,,,,,,,16.97,16.97,70678.39,71295.24,70634.82,70822.84,68455.41647876885,70759.04064582748,2303.6241670586314,74.80673038756714,69512.83,65610.47,2,,,,,,,,,,,,,,,,,,,,,,,,"price_mixed_ema,no_breakout,rsi_out_of_zone"
2026-03-10T10:56:40.136681+00:00,USDJPY.s,anaconda,24480388,H4,HOLD,HOLD,NONE,0,0.48949698404431186,0,,,,,,,,,,,,,,,,0.025,0.025,157.689,157.884,157.538,157.781,157.22900817814292,156.12659446040536,1.1024137177375621,48.75916268664814,158.889,156.443,4,,,,,,,,,,,,,,,,,,,,,,,,no_breakout
2026-03-10T10:56:40.137827+00:00,EURUSD.s,anaconda,24480388,H4,HOLD,HOLD,NONE,0,0.004243861738390584,0,,,,,,,,,,,,,,,,0.00019,0.00019,1.1645,1.16581,1.16195,1.1636,1.1648607592889582,1.1742998910675,0.009439131778541832,57.39623682858456,1.16465,1.15064,4,,,,,,,,,,,,,,,,,,,,,,,,no_breakout
2026-03-10T10:56:40.138947+00:00,XAUUSD.s,anaconda,24480388,H4,HOLD,HOLD,NONE,0,61.61961129815724,0,,,,,,,,,,,,,,,,0.33,0.33,5183.45,5189.33,5156.46,5174.24,5145.995217492749,5017.103075223716,128.89214226903368,57.65867319759491,5198.29,5014.9,4,,,,,,,,,,,,,,,,,,,,,,,,no_breakout
2026-03-10T11:01:40.495767+00:00,BTCUSD,anaconda,24480388,H4,HOLD,HOLD,NONE,0,1122.2134273350664,0,,,,,,,,,,,,,,,,16.99,16.99,70678.39,71295.24,70634.82,70730.85,68455.41647876885,70759.04064582748,2303.6241670586314,74.27644505935854,69512.83,65610.47,2,,,,,,,,,,,,,,,,,,,,,,,,"price_mixed_ema,no_breakout,rsi_out_of_zone"
2026-03-10T11:01:40.497326+00:00,USDJPY.s,anaconda,24480388,H4,HOLD,HOLD,NONE,0,0.48949698404431186,0,,,,,,,,,,,,,,,,0.024,0.024,157.689,157.884,157.538,157.777,157.22900817814292,156.12659446040536,1.1024137177375621,48.650098508059514,158.889,156.443,4,,,,,,,,,,,,,,,,,,,,,,,,no_breakout
2026-03-10T11:01:40.498622+00:00,EURUSD.s,anaconda,24480388,H4,HOLD,HOLD,NONE,0,0.004243861738390584,0,,,,,,,,,,,,,,,,0.00019,0.00019,1.1645,1.16581,1.16195,1.16387,1.1648607592889582,1.1742998910675,0.009439131778541832,58.06527686568952,1.16465,1.15064,4,,,,,,,,,,,,,,,,,,,,,,,,no_breakout
2026-03-10T11:01:40.499861+00:00,XAUUSD.s,anaconda,24480388,H4,HOLD,HOLD,NONE,0,61.61961129815724,0,,,,,,,,,,,,,,,,0.34,0.34,5183.45,5189.33,5156.46,5179.03,5145.995217492749,5017.103075223716,128.89214226903368,58.71663655269468,5198.29,5014.9,4,,,,,,,,,,,,,,,,,,,,,,,,no_breakout
2026-03-10T11:06:41.052118+00:00,BTCUSD,anaconda,24480388,H4,HOLD,HOLD,NONE,0,1123.2727130493522,0,,,,,,,,,,,,,,,,16.95,16.95,70678.39,71295.24,70619.99,70772.11,68455.41647876885,70759.04064582748,2303.6241670586314,74.51702741269027,69512.83,65610.47,2,,,,,,,,,,,,,,,,,,,,,,,,"price_mixed_ema,no_breakout,rsi_out_of_zone"
2026-03-10T11:06:41.053468+00:00,USDJPY.s,anaconda,24480388,H4,HOLD,HOLD,NONE,0,0.48949698404431186,0,,,,,,,,,,,,,,,,0.024,0.024,157.689,157.884,157.538,157.694,157.22900817814292,156.12659446040536,1.1024137177375621,46.277408677455654,158.889,156.443,4,,,,,,,,,,,,,,,,,,,,,,,,no_breakout
2026-03-10T11:06:41.054593+00:00,EURUSD.s,anaconda,24480388,H4,HOLD,HOLD,NONE,0,0.004243861738390584,0,,,,,,,,,,,,,,,,0.00019,0.00019,1.1645,1.16581,1.16195,1.16466,1.1648607592889582,1.1742998910675,0.009439131778541832,59.96416065224746,1.16465,1.15064,4,,,,,,,,,,,,,,,,,,,,,,,,no_breakout
2026-03-10T11:06:41.056029+00:00,XAUUSD.s,anaconda,24480388,H4,HOLD,HOLD,NONE,0,61.61961129815724,0,,,,,,,,,,,,,,,,0.34,0.34,5183.45,5189.33,5156.46,5185.49,5145.995217492749,5017.103075223716,128.89214226903368,60.04318524817392,5198.29,5014.9,4,,,,,,,,,,,,,,,,,,,,,,,,no_breakout
2026-03-10T11:11:41.552461+00:00,BTCUSD,anaconda,24480388,H4,HOLD,HOLD,NONE,0,1123.2727130493522,0,,,,,,,,,,,,,,,,16.95,16.95,70678.39,71295.24,70619.99,70729.94,68455.41647876885,70759.04064582748,2303.6241670586314,74.27108774320544,69512.83,65610.47,2,,,,,,,,,,,,,,,,,,,,,,,,"price_mixed_ema,no_breakout,rsi_out_of_zone"
2026-03-10T11:11:41.553720+00:00,USDJPY.s,anaconda,24480388,H4,HOLD,HOLD,NONE,0,0.48949698404431186,0,,,,,,,,,,,,,,,,0.024,0.024,157.689,157.884,157.538,157.728,157.22900817814292,156.12659446040536,1.1024137177375621,47.275374531993144,158.889,156.443,4,,,,,,,,,,,,,,,,,,,,,,,,no_breakout
2026-03-10T11:11:41.554819+00:00,EURUSD.s,anaconda,24480388,H4,HOLD,HOLD,NONE,0,0.004243861738390584,0,,,,,,,,,,,,,,,,0.00019,0.00019,1.1645,1.16581,1.16195,1.16456,1.1648607592889582,1.1742998910675,0.009439131778541832,59.78711287425293,1.16465,1.15064,4,,,,,,,,,,,,,,,,,,,,,,,,no_breakout
2026-03-10T11:11:41.556125+00:00,XAUUSD.s,anaconda,24480388,H4,HOLD,HOLD,NONE,0,61.79961129815727,0,,,,,,,,,,,,,,,,0.3,0.3,5183.45,5191.85,5156.46,5191.44,5145.995217492749,5017.103075223716,128.89214226903368,60.94140157472871,5198.29,5014.9,4,,,,,,,,,,,,,,,,,,,,,,,,no_breakout
2026-03-10T11:16:42.003288+00:00,BTCUSD,anaconda,24480388,H4,HOLD,HOLD,NONE,0,1127.0134273350673,0,,,,,,,,,,,,,,,,17.06,17.06,70678.39,71295.24,70567.62,70636.78,68455.41647876885,70759.04064582748,2303.6241670586314,73.2684163078533,69512.83,65610.47,2,,,,,,,,,,,,,,,,,,,,,,,,"price_mixed_ema,no_breakout,rsi_out_of_zone"
2026-03-10T11:16:42.004567+00:00,USDJPY.s,anaconda,24480388,H4,HOLD,HOLD,NONE,0,0.48949698404431186,0,,,,,,,,,,,,,,,,0.024,0.024,157.689,157.884,157.538,157.788,157.22900817814292,156.12659446040536,1.1024137177375621,48.94891433143686,158.889,156.443,4,,,,,,,,,,,,,,,,,,,,,,,,no_breakout
2026-03-10T11:16:42.005785+00:00,EURUSD.s,anaconda,24480388,H4,HOLD,HOLD,NONE,0,0.004243861738390584,0,,,,,,,,,,,,,,,,0.00019,0.00019,1.1645,1.16581,1.16195,1.16428,1.1648607592889582,1.1742998910675,0.009439131778541832,59.111589376452244,1.16465,1.15064,4,,,,,,,,,,,,,,,,,,,,,,,,no_breakout
2026-03-10T11:16:42.007103+00:00,XAUUSD.s,anaconda,24480388,H4,HOLD,HOLD,NONE,0,61.79961129815727,0,,,,,,,,,,,,,,,,0.3,0.3,5183.45,5191.85,5156.46,5183.07,5145.995217492749,5017.103075223716,128.89214226903368,59.63960443097524,5198.29,5014.9,4,,,,,,,,,,,,,,,,,,,,,,,,no_breakout
2026-03-10T11:21:42.375846+00:00,BTCUSD,anaconda,24480388,H4,HOLD,HOLD,NONE,0,1127.0134273350673,0,,,,,,,,,,,,,,,,17.07,17.07,70678.39,71295.24,70567.62,70657.93,68455.41647876885,70759.04064582748,2303.6241670586314,73.62577102902365,69512.83,65610.47,2,,,,,,,,,,,,,,,,,,,,,,,,"price_mixed_ema,no_breakout,rsi_out_of_zone"
2026-03-10T11:21:42.377657+00:00,USDJPY.s,anaconda,24480388,H4,HOLD,HOLD,NONE,0,0.48949698404431186,0,,,,,,,,,,,,,,,,0.023,0.023,157.689,157.884,157.538,157.789,157.22900817814292,156.12659446040536,1.1024137177375621,48.975907047372644,158.889,156.443,4,,,,,,,,,,,,,,,,,,,,,,,,no_breakout
2026-03-10T11:21:42.379060+00:00,EURUSD.s,anaconda,24480388,H4,HOLD,HOLD,NONE,0,0.004243861738390584,0,,,,,,,,,,,,,,,,0.00018,0.00018,1.1645,1.16581,1.16195,1.16419,1.1648607592889582,1.1742998910675,0.009439131778541832,58.878693534640036,1.16465,1.15064,4,,,,,,,,,,,,,,,,,,,,,,,,no_breakout
2026-03-10T11:21:42.380614+00:00,XAUUSD.s,anaconda,24480388,H4,HOLD,HOLD,NONE,0,61.79961129815727,0,,,,,,,,,,,,,,,,0.33,0.33,5183.45,5191.85,5156.46,5187.82,5145.995217492749,5017.103075223716,128.89214226903368,60.39980107424768,5198.29,5014.9,4,,,,,,,,,,,,,,,,,,,,,,,,no_breakout
2026-03-10T11:26:43.449971+00:00,BTCUSD,anaconda,24480388,H4,HOLD,HOLD,NONE,0,1127.0134273350673,0,,,,,,,,,,,,,,,,17.07,17.07,70678.39,71295.24,70567.62,70715.05,68455.41647876885,70759.04064582748,2303.6241670586314,74.18310985735278,69512.83,65610.47,2,,,,,,,,,,,,,,,,,,,,,,,,"price_mixed_ema,no_breakout,rsi_out_of_zone"
2026-03-10T11:26:43.451518+00:00,USDJPY.s,anaconda,24480388,H4,HOLD,HOLD,NONE,0,0.48949698404431186,0,,,,,,,,,,,,,,,,0.024,0.024,157.689,157.884,157.538,157.733,157.22900817814292,156.12659446040536,1.1024137177375621,47.41901556820237,158.889,156.443,4,,,,,,,,,,,,,,,,,,,,,,,,no_breakout
2026-03-10T11:26:43.453103+00:00,EURUSD.s,anaconda,24480388,H4,HOLD,HOLD,NONE,0,0.004243861738390584,0,,,,,,,,,,,,,,,,0.00018,0.00018,1.1645,1.16581,1.16195,1.16446,1.1648607592889582,1.1742998910675,0.009439131778541832,59.58295248057659,1.16465,1.15064,4,,,,,,,,,,,,,,,,,,,,,,,,no_breakout
2026-03-10T11:26:43.455058+00:00,XAUUSD.s,anaconda,24480388,H4,HOLD,HOLD,NONE,0,61.79961129815727,0,,,,,,,,,,,,,,,,0.32,0.32,5183.45,5191.85,5156.46,5185.24,5145.995217492749,5017.103075223716,128.89214226903368,60.0045398282553,5198.29,5014.9,4,,,,,,,,,,,,,,,,,,,,,,,,no_breakout
2026-03-10T11:26:43.455457+00:00,USOUSD.s,anaconda,24480388,H4,OUTSIDE_HOURS,OUTSIDE_HOURS,NONE,0,6.207006841802504,0,,,,,,,,,,,,,,,,0.079,0.079,88.569,90.149,85.929,87.784,,,,,,,,,,,,,,,,,,,,,,,,,,,,,,,
2026-03-10T11:31:44.401334+00:00,BTCUSD,anaconda,24480388,H4,HOLD,HOLD,NONE,0,1127.0134273350673,0,,,,,,,,,,,,,,,,17.01,17.01,70678.39,71295.24,70567.62,70585.93,68455.41647876885,70759.04064582748,2303.6241670586314,72.42327676107075,69512.83,65610.47,2,,,,,,,,,,,,,,,,,,,,,,,,"price_mixed_ema,no_breakout,rsi_out_of_zone"
2026-03-10T11:31:44.402784+00:00,USDJPY.s,anaconda,24480388,H4,HOLD,HOLD,NONE,0,0.48949698404431186,0,,,,,,,,,,,,,,,,0.024,0.024,157.689,157.884,157.538,157.817,157.22900817814292,156.12659446040536,1.1024137177375621,49.720283208205615,158.889,156.443,4,,,,,,,,,,,,,,,,,,,,,,,,no_breakout
2026-03-10T11:31:44.404270+00:00,EURUSD.s,anaconda,24480388,H4,HOLD,HOLD,NONE,0,0.004243861738390584,0,,,,,,,,,,,,,,,,0.00018,0.00018,1.1645,1.16581,1.16195,1.16375,1.1648607592889582,1.1742998910675,0.009439131778541832,57.76601006391522,1.16465,1.15064,4,,,,,,,,,,,,,,,,,,,,,,,,no_breakout
2026-03-10T11:31:44.405637+00:00,XAUUSD.s,anaconda,24480388,H4,HOLD,HOLD,NONE,0,61.79961129815727,0,,,,,,,,,,,,,,,,0.33,0.33,5183.45,5191.85,5156.46,5176.77,5145.995217492749,5017.103075223716,128.89214226903368,58.212676084098035,5198.29,5014.9,4,,,,,,,,,,,,,,,,,,,,,,,,no_breakout
2026-03-10T11:36:45.478876+00:00,BTCUSD,anaconda,24480388,H4,HOLD,HOLD,NONE,0,1127.0134273350673,0,,,,,,,,,,,,,,,,16.97,16.97,70678.39,71295.24,70567.62,70631.02,68455.41647876885,70759.04064582748,2303.6241670586314,73.1716943916806,69512.83,65610.47,2,,,,,,,,,,,,,,,,,,,,,,,,"price_mixed_ema,no_breakout,rsi_out_of_zone"
2026-03-10T11:36:45.480835+00:00,USDJPY.s,anaconda,24480388,H4,HOLD,HOLD,NONE,0,0.48949698404431186,0,,,,,,,,,,,,,,,,0.024,0.024,157.689,157.884,157.538,157.77,157.22900817814292,156.12659446040536,1.1024137177375621,48.45811484995377,158.889,156.443,4,,,,,,,,,,,,,,,,,,,,,,,,no_breakout
2026-03-10T11:36:45.482509+00:00,EURUSD.s,anaconda,24480388,H4,HOLD,HOLD,NONE,0,0.004243861738390584,0,,,,,,,,,,,,,,,,0.00019,0.00019,1.1645,1.16581,1.16195,1.16411,1.1648607592889582,1.1742998910675,0.009439131778541832,58.673210284398266,1.16465,1.15064,4,,,,,,,,,,,,,,,,,,,,,,,,no_breakout
2026-03-10T11:36:45.483944+00:00,XAUUSD.s,anaconda,24480388,H4,HOLD,HOLD,NONE,0,61.79961129815727,0,,,,,,,,,,,,,,,,0.33,0.33,5183.45,5191.85,5156.46,5184.38,5145.995217492749,5017.103075223716,128.89214226903368,59.87102679566614,5198.29,5014.9,4,,,,,,,,,,,,,,,,,,,,,,,,no_breakout
2026-03-10T11:41:46.508844+00:00,BTCUSD,anaconda,24480388,H4,HOLD,HOLD,NONE,0,1127.0134273350673,0,,,,,,,,,,,,,,,,16.97,16.97,70678.39,71295.24,70567.62,70608.1,68455.41647876885,70759.04064582748,2303.6241670586314,72.78933832194393,69512.83,65610.47,2,,,,,,,,,,,,,,,,,,,,,,,,"price_mixed_ema,no_breakout,rsi_out_of_zone"
2026-03-10T11:41:46.510724+00:00,USDJPY.s,anaconda,24480388,H4,HOLD,HOLD,NONE,0,0.48949698404431186,0,,,,,,,,,,,,,,,,0.024,0.024,157.689,157.884,157.538,157.764,157.22900817814292,156.12659446040536,1.1024137177375621,48.292411173250585,158.889,156.443,4,,,,,,,,,,,,,,,,,,,,,,,,no_breakout
2026-03-10T11:41:46.512604+00:00,EURUSD.s,anaconda,24480388,H4,HOLD,HOLD,NONE,0,0.004243861738390584,0,,,,,,,,,,,,,,,,0.00019,0.00019,1.1645,1.16581,1.16195,1.1643,1.1648607592889582,1.1742998910675,0.009439131778541832,59.16359443711672,1.16465,1.15064,4,,,,,,,,,,,,,,,,,,,,,,,,no_breakout
2026-03-10T11:41:46.514214+00:00,XAUUSD.s,anaconda,24480388,H4,HOLD,HOLD,NONE,0,61.79961129815727,0,,,,,,,,,,,,,,,,0.31,0.31,5183.45,5191.85,5156.46,5177.79,5145.995217492749,5017.103075223716,128.89214226903368,58.439051987108336,5198.29,5014.9,4,,,,,,,,,,,,,,,,,,,,,,,,no_breakout
2026-03-10T11:46:47.440223+00:00,BTCUSD,anaconda,24480388,H4,HOLD,HOLD,NONE,0,1129.334855906496,0,,,,,,,,,,,,,,,,17.04,17.04,70678.39,71295.24,70535.12,70547.36,68455.41647876885,70759.04064582748,2303.6241670586314,71.79512403114518,69512.83,65610.47,2,,,,,,,,,,,,,,,,,,,,,,,,"price_mixed_ema,no_breakout,rsi_out_of_zone"
2026-03-10T11:46:47.441698+00:00,USDJPY.s,anaconda,24480388,H4,HOLD,HOLD,NONE,0,0.48949698404431186,0,,,,,,,,,,,,,,,,0.023,0.023,157.689,157.884,157.538,157.799,157.22900817814292,156.12659446040536,1.1024137177375621,49.24427253181942,158.889,156.443,4,,,,,,,,,,,,,,,,,,,,,,,,no_breakout
2026-03-10T11:46:47.442945+00:00,EURUSD.s,anaconda,24480388,H4,HOLD,HOLD,NONE,0,0.004243861738390584,0,,,,,,,,,,,,,,,,0.00018,0.00018,1.1645,1.16581,1.16195,1.16403,1.1648607592889582,1.1742998910675,0.009439131778541832,58.46915629554009,1.16465,1.15064,4,,,,,,,,,,,,,,,,,,,,,,,,no_breakout
2026-03-10T11:46:47.444122+00:00,XAUUSD.s,anaconda,24480388,H4,HOLD,HOLD,NONE,0,61.79961129815727,0,,,,,,,,,,,,,,,,0.3,0.3,5183.45,5191.85,5156.46,5172.36,5145.995217492749,5017.103075223716,128.89214226903368,57.253784188637304,5198.29,5014.9,4,,,,,,,,,,,,,,,,,,,,,,,,no_breakout
2026-03-10T11:51:47.909665+00:00,BTCUSD,anaconda,24480388,H4,HOLD,HOLD,NONE,0,1129.4019987636389,0,,,,,,,,,,,,,,,,17.07,17.07,70678.39,71295.24,70534.18,70667.46,68455.41647876885,70759.04064582748,2303.6241670586314,73.78793359093127,69512.83,65610.47,2,,,,,,,,,,,,,,,,,,,,,,,,"price_mixed_ema,no_breakout,rsi_out_of_zone"
2026-03-10T11:51:47.911087+00:00,USDJPY.s,anaconda,24480388,H4,HOLD,HOLD,NONE,0,0.48949698404431186,0,,,,,,,,,,,,,,,,0.023,0.023,157.689,157.884,157.538,157.754,157.22900817814292,156.12659446040536,1.1024137177375621,48.01385795225165,158.889,156.443,4,,,,,,,,,,,,,,,,,,,,,,,,no_breakout
2026-03-10T11:51:47.912357+00:00,EURUSD.s,anaconda,24480388,H4,HOLD,HOLD,NONE,0,0.004243861738390584,0,,,,,,,,,,,,,,,,0.00019,0.00019,1.1645,1.16581,1.16195,1.1645,1.1648607592889582,1.1742998910675,0.009439131778541832,59.680130579295344,1.16465,1.15064,4,,,,,,,,,,,,,,,,,,,,,,,,no_breakout
2026-03-10T11:51:47.913655+00:00,XAUUSD.s,anaconda,24480388,H4,HOLD,HOLD,NONE,0,61.79961129815727,0,,,,,,,,,,,,,,,,0.33,0.33,5183.45,5191.85,5156.46,5177.52,5145.995217492749,5017.103075223716,128.89214226903368,58.37895778670353,5198.29,5014.9,4,,,,,,,,,,,,,,,,,,,,,,,,no_breakout
2026-03-10T11:56:48.315138+00:00,BTCUSD,anaconda,24480388,H4,HOLD,HOLD,NONE,0,1129.4019987636389,0,,,,,,,,,,,,,,,,17.03,17.03,70678.39,71295.24,70534.18,70579.67,68455.41647876885,70759.04064582748,2303.6241670586314,72.3205799646927,69512.83,65610.47,2,,,,,,,,,,,,,,,,,,,,,,,,"price_mixed_ema,no_breakout,rsi_out_of_zone"
2026-03-10T11:56:48.316380+00:00,USDJPY.s,anaconda,24480388,H4,HOLD,HOLD,NONE,0,0.48949698404431186,0,,,,,,,,,,,,,,,,0.023,0.023,157.689,157.884,157.538,157.832,157.22900817814292,156.12659446040536,1.1024137177375621,50.11019128322557,158.889,156.443,4,,,,,,,,,,,,,,,,,,,,,,,,no_breakout
2026-03-10T11:56:48.317554+00:00,EURUSD.s,anaconda,24480388,H4,HOLD,HOLD,NONE,0,0.004243861738390584,0,,,,,,,,,,,,,,,,0.00019,0.00019,1.1645,1.16581,1.16195,1.16354,1.1648607592889582,1.1742998910675,0.009439131778541832,57.24964967010429,1.16465,1.15064,4,,,,,,,,,,,,,,,,,,,,,,,,no_breakout
2026-03-10T11:56:48.318876+00:00,XAUUSD.s,anaconda,24480388,H4,HOLD,HOLD,NONE,0,61.79961129815727,0,,,,,,,,,,,,,,,,0.32,0.32,5183.45,5191.85,5156.46,5174.19,5145.995217492749,5017.103075223716,128.89214226903368,57.64783076038239,5198.29,5014.9,4,,,,,,,,,,,,,,,,,,,,,,,,no_breakout
2026-03-10T12:01:49.028315+00:00,BTCUSD,anaconda,24480388,H4,HOLD,HOLD,NONE,0,1129.4019987636389,0,,,,,,,,,,,,,,,,16.98,16.98,70678.39,71295.24,70534.18,70555.24,68455.41647876885,70759.04064582748,2303.6241670586314,71.92257080966183,69512.83,65610.47,2,,,,,,,,,,,,,,,,,,,,,,,,"price_mixed_ema,no_breakout,rsi_out_of_zone"
2026-03-10T12:01:49.029710+00:00,USDJPY.s,anaconda,24480388,H4,HOLD,HOLD,NONE,0,0.48949698404431186,0,,,,,,,,,,,,,,,,0.024,0.024,157.689,157.884,157.538,157.811,157.22900817814292,156.12659446040536,1.1024137177375621,49.56260814893779,158.889,156.443,4,,,,,,,,,,,,,,,,,,,,,,,,no_breakout
2026-03-10T12:01:49.030831+00:00,EURUSD.s,anaconda,24480388,H4,HOLD,HOLD,NONE,0,0.004243861738390584,0,,,,,,,,,,,,,,,,0.00018,0.00018,1.1645,1.16581,1.16195,1.16354,1.1648607592889582,1.1742998910675,0.009439131778541832,57.24964967010429,1.16465,1.15064,4,,,,,,,,,,,,,,,,,,,,,,,,no_breakout
2026-03-10T12:01:49.032182+00:00,XAUUSD.s,anaconda,24480388,H4,HOLD,HOLD,NONE,0,61.79961129815727,0,,,,,,,,,,,,,,,,0.33,0.33,5183.45,5191.85,5156.46,5173.06,5145.995217492749,5017.103075223716,128.89214226903368,57.40387452829623,5198.29,5014.9,4,,,,,,,,,,,,,,,,,,,,,,,,no_breakout
2026-03-10T12:11:50.069860+00:00,BTCUSD,anaconda,24480388,H4,HOLD,HOLD,NONE,0,1141.7205701922096,0,,,,,,,,,,,,,,,,17.02,17.02,70678.39,71295.24,70361.72,70361.77,68455.41647876885,70759.04064582748,2303.6241670586314,68.91885142467268,69512.83,65610.47,3,,,,,,,,,,,,,,,,,,,,,,,,"price_mixed_ema,no_breakout"
2026-03-10T12:11:50.070986+00:00,USDJPY.s,anaconda,24480388,H4,HOLD,HOLD,NONE,0,0.4917826983300269,0,,,,,,,,,,,,,,,,0.024,0.024,157.689,157.916,157.538,157.888,157.22900817814292,156.12659446040536,1.1024137177375621,51.51392020055115,158.889,156.443,4,,,,,,,,,,,,,,,,,,,,,,,,no_breakout
2026-03-10T12:11:50.072198+00:00,EURUSD.s,anaconda,24480388,H4,HOLD,HOLD,NONE,0,0.004243861738390584,0,,,,,,,,,,,,,,,,0.00018,0.00018,1.1645,1.16581,1.16195,1.1623999999999999,1.1648607592889582,1.1742998910675,0.009439131778541832,54.600172840308595,1.16465,1.15064,4,,,,,,,,,,,,,,,,,,,,,,,,no_breakout
2026-03-10T12:11:50.073380+00:00,XAUUSD.s,anaconda,24480388,H4,HOLD,HOLD,NONE,0,61.79961129815727,0,,,,,,,,,,,,,,,,0.34,0.34,5183.45,5191.85,5156.46,5170.46,5145.995217492749,5017.103075223716,128.89214226903368,56.85032459795907,5198.29,5014.9,4,,,,,,,,,,,,,,,,,,,,,,,,no_breakout
2026-03-10T12:16:50.545117+00:00,BTCUSD,anaconda,24480388,H4,HOLD,HOLD,NONE,0,1142.8962844779244,0,,,,,,,,,,,,,,,,17.11,17.11,70678.39,71295.24,70345.26,70420.46,68455.41647876885,70759.04064582748,2303.6241670586314,69.80319275006444,69512.83,65610.47,3,,,,,,,,,,,,,,,,,,,,,,,,"price_mixed_ema,no_breakout"
2026-03-10T12:16:50.546432+00:00,USDJPY.s,anaconda,24480388,H4,HOLD,HOLD,NONE,0,0.49342555547288375,0,,,,,,,,,,,,,,,,0.023,0.023,157.689,157.939,157.538,157.939,157.22900817814292,156.12659446040536,1.1024137177375621,52.72530546973334,158.889,156.443,4,,,,,,,,,,,,,,,,,,,,,,,,no_breakout
2026-03-10T12:16:50.547741+00:00,EURUSD.s,anaconda,24480388,H4,HOLD,HOLD,NONE,0,0.004243861738390584,0,,,,,,,,,,,,,,,,0.00018,0.00018,1.1645,1.16581,1.16195,1.16224,1.1648607592889582,1.1742998910675,0.009439131778541832,54.247814407795005,1.16465,1.15064,4,,,,,,,,,,,,,,,,,,,,,,,,no_breakout
2026-03-10T12:16:50.549124+00:00,XAUUSD.s,anaconda,24480388,H4,HOLD,HOLD,NONE,0,61.79961129815727,0,,,,,,,,,,,,,,,,0.34,0.34,5183.45,5191.85,5156.46,5168.16,5145.995217492749,5017.103075223716,128.89214226903368,56.36946971419017,5198.29,5014.9,4,,,,,,,,,,,,,,,,,,,,,,,,no_breakout
2026-03-10T12:16:50.549466+00:00,USOUSD.s,anaconda,24480388,H4,OUTSIDE_HOURS,OUTSIDE_HOURS,NONE,0,6.273435413231074,0,,,,,,,,,,,,,,,,0.079,0.079,88.569,91.079,85.929,90.228,,,,,,,,,,,,,,,,,,,,,,,,,,,,,,,
2026-03-10T12:21:51.104928+00:00,BTCUSD,anaconda,24480388,H4,HOLD,HOLD,NONE,0,1142.8962844779244,0,,,,,,,,,,,,,,,,16.97,16.97,70678.39,71295.24,70345.26,70493.21,68455.41647876885,70759.04064582748,2303.6241670586314,70.93140111607124,69512.83,65610.47,2,,,,,,,,,,,,,,,,,,,,,,,,"price_mixed_ema,no_breakout,rsi_out_of_zone"
2026-03-10T12:21:51.106204+00:00,USDJPY.s,anaconda,24480388,H4,HOLD,HOLD,NONE,0,0.4948541269014559,0,,,,,,,,,,,,,,,,0.024,0.024,157.689,157.959,157.538,157.927,157.22900817814292,156.12659446040536,1.1024137177375621,52.445751535343206,158.889,156.443,4,,,,,,,,,,,,,,,,,,,,,,,,no_breakout
2026-03-10T12:21:51.107348+00:00,EURUSD.s,anaconda,24480388,H4,HOLD,HOLD,NONE,0,0.004243861738390584,0,,,,,,,,,,,,,,,,0.00019,0.00019,1.1645,1.16581,1.16195,1.16262,1.1648607592889582,1.1742998910675,0.009439131778541832,55.092207043028615,1.16465,1.15064,4,,,,,,,,,,,,,,,,,,,,,,,,no_breakout
2026-03-10T12:21:51.108508+00:00,XAUUSD.s,anaconda,24480388,H4,HOLD,HOLD,NONE,0,61.79961129815727,0,,,,,,,,,,,,,,,,0.34,0.34,5183.45,5191.85,5156.46,5176.34,5145.995217492749,5017.103075223716,128.89214226903368,58.117767773531725,5198.29,5014.9,4,,,,,,,,,,,,,,,,,,,,,,,,no_breakout
2026-03-10T12:26:51.630503+00:00,BTCUSD,anaconda,24480388,H4,HOLD,HOLD,NONE,0,1142.8962844779244,0,,,,,,,,,,,,,,,,16.98,16.98,70678.39,71295.24,70345.26,70454.98,68455.41647876885,70759.04064582748,2303.6241670586314,70.33402098278526,69512.83,65610.47,2,,,,,,,,,,,,,,,,,,,,,,,,"price_mixed_ema,no_breakout,rsi_out_of_zone"
2026-03-10T12:26:51.631760+00:00,USDJPY.s,anaconda,24480388,H4,HOLD,HOLD,NONE,0,0.4948541269014559,0,,,,,,,,,,,,,,,,0.024,0.024,157.689,157.959,157.538,157.921,157.22900817814292,156.12659446040536,1.1024137177375621,52.30473105686808,158.889,156.443,4,,,,,,,,,,,,,,,,,,,,,,,,no_breakout
2026-03-10T12:26:51.632888+00:00,EURUSD.s,anaconda,24480388,H4,HOLD,HOLD,NONE,0,0.004243861738390584,0,,,,,,,,,,,,,,,,0.00018,0.00018,1.1645,1.16581,1.16195,1.16294,1.1648607592889582,1.1742998910675,0.009439131778541832,55.823933926080976,1.16465,1.15064,4,,,,,,,,,,,,,,,,,,,,,,,,no_breakout
2026-03-10T12:26:51.633913+00:00,XAUUSD.s,anaconda,24480388,H4,HOLD,HOLD,NONE,0,61.79961129815727,0,,,,,,,,,,,,,,,,0.33,0.33,5183.45,5191.85,5156.46,5178.49,5145.995217492749,5017.103075223716,128.89214226903368,58.59542947823051,5198.29,5014.9,4,,,,,,,,,,,,,,,,,,,,,,,,no_breakout
2026-03-10T12:31:52.034229+00:00,BTCUSD,anaconda,24480388,H4,HOLD,HOLD,NONE,0,1147.2198559064957,0,,,,,,,,,,,,,,,,17.05,17.05,70678.39,71295.24,70284.73,70330.28,68455.41647876885,70759.04064582748,2303.6241670586314,68.4535342744625,69512.83,65610.47,3,,,,,,,,,,,,,,,,,,,,,,,,"price_mixed_ema,no_breakout"
2026-03-10T12:31:52.035412+00:00,USDJPY.s,anaconda,24480388,H4,HOLD,HOLD,NONE,0,0.4954255554728852,0,,,,,,,,,,,,,,,,0.024,0.024,157.689,157.967,157.538,157.966,157.22900817814292,156.12659446040536,1.1024137177375621,53.34244137521754,158.889,156.443,4,,,,,,,,,,,,,,,,,,,,,,,,no_breakout
2026-03-10T12:31:52.036726+00:00,EURUSD.s,anaconda,24480388,H4,HOLD,HOLD,NONE,0,0.004243861738390584,0,,,,,,,,,,,,,,,,0.00018,0.00018,1.1645,1.16581,1.16195,1.16254,1.1648607592889582,1.1742998910675,0.009439131778541832,54.91226281443041,1.16465,1.15064,4,,,,,,,,,,,,,,,,,,,,,,,,no_breakout
2026-03-10T12:31:52.037851+00:00,XAUUSD.s,anaconda,24480388,H4,HOLD,HOLD,NONE,0,61.79961129815727,0,,,,,,,,,,,,,,,,0.36,0.36,5183.45,5191.85,5156.46,5179.17,5145.995217492749,5017.103075223716,128.89214226903368,58.74814250728215,5198.29,5014.9,4,,,,,,,,,,,,,,,,,,,,,,,,no_breakout
2026-03-10T12:36:52.539351+00:00,BTCUSD,anaconda,24480388,H4,HOLD,HOLD,NONE,0,1147.2198559064957,0,,,,,,,,,,,,,,,,16.94,16.94,70678.39,71295.24,70284.73,70427.91,68455.41647876885,70759.04064582748,2303.6241670586314,69.91707533217944,69512.83,65610.47,3,,,,,,,,,,,,,,,,,,,,,,,,"price_mixed_ema,no_breakout"
2026-03-10T12:36:52.540825+00:00,USDJPY.s,anaconda,24480388,H4,HOLD,HOLD,NONE,0,0.4954969840443121,0,,,,,,,,,,,,,,,,0.023,0.023,157.689,157.968,157.538,157.91,157.22900817814292,156.12659446040536,1.1024137177375621,52.04400936674536,158.889,156.443,4,,,,,,,,,,,,,,,,,,,,,,,,no_breakout
2026-03-10T12:36:52.542063+00:00,EURUSD.s,anaconda,24480388,H4,HOLD,HOLD,NONE,0,0.004243861738390584,0,,,,,,,,,,,,,,,,0.00018,0.00018,1.1645,1.16581,1.16195,1.16266,1.1648607592889582,1.1742998910675,0.009439131778541832,55.182622133054274,1.16465,1.15064,4,,,,,,,,,,,,,,,,,,,,,,,,no_breakout
2026-03-10T12:36:52.543279+00:00,XAUUSD.s,anaconda,24480388,H4,HOLD,HOLD,NONE,0,61.79961129815727,0,,,,,,,,,,,,,,,,0.3,0.3,5183.45,5191.85,5156.46,5180.9,5145.995217492749,5017.103075223716,128.89214226903368,59.14027504508241,5198.29,5014.9,4,,,,,,,,,,,,,,,,,,,,,,,,no_breakout
2026-03-10T12:41:53.029729+00:00,BTCUSD,anaconda,24480388,H4,HOLD,HOLD,NONE,0,1147.2198559064957,0,,,,,,,,,,,,,,,,16.96,16.96,70678.39,71295.24,70284.73,70427.35,68455.41647876885,70759.04064582748,2303.6241670586314,69.90850211611067,69512.83,65610.47,3,,,,,,,,,,,,,,,,,,,,,,,,"price_mixed_ema,no_breakout"
2026-03-10T12:41:53.031142+00:00,USDJPY.s,anaconda,24480388,H4,HOLD,HOLD,NONE,0,0.4954969840443121,0,,,,,,,,,,,,,,,,0.024,0.024,157.689,157.968,157.538,157.908,157.22900817814292,156.12659446040536,1.1024137177375621,51.99629887482485,158.889,156.443,4,,,,,,,,,,,,,,,,,,,,,,,,no_breakout
2026-03-10T12:41:53.032403+00:00,EURUSD.s,anaconda,24480388,H4,HOLD,HOLD,NONE,0,0.004243861738390584,0,,,,,,,,,,,,,,,,0.00018,0.00018,1.1645,1.16581,1.16195,1.16282,1.1648607592889582,1.1742998910675,0.009439131778541832,55.54726981522782,1.16465,1.15064,4,,,,,,,,,,,,,,,,,,,,,,,,no_breakout
2026-03-10T12:41:53.033663+00:00,XAUUSD.s,anaconda,24480388,H4,HOLD,HOLD,NONE,0,61.79961129815727,0,,,,,,,,,,,,,,,,0.3,0.3,5183.45,5191.85,5156.46,5181.66,5145.995217492749,5017.103075223716,128.89214226903368,59.31420120789734,5198.29,5014.9,4,,,,,,,,,,,,,,,,,,,,,,,,no_breakout
2026-03-10T12:46:53.537829+00:00,BTCUSD,anaconda,24480388,H4,HOLD,HOLD,NONE,0,1147.2198559064957,0,,,,,,,,,,,,,,,,16.96,16.96,70678.39,71295.24,70284.73,70507.39,68455.41647876885,70759.04064582748,2303.6241670586314,71.1555652538915,69512.83,65610.47,2,,,,,,,,,,,,,,,,,,,,,,,,"price_mixed_ema,no_breakout,rsi_out_of_zone"
2026-03-10T12:46:53.539281+00:00,USDJPY.s,anaconda,24480388,H4,HOLD,HOLD,NONE,0,0.4954969840443121,0,,,,,,,,,,,,,,,,0.024,0.024,157.689,157.968,157.538,157.842,157.22900817814292,156.12659446040536,1.1024137177375621,50.36678766724939,158.889,156.443,4,,,,,,,,,,,,,,,,,,,,,,,,no_breakout
2026-03-10T12:46:53.540416+00:00,EURUSD.s,anaconda,24480388,H4,HOLD,HOLD,NONE,0,0.004243861738390584,0,,,,,,,,,,,,,,,,0.00018,0.00018,1.1645,1.16581,1.16195,1.16337,1.1648607592889582,1.1742998910675,0.009439131778541832,56.83835631912268,1.16465,1.15064,4,,,,,,,,,,,,,,,,,,,,,,,,no_breakout
2026-03-10T12:46:53.541780+00:00,XAUUSD.s,anaconda,24480388,H4,HOLD,HOLD,NONE,0,61.79961129815727,0,,,,,,,,,,,,,,,,0.32,0.32,5183.45,5191.85,5156.46,5189.33,5145.995217492749,5017.103075223716,128.89214226903368,60.62753273291946,5198.29,5014.9,4,,,,,,,,,,,,,,,,,,,,,,,,no_breakout
2026-03-10T12:51:54.295160+00:00,BTCUSD,anaconda,24480388,H4,HOLD,HOLD,NONE,0,1147.2198559064957,0,,,,,,,,,,,,,,,,17.1,17.1,70678.39,71295.24,70284.73,70525.81,68455.41647876885,70759.04064582748,2303.6241670586314,71.44888170840335,69512.83,65610.47,2,,,,,,,,,,,,,,,,,,,,,,,,"price_mixed_ema,no_breakout,rsi_out_of_zone"
2026-03-10T12:51:54.296452+00:00,USDJPY.s,anaconda,24480388,H4,HOLD,HOLD,NONE,0,0.4954969840443121,0,,,,,,,,,,,,,,,,0.025,0.025,157.689,157.968,157.538,157.821,157.22900817814292,156.12659446040536,1.1024137177375621,49.82485336840543,158.889,156.443,4,,,,,,,,,,,,,,,,,,,,,,,,no_breakout
2026-03-10T12:51:54.297496+00:00,EURUSD.s,anaconda,24480388,H4,HOLD,HOLD,NONE,0,0.004243861738390584,0,,,,,,,,,,,,,,,,0.00018,0.00018,1.1645,1.16581,1.16195,1.16337,1.1648607592889582,1.1742998910675,0.009439131778541832,56.83835631912268,1.16465,1.15064,4,,,,,,,,,,,,,,,,,,,,,,,,no_breakout
2026-03-10T12:51:54.298721+00:00,XAUUSD.s,anaconda,24480388,H4,HOLD,HOLD,NONE,0,61.79961129815727,0,,,,,,,,,,,,,,,,0.33,0.33,5183.45,5191.85,5156.46,5183.46,5145.995217492749,5017.103075223716,128.89214226903368,59.72720852176405,5198.29,5014.9,4,,,,,,,,,,,,,,,,,,,,,,,,no_breakout
2026-03-10T12:56:54.712344+00:00,BTCUSD,anaconda,24480388,H4,HOLD,HOLD,NONE,0,1147.2198559064957,0,,,,,,,,,,,,,,,,17.08,17.08,70678.39,71295.24,70284.73,70478.96,68455.41647876885,70759.04064582748,2303.6241670586314,70.70754875637799,69512.83,65610.47,2,,,,,,,,,,,,,,,,,,,,,,,,"price_mixed_ema,no_breakout,rsi_out_of_zone"
2026-03-10T12:56:54.713715+00:00,USDJPY.s,anaconda,24480388,H4,HOLD,HOLD,NONE,0,0.4954969840443121,0,,,,,,,,,,,,,,,,0.024,0.024,157.689,157.968,157.538,157.759,157.22900817814292,156.12659446040536,1.1024137177375621,48.15350870251922,158.889,156.443,4,,,,,,,,,,,,,,,,,,,,,,,,no_breakout
2026-03-10T12:56:54.714863+00:00,EURUSD.s,anaconda,24480388,H4,HOLD,HOLD,NONE,0,0.004243861738390584,0,,,,,,,,,,,,,,,,0.00019,0.00019,1.1645,1.16581,1.16195,1.16368,1.1648607592889582,1.1742998910675,0.009439131778541832,57.59285808219198,1.16465,1.15064,4,,,,,,,,,,,,,,,,,,,,,,,,no_breakout
2026-03-10T12:56:54.716085+00:00,XAUUSD.s,anaconda,24480388,H4,HOLD,HOLD,NONE,0,61.79961129815727,0,,,,,,,,,,,,,,,,0.32,0.32,5183.45,5191.85,5156.46,5183.47,5145.995217492749,5017.103075223716,128.89214226903368,59.728777305264266,5198.29,5014.9,4,,,,,,,,,,,,,,,,,,,,,,,,no_breakout
2026-03-10T13:01:55.144593+00:00,BTCUSD,anaconda,24480388,H4,HOLD,HOLD,NONE,0,1072.922009092468,0,,,,,,,,,,,,,,,,17.05,17.05,70510.04,70616.14,70510.04,70551.12,68535.95374143231,70764.79296592803,2228.8392244957213,71.47948944739335,70577.05,65610.47,2,,,,,,,,,,,,,,,,,,,,,,,,"price_mixed_ema,no_breakout,rsi_out_of_zone"
2026-03-10T13:01:55.145771+00:00,USDJPY.s,anaconda,24480388,H4,HOLD,HOLD,NONE,0,0.4656757709002682,0,,,,,,,,,,,,,,,,0.023,0.023,157.798,157.798,157.722,157.722,157.25139898634617,156.13514918621456,1.1162498001316123,47.124025878532386,158.889,156.443,4,,,,,,,,,,,,,,,,,,,,,,,,no_breakout
2026-03-10T13:01:55.146942+00:00,EURUSD.s,anaconda,24480388,H4,HOLD,HOLD,NONE,0,0.0039714430427666685,0,,,,,,,,,,,,,,,,0.00019,0.00019,1.16336,1.1637,1.16327,1.1637,1.164802311995323,1.1743002569511842,0.009497944955861204,57.49695582534316,1.16465,1.15064,4,,,,,,,,,,,,,,,,,,,,,,,,no_breakout
2026-03-10T13:01:55.148071+00:00,XAUUSD.s,anaconda,24480388,H4,HOLD,HOLD,NONE,0,58.408924777842266,0,,,,,,,,,,,,,,,,0.34,0.34,5186.93,5200.27,5185.94,5197.2,5147.60091720174,5018.965979345247,128.6349378564928,61.93374581408104,5198.29,5014.9,4,,,,,,,,,,,,,,,,,,,,,,,,no_breakout
2026-03-10T13:01:55.150167+00:00,USOUSD.s,anaconda,24480388,H4,HOLD,HOLD,NONE,0,5.877832871913403,0,,,,,,,,,,,,,,,,0.079,0.079,89.453,89.519,88.784,89.379,81.66351858327252,69.79360077158174,11.869917811690783,49.82371580421806,119.49,75.044,4,,,,,,,,,,,,,,,,,,,,,,,,no_breakout
2026-03-10T13:06:55.882377+00:00,BTCUSD,anaconda,24480388,H4,HOLD,HOLD,NONE,0,1078.1291519496103,0,,,,,,,,,,,,,,,,17.11,17.11,70510.04,70689.04,70510.04,70649.35,68535.95374143231,70764.79296592803,2228.8392244957213,72.15020910207144,70577.05,65610.47,2,,,,,,,,,,,,,,,,,,,,,,,,"price_mixed_ema,no_breakout,rsi_out_of_zone"
2026-03-10T13:06:55.883623+00:00,USDJPY.s,anaconda,24480388,H4,HOLD,HOLD,NONE,0,0.46631862804312635,0,,,,,,,,,,,,,,,,0.023,0.023,157.798,157.798,157.713,157.747,157.25139898634617,156.13514918621456,1.1162498001316123,47.79148152796268,158.889,156.443,4,,,,,,,,,,,,,,,,,,,,,,,,no_breakout
2026-03-10T13:06:55.884848+00:00,EURUSD.s,anaconda,24480388,H4,HOLD,HOLD,NONE,0,0.00400787161419524,0,,,,,,,,,,,,,,,,0.00019,0.00019,1.16336,1.16421,1.16327,1.16402,1.164802311995323,1.1743002569511842,0.009497944955861204,58.11668298990645,1.16465,1.15064,4,,,,,,,,,,,,,,,,,,,,,,,,no_breakout
2026-03-10T13:06:55.885981+00:00,XAUUSD.s,anaconda,24480388,H4,HOLD,HOLD,NONE,0,58.43035334927079,0,,,,,,,,,,,,,,,,0.31,0.31,5186.93,5200.57,5185.94,5198.49,5147.60091720174,5018.965979345247,128.6349378564928,62.13359294014331,5198.29,5014.9,4,,,,,,,,,,,,,,,,,,,,,,,,no_breakout
2026-03-10T13:06:55.887244+00:00,USOUSD.s,anaconda,24480388,H4,HOLD,HOLD,NONE,0,5.908190014770548,0,,,,,,,,,,,,,,,,0.079,0.079,89.453,89.519,88.359,88.504,81.66351858327252,69.79360077158174,11.869917811690783,48.652716572196425,119.49,75.044,4,,,,,,,,,,,,,,,,,,,,,,,,no_breakout
2026-03-10T13:11:56.400949+00:00,BTCUSD,anaconda,24480388,H4,HOLD,HOLD,NONE,0,1081.1934376638967,0,,,,,,,,,,,,,,,,17.08,17.08,70510.04,70731.94,70510.04,70715.31,68535.95374143231,70764.79296592803,2228.8392244957213,72.5831590119079,70577.05,65610.47,2,,,,,,,,,,,,,,,,,,,,,,,,"price_mixed_ema,no_breakout,rsi_out_of_zone"
2026-03-10T13:11:56.402559+00:00,USDJPY.s,anaconda,24480388,H4,HOLD,HOLD,NONE,0,0.46631862804312635,0,,,,,,,,,,,,,,,,0.024,0.024,157.798,157.798,157.713,157.726,157.25139898634617,156.13514918621456,1.1162498001316123,47.22956314243501,158.889,156.443,4,,,,,,,,,,,,,,,,,,,,,,,,no_breakout
2026-03-10T13:11:56.404016+00:00,EURUSD.s,anaconda,24480388,H4,HOLD,HOLD,NONE,0,0.004021443042766679,0,,,,,,,,,,,,,,,,0.00019,0.00019,1.16336,1.1644,1.16327,1.16418,1.164802311995323,1.1743002569511842,0.009497944955861204,58.41981854706734,1.16465,1.15064,4,,,,,,,,,,,,,,,,,,,,,,,,no_breakout
2026-03-10T13:11:56.405339+00:00,XAUUSD.s,anaconda,24480388,H4,HOLD,HOLD,NONE,0,58.560353349270834,0,,,,,,,,,,,,,,,,0.31,0.31,5186.93,5202.39,5185.94,5200.07,5147.60091720174,5018.965979345247,128.6349378564928,62.37552619896179,5198.29,5014.9,4,,,,,,,,,,,,,,,,,,,,,,,,no_breakout
2026-03-10T13:11:56.406668+00:00,USOUSD.s,anaconda,24480388,H4,HOLD,HOLD,NONE,0,5.92604715762769,0,,,,,,,,,,,,,,,,0.079,0.079,89.453,89.519,88.109,88.344,81.66351858327252,69.79360077158174,11.869917811690783,48.44451832525505,119.49,75.044,4,,,,,,,,,,,,,,,,,,,,,,,,no_breakout
2026-03-10T13:16:57.025079+00:00,BTCUSD,anaconda,24480388,H4,HOLD,HOLD,NONE,0,1089.161294806754,0,,,,,,,,,,,,,,,,17.0,17.0,70510.04,70843.49,70510.04,70743.09,68535.95374143231,70764.79296592803,2228.8392244957213,72.76149972600429,70577.05,65610.47,2,,,,,,,,,,,,,,,,,,,,,,,,"price_mixed_ema,no_breakout,rsi_out_of_zone"
2026-03-10T13:16:57.026439+00:00,USDJPY.s,anaconda,24480388,H4,HOLD,HOLD,NONE,0,0.46631862804312635,0,,,,,,,,,,,,,,,,0.023,0.023,157.798,157.798,157.713,157.73,157.25139898634617,156.13514918621456,1.1162498001316123,47.335574182267074,158.889,156.443,4,,,,,,,,,,,,,,,,,,,,,,,,no_breakout
2026-03-10T13:16:57.027487+00:00,EURUSD.s,anaconda,24480388,H4,HOLD,HOLD,NONE,0,0.004021443042766679,0,,,,,,,,,,,,,,,,0.00019,0.00019,1.16336,1.1644,1.16327,1.16405,1.164802311995323,1.1743002569511842,0.009497944955861204,58.17385712317955,1.16465,1.15064,4,,,,,,,,,,,,,,,,,,,,,,,,no_breakout
2026-03-10T13:16:57.028608+00:00,XAUUSD.s,anaconda,24480388,H4,HOLD,HOLD,NONE,0,58.7417819206994,0,,,,,,,,,,,,,,,,0.3,0.3,5186.93,5204.93,5185.94,5203.29,5147.60091720174,5018.965979345247,128.6349378564928,62.85913288858101,5198.29,5014.9,4,,,,,,,,,,,,,,,,,,,,,,,,no_breakout
2026-03-10T13:16:57.029774+00:00,USOUSD.s,anaconda,24480388,H4,HOLD,HOLD,NONE,0,5.92604715762769,0,,,,,,,,,,,,,,,,0.079,0.079,89.453,89.519,88.109,88.529,81.66351858327252,69.79360077158174,11.869917811690783,48.685409308973476,119.49,75.044,4,,,,,,,,,,,,,,,,,,,,,,,,no_breakout
2026-03-10T13:21:57.394704+00:00,BTCUSD,anaconda,24480388,H4,HOLD,HOLD,NONE,0,1089.161294806754,0,,,,,,,,,,,,,,,,17.0,17.0,70510.04,70843.49,70510.04,70667.05,68535.95374143231,70764.79296592803,2228.8392244957213,72.26772546735134,70577.05,65610.47,2,,,,,,,,,,,,,,,,,,,,,,,,"price_mixed_ema,no_breakout,rsi_out_of_zone"
2026-03-10T13:21:57.395973+00:00,USDJPY.s,anaconda,24480388,H4,HOLD,HOLD,NONE,0,0.4676043423288407,0,,,,,,,,,,,,,,,,0.023,0.023,157.798,157.798,157.695,157.695,157.25139898634617,156.13514918621456,1.1162498001316123,46.423802851955294,158.889,156.443,4,,,,,,,,,,,,,,,,,,,,,,,,no_breakout
2026-03-10T13:21:57.397050+00:00,EURUSD.s,anaconda,24480388,H4,HOLD,HOLD,NONE,0,0.004032157328480956,0,,,,,,,,,,,,,,,,0.00019,0.00019,1.16336,1.16455,1.16327,1.16454,1.164802311995323,1.1743002569511842,0.009497944955861204,59.08608714685635,1.16465,1.15064,4,,,,,,,,,,,,,,,,,,,,,,,,no_breakout
2026-03-10T13:21:57.398373+00:00,XAUUSD.s,anaconda,24480388,H4,HOLD,HOLD,NONE,0,59.64249620641366,0,,,,,,,,,,,,,,,,0.34,0.34,5186.93,5217.54,5185.94,5217.54,5147.60091720174,5018.965979345247,128.6349378564928,64.85810194818207,5198.29,5014.9,4,,,,,,,,,,,,,,,,,,,,,,,,no_breakout
2026-03-10T13:21:57.399998+00:00,USOUSD.s,anaconda,24480388,H4,HOLD,HOLD,NONE,0,5.92604715762769,0,,,,,,,,,,,,,,,,0.079,0.079,89.453,89.519,88.109,88.974,81.66351858327252,69.79360077158174,11.869917811690783,49.27478047330696,119.49,75.044,4,,,,,,,,,,,,,,,,,,,,,,,,no_breakout
2026-03-10T13:26:57.782179+00:00,BTCUSD,anaconda,24480388,H4,HOLD,HOLD,NONE,0,1092.3284376638967,0,,,,,,,,,,,,,,,,17.09,17.09,70510.04,70887.83,70510.04,70857.45,68535.95374143231,70764.79296592803,2228.8392244957213,73.47186498306077,70577.05,65610.47,2,,,,,,,,,,,,,,,,,,,,,,,,"price_mixed_ema,no_breakout,rsi_out_of_zone"
2026-03-10T13:26:57.783342+00:00,USDJPY.s,anaconda,24480388,H4,HOLD,HOLD,NONE,0,0.4708186280431255,0,,,,,,,,,,,,,,,,0.024,0.024,157.798,157.798,157.65,157.666,157.25139898634617,156.13514918621456,1.1162498001316123,45.694526026360315,158.889,156.443,4,,,,,,,,,,,,,,,,,,,,,,,,no_breakout
2026-03-10T13:26:57.784510+00:00,EURUSD.s,anaconda,24480388,H4,HOLD,HOLD,NONE,0,0.004050014471338104,0,,,,,,,,,,,,,,,,0.00018,0.00018,1.16336,1.1648,1.16327,1.16433,1.164802311995323,1.1743002569511842,0.009497944955861204,58.70004983079334,1.16465,1.15064,4,,,,,,,,,,,,,,,,,,,,,,,,no_breakout
2026-03-10T13:26:57.785615+00:00,XAUUSD.s,anaconda,24480388,H4,HOLD,HOLD,NONE,0,60.336781920699394,0,,,,,,,,,,,,,,,,0.31,0.31,5186.93,5227.26,5185.94,5226.06,5147.60091720174,5018.965979345247,128.6349378564928,65.95369372857118,5198.29,5014.9,4,,,,,,,,,,,,,,,,,,,,,,,,no_breakout
2026-03-10T13:26:57.786779+00:00,USOUSD.s,anaconda,24480388,H4,HOLD,HOLD,NONE,0,5.92604715762769,0,,,,,,,,,,,,,,,,0.079,0.079,89.453,89.519,88.109,89.164,81.66351858327252,69.79360077158174,11.869917811690783,49.530791645080036,119.49,75.044,4,,,,,,,,,,,,,,,,,,,,,,,,no_breakout
2026-03-10T13:31:58.183075+00:00,BTCUSD,anaconda,24480388,H4,HOLD,HOLD,NONE,0,1094.1491519496112,0,,,,,,,,,,,,,,,,17.02,17.02,70510.04,70913.32,70510.04,70705.67,68535.95374143231,70764.79296592803,2228.8392244957213,72.52072555773579,70577.05,65610.47,2,,,,,,,,,,,,,,,,,,,,,,,,"price_mixed_ema,no_breakout,rsi_out_of_zone"
2026-03-10T13:31:58.184636+00:00,USDJPY.s,anaconda,24480388,H4,HOLD,HOLD,NONE,0,0.4708900566145544,0,,,,,,,,,,,,,,,,0.023,0.023,157.798,157.798,157.649,157.699,157.25139898634617,156.13514918621456,1.1162498001316123,46.52622362120556,158.889,156.443,4,,,,,,,,,,,,,,,,,,,,,,,,no_breakout
2026-03-10T13:31:58.186314+00:00,EURUSD.s,anaconda,24480388,H4,HOLD,HOLD,NONE,0,0.004050014471338104,0,,,,,,,,,,,,,,,,0.00019,0.00019,1.16336,1.1648,1.16327,1.16442,1.164802311995323,1.1743002569511842,0.009497944955861204,58.86638281844679,1.16465,1.15064,4,,,,,,,,,,,,,,,,,,,,,,,,no_breakout
2026-03-10T13:31:58.187838+00:00,XAUUSD.s,anaconda,24480388,H4,HOLD,HOLD,NONE,0,60.44035334927081,0,,,,,,,,,,,,,,,,0.31,0.31,5186.93,5228.71,5185.94,5217.68,5147.60091720174,5018.965979345247,128.6349378564928,64.87667412619565,5198.29,5014.9,4,,,,,,,,,,,,,,,,,,,,,,,,no_breakout
2026-03-10T13:31:58.190095+00:00,USOUSD.s,anaconda,24480388,H4,HOLD,HOLD,NONE,0,5.958190014770547,0,,,,,,,,,,,,,,,,0.079,0.079,89.453,89.519,87.659,87.659,81.66351858327252,69.79360077158174,11.869917811690783,47.57295156299084,119.49,75.044,4,,,,,,,,,,,,,,,,,,,,,,,,no_breakout
2026-03-10T13:36:58.690965+00:00,BTCUSD,anaconda,24480388,H4,HOLD,HOLD,NONE,0,1130.9948662353254,0,,,,,,,,,,,,,,,,17.06,17.06,70510.04,70913.32,69993.25,70028.12,68535.95374143231,70764.79296592803,2228.8392244957213,63.604146570364364,70577.05,65610.47,3,,,,,,,,,,,,,,,,,,,,,,,,"price_mixed_ema,no_breakout"
2026-03-10T13:36:58.692306+00:00,USDJPY.s,anaconda,24480388,H4,HOLD,HOLD,NONE,0,0.471175770900268,0,,,,,,,,,,,,,,,,0.024,0.024,157.798,157.804,157.649,157.766,157.25139898634617,156.13514918621456,1.1162498001316123,48.311530710157456,158.889,156.443,4,,,,,,,,,,,,,,,,,,,,,,,,no_breakout
2026-03-10T13:36:58.695082+00:00,EURUSD.s,anaconda,24480388,H4,HOLD,HOLD,NONE,0,0.004050014471338104,0,,,,,,,,,,,,,,,,0.00018,0.00018,1.16336,1.1648,1.16327,1.16358,1.164802311995323,1.1743002569511842,0.009497944955861204,57.259803577449816,1.16465,1.15064,4,,,,,,,,,,,,,,,,,,,,,,,,no_breakout
2026-03-10T13:36:58.696441+00:00,XAUUSD.s,anaconda,24480388,H4,HOLD,HOLD,NONE,0,60.44035334927081,0,,,,,,,,,,,,,,,,0.31,0.31,5186.93,5228.71,5185.94,5211.28,5147.60091720174,5018.965979345247,128.6349378564928,64.00710042620773,5198.29,5014.9,4,,,,,,,,,,,,,,,,,,,,,,,,no_breakout
2026-03-10T13:36:58.697643+00:00,USOUSD.s,anaconda,24480388,H4,HOLD,HOLD,NONE,0,5.972832871913405,0,,,,,,,,,,,,,,,,0.079,0.079,89.453,89.519,87.454,88.633,81.66351858327252,69.79360077158174,11.869917811690783,48.82188397751098,119.49,75.044,4,,,,,,,,,,,,,,,,,,,,,,,,no_breakout
2026-03-10T13:41:59.069914+00:00,BTCUSD,anaconda,24480388,H4,HOLD,HOLD,NONE,0,1150.7041519496106,0,,,,,,,,,,,,,,,,17.07,17.07,70510.04,70913.32,69717.32,69934.15,68535.95374143231,70764.79296592803,2228.8392244957213,62.30810426716966,70577.05,65610.47,3,,,,,,,,,,,,,,,,,,,,,,,,"price_mixed_ema,no_breakout"
2026-03-10T13:41:59.071986+00:00,USDJPY.s,anaconda,24480388,H4,HOLD,HOLD,NONE,0,0.471175770900268,0,,,,,,,,,,,,,,,,0.024,0.024,157.798,157.804,157.649,157.773,157.25139898634617,156.13514918621456,1.1162498001316123,48.505992266046086,158.889,156.443,4,,,,,,,,,,,,,,,,,,,,,,,,no_breakout
2026-03-10T13:41:59.073604+00:00,EURUSD.s,anaconda,24480388,H4,HOLD,HOLD,NONE,0,0.00405287161419525,0,,,,,,,,,,,,,,,,0.00019,0.00019,1.16336,1.1648,1.16323,1.16355,1.164802311995323,1.1743002569511842,0.009497944955861204,57.20010142932879,1.16465,1.15064,4,,,,,,,,,,,,,,,,,,,,,,,,no_breakout
2026-03-10T13:41:59.074876+00:00,XAUUSD.s,anaconda,24480388,H4,HOLD,HOLD,NONE,0,60.44035334927081,0,,,,,,,,,,,,,,,,0.32,0.32,5186.93,5228.71,5185.94,5212.21,5147.60091720174,5018.965979345247,128.6349378564928,64.13612456089797,5198.29,5014.9,4,,,,,,,,,,,,,,,,,,,,,,,,no_breakout
2026-03-10T13:41:59.076028+00:00,USOUSD.s,anaconda,24480388,H4,HOLD,HOLD,NONE,0,5.98604715762769,0,,,,,,,,,,,,,,,,0.079,0.079,89.453,89.519,87.269,87.939,81.66351858327252,69.79360077158174,11.869917811690783,47.92539479618634,119.49,75.044,4,,,,,,,,,,,,,,,,,,,,,,,,no_breakout
2026-03-10T13:57:00.313340+00:00,BTCUSD,anaconda,24480388,H4,HOLD,HOLD,NONE,0,1151.2934376638962,0,,,,,,,,,,,,,,,,17.06,17.06,70510.04,70913.32,69709.07,70092.9,68535.95374143231,70764.79296592803,2228.8392244957213,64.52945031935549,70577.05,65610.47,3,,,,,,,,,,,,,,,,,,,,,,,,"price_mixed_ema,no_breakout"
2026-03-10T13:57:00.314783+00:00,USDJPY.s,anaconda,24480388,H4,HOLD,HOLD,NONE,0,0.47510434232883997,0,,,,,,,,,,,,,,,,0.023,0.023,157.798,157.859,157.649,157.813,157.25139898634617,156.13514918621456,1.1162498001316123,49.65324599780063,158.889,156.443,4,,,,,,,,,,,,,,,,,,,,,,,,no_breakout
2026-03-10T13:57:00.315990+00:00,EURUSD.s,anaconda,24480388,H4,HOLD,HOLD,NONE,0,0.004081443042766675,0,,,,,,,,,,,,,,,,0.00019,0.00019,1.16336,1.1648,1.16283,1.16316,1.164802311995323,1.1743002569511842,0.009497944955861204,56.28336426146021,1.16465,1.15064,4,,,,,,,,,,,,,,,,,,,,,,,,no_breakout
2026-03-10T13:57:00.317168+00:00,XAUUSD.s,anaconda,24480388,H4,HOLD,HOLD,NONE,0,60.44035334927081,0,,,,,,,,,,,,,,,,0.31,0.31,5186.93,5228.71,5185.94,5214.86,5147.60091720174,5018.965979345247,128.6349378564928,64.4987520026963,5198.29,5014.9,4,,,,,,,,,,,,,,,,,,,,,,,,no_breakout
2026-03-10T13:57:00.318612+00:00,USOUSD.s,anaconda,24480388,H4,HOLD,HOLD,NONE,0,5.98604715762769,0,,,,,,,,,,,,,,,,0.079,0.079,89.453,89.519,87.269,87.698,81.66351858327252,69.79360077158174,11.869917811690783,47.621730825403354,119.49,75.044,4,,,,,,,,,,,,,,,,,,,,,,,,no_breakout
2026-03-10T14:17:02.518191+00:00,BTCUSD,anaconda,24480388,H4,HOLD,HOLD,NONE,0,1182.372723378182,0,,,,,,,,,,,,,,,,17.08,17.08,70510.04,70913.32,69273.96,69336.69,68535.95374143231,70764.79296592803,2228.8392244957213,55.161650222130724,70577.05,65610.47,3,,,,,,,,,,,,,,,,,,,,,,,,"price_mixed_ema,no_breakout"
2026-03-10T14:17:02.519462+00:00,USDJPY.s,anaconda,24480388,H4,HOLD,HOLD,NONE,0,0.4785329137574115,0,,,,,,,,,,,,,,,,0.024,0.024,157.798,157.907,157.649,157.825,157.25139898634617,156.13514918621456,1.1162498001316123,50.00105225075829,158.889,156.443,4,,,,,,,,,,,,,,,,,,,,,,,,no_breakout
2026-03-10T14:17:02.520658+00:00,EURUSD.s,anaconda,24480388,H4,HOLD,HOLD,NONE,0,0.004096443042766678,0,,,,,,,,,,,,,,,,0.00019,0.00019,1.16336,1.1648,1.16262,1.16336,1.164802311995323,1.1743002569511842,0.009497944955861204,56.811680052033644,1.16465,1.15064,4,,,,,,,,,,,,,,,,,,,,,,,,no_breakout
2026-03-10T14:17:02.521770+00:00,XAUUSD.s,anaconda,24480388,H4,HOLD,HOLD,NONE,0,60.48392477784222,0,,,,,,,,,,,,,,,,0.31,0.31,5186.93,5228.71,5185.33,5210.57,5147.60091720174,5018.965979345247,128.6349378564928,63.90797149367527,5198.29,5014.9,4,,,,,,,,,,,,,,,,,,,,,,,,no_breakout
2026-03-10T14:17:02.522946+00:00,USOUSD.s,anaconda,24480388,H4,HOLD,HOLD,NONE,0,5.989975729056262,0,,,,,,,,,,,,,,,,0.079,0.079,89.453,89.519,87.214,87.679,81.66351858327252,69.79360077158174,11.869917811690783,47.597954079775675,119.49,75.044,4,,,,,,,,,,,,,,,,,,,,,,,,no_breakout
2026-03-10T14:22:03.141363+00:00,BTCUSD,anaconda,24480388,H4,HOLD,HOLD,NONE,0,1182.372723378182,0,,,,,,,,,,,,,,,,17.08,17.08,70510.04,70913.32,69273.96,69714.37,68535.95374143231,70764.79296592803,2228.8392244957213,59.473725824995704,70577.05,65610.47,3,,,,,,,,,,,,,,,,,,,,,,,,"price_mixed_ema,no_breakout"
2026-03-10T14:22:03.142842+00:00,USDJPY.s,anaconda,24480388,H4,HOLD,HOLD,NONE,0,0.4785329137574115,0,,,,,,,,,,,,,,,,0.023,0.023,157.798,157.907,157.649,157.776,157.25139898634617,156.13514918621456,1.1162498001316123,48.58981298865847,158.889,156.443,4,,,,,,,,,,,,,,,,,,,,,,,,no_breakout
2026-03-10T14:22:03.144083+00:00,EURUSD.s,anaconda,24480388,H4,HOLD,HOLD,NONE,0,0.004096443042766678,0,,,,,,,,,,,,,,,,0.00018,0.00018,1.16336,1.1648,1.16262,1.16377,1.164802311995323,1.1743002569511842,0.009497944955861204,57.63408319162255,1.16465,1.15064,4,,,,,,,,,,,,,,,,,,,,,,,,no_breakout
2026-03-10T14:22:03.145350+00:00,XAUUSD.s,anaconda,24480388,H4,HOLD,HOLD,NONE,0,60.48392477784222,0,,,,,,,,,,,,,,,,0.32,0.32,5186.93,5228.71,5185.33,5212.53,5147.60091720174,5018.965979345247,128.6349378564928,64.18030632146645,5198.29,5014.9,4,,,,,,,,,,,,,,,,,,,,,,,,no_breakout
2026-03-10T14:22:03.146750+00:00,USOUSD.s,anaconda,24480388,H4,HOLD,HOLD,NONE,0,6.0236185861991185,0,,,,,,,,,,,,,,,,0.079,0.079,89.453,89.519,86.743,87.094,81.66351858327252,69.79360077158174,11.869917811690783,46.87732411978128,119.49,75.044,4,,,,,,,,,,,,,,,,,,,,,,,,no_breakout
2026-03-10T14:27:03.574258+00:00,BTCUSD,anaconda,24480388,H4,HOLD,HOLD,NONE,0,1182.372723378182,0,,,,,,,,,,,,,,,,17.1,17.1,70510.04,70913.32,69273.96,69813.81,68535.95374143231,70764.79296592803,2228.8392244957213,60.723533772218154,70577.05,65610.47,3,,,,,,,,,,,,,,,,,,,,,,,,"price_mixed_ema,no_breakout"
2026-03-10T14:27:03.575444+00:00,USDJPY.s,anaconda,24480388,H4,HOLD,HOLD,NONE,0,0.4785329137574115,0,,,,,,,,,,,,,,,,0.024,0.024,157.798,157.907,157.649,157.751,157.25139898634617,156.13514918621456,1.1162498001316123,47.900033026457265,158.889,156.443,4,,,,,,,,,,,,,,,,,,,,,,,,no_breakout
2026-03-10T14:27:03.578470+00:00,EURUSD.s,anaconda,24480388,H4,HOLD,HOLD,NONE,0,0.004096443042766678,0,,,,,,,,,,,,,,,,0.00018,0.00018,1.16336,1.1648,1.16262,1.16371,1.164802311995323,1.1743002569511842,0.009497944955861204,57.51659977238737,1.16465,1.15064,4,,,,,,,,,,,,,,,,,,,,,,,,no_breakout
2026-03-10T14:27:03.580077+00:00,XAUUSD.s,anaconda,24480388,H4,HOLD,HOLD,NONE,0,60.48392477784222,0,,,,,,,,,,,,,,,,0.34,0.34,5186.93,5228.71,5185.33,5210.32,5147.60091720174,5018.965979345247,128.6349378564928,63.87293683318466,5198.29,5014.9,4,,,,,,,,,,,,,,,,,,,,,,,,no_breakout
2026-03-10T14:27:03.581368+00:00,USOUSD.s,anaconda,24480388,H4,HOLD,HOLD,NONE,0,6.0236185861991185,0,,,,,,,,,,,,,,,,0.079,0.079,89.453,89.519,86.743,86.868,81.66351858327252,69.79360077158174,11.869917811690783,46.60473616887657,119.49,75.044,4,,,,,,,,,,,,,,,,,,,,,,,,no_breakout
2026-03-10T14:32:04.294735+00:00,BTCUSD,anaconda,24480388,H4,HOLD,HOLD,NONE,0,1182.372723378182,0,,,,,,,,,,,,,,,,17.01,17.01,70510.04,70913.32,69273.96,69850.44,68535.95374143231,70764.79296592803,2228.8392244957213,61.19725833598107,70577.05,65610.47,3,,,,,,,,,,,,,,,,,,,,,,,,"price_mixed_ema,no_breakout"
2026-03-10T14:32:04.296048+00:00,USDJPY.s,anaconda,24480388,H4,HOLD,HOLD,NONE,0,0.4785329137574115,0,,,,,,,,,,,,,,,,0.023,0.023,157.798,157.907,157.649,157.705,157.25139898634617,156.13514918621456,1.1162498001316123,46.680704945956165,158.889,156.443,4,,,,,,,,,,,,,,,,,,,,,,,,no_breakout
2026-03-10T14:32:04.297336+00:00,EURUSD.s,anaconda,24480388,H4,HOLD,HOLD,NONE,0,0.004096443042766678,0,,,,,,,,,,,,,,,,0.00018,0.00018,1.16336,1.1648,1.16262,1.16401,1.164802311995323,1.1743002569511842,0.009497944955861204,58.097590194524436,1.16465,1.15064,4,,,,,,,,,,,,,,,,,,,,,,,,no_breakout
2026-03-10T14:32:04.298728+00:00,XAUUSD.s,anaconda,24480388,H4,HOLD,HOLD,NONE,0,60.48392477784222,0,,,,,,,,,,,,,,,,0.33,0.33,5186.93,5228.71,5185.33,5211.47,5147.60091720174,5018.965979345247,128.6349378564928,64.03353559803632,5198.29,5014.9,4,,,,,,,,,,,,,,,,,,,,,,,,no_breakout
2026-03-10T14:32:04.300337+00:00,USOUSD.s,anaconda,24480388,H4,HOLD,HOLD,NONE,0,6.10854715762769,0,,,,,,,,,,,,,,,,0.079,0.079,89.453,89.519,85.554,86.159,81.66351858327252,69.79360077158174,11.869917811690783,45.769786069991284,119.49,75.044,4,,,,,,,,,,,,,,,,,,,,,,,,no_breakout
2026-03-10T14:37:04.706335+00:00,BTCUSD,anaconda,24480388,H4,HOLD,HOLD,NONE,0,1182.372723378182,0,,,,,,,,,,,,,,,,17.07,17.07,70510.04,70913.32,69273.96,69970.3,68535.95374143231,70764.79296592803,2228.8392244957213,62.80038761638927,70577.05,65610.47,3,,,,,,,,,,,,,,,,,,,,,,,,"price_mixed_ema,no_breakout"
2026-03-10T14:37:04.709564+00:00,USDJPY.s,anaconda,24480388,H4,HOLD,HOLD,NONE,0,0.4785329137574115,0,,,,,,,,,,,,,,,,0.023,0.023,157.798,157.907,157.649,157.675,157.25139898634617,156.13514918621456,1.1162498001316123,45.91838930351621,158.889,156.443,4,,,,,,,,,,,,,,,,,,,,,,,,no_breakout
2026-03-10T14:37:04.711408+00:00,EURUSD.s,anaconda,24480388,H4,HOLD,HOLD,NONE,0,0.004096443042766678,0,,,,,,,,,,,,,,,,0.00018,0.00018,1.16336,1.1648,1.16262,1.16425,1.164802311995323,1.1743002569511842,0.009497944955861204,58.551064900812385,1.16465,1.15064,4,,,,,,,,,,,,,,,,,,,,,,,,no_breakout
2026-03-10T14:37:04.712655+00:00,XAUUSD.s,anaconda,24480388,H4,HOLD,HOLD,NONE,0,60.48392477784222,0,,,,,,,,,,,,,,,,0.31,0.31,5186.93,5228.71,5185.33,5204.39,5147.60091720174,5018.965979345247,128.6349378564928,63.021503686730206,5198.29,5014.9,4,,,,,,,,,,,,,,,,,,,,,,,,no_breakout
2026-03-10T14:37:04.714148+00:00,USOUSD.s,anaconda,24480388,H4,HOLD,HOLD,NONE,0,6.144975729056261,0,,,,,,,,,,,,,,,,0.099,0.099,89.453,89.519,85.044,85.124,81.66351858327252,69.79360077158174,11.869917811690783,44.6032685482818,119.49,75.044,4,,,,,,,,,,,,,,,,,,,,,,,,no_breakout
2026-03-10T14:42:05.151416+00:00,BTCUSD,anaconda,24480388,H4,HOLD,HOLD,NONE,0,1182.372723378182,0,,,,,,,,,,,,,,,,17.08,17.08,70510.04,70913.32,69273.96,70421.31,68535.95374143231,70764.79296592803,2228.8392244957213,69.6675798083901,70577.05,65610.47,3,,,,,,,,,,,,,,,,,,,,,,,,"price_mixed_ema,no_breakout"
2026-03-10T14:42:05.153257+00:00,USDJPY.s,anaconda,24480388,H4,HOLD,HOLD,NONE,0,0.47896148518598297,0,,,,,,,,,,,,,,,,0.024,0.024,157.798,157.907,157.643,157.683,157.25139898634617,156.13514918621456,1.1162498001316123,46.11922836821024,158.889,156.443,4,,,,,,,,,,,,,,,,,,,,,,,,no_breakout
2026-03-10T14:42:05.154525+00:00,EURUSD.s,anaconda,24480388,H4,HOLD,HOLD,NONE,0,0.004096443042766678,0,,,,,,,,,,,,,,,,0.00019,0.00019,1.16336,1.1648,1.16262,1.16441,1.164802311995323,1.1743002569511842,0.009497944955861204,58.84796756754183,1.16465,1.15064,4,,,,,,,,,,,,,,,,,,,,,,,,no_breakout
2026-03-10T14:42:05.155665+00:00,XAUUSD.s,anaconda,24480388,H4,HOLD,HOLD,NONE,0,60.48392477784222,0,,,,,,,,,,,,,,,,0.31,0.31,5186.93,5228.71,5185.33,5207.76,5147.60091720174,5018.965979345247,128.6349378564928,63.51022834105987,5198.29,5014.9,4,,,,,,,,,,,,,,,,,,,,,,,,no_breakout
2026-03-10T14:42:05.157102+00:00,USOUSD.s,anaconda,24480388,H4,HOLD,HOLD,NONE,0,6.209618586199118,0,,,,,,,,,,,,,,,,0.079,0.079,89.453,89.519,84.139,84.249,81.66351858327252,69.79360077158174,11.869917811690783,43.66248749696872,119.49,75.044,4,,,,,,,,,,,,,,,,,,,,,,,,no_breakout
2026-03-10T14:47:05.551654+00:00,BTCUSD,anaconda,24480388,H4,HOLD,HOLD,NONE,0,1182.372723378182,0,,,,,,,,,,,,,,,,17.11,17.11,70510.04,70913.32,69273.96,70519.53,68535.95374143231,70764.79296592803,2228.8392244957213,71.25687230666485,70577.05,65610.47,2,,,,,,,,,,,,,,,,,,,,,,,,"price_mixed_ema,no_breakout,rsi_out_of_zone"
2026-03-10T14:47:05.553141+00:00,USDJPY.s,anaconda,24480388,H4,HOLD,HOLD,NONE,0,0.47967577090026803,0,,,,,,,,,,,,,,,,0.024,0.024,157.798,157.907,157.633,157.706,157.25139898634617,156.13514918621456,1.1162498001316123,46.70655162412201,158.889,156.443,4,,,,,,,,,,,,,,,,,,,,,,,,no_breakout
2026-03-10T14:47:05.554615+00:00,EURUSD.s,anaconda,24480388,H4,HOLD,HOLD,NONE,0,0.004103585899909535,0,,,,,,,,,,,,,,,,0.00018,0.00018,1.16336,1.1649,1.16262,1.1644,1.164802311995323,1.1743002569511842,0.009497944955861204,58.82953582047771,1.16465,1.15064,4,,,,,,,,,,,,,,,,,,,,,,,,no_breakout
2026-03-10T14:47:05.556053+00:00,XAUUSD.s,anaconda,24480388,H4,HOLD,HOLD,NONE,0,60.48392477784222,0,,,,,,,,,,,,,,,,0.33,0.33,5186.93,5228.71,5185.33,5208.39,5147.60091720174,5018.965979345247,128.6349378564928,63.600162586119474,5198.29,5014.9,4,,,,,,,,,,,,,,,,,,,,,,,,no_breakout
2026-03-10T14:47:05.557410+00:00,USOUSD.s,anaconda,24480388,H4,HOLD,HOLD,NONE,0,6.282832871913404,0,,,,,,,,,,,,,,,,0.079,0.079,89.453,89.519,83.114,84.293,81.66351858327252,69.79360077158174,11.869917811690783,43.70884668779905,119.49,75.044,4,,,,,,,,,,,,,,,,,,,,,,,,no_breakout
2026-03-10T14:52:05.929357+00:00,BTCUSD,anaconda,24480388,H4,HOLD,HOLD,NONE,0,1182.372723378182,0,,,,,,,,,,,,,,,,16.95,16.95,70510.04,70913.32,69273.96,70873.42,68535.95374143231,70764.79296592803,2228.8392244957213,73.56812750173923,70577.05,65610.47,2,,,,,,,,,,,,,,,,,,,,,,,,"price_mixed_ema,no_breakout,rsi_out_of_zone"
2026-03-10T14:52:05.930626+00:00,USDJPY.s,anaconda,24480388,H4,HOLD,HOLD,NONE,0,0.47967577090026803,0,,,,,,,,,,,,,,,,0.023,0.023,157.798,157.907,157.633,157.715,157.25139898634617,156.13514918621456,1.1162498001316123,46.94046617430659,158.889,156.443,4,,,,,,,,,,,,,,,,,,,,,,,,no_breakout
2026-03-10T14:52:05.931698+00:00,EURUSD.s,anaconda,24480388,H4,HOLD,HOLD,NONE,0,0.004103585899909535,0,,,,,,,,,,,,,,,,0.00018,0.00018,1.16336,1.1649,1.16262,1.16449,1.164802311995323,1.1743002569511842,0.009497944955861204,58.99482953674704,1.16465,1.15064,4,,,,,,,,,,,,,,,,,,,,,,,,no_breakout
2026-03-10T14:52:05.932738+00:00,XAUUSD.s,anaconda,24480388,H4,HOLD,HOLD,NONE,0,60.48392477784222,0,,,,,,,,,,,,,,,,0.3,0.3,5186.93,5228.71,5185.33,5208.7,5147.60091720174,5018.965979345247,128.6349378564928,63.644253404478384,5198.29,5014.9,4,,,,,,,,,,,,,,,,,,,,,,,,no_breakout
2026-03-10T14:52:05.933913+00:00,USOUSD.s,anaconda,24480388,H4,HOLD,HOLD,NONE,0,6.282832871913404,0,,,,,,,,,,,,,,,,0.079,0.079,89.453,89.519,83.114,84.198,81.66351858327252,69.79360077158174,11.869917811690783,43.60887588182717,119.49,75.044,4,,,,,,,,,,,,,,,,,,,,,,,,no_breakout
2026-03-10T14:57:06.494835+00:00,BTCUSD,anaconda,24480388,H4,HOLD,HOLD,NONE,0,1221.2741519496103,0,,,,,,,,,,,,,,,,16.95,16.95,70510.04,71457.94,69273.96,71431.67,68535.95374143231,70764.79296592803,2228.8392244957213,76.54347679375664,70577.05,65610.47,2,,,,,,,,,,,,,,,,,,,,,,,,"price_mixed_ema,no_breakout,rsi_out_of_zone"
2026-03-10T14:57:06.496464+00:00,USDJPY.s,anaconda,24480388,H4,HOLD,HOLD,NONE,0,0.47967577090026803,0,,,,,,,,,,,,,,,,0.023,0.023,157.798,157.907,157.633,157.687,157.25139898634617,156.13514918621456,1.1162498001316123,46.220308170918734,158.889,156.443,4,,,,,,,,,,,,,,,,,,,,,,,,no_breakout
2026-03-10T14:57:06.497779+00:00,EURUSD.s,anaconda,24480388,H4,HOLD,HOLD,NONE,0,0.004103585899909535,0,,,,,,,,,,,,,,,,0.00018,0.00018,1.16336,1.1649,1.16262,1.16476,1.164802311995323,1.1743002569511842,0.009497944955861204,59.48284188523052,1.16465,1.15064,4,,,,,,,,,,,,,,,,,,,,,,,,no_breakout
2026-03-10T14:57:06.498836+00:00,XAUUSD.s,anaconda,24480388,H4,HOLD,HOLD,NONE,0,60.48392477784222,0,,,,,,,,,,,,,,,,0.3,0.3,5186.93,5228.71,5185.33,5211.32,5147.60091720174,5018.965979345247,128.6349378564928,64.01266895435666,5198.29,5014.9,4,,,,,,,,,,,,,,,,,,,,,,,,no_breakout
2026-03-10T14:57:06.500358+00:00,USOUSD.s,anaconda,24480388,H4,HOLD,HOLD,NONE,0,6.282832871913404,0,,,,,,,,,,,,,,,,0.079,0.079,89.453,89.519,83.114,83.939,81.66351858327252,69.79360077158174,11.869917811690783,43.33863241249208,119.49,75.044,4,,,,,,,,,,,,,,,,,,,,,,,,no_breakout
2026-03-10T15:02:06.992790+00:00,BTCUSD,anaconda,24480388,H4,HOLD,HOLD,NONE,0,1228.593437663896,0,,,,,,,,,,,,,,,,16.96,16.96,70510.04,71560.41,69273.96,71467.55,68535.95374143231,70764.79296592803,2228.8392244957213,76.71196387049577,70577.05,65610.47,2,,,,,,,,,,,,,,,,,,,,,,,,"price_mixed_ema,no_breakout,rsi_out_of_zone"
2026-03-10T15:02:06.994307+00:00,USDJPY.s,anaconda,24480388,H4,HOLD,HOLD,NONE,0,0.47967577090026803,0,,,,,,,,,,,,,,,,0.023,0.023,157.798,157.907,157.633,157.68,157.25139898634617,156.13514918621456,1.1162498001316123,46.04370817283167,158.889,156.443,4,,,,,,,,,,,,,,,,,,,,,,,,no_breakout
2026-03-10T15:02:06.995909+00:00,EURUSD.s,anaconda,24480388,H4,HOLD,HOLD,NONE,0,0.004115728757052392,0,,,,,,,,,,,,,,,,0.00019,0.00019,1.16336,1.16507,1.16262,1.16476,1.164802311995323,1.1743002569511842,0.009497944955861204,59.48284188523052,1.16465,1.15064,4,,,,,,,,,,,,,,,,,,,,,,,,no_breakout
2026-03-10T15:02:06.997362+00:00,XAUUSD.s,anaconda,24480388,H4,HOLD,HOLD,NONE,0,60.48392477784222,0,,,,,,,,,,,,,,,,0.33,0.33,5186.93,5228.71,5185.33,5212.64,5147.60091720174,5018.965979345247,128.6349378564928,64.19546867087273,5198.29,5014.9,4,,,,,,,,,,,,,,,,,,,,,,,,no_breakout
2026-03-10T15:02:06.998952+00:00,USOUSD.s,anaconda,24480388,H4,HOLD,HOLD,NONE,0,6.282832871913404,0,,,,,,,,,,,,,,,,0.079,0.079,89.453,89.519,83.114,83.914,81.66351858327252,69.79360077158174,11.869917811690783,43.312724282871976,119.49,75.044,4,,,,,,,,,,,,,,,,,,,,,,,,no_breakout
2026-03-10T15:07:08.023742+00:00,BTCUSD,anaconda,24480388,H4,HOLD,HOLD,NONE,0,1243.7934376638962,0,,,,,,,,,,,,,,,,17.11,17.11,70510.04,71773.21,69273.96,71215.56,68535.95374143231,70764.79296592803,2228.8392244957213,75.47474252922606,70577.05,65610.47,2,,,,,,,,,,,,,,,,,,,,,,,,"price_mixed_ema,no_breakout,rsi_out_of_zone"
2026-03-10T15:07:08.025131+00:00,USDJPY.s,anaconda,24480388,H4,HOLD,HOLD,NONE,0,0.47967577090026803,0,,,,,,,,,,,,,,,,0.023,0.023,157.798,157.907,157.633,157.727,157.25139898634617,156.13514918621456,1.1162498001316123,47.2560213614882,158.889,156.443,4,,,,,,,,,,,,,,,,,,,,,,,,no_breakout
2026-03-10T15:07:08.026193+00:00,EURUSD.s,anaconda,24480388,H4,HOLD,HOLD,NONE,0,0.004115728757052392,0,,,,,,,,,,,,,,,,0.00019,0.00019,1.16336,1.16507,1.16262,1.16445,1.164802311995323,1.1743002569511842,0.009497944955861204,58.921529815364444,1.16465,1.15064,4,,,,,,,,,,,,,,,,,,,,,,,,no_breakout
2026-03-10T15:07:08.027544+00:00,XAUUSD.s,anaconda,24480388,H4,HOLD,HOLD,NONE,0,60.48392477784222,0,,,,,,,,,,,,,,,,0.34,0.34,5186.93,5228.71,5185.33,5212.43,5147.60091720174,5018.965979345247,128.6349378564928,64.16651121948149,5198.29,5014.9,4,,,,,,,,,,,,,,,,,,,,,,,,no_breakout
2026-03-10T15:07:08.028722+00:00,USOUSD.s,anaconda,24480388,H4,HOLD,HOLD,NONE,0,6.282832871913404,0,,,,,,,,,,,,,,,,0.079,0.079,89.453,89.519,83.114,84.179,81.66351858327252,69.79360077158174,11.869917811690783,43.58893657227864,119.49,75.044,4,,,,,,,,,,,,,,,,,,,,,,,,no_breakout
2026-03-10T15:12:08.458766+00:00,BTCUSD,anaconda,24480388,H4,HOLD,HOLD,NONE,0,1243.7934376638962,0,,,,,,,,,,,,,,,,17.02,17.02,70510.04,71773.21,69273.96,71267.44,68535.95374143231,70764.79296592803,2228.8392244957213,75.7400932819866,70577.05,65610.47,2,,,,,,,,,,,,,,,,,,,,,,,,"price_mixed_ema,no_breakout,rsi_out_of_zone"
2026-03-10T15:12:08.460128+00:00,USDJPY.s,anaconda,24480388,H4,HOLD,HOLD,NONE,0,0.47967577090026803,0,,,,,,,,,,,,,,,,0.023,0.023,157.798,157.907,157.633,157.74,157.25139898634617,156.13514918621456,1.1162498001316123,47.60269560602481,158.889,156.443,4,,,,,,,,,,,,,,,,,,,,,,,,no_breakout
2026-03-10T15:12:08.461364+00:00,EURUSD.s,anaconda,24480388,H4,HOLD,HOLD,NONE,0,0.004115728757052392,0,,,,,,,,,,,,,,,,0.00019,0.00019,1.16336,1.16507,1.16262,1.16417,1.164802311995323,1.1743002569511842,0.009497944955861204,58.401001186446564,1.16465,1.15064,4,,,,,,,,,,,,,,,,,,,,,,,,no_breakout
2026-03-10T15:12:08.462776+00:00,XAUUSD.s,anaconda,24480388,H4,HOLD,HOLD,NONE,0,60.48392477784222,0,,,,,,,,,,,,,,,,0.34,0.34,5186.93,5228.71,5185.33,5218.19,5147.60091720174,5018.965979345247,128.6349378564928,64.94416422893578,5198.29,5014.9,4,,,,,,,,,,,,,,,,,,,,,,,,no_breakout
2026-03-10T15:12:08.464262+00:00,USOUSD.s,anaconda,24480388,H4,HOLD,HOLD,NONE,0,6.282832871913404,0,,,,,,,,,,,,,,,,0.079,0.079,89.453,89.519,83.114,84.414,81.66351858327252,69.79360077158174,11.869917811690783,43.83684355556368,119.49,75.044,4,,,,,,,,,,,,,,,,,,,,,,,,no_breakout
2026-03-10T15:17:08.832270+00:00,BTCUSD,anaconda,24480388,H4,HOLD,HOLD,NONE,0,1243.7934376638962,0,,,,,,,,,,,,,,,,17.06,17.06,70510.04,71773.21,69273.96,71134.74,68535.95374143231,70764.79296592803,2228.8392244957213,75.04960693464531,70577.05,65610.47,2,,,,,,,,,,,,,,,,,,,,,,,,"price_mixed_ema,no_breakout,rsi_out_of_zone"
2026-03-10T15:17:08.833554+00:00,USDJPY.s,anaconda,24480388,H4,HOLD,HOLD,NONE,0,0.47967577090026803,0,,,,,,,,,,,,,,,,0.024,0.024,157.798,157.907,157.633,157.695,157.25139898634617,156.13514918621456,1.1162498001316123,46.423802851955294,158.889,156.443,4,,,,,,,,,,,,,,,,,,,,,,,,no_breakout
2026-03-10T15:17:08.834974+00:00,EURUSD.s,anaconda,24480388,H4,HOLD,HOLD,NONE,0,0.004115728757052392,0,,,,,,,,,,,,,,,,0.0002,0.0002,1.16336,1.16507,1.16262,1.16433,1.164802311995323,1.1743002569511842,0.009497944955861204,58.70004983079334,1.16465,1.15064,4,,,,,,,,,,,,,,,,,,,,,,,,no_breakout
2026-03-10T15:17:08.836071+00:00,XAUUSD.s,anaconda,24480388,H4,HOLD,HOLD,NONE,0,60.48392477784222,0,,,,,,,,,,,,,,,,0.33,0.33,5186.93,5228.71,5185.33,5225.23,5147.60091720174,5018.965979345247,128.6349378564928,65.84997598453646,5198.29,5014.9,4,,,,,,,,,,,,,,,,,,,,,,,,no_breakout
2026-03-10T15:17:08.837092+00:00,USOUSD.s,anaconda,24480388,H4,HOLD,HOLD,NONE,0,6.282832871913404,0,,,,,,,,,,,,,,,,0.079,0.079,89.453,89.519,83.114,83.853,81.66351858327252,69.79360077158174,11.869917811690783,43.249638257799624,119.49,75.044,4,,,,,,,,,,,,,,,,,,,,,,,,no_breakout
2026-03-10T15:22:09.341205+00:00,BTCUSD,anaconda,24480388,H4,HOLD,HOLD,NONE,0,1243.7934376638962,0,,,,,,,,,,,,,,,,16.99,16.99,70510.04,71773.21,69273.96,71140.54,68535.95374143231,70764.79296592803,2228.8392244957213,75.08060684956736,70577.05,65610.47,2,,,,,,,,,,,,,,,,,,,,,,,,"price_mixed_ema,no_breakout,rsi_out_of_zone"
2026-03-10T15:22:09.342556+00:00,USDJPY.s,anaconda,24480388,H4,HOLD,HOLD,NONE,0,0.48274719947169703,0,,,,,,,,,,,,,,,,0.024,0.024,157.798,157.907,157.59,157.597,157.25139898634617,156.13514918621456,1.1162498001316123,44.048144766330196,158.889,156.443,4,,,,,,,,,,,,,,,,,,,,,,,,no_breakout
2026-03-10T15:22:09.343723+00:00,EURUSD.s,anaconda,24480388,H4,HOLD,HOLD,NONE,0,0.004115728757052392,0,,,,,,,,,,,,,,,,0.00019,0.00019,1.16336,1.16507,1.16262,1.16486,1.164802311995323,1.1743002569511842,0.009497944955861204,59.66065234149569,1.16465,1.15064,4,,,,,,,,,,,,,,,,,,,,,,,,no_breakout
2026-03-10T15:22:09.344892+00:00,XAUUSD.s,anaconda,24480388,H4,HOLD,HOLD,NONE,0,60.48392477784222,0,,,,,,,,,,,,,,,,0.32,0.32,5186.93,5228.71,5185.33,5225.85,5147.60091720174,5018.965979345247,128.6349378564928,65.92751147016673,5198.29,5014.9,4,,,,,,,,,,,,,,,,,,,,,,,,no_breakout
2026-03-10T15:22:09.345920+00:00,USOUSD.s,anaconda,24480388,H4,HOLD,HOLD,NONE,0,6.302832871913404,0,,,,,,,,,,,,,,,,0.079,0.079,89.453,89.519,82.834,83.368,81.66351858327252,69.79360077158174,11.869917811690783,42.75451700161929,119.49,75.044,4,,,,,,,,,,,,,,,,,,,,,,,,no_breakout
2026-03-10T15:27:09.746067+00:00,BTCUSD,anaconda,24480388,H4,HOLD,HOLD,NONE,0,1243.7934376638962,0,,,,,,,,,,,,,,,,16.99,16.99,70510.04,71773.21,69273.96,71215.0,68535.95374143231,70764.79296592803,2228.8392244957213,75.47184662556387,70577.05,65610.47,2,,,,,,,,,,,,,,,,,,,,,,,,"price_mixed_ema,no_breakout,rsi_out_of_zone"
2026-03-10T15:27:09.748917+00:00,USDJPY.s,anaconda,24480388,H4,HOLD,HOLD,NONE,0,0.48274719947169703,0,,,,,,,,,,,,,,,,0.024,0.024,157.798,157.907,157.59,157.615,157.25139898634617,156.13514918621456,1.1162498001316123,44.46608923971844,158.889,156.443,4,,,,,,,,,,,,,,,,,,,,,,,,no_breakout
2026-03-10T15:27:09.750356+00:00,EURUSD.s,anaconda,24480388,H4,HOLD,HOLD,NONE,0,0.004115728757052392,0,,,,,,,,,,,,,,,,0.00019,0.00019,1.16336,1.16507,1.16262,1.16461,1.164802311995323,1.1743002569511842,0.009497944955861204,59.21316752085575,1.16465,1.15064,4,,,,,,,,,,,,,,,,,,,,,,,,no_breakout
2026-03-10T15:27:09.751531+00:00,XAUUSD.s,anaconda,24480388,H4,HOLD,HOLD,NONE,0,60.48392477784222,0,,,,,,,,,,,,,,,,0.3,0.3,5186.93,5228.71,5185.33,5226.54,5147.60091720174,5018.965979345247,128.6349378564928,66.0133880563894,5198.29,5014.9,4,,,,,,,,,,,,,,,,,,,,,,,,no_breakout
2026-03-10T15:27:09.752689+00:00,USOUSD.s,anaconda,24480388,H4,HOLD,HOLD,NONE,0,6.302832871913404,0,,,,,,,,,,,,,,,,0.079,0.079,89.453,89.519,82.834,83.194,81.66351858327252,69.79360077158174,11.869917811690783,42.57963763847288,119.49,75.044,4,,,,,,,,,,,,,,,,,,,,,,,,no_breakout
2026-03-10T15:32:10.143174+00:00,BTCUSD,anaconda,24480388,H4,HOLD,HOLD,NONE,0,1243.7934376638962,0,,,,,,,,,,,,,,,,16.98,16.98,70510.04,71773.21,69273.96,71392.81,68535.95374143231,70764.79296592803,2228.8392244957213,76.35822424807327,70577.05,65610.47,2,,,,,,,,,,,,,,,,,,,,,,,,"price_mixed_ema,no_breakout,rsi_out_of_zone"
2026-03-10T15:32:10.144754+00:00,USDJPY.s,anaconda,24480388,H4,HOLD,HOLD,NONE,0,0.48274719947169703,0,,,,,,,,,,,,,,,,0.023,0.023,157.798,157.907,157.59,157.702,157.25139898634617,156.13514918621456,1.1162498001316123,46.60333626477297,158.889,156.443,4,,,,,,,,,,,,,,,,,,,,,,,,no_breakout
2026-03-10T15:32:10.145904+00:00,EURUSD.s,anaconda,24480388,H4,HOLD,HOLD,NONE,0,0.004115728757052392,0,,,,,,,,,,,,,,,,0.00018,0.00018,1.16336,1.16507,1.16262,1.16426,1.164802311995323,1.1743002569511842,0.009497944955861204,58.56974677376486,1.16465,1.15064,4,,,,,,,,,,,,,,,,,,,,,,,,no_breakout
2026-03-10T15:32:10.147279+00:00,XAUUSD.s,anaconda,24480388,H4,HOLD,HOLD,NONE,0,60.584639063556494,0,,,,,,,,,,,,,,,,0.3,0.3,5186.93,5230.12,5185.33,5229.15,5147.60091720174,5018.965979345247,128.6349378564928,66.33434692341102,5198.29,5014.9,4,,,,,,,,,,,,,,,,,,,,,,,,no_breakout
2026-03-10T15:32:10.148397+00:00,USOUSD.s,anaconda,24480388,H4,HOLD,HOLD,NONE,0,6.302832871913404,0,,,,,,,,,,,,,,,,0.079,0.079,89.453,89.519,82.834,83.838,81.66351858327252,69.79360077158174,11.869917811690783,43.23415344187702,119.49,75.044,4,,,,,,,,,,,,,,,,,,,,,,,,no_breakout
2026-03-10T15:37:10.535703+00:00,BTCUSD,anaconda,24480388,H4,HOLD,HOLD,NONE,0,1243.7934376638962,0,,,,,,,,,,,,,,,,17.1,17.1,70510.04,71773.21,69273.96,71399.28,68535.95374143231,70764.79296592803,2228.8392244957213,76.38927066115318,70577.05,65610.47,2,,,,,,,,,,,,,,,,,,,,,,,,"price_mixed_ema,no_breakout,rsi_out_of_zone"
2026-03-10T15:37:10.538244+00:00,USDJPY.s,anaconda,24480388,H4,HOLD,HOLD,NONE,0,0.48274719947169703,0,,,,,,,,,,,,,,,,0.023,0.023,157.798,157.907,157.59,157.639,157.25139898634617,156.13514918621456,1.1162498001316123,45.03584406078006,158.889,156.443,4,,,,,,,,,,,,,,,,,,,,,,,,no_breakout
2026-03-10T15:37:10.539999+00:00,EURUSD.s,anaconda,24480388,H4,HOLD,HOLD,NONE,0,0.004115728757052392,0,,,,,,,,,,,,,,,,0.00019,0.00019,1.16336,1.16507,1.16262,1.1648100000000001,1.164802311995323,1.1743002569511842,0.009497944955861204,59.571942623656845,1.16465,1.15064,4,,,,,,,,,,,,,,,,,,,,,,,,no_breakout
2026-03-10T15:37:10.541330+00:00,XAUUSD.s,anaconda,24480388,H4,HOLD,HOLD,NONE,0,61.03678192069934,0,,,,,,,,,,,,,,,,0.34,0.34,5186.93,5236.45,5185.33,5230.86,5147.60091720174,5018.965979345247,128.6349378564928,66.54136360650408,5198.29,5014.9,4,,,,,,,,,,,,,,,,,,,,,,,,no_breakout
2026-03-10T15:37:10.542611+00:00,USOUSD.s,anaconda,24480388,H4,HOLD,HOLD,NONE,0,6.302832871913404,0,,,,,,,,,,,,,,,,0.079,0.079,89.453,89.519,82.834,83.864,81.66351858327252,69.79360077158174,11.869917811690783,43.26100084099606,119.49,75.044,4,,,,,,,,,,,,,,,,,,,,,,,,no_breakout
2026-03-10T15:42:10.936320+00:00,BTCUSD,anaconda,24480388,H4,HOLD,HOLD,NONE,0,1243.7934376638962,0,,,,,,,,,,,,,,,,17.06,17.06,70510.04,71773.21,69273.96,71022.36,68535.95374143231,70764.79296592803,2228.8392244957213,74.43335569843211,70577.05,65610.47,2,,,,,,,,,,,,,,,,,,,,,,,,"price_mixed_ema,no_breakout,rsi_out_of_zone"
2026-03-10T15:42:10.937731+00:00,USDJPY.s,anaconda,24480388,H4,HOLD,HOLD,NONE,0,0.4839614851859825,0,,,,,,,,,,,,,,,,0.024,0.024,157.798,157.907,157.573,157.575,157.25139898634617,156.13514918621456,1.1162498001316123,43.54787210996748,158.889,156.443,4,,,,,,,,,,,,,,,,,,,,,,,,no_breakout
2026-03-10T15:42:10.939000+00:00,EURUSD.s,anaconda,24480388,H4,HOLD,HOLD,NONE,0,0.004125014471338104,0,,,,,,,,,,,,,,,,0.00019,0.00019,1.16336,1.1652,1.16262,1.16516,1.164802311995323,1.1743002569511842,0.009497944955861204,60.18484148733999,1.16465,1.15064,4,,,,,,,,,,,,,,,,,,,,,,,,no_breakout
2026-03-10T15:42:10.940322+00:00,XAUUSD.s,anaconda,24480388,H4,HOLD,HOLD,NONE,0,61.03678192069934,0,,,,,,,,,,,,,,,,0.31,0.31,5186.93,5236.45,5185.33,5232.31,5147.60091720174,5018.965979345247,128.6349378564928,66.71491967487265,5198.29,5014.9,4,,,,,,,,,,,,,,,,,,,,,,,,no_breakout
2026-03-10T15:42:10.941590+00:00,USOUSD.s,anaconda,24480388,H4,HOLD,HOLD,NONE,0,6.302832871913404,0,,,,,,,,,,,,,,,,0.079,0.079,89.453,89.519,82.834,83.244,81.66351858327252,69.79360077158174,11.869917811690783,42.62974367328917,119.49,75.044,4,,,,,,,,,,,,,,,,,,,,,,,,no_breakout
2026-03-10T15:47:11.417399+00:00,BTCUSD,anaconda,24480388,H4,HOLD,HOLD,NONE,0,1243.7934376638962,0,,,,,,,,,,,,,,,,17.04,17.04,70510.04,71773.21,69273.96,70988.09,68535.95374143231,70764.79296592803,2228.8392244957213,74.23932847527128,70577.05,65610.47,2,,,,,,,,,,,,,,,,,,,,,,,,"price_mixed_ema,no_breakout,rsi_out_of_zone"
2026-03-10T15:47:11.418684+00:00,USDJPY.s,anaconda,24480388,H4,HOLD,HOLD,NONE,0,0.4861757709002686,0,,,,,,,,,,,,,,,,0.024,0.024,157.798,157.907,157.542,157.581,157.25139898634617,156.13514918621456,1.1162498001316123,43.68317963704209,158.889,156.443,4,,,,,,,,,,,,,,,,,,,,,,,,no_breakout
2026-03-10T15:47:11.419867+00:00,EURUSD.s,anaconda,24480388,H4,HOLD,HOLD,NONE,0,0.004140728757052397,0,,,,,,,,,,,,,,,,0.00018,0.00018,1.16336,1.1654200000000001,1.16262,1.16502,1.164802311995323,1.1743002569511842,0.009497944955861204,59.94192555317814,1.16465,1.15064,4,,,,,,,,,,,,,,,,,,,,,,,,no_breakout
2026-03-10T15:47:11.421170+00:00,XAUUSD.s,anaconda,24480388,H4,HOLD,HOLD,NONE,0,61.18035334927079,0,,,,,,,,,,,,,,,,0.34,0.34,5186.93,5238.46,5185.33,5233.2,5147.60091720174,5018.965979345247,128.6349378564928,66.82055827675899,5198.29,5014.9,4,,,,,,,,,,,,,,,,,,,,,,,,no_breakout
2026-03-10T15:47:11.423785+00:00,USOUSD.s,anaconda,24480388,H4,HOLD,HOLD,NONE,0,6.302832871913404,0,,,,,,,,,,,,,,,,0.079,0.079,89.453,89.519,82.834,84.629,81.66351858327252,69.79360077158174,11.869917811690783,44.066135103420564,119.49,75.044,4,,,,,,,,,,,,,,,,,,,,,,,,no_breakout
2026-03-10T15:52:11.871743+00:00,BTCUSD,anaconda,24480388,H4,HOLD,HOLD,NONE,0,1243.7934376638962,0,,,,,,,,,,,,,,,,16.96,16.96,70510.04,71773.21,69273.96,70991.61,68535.95374143231,70764.79296592803,2228.8392244957213,74.2593933418485,70577.05,65610.47,2,,,,,,,,,,,,,,,,,,,,,,,,"price_mixed_ema,no_breakout,rsi_out_of_zone"
2026-03-10T15:52:11.872908+00:00,USDJPY.s,anaconda,24480388,H4,HOLD,HOLD,NONE,0,0.4861757709002686,0,,,,,,,,,,,,,,,,0.025,0.025,157.798,157.907,157.542,157.654,157.25139898634617,156.13514918621456,1.1162498001316123,45.39941515648789,158.889,156.443,4,,,,,,,,,,,,,,,,,,,,,,,,no_breakout
2026-03-10T15:52:11.874064+00:00,EURUSD.s,anaconda,24480388,H4,HOLD,HOLD,NONE,0,0.004140728757052397,0,,,,,,,,,,,,,,,,0.00018,0.00018,1.16336,1.1654200000000001,1.16262,1.16441,1.164802311995323,1.1743002569511842,0.009497944955861204,58.84796756754183,1.16465,1.15064,4,,,,,,,,,,,,,,,,,,,,,,,,no_breakout
2026-03-10T15:52:11.875152+00:00,XAUUSD.s,anaconda,24480388,H4,HOLD,HOLD,NONE,0,61.18035334927079,0,,,,,,,,,,,,,,,,0.34,0.34,5186.93,5238.46,5185.33,5229.27,5147.60091720174,5018.965979345247,128.6349378564928,66.34895795102244,5198.29,5014.9,4,,,,,,,,,,,,,,,,,,,,,,,,no_breakout
2026-03-10T15:52:11.876323+00:00,USOUSD.s,anaconda,24480388,H4,HOLD,HOLD,NONE,0,6.302832871913404,0,,,,,,,,,,,,,,,,0.079,0.079,89.453,89.519,82.834,84.269,81.66351858327252,69.79360077158174,11.869917811690783,43.68354765958775,119.49,75.044,4,,,,,,,,,,,,,,,,,,,,,,,,no_breakout
2026-03-10T15:57:12.239525+00:00,BTCUSD,anaconda,24480388,H4,HOLD,HOLD,NONE,0,1243.7934376638962,0,,,,,,,,,,,,,,,,17.05,17.05,70510.04,71773.21,69273.96,71224.36,68535.95374143231,70764.79296592803,2228.8392244957213,75.52015995111222,70577.05,65610.47,2,,,,,,,,,,,,,,,,,,,,,,,,"price_mixed_ema,no_breakout,rsi_out_of_zone"
2026-03-10T15:57:12.242511+00:00,USDJPY.s,anaconda,24480388,H4,HOLD,HOLD,NONE,0,0.4861757709002686,0,,,,,,,,,,,,,,,,0.023,0.023,157.798,157.907,157.542,157.635,157.25139898634617,156.13514918621456,1.1162498001316123,44.93987313920488,158.889,156.443,4,,,,,,,,,,,,,,,,,,,,,,,,no_breakout
2026-03-10T15:57:12.244561+00:00,EURUSD.s,anaconda,24480388,H4,HOLD,HOLD,NONE,0,0.004140728757052397,0,,,,,,,,,,,,,,,,0.00018,0.00018,1.16336,1.1654200000000001,1.16262,1.1645,1.164802311995323,1.1743002569511842,0.009497944955861204,59.013113611951745,1.16465,1.15064,4,,,,,,,,,,,,,,,,,,,,,,,,no_breakout
2026-03-10T15:57:12.245746+00:00,XAUUSD.s,anaconda,24480388,H4,HOLD,HOLD,NONE,0,61.18035334927079,0,,,,,,,,,,,,,,,,0.31,0.31,5186.93,5238.46,5185.33,5230.15,5147.60091720174,5018.965979345247,128.6349378564928,66.45571919580576,5198.29,5014.9,4,,,,,,,,,,,,,,,,,,,,,,,,no_breakout
2026-03-10T15:57:12.247032+00:00,USOUSD.s,anaconda,24480388,H4,HOLD,HOLD,NONE,0,6.302832871913404,0,,,,,,,,,,,,,,,,0.079,0.079,89.453,89.519,82.834,84.684,81.66351858327252,69.79360077158174,11.869917811690783,44.12517688577611,119.49,75.044,4,,,,,,,,,,,,,,,,,,,,,,,,no_breakout
2026-03-10T16:02:12.946051+00:00,BTCUSD,anaconda,24480388,H4,HOLD,HOLD,NONE,0,1243.7934376638962,0,,,,,,,,,,,,,,,,17.07,17.07,70510.04,71773.21,69273.96,71144.02,68535.95374143231,70764.79296592803,2228.8392244957213,75.09916985049736,70577.05,65610.47,2,,,,,,,,,,,,,,,,,,,,,,,,"price_mixed_ema,no_breakout,rsi_out_of_zone"
2026-03-10T16:02:12.947514+00:00,USDJPY.s,anaconda,24480388,H4,HOLD,HOLD,NONE,0,0.4861757709002686,0,,,,,,,,,,,,,,,,0.024,0.024,157.798,157.907,157.542,157.579,157.25139898634617,156.13514918621456,1.1162498001316123,43.63798379938668,158.889,156.443,4,,,,,,,,,,,,,,,,,,,,,,,,no_breakout
2026-03-10T16:02:12.948910+00:00,EURUSD.s,anaconda,24480388,H4,HOLD,HOLD,NONE,0,0.004140728757052397,0,,,,,,,,,,,,,,,,0.00018,0.00018,1.16336,1.1654200000000001,1.16262,1.16452,1.164802311995323,1.1743002569511842,0.009497944955861204,59.04963288907945,1.16465,1.15064,4,,,,,,,,,,,,,,,,,,,,,,,,no_breakout
2026-03-10T16:02:12.950388+00:00,XAUUSD.s,anaconda,24480388,H4,HOLD,HOLD,NONE,0,61.18035334927079,0,,,,,,,,,,,,,,,,0.32,0.32,5186.93,5238.46,5185.33,5229.01,5147.60091720174,5018.965979345247,128.6349378564928,66.31728468018781,5198.29,5014.9,4,,,,,,,,,,,,,,,,,,,,,,,,no_breakout
2026-03-10T16:02:12.951748+00:00,USOUSD.s,anaconda,24480388,H4,HOLD,HOLD,NONE,0,6.302832871913404,0,,,,,,,,,,,,,,,,0.079,0.079,89.453,89.519,82.834,84.779,81.66351858327252,69.79360077158174,11.869917811690783,44.22753166261731,119.49,75.044,4,,,,,,,,,,,,,,,,,,,,,,,,no_breakout
2026-03-10T16:07:13.488393+00:00,BTCUSD,anaconda,24480388,H4,HOLD,HOLD,NONE,0,1243.7934376638962,0,,,,,,,,,,,,,,,,17.1,17.1,70510.04,71773.21,69273.96,71038.32,68535.95374143231,70764.79296592803,2228.8392244957213,74.52272272013492,70577.05,65610.47,2,,,,,,,,,,,,,,,,,,,,,,,,"price_mixed_ema,no_breakout,rsi_out_of_zone"
2026-03-10T16:07:13.489767+00:00,USDJPY.s,anaconda,24480388,H4,HOLD,HOLD,NONE,0,0.4861757709002686,0,,,,,,,,,,,,,,,,0.023,0.023,157.798,157.907,157.542,157.665,157.25139898634617,156.13514918621456,1.1162498001316123,45.669786995177056,158.889,156.443,4,,,,,,,,,,,,,,,,,,,,,,,,no_breakout
2026-03-10T16:07:13.490852+00:00,EURUSD.s,anaconda,24480388,H4,HOLD,HOLD,NONE,0,0.004140728757052397,0,,,,,,,,,,,,,,,,0.00018,0.00018,1.16336,1.1654200000000001,1.16262,1.16385,1.164802311995323,1.1743002569511842,0.009497944955861204,57.78972070062303,1.16465,1.15064,4,,,,,,,,,,,,,,,,,,,,,,,,no_breakout
2026-03-10T16:07:13.492157+00:00,XAUUSD.s,anaconda,24480388,H4,HOLD,HOLD,NONE,0,61.18035334927079,0,,,,,,,,,,,,,,,,0.34,0.34,5186.93,5238.46,5185.33,5225.91,5147.60091720174,5018.965979345247,128.6349378564928,65.93499622363584,5198.29,5014.9,4,,,,,,,,,,,,,,,,,,,,,,,,no_breakout
2026-03-10T16:07:13.493251+00:00,USOUSD.s,anaconda,24480388,H4,HOLD,HOLD,NONE,0,6.302832871913404,0,,,,,,,,,,,,,,,,0.079,0.079,89.453,89.519,82.834,84.964,81.66351858327252,69.79360077158174,11.869917811690783,44.42822304433926,119.49,75.044,4,,,,,,,,,,,,,,,,,,,,,,,,no_breakout
2026-03-10T16:12:13.878950+00:00,BTCUSD,anaconda,24480388,H4,HOLD,HOLD,NONE,0,1243.7934376638962,0,,,,,,,,,,,,,,,,17.04,17.04,70510.04,71773.21,69273.96,71155.92,68535.95374143231,70764.79296592803,2228.8392244957213,75.16243833042722,70577.05,65610.47,2,,,,,,,,,,,,,,,,,,,,,,,,"price_mixed_ema,no_breakout,rsi_out_of_zone"
2026-03-10T16:12:13.880519+00:00,USDJPY.s,anaconda,24480388,H4,HOLD,HOLD,NONE,0,0.4861757709002686,0,,,,,,,,,,,,,,,,0.025,0.025,157.798,157.907,157.542,157.654,157.25139898634617,156.13514918621456,1.1162498001316123,45.39941515648789,158.889,156.443,4,,,,,,,,,,,,,,,,,,,,,,,,no_breakout
2026-03-10T16:12:13.882054+00:00,EURUSD.s,anaconda,24480388,H4,HOLD,HOLD,NONE,0,0.004140728757052397,0,,,,,,,,,,,,,,,,0.00019,0.00019,1.16336,1.1654200000000001,1.16262,1.1643,1.164802311995323,1.1743002569511842,0.009497944955861204,58.644306162687435,1.16465,1.15064,4,,,,,,,,,,,,,,,,,,,,,,,,no_breakout
2026-03-10T16:12:13.883577+00:00,XAUUSD.s,anaconda,24480388,H4,HOLD,HOLD,NONE,0,61.18035334927079,0,,,,,,,,,,,,,,,,0.34,0.34,5186.93,5238.46,5185.33,5227.21,5147.60091720174,5018.965979345247,128.6349378564928,66.09636222877542,5198.29,5014.9,4,,,,,,,,,,,,,,,,,,,,,,,,no_breakout
2026-03-10T16:12:13.885218+00:00,USOUSD.s,anaconda,24480388,H4,HOLD,HOLD,NONE,0,6.302832871913404,0,,,,,,,,,,,,,,,,0.079,0.079,89.453,89.519,82.834,85.319,81.66351858327252,69.79360077158174,11.869917811690783,44.81847919934189,119.49,75.044,4,,,,,,,,,,,,,,,,,,,,,,,,no_breakout
2026-03-10T16:17:14.834676+00:00,BTCUSD,anaconda,24480388,H4,HOLD,HOLD,NONE,0,1243.7934376638962,0,,,,,,,,,,,,,,,,17.03,17.03,70510.04,71773.21,69273.96,71324.84,68535.95374143231,70764.79296592803,2228.8392244957213,76.02706551174019,70577.05,65610.47,2,,,,,,,,,,,,,,,,,,,,,,,,"price_mixed_ema,no_breakout,rsi_out_of_zone"
2026-03-10T16:17:14.835883+00:00,USDJPY.s,anaconda,24480388,H4,HOLD,HOLD,NONE,0,0.4861757709002686,0,,,,,,,,,,,,,,,,0.024,0.024,157.798,157.907,157.542,157.631,157.25139898634617,156.13514918621456,1.1162498001316123,44.84431037395166,158.889,156.443,4,,,,,,,,,,,,,,,,,,,,,,,,no_breakout
2026-03-10T16:17:14.837068+00:00,EURUSD.s,anaconda,24480388,H4,HOLD,HOLD,NONE,0,0.004140728757052397,0,,,,,,,,,,,,,,,,0.00018,0.00018,1.16336,1.1654200000000001,1.16262,1.1643,1.164802311995323,1.1743002569511842,0.009497944955861204,58.644306162687435,1.16465,1.15064,4,,,,,,,,,,,,,,,,,,,,,,,,no_breakout
2026-03-10T16:17:14.838242+00:00,XAUUSD.s,anaconda,24480388,H4,HOLD,HOLD,NONE,0,61.18035334927079,0,,,,,,,,,,,,,,,,0.34,0.34,5186.93,5238.46,5185.33,5226.96,5147.60091720174,5018.965979345247,128.6349378564928,66.06544914236224,5198.29,5014.9,4,,,,,,,,,,,,,,,,,,,,,,,,no_breakout
2026-03-10T16:17:14.839510+00:00,USOUSD.s,anaconda,24480388,H4,HOLD,HOLD,NONE,0,6.302832871913404,0,,,,,,,,,,,,,,,,0.079,0.079,89.453,89.519,82.834,85.103,81.66351858327252,69.79360077158174,11.869917811690783,44.580215227692534,119.49,75.044,4,,,,,,,,,,,,,,,,,,,,,,,,no_breakout
2026-03-10T16:22:15.236307+00:00,BTCUSD,anaconda,24480388,H4,HOLD,HOLD,NONE,0,1243.7934376638962,0,,,,,,,,,,,,,,,,17.05,17.05,70510.04,71773.21,69273.96,71420.63,68535.95374143231,70764.79296592803,2228.8392244957213,76.49114304059901,70577.05,65610.47,2,,,,,,,,,,,,,,,,,,,,,,,,"price_mixed_ema,no_breakout,rsi_out_of_zone"
2026-03-10T16:22:15.237876+00:00,USDJPY.s,anaconda,24480388,H4,HOLD,HOLD,NONE,0,0.4861757709002686,0,,,,,,,,,,,,,,,,0.023,0.023,157.798,157.907,157.542,157.619,157.25139898634617,156.13514918621456,1.1162498001316123,44.56004514334942,158.889,156.443,4,,,,,,,,,,,,,,,,,,,,,,,,no_breakout
2026-03-10T16:22:15.239470+00:00,EURUSD.s,anaconda,24480388,H4,HOLD,HOLD,NONE,0,0.004140728757052397,0,,,,,,,,,,,,,,,,0.00018,0.00018,1.16336,1.1654200000000001,1.16262,1.1644,1.164802311995323,1.1743002569511842,0.009497944955861204,58.82953582047771,1.16465,1.15064,4,,,,,,,,,,,,,,,,,,,,,,,,no_breakout
2026-03-10T16:22:15.241132+00:00,XAUUSD.s,anaconda,24480388,H4,HOLD,HOLD,NONE,0,61.18035334927079,0,,,,,,,,,,,,,,,,0.31,0.31,5186.93,5238.46,5185.33,5229.9,5147.60091720174,5018.965979345247,128.6349378564928,66.42545824692476,5198.29,5014.9,4,,,,,,,,,,,,,,,,,,,,,,,,no_breakout
2026-03-10T16:22:15.242757+00:00,USOUSD.s,anaconda,24480388,H4,HOLD,HOLD,NONE,0,6.302832871913404,0,,,,,,,,,,,,,,,,0.079,0.079,89.453,89.519,82.834,85.233,81.66351858327252,69.79360077158174,11.869917811690783,44.723310341364936,119.49,75.044,4,,,,,,,,,,,,,,,,,,,,,,,,no_breakout
2026-03-10T16:27:16.105312+00:00,BTCUSD,anaconda,24480388,H4,HOLD,HOLD,NONE,0,1243.7934376638962,0,,,,,,,,,,,,,,,,17.02,17.02,70510.04,71773.21,69273.96,71456.88,68535.95374143231,70764.79296592803,2228.8392244957213,76.66211257132841,70577.05,65610.47,2,,,,,,,,,,,,,,,,,,,,,,,,"price_mixed_ema,no_breakout,rsi_out_of_zone"
2026-03-10T16:27:16.107084+00:00,USDJPY.s,anaconda,24480388,H4,HOLD,HOLD,NONE,0,0.4861757709002686,0,,,,,,,,,,,,,,,,0.024,0.024,157.798,157.907,157.542,157.64,157.25139898634617,156.13514918621456,1.1162498001316123,45.059900872196025,158.889,156.443,4,,,,,,,,,,,,,,,,,,,,,,,,no_breakout
2026-03-10T16:27:16.109107+00:00,EURUSD.s,anaconda,24480388,H4,HOLD,HOLD,NONE,0,0.004140728757052397,0,,,,,,,,,,,,,,,,0.00019,0.00019,1.16336,1.1654200000000001,1.16262,1.1644700000000001,1.164802311995323,1.1743002569511842,0.009497944955861204,58.958212403948565,1.16465,1.15064,4,,,,,,,,,,,,,,,,,,,,,,,,no_breakout
2026-03-10T16:27:16.111371+00:00,XAUUSD.s,anaconda,24480388,H4,HOLD,HOLD,NONE,0,61.18035334927079,0,,,,,,,,,,,,,,,,0.34,0.34,5186.93,5238.46,5185.33,5234.93,5147.60091720174,5018.965979345247,128.6349378564928,67.02399398514405,5198.29,5014.9,4,,,,,,,,,,,,,,,,,,,,,,,,no_breakout
2026-03-10T16:27:16.113705+00:00,USOUSD.s,anaconda,24480388,H4,HOLD,HOLD,NONE,0,6.302832871913404,0,,,,,,,,,,,,,,,,0.079,0.079,89.453,89.519,82.834,84.899,81.66351858327252,69.79360077158174,11.869917811690783,44.35750263981011,119.49,75.044,4,,,,,,,,,,,,,,,,,,,,,,,,no_breakout
2026-03-10T16:32:17.255533+00:00,BTCUSD,anaconda,24480388,H4,HOLD,HOLD,NONE,0,1243.7934376638962,0,,,,,,,,,,,,,,,,17.0,17.0,70510.04,71773.21,69273.96,71305.85,68535.95374143231,70764.79296592803,2228.8392244957213,75.93287916405248,70577.05,65610.47,2,,,,,,,,,,,,,,,,,,,,,,,,"price_mixed_ema,no_breakout,rsi_out_of_zone"
2026-03-10T16:32:17.257157+00:00,USDJPY.s,anaconda,24480388,H4,HOLD,HOLD,NONE,0,0.4861757709002686,0,,,,,,,,,,,,,,,,0.024,0.024,157.798,157.907,157.542,157.604,157.25139898634617,156.13514918621456,1.1162498001316123,44.20974171802271,158.889,156.443,4,,,,,,,,,,,,,,,,,,,,,,,,no_breakout
2026-03-10T16:32:17.258735+00:00,EURUSD.s,anaconda,24480388,H4,HOLD,HOLD,NONE,0,0.004140728757052397,0,,,,,,,,,,,,,,,,0.00019,0.00019,1.16336,1.1654200000000001,1.16262,1.1648,1.164802311995323,1.1743002569511842,0.009497944955861204,59.554153840204044,1.16465,1.15064,4,,,,,,,,,,,,,,,,,,,,,,,,no_breakout
2026-03-10T16:32:17.260190+00:00,XAUUSD.s,anaconda,24480388,H4,HOLD,HOLD,NONE,0,61.18035334927079,0,,,,,,,,,,,,,,,,0.31,0.31,5186.93,5238.46,5185.33,5231.25,5147.60091720174,5018.965979345247,128.6349378564928,66.58822189126926,5198.29,5014.9,4,,,,,,,,,,,,,,,,,,,,,,,,no_breakout
2026-03-10T16:32:17.261807+00:00,USOUSD.s,anaconda,24480388,H4,HOLD,HOLD,NONE,0,6.302832871913404,0,,,,,,,,,,,,,,,,0.079,0.079,89.453,89.519,82.834,84.004,81.66351858327252,69.79360077158174,11.869917811690783,43.40613883037134,119.49,75.044,4,,,,,,,,,,,,,,,,,,,,,,,,no_breakout
2026-03-10T16:37:17.784107+00:00,BTCUSD,anaconda,24480388,H4,HOLD,HOLD,NONE,0,1243.7934376638962,0,,,,,,,,,,,,,,,,17.11,17.11,70510.04,71773.21,69273.96,71361.56,68535.95374143231,70764.79296592803,2228.8392244957213,76.20711365855605,70577.05,65610.47,2,,,,,,,,,,,,,,,,,,,,,,,,"price_mixed_ema,no_breakout,rsi_out_of_zone"
2026-03-10T16:37:17.786019+00:00,USDJPY.s,anaconda,24480388,H4,HOLD,HOLD,NONE,0,0.4861757709002686,0,,,,,,,,,,,,,,,,0.023,0.023,157.798,157.907,157.542,157.563,157.25139898634617,156.13514918621456,1.1162498001316123,43.279756243023144,158.889,156.443,4,,,,,,,,,,,,,,,,,,,,,,,,no_breakout
2026-03-10T16:37:17.787793+00:00,EURUSD.s,anaconda,24480388,H4,HOLD,HOLD,NONE,0,0.004140728757052397,0,,,,,,,,,,,,,,,,0.00018,0.00018,1.16336,1.1654200000000001,1.16262,1.16502,1.164802311995323,1.1743002569511842,0.009497944955861204,59.94192555317814,1.16465,1.15064,4,,,,,,,,,,,,,,,,,,,,,,,,no_breakout
2026-03-10T16:37:17.789241+00:00,XAUUSD.s,anaconda,24480388,H4,HOLD,HOLD,NONE,0,61.18035334927079,0,,,,,,,,,,,,,,,,0.33,0.33,5186.93,5238.46,5185.33,5231.23,5147.60091720174,5018.965979345247,128.6349378564928,66.58582209530186,5198.29,5014.9,4,,,,,,,,,,,,,,,,,,,,,,,,no_breakout
2026-03-10T16:37:17.790964+00:00,USOUSD.s,anaconda,24480388,H4,HOLD,HOLD,NONE,0,6.302832871913404,0,,,,,,,,,,,,,,,,0.079,0.079,89.453,89.519,82.834,83.588,81.66351858327252,69.79360077158174,11.869917811690783,42.97769591727308,119.49,75.044,4,,,,,,,,,,,,,,,,,,,,,,,,no_breakout
2026-03-10T16:42:18.677447+00:00,BTCUSD,anaconda,24480388,H4,HOLD,HOLD,NONE,0,1243.7934376638962,0,,,,,,,,,,,,,,,,17.07,17.07,70510.04,71773.21,69273.96,71234.65,68535.95374143231,70764.79296592803,2228.8392244957213,75.57305448189038,70577.05,65610.47,2,,,,,,,,,,,,,,,,,,,,,,,,"price_mixed_ema,no_breakout,rsi_out_of_zone"
2026-03-10T16:42:18.678703+00:00,USDJPY.s,anaconda,24480388,H4,HOLD,HOLD,NONE,0,0.4864614851859822,0,,,,,,,,,,,,,,,,0.024,0.024,157.798,157.907,157.538,157.566,157.25139898634617,156.13514918621456,1.1162498001316123,43.346475219286255,158.889,156.443,4,,,,,,,,,,,,,,,,,,,,,,,,no_breakout
2026-03-10T16:42:18.679932+00:00,EURUSD.s,anaconda,24480388,H4,HOLD,HOLD,NONE,0,0.004140728757052397,0,,,,,,,,,,,,,,,,0.00018,0.00018,1.16336,1.1654200000000001,1.16262,1.16483,1.164802311995323,1.1743002569511842,0.009497944955861204,59.60747328892851,1.16465,1.15064,4,,,,,,,,,,,,,,,,,,,,,,,,no_breakout
2026-03-10T16:42:18.681171+00:00,XAUUSD.s,anaconda,24480388,H4,HOLD,HOLD,NONE,0,61.18035334927079,0,,,,,,,,,,,,,,,,0.32,0.32,5186.93,5238.46,5185.33,5229.6,5147.60091720174,5018.965979345247,128.6349378564928,66.38907296082812,5198.29,5014.9,4,,,,,,,,,,,,,,,,,,,,,,,,no_breakout
2026-03-10T16:42:18.682244+00:00,USOUSD.s,anaconda,24480388,H4,HOLD,HOLD,NONE,0,6.302832871913404,0,,,,,,,,,,,,,,,,0.079,0.079,89.453,89.519,82.834,83.414,81.66351858327252,69.79360077158174,11.869917811690783,42.800989818556516,119.49,75.044,4,,,,,,,,,,,,,,,,,,,,,,,,no_breakout
2026-03-10T16:47:19.082768+00:00,BTCUSD,anaconda,24480388,H4,HOLD,HOLD,NONE,0,1243.7934376638962,0,,,,,,,,,,,,,,,,16.99,16.99,70510.04,71773.21,69273.96,71232.35,68535.95374143231,70764.79296592803,2228.8392244957213,75.56125144900021,70577.05,65610.47,2,,,,,,,,,,,,,,,,,,,,,,,,"price_mixed_ema,no_breakout,rsi_out_of_zone"
2026-03-10T16:47:19.084327+00:00,USDJPY.s,anaconda,24480388,H4,HOLD,HOLD,NONE,0,0.4864614851859822,0,,,,,,,,,,,,,,,,0.023,0.023,157.798,157.907,157.538,157.653,157.25139898634617,156.13514918621456,1.1162498001316123,45.37499455428835,158.889,156.443,4,,,,,,,,,,,,,,,,,,,,,,,,no_breakout
2026-03-10T16:47:19.085833+00:00,EURUSD.s,anaconda,24480388,H4,HOLD,HOLD,NONE,0,0.004140728757052397,0,,,,,,,,,,,,,,,,0.00018,0.00018,1.16336,1.1654200000000001,1.16262,1.16426,1.164802311995323,1.1743002569511842,0.009497944955861204,58.56974677376486,1.16465,1.15064,4,,,,,,,,,,,,,,,,,,,,,,,,no_breakout
2026-03-10T16:47:19.087171+00:00,XAUUSD.s,anaconda,24480388,H4,HOLD,HOLD,NONE,0,61.18035334927079,0,,,,,,,,,,,,,,,,0.33,0.33,5186.93,5238.46,5185.33,5230.14,5147.60091720174,5018.965979345247,128.6349378564928,66.4545098052248,5198.29,5014.9,4,,,,,,,,,,,,,,,,,,,,,,,,no_breakout
2026-03-10T16:47:19.088693+00:00,USOUSD.s,anaconda,24480388,H4,HOLD,HOLD,NONE,0,6.302832871913404,0,,,,,,,,,,,,,,,,0.079,0.079,89.453,89.519,82.834,84.314,81.66351858327252,69.79360077158174,11.869917811690783,43.73100738771409,119.49,75.044,4,,,,,,,,,,,,,,,,,,,,,,,,no_breakout
2026-03-10T16:52:19.823641+00:00,BTCUSD,anaconda,24480388,H4,HOLD,HOLD,NONE,0,1243.7934376638962,0,,,,,,,,,,,,,,,,16.98,16.98,70510.04,71773.21,69273.96,71307.98,68535.95374143231,70764.79296592803,2228.8392244957213,75.94348034367464,70577.05,65610.47,2,,,,,,,,,,,,,,,,,,,,,,,,"price_mixed_ema,no_breakout,rsi_out_of_zone"
2026-03-10T16:52:19.824913+00:00,USDJPY.s,anaconda,24480388,H4,HOLD,HOLD,NONE,0,0.4864614851859822,0,,,,,,,,,,,,,,,,0.023,0.023,157.798,157.907,157.538,157.593,157.25139898634617,156.13514918621456,1.1162498001316123,43.95633294728172,158.889,156.443,4,,,,,,,,,,,,,,,,,,,,,,,,no_breakout
2026-03-10T16:52:19.826181+00:00,EURUSD.s,anaconda,24480388,H4,HOLD,HOLD,NONE,0,0.004140728757052397,0,,,,,,,,,,,,,,,,0.00019,0.00019,1.16336,1.1654200000000001,1.16262,1.16482,1.164802311995323,1.1743002569511842,0.009497944955861204,59.589715766358374,1.16465,1.15064,4,,,,,,,,,,,,,,,,,,,,,,,,no_breakout
2026-03-10T16:52:19.827397+00:00,XAUUSD.s,anaconda,24480388,H4,HOLD,HOLD,NONE,0,61.18035334927079,0,,,,,,,,,,,,,,,,0.32,0.32,5186.93,5238.46,5185.33,5227.61,5147.60091720174,5018.965979345247,128.6349378564928,66.14570618924421,5198.29,5014.9,4,,,,,,,,,,,,,,,,,,,,,,,,no_breakout
2026-03-10T16:52:19.828640+00:00,USOUSD.s,anaconda,24480388,H4,HOLD,HOLD,NONE,0,6.302832871913404,0,,,,,,,,,,,,,,,,0.079,0.079,89.453,89.519,82.834,83.159,81.66351858327252,69.79360077158174,11.869917811690783,42.544633439749546,119.49,75.044,4,,,,,,,,,,,,,,,,,,,,,,,,no_breakout
2026-03-10T16:57:20.233601+00:00,BTCUSD,anaconda,24480388,H4,HOLD,HOLD,NONE,0,1243.7934376638962,0,,,,,,,,,,,,,,,,17.08,17.08,70510.04,71773.21,69273.96,71215.6,68535.95374143231,70764.79296592803,2228.8392244957213,75.47494935332183,70577.05,65610.47,2,,,,,,,,,,,,,,,,,,,,,,,,"price_mixed_ema,no_breakout,rsi_out_of_zone"
2026-03-10T16:57:20.235468+00:00,USDJPY.s,anaconda,24480388,H4,HOLD,HOLD,NONE,0,0.48774719947169654,0,,,,,,,,,,,,,,,,0.025,0.025,157.798,157.907,157.52,157.539,157.25139898634617,156.13514918621456,1.1162498001316123,42.7533084600609,158.889,156.443,4,,,,,,,,,,,,,,,,,,,,,,,,no_breakout
2026-03-10T16:57:20.236542+00:00,EURUSD.s,anaconda,24480388,H4,HOLD,HOLD,NONE,0,0.004140728757052397,0,,,,,,,,,,,,,,,,0.00018,0.00018,1.16336,1.1654200000000001,1.16262,1.16526,1.164802311995323,1.1743002569511842,0.009497944955861204,60.35655689496527,1.16465,1.15064,4,,,,,,,,,,,,,,,,,,,,,,,,no_breakout
2026-03-10T16:57:20.237781+00:00,XAUUSD.s,anaconda,24480388,H4,HOLD,HOLD,NONE,0,61.18035334927079,0,,,,,,,,,,,,,,,,0.3,0.3,5186.93,5238.46,5185.33,5229.1,5147.60091720174,5018.965979345247,128.6349378564928,66.32825524984136,5198.29,5014.9,4,,,,,,,,,,,,,,,,,,,,,,,,no_breakout
2026-03-10T16:57:20.238971+00:00,USOUSD.s,anaconda,24480388,H4,HOLD,HOLD,NONE,0,6.358190014770547,0,,,,,,,,,,,,,,,,0.079,0.079,89.453,89.519,82.059,82.399,81.66351858327252,69.79360077158174,11.869917811690783,41.79848663189631,119.49,75.044,4,,,,,,,,,,,,,,,,,,,,,,,,no_breakout
2026-03-10T17:02:20.862533+00:00,BTCUSD,anaconda,24480388,H4,HOLD,HOLD,NONE,0,1160.7360491403922,0,,,,,,,,,,,,,,,,17.06,17.06,71257.66,71272.71,71191.72,71253.25,68642.65853543299,70626.37930819894,1983.7207727659552,75.61644696827213,71078.36,65610.47,3,,,,,,,,,,,,,,,,,,,,,,,,"no_breakout,rsi_out_of_zone"
2026-03-10T17:02:20.867002+00:00,USDJPY.s,anaconda,24480388,H4,HOLD,HOLD,NONE,0,0.45597954236165267,0,,,,,,,,,,,,,,,,0.023,0.023,157.563,157.571,157.528,157.536,157.26361989174023,156.1592630351924,1.104356856547838,42.62369157978194,158.889,156.707,4,,,,,,,,,,,,,,,,,,,,,,,,no_breakout
2026-03-10T17:02:20.868810+00:00,EURUSD.s,anaconda,24480388,H4,HOLD,HOLD,NONE,0,0.003868533845855416,0,,,,,,,,,,,,,,,,0.00019,0.00019,1.16509,1.1654,1.16507,1.1654,1.1648135947078795,1.174215149807295,0.009401555099415537,60.65258582522927,1.16626,1.15064,3,,,,,,,,,,,,,,,,,,,,,,,,"price_mixed_ema,no_breakout"
2026-03-10T17:02:20.873818+00:00,XAUUSD.s,anaconda,24480388,H4,BUY,BUY,BREAKOUT_5C,0.9,56.981042396054825,0,,,,,,,,,,,,,,,,0.31,0.31,5227.59,5229.4,5227.01,5227.61,5150.738710768603,5022.479218383126,128.25949238547673,66.1457061892439,5198.29,5014.9,5,,,,,,,,,,,,,,,,,,,,,,,,
2026-03-10T17:02:23.394943+00:00,XAUUSD.s,anaconda,24480388,H4,BUY_EXECUTED,BUY_EXECUTED,BREAKOUT_5C,0.9,56.981042396054825,1,5227.91,5102.551706728679,,0.0,,0.01,290830253,,,,,,,-34.25,45.15,0.31,0.31,5227.59,5229.4,5227.01,5227.61,5150.738710768603,5022.479218383126,128.25949238547673,66.1457061892439,5198.29,5014.9,5,,,,,,,,,,,,,,,,,,,,,,,,
2026-03-10T17:02:24.492515+00:00,USOUSD.s,anaconda,24480388,H4,HOLD,HOLD,NONE,0,6.014390728005088,0,,,,,,,,,,,,,,,,0.079,0.079,82.309,82.679,81.134,81.494,81.6892242221122,69.92205335963851,11.76717086247369,40.858761083237916,119.49,75.044,4,,,,,,,,,,,,,,,,,,,,,,,,no_breakout
2026-03-10T17:07:25.698906+00:00,BTCUSD,anaconda,24480388,H4,HOLD,HOLD,NONE,0,1173.0217634261064,0,,,,,,,,,,,,,,,,16.95,16.95,71257.66,71444.71,71191.72,71427.9,68642.65853543299,70626.37930819894,1983.7207727659552,76.61503552112221,71078.36,65610.47,3,,,,,,,,,,,,,,,,,,,,,,,,"no_breakout,rsi_out_of_zone"
2026-03-10T17:07:25.700423+00:00,USDJPY.s,anaconda,24480388,H4,HOLD,HOLD,NONE,0,0.45826525664736567,0,,,,,,,,,,,,,,,,0.024,0.024,157.563,157.571,157.496,157.496,157.26361989174023,156.1592630351924,1.104356856547838,41.68750171161277,158.889,156.707,4,,,,,,,,,,,,,,,,,,,,,,,,no_breakout
2026-03-10T17:07:25.703530+00:00,EURUSD.s,anaconda,24480388,H4,HOLD,HOLD,NONE,0,0.003894248131569696,0,,,,,,,,,,,,,,,,0.00019,0.00019,1.16509,1.16576,1.16507,1.16575,1.1648135947078795,1.174215149807295,0.009401555099415537,61.29686971632958,1.16626,1.15064,3,,,,,,,,,,,,,,,,,,,,,,,,"price_mixed_ema,no_breakout"
2026-03-10T17:07:25.707126+00:00,USOUSD.s,anaconda,24480388,H4,HOLD,HOLD,NONE,0,6.115105013719374,0,,,,,,,,,,,,,,,,0.099,0.099,82.309,82.679,79.724,80.619,81.6892242221122,69.92205335963851,11.76717086247369,39.981922287081154,119.49,75.044,4,,,,,,,,,,,,,,,,,,,,,,,,no_breakout
2026-03-10T17:12:26.656550+00:00,BTCUSD,anaconda,24480388,H4,HOLD,HOLD,NONE,0,1173.0217634261064,0,,,,,,,,,,,,,,,,17.1,17.1,71257.66,71444.71,71191.72,71257.64,68642.65853543299,70626.37930819894,1983.7207727659552,75.69055108872429,71078.36,65610.47,3,,,,,,,,,,,,,,,,,,,,,,,,"no_breakout,rsi_out_of_zone"
2026-03-10T17:12:26.658093+00:00,USDJPY.s,anaconda,24480388,H4,HOLD,HOLD,NONE,0,0.4631223995045094,0,,,,,,,,,,,,,,,,0.025,0.025,157.563,157.571,157.428,157.482,157.26361989174023,156.1592630351924,1.104356856547838,41.369476939371395,158.889,156.707,4,,,,,,,,,,,,,,,,,,,,,,,,no_breakout
2026-03-10T17:12:26.659571+00:00,EURUSD.s,anaconda,24480388,H4,HOLD,HOLD,NONE,0,0.003912105274426845,0,,,,,,,,,,,,,,,,0.00019,0.00019,1.16509,1.16601,1.16507,1.16556,1.1648135947078795,1.174215149807295,0.009401555099415537,60.94975712151308,1.16626,1.15064,3,,,,,,,,,,,,,,,,,,,,,,,,"price_mixed_ema,no_breakout"
2026-03-10T17:12:26.661267+00:00,USOUSD.s,anaconda,24480388,H4,HOLD,HOLD,NONE,0,6.115105013719374,0,,,,,,,,,,,,,,,,0.1,0.1,82.309,82.679,79.724,81.118,81.6892242221122,69.92205335963851,11.76717086247369,40.47730245707926,119.49,75.044,4,,,,,,,,,,,,,,,,,,,,,,,,no_breakout
2026-03-10T17:17:27.783087+00:00,BTCUSD,anaconda,24480388,H4,HOLD,HOLD,NONE,0,1174.4939062832493,0,,,,,,,,,,,,,,,,17.02,17.02,71257.66,71444.71,71171.11,71175.76,68642.65853543299,70626.37930819894,1983.7207727659552,74.28113615675036,71078.36,65610.47,3,,,,,,,,,,,,,,,,,,,,,,,,"no_breakout,rsi_out_of_zone"
2026-03-10T17:17:27.784574+00:00,USDJPY.s,anaconda,24480388,H4,HOLD,HOLD,NONE,0,0.4631223995045094,0,,,,,,,,,,,,,,,,0.024,0.024,157.563,157.571,157.428,157.433,157.26361989174023,156.1592630351924,1.104356856547838,40.29360820974248,158.889,156.707,4,,,,,,,,,,,,,,,,,,,,,,,,no_breakout
2026-03-10T17:17:27.786054+00:00,EURUSD.s,anaconda,24480388,H4,HOLD,HOLD,NONE,0,0.003915676702998281,0,,,,,,,,,,,,,,,,0.00019,0.00019,1.16509,1.16606,1.16507,1.16601,1.1648135947078795,1.174215149807295,0.009401555099415537,61.761986172743406,1.16626,1.15064,3,,,,,,,,,,,,,,,,,,,,,,,,"price_mixed_ema,no_breakout"
2026-03-10T17:17:27.787344+00:00,USOUSD.s,anaconda,24480388,H4,HOLD,HOLD,NONE,0,6.195105013719374,0,,,,,,,,,,,,,,,,0.079,0.079,82.309,82.679,78.604,78.819,81.6892242221122,69.92205335963851,11.76717086247369,38.29147694436481,119.49,75.044,4,,,,,,,,,,,,,,,,,,,,,,,,no_breakout
2026-03-10T17:22:28.145329+00:00,BTCUSD,anaconda,24480388,H4,HOLD,HOLD,NONE,0,1174.4939062832493,0,,,,,,,,,,,,,,,,17.04,17.04,71257.66,71444.71,71171.11,71220.32,68642.65853543299,70626.37930819894,1983.7207727659552,75.04317448725595,71078.36,65610.47,3,,,,,,,,,,,,,,,,,,,,,,,,"no_breakout,rsi_out_of_zone"
2026-03-10T17:22:28.146812+00:00,USDJPY.s,anaconda,24480388,H4,HOLD,HOLD,NONE,0,0.46555097093308023,0,,,,,,,,,,,,,,,,0.023,0.023,157.563,157.571,157.394,157.397,157.26361989174023,156.1592630351924,1.104356856547838,39.53816437999099,158.889,156.707,4,,,,,,,,,,,,,,,,,,,,,,,,no_breakout
2026-03-10T17:22:28.148251+00:00,EURUSD.s,anaconda,24480388,H4,HOLD,HOLD,NONE,0,0.003954248131569708,0,,,,,,,,,,,,,,,,0.00019,0.00019,1.16509,1.1666,1.16507,1.16636,1.1648135947078795,1.174215149807295,0.009401555099415537,62.37073211444383,1.16626,1.15064,3,,,,,,,,,,,,,,,,,,,,,,,,"price_mixed_ema,no_breakout"
2026-03-10T17:22:28.149447+00:00,USOUSD.s,anaconda,24480388,H4,HOLD,HOLD,NONE,0,6.307962156576517,0,,,,,,,,,,,,,,,,0.119,0.119,82.309,82.679,77.024,77.024,81.6892242221122,69.92205335963851,11.76717086247369,36.742318057680315,119.49,75.044,4,,,,,,,,,,,,,,,,,,,,,,,,no_breakout
2026-03-10T17:27:28.531813+00:00,BTCUSD,anaconda,24480388,H4,HOLD,HOLD,NONE,0,1188.2324777118204,0,,,,,,,,,,,,,,,,16.99,16.99,71257.66,71444.71,70978.77,71055.92,68642.65853543299,70626.37930819894,1983.7207727659552,72.30644470742345,71078.36,65610.47,3,,,,,,,,,,,,,,,,,,,,,,,,"no_breakout,rsi_out_of_zone"
2026-03-10T17:27:28.534374+00:00,USDJPY.s,anaconda,24480388,H4,HOLD,HOLD,NONE,0,0.4656223995045091,0,,,,,,,,,,,,,,,,0.023,0.023,157.563,157.571,157.393,157.418,157.26361989174023,156.1592630351924,1.104356856547838,39.97535938334714,158.889,156.707,4,,,,,,,,,,,,,,,,,,,,,,,,no_breakout
2026-03-10T17:27:28.539340+00:00,EURUSD.s,anaconda,24480388,H4,HOLD,HOLD,NONE,0,0.003954248131569708,0,,,,,,,,,,,,,,,,0.00018,0.00018,1.16509,1.1666,1.16507,1.16657,1.1648135947078795,1.174215149807295,0.009401555099415537,62.72676416906822,1.16626,1.15064,3,,,,,,,,,,,,,,,,,,,,,,,,"price_mixed_ema,no_breakout"
2026-03-10T17:27:28.540767+00:00,USOUSD.s,anaconda,24480388,H4,HOLD,HOLD,NONE,0,6.325462156576517,0,,,,,,,,,,,,,,,,0.079,0.079,82.309,82.679,76.779,78.758,81.6892242221122,69.92205335963851,11.76717086247369,38.23669025151842,119.49,75.044,4,,,,,,,,,,,,,,,,,,,,,,,,no_breakout
2026-03-10T21:04:42.302162+00:00,USDJPY.s,anaconda,24480388,H4,OUTSIDE_HOURS,OUTSIDE_HOURS,NONE,0,0.4715373508031968,0,,,,,,,,,,,,,,,,0.093,0.093,158.011,158.016,158.006,158.01,,,,,,,,,,,,,,,,,,,,,,,,,,,,,,,
2026-03-10T21:04:42.317234+00:00,EURUSD.s,anaconda,24480388,H4,OUTSIDE_HOURS,OUTSIDE_HOURS,NONE,0,0.004008638846199882,0,,,,,,,,,,,,,,,,0.00083,0.00083,1.16055,1.16092,1.16042,1.16048,,,,,,,,,,,,,,,,,,,,,,,,,,,,,,,
2026-03-10T21:04:42.317756+00:00,XAUUSD.s,anaconda,24480388,H4,OUTSIDE_HOURS,OUTSIDE_HOURS,NONE,0,62.13032851132428,0,,,,,,,,,,,,,,,,0.34,0.34,5227.59,5235.36,5160.88,5192.66,,,,,,,,,,,,,,,,,,,,,,,,,,,,,,,
2026-03-10T21:04:42.318391+00:00,USOUSD.s,anaconda,24480388,H4,OUTSIDE_HOURS,OUTSIDE_HOURS,NONE,0,6.68367640713326,0,,,,,,,,,,,,,,,,0.079,0.079,82.309,87.694,76.779,86.434,,,,,,,,,,,,,,,,,,,,,,,,,,,,,,,
2026-03-10T21:54:45.968816+00:00,USDJPY.s,anaconda,24480388,H4,OUTSIDE_HOURS,OUTSIDE_HOURS,NONE,0,0.47475163651748364,0,,,,,,,,,,,,,,,,0.087,0.087,158.011,158.085,158.006,158.03,,,,,,,,,,,,,,,,,,,,,,,,,,,,,,,
2026-03-10T21:54:45.969495+00:00,EURUSD.s,anaconda,24480388,H4,OUTSIDE_HOURS,OUTSIDE_HOURS,NONE,0,0.004011495989057028,0,,,,,,,,,,,,,,,,0.00044,0.00044,1.16055,1.16096,1.16042,1.16095,,,,,,,,,,,,,,,,,,,,,,,,,,,,,,,
2026-03-10T21:54:45.970163+00:00,XAUUSD.s,anaconda,24480388,H4,OUTSIDE_HOURS,OUTSIDE_HOURS,NONE,0,62.13032851132428,0,,,,,,,,,,,,,,,,0.34,0.34,5227.59,5235.36,5160.88,5192.66,,,,,,,,,,,,,,,,,,,,,,,,,,,,,,,
2026-03-10T21:54:45.971642+00:00,USOUSD.s,anaconda,24480388,H4,OUTSIDE_HOURS,OUTSIDE_HOURS,NONE,0,6.68367640713326,0,,,,,,,,,,,,,,,,0.079,0.079,82.309,87.694,76.779,86.434,,,,,,,,,,,,,,,,,,,,,,,,,,,,,,,
2026-03-10T22:44:49.220048+00:00,USDJPY.s,anaconda,24480388,H4,OUTSIDE_HOURS,OUTSIDE_HOURS,NONE,0,0.4795373508031964,0,,,,,,,,,,,,,,,,0.027,0.027,158.011,158.152,158.006,158.137,,,,,,,,,,,,,,,,,,,,,,,,,,,,,,,
2026-03-10T22:44:49.220752+00:00,EURUSD.s,anaconda,24480388,H4,OUTSIDE_HOURS,OUTSIDE_HOURS,NONE,0,0.004042210274771308,0,,,,,,,,,,,,,,,,0.00019,0.00019,1.16055,1.16119,1.16022,1.16031,,,,,,,,,,,,,,,,,,,,,,,,,,,,,,,
2026-03-10T22:44:49.222327+00:00,XAUUSD.s,anaconda,24480388,H4,OUTSIDE_HOURS,OUTSIDE_HOURS,NONE,0,58.721020419152524,0,,,,,,,,,,,,,,,,0.34,0.34,5190.79,5197.66,5183.26,5193.37,,,,,,,,,,,,,,,,,,,,,,,,,,,,,,,
2026-03-10T22:44:49.224180+00:00,USOUSD.s,anaconda,24480388,H4,OUTSIDE_HOURS,OUTSIDE_HOURS,NONE,0,6.358628090665399,0,,,,,,,,,,,,,,,,0.079,0.079,86.94,88.567,86.923,88.527,,,,,,,,,,,,,,,,,,,,,,,,,,,,,,,
2026-03-10T23:34:52.700099+00:00,USDJPY.s,anaconda,24480388,H4,OUTSIDE_HOURS,OUTSIDE_HOURS,NONE,0,0.48139449366034004,0,,,,,,,,,,,,,,,,0.024,0.024,158.011,158.178,158.006,158.084,,,,,,,,,,,,,,,,,,,,,,,,,,,,,,,
2026-03-10T23:34:52.700973+00:00,EURUSD.s,anaconda,24480388,H4,OUTSIDE_HOURS,OUTSIDE_HOURS,NONE,0,0.004043638846199874,0,,,,,,,,,,,,,,,,0.00019,0.00019,1.16055,1.16119,1.1602000000000001,1.16095,,,,,,,,,,,,,,,,,,,,,,,,,,,,,,,
2026-03-10T23:34:52.701472+00:00,XAUUSD.s,anaconda,24480388,H4,OUTSIDE_HOURS,OUTSIDE_HOURS,NONE,0,58.721020419152524,0,,,,,,,,,,,,,,,,0.34,0.34,5190.79,5197.66,5183.26,5194.92,,,,,,,,,,,,,,,,,,,,,,,,,,,,,,,
2026-03-10T23:34:52.702694+00:00,USOUSD.s,anaconda,24480388,H4,OUTSIDE_HOURS,OUTSIDE_HOURS,NONE,0,6.420913804951113,0,,,,,,,,,,,,,,,,0.079,0.079,86.94,88.567,85.562,85.822,,,,,,,,,,,,,,,,,,,,,,,,,,,,,,,
