timestamp,symbol,bot,account,timeframe,signal,signal_type,trigger,confidence,atr,executed,entry_price,sl_price,sl,tp_price,tp,volume_lots,ticket,exit_price,exit_reason,profit,pnl,outcome,duration_minutes,account_balance,account_equity,spread,spread_points,bar_open,bar_high,bar_low,bar_close,ema_fast,ema_slow,ema_separation,rsi,n_bar_high,n_bar_low,conditions_met,ema_50,nearest_sr_level,sr_distance_atr,pattern_type,pin_wick_size,pin_body_ratio,engulf_size_atr,inside_bar_vol_ratio,pattern_detected,sr_nearby,ema_20,momentum_fast_ema,momentum_slow_ema,breakout_high,breakout_low,pullback_distance_atr,volume_ratio,h1_trend,bb_upper,bb_lower,bb_mid,price_position_in_bb,adx,hold_reason
2026-03-15T00:04:39.839497+00:00,BTCUSD,anaconda,24480388,H4,HOLD,HOLD,NONE,0,1006.5166343041808,0,,,,,,,,,,,,,,,,17.07,17.07,70796.11,71243.67,70649.15,71110.13,69978.34279221512,70509.77011045907,531.4273182439501,54.33495231638064,73893.83,68967.1,4,,,,,,,,,,,,,,,,,,,,,,,,no_breakout
2026-03-15T00:09:40.324104+00:00,BTCUSD,anaconda,24480388,H4,HOLD,HOLD,NONE,0,1006.5166343041808,0,,,,,,,,,,,,,,,,17.1,17.1,70796.11,71243.67,70649.15,71039.5,69978.34279221512,70509.77011045907,531.4273182439501,53.55741178401961,73893.83,68967.1,4,,,,,,,,,,,,,,,,,,,,,,,,no_breakout
2026-03-15T00:14:40.799437+00:00,BTCUSD,anaconda,24480388,H4,HOLD,HOLD,NONE,0,1006.5166343041808,0,,,,,,,,,,,,,,,,17.03,17.03,70796.11,71243.67,70649.15,71058.67,69978.34279221512,70509.77011045907,531.4273182439501,53.771053484176825,73893.83,68967.1,4,,,,,,,,,,,,,,,,,,,,,,,,no_breakout
2026-03-15T00:19:41.276962+00:00,BTCUSD,anaconda,24480388,H4,HOLD,HOLD,NONE,0,1006.5166343041808,0,,,,,,,,,,,,,,,,16.94,16.94,70796.11,71243.67,70649.15,71054.91,69978.34279221512,70509.77011045907,531.4273182439501,53.72930493707314,73893.83,68967.1,4,,,,,,,,,,,,,,,,,,,,,,,,no_breakout
2026-03-15T00:19:41.277821+00:00,USDJPY.s,anaconda,24480388,H4,OUTSIDE_HOURS,OUTSIDE_HOURS,NONE,0,0.4242266027045175,0,,,,,,,,,,,,,,,,0.051,0.051,159.603,159.732,159.54,159.711,,,,,,,,,,,,,,,,,,,,,,,,,,,,,,,"no_breakout,rsi_out_of_zone"
2026-03-15T00:19:41.281695+00:00,EURUSD.s,anaconda,24480388,H4,OUTSIDE_HOURS,OUTSIDE_HOURS,NONE,0,0.003849534158922159,0,,,,,,,,,,,,,,,,0.00023,0.00023,1.14412,1.14453,1.1409799999999999,1.14143,,,,,,,,,,,,,,,,,,,,,,,,,,,,,,,"no_breakout,rsi_out_of_zone"
2026-03-15T00:19:41.282373+00:00,XAUUSD.s,anaconda,24480388,H4,OUTSIDE_HOURS,OUTSIDE_HOURS,NONE,0,53.6489500455061,0,,,,,,,,,,,,,,,,0.36,0.36,5045.93,5063.76,5009.64,5018.66,,,,,,,,,,,,,,,,,,,,,,,,,,,,,,,"price_mixed_ema,no_breakout,rsi_out_of_zone"
2026-03-15T00:19:41.283003+00:00,USOUSD.s,anaconda,24480388,H4,OUTSIDE_HOURS,OUTSIDE_HOURS,NONE,0,4.581190723830551,0,,,,,,,,,,,,,,,,0.079,0.079,96.86,99.285,96.34,99.26,,,,,,,,,,,,,,,,,,,,,,,,,,,,,,,no_breakout
2026-03-15T00:24:41.830848+00:00,BTCUSD,anaconda,24480388,H4,HOLD,HOLD,NONE,0,1006.5166343041808,0,,,,,,,,,,,,,,,,16.96,16.96,70796.11,71243.67,70649.15,71018.62,69978.34279221512,70509.77011045907,531.4273182439501,53.32245476761642,73893.83,68967.1,4,,,,,,,,,,,,,,,,,,,,,,,,no_breakout
2026-03-15T00:29:42.376784+00:00,BTCUSD,anaconda,24480388,H4,HOLD,HOLD,NONE,0,1006.5166343041808,0,,,,,,,,,,,,,,,,17.12,17.12,70796.11,71243.67,70649.15,71122.08,69978.34279221512,70509.77011045907,531.4273182439501,54.46393778732673,73893.83,68967.1,4,,,,,,,,,,,,,,,,,,,,,,,,no_breakout
2026-03-15T00:34:42.949150+00:00,BTCUSD,anaconda,24480388,H4,HOLD,HOLD,NONE,0,1006.5166343041808,0,,,,,,,,,,,,,,,,17.03,17.03,70796.11,71243.67,70649.15,71088.84,69978.34279221512,70509.77011045907,531.4273182439501,54.10333329428563,73893.83,68967.1,4,,,,,,,,,,,,,,,,,,,,,,,,no_breakout
2026-03-15T00:39:43.503359+00:00,BTCUSD,anaconda,24480388,H4,HOLD,HOLD,NONE,0,1006.5166343041808,0,,,,,,,,,,,,,,,,17.09,17.09,70796.11,71243.67,70649.15,71017.64,69978.34279221512,70509.77011045907,531.4273182439501,53.3113686692389,73893.83,68967.1,4,,,,,,,,,,,,,,,,,,,,,,,,no_breakout
2026-03-15T00:44:44.093302+00:00,BTCUSD,anaconda,24480388,H4,HOLD,HOLD,NONE,0,1006.5166343041808,0,,,,,,,,,,,,,,,,17.06,17.06,70796.11,71243.67,70649.15,71069.13,69978.34279221512,70509.77011045907,531.4273182439501,53.88679907389751,73893.83,68967.1,4,,,,,,,,,,,,,,,,,,,,,,,,no_breakout
2026-03-15T00:49:44.597835+00:00,BTCUSD,anaconda,24480388,H4,HOLD,HOLD,NONE,0,1006.5166343041808,0,,,,,,,,,,,,,,,,17.08,17.08,70796.11,71243.67,70649.15,70971.12,69978.34279221512,70509.77011045907,531.4273182439501,52.778991270033835,73893.83,68967.1,4,,,,,,,,,,,,,,,,,,,,,,,,no_breakout
2026-03-15T00:54:45.116783+00:00,BTCUSD,anaconda,24480388,H4,HOLD,HOLD,NONE,0,1006.5166343041808,0,,,,,,,,,,,,,,,,17.08,17.08,70796.11,71243.67,70649.15,70990.83,69978.34279221512,70509.77011045907,531.4273182439501,53.00602873692722,73893.83,68967.1,4,,,,,,,,,,,,,,,,,,,,,,,,no_breakout
2026-03-15T00:59:45.585679+00:00,BTCUSD,anaconda,24480388,H4,HOLD,HOLD,NONE,0,1006.5166343041808,0,,,,,,,,,,,,,,,,17.01,17.01,70796.11,71243.67,70649.15,70995.5,69978.34279221512,70509.77011045907,531.4273182439501,53.059502434742384,73893.83,68967.1,4,,,,,,,,,,,,,,,,,,,,,,,,no_breakout
2026-03-15T01:04:46.079506+00:00,BTCUSD,anaconda,24480388,H4,HOLD,HOLD,NONE,0,939.1975889880507,0,,,,,,,,,,,,,,,,17.03,17.03,70978.2,71039.34,70975.29,70979.17,70017.5311657867,70482.40337925314,464.8722134664422,52.8738018396999,73893.83,68967.1,4,,,,,,,,,,,,,,,,,,,,,,,,no_breakout
2026-03-15T01:09:46.571330+00:00,BTCUSD,anaconda,24480388,H4,HOLD,HOLD,NONE,0,939.6261604166222,0,,,,,,,,,,,,,,,,17.01,17.01,70978.2,71039.34,70969.29,70988.2,70017.5311657867,70482.40337925314,464.8722134664422,52.98918407175389,73893.83,68967.1,4,,,,,,,,,,,,,,,,,,,,,,,,no_breakout
2026-03-15T01:09:46.572318+00:00,USDJPY.s,anaconda,24480388,H4,OUTSIDE_HOURS,OUTSIDE_HOURS,NONE,0,0.4242266027045175,0,,,,,,,,,,,,,,,,0.051,0.051,159.603,159.732,159.54,159.711,,,,,,,,,,,,,,,,,,,,,,,,,,,,,,,"no_breakout,rsi_out_of_zone"
2026-03-15T01:09:46.577395+00:00,EURUSD.s,anaconda,24480388,H4,OUTSIDE_HOURS,OUTSIDE_HOURS,NONE,0,0.003849534158922159,0,,,,,,,,,,,,,,,,0.00023,0.00023,1.14412,1.14453,1.1409799999999999,1.14143,,,,,,,,,,,,,,,,,,,,,,,,,,,,,,,"no_breakout,rsi_out_of_zone"
2026-03-15T01:09:46.578010+00:00,XAUUSD.s,anaconda,24480388,H4,OUTSIDE_HOURS,OUTSIDE_HOURS,NONE,0,53.6489500455061,0,,,,,,,,,,,,,,,,0.36,0.36,5045.93,5063.76,5009.64,5018.66,,,,,,,,,,,,,,,,,,,,,,,,,,,,,,,"price_mixed_ema,no_breakout,rsi_out_of_zone"
2026-03-15T01:09:46.578576+00:00,USOUSD.s,anaconda,24480388,H4,OUTSIDE_HOURS,OUTSIDE_HOURS,NONE,0,4.581190723830551,0,,,,,,,,,,,,,,,,0.079,0.079,96.86,99.285,96.34,99.26,,,,,,,,,,,,,,,,,,,,,,,,,,,,,,,no_breakout
2026-03-15T01:14:47.074309+00:00,BTCUSD,anaconda,24480388,H4,HOLD,HOLD,NONE,0,945.7661604166216,0,,,,,,,,,,,,,,,,17.03,17.03,70978.2,71039.34,70883.33,70943.28,70017.5311657867,70482.40337925314,464.8722134664422,52.36480906072514,73893.83,68967.1,4,,,,,,,,,,,,,,,,,,,,,,,,no_breakout
2026-03-15T01:19:47.572195+00:00,BTCUSD,anaconda,24480388,H4,HOLD,HOLD,NONE,0,945.7661604166216,0,,,,,,,,,,,,,,,,17.05,17.05,70978.2,71039.34,70883.33,70980.85,70017.5311657867,70482.40337925314,464.8722134664422,52.8953111664883,73893.83,68967.1,4,,,,,,,,,,,,,,,,,,,,,,,,no_breakout
2026-03-15T01:24:48.124305+00:00,BTCUSD,anaconda,24480388,H4,HOLD,HOLD,NONE,0,945.7661604166216,0,,,,,,,,,,,,,,,,16.95,16.95,70978.2,71039.34,70883.33,70926.95,70017.5311657867,70482.40337925314,464.8722134664422,52.135464234828326,73893.83,68967.1,4,,,,,,,,,,,,,,,,,,,,,,,,no_breakout
2026-03-15T01:29:48.658743+00:00,BTCUSD,anaconda,24480388,H4,HOLD,HOLD,NONE,0,945.7661604166216,0,,,,,,,,,,,,,,,,17.02,17.02,70978.2,71039.34,70883.33,70907.17,70017.5311657867,70482.40337925314,464.8722134664422,51.86034249731009,73893.83,68967.1,4,,,,,,,,,,,,,,,,,,,,,,,,no_breakout
2026-03-15T01:34:49.129754+00:00,BTCUSD,anaconda,24480388,H4,HOLD,HOLD,NONE,0,948.1990175594785,0,,,,,,,,,,,,,,,,16.98,16.98,70978.2,71039.34,70849.27,70875.67,70017.5311657867,70482.40337925314,464.8722134664422,51.42815038922371,73893.83,68967.1,4,,,,,,,,,,,,,,,,,,,,,,,,no_breakout
2026-03-15T01:39:49.626980+00:00,BTCUSD,anaconda,24480388,H4,HOLD,HOLD,NONE,0,948.1990175594785,0,,,,,,,,,,,,,,,,16.94,16.94,70978.2,71039.34,70849.27,70898.66,70017.5311657867,70482.40337925314,464.8722134664422,51.74286750471443,73893.83,68967.1,4,,,,,,,,,,,,,,,,,,,,,,,,no_breakout
2026-03-15T01:44:50.145440+00:00,BTCUSD,anaconda,24480388,H4,HOLD,HOLD,NONE,0,948.1990175594785,0,,,,,,,,,,,,,,,,17.0,17.0,70978.2,71039.34,70849.27,70923.26,70017.5311657867,70482.40337925314,464.8722134664422,52.08391843842855,73893.83,68967.1,4,,,,,,,,,,,,,,,,,,,,,,,,no_breakout
2026-03-15T01:49:50.636830+00:00,BTCUSD,anaconda,24480388,H4,HOLD,HOLD,NONE,0,948.1990175594785,0,,,,,,,,,,,,,,,,16.94,16.94,70978.2,71039.34,70849.27,70930.86,70017.5311657867,70482.40337925314,464.8722134664422,52.190194671333934,73893.83,68967.1,4,,,,,,,,,,,,,,,,,,,,,,,,no_breakout
2026-03-15T01:54:51.131281+00:00,BTCUSD,anaconda,24480388,H4,HOLD,HOLD,NONE,0,948.1990175594785,0,,,,,,,,,,,,,,,,17.11,17.11,70978.2,71039.34,70849.27,70995.17,70017.5311657867,70482.40337925314,464.8722134664422,53.07785870108835,73893.83,68967.1,4,,,,,,,,,,,,,,,,,,,,,,,,no_breakout
2026-03-15T01:59:51.633213+00:00,BTCUSD,anaconda,24480388,H4,HOLD,HOLD,NONE,0,948.1990175594785,0,,,,,,,,,,,,,,,,17.03,17.03,70978.2,71039.34,70849.27,71012.04,70017.5311657867,70482.40337925314,464.8722134664422,53.291105971820244,73893.83,68967.1,4,,,,,,,,,,,,,,,,,,,,,,,,no_breakout
2026-03-15T01:59:51.633956+00:00,USDJPY.s,anaconda,24480388,H4,OUTSIDE_HOURS,OUTSIDE_HOURS,NONE,0,0.4242266027045175,0,,,,,,,,,,,,,,,,0.051,0.051,159.603,159.732,159.54,159.711,,,,,,,,,,,,,,,,,,,,,,,,,,,,,,,"no_breakout,rsi_out_of_zone"
2026-03-15T01:59:51.638259+00:00,EURUSD.s,anaconda,24480388,H4,OUTSIDE_HOURS,OUTSIDE_HOURS,NONE,0,0.003849534158922159,0,,,,,,,,,,,,,,,,0.00023,0.00023,1.14412,1.14453,1.1409799999999999,1.14143,,,,,,,,,,,,,,,,,,,,,,,,,,,,,,,"no_breakout,rsi_out_of_zone"
2026-03-15T01:59:51.639339+00:00,XAUUSD.s,anaconda,24480388,H4,OUTSIDE_HOURS,OUTSIDE_HOURS,NONE,0,53.6489500455061,0,,,,,,,,,,,,,,,,0.36,0.36,5045.93,5063.76,5009.64,5018.66,,,,,,,,,,,,,,,,,,,,,,,,,,,,,,,"price_mixed_ema,no_breakout,rsi_out_of_zone"
2026-03-15T01:59:51.639952+00:00,USOUSD.s,anaconda,24480388,H4,OUTSIDE_HOURS,OUTSIDE_HOURS,NONE,0,4.581190723830551,0,,,,,,,,,,,,,,,,0.079,0.079,96.86,99.285,96.34,99.26,,,,,,,,,,,,,,,,,,,,,,,,,,,,,,,no_breakout
2026-03-15T02:04:52.103253+00:00,BTCUSD,anaconda,24480388,H4,HOLD,HOLD,NONE,0,971.9704461309072,0,,,,,,,,,,,,,,,,16.98,16.98,70978.2,71372.14,70849.27,71171.59,70017.5311657867,70482.40337925314,464.8722134664422,55.216014620460655,73893.83,68967.1,4,,,,,,,,,,,,,,,,,,,,,,,,no_breakout
2026-03-15T02:09:52.592439+00:00,BTCUSD,anaconda,24480388,H4,HOLD,HOLD,NONE,0,971.9704461309072,0,,,,,,,,,,,,,,,,17.0,17.0,70978.2,71372.14,70849.27,71283.39,70017.5311657867,70482.40337925314,464.8722134664422,56.47295511465331,73893.83,68967.1,4,,,,,,,,,,,,,,,,,,,,,,,,no_breakout
2026-03-15T02:14:53.082575+00:00,BTCUSD,anaconda,24480388,H4,HOLD,HOLD,NONE,0,971.9704461309072,0,,,,,,,,,,,,,,,,16.99,16.99,70978.2,71372.14,70849.27,71280.37,70017.5311657867,70482.40337925314,464.8722134664422,56.43992989704152,73893.83,68967.1,4,,,,,,,,,,,,,,,,,,,,,,,,no_breakout
2026-03-15T02:19:53.607565+00:00,BTCUSD,anaconda,24480388,H4,HOLD,HOLD,NONE,0,971.9704461309072,0,,,,,,,,,,,,,,,,16.94,16.94,70978.2,71372.14,70849.27,71316.64,70017.5311657867,70482.40337925314,464.8722134664422,56.83327721710805,73893.83,68967.1,4,,,,,,,,,,,,,,,,,,,,,,,,no_breakout
2026-03-15T02:24:54.075547+00:00,BTCUSD,anaconda,24480388,H4,HOLD,HOLD,NONE,0,971.9704461309072,0,,,,,,,,,,,,,,,,17.1,17.1,70978.2,71372.14,70849.27,71209.55,70017.5311657867,70482.40337925314,464.8722134664422,55.65085035988967,73893.83,68967.1,4,,,,,,,,,,,,,,,,,,,,,,,,no_breakout
2026-03-15T02:29:54.828850+00:00,BTCUSD,anaconda,24480388,H4,HOLD,HOLD,NONE,0,971.9704461309072,0,,,,,,,,,,,,,,,,17.05,17.05,70978.2,71372.14,70849.27,71262.03,70017.5311657867,70482.40337925314,464.8722134664422,56.238291534639316,73893.83,68967.1,4,,,,,,,,,,,,,,,,,,,,,,,,no_breakout
2026-03-15T02:34:55.316059+00:00,BTCUSD,anaconda,24480388,H4,HOLD,HOLD,NONE,0,971.9704461309072,0,,,,,,,,,,,,,,,,17.04,17.04,70978.2,71372.14,70849.27,71192.21,70017.5311657867,70482.40337925314,464.8722134664422,55.45327117011672,73893.83,68967.1,4,,,,,,,,,,,,,,,,,,,,,,,,no_breakout
2026-03-15T02:39:55.804155+00:00,BTCUSD,anaconda,24480388,H4,HOLD,HOLD,NONE,0,971.9704461309072,0,,,,,,,,,,,,,,,,17.05,17.05,70978.2,71372.14,70849.27,71253.33,70017.5311657867,70482.40337925314,464.8722134664422,56.14198550479669,73893.83,68967.1,4,,,,,,,,,,,,,,,,,,,,,,,,no_breakout
2026-03-15T02:44:56.301876+00:00,BTCUSD,anaconda,24480388,H4,HOLD,HOLD,NONE,0,974.7633032737649,0,,,,,,,,,,,,,,,,16.94,16.94,70978.2,71411.24,70849.27,71396.92,70017.5311657867,70482.40337925314,464.8722134664422,57.67914382161121,73893.83,68967.1,4,,,,,,,,,,,,,,,,,,,,,,,,no_breakout
2026-03-15T02:49:56.841135+00:00,BTCUSD,anaconda,24480388,H4,HOLD,HOLD,NONE,0,988.9025889880504,0,,,,,,,,,,,,,,,,16.99,16.99,70978.2,71609.19,70849.27,71595.67,70017.5311657867,70482.40337925314,464.8722134664422,59.637237463004006,73893.83,68967.1,4,,,,,,,,,,,,,,,,,,,,,,,,no_breakout
2026-03-15T02:49:56.842117+00:00,USDJPY.s,anaconda,24480388,H4,OUTSIDE_HOURS,OUTSIDE_HOURS,NONE,0,0.4242266027045175,0,,,,,,,,,,,,,,,,0.051,0.051,159.603,159.732,159.54,159.711,,,,,,,,,,,,,,,,,,,,,,,,,,,,,,,"no_breakout,rsi_out_of_zone"
2026-03-15T02:49:56.845360+00:00,EURUSD.s,anaconda,24480388,H4,OUTSIDE_HOURS,OUTSIDE_HOURS,NONE,0,0.003849534158922159,0,,,,,,,,,,,,,,,,0.00023,0.00023,1.14412,1.14453,1.1409799999999999,1.14143,,,,,,,,,,,,,,,,,,,,,,,,,,,,,,,"no_breakout,rsi_out_of_zone"
2026-03-15T02:49:56.846203+00:00,XAUUSD.s,anaconda,24480388,H4,OUTSIDE_HOURS,OUTSIDE_HOURS,NONE,0,53.6489500455061,0,,,,,,,,,,,,,,,,0.36,0.36,5045.93,5063.76,5009.64,5018.66,,,,,,,,,,,,,,,,,,,,,,,,,,,,,,,"price_mixed_ema,no_breakout,rsi_out_of_zone"
2026-03-15T02:49:56.846957+00:00,USOUSD.s,anaconda,24480388,H4,OUTSIDE_HOURS,OUTSIDE_HOURS,NONE,0,4.581190723830551,0,,,,,,,,,,,,,,,,0.079,0.079,96.86,99.285,96.34,99.26,,,,,,,,,,,,,,,,,,,,,,,,,,,,,,,no_breakout
2026-03-15T02:53:05.880156+00:00,BTCUSD,anaconda,24480388,H4,HOLD,HOLD,NONE,0,990.0690175594791,0,,,,,,,,,,,,,,,,17.1,17.1,70978.2,71625.52,70849.27,71403.03,70017.5311657867,70482.40337925314,464.8722134664422,57.74216606799107,73893.83,68967.1,4,,,,,,,,,,,,,,,,,,,,,,,,no_breakout
2026-03-15T02:53:05.893014+00:00,USDJPY.s,anaconda,24480388,H4,OUTSIDE_HOURS,OUTSIDE_HOURS,NONE,0,0.4242266027045175,0,,,,,,,,,,,,,,,,0.051,0.051,159.603,159.732,159.54,159.711,,,,,,,,,,,,,,,,,,,,,,,,,,,,,,,"no_breakout,rsi_out_of_zone"
2026-03-15T02:53:05.893918+00:00,EURUSD.s,anaconda,24480388,H4,OUTSIDE_HOURS,OUTSIDE_HOURS,NONE,0,0.003849534158922159,0,,,,,,,,,,,,,,,,0.00023,0.00023,1.14412,1.14453,1.1409799999999999,1.14143,,,,,,,,,,,,,,,,,,,,,,,,,,,,,,,"no_breakout,rsi_out_of_zone"
2026-03-15T02:53:05.894674+00:00,XAUUSD.s,anaconda,24480388,H4,OUTSIDE_HOURS,OUTSIDE_HOURS,NONE,0,53.6489500455061,0,,,,,,,,,,,,,,,,0.36,0.36,5045.93,5063.76,5009.64,5018.66,,,,,,,,,,,,,,,,,,,,,,,,,,,,,,,"price_mixed_ema,no_breakout,rsi_out_of_zone"
2026-03-15T02:53:05.895545+00:00,USOUSD.s,anaconda,24480388,H4,OUTSIDE_HOURS,OUTSIDE_HOURS,NONE,0,4.581190723830551,0,,,,,,,,,,,,,,,,0.079,0.079,96.86,99.285,96.34,99.26,,,,,,,,,,,,,,,,,,,,,,,,,,,,,,,no_breakout
2026-03-15T02:58:06.386655+00:00,BTCUSD,anaconda,24480388,H4,HOLD,HOLD,NONE,0,990.0690175594791,0,,,,,,,,,,,,,,,,17.07,17.07,70978.2,71625.52,70849.27,71418.85,70017.5311657867,70482.40337925314,464.8722134664422,57.90447433474732,73893.83,68967.1,4,,,,,,,,,,,,,,,,,,,,,,,,no_breakout
2026-03-15T03:03:06.895674+00:00,BTCUSD,anaconda,24480388,H4,HOLD,HOLD,NONE,0,990.0690175594791,0,,,,,,,,,,,,,,,,16.96,16.96,70978.2,71625.52,70849.27,71468.58,70017.5311657867,70482.40337925314,464.8722134664422,58.40666556703946,73893.83,68967.1,4,,,,,,,,,,,,,,,,,,,,,,,,no_breakout
2026-03-15T03:08:07.412789+00:00,BTCUSD,anaconda,24480388,H4,HOLD,HOLD,NONE,0,990.0690175594791,0,,,,,,,,,,,,,,,,16.99,16.99,70978.2,71625.52,70849.27,71437.92,70017.5311657867,70482.40337925314,464.8722134664422,58.098476881766956,73893.83,68967.1,4,,,,,,,,,,,,,,,,,,,,,,,,no_breakout
2026-03-15T03:13:07.945162+00:00,BTCUSD,anaconda,24480388,H4,HOLD,HOLD,NONE,0,990.0690175594791,0,,,,,,,,,,,,,,,,17.04,17.04,70978.2,71625.52,70849.27,71466.51,70017.5311657867,70482.40337925314,464.8722134664422,58.38600108487099,73893.83,68967.1,4,,,,,,,,,,,,,,,,,,,,,,,,no_breakout
2026-03-15T03:18:08.400420+00:00,BTCUSD,anaconda,24480388,H4,HOLD,HOLD,NONE,0,990.0690175594791,0,,,,,,,,,,,,,,,,17.05,17.05,70978.2,71625.52,70849.27,71392.57,70017.5311657867,70482.40337925314,464.8722134664422,57.63416060478176,73893.83,68967.1,4,,,,,,,,,,,,,,,,,,,,,,,,no_breakout
2026-03-15T03:23:08.897262+00:00,BTCUSD,anaconda,24480388,H4,HOLD,HOLD,NONE,0,990.0690175594791,0,,,,,,,,,,,,,,,,17.03,17.03,70978.2,71625.52,70849.27,71359.19,70017.5311657867,70482.40337925314,464.8722134664422,57.28577057685987,73893.83,68967.1,4,,,,,,,,,,,,,,,,,,,,,,,,no_breakout
2026-03-15T03:28:09.409201+00:00,BTCUSD,anaconda,24480388,H4,HOLD,HOLD,NONE,0,990.0690175594791,0,,,,,,,,,,,,,,,,17.02,17.02,70978.2,71625.52,70849.27,71341.58,70017.5311657867,70482.40337925314,464.8722134664422,57.09965457574442,73893.83,68967.1,4,,,,,,,,,,,,,,,,,,,,,,,,no_breakout
2026-03-15T03:33:09.927148+00:00,BTCUSD,anaconda,24480388,H4,HOLD,HOLD,NONE,0,990.0690175594791,0,,,,,,,,,,,,,,,,17.12,17.12,70978.2,71625.52,70849.27,71334.35,70017.5311657867,70482.40337925314,464.8722134664422,57.02277190180755,73893.83,68967.1,4,,,,,,,,,,,,,,,,,,,,,,,,no_breakout
2026-03-15T03:38:10.413285+00:00,BTCUSD,anaconda,24480388,H4,HOLD,HOLD,NONE,0,990.0690175594791,0,,,,,,,,,,,,,,,,17.02,17.02,70978.2,71625.52,70849.27,71417.88,70017.5311657867,70482.40337925314,464.8722134664422,57.89455832624552,73893.83,68967.1,4,,,,,,,,,,,,,,,,,,,,,,,,no_breakout
2026-03-15T03:43:10.886565+00:00,BTCUSD,anaconda,24480388,H4,HOLD,HOLD,NONE,0,990.0690175594791,0,,,,,,,,,,,,,,,,17.07,17.07,70978.2,71625.52,70849.27,71325.78,70017.5311657867,70482.40337925314,464.8722134664422,56.9312822115073,73893.83,68967.1,4,,,,,,,,,,,,,,,,,,,,,,,,no_breakout
2026-03-15T03:43:10.887175+00:00,USDJPY.s,anaconda,24480388,H4,OUTSIDE_HOURS,OUTSIDE_HOURS,NONE,0,0.4242266027045175,0,,,,,,,,,,,,,,,,0.051,0.051,159.603,159.732,159.54,159.711,,,,,,,,,,,,,,,,,,,,,,,,,,,,,,,"no_breakout,rsi_out_of_zone"
2026-03-15T03:43:10.891525+00:00,EURUSD.s,anaconda,24480388,H4,OUTSIDE_HOURS,OUTSIDE_HOURS,NONE,0,0.003849534158922159,0,,,,,,,,,,,,,,,,0.00023,0.00023,1.14412,1.14453,1.1409799999999999,1.14143,,,,,,,,,,,,,,,,,,,,,,,,,,,,,,,"no_breakout,rsi_out_of_zone"
2026-03-15T03:43:10.892280+00:00,XAUUSD.s,anaconda,24480388,H4,OUTSIDE_HOURS,OUTSIDE_HOURS,NONE,0,53.6489500455061,0,,,,,,,,,,,,,,,,0.36,0.36,5045.93,5063.76,5009.64,5018.66,,,,,,,,,,,,,,,,,,,,,,,,,,,,,,,"price_mixed_ema,no_breakout,rsi_out_of_zone"
2026-03-15T03:43:10.892957+00:00,USOUSD.s,anaconda,24480388,H4,OUTSIDE_HOURS,OUTSIDE_HOURS,NONE,0,4.581190723830551,0,,,,,,,,,,,,,,,,0.079,0.079,96.86,99.285,96.34,99.26,,,,,,,,,,,,,,,,,,,,,,,,,,,,,,,no_breakout
2026-03-15T03:48:11.357967+00:00,BTCUSD,anaconda,24480388,H4,HOLD,HOLD,NONE,0,990.0690175594791,0,,,,,,,,,,,,,,,,16.98,16.98,70978.2,71625.52,70849.27,71265.12,70017.5311657867,70482.40337925314,464.8722134664422,56.27239507217108,73893.83,68967.1,4,,,,,,,,,,,,,,,,,,,,,,,,no_breakout
2026-03-15T03:53:11.848409+00:00,BTCUSD,anaconda,24480388,H4,HOLD,HOLD,NONE,0,990.0690175594791,0,,,,,,,,,,,,,,,,17.1,17.1,70978.2,71625.52,70849.27,71311.16,70017.5311657867,70482.40337925314,464.8722134664422,56.77430293893433,73893.83,68967.1,4,,,,,,,,,,,,,,,,,,,,,,,,no_breakout
2026-03-15T03:58:12.373908+00:00,BTCUSD,anaconda,24480388,H4,HOLD,HOLD,NONE,0,990.0690175594791,0,,,,,,,,,,,,,,,,16.98,16.98,70978.2,71625.52,70849.27,71319.54,70017.5311657867,70482.40337925314,464.8722134664422,56.86442116743848,73893.83,68967.1,4,,,,,,,,,,,,,,,,,,,,,,,,no_breakout
2026-03-15T04:03:12.951418+00:00,BTCUSD,anaconda,24480388,H4,HOLD,HOLD,NONE,0,990.0690175594791,0,,,,,,,,,,,,,,,,17.04,17.04,70978.2,71625.52,70849.27,71361.57,70017.5311657867,70482.40337925314,464.8722134664422,57.310800443542064,73893.83,68967.1,4,,,,,,,,,,,,,,,,,,,,,,,,no_breakout
2026-03-15T04:08:13.551059+00:00,BTCUSD,anaconda,24480388,H4,HOLD,HOLD,NONE,0,990.0690175594791,0,,,,,,,,,,,,,,,,17.05,17.05,70978.2,71625.52,70849.27,71581.91,70017.5311657867,70482.40337925314,464.8722134664422,59.507530116037024,73893.83,68967.1,4,,,,,,,,,,,,,,,,,,,,,,,,no_breakout
2026-03-15T04:13:14.122826+00:00,BTCUSD,anaconda,24480388,H4,HOLD,HOLD,NONE,0,990.0690175594791,0,,,,,,,,,,,,,,,,17.01,17.01,70978.2,71625.52,70849.27,71609.47,70017.5311657867,70482.40337925314,464.8722134664422,59.76648994278023,73893.83,68967.1,4,,,,,,,,,,,,,,,,,,,,,,,,no_breakout
2026-03-15T04:18:14.674360+00:00,BTCUSD,anaconda,24480388,H4,HOLD,HOLD,NONE,0,992.5161604166216,0,,,,,,,,,,,,,,,,17.08,17.08,70978.2,71659.78,70849.27,71623.31,70017.5311657867,70482.40337925314,464.8722134664422,59.8952883235791,73893.83,68967.1,4,,,,,,,,,,,,,,,,,,,,,,,,no_breakout
2026-03-15T04:23:15.195076+00:00,BTCUSD,anaconda,24480388,H4,HOLD,HOLD,NONE,0,992.5161604166216,0,,,,,,,,,,,,,,,,16.94,16.94,70978.2,71659.78,70849.27,71565.14,70017.5311657867,70482.40337925314,464.8722134664422,59.348317732297104,73893.83,68967.1,4,,,,,,,,,,,,,,,,,,,,,,,,no_breakout
2026-03-15T04:28:15.737923+00:00,BTCUSD,anaconda,24480388,H4,HOLD,HOLD,NONE,0,992.5161604166216,0,,,,,,,,,,,,,,,,17.06,17.06,70978.2,71659.78,70849.27,71533.34,70017.5311657867,70482.40337925314,464.8722134664422,59.04294847084309,73893.83,68967.1,4,,,,,,,,,,,,,,,,,,,,,,,,no_breakout
2026-03-15T04:33:16.249061+00:00,BTCUSD,anaconda,24480388,H4,HOLD,HOLD,NONE,0,992.5161604166216,0,,,,,,,,,,,,,,,,17.02,17.02,70978.2,71659.78,70849.27,71562.0,70017.5311657867,70482.40337925314,464.8722134664422,59.31836768361839,73893.83,68967.1,4,,,,,,,,,,,,,,,,,,,,,,,,no_breakout
2026-03-15T04:33:16.249767+00:00,USDJPY.s,anaconda,24480388,H4,OUTSIDE_HOURS,OUTSIDE_HOURS,NONE,0,0.4242266027045175,0,,,,,,,,,,,,,,,,0.051,0.051,159.603,159.732,159.54,159.711,,,,,,,,,,,,,,,,,,,,,,,,,,,,,,,"no_breakout,rsi_out_of_zone"
2026-03-15T04:33:16.251677+00:00,EURUSD.s,anaconda,24480388,H4,OUTSIDE_HOURS,OUTSIDE_HOURS,NONE,0,0.003849534158922159,0,,,,,,,,,,,,,,,,0.00023,0.00023,1.14412,1.14453,1.1409799999999999,1.14143,,,,,,,,,,,,,,,,,,,,,,,,,,,,,,,"no_breakout,rsi_out_of_zone"
2026-03-15T04:33:16.252647+00:00,XAUUSD.s,anaconda,24480388,H4,OUTSIDE_HOURS,OUTSIDE_HOURS,NONE,0,53.6489500455061,0,,,,,,,,,,,,,,,,0.36,0.36,5045.93,5063.76,5009.64,5018.66,,,,,,,,,,,,,,,,,,,,,,,,,,,,,,,"price_mixed_ema,no_breakout,rsi_out_of_zone"
2026-03-15T04:33:16.253314+00:00,USOUSD.s,anaconda,24480388,H4,OUTSIDE_HOURS,OUTSIDE_HOURS,NONE,0,4.581190723830551,0,,,,,,,,,,,,,,,,0.079,0.079,96.86,99.285,96.34,99.26,,,,,,,,,,,,,,,,,,,,,,,,,,,,,,,no_breakout
2026-03-15T04:38:16.772058+00:00,BTCUSD,anaconda,24480388,H4,HOLD,HOLD,NONE,0,992.5161604166216,0,,,,,,,,,,,,,,,,17.05,17.05,70978.2,71659.78,70849.27,71531.09,70017.5311657867,70482.40337925314,464.8722134664422,59.02116827566818,73893.83,68967.1,4,,,,,,,,,,,,,,,,,,,,,,,,no_breakout
2026-03-15T04:43:17.325314+00:00,BTCUSD,anaconda,24480388,H4,HOLD,HOLD,NONE,0,992.5161604166216,0,,,,,,,,,,,,,,,,17.03,17.03,70978.2,71659.78,70849.27,71490.98,70017.5311657867,70482.40337925314,464.8722134664422,58.6289755795232,73893.83,68967.1,4,,,,,,,,,,,,,,,,,,,,,,,,no_breakout
2026-03-15T04:48:17.792772+00:00,BTCUSD,anaconda,24480388,H4,HOLD,HOLD,NONE,0,992.5161604166216,0,,,,,,,,,,,,,,,,17.09,17.09,70978.2,71659.78,70849.27,71520.59,70017.5311657867,70482.40337925314,464.8722134664422,58.919220315346415,73893.83,68967.1,4,,,,,,,,,,,,,,,,,,,,,,,,no_breakout
2026-03-15T04:53:18.309794+00:00,BTCUSD,anaconda,24480388,H4,HOLD,HOLD,NONE,0,992.5161604166216,0,,,,,,,,,,,,,,,,17.1,17.1,70978.2,71659.78,70849.27,71532.22,70017.5311657867,70482.40337925314,464.8722134664422,59.032109668434366,73893.83,68967.1,4,,,,,,,,,,,,,,,,,,,,,,,,no_breakout
2026-03-15T04:58:18.782165+00:00,BTCUSD,anaconda,24480388,H4,HOLD,HOLD,NONE,0,992.5161604166216,0,,,,,,,,,,,,,,,,17.12,17.12,70978.2,71659.78,70849.27,71518.81,70017.5311657867,70482.40337925314,464.8722134664422,58.901887402659085,73893.83,68967.1,4,,,,,,,,,,,,,,,,,,,,,,,,no_breakout
2026-03-15T05:03:19.297353+00:00,BTCUSD,anaconda,24480388,H4,HOLD,HOLD,NONE,0,926.1557203949587,0,,,,,,,,,,,,,,,,17.05,17.05,71578.86,71586.8,71523.33,71525.69,70078.74684028541,70512.10850170671,433.36166142129514,58.67077488624327,73893.83,69199.78,4,,,,,,,,,,,,,,,,,,,,,,,,no_breakout
2026-03-15T05:08:19.786613+00:00,BTCUSD,anaconda,24480388,H4,HOLD,HOLD,NONE,0,930.4671489663873,0,,,,,,,,,,,,,,,,17.0,17.0,71578.86,71586.8,71462.97,71485.16,70078.74684028541,70512.10850170671,433.36166142129514,58.06783831090297,73893.83,69199.78,4,,,,,,,,,,,,,,,,,,,,,,,,no_breakout
2026-03-15T05:13:20.249377+00:00,BTCUSD,anaconda,24480388,H4,HOLD,HOLD,NONE,0,930.4671489663873,0,,,,,,,,,,,,,,,,17.1,17.1,71578.86,71586.8,71462.97,71504.04,70078.74684028541,70512.10850170671,433.36166142129514,58.34715370183862,73893.83,69199.78,4,,,,,,,,,,,,,,,,,,,,,,,,no_breakout
2026-03-15T05:18:20.852369+00:00,BTCUSD,anaconda,24480388,H4,HOLD,HOLD,NONE,0,944.9978632521011,0,,,,,,,,,,,,,,,,17.06,17.06,71578.86,71790.23,71462.97,71754.25,70078.74684028541,70512.10850170671,433.36166142129514,61.244178119452286,73893.83,69199.78,4,,,,,,,,,,,,,,,,,,,,,,,,no_breakout
2026-03-15T05:23:21.338475+00:00,BTCUSD,anaconda,24480388,H4,HOLD,HOLD,NONE,0,944.9978632521011,0,,,,,,,,,,,,,,,,17.07,17.07,71578.86,71790.23,71462.97,71671.89,70078.74684028541,70512.10850170671,433.36166142129514,60.43486910393461,73893.83,69199.78,4,,,,,,,,,,,,,,,,,,,,,,,,no_breakout
2026-03-15T05:23:21.339300+00:00,USDJPY.s,anaconda,24480388,H4,OUTSIDE_HOURS,OUTSIDE_HOURS,NONE,0,0.4242266027045175,0,,,,,,,,,,,,,,,,0.051,0.051,159.603,159.732,159.54,159.711,,,,,,,,,,,,,,,,,,,,,,,,,,,,,,,"no_breakout,rsi_out_of_zone"
2026-03-15T05:23:21.343033+00:00,EURUSD.s,anaconda,24480388,H4,OUTSIDE_HOURS,OUTSIDE_HOURS,NONE,0,0.003849534158922159,0,,,,,,,,,,,,,,,,0.00023,0.00023,1.14412,1.14453,1.1409799999999999,1.14143,,,,,,,,,,,,,,,,,,,,,,,,,,,,,,,"no_breakout,rsi_out_of_zone"
2026-03-15T05:23:21.343805+00:00,XAUUSD.s,anaconda,24480388,H4,OUTSIDE_HOURS,OUTSIDE_HOURS,NONE,0,53.6489500455061,0,,,,,,,,,,,,,,,,0.36,0.36,5045.93,5063.76,5009.64,5018.66,,,,,,,,,,,,,,,,,,,,,,,,,,,,,,,"price_mixed_ema,no_breakout,rsi_out_of_zone"
2026-03-15T05:23:21.344581+00:00,USOUSD.s,anaconda,24480388,H4,OUTSIDE_HOURS,OUTSIDE_HOURS,NONE,0,4.581190723830551,0,,,,,,,,,,,,,,,,0.079,0.079,96.86,99.285,96.34,99.26,,,,,,,,,,,,,,,,,,,,,,,,,,,,,,,no_breakout
2026-03-15T05:28:21.878544+00:00,BTCUSD,anaconda,24480388,H4,HOLD,HOLD,NONE,0,944.9978632521011,0,,,,,,,,,,,,,,,,17.1,17.1,71578.86,71790.23,71462.97,71634.54,70078.74684028541,70512.10850170671,433.36166142129514,60.05660364556963,73893.83,69199.78,4,,,,,,,,,,,,,,,,,,,,,,,,no_breakout
2026-03-15T05:33:22.454841+00:00,BTCUSD,anaconda,24480388,H4,HOLD,HOLD,NONE,0,944.9978632521011,0,,,,,,,,,,,,,,,,17.01,17.01,71578.86,71790.23,71462.97,71621.33,70078.74684028541,70512.10850170671,433.36166142129514,59.921080869117844,73893.83,69199.78,4,,,,,,,,,,,,,,,,,,,,,,,,no_breakout
2026-03-15T05:38:22.954002+00:00,BTCUSD,anaconda,24480388,H4,HOLD,HOLD,NONE,0,944.9978632521011,0,,,,,,,,,,,,,,,,16.99,16.99,71578.86,71790.23,71462.97,71578.51,70078.74684028541,70512.10850170671,433.36166142129514,59.47539388785813,73893.83,69199.78,4,,,,,,,,,,,,,,,,,,,,,,,,no_breakout
2026-03-15T05:43:23.456017+00:00,BTCUSD,anaconda,24480388,H4,HOLD,HOLD,NONE,0,944.9978632521011,0,,,,,,,,,,,,,,,,17.03,17.03,71578.86,71790.23,71462.97,71643.23,70078.74684028541,70512.10850170671,433.36166142129514,60.14525661069081,73893.83,69199.78,4,,,,,,,,,,,,,,,,,,,,,,,,no_breakout
2026-03-15T05:48:23.958609+00:00,BTCUSD,anaconda,24480388,H4,HOLD,HOLD,NONE,0,944.9978632521011,0,,,,,,,,,,,,,,,,17.03,17.03,71578.86,71790.23,71462.97,71640.84,70078.74684028541,70512.10850170671,433.36166142129514,60.12091375081362,73893.83,69199.78,4,,,,,,,,,,,,,,,,,,,,,,,,no_breakout
2026-03-15T05:53:24.438067+00:00,BTCUSD,anaconda,24480388,H4,HOLD,HOLD,NONE,0,944.9978632521011,0,,,,,,,,,,,,,,,,17.09,17.09,71578.86,71790.23,71462.97,71520.96,70078.74684028541,70512.10850170671,433.36166142129514,58.59976539758366,73893.83,69199.78,4,,,,,,,,,,,,,,,,,,,,,,,,no_breakout
2026-03-15T05:58:24.901071+00:00,BTCUSD,anaconda,24480388,H4,HOLD,HOLD,NONE,0,944.9978632521011,0,,,,,,,,,,,,,,,,17.02,17.02,71578.86,71790.23,71462.97,71484.06,70078.74684028541,70512.10850170671,433.36166142129514,58.051647058861164,73893.83,69199.78,4,,,,,,,,,,,,,,,,,,,,,,,,no_breakout
2026-03-15T06:03:25.397701+00:00,BTCUSD,anaconda,24480388,H4,HOLD,HOLD,NONE,0,944.9978632521011,0,,,,,,,,,,,,,,,,16.98,16.98,71578.86,71790.23,71462.97,71567.76,70078.74684028541,70512.10850170671,433.36166142129514,59.310008889044184,73893.83,69199.78,4,,,,,,,,,,,,,,,,,,,,,,,,no_breakout
2026-03-15T06:08:25.874640+00:00,BTCUSD,anaconda,24480388,H4,HOLD,HOLD,NONE,0,944.9978632521011,0,,,,,,,,,,,,,,,,17.06,17.06,71578.86,71790.23,71462.97,71566.73,70078.74684028541,70512.10850170671,433.36166142129514,59.29419222413169,73893.83,69199.78,4,,,,,,,,,,,,,,,,,,,,,,,,no_breakout
2026-03-15T06:13:26.343093+00:00,BTCUSD,anaconda,24480388,H4,HOLD,HOLD,NONE,0,944.9978632521011,0,,,,,,,,,,,,,,,,17.07,17.07,71578.86,71790.23,71462.97,71516.25,70078.74684028541,70512.10850170671,433.36166142129514,58.5292267523888,73893.83,69199.78,4,,,,,,,,,,,,,,,,,,,,,,,,no_breakout
2026-03-15T06:13:26.343925+00:00,USDJPY.s,anaconda,24480388,H4,OUTSIDE_HOURS,OUTSIDE_HOURS,NONE,0,0.4242266027045175,0,,,,,,,,,,,,,,,,0.051,0.051,159.603,159.732,159.54,159.711,,,,,,,,,,,,,,,,,,,,,,,,,,,,,,,"no_breakout,rsi_out_of_zone"
2026-03-15T06:13:26.349552+00:00,EURUSD.s,anaconda,24480388,H4,OUTSIDE_HOURS,OUTSIDE_HOURS,NONE,0,0.003849534158922159,0,,,,,,,,,,,,,,,,0.00023,0.00023,1.14412,1.14453,1.1409799999999999,1.14143,,,,,,,,,,,,,,,,,,,,,,,,,,,,,,,"no_breakout,rsi_out_of_zone"
2026-03-15T06:13:26.350474+00:00,XAUUSD.s,anaconda,24480388,H4,OUTSIDE_HOURS,OUTSIDE_HOURS,NONE,0,53.6489500455061,0,,,,,,,,,,,,,,,,0.36,0.36,5045.93,5063.76,5009.64,5018.66,,,,,,,,,,,,,,,,,,,,,,,,,,,,,,,"price_mixed_ema,no_breakout,rsi_out_of_zone"
2026-03-15T06:13:26.351041+00:00,USOUSD.s,anaconda,24480388,H4,OUTSIDE_HOURS,OUTSIDE_HOURS,NONE,0,4.581190723830551,0,,,,,,,,,,,,,,,,0.079,0.079,96.86,99.285,96.34,99.26,,,,,,,,,,,,,,,,,,,,,,,,,,,,,,,no_breakout
2026-03-15T06:18:26.813585+00:00,BTCUSD,anaconda,24480388,H4,HOLD,HOLD,NONE,0,944.9978632521011,0,,,,,,,,,,,,,,,,16.95,16.95,71578.86,71790.23,71462.97,71568.8,70078.74684028541,70512.10850170671,433.36166142129514,59.32598767755863,73893.83,69199.78,4,,,,,,,,,,,,,,,,,,,,,,,,no_breakout
2026-03-15T06:23:27.318866+00:00,BTCUSD,anaconda,24480388,H4,HOLD,HOLD,NONE,0,946.133577537815,0,,,,,,,,,,,,,,,,17.09,17.09,71578.86,71790.23,71447.07,71463.57,70078.74684028541,70512.10850170671,433.36166142129514,57.75169023453212,73893.83,69199.78,4,,,,,,,,,,,,,,,,,,,,,,,,no_breakout
2026-03-15T06:28:27.837825+00:00,BTCUSD,anaconda,24480388,H4,HOLD,HOLD,NONE,0,946.133577537815,0,,,,,,,,,,,,,,,,17.05,17.05,71578.86,71790.23,71447.07,71459.11,70078.74684028541,70512.10850170671,433.36166142129514,57.686809818871986,73893.83,69199.78,4,,,,,,,,,,,,,,,,,,,,,,,,no_breakout
2026-03-15T06:33:28.318052+00:00,BTCUSD,anaconda,24480388,H4,HOLD,HOLD,NONE,0,948.325720394958,0,,,,,,,,,,,,,,,,16.99,16.99,71578.86,71790.23,71416.38,71440.63,70078.74684028541,70512.10850170671,433.36166142129514,57.4195241820252,73893.83,69199.78,4,,,,,,,,,,,,,,,,,,,,,,,,no_breakout
2026-03-15T06:38:28.872299+00:00,BTCUSD,anaconda,24480388,H4,HOLD,HOLD,NONE,0,950.5792918235296,0,,,,,,,,,,,,,,,,17.11,17.11,71578.86,71790.23,71384.83,71413.3,70078.74684028541,70512.10850170671,433.36166142129514,57.02874575158042,73893.83,69199.78,4,,,,,,,,,,,,,,,,,,,,,,,,no_breakout
2026-03-15T06:43:29.323348+00:00,BTCUSD,anaconda,24480388,H4,HOLD,HOLD,NONE,0,950.5792918235296,0,,,,,,,,,,,,,,,,16.99,16.99,71578.86,71790.23,71384.83,71447.91,70078.74684028541,70512.10850170671,433.36166142129514,57.52452230432958,73893.83,69199.78,4,,,,,,,,,,,,,,,,,,,,,,,,no_breakout
2026-03-15T06:48:29.917590+00:00,BTCUSD,anaconda,24480388,H4,HOLD,HOLD,NONE,0,950.5792918235296,0,,,,,,,,,,,,,,,,16.96,16.96,71578.86,71790.23,71384.83,71414.44,70078.74684028541,70512.10850170671,433.36166142129514,57.04493972194301,73893.83,69199.78,4,,,,,,,,,,,,,,,,,,,,,,,,no_breakout
2026-03-15T06:53:30.399587+00:00,BTCUSD,anaconda,24480388,H4,HOLD,HOLD,NONE,0,950.5792918235296,0,,,,,,,,,,,,,,,,17.01,17.01,71578.86,71790.23,71384.83,71461.98,70078.74684028541,70512.10850170671,433.36166142129514,57.72854348741046,73893.83,69199.78,4,,,,,,,,,,,,,,,,,,,,,,,,no_breakout
2026-03-15T06:58:31.002245+00:00,BTCUSD,anaconda,24480388,H4,HOLD,HOLD,NONE,0,950.5792918235296,0,,,,,,,,,,,,,,,,16.96,16.96,71578.86,71790.23,71384.83,71435.14,70078.74684028541,70512.10850170671,433.36166142129514,57.340596076251394,73893.83,69199.78,4,,,,,,,,,,,,,,,,,,,,,,,,no_breakout
2026-03-15T07:03:31.565992+00:00,BTCUSD,anaconda,24480388,H4,HOLD,HOLD,NONE,0,950.5792918235296,0,,,,,,,,,,,,,,,,17.01,17.01,71578.86,71790.23,71384.83,71429.56,70078.74684028541,70512.10850170671,433.36166142129514,57.26059610881441,73893.83,69199.78,4,,,,,,,,,,,,,,,,,,,,,,,,no_breakout
2026-03-15T07:03:31.566929+00:00,USDJPY.s,anaconda,24480388,H4,OUTSIDE_HOURS,OUTSIDE_HOURS,NONE,0,0.4242266027045175,0,,,,,,,,,,,,,,,,0.051,0.051,159.603,159.732,159.54,159.711,,,,,,,,,,,,,,,,,,,,,,,,,,,,,,,"no_breakout,rsi_out_of_zone"
2026-03-15T07:03:31.571241+00:00,EURUSD.s,anaconda,24480388,H4,OUTSIDE_HOURS,OUTSIDE_HOURS,NONE,0,0.003849534158922159,0,,,,,,,,,,,,,,,,0.00023,0.00023,1.14412,1.14453,1.1409799999999999,1.14143,,,,,,,,,,,,,,,,,,,,,,,,,,,,,,,"no_breakout,rsi_out_of_zone"
2026-03-15T07:03:31.572165+00:00,XAUUSD.s,anaconda,24480388,H4,OUTSIDE_HOURS,OUTSIDE_HOURS,NONE,0,53.6489500455061,0,,,,,,,,,,,,,,,,0.36,0.36,5045.93,5063.76,5009.64,5018.66,,,,,,,,,,,,,,,,,,,,,,,,,,,,,,,"price_mixed_ema,no_breakout,rsi_out_of_zone"
2026-03-15T07:03:31.572733+00:00,USOUSD.s,anaconda,24480388,H4,OUTSIDE_HOURS,OUTSIDE_HOURS,NONE,0,4.581190723830551,0,,,,,,,,,,,,,,,,0.079,0.079,96.86,99.285,96.34,99.26,,,,,,,,,,,,,,,,,,,,,,,,,,,,,,,no_breakout
2026-03-15T07:08:32.217601+00:00,BTCUSD,anaconda,24480388,H4,HOLD,HOLD,NONE,0,950.5792918235296,0,,,,,,,,,,,,,,,,16.95,16.95,71578.86,71790.23,71384.83,71467.02,70078.74684028541,70512.10850170671,433.36166142129514,57.801978196978965,73893.83,69199.78,4,,,,,,,,,,,,,,,,,,,,,,,,no_breakout
2026-03-15T07:13:32.767534+00:00,BTCUSD,anaconda,24480388,H4,HOLD,HOLD,NONE,0,950.5792918235296,0,,,,,,,,,,,,,,,,16.99,16.99,71578.86,71790.23,71384.83,71639.54,70078.74684028541,70512.10850170671,433.36166142129514,60.10766037414239,73893.83,69199.78,4,,,,,,,,,,,,,,,,,,,,,,,,no_breakout
2026-03-15T07:18:33.210061+00:00,BTCUSD,anaconda,24480388,H4,HOLD,HOLD,NONE,0,950.5792918235296,0,,,,,,,,,,,,,,,,17.1,17.1,71578.86,71790.23,71384.83,71650.7,70078.74684028541,70512.10850170671,433.36166142129514,60.22114954242666,73893.83,69199.78,4,,,,,,,,,,,,,,,,,,,,,,,,no_breakout
2026-03-15T07:23:33.730206+00:00,BTCUSD,anaconda,24480388,H4,HOLD,HOLD,NONE,0,950.5792918235296,0,,,,,,,,,,,,,,,,17.07,17.07,71578.86,71790.23,71384.83,71602.71,70078.74684028541,70512.10850170671,433.36166142129514,59.72848715684507,73893.83,69199.78,4,,,,,,,,,,,,,,,,,,,,,,,,no_breakout
2026-03-15T07:28:34.257469+00:00,BTCUSD,anaconda,24480388,H4,HOLD,HOLD,NONE,0,950.5792918235296,0,,,,,,,,,,,,,,,,17.08,17.08,71578.86,71790.23,71384.83,71573.77,70078.74684028541,70512.10850170671,433.36166142129514,59.40246688698293,73893.83,69199.78,4,,,,,,,,,,,,,,,,,,,,,,,,no_breakout
2026-03-15T07:33:34.757329+00:00,BTCUSD,anaconda,24480388,H4,HOLD,HOLD,NONE,0,950.5792918235296,0,,,,,,,,,,,,,,,,17.12,17.12,71578.86,71790.23,71384.83,71503.71,70078.74684028541,70512.10850170671,433.36166142129514,58.34224852892983,73893.83,69199.78,4,,,,,,,,,,,,,,,,,,,,,,,,no_breakout
2026-03-15T07:38:35.544395+00:00,BTCUSD,anaconda,24480388,H4,HOLD,HOLD,NONE,0,950.5792918235296,0,,,,,,,,,,,,,,,,17.07,17.07,71578.86,71790.23,71384.83,71481.32,70078.74684028541,70512.10850170671,433.36166142129514,58.0113553521184,73893.83,69199.78,4,,,,,,,,,,,,,,,,,,,,,,,,no_breakout
2026-03-15T07:43:36.073070+00:00,BTCUSD,anaconda,24480388,H4,HOLD,HOLD,NONE,0,950.5792918235296,0,,,,,,,,,,,,,,,,17.09,17.09,71578.86,71790.23,71384.83,71456.15,70078.74684028541,70512.10850170671,433.36166142129514,57.64383059093805,73893.83,69199.78,4,,,,,,,,,,,,,,,,,,,,,,,,no_breakout
2026-03-15T07:48:36.565603+00:00,BTCUSD,anaconda,24480388,H4,HOLD,HOLD,NONE,0,950.5792918235296,0,,,,,,,,,,,,,,,,16.97,16.97,71578.86,71790.23,71384.83,71421.82,70078.74684028541,70512.10850170671,433.36166142129514,57.14999726609501,73893.83,69199.78,4,,,,,,,,,,,,,,,,,,,,,,,,no_breakout
2026-03-15T07:53:37.017611+00:00,BTCUSD,anaconda,24480388,H4,HOLD,HOLD,NONE,0,950.5792918235296,0,,,,,,,,,,,,,,,,17.02,17.02,71578.86,71790.23,71384.83,71415.84,70078.74684028541,70512.10850170671,433.36166142129514,57.064839640797715,73893.83,69199.78,4,,,,,,,,,,,,,,,,,,,,,,,,no_breakout
2026-03-15T07:53:37.018525+00:00,USDJPY.s,anaconda,24480388,H4,OUTSIDE_HOURS,OUTSIDE_HOURS,NONE,0,0.4242266027045175,0,,,,,,,,,,,,,,,,0.051,0.051,159.603,159.732,159.54,159.711,,,,,,,,,,,,,,,,,,,,,,,,,,,,,,,"no_breakout,rsi_out_of_zone"
2026-03-15T07:53:37.021851+00:00,EURUSD.s,anaconda,24480388,H4,OUTSIDE_HOURS,OUTSIDE_HOURS,NONE,0,0.003849534158922159,0,,,,,,,,,,,,,,,,0.00023,0.00023,1.14412,1.14453,1.1409799999999999,1.14143,,,,,,,,,,,,,,,,,,,,,,,,,,,,,,,"no_breakout,rsi_out_of_zone"
2026-03-15T07:53:37.022452+00:00,XAUUSD.s,anaconda,24480388,H4,OUTSIDE_HOURS,OUTSIDE_HOURS,NONE,0,53.6489500455061,0,,,,,,,,,,,,,,,,0.36,0.36,5045.93,5063.76,5009.64,5018.66,,,,,,,,,,,,,,,,,,,,,,,,,,,,,,,"price_mixed_ema,no_breakout,rsi_out_of_zone"
2026-03-15T07:53:37.023026+00:00,USOUSD.s,anaconda,24480388,H4,OUTSIDE_HOURS,OUTSIDE_HOURS,NONE,0,4.581190723830551,0,,,,,,,,,,,,,,,,0.079,0.079,96.86,99.285,96.34,99.26,,,,,,,,,,,,,,,,,,,,,,,,,,,,,,,no_breakout
2026-03-15T07:58:37.690636+00:00,BTCUSD,anaconda,24480388,H4,HOLD,HOLD,NONE,0,950.5792918235296,0,,,,,,,,,,,,,,,,17.11,17.11,71578.86,71790.23,71384.83,71429.96,70078.74684028541,70512.10850170671,433.36166142129514,57.26632344532898,73893.83,69199.78,4,,,,,,,,,,,,,,,,,,,,,,,,no_breakout
2026-03-15T08:03:38.159556+00:00,BTCUSD,anaconda,24480388,H4,HOLD,HOLD,NONE,0,950.5792918235296,0,,,,,,,,,,,,,,,,17.07,17.07,71578.86,71790.23,71384.83,71475.56,70078.74684028541,70512.10850170671,433.36166142129514,57.926836643780376,73893.83,69199.78,4,,,,,,,,,,,,,,,,,,,,,,,,no_breakout
2026-03-15T08:08:38.675466+00:00,BTCUSD,anaconda,24480388,H4,HOLD,HOLD,NONE,0,950.5792918235296,0,,,,,,,,,,,,,,,,16.98,16.98,71578.86,71790.23,71384.83,71502.55,70078.74684028541,70512.10850170671,433.36166142129514,58.325012645948284,73893.83,69199.78,4,,,,,,,,,,,,,,,,,,,,,,,,no_breakout
2026-03-15T08:13:39.145486+00:00,BTCUSD,anaconda,24480388,H4,HOLD,HOLD,NONE,0,950.5792918235296,0,,,,,,,,,,,,,,,,17.11,17.11,71578.86,71790.23,71384.83,71580.29,70078.74684028541,70512.10850170671,433.36166142129514,59.494118178694364,73893.83,69199.78,4,,,,,,,,,,,,,,,,,,,,,,,,no_breakout
2026-03-15T08:18:39.686139+00:00,BTCUSD,anaconda,24480388,H4,HOLD,HOLD,NONE,0,950.5792918235296,0,,,,,,,,,,,,,,,,17.05,17.05,71578.86,71790.23,71384.83,71619.14,70078.74684028541,70512.10850170671,433.36166142129514,59.898524512606514,73893.83,69199.78,4,,,,,,,,,,,,,,,,,,,,,,,,no_breakout
2026-03-15T08:23:40.310645+00:00,BTCUSD,anaconda,24480388,H4,HOLD,HOLD,NONE,0,950.5792918235296,0,,,,,,,,,,,,,,,,17.1,17.1,71578.86,71790.23,71384.83,71627.41,70078.74684028541,70512.10850170671,433.36166142129514,59.98357027569655,73893.83,69199.78,4,,,,,,,,,,,,,,,,,,,,,,,,no_breakout
2026-03-15T08:28:40.782521+00:00,BTCUSD,anaconda,24480388,H4,HOLD,HOLD,NONE,0,950.5792918235296,0,,,,,,,,,,,,,,,,17.05,17.05,71578.86,71790.23,71384.83,71585.94,70078.74684028541,70512.10850170671,433.36166142129514,59.553437563467654,73893.83,69199.78,4,,,,,,,,,,,,,,,,,,,,,,,,no_breakout
2026-03-15T08:33:44.057563+00:00,BTCUSD,anaconda,24480388,H4,HOLD,HOLD,NONE,0,950.5792918235296,0,,,,,,,,,,,,,,,,17.06,17.06,71578.86,71790.23,71384.83,71554.91,70078.74684028541,70512.10850170671,433.36166142129514,59.11328651116513,73893.83,69199.78,4,,,,,,,,,,,,,,,,,,,,,,,,no_breakout
2026-03-15T08:33:44.072745+00:00,USDJPY.s,anaconda,24480388,H4,OUTSIDE_HOURS,OUTSIDE_HOURS,NONE,0,0.4242266027045175,0,,,,,,,,,,,,,,,,0.051,0.051,159.603,159.732,159.54,159.711,,,,,,,,,,,,,,,,,,,,,,,,,,,,,,,"no_breakout,rsi_out_of_zone"
2026-03-15T08:33:44.078295+00:00,EURUSD.s,anaconda,24480388,H4,OUTSIDE_HOURS,OUTSIDE_HOURS,NONE,0,0.003849534158922159,0,,,,,,,,,,,,,,,,0.00023,0.00023,1.14412,1.14453,1.1409799999999999,1.14143,,,,,,,,,,,,,,,,,,,,,,,,,,,,,,,"no_breakout,rsi_out_of_zone"
2026-03-15T08:33:44.078887+00:00,XAUUSD.s,anaconda,24480388,H4,OUTSIDE_HOURS,OUTSIDE_HOURS,NONE,0,53.6489500455061,0,,,,,,,,,,,,,,,,0.36,0.36,5045.93,5063.76,5009.64,5018.66,,,,,,,,,,,,,,,,,,,,,,,,,,,,,,,"price_mixed_ema,no_breakout,rsi_out_of_zone"
2026-03-15T08:33:44.079622+00:00,USOUSD.s,anaconda,24480388,H4,OUTSIDE_HOURS,OUTSIDE_HOURS,NONE,0,4.581190723830551,0,,,,,,,,,,,,,,,,0.079,0.079,96.86,99.285,96.34,99.26,,,,,,,,,,,,,,,,,,,,,,,,,,,,,,,no_breakout
2026-03-15T08:38:44.650058+00:00,BTCUSD,anaconda,24480388,H4,HOLD,HOLD,NONE,0,950.5792918235296,0,,,,,,,,,,,,,,,,16.94,16.94,71578.86,71790.23,71384.83,71535.38,70078.74684028541,70512.10850170671,433.36166142129514,58.816785501069674,73893.83,69199.78,4,,,,,,,,,,,,,,,,,,,,,,,,no_breakout
2026-03-15T08:43:45.127826+00:00,BTCUSD,anaconda,24480388,H4,HOLD,HOLD,NONE,0,950.5792918235296,0,,,,,,,,,,,,,,,,17.03,17.03,71578.86,71790.23,71384.83,71555.16,70078.74684028541,70512.10850170671,433.36166142129514,59.11710134642931,73893.83,69199.78,4,,,,,,,,,,,,,,,,,,,,,,,,no_breakout
2026-03-15T08:48:45.583693+00:00,BTCUSD,anaconda,24480388,H4,HOLD,HOLD,NONE,0,950.5792918235296,0,,,,,,,,,,,,,,,,17.02,17.02,71578.86,71790.23,71384.83,71657.24,70078.74684028541,70512.10850170671,433.36166142129514,60.28735705174333,73893.83,69199.78,4,,,,,,,,,,,,,,,,,,,,,,,,no_breakout
2026-03-15T08:53:46.123085+00:00,BTCUSD,anaconda,24480388,H4,HOLD,HOLD,NONE,0,950.5792918235296,0,,,,,,,,,,,,,,,,17.01,17.01,71578.86,71790.23,71384.83,71593.65,70078.74684028541,70512.10850170671,433.36166142129514,59.634105149632035,73893.83,69199.78,4,,,,,,,,,,,,,,,,,,,,,,,,no_breakout
2026-03-15T08:58:46.607186+00:00,BTCUSD,anaconda,24480388,H4,HOLD,HOLD,NONE,0,950.5792918235296,0,,,,,,,,,,,,,,,,16.98,16.98,71578.86,71790.23,71384.83,71609.79,70078.74684028541,70512.10850170671,433.36166142129514,59.801935976713395,73893.83,69199.78,4,,,,,,,,,,,,,,,,,,,,,,,,no_breakout
2026-03-15T09:03:47.065615+00:00,BTCUSD,anaconda,24480388,H4,HOLD,HOLD,NONE,0,894.5186280344524,0,,,,,,,,,,,,,,,,17.03,17.03,71711.93,71870.61,71704.88,71843.42,70142.72912020476,70587.33851806818,444.60939786341623,62.21988000085653,73893.83,69199.78,4,,,,,,,,,,,,,,,,,,,,,,,,no_breakout
2026-03-15T09:08:58.110601+00:00,BTCUSD,anaconda,24480388,H4,HOLD,HOLD,NONE,0,897.0129137487379,0,,,,,,,,,,,,,,,,17.05,17.05,71711.93,71905.53,71704.88,71848.42,70142.72912020476,70587.33851806818,444.60939786341623,62.27062799566311,73893.83,69199.78,4,,,,,,,,,,,,,,,,,,,,,,,,no_breakout
2026-03-15T09:13:58.596336+00:00,BTCUSD,anaconda,24480388,H4,HOLD,HOLD,NONE,0,897.2993423201661,0,,,,,,,,,,,,,,,,17.06,17.06,71711.93,71909.54,71704.88,71826.82,70142.72912020476,70587.33851806818,444.60939786341623,62.05041327272352,73893.83,69199.78,4,,,,,,,,,,,,,,,,,,,,,,,,no_breakout
2026-03-15T09:18:59.098750+00:00,BTCUSD,anaconda,24480388,H4,HOLD,HOLD,NONE,0,897.2993423201661,0,,,,,,,,,,,,,,,,17.05,17.05,71711.93,71909.54,71704.88,71867.72,70142.72912020476,70587.33851806818,444.60939786341623,62.46524306541677,73893.83,69199.78,4,,,,,,,,,,,,,,,,,,,,,,,,no_breakout
2026-03-15T09:23:59.600070+00:00,BTCUSD,anaconda,24480388,H4,HOLD,HOLD,NONE,0,897.2993423201661,0,,,,,,,,,,,,,,,,17.09,17.09,71711.93,71909.54,71704.88,71893.19,70142.72912020476,70587.33851806818,444.60939786341623,62.71902214662746,73893.83,69199.78,4,,,,,,,,,,,,,,,,,,,,,,,,no_breakout
2026-03-15T09:23:59.600826+00:00,USDJPY.s,anaconda,24480388,H4,OUTSIDE_HOURS,OUTSIDE_HOURS,NONE,0,0.4242266027045175,0,,,,,,,,,,,,,,,,0.051,0.051,159.603,159.732,159.54,159.711,,,,,,,,,,,,,,,,,,,,,,,,,,,,,,,"no_breakout,rsi_out_of_zone"
2026-03-15T09:23:59.605738+00:00,EURUSD.s,anaconda,24480388,H4,OUTSIDE_HOURS,OUTSIDE_HOURS,NONE,0,0.003849534158922159,0,,,,,,,,,,,,,,,,0.00023,0.00023,1.14412,1.14453,1.1409799999999999,1.14143,,,,,,,,,,,,,,,,,,,,,,,,,,,,,,,"no_breakout,rsi_out_of_zone"
2026-03-15T09:23:59.606581+00:00,XAUUSD.s,anaconda,24480388,H4,OUTSIDE_HOURS,OUTSIDE_HOURS,NONE,0,53.6489500455061,0,,,,,,,,,,,,,,,,0.36,0.36,5045.93,5063.76,5009.64,5018.66,,,,,,,,,,,,,,,,,,,,,,,,,,,,,,,"price_mixed_ema,no_breakout,rsi_out_of_zone"
2026-03-15T09:23:59.607181+00:00,USOUSD.s,anaconda,24480388,H4,OUTSIDE_HOURS,OUTSIDE_HOURS,NONE,0,4.581190723830551,0,,,,,,,,,,,,,,,,0.079,0.079,96.86,99.285,96.34,99.26,,,,,,,,,,,,,,,,,,,,,,,,,,,,,,,no_breakout
2026-03-15T09:29:00.083812+00:00,BTCUSD,anaconda,24480388,H4,HOLD,HOLD,NONE,0,899.0300566058811,0,,,,,,,,,,,,,,,,16.97,16.97,71711.93,71933.77,71704.88,71838.23,70142.72912020476,70587.33851806818,444.60939786341623,62.167058982844075,73893.83,69199.78,4,,,,,,,,,,,,,,,,,,,,,,,,no_breakout
2026-03-15T09:34:00.535761+00:00,BTCUSD,anaconda,24480388,H4,HOLD,HOLD,NONE,0,899.0300566058811,0,,,,,,,,,,,,,,,,16.98,16.98,71711.93,71933.77,71704.88,71835.93,70142.72912020476,70587.33851806818,444.60939786341623,62.14360356450851,73893.83,69199.78,4,,,,,,,,,,,,,,,,,,,,,,,,no_breakout
2026-03-15T09:39:01.006707+00:00,BTCUSD,anaconda,24480388,H4,HOLD,HOLD,NONE,0,899.0300566058811,0,,,,,,,,,,,,,,,,17.08,17.08,71711.93,71933.77,71704.88,71817.95,70142.72912020476,70587.33851806818,444.60939786341623,61.959236152252515,73893.83,69199.78,4,,,,,,,,,,,,,,,,,,,,,,,,no_breakout
2026-03-15T09:44:01.499662+00:00,BTCUSD,anaconda,24480388,H4,HOLD,HOLD,NONE,0,899.0300566058811,0,,,,,,,,,,,,,,,,17.1,17.1,71711.93,71933.77,71704.88,71739.31,70142.72912020476,70587.33851806818,444.60939786341623,61.13129634705193,73893.83,69199.78,4,,,,,,,,,,,,,,,,,,,,,,,,no_breakout
2026-03-15T09:49:01.984130+00:00,BTCUSD,anaconda,24480388,H4,HOLD,HOLD,NONE,0,899.3150566058815,0,,,,,,,,,,,,,,,,17.11,17.11,71711.93,71933.77,71700.89,71733.42,70142.72912020476,70587.33851806818,444.60939786341623,61.06783198587264,73893.83,69199.78,4,,,,,,,,,,,,,,,,,,,,,,,,no_breakout
2026-03-15T09:54:02.496160+00:00,BTCUSD,anaconda,24480388,H4,HOLD,HOLD,NONE,0,899.3150566058815,0,,,,,,,,,,,,,,,,17.01,17.01,71711.93,71933.77,71700.89,71783.8,70142.72912020476,70587.33851806818,444.60939786341623,61.60407038740637,73893.83,69199.78,4,,,,,,,,,,,,,,,,,,,,,,,,no_breakout
2026-03-15T09:59:02.995632+00:00,BTCUSD,anaconda,24480388,H4,HOLD,HOLD,NONE,0,899.3150566058815,0,,,,,,,,,,,,,,,,17.06,17.06,71711.93,71933.77,71700.89,71816.42,70142.72912020476,70587.33851806818,444.60939786341623,61.943464547621055,73893.83,69199.78,4,,,,,,,,,,,,,,,,,,,,,,,,no_breakout
2026-03-15T10:04:03.538681+00:00,BTCUSD,anaconda,24480388,H4,HOLD,HOLD,NONE,0,899.3150566058815,0,,,,,,,,,,,,,,,,17.01,17.01,71711.93,71933.77,71700.89,71797.05,70142.72912020476,70587.33851806818,444.60939786341623,61.742657179013584,73893.83,69199.78,4,,,,,,,,,,,,,,,,,,,,,,,,no_breakout
2026-03-15T10:09:14.067067+00:00,BTCUSD,anaconda,24480388,H4,HOLD,HOLD,NONE,0,899.3150566058815,0,,,,,,,,,,,,,,,,16.95,16.95,71711.93,71933.77,71700.89,71765.29,70142.72912020476,70587.33851806818,444.60939786341623,61.40877764083057,73893.83,69199.78,4,,,,,,,,,,,,,,,,,,,,,,,,no_breakout
2026-03-15T10:14:14.890724+00:00,BTCUSD,anaconda,24480388,H4,HOLD,HOLD,NONE,0,899.3150566058815,0,,,,,,,,,,,,,,,,16.97,16.97,71711.93,71933.77,71700.89,71797.99,70142.72912020476,70587.33851806818,444.60939786341623,61.75245100173964,73893.83,69199.78,4,,,,,,,,,,,,,,,,,,,,,,,,no_breakout
2026-03-15T10:14:14.891646+00:00,USDJPY.s,anaconda,24480388,H4,OUTSIDE_HOURS,OUTSIDE_HOURS,NONE,0,0.4242266027045175,0,,,,,,,,,,,,,,,,0.051,0.051,159.603,159.732,159.54,159.711,,,,,,,,,,,,,,,,,,,,,,,,,,,,,,,"no_breakout,rsi_out_of_zone"
2026-03-15T10:14:14.896350+00:00,EURUSD.s,anaconda,24480388,H4,OUTSIDE_HOURS,OUTSIDE_HOURS,NONE,0,0.003849534158922159,0,,,,,,,,,,,,,,,,0.00023,0.00023,1.14412,1.14453,1.1409799999999999,1.14143,,,,,,,,,,,,,,,,,,,,,,,,,,,,,,,"no_breakout,rsi_out_of_zone"
2026-03-15T10:14:14.896884+00:00,XAUUSD.s,anaconda,24480388,H4,OUTSIDE_HOURS,OUTSIDE_HOURS,NONE,0,53.6489500455061,0,,,,,,,,,,,,,,,,0.36,0.36,5045.93,5063.76,5009.64,5018.66,,,,,,,,,,,,,,,,,,,,,,,,,,,,,,,"price_mixed_ema,no_breakout,rsi_out_of_zone"
2026-03-15T10:14:14.897507+00:00,USOUSD.s,anaconda,24480388,H4,OUTSIDE_HOURS,OUTSIDE_HOURS,NONE,0,4.581190723830551,0,,,,,,,,,,,,,,,,0.079,0.079,96.86,99.285,96.34,99.26,,,,,,,,,,,,,,,,,,,,,,,,,,,,,,,no_breakout
2026-03-15T10:19:15.455032+00:00,BTCUSD,anaconda,24480388,H4,HOLD,HOLD,NONE,0,899.3150566058815,0,,,,,,,,,,,,,,,,16.95,16.95,71711.93,71933.77,71700.89,71885.75,70142.72912020476,70587.33851806818,444.60939786341623,62.64524666107481,73893.83,69199.78,4,,,,,,,,,,,,,,,,,,,,,,,,no_breakout
2026-03-15T10:24:15.944938+00:00,BTCUSD,anaconda,24480388,H4,HOLD,HOLD,NONE,0,899.3150566058815,0,,,,,,,,,,,,,,,,17.09,17.09,71711.93,71933.77,71700.89,71830.92,70142.72912020476,70587.33851806818,444.60939786341623,62.09241073480703,73893.83,69199.78,4,,,,,,,,,,,,,,,,,,,,,,,,no_breakout
2026-03-15T10:29:16.574254+00:00,BTCUSD,anaconda,24480388,H4,HOLD,HOLD,NONE,0,899.3150566058815,0,,,,,,,,,,,,,,,,17.11,17.11,71711.93,71933.77,71700.89,71850.24,70142.72912020476,70587.33851806818,444.60939786341623,62.28906643764972,73893.83,69199.78,4,,,,,,,,,,,,,,,,,,,,,,,,no_breakout
2026-03-15T10:34:17.049892+00:00,BTCUSD,anaconda,24480388,H4,HOLD,HOLD,NONE,0,899.3150566058815,0,,,,,,,,,,,,,,,,17.05,17.05,71711.93,71933.77,71700.89,71824.05,70142.72912020476,70587.33851806818,444.60939786341623,62.02198666507232,73893.83,69199.78,4,,,,,,,,,,,,,,,,,,,,,,,,no_breakout
2026-03-15T10:39:17.666483+00:00,BTCUSD,anaconda,24480388,H4,HOLD,HOLD,NONE,0,899.3150566058815,0,,,,,,,,,,,,,,,,17.12,17.12,71711.93,71933.77,71700.89,71789.14,70142.72912020476,70587.33851806818,444.60939786341623,61.66004408870468,73893.83,69199.78,4,,,,,,,,,,,,,,,,,,,,,,,,no_breakout
2026-03-15T10:44:18.167437+00:00,BTCUSD,anaconda,24480388,H4,HOLD,HOLD,NONE,0,899.3150566058815,0,,,,,,,,,,,,,,,,17.08,17.08,71711.93,71933.77,71700.89,71822.16,70142.72912020476,70587.33851806818,444.60939786341623,62.002566438878134,73893.83,69199.78,4,,,,,,,,,,,,,,,,,,,,,,,,no_breakout
2026-03-15T10:49:18.683469+00:00,BTCUSD,anaconda,24480388,H4,HOLD,HOLD,NONE,0,899.3150566058815,0,,,,,,,,,,,,,,,,16.99,16.99,71711.93,71933.77,71700.89,71775.01,70142.72912020476,70587.33851806818,444.60939786341623,61.51157711384455,73893.83,69199.78,4,,,,,,,,,,,,,,,,,,,,,,,,no_breakout
2026-03-15T10:54:19.125830+00:00,BTCUSD,anaconda,24480388,H4,HOLD,HOLD,NONE,0,899.3150566058815,0,,,,,,,,,,,,,,,,17.04,17.04,71711.93,71933.77,71700.89,71800.97,70142.72912020476,70587.33851806818,444.60939786341623,61.78346638405719,73893.83,69199.78,4,,,,,,,,,,,,,,,,,,,,,,,,no_breakout
2026-03-15T10:59:19.621115+00:00,BTCUSD,anaconda,24480388,H4,HOLD,HOLD,NONE,0,899.3150566058815,0,,,,,,,,,,,,,,,,17.08,17.08,71711.93,71933.77,71700.89,71779.1,70142.72912020476,70587.33851806818,444.60939786341623,61.55466974305567,73893.83,69199.78,4,,,,,,,,,,,,,,,,,,,,,,,,no_breakout
2026-03-15T11:04:20.134932+00:00,BTCUSD,anaconda,24480388,H4,HOLD,HOLD,NONE,0,899.3150566058815,0,,,,,,,,,,,,,,,,17.02,17.02,71711.93,71933.77,71700.89,71743.25,70142.72912020476,70587.33851806818,444.60939786341623,61.173634215847635,73893.83,69199.78,4,,,,,,,,,,,,,,,,,,,,,,,,no_breakout
2026-03-15T11:04:20.135740+00:00,USDJPY.s,anaconda,24480388,H4,OUTSIDE_HOURS,OUTSIDE_HOURS,NONE,0,0.4242266027045175,0,,,,,,,,,,,,,,,,0.051,0.051,159.603,159.732,159.54,159.711,,,,,,,,,,,,,,,,,,,,,,,,,,,,,,,"no_breakout,rsi_out_of_zone"
2026-03-15T11:04:20.146586+00:00,EURUSD.s,anaconda,24480388,H4,OUTSIDE_HOURS,OUTSIDE_HOURS,NONE,0,0.003849534158922159,0,,,,,,,,,,,,,,,,0.00023,0.00023,1.14412,1.14453,1.1409799999999999,1.14143,,,,,,,,,,,,,,,,,,,,,,,,,,,,,,,"no_breakout,rsi_out_of_zone"
2026-03-15T11:04:20.147266+00:00,XAUUSD.s,anaconda,24480388,H4,OUTSIDE_HOURS,OUTSIDE_HOURS,NONE,0,53.6489500455061,0,,,,,,,,,,,,,,,,0.36,0.36,5045.93,5063.76,5009.64,5018.66,,,,,,,,,,,,,,,,,,,,,,,,,,,,,,,"price_mixed_ema,no_breakout,rsi_out_of_zone"
2026-03-15T11:04:20.148030+00:00,USOUSD.s,anaconda,24480388,H4,OUTSIDE_HOURS,OUTSIDE_HOURS,NONE,0,4.581190723830551,0,,,,,,,,,,,,,,,,0.079,0.079,96.86,99.285,96.34,99.26,,,,,,,,,,,,,,,,,,,,,,,,,,,,,,,no_breakout
2026-03-15T11:09:20.671277+00:00,BTCUSD,anaconda,24480388,H4,HOLD,HOLD,NONE,0,899.8071994630243,0,,,,,,,,,,,,,,,,17.11,17.11,71711.93,71933.77,71694.0,71701.39,70142.72912020476,70587.33851806818,444.60939786341623,60.66713639007431,73893.83,69199.78,4,,,,,,,,,,,,,,,,,,,,,,,,no_breakout
2026-03-15T11:14:21.158770+00:00,BTCUSD,anaconda,24480388,H4,HOLD,HOLD,NONE,0,900.9829137487391,0,,,,,,,,,,,,,,,,17.02,17.02,71711.93,71933.77,71677.54,71689.32,70142.72912020476,70587.33851806818,444.60939786341623,60.464001912481066,73893.83,69199.78,4,,,,,,,,,,,,,,,,,,,,,,,,no_breakout
2026-03-15T11:19:21.654946+00:00,BTCUSD,anaconda,24480388,H4,HOLD,HOLD,NONE,0,900.9829137487391,0,,,,,,,,,,,,,,,,17.09,17.09,71711.93,71933.77,71677.54,71740.08,70142.72912020476,70587.33851806818,444.60939786341623,61.13957775672927,73893.83,69199.78,4,,,,,,,,,,,,,,,,,,,,,,,,no_breakout
2026-03-15T11:24:22.128764+00:00,BTCUSD,anaconda,24480388,H4,HOLD,HOLD,NONE,0,900.9829137487391,0,,,,,,,,,,,,,,,,17.02,17.02,71711.93,71933.77,71677.54,71750.4,70142.72912020476,70587.33851806818,444.60939786341623,61.25023053137824,73893.83,69199.78,4,,,,,,,,,,,,,,,,,,,,,,,,no_breakout
2026-03-15T11:29:22.687575+00:00,BTCUSD,anaconda,24480388,H4,HOLD,HOLD,NONE,0,902.3850566058812,0,,,,,,,,,,,,,,,,17.11,17.11,71711.93,71933.77,71657.91,71690.09,70142.72912020476,70587.33851806818,444.60939786341623,60.476920150046645,73893.83,69199.78,4,,,,,,,,,,,,,,,,,,,,,,,,no_breakout
2026-03-15T11:34:23.168058+00:00,BTCUSD,anaconda,24480388,H4,HOLD,HOLD,NONE,0,902.3850566058812,0,,,,,,,,,,,,,,,,16.98,16.98,71711.93,71933.77,71657.91,71718.02,70142.72912020476,70587.33851806818,444.60939786341623,60.90091448162918,73893.83,69199.78,4,,,,,,,,,,,,,,,,,,,,,,,,no_breakout
2026-03-15T11:39:31.593244+00:00,BTCUSD,anaconda,24480388,H4,HOLD,HOLD,NONE,0,902.3850566058812,0,,,,,,,,,,,,,,,,17.11,17.11,71711.93,71933.77,71657.91,71676.91,70142.72912020476,70587.33851806818,444.60939786341623,60.256558817616884,73893.83,69199.78,4,,,,,,,,,,,,,,,,,,,,,,,,no_breakout
2026-03-15T11:44:32.100197+00:00,BTCUSD,anaconda,24480388,H4,HOLD,HOLD,NONE,0,902.5879137487382,0,,,,,,,,,,,,,,,,17.03,17.03,71711.93,71933.77,71655.07,71675.2,70142.72912020476,70587.33851806818,444.60939786341623,60.22808632507373,73893.83,69199.78,4,,,,,,,,,,,,,,,,,,,,,,,,no_breakout
2026-03-15T11:49:32.704841+00:00,BTCUSD,anaconda,24480388,H4,HOLD,HOLD,NONE,0,902.5879137487382,0,,,,,,,,,,,,,,,,16.99,16.99,71711.93,71933.77,71655.07,71806.35,70142.72912020476,70587.33851806818,444.60939786341623,61.839333402386835,73893.83,69199.78,4,,,,,,,,,,,,,,,,,,,,,,,,no_breakout
2026-03-15T11:54:33.193975+00:00,BTCUSD,anaconda,24480388,H4,HOLD,HOLD,NONE,0,902.5879137487382,0,,,,,,,,,,,,,,,,17.06,17.06,71711.93,71933.77,71655.07,71857.72,70142.72912020476,70587.33851806818,444.60939786341623,62.36465754834278,73893.83,69199.78,4,,,,,,,,,,,,,,,,,,,,,,,,no_breakout
2026-03-15T11:54:33.195120+00:00,USDJPY.s,anaconda,24480388,H4,OUTSIDE_HOURS,OUTSIDE_HOURS,NONE,0,0.4242266027045175,0,,,,,,,,,,,,,,,,0.051,0.051,159.603,159.732,159.54,159.711,,,,,,,,,,,,,,,,,,,,,,,,,,,,,,,"no_breakout,rsi_out_of_zone"
2026-03-15T11:54:33.196152+00:00,EURUSD.s,anaconda,24480388,H4,OUTSIDE_HOURS,OUTSIDE_HOURS,NONE,0,0.003849534158922159,0,,,,,,,,,,,,,,,,0.00023,0.00023,1.14412,1.14453,1.1409799999999999,1.14143,,,,,,,,,,,,,,,,,,,,,,,,,,,,,,,"no_breakout,rsi_out_of_zone"
2026-03-15T11:54:33.196895+00:00,XAUUSD.s,anaconda,24480388,H4,OUTSIDE_HOURS,OUTSIDE_HOURS,NONE,0,53.6489500455061,0,,,,,,,,,,,,,,,,0.36,0.36,5045.93,5063.76,5009.64,5018.66,,,,,,,,,,,,,,,,,,,,,,,,,,,,,,,"price_mixed_ema,no_breakout,rsi_out_of_zone"
2026-03-15T11:54:33.197927+00:00,USOUSD.s,anaconda,24480388,H4,OUTSIDE_HOURS,OUTSIDE_HOURS,NONE,0,4.581190723830551,0,,,,,,,,,,,,,,,,0.079,0.079,96.86,99.285,96.34,99.26,,,,,,,,,,,,,,,,,,,,,,,,,,,,,,,no_breakout
2026-03-15T11:59:33.818302+00:00,BTCUSD,anaconda,24480388,H4,HOLD,HOLD,NONE,0,902.5879137487382,0,,,,,,,,,,,,,,,,17.09,17.09,71711.93,71933.77,71655.07,71826.77,70142.72912020476,70587.33851806818,444.60939786341623,62.049900534202315,73893.83,69199.78,4,,,,,,,,,,,,,,,,,,,,,,,,no_breakout
2026-03-15T12:04:34.305341+00:00,BTCUSD,anaconda,24480388,H4,HOLD,HOLD,NONE,0,902.5879137487382,0,,,,,,,,,,,,,,,,17.1,17.1,71711.93,71933.77,71655.07,71762.02,70142.72912020476,70587.33851806818,444.60939786341623,61.37407031076063,73893.83,69199.78,4,,,,,,,,,,,,,,,,,,,,,,,,no_breakout
2026-03-15T12:09:45.497933+00:00,BTCUSD,anaconda,24480388,H4,HOLD,HOLD,NONE,0,902.5879137487382,0,,,,,,,,,,,,,,,,16.94,16.94,71711.93,71933.77,71655.07,71725.51,70142.72912020476,70587.33851806818,444.60939786341623,60.982275491110265,73893.83,69199.78,4,,,,,,,,,,,,,,,,,,,,,,,,no_breakout
2026-03-15T12:14:46.054502+00:00,BTCUSD,anaconda,24480388,H4,HOLD,HOLD,NONE,0,902.5879137487382,0,,,,,,,,,,,,,,,,17.0,17.0,71711.93,71933.77,71655.07,71693.41,70142.72912020476,70587.33851806818,444.60939786341623,60.53268283280245,73893.83,69199.78,4,,,,,,,,,,,,,,,,,,,,,,,,no_breakout
2026-03-15T12:19:46.585953+00:00,BTCUSD,anaconda,24480388,H4,HOLD,HOLD,NONE,0,902.5879137487382,0,,,,,,,,,,,,,,,,17.11,17.11,71711.93,71933.77,71655.07,71725.97,70142.72912020476,70587.33851806818,444.60939786341623,60.98726126044248,73893.83,69199.78,4,,,,,,,,,,,,,,,,,,,,,,,,no_breakout
2026-03-15T12:24:47.141280+00:00,BTCUSD,anaconda,24480388,H4,HOLD,HOLD,NONE,0,902.5879137487382,0,,,,,,,,,,,,,,,,16.97,16.97,71711.93,71933.77,71655.07,71684.69,70142.72912020476,70587.33851806818,444.60939786341623,60.38644093023257,73893.83,69199.78,4,,,,,,,,,,,,,,,,,,,,,,,,no_breakout
2026-03-15T12:29:47.731449+00:00,BTCUSD,anaconda,24480388,H4,HOLD,HOLD,NONE,0,902.5879137487382,0,,,,,,,,,,,,,,,,17.05,17.05,71711.93,71933.77,71655.07,71707.24,70142.72912020476,70587.33851806818,444.60939786341623,60.766082012468665,73893.83,69199.78,4,,,,,,,,,,,,,,,,,,,,,,,,no_breakout
2026-03-15T12:34:48.348776+00:00,BTCUSD,anaconda,24480388,H4,HOLD,HOLD,NONE,0,902.5879137487382,0,,,,,,,,,,,,,,,,17.09,17.09,71711.93,71933.77,71655.07,71692.17,70142.72912020476,70587.33851806818,444.60939786341623,60.51184377972235,73893.83,69199.78,4,,,,,,,,,,,,,,,,,,,,,,,,no_breakout
2026-03-15T12:39:59.516228+00:00,BTCUSD,anaconda,24480388,H4,HOLD,HOLD,NONE,0,902.5879137487382,0,,,,,,,,,,,,,,,,17.04,17.04,71711.93,71933.77,71655.07,71712.28,70142.72912020476,70587.33851806818,444.60939786341623,60.838333029676,73893.83,69199.78,4,,,,,,,,,,,,,,,,,,,,,,,,no_breakout
2026-03-15T12:45:00.154896+00:00,BTCUSD,anaconda,24480388,H4,HOLD,HOLD,NONE,0,909.6200566058818,0,,,,,,,,,,,,,,,,17.0,17.0,71711.93,71933.77,71556.62,71570.04,70142.72912020476,70587.33851806818,444.60939786341623,58.52735950667991,73893.83,69199.78,4,,,,,,,,,,,,,,,,,,,,,,,,no_breakout
2026-03-15T12:45:00.155912+00:00,USDJPY.s,anaconda,24480388,H4,OUTSIDE_HOURS,OUTSIDE_HOURS,NONE,0,0.4242266027045175,0,,,,,,,,,,,,,,,,0.051,0.051,159.603,159.732,159.54,159.711,,,,,,,,,,,,,,,,,,,,,,,,,,,,,,,"no_breakout,rsi_out_of_zone"
2026-03-15T12:45:00.156784+00:00,EURUSD.s,anaconda,24480388,H4,OUTSIDE_HOURS,OUTSIDE_HOURS,NONE,0,0.003849534158922159,0,,,,,,,,,,,,,,,,0.00023,0.00023,1.14412,1.14453,1.1409799999999999,1.14143,,,,,,,,,,,,,,,,,,,,,,,,,,,,,,,"no_breakout,rsi_out_of_zone"
2026-03-15T12:45:00.157657+00:00,XAUUSD.s,anaconda,24480388,H4,OUTSIDE_HOURS,OUTSIDE_HOURS,NONE,0,53.6489500455061,0,,,,,,,,,,,,,,,,0.36,0.36,5045.93,5063.76,5009.64,5018.66,,,,,,,,,,,,,,,,,,,,,,,,,,,,,,,"price_mixed_ema,no_breakout,rsi_out_of_zone"
2026-03-15T12:45:00.158453+00:00,USOUSD.s,anaconda,24480388,H4,OUTSIDE_HOURS,OUTSIDE_HOURS,NONE,0,4.581190723830551,0,,,,,,,,,,,,,,,,0.079,0.079,96.86,99.285,96.34,99.26,,,,,,,,,,,,,,,,,,,,,,,,,,,,,,,no_breakout
2026-03-15T12:50:00.763253+00:00,BTCUSD,anaconda,24480388,H4,HOLD,HOLD,NONE,0,909.6200566058818,0,,,,,,,,,,,,,,,,17.06,17.06,71711.93,71933.77,71556.62,71619.6,70142.72912020476,70587.33851806818,444.60939786341623,59.31675308013434,73893.83,69199.78,4,,,,,,,,,,,,,,,,,,,,,,,,no_breakout
2026-03-15T12:55:01.404672+00:00,BTCUSD,anaconda,24480388,H4,HOLD,HOLD,NONE,0,909.6200566058818,0,,,,,,,,,,,,,,,,17.09,17.09,71711.93,71933.77,71556.62,71604.74,70142.72912020476,70587.33851806818,444.60939786341623,59.07783624797379,73893.83,69199.78,4,,,,,,,,,,,,,,,,,,,,,,,,no_breakout
2026-03-15T13:00:01.991512+00:00,BTCUSD,anaconda,24480388,H4,HOLD,HOLD,NONE,0,845.583623941358,0,,,,,,,,,,,,,,,,17.1,17.1,71603.02,71603.02,71590.0,71602.66,70199.99091503068,70534.09465987416,334.10374484347994,59.04374804636563,73893.83,69199.78,4,,,,,,,,,,,,,,,,,,,,,,,,no_breakout
2026-03-15T13:05:02.595750+00:00,BTCUSD,anaconda,24480388,H4,HOLD,HOLD,NONE,0,850.7171953699292,0,,,,,,,,,,,,,,,,17.1,17.1,71603.02,71674.98,71590.0,71633.87,70199.99091503068,70534.09465987416,334.10374484347994,59.427441039968535,73893.83,69199.78,4,,,,,,,,,,,,,,,,,,,,,,,,no_breakout
2026-03-15T13:10:09.865445+00:00,BTCUSD,anaconda,24480388,H4,HOLD,HOLD,NONE,0,864.7357667985002,0,,,,,,,,,,,,,,,,17.0,17.0,71603.02,71674.98,71393.74,71397.11,70199.99091503068,70534.09465987416,334.10374484347994,55.60359511408233,73893.83,69199.78,4,,,,,,,,,,,,,,,,,,,,,,,,no_breakout
2026-03-15T13:15:10.352644+00:00,BTCUSD,anaconda,24480388,H4,HOLD,HOLD,NONE,0,874.4157667985005,0,,,,,,,,,,,,,,,,17.01,17.01,71603.02,71674.98,71258.22,71404.82,70199.99091503068,70534.09465987416,334.10374484347994,55.72538010489647,73893.83,69199.78,4,,,,,,,,,,,,,,,,,,,,,,,,no_breakout
2026-03-15T13:20:11.000682+00:00,BTCUSD,anaconda,24480388,H4,HOLD,HOLD,NONE,0,874.7750525127861,0,,,,,,,,,,,,,,,,17.12,17.12,71603.02,71674.98,71253.19,71314.25,70199.99091503068,70534.09465987416,334.10374484347994,54.327591997837146,73893.83,69199.78,4,,,,,,,,,,,,,,,,,,,,,,,,no_breakout
2026-03-15T13:25:11.477479+00:00,BTCUSD,anaconda,24480388,H4,HOLD,HOLD,NONE,0,874.7750525127861,0,,,,,,,,,,,,,,,,16.97,16.97,71603.02,71674.98,71253.19,71402.09,70199.99091503068,70534.09465987416,334.10374484347994,55.6821968349024,73893.83,69199.78,4,,,,,,,,,,,,,,,,,,,,,,,,no_breakout
2026-03-15T13:30:12.045316+00:00,BTCUSD,anaconda,24480388,H4,HOLD,HOLD,NONE,0,874.7750525127861,0,,,,,,,,,,,,,,,,17.02,17.02,71603.02,71674.98,71253.19,71540.47,70199.99091503068,70534.09465987416,334.10374484347994,57.95882845597179,73893.83,69199.78,4,,,,,,,,,,,,,,,,,,,,,,,,no_breakout
2026-03-15T13:35:12.546004+00:00,BTCUSD,anaconda,24480388,H4,HOLD,HOLD,NONE,0,874.7750525127861,0,,,,,,,,,,,,,,,,17.03,17.03,71603.02,71674.98,71253.19,71418.46,70199.99091503068,70534.09465987416,334.10374484347994,55.942145527286094,73893.83,69199.78,4,,,,,,,,,,,,,,,,,,,,,,,,no_breakout
2026-03-15T13:35:12.546888+00:00,USDJPY.s,anaconda,24480388,H4,OUTSIDE_HOURS,OUTSIDE_HOURS,NONE,0,0.4242266027045175,0,,,,,,,,,,,,,,,,0.051,0.051,159.603,159.732,159.54,159.711,,,,,,,,,,,,,,,,,,,,,,,,,,,,,,,"no_breakout,rsi_out_of_zone"
2026-03-15T13:35:12.547736+00:00,EURUSD.s,anaconda,24480388,H4,OUTSIDE_HOURS,OUTSIDE_HOURS,NONE,0,0.003849534158922159,0,,,,,,,,,,,,,,,,0.00023,0.00023,1.14412,1.14453,1.1409799999999999,1.14143,,,,,,,,,,,,,,,,,,,,,,,,,,,,,,,"no_breakout,rsi_out_of_zone"
2026-03-15T13:35:12.548441+00:00,XAUUSD.s,anaconda,24480388,H4,OUTSIDE_HOURS,OUTSIDE_HOURS,NONE,0,53.6489500455061,0,,,,,,,,,,,,,,,,0.36,0.36,5045.93,5063.76,5009.64,5018.66,,,,,,,,,,,,,,,,,,,,,,,,,,,,,,,"price_mixed_ema,no_breakout,rsi_out_of_zone"
2026-03-15T13:35:12.549286+00:00,USOUSD.s,anaconda,24480388,H4,OUTSIDE_HOURS,OUTSIDE_HOURS,NONE,0,4.581190723830551,0,,,,,,,,,,,,,,,,0.079,0.079,96.86,99.285,96.34,99.26,,,,,,,,,,,,,,,,,,,,,,,,,,,,,,,no_breakout
2026-03-15T13:40:13.286583+00:00,BTCUSD,anaconda,24480388,H4,HOLD,HOLD,NONE,0,874.7750525127861,0,,,,,,,,,,,,,,,,17.11,17.11,71603.02,71674.98,71253.19,71295.06,70199.99091503068,70534.09465987416,334.10374484347994,54.0403834701924,73893.83,69199.78,4,,,,,,,,,,,,,,,,,,,,,,,,no_breakout
2026-03-15T13:45:13.804151+00:00,BTCUSD,anaconda,24480388,H4,HOLD,HOLD,NONE,0,874.7750525127861,0,,,,,,,,,,,,,,,,17.06,17.06,71603.02,71674.98,71253.19,71409.75,70199.99091503068,70534.09465987416,334.10374484347994,55.80353301108858,73893.83,69199.78,4,,,,,,,,,,,,,,,,,,,,,,,,no_breakout
2026-03-15T13:50:14.273878+00:00,BTCUSD,anaconda,24480388,H4,HOLD,HOLD,NONE,0,874.7750525127861,0,,,,,,,,,,,,,,,,16.99,16.99,71603.02,71674.98,71253.19,71464.09,70199.99091503068,70534.09465987416,334.10374484347994,56.6797111968275,73893.83,69199.78,4,,,,,,,,,,,,,,,,,,,,,,,,no_breakout
2026-03-15T13:55:14.791010+00:00,BTCUSD,anaconda,24480388,H4,HOLD,HOLD,NONE,0,874.7750525127861,0,,,,,,,,,,,,,,,,16.95,16.95,71603.02,71674.98,71253.19,71498.1,70199.99091503068,70534.09465987416,334.10374484347994,57.24222638800756,73893.83,69199.78,4,,,,,,,,,,,,,,,,,,,,,,,,no_breakout
2026-03-15T14:00:15.312490+00:00,BTCUSD,anaconda,24480388,H4,HOLD,HOLD,NONE,0,874.7750525127861,0,,,,,,,,,,,,,,,,17.09,17.09,71603.02,71674.98,71253.19,71595.16,70199.99091503068,70534.09465987416,334.10374484347994,58.910759792554785,73893.83,69199.78,4,,,,,,,,,,,,,,,,,,,,,,,,no_breakout
2026-03-15T14:05:15.934312+00:00,BTCUSD,anaconda,24480388,H4,HOLD,HOLD,NONE,0,874.7750525127861,0,,,,,,,,,,,,,,,,17.1,17.1,71603.02,71674.98,71253.19,71570.38,70199.99091503068,70534.09465987416,334.10374484347994,58.47559469926767,73893.83,69199.78,4,,,,,,,,,,,,,,,,,,,,,,,,no_breakout
2026-03-15T14:10:26.945139+00:00,BTCUSD,anaconda,24480388,H4,HOLD,HOLD,NONE,0,874.7750525127861,0,,,,,,,,,,,,,,,,17.04,17.04,71603.02,71674.98,71253.19,71582.31,70199.99091503068,70534.09465987416,334.10374484347994,58.68429373913488,73893.83,69199.78,4,,,,,,,,,,,,,,,,,,,,,,,,no_breakout
2026-03-15T14:15:27.477476+00:00,BTCUSD,anaconda,24480388,H4,HOLD,HOLD,NONE,0,874.7750525127861,0,,,,,,,,,,,,,,,,17.03,17.03,71603.02,71674.98,71253.19,71534.78,70199.99091503068,70534.09465987416,334.10374484347994,57.86155251850737,73893.83,69199.78,4,,,,,,,,,,,,,,,,,,,,,,,,no_breakout
2026-03-15T14:20:28.008714+00:00,BTCUSD,anaconda,24480388,H4,HOLD,HOLD,NONE,0,874.7750525127861,0,,,,,,,,,,,,,,,,17.02,17.02,71603.02,71674.98,71253.19,71468.06,70199.99091503068,70534.09465987416,334.10374484347994,56.744803210583086,73893.83,69199.78,4,,,,,,,,,,,,,,,,,,,,,,,,no_breakout
2026-03-15T14:25:28.537426+00:00,BTCUSD,anaconda,24480388,H4,HOLD,HOLD,NONE,0,874.7750525127861,0,,,,,,,,,,,,,,,,17.0,17.0,71603.02,71674.98,71253.19,71454.97,70199.99091503068,70534.09465987416,334.10374484347994,56.530743999808394,73893.83,69199.78,4,,,,,,,,,,,,,,,,,,,,,,,,no_breakout
2026-03-15T14:25:28.538374+00:00,USDJPY.s,anaconda,24480388,H4,OUTSIDE_HOURS,OUTSIDE_HOURS,NONE,0,0.4242266027045175,0,,,,,,,,,,,,,,,,0.051,0.051,159.603,159.732,159.54,159.711,,,,,,,,,,,,,,,,,,,,,,,,,,,,,,,"no_breakout,rsi_out_of_zone"
2026-03-15T14:25:28.539091+00:00,EURUSD.s,anaconda,24480388,H4,OUTSIDE_HOURS,OUTSIDE_HOURS,NONE,0,0.003849534158922159,0,,,,,,,,,,,,,,,,0.00023,0.00023,1.14412,1.14453,1.1409799999999999,1.14143,,,,,,,,,,,,,,,,,,,,,,,,,,,,,,,"no_breakout,rsi_out_of_zone"
2026-03-15T14:25:28.539912+00:00,XAUUSD.s,anaconda,24480388,H4,OUTSIDE_HOURS,OUTSIDE_HOURS,NONE,0,53.6489500455061,0,,,,,,,,,,,,,,,,0.36,0.36,5045.93,5063.76,5009.64,5018.66,,,,,,,,,,,,,,,,,,,,,,,,,,,,,,,"price_mixed_ema,no_breakout,rsi_out_of_zone"
2026-03-15T14:25:28.540511+00:00,USOUSD.s,anaconda,24480388,H4,OUTSIDE_HOURS,OUTSIDE_HOURS,NONE,0,4.581190723830551,0,,,,,,,,,,,,,,,,0.079,0.079,96.86,99.285,96.34,99.26,,,,,,,,,,,,,,,,,,,,,,,,,,,,,,,no_breakout
2026-03-15T14:30:29.058677+00:00,BTCUSD,anaconda,24480388,H4,HOLD,HOLD,NONE,0,874.7750525127861,0,,,,,,,,,,,,,,,,16.95,16.95,71603.02,71674.98,71253.19,71419.74,70199.99091503068,70534.09465987416,334.10374484347994,55.96257373409099,73893.83,69199.78,4,,,,,,,,,,,,,,,,,,,,,,,,no_breakout
2026-03-15T14:35:29.546373+00:00,BTCUSD,anaconda,24480388,H4,HOLD,HOLD,NONE,0,874.7750525127861,0,,,,,,,,,,,,,,,,17.11,17.11,71603.02,71674.98,71253.19,71352.12,70199.99091503068,70534.09465987416,334.10374484347994,54.903427847271224,73893.83,69199.78,4,,,,,,,,,,,,,,,,,,,,,,,,no_breakout
2026-03-15T14:40:30.398410+00:00,BTCUSD,anaconda,24480388,H4,HOLD,HOLD,NONE,0,874.7750525127861,0,,,,,,,,,,,,,,,,17.0,17.0,71603.02,71674.98,71253.19,71386.21,70199.99091503068,70534.09465987416,334.10374484347994,55.43232721904342,73893.83,69199.78,4,,,,,,,,,,,,,,,,,,,,,,,,no_breakout
2026-03-15T14:45:30.940388+00:00,BTCUSD,anaconda,24480388,H4,HOLD,HOLD,NONE,0,874.7750525127861,0,,,,,,,,,,,,,,,,17.05,17.05,71603.02,71674.98,71253.19,71456.23,70199.99091503068,70534.09465987416,334.10374484347994,56.55127835883025,73893.83,69199.78,4,,,,,,,,,,,,,,,,,,,,,,,,no_breakout
2026-03-15T14:50:31.421530+00:00,BTCUSD,anaconda,24480388,H4,HOLD,HOLD,NONE,0,874.7750525127861,0,,,,,,,,,,,,,,,,17.07,17.07,71603.02,71674.98,71253.19,71506.77,70199.99091503068,70534.09465987416,334.10374484347994,57.38741607296942,73893.83,69199.78,4,,,,,,,,,,,,,,,,,,,,,,,,no_breakout
2026-03-15T14:55:31.903097+00:00,BTCUSD,anaconda,24480388,H4,HOLD,HOLD,NONE,0,874.7750525127861,0,,,,,,,,,,,,,,,,17.06,17.06,71603.02,71674.98,71253.19,71528.63,70199.99091503068,70534.09465987416,334.10374484347994,57.756778972878756,73893.83,69199.78,4,,,,,,,,,,,,,,,,,,,,,,,,no_breakout
2026-03-15T15:00:32.393798+00:00,BTCUSD,anaconda,24480388,H4,HOLD,HOLD,NONE,0,874.7750525127861,0,,,,,,,,,,,,,,,,17.02,17.02,71603.02,71674.98,71253.19,71582.7,70199.99091503068,70534.09465987416,334.10374484347994,58.691141404402984,73893.83,69199.78,4,,,,,,,,,,,,,,,,,,,,,,,,no_breakout
2026-03-15T15:05:32.901255+00:00,BTCUSD,anaconda,24480388,H4,HOLD,HOLD,NONE,0,874.7750525127861,0,,,,,,,,,,,,,,,,17.03,17.03,71603.02,71674.98,71253.19,71561.08,70199.99091503068,70534.09465987416,334.10374484347994,58.31393067332241,73893.83,69199.78,4,,,,,,,,,,,,,,,,,,,,,,,,no_breakout
2026-03-15T15:10:33.398818+00:00,BTCUSD,anaconda,24480388,H4,HOLD,HOLD,NONE,0,874.7750525127861,0,,,,,,,,,,,,,,,,17.06,17.06,71603.02,71674.98,71253.19,71502.73,70199.99091503068,70534.09465987416,334.10374484347994,57.319669833371705,73893.83,69199.78,4,,,,,,,,,,,,,,,,,,,,,,,,no_breakout
2026-03-15T15:15:33.956590+00:00,BTCUSD,anaconda,24480388,H4,HOLD,HOLD,NONE,0,874.7750525127861,0,,,,,,,,,,,,,,,,17.05,17.05,71603.02,71674.98,71253.19,71556.32,70199.99091503068,70534.09465987416,334.10374484347994,58.23153185913835,73893.83,69199.78,4,,,,,,,,,,,,,,,,,,,,,,,,no_breakout
2026-03-15T15:15:33.957498+00:00,USDJPY.s,anaconda,24480388,H4,OUTSIDE_HOURS,OUTSIDE_HOURS,NONE,0,0.4242266027045175,0,,,,,,,,,,,,,,,,0.051,0.051,159.603,159.732,159.54,159.711,,,,,,,,,,,,,,,,,,,,,,,,,,,,,,,"no_breakout,rsi_out_of_zone"
2026-03-15T15:15:33.958404+00:00,EURUSD.s,anaconda,24480388,H4,OUTSIDE_HOURS,OUTSIDE_HOURS,NONE,0,0.003849534158922159,0,,,,,,,,,,,,,,,,0.00023,0.00023,1.14412,1.14453,1.1409799999999999,1.14143,,,,,,,,,,,,,,,,,,,,,,,,,,,,,,,"no_breakout,rsi_out_of_zone"
2026-03-15T15:15:33.958969+00:00,XAUUSD.s,anaconda,24480388,H4,OUTSIDE_HOURS,OUTSIDE_HOURS,NONE,0,53.6489500455061,0,,,,,,,,,,,,,,,,0.36,0.36,5045.93,5063.76,5009.64,5018.66,,,,,,,,,,,,,,,,,,,,,,,,,,,,,,,"price_mixed_ema,no_breakout,rsi_out_of_zone"
2026-03-15T15:15:33.959590+00:00,USOUSD.s,anaconda,24480388,H4,OUTSIDE_HOURS,OUTSIDE_HOURS,NONE,0,4.581190723830551,0,,,,,,,,,,,,,,,,0.079,0.079,96.86,99.285,96.34,99.26,,,,,,,,,,,,,,,,,,,,,,,,,,,,,,,no_breakout
2026-03-15T15:20:35.021431+00:00,BTCUSD,anaconda,24480388,H4,HOLD,HOLD,NONE,0,874.7750525127861,0,,,,,,,,,,,,,,,,16.96,16.96,71603.02,71674.98,71253.19,71507.39,70199.99091503068,70534.09465987416,334.10374484347994,57.397826949322955,73893.83,69199.78,4,,,,,,,,,,,,,,,,,,,,,,,,no_breakout
2026-03-15T15:25:35.537537+00:00,BTCUSD,anaconda,24480388,H4,HOLD,HOLD,NONE,0,874.7750525127861,0,,,,,,,,,,,,,,,,16.94,16.94,71603.02,71674.98,71253.19,71588.59,70199.99091503068,70534.09465987416,334.10374484347994,58.79475336725437,73893.83,69199.78,4,,,,,,,,,,,,,,,,,,,,,,,,no_breakout
2026-03-15T15:30:36.085822+00:00,BTCUSD,anaconda,24480388,H4,HOLD,HOLD,NONE,0,874.7750525127861,0,,,,,,,,,,,,,,,,16.95,16.95,71603.02,71674.98,71253.19,71423.8,70199.99091503068,70534.09465987416,334.10374484347994,56.02746827873814,73893.83,69199.78,4,,,,,,,,,,,,,,,,,,,,,,,,no_breakout
2026-03-15T15:35:36.571459+00:00,BTCUSD,anaconda,24480388,H4,HOLD,HOLD,NONE,0,874.7750525127861,0,,,,,,,,,,,,,,,,17.12,17.12,71603.02,71674.98,71253.19,71515.64,70199.99091503068,70534.09465987416,334.10374484347994,57.53671918584251,73893.83,69199.78,4,,,,,,,,,,,,,,,,,,,,,,,,no_breakout
2026-03-15T15:40:37.042119+00:00,BTCUSD,anaconda,24480388,H4,HOLD,HOLD,NONE,0,874.7750525127861,0,,,,,,,,,,,,,,,,17.02,17.02,71603.02,71674.98,71253.19,71469.13,70199.99091503068,70534.09465987416,334.10374484347994,56.76237248754369,73893.83,69199.78,4,,,,,,,,,,,,,,,,,,,,,,,,no_breakout
2026-03-15T15:45:37.603198+00:00,BTCUSD,anaconda,24480388,H4,HOLD,HOLD,NONE,0,874.7750525127861,0,,,,,,,,,,,,,,,,17.06,17.06,71603.02,71674.98,71253.19,71479.36,70199.99091503068,70534.09465987416,334.10374484347994,56.93089878954667,73893.83,69199.78,4,,,,,,,,,,,,,,,,,,,,,,,,no_breakout
2026-03-15T15:50:38.136589+00:00,BTCUSD,anaconda,24480388,H4,HOLD,HOLD,NONE,0,874.7750525127861,0,,,,,,,,,,,,,,,,17.07,17.07,71603.02,71674.98,71253.19,71505.84,70199.99091503068,70534.09465987416,334.10374484347994,57.3718068377704,73893.83,69199.78,4,,,,,,,,,,,,,,,,,,,,,,,,no_breakout
2026-03-15T15:55:38.626269+00:00,BTCUSD,anaconda,24480388,H4,HOLD,HOLD,NONE,0,874.7750525127861,0,,,,,,,,,,,,,,,,17.01,17.01,71603.02,71674.98,71253.19,71487.53,70199.99091503068,70534.09465987416,334.10374484347994,57.06620963326951,73893.83,69199.78,4,,,,,,,,,,,,,,,,,,,,,,,,no_breakout
2026-03-15T16:00:39.244902+00:00,BTCUSD,anaconda,24480388,H4,HOLD,HOLD,NONE,0,874.7750525127861,0,,,,,,,,,,,,,,,,16.98,16.98,71603.02,71674.98,71253.19,71447.48,70199.99091503068,70534.09465987416,334.10374484347994,56.4089857804763,73893.83,69199.78,4,,,,,,,,,,,,,,,,,,,,,,,,no_breakout
2026-03-15T16:05:39.728295+00:00,BTCUSD,anaconda,24480388,H4,HOLD,HOLD,NONE,0,874.7750525127861,0,,,,,,,,,,,,,,,,17.11,17.11,71603.02,71674.98,71253.19,71558.56,70199.99091503068,70534.09465987416,334.10374484347994,58.27027874529772,73893.83,69199.78,4,,,,,,,,,,,,,,,,,,,,,,,,no_breakout
2026-03-15T16:05:39.729067+00:00,USDJPY.s,anaconda,24480388,H4,OUTSIDE_HOURS,OUTSIDE_HOURS,NONE,0,0.4242266027045175,0,,,,,,,,,,,,,,,,0.051,0.051,159.603,159.732,159.54,159.711,,,,,,,,,,,,,,,,,,,,,,,,,,,,,,,"no_breakout,rsi_out_of_zone"
2026-03-15T16:05:39.729758+00:00,EURUSD.s,anaconda,24480388,H4,OUTSIDE_HOURS,OUTSIDE_HOURS,NONE,0,0.003849534158922159,0,,,,,,,,,,,,,,,,0.00023,0.00023,1.14412,1.14453,1.1409799999999999,1.14143,,,,,,,,,,,,,,,,,,,,,,,,,,,,,,,"no_breakout,rsi_out_of_zone"
2026-03-15T16:05:39.730460+00:00,XAUUSD.s,anaconda,24480388,H4,OUTSIDE_HOURS,OUTSIDE_HOURS,NONE,0,53.6489500455061,0,,,,,,,,,,,,,,,,0.36,0.36,5045.93,5063.76,5009.64,5018.66,,,,,,,,,,,,,,,,,,,,,,,,,,,,,,,"price_mixed_ema,no_breakout,rsi_out_of_zone"
2026-03-15T16:05:39.731210+00:00,USOUSD.s,anaconda,24480388,H4,OUTSIDE_HOURS,OUTSIDE_HOURS,NONE,0,4.581190723830551,0,,,,,,,,,,,,,,,,0.079,0.079,96.86,99.285,96.34,99.26,,,,,,,,,,,,,,,,,,,,,,,,,,,,,,,no_breakout
2026-03-15T16:10:40.227907+00:00,BTCUSD,anaconda,24480388,H4,HOLD,HOLD,NONE,0,874.7750525127861,0,,,,,,,,,,,,,,,,16.95,16.95,71603.02,71674.98,71253.19,71546.85,70199.99091503068,70534.09465987416,334.10374484347994,58.06829030861075,73893.83,69199.78,4,,,,,,,,,,,,,,,,,,,,,,,,no_breakout
2026-03-15T16:15:40.729333+00:00,BTCUSD,anaconda,24480388,H4,HOLD,HOLD,NONE,0,874.7750525127861,0,,,,,,,,,,,,,,,,16.95,16.95,71603.02,71674.98,71253.19,71513.8,70199.99091503068,70534.09465987416,334.10374484347994,57.505683798708716,73893.83,69199.78,4,,,,,,,,,,,,,,,,,,,,,,,,no_breakout
2026-03-15T16:20:41.255530+00:00,BTCUSD,anaconda,24480388,H4,HOLD,HOLD,NONE,0,874.7750525127861,0,,,,,,,,,,,,,,,,17.0,17.0,71603.02,71674.98,71253.19,71414.03,70199.99091503068,70534.09465987416,334.10374484347994,55.87155976349526,73893.83,69199.78,4,,,,,,,,,,,,,,,,,,,,,,,,no_breakout
2026-03-15T16:25:41.839909+00:00,BTCUSD,anaconda,24480388,H4,HOLD,HOLD,NONE,0,874.7750525127861,0,,,,,,,,,,,,,,,,17.04,17.04,71603.02,71674.98,71253.19,71339.03,70199.99091503068,70534.09465987416,334.10374484347994,54.70301118842631,73893.83,69199.78,4,,,,,,,,,,,,,,,,,,,,,,,,no_breakout
2026-03-15T16:30:42.355069+00:00,BTCUSD,anaconda,24480388,H4,HOLD,HOLD,NONE,0,874.7750525127861,0,,,,,,,,,,,,,,,,16.98,16.98,71603.02,71674.98,71253.19,71344.75,70199.99091503068,70534.09465987416,334.10374484347994,54.79040793658863,73893.83,69199.78,4,,,,,,,,,,,,,,,,,,,,,,,,no_breakout
2026-03-15T16:35:42.902821+00:00,BTCUSD,anaconda,24480388,H4,HOLD,HOLD,NONE,0,874.7750525127861,0,,,,,,,,,,,,,,,,17.04,17.04,71603.02,71674.98,71253.19,71367.72,70199.99091503068,70534.09465987416,334.10374484347994,55.144200624281986,73893.83,69199.78,4,,,,,,,,,,,,,,,,,,,,,,,,no_breakout
2026-03-15T16:40:43.396177+00:00,BTCUSD,anaconda,24480388,H4,HOLD,HOLD,NONE,0,874.7750525127861,0,,,,,,,,,,,,,,,,16.95,16.95,71603.02,71674.98,71253.19,71465.78,70199.99091503068,70534.09465987416,334.10374484347994,56.7074021281853,73893.83,69199.78,4,,,,,,,,,,,,,,,,,,,,,,,,no_breakout
2026-03-15T16:45:43.878662+00:00,BTCUSD,anaconda,24480388,H4,HOLD,HOLD,NONE,0,874.7750525127861,0,,,,,,,,,,,,,,,,17.06,17.06,71603.02,71674.98,71253.19,71447.32,70199.99091503068,70534.09465987416,334.10374484347994,56.40639052532555,73893.83,69199.78,4,,,,,,,,,,,,,,,,,,,,,,,,no_breakout
2026-03-15T16:50:44.362973+00:00,BTCUSD,anaconda,24480388,H4,HOLD,HOLD,NONE,0,874.7750525127861,0,,,,,,,,,,,,,,,,16.97,16.97,71603.02,71674.98,71253.19,71362.35,70199.99091503068,70534.09465987416,334.10374484347994,55.06108123483236,73893.83,69199.78,4,,,,,,,,,,,,,,,,,,,,,,,,no_breakout
2026-03-15T16:55:44.874367+00:00,BTCUSD,anaconda,24480388,H4,HOLD,HOLD,NONE,0,874.7750525127861,0,,,,,,,,,,,,,,,,17.07,17.07,71603.02,71674.98,71253.19,71435.03,70199.99091503068,70534.09465987416,334.10374484347994,56.207753638726615,73893.83,69199.78,4,,,,,,,,,,,,,,,,,,,,,,,,no_breakout
2026-03-15T16:55:44.875398+00:00,USDJPY.s,anaconda,24480388,H4,OUTSIDE_HOURS,OUTSIDE_HOURS,NONE,0,0.4242266027045175,0,,,,,,,,,,,,,,,,0.051,0.051,159.603,159.732,159.54,159.711,,,,,,,,,,,,,,,,,,,,,,,,,,,,,,,"no_breakout,rsi_out_of_zone"
2026-03-15T16:55:44.876188+00:00,EURUSD.s,anaconda,24480388,H4,OUTSIDE_HOURS,OUTSIDE_HOURS,NONE,0,0.003849534158922159,0,,,,,,,,,,,,,,,,0.00023,0.00023,1.14412,1.14453,1.1409799999999999,1.14143,,,,,,,,,,,,,,,,,,,,,,,,,,,,,,,"no_breakout,rsi_out_of_zone"
2026-03-15T16:55:44.877005+00:00,XAUUSD.s,anaconda,24480388,H4,OUTSIDE_HOURS,OUTSIDE_HOURS,NONE,0,53.6489500455061,0,,,,,,,,,,,,,,,,0.36,0.36,5045.93,5063.76,5009.64,5018.66,,,,,,,,,,,,,,,,,,,,,,,,,,,,,,,"price_mixed_ema,no_breakout,rsi_out_of_zone"
2026-03-15T16:55:44.877665+00:00,USOUSD.s,anaconda,24480388,H4,OUTSIDE_HOURS,OUTSIDE_HOURS,NONE,0,4.581190723830551,0,,,,,,,,,,,,,,,,0.079,0.079,96.86,99.285,96.34,99.26,,,,,,,,,,,,,,,,,,,,,,,,,,,,,,,no_breakout
2026-03-15T17:00:45.361491+00:00,BTCUSD,anaconda,24480388,H4,HOLD,HOLD,NONE,0,814.3254059188519,0,,,,,,,,,,,,,,,,17.06,17.06,71427.72,71430.2,71401.72,71409.83,70248.13725113957,70553.01975803448,304.88250689490815,55.773316803591214,73893.83,69199.78,4,,,,,,,,,,,,,,,,,,,,,,,,no_breakout
2026-03-15T17:05:45.818989+00:00,BTCUSD,anaconda,24480388,H4,HOLD,HOLD,NONE,0,818.4054059188516,0,,,,,,,,,,,,,,,,17.12,17.12,71427.72,71486.7,71401.1,71478.02,70248.13725113957,70553.01975803448,304.88250689490815,56.78086598930625,73893.83,69199.78,4,,,,,,,,,,,,,,,,,,,,,,,,no_breakout
2026-03-15T17:10:57.773472+00:00,BTCUSD,anaconda,24480388,H4,HOLD,HOLD,NONE,0,819.8032630617092,0,,,,,,,,,,,,,,,,17.05,17.05,71427.72,71506.27,71401.1,71468.59,70248.13725113957,70553.01975803448,304.88250689490815,56.65304400006272,73893.83,69199.78,4,,,,,,,,,,,,,,,,,,,,,,,,no_breakout
2026-03-15T17:15:58.254033+00:00,BTCUSD,anaconda,24480388,H4,HOLD,HOLD,NONE,0,819.8032630617092,0,,,,,,,,,,,,,,,,17.07,17.07,71427.72,71506.27,71401.1,71448.56,70248.13725113957,70553.01975803448,304.88250689490815,56.3790164539897,73893.83,69199.78,4,,,,,,,,,,,,,,,,,,,,,,,,no_breakout
2026-03-15T17:20:58.757943+00:00,BTCUSD,anaconda,24480388,H4,HOLD,HOLD,NONE,0,821.4418344902808,0,,,,,,,,,,,,,,,,16.96,16.96,71427.72,71529.21,71401.1,71519.17,70248.13725113957,70553.01975803448,304.88250689490815,57.32993685406244,73893.83,69199.78,4,,,,,,,,,,,,,,,,,,,,,,,,no_breakout
2026-03-15T17:25:59.320312+00:00,BTCUSD,anaconda,24480388,H4,HOLD,HOLD,NONE,0,821.4418344902808,0,,,,,,,,,,,,,,,,17.11,17.11,71427.72,71529.21,71401.1,71513.23,70248.13725113957,70553.01975803448,304.88250689490815,57.25154166688911,73893.83,69199.78,4,,,,,,,,,,,,,,,,,,,,,,,,no_breakout
2026-03-15T17:30:59.782264+00:00,BTCUSD,anaconda,24480388,H4,HOLD,HOLD,NONE,0,821.5575487759947,0,,,,,,,,,,,,,,,,17.04,17.04,71427.72,71530.83,71401.1,71523.44,70248.13725113957,70553.01975803448,304.88250689490815,57.3861142380586,73893.83,69199.78,4,,,,,,,,,,,,,,,,,,,,,,,,no_breakout
2026-03-15T17:36:00.430849+00:00,BTCUSD,anaconda,24480388,H4,HOLD,HOLD,NONE,0,821.8611202045662,0,,,,,,,,,,,,,,,,17.02,17.02,71427.72,71535.08,71401.1,71502.23,70248.13725113957,70553.01975803448,304.88250689490815,57.10560214078894,73893.83,69199.78,4,,,,,,,,,,,,,,,,,,,,,,,,no_breakout
2026-03-15T17:41:00.912956+00:00,BTCUSD,anaconda,24480388,H4,HOLD,HOLD,NONE,0,821.8611202045662,0,,,,,,,,,,,,,,,,17.05,17.05,71427.72,71535.08,71401.1,71518.81,70248.13725113957,70553.01975803448,304.88250689490815,57.32519381657263,73893.83,69199.78,4,,,,,,,,,,,,,,,,,,,,,,,,no_breakout
2026-03-15T17:46:02.010322+00:00,BTCUSD,anaconda,24480388,H4,HOLD,HOLD,NONE,0,825.4618344902807,0,,,,,,,,,,,,,,,,17.1,17.1,71427.72,71585.49,71401.1,71515.33,70248.13725113957,70553.01975803448,304.88250689490815,57.27929003371232,73893.83,69199.78,4,,,,,,,,,,,,,,,,,,,,,,,,no_breakout
2026-03-15T17:46:02.011249+00:00,USDJPY.s,anaconda,24480388,H4,OUTSIDE_HOURS,OUTSIDE_HOURS,NONE,0,0.4242266027045175,0,,,,,,,,,,,,,,,,0.051,0.051,159.603,159.732,159.54,159.711,,,,,,,,,,,,,,,,,,,,,,,,,,,,,,,"no_breakout,rsi_out_of_zone"
2026-03-15T17:46:02.012056+00:00,EURUSD.s,anaconda,24480388,H4,OUTSIDE_HOURS,OUTSIDE_HOURS,NONE,0,0.003849534158922159,0,,,,,,,,,,,,,,,,0.00023,0.00023,1.14412,1.14453,1.1409799999999999,1.14143,,,,,,,,,,,,,,,,,,,,,,,,,,,,,,,"no_breakout,rsi_out_of_zone"
2026-03-15T17:46:02.012762+00:00,XAUUSD.s,anaconda,24480388,H4,OUTSIDE_HOURS,OUTSIDE_HOURS,NONE,0,53.6489500455061,0,,,,,,,,,,,,,,,,0.36,0.36,5045.93,5063.76,5009.64,5018.66,,,,,,,,,,,,,,,,,,,,,,,,,,,,,,,"price_mixed_ema,no_breakout,rsi_out_of_zone"
2026-03-15T17:46:02.013460+00:00,USOUSD.s,anaconda,24480388,H4,OUTSIDE_HOURS,OUTSIDE_HOURS,NONE,0,4.581190723830551,0,,,,,,,,,,,,,,,,0.079,0.079,96.86,99.285,96.34,99.26,,,,,,,,,,,,,,,,,,,,,,,,,,,,,,,no_breakout
2026-03-15T17:51:02.560033+00:00,BTCUSD,anaconda,24480388,H4,HOLD,HOLD,NONE,0,825.4618344902807,0,,,,,,,,,,,,,,,,17.09,17.09,71427.72,71585.49,71401.1,71533.46,70248.13725113957,70553.01975803448,304.88250689490815,57.517361289865114,73893.83,69199.78,4,,,,,,,,,,,,,,,,,,,,,,,,no_breakout
2026-03-15T17:56:03.101487+00:00,BTCUSD,anaconda,24480388,H4,HOLD,HOLD,NONE,0,853.9939773474234,0,,,,,,,,,,,,,,,,16.97,16.97,71427.72,71984.94,71401.1,71806.51,70248.13725113957,70553.01975803448,304.88250689490815,60.806812602362676,73893.83,69199.78,4,,,,,,,,,,,,,,,,,,,,,,,,no_breakout
2026-03-15T18:01:03.672245+00:00,BTCUSD,anaconda,24480388,H4,HOLD,HOLD,NONE,0,853.9939773474234,0,,,,,,,,,,,,,,,,17.03,17.03,71427.72,71984.94,71401.1,71778.9,70248.13725113957,70553.01975803448,304.88250689490815,60.49752643596761,73893.83,69199.78,4,,,,,,,,,,,,,,,,,,,,,,,,no_breakout
2026-03-15T18:06:04.167480+00:00,BTCUSD,anaconda,24480388,H4,HOLD,HOLD,NONE,0,853.9939773474234,0,,,,,,,,,,,,,,,,17.03,17.03,71427.72,71984.94,71401.1,71789.64,70248.13725113957,70553.01975803448,304.88250689490815,60.61841382300922,73893.83,69199.78,4,,,,,,,,,,,,,,,,,,,,,,,,no_breakout
2026-03-15T18:11:07.795561+00:00,BTCUSD,anaconda,24480388,H4,HOLD,HOLD,NONE,0,853.9939773474234,0,,,,,,,,,,,,,,,,17.02,17.02,71427.72,71984.94,71401.1,71748.42,70248.13725113957,70553.01975803448,304.88250689490815,60.15037198387318,73893.83,69199.78,4,,,,,,,,,,,,,,,,,,,,,,,,no_breakout
2026-03-15T18:16:08.309374+00:00,BTCUSD,anaconda,24480388,H4,HOLD,HOLD,NONE,0,853.9939773474234,0,,,,,,,,,,,,,,,,17.11,17.11,71427.72,71984.94,71401.1,71719.54,70248.13725113957,70553.01975803448,304.88250689490815,59.815763929344364,73893.83,69199.78,4,,,,,,,,,,,,,,,,,,,,,,,,no_breakout
2026-03-15T18:21:08.882153+00:00,BTCUSD,anaconda,24480388,H4,HOLD,HOLD,NONE,0,853.9939773474234,0,,,,,,,,,,,,,,,,16.99,16.99,71427.72,71984.94,71401.1,71716.43,70248.13725113957,70553.01975803448,304.88250689490815,59.77939555302127,73893.83,69199.78,4,,,,,,,,,,,,,,,,,,,,,,,,no_breakout
2026-03-15T18:26:09.368111+00:00,BTCUSD,anaconda,24480388,H4,HOLD,HOLD,NONE,0,853.9939773474234,0,,,,,,,,,,,,,,,,17.06,17.06,71427.72,71984.94,71401.1,71707.32,70248.13725113957,70553.01975803448,304.88250689490815,59.67248325516159,73893.83,69199.78,4,,,,,,,,,,,,,,,,,,,,,,,,no_breakout
2026-03-15T18:31:09.898171+00:00,BTCUSD,anaconda,24480388,H4,HOLD,HOLD,NONE,0,853.9939773474234,0,,,,,,,,,,,,,,,,16.95,16.95,71427.72,71984.94,71401.1,71803.68,70248.13725113957,70553.01975803448,304.88250689490815,60.775333996669154,73893.83,69199.78,4,,,,,,,,,,,,,,,,,,,,,,,,no_breakout
2026-03-15T18:36:10.470068+00:00,BTCUSD,anaconda,24480388,H4,HOLD,HOLD,NONE,0,853.9939773474234,0,,,,,,,,,,,,,,,,17.12,17.12,71427.72,71984.94,71401.1,71736.06,70248.13725113957,70553.01975803448,304.88250689490815,60.00785169613753,73893.83,69199.78,4,,,,,,,,,,,,,,,,,,,,,,,,no_breakout
2026-03-15T18:36:10.471209+00:00,USDJPY.s,anaconda,24480388,H4,OUTSIDE_HOURS,OUTSIDE_HOURS,NONE,0,0.4242266027045175,0,,,,,,,,,,,,,,,,0.051,0.051,159.603,159.732,159.54,159.711,,,,,,,,,,,,,,,,,,,,,,,,,,,,,,,"no_breakout,rsi_out_of_zone"
2026-03-15T18:36:10.471919+00:00,EURUSD.s,anaconda,24480388,H4,OUTSIDE_HOURS,OUTSIDE_HOURS,NONE,0,0.003849534158922159,0,,,,,,,,,,,,,,,,0.00023,0.00023,1.14412,1.14453,1.1409799999999999,1.14143,,,,,,,,,,,,,,,,,,,,,,,,,,,,,,,"no_breakout,rsi_out_of_zone"
2026-03-15T18:36:10.472547+00:00,XAUUSD.s,anaconda,24480388,H4,OUTSIDE_HOURS,OUTSIDE_HOURS,NONE,0,53.6489500455061,0,,,,,,,,,,,,,,,,0.36,0.36,5045.93,5063.76,5009.64,5018.66,,,,,,,,,,,,,,,,,,,,,,,,,,,,,,,"price_mixed_ema,no_breakout,rsi_out_of_zone"
2026-03-15T18:36:10.473283+00:00,USOUSD.s,anaconda,24480388,H4,OUTSIDE_HOURS,OUTSIDE_HOURS,NONE,0,4.581190723830551,0,,,,,,,,,,,,,,,,0.079,0.079,96.86,99.285,96.34,99.26,,,,,,,,,,,,,,,,,,,,,,,,,,,,,,,no_breakout
2026-03-15T18:41:11.157588+00:00,BTCUSD,anaconda,24480388,H4,HOLD,HOLD,NONE,0,853.9939773474234,0,,,,,,,,,,,,,,,,17.04,17.04,71427.72,71984.94,71401.1,71712.2,70248.13725113957,70553.01975803448,304.88250689490815,59.72982409408644,73893.83,69199.78,4,,,,,,,,,,,,,,,,,,,,,,,,no_breakout
2026-03-15T18:46:11.641206+00:00,BTCUSD,anaconda,24480388,H4,HOLD,HOLD,NONE,0,853.9939773474234,0,,,,,,,,,,,,,,,,17.07,17.07,71427.72,71984.94,71401.1,71679.49,70248.13725113957,70553.01975803448,304.88250689490815,59.342329384361605,73893.83,69199.78,4,,,,,,,,,,,,,,,,,,,,,,,,no_breakout
2026-03-15T18:51:12.114018+00:00,BTCUSD,anaconda,24480388,H4,HOLD,HOLD,NONE,0,853.9939773474234,0,,,,,,,,,,,,,,,,16.99,16.99,71427.72,71984.94,71401.1,71465.45,70248.13725113957,70553.01975803448,304.88250689490815,56.610313893579004,73893.83,69199.78,4,,,,,,,,,,,,,,,,,,,,,,,,no_breakout
2026-03-15T18:56:12.643332+00:00,BTCUSD,anaconda,24480388,H4,HOLD,HOLD,NONE,0,860.4754059188523,0,,,,,,,,,,,,,,,,16.95,16.95,71427.72,71984.94,71310.36,71363.87,70248.13725113957,70553.01975803448,304.88250689490815,54.975113364726916,73893.83,69199.78,4,,,,,,,,,,,,,,,,,,,,,,,,no_breakout
2026-03-15T19:01:13.193906+00:00,BTCUSD,anaconda,24480388,H4,HOLD,HOLD,NONE,0,860.4754059188523,0,,,,,,,,,,,,,,,,17.05,17.05,71427.72,71984.94,71310.36,71440.57,70248.13725113957,70553.01975803448,304.88250689490815,56.268737290248154,73893.83,69199.78,4,,,,,,,,,,,,,,,,,,,,,,,,no_breakout
2026-03-15T19:06:13.690589+00:00,BTCUSD,anaconda,24480388,H4,HOLD,HOLD,NONE,0,860.4754059188523,0,,,,,,,,,,,,,,,,17.07,17.07,71427.72,71984.94,71310.36,71431.54,70248.13725113957,70553.01975803448,304.88250689490815,56.14343077961117,73893.83,69199.78,4,,,,,,,,,,,,,,,,,,,,,,,,no_breakout
2026-03-15T19:11:14.181619+00:00,BTCUSD,anaconda,24480388,H4,HOLD,HOLD,NONE,0,860.4754059188523,0,,,,,,,,,,,,,,,,17.0,17.0,71427.72,71984.94,71310.36,71391.46,70248.13725113957,70553.01975803448,304.88250689490815,55.45151386589877,73893.83,69199.78,4,,,,,,,,,,,,,,,,,,,,,,,,no_breakout
2026-03-15T19:16:14.659705+00:00,BTCUSD,anaconda,24480388,H4,HOLD,HOLD,NONE,0,860.4754059188523,0,,,,,,,,,,,,,,,,16.98,16.98,71427.72,71984.94,71310.36,71453.21,70248.13725113957,70553.01975803448,304.88250689490815,56.44294078190522,73893.83,69199.78,4,,,,,,,,,,,,,,,,,,,,,,,,no_breakout
2026-03-15T19:21:15.142374+00:00,BTCUSD,anaconda,24480388,H4,HOLD,HOLD,NONE,0,860.4754059188523,0,,,,,,,,,,,,,,,,17.01,17.01,71427.72,71984.94,71310.36,71476.68,70248.13725113957,70553.01975803448,304.88250689490815,56.762748494239354,73893.83,69199.78,4,,,,,,,,,,,,,,,,,,,,,,,,no_breakout
2026-03-15T19:26:15.838491+00:00,BTCUSD,anaconda,24480388,H4,HOLD,HOLD,NONE,0,860.4754059188523,0,,,,,,,,,,,,,,,,17.06,17.06,71427.72,71984.94,71310.36,71503.32,70248.13725113957,70553.01975803448,304.88250689490815,57.12010788354312,73893.83,69199.78,4,,,,,,,,,,,,,,,,,,,,,,,,no_breakout
2026-03-15T19:26:15.839371+00:00,USDJPY.s,anaconda,24480388,H4,OUTSIDE_HOURS,OUTSIDE_HOURS,NONE,0,0.4242266027045175,0,,,,,,,,,,,,,,,,0.051,0.051,159.603,159.732,159.54,159.711,,,,,,,,,,,,,,,,,,,,,,,,,,,,,,,"no_breakout,rsi_out_of_zone"
2026-03-15T19:26:15.840053+00:00,EURUSD.s,anaconda,24480388,H4,OUTSIDE_HOURS,OUTSIDE_HOURS,NONE,0,0.003849534158922159,0,,,,,,,,,,,,,,,,0.00023,0.00023,1.14412,1.14453,1.1409799999999999,1.14143,,,,,,,,,,,,,,,,,,,,,,,,,,,,,,,"no_breakout,rsi_out_of_zone"
2026-03-15T19:26:15.840702+00:00,XAUUSD.s,anaconda,24480388,H4,OUTSIDE_HOURS,OUTSIDE_HOURS,NONE,0,53.6489500455061,0,,,,,,,,,,,,,,,,0.36,0.36,5045.93,5063.76,5009.64,5018.66,,,,,,,,,,,,,,,,,,,,,,,,,,,,,,,"price_mixed_ema,no_breakout,rsi_out_of_zone"
2026-03-15T19:26:15.841274+00:00,USOUSD.s,anaconda,24480388,H4,OUTSIDE_HOURS,OUTSIDE_HOURS,NONE,0,4.581190723830551,0,,,,,,,,,,,,,,,,0.079,0.079,96.86,99.285,96.34,99.26,,,,,,,,,,,,,,,,,,,,,,,,,,,,,,,no_breakout
2026-03-15T19:31:16.495361+00:00,BTCUSD,anaconda,24480388,H4,HOLD,HOLD,NONE,0,860.4754059188523,0,,,,,,,,,,,,,,,,17.11,17.11,71427.72,71984.94,71310.36,71510.36,70248.13725113957,70553.01975803448,304.88250689490815,57.213560551461214,73893.83,69199.78,4,,,,,,,,,,,,,,,,,,,,,,,,no_breakout
2026-03-15T19:36:17.072377+00:00,BTCUSD,anaconda,24480388,H4,HOLD,HOLD,NONE,0,860.4754059188523,0,,,,,,,,,,,,,,,,16.95,16.95,71427.72,71984.94,71310.36,71513.65,70248.13725113957,70553.01975803448,304.88250689490815,57.25709422362097,73893.83,69199.78,4,,,,,,,,,,,,,,,,,,,,,,,,no_breakout
2026-03-15T19:41:27.395383+00:00,BTCUSD,anaconda,24480388,H4,HOLD,HOLD,NONE,0,860.4754059188523,0,,,,,,,,,,,,,,,,16.96,16.96,71427.72,71984.94,71310.36,71488.03,70248.13725113957,70553.01975803448,304.88250689490815,56.91572752959797,73893.83,69199.78,4,,,,,,,,,,,,,,,,,,,,,,,,no_breakout
2026-03-15T19:46:27.886170+00:00,BTCUSD,anaconda,24480388,H4,HOLD,HOLD,NONE,0,860.4754059188523,0,,,,,,,,,,,,,,,,16.97,16.97,71427.72,71984.94,71310.36,71454.84,70248.13725113957,70553.01975803448,304.88250689490815,56.465304338935596,73893.83,69199.78,4,,,,,,,,,,,,,,,,,,,,,,,,no_breakout
2026-03-15T19:51:28.587241+00:00,BTCUSD,anaconda,24480388,H4,HOLD,HOLD,NONE,0,860.4754059188523,0,,,,,,,,,,,,,,,,17.12,17.12,71427.72,71984.94,71310.36,71502.09,70248.13725113957,70553.01975803448,304.88250689490815,57.1037383066115,73893.83,69199.78,4,,,,,,,,,,,,,,,,,,,,,,,,no_breakout
2026-03-15T19:56:29.135123+00:00,BTCUSD,anaconda,24480388,H4,HOLD,HOLD,NONE,0,860.4754059188523,0,,,,,,,,,,,,,,,,16.95,16.95,71427.72,71984.94,71310.36,71504.84,70248.13725113957,70553.01975803448,304.88250689490815,57.140319703123566,73893.83,69199.78,4,,,,,,,,,,,,,,,,,,,,,,,,no_breakout
2026-03-15T20:01:29.626215+00:00,BTCUSD,anaconda,24480388,H4,HOLD,HOLD,NONE,0,860.4754059188523,0,,,,,,,,,,,,,,,,16.95,16.95,71427.72,71984.94,71310.36,71527.38,70248.13725113957,70553.01975803448,304.88250689490815,57.43781898861179,73893.83,69199.78,4,,,,,,,,,,,,,,,,,,,,,,,,no_breakout
2026-03-15T20:06:30.121758+00:00,BTCUSD,anaconda,24480388,H4,HOLD,HOLD,NONE,0,860.4754059188523,0,,,,,,,,,,,,,,,,17.06,17.06,71427.72,71984.94,71310.36,71528.9,70248.13725113957,70553.01975803448,304.88250689490815,57.457732475404036,73893.83,69199.78,4,,,,,,,,,,,,,,,,,,,,,,,,no_breakout
2026-03-15T20:11:30.777426+00:00,BTCUSD,anaconda,24480388,H4,HOLD,HOLD,NONE,0,860.4754059188523,0,,,,,,,,,,,,,,,,17.08,17.08,71427.72,71984.94,71310.36,71526.23,70248.13725113957,70553.01975803448,304.88250689490815,57.42274047149794,73893.83,69199.78,4,,,,,,,,,,,,,,,,,,,,,,,,no_breakout
2026-03-15T20:16:31.266896+00:00,BTCUSD,anaconda,24480388,H4,HOLD,HOLD,NONE,0,860.4754059188523,0,,,,,,,,,,,,,,,,16.98,16.98,71427.72,71984.94,71310.36,71560.67,70248.13725113957,70553.01975803448,304.88250689490815,57.869726898422776,73893.83,69199.78,4,,,,,,,,,,,,,,,,,,,,,,,,no_breakout
2026-03-15T20:16:31.267608+00:00,USDJPY.s,anaconda,24480388,H4,OUTSIDE_HOURS,OUTSIDE_HOURS,NONE,0,0.4242266027045175,0,,,,,,,,,,,,,,,,0.051,0.051,159.603,159.732,159.54,159.711,,,,,,,,,,,,,,,,,,,,,,,,,,,,,,,"no_breakout,rsi_out_of_zone"
2026-03-15T20:16:31.268259+00:00,EURUSD.s,anaconda,24480388,H4,OUTSIDE_HOURS,OUTSIDE_HOURS,NONE,0,0.003849534158922159,0,,,,,,,,,,,,,,,,0.00023,0.00023,1.14412,1.14453,1.1409799999999999,1.14143,,,,,,,,,,,,,,,,,,,,,,,,,,,,,,,"no_breakout,rsi_out_of_zone"
2026-03-15T20:16:31.269000+00:00,XAUUSD.s,anaconda,24480388,H4,OUTSIDE_HOURS,OUTSIDE_HOURS,NONE,0,53.6489500455061,0,,,,,,,,,,,,,,,,0.36,0.36,5045.93,5063.76,5009.64,5018.66,,,,,,,,,,,,,,,,,,,,,,,,,,,,,,,"price_mixed_ema,no_breakout,rsi_out_of_zone"
2026-03-15T20:16:31.269622+00:00,USOUSD.s,anaconda,24480388,H4,OUTSIDE_HOURS,OUTSIDE_HOURS,NONE,0,4.581190723830551,0,,,,,,,,,,,,,,,,0.079,0.079,96.86,99.285,96.34,99.26,,,,,,,,,,,,,,,,,,,,,,,,,,,,,,,no_breakout
2026-03-15T20:21:31.826078+00:00,BTCUSD,anaconda,24480388,H4,HOLD,HOLD,NONE,0,860.4754059188523,0,,,,,,,,,,,,,,,,17.09,17.09,71427.72,71984.94,71310.36,71505.91,70248.13725113957,70553.01975803448,304.88250689490815,57.154536336559026,73893.83,69199.78,4,,,,,,,,,,,,,,,,,,,,,,,,no_breakout
2026-03-15T20:26:32.436701+00:00,BTCUSD,anaconda,24480388,H4,HOLD,HOLD,NONE,0,860.4754059188523,0,,,,,,,,,,,,,,,,17.02,17.02,71427.72,71984.94,71310.36,71455.77,70248.13725113957,70553.01975803448,304.88250689490815,56.47805362848582,73893.83,69199.78,4,,,,,,,,,,,,,,,,,,,,,,,,no_breakout
2026-03-15T20:31:32.945750+00:00,BTCUSD,anaconda,24480388,H4,HOLD,HOLD,NONE,0,860.4754059188523,0,,,,,,,,,,,,,,,,17.05,17.05,71427.72,71984.94,71310.36,71681.44,70248.13725113957,70553.01975803448,304.88250689490815,59.36563871251027,73893.83,69199.78,4,,,,,,,,,,,,,,,,,,,,,,,,no_breakout
2026-03-15T20:36:33.445532+00:00,BTCUSD,anaconda,24480388,H4,HOLD,HOLD,NONE,0,860.4754059188523,0,,,,,,,,,,,,,,,,17.03,17.03,71427.72,71984.94,71310.36,71659.43,70248.13725113957,70553.01975803448,304.88250689490815,59.10098036783035,73893.83,69199.78,4,,,,,,,,,,,,,,,,,,,,,,,,no_breakout
2026-03-15T20:41:34.216885+00:00,BTCUSD,anaconda,24480388,H4,HOLD,HOLD,NONE,0,860.4754059188523,0,,,,,,,,,,,,,,,,17.0,17.0,71427.72,71984.94,71310.36,71834.1,70248.13725113957,70553.01975803448,304.88250689490815,61.11107441133158,73893.83,69199.78,4,,,,,,,,,,,,,,,,,,,,,,,,no_breakout
2026-03-15T20:46:34.851300+00:00,BTCUSD,anaconda,24480388,H4,HOLD,HOLD,NONE,0,860.4754059188523,0,,,,,,,,,,,,,,,,17.05,17.05,71427.72,71984.94,71310.36,71761.01,70248.13725113957,70553.01975803448,304.88250689490815,60.29450379483539,73893.83,69199.78,4,,,,,,,,,,,,,,,,,,,,,,,,no_breakout
2026-03-15T20:51:35.558125+00:00,BTCUSD,anaconda,24480388,H4,HOLD,HOLD,NONE,0,860.4754059188523,0,,,,,,,,,,,,,,,,16.99,16.99,71427.72,71984.94,71310.36,71757.28,70248.13725113957,70553.01975803448,304.88250689490815,60.25191111893438,73893.83,69199.78,4,,,,,,,,,,,,,,,,,,,,,,,,no_breakout
2026-03-15T20:56:36.110458+00:00,BTCUSD,anaconda,24480388,H4,HOLD,HOLD,NONE,0,860.4754059188523,0,,,,,,,,,,,,,,,,16.95,16.95,71427.72,71984.94,71310.36,71752.37,70248.13725113957,70553.01975803448,304.88250689490815,60.195704572784706,73893.83,69199.78,4,,,,,,,,,,,,,,,,,,,,,,,,no_breakout
2026-03-15T21:01:36.618852+00:00,BTCUSD,anaconda,24480388,H4,HOLD,HOLD,NONE,0,805.0343055128296,0,,,,,,,,,,,,,,,,17.01,17.01,71720.29,71744.2,71659.9,71693.76,70305.84196552007,70576.19958258925,270.3576170691813,59.32149776431248,73893.83,69199.78,4,,,,,,,,,,,,,,,,,,,,,,,,no_breakout
2026-03-15T21:06:37.304025+00:00,BTCUSD,anaconda,24480388,H4,HOLD,HOLD,NONE,0,805.0343055128296,0,,,,,,,,,,,,,,,,17.08,17.08,71720.29,71744.2,71659.9,71660.46,70305.84196552007,70576.19958258925,270.3576170691813,58.69530201241331,73893.83,69199.78,4,,,,,,,,,,,,,,,,,,,,,,,,no_breakout
2026-03-15T21:06:37.304706+00:00,USDJPY.s,anaconda,24480388,H4,OUTSIDE_HOURS,OUTSIDE_HOURS,NONE,0,0.4116389882269139,0,,,,,,,,,,,,,,,,0.129,0.129,159.49,159.49,159.463,159.483,,,,,,,,,,,,,,,,,,,,,,,,,,,,,,,no_breakout
2026-03-15T21:06:37.305475+00:00,EURUSD.s,anaconda,24480388,H4,OUTSIDE_HOURS,OUTSIDE_HOURS,NONE,0,0.0036109960046895716,0,,,,,,,,,,,,,,,,0.00093,0.00093,1.14176,1.14194,1.14175,1.14187,,,,,,,,,,,,,,,,,,,,,,,,,,,,,,,rsi_out_of_zone
2026-03-15T21:06:37.306100+00:00,XAUUSD.s,anaconda,24480388,H4,OUTSIDE_HOURS,OUTSIDE_HOURS,NONE,0,53.6489500455061,0,,,,,,,,,,,,,,,,0.36,0.36,5045.93,5063.76,5009.64,5018.66,,,,,,,,,,,,,,,,,,,,,,,,,,,,,,,"price_mixed_ema,no_breakout,rsi_out_of_zone"
2026-03-15T21:06:37.306909+00:00,USOUSD.s,anaconda,24480388,H4,OUTSIDE_HOURS,OUTSIDE_HOURS,NONE,0,4.581190723830551,0,,,,,,,,,,,,,,,,0.079,0.079,96.86,99.285,96.34,99.26,,,,,,,,,,,,,,,,,,,,,,,,,,,,,,,no_breakout
2026-03-15T21:11:38.472707+00:00,BTCUSD,anaconda,24480388,H4,HOLD,HOLD,NONE,0,807.6657340842579,0,,,,,,,,,,,,,,,,17.05,17.05,71720.29,71744.2,71623.06,71636.94,70305.84196552007,70576.19958258925,270.3576170691813,58.26092337691222,73893.83,69199.78,4,,,,,,,,,,,,,,,,,,,,,,,,no_breakout
2026-03-15T21:16:39.738138+00:00,BTCUSD,anaconda,24480388,H4,HOLD,HOLD,NONE,0,808.1607340842575,0,,,,,,,,,,,,,,,,17.02,17.02,71720.29,71744.2,71616.13,71699.17,70305.84196552007,70576.19958258925,270.3576170691813,59.42449493770789,73893.83,69199.78,4,,,,,,,,,,,,,,,,,,,,,,,,no_breakout
2026-03-15T21:21:40.245696+00:00,BTCUSD,anaconda,24480388,H4,HOLD,HOLD,NONE,0,808.1607340842575,0,,,,,,,,,,,,,,,,17.04,17.04,71720.29,71744.2,71616.13,71717.0,70305.84196552007,70576.19958258925,270.3576170691813,59.76649411212153,73893.83,69199.78,4,,,,,,,,,,,,,,,,,,,,,,,,no_breakout
2026-03-15T21:26:40.892025+00:00,BTCUSD,anaconda,24480388,H4,HOLD,HOLD,NONE,0,812.135734084258,0,,,,,,,,,,,,,,,,16.98,16.98,71720.29,71799.85,71616.13,71787.52,70305.84196552007,70576.19958258925,270.3576170691813,60.67925169598923,73893.83,69199.78,4,,,,,,,,,,,,,,,,,,,,,,,,no_breakout
2026-03-15T21:31:41.442729+00:00,BTCUSD,anaconda,24480388,H4,HOLD,HOLD,NONE,0,813.3514483699715,0,,,,,,,,,,,,,,,,17.01,17.01,71720.29,71816.87,71616.13,71816.21,70305.84196552007,70576.19958258925,270.3576170691813,61.032654385391574,73893.83,69199.78,4,,,,,,,,,,,,,,,,,,,,,,,,no_breakout
2026-03-15T21:36:42.568397+00:00,BTCUSD,anaconda,24480388,H4,HOLD,HOLD,NONE,0,824.5228769414008,0,,,,,,,,,,,,,,,,17.07,17.07,71720.29,71973.27,71616.13,71927.6,70305.84196552007,70576.19958258925,270.3576170691813,62.34657234393781,73893.83,69199.78,4,,,,,,,,,,,,,,,,,,,,,,,,no_breakout
2026-03-15T21:41:43.958308+00:00,BTCUSD,anaconda,24480388,H4,HOLD,HOLD,NONE,0,840.7657340842575,0,,,,,,,,,,,,,,,,17.07,17.07,71720.29,72200.67,71616.13,72053.22,70305.84196552007,70576.19958258925,270.3576170691813,63.725928186361294,73893.83,69199.78,4,,,,,,,,,,,,,,,,,,,,,,,,no_breakout
2026-03-15T21:46:44.657600+00:00,BTCUSD,anaconda,24480388,H4,HOLD,HOLD,NONE,0,841.8171626556862,0,,,,,,,,,,,,,,,,17.03,17.03,71720.29,72215.39,71616.13,72138.72,70305.84196552007,70576.19958258925,270.3576170691813,64.60835733994007,73893.83,69199.78,4,,,,,,,,,,,,,,,,,,,,,,,,no_breakout
2026-03-15T21:51:45.906181+00:00,BTCUSD,anaconda,24480388,H4,HOLD,HOLD,NONE,0,841.8171626556862,0,,,,,,,,,,,,,,,,17.1,17.1,71720.29,72215.39,71616.13,72033.54,70305.84196552007,70576.19958258925,270.3576170691813,63.51654875226675,73893.83,69199.78,4,,,,,,,,,,,,,,,,,,,,,,,,no_breakout
2026-03-15T21:56:46.534639+00:00,BTCUSD,anaconda,24480388,H4,HOLD,HOLD,NONE,0,841.8171626556862,0,,,,,,,,,,,,,,,,16.96,16.96,71720.29,72215.39,71616.13,72048.58,70305.84196552007,70576.19958258925,270.3576170691813,63.676779111774245,73893.83,69199.78,4,,,,,,,,,,,,,,,,,,,,,,,,no_breakout
2026-03-15T21:56:46.535506+00:00,USDJPY.s,anaconda,24480388,H4,OUTSIDE_HOURS,OUTSIDE_HOURS,NONE,0,0.4116389882269139,0,,,,,,,,,,,,,,,,0.087,0.087,159.49,159.534,159.463,159.482,,,,,,,,,,,,,,,,,,,,,,,,,,,,,,,no_breakout
2026-03-15T21:56:46.536199+00:00,EURUSD.s,anaconda,24480388,H4,OUTSIDE_HOURS,OUTSIDE_HOURS,NONE,0,0.0036709960046895683,0,,,,,,,,,,,,,,,,0.00052,0.00052,1.14176,1.14278,1.14175,1.14248,,,,,,,,,,,,,,,,,,,,,,,,,,,,,,,rsi_out_of_zone
2026-03-15T21:56:46.536992+00:00,XAUUSD.s,anaconda,24480388,H4,OUTSIDE_HOURS,OUTSIDE_HOURS,NONE,0,53.6489500455061,0,,,,,,,,,,,,,,,,0.36,0.36,5045.93,5063.76,5009.64,5018.66,,,,,,,,,,,,,,,,,,,,,,,,,,,,,,,"price_mixed_ema,no_breakout,rsi_out_of_zone"
2026-03-15T21:56:46.537667+00:00,USOUSD.s,anaconda,24480388,H4,OUTSIDE_HOURS,OUTSIDE_HOURS,NONE,0,4.581190723830551,0,,,,,,,,,,,,,,,,0.079,0.079,96.86,99.285,96.34,99.26,,,,,,,,,,,,,,,,,,,,,,,,,,,,,,,no_breakout
2026-03-15T22:01:47.022403+00:00,BTCUSD,anaconda,24480388,H4,HOLD,HOLD,NONE,0,841.8171626556862,0,,,,,,,,,,,,,,,,17.09,17.09,71720.29,72215.39,71616.13,72057.59,70305.84196552007,70576.19958258925,270.3576170691813,63.77209582479119,73893.83,69199.78,4,,,,,,,,,,,,,,,,,,,,,,,,no_breakout
2026-03-15T22:06:47.647975+00:00,BTCUSD,anaconda,24480388,H4,HOLD,HOLD,NONE,0,847.9943055128288,0,,,,,,,,,,,,,,,,17.02,17.02,71720.29,72301.87,71616.13,72029.63,70305.84196552007,70576.19958258925,270.3576170691813,63.47466133066613,73893.83,69199.78,4,,,,,,,,,,,,,,,,,,,,,,,,no_breakout
2026-03-15T22:11:48.190960+00:00,BTCUSD,anaconda,24480388,H4,HOLD,HOLD,NONE,0,847.9943055128288,0,,,,,,,,,,,,,,,,17.07,17.07,71720.29,72301.87,71616.13,71819.84,70305.84196552007,70576.19958258925,270.3576170691813,61.07691642184871,73893.83,69199.78,4,,,,,,,,,,,,,,,,,,,,,,,,no_breakout
2026-03-15T22:16:48.673072+00:00,BTCUSD,anaconda,24480388,H4,HOLD,HOLD,NONE,0,847.9943055128288,0,,,,,,,,,,,,,,,,17.12,17.12,71720.29,72301.87,71616.13,71727.47,70305.84196552007,70576.19958258925,270.3576170691813,59.91840620247144,73893.83,69199.78,4,,,,,,,,,,,,,,,,,,,,,,,,no_breakout
2026-03-15T22:21:49.147780+00:00,BTCUSD,anaconda,24480388,H4,HOLD,HOLD,NONE,0,847.9943055128288,0,,,,,,,,,,,,,,,,17.05,17.05,71720.29,72301.87,71616.13,71900.47,70305.84196552007,70576.19958258925,270.3576170691813,62.034786160868414,73893.83,69199.78,4,,,,,,,,,,,,,,,,,,,,,,,,no_breakout
2026-03-15T22:26:49.662694+00:00,BTCUSD,anaconda,24480388,H4,HOLD,HOLD,NONE,0,847.9943055128288,0,,,,,,,,,,,,,,,,17.05,17.05,71720.29,72301.87,71616.13,71913.33,70305.84196552007,70576.19958258925,270.3576170691813,62.18321834885108,73893.83,69199.78,4,,,,,,,,,,,,,,,,,,,,,,,,no_breakout
2026-03-15T22:31:50.141660+00:00,BTCUSD,anaconda,24480388,H4,HOLD,HOLD,NONE,0,847.9943055128288,0,,,,,,,,,,,,,,,,16.99,16.99,71720.29,72301.87,71616.13,72058.23,70305.84196552007,70576.19958258925,270.3576170691813,63.778847354066244,73893.83,69199.78,4,,,,,,,,,,,,,,,,,,,,,,,,no_breakout
2026-03-15T22:36:50.648931+00:00,BTCUSD,anaconda,24480388,H4,HOLD,HOLD,NONE,0,847.9943055128288,0,,,,,,,,,,,,,,,,17.01,17.01,71720.29,72301.87,71616.13,72066.64,70305.84196552007,70576.19958258925,270.3576170691813,63.867333438950396,73893.83,69199.78,4,,,,,,,,,,,,,,,,,,,,,,,,no_breakout
2026-03-15T22:41:51.164651+00:00,BTCUSD,anaconda,24480388,H4,HOLD,HOLD,NONE,0,859.6628769414002,0,,,,,,,,,,,,,,,,17.03,17.03,71720.29,72465.23,71616.13,72355.38,70305.84196552007,70576.19958258925,270.3576170691813,66.66338496076625,73893.83,69199.78,4,,,,,,,,,,,,,,,,,,,,,,,,no_breakout
2026-03-15T22:46:51.824929+00:00,BTCUSD,anaconda,24480388,H4,HOLD,HOLD,NONE,0,863.8364483699721,0,,,,,,,,,,,,,,,,17.06,17.02,71720.29,72523.66,71616.13,72488.29,70305.84196552007,70576.19958258925,270.3576170691813,67.80999797373192,73893.83,69199.78,4,,,,,,,,,,,,,,,,,,,,,,,,no_breakout
2026-03-15T22:46:51.825913+00:00,USDJPY.s,anaconda,24480388,H4,OUTSIDE_HOURS,OUTSIDE_HOURS,NONE,0,0.4134247025126266,0,,,,,,,,,,,,,,,,0.022,0.022,159.49,159.736,159.463,159.647,,,,,,,,,,,,,,,,,,,,,,,,,,,,,,,"no_breakout,rsi_out_of_zone"
2026-03-15T22:46:51.826742+00:00,EURUSD.s,anaconda,24480388,H4,OUTSIDE_HOURS,OUTSIDE_HOURS,NONE,0,0.0037288531475467256,0,,,,,,,,,,,,,,,,0.00018,0.00018,1.14176,1.14359,1.14175,1.14215,,,,,,,,,,,,,,,,,,,,,,,,,,,,,,,rsi_out_of_zone
2026-03-15T22:46:51.827493+00:00,XAUUSD.s,anaconda,24480388,H4,OUTSIDE_HOURS,OUTSIDE_HOURS,NONE,0,52.131167899619015,0,,,,,,,,,,,,,,,,0.36,0.36,4998.73,5030.45,4998.05,5014.35,,,,,,,,,,,,,,,,,,,,,,,,,,,,,,,rsi_out_of_zone
2026-03-15T22:46:51.828392+00:00,USOUSD.s,anaconda,24480388,H4,OUTSIDE_HOURS,OUTSIDE_HOURS,NONE,0,4.4505342435642605,0,,,,,,,,,,,,,,,,0.079,0.079,101.972,102.012,100.017,100.297,,,,,,,,,,,,,,,,,,,,,,,,,,,,,,,no_breakout
2026-03-15T22:51:52.377960+00:00,BTCUSD,anaconda,24480388,H4,HOLD,HOLD,NONE,0,873.3214483699717,0,,,,,,,,,,,,,,,,16.96,16.96,71720.29,72656.45,71616.13,72651.2,70305.84196552007,70576.19958258925,270.3576170691813,69.11218291497464,73893.83,69199.78,4,,,,,,,,,,,,,,,,,,,,,,,,no_breakout
2026-03-15T22:56:52.927553+00:00,BTCUSD,anaconda,24480388,H4,HOLD,HOLD,NONE,0,902.3485912271149,0,,,,,,,,,,,,,,,,17.06,17.06,71720.29,73062.83,71616.13,72671.44,70305.84196552007,70576.19958258925,270.3576170691813,69.26664588783062,73893.83,69199.78,3,,,,,,,,,,,,,,,,,,,,,,,,"weak_separation,no_breakout"
2026-03-15T23:01:53.752607+00:00,BTCUSD,anaconda,24480388,H4,HOLD,HOLD,NONE,0,902.3485912271149,0,,,,,,,,,,,,,,,,16.95,16.95,71720.29,73062.83,71616.13,72847.44,70305.84196552007,70576.19958258925,270.3576170691813,70.54739212163847,73893.83,69199.78,2,,,,,,,,,,,,,,,,,,,,,,,,"weak_separation,no_breakout,rsi_out_of_zone"
2026-03-15T23:06:54.229794+00:00,BTCUSD,anaconda,24480388,H4,HOLD,HOLD,NONE,0,911.4807340842572,0,,,,,,,,,,,,,,,,16.98,16.98,71720.29,73190.68,71616.13,73110.46,70305.84196552007,70576.19958258925,270.3576170691813,72.27408508531968,73893.83,69199.78,2,,,,,,,,,,,,,,,,,,,,,,,,"weak_separation,no_breakout,rsi_out_of_zone"
2026-03-15T23:11:54.929525+00:00,BTCUSD,anaconda,24480388,H4,HOLD,HOLD,NONE,0,911.4807340842572,0,,,,,,,,,,,,,,,,17.1,17.1,71720.29,73190.68,71616.13,73001.39,70305.84196552007,70576.19958258925,270.3576170691813,71.58323708071205,73893.83,69199.78,2,,,,,,,,,,,,,,,,,,,,,,,,"weak_separation,no_breakout,rsi_out_of_zone"
2026-03-15T23:16:55.548296+00:00,BTCUSD,anaconda,24480388,H4,HOLD,HOLD,NONE,0,911.4807340842572,0,,,,,,,,,,,,,,,,17.01,17.01,71720.29,73190.68,71616.13,73067.37,70305.84196552007,70576.19958258925,270.3576170691813,72.00520641349712,73893.83,69199.78,2,,,,,,,,,,,,,,,,,,,,,,,,"weak_separation,no_breakout,rsi_out_of_zone"
2026-03-15T23:21:56.066340+00:00,BTCUSD,anaconda,24480388,H4,HOLD,HOLD,NONE,0,911.4807340842572,0,,,,,,,,,,,,,,,,17.06,17.06,71720.29,73190.68,71616.13,72733.4,70305.84196552007,70576.19958258925,270.3576170691813,69.73003937891377,73893.83,69199.78,3,,,,,,,,,,,,,,,,,,,,,,,,"weak_separation,no_breakout"
2026-03-15T23:26:56.595112+00:00,BTCUSD,anaconda,24480388,H4,HOLD,HOLD,NONE,0,911.4807340842572,0,,,,,,,,,,,,,,,,17.06,17.06,71720.29,73190.68,71616.13,72575.42,70305.84196552007,70576.19958258925,270.3576170691813,68.51980906330589,73893.83,69199.78,3,,,,,,,,,,,,,,,,,,,,,,,,"weak_separation,no_breakout"
2026-03-15T23:31:57.116513+00:00,BTCUSD,anaconda,24480388,H4,HOLD,HOLD,NONE,0,911.4807340842572,0,,,,,,,,,,,,,,,,17.04,17.04,71720.29,73190.68,71616.13,72533.67,70305.84196552007,70576.19958258925,270.3576170691813,68.18363742621793,73893.83,69199.78,3,,,,,,,,,,,,,,,,,,,,,,,,"weak_separation,no_breakout"
2026-03-15T23:36:57.635665+00:00,BTCUSD,anaconda,24480388,H4,HOLD,HOLD,NONE,0,911.4807340842572,0,,,,,,,,,,,,,,,,17.01,17.01,71720.29,73190.68,71616.13,72483.24,70305.84196552007,70576.19958258925,270.3576170691813,67.7678750969418,73893.83,69199.78,3,,,,,,,,,,,,,,,,,,,,,,,,"weak_separation,no_breakout"
2026-03-15T23:36:57.636413+00:00,USDJPY.s,anaconda,24480388,H4,OUTSIDE_HOURS,OUTSIDE_HOURS,NONE,0,0.4134247025126266,0,,,,,,,,,,,,,,,,0.024,0.024,159.49,159.736,159.463,159.558,,,,,,,,,,,,,,,,,,,,,,,,,,,,,,,"no_breakout,rsi_out_of_zone"
2026-03-15T23:36:57.637124+00:00,EURUSD.s,anaconda,24480388,H4,OUTSIDE_HOURS,OUTSIDE_HOURS,NONE,0,0.0037288531475467256,0,,,,,,,,,,,,,,,,0.00019,0.00019,1.14176,1.14359,1.14175,1.14297,,,,,,,,,,,,,,,,,,,,,,,,,,,,,,,rsi_out_of_zone
2026-03-15T23:36:57.637855+00:00,XAUUSD.s,anaconda,24480388,H4,OUTSIDE_HOURS,OUTSIDE_HOURS,NONE,0,54.3075964710476,0,,,,,,,,,,,,,,,,0.35,0.35,4998.73,5030.45,4967.58,4984.67,,,,,,,,,,,,,,,,,,,,,,,,,,,,,,,rsi_out_of_zone
2026-03-15T23:36:57.638695+00:00,USOUSD.s,anaconda,24480388,H4,OUTSIDE_HOURS,OUTSIDE_HOURS,NONE,0,4.4505342435642605,0,,,,,,,,,,,,,,,,0.079,0.079,101.972,102.012,99.327,99.992,,,,,,,,,,,,,,,,,,,,,,,,,,,,,,,no_breakout
2026-03-15T23:41:58.140368+00:00,BTCUSD,anaconda,24480388,H4,HOLD,HOLD,NONE,0,911.4807340842572,0,,,,,,,,,,,,,,,,17.04,17.04,71720.29,73190.68,71616.13,72648.56,70305.84196552007,70576.19958258925,270.3576170691813,69.09192102927366,73893.83,69199.78,3,,,,,,,,,,,,,,,,,,,,,,,,"weak_separation,no_breakout"
2026-03-15T23:46:58.666923+00:00,BTCUSD,anaconda,24480388,H4,HOLD,HOLD,NONE,0,911.4807340842572,0,,,,,,,,,,,,,,,,17.11,17.11,71720.29,73190.68,71616.13,72727.74,70305.84196552007,70576.19958258925,270.3576170691813,69.68828947924082,73893.83,69199.78,3,,,,,,,,,,,,,,,,,,,,,,,,"weak_separation,no_breakout"
2026-03-15T23:51:59.147801+00:00,BTCUSD,anaconda,24480388,H4,HOLD,HOLD,NONE,0,911.4807340842572,0,,,,,,,,,,,,,,,,16.96,16.96,71720.29,73190.68,71616.13,72608.74,70305.84196552007,70576.19958258925,270.3576170691813,68.78304765353172,73893.83,69199.78,3,,,,,,,,,,,,,,,,,,,,,,,,"weak_separation,no_breakout"
2026-03-15T23:56:59.701646+00:00,BTCUSD,anaconda,24480388,H4,HOLD,HOLD,NONE,0,911.4807340842572,0,,,,,,,,,,,,,,,,17.02,17.02,71720.29,73190.68,71616.13,72767.11,70305.84196552007,70576.19958258925,270.3576170691813,69.97633180943625,73893.83,69199.78,3,,,,,,,,,,,,,,,,,,,,,,,,"weak_separation,no_breakout"
