timestamp,symbol,bot,account,timeframe,signal,signal_type,trigger,confidence,atr,executed,entry_price,sl_price,sl,tp_price,tp,volume_lots,ticket,exit_price,exit_reason,profit,pnl,outcome,duration_minutes,account_balance,account_equity,spread,spread_points,bar_open,bar_high,bar_low,bar_close,ema_fast,ema_slow,ema_separation,rsi,n_bar_high,n_bar_low,conditions_met,ema_50,nearest_sr_level,sr_distance_atr,pattern_type,pin_wick_size,pin_body_ratio,engulf_size_atr,inside_bar_vol_ratio,pattern_detected,sr_nearby,ema_20,momentum_fast_ema,momentum_slow_ema,breakout_high,breakout_low,pullback_distance_atr,volume_ratio,h1_trend,bb_upper,bb_lower,bb_mid,price_position_in_bb,adx,hold_reason
2026-03-16T00:02:00.265310+00:00,BTCUSD,anaconda,24480388,H4,HOLD,HOLD,NONE,0,911.4807340842572,0,,,,,,,,,,,,,,,,17.0,17.0,71720.29,73190.68,71616.13,72950.21,70305.84196552007,70576.19958258925,270.3576170691813,71.247055499228,73893.83,69199.78,2,,,,,,,,,,,,,,,,,,,,,,,,"weak_separation,no_breakout,rsi_out_of_zone"
2026-03-16T00:07:00.870842+00:00,BTCUSD,anaconda,24480388,H4,HOLD,HOLD,NONE,0,911.4807340842572,0,,,,,,,,,,,,,,,,17.12,17.12,71720.29,73190.68,71616.13,72894.56,70305.84196552007,70576.19958258925,270.3576170691813,70.87236784774552,73893.83,69199.78,2,,,,,,,,,,,,,,,,,,,,,,,,"weak_separation,no_breakout,rsi_out_of_zone"
2026-03-16T00:12:01.351567+00:00,BTCUSD,anaconda,24480388,H4,HOLD,HOLD,NONE,0,911.4807340842572,0,,,,,,,,,,,,,,,,17.07,17.07,71720.29,73190.68,71616.13,72732.55,70305.84196552007,70576.19958258925,270.3576170691813,69.72377685808394,73893.83,69199.78,3,,,,,,,,,,,,,,,,,,,,,,,,"weak_separation,no_breakout"
2026-03-16T00:17:02.544949+00:00,BTCUSD,anaconda,24480388,H4,HOLD,HOLD,NONE,0,911.4807340842572,0,,,,,,,,,,,,,,,,17.02,17.02,71720.29,73190.68,71616.13,72844.49,70305.84196552007,70576.19958258925,270.3576170691813,70.52680528164937,73893.83,69199.78,2,,,,,,,,,,,,,,,,,,,,,,,,"weak_separation,no_breakout,rsi_out_of_zone"
2026-03-16T00:22:03.197626+00:00,BTCUSD,anaconda,24480388,H4,HOLD,HOLD,NONE,0,911.4807340842572,0,,,,,,,,,,,,,,,,16.97,16.97,71720.29,73190.68,71616.13,72601.14,70305.84196552007,70576.19958258925,270.3576170691813,68.72339353625898,73893.83,69199.78,3,,,,,,,,,,,,,,,,,,,,,,,,"weak_separation,no_breakout"
2026-03-16T00:27:03.730096+00:00,BTCUSD,anaconda,24480388,H4,HOLD,HOLD,NONE,0,911.4807340842572,0,,,,,,,,,,,,,,,,17.09,17.09,71720.29,73190.68,71616.13,72503.64,70305.84196552007,70576.19958258925,270.3576170691813,67.93736157941748,73893.83,69199.78,3,,,,,,,,,,,,,,,,,,,,,,,,"weak_separation,no_breakout"
2026-03-16T00:27:03.730843+00:00,USDJPY.s,anaconda,24480388,H4,OUTSIDE_HOURS,OUTSIDE_HOURS,NONE,0,0.42256755965548276,0,,,,,,,,,,,,,,,,0.023,0.023,159.49,159.736,159.335,159.357,,,,,,,,,,,,,,,,,,,,,,,,,,,,,,,no_breakout
2026-03-16T00:27:03.731756+00:00,EURUSD.s,anaconda,24480388,H4,OUTSIDE_HOURS,OUTSIDE_HOURS,NONE,0,0.0038209960046895835,0,,,,,,,,,,,,,,,,0.00019,0.00019,1.14176,1.1448800000000001,1.14175,1.14482,,,,,,,,,,,,,,,,,,,,,,,,,,,,,,,
2026-03-16T00:27:03.732522+00:00,XAUUSD.s,anaconda,24480388,H4,OUTSIDE_HOURS,OUTSIDE_HOURS,NONE,0,54.3075964710476,0,,,,,,,,,,,,,,,,0.34,0.34,4998.73,5030.45,4967.58,5020.58,,,,,,,,,,,,,,,,,,,,,,,,,,,,,,,rsi_out_of_zone
2026-03-16T00:27:03.733211+00:00,USOUSD.s,anaconda,24480388,H4,OUTSIDE_HOURS,OUTSIDE_HOURS,NONE,0,4.570034243564261,0,,,,,,,,,,,,,,,,0.079,0.079,101.972,102.012,97.587,98.127,,,,,,,,,,,,,,,,,,,,,,,,,,,,,,,no_breakout
2026-03-16T00:32:04.188493+00:00,BTCUSD,anaconda,24480388,H4,HOLD,HOLD,NONE,0,911.4807340842572,0,,,,,,,,,,,,,,,,17.08,17.08,71720.29,73190.68,71616.13,72537.22,70305.84196552007,70576.19958258925,270.3576170691813,68.21250112225543,73893.83,69199.78,3,,,,,,,,,,,,,,,,,,,,,,,,"weak_separation,no_breakout"
2026-03-16T00:37:04.693327+00:00,BTCUSD,anaconda,24480388,H4,HOLD,HOLD,NONE,0,911.4807340842572,0,,,,,,,,,,,,,,,,16.98,16.98,71720.29,73190.68,71616.13,72631.57,70305.84196552007,70576.19958258925,270.3576170691813,68.96088478730553,73893.83,69199.78,3,,,,,,,,,,,,,,,,,,,,,,,,"weak_separation,no_breakout"
2026-03-16T00:42:05.175628+00:00,BTCUSD,anaconda,24480388,H4,HOLD,HOLD,NONE,0,911.4807340842572,0,,,,,,,,,,,,,,,,17.06,17.06,71720.29,73190.68,71616.13,72489.17,70305.84196552007,70576.19958258925,270.3576170691813,67.81732693613549,73893.83,69199.78,3,,,,,,,,,,,,,,,,,,,,,,,,"weak_separation,no_breakout"
2026-03-16T00:47:05.686652+00:00,BTCUSD,anaconda,24480388,H4,HOLD,HOLD,NONE,0,911.4807340842572,0,,,,,,,,,,,,,,,,16.98,16.98,71720.29,73190.68,71616.13,72575.72,70305.84196552007,70576.19958258925,270.3576170691813,68.52219896316042,73893.83,69199.78,3,,,,,,,,,,,,,,,,,,,,,,,,"weak_separation,no_breakout"
2026-03-16T00:52:06.247502+00:00,BTCUSD,anaconda,24480388,H4,HOLD,HOLD,NONE,0,911.4807340842572,0,,,,,,,,,,,,,,,,16.96,16.96,71720.29,73190.68,71616.13,72625.12,70305.84196552007,70576.19958258925,270.3576170691813,68.91084739867449,73893.83,69199.78,3,,,,,,,,,,,,,,,,,,,,,,,,"weak_separation,no_breakout"
2026-03-16T00:57:06.759409+00:00,BTCUSD,anaconda,24480388,H4,HOLD,HOLD,NONE,0,911.4807340842572,0,,,,,,,,,,,,,,,,17.02,17.02,71720.29,73190.68,71616.13,72574.49,70305.84196552007,70576.19958258925,270.3576170691813,68.5123980669949,73893.83,69199.78,3,,,,,,,,,,,,,,,,,,,,,,,,"weak_separation,no_breakout"
2026-03-16T01:02:07.277791+00:00,BTCUSD,anaconda,24480388,H4,HOLD,HOLD,NONE,0,853.6528245317836,0,,,,,,,,,,,,,,,,17.06,17.06,72522.3,72616.09,72514.2,72549.36,70392.73369153205,70586.59338792649,193.85969639444374,68.33568473018812,73893.83,69338.29,3,,,,,,,,,,,,,,,,,,,,,,,,"weak_separation,no_breakout"
2026-03-16T01:07:07.777514+00:00,BTCUSD,anaconda,24480388,H4,HOLD,HOLD,NONE,0,864.7078245317839,0,,,,,,,,,,,,,,,,17.06,17.06,72522.3,72616.09,72359.43,72402.51,70392.73369153205,70586.59338792649,193.85969639444374,65.8494042444782,73893.83,69338.29,3,,,,,,,,,,,,,,,,,,,,,,,,"weak_separation,no_breakout"
2026-03-16T01:12:10.219784+00:00,BTCUSD,anaconda,24480388,H4,HOLD,HOLD,NONE,0,864.7078245317839,0,,,,,,,,,,,,,,,,17.11,17.11,72522.3,72616.09,72359.43,72421.31,70392.73369153205,70586.59338792649,193.85969639444374,66.19251346349321,73893.83,69338.29,3,,,,,,,,,,,,,,,,,,,,,,,,"weak_separation,no_breakout"
2026-03-16T01:17:10.765061+00:00,BTCUSD,anaconda,24480388,H4,HOLD,HOLD,NONE,0,871.4406816746407,0,,,,,,,,,,,,,,,,17.0,17.0,72522.3,72616.09,72265.17,72384.78,70392.73369153205,70586.59338792649,193.85969639444374,65.52906630251066,73893.83,69338.29,3,,,,,,,,,,,,,,,,,,,,,,,,"weak_separation,no_breakout"
2026-03-16T01:17:10.765915+00:00,USDJPY.s,anaconda,24480388,H4,OUTSIDE_HOURS,OUTSIDE_HOURS,NONE,0,0.40913416252860174,0,,,,,,,,,,,,,,,,0.024,0.024,159.292,159.427,159.277,159.379,,,,,,,,,,,,,,,,,,,,,,,,,,,,,,,no_breakout
2026-03-16T01:17:10.766777+00:00,EURUSD.s,anaconda,24480388,H4,OUTSIDE_HOURS,OUTSIDE_HOURS,NONE,0,0.0036872003717121756,0,,,,,,,,,,,,,,,,0.00019,0.00019,1.1454,1.14557,1.14417,1.14439,,,,,,,,,,,,,,,,,,,,,,,,,,,,,,,no_breakout
2026-03-16T01:17:10.767375+00:00,XAUUSD.s,anaconda,24480388,H4,OUTSIDE_HOURS,OUTSIDE_HOURS,NONE,0,53.49256407026556,0,,,,,,,,,,,,,,,,0.35,0.35,5025.8,5026.44,4983.84,4994.82,,,,,,,,,,,,,,,,,,,,,,,,,,,,,,,"no_breakout,rsi_out_of_zone"
2026-03-16T01:17:10.768347+00:00,USOUSD.s,anaconda,24480388,H4,OUTSIDE_HOURS,OUTSIDE_HOURS,NONE,0,4.370057307780048,0,,,,,,,,,,,,,,,,0.079,0.079,97.452,98.222,96.707,98.027,,,,,,,,,,,,,,,,,,,,,,,,,,,,,,,no_breakout
2026-03-16T01:22:11.263269+00:00,BTCUSD,anaconda,24480388,H4,HOLD,HOLD,NONE,0,871.4406816746407,0,,,,,,,,,,,,,,,,17.07,17.07,72522.3,72616.09,72265.17,72497.51,70392.73369153205,70586.59338792649,193.85969639444374,67.62060723706745,73893.83,69338.29,3,,,,,,,,,,,,,,,,,,,,,,,,"weak_separation,no_breakout"
2026-03-16T01:27:11.765427+00:00,BTCUSD,anaconda,24480388,H4,HOLD,HOLD,NONE,0,874.8549673889266,0,,,,,,,,,,,,,,,,16.98,16.98,72522.3,72663.89,72265.17,72662.23,70392.73369153205,70586.59338792649,193.85969639444374,69.31527629763897,73893.83,69338.29,3,,,,,,,,,,,,,,,,,,,,,,,,"weak_separation,no_breakout"
2026-03-16T01:32:12.320550+00:00,BTCUSD,anaconda,24480388,H4,HOLD,HOLD,NONE,0,876.1671102460691,0,,,,,,,,,,,,,,,,17.09,17.09,72522.3,72682.26,72265.17,72540.76,70392.73369153205,70586.59338792649,193.85969639444374,68.25847526721779,73893.83,69338.29,3,,,,,,,,,,,,,,,,,,,,,,,,"weak_separation,no_breakout"
2026-03-16T01:37:12.867861+00:00,BTCUSD,anaconda,24480388,H4,HOLD,HOLD,NONE,0,876.1671102460691,0,,,,,,,,,,,,,,,,17.11,17.11,72522.3,72682.26,72265.17,72615.62,70392.73369153205,70586.59338792649,193.85969639444374,68.9181928570309,73893.83,69338.29,3,,,,,,,,,,,,,,,,,,,,,,,,"weak_separation,no_breakout"
2026-03-16T01:42:13.422658+00:00,BTCUSD,anaconda,24480388,H4,HOLD,HOLD,NONE,0,876.1671102460691,0,,,,,,,,,,,,,,,,17.04,17.04,72522.3,72682.26,72265.17,72536.02,70392.73369153205,70586.59338792649,193.85969639444374,68.21575911113878,73893.83,69338.29,3,,,,,,,,,,,,,,,,,,,,,,,,"weak_separation,no_breakout"
2026-03-16T01:47:13.965759+00:00,BTCUSD,anaconda,24480388,H4,HOLD,HOLD,NONE,0,876.1671102460691,0,,,,,,,,,,,,,,,,17.02,17.02,72522.3,72682.26,72265.17,72602.61,70392.73369153205,70586.59338792649,193.85969639444374,68.80551578268515,73893.83,69338.29,3,,,,,,,,,,,,,,,,,,,,,,,,"weak_separation,no_breakout"
2026-03-16T01:52:14.463859+00:00,BTCUSD,anaconda,24480388,H4,HOLD,HOLD,NONE,0,879.2949673889268,0,,,,,,,,,,,,,,,,16.96,16.96,72522.3,72726.05,72265.17,72672.9,70392.73369153205,70586.59338792649,193.85969639444374,69.40475399121169,73893.83,69338.29,3,,,,,,,,,,,,,,,,,,,,,,,,"weak_separation,no_breakout"
2026-03-16T01:57:15.001100+00:00,BTCUSD,anaconda,24480388,H4,HOLD,HOLD,NONE,0,888.1499673889269,0,,,,,,,,,,,,,,,,17.07,17.07,72522.3,72850.02,72265.17,72776.72,70392.73369153205,70586.59338792649,193.85969639444374,70.24888984137456,73893.83,69338.29,2,,,,,,,,,,,,,,,,,,,,,,,,"weak_separation,no_breakout,rsi_out_of_zone"
2026-03-16T02:02:15.586246+00:00,BTCUSD,anaconda,24480388,H4,HOLD,HOLD,NONE,0,888.1499673889269,0,,,,,,,,,,,,,,,,17.05,17.05,72522.3,72850.02,72265.17,72731.53,70392.73369153205,70586.59338792649,193.85969639444374,69.88725517433821,73893.83,69338.29,3,,,,,,,,,,,,,,,,,,,,,,,,"weak_separation,no_breakout"
2026-03-16T02:07:16.109215+00:00,BTCUSD,anaconda,24480388,H4,HOLD,HOLD,NONE,0,888.1499673889269,0,,,,,,,,,,,,,,,,17.0,17.0,72522.3,72850.02,72265.17,72805.04,70392.73369153205,70586.59338792649,193.85969639444374,70.47112741445736,73893.83,69338.29,2,,,,,,,,,,,,,,,,,,,,,,,,"weak_separation,no_breakout,rsi_out_of_zone"
2026-03-16T02:07:16.110088+00:00,USDJPY.s,anaconda,24480388,H4,OUTSIDE_HOURS,OUTSIDE_HOURS,NONE,0,0.41406273395717436,0,,,,,,,,,,,,,,,,0.023,0.023,159.292,159.496,159.277,159.454,,,,,,,,,,,,,,,,,,,,,,,,,,,,,,,no_breakout
2026-03-16T02:07:16.110787+00:00,EURUSD.s,anaconda,24480388,H4,OUTSIDE_HOURS,OUTSIDE_HOURS,NONE,0,0.0037079146574264545,0,,,,,,,,,,,,,,,,0.00019,0.00019,1.1454,1.14557,1.14388,1.14474,,,,,,,,,,,,,,,,,,,,,,,,,,,,,,,no_breakout
2026-03-16T02:07:16.111388+00:00,XAUUSD.s,anaconda,24480388,H4,OUTSIDE_HOURS,OUTSIDE_HOURS,NONE,0,53.58042121312273,0,,,,,,,,,,,,,,,,0.35,0.35,5025.8,5026.44,4982.61,5012.33,,,,,,,,,,,,,,,,,,,,,,,,,,,,,,,"no_breakout,rsi_out_of_zone"
2026-03-16T02:07:16.112056+00:00,USOUSD.s,anaconda,24480388,H4,OUTSIDE_HOURS,OUTSIDE_HOURS,NONE,0,4.419343022065763,0,,,,,,,,,,,,,,,,0.099,0.099,97.452,98.912,96.707,98.182,,,,,,,,,,,,,,,,,,,,,,,,,,,,,,,no_breakout
2026-03-16T02:12:16.622360+00:00,BTCUSD,anaconda,24480388,H4,HOLD,HOLD,NONE,0,888.1499673889269,0,,,,,,,,,,,,,,,,17.0,17.0,72522.3,72850.02,72265.17,72745.66,70392.73369153205,70586.59338792649,193.85969639444374,70.00127215568082,73893.83,69338.29,2,,,,,,,,,,,,,,,,,,,,,,,,"weak_separation,no_breakout,rsi_out_of_zone"
2026-03-16T02:17:17.275729+00:00,BTCUSD,anaconda,24480388,H4,HOLD,HOLD,NONE,0,888.1499673889269,0,,,,,,,,,,,,,,,,17.11,17.11,72522.3,72850.02,72265.17,72617.92,70392.73369153205,70586.59338792649,193.85969639444374,68.9380280904184,73893.83,69338.29,3,,,,,,,,,,,,,,,,,,,,,,,,"weak_separation,no_breakout"
2026-03-16T02:22:17.771599+00:00,BTCUSD,anaconda,24480388,H4,HOLD,HOLD,NONE,0,888.1499673889269,0,,,,,,,,,,,,,,,,17.08,17.08,72522.3,72850.02,72265.17,72519.74,70392.73369153205,70586.59338792649,193.85969639444374,68.04891262175974,73893.83,69338.29,3,,,,,,,,,,,,,,,,,,,,,,,,"weak_separation,no_breakout"
2026-03-16T02:27:18.270291+00:00,BTCUSD,anaconda,24480388,H4,HOLD,HOLD,NONE,0,888.1499673889269,0,,,,,,,,,,,,,,,,16.96,16.96,72522.3,72850.02,72265.17,72413.39,70392.73369153205,70586.59338792649,193.85969639444374,66.0475346700902,73893.83,69338.29,3,,,,,,,,,,,,,,,,,,,,,,,,"weak_separation,no_breakout"
2026-03-16T02:32:18.765572+00:00,BTCUSD,anaconda,24480388,H4,HOLD,HOLD,NONE,0,888.1499673889269,0,,,,,,,,,,,,,,,,17.07,17.07,72522.3,72850.02,72265.17,72378.09,70392.73369153205,70586.59338792649,193.85969639444374,65.4090026805948,73893.83,69338.29,3,,,,,,,,,,,,,,,,,,,,,,,,"weak_separation,no_breakout"
2026-03-16T02:37:19.308189+00:00,BTCUSD,anaconda,24480388,H4,HOLD,HOLD,NONE,0,888.1499673889269,0,,,,,,,,,,,,,,,,17.12,17.12,72522.3,72850.02,72265.17,72409.5,70392.73369153205,70586.59338792649,193.85969639444374,65.97655896930004,73893.83,69338.29,3,,,,,,,,,,,,,,,,,,,,,,,,"weak_separation,no_breakout"
2026-03-16T02:42:30.799139+00:00,BTCUSD,anaconda,24480388,H4,HOLD,HOLD,NONE,0,888.1499673889269,0,,,,,,,,,,,,,,,,17.07,17.07,72522.3,72850.02,72265.17,72422.22,70392.73369153205,70586.59338792649,193.85969639444374,66.20921215725804,73893.83,69338.29,3,,,,,,,,,,,,,,,,,,,,,,,,"weak_separation,no_breakout"
2026-03-16T02:47:31.349868+00:00,BTCUSD,anaconda,24480388,H4,HOLD,HOLD,NONE,0,888.1499673889269,0,,,,,,,,,,,,,,,,17.08,17.08,72522.3,72850.02,72265.17,72474.47,70392.73369153205,70586.59338792649,193.85969639444374,67.18234854493389,73893.83,69338.29,3,,,,,,,,,,,,,,,,,,,,,,,,"weak_separation,no_breakout"
2026-03-16T02:52:31.857910+00:00,BTCUSD,anaconda,24480388,H4,HOLD,HOLD,NONE,0,888.1499673889269,0,,,,,,,,,,,,,,,,17.11,17.11,72522.3,72850.02,72265.17,72512.97,70392.73369153205,70586.59338792649,193.85969639444374,67.91790156999372,73893.83,69338.29,3,,,,,,,,,,,,,,,,,,,,,,,,"weak_separation,no_breakout"
2026-03-16T02:57:32.357520+00:00,BTCUSD,anaconda,24480388,H4,HOLD,HOLD,NONE,0,888.1499673889269,0,,,,,,,,,,,,,,,,16.98,16.98,72522.3,72850.02,72265.17,72589.08,70392.73369153205,70586.59338792649,193.85969639444374,68.68746522960669,73893.83,69338.29,3,,,,,,,,,,,,,,,,,,,,,,,,"weak_separation,no_breakout"
2026-03-16T02:57:32.358272+00:00,USDJPY.s,anaconda,24480388,H4,OUTSIDE_HOURS,OUTSIDE_HOURS,NONE,0,0.4211341625286022,0,,,,,,,,,,,,,,,,0.024,0.024,159.292,159.595,159.277,159.568,,,,,,,,,,,,,,,,,,,,,,,,,,,,,,,no_breakout
2026-03-16T02:57:32.358943+00:00,EURUSD.s,anaconda,24480388,H4,OUTSIDE_HOURS,OUTSIDE_HOURS,NONE,0,0.0037079146574264545,0,,,,,,,,,,,,,,,,0.00018,0.00018,1.1454,1.14557,1.14388,1.14492,,,,,,,,,,,,,,,,,,,,,,,,,,,,,,,no_breakout
2026-03-16T02:57:32.359599+00:00,XAUUSD.s,anaconda,24480388,H4,OUTSIDE_HOURS,OUTSIDE_HOURS,NONE,0,53.58042121312273,0,,,,,,,,,,,,,,,,0.35,0.35,5025.8,5026.44,4982.61,5004.96,,,,,,,,,,,,,,,,,,,,,,,,,,,,,,,"no_breakout,rsi_out_of_zone"
2026-03-16T02:57:32.360196+00:00,USOUSD.s,anaconda,24480388,H4,OUTSIDE_HOURS,OUTSIDE_HOURS,NONE,0,4.4497001649229055,0,,,,,,,,,,,,,,,,0.079,0.079,97.452,99.337,96.707,99.042,,,,,,,,,,,,,,,,,,,,,,,,,,,,,,,no_breakout
2026-03-16T03:02:32.833651+00:00,BTCUSD,anaconda,24480388,H4,HOLD,HOLD,NONE,0,888.1499673889269,0,,,,,,,,,,,,,,,,17.0,17.0,72522.3,72850.02,72265.17,72493.96,70392.73369153205,70586.59338792649,193.85969639444374,67.55270813997087,73893.83,69338.29,3,,,,,,,,,,,,,,,,,,,,,,,,"weak_separation,no_breakout"
2026-03-16T03:07:33.304947+00:00,BTCUSD,anaconda,24480388,H4,HOLD,HOLD,NONE,0,888.1499673889269,0,,,,,,,,,,,,,,,,16.96,16.96,72522.3,72850.02,72265.17,72524.61,70392.73369153205,70586.59338792649,193.85969639444374,68.11246092715018,73893.83,69338.29,3,,,,,,,,,,,,,,,,,,,,,,,,"weak_separation,no_breakout"
2026-03-16T03:12:41.393057+00:00,BTCUSD,anaconda,24480388,H4,HOLD,HOLD,NONE,0,888.1499673889269,0,,,,,,,,,,,,,,,,17.05,17.05,72522.3,72850.02,72265.17,72547.48,70392.73369153205,70586.59338792649,193.85969639444374,68.31883848021184,73893.83,69338.29,3,,,,,,,,,,,,,,,,,,,,,,,,"weak_separation,no_breakout"
2026-03-16T03:17:41.876848+00:00,BTCUSD,anaconda,24480388,H4,HOLD,HOLD,NONE,0,888.1499673889269,0,,,,,,,,,,,,,,,,17.08,17.08,72522.3,72850.02,72265.17,72548.2,70392.73369153205,70586.59338792649,193.85969639444374,68.32529235301834,73893.83,69338.29,3,,,,,,,,,,,,,,,,,,,,,,,,"weak_separation,no_breakout"
2026-03-16T03:22:42.425149+00:00,BTCUSD,anaconda,24480388,H4,HOLD,HOLD,NONE,0,888.1499673889269,0,,,,,,,,,,,,,,,,17.03,17.03,72522.3,72850.02,72265.17,72648.18,70392.73369153205,70586.59338792649,193.85969639444374,69.19665282137497,73893.83,69338.29,3,,,,,,,,,,,,,,,,,,,,,,,,"weak_separation,no_breakout"
2026-03-16T03:27:42.909610+00:00,BTCUSD,anaconda,24480388,H4,HOLD,HOLD,NONE,0,889.8699673889271,0,,,,,,,,,,,,,,,,17.09,17.09,72522.3,72874.1,72265.17,72756.97,70392.73369153205,70586.59338792649,193.85969639444374,70.0919139011347,73893.83,69338.29,2,,,,,,,,,,,,,,,,,,,,,,,,"weak_separation,no_breakout,rsi_out_of_zone"
2026-03-16T03:32:43.425308+00:00,BTCUSD,anaconda,24480388,H4,HOLD,HOLD,NONE,0,919.9163959603552,0,,,,,,,,,,,,,,,,17.02,17.02,72522.3,73294.75,72265.17,73279.57,70392.73369153205,70586.59338792649,193.85969639444374,73.75597469097039,73893.83,69338.29,2,,,,,,,,,,,,,,,,,,,,,,,,"weak_separation,no_breakout,rsi_out_of_zone"
2026-03-16T03:37:43.924486+00:00,BTCUSD,anaconda,24480388,H4,HOLD,HOLD,NONE,0,965.5928245317839,0,,,,,,,,,,,,,,,,17.1,17.1,72522.3,73934.22,72265.17,73843.34,70392.73369153205,70586.59338792649,193.85969639444374,76.81954941858476,73893.83,69338.29,2,,,,,,,,,,,,,,,,,,,,,,,,"weak_separation,no_breakout,rsi_out_of_zone"
2026-03-16T03:42:47.664302+00:00,BTCUSD,anaconda,24480388,H4,HOLD,HOLD,NONE,0,991.7671102460697,0,,,,,,,,,,,,,,,,17.1,17.1,72522.3,74300.66,72265.17,73796.84,70392.73369153205,70586.59338792649,193.85969639444374,76.59419158076257,73893.83,69338.29,2,,,,,,,,,,,,,,,,,,,,,,,,"weak_separation,no_breakout,rsi_out_of_zone"
2026-03-16T03:47:48.171934+00:00,BTCUSD,anaconda,24480388,H4,HOLD,HOLD,NONE,0,991.7671102460697,0,,,,,,,,,,,,,,,,17.01,17.01,72522.3,74300.66,72265.17,73649.55,70392.73369153205,70586.59338792649,193.85969639444374,75.850524061221,73893.83,69338.29,2,,,,,,,,,,,,,,,,,,,,,,,,"weak_separation,no_breakout,rsi_out_of_zone"
2026-03-16T03:47:48.172540+00:00,USDJPY.s,anaconda,24480388,H4,OUTSIDE_HOURS,OUTSIDE_HOURS,NONE,0,0.42377701967145975,0,,,,,,,,,,,,,,,,0.023,0.023,159.292,159.632,159.277,159.482,,,,,,,,,,,,,,,,,,,,,,,,,,,,,,,no_breakout
2026-03-16T03:47:48.173069+00:00,EURUSD.s,anaconda,24480388,H4,OUTSIDE_HOURS,OUTSIDE_HOURS,NONE,0,0.0037079146574264545,0,,,,,,,,,,,,,,,,0.00019,0.00019,1.1454,1.14557,1.14388,1.14513,,,,,,,,,,,,,,,,,,,,,,,,,,,,,,,no_breakout
2026-03-16T03:47:48.173737+00:00,XAUUSD.s,anaconda,24480388,H4,OUTSIDE_HOURS,OUTSIDE_HOURS,NONE,0,53.58042121312273,0,,,,,,,,,,,,,,,,0.34,0.34,5025.8,5026.44,4982.61,5019.47,,,,,,,,,,,,,,,,,,,,,,,,,,,,,,,no_breakout
2026-03-16T03:47:48.174326+00:00,USOUSD.s,anaconda,24480388,H4,OUTSIDE_HOURS,OUTSIDE_HOURS,NONE,0,4.4497001649229055,0,,,,,,,,,,,,,,,,0.079,0.079,97.452,99.337,96.707,98.917,,,,,,,,,,,,,,,,,,,,,,,,,,,,,,,no_breakout
2026-03-16T03:52:48.706746+00:00,BTCUSD,anaconda,24480388,H4,HOLD,HOLD,NONE,0,991.7671102460697,0,,,,,,,,,,,,,,,,17.08,17.08,72522.3,74300.66,72265.17,73657.05,70392.73369153205,70586.59338792649,193.85969639444374,75.88953162399774,73893.83,69338.29,2,,,,,,,,,,,,,,,,,,,,,,,,"weak_separation,no_breakout,rsi_out_of_zone"
2026-03-16T03:57:49.172438+00:00,BTCUSD,anaconda,24480388,H4,HOLD,HOLD,NONE,0,991.7671102460697,0,,,,,,,,,,,,,,,,17.12,17.12,72522.3,74300.66,72265.17,73638.57,70392.73369153205,70586.59338792649,193.85969639444374,75.79318879562251,73893.83,69338.29,2,,,,,,,,,,,,,,,,,,,,,,,,"weak_separation,no_breakout,rsi_out_of_zone"
2026-03-16T04:02:49.653797+00:00,BTCUSD,anaconda,24480388,H4,HOLD,HOLD,NONE,0,991.7671102460697,0,,,,,,,,,,,,,,,,17.06,17.06,72522.3,74300.66,72265.17,73610.61,70392.73369153205,70586.59338792649,193.85969639444374,75.64595072246415,73893.83,69338.29,2,,,,,,,,,,,,,,,,,,,,,,,,"weak_separation,no_breakout,rsi_out_of_zone"
2026-03-16T04:07:50.094367+00:00,BTCUSD,anaconda,24480388,H4,HOLD,HOLD,NONE,0,991.7671102460697,0,,,,,,,,,,,,,,,,17.05,17.05,72522.3,74300.66,72265.17,73701.02,70392.73369153205,70586.59338792649,193.85969639444374,76.11570874216144,73893.83,69338.29,2,,,,,,,,,,,,,,,,,,,,,,,,"weak_separation,no_breakout,rsi_out_of_zone"
2026-03-16T04:12:50.705435+00:00,BTCUSD,anaconda,24480388,H4,HOLD,HOLD,NONE,0,991.7671102460697,0,,,,,,,,,,,,,,,,17.0,17.0,72522.3,74300.66,72265.17,73633.52,70392.73369153205,70586.59338792649,193.85969639444374,75.76672724886578,73893.83,69338.29,2,,,,,,,,,,,,,,,,,,,,,,,,"weak_separation,no_breakout,rsi_out_of_zone"
2026-03-16T04:17:51.220993+00:00,BTCUSD,anaconda,24480388,H4,HOLD,HOLD,NONE,0,991.7671102460697,0,,,,,,,,,,,,,,,,17.0,17.0,72522.3,74300.66,72265.17,73798.05,70392.73369153205,70586.59338792649,193.85969639444374,76.60011124403994,73893.83,69338.29,2,,,,,,,,,,,,,,,,,,,,,,,,"weak_separation,no_breakout,rsi_out_of_zone"
2026-03-16T04:22:51.704740+00:00,BTCUSD,anaconda,24480388,H4,HOLD,HOLD,NONE,0,991.7671102460697,0,,,,,,,,,,,,,,,,17.0,17.0,72522.3,74300.66,72265.17,73822.35,70392.73369153205,70586.59338792649,193.85969639444374,76.71836304777048,73893.83,69338.29,2,,,,,,,,,,,,,,,,,,,,,,,,"weak_separation,no_breakout,rsi_out_of_zone"
2026-03-16T04:27:52.182697+00:00,BTCUSD,anaconda,24480388,H4,HOLD,HOLD,NONE,0,991.7671102460697,0,,,,,,,,,,,,,,,,17.03,17.03,72522.3,74300.66,72265.17,73619.43,70392.73369153205,70586.59338792649,193.85969639444374,75.69259008922828,73893.83,69338.29,2,,,,,,,,,,,,,,,,,,,,,,,,"weak_separation,no_breakout,rsi_out_of_zone"
2026-03-16T04:32:52.700710+00:00,BTCUSD,anaconda,24480388,H4,HOLD,HOLD,NONE,0,991.7671102460697,0,,,,,,,,,,,,,,,,17.06,17.06,72522.3,74300.66,72265.17,73663.74,70392.73369153205,70586.59338792649,193.85969639444374,75.92422018806249,73893.83,69338.29,2,,,,,,,,,,,,,,,,,,,,,,,,"weak_separation,no_breakout,rsi_out_of_zone"
2026-03-16T04:37:53.226895+00:00,BTCUSD,anaconda,24480388,H4,HOLD,HOLD,NONE,0,991.7671102460697,0,,,,,,,,,,,,,,,,16.95,16.95,72522.3,74300.66,72265.17,73634.63,70392.73369153205,70586.59338792649,193.85969639444374,75.7725485085945,73893.83,69338.29,2,,,,,,,,,,,,,,,,,,,,,,,,"weak_separation,no_breakout,rsi_out_of_zone"
2026-03-16T04:37:53.227666+00:00,USDJPY.s,anaconda,24480388,H4,OUTSIDE_HOURS,OUTSIDE_HOURS,NONE,0,0.42377701967145975,0,,,,,,,,,,,,,,,,0.024,0.024,159.292,159.632,159.277,159.582,,,,,,,,,,,,,,,,,,,,,,,,,,,,,,,no_breakout
2026-03-16T04:37:53.228166+00:00,EURUSD.s,anaconda,24480388,H4,OUTSIDE_HOURS,OUTSIDE_HOURS,NONE,0,0.0037079146574264545,0,,,,,,,,,,,,,,,,0.00018,0.00018,1.1454,1.14557,1.14388,1.14443,,,,,,,,,,,,,,,,,,,,,,,,,,,,,,,no_breakout
2026-03-16T04:37:53.228756+00:00,XAUUSD.s,anaconda,24480388,H4,OUTSIDE_HOURS,OUTSIDE_HOURS,NONE,0,53.58042121312273,0,,,,,,,,,,,,,,,,0.35,0.35,5025.8,5026.44,4982.61,5018.9,,,,,,,,,,,,,,,,,,,,,,,,,,,,,,,no_breakout
2026-03-16T04:37:53.229447+00:00,USOUSD.s,anaconda,24480388,H4,OUTSIDE_HOURS,OUTSIDE_HOURS,NONE,0,4.478271593494333,0,,,,,,,,,,,,,,,,0.079,0.079,97.452,99.737,96.707,99.542,,,,,,,,,,,,,,,,,,,,,,,,,,,,,,,no_breakout
2026-03-16T04:42:53.729167+00:00,BTCUSD,anaconda,24480388,H4,HOLD,HOLD,NONE,0,991.7671102460697,0,,,,,,,,,,,,,,,,17.06,17.06,72522.3,74300.66,72265.17,73632.82,70392.73369153205,70586.59338792649,193.85969639444374,75.76305474562953,73893.83,69338.29,2,,,,,,,,,,,,,,,,,,,,,,,,"weak_separation,no_breakout,rsi_out_of_zone"
2026-03-16T04:47:54.200390+00:00,BTCUSD,anaconda,24480388,H4,HOLD,HOLD,NONE,0,991.7671102460697,0,,,,,,,,,,,,,,,,17.05,17.05,72522.3,74300.66,72265.17,73789.77,70392.73369153205,70586.59338792649,193.85969639444374,76.55954316947525,73893.83,69338.29,2,,,,,,,,,,,,,,,,,,,,,,,,"weak_separation,no_breakout,rsi_out_of_zone"
2026-03-16T04:52:54.806817+00:00,BTCUSD,anaconda,24480388,H4,HOLD,HOLD,NONE,0,991.7671102460697,0,,,,,,,,,,,,,,,,17.04,17.04,72522.3,74300.66,72265.17,74021.99,70392.73369153205,70586.59338792649,193.85969639444374,77.64643585398218,73893.83,69338.29,2,,,,,,,,,,,,,,,,,,,,,,,,"weak_separation,no_breakout,rsi_out_of_zone"
2026-03-16T04:57:55.321200+00:00,BTCUSD,anaconda,24480388,H4,HOLD,HOLD,NONE,0,1001.9135388174985,0,,,,,,,,,,,,,,,,16.98,16.98,72522.3,74442.71,72265.17,73833.01,70392.73369153205,70586.59338792649,193.85969639444374,76.76986179989683,73893.83,69338.29,2,,,,,,,,,,,,,,,,,,,,,,,,"weak_separation,no_breakout,rsi_out_of_zone"
2026-03-16T05:02:55.807913+00:00,BTCUSD,anaconda,24480388,H4,HOLD,HOLD,NONE,0,939.4840003567489,0,,,,,,,,,,,,,,,,17.02,17.02,73830.18,73887.8,73759.9,73759.9,70527.536376224,70607.17844946327,79.64207323927258,75.53086995545323,73893.83,69338.29,2,,,,,,,,,,,,,,,,,,,,,,,,"weak_separation,no_breakout,rsi_out_of_zone"
2026-03-16T05:07:56.408809+00:00,BTCUSD,anaconda,24480388,H4,HOLD,HOLD,NONE,0,942.0611432138908,0,,,,,,,,,,,,,,,,17.09,17.09,73830.18,73887.8,73723.82,73820.43,70527.536376224,70607.17844946327,79.64207323927258,76.58318698782259,73893.83,69338.29,2,,,,,,,,,,,,,,,,,,,,,,,,"weak_separation,no_breakout,rsi_out_of_zone"
2026-03-16T05:15:24.868554+00:00,BTCUSD,anaconda,24480388,H4,HOLD,HOLD,NONE,0,955.8875717853189,0,,,,,,,,,,,,,,,,17.04,17.04,73830.18,74081.37,73723.82,73843.82,70527.536376224,70607.17844946327,79.64207323927258,76.82909164351216,73893.83,69338.29,2,,,,,,,,,,,,,,,,,,,,,,,,"weak_separation,no_breakout,rsi_out_of_zone"
2026-03-16T05:15:24.880575+00:00,USDJPY.s,anaconda,24480388,H4,OUTSIDE_HOURS,OUTSIDE_HOURS,NONE,0,0.401721518258688,0,,,,,,,,,,,,,,,,0.023,0.023,159.552,159.576,159.461,159.462,,,,,,,,,,,,,,,,,,,,,,,,,,,,,,,no_breakout
2026-03-16T05:15:24.881247+00:00,EURUSD.s,anaconda,24480388,H4,OUTSIDE_HOURS,OUTSIDE_HOURS,NONE,0,0.0034666350389954076,0,,,,,,,,,,,,,,,,0.00019,0.00019,1.14406,1.14426,1.1439300000000001,1.14406,,,,,,,,,,,,,,,,,,,,,,,,,,,,,,,no_breakout
2026-03-16T05:15:24.881927+00:00,XAUUSD.s,anaconda,24480388,H4,OUTSIDE_HOURS,OUTSIDE_HOURS,NONE,0,50.08753398308134,0,,,,,,,,,,,,,,,,0.34,0.34,5012.74,5015.75,5011.07,5011.33,,,,,,,,,,,,,,,,,,,,,,,,,,,,,,,"no_breakout,rsi_out_of_zone"
2026-03-16T05:15:24.882578+00:00,USOUSD.s,anaconda,24480388,H4,OUTSIDE_HOURS,OUTSIDE_HOURS,NONE,0,4.17625219395764,0,,,,,,,,,,,,,,,,0.079,0.079,99.515,99.657,99.407,99.472,,,,,,,,,,,,,,,,,,,,,,,,,,,,,,,no_breakout
2026-03-16T05:20:25.399675+00:00,BTCUSD,anaconda,24480388,H4,HOLD,HOLD,NONE,0,955.8875717853189,0,,,,,,,,,,,,,,,,17.02,17.02,73830.18,74081.37,73723.82,73904.62,70527.536376224,70607.17844946327,79.64207323927258,77.14860646862991,73893.83,69338.29,2,,,,,,,,,,,,,,,,,,,,,,,,"weak_separation,no_breakout,rsi_out_of_zone"
2026-03-16T05:25:26.008271+00:00,BTCUSD,anaconda,24480388,H4,HOLD,HOLD,NONE,0,955.8875717853189,0,,,,,,,,,,,,,,,,17.05,17.05,73830.18,74081.37,73723.82,73923.87,70527.536376224,70607.17844946327,79.64207323927258,77.24793999041486,73893.83,69338.29,2,,,,,,,,,,,,,,,,,,,,,,,,"weak_separation,no_breakout,rsi_out_of_zone"
2026-03-16T05:30:26.470266+00:00,BTCUSD,anaconda,24480388,H4,HOLD,HOLD,NONE,0,955.8875717853189,0,,,,,,,,,,,,,,,,16.99,16.99,73830.18,74081.37,73723.82,73845.01,70527.536376224,70607.17844946327,79.64207323927258,76.83543101103015,73893.83,69338.29,2,,,,,,,,,,,,,,,,,,,,,,,,"weak_separation,no_breakout,rsi_out_of_zone"
2026-03-16T05:35:26.985281+00:00,BTCUSD,anaconda,24480388,H4,HOLD,HOLD,NONE,0,957.2111432138912,0,,,,,,,,,,,,,,,,17.11,17.11,73830.18,74081.37,73705.29,73827.86,70527.536376224,70607.17844946327,79.64207323927258,76.71438191506977,73893.83,69338.29,2,,,,,,,,,,,,,,,,,,,,,,,,"weak_separation,no_breakout,rsi_out_of_zone"
2026-03-16T05:40:27.457932+00:00,BTCUSD,anaconda,24480388,H4,HOLD,HOLD,NONE,0,957.2111432138912,0,,,,,,,,,,,,,,,,17.0,17.0,73830.18,74081.37,73705.29,73976.52,70527.536376224,70607.17844946327,79.64207323927258,77.5152643721222,73893.83,69338.29,2,,,,,,,,,,,,,,,,,,,,,,,,"weak_separation,no_breakout,rsi_out_of_zone"
2026-03-16T05:45:27.928718+00:00,BTCUSD,anaconda,24480388,H4,HOLD,HOLD,NONE,0,957.3204289281769,0,,,,,,,,,,,,,,,,17.04,17.04,73830.18,74082.9,73705.29,74014.59,70527.536376224,70607.17844946327,79.64207323927258,77.70468010808386,73893.83,69338.29,2,,,,,,,,,,,,,,,,,,,,,,,,"weak_separation,no_breakout,rsi_out_of_zone"
2026-03-16T05:50:28.424355+00:00,BTCUSD,anaconda,24480388,H4,HOLD,HOLD,NONE,0,959.4304289281774,0,,,,,,,,,,,,,,,,17.04,17.04,73830.18,74112.44,73705.29,74112.44,70527.536376224,70607.17844946327,79.64207323927258,78.17719637905634,73893.83,69338.29,2,,,,,,,,,,,,,,,,,,,,,,,,"weak_separation,no_breakout,rsi_out_of_zone"
2026-03-16T05:53:42.834988+00:00,BTCUSD,anaconda,24480388,H4,HOLD,HOLD,NONE,0,961.1132860710344,0,,,,,,,,,,,,,,,,17.02,17.02,73830.18,74136.0,73705.29,74088.37,70527.536376224,70607.17844946327,79.64207323927258,78.06282985444342,73893.83,69338.29,2,,,,,,,,,,,,,,,,,,,,,,,,"weak_separation,no_breakout,rsi_out_of_zone"
2026-03-16T05:53:42.848118+00:00,USDJPY.s,anaconda,24480388,H4,OUTSIDE_HOURS,OUTSIDE_HOURS,NONE,0,0.41243580397297414,0,,,,,,,,,,,,,,,,0.023,0.023,159.552,159.576,159.311,159.329,,,,,,,,,,,,,,,,,,,,,,,,,,,,,,,no_breakout
2026-03-16T05:53:42.848884+00:00,EURUSD.s,anaconda,24480388,H4,OUTSIDE_HOURS,OUTSIDE_HOURS,NONE,0,0.0035023493247097054,0,,,,,,,,,,,,,,,,0.00019,0.00019,1.14406,1.14426,1.14343,1.14348,,,,,,,,,,,,,,,,,,,,,,,,,,,,,,,"no_breakout,rsi_out_of_zone"
2026-03-16T05:53:42.849524+00:00,XAUUSD.s,anaconda,24480388,H4,OUTSIDE_HOURS,OUTSIDE_HOURS,NONE,0,50.888248268795635,0,,,,,,,,,,,,,,,,0.34,0.34,5012.74,5019.06,5003.17,5018.97,,,,,,,,,,,,,,,,,,,,,,,,,,,,,,,no_breakout
2026-03-16T05:53:42.850161+00:00,USOUSD.s,anaconda,24480388,H4,OUTSIDE_HOURS,OUTSIDE_HOURS,NONE,0,4.23875219395764,0,,,,,,,,,,,,,,,,0.079,0.079,99.515,99.707,98.582,98.722,,,,,,,,,,,,,,,,,,,,,,,,,,,,,,,no_breakout
2026-03-16T05:58:43.435721+00:00,BTCUSD,anaconda,24480388,H4,HOLD,HOLD,NONE,0,968.6290003567487,0,,,,,,,,,,,,,,,,17.12,17.12,73830.18,74241.22,73705.29,74176.89,70527.536376224,70607.17844946327,79.64207323927258,78.4776345798499,73893.83,69338.29,2,,,,,,,,,,,,,,,,,,,,,,,,"weak_separation,no_breakout,rsi_out_of_zone"
2026-03-16T06:03:43.910901+00:00,BTCUSD,anaconda,24480388,H4,HOLD,HOLD,NONE,0,968.6290003567487,0,,,,,,,,,,,,,,,,16.99,16.99,73830.18,74241.22,73705.29,73979.54,70527.536376224,70607.17844946327,79.64207323927258,77.5304077097818,73893.83,69338.29,2,,,,,,,,,,,,,,,,,,,,,,,,"weak_separation,no_breakout,rsi_out_of_zone"
2026-03-16T06:08:44.359512+00:00,BTCUSD,anaconda,24480388,H4,HOLD,HOLD,NONE,0,968.6290003567487,0,,,,,,,,,,,,,,,,16.99,16.99,73830.18,74241.22,73705.29,73789.87,70527.536376224,70607.17844946327,79.64207323927258,76.04826053643602,73893.83,69338.29,2,,,,,,,,,,,,,,,,,,,,,,,,"weak_separation,no_breakout,rsi_out_of_zone"
2026-03-16T06:13:44.879604+00:00,BTCUSD,anaconda,24480388,H4,HOLD,HOLD,NONE,0,976.3968574996059,0,,,,,,,,,,,,,,,,17.11,17.11,73830.18,74241.22,73596.54,73639.15,70527.536376224,70607.17844946327,79.64207323927258,73.51570881973599,73893.83,69338.29,2,,,,,,,,,,,,,,,,,,,,,,,,"weak_separation,no_breakout,rsi_out_of_zone"
2026-03-16T06:18:45.413572+00:00,BTCUSD,anaconda,24480388,H4,HOLD,HOLD,NONE,0,976.3968574996059,0,,,,,,,,,,,,,,,,17.02,17.02,73830.18,74241.22,73596.54,73744.09,70527.536376224,70607.17844946327,79.64207323927258,75.26075853206537,73893.83,69338.29,2,,,,,,,,,,,,,,,,,,,,,,,,"weak_separation,no_breakout,rsi_out_of_zone"
2026-03-16T06:23:45.898189+00:00,BTCUSD,anaconda,24480388,H4,HOLD,HOLD,NONE,0,976.3968574996059,0,,,,,,,,,,,,,,,,17.07,17.07,73830.18,74241.22,73596.54,73767.66,70527.536376224,70607.17844946327,79.64207323927258,75.66415898959275,73893.83,69338.29,2,,,,,,,,,,,,,,,,,,,,,,,,"weak_separation,no_breakout,rsi_out_of_zone"
2026-03-16T06:28:46.388478+00:00,BTCUSD,anaconda,24480388,H4,HOLD,HOLD,NONE,0,976.3968574996059,0,,,,,,,,,,,,,,,,17.03,17.03,73830.18,74241.22,73596.54,73732.53,70527.536376224,70607.17844946327,79.64207323927258,75.06447724673218,73893.83,69338.29,2,,,,,,,,,,,,,,,,,,,,,,,,"weak_separation,no_breakout,rsi_out_of_zone"
2026-03-16T06:50:54.247103+00:00,BTCUSD,anaconda,24480388,H4,HOLD,HOLD,NONE,0,976.3968574996059,0,,,,,,,,,,,,,,,,17.07,17.07,73830.18,74241.22,73596.54,73801.03,70527.536376224,70607.17844946327,79.64207323927258,76.24273830771938,73893.83,69338.29,2,,,,,,,,,,,,,,,,,,,,,,,,"weak_separation,no_breakout,rsi_out_of_zone"
2026-03-16T06:50:54.259773+00:00,USDJPY.s,anaconda,24480388,H4,OUTSIDE_HOURS,OUTSIDE_HOURS,NONE,0,0.41607866111583247,0,,,,,,,,,,,,,,,,0.024,0.024,159.552,159.576,159.26,159.358,,,,,,,,,,,,,,,,,,,,,,,,,,,,,,,no_breakout
2026-03-16T06:50:54.260400+00:00,EURUSD.s,anaconda,24480388,H4,OUTSIDE_HOURS,OUTSIDE_HOURS,NONE,0,0.003580920753281125,0,,,,,,,,,,,,,,,,0.00018,0.00018,1.14406,1.14426,1.14233,1.14234,,,,,,,,,,,,,,,,,,,,,,,,,,,,,,,"no_breakout,rsi_out_of_zone"
2026-03-16T06:50:54.261055+00:00,XAUUSD.s,anaconda,24480388,H4,OUTSIDE_HOURS,OUTSIDE_HOURS,NONE,0,52.09110541165272,0,,,,,,,,,,,,,,,,0.28,0.28,5012.74,5035.9,5003.17,5009.49,,,,,,,,,,,,,,,,,,,,,,,,,,,,,,,"no_breakout,rsi_out_of_zone"
2026-03-16T06:50:54.261603+00:00,USOUSD.s,anaconda,24480388,H4,OUTSIDE_HOURS,OUTSIDE_HOURS,NONE,0,4.274109336814782,0,,,,,,,,,,,,,,,,0.079,0.079,99.515,99.707,98.087,99.272,,,,,,,,,,,,,,,,,,,,,,,,,,,,,,,no_breakout
2026-03-16T06:55:54.784541+00:00,BTCUSD,anaconda,24480388,H4,HOLD,HOLD,NONE,0,976.3968574996059,0,,,,,,,,,,,,,,,,16.97,16.97,73830.18,74241.22,73596.54,73810.86,70527.536376224,70607.17844946327,79.64207323927258,76.4148648547547,73893.83,69338.29,2,,,,,,,,,,,,,,,,,,,,,,,,"weak_separation,no_breakout,rsi_out_of_zone"
2026-03-16T07:00:55.278740+00:00,BTCUSD,anaconda,24480388,H4,HOLD,HOLD,NONE,0,976.3968574996059,0,,,,,,,,,,,,,,,,17.12,17.12,73830.18,74241.22,73596.54,73676.43,70527.536376224,70607.17844946327,79.64207323927258,74.12629412019388,73893.83,69338.29,2,,,,,,,,,,,,,,,,,,,,,,,,"weak_separation,no_breakout,rsi_out_of_zone"
2026-03-16T07:00:55.280692+00:00,USDJPY.s,anaconda,24480388,H4,HOLD,HOLD,NONE,0,0.41607866111583247,0,,,,,,,,,,,,,,,,0.025,0.025,159.552,159.576,159.26,159.274,158.30527416944395,156.7272158516764,1.5780583177675567,54.379222188399545,159.732,157.393,4,,,,,,,,,,,,,,,,,,,,,,,,no_breakout
2026-03-16T07:00:55.282698+00:00,EURUSD.s,anaconda,24480388,H4,HOLD,HOLD,NONE,0,0.003580920753281125,0,,,,,,,,,,,,,,,,0.00019,0.00019,1.14406,1.14426,1.14233,1.1429,1.1571286104173766,1.1696100442783819,0.012481433861005309,33.664032213203654,1.16665,1.1409799999999999,3,,,,,,,,,,,,,,,,,,,,,,,,"no_breakout,rsi_out_of_zone"
2026-03-16T07:00:55.284799+00:00,XAUUSD.s,anaconda,24480388,H4,HOLD,HOLD,NONE,0,52.09110541165272,0,,,,,,,,,,,,,,,,0.29,0.29,5012.74,5035.9,5003.17,5012.81,5130.2680241375865,5044.80362214573,85.4644019918569,31.324094582554224,5238.46,5009.64,3,,,,,,,,,,,,,,,,,,,,,,,,"no_breakout,rsi_out_of_zone"
2026-03-16T07:00:55.286423+00:00,USOUSD.s,anaconda,24480388,H4,HOLD,HOLD,NONE,0,4.274109336814782,0,,,,,,,,,,,,,,,,0.079,0.079,99.515,99.707,98.087,98.802,88.35079639652156,74.21987317891174,14.13092321760982,61.518776511454,99.285,76.779,4,,,,,,,,,,,,,,,,,,,,,,,,no_breakout
2026-03-16T07:05:55.885835+00:00,BTCUSD,anaconda,24480388,H4,HOLD,HOLD,NONE,0,976.3968574996059,0,,,,,,,,,,,,,,,,17.1,17.1,73830.18,74241.22,73596.54,73828.27,70527.536376224,70607.17844946327,79.64207323927258,76.72163456135942,73893.83,69338.29,2,,,,,,,,,,,,,,,,,,,,,,,,"weak_separation,no_breakout,rsi_out_of_zone"
2026-03-16T07:05:55.887266+00:00,USDJPY.s,anaconda,24480388,H4,HOLD,HOLD,NONE,0,0.4190786611158326,0,,,,,,,,,,,,,,,,0.024,0.024,159.552,159.576,159.218,159.25,158.30527416944395,156.7272158516764,1.5780583177675567,53.795000512676346,159.732,157.393,4,,,,,,,,,,,,,,,,,,,,,,,,no_breakout
2026-03-16T07:05:55.889013+00:00,EURUSD.s,anaconda,24480388,H4,HOLD,HOLD,NONE,0,0.003580920753281125,0,,,,,,,,,,,,,,,,0.00019,0.00019,1.14406,1.14426,1.14233,1.14309,1.1571286104173766,1.1696100442783819,0.012481433861005309,33.9435450027738,1.16665,1.1409799999999999,3,,,,,,,,,,,,,,,,,,,,,,,,"no_breakout,rsi_out_of_zone"
2026-03-16T07:05:55.890435+00:00,XAUUSD.s,anaconda,24480388,H4,HOLD,HOLD,NONE,0,52.09110541165272,0,,,,,,,,,,,,,,,,0.31,0.31,5012.74,5035.9,5003.17,5012.04,5130.2680241375865,5044.80362214573,85.4644019918569,31.213126020287916,5238.46,5009.64,3,,,,,,,,,,,,,,,,,,,,,,,,"no_breakout,rsi_out_of_zone"
2026-03-16T07:05:55.891611+00:00,USOUSD.s,anaconda,24480388,H4,HOLD,HOLD,NONE,0,4.274109336814782,0,,,,,,,,,,,,,,,,0.079,0.079,99.515,99.707,98.087,98.887,88.35079639652156,74.21987317891174,14.13092321760982,61.7844076302255,99.285,76.779,4,,,,,,,,,,,,,,,,,,,,,,,,no_breakout
2026-03-16T07:10:56.379233+00:00,BTCUSD,anaconda,24480388,H4,HOLD,HOLD,NONE,0,976.3968574996059,0,,,,,,,,,,,,,,,,16.97,16.97,73830.18,74241.22,73596.54,73901.17,70527.536376224,70607.17844946327,79.64207323927258,77.1307121110466,73893.83,69338.29,2,,,,,,,,,,,,,,,,,,,,,,,,"weak_separation,no_breakout,rsi_out_of_zone"
2026-03-16T07:10:56.380836+00:00,USDJPY.s,anaconda,24480388,H4,HOLD,HOLD,NONE,0,0.421078661115832,0,,,,,,,,,,,,,,,,0.024,0.024,159.552,159.576,159.19,159.212,158.30527416944395,156.7272158516764,1.5780583177675567,52.89522636747215,159.732,157.393,4,,,,,,,,,,,,,,,,,,,,,,,,no_breakout
2026-03-16T07:10:56.382064+00:00,EURUSD.s,anaconda,24480388,H4,HOLD,HOLD,NONE,0,0.003580920753281125,0,,,,,,,,,,,,,,,,0.00019,0.00019,1.14406,1.14426,1.14233,1.14308,1.1571286104173766,1.1696100442783819,0.012481433861005309,33.92871813543836,1.16665,1.1409799999999999,3,,,,,,,,,,,,,,,,,,,,,,,,"no_breakout,rsi_out_of_zone"
2026-03-16T07:10:56.383205+00:00,XAUUSD.s,anaconda,24480388,H4,HOLD,HOLD,NONE,0,52.09110541165272,0,,,,,,,,,,,,,,,,0.32,0.32,5012.74,5035.9,5003.17,5012.16,5130.2680241375865,5044.80362214573,85.4644019918569,31.229361804224595,5238.46,5009.64,3,,,,,,,,,,,,,,,,,,,,,,,,"no_breakout,rsi_out_of_zone"
2026-03-16T07:10:56.384606+00:00,USOUSD.s,anaconda,24480388,H4,HOLD,HOLD,NONE,0,4.274109336814782,0,,,,,,,,,,,,,,,,0.099,0.099,99.515,99.707,98.087,99.357,88.35079639652156,74.21987317891174,14.13092321760982,63.295614127082125,99.285,76.779,4,,,,,,,,,,,,,,,,,,,,,,,,no_breakout
2026-03-16T07:15:56.907831+00:00,BTCUSD,anaconda,24480388,H4,HOLD,HOLD,NONE,0,976.3968574996059,0,,,,,,,,,,,,,,,,16.99,16.99,73830.18,74241.22,73596.54,73828.12,70527.536376224,70607.17844946327,79.64207323927258,76.71898099510656,73893.83,69338.29,2,,,,,,,,,,,,,,,,,,,,,,,,"weak_separation,no_breakout,rsi_out_of_zone"
2026-03-16T07:15:56.909629+00:00,USDJPY.s,anaconda,24480388,H4,HOLD,HOLD,NONE,0,0.4229358039729756,0,,,,,,,,,,,,,,,,0.024,0.024,159.552,159.576,159.164,159.224,158.30527416944395,156.7272158516764,1.5780583177675567,53.17609658960123,159.732,157.393,4,,,,,,,,,,,,,,,,,,,,,,,,no_breakout
2026-03-16T07:15:56.911503+00:00,EURUSD.s,anaconda,24480388,H4,HOLD,HOLD,NONE,0,0.003580920753281125,0,,,,,,,,,,,,,,,,0.00019,0.00019,1.14406,1.14426,1.14233,1.14298,1.1571286104173766,1.1696100442783819,0.012481433861005309,33.78115878073724,1.16665,1.1409799999999999,3,,,,,,,,,,,,,,,,,,,,,,,,"no_breakout,rsi_out_of_zone"
2026-03-16T07:15:56.913322+00:00,XAUUSD.s,anaconda,24480388,H4,HOLD,HOLD,NONE,0,52.24753398308133,0,,,,,,,,,,,,,,,,0.31,0.31,5012.74,5035.9,5000.98,5004.32,5130.2680241375865,5044.80362214573,85.4644019918569,30.20295333782485,5238.46,5009.64,3,,,,,,,,,,,,,,,,,,,,,,,,"no_breakout,rsi_out_of_zone"
2026-03-16T07:15:56.914720+00:00,USOUSD.s,anaconda,24480388,H4,HOLD,HOLD,NONE,0,4.284466479671925,0,,,,,,,,,,,,,,,,0.079,0.079,99.515,99.852,98.087,99.572,88.35079639652156,74.21987317891174,14.13092321760982,63.92680870090882,99.285,76.779,4,,,,,,,,,,,,,,,,,,,,,,,,no_breakout
2026-03-16T07:20:57.457354+00:00,BTCUSD,anaconda,24480388,H4,HOLD,HOLD,NONE,0,976.3968574996059,0,,,,,,,,,,,,,,,,16.95,16.95,73830.18,74241.22,73596.54,73755.21,70527.536376224,70607.17844946327,79.64207323927258,75.45053997055102,73893.83,69338.29,2,,,,,,,,,,,,,,,,,,,,,,,,"weak_separation,no_breakout,rsi_out_of_zone"
2026-03-16T07:20:57.458624+00:00,USDJPY.s,anaconda,24480388,H4,HOLD,HOLD,NONE,0,0.4229358039729756,0,,,,,,,,,,,,,,,,0.024,0.024,159.552,159.576,159.164,159.238,158.30527416944395,156.7272158516764,1.5780583177675567,53.50757194997833,159.732,157.393,4,,,,,,,,,,,,,,,,,,,,,,,,no_breakout
2026-03-16T07:20:57.459892+00:00,EURUSD.s,anaconda,24480388,H4,HOLD,HOLD,NONE,0,0.003580920753281125,0,,,,,,,,,,,,,,,,0.00018,0.00018,1.14406,1.14426,1.14233,1.14301,1.1571286104173766,1.1696100442783819,0.012481433861005309,33.82529164353126,1.16665,1.1409799999999999,3,,,,,,,,,,,,,,,,,,,,,,,,"no_breakout,rsi_out_of_zone"
2026-03-16T07:20:57.461277+00:00,XAUUSD.s,anaconda,24480388,H4,HOLD,HOLD,NONE,0,52.24753398308133,0,,,,,,,,,,,,,,,,0.32,0.32,5012.74,5035.9,5000.98,5007.59,5130.2680241375865,5044.80362214573,85.4644019918569,30.622744133613196,5238.46,5009.64,3,,,,,,,,,,,,,,,,,,,,,,,,"no_breakout,rsi_out_of_zone"
2026-03-16T07:20:57.462528+00:00,USOUSD.s,anaconda,24480388,H4,HOLD,HOLD,NONE,0,4.31125219395764,0,,,,,,,,,,,,,,,,0.079,0.079,99.515,100.227,98.087,100.102,88.35079639652156,74.21987317891174,14.13092321760982,64.89994579133113,99.285,76.779,4,,,,,,,,,,,,,,,,,,,,,,,,no_breakout
2026-03-16T07:25:57.953124+00:00,BTCUSD,anaconda,24480388,H4,HOLD,HOLD,NONE,0,976.3968574996059,0,,,,,,,,,,,,,,,,17.0,17.0,73830.18,74241.22,73596.54,73722.6,70527.536376224,70607.17844946327,79.64207323927258,74.89668792081497,73893.83,69338.29,2,,,,,,,,,,,,,,,,,,,,,,,,"weak_separation,no_breakout,rsi_out_of_zone"
2026-03-16T07:25:57.954472+00:00,USDJPY.s,anaconda,24480388,H4,HOLD,HOLD,NONE,0,0.4229358039729756,0,,,,,,,,,,,,,,,,0.024,0.024,159.552,159.576,159.164,159.297,158.30527416944395,156.7272158516764,1.5780583177675567,54.95113391685807,159.732,157.393,4,,,,,,,,,,,,,,,,,,,,,,,,no_breakout
2026-03-16T07:25:57.955746+00:00,EURUSD.s,anaconda,24480388,H4,HOLD,HOLD,NONE,0,0.003580920753281125,0,,,,,,,,,,,,,,,,0.00019,0.00019,1.14406,1.14426,1.14233,1.14279,1.1571286104173766,1.1696100442783819,0.012481433861005309,33.50430307077217,1.16665,1.1409799999999999,3,,,,,,,,,,,,,,,,,,,,,,,,"no_breakout,rsi_out_of_zone"
2026-03-16T07:25:57.956999+00:00,XAUUSD.s,anaconda,24480388,H4,HOLD,HOLD,NONE,0,52.24753398308133,0,,,,,,,,,,,,,,,,0.28,0.28,5012.74,5035.9,5000.98,5003.88,5130.2680241375865,5044.80362214573,85.4644019918569,30.14734463097136,5238.46,5009.64,3,,,,,,,,,,,,,,,,,,,,,,,,"no_breakout,rsi_out_of_zone"
2026-03-16T07:25:57.958297+00:00,USOUSD.s,anaconda,24480388,H4,HOLD,HOLD,NONE,0,4.317680765386211,0,,,,,,,,,,,,,,,,0.079,0.079,99.515,100.317,98.087,100.232,88.35079639652156,74.21987317891174,14.13092321760982,65.13067389552432,99.285,76.779,4,,,,,,,,,,,,,,,,,,,,,,,,no_breakout
2026-03-16T07:30:58.474740+00:00,BTCUSD,anaconda,24480388,H4,HOLD,HOLD,NONE,0,976.3968574996059,0,,,,,,,,,,,,,,,,17.09,17.09,73830.18,74241.22,73596.54,73809.05,70527.536376224,70607.17844946327,79.64207323927258,76.38311280395135,73893.83,69338.29,2,,,,,,,,,,,,,,,,,,,,,,,,"weak_separation,no_breakout,rsi_out_of_zone"
2026-03-16T07:30:58.476267+00:00,USDJPY.s,anaconda,24480388,H4,HOLD,HOLD,NONE,0,0.4229358039729756,0,,,,,,,,,,,,,,,,0.023,0.023,159.552,159.576,159.164,159.336,158.30527416944395,156.7272158516764,1.5780583177675567,55.94888970296734,159.732,157.393,4,,,,,,,,,,,,,,,,,,,,,,,,no_breakout
2026-03-16T07:30:58.477508+00:00,EURUSD.s,anaconda,24480388,H4,HOLD,HOLD,NONE,0,0.003580920753281125,0,,,,,,,,,,,,,,,,0.00018,0.00018,1.14406,1.14426,1.14233,1.14255,1.1571286104173766,1.1696100442783819,0.012481433861005309,33.161010551605386,1.16665,1.1409799999999999,3,,,,,,,,,,,,,,,,,,,,,,,,"no_breakout,rsi_out_of_zone"
2026-03-16T07:30:58.478663+00:00,XAUUSD.s,anaconda,24480388,H4,HOLD,HOLD,NONE,0,52.44824826879558,0,,,,,,,,,,,,,,,,0.28,0.28,5012.74,5035.9,4998.17,5003.14,5130.2680241375865,5044.80362214573,85.4644019918569,30.054281261226663,5238.46,5009.64,3,,,,,,,,,,,,,,,,,,,,,,,,"no_breakout,rsi_out_of_zone"
2026-03-16T07:30:58.479762+00:00,USOUSD.s,anaconda,24480388,H4,HOLD,HOLD,NONE,0,4.335537908243353,0,,,,,,,,,,,,,,,,0.079,0.079,99.515,100.567,98.087,100.477,88.35079639652156,74.21987317891174,14.13092321760982,65.55736327540853,99.285,76.779,4,,,,,,,,,,,,,,,,,,,,,,,,no_breakout
2026-03-16T07:35:58.991066+00:00,BTCUSD,anaconda,24480388,H4,HOLD,HOLD,NONE,0,976.3968574996059,0,,,,,,,,,,,,,,,,17.05,17.05,73830.18,74241.22,73596.54,73651.37,70527.536376224,70607.17844946327,79.64207323927258,73.71474118469602,73893.83,69338.29,2,,,,,,,,,,,,,,,,,,,,,,,,"weak_separation,no_breakout,rsi_out_of_zone"
2026-03-16T07:35:58.992398+00:00,USDJPY.s,anaconda,24480388,H4,HOLD,HOLD,NONE,0,0.4229358039729756,0,,,,,,,,,,,,,,,,0.023,0.023,159.552,159.576,159.164,159.335,158.30527416944395,156.7272158516764,1.5780583177675567,55.92285381971868,159.732,157.393,4,,,,,,,,,,,,,,,,,,,,,,,,no_breakout
2026-03-16T07:35:58.993670+00:00,EURUSD.s,anaconda,24480388,H4,HOLD,HOLD,NONE,0,0.0036373493247097016,0,,,,,,,,,,,,,,,,0.0002,0.0002,1.14406,1.14426,1.14154,1.14154,1.1571286104173766,1.1696100442783819,0.012481433861005309,31.790231152593506,1.16665,1.1409799999999999,3,,,,,,,,,,,,,,,,,,,,,,,,"no_breakout,rsi_out_of_zone"
2026-03-16T07:35:58.995129+00:00,XAUUSD.s,anaconda,24480388,H4,HOLD,HOLD,NONE,0,52.44824826879558,0,,,,,,,,,,,,,,,,0.31,0.31,5012.74,5035.9,4998.17,5003.04,5130.2680241375865,5044.80362214573,85.4644019918569,30.041749179904713,5238.46,5009.64,3,,,,,,,,,,,,,,,,,,,,,,,,"no_breakout,rsi_out_of_zone"
2026-03-16T07:35:58.996239+00:00,USOUSD.s,anaconda,24480388,H4,HOLD,HOLD,NONE,0,4.365180765386211,0,,,,,,,,,,,,,,,,0.079,0.079,99.515,100.982,98.087,100.692,88.35079639652156,74.21987317891174,14.13092321760982,65.92329348875974,99.285,76.779,4,,,,,,,,,,,,,,,,,,,,,,,,no_breakout
2026-03-16T07:40:59.503357+00:00,BTCUSD,anaconda,24480388,H4,HOLD,HOLD,NONE,0,987.0290003567482,0,,,,,,,,,,,,,,,,17.11,17.11,73830.18,74241.22,73447.69,73526.34,70527.536376224,70607.17844946327,79.64207323927258,71.72784861926237,73893.83,69338.29,2,,,,,,,,,,,,,,,,,,,,,,,,"weak_separation,no_breakout,rsi_out_of_zone"
2026-03-16T07:40:59.505149+00:00,USDJPY.s,anaconda,24480388,H4,HOLD,HOLD,NONE,0,0.4229358039729756,0,,,,,,,,,,,,,,,,0.023,0.023,159.552,159.576,159.164,159.331,158.30527416944395,156.7272158516764,1.5780583177675567,55.81895215310568,159.732,157.393,4,,,,,,,,,,,,,,,,,,,,,,,,no_breakout
2026-03-16T07:40:59.507163+00:00,EURUSD.s,anaconda,24480388,H4,HOLD,HOLD,NONE,0,0.0036523493247097045,0,,,,,,,,,,,,,,,,0.00019,0.00019,1.14406,1.14426,1.14133,1.14155,1.1571286104173766,1.1696100442783819,0.012481433861005309,31.803247523266066,1.16665,1.1409799999999999,3,,,,,,,,,,,,,,,,,,,,,,,,"no_breakout,rsi_out_of_zone"
2026-03-16T07:40:59.509111+00:00,XAUUSD.s,anaconda,24480388,H4,HOLD,HOLD,NONE,0,52.89896255450989,0,,,,,,,,,,,,,,,,0.29,0.29,5012.74,5035.9,4991.86,4996.5,5130.2680241375865,5044.80362214573,85.4644019918569,29.244241331924428,5238.46,5009.64,3,,,,,,,,,,,,,,,,,,,,,,,,"no_breakout,rsi_out_of_zone"
2026-03-16T07:40:59.510961+00:00,USOUSD.s,anaconda,24480388,H4,HOLD,HOLD,NONE,0,4.365180765386211,0,,,,,,,,,,,,,,,,0.079,0.079,99.515,100.982,98.087,100.667,88.35079639652156,74.21987317891174,14.13092321760982,65.88114345814814,99.285,76.779,4,,,,,,,,,,,,,,,,,,,,,,,,no_breakout
2026-03-16T07:45:59.988706+00:00,BTCUSD,anaconda,24480388,H4,HOLD,HOLD,NONE,0,987.0290003567482,0,,,,,,,,,,,,,,,,17.04,17.04,73830.18,74241.22,73447.69,73486.42,70527.536376224,70607.17844946327,79.64207323927258,71.1158328091358,73893.83,69338.29,2,,,,,,,,,,,,,,,,,,,,,,,,"weak_separation,no_breakout,rsi_out_of_zone"
2026-03-16T07:45:59.990217+00:00,USDJPY.s,anaconda,24480388,H4,HOLD,HOLD,NONE,0,0.4229358039729756,0,,,,,,,,,,,,,,,,0.023,0.023,159.552,159.576,159.164,159.346,158.30527416944395,156.7272158516764,1.5780583177675567,56.21058813393508,159.732,157.393,4,,,,,,,,,,,,,,,,,,,,,,,,no_breakout
2026-03-16T07:45:59.991552+00:00,EURUSD.s,anaconda,24480388,H4,HOLD,HOLD,NONE,0,0.0036523493247097045,0,,,,,,,,,,,,,,,,0.00019,0.00019,1.14406,1.14426,1.14133,1.14205,1.1571286104173766,1.1696100442783819,0.012481433861005309,32.467940308927496,1.16665,1.1409799999999999,3,,,,,,,,,,,,,,,,,,,,,,,,"no_breakout,rsi_out_of_zone"
2026-03-16T07:45:59.992852+00:00,XAUUSD.s,anaconda,24480388,H4,HOLD,HOLD,NONE,0,52.89896255450989,0,,,,,,,,,,,,,,,,0.32,0.32,5012.74,5035.9,4991.86,4996.94,5130.2680241375865,5044.80362214573,85.4644019918569,29.296565386040314,5238.46,5009.64,3,,,,,,,,,,,,,,,,,,,,,,,,"no_breakout,rsi_out_of_zone"
2026-03-16T07:45:59.993988+00:00,USOUSD.s,anaconda,24480388,H4,HOLD,HOLD,NONE,0,4.365180765386211,0,,,,,,,,,,,,,,,,0.079,0.079,99.515,100.982,98.087,100.772,88.35079639652156,74.21987317891174,14.13092321760982,66.05747649952511,99.285,76.779,4,,,,,,,,,,,,,,,,,,,,,,,,no_breakout
2026-03-16T07:51:00.642083+00:00,BTCUSD,anaconda,24480388,H4,HOLD,HOLD,NONE,0,988.8247146424624,0,,,,,,,,,,,,,,,,16.95,16.95,73830.18,74241.22,73422.55,73456.12,70527.536376224,70607.17844946327,79.64207323927258,70.65822894834905,73893.83,69338.29,2,,,,,,,,,,,,,,,,,,,,,,,,"weak_separation,no_breakout,rsi_out_of_zone"
2026-03-16T07:51:00.643765+00:00,USDJPY.s,anaconda,24480388,H4,HOLD,HOLD,NONE,0,0.4229358039729756,0,,,,,,,,,,,,,,,,0.032,0.032,159.552,159.576,159.164,159.271,158.30527416944395,156.7272158516764,1.5780583177675567,54.305501464437434,159.732,157.393,4,,,,,,,,,,,,,,,,,,,,,,,,no_breakout
2026-03-16T07:51:00.645255+00:00,EURUSD.s,anaconda,24480388,H4,HOLD,HOLD,NONE,0,0.0036523493247097045,0,,,,,,,,,,,,,,,,0.00019,0.00019,1.14406,1.14426,1.14133,1.14245,1.1571286104173766,1.1696100442783819,0.012481433861005309,33.02003944881123,1.16665,1.1409799999999999,3,,,,,,,,,,,,,,,,,,,,,,,,"no_breakout,rsi_out_of_zone"
2026-03-16T07:51:00.646737+00:00,XAUUSD.s,anaconda,24480388,H4,HOLD,HOLD,NONE,0,52.89896255450989,0,,,,,,,,,,,,,,,,0.28,0.28,5012.74,5035.9,4991.86,4999.08,5130.2680241375865,5044.80362214573,85.4644019918569,29.553743868285892,5238.46,5009.64,3,,,,,,,,,,,,,,,,,,,,,,,,"no_breakout,rsi_out_of_zone"
2026-03-16T07:51:00.647979+00:00,USOUSD.s,anaconda,24480388,H4,HOLD,HOLD,NONE,0,4.365180765386211,0,,,,,,,,,,,,,,,,0.079,0.079,99.515,100.982,98.087,100.762,88.35079639652156,74.21987317891174,14.13092321760982,66.04076144201395,99.285,76.779,4,,,,,,,,,,,,,,,,,,,,,,,,no_breakout
2026-03-16T07:56:01.152874+00:00,BTCUSD,anaconda,24480388,H4,HOLD,HOLD,NONE,0,992.0354289281764,0,,,,,,,,,,,,,,,,17.06,17.06,73830.18,74241.22,73377.6,73489.7,70527.536376224,70607.17844946327,79.64207323927258,71.16572459194687,73893.83,69338.29,2,,,,,,,,,,,,,,,,,,,,,,,,"weak_separation,no_breakout,rsi_out_of_zone"
2026-03-16T07:56:01.154332+00:00,USDJPY.s,anaconda,24480388,H4,HOLD,HOLD,NONE,0,0.4229358039729756,0,,,,,,,,,,,,,,,,0.023,0.023,159.552,159.576,159.164,159.268,158.30527416944395,156.7272158516764,1.5780583177675567,54.231980353016716,159.732,157.393,4,,,,,,,,,,,,,,,,,,,,,,,,no_breakout
2026-03-16T07:56:01.155826+00:00,EURUSD.s,anaconda,24480388,H4,HOLD,HOLD,NONE,0,0.0036523493247097045,0,,,,,,,,,,,,,,,,0.00019,0.00019,1.14406,1.14426,1.14133,1.1424,1.1571286104173766,1.1696100442783819,0.012481433861005309,32.95000240682903,1.16665,1.1409799999999999,3,,,,,,,,,,,,,,,,,,,,,,,,"no_breakout,rsi_out_of_zone"
2026-03-16T07:56:01.157202+00:00,XAUUSD.s,anaconda,24480388,H4,HOLD,HOLD,NONE,0,52.89896255450989,0,,,,,,,,,,,,,,,,0.29,0.29,5012.74,5035.9,4991.86,4997.88,5130.2680241375865,5044.80362214573,85.4644019918569,29.408978283187196,5238.46,5009.64,3,,,,,,,,,,,,,,,,,,,,,,,,"no_breakout,rsi_out_of_zone"
2026-03-16T07:56:01.158302+00:00,USOUSD.s,anaconda,24480388,H4,HOLD,HOLD,NONE,0,4.365180765386211,0,,,,,,,,,,,,,,,,0.079,0.079,99.515,100.982,98.087,100.692,88.35079639652156,74.21987317891174,14.13092321760982,65.92329348875974,99.285,76.779,4,,,,,,,,,,,,,,,,,,,,,,,,no_breakout
2026-03-16T08:01:01.638080+00:00,BTCUSD,anaconda,24480388,H4,HOLD,HOLD,NONE,0,992.0354289281764,0,,,,,,,,,,,,,,,,17.09,17.09,73830.18,74241.22,73377.6,73620.31,70527.536376224,70607.17844946327,79.64207323927258,73.21095083135256,73893.83,69338.29,2,,,,,,,,,,,,,,,,,,,,,,,,"weak_separation,no_breakout,rsi_out_of_zone"
2026-03-16T08:01:01.639571+00:00,USDJPY.s,anaconda,24480388,H4,HOLD,HOLD,NONE,0,0.4229358039729756,0,,,,,,,,,,,,,,,,0.024,0.024,159.552,159.576,159.164,159.241,158.30527416944395,156.7272158516764,1.5780583177675567,53.57914075409977,159.732,157.393,4,,,,,,,,,,,,,,,,,,,,,,,,no_breakout
2026-03-16T08:01:01.641036+00:00,EURUSD.s,anaconda,24480388,H4,HOLD,HOLD,NONE,0,0.0036523493247097045,0,,,,,,,,,,,,,,,,0.00019,0.00019,1.14406,1.14426,1.14133,1.14293,1.1571286104173766,1.1696100442783819,0.012481433861005309,33.70785937170268,1.16665,1.1409799999999999,3,,,,,,,,,,,,,,,,,,,,,,,,"no_breakout,rsi_out_of_zone"
2026-03-16T08:01:01.642463+00:00,XAUUSD.s,anaconda,24480388,H4,HOLD,HOLD,NONE,0,52.89896255450989,0,,,,,,,,,,,,,,,,0.29,0.29,5012.74,5035.9,4991.86,4998.76,5130.2680241375865,5044.80362214573,85.4644019918569,29.515000540482745,5238.46,5009.64,3,,,,,,,,,,,,,,,,,,,,,,,,"no_breakout,rsi_out_of_zone"
2026-03-16T08:01:01.643578+00:00,USOUSD.s,anaconda,24480388,H4,HOLD,HOLD,NONE,0,4.365180765386211,0,,,,,,,,,,,,,,,,0.079,0.079,99.515,100.982,98.087,100.192,88.35079639652156,74.21987317891174,14.13092321760982,65.06000436668307,99.285,76.779,4,,,,,,,,,,,,,,,,,,,,,,,,no_breakout
2026-03-16T08:06:02.117264+00:00,BTCUSD,anaconda,24480388,H4,HOLD,HOLD,NONE,0,992.0354289281764,0,,,,,,,,,,,,,,,,16.99,16.99,73830.18,74241.22,73377.6,73653.19,70527.536376224,70607.17844946327,79.64207323927258,73.74447654695962,73893.83,69338.29,2,,,,,,,,,,,,,,,,,,,,,,,,"weak_separation,no_breakout,rsi_out_of_zone"
2026-03-16T08:06:02.118746+00:00,USDJPY.s,anaconda,24480388,H4,HOLD,HOLD,NONE,0,0.4229358039729756,0,,,,,,,,,,,,,,,,0.023,0.023,159.552,159.576,159.164,159.259,158.30527416944395,156.7272158516764,1.5780583177675567,54.01260661947228,159.732,157.393,4,,,,,,,,,,,,,,,,,,,,,,,,no_breakout
2026-03-16T08:06:02.120094+00:00,EURUSD.s,anaconda,24480388,H4,HOLD,HOLD,NONE,0,0.0036523493247097045,0,,,,,,,,,,,,,,,,0.00019,0.00019,1.14406,1.14426,1.14133,1.14298,1.1571286104173766,1.1696100442783819,0.012481433861005309,33.78115878073724,1.16665,1.1409799999999999,3,,,,,,,,,,,,,,,,,,,,,,,,"no_breakout,rsi_out_of_zone"
2026-03-16T08:06:02.121921+00:00,XAUUSD.s,anaconda,24480388,H4,HOLD,HOLD,NONE,0,52.89896255450989,0,,,,,,,,,,,,,,,,0.28,0.28,5012.74,5035.9,4991.86,4994.15,5130.2680241375865,5044.80362214573,85.4644019918569,28.9679182590194,5238.46,5009.64,3,,,,,,,,,,,,,,,,,,,,,,,,"no_breakout,rsi_out_of_zone"
2026-03-16T08:06:02.123534+00:00,USOUSD.s,anaconda,24480388,H4,HOLD,HOLD,NONE,0,4.365180765386211,0,,,,,,,,,,,,,,,,0.079,0.079,99.515,100.982,98.087,100.382,88.35079639652156,74.21987317891174,14.13092321760982,65.39315774737668,99.285,76.779,4,,,,,,,,,,,,,,,,,,,,,,,,no_breakout
2026-03-16T08:11:02.627432+00:00,BTCUSD,anaconda,24480388,H4,HOLD,HOLD,NONE,0,992.0354289281764,0,,,,,,,,,,,,,,,,17.12,17.12,73830.18,74241.22,73377.6,73674.18,70527.536376224,70607.17844946327,79.64207323927258,74.08915535552968,73893.83,69338.29,2,,,,,,,,,,,,,,,,,,,,,,,,"weak_separation,no_breakout,rsi_out_of_zone"
2026-03-16T08:11:02.628996+00:00,USDJPY.s,anaconda,24480388,H4,HOLD,HOLD,NONE,0,0.4229358039729756,0,,,,,,,,,,,,,,,,0.024,0.024,159.552,159.576,159.164,159.262,158.30527416944395,156.7272158516764,1.5780583177675567,54.085533733625795,159.732,157.393,4,,,,,,,,,,,,,,,,,,,,,,,,no_breakout
2026-03-16T08:11:02.630353+00:00,EURUSD.s,anaconda,24480388,H4,HOLD,HOLD,NONE,0,0.0036523493247097045,0,,,,,,,,,,,,,,,,0.00019,0.00019,1.14406,1.14426,1.14133,1.14323,1.1571286104173766,1.1696100442783819,0.012481433861005309,34.15249018448641,1.16665,1.1409799999999999,3,,,,,,,,,,,,,,,,,,,,,,,,"no_breakout,rsi_out_of_zone"
2026-03-16T08:11:02.631780+00:00,XAUUSD.s,anaconda,24480388,H4,HOLD,HOLD,NONE,0,52.89896255450989,0,,,,,,,,,,,,,,,,0.29,0.29,5012.74,5035.9,4991.86,5000.1,5130.2680241375865,5044.80362214573,85.4644019918569,29.677919900103774,5238.46,5009.64,3,,,,,,,,,,,,,,,,,,,,,,,,"no_breakout,rsi_out_of_zone"
2026-03-16T08:11:02.632960+00:00,USOUSD.s,anaconda,24480388,H4,HOLD,HOLD,NONE,0,4.365180765386211,0,,,,,,,,,,,,,,,,0.079,0.079,99.515,100.982,98.087,100.352,88.35079639652156,74.21987317891174,14.13092321760982,65.34097759525687,99.285,76.779,4,,,,,,,,,,,,,,,,,,,,,,,,no_breakout
2026-03-16T08:16:03.150477+00:00,BTCUSD,anaconda,24480388,H4,HOLD,HOLD,NONE,0,992.2918574996058,0,,,,,,,,,,,,,,,,17.11,17.11,73830.18,74241.22,73374.01,73389.72,70527.536376224,70607.17844946327,79.64207323927258,69.67573387291226,73893.83,69338.29,3,,,,,,,,,,,,,,,,,,,,,,,,"weak_separation,no_breakout"
2026-03-16T08:16:03.151703+00:00,USDJPY.s,anaconda,24480388,H4,HOLD,HOLD,NONE,0,0.4229358039729756,0,,,,,,,,,,,,,,,,0.024,0.024,159.552,159.576,159.164,159.355,158.30527416944395,156.7272158516764,1.5780583177675567,56.44821875218522,159.732,157.393,4,,,,,,,,,,,,,,,,,,,,,,,,no_breakout
2026-03-16T08:16:03.153146+00:00,EURUSD.s,anaconda,24480388,H4,HOLD,HOLD,NONE,0,0.0036523493247097045,0,,,,,,,,,,,,,,,,0.00019,0.00019,1.14406,1.14426,1.14133,1.14268,1.1571286104173766,1.1696100442783819,0.012481433861005309,33.346082536367675,1.16665,1.1409799999999999,3,,,,,,,,,,,,,,,,,,,,,,,,"no_breakout,rsi_out_of_zone"
2026-03-16T08:16:03.154437+00:00,XAUUSD.s,anaconda,24480388,H4,HOLD,HOLD,NONE,0,53.18896255450986,0,,,,,,,,,,,,,,,,0.29,0.29,5012.74,5035.9,4987.8,4988.64,5130.2680241375865,5044.80362214573,85.4644019918569,28.34006045084371,5238.46,5009.64,3,,,,,,,,,,,,,,,,,,,,,,,,"no_breakout,rsi_out_of_zone"
2026-03-16T08:16:03.155649+00:00,USOUSD.s,anaconda,24480388,H4,HOLD,HOLD,NONE,0,4.365180765386211,0,,,,,,,,,,,,,,,,0.079,0.079,99.515,100.982,98.087,100.662,88.35079639652156,74.21987317891174,14.13092321760982,65.8727009362762,99.285,76.779,4,,,,,,,,,,,,,,,,,,,,,,,,no_breakout
2026-03-16T08:21:03.657133+00:00,BTCUSD,anaconda,24480388,H4,HOLD,HOLD,NONE,0,992.7211432138912,0,,,,,,,,,,,,,,,,17.02,17.02,73830.18,74241.22,73368.0,73396.36,70527.536376224,70607.17844946327,79.64207323927258,69.77275213446804,73893.83,69338.29,3,,,,,,,,,,,,,,,,,,,,,,,,"weak_separation,no_breakout"
2026-03-16T08:21:03.658376+00:00,USDJPY.s,anaconda,24480388,H4,HOLD,HOLD,NONE,0,0.4229358039729756,0,,,,,,,,,,,,,,,,0.024,0.024,159.552,159.576,159.164,159.319,158.30527416944395,156.7272158516764,1.5780583177675567,55.509550837668236,159.732,157.393,4,,,,,,,,,,,,,,,,,,,,,,,,no_breakout
2026-03-16T08:21:03.659524+00:00,EURUSD.s,anaconda,24480388,H4,HOLD,HOLD,NONE,0,0.0036523493247097045,0,,,,,,,,,,,,,,,,0.00019,0.00019,1.14406,1.14426,1.14133,1.14317,1.1571286104173766,1.1696100442783819,0.012481433861005309,34.06262809121772,1.16665,1.1409799999999999,3,,,,,,,,,,,,,,,,,,,,,,,,"no_breakout,rsi_out_of_zone"
2026-03-16T08:21:03.660805+00:00,XAUUSD.s,anaconda,24480388,H4,HOLD,HOLD,NONE,0,53.18896255450986,0,,,,,,,,,,,,,,,,0.29,0.29,5012.74,5035.9,4987.8,4991.6,5130.2680241375865,5044.80362214573,85.4644019918569,28.673925749623052,5238.46,5009.64,3,,,,,,,,,,,,,,,,,,,,,,,,"no_breakout,rsi_out_of_zone"
2026-03-16T08:21:03.661956+00:00,USOUSD.s,anaconda,24480388,H4,HOLD,HOLD,NONE,0,4.365180765386211,0,,,,,,,,,,,,,,,,0.079,0.079,99.515,100.982,98.087,100.767,88.35079639652156,74.21987317891174,14.13092321760982,66.04912102810309,99.285,76.779,4,,,,,,,,,,,,,,,,,,,,,,,,no_breakout
2026-03-16T08:26:04.144677+00:00,BTCUSD,anaconda,24480388,H4,HOLD,HOLD,NONE,0,992.7211432138912,0,,,,,,,,,,,,,,,,17.06,17.06,73830.18,74241.22,73368.0,73443.73,70527.536376224,70607.17844946327,79.64207323927258,70.47280168234585,73893.83,69338.29,2,,,,,,,,,,,,,,,,,,,,,,,,"weak_separation,no_breakout,rsi_out_of_zone"
2026-03-16T08:26:04.145942+00:00,USDJPY.s,anaconda,24480388,H4,HOLD,HOLD,NONE,0,0.4229358039729756,0,,,,,,,,,,,,,,,,0.024,0.024,159.552,159.576,159.164,159.254,158.30527416944395,156.7272158516764,1.5780583177675567,53.891497482472666,159.732,157.393,4,,,,,,,,,,,,,,,,,,,,,,,,no_breakout
2026-03-16T08:26:04.147094+00:00,EURUSD.s,anaconda,24480388,H4,HOLD,HOLD,NONE,0,0.003659492181852561,0,,,,,,,,,,,,,,,,0.00018,0.00018,1.14406,1.14436,1.14133,1.14416,1.1571286104173766,1.1696100442783819,0.012481433861005309,35.72635212132046,1.16665,1.1409799999999999,4,,,,,,,,,,,,,,,,,,,,,,,,no_breakout
2026-03-16T08:26:04.148256+00:00,XAUUSD.s,anaconda,24480388,H4,HOLD,HOLD,NONE,0,53.18896255450986,0,,,,,,,,,,,,,,,,0.28,0.28,5012.74,5035.9,4987.8,5000.74,5130.2680241375865,5044.80362214573,85.4644019918569,29.75636846483411,5238.46,5009.64,3,,,,,,,,,,,,,,,,,,,,,,,,"no_breakout,rsi_out_of_zone"
2026-03-16T08:26:04.149529+00:00,USOUSD.s,anaconda,24480388,H4,HOLD,HOLD,NONE,0,4.365180765386211,0,,,,,,,,,,,,,,,,0.079,0.079,99.515,100.982,98.087,100.182,88.35079639652156,74.21987317891174,14.13092321760982,65.04229220376425,99.285,76.779,4,,,,,,,,,,,,,,,,,,,,,,,,no_breakout
2026-03-16T08:31:04.613928+00:00,BTCUSD,anaconda,24480388,H4,HOLD,HOLD,NONE,0,999.6882860710335,0,,,,,,,,,,,,,,,,16.99,16.99,73830.18,74241.22,73270.46,73273.91,70527.536376224,70607.17844946327,79.64207323927258,68.02597529973133,73893.83,69338.29,3,,,,,,,,,,,,,,,,,,,,,,,,"weak_separation,no_breakout"
2026-03-16T08:31:04.615866+00:00,USDJPY.s,anaconda,24480388,H4,HOLD,HOLD,NONE,0,0.4229358039729756,0,,,,,,,,,,,,,,,,0.024,0.024,159.552,159.576,159.164,159.227,158.30527416944395,156.7272158516764,1.5780583177675567,53.2467808279812,159.732,157.393,4,,,,,,,,,,,,,,,,,,,,,,,,no_breakout
2026-03-16T08:31:04.617217+00:00,EURUSD.s,anaconda,24480388,H4,HOLD,HOLD,NONE,0,0.003659492181852561,0,,,,,,,,,,,,,,,,0.00019,0.00019,1.14406,1.14436,1.14133,1.14425,1.1571286104173766,1.1696100442783819,0.012481433861005309,35.98829832714053,1.16665,1.1409799999999999,4,,,,,,,,,,,,,,,,,,,,,,,,no_breakout
2026-03-16T08:31:04.618536+00:00,XAUUSD.s,anaconda,24480388,H4,HOLD,HOLD,NONE,0,53.18896255450986,0,,,,,,,,,,,,,,,,0.29,0.29,5012.74,5035.9,4987.8,4997.02,5130.2680241375865,5044.80362214573,85.4644019918569,29.30609897337726,5238.46,5009.64,3,,,,,,,,,,,,,,,,,,,,,,,,"no_breakout,rsi_out_of_zone"
2026-03-16T08:31:04.620042+00:00,USOUSD.s,anaconda,24480388,H4,HOLD,HOLD,NONE,0,4.365180765386211,0,,,,,,,,,,,,,,,,0.079,0.079,99.515,100.982,98.087,99.982,88.35079639652156,74.21987317891174,14.13092321760982,64.68423920607685,99.285,76.779,4,,,,,,,,,,,,,,,,,,,,,,,,no_breakout
2026-03-16T08:36:05.144689+00:00,BTCUSD,anaconda,24480388,H4,HOLD,HOLD,NONE,0,1003.3747146424622,0,,,,,,,,,,,,,,,,17.02,17.02,73830.18,74241.22,73218.85,73301.64,70527.536376224,70607.17844946327,79.64207323927258,68.41384571403542,73893.83,69338.29,3,,,,,,,,,,,,,,,,,,,,,,,,"weak_separation,no_breakout"
2026-03-16T08:36:05.146004+00:00,USDJPY.s,anaconda,24480388,H4,HOLD,HOLD,NONE,0,0.4229358039729756,0,,,,,,,,,,,,,,,,0.024,0.024,159.552,159.576,159.164,159.3,158.30527416944395,156.7272158516764,1.5780583177675567,55.026619195247264,159.732,157.393,4,,,,,,,,,,,,,,,,,,,,,,,,no_breakout
2026-03-16T08:36:05.147359+00:00,EURUSD.s,anaconda,24480388,H4,HOLD,HOLD,NONE,0,0.003659492181852561,0,,,,,,,,,,,,,,,,0.00018,0.00018,1.14406,1.14436,1.14133,1.14398,1.1571286104173766,1.1696100442783819,0.012481433861005309,35.31713599524528,1.16665,1.1409799999999999,4,,,,,,,,,,,,,,,,,,,,,,,,no_breakout
2026-03-16T08:36:05.148572+00:00,XAUUSD.s,anaconda,24480388,H4,HOLD,HOLD,NONE,0,53.18896255450986,0,,,,,,,,,,,,,,,,0.29,0.29,5012.74,5035.9,4987.8,4992.71,5130.2680241375865,5044.80362214573,85.4644019918569,28.801162272246543,5238.46,5009.64,3,,,,,,,,,,,,,,,,,,,,,,,,"no_breakout,rsi_out_of_zone"
2026-03-16T08:36:05.149819+00:00,USOUSD.s,anaconda,24480388,H4,HOLD,HOLD,NONE,0,4.365180765386211,0,,,,,,,,,,,,,,,,0.079,0.079,99.515,100.982,98.087,100.532,88.35079639652156,74.21987317891174,14.13092321760982,65.65171935482606,99.285,76.779,4,,,,,,,,,,,,,,,,,,,,,,,,no_breakout
2026-03-16T08:41:05.604825+00:00,BTCUSD,anaconda,24480388,H4,HOLD,HOLD,NONE,0,1005.6540003567482,0,,,,,,,,,,,,,,,,17.1,17.1,73830.18,74241.22,73186.94,73241.33,70527.536376224,70607.17844946327,79.64207323927258,67.5758479880069,73893.83,69338.29,3,,,,,,,,,,,,,,,,,,,,,,,,"weak_separation,no_breakout"
2026-03-16T08:41:05.606391+00:00,USDJPY.s,anaconda,24480388,H4,HOLD,HOLD,NONE,0,0.4229358039729756,0,,,,,,,,,,,,,,,,0.023,0.023,159.552,159.576,159.164,159.328,158.30527416944395,156.7272158516764,1.5780583177675567,55.74127892047354,159.732,157.393,4,,,,,,,,,,,,,,,,,,,,,,,,no_breakout
2026-03-16T08:41:05.607718+00:00,EURUSD.s,anaconda,24480388,H4,HOLD,HOLD,NONE,0,0.003659492181852561,0,,,,,,,,,,,,,,,,0.00019,0.00019,1.14406,1.14436,1.14133,1.14354,1.1571286104173766,1.1696100442783819,0.012481433861005309,34.62443532762174,1.16665,1.1409799999999999,3,,,,,,,,,,,,,,,,,,,,,,,,"no_breakout,rsi_out_of_zone"
2026-03-16T08:41:05.609227+00:00,XAUUSD.s,anaconda,24480388,H4,HOLD,HOLD,NONE,0,53.342533983081324,0,,,,,,,,,,,,,,,,0.28,0.28,5012.74,5035.9,4985.65,4988.26,5130.2680241375865,5044.80362214573,85.4644019918569,28.29776164612737,5238.46,5009.64,3,,,,,,,,,,,,,,,,,,,,,,,,"no_breakout,rsi_out_of_zone"
2026-03-16T08:41:05.610562+00:00,USOUSD.s,anaconda,24480388,H4,HOLD,HOLD,NONE,0,4.365180765386211,0,,,,,,,,,,,,,,,,0.079,0.079,99.515,100.982,98.087,100.737,88.35079639652156,74.21987317891174,14.13092321760982,65.9989016850509,99.285,76.779,4,,,,,,,,,,,,,,,,,,,,,,,,no_breakout
2026-03-16T08:46:06.080691+00:00,BTCUSD,anaconda,24480388,H4,HOLD,HOLD,NONE,0,1027.69257178532,0,,,,,,,,,,,,,,,,17.05,17.05,73830.18,74241.22,72878.4,73078.86,70527.536376224,70607.17844946327,79.64207323927258,65.41723458512018,73893.83,69338.29,3,,,,,,,,,,,,,,,,,,,,,,,,"weak_separation,no_breakout"
2026-03-16T08:46:06.083681+00:00,USDJPY.s,anaconda,24480388,H4,HOLD,HOLD,NONE,0,0.4229358039729756,0,,,,,,,,,,,,,,,,0.024,0.024,159.552,159.576,159.164,159.344,158.30527416944395,156.7272158516764,1.5780583177675567,56.15805277755465,159.732,157.393,4,,,,,,,,,,,,,,,,,,,,,,,,no_breakout
2026-03-16T08:46:06.084952+00:00,EURUSD.s,anaconda,24480388,H4,HOLD,HOLD,NONE,0,0.003659492181852561,0,,,,,,,,,,,,,,,,0.00018,0.00018,1.14406,1.14436,1.14133,1.14395,1.1571286104173766,1.1696100442783819,0.012481433861005309,35.26902714638108,1.16665,1.1409799999999999,4,,,,,,,,,,,,,,,,,,,,,,,,no_breakout
2026-03-16T08:46:06.086585+00:00,XAUUSD.s,anaconda,24480388,H4,HOLD,HOLD,NONE,0,53.392533983081314,0,,,,,,,,,,,,,,,,0.28,0.28,5012.74,5035.9,4984.95,4986.55,5130.2680241375865,5044.80362214573,85.4644019918569,28.108969138330863,5238.46,5009.64,3,,,,,,,,,,,,,,,,,,,,,,,,"no_breakout,rsi_out_of_zone"
2026-03-16T08:46:06.087884+00:00,USOUSD.s,anaconda,24480388,H4,HOLD,HOLD,NONE,0,4.365180765386211,0,,,,,,,,,,,,,,,,0.079,0.079,99.515,100.982,98.087,100.187,88.35079639652156,74.21987317891174,14.13092321760982,65.05115052936546,99.285,76.779,4,,,,,,,,,,,,,,,,,,,,,,,,no_breakout
2026-03-16T08:51:06.721099+00:00,BTCUSD,anaconda,24480388,H4,HOLD,HOLD,NONE,0,1027.69257178532,0,,,,,,,,,,,,,,,,17.02,17.02,73830.18,74241.22,72878.4,72964.89,70527.536376224,70607.17844946327,79.64207323927258,63.983500115391976,73893.83,69338.29,3,,,,,,,,,,,,,,,,,,,,,,,,"weak_separation,no_breakout"
2026-03-16T08:51:06.722694+00:00,USDJPY.s,anaconda,24480388,H4,HOLD,HOLD,NONE,0,0.4229358039729756,0,,,,,,,,,,,,,,,,0.023,0.023,159.552,159.576,159.164,159.35,158.30527416944395,156.7272158516764,1.5780583177675567,56.31595427757879,159.732,157.393,4,,,,,,,,,,,,,,,,,,,,,,,,no_breakout
2026-03-16T08:51:06.724255+00:00,EURUSD.s,anaconda,24480388,H4,HOLD,HOLD,NONE,0,0.0036659207532811267,0,,,,,,,,,,,,,,,,0.00019,0.00019,1.14406,1.14445,1.14133,1.14398,1.1571286104173766,1.1696100442783819,0.012481433861005309,35.31713599524528,1.16665,1.1409799999999999,4,,,,,,,,,,,,,,,,,,,,,,,,no_breakout
2026-03-16T08:51:06.725581+00:00,XAUUSD.s,anaconda,24480388,H4,HOLD,HOLD,NONE,0,53.392533983081314,0,,,,,,,,,,,,,,,,0.28,0.28,5012.74,5035.9,4984.95,4992.75,5130.2680241375865,5044.80362214573,85.4644019918569,28.805768454449378,5238.46,5009.64,3,,,,,,,,,,,,,,,,,,,,,,,,"no_breakout,rsi_out_of_zone"
2026-03-16T08:51:06.726822+00:00,USOUSD.s,anaconda,24480388,H4,HOLD,HOLD,NONE,0,4.365180765386211,0,,,,,,,,,,,,,,,,0.079,0.079,99.515,100.982,98.087,100.077,88.35079639652156,74.21987317891174,14.13092321760982,64.85522449608496,99.285,76.779,4,,,,,,,,,,,,,,,,,,,,,,,,no_breakout
2026-03-16T08:56:07.190377+00:00,BTCUSD,anaconda,24480388,H4,HOLD,HOLD,NONE,0,1027.69257178532,0,,,,,,,,,,,,,,,,17.02,17.02,73830.18,74241.22,72878.4,73182.38,70527.536376224,70607.17844946327,79.64207323927258,66.77635251248007,73893.83,69338.29,3,,,,,,,,,,,,,,,,,,,,,,,,"weak_separation,no_breakout"
2026-03-16T08:56:07.192153+00:00,USDJPY.s,anaconda,24480388,H4,HOLD,HOLD,NONE,0,0.4229358039729756,0,,,,,,,,,,,,,,,,0.023,0.023,159.552,159.576,159.164,159.325,158.30527416944395,156.7272158516764,1.5780583177675567,55.663821555293346,159.732,157.393,4,,,,,,,,,,,,,,,,,,,,,,,,no_breakout
2026-03-16T08:56:07.193881+00:00,EURUSD.s,anaconda,24480388,H4,HOLD,HOLD,NONE,0,0.0036659207532811267,0,,,,,,,,,,,,,,,,0.00019,0.00019,1.14406,1.14445,1.14133,1.14435,1.1571286104173766,1.1696100442783819,0.012481433861005309,36.27685680817266,1.16665,1.1409799999999999,4,,,,,,,,,,,,,,,,,,,,,,,,no_breakout
2026-03-16T08:56:07.195839+00:00,XAUUSD.s,anaconda,24480388,H4,HOLD,HOLD,NONE,0,53.392533983081314,0,,,,,,,,,,,,,,,,0.28,0.28,5012.74,5035.9,4984.95,4995.49,5130.2680241375865,5044.80362214573,85.4644019918569,29.124837877437287,5238.46,5009.64,3,,,,,,,,,,,,,,,,,,,,,,,,"no_breakout,rsi_out_of_zone"
2026-03-16T08:56:07.197429+00:00,USOUSD.s,anaconda,24480388,H4,HOLD,HOLD,NONE,0,4.365180765386211,0,,,,,,,,,,,,,,,,0.079,0.079,99.515,100.982,98.087,99.732,88.35079639652156,74.21987317891174,14.13092321760982,64.22622478443668,99.285,76.779,4,,,,,,,,,,,,,,,,,,,,,,,,no_breakout
2026-03-16T09:01:07.798032+00:00,BTCUSD,anaconda,24480388,H4,HOLD,HOLD,NONE,0,956.3766738272035,0,,,,,,,,,,,,,,,,16.95,16.95,73127.8,73138.23,73108.96,73110.96,70629.538683366,70633.87577662531,4.337093259309768,65.80721514195882,73893.83,69763.24,3,,,,,,,,,,,,,,,,,,,,,,,,"weak_separation,no_breakout"
2026-03-16T09:01:07.799545+00:00,USDJPY.s,anaconda,24480388,H4,HOLD,HOLD,NONE,0,0.3951546751054813,0,,,,,,,,,,,,,,,,0.024,0.024,159.34,159.373,159.339,159.367,158.3458092896172,156.72841266507325,1.617396624543943,56.65583247780393,159.736,157.393,4,,,,,,,,,,,,,,,,,,,,,,,,no_breakout
2026-03-16T09:01:07.800879+00:00,EURUSD.s,anaconda,24480388,H4,HOLD,HOLD,NONE,0,0.0034240692707852784,0,,,,,,,,,,,,,,,,0.00019,0.00019,1.14439,1.14442,1.14414,1.14419,1.1566294748913146,1.1695613485252312,0.012931873633916569,36.04191060317195,1.16665,1.1409799999999999,4,,,,,,,,,,,,,,,,,,,,,,,,no_breakout
2026-03-16T09:01:07.802048+00:00,XAUUSD.s,anaconda,24480388,H4,HOLD,HOLD,NONE,0,50.030924412460536,0,,,,,,,,,,,,,,,,0.28,0.28,4991.12,4991.39,4985.06,4985.37,5124.810232688524,5045.610290763731,79.19994192479226,27.91126054129066,5235.36,4967.58,3,,,,,,,,,,,,,,,,,,,,,,,,"no_breakout,rsi_out_of_zone"
2026-03-16T09:01:07.803134+00:00,USOUSD.s,anaconda,24480388,H4,HOLD,HOLD,NONE,0,4.071239282132083,0,,,,,,,,,,,,,,,,0.079,0.079,99.737,99.917,99.667,99.757,88.79770895951182,74.49449177614046,14.303217183371359,64.27461670155293,102.012,76.779,4,,,,,,,,,,,,,,,,,,,,,,,,no_breakout
2026-03-16T09:06:08.272212+00:00,BTCUSD,anaconda,24480388,H4,HOLD,HOLD,NONE,0,961.7588166843467,0,,,,,,,,,,,,,,,,16.96,16.96,73127.8,73164.36,73059.74,73066.59,70629.538683366,70633.87577662531,4.337093259309768,65.17174118133981,73893.83,69763.24,3,,,,,,,,,,,,,,,,,,,,,,,,"weak_separation,no_breakout"
2026-03-16T09:06:08.273416+00:00,USDJPY.s,anaconda,24480388,H4,HOLD,HOLD,NONE,0,0.39529753224833913,0,,,,,,,,,,,,,,,,0.024,0.024,159.34,159.375,159.339,159.37,158.3458092896172,156.72841266507325,1.617396624543943,56.722127455039356,159.736,157.393,4,,,,,,,,,,,,,,,,,,,,,,,,no_breakout
2026-03-16T09:06:08.274657+00:00,EURUSD.s,anaconda,24480388,H4,HOLD,HOLD,NONE,0,0.0034454978422138473,0,,,,,,,,,,,,,,,,0.00018,0.00018,1.14439,1.14459,1.14401,1.1441,1.1566294748913146,1.1695613485252312,0.012931873633916569,35.88219709647093,1.16665,1.1409799999999999,4,,,,,,,,,,,,,,,,,,,,,,,,no_breakout
2026-03-16T09:06:08.276028+00:00,XAUUSD.s,anaconda,24480388,H4,HOLD,HOLD,NONE,0,50.398067269603416,0,,,,,,,,,,,,,,,,0.32,0.32,4991.12,4991.39,4979.92,4983.36,5124.810232688524,5045.610290763731,79.19994192479226,27.671839305640717,5235.36,4967.58,3,,,,,,,,,,,,,,,,,,,,,,,,"no_breakout,rsi_out_of_zone"
2026-03-16T09:06:08.277197+00:00,USOUSD.s,anaconda,24480388,H4,HOLD,HOLD,NONE,0,4.082310710703512,0,,,,,,,,,,,,,,,,0.079,0.079,99.737,100.072,99.667,99.992,88.79770895951182,74.49449177614046,14.303217183371359,64.7514312968461,102.012,76.779,4,,,,,,,,,,,,,,,,,,,,,,,,no_breakout
2026-03-16T09:11:08.752594+00:00,BTCUSD,anaconda,24480388,H4,HOLD,HOLD,NONE,0,965.7645309700622,0,,,,,,,,,,,,,,,,17.0,17.0,73127.8,73211.38,73050.68,73183.64,70629.538683366,70633.87577662531,4.337093259309768,66.47038068724132,73893.83,69763.24,3,,,,,,,,,,,,,,,,,,,,,,,,"weak_separation,no_breakout"
2026-03-16T09:11:08.754015+00:00,USDJPY.s,anaconda,24480388,H4,HOLD,HOLD,NONE,0,0.395368960819768,0,,,,,,,,,,,,,,,,0.023,0.023,159.34,159.375,159.338,159.365,158.3458092896172,156.72841266507325,1.617396624543943,56.61152287362389,159.736,157.393,4,,,,,,,,,,,,,,,,,,,,,,,,no_breakout
2026-03-16T09:11:08.755291+00:00,EURUSD.s,anaconda,24480388,H4,HOLD,HOLD,NONE,0,0.0034454978422138473,0,,,,,,,,,,,,,,,,0.00019,0.00019,1.14439,1.14459,1.14401,1.14432,1.1566294748913146,1.1695613485252312,0.012931873633916569,36.275134199807354,1.16665,1.1409799999999999,4,,,,,,,,,,,,,,,,,,,,,,,,no_breakout
2026-03-16T09:11:08.756775+00:00,XAUUSD.s,anaconda,24480388,H4,HOLD,HOLD,NONE,0,50.398067269603416,0,,,,,,,,,,,,,,,,0.29,0.29,4991.12,4991.39,4979.92,4984.06,5124.810232688524,5045.610290763731,79.19994192479226,27.75475229152684,5235.36,4967.58,3,,,,,,,,,,,,,,,,,,,,,,,,"no_breakout,rsi_out_of_zone"
2026-03-16T09:11:08.758066+00:00,USOUSD.s,anaconda,24480388,H4,HOLD,HOLD,NONE,0,4.093024996417797,0,,,,,,,,,,,,,,,,0.079,0.079,99.737,100.222,99.667,100.082,88.79770895951182,74.49449177614046,14.303217183371359,64.93068764352768,102.012,76.779,4,,,,,,,,,,,,,,,,,,,,,,,,no_breakout
2026-03-16T09:16:09.216330+00:00,BTCUSD,anaconda,24480388,H4,HOLD,HOLD,NONE,0,965.7645309700622,0,,,,,,,,,,,,,,,,16.99,16.99,73127.8,73211.38,73050.68,73154.94,70629.538683366,70633.87577662531,4.337093259309768,66.25930992427024,73893.83,69763.24,3,,,,,,,,,,,,,,,,,,,,,,,,"weak_separation,no_breakout"
2026-03-16T09:16:09.217692+00:00,USDJPY.s,anaconda,24480388,H4,HOLD,HOLD,NONE,0,0.39636896081976675,0,,,,,,,,,,,,,,,,0.024,0.024,159.34,159.375,159.324,159.352,158.3458092896172,156.72841266507325,1.617396624543943,56.321287468699055,159.736,157.393,4,,,,,,,,,,,,,,,,,,,,,,,,no_breakout
2026-03-16T09:16:09.218953+00:00,EURUSD.s,anaconda,24480388,H4,HOLD,HOLD,NONE,0,0.0034519264136424134,0,,,,,,,,,,,,,,,,0.00019,0.00019,1.14439,1.14468,1.14401,1.14455,1.1566294748913146,1.1695613485252312,0.012931873633916569,36.893228289872674,1.16665,1.1409799999999999,4,,,,,,,,,,,,,,,,,,,,,,,,no_breakout
2026-03-16T09:16:09.220158+00:00,XAUUSD.s,anaconda,24480388,H4,HOLD,HOLD,NONE,0,50.398067269603416,0,,,,,,,,,,,,,,,,0.28,0.28,4991.12,4991.39,4979.92,4985.61,5124.810232688524,5045.610290763731,79.19994192479226,27.940125316176236,5235.36,4967.58,3,,,,,,,,,,,,,,,,,,,,,,,,"no_breakout,rsi_out_of_zone"
2026-03-16T09:16:09.221339+00:00,USOUSD.s,anaconda,24480388,H4,HOLD,HOLD,NONE,0,4.093024996417797,0,,,,,,,,,,,,,,,,0.079,0.079,99.737,100.222,99.667,99.737,88.79770895951182,74.49449177614046,14.303217183371359,64.21705412944021,102.012,76.779,4,,,,,,,,,,,,,,,,,,,,,,,,no_breakout
2026-03-16T09:21:09.668987+00:00,BTCUSD,anaconda,24480388,H4,HOLD,HOLD,NONE,0,967.8645309700618,0,,,,,,,,,,,,,,,,17.07,17.07,73127.8,73240.78,73050.68,73144.66,70629.538683366,70633.87577662531,4.337093259309768,66.18305902061803,73893.83,69763.24,3,,,,,,,,,,,,,,,,,,,,,,,,"weak_separation,no_breakout"
2026-03-16T09:21:09.670772+00:00,USDJPY.s,anaconda,24480388,H4,HOLD,HOLD,NONE,0,0.3968689608197671,0,,,,,,,,,,,,,,,,0.023,0.023,159.34,159.375,159.317,159.325,158.3458092896172,156.72841266507325,1.617396624543943,55.623743164699725,159.736,157.393,4,,,,,,,,,,,,,,,,,,,,,,,,no_breakout
2026-03-16T09:21:09.672146+00:00,EURUSD.s,anaconda,24480388,H4,HOLD,HOLD,NONE,0,0.0034519264136424134,0,,,,,,,,,,,,,,,,0.00018,0.00018,1.14439,1.14468,1.14401,1.14451,1.1566294748913146,1.1695613485252312,0.012931873633916569,36.76776714541953,1.16665,1.1409799999999999,4,,,,,,,,,,,,,,,,,,,,,,,,no_breakout
2026-03-16T09:21:09.673514+00:00,XAUUSD.s,anaconda,24480388,H4,HOLD,HOLD,NONE,0,50.398067269603416,0,,,,,,,,,,,,,,,,0.29,0.29,4991.12,4991.39,4979.92,4986.46,5124.810232688524,5045.610290763731,79.19994192479226,28.042836645544412,5235.36,4967.58,3,,,,,,,,,,,,,,,,,,,,,,,,"no_breakout,rsi_out_of_zone"
2026-03-16T09:21:09.675174+00:00,USOUSD.s,anaconda,24480388,H4,HOLD,HOLD,NONE,0,4.118024996417797,0,,,,,,,,,,,,,,,,0.079,0.079,99.737,100.222,99.317,99.447,88.79770895951182,74.49449177614046,14.303217183371359,63.162670455296016,102.012,76.779,4,,,,,,,,,,,,,,,,,,,,,,,,no_breakout
2026-03-16T09:26:10.156877+00:00,BTCUSD,anaconda,24480388,H4,HOLD,HOLD,NONE,0,967.8645309700618,0,,,,,,,,,,,,,,,,17.06,17.06,73127.8,73240.78,73050.68,73224.29,70629.538683366,70633.87577662531,4.337093259309768,66.76485697160899,73893.83,69763.24,3,,,,,,,,,,,,,,,,,,,,,,,,"weak_separation,no_breakout"
2026-03-16T09:26:10.158362+00:00,USDJPY.s,anaconda,24480388,H4,HOLD,HOLD,NONE,0,0.3972975322483385,0,,,,,,,,,,,,,,,,0.024,0.024,159.34,159.375,159.311,159.313,158.3458092896172,156.72841266507325,1.617396624543943,55.28256701341233,159.736,157.393,4,,,,,,,,,,,,,,,,,,,,,,,,no_breakout
2026-03-16T09:26:10.159846+00:00,EURUSD.s,anaconda,24480388,H4,HOLD,HOLD,NONE,0,0.0034519264136424134,0,,,,,,,,,,,,,,,,0.00018,0.00018,1.14439,1.14468,1.14401,1.14465,1.1566294748913146,1.1695613485252312,0.012931873633916569,37.204713750823984,1.16665,1.1409799999999999,4,,,,,,,,,,,,,,,,,,,,,,,,no_breakout
2026-03-16T09:26:10.161206+00:00,XAUUSD.s,anaconda,24480388,H4,HOLD,HOLD,NONE,0,50.398067269603416,0,,,,,,,,,,,,,,,,0.31,0.31,4991.12,4991.39,4979.92,4989.79,5124.810232688524,5045.610290763731,79.19994192479226,28.452603973139503,5235.36,4967.58,3,,,,,,,,,,,,,,,,,,,,,,,,"no_breakout,rsi_out_of_zone"
2026-03-16T09:26:10.162445+00:00,USOUSD.s,anaconda,24480388,H4,HOLD,HOLD,NONE,0,4.124096424989226,0,,,,,,,,,,,,,,,,0.079,0.079,99.737,100.222,99.232,99.352,88.79770895951182,74.49449177614046,14.303217183371359,62.824757593262575,102.012,76.779,4,,,,,,,,,,,,,,,,,,,,,,,,no_breakout
2026-03-16T09:31:10.672307+00:00,BTCUSD,anaconda,24480388,H4,HOLD,HOLD,NONE,0,971.1595309700621,0,,,,,,,,,,,,,,,,16.95,16.95,73127.8,73286.91,73050.68,73217.11,70629.538683366,70633.87577662531,4.337093259309768,66.71322040272736,73893.83,69763.24,3,,,,,,,,,,,,,,,,,,,,,,,,"weak_separation,no_breakout"
2026-03-16T09:31:10.673506+00:00,USDJPY.s,anaconda,24480388,H4,HOLD,HOLD,NONE,0,0.3980832465340525,0,,,,,,,,,,,,,,,,0.023,0.023,159.34,159.375,159.3,159.328,158.3458092896172,156.72841266507325,1.617396624543943,55.70969620907211,159.736,157.393,4,,,,,,,,,,,,,,,,,,,,,,,,no_breakout
2026-03-16T09:31:10.674827+00:00,EURUSD.s,anaconda,24480388,H4,HOLD,HOLD,NONE,0,0.003463354985070996,0,,,,,,,,,,,,,,,,0.00018,0.00018,1.14439,1.14484,1.14401,1.14453,1.1566294748913146,1.1695613485252312,0.012931873633916569,36.83056001233851,1.16665,1.1409799999999999,4,,,,,,,,,,,,,,,,,,,,,,,,no_breakout
2026-03-16T09:31:10.676156+00:00,XAUUSD.s,anaconda,24480388,H4,HOLD,HOLD,NONE,0,50.398067269603416,0,,,,,,,,,,,,,,,,0.29,0.29,4991.12,4991.39,4979.92,4987.68,5124.810232688524,5045.610290763731,79.19994192479226,28.19158439026768,5235.36,4967.58,3,,,,,,,,,,,,,,,,,,,,,,,,"no_breakout,rsi_out_of_zone"
2026-03-16T09:31:10.677317+00:00,USOUSD.s,anaconda,24480388,H4,HOLD,HOLD,NONE,0,4.133024996417797,0,,,,,,,,,,,,,,,,0.079,0.079,99.737,100.222,99.107,99.232,88.79770895951182,74.49449177614046,14.303217183371359,62.4030535918622,102.012,76.779,4,,,,,,,,,,,,,,,,,,,,,,,,no_breakout
2026-03-16T09:36:11.127175+00:00,BTCUSD,anaconda,24480388,H4,HOLD,HOLD,NONE,0,971.1595309700621,0,,,,,,,,,,,,,,,,16.95,16.95,73127.8,73286.91,73050.68,73251.98,70629.538683366,70633.87577662531,4.337093259309768,66.96250442628919,73893.83,69763.24,3,,,,,,,,,,,,,,,,,,,,,,,,"weak_separation,no_breakout"
2026-03-16T09:36:11.128506+00:00,USDJPY.s,anaconda,24480388,H4,HOLD,HOLD,NONE,0,0.3980832465340525,0,,,,,,,,,,,,,,,,0.023,0.023,159.34,159.375,159.3,159.349,158.3458092896172,156.72841266507325,1.617396624543943,56.25375779708329,159.736,157.393,4,,,,,,,,,,,,,,,,,,,,,,,,no_breakout
2026-03-16T09:36:11.129737+00:00,EURUSD.s,anaconda,24480388,H4,HOLD,HOLD,NONE,0,0.003463354985070996,0,,,,,,,,,,,,,,,,0.00018,0.00018,1.14439,1.14484,1.14401,1.1444,1.1566294748913146,1.1695613485252312,0.012931873633916569,36.420162647661016,1.16665,1.1409799999999999,4,,,,,,,,,,,,,,,,,,,,,,,,no_breakout
2026-03-16T09:36:11.131089+00:00,XAUUSD.s,anaconda,24480388,H4,HOLD,HOLD,NONE,0,50.41092441246051,0,,,,,,,,,,,,,,,,0.28,0.28,4991.12,4991.57,4979.92,4989.07,5124.810232688524,5045.610290763731,79.19994192479226,28.362994128734485,5235.36,4967.58,3,,,,,,,,,,,,,,,,,,,,,,,,"no_breakout,rsi_out_of_zone"
2026-03-16T09:36:11.132221+00:00,USOUSD.s,anaconda,24480388,H4,HOLD,HOLD,NONE,0,4.133024996417797,0,,,,,,,,,,,,,,,,0.079,0.079,99.737,100.222,99.107,99.262,88.79770895951182,74.49449177614046,14.303217183371359,62.507947955094956,102.012,76.779,4,,,,,,,,,,,,,,,,,,,,,,,,no_breakout
2026-03-16T09:41:11.612005+00:00,BTCUSD,anaconda,24480388,H4,HOLD,HOLD,NONE,0,971.1595309700621,0,,,,,,,,,,,,,,,,17.02,17.02,73127.8,73286.91,73050.68,73248.45,70629.538683366,70633.87577662531,4.337093259309768,66.93743860614194,73893.83,69763.24,3,,,,,,,,,,,,,,,,,,,,,,,,"weak_separation,no_breakout"
2026-03-16T09:41:11.613550+00:00,USDJPY.s,anaconda,24480388,H4,HOLD,HOLD,NONE,0,0.3980832465340525,0,,,,,,,,,,,,,,,,0.023,0.023,159.34,159.375,159.3,159.343,158.3458092896172,156.72841266507325,1.617396624543943,56.11807008353234,159.736,157.393,4,,,,,,,,,,,,,,,,,,,,,,,,no_breakout
2026-03-16T09:41:11.614697+00:00,EURUSD.s,anaconda,24480388,H4,HOLD,HOLD,NONE,0,0.003463354985070996,0,,,,,,,,,,,,,,,,0.00019,0.00019,1.14439,1.14484,1.14401,1.14447,1.1566294748913146,1.1695613485252312,0.012931873633916569,36.64180615431016,1.16665,1.1409799999999999,4,,,,,,,,,,,,,,,,,,,,,,,,no_breakout
2026-03-16T09:41:11.615938+00:00,XAUUSD.s,anaconda,24480388,H4,HOLD,HOLD,NONE,0,50.41092441246051,0,,,,,,,,,,,,,,,,0.28,0.28,4991.12,4991.57,4979.92,4984.91,5124.810232688524,5045.610290763731,79.19994192479226,27.856102762214164,5235.36,4967.58,3,,,,,,,,,,,,,,,,,,,,,,,,"no_breakout,rsi_out_of_zone"
2026-03-16T09:41:11.617105+00:00,USOUSD.s,anaconda,24480388,H4,HOLD,HOLD,NONE,0,4.149096424989225,0,,,,,,,,,,,,,,,,0.079,0.079,99.737,100.222,98.882,99.117,88.79770895951182,74.49449177614046,14.303217183371359,62.004199000174395,102.012,76.779,4,,,,,,,,,,,,,,,,,,,,,,,,no_breakout
2026-03-16T09:46:12.080407+00:00,BTCUSD,anaconda,24480388,H4,HOLD,HOLD,NONE,0,971.1595309700621,0,,,,,,,,,,,,,,,,17.09,17.09,73127.8,73286.91,73050.68,73187.21,70629.538683366,70633.87577662531,4.337093259309768,66.49645130059105,73893.83,69763.24,3,,,,,,,,,,,,,,,,,,,,,,,,"weak_separation,no_breakout"
2026-03-16T09:46:12.082146+00:00,USDJPY.s,anaconda,24480388,H4,HOLD,HOLD,NONE,0,0.40129753224833936,0,,,,,,,,,,,,,,,,0.025,0.025,159.34,159.375,159.255,159.267,158.3458092896172,156.72841266507325,1.617396624543943,54.012606619473225,159.736,157.393,4,,,,,,,,,,,,,,,,,,,,,,,,no_breakout
2026-03-16T09:46:12.083737+00:00,EURUSD.s,anaconda,24480388,H4,HOLD,HOLD,NONE,0,0.003472640699356708,0,,,,,,,,,,,,,,,,0.00019,0.00019,1.14439,1.14497,1.14401,1.14485,1.1566294748913146,1.1695613485252312,0.012931873633916569,37.81855017554738,1.16665,1.1409799999999999,4,,,,,,,,,,,,,,,,,,,,,,,,no_breakout
2026-03-16T09:46:12.085289+00:00,XAUUSD.s,anaconda,24480388,H4,HOLD,HOLD,NONE,0,50.88521012674625,0,,,,,,,,,,,,,,,,0.28,0.28,4991.12,4991.57,4973.28,4973.28,5124.810232688524,5045.610290763731,79.19994192479226,26.530554541695082,5235.36,4967.58,3,,,,,,,,,,,,,,,,,,,,,,,,"no_breakout,rsi_out_of_zone"
2026-03-16T09:46:12.086842+00:00,USOUSD.s,anaconda,24480388,H4,HOLD,HOLD,NONE,0,4.149096424989225,0,,,,,,,,,,,,,,,,0.079,0.079,99.737,100.222,98.882,98.982,88.79770895951182,74.49449177614046,14.303217183371359,61.54243575294684,102.012,76.779,4,,,,,,,,,,,,,,,,,,,,,,,,no_breakout
2026-03-16T09:51:12.624766+00:00,BTCUSD,anaconda,24480388,H4,HOLD,HOLD,NONE,0,973.862388112919,0,,,,,,,,,,,,,,,,16.95,16.95,73127.8,73324.75,73050.68,73266.29,70629.538683366,70633.87577662531,4.337093259309768,67.0637287264219,73893.83,69763.24,3,,,,,,,,,,,,,,,,,,,,,,,,"weak_separation,no_breakout"
2026-03-16T09:51:12.626173+00:00,USDJPY.s,anaconda,24480388,H4,HOLD,HOLD,NONE,0,0.4025118179626248,0,,,,,,,,,,,,,,,,0.025,0.025,159.34,159.375,159.238,159.262,158.3458092896172,156.72841266507325,1.617396624543943,53.878074428721995,159.736,157.393,4,,,,,,,,,,,,,,,,,,,,,,,,no_breakout
2026-03-16T09:51:12.627571+00:00,EURUSD.s,anaconda,24480388,H4,HOLD,HOLD,NONE,0,0.0034854978422138557,0,,,,,,,,,,,,,,,,0.00019,0.00019,1.14439,1.1451500000000001,1.14401,1.1449,1.1566294748913146,1.1695613485252312,0.012931873633916569,37.97013873632399,1.16665,1.1409799999999999,4,,,,,,,,,,,,,,,,,,,,,,,,no_breakout
2026-03-16T09:51:12.629095+00:00,XAUUSD.s,anaconda,24480388,H4,HOLD,HOLD,NONE,0,50.93378155531764,0,,,,,,,,,,,,,,,,0.28,0.28,4991.12,4991.57,4972.6,4984.6,5124.810232688524,5045.610290763731,79.19994192479226,27.819054013885037,5235.36,4967.58,3,,,,,,,,,,,,,,,,,,,,,,,,"no_breakout,rsi_out_of_zone"
2026-03-16T09:51:12.630330+00:00,USOUSD.s,anaconda,24480388,H4,HOLD,HOLD,NONE,0,4.169810710703511,0,,,,,,,,,,,,,,,,0.079,0.079,99.737,100.222,98.592,98.872,88.79770895951182,74.49449177614046,14.303217183371359,61.1712387560119,102.012,76.779,4,,,,,,,,,,,,,,,,,,,,,,,,no_breakout
2026-03-16T09:56:13.072477+00:00,BTCUSD,anaconda,24480388,H4,HOLD,HOLD,NONE,0,974.1659595414905,0,,,,,,,,,,,,,,,,17.09,17.09,73127.8,73329.0,73050.68,73287.86,70629.538683366,70633.87577662531,4.337093259309768,67.21514114420734,73893.83,69763.24,3,,,,,,,,,,,,,,,,,,,,,,,,"weak_separation,no_breakout"
2026-03-16T09:56:13.073848+00:00,USDJPY.s,anaconda,24480388,H4,HOLD,HOLD,NONE,0,0.4025118179626248,0,,,,,,,,,,,,,,,,0.025,0.025,159.34,159.375,159.238,159.267,158.3458092896172,156.72841266507325,1.617396624543943,54.012606619473225,159.736,157.393,4,,,,,,,,,,,,,,,,,,,,,,,,no_breakout
2026-03-16T09:56:13.075106+00:00,EURUSD.s,anaconda,24480388,H4,HOLD,HOLD,NONE,0,0.0034869264136424207,0,,,,,,,,,,,,,,,,0.00019,0.00019,1.14439,1.14517,1.14401,1.14504,1.1566294748913146,1.1695613485252312,0.012931873633916569,38.39068136299295,1.16665,1.1409799999999999,4,,,,,,,,,,,,,,,,,,,,,,,,no_breakout
2026-03-16T09:56:13.076224+00:00,XAUUSD.s,anaconda,24480388,H4,HOLD,HOLD,NONE,0,50.93378155531764,0,,,,,,,,,,,,,,,,0.28,0.28,4991.12,4991.57,4972.6,4978.83,5124.810232688524,5045.610290763731,79.19994192479226,27.147022700275187,5235.36,4967.58,3,,,,,,,,,,,,,,,,,,,,,,,,"no_breakout,rsi_out_of_zone"
2026-03-16T09:56:13.077451+00:00,USOUSD.s,anaconda,24480388,H4,HOLD,HOLD,NONE,0,4.169810710703511,0,,,,,,,,,,,,,,,,0.079,0.079,99.737,100.222,98.592,98.722,88.79770895951182,74.49449177614046,14.303217183371359,60.672218445682816,102.012,76.779,4,,,,,,,,,,,,,,,,,,,,,,,,no_breakout
2026-03-16T10:01:13.523281+00:00,BTCUSD,anaconda,24480388,H4,HOLD,HOLD,NONE,0,975.680245255776,0,,,,,,,,,,,,,,,,17.05,17.05,73127.8,73350.2,73050.68,73289.72,70629.538683366,70633.87577662531,4.337093259309768,67.22813239761433,73893.83,69763.24,3,,,,,,,,,,,,,,,,,,,,,,,,"weak_separation,no_breakout"
2026-03-16T10:01:13.524789+00:00,USDJPY.s,anaconda,24480388,H4,HOLD,HOLD,NONE,0,0.4025118179626248,0,,,,,,,,,,,,,,,,0.024,0.024,159.34,159.375,159.238,159.318,158.3458092896172,156.72841266507325,1.617396624543943,55.42421380906521,159.736,157.393,4,,,,,,,,,,,,,,,,,,,,,,,,no_breakout
2026-03-16T10:01:13.526077+00:00,EURUSD.s,anaconda,24480388,H4,HOLD,HOLD,NONE,0,0.0034876406993567107,0,,,,,,,,,,,,,,,,0.00019,0.00019,1.14439,1.14518,1.14401,1.14478,1.1566294748913146,1.1695613485252312,0.012931873633916569,37.6050771982359,1.16665,1.1409799999999999,4,,,,,,,,,,,,,,,,,,,,,,,,no_breakout
2026-03-16T10:01:13.527406+00:00,XAUUSD.s,anaconda,24480388,H4,HOLD,HOLD,NONE,0,51.02378155531765,0,,,,,,,,,,,,,,,,0.28,0.28,4991.12,4991.57,4971.34,4972.1,5124.810232688524,5045.610290763731,79.19994192479226,26.40307748780326,5235.36,4967.58,3,,,,,,,,,,,,,,,,,,,,,,,,"no_breakout,rsi_out_of_zone"
2026-03-16T10:01:13.528691+00:00,USOUSD.s,anaconda,24480388,H4,HOLD,HOLD,NONE,0,4.169810710703511,0,,,,,,,,,,,,,,,,0.079,0.079,99.737,100.222,98.592,99.082,88.79770895951182,74.49449177614046,14.303217183371359,61.88381852250806,102.012,76.779,4,,,,,,,,,,,,,,,,,,,,,,,,no_breakout
2026-03-16T10:06:14.059074+00:00,BTCUSD,anaconda,24480388,H4,HOLD,HOLD,NONE,0,982.535245255776,0,,,,,,,,,,,,,,,,17.07,17.07,73127.8,73446.17,73050.68,73359.08,70629.538683366,70633.87577662531,4.337093259309768,67.70533701034464,73893.83,69763.24,3,,,,,,,,,,,,,,,,,,,,,,,,"weak_separation,no_breakout"
2026-03-16T10:06:14.060623+00:00,USDJPY.s,anaconda,24480388,H4,HOLD,HOLD,NONE,0,0.4025118179626248,0,,,,,,,,,,,,,,,,0.025,0.025,159.34,159.375,159.238,159.324,158.3458092896172,156.72841266507325,1.617396624543943,55.59515105948919,159.736,157.393,4,,,,,,,,,,,,,,,,,,,,,,,,no_breakout
2026-03-16T10:06:14.061779+00:00,EURUSD.s,anaconda,24480388,H4,HOLD,HOLD,NONE,0,0.0034876406993567107,0,,,,,,,,,,,,,,,,0.00019,0.00019,1.14439,1.14518,1.14401,1.14485,1.1566294748913146,1.1695613485252312,0.012931873633916569,37.81855017554738,1.16665,1.1409799999999999,4,,,,,,,,,,,,,,,,,,,,,,,,no_breakout
2026-03-16T10:06:14.063073+00:00,XAUUSD.s,anaconda,24480388,H4,HOLD,HOLD,NONE,0,51.110210126746225,0,,,,,,,,,,,,,,,,0.29,0.29,4991.12,4991.57,4970.13,4976.17,5124.810232688524,5045.610290763731,79.19994192479226,26.848026721965226,5235.36,4967.58,3,,,,,,,,,,,,,,,,,,,,,,,,"no_breakout,rsi_out_of_zone"
2026-03-16T10:06:14.064638+00:00,USOUSD.s,anaconda,24480388,H4,HOLD,HOLD,NONE,0,4.169810710703511,0,,,,,,,,,,,,,,,,0.079,0.079,99.737,100.222,98.592,98.617,88.79770895951182,74.49449177614046,14.303217183371359,60.327721079035314,102.012,76.779,4,,,,,,,,,,,,,,,,,,,,,,,,no_breakout
2026-03-16T10:11:14.544629+00:00,BTCUSD,anaconda,24480388,H4,HOLD,HOLD,NONE,0,982.535245255776,0,,,,,,,,,,,,,,,,17.06,17.06,73127.8,73446.17,73050.68,73348.79,70629.538683366,70633.87577662531,4.337093259309768,67.6354205069982,73893.83,69763.24,3,,,,,,,,,,,,,,,,,,,,,,,,"weak_separation,no_breakout"
2026-03-16T10:11:14.546360+00:00,USDJPY.s,anaconda,24480388,H4,HOLD,HOLD,NONE,0,0.4025118179626248,0,,,,,,,,,,,,,,,,0.024,0.024,159.34,159.375,159.238,159.29,158.3458092896172,156.72841266507325,1.617396624543943,54.640208634275325,159.736,157.393,4,,,,,,,,,,,,,,,,,,,,,,,,no_breakout
2026-03-16T10:11:14.547736+00:00,EURUSD.s,anaconda,24480388,H4,HOLD,HOLD,NONE,0,0.003504069270785279,0,,,,,,,,,,,,,,,,0.00019,0.00019,1.14439,1.14541,1.14401,1.14541,1.1566294748913146,1.1695613485252312,0.012931873633916569,39.47514908407166,1.16665,1.1409799999999999,4,,,,,,,,,,,,,,,,,,,,,,,,no_breakout
2026-03-16T10:11:14.549252+00:00,XAUUSD.s,anaconda,24480388,H4,HOLD,HOLD,NONE,0,51.110210126746225,0,,,,,,,,,,,,,,,,0.29,0.29,4991.12,4991.57,4970.13,4976.97,5124.810232688524,5045.610290763731,79.19994192479226,26.93725547757245,5235.36,4967.58,3,,,,,,,,,,,,,,,,,,,,,,,,"no_breakout,rsi_out_of_zone"
2026-03-16T10:11:14.550747+00:00,USOUSD.s,anaconda,24480388,H4,HOLD,HOLD,NONE,0,4.18088213927494,0,,,,,,,,,,,,,,,,0.099,0.099,99.737,100.222,98.437,98.502,88.79770895951182,74.49449177614046,14.303217183371359,59.9548754313918,102.012,76.779,4,,,,,,,,,,,,,,,,,,,,,,,,no_breakout
2026-03-16T10:16:15.046809+00:00,BTCUSD,anaconda,24480388,H4,HOLD,HOLD,NONE,0,982.535245255776,0,,,,,,,,,,,,,,,,16.96,16.96,73127.8,73446.17,73050.68,73362.55,70629.538683366,70633.87577662531,4.337093259309768,67.72884623598321,73893.83,69763.24,3,,,,,,,,,,,,,,,,,,,,,,,,"weak_separation,no_breakout"
2026-03-16T10:16:15.048476+00:00,USDJPY.s,anaconda,24480388,H4,HOLD,HOLD,NONE,0,0.4025832465340537,0,,,,,,,,,,,,,,,,0.024,0.024,159.34,159.375,159.237,159.248,158.3458092896172,156.72841266507325,1.617396624543943,53.50492492517579,159.736,157.393,4,,,,,,,,,,,,,,,,,,,,,,,,no_breakout
2026-03-16T10:16:15.049597+00:00,EURUSD.s,anaconda,24480388,H4,HOLD,HOLD,NONE,0,0.003549783556499563,0,,,,,,,,,,,,,,,,0.00018,0.00018,1.14439,1.14605,1.14401,1.146,1.1566294748913146,1.1695613485252312,0.012931873633916569,41.1276136353627,1.16665,1.1409799999999999,4,,,,,,,,,,,,,,,,,,,,,,,,no_breakout
2026-03-16T10:16:15.050739+00:00,XAUUSD.s,anaconda,24480388,H4,HOLD,HOLD,NONE,0,51.110210126746225,0,,,,,,,,,,,,,,,,0.29,0.29,4991.12,4991.57,4970.13,4979.87,5124.810232688524,5045.610290763731,79.19994192479226,27.265742184715975,5235.36,4967.58,3,,,,,,,,,,,,,,,,,,,,,,,,"no_breakout,rsi_out_of_zone"
2026-03-16T10:16:15.052016+00:00,USOUSD.s,anaconda,24480388,H4,HOLD,HOLD,NONE,0,4.195167853560655,0,,,,,,,,,,,,,,,,0.079,0.079,99.737,100.222,98.237,98.317,88.79770895951182,74.49449177614046,14.303217183371359,59.36465532967259,102.012,76.779,4,,,,,,,,,,,,,,,,,,,,,,,,no_breakout
2026-03-16T10:21:15.496345+00:00,BTCUSD,anaconda,24480388,H4,HOLD,HOLD,NONE,0,982.535245255776,0,,,,,,,,,,,,,,,,17.08,17.08,73127.8,73446.17,73050.68,73314.93,70629.538683366,70633.87577662531,4.337093259309768,67.4032027350242,73893.83,69763.24,3,,,,,,,,,,,,,,,,,,,,,,,,"weak_separation,no_breakout"
2026-03-16T10:21:15.497791+00:00,USDJPY.s,anaconda,24480388,H4,HOLD,HOLD,NONE,0,0.4035118179626255,0,,,,,,,,,,,,,,,,0.024,0.024,159.34,159.375,159.224,159.243,158.3458092896172,156.72841266507325,1.617396624543943,53.37290677998072,159.736,157.393,4,,,,,,,,,,,,,,,,,,,,,,,,no_breakout
2026-03-16T10:21:15.498919+00:00,EURUSD.s,anaconda,24480388,H4,HOLD,HOLD,NONE,0,0.0036083549850709946,0,,,,,,,,,,,,,,,,0.00018,0.00018,1.14439,1.14687,1.14401,1.14676,1.1566294748913146,1.1695613485252312,0.012931873633916569,43.127753596938604,1.16665,1.1409799999999999,4,,,,,,,,,,,,,,,,,,,,,,,,no_breakout
2026-03-16T10:21:15.500077+00:00,XAUUSD.s,anaconda,24480388,H4,HOLD,HOLD,NONE,0,51.110210126746225,0,,,,,,,,,,,,,,,,0.29,0.29,4991.12,4991.57,4970.13,4979.91,5124.810232688524,5045.610290763731,79.19994192479226,27.270329058884244,5235.36,4967.58,3,,,,,,,,,,,,,,,,,,,,,,,,"no_breakout,rsi_out_of_zone"
2026-03-16T10:21:15.501293+00:00,USOUSD.s,anaconda,24480388,H4,HOLD,HOLD,NONE,0,4.220167853560654,0,,,,,,,,,,,,,,,,0.079,0.079,99.737,100.222,97.887,97.947,88.79770895951182,74.49449177614046,14.303217183371359,58.21840418028809,102.012,76.779,4,,,,,,,,,,,,,,,,,,,,,,,,no_breakout
2026-03-16T10:26:15.952793+00:00,BTCUSD,anaconda,24480388,H4,HOLD,HOLD,NONE,0,985.4695309700619,0,,,,,,,,,,,,,,,,16.95,16.95,73127.8,73487.25,73050.68,73403.81,70629.538683366,70633.87577662531,4.337093259309768,68.00578185520767,73893.83,69763.24,3,,,,,,,,,,,,,,,,,,,,,,,,"weak_separation,no_breakout"
2026-03-16T10:26:15.954050+00:00,USDJPY.s,anaconda,24480388,H4,HOLD,HOLD,NONE,0,0.40594038939119637,0,,,,,,,,,,,,,,,,0.023,0.023,159.34,159.375,159.19,159.241,158.3458092896172,156.72841266507325,1.617396624543943,53.32028175745292,159.736,157.393,4,,,,,,,,,,,,,,,,,,,,,,,,no_breakout
2026-03-16T10:26:15.955426+00:00,EURUSD.s,anaconda,24480388,H4,HOLD,HOLD,NONE,0,0.003658354985070989,0,,,,,,,,,,,,,,,,0.00019,0.00019,1.14439,1.14757,1.14401,1.14726,1.1566294748913146,1.1695613485252312,0.012931873633916569,44.371137773719205,1.16665,1.1409799999999999,4,,,,,,,,,,,,,,,,,,,,,,,,no_breakout
2026-03-16T10:26:15.956654+00:00,XAUUSD.s,anaconda,24480388,H4,HOLD,HOLD,NONE,0,51.110210126746225,0,,,,,,,,,,,,,,,,0.29,0.29,4991.12,4991.57,4970.13,4986.36,5124.810232688524,5045.610290763731,79.19994192479226,28.030713781581582,5235.36,4967.58,3,,,,,,,,,,,,,,,,,,,,,,,,"no_breakout,rsi_out_of_zone"
2026-03-16T10:26:15.957763+00:00,USOUSD.s,anaconda,24480388,H4,HOLD,HOLD,NONE,0,4.235882139274939,0,,,,,,,,,,,,,,,,0.099,0.099,99.737,100.222,97.667,97.847,88.79770895951182,74.49449177614046,14.303217183371359,57.916165592996855,102.012,76.779,4,,,,,,,,,,,,,,,,,,,,,,,,no_breakout
2026-03-16T10:31:16.404466+00:00,BTCUSD,anaconda,24480388,H4,HOLD,HOLD,NONE,0,985.4695309700619,0,,,,,,,,,,,,,,,,17.04,17.04,73127.8,73487.25,73050.68,73428.12,70629.538683366,70633.87577662531,4.337093259309768,68.16673565580973,73893.83,69763.24,3,,,,,,,,,,,,,,,,,,,,,,,,"weak_separation,no_breakout"
2026-03-16T10:31:16.406040+00:00,USDJPY.s,anaconda,24480388,H4,HOLD,HOLD,NONE,0,0.40594038939119637,0,,,,,,,,,,,,,,,,0.023,0.023,159.34,159.375,159.19,159.249,158.3458092896172,156.72841266507325,1.617396624543943,53.53140696441079,159.736,157.393,4,,,,,,,,,,,,,,,,,,,,,,,,no_breakout
2026-03-16T10:31:16.407387+00:00,EURUSD.s,anaconda,24480388,H4,HOLD,HOLD,NONE,0,0.003667640699356701,0,,,,,,,,,,,,,,,,0.00019,0.00019,1.14439,1.1477,1.14401,1.14726,1.1566294748913146,1.1695613485252312,0.012931873633916569,44.371137773719205,1.16665,1.1409799999999999,4,,,,,,,,,,,,,,,,,,,,,,,,no_breakout
2026-03-16T10:31:16.408812+00:00,XAUUSD.s,anaconda,24480388,H4,HOLD,HOLD,NONE,0,51.110210126746225,0,,,,,,,,,,,,,,,,0.29,0.29,4991.12,4991.57,4970.13,4985.96,5124.810232688524,5045.610290763731,79.19994192479226,27.98232695861232,5235.36,4967.58,3,,,,,,,,,,,,,,,,,,,,,,,,"no_breakout,rsi_out_of_zone"
2026-03-16T10:31:16.410117+00:00,USOUSD.s,anaconda,24480388,H4,HOLD,HOLD,NONE,0,4.251596424989225,0,,,,,,,,,,,,,,,,0.079,0.079,99.737,100.222,97.447,97.532,88.79770895951182,74.49449177614046,14.303217183371359,56.98429554838638,102.012,76.779,4,,,,,,,,,,,,,,,,,,,,,,,,no_breakout
2026-03-16T10:36:16.926164+00:00,BTCUSD,anaconda,24480388,H4,HOLD,HOLD,NONE,0,985.4695309700619,0,,,,,,,,,,,,,,,,16.96,16.96,73127.8,73487.25,73050.68,73240.18,70629.538683366,70633.87577662531,4.337093259309768,66.87856579963474,73893.83,69763.24,3,,,,,,,,,,,,,,,,,,,,,,,,"weak_separation,no_breakout"
2026-03-16T10:36:16.927913+00:00,USDJPY.s,anaconda,24480388,H4,HOLD,HOLD,NONE,0,0.40594038939119637,0,,,,,,,,,,,,,,,,0.032,0.032,159.34,159.375,159.19,159.249,158.3458092896172,156.72841266507325,1.617396624543943,53.53140696441079,159.736,157.393,4,,,,,,,,,,,,,,,,,,,,,,,,no_breakout
2026-03-16T10:36:16.929218+00:00,EURUSD.s,anaconda,24480388,H4,HOLD,HOLD,NONE,0,0.003667640699356701,0,,,,,,,,,,,,,,,,0.00019,0.00019,1.14439,1.1477,1.14401,1.14715,1.1566294748913146,1.1695613485252312,0.012931873633916569,44.102280541174665,1.16665,1.1409799999999999,4,,,,,,,,,,,,,,,,,,,,,,,,no_breakout
2026-03-16T10:36:16.930468+00:00,XAUUSD.s,anaconda,24480388,H4,HOLD,HOLD,NONE,0,51.110210126746225,0,,,,,,,,,,,,,,,,0.29,0.29,4991.12,4991.57,4970.13,4985.98,5124.810232688524,5045.610290763731,79.19994192479226,27.984742331948112,5235.36,4967.58,3,,,,,,,,,,,,,,,,,,,,,,,,"no_breakout,rsi_out_of_zone"
2026-03-16T10:36:16.931741+00:00,USOUSD.s,anaconda,24480388,H4,HOLD,HOLD,NONE,0,4.259096424989226,0,,,,,,,,,,,,,,,,0.079,0.079,99.737,100.222,97.342,97.827,88.79770895951182,74.49449177614046,14.303217183371359,57.856094059326765,102.012,76.779,4,,,,,,,,,,,,,,,,,,,,,,,,no_breakout
2026-03-16T10:56:18.866002+00:00,BTCUSD,anaconda,24480388,H4,HOLD,HOLD,NONE,0,1001.9795309700618,0,,,,,,,,,,,,,,,,17.08,17.08,73127.8,73718.39,73050.68,73639.71,70629.538683366,70633.87577662531,4.337093259309768,69.5021296776888,73893.83,69763.24,3,,,,,,,,,,,,,,,,,,,,,,,,"weak_separation,no_breakout"
2026-03-16T10:56:18.867310+00:00,USDJPY.s,anaconda,24480388,H4,HOLD,HOLD,NONE,0,0.40594038939119637,0,,,,,,,,,,,,,,,,0.024,0.024,159.34,159.375,159.19,159.23,158.3458092896172,156.72841266507325,1.617396624543943,53.0326891107036,159.736,157.393,4,,,,,,,,,,,,,,,,,,,,,,,,no_breakout
2026-03-16T10:56:18.868483+00:00,EURUSD.s,anaconda,24480388,H4,HOLD,HOLD,NONE,0,0.003667640699356701,0,,,,,,,,,,,,,,,,0.00019,0.00019,1.14439,1.1477,1.14401,1.14721,1.1566294748913146,1.1695613485252312,0.012931873633916569,44.24925125927338,1.16665,1.1409799999999999,4,,,,,,,,,,,,,,,,,,,,,,,,no_breakout
2026-03-16T10:56:18.869724+00:00,XAUUSD.s,anaconda,24480388,H4,HOLD,HOLD,NONE,0,51.64663869817481,0,,,,,,,,,,,,,,,,0.29,0.29,4991.12,4999.08,4970.13,4996.92,5124.810232688524,5045.610290763731,79.19994192479226,30.406420485384558,5235.36,4967.58,3,,,,,,,,,,,,,,,,,,,,,,,,"no_breakout,rsi_out_of_zone"
2026-03-16T10:56:18.871687+00:00,USOUSD.s,anaconda,24480388,H4,HOLD,HOLD,NONE,0,4.296239282132082,0,,,,,,,,,,,,,,,,0.079,0.079,99.737,100.222,96.822,96.932,88.79770895951182,74.49449177614046,14.303217183371359,55.28979684456377,102.012,76.779,4,,,,,,,,,,,,,,,,,,,,,,,,no_breakout
2026-03-16T11:01:19.379819+00:00,BTCUSD,anaconda,24480388,H4,HOLD,HOLD,NONE,0,1009.3823881129189,0,,,,,,,,,,,,,,,,16.96,16.96,73127.8,73822.03,73050.68,73740.7,70629.538683366,70633.87577662531,4.337093259309768,70.10077746450321,73893.83,69763.24,2,,,,,,,,,,,,,,,,,,,,,,,,"weak_separation,no_breakout,rsi_out_of_zone"
2026-03-16T11:01:19.391772+00:00,USDJPY.s,anaconda,24480388,H4,HOLD,HOLD,NONE,0,0.40594038939119637,0,,,,,,,,,,,,,,,,0.024,0.024,159.34,159.375,159.19,159.229,158.3458092896172,156.72841266507325,1.617396624543943,53.00669808560186,159.736,157.393,4,,,,,,,,,,,,,,,,,,,,,,,,no_breakout
2026-03-16T11:01:19.395294+00:00,EURUSD.s,anaconda,24480388,H4,HOLD,HOLD,NONE,0,0.003667640699356701,0,,,,,,,,,,,,,,,,0.00019,0.00019,1.14439,1.1477,1.14401,1.14728,1.1566294748913146,1.1695613485252312,0.012931873633916569,44.419743282462214,1.16665,1.1409799999999999,4,,,,,,,,,,,,,,,,,,,,,,,,no_breakout
2026-03-16T11:01:19.396844+00:00,XAUUSD.s,anaconda,24480388,H4,HOLD,HOLD,NONE,0,51.76663869817483,0,,,,,,,,,,,,,,,,0.28,0.28,4991.12,5000.76,4970.13,4998.2,5124.810232688524,5045.610290763731,79.19994192479226,30.787588931073046,5235.36,4967.58,3,,,,,,,,,,,,,,,,,,,,,,,,"no_breakout,rsi_out_of_zone"
2026-03-16T11:01:19.398545+00:00,USOUSD.s,anaconda,24480388,H4,HOLD,HOLD,NONE,0,4.309453567846369,0,,,,,,,,,,,,,,,,0.079,0.079,99.737,100.222,96.637,97.047,88.79770895951182,74.49449177614046,14.303217183371359,55.606724370184835,102.012,76.779,4,,,,,,,,,,,,,,,,,,,,,,,,no_breakout
2026-03-16T11:06:20.005641+00:00,BTCUSD,anaconda,24480388,H4,HOLD,HOLD,NONE,0,1009.3823881129189,0,,,,,,,,,,,,,,,,17.09,17.09,73127.8,73822.03,73050.68,73717.74,70629.538683366,70633.87577662531,4.337093259309768,69.96674878830662,73893.83,69763.24,3,,,,,,,,,,,,,,,,,,,,,,,,"weak_separation,no_breakout"
2026-03-16T11:06:20.006997+00:00,USDJPY.s,anaconda,24480388,H4,HOLD,HOLD,NONE,0,0.40594038939119637,0,,,,,,,,,,,,,,,,0.023,0.023,159.34,159.375,159.19,159.228,158.3458092896172,156.72841266507325,1.617396624543943,52.980732524132634,159.736,157.393,4,,,,,,,,,,,,,,,,,,,,,,,,no_breakout
2026-03-16T11:06:20.008451+00:00,EURUSD.s,anaconda,24480388,H4,HOLD,HOLD,NONE,0,0.003667640699356701,0,,,,,,,,,,,,,,,,0.00018,0.00018,1.14439,1.1477,1.14401,1.14723,1.1566294748913146,1.1695613485252312,0.012931873633916569,44.29806990366496,1.16665,1.1409799999999999,4,,,,,,,,,,,,,,,,,,,,,,,,no_breakout
2026-03-16T11:06:20.009696+00:00,XAUUSD.s,anaconda,24480388,H4,HOLD,HOLD,NONE,0,51.76663869817483,0,,,,,,,,,,,,,,,,0.29,0.29,4991.12,5000.76,4970.13,4997.29,5124.810232688524,5045.610290763731,79.19994192479226,30.51703269654662,5235.36,4967.58,3,,,,,,,,,,,,,,,,,,,,,,,,"no_breakout,rsi_out_of_zone"
2026-03-16T11:06:20.010982+00:00,USOUSD.s,anaconda,24480388,H4,HOLD,HOLD,NONE,0,4.309453567846369,0,,,,,,,,,,,,,,,,0.079,0.079,99.737,100.222,96.637,96.987,88.79770895951182,74.49449177614046,14.303217183371359,55.44091892241515,102.012,76.779,4,,,,,,,,,,,,,,,,,,,,,,,,no_breakout
2026-03-16T12:21:27.154368+00:00,BTCUSD,anaconda,24480388,H4,HOLD,HOLD,NONE,0,1009.3823881129189,0,,,,,,,,,,,,,,,,16.98,16.98,73127.8,73822.03,73050.68,73660.31,70629.538683366,70633.87577662531,4.337093259309768,69.62618052678158,73893.83,69763.24,3,,,,,,,,,,,,,,,,,,,,,,,,"weak_separation,no_breakout"
2026-03-16T12:21:27.156130+00:00,USDJPY.s,anaconda,24480388,H4,HOLD,HOLD,NONE,0,0.4179403893911968,0,,,,,,,,,,,,,,,,0.025,0.025,159.34,159.375,159.022,159.102,158.3458092896172,156.72841266507325,1.617396624543943,49.90077450034542,159.736,157.393,4,,,,,,,,,,,,,,,,,,,,,,,,no_breakout
2026-03-16T12:21:27.157600+00:00,EURUSD.s,anaconda,24480388,H4,HOLD,HOLD,NONE,0,0.003734069270785279,0,,,,,,,,,,,,,,,,0.00019,0.00019,1.14439,1.14863,1.14401,1.14782,1.1566294748913146,1.1695613485252312,0.012931873633916569,45.700725516945724,1.16665,1.1409799999999999,4,,,,,,,,,,,,,,,,,,,,,,,,no_breakout
2026-03-16T12:21:27.158892+00:00,XAUUSD.s,anaconda,24480388,H4,HOLD,HOLD,NONE,0,53.32521012674624,0,,,,,,,,,,,,,,,,0.29,0.29,4991.12,5022.58,4970.13,5018.0,5124.810232688524,5045.610290763731,79.19994192479226,36.1934886716398,5235.36,4967.58,4,,,,,,,,,,,,,,,,,,,,,,,,no_breakout
2026-03-16T12:21:27.160405+00:00,USOUSD.s,anaconda,24480388,H4,HOLD,HOLD,NONE,0,4.3319535678463685,0,,,,,,,,,,,,,,,,0.079,0.079,99.737,100.222,96.322,96.957,88.79770895951182,74.49449177614046,14.303217183371359,55.358386439560064,102.012,76.779,4,,,,,,,,,,,,,,,,,,,,,,,,no_breakout
2026-03-16T12:26:27.693940+00:00,BTCUSD,anaconda,24480388,H4,HOLD,HOLD,NONE,0,1009.3823881129189,0,,,,,,,,,,,,,,,,16.96,16.96,73127.8,73822.03,73050.68,73746.21,70629.538683366,70633.87577662531,4.337093259309768,70.13276421515961,73893.83,69763.24,2,,,,,,,,,,,,,,,,,,,,,,,,"weak_separation,no_breakout,rsi_out_of_zone"
2026-03-16T12:26:27.695716+00:00,USDJPY.s,anaconda,24480388,H4,HOLD,HOLD,NONE,0,0.4179403893911968,0,,,,,,,,,,,,,,,,0.023,0.023,159.34,159.375,159.022,159.061,158.3458092896172,156.72841266507325,1.617396624543943,48.97435251384528,159.736,157.393,4,,,,,,,,,,,,,,,,,,,,,,,,no_breakout
2026-03-16T12:26:27.697106+00:00,EURUSD.s,anaconda,24480388,H4,HOLD,HOLD,NONE,0,0.003734069270785279,0,,,,,,,,,,,,,,,,0.00019,0.00019,1.14439,1.14863,1.14401,1.14809,1.1566294748913146,1.1695613485252312,0.012931873633916569,46.3193263772771,1.16665,1.1409799999999999,4,,,,,,,,,,,,,,,,,,,,,,,,no_breakout
2026-03-16T12:26:27.698686+00:00,XAUUSD.s,anaconda,24480388,H4,HOLD,HOLD,NONE,0,53.32521012674624,0,,,,,,,,,,,,,,,,0.29,0.29,4991.12,5022.58,4970.13,5017.4,5124.810232688524,5045.610290763731,79.19994192479226,36.042110172494006,5235.36,4967.58,4,,,,,,,,,,,,,,,,,,,,,,,,no_breakout
2026-03-16T12:26:27.700268+00:00,USOUSD.s,anaconda,24480388,H4,HOLD,HOLD,NONE,0,4.3319535678463685,0,,,,,,,,,,,,,,,,0.079,0.079,99.737,100.222,96.322,96.697,88.79770895951182,74.49449177614046,14.303217183371359,54.653266962455135,102.012,76.779,4,,,,,,,,,,,,,,,,,,,,,,,,no_breakout
2026-03-16T12:31:28.139502+00:00,BTCUSD,anaconda,24480388,H4,HOLD,HOLD,NONE,0,1019.3409595414902,0,,,,,,,,,,,,,,,,17.04,17.04,73127.8,73961.45,73050.68,73889.24,70629.538683366,70633.87577662531,4.337093259309768,70.9397847687121,73893.83,69763.24,2,,,,,,,,,,,,,,,,,,,,,,,,"weak_separation,no_breakout,rsi_out_of_zone"
2026-03-16T12:31:28.140747+00:00,USDJPY.s,anaconda,24480388,H4,HOLD,HOLD,NONE,0,0.42094038939119693,0,,,,,,,,,,,,,,,,0.023,0.023,159.34,159.375,158.98,158.986,158.3458092896172,156.72841266507325,1.617396624543943,47.36576916785444,159.736,157.393,4,,,,,,,,,,,,,,,,,,,,,,,,no_breakout
2026-03-16T12:31:28.142037+00:00,EURUSD.s,anaconda,24480388,H4,HOLD,HOLD,NONE,0,0.0037354978422138438,0,,,,,,,,,,,,,,,,0.00018,0.00018,1.14439,1.14865,1.14401,1.14865,1.1566294748913146,1.1695613485252312,0.012931873633916569,47.558454567737144,1.16665,1.1409799999999999,4,,,,,,,,,,,,,,,,,,,,,,,,no_breakout
2026-03-16T12:31:28.143253+00:00,XAUUSD.s,anaconda,24480388,H4,HOLD,HOLD,NONE,0,53.4759244124605,0,,,,,,,,,,,,,,,,0.29,0.29,4991.12,5024.69,4970.13,5024.41,5124.810232688524,5045.610290763731,79.19994192479226,37.76709792716981,5235.36,4967.58,4,,,,,,,,,,,,,,,,,,,,,,,,no_breakout
2026-03-16T12:31:28.144532+00:00,USOUSD.s,anaconda,24480388,H4,HOLD,HOLD,NONE,0,4.3319535678463685,0,,,,,,,,,,,,,,,,0.079,0.079,99.737,100.222,96.322,96.592,88.79770895951182,74.49449177614046,14.303217183371359,54.37357298729303,102.012,76.779,4,,,,,,,,,,,,,,,,,,,,,,,,no_breakout
2026-03-16T12:36:28.613265+00:00,BTCUSD,anaconda,24480388,H4,HOLD,HOLD,NONE,0,1024.775245255776,0,,,,,,,,,,,,,,,,16.97,16.97,73127.8,74037.53,73050.68,73786.49,70629.538683366,70633.87577662531,4.337093259309768,70.36453560735283,73893.83,69763.24,2,,,,,,,,,,,,,,,,,,,,,,,,"weak_separation,no_breakout,rsi_out_of_zone"
2026-03-16T12:36:28.614573+00:00,USDJPY.s,anaconda,24480388,H4,HOLD,HOLD,NONE,0,0.4232975322483388,0,,,,,,,,,,,,,,,,0.023,0.023,159.34,159.375,158.947,158.99,158.3458092896172,156.72841266507325,1.617396624543943,47.44888803822,159.736,157.393,4,,,,,,,,,,,,,,,,,,,,,,,,no_breakout
2026-03-16T12:36:28.615752+00:00,EURUSD.s,anaconda,24480388,H4,HOLD,HOLD,NONE,0,0.00373906927078528,0,,,,,,,,,,,,,,,,0.00019,0.00019,1.14439,1.1487,1.14401,1.14832,1.1566294748913146,1.1695613485252312,0.012931873633916569,46.83527226913627,1.16665,1.1409799999999999,4,,,,,,,,,,,,,,,,,,,,,,,,no_breakout
2026-03-16T12:36:28.616903+00:00,XAUUSD.s,anaconda,24480388,H4,HOLD,HOLD,NONE,0,53.49306726960341,0,,,,,,,,,,,,,,,,0.28,0.28,4991.12,5024.93,4970.13,5021.23,5124.810232688524,5045.610290763731,79.19994192479226,36.99625236737708,5235.36,4967.58,4,,,,,,,,,,,,,,,,,,,,,,,,no_breakout
2026-03-16T12:36:28.618386+00:00,USOUSD.s,anaconda,24480388,H4,HOLD,HOLD,NONE,0,4.386239282132083,0,,,,,,,,,,,,,,,,0.079,0.079,99.737,100.222,95.562,95.697,88.79770895951182,74.49449177614046,14.303217183371359,52.10085489310194,102.012,76.779,4,,,,,,,,,,,,,,,,,,,,,,,,no_breakout
2026-03-16T12:41:29.059206+00:00,BTCUSD,anaconda,24480388,H4,HOLD,HOLD,NONE,0,1024.775245255776,0,,,,,,,,,,,,,,,,16.98,16.98,73127.8,74037.53,73050.68,73779.82,70629.538683366,70633.87577662531,4.337093259309768,70.32640520983725,73893.83,69763.24,2,,,,,,,,,,,,,,,,,,,,,,,,"weak_separation,no_breakout,rsi_out_of_zone"
2026-03-16T12:41:29.060958+00:00,USDJPY.s,anaconda,24480388,H4,HOLD,HOLD,NONE,0,0.4232975322483388,0,,,,,,,,,,,,,,,,0.024,0.024,159.34,159.375,158.947,159.038,158.3458092896172,156.72841266507325,1.617396624543943,48.46955802351754,159.736,157.393,4,,,,,,,,,,,,,,,,,,,,,,,,no_breakout
2026-03-16T12:41:29.062739+00:00,EURUSD.s,anaconda,24480388,H4,HOLD,HOLD,NONE,0,0.00373906927078528,0,,,,,,,,,,,,,,,,0.00019,0.00019,1.14439,1.1487,1.14401,1.1479,1.1566294748913146,1.1695613485252312,0.012931873633916569,45.885495946336235,1.16665,1.1409799999999999,4,,,,,,,,,,,,,,,,,,,,,,,,no_breakout
2026-03-16T12:41:29.066113+00:00,XAUUSD.s,anaconda,24480388,H4,HOLD,HOLD,NONE,0,53.49306726960341,0,,,,,,,,,,,,,,,,0.28,0.28,4991.12,5024.93,4970.13,5019.98,5124.810232688524,5045.610290763731,79.19994192479226,36.687992990993486,5235.36,4967.58,4,,,,,,,,,,,,,,,,,,,,,,,,no_breakout
2026-03-16T12:41:29.067682+00:00,USOUSD.s,anaconda,24480388,H4,HOLD,HOLD,NONE,0,4.41481071070351,0,,,,,,,,,,,,,,,,0.079,0.079,99.737,100.222,95.162,95.472,88.79770895951182,74.49449177614046,14.303217183371359,51.55907572313145,102.012,76.779,4,,,,,,,,,,,,,,,,,,,,,,,,no_breakout
2026-03-16T12:46:29.520851+00:00,BTCUSD,anaconda,24480388,H4,HOLD,HOLD,NONE,0,1024.775245255776,0,,,,,,,,,,,,,,,,17.11,17.11,73127.8,74037.53,73050.68,73820.25,70629.538683366,70633.87577662531,4.337093259309768,70.55603792078526,73893.83,69763.24,2,,,,,,,,,,,,,,,,,,,,,,,,"weak_separation,no_breakout,rsi_out_of_zone"
2026-03-16T12:46:29.522352+00:00,USDJPY.s,anaconda,24480388,H4,HOLD,HOLD,NONE,0,0.4232975322483388,0,,,,,,,,,,,,,,,,0.023,0.023,159.34,159.375,158.947,158.968,158.3458092896172,156.72841266507325,1.617396624543943,46.99530976412535,159.736,157.393,4,,,,,,,,,,,,,,,,,,,,,,,,no_breakout
2026-03-16T12:46:29.523820+00:00,EURUSD.s,anaconda,24480388,H4,HOLD,HOLD,NONE,0,0.00373906927078528,0,,,,,,,,,,,,,,,,0.00018,0.00018,1.14439,1.1487,1.14401,1.14808,1.1566294748913146,1.1695613485252312,0.012931873633916569,46.29666668689439,1.16665,1.1409799999999999,4,,,,,,,,,,,,,,,,,,,,,,,,no_breakout
2026-03-16T12:46:29.525095+00:00,XAUUSD.s,anaconda,24480388,H4,HOLD,HOLD,NONE,0,53.49306726960341,0,,,,,,,,,,,,,,,,0.28,0.28,4991.12,5024.93,4970.13,5020.94,5124.810232688524,5045.610290763731,79.19994192479226,36.92500391559919,5235.36,4967.58,4,,,,,,,,,,,,,,,,,,,,,,,,no_breakout
2026-03-16T12:46:29.526354+00:00,USOUSD.s,anaconda,24480388,H4,HOLD,HOLD,NONE,0,4.447667853560654,0,,,,,,,,,,,,,,,,0.079,0.079,99.737,100.222,94.702,94.717,88.79770895951182,74.49449177614046,14.303217183371359,49.82066880785548,102.012,76.779,4,,,,,,,,,,,,,,,,,,,,,,,,no_breakout
2026-03-16T12:51:29.987908+00:00,BTCUSD,anaconda,24480388,H4,HOLD,HOLD,NONE,0,1024.775245255776,0,,,,,,,,,,,,,,,,17.02,17.02,73127.8,74037.53,73050.68,73752.13,70629.538683366,70633.87577662531,4.337093259309768,70.16705492424073,73893.83,69763.24,2,,,,,,,,,,,,,,,,,,,,,,,,"weak_separation,no_breakout,rsi_out_of_zone"
2026-03-16T12:51:29.989344+00:00,USDJPY.s,anaconda,24480388,H4,HOLD,HOLD,NONE,0,0.4232975322483388,0,,,,,,,,,,,,,,,,0.024,0.024,159.34,159.375,158.947,159.024,158.3458092896172,156.72841266507325,1.617396624543943,48.16735493335191,159.736,157.393,4,,,,,,,,,,,,,,,,,,,,,,,,no_breakout
2026-03-16T12:51:29.990485+00:00,EURUSD.s,anaconda,24480388,H4,HOLD,HOLD,NONE,0,0.00373906927078528,0,,,,,,,,,,,,,,,,0.00019,0.00019,1.14439,1.1487,1.14401,1.14765,1.1566294748913146,1.1695613485252312,0.012931873633916569,45.30386825396943,1.16665,1.1409799999999999,4,,,,,,,,,,,,,,,,,,,,,,,,no_breakout
2026-03-16T12:51:29.991802+00:00,XAUUSD.s,anaconda,24480388,H4,HOLD,HOLD,NONE,0,53.49306726960341,0,,,,,,,,,,,,,,,,0.29,0.29,4991.12,5024.93,4970.13,5015.13,5124.810232688524,5045.610290763731,79.19994192479226,35.46283665476416,5235.36,4967.58,4,,,,,,,,,,,,,,,,,,,,,,,,no_breakout
2026-03-16T12:51:29.992921+00:00,USOUSD.s,anaconda,24480388,H4,HOLD,HOLD,NONE,0,4.4483821392749405,0,,,,,,,,,,,,,,,,0.079,0.079,99.737,100.222,94.692,94.817,88.79770895951182,74.49449177614046,14.303217183371359,50.04415604963305,102.012,76.779,4,,,,,,,,,,,,,,,,,,,,,,,,no_breakout
2026-03-16T12:56:30.443061+00:00,BTCUSD,anaconda,24480388,H4,HOLD,HOLD,NONE,0,1024.775245255776,0,,,,,,,,,,,,,,,,17.06,17.06,73127.8,74037.53,73050.68,73782.72,70629.538683366,70633.87577662531,4.337093259309768,70.34299569322557,73893.83,69763.24,2,,,,,,,,,,,,,,,,,,,,,,,,"weak_separation,no_breakout,rsi_out_of_zone"
2026-03-16T12:56:30.444566+00:00,USDJPY.s,anaconda,24480388,H4,HOLD,HOLD,NONE,0,0.4232975322483388,0,,,,,,,,,,,,,,,,0.024,0.024,159.34,159.375,158.947,159.09,158.3458092896172,156.72841266507325,1.617396624543943,49.62601863381152,159.736,157.393,4,,,,,,,,,,,,,,,,,,,,,,,,no_breakout
2026-03-16T12:56:30.445995+00:00,EURUSD.s,anaconda,24480388,H4,HOLD,HOLD,NONE,0,0.00373906927078528,0,,,,,,,,,,,,,,,,0.00019,0.00019,1.14439,1.1487,1.14401,1.14728,1.1566294748913146,1.1695613485252312,0.012931873633916569,44.419743282462214,1.16665,1.1409799999999999,4,,,,,,,,,,,,,,,,,,,,,,,,no_breakout
2026-03-16T12:56:30.447430+00:00,XAUUSD.s,anaconda,24480388,H4,HOLD,HOLD,NONE,0,53.49306726960341,0,,,,,,,,,,,,,,,,0.28,0.28,4991.12,5024.93,4970.13,5018.03,5124.810232688524,5045.610290763731,79.19994192479226,36.201038788616145,5235.36,4967.58,4,,,,,,,,,,,,,,,,,,,,,,,,no_breakout
2026-03-16T12:56:30.448883+00:00,USOUSD.s,anaconda,24480388,H4,HOLD,HOLD,NONE,0,4.459810710703511,0,,,,,,,,,,,,,,,,0.079,0.079,99.737,100.222,94.532,95.417,88.79770895951182,74.49449177614046,14.303217183371359,51.4283502511764,102.012,76.779,4,,,,,,,,,,,,,,,,,,,,,,,,no_breakout
2026-03-16T13:01:30.894650+00:00,BTCUSD,anaconda,24480388,H4,HOLD,HOLD,NONE,0,953.8984420584187,0,,,,,,,,,,,,,,,,17.08,17.08,73852.04,73865.86,73833.36,73862.33,70755.91083024841,70665.41195001079,90.49888023761741,70.79764361555166,74442.71,70006.27,2,,,,,,,,,,,,,,,,,,,,,,,,"weak_separation,no_breakout,rsi_out_of_zone"
2026-03-16T13:01:30.895997+00:00,USDJPY.s,anaconda,24480388,H4,HOLD,HOLD,NONE,0,0.39684770851688356,0,,,,,,,,,,,,,,,,0.024,0.024,159.117,159.117,159.07,159.087,158.37628784831827,156.75611144087134,1.6201764074469338,49.467137160359115,159.736,157.853,4,,,,,,,,,,,,,,,,,,,,,,,,no_breakout
2026-03-16T13:01:30.897273+00:00,EURUSD.s,anaconda,24480388,H4,HOLD,HOLD,NONE,0,0.0034977071800314377,0,,,,,,,,,,,,,,,,0.00018,0.00018,1.1473200000000001,1.14765,1.1473200000000001,1.14763,1.1562632243579365,1.1693663947446435,0.013103170386707053,45.34564106126363,1.16446,1.1409799999999999,4,,,,,,,,,,,,,,,,,,,,,,,,no_breakout
2026-03-16T13:01:30.898580+00:00,XAUUSD.s,anaconda,24480388,H4,HOLD,HOLD,NONE,0,50.04356246535895,0,,,,,,,,,,,,,,,,0.28,0.28,5019.85,5021.42,5016.22,5018.33,5120.693787708398,5045.627426799572,75.06636090882603,36.41401402239933,5223.06,4967.58,4,,,,,,,,,,,,,,,,,,,,,,,,no_breakout
2026-03-16T13:01:30.899778+00:00,USOUSD.s,anaconda,24480388,H4,HOLD,HOLD,NONE,0,4.211252802816628,0,,,,,,,,,,,,,,,,0.079,0.079,95.242,95.262,94.282,94.542,89.05023043856143,74.7029466263285,14.34728381223293,49.26575206233819,102.012,81.802,4,,,,,,,,,,,,,,,,,,,,,,,,no_breakout
2026-03-16T13:06:31.339981+00:00,BTCUSD,anaconda,24480388,H4,HOLD,HOLD,NONE,0,963.3205849155618,0,,,,,,,,,,,,,,,,17.02,17.02,73852.04,73997.77,73833.36,73986.38,70755.91083024841,70665.41195001079,90.49888023761741,71.54226597322,74442.71,70006.27,2,,,,,,,,,,,,,,,,,,,,,,,,"weak_separation,no_breakout,rsi_out_of_zone"
2026-03-16T13:06:31.341970+00:00,USDJPY.s,anaconda,24480388,H4,HOLD,HOLD,NONE,0,0.39684770851688356,0,,,,,,,,,,,,,,,,0.023,0.023,159.117,159.117,159.07,159.108,158.37628784831827,156.75611144087134,1.6201764074469338,50.0007410799141,159.736,157.853,4,,,,,,,,,,,,,,,,,,,,,,,,no_breakout
2026-03-16T13:06:31.343716+00:00,EURUSD.s,anaconda,24480388,H4,HOLD,HOLD,NONE,0,0.00351127860860286,0,,,,,,,,,,,,,,,,0.00019,0.00019,1.1473200000000001,1.14784,1.1473200000000001,1.14763,1.1562632243579365,1.1693663947446435,0.013103170386707053,45.34564106126363,1.16446,1.1409799999999999,4,,,,,,,,,,,,,,,,,,,,,,,,no_breakout
2026-03-16T13:06:31.345399+00:00,XAUUSD.s,anaconda,24480388,H4,HOLD,HOLD,NONE,0,50.21284817964466,0,,,,,,,,,,,,,,,,0.29,0.29,5019.85,5021.42,5013.85,5016.61,5120.693787708398,5045.627426799572,75.06636090882603,36.14525018447188,5223.06,4967.58,4,,,,,,,,,,,,,,,,,,,,,,,,no_breakout
2026-03-16T13:06:31.347120+00:00,USOUSD.s,anaconda,24480388,H4,HOLD,HOLD,NONE,0,4.211252802816628,0,,,,,,,,,,,,,,,,0.079,0.079,95.242,95.262,94.282,95.177,89.05023043856143,74.7029466263285,14.34728381223293,50.8501278408835,102.012,81.802,4,,,,,,,,,,,,,,,,,,,,,,,,no_breakout
2026-03-16T13:11:31.824159+00:00,BTCUSD,anaconda,24480388,H4,HOLD,HOLD,NONE,0,963.5962992012761,0,,,,,,,,,,,,,,,,17.06,17.06,73852.04,73997.77,73829.5,73829.5,70755.91083024841,70665.41195001079,90.49888023761741,70.39877923923453,74442.71,70006.27,2,,,,,,,,,,,,,,,,,,,,,,,,"weak_separation,no_breakout,rsi_out_of_zone"
2026-03-16T13:11:31.825521+00:00,USDJPY.s,anaconda,24480388,H4,HOLD,HOLD,NONE,0,0.3989905656597408,0,,,,,,,,,,,,,,,,0.024,0.024,159.117,159.153,159.07,159.142,158.37628784831827,156.75611144087134,1.6201764074469338,50.87218548372697,159.736,157.853,4,,,,,,,,,,,,,,,,,,,,,,,,no_breakout
2026-03-16T13:11:31.826764+00:00,EURUSD.s,anaconda,24480388,H4,HOLD,HOLD,NONE,0,0.00351127860860286,0,,,,,,,,,,,,,,,,0.00018,0.00018,1.1473200000000001,1.14784,1.1473200000000001,1.14764,1.1562632243579365,1.1693663947446435,0.013103170386707053,45.37171667985786,1.16446,1.1409799999999999,4,,,,,,,,,,,,,,,,,,,,,,,,no_breakout
2026-03-16T13:11:31.828098+00:00,XAUUSD.s,anaconda,24480388,H4,HOLD,HOLD,NONE,0,50.24713389393034,0,,,,,,,,,,,,,,,,0.29,0.29,5019.85,5021.9,5013.85,5021.63,5120.693787708398,5045.627426799572,75.06636090882603,37.14288172227245,5223.06,4967.58,4,,,,,,,,,,,,,,,,,,,,,,,,no_breakout
2026-03-16T13:11:31.829344+00:00,USOUSD.s,anaconda,24480388,H4,HOLD,HOLD,NONE,0,4.236609945673771,0,,,,,,,,,,,,,,,,0.079,0.079,95.242,95.617,94.282,95.577,89.05023043856143,74.7029466263285,14.34728381223293,51.836984606723746,102.012,81.802,4,,,,,,,,,,,,,,,,,,,,,,,,no_breakout
2026-03-16T13:16:32.372863+00:00,BTCUSD,anaconda,24480388,H4,HOLD,HOLD,NONE,0,964.1905849155623,0,,,,,,,,,,,,,,,,16.99,16.99,73852.04,73997.77,73821.18,73872.51,70755.91083024841,70665.41195001079,90.49888023761741,70.86021461818959,74442.71,70006.27,2,,,,,,,,,,,,,,,,,,,,,,,,"weak_separation,no_breakout,rsi_out_of_zone"
2026-03-16T13:16:32.374134+00:00,USDJPY.s,anaconda,24480388,H4,HOLD,HOLD,NONE,0,0.3989905656597408,0,,,,,,,,,,,,,,,,0.033,0.033,159.117,159.153,159.07,159.11,158.37628784831827,156.75611144087134,1.6201764074469338,50.05216151800015,159.736,157.853,4,,,,,,,,,,,,,,,,,,,,,,,,no_breakout
2026-03-16T13:16:32.375330+00:00,EURUSD.s,anaconda,24480388,H4,HOLD,HOLD,NONE,0,0.003524135751460008,0,,,,,,,,,,,,,,,,0.00019,0.00019,1.1473200000000001,1.14802,1.1473200000000001,1.14772,1.1562632243579365,1.1693663947446435,0.013103170386707053,45.579429304823165,1.16446,1.1409799999999999,4,,,,,,,,,,,,,,,,,,,,,,,,no_breakout
2026-03-16T13:16:32.376671+00:00,XAUUSD.s,anaconda,24480388,H4,HOLD,HOLD,NONE,0,50.832133893930376,0,,,,,,,,,,,,,,,,0.28,0.28,5019.85,5030.09,5013.85,5029.77,5120.693787708398,5045.627426799572,75.06636090882603,39.27711827644876,5223.06,4967.58,4,,,,,,,,,,,,,,,,,,,,,,,,no_breakout
2026-03-16T13:16:32.377951+00:00,USOUSD.s,anaconda,24480388,H4,HOLD,HOLD,NONE,0,4.236609945673771,0,,,,,,,,,,,,,,,,0.099,0.099,95.242,95.617,94.282,95.242,89.05023043856143,74.7029466263285,14.34728381223293,51.01755954808879,102.012,81.802,4,,,,,,,,,,,,,,,,,,,,,,,,no_breakout
2026-03-16T13:21:32.844093+00:00,BTCUSD,anaconda,24480388,H4,HOLD,HOLD,NONE,0,967.9134420584192,0,,,,,,,,,,,,,,,,16.99,16.99,73852.04,73997.77,73769.06,73844.59,70755.91083024841,70665.41195001079,90.49888023761741,70.62298947080622,74442.71,70006.27,2,,,,,,,,,,,,,,,,,,,,,,,,"weak_separation,no_breakout,rsi_out_of_zone"
2026-03-16T13:21:32.845410+00:00,USDJPY.s,anaconda,24480388,H4,HOLD,HOLD,NONE,0,0.39991913708831256,0,,,,,,,,,,,,,,,,0.023,0.023,159.117,159.166,159.07,159.153,158.37628784831827,156.75611144087134,1.6201764074469338,51.14765252466687,159.736,157.853,4,,,,,,,,,,,,,,,,,,,,,,,,no_breakout
2026-03-16T13:21:32.846711+00:00,EURUSD.s,anaconda,24480388,H4,HOLD,HOLD,NONE,0,0.003524135751460008,0,,,,,,,,,,,,,,,,0.00019,0.00019,1.1473200000000001,1.14802,1.1473200000000001,1.14748,1.1562632243579365,1.1693663947446435,0.013103170386707053,44.951498049495555,1.16446,1.1409799999999999,4,,,,,,,,,,,,,,,,,,,,,,,,no_breakout
2026-03-16T13:21:32.848140+00:00,XAUUSD.s,anaconda,24480388,H4,HOLD,HOLD,NONE,0,50.832133893930376,0,,,,,,,,,,,,,,,,0.29,0.29,5019.85,5030.09,5013.85,5024.8,5120.693787708398,5045.627426799572,75.06636090882603,37.991623150004706,5223.06,4967.58,4,,,,,,,,,,,,,,,,,,,,,,,,no_breakout
2026-03-16T13:21:32.849304+00:00,USOUSD.s,anaconda,24480388,H4,HOLD,HOLD,NONE,0,4.2376813742451995,0,,,,,,,,,,,,,,,,0.079,0.079,95.242,95.632,94.282,95.432,89.05023043856143,74.7029466263285,14.34728381223293,51.48569782711286,102.012,81.802,4,,,,,,,,,,,,,,,,,,,,,,,,no_breakout
2026-03-16T13:26:33.303992+00:00,BTCUSD,anaconda,24480388,H4,HOLD,HOLD,NONE,0,967.9134420584192,0,,,,,,,,,,,,,,,,17.02,17.02,73852.04,73997.77,73769.06,73895.69,70755.91083024841,70665.41195001079,90.49888023761741,71.00169411213058,74442.71,70006.27,2,,,,,,,,,,,,,,,,,,,,,,,,"weak_separation,no_breakout,rsi_out_of_zone"
2026-03-16T13:26:33.305576+00:00,USDJPY.s,anaconda,24480388,H4,HOLD,HOLD,NONE,0,0.39991913708831256,0,,,,,,,,,,,,,,,,0.023,0.023,159.117,159.166,159.07,159.131,158.37628784831827,156.75611144087134,1.6201764074469338,50.593594236787624,159.736,157.853,4,,,,,,,,,,,,,,,,,,,,,,,,no_breakout
2026-03-16T13:26:33.306989+00:00,EURUSD.s,anaconda,24480388,H4,HOLD,HOLD,NONE,0,0.0035334214657457195,0,,,,,,,,,,,,,,,,0.00019,0.00019,1.1473200000000001,1.14815,1.1473200000000001,1.14812,1.1562632243579365,1.1693663947446435,0.013103170386707053,46.594740959163744,1.16446,1.1409799999999999,4,,,,,,,,,,,,,,,,,,,,,,,,no_breakout
2026-03-16T13:26:33.308249+00:00,XAUUSD.s,anaconda,24480388,H4,HOLD,HOLD,NONE,0,50.832133893930376,0,,,,,,,,,,,,,,,,0.29,0.29,5019.85,5030.09,5013.85,5027.78,5120.693787708398,5045.627426799572,75.06636090882603,38.76885451874874,5223.06,4967.58,4,,,,,,,,,,,,,,,,,,,,,,,,no_breakout
2026-03-16T13:26:33.309489+00:00,USOUSD.s,anaconda,24480388,H4,HOLD,HOLD,NONE,0,4.2376813742451995,0,,,,,,,,,,,,,,,,0.079,0.079,95.242,95.632,94.282,94.897,89.05023043856143,74.7029466263285,14.34728381223293,50.139120482931894,102.012,81.802,4,,,,,,,,,,,,,,,,,,,,,,,,no_breakout
2026-03-16T13:31:33.797412+00:00,BTCUSD,anaconda,24480388,H4,HOLD,HOLD,NONE,0,967.9134420584192,0,,,,,,,,,,,,,,,,17.02,17.02,73852.04,73997.77,73769.06,73973.65,70755.91083024841,70665.41195001079,90.49888023761741,71.46760596674137,74442.71,70006.27,2,,,,,,,,,,,,,,,,,,,,,,,,"weak_separation,no_breakout,rsi_out_of_zone"
2026-03-16T13:31:33.799400+00:00,USDJPY.s,anaconda,24480388,H4,HOLD,HOLD,NONE,0,0.39991913708831256,0,,,,,,,,,,,,,,,,0.023,0.023,159.117,159.166,159.07,159.12,158.37628784831827,156.75611144087134,1.6201764074469338,50.310858321234946,159.736,157.853,4,,,,,,,,,,,,,,,,,,,,,,,,no_breakout
2026-03-16T13:31:33.800969+00:00,EURUSD.s,anaconda,24480388,H4,HOLD,HOLD,NONE,0,0.003550564322888578,0,,,,,,,,,,,,,,,,0.00018,0.00018,1.1473200000000001,1.14839,1.1473200000000001,1.14817,1.1562632243579365,1.1693663947446435,0.013103170386707053,46.7189973347168,1.16446,1.1409799999999999,4,,,,,,,,,,,,,,,,,,,,,,,,no_breakout
2026-03-16T13:31:33.802462+00:00,XAUUSD.s,anaconda,24480388,H4,HOLD,HOLD,NONE,0,50.832133893930376,0,,,,,,,,,,,,,,,,0.29,0.29,5019.85,5030.09,5013.85,5020.99,5120.693787708398,5045.627426799572,75.06636090882603,36.968700227878195,5223.06,4967.58,4,,,,,,,,,,,,,,,,,,,,,,,,no_breakout
2026-03-16T13:31:33.803842+00:00,USOUSD.s,anaconda,24480388,H4,HOLD,HOLD,NONE,0,4.2376813742451995,0,,,,,,,,,,,,,,,,0.079,0.079,95.242,95.632,94.282,94.347,89.05023043856143,74.7029466263285,14.34728381223293,48.798838470663334,102.012,81.802,4,,,,,,,,,,,,,,,,,,,,,,,,no_breakout
2026-03-16T13:36:34.298344+00:00,BTCUSD,anaconda,24480388,H4,HOLD,HOLD,NONE,0,996.0941563441334,0,,,,,,,,,,,,,,,,16.96,16.96,73852.04,74392.3,73769.06,74285.18,70755.91083024841,70665.41195001079,90.49888023761741,73.18896982443141,74442.71,70006.27,2,,,,,,,,,,,,,,,,,,,,,,,,"weak_separation,no_breakout,rsi_out_of_zone"
2026-03-16T13:36:34.299692+00:00,USDJPY.s,anaconda,24480388,H4,HOLD,HOLD,NONE,0,0.39991913708831256,0,,,,,,,,,,,,,,,,0.024,0.024,159.117,159.166,159.07,159.074,158.37628784831827,156.75611144087134,1.6201764074469338,49.14248095712194,159.736,157.853,4,,,,,,,,,,,,,,,,,,,,,,,,no_breakout
2026-03-16T13:36:34.300930+00:00,EURUSD.s,anaconda,24480388,H4,HOLD,HOLD,NONE,0,0.003569135751460001,0,,,,,,,,,,,,,,,,0.00018,0.00018,1.1473200000000001,1.14865,1.1473200000000001,1.14845,1.1562632243579365,1.1693663947446435,0.013103170386707053,47.40428520415621,1.16446,1.1409799999999999,4,,,,,,,,,,,,,,,,,,,,,,,,no_breakout
2026-03-16T13:36:34.302236+00:00,XAUUSD.s,anaconda,24480388,H4,HOLD,HOLD,NONE,0,51.128562465358925,0,,,,,,,,,,,,,,,,0.29,0.29,5019.85,5034.24,5013.85,5033.74,5120.693787708398,5045.627426799572,75.06636090882603,40.26629444814849,5223.06,4967.58,4,,,,,,,,,,,,,,,,,,,,,,,,no_breakout
2026-03-16T13:36:34.303575+00:00,USOUSD.s,anaconda,24480388,H4,HOLD,HOLD,NONE,0,4.249109945673771,0,,,,,,,,,,,,,,,,0.079,0.079,95.242,95.632,94.122,94.567,89.05023043856143,74.7029466263285,14.34728381223293,49.32625975806888,102.012,81.802,4,,,,,,,,,,,,,,,,,,,,,,,,no_breakout
2026-03-16T13:41:34.817902+00:00,BTCUSD,anaconda,24480388,H4,HOLD,HOLD,NONE,0,999.4498706298474,0,,,,,,,,,,,,,,,,17.03,17.03,73852.04,74439.28,73769.06,74375.37,70755.91083024841,70665.41195001079,90.49888023761741,73.64921217915509,74442.71,70006.27,2,,,,,,,,,,,,,,,,,,,,,,,,"weak_separation,no_breakout,rsi_out_of_zone"
2026-03-16T13:41:34.819391+00:00,USDJPY.s,anaconda,24480388,H4,HOLD,HOLD,NONE,0,0.400347708516884,0,,,,,,,,,,,,,,,,0.024,0.024,159.117,159.166,159.064,159.114,158.37628784831827,156.75611144087134,1.6201764074469338,50.155320330771126,159.736,157.853,4,,,,,,,,,,,,,,,,,,,,,,,,no_breakout
2026-03-16T13:41:34.820856+00:00,EURUSD.s,anaconda,24480388,H4,HOLD,HOLD,NONE,0,0.003578421465745713,0,,,,,,,,,,,,,,,,0.00019,0.00019,1.1473200000000001,1.14878,1.1473200000000001,1.1486399999999999,1.1562632243579365,1.1693663947446435,0.013103170386707053,47.859349404100165,1.16446,1.1409799999999999,4,,,,,,,,,,,,,,,,,,,,,,,,no_breakout
2026-03-16T13:41:34.822361+00:00,XAUUSD.s,anaconda,24480388,H4,HOLD,HOLD,NONE,0,51.128562465358925,0,,,,,,,,,,,,,,,,0.29,0.29,5019.85,5034.24,5013.85,5023.8,5120.693787708398,5045.627426799572,75.06636090882603,37.72636674660758,5223.06,4967.58,4,,,,,,,,,,,,,,,,,,,,,,,,no_breakout
2026-03-16T13:41:34.823621+00:00,USOUSD.s,anaconda,24480388,H4,HOLD,HOLD,NONE,0,4.249109945673771,0,,,,,,,,,,,,,,,,0.079,0.079,95.242,95.632,94.122,94.847,89.05023043856143,74.7029466263285,14.34728381223293,50.014241972455864,102.012,81.802,4,,,,,,,,,,,,,,,,,,,,,,,,no_breakout
2026-03-16T13:46:35.312987+00:00,BTCUSD,anaconda,24480388,H4,HOLD,HOLD,NONE,0,1003.8241563441335,0,,,,,,,,,,,,,,,,16.97,16.97,73852.04,74500.52,73769.06,74314.64,70755.91083024841,70665.41195001079,90.49888023761741,73.3410631515503,74442.71,70006.27,2,,,,,,,,,,,,,,,,,,,,,,,,"weak_separation,no_breakout,rsi_out_of_zone"
2026-03-16T13:46:35.314731+00:00,USDJPY.s,anaconda,24480388,H4,HOLD,HOLD,NONE,0,0.4041334228025981,0,,,,,,,,,,,,,,,,0.024,0.024,159.117,159.166,159.011,159.017,158.37628784831827,156.75611144087134,1.6201764074469338,47.76788690069391,159.736,157.853,4,,,,,,,,,,,,,,,,,,,,,,,,no_breakout
2026-03-16T13:46:35.316258+00:00,EURUSD.s,anaconda,24480388,H4,HOLD,HOLD,NONE,0,0.003591992894317151,0,,,,,,,,,,,,,,,,0.00019,0.00019,1.1473200000000001,1.14897,1.1473200000000001,1.14893,1.1562632243579365,1.1693663947446435,0.013103170386707053,48.53893702402627,1.16446,1.1409799999999999,4,,,,,,,,,,,,,,,,,,,,,,,,no_breakout
2026-03-16T13:46:35.317709+00:00,XAUUSD.s,anaconda,24480388,H4,HOLD,HOLD,NONE,0,51.128562465358925,0,,,,,,,,,,,,,,,,0.29,0.29,5019.85,5034.24,5013.85,5031.04,5120.693787708398,5045.627426799572,75.06636090882603,39.59710001472292,5223.06,4967.58,4,,,,,,,,,,,,,,,,,,,,,,,,no_breakout
2026-03-16T13:46:35.319327+00:00,USOUSD.s,anaconda,24480388,H4,HOLD,HOLD,NONE,0,4.249109945673771,0,,,,,,,,,,,,,,,,0.099,0.099,95.242,95.632,94.122,94.327,89.05023043856143,74.7029466263285,14.34728381223293,48.751449822554335,102.012,81.802,4,,,,,,,,,,,,,,,,,,,,,,,,no_breakout
2026-03-16T13:51:35.970727+00:00,BTCUSD,anaconda,24480388,H4,HOLD,HOLD,NONE,0,1003.8241563441335,0,,,,,,,,,,,,,,,,17.01,17.01,73852.04,74500.52,73769.06,74145.03,70755.91083024841,70665.41195001079,90.49888023761741,72.44098748097966,74442.71,70006.27,2,,,,,,,,,,,,,,,,,,,,,,,,"weak_separation,no_breakout,rsi_out_of_zone"
2026-03-16T13:51:35.972606+00:00,USDJPY.s,anaconda,24480388,H4,HOLD,HOLD,NONE,0,0.40470485137402734,0,,,,,,,,,,,,,,,,0.024,0.024,159.117,159.166,159.003,159.006,158.37628784831827,156.75611144087134,1.6201764074469338,47.51141888385655,159.736,157.853,4,,,,,,,,,,,,,,,,,,,,,,,,no_breakout
2026-03-16T13:51:35.974218+00:00,EURUSD.s,anaconda,24480388,H4,HOLD,HOLD,NONE,0,0.003622707180031432,0,,,,,,,,,,,,,,,,0.00018,0.00018,1.1473200000000001,1.1494,1.1473200000000001,1.1494,1.1562632243579365,1.1693663947446435,0.013103170386707053,49.60349493727694,1.16446,1.1409799999999999,4,,,,,,,,,,,,,,,,,,,,,,,,no_breakout
2026-03-16T13:51:35.976095+00:00,XAUUSD.s,anaconda,24480388,H4,HOLD,HOLD,NONE,0,51.128562465358925,0,,,,,,,,,,,,,,,,0.29,0.29,5019.85,5034.24,5013.85,5025.89,5120.693787708398,5045.627426799572,75.06636090882603,38.27819057370285,5223.06,4967.58,4,,,,,,,,,,,,,,,,,,,,,,,,no_breakout
2026-03-16T13:51:35.977754+00:00,USOUSD.s,anaconda,24480388,H4,HOLD,HOLD,NONE,0,4.267324231388057,0,,,,,,,,,,,,,,,,0.079,0.079,95.242,95.632,93.867,93.947,89.05023043856143,74.7029466263285,14.34728381223293,47.86823599648334,102.012,81.802,4,,,,,,,,,,,,,,,,,,,,,,,,no_breakout
2026-03-16T13:56:36.474590+00:00,BTCUSD,anaconda,24480388,H4,HOLD,HOLD,NONE,0,1003.8241563441335,0,,,,,,,,,,,,,,,,17.07,17.07,73852.04,74500.52,73769.06,73925.46,70755.91083024841,70665.41195001079,90.49888023761741,71.18139306051276,74442.71,70006.27,2,,,,,,,,,,,,,,,,,,,,,,,,"weak_separation,no_breakout,rsi_out_of_zone"
2026-03-16T13:56:36.476266+00:00,USDJPY.s,anaconda,24480388,H4,HOLD,HOLD,NONE,0,0.4100619942311694,0,,,,,,,,,,,,,,,,0.024,0.024,159.117,159.166,158.928,158.945,158.37628784831827,156.75611144087134,1.6201764074469338,46.13772332583119,159.736,157.853,4,,,,,,,,,,,,,,,,,,,,,,,,no_breakout
2026-03-16T13:56:36.477966+00:00,EURUSD.s,anaconda,24480388,H4,HOLD,HOLD,NONE,0,0.0036569928943171485,0,,,,,,,,,,,,,,,,0.00019,0.00019,1.1473200000000001,1.14988,1.1473200000000001,1.14971,1.1562632243579365,1.1693663947446435,0.013103170386707053,50.2818689006258,1.16446,1.1409799999999999,4,,,,,,,,,,,,,,,,,,,,,,,,no_breakout
2026-03-16T13:56:36.479675+00:00,XAUUSD.s,anaconda,24480388,H4,HOLD,HOLD,NONE,0,51.128562465358925,0,,,,,,,,,,,,,,,,0.28,0.28,5019.85,5034.24,5013.85,5024.75,5120.693787708398,5045.627426799572,75.06636090882603,37.97841400997764,5223.06,4967.58,4,,,,,,,,,,,,,,,,,,,,,,,,no_breakout
2026-03-16T13:56:36.481187+00:00,USOUSD.s,anaconda,24480388,H4,HOLD,HOLD,NONE,0,4.275181374245199,0,,,,,,,,,,,,,,,,0.079,0.079,95.242,95.632,93.757,93.797,89.05023043856143,74.7029466263285,14.34728381223293,47.52834576383899,102.012,81.802,4,,,,,,,,,,,,,,,,,,,,,,,,no_breakout
2026-03-16T14:01:36.998298+00:00,BTCUSD,anaconda,24480388,H4,HOLD,HOLD,NONE,0,1003.8241563441335,0,,,,,,,,,,,,,,,,17.08,17.08,73852.04,74500.52,73769.06,74042.12,70755.91083024841,70665.41195001079,90.49888023761741,71.86462591220206,74442.71,70006.27,2,,,,,,,,,,,,,,,,,,,,,,,,"weak_separation,no_breakout,rsi_out_of_zone"
2026-03-16T14:01:37.000250+00:00,USDJPY.s,anaconda,24480388,H4,HOLD,HOLD,NONE,0,0.412704851374027,0,,,,,,,,,,,,,,,,0.024,0.024,159.117,159.166,158.891,158.91,158.37628784831827,156.75611144087134,1.6201764074469338,45.38481641092595,159.736,157.853,4,,,,,,,,,,,,,,,,,,,,,,,,no_breakout
2026-03-16T14:01:37.002247+00:00,EURUSD.s,anaconda,24480388,H4,HOLD,HOLD,NONE,0,0.00366556432288857,0,,,,,,,,,,,,,,,,0.00019,0.00019,1.1473200000000001,1.15,1.1473200000000001,1.1497600000000001,1.1562632243579365,1.1693663947446435,0.013103170386707053,50.38957740323111,1.16446,1.1409799999999999,4,,,,,,,,,,,,,,,,,,,,,,,,no_breakout
2026-03-16T14:01:37.003563+00:00,XAUUSD.s,anaconda,24480388,H4,HOLD,HOLD,NONE,0,51.128562465358925,0,,,,,,,,,,,,,,,,0.28,0.28,5019.85,5034.24,5013.85,5033.83,5120.693787708398,5045.627426799572,75.06636090882603,40.28834565579337,5223.06,4967.58,4,,,,,,,,,,,,,,,,,,,,,,,,no_breakout
2026-03-16T14:01:37.004993+00:00,USOUSD.s,anaconda,24480388,H4,HOLD,HOLD,NONE,0,4.3316099456737716,0,,,,,,,,,,,,,,,,0.079,0.079,95.242,95.632,92.967,93.657,89.05023043856143,74.7029466263285,14.34728381223293,47.21544106230856,102.012,81.802,4,,,,,,,,,,,,,,,,,,,,,,,,no_breakout
2026-03-16T14:06:37.507657+00:00,BTCUSD,anaconda,24480388,H4,HOLD,HOLD,NONE,0,1003.8241563441335,0,,,,,,,,,,,,,,,,16.98,16.98,73852.04,74500.52,73769.06,74209.11,70755.91083024841,70665.41195001079,90.49888023761741,72.78809671286287,74442.71,70006.27,2,,,,,,,,,,,,,,,,,,,,,,,,"weak_separation,no_breakout,rsi_out_of_zone"
2026-03-16T14:06:37.508986+00:00,USDJPY.s,anaconda,24480388,H4,HOLD,HOLD,NONE,0,0.412704851374027,0,,,,,,,,,,,,,,,,0.024,0.024,159.117,159.166,158.891,158.937,158.37628784831827,156.75611144087134,1.6201764074469338,45.963436269439434,159.736,157.853,4,,,,,,,,,,,,,,,,,,,,,,,,no_breakout
2026-03-16T14:06:37.510218+00:00,EURUSD.s,anaconda,24480388,H4,HOLD,HOLD,NONE,0,0.0036748500371742974,0,,,,,,,,,,,,,,,,0.00018,0.00018,1.1473200000000001,1.15013,1.1473200000000001,1.1494900000000001,1.1562632243579365,1.1693663947446435,0.013103170386707053,49.80234175671335,1.16446,1.1409799999999999,4,,,,,,,,,,,,,,,,,,,,,,,,no_breakout
2026-03-16T14:06:37.511387+00:00,XAUUSD.s,anaconda,24480388,H4,HOLD,HOLD,NONE,0,51.128562465358925,0,,,,,,,,,,,,,,,,0.29,0.29,5019.85,5034.24,5013.85,5031.35,5120.693787708398,5045.627426799572,75.06636090882603,39.674694404697775,5223.06,4967.58,4,,,,,,,,,,,,,,,,,,,,,,,,no_breakout
2026-03-16T14:06:37.512692+00:00,USOUSD.s,anaconda,24480388,H4,HOLD,HOLD,NONE,0,4.3316099456737716,0,,,,,,,,,,,,,,,,0.079,0.079,95.242,95.632,92.967,93.692,89.05023043856143,74.7029466263285,14.34728381223293,47.29328034712683,102.012,81.802,4,,,,,,,,,,,,,,,,,,,,,,,,no_breakout
2026-03-16T14:11:38.051568+00:00,BTCUSD,anaconda,24480388,H4,HOLD,HOLD,NONE,0,1003.8241563441335,0,,,,,,,,,,,,,,,,17.09,17.09,73852.04,74500.52,73769.06,74414.44,70755.91083024841,70665.41195001079,90.49888023761741,73.84371867312844,74442.71,70006.27,2,,,,,,,,,,,,,,,,,,,,,,,,"weak_separation,no_breakout,rsi_out_of_zone"
2026-03-16T14:11:38.053211+00:00,USDJPY.s,anaconda,24480388,H4,HOLD,HOLD,NONE,0,0.41627627994545435,0,,,,,,,,,,,,,,,,0.023,0.023,159.117,159.166,158.841,158.854,158.37628784831827,156.75611144087134,1.6201764074469338,44.22997641659112,159.736,157.853,4,,,,,,,,,,,,,,,,,,,,,,,,no_breakout
2026-03-16T14:11:38.054386+00:00,EURUSD.s,anaconda,24480388,H4,HOLD,HOLD,NONE,0,0.0036748500371742974,0,,,,,,,,,,,,,,,,0.00018,0.00018,1.1473200000000001,1.15013,1.1473200000000001,1.15003,1.1562632243579365,1.1693663947446435,0.013103170386707053,50.96323240880906,1.16446,1.1409799999999999,4,,,,,,,,,,,,,,,,,,,,,,,,no_breakout
2026-03-16T14:11:38.055622+00:00,XAUUSD.s,anaconda,24480388,H4,HOLD,HOLD,NONE,0,51.38784817964464,0,,,,,,,,,,,,,,,,0.29,0.29,5019.85,5037.87,5013.85,5035.48,5120.693787708398,5045.627426799572,75.06636090882603,40.68975187562967,5223.06,4967.58,4,,,,,,,,,,,,,,,,,,,,,,,,no_breakout
2026-03-16T14:11:38.068513+00:00,USOUSD.s,anaconda,24480388,H4,HOLD,HOLD,NONE,0,4.3316099456737716,0,,,,,,,,,,,,,,,,0.079,0.079,95.242,95.632,92.967,93.217,89.05023043856143,74.7029466263285,14.34728381223293,46.25830485677067,102.012,81.802,4,,,,,,,,,,,,,,,,,,,,,,,,no_breakout
2026-03-16T14:16:38.670011+00:00,BTCUSD,anaconda,24480388,H4,HOLD,HOLD,NONE,0,1003.8241563441335,0,,,,,,,,,,,,,,,,17.03,17.03,73852.04,74500.52,73769.06,74257.38,70755.91083024841,70665.41195001079,90.49888023761741,73.04384646968529,74442.71,70006.27,2,,,,,,,,,,,,,,,,,,,,,,,,"weak_separation,no_breakout,rsi_out_of_zone"
2026-03-16T14:16:38.671436+00:00,USDJPY.s,anaconda,24480388,H4,HOLD,HOLD,NONE,0,0.41634770851688324,0,,,,,,,,,,,,,,,,0.024,0.024,159.117,159.166,158.84,158.883,158.37628784831827,156.75611144087134,1.6201764074469338,44.82058358077062,159.736,157.853,4,,,,,,,,,,,,,,,,,,,,,,,,no_breakout
2026-03-16T14:16:38.672861+00:00,EURUSD.s,anaconda,24480388,H4,HOLD,HOLD,NONE,0,0.0036748500371742974,0,,,,,,,,,,,,,,,,0.00018,0.00018,1.1473200000000001,1.15013,1.1473200000000001,1.14959,1.1562632243579365,1.1693663947446435,0.013103170386707053,50.02145032892991,1.16446,1.1409799999999999,4,,,,,,,,,,,,,,,,,,,,,,,,no_breakout
2026-03-16T14:16:38.674122+00:00,XAUUSD.s,anaconda,24480388,H4,HOLD,HOLD,NONE,0,51.38784817964464,0,,,,,,,,,,,,,,,,0.28,0.28,5019.85,5037.87,5013.85,5029.06,5120.693787708398,5045.627426799572,75.06636090882603,39.096749023380085,5223.06,4967.58,4,,,,,,,,,,,,,,,,,,,,,,,,no_breakout
2026-03-16T14:16:38.675470+00:00,USOUSD.s,anaconda,24480388,H4,HOLD,HOLD,NONE,0,4.3316099456737716,0,,,,,,,,,,,,,,,,0.079,0.079,95.242,95.632,92.967,93.797,89.05023043856143,74.7029466263285,14.34728381223293,47.52834576383899,102.012,81.802,4,,,,,,,,,,,,,,,,,,,,,,,,no_breakout
2026-03-16T14:21:39.144300+00:00,BTCUSD,anaconda,24480388,H4,HOLD,HOLD,NONE,0,1003.8241563441335,0,,,,,,,,,,,,,,,,17.04,17.04,73852.04,74500.52,73769.06,74255.83,70755.91083024841,70665.41195001079,90.49888023761741,73.03570880635122,74442.71,70006.27,2,,,,,,,,,,,,,,,,,,,,,,,,"weak_separation,no_breakout,rsi_out_of_zone"
2026-03-16T14:21:39.146028+00:00,USDJPY.s,anaconda,24480388,H4,HOLD,HOLD,NONE,0,0.41634770851688324,0,,,,,,,,,,,,,,,,0.024,0.024,159.117,159.166,158.84,158.904,158.37628784831827,156.75611144087134,1.6201764074469338,45.25820709076061,159.736,157.853,4,,,,,,,,,,,,,,,,,,,,,,,,no_breakout
2026-03-16T14:21:39.147863+00:00,EURUSD.s,anaconda,24480388,H4,HOLD,HOLD,NONE,0,0.0036748500371742974,0,,,,,,,,,,,,,,,,0.00019,0.00019,1.1473200000000001,1.15013,1.1473200000000001,1.14938,1.1562632243579365,1.1693663947446435,0.013103170386707053,49.55909262692768,1.16446,1.1409799999999999,4,,,,,,,,,,,,,,,,,,,,,,,,no_breakout
2026-03-16T14:21:39.149504+00:00,XAUUSD.s,anaconda,24480388,H4,HOLD,HOLD,NONE,0,51.38784817964464,0,,,,,,,,,,,,,,,,0.29,0.29,5019.85,5037.87,5013.85,5027.39,5120.693787708398,5045.627426799572,75.06636090882603,38.66824624828099,5223.06,4967.58,4,,,,,,,,,,,,,,,,,,,,,,,,no_breakout
2026-03-16T14:21:39.150848+00:00,USOUSD.s,anaconda,24480388,H4,HOLD,HOLD,NONE,0,4.3316099456737716,0,,,,,,,,,,,,,,,,0.079,0.079,95.242,95.632,92.967,94.007,89.05023043856143,74.7029466263285,14.34728381223293,48.00555716540638,102.012,81.802,4,,,,,,,,,,,,,,,,,,,,,,,,no_breakout
2026-03-16T14:26:39.617070+00:00,BTCUSD,anaconda,24480388,H4,HOLD,HOLD,NONE,0,1003.8241563441335,0,,,,,,,,,,,,,,,,17.02,17.02,73852.04,74500.52,73769.06,74055.72,70755.91083024841,70665.41195001079,90.49888023761741,71.94217321955598,74442.71,70006.27,2,,,,,,,,,,,,,,,,,,,,,,,,"weak_separation,no_breakout,rsi_out_of_zone"
2026-03-16T14:26:39.618589+00:00,USDJPY.s,anaconda,24480388,H4,HOLD,HOLD,NONE,0,0.41634770851688324,0,,,,,,,,,,,,,,,,0.023,0.023,159.117,159.166,158.84,158.95,158.37628784831827,156.75611144087134,1.6201764074469338,46.247325529325884,159.736,157.853,4,,,,,,,,,,,,,,,,,,,,,,,,no_breakout
2026-03-16T14:26:39.619970+00:00,EURUSD.s,anaconda,24480388,H4,HOLD,HOLD,NONE,0,0.0036748500371742974,0,,,,,,,,,,,,,,,,0.00019,0.00019,1.1473200000000001,1.15013,1.1473200000000001,1.14953,1.1562632243579365,1.1693663947446435,0.013103170386707053,49.89021532204969,1.16446,1.1409799999999999,4,,,,,,,,,,,,,,,,,,,,,,,,no_breakout
2026-03-16T14:26:39.621424+00:00,XAUUSD.s,anaconda,24480388,H4,HOLD,HOLD,NONE,0,51.38784817964464,0,,,,,,,,,,,,,,,,0.28,0.28,5019.85,5037.87,5013.85,5020.26,5120.693787708398,5045.627426799572,75.06636090882603,36.76884221468512,5223.06,4967.58,4,,,,,,,,,,,,,,,,,,,,,,,,no_breakout
2026-03-16T14:26:39.622876+00:00,USOUSD.s,anaconda,24480388,H4,HOLD,HOLD,NONE,0,4.3316099456737716,0,,,,,,,,,,,,,,,,0.079,0.079,95.242,95.632,92.967,94.037,89.05023043856143,74.7029466263285,14.34728381223293,48.07451362754994,102.012,81.802,4,,,,,,,,,,,,,,,,,,,,,,,,no_breakout
2026-03-16T14:31:40.111394+00:00,BTCUSD,anaconda,24480388,H4,HOLD,HOLD,NONE,0,1040.9612992012762,0,,,,,,,,,,,,,,,,17.01,17.01,73852.04,74500.52,73249.14,73322.97,70755.91083024841,70665.41195001079,90.49888023761741,63.61904870013048,74442.71,70006.27,3,,,,,,,,,,,,,,,,,,,,,,,,"weak_separation,no_breakout"
2026-03-16T14:31:40.112928+00:00,USDJPY.s,anaconda,24480388,H4,HOLD,HOLD,NONE,0,0.41634770851688324,0,,,,,,,,,,,,,,,,0.023,0.023,159.117,159.166,158.84,159.003,158.37628784831827,156.75611144087134,1.6201764074469338,47.441950325274256,159.736,157.853,4,,,,,,,,,,,,,,,,,,,,,,,,no_breakout
2026-03-16T14:31:40.114184+00:00,EURUSD.s,anaconda,24480388,H4,HOLD,HOLD,NONE,0,0.0036748500371742974,0,,,,,,,,,,,,,,,,0.0002,0.0002,1.1473200000000001,1.15013,1.1473200000000001,1.14903,1.1562632243579365,1.1693663947446435,0.013103170386707053,48.769188408854454,1.16446,1.1409799999999999,4,,,,,,,,,,,,,,,,,,,,,,,,no_breakout
2026-03-16T14:31:40.115546+00:00,XAUUSD.s,anaconda,24480388,H4,HOLD,HOLD,NONE,0,51.77141960821613,0,,,,,,,,,,,,,,,,0.29,0.29,5019.85,5037.87,5008.48,5009.38,5120.693787708398,5045.627426799572,75.06636090882603,35.05758767714069,5223.06,4967.58,4,,,,,,,,,,,,,,,,,,,,,,,,no_breakout
2026-03-16T14:31:40.116720+00:00,USOUSD.s,anaconda,24480388,H4,HOLD,HOLD,NONE,0,4.3316099456737716,0,,,,,,,,,,,,,,,,0.079,0.079,95.242,95.632,92.967,94.437,89.05023043856143,74.7029466263285,14.34728381223293,49.013232478591384,102.012,81.802,4,,,,,,,,,,,,,,,,,,,,,,,,no_breakout
2026-03-16T14:36:40.625044+00:00,BTCUSD,anaconda,24480388,H4,HOLD,HOLD,NONE,0,1040.9612992012762,0,,,,,,,,,,,,,,,,17.0,17.0,73852.04,74500.52,73249.14,73518.26,70755.91083024841,70665.41195001079,90.49888023761741,66.07229721620438,74442.71,70006.27,3,,,,,,,,,,,,,,,,,,,,,,,,"weak_separation,no_breakout"
2026-03-16T14:36:40.626597+00:00,USDJPY.s,anaconda,24480388,H4,HOLD,HOLD,NONE,0,0.41634770851688324,0,,,,,,,,,,,,,,,,0.024,0.024,159.117,159.166,158.84,159.035,158.37628784831827,156.75611144087134,1.6201764074469338,48.19358752734934,159.736,157.853,4,,,,,,,,,,,,,,,,,,,,,,,,no_breakout
2026-03-16T14:36:40.628268+00:00,EURUSD.s,anaconda,24480388,H4,HOLD,HOLD,NONE,0,0.0036748500371742974,0,,,,,,,,,,,,,,,,0.00018,0.00018,1.1473200000000001,1.15013,1.1473200000000001,1.14875,1.1562632243579365,1.1693663947446435,0.013103170386707053,48.11922639923327,1.16446,1.1409799999999999,4,,,,,,,,,,,,,,,,,,,,,,,,no_breakout
2026-03-16T14:36:40.629921+00:00,XAUUSD.s,anaconda,24480388,H4,HOLD,HOLD,NONE,0,51.869276751073265,0,,,,,,,,,,,,,,,,0.29,0.29,5019.85,5037.87,5007.11,5011.97,5120.693787708398,5045.627426799572,75.06636090882603,35.43961407532203,5223.06,4967.58,4,,,,,,,,,,,,,,,,,,,,,,,,no_breakout
2026-03-16T14:36:40.631406+00:00,USOUSD.s,anaconda,24480388,H4,HOLD,HOLD,NONE,0,4.3316099456737716,0,,,,,,,,,,,,,,,,0.079,0.079,95.242,95.632,92.967,94.772,89.05023043856143,74.7029466263285,14.34728381223293,49.828086218419166,102.012,81.802,4,,,,,,,,,,,,,,,,,,,,,,,,no_breakout
2026-03-16T14:41:41.169441+00:00,BTCUSD,anaconda,24480388,H4,HOLD,HOLD,NONE,0,1050.4034420584192,0,,,,,,,,,,,,,,,,17.03,17.03,73852.04,74500.52,73116.95,73146.9,70755.91083024841,70665.41195001079,90.49888023761741,61.558350136233244,74442.71,70006.27,3,,,,,,,,,,,,,,,,,,,,,,,,"weak_separation,no_breakout"
2026-03-16T14:41:41.171221+00:00,USDJPY.s,anaconda,24480388,H4,HOLD,HOLD,NONE,0,0.41634770851688324,0,,,,,,,,,,,,,,,,0.024,0.024,159.117,159.166,158.84,159.098,158.37628784831827,156.75611144087134,1.6201764074469338,49.74521557413022,159.736,157.853,4,,,,,,,,,,,,,,,,,,,,,,,,no_breakout
2026-03-16T14:41:41.172589+00:00,EURUSD.s,anaconda,24480388,H4,HOLD,HOLD,NONE,0,0.0036748500371742974,0,,,,,,,,,,,,,,,,0.00019,0.00019,1.1473200000000001,1.15013,1.1473200000000001,1.14838,1.1562632243579365,1.1693663947446435,0.013103170386707053,47.234621195352,1.16446,1.1409799999999999,4,,,,,,,,,,,,,,,,,,,,,,,,no_breakout
2026-03-16T14:41:41.174064+00:00,XAUUSD.s,anaconda,24480388,H4,HOLD,HOLD,NONE,0,52.11356246535898,0,,,,,,,,,,,,,,,,0.29,0.29,5019.85,5037.87,5003.69,5005.29,5120.693787708398,5045.627426799572,75.06636090882603,34.470802242955514,5223.06,4967.58,4,,,,,,,,,,,,,,,,,,,,,,,,no_breakout
2026-03-16T14:41:41.175588+00:00,USOUSD.s,anaconda,24480388,H4,HOLD,HOLD,NONE,0,4.3316099456737716,0,,,,,,,,,,,,,,,,0.079,0.079,95.242,95.632,92.967,94.912,89.05023043856143,74.7029466263285,14.34728381223293,50.17670573080412,102.012,81.802,4,,,,,,,,,,,,,,,,,,,,,,,,no_breakout
2026-03-16T14:46:41.702484+00:00,BTCUSD,anaconda,24480388,H4,HOLD,HOLD,NONE,0,1059.662727772704,0,,,,,,,,,,,,,,,,17.03,17.03,73852.04,74500.52,72987.32,73218.66,70755.91083024841,70665.41195001079,90.49888023761741,62.381886667493376,74442.71,70006.27,3,,,,,,,,,,,,,,,,,,,,,,,,"weak_separation,no_breakout"
2026-03-16T14:46:41.704522+00:00,USDJPY.s,anaconda,24480388,H4,HOLD,HOLD,NONE,0,0.41634770851688324,0,,,,,,,,,,,,,,,,0.024,0.024,159.117,159.166,158.84,159.13,158.37628784831827,156.75611144087134,1.6201764074469338,50.5681110026601,159.736,157.853,4,,,,,,,,,,,,,,,,,,,,,,,,no_breakout
2026-03-16T14:46:41.706008+00:00,EURUSD.s,anaconda,24480388,H4,HOLD,HOLD,NONE,0,0.0036748500371742974,0,,,,,,,,,,,,,,,,0.00018,0.00018,1.1473200000000001,1.15013,1.1473200000000001,1.14821,1.1562632243579365,1.1693663947446435,0.013103170386707053,46.817986899582564,1.16446,1.1409799999999999,4,,,,,,,,,,,,,,,,,,,,,,,,no_breakout
2026-03-16T14:46:41.707624+00:00,XAUUSD.s,anaconda,24480388,H4,HOLD,HOLD,NONE,0,52.36713389393036,0,,,,,,,,,,,,,,,,0.28,0.28,5019.85,5037.87,5000.14,5000.91,5120.693787708398,5045.627426799572,75.06636090882603,33.86380893432258,5223.06,4967.58,4,,,,,,,,,,,,,,,,,,,,,,,,no_breakout
2026-03-16T14:46:41.709201+00:00,USOUSD.s,anaconda,24480388,H4,HOLD,HOLD,NONE,0,4.3316099456737716,0,,,,,,,,,,,,,,,,0.079,0.079,95.242,95.632,92.967,95.027,89.05023043856143,74.7029466263285,14.34728381223293,50.46674216604629,102.012,81.802,4,,,,,,,,,,,,,,,,,,,,,,,,no_breakout
2026-03-16T14:51:42.238483+00:00,BTCUSD,anaconda,24480388,H4,HOLD,HOLD,NONE,0,1059.662727772704,0,,,,,,,,,,,,,,,,16.94,16.94,73852.04,74500.52,72987.32,73135.18,70755.91083024841,70665.41195001079,90.49888023761741,61.425909535827294,74442.71,70006.27,3,,,,,,,,,,,,,,,,,,,,,,,,"weak_separation,no_breakout"
2026-03-16T14:51:42.240188+00:00,USDJPY.s,anaconda,24480388,H4,HOLD,HOLD,NONE,0,0.4167762799454547,0,,,,,,,,,,,,,,,,0.023,0.023,159.117,159.172,158.84,159.171,158.37628784831827,156.75611144087134,1.6201764074469338,51.59181393995689,159.736,157.853,4,,,,,,,,,,,,,,,,,,,,,,,,no_breakout
2026-03-16T14:51:42.241771+00:00,EURUSD.s,anaconda,24480388,H4,HOLD,HOLD,NONE,0,0.0036748500371742974,0,,,,,,,,,,,,,,,,0.00019,0.00019,1.1473200000000001,1.15013,1.1473200000000001,1.14842,1.1562632243579365,1.1693663947446435,0.013103170386707053,47.33170584468906,1.16446,1.1409799999999999,4,,,,,,,,,,,,,,,,,,,,,,,,no_breakout
2026-03-16T14:51:42.243345+00:00,XAUUSD.s,anaconda,24480388,H4,HOLD,HOLD,NONE,0,53.24141960821613,0,,,,,,,,,,,,,,,,0.29,0.29,5019.85,5037.87,4987.9,4991.83,5120.693787708398,5045.627426799572,75.06636090882603,32.67117011904706,5223.06,4967.58,4,,,,,,,,,,,,,,,,,,,,,,,,no_breakout
2026-03-16T14:51:42.245099+00:00,USOUSD.s,anaconda,24480388,H4,HOLD,HOLD,NONE,0,4.3316099456737716,0,,,,,,,,,,,,,,,,0.079,0.079,95.242,95.632,92.967,95.017,89.05023043856143,74.7029466263285,14.34728381223293,50.441388567649255,102.012,81.802,4,,,,,,,,,,,,,,,,,,,,,,,,no_breakout
2026-03-16T14:56:42.717508+00:00,BTCUSD,anaconda,24480388,H4,HOLD,HOLD,NONE,0,1059.662727772704,0,,,,,,,,,,,,,,,,16.95,16.95,73852.04,74500.52,72987.32,73420.59,70755.91083024841,70665.41195001079,90.49888023761741,64.8221561292428,74442.71,70006.27,3,,,,,,,,,,,,,,,,,,,,,,,,"weak_separation,no_breakout"
2026-03-16T14:56:42.719046+00:00,USDJPY.s,anaconda,24480388,H4,HOLD,HOLD,NONE,0,0.41734770851688396,0,,,,,,,,,,,,,,,,0.023,0.023,159.117,159.18,158.84,159.128,158.37628784831827,156.75611144087134,1.6201764074469338,50.51706558927996,159.736,157.853,4,,,,,,,,,,,,,,,,,,,,,,,,no_breakout
2026-03-16T14:56:42.720469+00:00,EURUSD.s,anaconda,24480388,H4,HOLD,HOLD,NONE,0,0.0036748500371742974,0,,,,,,,,,,,,,,,,0.00019,0.00019,1.1473200000000001,1.15013,1.1473200000000001,1.14881,1.1562632243579365,1.1693663947446435,0.013103170386707053,48.259888570069165,1.16446,1.1409799999999999,4,,,,,,,,,,,,,,,,,,,,,,,,no_breakout
2026-03-16T14:56:42.721654+00:00,XAUUSD.s,anaconda,24480388,H4,HOLD,HOLD,NONE,0,53.24141960821613,0,,,,,,,,,,,,,,,,0.29,0.29,5019.85,5037.87,4987.9,4996.61,5120.693787708398,5045.627426799572,75.06636090882603,33.28834376133399,5223.06,4967.58,4,,,,,,,,,,,,,,,,,,,,,,,,no_breakout
2026-03-16T14:56:42.722972+00:00,USOUSD.s,anaconda,24480388,H4,HOLD,HOLD,NONE,0,4.3316099456737716,0,,,,,,,,,,,,,,,,0.079,0.079,95.242,95.632,92.967,95.177,89.05023043856143,74.7029466263285,14.34728381223293,50.8501278408835,102.012,81.802,4,,,,,,,,,,,,,,,,,,,,,,,,no_breakout
2026-03-16T15:01:43.244060+00:00,BTCUSD,anaconda,24480388,H4,HOLD,HOLD,NONE,0,1059.662727772704,0,,,,,,,,,,,,,,,,16.97,16.97,73852.04,74500.52,72987.32,73482.65,70755.91083024841,70665.41195001079,90.49888023761741,65.61095552331588,74442.71,70006.27,3,,,,,,,,,,,,,,,,,,,,,,,,"weak_separation,no_breakout"
2026-03-16T15:01:43.245618+00:00,USDJPY.s,anaconda,24480388,H4,HOLD,HOLD,NONE,0,0.41734770851688396,0,,,,,,,,,,,,,,,,0.024,0.024,159.117,159.18,158.84,159.151,158.37628784831827,156.75611144087134,1.6201764074469338,51.09779761561237,159.736,157.853,4,,,,,,,,,,,,,,,,,,,,,,,,no_breakout
2026-03-16T15:01:43.246854+00:00,EURUSD.s,anaconda,24480388,H4,HOLD,HOLD,NONE,0,0.0036748500371742974,0,,,,,,,,,,,,,,,,0.00018,0.00018,1.1473200000000001,1.15013,1.1473200000000001,1.1489,1.1562632243579365,1.1693663947446435,0.013103170386707053,48.46945747602433,1.16446,1.1409799999999999,4,,,,,,,,,,,,,,,,,,,,,,,,no_breakout
2026-03-16T15:01:43.248380+00:00,XAUUSD.s,anaconda,24480388,H4,HOLD,HOLD,NONE,0,53.24141960821613,0,,,,,,,,,,,,,,,,0.28,0.28,5019.85,5037.87,4987.9,4995.41,5120.693787708398,5045.627426799572,75.06636090882603,33.13122302753243,5223.06,4967.58,4,,,,,,,,,,,,,,,,,,,,,,,,no_breakout
2026-03-16T15:01:43.250006+00:00,USOUSD.s,anaconda,24480388,H4,HOLD,HOLD,NONE,0,4.3316099456737716,0,,,,,,,,,,,,,,,,0.079,0.079,95.242,95.632,92.967,94.847,89.05023043856143,74.7029466263285,14.34728381223293,50.014241972455864,102.012,81.802,4,,,,,,,,,,,,,,,,,,,,,,,,no_breakout
2026-03-16T15:06:43.751247+00:00,BTCUSD,anaconda,24480388,H4,HOLD,HOLD,NONE,0,1059.662727772704,0,,,,,,,,,,,,,,,,16.97,16.97,73852.04,74500.52,72987.32,73324.48,70755.91083024841,70665.41195001079,90.49888023761741,63.63731838054954,74442.71,70006.27,3,,,,,,,,,,,,,,,,,,,,,,,,"weak_separation,no_breakout"
2026-03-16T15:06:43.752952+00:00,USDJPY.s,anaconda,24480388,H4,HOLD,HOLD,NONE,0,0.4191334228025987,0,,,,,,,,,,,,,,,,0.024,0.024,159.117,159.205,158.84,159.191,158.37628784831827,156.75611144087134,1.6201764074469338,52.075948854951406,159.736,157.853,4,,,,,,,,,,,,,,,,,,,,,,,,no_breakout
2026-03-16T15:06:43.754286+00:00,EURUSD.s,anaconda,24480388,H4,HOLD,HOLD,NONE,0,0.0036748500371742974,0,,,,,,,,,,,,,,,,0.00018,0.00018,1.1473200000000001,1.15013,1.1473200000000001,1.14877,1.1562632243579365,1.1693663947446435,0.013103170386707053,48.16619869218716,1.16446,1.1409799999999999,4,,,,,,,,,,,,,,,,,,,,,,,,no_breakout
2026-03-16T15:06:43.755563+00:00,XAUUSD.s,anaconda,24480388,H4,HOLD,HOLD,NONE,0,53.24141960821613,0,,,,,,,,,,,,,,,,0.28,0.28,5019.85,5037.87,4987.9,4993.86,5120.693787708398,5045.627426799572,75.06636090882603,32.93045732389787,5223.06,4967.58,4,,,,,,,,,,,,,,,,,,,,,,,,no_breakout
2026-03-16T15:06:43.756793+00:00,USOUSD.s,anaconda,24480388,H4,HOLD,HOLD,NONE,0,4.3316099456737716,0,,,,,,,,,,,,,,,,0.079,0.079,95.242,95.632,92.967,95.467,89.05023043856143,74.7029466263285,14.34728381223293,51.57095953794372,102.012,81.802,4,,,,,,,,,,,,,,,,,,,,,,,,no_breakout
2026-03-16T15:11:44.244659+00:00,BTCUSD,anaconda,24480388,H4,HOLD,HOLD,NONE,0,1059.662727772704,0,,,,,,,,,,,,,,,,17.02,17.02,73852.04,74500.52,72987.32,73468.23,70755.91083024841,70665.41195001079,90.49888023761741,65.42596617191961,74442.71,70006.27,3,,,,,,,,,,,,,,,,,,,,,,,,"weak_separation,no_breakout"
2026-03-16T15:11:44.246557+00:00,USDJPY.s,anaconda,24480388,H4,HOLD,HOLD,NONE,0,0.4191334228025987,0,,,,,,,,,,,,,,,,0.024,0.024,159.117,159.205,158.84,159.138,158.37628784831827,156.75611144087134,1.6201764074469338,50.77124383933022,159.736,157.853,4,,,,,,,,,,,,,,,,,,,,,,,,no_breakout
2026-03-16T15:11:44.248234+00:00,EURUSD.s,anaconda,24480388,H4,HOLD,HOLD,NONE,0,0.0036748500371742974,0,,,,,,,,,,,,,,,,0.00019,0.00019,1.1473200000000001,1.15013,1.1473200000000001,1.14927,1.1562632243579365,1.1693663947446435,0.013103170386707053,49.31347453151149,1.16446,1.1409799999999999,4,,,,,,,,,,,,,,,,,,,,,,,,no_breakout
2026-03-16T15:11:44.250412+00:00,XAUUSD.s,anaconda,24480388,H4,HOLD,HOLD,NONE,0,53.24141960821613,0,,,,,,,,,,,,,,,,0.28,0.28,5019.85,5037.87,4987.9,4993.92,5120.693787708398,5045.627426799572,75.06636090882603,32.93818361835778,5223.06,4967.58,4,,,,,,,,,,,,,,,,,,,,,,,,no_breakout
2026-03-16T15:11:44.252372+00:00,USOUSD.s,anaconda,24480388,H4,HOLD,HOLD,NONE,0,4.3316099456737716,0,,,,,,,,,,,,,,,,0.079,0.079,95.242,95.632,92.967,95.427,89.05023043856143,74.7029466263285,14.34728381223293,51.47349306920583,102.012,81.802,4,,,,,,,,,,,,,,,,,,,,,,,,no_breakout
2026-03-16T15:16:44.786325+00:00,BTCUSD,anaconda,24480388,H4,HOLD,HOLD,NONE,0,1059.662727772704,0,,,,,,,,,,,,,,,,17.06,17.06,73852.04,74500.52,72987.32,73616.91,70755.91083024841,70665.41195001079,90.49888023761741,67.3849022360778,74442.71,70006.27,3,,,,,,,,,,,,,,,,,,,,,,,,"weak_separation,no_breakout"
2026-03-16T15:16:44.788148+00:00,USDJPY.s,anaconda,24480388,H4,HOLD,HOLD,NONE,0,0.4191334228025987,0,,,,,,,,,,,,,,,,0.024,0.024,159.117,159.205,158.84,159.112,158.37628784831827,156.75611144087134,1.6201764074469338,50.10368782585184,159.736,157.853,4,,,,,,,,,,,,,,,,,,,,,,,,no_breakout
2026-03-16T15:16:44.789863+00:00,EURUSD.s,anaconda,24480388,H4,HOLD,HOLD,NONE,0,0.0036748500371742974,0,,,,,,,,,,,,,,,,0.00019,0.00019,1.1473200000000001,1.15013,1.1473200000000001,1.14955,1.1562632243579365,1.1693663947446435,0.013103170386707053,49.934036835236746,1.16446,1.1409799999999999,4,,,,,,,,,,,,,,,,,,,,,,,,no_breakout
2026-03-16T15:16:44.791440+00:00,XAUUSD.s,anaconda,24480388,H4,HOLD,HOLD,NONE,0,53.24141960821613,0,,,,,,,,,,,,,,,,0.28,0.28,5019.85,5037.87,4987.9,5001.15,5120.693787708398,5045.627426799572,75.06636090882603,33.896514727777856,5223.06,4967.58,4,,,,,,,,,,,,,,,,,,,,,,,,no_breakout
2026-03-16T15:16:44.792768+00:00,USOUSD.s,anaconda,24480388,H4,HOLD,HOLD,NONE,0,4.3316099456737716,0,,,,,,,,,,,,,,,,0.079,0.079,95.242,95.632,92.967,95.507,89.05023043856143,74.7029466263285,14.34728381223293,51.66803526475483,102.012,81.802,4,,,,,,,,,,,,,,,,,,,,,,,,no_breakout
2026-03-16T15:21:45.610131+00:00,BTCUSD,anaconda,24480388,H4,HOLD,HOLD,NONE,0,1059.662727772704,0,,,,,,,,,,,,,,,,17.0,17.0,73852.04,74500.52,72987.32,73798.98,70755.91083024841,70665.41195001079,90.49888023761741,69.94963064466705,74442.71,70006.27,3,,,,,,,,,,,,,,,,,,,,,,,,"weak_separation,no_breakout"
2026-03-16T15:21:45.611558+00:00,USDJPY.s,anaconda,24480388,H4,HOLD,HOLD,NONE,0,0.4191334228025987,0,,,,,,,,,,,,,,,,0.023,0.023,159.117,159.205,158.84,159.128,158.37628784831827,156.75611144087134,1.6201764074469338,50.51706558927996,159.736,157.853,4,,,,,,,,,,,,,,,,,,,,,,,,no_breakout
2026-03-16T15:21:45.613085+00:00,EURUSD.s,anaconda,24480388,H4,HOLD,HOLD,NONE,0,0.0036748500371742974,0,,,,,,,,,,,,,,,,0.00019,0.00019,1.1473200000000001,1.15013,1.1473200000000001,1.14966,1.1562632243579365,1.1693663947446435,0.013103170386707053,50.17369169153658,1.16446,1.1409799999999999,4,,,,,,,,,,,,,,,,,,,,,,,,no_breakout
2026-03-16T15:21:45.614397+00:00,XAUUSD.s,anaconda,24480388,H4,HOLD,HOLD,NONE,0,53.24141960821613,0,,,,,,,,,,,,,,,,0.28,0.28,5019.85,5037.87,4987.9,5005.07,5120.693787708398,5045.627426799572,75.06636090882603,34.43979542269496,5223.06,4967.58,4,,,,,,,,,,,,,,,,,,,,,,,,no_breakout
2026-03-16T15:21:45.615791+00:00,USOUSD.s,anaconda,24480388,H4,HOLD,HOLD,NONE,0,4.336252802816628,0,,,,,,,,,,,,,,,,0.079,0.079,95.242,95.697,92.967,95.447,89.05023043856143,74.7029466263285,14.34728381223293,51.52227529361601,102.012,81.802,4,,,,,,,,,,,,,,,,,,,,,,,,no_breakout
2026-03-16T15:26:46.169653+00:00,BTCUSD,anaconda,24480388,H4,HOLD,HOLD,NONE,0,1059.662727772704,0,,,,,,,,,,,,,,,,17.1,17.1,73852.04,74500.52,72987.32,73809.79,70755.91083024841,70665.41195001079,90.49888023761741,70.1080594062763,74442.71,70006.27,2,,,,,,,,,,,,,,,,,,,,,,,,"weak_separation,no_breakout,rsi_out_of_zone"
2026-03-16T15:26:46.171008+00:00,USDJPY.s,anaconda,24480388,H4,HOLD,HOLD,NONE,0,0.4191334228025987,0,,,,,,,,,,,,,,,,0.024,0.024,159.117,159.205,158.84,159.145,158.37628784831827,156.75611144087134,1.6201764074469338,50.947620476962996,159.736,157.853,4,,,,,,,,,,,,,,,,,,,,,,,,no_breakout
2026-03-16T15:26:46.172547+00:00,EURUSD.s,anaconda,24480388,H4,HOLD,HOLD,NONE,0,0.0036748500371742974,0,,,,,,,,,,,,,,,,0.00019,0.00019,1.1473200000000001,1.15013,1.1473200000000001,1.14941,1.1562632243579365,1.1693663947446435,0.013103170386707053,49.625666790375185,1.16446,1.1409799999999999,4,,,,,,,,,,,,,,,,,,,,,,,,no_breakout
2026-03-16T15:26:46.174141+00:00,XAUUSD.s,anaconda,24480388,H4,HOLD,HOLD,NONE,0,53.24141960821613,0,,,,,,,,,,,,,,,,0.29,0.29,5019.85,5037.87,4987.9,4995.43,5120.693787708398,5045.627426799572,75.06636090882603,33.133829551330564,5223.06,4967.58,4,,,,,,,,,,,,,,,,,,,,,,,,no_breakout
2026-03-16T15:26:46.175379+00:00,USOUSD.s,anaconda,24480388,H4,HOLD,HOLD,NONE,0,4.336252802816628,0,,,,,,,,,,,,,,,,0.079,0.079,95.242,95.697,92.967,95.287,89.05023043856143,74.7029466263285,14.34728381223293,51.129249033698756,102.012,81.802,4,,,,,,,,,,,,,,,,,,,,,,,,no_breakout
2026-03-16T15:31:46.785567+00:00,BTCUSD,anaconda,24480388,H4,HOLD,HOLD,NONE,0,1059.662727772704,0,,,,,,,,,,,,,,,,17.05,17.05,73852.04,74500.52,72987.32,73870.94,70755.91083024841,70665.41195001079,90.49888023761741,70.85058216344262,74442.71,70006.27,2,,,,,,,,,,,,,,,,,,,,,,,,"weak_separation,no_breakout,rsi_out_of_zone"
2026-03-16T15:31:46.787447+00:00,USDJPY.s,anaconda,24480388,H4,HOLD,HOLD,NONE,0,0.4191334228025987,0,,,,,,,,,,,,,,,,0.023,0.023,159.117,159.205,158.84,159.163,158.37628784831827,156.75611144087134,1.6201764074469338,51.395410017691304,159.736,157.853,4,,,,,,,,,,,,,,,,,,,,,,,,no_breakout
2026-03-16T15:31:46.788794+00:00,EURUSD.s,anaconda,24480388,H4,HOLD,HOLD,NONE,0,0.0036748500371742974,0,,,,,,,,,,,,,,,,0.00018,0.00018,1.1473200000000001,1.15013,1.1473200000000001,1.14931,1.1562632243579365,1.1693663947446435,0.013103170386707053,49.40306647793904,1.16446,1.1409799999999999,4,,,,,,,,,,,,,,,,,,,,,,,,no_breakout
2026-03-16T15:31:46.790260+00:00,XAUUSD.s,anaconda,24480388,H4,HOLD,HOLD,NONE,0,53.467848179644704,0,,,,,,,,,,,,,,,,0.28,0.28,5019.85,5037.87,4984.73,4994.1,5120.693787708398,5045.627426799572,75.06636090882603,32.96138427040215,5223.06,4967.58,4,,,,,,,,,,,,,,,,,,,,,,,,no_breakout
2026-03-16T15:31:46.791709+00:00,USOUSD.s,anaconda,24480388,H4,HOLD,HOLD,NONE,0,4.336252802816628,0,,,,,,,,,,,,,,,,0.079,0.079,95.242,95.697,92.967,95.237,89.05023043856143,74.7029466263285,14.34728381223293,51.00511808418085,102.012,81.802,4,,,,,,,,,,,,,,,,,,,,,,,,no_breakout
2026-03-16T15:36:47.342050+00:00,BTCUSD,anaconda,24480388,H4,HOLD,HOLD,NONE,0,1059.662727772704,0,,,,,,,,,,,,,,,,16.99,16.99,73852.04,74500.52,72987.32,73684.68,70755.91083024841,70665.41195001079,90.49888023761741,68.3172663083073,74442.71,70006.27,3,,,,,,,,,,,,,,,,,,,,,,,,"weak_separation,no_breakout"
2026-03-16T15:36:47.344169+00:00,USDJPY.s,anaconda,24480388,H4,HOLD,HOLD,NONE,0,0.4191334228025987,0,,,,,,,,,,,,,,,,0.023,0.023,159.117,159.205,158.84,159.164,158.37628784831827,156.75611144087134,1.6201764074469338,51.420047620252014,159.736,157.853,4,,,,,,,,,,,,,,,,,,,,,,,,no_breakout
2026-03-16T15:36:47.345872+00:00,EURUSD.s,anaconda,24480388,H4,HOLD,HOLD,NONE,0,0.0036748500371742974,0,,,,,,,,,,,,,,,,0.00018,0.00018,1.1473200000000001,1.15013,1.1473200000000001,1.14953,1.1562632243579365,1.1693663947446435,0.013103170386707053,49.89021532204969,1.16446,1.1409799999999999,4,,,,,,,,,,,,,,,,,,,,,,,,no_breakout
2026-03-16T15:36:47.347370+00:00,XAUUSD.s,anaconda,24480388,H4,HOLD,HOLD,NONE,0,53.467848179644704,0,,,,,,,,,,,,,,,,0.28,0.28,5019.85,5037.87,4984.73,4997.71,5120.693787708398,5045.627426799572,75.06636090882603,33.433685961003505,5223.06,4967.58,4,,,,,,,,,,,,,,,,,,,,,,,,no_breakout
2026-03-16T15:36:47.349133+00:00,USOUSD.s,anaconda,24480388,H4,HOLD,HOLD,NONE,0,4.336252802816628,0,,,,,,,,,,,,,,,,0.079,0.079,95.242,95.697,92.967,94.997,89.05023043856143,74.7029466263285,14.34728381223293,50.39075771734059,102.012,81.802,4,,,,,,,,,,,,,,,,,,,,,,,,no_breakout
2026-03-16T15:41:47.880181+00:00,BTCUSD,anaconda,24480388,H4,HOLD,HOLD,NONE,0,1059.662727772704,0,,,,,,,,,,,,,,,,16.97,16.97,73852.04,74500.52,72987.32,73491.16,70755.91083024841,70665.41195001079,90.49888023761741,65.72061913141874,74442.71,70006.27,3,,,,,,,,,,,,,,,,,,,,,,,,"weak_separation,no_breakout"
2026-03-16T15:41:47.881913+00:00,USDJPY.s,anaconda,24480388,H4,HOLD,HOLD,NONE,0,0.4191334228025987,0,,,,,,,,,,,,,,,,0.024,0.024,159.117,159.205,158.84,159.131,158.37628784831827,156.75611144087134,1.6201764074469338,50.593594236787624,159.736,157.853,4,,,,,,,,,,,,,,,,,,,,,,,,no_breakout
2026-03-16T15:41:47.883525+00:00,EURUSD.s,anaconda,24480388,H4,HOLD,HOLD,NONE,0,0.0036748500371742974,0,,,,,,,,,,,,,,,,0.00018,0.00018,1.1473200000000001,1.15013,1.1473200000000001,1.1497,1.1562632243579365,1.1693663947446435,0.013103170386707053,50.26027105305882,1.16446,1.1409799999999999,4,,,,,,,,,,,,,,,,,,,,,,,,no_breakout
2026-03-16T15:41:47.884874+00:00,XAUUSD.s,anaconda,24480388,H4,HOLD,HOLD,NONE,0,53.467848179644704,0,,,,,,,,,,,,,,,,0.29,0.29,5019.85,5037.87,4984.73,4999.02,5120.693787708398,5045.627426799572,75.06636090882603,33.60843971026735,5223.06,4967.58,4,,,,,,,,,,,,,,,,,,,,,,,,no_breakout
2026-03-16T15:41:47.886271+00:00,USOUSD.s,anaconda,24480388,H4,HOLD,HOLD,NONE,0,4.336252802816628,0,,,,,,,,,,,,,,,,0.079,0.079,95.242,95.697,92.967,94.887,89.05023043856143,74.7029466263285,14.34728381223293,50.11409491709187,102.012,81.802,4,,,,,,,,,,,,,,,,,,,,,,,,no_breakout
2026-03-16T15:46:48.453557+00:00,BTCUSD,anaconda,24480388,H4,HOLD,HOLD,NONE,0,1059.662727772704,0,,,,,,,,,,,,,,,,17.02,17.02,73852.04,74500.52,72987.32,73555.08,70755.91083024841,70665.41195001079,90.49888023761741,66.55618714925617,74442.71,70006.27,3,,,,,,,,,,,,,,,,,,,,,,,,"weak_separation,no_breakout"
2026-03-16T15:46:48.455068+00:00,USDJPY.s,anaconda,24480388,H4,HOLD,HOLD,NONE,0,0.4191334228025987,0,,,,,,,,,,,,,,,,0.023,0.023,159.117,159.205,158.84,159.162,158.37628784831827,156.75611144087134,1.6201764074469338,51.37074741224555,159.736,157.853,4,,,,,,,,,,,,,,,,,,,,,,,,no_breakout
2026-03-16T15:46:48.456374+00:00,EURUSD.s,anaconda,24480388,H4,HOLD,HOLD,NONE,0,0.0036748500371742974,0,,,,,,,,,,,,,,,,0.00019,0.00019,1.1473200000000001,1.15013,1.1473200000000001,1.14957,1.1562632243579365,1.1693663947446435,0.013103170386707053,49.9777817706789,1.16446,1.1409799999999999,4,,,,,,,,,,,,,,,,,,,,,,,,no_breakout
2026-03-16T15:46:48.457668+00:00,XAUUSD.s,anaconda,24480388,H4,HOLD,HOLD,NONE,0,53.467848179644704,0,,,,,,,,,,,,,,,,0.32,0.32,5019.85,5037.87,4984.73,4997.54,5120.693787708398,5045.627426799572,75.06636090882603,33.41114112471186,5223.06,4967.58,4,,,,,,,,,,,,,,,,,,,,,,,,no_breakout
2026-03-16T15:46:48.458892+00:00,USOUSD.s,anaconda,24480388,H4,HOLD,HOLD,NONE,0,4.336252802816628,0,,,,,,,,,,,,,,,,0.079,0.079,95.242,95.697,92.967,94.857,89.05023043856143,74.7029466263285,14.34728381223293,50.039167885358985,102.012,81.802,4,,,,,,,,,,,,,,,,,,,,,,,,no_breakout
2026-03-16T15:51:48.943843+00:00,BTCUSD,anaconda,24480388,H4,HOLD,HOLD,NONE,0,1059.662727772704,0,,,,,,,,,,,,,,,,16.97,16.97,73852.04,74500.52,72987.32,73370.48,70755.91083024841,70665.41195001079,90.49888023761741,64.19895135543754,74442.71,70006.27,3,,,,,,,,,,,,,,,,,,,,,,,,"weak_separation,no_breakout"
2026-03-16T15:51:48.945660+00:00,USDJPY.s,anaconda,24480388,H4,HOLD,HOLD,NONE,0,0.42184770851688314,0,,,,,,,,,,,,,,,,0.023,0.023,159.117,159.243,158.84,159.243,158.37628784831827,156.75611144087134,1.6201764074469338,53.290528222035285,159.736,157.853,4,,,,,,,,,,,,,,,,,,,,,,,,no_breakout
2026-03-16T15:51:48.947059+00:00,EURUSD.s,anaconda,24480388,H4,HOLD,HOLD,NONE,0,0.0036748500371742974,0,,,,,,,,,,,,,,,,0.00019,0.00019,1.1473200000000001,1.15013,1.1473200000000001,1.14848,1.1562632243579365,1.1693663947446435,0.013103170386707053,47.47666480343474,1.16446,1.1409799999999999,4,,,,,,,,,,,,,,,,,,,,,,,,no_breakout
2026-03-16T15:51:48.948640+00:00,XAUUSD.s,anaconda,24480388,H4,HOLD,HOLD,NONE,0,53.467848179644704,0,,,,,,,,,,,,,,,,0.29,0.29,5019.85,5037.87,4984.73,4992.74,5120.693787708398,5045.627426799572,75.06636090882603,32.78689559512799,5223.06,4967.58,4,,,,,,,,,,,,,,,,,,,,,,,,no_breakout
2026-03-16T15:51:48.950356+00:00,USOUSD.s,anaconda,24480388,H4,HOLD,HOLD,NONE,0,4.336252802816628,0,,,,,,,,,,,,,,,,0.079,0.079,95.242,95.697,92.967,95.067,89.05023043856143,74.7029466263285,14.34728381223293,50.568411945125646,102.012,81.802,4,,,,,,,,,,,,,,,,,,,,,,,,no_breakout
2026-03-16T15:56:49.526048+00:00,BTCUSD,anaconda,24480388,H4,HOLD,HOLD,NONE,0,1059.662727772704,0,,,,,,,,,,,,,,,,16.99,16.99,73852.04,74500.52,72987.32,73318.6,70755.91083024841,70665.41195001079,90.49888023761741,63.56623457915499,74442.71,70006.27,3,,,,,,,,,,,,,,,,,,,,,,,,"weak_separation,no_breakout"
2026-03-16T15:56:49.527568+00:00,USDJPY.s,anaconda,24480388,H4,HOLD,HOLD,NONE,0,0.4253477085168836,0,,,,,,,,,,,,,,,,0.024,0.024,159.117,159.292,158.84,159.284,158.37628784831827,156.75611144087134,1.6201764074469338,54.205620866815494,159.736,157.853,4,,,,,,,,,,,,,,,,,,,,,,,,no_breakout
2026-03-16T15:56:49.529262+00:00,EURUSD.s,anaconda,24480388,H4,HOLD,HOLD,NONE,0,0.0036748500371742974,0,,,,,,,,,,,,,,,,0.00018,0.00018,1.1473200000000001,1.15013,1.1473200000000001,1.14824,1.1562632243579365,1.1693663947446435,0.013103170386707053,46.89198802662329,1.16446,1.1409799999999999,4,,,,,,,,,,,,,,,,,,,,,,,,no_breakout
2026-03-16T15:56:49.530597+00:00,XAUUSD.s,anaconda,24480388,H4,HOLD,HOLD,NONE,0,53.467848179644704,0,,,,,,,,,,,,,,,,0.29,0.29,5019.85,5037.87,4984.73,4989.95,5120.693787708398,5045.627426799572,75.06636090882603,32.434657427416624,5223.06,4967.58,4,,,,,,,,,,,,,,,,,,,,,,,,no_breakout
2026-03-16T15:56:49.531968+00:00,USOUSD.s,anaconda,24480388,H4,HOLD,HOLD,NONE,0,4.336252802816628,0,,,,,,,,,,,,,,,,0.079,0.079,95.242,95.697,92.967,95.297,89.05023043856143,74.7029466263285,14.34728381223293,51.1539997837767,102.012,81.802,4,,,,,,,,,,,,,,,,,,,,,,,,no_breakout
2026-03-16T16:01:50.035320+00:00,BTCUSD,anaconda,24480388,H4,HOLD,HOLD,NONE,0,1059.662727772704,0,,,,,,,,,,,,,,,,17.07,17.07,73852.04,74500.52,72987.32,73195.88,70755.91083024841,70665.41195001079,90.49888023761741,62.118080336958165,74442.71,70006.27,3,,,,,,,,,,,,,,,,,,,,,,,,"weak_separation,no_breakout"
2026-03-16T16:01:50.037290+00:00,USDJPY.s,anaconda,24480388,H4,HOLD,HOLD,NONE,0,0.4271334228025983,0,,,,,,,,,,,,,,,,0.023,0.023,159.117,159.317,158.84,159.297,158.37628784831827,156.75611144087134,1.6201764074469338,54.48833164126944,159.736,157.853,4,,,,,,,,,,,,,,,,,,,,,,,,no_breakout
2026-03-16T16:01:50.039369+00:00,EURUSD.s,anaconda,24480388,H4,HOLD,HOLD,NONE,0,0.0036748500371742974,0,,,,,,,,,,,,,,,,0.00018,0.00018,1.1473200000000001,1.15013,1.1473200000000001,1.14857,1.1562632243579365,1.1693663947446435,0.013103170386707053,47.69261325323204,1.16446,1.1409799999999999,4,,,,,,,,,,,,,,,,,,,,,,,,no_breakout
2026-03-16T16:01:50.041404+00:00,XAUUSD.s,anaconda,24480388,H4,HOLD,HOLD,NONE,0,53.53070532250179,0,,,,,,,,,,,,,,,,0.28,0.28,5019.85,5037.87,4983.85,4989.43,5120.693787708398,5045.627426799572,75.06636090882603,32.36984238036632,5223.06,4967.58,4,,,,,,,,,,,,,,,,,,,,,,,,no_breakout
2026-03-16T16:01:50.043490+00:00,USOUSD.s,anaconda,24480388,H4,HOLD,HOLD,NONE,0,4.336252802816628,0,,,,,,,,,,,,,,,,0.079,0.079,95.242,95.697,92.967,95.587,89.05023043856143,74.7029466263285,14.34728381223293,51.86102385394567,102.012,81.802,4,,,,,,,,,,,,,,,,,,,,,,,,no_breakout
2026-03-16T16:06:50.626660+00:00,BTCUSD,anaconda,24480388,H4,HOLD,HOLD,NONE,0,1059.662727772704,0,,,,,,,,,,,,,,,,17.02,17.02,73852.04,74500.52,72987.32,73330.71,70755.91083024841,70665.41195001079,90.49888023761741,63.71280702356308,74442.71,70006.27,3,,,,,,,,,,,,,,,,,,,,,,,,"weak_separation,no_breakout"
2026-03-16T16:06:50.628358+00:00,USDJPY.s,anaconda,24480388,H4,HOLD,HOLD,NONE,0,0.4271334228025983,0,,,,,,,,,,,,,,,,0.025,0.025,159.117,159.317,158.84,159.254,158.37628784831827,156.75611144087134,1.6201764074469338,53.53961148990731,159.736,157.853,4,,,,,,,,,,,,,,,,,,,,,,,,no_breakout
2026-03-16T16:06:50.630018+00:00,EURUSD.s,anaconda,24480388,H4,HOLD,HOLD,NONE,0,0.0036748500371742974,0,,,,,,,,,,,,,,,,0.00019,0.00019,1.1473200000000001,1.15013,1.1473200000000001,1.14895,1.1562632243579365,1.1693663947446435,0.013103170386707053,48.585152726716395,1.16446,1.1409799999999999,4,,,,,,,,,,,,,,,,,,,,,,,,no_breakout
2026-03-16T16:06:50.631426+00:00,XAUUSD.s,anaconda,24480388,H4,HOLD,HOLD,NONE,0,53.53070532250179,0,,,,,,,,,,,,,,,,0.29,0.29,5019.85,5037.87,4983.85,4992.37,5120.693787708398,5045.627426799572,75.06636090882603,32.73974361961098,5223.06,4967.58,4,,,,,,,,,,,,,,,,,,,,,,,,no_breakout
2026-03-16T16:06:50.632965+00:00,USOUSD.s,anaconda,24480388,H4,HOLD,HOLD,NONE,0,4.336252802816628,0,,,,,,,,,,,,,,,,0.079,0.079,95.242,95.697,92.967,95.447,89.05023043856143,74.7029466263285,14.34728381223293,51.52227529361601,102.012,81.802,4,,,,,,,,,,,,,,,,,,,,,,,,no_breakout
2026-03-16T16:11:51.139448+00:00,BTCUSD,anaconda,24480388,H4,HOLD,HOLD,NONE,0,1059.662727772704,0,,,,,,,,,,,,,,,,16.94,16.94,73852.04,74500.52,72987.32,73282.1,70755.91083024841,70665.41195001079,90.49888023761741,63.12851108332975,74442.71,70006.27,3,,,,,,,,,,,,,,,,,,,,,,,,"weak_separation,no_breakout"
2026-03-16T16:11:51.141083+00:00,USDJPY.s,anaconda,24480388,H4,HOLD,HOLD,NONE,0,0.4271334228025983,0,,,,,,,,,,,,,,,,0.023,0.023,159.117,159.317,158.84,159.261,158.37628784831827,156.75611144087134,1.6201764074469338,53.69674055167151,159.736,157.853,4,,,,,,,,,,,,,,,,,,,,,,,,no_breakout
2026-03-16T16:11:51.142453+00:00,EURUSD.s,anaconda,24480388,H4,HOLD,HOLD,NONE,0,0.0036748500371742974,0,,,,,,,,,,,,,,,,0.00018,0.00018,1.1473200000000001,1.15013,1.1473200000000001,1.14896,1.1562632243579365,1.1693663947446435,0.013103170386707053,48.60822946328691,1.16446,1.1409799999999999,4,,,,,,,,,,,,,,,,,,,,,,,,no_breakout
2026-03-16T16:11:51.143702+00:00,XAUUSD.s,anaconda,24480388,H4,HOLD,HOLD,NONE,0,53.53070532250179,0,,,,,,,,,,,,,,,,0.29,0.29,5019.85,5037.87,4983.85,4996.29,5120.693787708398,5045.627426799572,75.06636090882603,33.24629936956262,5223.06,4967.58,4,,,,,,,,,,,,,,,,,,,,,,,,no_breakout
2026-03-16T16:11:51.145060+00:00,USOUSD.s,anaconda,24480388,H4,HOLD,HOLD,NONE,0,4.336252802816628,0,,,,,,,,,,,,,,,,0.079,0.079,95.242,95.697,92.967,95.222,89.05023043856143,74.7029466263285,14.34728381223293,50.96628201441671,102.012,81.802,4,,,,,,,,,,,,,,,,,,,,,,,,no_breakout
2026-03-16T16:16:51.701419+00:00,BTCUSD,anaconda,24480388,H4,HOLD,HOLD,NONE,0,1059.662727772704,0,,,,,,,,,,,,,,,,17.1,17.1,73852.04,74500.52,72987.32,73367.44,70755.91083024841,70665.41195001079,90.49888023761741,64.16152899438497,74442.71,70006.27,3,,,,,,,,,,,,,,,,,,,,,,,,"weak_separation,no_breakout"
2026-03-16T16:16:51.702787+00:00,USDJPY.s,anaconda,24480388,H4,HOLD,HOLD,NONE,0,0.4271334228025983,0,,,,,,,,,,,,,,,,0.023,0.023,159.117,159.317,158.84,159.263,158.37628784831827,156.75611144087134,1.6201764074469338,53.741439545717,159.736,157.853,4,,,,,,,,,,,,,,,,,,,,,,,,no_breakout
2026-03-16T16:16:51.703967+00:00,EURUSD.s,anaconda,24480388,H4,HOLD,HOLD,NONE,0,0.0036748500371742974,0,,,,,,,,,,,,,,,,0.00018,0.00018,1.1473200000000001,1.15013,1.1473200000000001,1.14876,1.1562632243579365,1.1693663947446435,0.013103170386707053,48.14272318257734,1.16446,1.1409799999999999,4,,,,,,,,,,,,,,,,,,,,,,,,no_breakout
2026-03-16T16:16:51.705551+00:00,XAUUSD.s,anaconda,24480388,H4,HOLD,HOLD,NONE,0,53.53070532250179,0,,,,,,,,,,,,,,,,0.28,0.28,5019.85,5037.87,4983.85,4996.38,5120.693787708398,5045.627426799572,75.06636090882603,33.25811361612399,5223.06,4967.58,4,,,,,,,,,,,,,,,,,,,,,,,,no_breakout
2026-03-16T16:16:51.706786+00:00,USOUSD.s,anaconda,24480388,H4,HOLD,HOLD,NONE,0,4.336252802816628,0,,,,,,,,,,,,,,,,0.079,0.079,95.242,95.697,92.967,95.247,89.05023043856143,74.7029466263285,14.34728381223293,51.02999469498064,102.012,81.802,4,,,,,,,,,,,,,,,,,,,,,,,,no_breakout
2026-03-16T16:21:52.536473+00:00,BTCUSD,anaconda,24480388,H4,HOLD,HOLD,NONE,0,1059.662727772704,0,,,,,,,,,,,,,,,,16.99,16.99,73852.04,74500.52,72987.32,73427.93,70755.91083024841,70665.41195001079,90.49888023761741,64.91445915493034,74442.71,70006.27,3,,,,,,,,,,,,,,,,,,,,,,,,"weak_separation,no_breakout"
2026-03-16T16:21:52.538085+00:00,USDJPY.s,anaconda,24480388,H4,HOLD,HOLD,NONE,0,0.4271334228025983,0,,,,,,,,,,,,,,,,0.024,0.024,159.117,159.317,158.84,159.296,158.37628784831827,156.75611144087134,1.6201764074469338,54.46670864482621,159.736,157.853,4,,,,,,,,,,,,,,,,,,,,,,,,no_breakout
2026-03-16T16:21:52.539861+00:00,EURUSD.s,anaconda,24480388,H4,HOLD,HOLD,NONE,0,0.0036748500371742974,0,,,,,,,,,,,,,,,,0.00018,0.00018,1.1473200000000001,1.15013,1.1473200000000001,1.1484,1.1562632243579365,1.1693663947446435,0.013103170386707053,47.28320821840259,1.16446,1.1409799999999999,4,,,,,,,,,,,,,,,,,,,,,,,,no_breakout
2026-03-16T16:21:52.541491+00:00,XAUUSD.s,anaconda,24480388,H4,HOLD,HOLD,NONE,0,53.53070532250179,0,,,,,,,,,,,,,,,,0.28,0.28,5019.85,5037.87,4983.85,4989.07,5120.693787708398,5045.627426799572,75.06636090882603,32.325121962327984,5223.06,4967.58,4,,,,,,,,,,,,,,,,,,,,,,,,no_breakout
2026-03-16T16:21:52.542827+00:00,USOUSD.s,anaconda,24480388,H4,HOLD,HOLD,NONE,0,4.336252802816628,0,,,,,,,,,,,,,,,,0.079,0.079,95.242,95.697,92.967,95.457,89.05023043856143,74.7029466263285,14.34728381223293,51.54662964483135,102.012,81.802,4,,,,,,,,,,,,,,,,,,,,,,,,no_breakout
2026-03-16T16:26:53.042131+00:00,BTCUSD,anaconda,24480388,H4,HOLD,HOLD,NONE,0,1059.662727772704,0,,,,,,,,,,,,,,,,17.09,17.09,73852.04,74500.52,72987.32,73437.98,70755.91083024841,70665.41195001079,90.49888023761741,65.04126856139759,74442.71,70006.27,3,,,,,,,,,,,,,,,,,,,,,,,,"weak_separation,no_breakout"
2026-03-16T16:26:53.044048+00:00,USDJPY.s,anaconda,24480388,H4,HOLD,HOLD,NONE,0,0.4294191370883113,0,,,,,,,,,,,,,,,,0.023,0.023,159.117,159.349,158.84,159.312,158.37628784831827,156.75611144087134,1.6201764074469338,54.81022960278841,159.736,157.853,4,,,,,,,,,,,,,,,,,,,,,,,,no_breakout
2026-03-16T16:26:53.045733+00:00,EURUSD.s,anaconda,24480388,H4,HOLD,HOLD,NONE,0,0.0036748500371742974,0,,,,,,,,,,,,,,,,0.00019,0.00019,1.1473200000000001,1.15013,1.1473200000000001,1.14789,1.1562632243579365,1.1693663947446435,0.013103170386707053,46.01561601115681,1.16446,1.1409799999999999,4,,,,,,,,,,,,,,,,,,,,,,,,no_breakout
2026-03-16T16:26:53.047521+00:00,XAUUSD.s,anaconda,24480388,H4,HOLD,HOLD,NONE,0,53.79927675107323,0,,,,,,,,,,,,,,,,0.29,0.29,5019.85,5037.87,4980.09,4981.87,5120.693787708398,5045.627426799572,75.06636090882603,31.455964873209524,5223.06,4967.58,3,,,,,,,,,,,,,,,,,,,,,,,,"no_breakout,rsi_out_of_zone"
2026-03-16T16:26:53.048960+00:00,USOUSD.s,anaconda,24480388,H4,HOLD,HOLD,NONE,0,4.382324231388057,0,,,,,,,,,,,,,,,,0.079,0.079,95.242,96.342,92.967,96.217,89.05023043856143,74.7029466263285,14.34728381223293,53.32859321267382,102.012,81.802,4,,,,,,,,,,,,,,,,,,,,,,,,no_breakout
2026-03-16T16:31:53.858143+00:00,BTCUSD,anaconda,24480388,H4,HOLD,HOLD,NONE,0,1059.662727772704,0,,,,,,,,,,,,,,,,16.99,16.99,73852.04,74500.52,72987.32,73411.7,70755.91083024841,70665.41195001079,90.49888023761741,64.7107122104508,74442.71,70006.27,3,,,,,,,,,,,,,,,,,,,,,,,,"weak_separation,no_breakout"
2026-03-16T16:31:53.859638+00:00,USDJPY.s,anaconda,24480388,H4,HOLD,HOLD,NONE,0,0.4294191370883113,0,,,,,,,,,,,,,,,,0.024,0.024,159.117,159.349,158.84,159.311,158.37628784831827,156.75611144087134,1.6201764074469338,54.788911469423304,159.736,157.853,4,,,,,,,,,,,,,,,,,,,,,,,,no_breakout
2026-03-16T16:31:53.860916+00:00,EURUSD.s,anaconda,24480388,H4,HOLD,HOLD,NONE,0,0.0036748500371742974,0,,,,,,,,,,,,,,,,0.00018,0.00018,1.1473200000000001,1.15013,1.1473200000000001,1.14781,1.1562632243579365,1.1693663947446435,0.013103170386707053,45.811225972946175,1.16446,1.1409799999999999,4,,,,,,,,,,,,,,,,,,,,,,,,no_breakout
2026-03-16T16:31:53.862116+00:00,XAUUSD.s,anaconda,24480388,H4,HOLD,HOLD,NONE,0,54.09999103678752,0,,,,,,,,,,,,,,,,0.28,0.28,5019.85,5037.87,4975.88,4977.41,5120.693787708398,5045.627426799572,75.06636090882603,30.94062989882015,5223.06,4967.58,3,,,,,,,,,,,,,,,,,,,,,,,,"no_breakout,rsi_out_of_zone"
2026-03-16T16:31:53.863608+00:00,USOUSD.s,anaconda,24480388,H4,HOLD,HOLD,NONE,0,4.396609945673771,0,,,,,,,,,,,,,,,,0.079,0.079,95.242,96.542,92.967,96.082,89.05023043856143,74.7029466263285,14.34728381223293,53.02169643010905,102.012,81.802,4,,,,,,,,,,,,,,,,,,,,,,,,no_breakout
2026-03-16T16:36:54.368997+00:00,BTCUSD,anaconda,24480388,H4,HOLD,HOLD,NONE,0,1059.662727772704,0,,,,,,,,,,,,,,,,16.99,16.99,73852.04,74500.52,72987.32,73409.01,70755.91083024841,70665.41195001079,90.49888023761741,64.67706618777358,74442.71,70006.27,3,,,,,,,,,,,,,,,,,,,,,,,,"weak_separation,no_breakout"
2026-03-16T16:36:54.370580+00:00,USDJPY.s,anaconda,24480388,H4,HOLD,HOLD,NONE,0,0.4294191370883113,0,,,,,,,,,,,,,,,,0.024,0.024,159.117,159.349,158.84,159.287,158.37628784831827,156.75611144087134,1.6201764074469338,54.27117311138261,159.736,157.853,4,,,,,,,,,,,,,,,,,,,,,,,,no_breakout
2026-03-16T16:36:54.372005+00:00,EURUSD.s,anaconda,24480388,H4,HOLD,HOLD,NONE,0,0.0036748500371742974,0,,,,,,,,,,,,,,,,0.00019,0.00019,1.1473200000000001,1.15013,1.1473200000000001,1.14837,1.1562632243579365,1.1693663947446435,0.013103170386707053,47.2102940827608,1.16446,1.1409799999999999,4,,,,,,,,,,,,,,,,,,,,,,,,no_breakout
2026-03-16T16:36:54.373458+00:00,XAUUSD.s,anaconda,24480388,H4,HOLD,HOLD,NONE,0,54.23284817964464,0,,,,,,,,,,,,,,,,0.29,0.29,5019.85,5037.87,4974.02,4982.9,5120.693787708398,5045.627426799572,75.06636090882603,31.57742663260278,5223.06,4967.58,3,,,,,,,,,,,,,,,,,,,,,,,,"no_breakout,rsi_out_of_zone"
2026-03-16T16:36:54.375064+00:00,USOUSD.s,anaconda,24480388,H4,HOLD,HOLD,NONE,0,4.396609945673771,0,,,,,,,,,,,,,,,,0.079,0.079,95.242,96.542,92.967,95.987,89.05023043856143,74.7029466263285,14.34728381223293,52.803301324126814,102.012,81.802,4,,,,,,,,,,,,,,,,,,,,,,,,no_breakout
2026-03-16T16:41:54.882592+00:00,BTCUSD,anaconda,24480388,H4,HOLD,HOLD,NONE,0,1059.662727772704,0,,,,,,,,,,,,,,,,16.96,16.96,73852.04,74500.52,72987.32,73576.27,70755.91083024841,70665.41195001079,90.49888023761741,66.83789380556033,74442.71,70006.27,3,,,,,,,,,,,,,,,,,,,,,,,,"weak_separation,no_breakout"
2026-03-16T16:41:54.884116+00:00,USDJPY.s,anaconda,24480388,H4,HOLD,HOLD,NONE,0,0.4294191370883113,0,,,,,,,,,,,,,,,,0.023,0.023,159.117,159.349,158.84,159.255,158.37628784831827,156.75611144087134,1.6201764074469338,53.562123758593295,159.736,157.853,4,,,,,,,,,,,,,,,,,,,,,,,,no_breakout
2026-03-16T16:41:54.885590+00:00,EURUSD.s,anaconda,24480388,H4,HOLD,HOLD,NONE,0,0.0036748500371742974,0,,,,,,,,,,,,,,,,0.00018,0.00018,1.1473200000000001,1.15013,1.1473200000000001,1.14898,1.1562632243579365,1.1693663947446435,0.013103170386707053,48.65432084640627,1.16446,1.1409799999999999,4,,,,,,,,,,,,,,,,,,,,,,,,no_breakout
2026-03-16T16:41:54.887016+00:00,XAUUSD.s,anaconda,24480388,H4,HOLD,HOLD,NONE,0,54.23284817964464,0,,,,,,,,,,,,,,,,0.28,0.28,5019.85,5037.87,4974.02,4986.05,5120.693787708398,5045.627426799572,75.06636090882603,31.954777790917873,5223.06,4967.58,3,,,,,,,,,,,,,,,,,,,,,,,,"no_breakout,rsi_out_of_zone"
2026-03-16T16:41:54.888556+00:00,USOUSD.s,anaconda,24480388,H4,HOLD,HOLD,NONE,0,4.396609945673771,0,,,,,,,,,,,,,,,,0.079,0.079,95.242,96.542,92.967,95.547,89.05023043856143,74.7029466263285,14.34728381223293,51.764722594658146,102.012,81.802,4,,,,,,,,,,,,,,,,,,,,,,,,no_breakout
2026-03-16T16:46:55.444312+00:00,BTCUSD,anaconda,24480388,H4,HOLD,HOLD,NONE,0,1059.662727772704,0,,,,,,,,,,,,,,,,17.06,17.06,73852.04,74500.52,72987.32,73736.33,70755.91083024841,70665.41195001079,90.49888023761741,69.0453650792381,74442.71,70006.27,3,,,,,,,,,,,,,,,,,,,,,,,,"weak_separation,no_breakout"
2026-03-16T16:46:55.446100+00:00,USDJPY.s,anaconda,24480388,H4,HOLD,HOLD,NONE,0,0.4294191370883113,0,,,,,,,,,,,,,,,,0.023,0.023,159.117,159.349,158.84,159.213,158.37628784831827,156.75611144087134,1.6201764074469338,52.59743422594554,159.736,157.853,4,,,,,,,,,,,,,,,,,,,,,,,,no_breakout
2026-03-16T16:46:55.447457+00:00,EURUSD.s,anaconda,24480388,H4,HOLD,HOLD,NONE,0,0.0036748500371742974,0,,,,,,,,,,,,,,,,0.00019,0.00019,1.1473200000000001,1.15013,1.1473200000000001,1.14931,1.1562632243579365,1.1693663947446435,0.013103170386707053,49.40306647793904,1.16446,1.1409799999999999,4,,,,,,,,,,,,,,,,,,,,,,,,no_breakout
2026-03-16T16:46:55.449231+00:00,XAUUSD.s,anaconda,24480388,H4,HOLD,HOLD,NONE,0,54.23284817964464,0,,,,,,,,,,,,,,,,0.29,0.29,5019.85,5037.87,4974.02,4985.78,5120.693787708398,5045.627426799572,75.06636090882603,31.922080381156974,5223.06,4967.58,3,,,,,,,,,,,,,,,,,,,,,,,,"no_breakout,rsi_out_of_zone"
2026-03-16T16:46:55.451012+00:00,USOUSD.s,anaconda,24480388,H4,HOLD,HOLD,NONE,0,4.396609945673771,0,,,,,,,,,,,,,,,,0.079,0.079,95.242,96.542,92.967,95.457,89.05023043856143,74.7029466263285,14.34728381223293,51.54662964483135,102.012,81.802,4,,,,,,,,,,,,,,,,,,,,,,,,no_breakout
2026-03-16T16:51:55.993140+00:00,BTCUSD,anaconda,24480388,H4,HOLD,HOLD,NONE,0,1059.662727772704,0,,,,,,,,,,,,,,,,17.07,17.07,73852.04,74500.52,72987.32,73806.45,70755.91083024841,70665.41195001079,90.49888023761741,70.0590326104182,74442.71,70006.27,2,,,,,,,,,,,,,,,,,,,,,,,,"weak_separation,no_breakout,rsi_out_of_zone"
2026-03-16T16:51:55.994721+00:00,USDJPY.s,anaconda,24480388,H4,HOLD,HOLD,NONE,0,0.4294191370883113,0,,,,,,,,,,,,,,,,0.023,0.023,159.117,159.349,158.84,159.188,158.37628784831827,156.75611144087134,1.6201764074469338,52.003946884872704,159.736,157.853,4,,,,,,,,,,,,,,,,,,,,,,,,no_breakout
2026-03-16T16:51:55.996567+00:00,EURUSD.s,anaconda,24480388,H4,HOLD,HOLD,NONE,0,0.0036748500371742974,0,,,,,,,,,,,,,,,,0.00019,0.00019,1.1473200000000001,1.15013,1.1473200000000001,1.14972,1.1562632243579365,1.1693663947446435,0.013103170386707053,50.30344800001826,1.16446,1.1409799999999999,4,,,,,,,,,,,,,,,,,,,,,,,,no_breakout
2026-03-16T16:51:55.998373+00:00,XAUUSD.s,anaconda,24480388,H4,HOLD,HOLD,NONE,0,54.23284817964464,0,,,,,,,,,,,,,,,,0.29,0.29,5019.85,5037.87,4974.02,4991.72,5120.693787708398,5045.627426799572,75.06636090882603,32.65723664527327,5223.06,4967.58,4,,,,,,,,,,,,,,,,,,,,,,,,no_breakout
2026-03-16T16:51:55.999839+00:00,USOUSD.s,anaconda,24480388,H4,HOLD,HOLD,NONE,0,4.396609945673771,0,,,,,,,,,,,,,,,,0.079,0.079,95.242,96.542,92.967,95.632,89.05023043856143,74.7029466263285,14.34728381223293,51.9689041683163,102.012,81.802,4,,,,,,,,,,,,,,,,,,,,,,,,no_breakout
2026-03-16T16:56:56.508775+00:00,BTCUSD,anaconda,24480388,H4,HOLD,HOLD,NONE,0,1059.662727772704,0,,,,,,,,,,,,,,,,17.12,17.12,73852.04,74500.52,72987.32,73776.36,70755.91083024841,70665.41195001079,90.49888023761741,69.62042320055814,74442.71,70006.27,3,,,,,,,,,,,,,,,,,,,,,,,,"weak_separation,no_breakout"
2026-03-16T16:56:56.510404+00:00,USDJPY.s,anaconda,24480388,H4,HOLD,HOLD,NONE,0,0.4294191370883113,0,,,,,,,,,,,,,,,,0.024,0.024,159.117,159.349,158.84,159.238,158.37628784831827,156.75611144087134,1.6201764074469338,53.176423499298174,159.736,157.853,4,,,,,,,,,,,,,,,,,,,,,,,,no_breakout
2026-03-16T16:56:56.511808+00:00,EURUSD.s,anaconda,24480388,H4,HOLD,HOLD,NONE,0,0.0036748500371742974,0,,,,,,,,,,,,,,,,0.00019,0.00019,1.1473200000000001,1.15013,1.1473200000000001,1.14942,1.1562632243579365,1.1693663947446435,0.013103170386707053,49.647819143117616,1.16446,1.1409799999999999,4,,,,,,,,,,,,,,,,,,,,,,,,no_breakout
2026-03-16T16:56:56.513550+00:00,XAUUSD.s,anaconda,24480388,H4,HOLD,HOLD,NONE,0,54.23284817964464,0,,,,,,,,,,,,,,,,0.29,0.29,5019.85,5037.87,4974.02,4989.86,5120.693787708398,5045.627426799572,75.06636090882603,32.42342087051408,5223.06,4967.58,4,,,,,,,,,,,,,,,,,,,,,,,,no_breakout
2026-03-16T16:56:56.515196+00:00,USOUSD.s,anaconda,24480388,H4,HOLD,HOLD,NONE,0,4.396609945673771,0,,,,,,,,,,,,,,,,0.079,0.079,95.242,96.542,92.967,95.612,89.05023043856143,74.7029466263285,14.34728381223293,51.92101711569928,102.012,81.802,4,,,,,,,,,,,,,,,,,,,,,,,,no_breakout
2026-03-16T17:01:57.025532+00:00,BTCUSD,anaconda,24480388,H4,HOLD,HOLD,NONE,0,996.9846758158881,0,,,,,,,,,,,,,,,,17.05,17.05,73747.93,73928.64,73746.47,73858.8,70873.24358768761,70685.62726235989,187.6163253277191,69.97604166502444,74442.71,70311.13,3,,,,,,,,,,,,,,,,,,,,,,,,"weak_separation,no_breakout"
2026-03-16T17:01:57.026933+00:00,USDJPY.s,anaconda,24480388,H4,HOLD,HOLD,NONE,0,0.4053891987150869,0,,,,,,,,,,,,,,,,0.023,0.023,159.254,159.257,159.164,159.195,158.4107474165446,156.78308802336508,1.6276593931795276,51.88604009100297,159.736,157.853,4,,,,,,,,,,,,,,,,,,,,,,,,no_breakout
2026-03-16T17:01:57.028362+00:00,EURUSD.s,anaconda,24480388,H4,HOLD,HOLD,NONE,0,0.0034880750345379907,0,,,,,,,,,,,,,,,,0.00018,0.00018,1.14927,1.15028,1.14922,1.14988,1.1559893759339546,1.1691941875213674,0.013204811587412824,50.78759888862127,1.16446,1.1409799999999999,4,,,,,,,,,,,,,,,,,,,,,,,,no_breakout
2026-03-16T17:01:57.030100+00:00,XAUUSD.s,anaconda,24480388,H4,HOLD,HOLD,NONE,0,50.77193045247217,0,,,,,,,,,,,,,,,,0.28,0.28,4990.37,4996.14,4990.37,4994.21,5115.5826695689175,5045.162485805299,70.4201837636183,33.58172624627025,5223.06,4967.58,4,,,,,,,,,,,,,,,,,,,,,,,,no_breakout
2026-03-16T17:01:57.031477+00:00,USOUSD.s,anaconda,24480388,H4,HOLD,HOLD,NONE,0,4.1289949495695035,0,,,,,,,,,,,,,,,,0.079,0.079,95.547,95.567,94.917,95.302,89.30461142610457,74.89345505463268,14.41115637147189,51.0733015803645,102.012,82.222,4,,,,,,,,,,,,,,,,,,,,,,,,no_breakout
2026-03-16T17:06:57.559031+00:00,BTCUSD,anaconda,24480388,H4,HOLD,HOLD,NONE,0,1001.6832472444595,0,,,,,,,,,,,,,,,,17.05,17.05,73747.93,73928.64,73680.69,73782.83,70873.24358768761,70685.62726235989,187.6163253277191,69.45601170653246,74442.71,70311.13,3,,,,,,,,,,,,,,,,,,,,,,,,"weak_separation,no_breakout"
2026-03-16T17:06:57.560680+00:00,USDJPY.s,anaconda,24480388,H4,HOLD,HOLD,NONE,0,0.4064606272865145,0,,,,,,,,,,,,,,,,0.024,0.024,159.254,159.257,159.149,159.211,158.4107474165446,156.78308802336508,1.6276593931795276,52.32265281996242,159.736,157.853,4,,,,,,,,,,,,,,,,,,,,,,,,no_breakout
2026-03-16T17:06:57.562313+00:00,EURUSD.s,anaconda,24480388,H4,HOLD,HOLD,NONE,0,0.003488789320252281,0,,,,,,,,,,,,,,,,0.00019,0.00019,1.14927,1.15029,1.14922,1.14998,1.1559893759339546,1.1691941875213674,0.013204811587412824,51.02149866155064,1.16446,1.1409799999999999,4,,,,,,,,,,,,,,,,,,,,,,,,no_breakout
2026-03-16T17:06:57.564086+00:00,XAUUSD.s,anaconda,24480388,H4,HOLD,HOLD,NONE,0,50.83764473818646,0,,,,,,,,,,,,,,,,0.29,0.29,4990.37,4997.06,4990.37,4995.87,5115.5826695689175,5045.162485805299,70.4201837636183,34.04329459808078,5223.06,4967.58,4,,,,,,,,,,,,,,,,,,,,,,,,no_breakout
2026-03-16T17:06:57.565797+00:00,USOUSD.s,anaconda,24480388,H4,HOLD,HOLD,NONE,0,4.1289949495695035,0,,,,,,,,,,,,,,,,0.079,0.079,95.547,95.567,94.917,95.197,89.30461142610457,74.89345505463268,14.41115637147189,50.78068407874858,102.012,82.222,4,,,,,,,,,,,,,,,,,,,,,,,,no_breakout
2026-03-16T17:11:58.153998+00:00,BTCUSD,anaconda,24480388,H4,HOLD,HOLD,NONE,0,1001.6832472444595,0,,,,,,,,,,,,,,,,17.0,17.0,73747.93,73928.64,73680.69,73830.0,70873.24358768761,70685.62726235989,187.6163253277191,69.7809974355224,74442.71,70311.13,3,,,,,,,,,,,,,,,,,,,,,,,,"weak_separation,no_breakout"
2026-03-16T17:11:58.155709+00:00,USDJPY.s,anaconda,24480388,H4,HOLD,HOLD,NONE,0,0.4064606272865145,0,,,,,,,,,,,,,,,,0.023,0.023,159.254,159.257,159.149,159.202,158.4107474165446,156.78308802336508,1.6276593931795276,52.07615826453432,159.736,157.853,4,,,,,,,,,,,,,,,,,,,,,,,,no_breakout
2026-03-16T17:11:58.157160+00:00,EURUSD.s,anaconda,24480388,H4,HOLD,HOLD,NONE,0,0.003488789320252281,0,,,,,,,,,,,,,,,,0.00019,0.00019,1.14927,1.15029,1.14922,1.14977,1.1559893759339546,1.1691941875213674,0.013204811587412824,50.52771523677763,1.16446,1.1409799999999999,4,,,,,,,,,,,,,,,,,,,,,,,,no_breakout
2026-03-16T17:11:58.158794+00:00,XAUUSD.s,anaconda,24480388,H4,HOLD,HOLD,NONE,0,51.010501881043545,0,,,,,,,,,,,,,,,,0.28,0.28,4990.37,4999.48,4990.37,4998.95,5115.5826695689175,5045.162485805299,70.4201837636183,34.88292079402984,5223.06,4967.58,4,,,,,,,,,,,,,,,,,,,,,,,,no_breakout
2026-03-16T17:11:58.160188+00:00,USOUSD.s,anaconda,24480388,H4,HOLD,HOLD,NONE,0,4.168280663855217,0,,,,,,,,,,,,,,,,0.079,0.079,95.547,95.567,94.367,94.562,89.30461142610457,74.89345505463268,14.41115637147189,49.08010711113234,102.012,82.222,4,,,,,,,,,,,,,,,,,,,,,,,,no_breakout
2026-03-16T17:16:58.719370+00:00,BTCUSD,anaconda,24480388,H4,HOLD,HOLD,NONE,0,1001.6832472444595,0,,,,,,,,,,,,,,,,16.99,16.99,73747.93,73928.64,73680.69,73756.38,70873.24358768761,70685.62726235989,187.6163253277191,69.27070267151166,74442.71,70311.13,3,,,,,,,,,,,,,,,,,,,,,,,,"weak_separation,no_breakout"
2026-03-16T17:16:58.721150+00:00,USDJPY.s,anaconda,24480388,H4,HOLD,HOLD,NONE,0,0.4081749130008003,0,,,,,,,,,,,,,,,,0.023,0.023,159.254,159.257,159.125,159.214,158.4107474165446,156.78308802336508,1.6276593931795276,52.40533704429334,159.736,157.853,4,,,,,,,,,,,,,,,,,,,,,,,,no_breakout
2026-03-16T17:16:58.722771+00:00,EURUSD.s,anaconda,24480388,H4,HOLD,HOLD,NONE,0,0.003488789320252281,0,,,,,,,,,,,,,,,,0.00019,0.00019,1.14927,1.15029,1.14922,1.14959,1.1559893759339546,1.1691941875213674,0.013204811587412824,50.09647883275524,1.16446,1.1409799999999999,4,,,,,,,,,,,,,,,,,,,,,,,,no_breakout
2026-03-16T17:16:58.724323+00:00,XAUUSD.s,anaconda,24480388,H4,HOLD,HOLD,NONE,0,51.31907330961502,0,,,,,,,,,,,,,,,,0.28,0.28,4990.37,5003.8,4990.37,5001.3,5115.5826695689175,5045.162485805299,70.4201837636183,35.50930561450336,5223.06,4967.58,4,,,,,,,,,,,,,,,,,,,,,,,,no_breakout
2026-03-16T17:16:58.726101+00:00,USOUSD.s,anaconda,24480388,H4,HOLD,HOLD,NONE,0,4.169352092426646,0,,,,,,,,,,,,,,,,0.079,0.079,95.547,95.567,94.352,95.117,89.30461142610457,74.89345505463268,14.41115637147189,50.559978185129694,102.012,82.222,4,,,,,,,,,,,,,,,,,,,,,,,,no_breakout
2026-03-16T17:21:59.234734+00:00,BTCUSD,anaconda,24480388,H4,HOLD,HOLD,NONE,0,1001.6832472444595,0,,,,,,,,,,,,,,,,17.11,17.11,73747.93,73928.64,73680.69,73776.49,70873.24358768761,70685.62726235989,187.6163253277191,69.41179753389821,74442.71,70311.13,3,,,,,,,,,,,,,,,,,,,,,,,,"weak_separation,no_breakout"
2026-03-16T17:21:59.236271+00:00,USDJPY.s,anaconda,24480388,H4,HOLD,HOLD,NONE,0,0.4081749130008003,0,,,,,,,,,,,,,,,,0.024,0.024,159.254,159.257,159.125,159.184,158.4107474165446,156.78308802336508,1.6276593931795276,51.590071604956684,159.736,157.853,4,,,,,,,,,,,,,,,,,,,,,,,,no_breakout
2026-03-16T17:21:59.237631+00:00,EURUSD.s,anaconda,24480388,H4,HOLD,HOLD,NONE,0,0.003488789320252281,0,,,,,,,,,,,,,,,,0.00019,0.00019,1.14927,1.15029,1.14922,1.14974,1.1559893759339546,1.1691941875213674,0.013204811587412824,50.45636081694336,1.16446,1.1409799999999999,4,,,,,,,,,,,,,,,,,,,,,,,,no_breakout
2026-03-16T17:21:59.239136+00:00,XAUUSD.s,anaconda,24480388,H4,HOLD,HOLD,NONE,0,51.31907330961502,0,,,,,,,,,,,,,,,,0.28,0.28,4990.37,5003.8,4990.37,4998.35,5115.5826695689175,5045.162485805299,70.4201837636183,34.72103795955016,5223.06,4967.58,4,,,,,,,,,,,,,,,,,,,,,,,,no_breakout
2026-03-16T17:21:59.240358+00:00,USOUSD.s,anaconda,24480388,H4,HOLD,HOLD,NONE,0,4.1739949495695035,0,,,,,,,,,,,,,,,,0.079,0.079,95.547,95.567,94.287,94.417,89.30461142610457,74.89345505463268,14.41115637147189,48.707638996027306,102.012,82.222,4,,,,,,,,,,,,,,,,,,,,,,,,no_breakout
2026-03-16T17:26:59.938902+00:00,BTCUSD,anaconda,24480388,H4,HOLD,HOLD,NONE,0,1001.6832472444595,0,,,,,,,,,,,,,,,,17.02,17.02,73747.93,73928.64,73680.69,73759.22,70873.24358768761,70685.62726235989,187.6163253277191,69.29070743059643,74442.71,70311.13,3,,,,,,,,,,,,,,,,,,,,,,,,"weak_separation,no_breakout"
2026-03-16T17:26:59.940692+00:00,USDJPY.s,anaconda,24480388,H4,HOLD,HOLD,NONE,0,0.4081749130008003,0,,,,,,,,,,,,,,,,0.024,0.024,159.254,159.257,159.125,159.201,158.4107474165446,156.78308802336508,1.6276593931795276,52.04891326952003,159.736,157.853,4,,,,,,,,,,,,,,,,,,,,,,,,no_breakout
2026-03-16T17:26:59.942369+00:00,EURUSD.s,anaconda,24480388,H4,HOLD,HOLD,NONE,0,0.003488789320252281,0,,,,,,,,,,,,,,,,0.0002,0.0002,1.14927,1.15029,1.14922,1.14973,1.1559893759339546,1.1691941875213674,0.013204811587412824,50.4325302482135,1.16446,1.1409799999999999,4,,,,,,,,,,,,,,,,,,,,,,,,no_breakout
2026-03-16T17:26:59.943738+00:00,XAUUSD.s,anaconda,24480388,H4,HOLD,HOLD,NONE,0,51.31907330961502,0,,,,,,,,,,,,,,,,0.28,0.28,4990.37,5003.8,4990.37,4997.06,5115.5826695689175,5045.162485805299,70.4201837636183,34.370249659415805,5223.06,4967.58,4,,,,,,,,,,,,,,,,,,,,,,,,no_breakout
2026-03-16T17:26:59.945063+00:00,USOUSD.s,anaconda,24480388,H4,HOLD,HOLD,NONE,0,4.207566378140933,0,,,,,,,,,,,,,,,,0.079,0.079,95.547,95.567,93.817,94.037,89.30461142610457,74.89345505463268,14.41115637147189,47.75781391636492,102.012,82.222,4,,,,,,,,,,,,,,,,,,,,,,,,no_breakout
2026-03-16T17:32:00.617465+00:00,BTCUSD,anaconda,24480388,H4,HOLD,HOLD,NONE,0,1002.908961530174,0,,,,,,,,,,,,,,,,17.04,17.04,73747.93,73928.64,73663.53,73768.2,70873.24358768761,70685.62726235989,187.6163253277191,69.35379088302102,74442.71,70311.13,3,,,,,,,,,,,,,,,,,,,,,,,,"weak_separation,no_breakout"
2026-03-16T17:32:00.619120+00:00,USDJPY.s,anaconda,24480388,H4,HOLD,HOLD,NONE,0,0.4081749130008003,0,,,,,,,,,,,,,,,,0.024,0.024,159.254,159.257,159.125,159.207,158.4107474165446,156.78308802336508,1.6276593931795276,52.21281220395514,159.736,157.853,4,,,,,,,,,,,,,,,,,,,,,,,,no_breakout
2026-03-16T17:32:00.620408+00:00,EURUSD.s,anaconda,24480388,H4,HOLD,HOLD,NONE,0,0.003488789320252281,0,,,,,,,,,,,,,,,,0.00019,0.00019,1.14927,1.15029,1.14922,1.14968,1.1559893759339546,1.1691941875213674,0.013204811587412824,50.31303269931006,1.16446,1.1409799999999999,4,,,,,,,,,,,,,,,,,,,,,,,,no_breakout
2026-03-16T17:32:00.621899+00:00,XAUUSD.s,anaconda,24480388,H4,HOLD,HOLD,NONE,0,51.31907330961502,0,,,,,,,,,,,,,,,,0.29,0.29,4990.37,5003.8,4990.37,4994.04,5115.5826695689175,5045.162485805299,70.4201837636183,33.53409226927185,5223.06,4967.58,4,,,,,,,,,,,,,,,,,,,,,,,,no_breakout
2026-03-16T17:32:00.623352+00:00,USOUSD.s,anaconda,24480388,H4,HOLD,HOLD,NONE,0,4.214352092426647,0,,,,,,,,,,,,,,,,0.079,0.079,95.547,95.567,93.722,94.187,89.30461142610457,74.89345505463268,14.41115637147189,48.12828524697551,102.012,82.222,4,,,,,,,,,,,,,,,,,,,,,,,,no_breakout
2026-03-16T17:37:01.145968+00:00,BTCUSD,anaconda,24480388,H4,HOLD,HOLD,NONE,0,1004.9296758158878,0,,,,,,,,,,,,,,,,16.98,16.98,73747.93,73928.64,73635.24,73805.75,70873.24358768761,70685.62726235989,187.6163253277191,69.6147914599706,74442.71,70311.13,3,,,,,,,,,,,,,,,,,,,,,,,,"weak_separation,no_breakout"
2026-03-16T17:37:01.147640+00:00,USDJPY.s,anaconda,24480388,H4,HOLD,HOLD,NONE,0,0.4081749130008003,0,,,,,,,,,,,,,,,,0.024,0.024,159.254,159.257,159.125,159.252,158.4107474165446,156.78308802336508,1.6276593931795276,53.475751938467276,159.736,157.853,4,,,,,,,,,,,,,,,,,,,,,,,,no_breakout
2026-03-16T17:37:01.148906+00:00,EURUSD.s,anaconda,24480388,H4,HOLD,HOLD,NONE,0,0.003488789320252281,0,,,,,,,,,,,,,,,,0.00019,0.00019,1.14927,1.15029,1.14922,1.14941,1.1559893759339546,1.1691941875213674,0.013204811587412824,49.65765838057877,1.16446,1.1409799999999999,4,,,,,,,,,,,,,,,,,,,,,,,,no_breakout
2026-03-16T17:37:01.150138+00:00,XAUUSD.s,anaconda,24480388,H4,HOLD,HOLD,NONE,0,51.53050188104359,0,,,,,,,,,,,,,,,,0.29,0.29,4990.37,5003.8,4987.4,4988.39,5115.5826695689175,5045.162485805299,70.4201837636183,32.213996549045916,5223.06,4967.58,4,,,,,,,,,,,,,,,,,,,,,,,,no_breakout
2026-03-16T17:37:01.151641+00:00,USOUSD.s,anaconda,24480388,H4,HOLD,HOLD,NONE,0,4.214352092426647,0,,,,,,,,,,,,,,,,0.079,0.079,95.547,95.567,93.722,94.177,89.30461142610457,74.89345505463268,14.41115637147189,48.10340843308517,102.012,82.222,4,,,,,,,,,,,,,,,,,,,,,,,,no_breakout
2026-03-16T17:42:01.644139+00:00,BTCUSD,anaconda,24480388,H4,HOLD,HOLD,NONE,0,1006.9032472444596,0,,,,,,,,,,,,,,,,17.03,17.03,73747.93,73956.27,73635.24,73939.88,70873.24358768761,70685.62726235989,187.6163253277191,70.51186489789973,74442.71,70311.13,2,,,,,,,,,,,,,,,,,,,,,,,,"weak_separation,no_breakout,rsi_out_of_zone"
2026-03-16T17:42:01.646029+00:00,USDJPY.s,anaconda,24480388,H4,HOLD,HOLD,NONE,0,0.40903205585794317,0,,,,,,,,,,,,,,,,0.024,0.024,159.254,159.269,159.125,159.235,158.4107474165446,156.78308802336508,1.6276593931795276,52.991525639527914,159.736,157.853,4,,,,,,,,,,,,,,,,,,,,,,,,no_breakout
2026-03-16T17:42:01.647560+00:00,EURUSD.s,anaconda,24480388,H4,HOLD,HOLD,NONE,0,0.003488789320252281,0,,,,,,,,,,,,,,,,0.00018,0.00018,1.14927,1.15029,1.14922,1.1496,1.1559893759339546,1.1691941875213674,0.013204811587412824,50.1206335452012,1.16446,1.1409799999999999,4,,,,,,,,,,,,,,,,,,,,,,,,no_breakout
2026-03-16T17:42:01.649233+00:00,XAUUSD.s,anaconda,24480388,H4,HOLD,HOLD,NONE,0,51.64621616675787,0,,,,,,,,,,,,,,,,0.29,0.29,4990.37,5003.8,4985.78,4988.49,5115.5826695689175,5045.162485805299,70.4201837636183,32.22769129216377,5223.06,4967.58,4,,,,,,,,,,,,,,,,,,,,,,,,no_breakout
2026-03-16T17:42:01.650759+00:00,USOUSD.s,anaconda,24480388,H4,HOLD,HOLD,NONE,0,4.214352092426647,0,,,,,,,,,,,,,,,,0.079,0.079,95.547,95.567,93.722,94.377,89.30461142610457,74.89345505463268,14.41115637147189,48.605881967505496,102.012,82.222,4,,,,,,,,,,,,,,,,,,,,,,,,no_breakout
2026-03-16T17:47:02.228179+00:00,BTCUSD,anaconda,24480388,H4,HOLD,HOLD,NONE,0,1007.4053901016024,0,,,,,,,,,,,,,,,,17.01,17.01,73747.93,73963.3,73635.24,73864.83,70873.24358768761,70685.62726235989,187.6163253277191,70.01656071483919,74442.71,70311.13,2,,,,,,,,,,,,,,,,,,,,,,,,"weak_separation,no_breakout,rsi_out_of_zone"
2026-03-16T17:47:02.229931+00:00,USDJPY.s,anaconda,24480388,H4,HOLD,HOLD,NONE,0,0.40903205585794317,0,,,,,,,,,,,,,,,,0.024,0.024,159.254,159.269,159.125,159.226,158.4107474165446,156.78308802336508,1.6276593931795276,52.738703843145366,159.736,157.853,4,,,,,,,,,,,,,,,,,,,,,,,,no_breakout
2026-03-16T17:47:02.231339+00:00,EURUSD.s,anaconda,24480388,H4,HOLD,HOLD,NONE,0,0.003488789320252281,0,,,,,,,,,,,,,,,,0.00018,0.00018,1.14927,1.15029,1.14922,1.14955,1.1559893759339546,1.1691941875213674,0.013204811587412824,49.999625584446264,1.16446,1.1409799999999999,4,,,,,,,,,,,,,,,,,,,,,,,,no_breakout
2026-03-16T17:47:02.232808+00:00,XAUUSD.s,anaconda,24480388,H4,HOLD,HOLD,NONE,0,51.64621616675787,0,,,,,,,,,,,,,,,,0.28,0.28,4990.37,5003.8,4985.78,4990.56,5115.5826695689175,5045.162485805299,70.4201837636183,32.54375819279609,5223.06,4967.58,4,,,,,,,,,,,,,,,,,,,,,,,,no_breakout
2026-03-16T17:47:02.234292+00:00,USOUSD.s,anaconda,24480388,H4,HOLD,HOLD,NONE,0,4.214352092426647,0,,,,,,,,,,,,,,,,0.079,0.079,95.547,95.567,93.722,94.437,89.30461142610457,74.89345505463268,14.41115637147189,48.758677449925464,102.012,82.222,4,,,,,,,,,,,,,,,,,,,,,,,,no_breakout
2026-03-16T17:52:02.735483+00:00,BTCUSD,anaconda,24480388,H4,HOLD,HOLD,NONE,0,1013.5882472444594,0,,,,,,,,,,,,,,,,17.07,17.07,73747.93,74049.86,73635.24,73903.82,70873.24358768761,70685.62726235989,187.6163253277191,70.27594003969742,74442.71,70311.13,2,,,,,,,,,,,,,,,,,,,,,,,,"weak_separation,no_breakout,rsi_out_of_zone"
2026-03-16T17:52:02.737335+00:00,USDJPY.s,anaconda,24480388,H4,HOLD,HOLD,NONE,0,0.41067491300080006,0,,,,,,,,,,,,,,,,0.024,0.024,159.254,159.292,159.125,159.245,158.4107474165446,156.78308802336508,1.6276593931795276,53.275296913689914,159.736,157.853,4,,,,,,,,,,,,,,,,,,,,,,,,no_breakout
2026-03-16T17:52:02.738780+00:00,EURUSD.s,anaconda,24480388,H4,HOLD,HOLD,NONE,0,0.003506646463109414,0,,,,,,,,,,,,,,,,0.00019,0.00019,1.14927,1.15029,1.14897,1.14928,1.1559893759339546,1.1691941875213674,0.013204811587412824,49.33590225002844,1.16446,1.1409799999999999,4,,,,,,,,,,,,,,,,,,,,,,,,no_breakout
2026-03-16T17:52:02.740464+00:00,XAUUSD.s,anaconda,24480388,H4,HOLD,HOLD,NONE,0,51.77621616675785,0,,,,,,,,,,,,,,,,0.29,0.29,4990.37,5003.8,4983.96,4987.93,5115.5826695689175,5045.162485805299,70.4201837636183,32.15115034612241,5223.06,4967.58,4,,,,,,,,,,,,,,,,,,,,,,,,no_breakout
2026-03-16T17:52:02.742052+00:00,USOUSD.s,anaconda,24480388,H4,HOLD,HOLD,NONE,0,4.214352092426647,0,,,,,,,,,,,,,,,,0.079,0.079,95.547,95.567,93.722,94.392,89.30461142610457,74.89345505463268,14.41115637147189,48.64399098962635,102.012,82.222,4,,,,,,,,,,,,,,,,,,,,,,,,no_breakout
2026-03-16T17:57:03.379612+00:00,BTCUSD,anaconda,24480388,H4,HOLD,HOLD,NONE,0,1013.5882472444594,0,,,,,,,,,,,,,,,,17.1,17.1,73747.93,74049.86,73635.24,73958.59,70873.24358768761,70685.62726235989,187.6163253277191,70.63280660165496,74442.71,70311.13,2,,,,,,,,,,,,,,,,,,,,,,,,"weak_separation,no_breakout,rsi_out_of_zone"
2026-03-16T17:57:03.381997+00:00,USDJPY.s,anaconda,24480388,H4,HOLD,HOLD,NONE,0,0.41067491300080006,0,,,,,,,,,,,,,,,,0.024,0.024,159.254,159.292,159.125,159.24,158.4107474165446,156.78308802336508,1.6276593931795276,53.13303239007545,159.736,157.853,4,,,,,,,,,,,,,,,,,,,,,,,,no_breakout
2026-03-16T17:57:03.383845+00:00,EURUSD.s,anaconda,24480388,H4,HOLD,HOLD,NONE,0,0.003506646463109414,0,,,,,,,,,,,,,,,,0.00019,0.00019,1.14927,1.15029,1.14897,1.14928,1.1559893759339546,1.1691941875213674,0.013204811587412824,49.33590225002844,1.16446,1.1409799999999999,4,,,,,,,,,,,,,,,,,,,,,,,,no_breakout
2026-03-16T17:57:03.385349+00:00,XAUUSD.s,anaconda,24480388,H4,HOLD,HOLD,NONE,0,51.77621616675785,0,,,,,,,,,,,,,,,,0.28,0.28,4990.37,5003.8,4983.96,4991.26,5115.5826695689175,5045.162485805299,70.4201837636183,32.74532733239214,5223.06,4967.58,4,,,,,,,,,,,,,,,,,,,,,,,,no_breakout
2026-03-16T17:57:03.386835+00:00,USOUSD.s,anaconda,24480388,H4,HOLD,HOLD,NONE,0,4.214352092426647,0,,,,,,,,,,,,,,,,0.079,0.079,95.547,95.567,93.722,94.337,89.30461142610457,74.89345505463268,14.41115637147189,48.5045492217529,102.012,82.222,4,,,,,,,,,,,,,,,,,,,,,,,,no_breakout
2026-03-16T18:02:03.960162+00:00,BTCUSD,anaconda,24480388,H4,HOLD,HOLD,NONE,0,1013.5882472444594,0,,,,,,,,,,,,,,,,17.0,17.0,73747.93,74049.86,73635.24,73943.22,70873.24358768761,70685.62726235989,187.6163253277191,70.533527691615,74442.71,70311.13,2,,,,,,,,,,,,,,,,,,,,,,,,"weak_separation,no_breakout,rsi_out_of_zone"
2026-03-16T18:02:03.961609+00:00,USDJPY.s,anaconda,24480388,H4,HOLD,HOLD,NONE,0,0.41067491300080006,0,,,,,,,,,,,,,,,,0.024,0.024,159.254,159.292,159.125,159.216,158.4107474165446,156.78308802336508,1.6276593931795276,52.46060519571915,159.736,157.853,4,,,,,,,,,,,,,,,,,,,,,,,,no_breakout
2026-03-16T18:02:03.962910+00:00,EURUSD.s,anaconda,24480388,H4,HOLD,HOLD,NONE,0,0.003506646463109414,0,,,,,,,,,,,,,,,,0.00018,0.00018,1.14927,1.15029,1.14897,1.14955,1.1559893759339546,1.1691941875213674,0.013204811587412824,49.999625584446264,1.16446,1.1409799999999999,4,,,,,,,,,,,,,,,,,,,,,,,,no_breakout
2026-03-16T18:02:03.964280+00:00,XAUUSD.s,anaconda,24480388,H4,HOLD,HOLD,NONE,0,51.77621616675785,0,,,,,,,,,,,,,,,,0.29,0.29,4990.37,5003.8,4983.96,4995.87,5115.5826695689175,5045.162485805299,70.4201837636183,34.04329459808078,5223.06,4967.58,4,,,,,,,,,,,,,,,,,,,,,,,,no_breakout
2026-03-16T18:02:03.965591+00:00,USOUSD.s,anaconda,24480388,H4,HOLD,HOLD,NONE,0,4.214352092426647,0,,,,,,,,,,,,,,,,0.079,0.079,95.547,95.567,93.722,94.482,89.30461142610457,74.89345505463268,14.41115637147189,48.87390597380053,102.012,82.222,4,,,,,,,,,,,,,,,,,,,,,,,,no_breakout
2026-03-16T18:07:04.443954+00:00,BTCUSD,anaconda,24480388,H4,HOLD,HOLD,NONE,0,1013.5882472444594,0,,,,,,,,,,,,,,,,17.02,17.02,73747.93,74049.86,73635.24,74000.08,70873.24358768761,70685.62726235989,187.6163253277191,70.89749130890709,74442.71,70311.13,2,,,,,,,,,,,,,,,,,,,,,,,,"weak_separation,no_breakout,rsi_out_of_zone"
2026-03-16T18:07:04.445665+00:00,USDJPY.s,anaconda,24480388,H4,HOLD,HOLD,NONE,0,0.41067491300080006,0,,,,,,,,,,,,,,,,0.024,0.024,159.254,159.292,159.125,159.195,158.4107474165446,156.78308802336508,1.6276593931795276,51.88604009100297,159.736,157.853,4,,,,,,,,,,,,,,,,,,,,,,,,no_breakout
2026-03-16T18:07:04.447275+00:00,EURUSD.s,anaconda,24480388,H4,HOLD,HOLD,NONE,0,0.003506646463109414,0,,,,,,,,,,,,,,,,0.00018,0.00018,1.14927,1.15029,1.14897,1.15011,1.1559893759339546,1.1691941875213674,0.013204811587412824,51.32226481468001,1.16446,1.1409799999999999,4,,,,,,,,,,,,,,,,,,,,,,,,no_breakout
2026-03-16T18:07:04.448836+00:00,XAUUSD.s,anaconda,24480388,H4,HOLD,HOLD,NONE,0,51.77621616675785,0,,,,,,,,,,,,,,,,0.29,0.29,4990.37,5003.8,4983.96,4992.57,5115.5826695689175,5045.162485805299,70.4201837636183,33.119330917434795,5223.06,4967.58,4,,,,,,,,,,,,,,,,,,,,,,,,no_breakout
2026-03-16T18:07:04.450262+00:00,USOUSD.s,anaconda,24480388,H4,HOLD,HOLD,NONE,0,4.214352092426647,0,,,,,,,,,,,,,,,,0.079,0.079,95.547,95.567,93.722,94.222,89.30461142610457,74.89345505463268,14.41115637147189,48.215557088573405,102.012,82.222,4,,,,,,,,,,,,,,,,,,,,,,,,no_breakout
2026-03-16T18:12:04.937112+00:00,BTCUSD,anaconda,24480388,H4,HOLD,HOLD,NONE,0,1033.6939615301733,0,,,,,,,,,,,,,,,,16.97,16.97,73747.93,74331.34,73635.24,74178.86,70873.24358768761,70685.62726235989,187.6163253277191,71.98548170979005,74442.71,70311.13,2,,,,,,,,,,,,,,,,,,,,,,,,"weak_separation,no_breakout,rsi_out_of_zone"
2026-03-16T18:12:04.938636+00:00,USDJPY.s,anaconda,24480388,H4,HOLD,HOLD,NONE,0,0.4111749130008004,0,,,,,,,,,,,,,,,,0.023,0.023,159.254,159.292,159.118,159.16,158.4107474165446,156.78308802336508,1.6276593931795276,50.95589829131648,159.736,157.853,4,,,,,,,,,,,,,,,,,,,,,,,,no_breakout
2026-03-16T18:12:04.940216+00:00,EURUSD.s,anaconda,24480388,H4,HOLD,HOLD,NONE,0,0.003526646463109418,0,,,,,,,,,,,,,,,,0.00018,0.00018,1.14927,1.15057,1.14897,1.15022,1.1559893759339546,1.1691941875213674,0.013204811587412824,51.57388900752186,1.16446,1.1409799999999999,4,,,,,,,,,,,,,,,,,,,,,,,,no_breakout
2026-03-16T18:12:04.941484+00:00,XAUUSD.s,anaconda,24480388,H4,HOLD,HOLD,NONE,0,51.77621616675785,0,,,,,,,,,,,,,,,,0.29,0.29,4990.37,5003.8,4983.96,4998.92,5115.5826695689175,5045.162485805299,70.4201837636183,34.87484572340939,5223.06,4967.58,4,,,,,,,,,,,,,,,,,,,,,,,,no_breakout
2026-03-16T18:12:04.942694+00:00,USOUSD.s,anaconda,24480388,H4,HOLD,HOLD,NONE,0,4.214352092426647,0,,,,,,,,,,,,,,,,0.079,0.079,95.547,95.567,93.722,94.052,89.30461142610457,74.89345505463268,14.41115637147189,47.79460419576413,102.012,82.222,4,,,,,,,,,,,,,,,,,,,,,,,,no_breakout
2026-03-16T18:17:05.934043+00:00,BTCUSD,anaconda,24480388,H4,HOLD,HOLD,NONE,0,1033.6939615301733,0,,,,,,,,,,,,,,,,17.08,17.08,73747.93,74331.34,73635.24,74301.3,70873.24358768761,70685.62726235989,187.6163253277191,72.68484478176565,74442.71,70311.13,2,,,,,,,,,,,,,,,,,,,,,,,,"weak_separation,no_breakout,rsi_out_of_zone"
2026-03-16T18:17:05.935573+00:00,USDJPY.s,anaconda,24480388,H4,HOLD,HOLD,NONE,0,0.41131777014365617,0,,,,,,,,,,,,,,,,0.023,0.023,159.254,159.292,159.116,159.118,158.4107474165446,156.78308802336508,1.6276593931795276,49.88282128451511,159.736,157.853,4,,,,,,,,,,,,,,,,,,,,,,,,no_breakout
2026-03-16T18:17:05.936825+00:00,EURUSD.s,anaconda,24480388,H4,HOLD,HOLD,NONE,0,0.0035287893202522735,0,,,,,,,,,,,,,,,,0.00019,0.00019,1.14927,1.1506,1.14897,1.15059,1.1559893759339546,1.1691941875213674,0.013204811587412824,52.40149641548075,1.16446,1.1409799999999999,4,,,,,,,,,,,,,,,,,,,,,,,,no_breakout
2026-03-16T18:17:05.938141+00:00,XAUUSD.s,anaconda,24480388,H4,HOLD,HOLD,NONE,0,51.77621616675785,0,,,,,,,,,,,,,,,,0.29,0.28,4990.37,5003.8,4983.96,4999.28,5115.5826695689175,5045.162485805299,70.4201837636183,34.97161458545864,5223.06,4967.58,4,,,,,,,,,,,,,,,,,,,,,,,,no_breakout
2026-03-16T18:17:05.939553+00:00,USOUSD.s,anaconda,24480388,H4,HOLD,HOLD,NONE,0,4.247566378140932,0,,,,,,,,,,,,,,,,0.079,0.079,95.547,95.567,93.257,93.272,89.30461142610457,74.89345505463268,14.41115637147189,45.95377626139817,102.012,82.222,4,,,,,,,,,,,,,,,,,,,,,,,,no_breakout
2026-03-16T18:22:06.468795+00:00,BTCUSD,anaconda,24480388,H4,HOLD,HOLD,NONE,0,1033.6939615301733,0,,,,,,,,,,,,,,,,16.95,16.95,73747.93,74331.34,73635.24,74121.56,70873.24358768761,70685.62726235989,187.6163253277191,71.64574017861668,74442.71,70311.13,2,,,,,,,,,,,,,,,,,,,,,,,,"weak_separation,no_breakout,rsi_out_of_zone"
2026-03-16T18:22:06.470644+00:00,USDJPY.s,anaconda,24480388,H4,HOLD,HOLD,NONE,0,0.4133891987150865,0,,,,,,,,,,,,,,,,0.023,0.023,159.254,159.292,159.087,159.105,158.4107474165446,156.78308802336508,1.6276593931795276,49.559778647340494,159.736,157.853,4,,,,,,,,,,,,,,,,,,,,,,,,no_breakout
2026-03-16T18:22:06.472044+00:00,EURUSD.s,anaconda,24480388,H4,HOLD,HOLD,NONE,0,0.0035380750345379852,0,,,,,,,,,,,,,,,,0.00019,0.00019,1.14927,1.15073,1.14897,1.15065,1.1559893759339546,1.1691941875213674,0.013204811587412824,52.53304484773382,1.16446,1.1409799999999999,4,,,,,,,,,,,,,,,,,,,,,,,,no_breakout
2026-03-16T18:22:06.473502+00:00,XAUUSD.s,anaconda,24480388,H4,HOLD,HOLD,NONE,0,51.77621616675785,0,,,,,,,,,,,,,,,,0.29,0.29,4990.37,5003.8,4983.96,4997.71,5115.5826695689175,5045.162485805299,70.4201837636183,34.547473409336774,5223.06,4967.58,4,,,,,,,,,,,,,,,,,,,,,,,,no_breakout
2026-03-16T18:22:06.474777+00:00,USOUSD.s,anaconda,24480388,H4,HOLD,HOLD,NONE,0,4.268994949569504,0,,,,,,,,,,,,,,,,0.079,0.079,95.547,95.567,92.957,93.767,89.30461142610457,74.89345505463268,14.41115637147189,47.10514183235798,102.012,82.222,4,,,,,,,,,,,,,,,,,,,,,,,,no_breakout
2026-03-16T18:27:06.963057+00:00,BTCUSD,anaconda,24480388,H4,HOLD,HOLD,NONE,0,1033.6939615301733,0,,,,,,,,,,,,,,,,16.99,16.99,73747.93,74331.34,73635.24,74237.89,70873.24358768761,70685.62726235989,187.6163253277191,72.32707050999592,74442.71,70311.13,2,,,,,,,,,,,,,,,,,,,,,,,,"weak_separation,no_breakout,rsi_out_of_zone"
2026-03-16T18:27:06.964419+00:00,USDJPY.s,anaconda,24480388,H4,HOLD,HOLD,NONE,0,0.4203177701436565,0,,,,,,,,,,,,,,,,0.023,0.023,159.254,159.292,158.99,158.992,158.4107474165446,156.78308802336508,1.6276593931795276,46.91865068253292,159.736,157.853,4,,,,,,,,,,,,,,,,,,,,,,,,no_breakout
2026-03-16T18:27:06.965913+00:00,EURUSD.s,anaconda,24480388,H4,HOLD,HOLD,NONE,0,0.0036173607488236953,0,,,,,,,,,,,,,,,,0.00018,0.00018,1.14927,1.15184,1.14897,1.15181,1.1559893759339546,1.1691941875213674,0.013204811587412824,54.940643551208034,1.16446,1.1409799999999999,4,,,,,,,,,,,,,,,,,,,,,,,,no_breakout
2026-03-16T18:27:06.967814+00:00,XAUUSD.s,anaconda,24480388,H4,HOLD,HOLD,NONE,0,51.77621616675785,0,,,,,,,,,,,,,,,,0.29,0.29,4990.37,5003.8,4983.96,5002.65,5115.5826695689175,5045.162485805299,70.4201837636183,35.863723768922156,5223.06,4967.58,4,,,,,,,,,,,,,,,,,,,,,,,,no_breakout
2026-03-16T18:27:06.969300+00:00,USOUSD.s,anaconda,24480388,H4,HOLD,HOLD,NONE,0,4.268994949569504,0,,,,,,,,,,,,,,,,0.079,0.079,95.547,95.567,92.957,93.207,89.30461142610457,74.89345505463268,14.41115637147189,45.80675416884965,102.012,82.222,4,,,,,,,,,,,,,,,,,,,,,,,,no_breakout
2026-03-16T18:32:07.682070+00:00,BTCUSD,anaconda,24480388,H4,HOLD,HOLD,NONE,0,1033.6939615301733,0,,,,,,,,,,,,,,,,16.97,16.97,73747.93,74331.34,73635.24,74182.0,70873.24358768761,70685.62726235989,187.6163253277191,72.00386416190229,74442.71,70311.13,2,,,,,,,,,,,,,,,,,,,,,,,,"weak_separation,no_breakout,rsi_out_of_zone"
2026-03-16T18:32:07.683697+00:00,USDJPY.s,anaconda,24480388,H4,HOLD,HOLD,NONE,0,0.42324634157222774,0,,,,,,,,,,,,,,,,0.023,0.023,159.254,159.292,158.949,158.985,158.4107474165446,156.78308802336508,1.6276593931795276,46.764269686499574,159.736,157.853,4,,,,,,,,,,,,,,,,,,,,,,,,no_breakout
2026-03-16T18:32:07.685399+00:00,EURUSD.s,anaconda,24480388,H4,HOLD,HOLD,NONE,0,0.0036402178916808453,0,,,,,,,,,,,,,,,,0.00018,0.00018,1.14927,1.15216,1.14897,1.15175,1.1559893759339546,1.1691941875213674,0.013204811587412824,54.82211803531926,1.16446,1.1409799999999999,4,,,,,,,,,,,,,,,,,,,,,,,,no_breakout
2026-03-16T18:32:07.687526+00:00,XAUUSD.s,anaconda,24480388,H4,HOLD,HOLD,NONE,0,52.074787595329234,0,,,,,,,,,,,,,,,,0.28,0.28,4990.37,5007.98,4983.96,5005.94,5115.5826695689175,5045.162485805299,70.4201837636183,36.711354776011355,5223.06,4967.58,4,,,,,,,,,,,,,,,,,,,,,,,,no_breakout
2026-03-16T18:32:07.689166+00:00,USOUSD.s,anaconda,24480388,H4,HOLD,HOLD,NONE,0,4.268994949569504,0,,,,,,,,,,,,,,,,0.079,0.079,95.547,95.567,92.957,93.777,89.30461142610457,74.89345505463268,14.41115637147189,47.12899659105245,102.012,82.222,4,,,,,,,,,,,,,,,,,,,,,,,,no_breakout
2026-03-16T18:37:08.211336+00:00,BTCUSD,anaconda,24480388,H4,HOLD,HOLD,NONE,0,1035.8839615301736,0,,,,,,,,,,,,,,,,16.98,16.98,73747.93,74362.0,73635.24,74194.11,70873.24358768761,70685.62726235989,187.6163253277191,72.07453418046752,74442.71,70311.13,2,,,,,,,,,,,,,,,,,,,,,,,,"weak_separation,no_breakout,rsi_out_of_zone"
2026-03-16T18:37:08.212830+00:00,USDJPY.s,anaconda,24480388,H4,HOLD,HOLD,NONE,0,0.4248891987150866,0,,,,,,,,,,,,,,,,0.025,0.025,159.254,159.292,158.926,158.947,158.4107474165446,156.78308802336508,1.6276593931795276,45.94361761520201,159.736,157.853,4,,,,,,,,,,,,,,,,,,,,,,,,no_breakout
2026-03-16T18:37:08.214321+00:00,EURUSD.s,anaconda,24480388,H4,HOLD,HOLD,NONE,0,0.0036402178916808453,0,,,,,,,,,,,,,,,,0.00018,0.00018,1.14927,1.15216,1.14897,1.15201,1.1559893759339546,1.1691941875213674,0.013204811587412824,55.33127596761738,1.16446,1.1409799999999999,4,,,,,,,,,,,,,,,,,,,,,,,,no_breakout
2026-03-16T18:37:08.216141+00:00,XAUUSD.s,anaconda,24480388,H4,HOLD,HOLD,NONE,0,52.35764473818638,0,,,,,,,,,,,,,,,,0.28,0.28,4990.37,5011.94,4983.96,5009.2,5115.5826695689175,5045.162485805299,70.4201837636183,37.5294430617973,5223.06,4967.58,4,,,,,,,,,,,,,,,,,,,,,,,,no_breakout
2026-03-16T18:37:08.217658+00:00,USOUSD.s,anaconda,24480388,H4,HOLD,HOLD,NONE,0,4.268994949569504,0,,,,,,,,,,,,,,,,0.079,0.079,95.547,95.567,92.957,93.567,89.30461142610457,74.89345505463268,14.41115637147189,46.63306704107825,102.012,82.222,4,,,,,,,,,,,,,,,,,,,,,,,,no_breakout
2026-03-16T18:42:08.770370+00:00,BTCUSD,anaconda,24480388,H4,HOLD,HOLD,NONE,0,1035.8839615301736,0,,,,,,,,,,,,,,,,16.98,16.98,73747.93,74362.0,73635.24,74187.0,70873.24358768761,70685.62726235989,187.6163253277191,72.0330858425185,74442.71,70311.13,2,,,,,,,,,,,,,,,,,,,,,,,,"weak_separation,no_breakout,rsi_out_of_zone"
2026-03-16T18:42:08.771869+00:00,USDJPY.s,anaconda,24480388,H4,HOLD,HOLD,NONE,0,0.4256034844293717,0,,,,,,,,,,,,,,,,0.025,0.025,159.254,159.292,158.916,158.934,158.4107474165446,156.78308802336508,1.6276593931795276,45.669441028572805,159.736,157.853,4,,,,,,,,,,,,,,,,,,,,,,,,no_breakout
2026-03-16T18:42:08.773060+00:00,EURUSD.s,anaconda,24480388,H4,HOLD,HOLD,NONE,0,0.003643075034537991,0,,,,,,,,,,,,,,,,0.00019,0.00019,1.14927,1.1522000000000001,1.14897,1.15207,1.1559893759339546,1.1691941875213674,0.013204811587412824,55.44714838207497,1.16446,1.1409799999999999,4,,,,,,,,,,,,,,,,,,,,,,,,no_breakout
2026-03-16T18:42:08.774260+00:00,XAUUSD.s,anaconda,24480388,H4,HOLD,HOLD,NONE,0,52.59478759532928,0,,,,,,,,,,,,,,,,0.29,0.29,4990.37,5015.26,4983.96,5012.52,5115.5826695689175,5045.162485805299,70.4201837636183,38.34113343585888,5223.06,4967.58,4,,,,,,,,,,,,,,,,,,,,,,,,no_breakout
2026-03-16T18:42:08.775683+00:00,USOUSD.s,anaconda,24480388,H4,HOLD,HOLD,NONE,0,4.268994949569504,0,,,,,,,,,,,,,,,,0.079,0.079,95.547,95.567,92.957,93.847,89.30461142610457,74.89345505463268,14.41115637147189,47.296658811647106,102.012,82.222,4,,,,,,,,,,,,,,,,,,,,,,,,no_breakout
2026-03-16T18:47:09.259662+00:00,BTCUSD,anaconda,24480388,H4,HOLD,HOLD,NONE,0,1035.8839615301736,0,,,,,,,,,,,,,,,,17.02,17.02,73747.93,74362.0,73635.24,74084.68,70873.24358768761,70685.62726235989,187.6163253277191,71.42267936674013,74442.71,70311.13,2,,,,,,,,,,,,,,,,,,,,,,,,"weak_separation,no_breakout,rsi_out_of_zone"
2026-03-16T18:47:09.260907+00:00,USDJPY.s,anaconda,24480388,H4,HOLD,HOLD,NONE,0,0.4265320558579435,0,,,,,,,,,,,,,,,,0.023,0.023,159.254,159.292,158.903,158.918,158.4107474165446,156.78308802336508,1.6276593931795276,45.336452447494615,159.736,157.853,4,,,,,,,,,,,,,,,,,,,,,,,,no_breakout
2026-03-16T18:47:09.262205+00:00,EURUSD.s,anaconda,24480388,H4,HOLD,HOLD,NONE,0,0.003649503605966557,0,,,,,,,,,,,,,,,,0.00019,0.00019,1.14927,1.15229,1.14897,1.15204,1.1559893759339546,1.1691941875213674,0.013204811587412824,55.38928741682848,1.16446,1.1409799999999999,4,,,,,,,,,,,,,,,,,,,,,,,,no_breakout
2026-03-16T18:47:09.263664+00:00,XAUUSD.s,anaconda,24480388,H4,HOLD,HOLD,NONE,0,52.650501881043546,0,,,,,,,,,,,,,,,,0.32,0.32,4990.37,5016.04,4983.96,5013.8,5115.5826695689175,5045.162485805299,70.4201837636183,38.64846864084079,5223.06,4967.58,4,,,,,,,,,,,,,,,,,,,,,,,,no_breakout
2026-03-16T18:47:09.264871+00:00,USOUSD.s,anaconda,24480388,H4,HOLD,HOLD,NONE,0,4.268994949569504,0,,,,,,,,,,,,,,,,0.079,0.079,95.547,95.567,92.957,93.762,89.30461142610457,74.89345505463268,14.41115637147189,47.09322350644244,102.012,82.222,4,,,,,,,,,,,,,,,,,,,,,,,,no_breakout
2026-03-16T18:52:09.726834+00:00,BTCUSD,anaconda,24480388,H4,HOLD,HOLD,NONE,0,1035.8839615301736,0,,,,,,,,,,,,,,,,17.11,17.11,73747.93,74362.0,73635.24,73979.07,70873.24358768761,70685.62726235989,187.6163253277191,70.76405742599275,74442.71,70311.13,2,,,,,,,,,,,,,,,,,,,,,,,,"weak_separation,no_breakout,rsi_out_of_zone"
2026-03-16T18:52:09.728313+00:00,USDJPY.s,anaconda,24480388,H4,HOLD,HOLD,NONE,0,0.4265320558579435,0,,,,,,,,,,,,,,,,0.023,0.023,159.254,159.292,158.903,158.956,158.4107474165446,156.78308802336508,1.6276593931795276,46.135368696694506,159.736,157.853,4,,,,,,,,,,,,,,,,,,,,,,,,no_breakout
2026-03-16T18:52:09.729594+00:00,EURUSD.s,anaconda,24480388,H4,HOLD,HOLD,NONE,0,0.003649503605966557,0,,,,,,,,,,,,,,,,0.00018,0.00018,1.14927,1.15229,1.14897,1.15177,1.1559893759339546,1.1691941875213674,0.013204811587412824,54.8616957628449,1.16446,1.1409799999999999,4,,,,,,,,,,,,,,,,,,,,,,,,no_breakout
2026-03-16T18:52:09.731093+00:00,XAUUSD.s,anaconda,24480388,H4,HOLD,HOLD,NONE,0,52.76907330961497,0,,,,,,,,,,,,,,,,0.29,0.29,4990.37,5017.7,4983.96,5015.83,5115.5826695689175,5045.162485805299,70.4201837636183,39.12964983149028,5223.06,4967.58,4,,,,,,,,,,,,,,,,,,,,,,,,no_breakout
2026-03-16T18:52:09.732367+00:00,USOUSD.s,anaconda,24480388,H4,HOLD,HOLD,NONE,0,4.268994949569504,0,,,,,,,,,,,,,,,,0.079,0.079,95.547,95.567,92.957,93.672,89.30461142610457,74.89345505463268,14.41115637147189,46.87972027220096,102.012,82.222,4,,,,,,,,,,,,,,,,,,,,,,,,no_breakout
2026-03-16T18:57:10.287533+00:00,BTCUSD,anaconda,24480388,H4,HOLD,HOLD,NONE,0,1035.8839615301736,0,,,,,,,,,,,,,,,,17.06,17.06,73747.93,74362.0,73635.24,73956.53,70873.24358768761,70685.62726235989,187.6163253277191,70.61953935484783,74442.71,70311.13,2,,,,,,,,,,,,,,,,,,,,,,,,"weak_separation,no_breakout,rsi_out_of_zone"
2026-03-16T18:57:10.289488+00:00,USDJPY.s,anaconda,24480388,H4,HOLD,HOLD,NONE,0,0.4265320558579435,0,,,,,,,,,,,,,,,,0.024,0.024,159.254,159.292,158.903,158.955,158.4107474165446,156.78308802336508,1.6276593931795276,46.11398401606542,159.736,157.853,4,,,,,,,,,,,,,,,,,,,,,,,,no_breakout
2026-03-16T18:57:10.291115+00:00,EURUSD.s,anaconda,24480388,H4,HOLD,HOLD,NONE,0,0.003649503605966557,0,,,,,,,,,,,,,,,,0.00019,0.00019,1.14927,1.15229,1.14897,1.15179,1.1559893759339546,1.1691941875213674,0.013204811587412824,54.901204207552944,1.16446,1.1409799999999999,4,,,,,,,,,,,,,,,,,,,,,,,,no_breakout
2026-03-16T18:57:10.292878+00:00,XAUUSD.s,anaconda,24480388,H4,HOLD,HOLD,NONE,0,52.76907330961497,0,,,,,,,,,,,,,,,,0.29,0.29,4990.37,5017.7,4983.96,5012.31,5115.5826695689175,5045.162485805299,70.4201837636183,38.29041698655317,5223.06,4967.58,4,,,,,,,,,,,,,,,,,,,,,,,,no_breakout
2026-03-16T18:57:10.294576+00:00,USOUSD.s,anaconda,24480388,H4,HOLD,HOLD,NONE,0,4.268994949569504,0,,,,,,,,,,,,,,,,0.079,0.079,95.547,95.567,92.957,93.627,89.30461142610457,74.89345505463268,14.41115637147189,46.77369297163302,102.012,82.222,4,,,,,,,,,,,,,,,,,,,,,,,,no_breakout
2026-03-16T19:02:10.778677+00:00,BTCUSD,anaconda,24480388,H4,HOLD,HOLD,NONE,0,1035.8839615301736,0,,,,,,,,,,,,,,,,17.05,17.05,73747.93,74362.0,73635.24,73951.09,70873.24358768761,70685.62726235989,187.6163253277191,70.58444582293482,74442.71,70311.13,2,,,,,,,,,,,,,,,,,,,,,,,,"weak_separation,no_breakout,rsi_out_of_zone"
2026-03-16T19:02:10.780228+00:00,USDJPY.s,anaconda,24480388,H4,HOLD,HOLD,NONE,0,0.4265320558579435,0,,,,,,,,,,,,,,,,0.024,0.024,159.254,159.292,158.903,158.966,158.4107474165446,156.78308802336508,1.6276593931795276,46.35031143658226,159.736,157.853,4,,,,,,,,,,,,,,,,,,,,,,,,no_breakout
2026-03-16T19:02:10.781521+00:00,EURUSD.s,anaconda,24480388,H4,HOLD,HOLD,NONE,0,0.003649503605966557,0,,,,,,,,,,,,,,,,0.00019,0.00019,1.14927,1.15229,1.14897,1.15175,1.1559893759339546,1.1691941875213674,0.013204811587412824,54.82211803531926,1.16446,1.1409799999999999,4,,,,,,,,,,,,,,,,,,,,,,,,no_breakout
2026-03-16T19:02:10.782824+00:00,XAUUSD.s,anaconda,24480388,H4,HOLD,HOLD,NONE,0,52.76907330961497,0,,,,,,,,,,,,,,,,0.29,0.29,4990.37,5017.7,4983.96,5015.83,5115.5826695689175,5045.162485805299,70.4201837636183,39.12964983149028,5223.06,4967.58,4,,,,,,,,,,,,,,,,,,,,,,,,no_breakout
2026-03-16T19:02:10.784068+00:00,USOUSD.s,anaconda,24480388,H4,HOLD,HOLD,NONE,0,4.268994949569504,0,,,,,,,,,,,,,,,,0.079,0.079,95.547,95.567,92.957,93.627,89.30461142610457,74.89345505463268,14.41115637147189,46.77369297163302,102.012,82.222,4,,,,,,,,,,,,,,,,,,,,,,,,no_breakout
2026-03-16T19:07:11.524405+00:00,BTCUSD,anaconda,24480388,H4,HOLD,HOLD,NONE,0,1035.8839615301736,0,,,,,,,,,,,,,,,,16.98,16.98,73747.93,74362.0,73635.24,73931.29,70873.24358768761,70685.62726235989,187.6163253277191,70.45600472950827,74442.71,70311.13,2,,,,,,,,,,,,,,,,,,,,,,,,"weak_separation,no_breakout,rsi_out_of_zone"
2026-03-16T19:07:11.525989+00:00,USDJPY.s,anaconda,24480388,H4,HOLD,HOLD,NONE,0,0.4265320558579435,0,,,,,,,,,,,,,,,,0.023,0.023,159.254,159.292,158.903,158.978,158.4107474165446,156.78308802336508,1.6276593931795276,46.61090130814017,159.736,157.853,4,,,,,,,,,,,,,,,,,,,,,,,,no_breakout
2026-03-16T19:07:11.527380+00:00,EURUSD.s,anaconda,24480388,H4,HOLD,HOLD,NONE,0,0.003649503605966557,0,,,,,,,,,,,,,,,,0.00018,0.00018,1.14927,1.15229,1.14897,1.15175,1.1559893759339546,1.1691941875213674,0.013204811587412824,54.82211803531926,1.16446,1.1409799999999999,4,,,,,,,,,,,,,,,,,,,,,,,,no_breakout
2026-03-16T19:07:11.528719+00:00,XAUUSD.s,anaconda,24480388,H4,HOLD,HOLD,NONE,0,52.76907330961497,0,,,,,,,,,,,,,,,,0.28,0.28,4990.37,5017.7,4983.96,5009.57,5115.5826695689175,5045.162485805299,70.4201837636183,37.620959096006025,5223.06,4967.58,4,,,,,,,,,,,,,,,,,,,,,,,,no_breakout
2026-03-16T19:07:11.530258+00:00,USOUSD.s,anaconda,24480388,H4,HOLD,HOLD,NONE,0,4.268994949569504,0,,,,,,,,,,,,,,,,0.079,0.079,95.547,95.567,92.957,93.887,89.30461142610457,74.89345505463268,14.41115637147189,47.39300248371828,102.012,82.222,4,,,,,,,,,,,,,,,,,,,,,,,,no_breakout
2026-03-16T19:12:12.008753+00:00,BTCUSD,anaconda,24480388,H4,HOLD,HOLD,NONE,0,1039.1718186730307,0,,,,,,,,,,,,,,,,17.07,17.07,73747.93,74408.03,73635.24,74119.18,70873.24358768761,70685.62726235989,187.6163253277191,71.63145041819527,74442.71,70311.13,2,,,,,,,,,,,,,,,,,,,,,,,,"weak_separation,no_breakout,rsi_out_of_zone"
2026-03-16T19:12:12.010319+00:00,USDJPY.s,anaconda,24480388,H4,HOLD,HOLD,NONE,0,0.4265320558579435,0,,,,,,,,,,,,,,,,0.024,0.024,159.254,159.292,158.903,158.939,158.4107474165446,156.78308802336508,1.6276593931795276,45.77450540545422,159.736,157.853,4,,,,,,,,,,,,,,,,,,,,,,,,no_breakout
2026-03-16T19:12:12.011628+00:00,EURUSD.s,anaconda,24480388,H4,HOLD,HOLD,NONE,0,0.0036573607488237037,0,,,,,,,,,,,,,,,,0.00018,0.00018,1.14927,1.1524,1.14897,1.15208,1.1559893759339546,1.1691941875213674,0.013204811587412824,55.46640203077063,1.16446,1.1409799999999999,4,,,,,,,,,,,,,,,,,,,,,,,,no_breakout
2026-03-16T19:12:12.012898+00:00,XAUUSD.s,anaconda,24480388,H4,HOLD,HOLD,NONE,0,52.945501881043555,0,,,,,,,,,,,,,,,,0.28,0.28,4990.37,5020.17,4983.96,5016.52,5115.5826695689175,5045.162485805299,70.4201837636183,39.29148982897886,5223.06,4967.58,4,,,,,,,,,,,,,,,,,,,,,,,,no_breakout
2026-03-16T19:12:12.014232+00:00,USOUSD.s,anaconda,24480388,H4,HOLD,HOLD,NONE,0,4.268994949569504,0,,,,,,,,,,,,,,,,0.079,0.079,95.547,95.567,92.957,93.912,89.30461142610457,74.89345505463268,14.41115637147189,47.45341685212622,102.012,82.222,4,,,,,,,,,,,,,,,,,,,,,,,,no_breakout
2026-03-16T19:17:12.513279+00:00,BTCUSD,anaconda,24480388,H4,HOLD,HOLD,NONE,0,1039.1718186730307,0,,,,,,,,,,,,,,,,17.0,17.0,73747.93,74408.03,73635.24,74238.3,70873.24358768761,70685.62726235989,187.6163253277191,72.32941392871618,74442.71,70311.13,2,,,,,,,,,,,,,,,,,,,,,,,,"weak_separation,no_breakout,rsi_out_of_zone"
2026-03-16T19:17:12.514738+00:00,USDJPY.s,anaconda,24480388,H4,HOLD,HOLD,NONE,0,0.4265320558579435,0,,,,,,,,,,,,,,,,0.024,0.024,159.254,159.292,158.903,158.941,158.4107474165446,156.78308802336508,1.6276593931795276,45.816666635567515,159.736,157.853,4,,,,,,,,,,,,,,,,,,,,,,,,no_breakout
2026-03-16T19:17:12.516116+00:00,EURUSD.s,anaconda,24480388,H4,HOLD,HOLD,NONE,0,0.0036573607488237037,0,,,,,,,,,,,,,,,,0.00019,0.00019,1.14927,1.1524,1.14897,1.15218,1.1559893759339546,1.1691941875213674,0.013204811587412824,55.65802719858407,1.16446,1.1409799999999999,4,,,,,,,,,,,,,,,,,,,,,,,,no_breakout
2026-03-16T19:17:12.517352+00:00,XAUUSD.s,anaconda,24480388,H4,HOLD,HOLD,NONE,0,52.945501881043555,0,,,,,,,,,,,,,,,,0.28,0.28,4990.37,5020.17,4983.96,5014.3,5115.5826695689175,5045.162485805299,70.4201837636183,38.767690927088765,5223.06,4967.58,4,,,,,,,,,,,,,,,,,,,,,,,,no_breakout
2026-03-16T19:17:12.518666+00:00,USOUSD.s,anaconda,24480388,H4,HOLD,HOLD,NONE,0,4.268994949569504,0,,,,,,,,,,,,,,,,0.079,0.079,95.547,95.567,92.957,93.857,89.30461142610457,74.89345505463268,14.41115637147189,47.320707988390964,102.012,82.222,4,,,,,,,,,,,,,,,,,,,,,,,,no_breakout
2026-03-16T19:22:13.098502+00:00,BTCUSD,anaconda,24480388,H4,HOLD,HOLD,NONE,0,1039.1718186730307,0,,,,,,,,,,,,,,,,16.98,16.98,73747.93,74408.03,73635.24,74051.51,70873.24358768761,70685.62726235989,187.6163253277191,71.21903855441644,74442.71,70311.13,2,,,,,,,,,,,,,,,,,,,,,,,,"weak_separation,no_breakout,rsi_out_of_zone"
2026-03-16T19:22:13.100783+00:00,USDJPY.s,anaconda,24480388,H4,HOLD,HOLD,NONE,0,0.4265320558579435,0,,,,,,,,,,,,,,,,0.023,0.023,159.254,159.292,158.903,158.967,158.4107474165446,156.78308802336508,1.6276593931795276,46.37191591692485,159.736,157.853,4,,,,,,,,,,,,,,,,,,,,,,,,no_breakout
2026-03-16T19:22:13.102878+00:00,EURUSD.s,anaconda,24480388,H4,HOLD,HOLD,NONE,0,0.0036573607488237037,0,,,,,,,,,,,,,,,,0.00018,0.00018,1.14927,1.1524,1.14897,1.15192,1.1559893759339546,1.1691941875213674,0.013204811587412824,55.15633282255639,1.16446,1.1409799999999999,4,,,,,,,,,,,,,,,,,,,,,,,,no_breakout
2026-03-16T19:22:13.104939+00:00,XAUUSD.s,anaconda,24480388,H4,HOLD,HOLD,NONE,0,52.945501881043555,0,,,,,,,,,,,,,,,,0.28,0.28,4990.37,5020.17,4983.96,5013.39,5115.5826695689175,5045.162485805299,70.4201837636183,38.55035937893313,5223.06,4967.58,4,,,,,,,,,,,,,,,,,,,,,,,,no_breakout
2026-03-16T19:22:13.107214+00:00,USOUSD.s,anaconda,24480388,H4,HOLD,HOLD,NONE,0,4.268994949569504,0,,,,,,,,,,,,,,,,0.079,0.079,95.547,95.567,92.957,94.237,89.30461142610457,74.89345505463268,14.41115637147189,48.25305627044155,102.012,82.222,4,,,,,,,,,,,,,,,,,,,,,,,,no_breakout
2026-03-16T19:27:13.625111+00:00,BTCUSD,anaconda,24480388,H4,HOLD,HOLD,NONE,0,1039.1718186730307,0,,,,,,,,,,,,,,,,17.05,17.05,73747.93,74408.03,73635.24,73982.23,70873.24358768761,70685.62726235989,187.6163253277191,70.78420461408625,74442.71,70311.13,2,,,,,,,,,,,,,,,,,,,,,,,,"weak_separation,no_breakout,rsi_out_of_zone"
2026-03-16T19:27:13.626907+00:00,USDJPY.s,anaconda,24480388,H4,HOLD,HOLD,NONE,0,0.4265320558579435,0,,,,,,,,,,,,,,,,0.023,0.023,159.254,159.292,158.903,159.016,158.4107474165446,156.78308802336508,1.6276593931795276,47.45578393086947,159.736,157.853,4,,,,,,,,,,,,,,,,,,,,,,,,no_breakout
2026-03-16T19:27:13.628488+00:00,EURUSD.s,anaconda,24480388,H4,HOLD,HOLD,NONE,0,0.0036573607488237037,0,,,,,,,,,,,,,,,,0.00018,0.00018,1.14927,1.1524,1.14897,1.15147,1.1559893759339546,1.1691941875213674,0.013204811587412824,54.26065182926969,1.16446,1.1409799999999999,4,,,,,,,,,,,,,,,,,,,,,,,,no_breakout
2026-03-16T19:27:13.630060+00:00,XAUUSD.s,anaconda,24480388,H4,HOLD,HOLD,NONE,0,52.945501881043555,0,,,,,,,,,,,,,,,,0.29,0.29,4990.37,5020.17,4983.96,5010.31,5115.5826695689175,5045.162485805299,70.4201837636183,37.80318911767906,5223.06,4967.58,4,,,,,,,,,,,,,,,,,,,,,,,,no_breakout
2026-03-16T19:27:13.631572+00:00,USOUSD.s,anaconda,24480388,H4,HOLD,HOLD,NONE,0,4.268994949569504,0,,,,,,,,,,,,,,,,0.079,0.079,95.547,95.567,92.957,94.597,89.30461142610457,74.89345505463268,14.41115637147189,49.1708682510553,102.012,82.222,4,,,,,,,,,,,,,,,,,,,,,,,,no_breakout
2026-03-16T19:32:14.136233+00:00,BTCUSD,anaconda,24480388,H4,HOLD,HOLD,NONE,0,1039.1718186730307,0,,,,,,,,,,,,,,,,17.07,17.07,73747.93,74408.03,73635.24,74157.76,70873.24358768761,70685.62726235989,187.6163253277191,71.86132741006845,74442.71,70311.13,2,,,,,,,,,,,,,,,,,,,,,,,,"weak_separation,no_breakout,rsi_out_of_zone"
2026-03-16T19:32:14.137577+00:00,USDJPY.s,anaconda,24480388,H4,HOLD,HOLD,NONE,0,0.4265320558579435,0,,,,,,,,,,,,,,,,0.023,0.023,159.254,159.292,158.903,158.987,158.4107474165446,156.78308802336508,1.6276593931795276,46.808274776631734,159.736,157.853,4,,,,,,,,,,,,,,,,,,,,,,,,no_breakout
2026-03-16T19:32:14.139052+00:00,EURUSD.s,anaconda,24480388,H4,HOLD,HOLD,NONE,0,0.0036573607488237037,0,,,,,,,,,,,,,,,,0.00018,0.00018,1.14927,1.1524,1.14897,1.15178,1.1559893759339546,1.1691941875213674,0.013204811587412824,54.881458634175914,1.16446,1.1409799999999999,4,,,,,,,,,,,,,,,,,,,,,,,,no_breakout
2026-03-16T19:32:14.140405+00:00,XAUUSD.s,anaconda,24480388,H4,HOLD,HOLD,NONE,0,52.945501881043555,0,,,,,,,,,,,,,,,,0.28,0.28,4990.37,5020.17,4983.96,5009.9,5115.5826695689175,5045.162485805299,70.4201837636183,37.70235558188241,5223.06,4967.58,4,,,,,,,,,,,,,,,,,,,,,,,,no_breakout
2026-03-16T19:32:14.142011+00:00,USOUSD.s,anaconda,24480388,H4,HOLD,HOLD,NONE,0,4.268994949569504,0,,,,,,,,,,,,,,,,0.079,0.079,95.547,95.567,92.957,94.207,89.30461142610457,74.89345505463268,14.41115637147189,48.17811614536612,102.012,82.222,4,,,,,,,,,,,,,,,,,,,,,,,,no_breakout
2026-03-16T19:37:14.644468+00:00,BTCUSD,anaconda,24480388,H4,HOLD,HOLD,NONE,0,1039.1718186730307,0,,,,,,,,,,,,,,,,17.0,17.0,73747.93,74408.03,73635.24,74159.49,70873.24358768761,70685.62726235989,187.6163253277191,71.87154828516648,74442.71,70311.13,2,,,,,,,,,,,,,,,,,,,,,,,,"weak_separation,no_breakout,rsi_out_of_zone"
2026-03-16T19:37:14.645801+00:00,USDJPY.s,anaconda,24480388,H4,HOLD,HOLD,NONE,0,0.4265320558579435,0,,,,,,,,,,,,,,,,0.023,0.023,159.254,159.292,158.903,158.987,158.4107474165446,156.78308802336508,1.6276593931795276,46.808274776631734,159.736,157.853,4,,,,,,,,,,,,,,,,,,,,,,,,no_breakout
2026-03-16T19:37:14.647160+00:00,EURUSD.s,anaconda,24480388,H4,HOLD,HOLD,NONE,0,0.0036573607488237037,0,,,,,,,,,,,,,,,,0.00019,0.00019,1.14927,1.1524,1.14897,1.15185,1.1559893759339546,1.1691941875213674,0.013204811587412824,55.0193156592497,1.16446,1.1409799999999999,4,,,,,,,,,,,,,,,,,,,,,,,,no_breakout
2026-03-16T19:37:14.648513+00:00,XAUUSD.s,anaconda,24480388,H4,HOLD,HOLD,NONE,0,52.945501881043555,0,,,,,,,,,,,,,,,,0.28,0.28,4990.37,5020.17,4983.96,5012.93,5115.5826695689175,5045.162485805299,70.4201837636183,38.43991139004823,5223.06,4967.58,4,,,,,,,,,,,,,,,,,,,,,,,,no_breakout
2026-03-16T19:37:14.649799+00:00,USOUSD.s,anaconda,24480388,H4,HOLD,HOLD,NONE,0,4.268994949569504,0,,,,,,,,,,,,,,,,0.079,0.079,95.547,95.567,92.957,93.932,89.30461142610457,74.89345505463268,14.41115637147189,47.50185935934879,102.012,82.222,4,,,,,,,,,,,,,,,,,,,,,,,,no_breakout
2026-03-16T19:42:15.131526+00:00,BTCUSD,anaconda,24480388,H4,HOLD,HOLD,NONE,0,1039.1718186730307,0,,,,,,,,,,,,,,,,17.06,17.06,73747.93,74408.03,73635.24,74184.99,70873.24358768761,70685.62726235989,187.6163253277191,72.02134606227688,74442.71,70311.13,2,,,,,,,,,,,,,,,,,,,,,,,,"weak_separation,no_breakout,rsi_out_of_zone"
2026-03-16T19:42:15.133078+00:00,USDJPY.s,anaconda,24480388,H4,HOLD,HOLD,NONE,0,0.4265320558579435,0,,,,,,,,,,,,,,,,0.023,0.023,159.254,159.292,158.903,159.041,158.4107474165446,156.78308802336508,1.6276593931795276,48.028533291653766,159.736,157.853,4,,,,,,,,,,,,,,,,,,,,,,,,no_breakout
2026-03-16T19:42:15.134464+00:00,EURUSD.s,anaconda,24480388,H4,HOLD,HOLD,NONE,0,0.0036573607488237037,0,,,,,,,,,,,,,,,,0.00019,0.00019,1.14927,1.1524,1.14897,1.15139,1.1559893759339546,1.1691941875213674,0.013204811587412824,54.0976604886689,1.16446,1.1409799999999999,4,,,,,,,,,,,,,,,,,,,,,,,,no_breakout
2026-03-16T19:42:15.135977+00:00,XAUUSD.s,anaconda,24480388,H4,HOLD,HOLD,NONE,0,52.945501881043555,0,,,,,,,,,,,,,,,,0.29,0.29,4990.37,5020.17,4983.96,5011.84,5115.5826695689175,5045.162485805299,70.4201837636183,38.17660586289582,5223.06,4967.58,4,,,,,,,,,,,,,,,,,,,,,,,,no_breakout
2026-03-16T19:42:15.137210+00:00,USOUSD.s,anaconda,24480388,H4,HOLD,HOLD,NONE,0,4.268994949569504,0,,,,,,,,,,,,,,,,0.079,0.079,95.547,95.567,92.957,93.797,89.30461142610457,74.89345505463268,14.41115637147189,47.176778664399166,102.012,82.222,4,,,,,,,,,,,,,,,,,,,,,,,,no_breakout
2026-03-16T19:47:15.641702+00:00,BTCUSD,anaconda,24480388,H4,HOLD,HOLD,NONE,0,1039.1718186730307,0,,,,,,,,,,,,,,,,17.11,17.11,73747.93,74408.03,73635.24,73911.67,70873.24358768761,70685.62726235989,187.6163253277191,70.32762006416989,74442.71,70311.13,2,,,,,,,,,,,,,,,,,,,,,,,,"weak_separation,no_breakout,rsi_out_of_zone"
2026-03-16T19:47:15.643757+00:00,USDJPY.s,anaconda,24480388,H4,HOLD,HOLD,NONE,0,0.4265320558579435,0,,,,,,,,,,,,,,,,0.023,0.023,159.254,159.292,158.903,159.09,158.4107474165446,156.78308802336508,1.6276593931795276,49.19219771844125,159.736,157.853,4,,,,,,,,,,,,,,,,,,,,,,,,no_breakout
2026-03-16T19:47:15.645645+00:00,EURUSD.s,anaconda,24480388,H4,HOLD,HOLD,NONE,0,0.0036573607488237037,0,,,,,,,,,,,,,,,,0.00019,0.00019,1.14927,1.1524,1.14897,1.1509800000000001,1.1559893759339546,1.1691941875213674,0.013204811587412824,53.24375850301365,1.16446,1.1409799999999999,4,,,,,,,,,,,,,,,,,,,,,,,,no_breakout
2026-03-16T19:47:15.647610+00:00,XAUUSD.s,anaconda,24480388,H4,HOLD,HOLD,NONE,0,52.945501881043555,0,,,,,,,,,,,,,,,,0.28,0.28,4990.37,5020.17,4983.96,5010.29,5115.5826695689175,5045.162485805299,70.4201837636183,37.79827798216659,5223.06,4967.58,4,,,,,,,,,,,,,,,,,,,,,,,,no_breakout
2026-03-16T19:47:15.649304+00:00,USOUSD.s,anaconda,24480388,H4,HOLD,HOLD,NONE,0,4.268994949569504,0,,,,,,,,,,,,,,,,0.079,0.079,95.547,95.567,92.957,93.577,89.30461142610457,74.89345505463268,14.41115637147189,46.65644594529626,102.012,82.222,4,,,,,,,,,,,,,,,,,,,,,,,,no_breakout
2026-03-16T19:52:16.153550+00:00,BTCUSD,anaconda,24480388,H4,HOLD,HOLD,NONE,0,1039.1718186730307,0,,,,,,,,,,,,,,,,17.05,17.05,73747.93,74408.03,73635.24,73928.89,70873.24358768761,70685.62726235989,187.6163253277191,70.44035985249101,74442.71,70311.13,2,,,,,,,,,,,,,,,,,,,,,,,,"weak_separation,no_breakout,rsi_out_of_zone"
2026-03-16T19:52:16.155261+00:00,USDJPY.s,anaconda,24480388,H4,HOLD,HOLD,NONE,0,0.4265320558579435,0,,,,,,,,,,,,,,,,0.024,0.024,159.254,159.292,158.903,159.126,158.4107474165446,156.78308802336508,1.6276593931795276,50.0837183942426,159.736,157.853,4,,,,,,,,,,,,,,,,,,,,,,,,no_breakout
2026-03-16T19:52:16.156567+00:00,EURUSD.s,anaconda,24480388,H4,HOLD,HOLD,NONE,0,0.0036573607488237037,0,,,,,,,,,,,,,,,,0.00018,0.00018,1.14927,1.1524,1.14897,1.15087,1.1559893759339546,1.1691941875213674,0.013204811587412824,53.0092305638523,1.16446,1.1409799999999999,4,,,,,,,,,,,,,,,,,,,,,,,,no_breakout
2026-03-16T19:52:16.157752+00:00,XAUUSD.s,anaconda,24480388,H4,HOLD,HOLD,NONE,0,52.945501881043555,0,,,,,,,,,,,,,,,,0.29,0.29,4990.37,5020.17,4983.96,5014.34,5115.5826695689175,5045.162485805299,70.4201837636183,38.7772086959047,5223.06,4967.58,4,,,,,,,,,,,,,,,,,,,,,,,,no_breakout
2026-03-16T19:52:16.158892+00:00,USOUSD.s,anaconda,24480388,H4,HOLD,HOLD,NONE,0,4.269709235283789,0,,,,,,,,,,,,,,,,0.079,0.079,95.547,95.567,92.947,93.027,89.30461142610457,74.89345505463268,14.41115637147189,45.40448266003153,102.012,82.222,4,,,,,,,,,,,,,,,,,,,,,,,,no_breakout
2026-03-16T19:57:16.708575+00:00,BTCUSD,anaconda,24480388,H4,HOLD,HOLD,NONE,0,1039.1718186730307,0,,,,,,,,,,,,,,,,16.98,16.98,73747.93,74408.03,73635.24,73894.54,70873.24358768761,70685.62726235989,187.6163253277191,70.21461301490513,74442.71,70311.13,2,,,,,,,,,,,,,,,,,,,,,,,,"weak_separation,no_breakout,rsi_out_of_zone"
2026-03-16T19:57:16.710226+00:00,USDJPY.s,anaconda,24480388,H4,HOLD,HOLD,NONE,0,0.4265320558579435,0,,,,,,,,,,,,,,,,0.024,0.024,159.254,159.292,158.903,159.131,158.4107474165446,156.78308802336508,1.6276593931795276,50.210102892583784,159.736,157.853,4,,,,,,,,,,,,,,,,,,,,,,,,no_breakout
2026-03-16T19:57:16.711790+00:00,EURUSD.s,anaconda,24480388,H4,HOLD,HOLD,NONE,0,0.0036573607488237037,0,,,,,,,,,,,,,,,,0.00018,0.00018,1.14927,1.1524,1.14897,1.1507,1.1559893759339546,1.1691941875213674,0.013204811587412824,52.642114376176565,1.16446,1.1409799999999999,4,,,,,,,,,,,,,,,,,,,,,,,,no_breakout
2026-03-16T19:57:16.713269+00:00,XAUUSD.s,anaconda,24480388,H4,HOLD,HOLD,NONE,0,52.945501881043555,0,,,,,,,,,,,,,,,,0.28,0.28,4990.37,5020.17,4983.96,5014.5,5115.5826695689175,5045.162485805299,70.4201837636183,38.8152502012774,5223.06,4967.58,4,,,,,,,,,,,,,,,,,,,,,,,,no_breakout
2026-03-16T19:57:16.714890+00:00,USOUSD.s,anaconda,24480388,H4,HOLD,HOLD,NONE,0,4.269709235283789,0,,,,,,,,,,,,,,,,0.079,0.079,95.547,95.567,92.947,93.207,89.30461142610457,74.89345505463268,14.41115637147189,45.80675416884965,102.012,82.222,4,,,,,,,,,,,,,,,,,,,,,,,,no_breakout
2026-03-16T20:02:17.326308+00:00,BTCUSD,anaconda,24480388,H4,HOLD,HOLD,NONE,0,1039.1718186730307,0,,,,,,,,,,,,,,,,17.11,17.11,73747.93,74408.03,73635.24,73927.96,70873.24358768761,70685.62726235989,187.6163253277191,70.4342930074294,74442.71,70311.13,2,,,,,,,,,,,,,,,,,,,,,,,,"weak_separation,no_breakout,rsi_out_of_zone"
2026-03-16T20:02:17.327635+00:00,USDJPY.s,anaconda,24480388,H4,HOLD,HOLD,NONE,0,0.4265320558579435,0,,,,,,,,,,,,,,,,0.024,0.024,159.254,159.292,158.903,159.112,158.4107474165446,156.78308802336508,1.6276593931795276,49.73320294969881,159.736,157.853,4,,,,,,,,,,,,,,,,,,,,,,,,no_breakout
2026-03-16T20:02:17.329091+00:00,EURUSD.s,anaconda,24480388,H4,HOLD,HOLD,NONE,0,0.0036573607488237037,0,,,,,,,,,,,,,,,,0.0002,0.0002,1.14927,1.1524,1.14897,1.15085,1.1559893759339546,1.1691941875213674,0.013204811587412824,52.96633611262412,1.16446,1.1409799999999999,4,,,,,,,,,,,,,,,,,,,,,,,,no_breakout
2026-03-16T20:02:17.330473+00:00,XAUUSD.s,anaconda,24480388,H4,HOLD,HOLD,NONE,0,52.945501881043555,0,,,,,,,,,,,,,,,,0.28,0.28,4990.37,5020.17,4983.96,5009.23,5115.5826695689175,5045.162485805299,70.4201837636183,37.53687328310741,5223.06,4967.58,4,,,,,,,,,,,,,,,,,,,,,,,,no_breakout
2026-03-16T20:02:17.331821+00:00,USOUSD.s,anaconda,24480388,H4,HOLD,HOLD,NONE,0,4.269709235283789,0,,,,,,,,,,,,,,,,0.079,0.079,95.547,95.567,92.947,93.597,89.30461142610457,74.89345505463268,14.41115637147189,46.70327414864072,102.012,82.222,4,,,,,,,,,,,,,,,,,,,,,,,,no_breakout
2026-03-16T20:07:17.759554+00:00,BTCUSD,anaconda,24480388,H4,HOLD,HOLD,NONE,0,1039.1718186730307,0,,,,,,,,,,,,,,,,17.05,17.05,73747.93,74408.03,73635.24,73886.09,70873.24358768761,70685.62726235989,187.6163253277191,70.15855052088037,74442.71,70311.13,2,,,,,,,,,,,,,,,,,,,,,,,,"weak_separation,no_breakout,rsi_out_of_zone"
2026-03-16T20:07:17.760841+00:00,USDJPY.s,anaconda,24480388,H4,HOLD,HOLD,NONE,0,0.4265320558579435,0,,,,,,,,,,,,,,,,0.024,0.024,159.254,159.292,158.903,159.121,158.4107474165446,156.78308802336508,1.6276593931795276,49.95796854651964,159.736,157.853,4,,,,,,,,,,,,,,,,,,,,,,,,no_breakout
2026-03-16T20:07:17.762265+00:00,EURUSD.s,anaconda,24480388,H4,HOLD,HOLD,NONE,0,0.0036573607488237037,0,,,,,,,,,,,,,,,,0.00019,0.00019,1.14927,1.1524,1.14897,1.15087,1.1559893759339546,1.1691941875213674,0.013204811587412824,53.0092305638523,1.16446,1.1409799999999999,4,,,,,,,,,,,,,,,,,,,,,,,,no_breakout
2026-03-16T20:07:17.763414+00:00,XAUUSD.s,anaconda,24480388,H4,HOLD,HOLD,NONE,0,52.945501881043555,0,,,,,,,,,,,,,,,,0.28,0.28,4990.37,5020.17,4983.96,5015.33,5115.5826695689175,5045.162485805299,70.4201837636183,39.01183423849192,5223.06,4967.58,4,,,,,,,,,,,,,,,,,,,,,,,,no_breakout
2026-03-16T20:07:17.764555+00:00,USOUSD.s,anaconda,24480388,H4,HOLD,HOLD,NONE,0,4.269709235283789,0,,,,,,,,,,,,,,,,0.079,0.079,95.547,95.567,92.947,93.487,89.30461142610457,74.89345505463268,14.41115637147189,46.44687590866885,102.012,82.222,4,,,,,,,,,,,,,,,,,,,,,,,,no_breakout
2026-03-16T20:12:18.268576+00:00,BTCUSD,anaconda,24480388,H4,HOLD,HOLD,NONE,0,1039.1718186730307,0,,,,,,,,,,,,,,,,17.03,17.03,73747.93,74408.03,73635.24,73853.81,70873.24358768761,70685.62726235989,187.6163253277191,69.94242807232459,74442.71,70311.13,3,,,,,,,,,,,,,,,,,,,,,,,,"weak_separation,no_breakout"
2026-03-16T20:12:18.270630+00:00,USDJPY.s,anaconda,24480388,H4,HOLD,HOLD,NONE,0,0.4265320558579435,0,,,,,,,,,,,,,,,,0.025,0.025,159.254,159.292,158.903,159.111,158.4107474165446,156.78308802336508,1.6276593931795276,49.70835377675357,159.736,157.853,4,,,,,,,,,,,,,,,,,,,,,,,,no_breakout
2026-03-16T20:12:18.272581+00:00,EURUSD.s,anaconda,24480388,H4,HOLD,HOLD,NONE,0,0.0036573607488237037,0,,,,,,,,,,,,,,,,0.00018,0.00018,1.14927,1.1524,1.14897,1.1508,1.1559893759339546,1.1691941875213674,0.013204811587412824,52.858756592730394,1.16446,1.1409799999999999,4,,,,,,,,,,,,,,,,,,,,,,,,no_breakout
2026-03-16T20:12:18.274163+00:00,XAUUSD.s,anaconda,24480388,H4,HOLD,HOLD,NONE,0,53.04264473818639,0,,,,,,,,,,,,,,,,0.29,0.29,4990.37,5021.53,4983.96,5017.57,5115.5826695689175,5045.162485805299,70.4201837636183,39.536123514737206,5223.06,4967.58,4,,,,,,,,,,,,,,,,,,,,,,,,no_breakout
2026-03-16T20:12:18.275699+00:00,USOUSD.s,anaconda,24480388,H4,HOLD,HOLD,NONE,0,4.269709235283789,0,,,,,,,,,,,,,,,,0.079,0.079,95.547,95.567,92.947,93.207,89.30461142610457,74.89345505463268,14.41115637147189,45.80675416884965,102.012,82.222,4,,,,,,,,,,,,,,,,,,,,,,,,no_breakout
2026-03-16T20:17:18.780433+00:00,BTCUSD,anaconda,24480388,H4,HOLD,HOLD,NONE,0,1039.1718186730307,0,,,,,,,,,,,,,,,,17.08,17.08,73747.93,74408.03,73635.24,73961.46,70873.24358768761,70685.62726235989,187.6163253277191,70.6512706185015,74442.71,70311.13,2,,,,,,,,,,,,,,,,,,,,,,,,"weak_separation,no_breakout,rsi_out_of_zone"
2026-03-16T20:17:18.782047+00:00,USDJPY.s,anaconda,24480388,H4,HOLD,HOLD,NONE,0,0.4265320558579435,0,,,,,,,,,,,,,,,,0.023,0.023,159.254,159.292,158.903,159.116,158.4107474165446,156.78308802336508,1.6276593931795276,49.83284858095858,159.736,157.853,4,,,,,,,,,,,,,,,,,,,,,,,,no_breakout
2026-03-16T20:17:18.783548+00:00,EURUSD.s,anaconda,24480388,H4,HOLD,HOLD,NONE,0,0.0036573607488237037,0,,,,,,,,,,,,,,,,0.00019,0.00019,1.14927,1.1524,1.14897,1.15065,1.1559893759339546,1.1691941875213674,0.013204811587412824,52.53304484773382,1.16446,1.1409799999999999,4,,,,,,,,,,,,,,,,,,,,,,,,no_breakout
2026-03-16T20:17:18.784896+00:00,XAUUSD.s,anaconda,24480388,H4,HOLD,HOLD,NONE,0,53.04264473818639,0,,,,,,,,,,,,,,,,0.28,0.28,4990.37,5021.53,4983.96,5015.5,5115.5826695689175,5045.162485805299,70.4201837636183,39.05194267730551,5223.06,4967.58,4,,,,,,,,,,,,,,,,,,,,,,,,no_breakout
2026-03-16T20:17:18.786283+00:00,USOUSD.s,anaconda,24480388,H4,HOLD,HOLD,NONE,0,4.269709235283789,0,,,,,,,,,,,,,,,,0.079,0.079,95.547,95.567,92.947,93.352,89.30461142610457,74.89345505463268,14.41115637147189,46.13602725552288,102.012,82.222,4,,,,,,,,,,,,,,,,,,,,,,,,no_breakout
2026-03-16T20:22:19.316839+00:00,BTCUSD,anaconda,24480388,H4,HOLD,HOLD,NONE,0,1039.1718186730307,0,,,,,,,,,,,,,,,,17.03,17.03,73747.93,74408.03,73635.24,73954.3,70873.24358768761,70685.62726235989,187.6163253277191,70.60516371932155,74442.71,70311.13,2,,,,,,,,,,,,,,,,,,,,,,,,"weak_separation,no_breakout,rsi_out_of_zone"
2026-03-16T20:22:19.318550+00:00,USDJPY.s,anaconda,24480388,H4,HOLD,HOLD,NONE,0,0.4265320558579435,0,,,,,,,,,,,,,,,,0.023,0.023,159.254,159.292,158.903,159.112,158.4107474165446,156.78308802336508,1.6276593931795276,49.73320294969881,159.736,157.853,4,,,,,,,,,,,,,,,,,,,,,,,,no_breakout
2026-03-16T20:22:19.320031+00:00,EURUSD.s,anaconda,24480388,H4,HOLD,HOLD,NONE,0,0.0036573607488237037,0,,,,,,,,,,,,,,,,0.00018,0.00018,1.14927,1.1524,1.14897,1.15051,1.1559893759339546,1.1691941875213674,0.013204811587412824,52.224960083860935,1.16446,1.1409799999999999,4,,,,,,,,,,,,,,,,,,,,,,,,no_breakout
2026-03-16T20:22:19.321662+00:00,XAUUSD.s,anaconda,24480388,H4,HOLD,HOLD,NONE,0,53.04264473818639,0,,,,,,,,,,,,,,,,0.29,0.29,4990.37,5021.53,4983.96,5014.94,5115.5826695689175,5045.162485805299,70.4201837636183,38.919620994745834,5223.06,4967.58,4,,,,,,,,,,,,,,,,,,,,,,,,no_breakout
2026-03-16T20:22:19.323210+00:00,USOUSD.s,anaconda,24480388,H4,HOLD,HOLD,NONE,0,4.269709235283789,0,,,,,,,,,,,,,,,,0.079,0.079,95.547,95.567,92.947,93.692,89.30461142610457,74.89345505463268,14.41115637147189,46.92699796758106,102.012,82.222,4,,,,,,,,,,,,,,,,,,,,,,,,no_breakout
2026-03-16T20:27:19.888806+00:00,BTCUSD,anaconda,24480388,H4,HOLD,HOLD,NONE,0,1039.1718186730307,0,,,,,,,,,,,,,,,,16.98,16.98,73747.93,74408.03,73635.24,73987.04,70873.24358768761,70685.62726235989,187.6163253277191,70.814818448855,74442.71,70311.13,2,,,,,,,,,,,,,,,,,,,,,,,,"weak_separation,no_breakout,rsi_out_of_zone"
2026-03-16T20:27:19.890267+00:00,USDJPY.s,anaconda,24480388,H4,HOLD,HOLD,NONE,0,0.4265320558579435,0,,,,,,,,,,,,,,,,0.023,0.023,159.254,159.292,158.903,159.114,158.4107474165446,156.78308802336508,1.6276593931795276,49.7829759026914,159.736,157.853,4,,,,,,,,,,,,,,,,,,,,,,,,no_breakout
2026-03-16T20:27:19.891624+00:00,EURUSD.s,anaconda,24480388,H4,HOLD,HOLD,NONE,0,0.0036573607488237037,0,,,,,,,,,,,,,,,,0.00018,0.00018,1.14927,1.1524,1.14897,1.15036,1.1559893759339546,1.1691941875213674,0.013204811587412824,51.890400238832,1.16446,1.1409799999999999,4,,,,,,,,,,,,,,,,,,,,,,,,no_breakout
2026-03-16T20:27:19.893076+00:00,XAUUSD.s,anaconda,24480388,H4,HOLD,HOLD,NONE,0,53.04264473818639,0,,,,,,,,,,,,,,,,0.29,0.29,4990.37,5021.53,4983.96,5016.18,5115.5826695689175,5045.162485805299,70.4201837636183,39.211850275991516,5223.06,4967.58,4,,,,,,,,,,,,,,,,,,,,,,,,no_breakout
2026-03-16T20:27:19.894460+00:00,USOUSD.s,anaconda,24480388,H4,HOLD,HOLD,NONE,0,4.269709235283789,0,,,,,,,,,,,,,,,,0.079,0.079,95.547,95.567,92.947,93.752,89.30461142610457,74.89345505463268,14.41115637147189,47.06940493857969,102.012,82.222,4,,,,,,,,,,,,,,,,,,,,,,,,no_breakout
2026-03-16T20:32:20.343888+00:00,BTCUSD,anaconda,24480388,H4,HOLD,HOLD,NONE,0,1039.1718186730307,0,,,,,,,,,,,,,,,,17.07,17.07,73747.93,74408.03,73635.24,73996.78,70873.24358768761,70685.62726235989,187.6163253277191,70.87661379503719,74442.71,70311.13,2,,,,,,,,,,,,,,,,,,,,,,,,"weak_separation,no_breakout,rsi_out_of_zone"
2026-03-16T20:32:20.345402+00:00,USDJPY.s,anaconda,24480388,H4,HOLD,HOLD,NONE,0,0.4265320558579435,0,,,,,,,,,,,,,,,,0.022,0.022,159.254,159.292,158.903,159.086,158.4107474165446,156.78308802336508,1.6276593931795276,49.09509520940942,159.736,157.853,4,,,,,,,,,,,,,,,,,,,,,,,,no_breakout
2026-03-16T20:32:20.346725+00:00,EURUSD.s,anaconda,24480388,H4,HOLD,HOLD,NONE,0,0.0036573607488237037,0,,,,,,,,,,,,,,,,0.00019,0.00019,1.14927,1.1524,1.14897,1.15052,1.1559893759339546,1.1691941875213674,0.013204811587412824,52.24709870530901,1.16446,1.1409799999999999,4,,,,,,,,,,,,,,,,,,,,,,,,no_breakout
2026-03-16T20:32:20.348054+00:00,XAUUSD.s,anaconda,24480388,H4,HOLD,HOLD,NONE,0,53.04264473818639,0,,,,,,,,,,,,,,,,0.29,0.29,4990.37,5021.53,4983.96,5012.07,5115.5826695689175,5045.162485805299,70.4201837636183,38.232353072565964,5223.06,4967.58,4,,,,,,,,,,,,,,,,,,,,,,,,no_breakout
2026-03-16T20:32:20.349358+00:00,USOUSD.s,anaconda,24480388,H4,HOLD,HOLD,NONE,0,4.269709235283789,0,,,,,,,,,,,,,,,,0.079,0.079,95.547,95.567,92.947,93.817,89.30461142610457,74.89345505463268,14.41115637147189,47.22465772447644,102.012,82.222,4,,,,,,,,,,,,,,,,,,,,,,,,no_breakout
2026-03-16T20:37:20.840843+00:00,BTCUSD,anaconda,24480388,H4,HOLD,HOLD,NONE,0,1039.1718186730307,0,,,,,,,,,,,,,,,,17.02,17.02,73747.93,74408.03,73635.24,74030.01,70873.24358768761,70685.62726235989,187.6163253277191,71.08548600013523,74442.71,70311.13,2,,,,,,,,,,,,,,,,,,,,,,,,"weak_separation,no_breakout,rsi_out_of_zone"
2026-03-16T20:37:20.842783+00:00,USDJPY.s,anaconda,24480388,H4,HOLD,HOLD,NONE,0,0.4265320558579435,0,,,,,,,,,,,,,,,,0.027,0.027,159.254,159.292,158.903,159.105,158.4107474165446,156.78308802336508,1.6276593931795276,49.559778647340494,159.736,157.853,4,,,,,,,,,,,,,,,,,,,,,,,,no_breakout
2026-03-16T20:37:20.844861+00:00,EURUSD.s,anaconda,24480388,H4,HOLD,HOLD,NONE,0,0.0036573607488237037,0,,,,,,,,,,,,,,,,0.00018,0.00018,1.14927,1.1524,1.14897,1.15042,1.1559893759339546,1.1691941875213674,0.013204811587412824,52.02478489290771,1.16446,1.1409799999999999,4,,,,,,,,,,,,,,,,,,,,,,,,no_breakout
2026-03-16T20:37:20.846617+00:00,XAUUSD.s,anaconda,24480388,H4,HOLD,HOLD,NONE,0,53.04264473818639,0,,,,,,,,,,,,,,,,0.28,0.28,4990.37,5021.53,4983.96,5010.34,5115.5826695689175,5045.162485805299,70.4201837636183,37.81055436702503,5223.06,4967.58,4,,,,,,,,,,,,,,,,,,,,,,,,no_breakout
2026-03-16T20:37:20.848111+00:00,USOUSD.s,anaconda,24480388,H4,HOLD,HOLD,NONE,0,4.269709235283789,0,,,,,,,,,,,,,,,,0.079,0.079,95.547,95.567,92.947,94.197,89.30461142610457,74.89345505463268,14.41115637147189,48.15318780440871,102.012,82.222,4,,,,,,,,,,,,,,,,,,,,,,,,no_breakout
2026-03-16T20:42:21.380679+00:00,BTCUSD,anaconda,24480388,H4,HOLD,HOLD,NONE,0,1039.1718186730307,0,,,,,,,,,,,,,,,,16.99,16.99,73747.93,74408.03,73635.24,74002.27,70873.24358768761,70685.62726235989,187.6163253277191,70.91132987056591,74442.71,70311.13,2,,,,,,,,,,,,,,,,,,,,,,,,"weak_separation,no_breakout,rsi_out_of_zone"
2026-03-16T20:42:21.382497+00:00,USDJPY.s,anaconda,24480388,H4,HOLD,HOLD,NONE,0,0.4265320558579435,0,,,,,,,,,,,,,,,,0.031,0.031,159.254,159.292,158.903,159.107,158.4107474165446,156.78308802336508,1.6276593931795276,49.60920490724247,159.736,157.853,4,,,,,,,,,,,,,,,,,,,,,,,,no_breakout
2026-03-16T20:42:21.383953+00:00,EURUSD.s,anaconda,24480388,H4,HOLD,HOLD,NONE,0,0.0036573607488237037,0,,,,,,,,,,,,,,,,0.00023,0.00023,1.14927,1.1524,1.14897,1.15041,1.1559893759339546,1.1691941875213674,0.013204811587412824,52.002439610533415,1.16446,1.1409799999999999,4,,,,,,,,,,,,,,,,,,,,,,,,no_breakout
2026-03-16T20:42:21.385442+00:00,XAUUSD.s,anaconda,24480388,H4,HOLD,HOLD,NONE,0,53.04264473818639,0,,,,,,,,,,,,,,,,0.28,0.28,4990.37,5021.53,4983.96,5008.94,5115.5826695689175,5045.162485805299,70.4201837636183,37.464973686830305,5223.06,4967.58,4,,,,,,,,,,,,,,,,,,,,,,,,no_breakout
2026-03-16T20:42:21.386797+00:00,USOUSD.s,anaconda,24480388,H4,HOLD,HOLD,NONE,0,4.269709235283789,0,,,,,,,,,,,,,,,,0.079,0.079,95.547,95.567,92.947,94.177,89.30461142610457,74.89345505463268,14.41115637147189,48.10340843308517,102.012,82.222,4,,,,,,,,,,,,,,,,,,,,,,,,no_breakout
2026-03-16T20:47:21.827274+00:00,BTCUSD,anaconda,24480388,H4,HOLD,HOLD,NONE,0,1039.1718186730307,0,,,,,,,,,,,,,,,,17.08,17.08,73747.93,74408.03,73635.24,74077.55,70873.24358768761,70685.62726235989,187.6163253277191,71.37914962257808,74442.71,70311.13,2,,,,,,,,,,,,,,,,,,,,,,,,"weak_separation,no_breakout,rsi_out_of_zone"
2026-03-16T20:47:21.828917+00:00,USDJPY.s,anaconda,24480388,H4,HOLD,HOLD,NONE,0,0.4265320558579435,0,,,,,,,,,,,,,,,,0.032,0.032,159.254,159.292,158.903,159.069,158.4107474165446,156.78308802336508,1.6276593931795276,48.68665070648461,159.736,157.853,4,,,,,,,,,,,,,,,,,,,,,,,,no_breakout
2026-03-16T20:47:21.830100+00:00,EURUSD.s,anaconda,24480388,H4,HOLD,HOLD,NONE,0,0.0036573607488237037,0,,,,,,,,,,,,,,,,0.00023,0.00023,1.14927,1.1524,1.14897,1.15057,1.1559893759339546,1.1691941875213674,0.013204811587412824,52.35748475748543,1.16446,1.1409799999999999,4,,,,,,,,,,,,,,,,,,,,,,,,no_breakout
2026-03-16T20:47:21.831332+00:00,XAUUSD.s,anaconda,24480388,H4,HOLD,HOLD,NONE,0,53.04264473818639,0,,,,,,,,,,,,,,,,0.29,0.29,4990.37,5021.53,4983.96,5008.88,5115.5826695689175,5045.162485805299,70.4201837636183,37.45007723755514,5223.06,4967.58,4,,,,,,,,,,,,,,,,,,,,,,,,no_breakout
2026-03-16T20:47:21.832914+00:00,USOUSD.s,anaconda,24480388,H4,HOLD,HOLD,NONE,0,4.269709235283789,0,,,,,,,,,,,,,,,,0.079,0.079,95.547,95.567,92.947,94.127,89.30461142610457,74.89345505463268,14.41115637147189,47.97940912319889,102.012,82.222,4,,,,,,,,,,,,,,,,,,,,,,,,no_breakout
2026-03-16T20:52:22.297510+00:00,BTCUSD,anaconda,24480388,H4,HOLD,HOLD,NONE,0,1039.1718186730307,0,,,,,,,,,,,,,,,,17.08,17.08,73747.93,74408.03,73635.24,74200.1,70873.24358768761,70685.62726235989,187.6163253277191,72.10935815218247,74442.71,70311.13,2,,,,,,,,,,,,,,,,,,,,,,,,"weak_separation,no_breakout,rsi_out_of_zone"
2026-03-16T20:52:22.299298+00:00,USDJPY.s,anaconda,24480388,H4,HOLD,HOLD,NONE,0,0.4265320558579435,0,,,,,,,,,,,,,,,,0.031,0.031,159.254,159.292,158.903,159.043,158.4107474165446,156.78308802336508,1.6276593931795276,48.07495106451311,159.736,157.853,4,,,,,,,,,,,,,,,,,,,,,,,,no_breakout
2026-03-16T20:52:22.300895+00:00,EURUSD.s,anaconda,24480388,H4,HOLD,HOLD,NONE,0,0.0036573607488237037,0,,,,,,,,,,,,,,,,0.00023,0.00023,1.14927,1.1524,1.14897,1.15055,1.1559893759339546,1.1691941875213674,0.013204811587412824,52.313391633955625,1.16446,1.1409799999999999,4,,,,,,,,,,,,,,,,,,,,,,,,no_breakout
2026-03-16T20:52:22.302437+00:00,XAUUSD.s,anaconda,24480388,H4,HOLD,HOLD,NONE,0,53.04264473818639,0,,,,,,,,,,,,,,,,0.32,0.32,4990.37,5021.53,4983.96,5007.56,5115.5826695689175,5045.162485805299,70.4201837636183,37.12055036408899,5223.06,4967.58,4,,,,,,,,,,,,,,,,,,,,,,,,no_breakout
2026-03-16T20:52:22.303627+00:00,USOUSD.s,anaconda,24480388,H4,HOLD,HOLD,NONE,0,4.269709235283789,0,,,,,,,,,,,,,,,,0.079,0.079,95.547,95.567,92.947,94.252,89.30461142610457,74.89345505463268,14.41115637147189,48.29061382695998,102.012,82.222,4,,,,,,,,,,,,,,,,,,,,,,,,no_breakout
2026-03-16T20:57:22.827403+00:00,BTCUSD,anaconda,24480388,H4,HOLD,HOLD,NONE,0,1039.1718186730307,0,,,,,,,,,,,,,,,,17.11,17.11,73747.93,74408.03,73635.24,74171.01,70873.24358768761,70685.62726235989,187.6163253277191,71.93941979298836,74442.71,70311.13,2,,,,,,,,,,,,,,,,,,,,,,,,"weak_separation,no_breakout,rsi_out_of_zone"
2026-03-16T20:57:22.828981+00:00,USDJPY.s,anaconda,24480388,H4,HOLD,HOLD,NONE,0,0.4265320558579435,0,,,,,,,,,,,,,,,,0.034,0.034,159.254,159.292,158.903,159.031,158.4107474165446,156.78308802336508,1.6276593931795276,47.79778249918419,159.736,157.853,4,,,,,,,,,,,,,,,,,,,,,,,,no_breakout
2026-03-16T20:57:22.830555+00:00,EURUSD.s,anaconda,24480388,H4,HOLD,HOLD,NONE,0,0.0036573607488237037,0,,,,,,,,,,,,,,,,0.00023,0.00023,1.14927,1.1524,1.14897,1.1505,1.1559893759339546,1.1691941875213674,0.013204811587412824,52.20280092561354,1.16446,1.1409799999999999,4,,,,,,,,,,,,,,,,,,,,,,,,no_breakout
2026-03-16T20:57:22.831925+00:00,XAUUSD.s,anaconda,24480388,H4,HOLD,HOLD,NONE,0,53.04264473818639,0,,,,,,,,,,,,,,,,0.29,0.29,4990.37,5021.53,4983.96,5006.46,5115.5826695689175,5045.162485805299,70.4201837636183,36.84328068713298,5223.06,4967.58,4,,,,,,,,,,,,,,,,,,,,,,,,no_breakout
2026-03-16T20:57:22.833362+00:00,USOUSD.s,anaconda,24480388,H4,HOLD,HOLD,NONE,0,4.269709235283789,0,,,,,,,,,,,,,,,,0.079,0.079,95.547,95.567,92.947,94.112,89.30461142610457,74.89345505463268,14.41115637147189,47.9423338939532,102.012,82.222,4,,,,,,,,,,,,,,,,,,,,,,,,no_breakout
2026-03-16T21:02:23.294108+00:00,BTCUSD,anaconda,24480388,H4,HOLD,HOLD,NONE,0,971.536688794305,0,,,,,,,,,,,,,,,,16.94,16.94,74230.03,74230.03,74137.75,74175.21,71004.46225451039,70711.3967321006,293.06552240978635,71.49362428981041,74442.71,70311.13,3,,,,,,,,,,,,,,,,,,,,,,,,"no_breakout,rsi_out_of_zone"
2026-03-16T21:02:23.294917+00:00,USDJPY.s,anaconda,24480388,H4,OUTSIDE_HOURS,OUTSIDE_HOURS,NONE,0,0.4034940518700744,0,,,,,,,,,,,,,,,,0.113,0.113,158.943,159.047,158.943,159.047,,,,,,,,,,,,,,,,,,,,,,,,,,,,,,,no_breakout
2026-03-16T21:02:23.295592+00:00,EURUSD.s,anaconda,24480388,H4,OUTSIDE_HOURS,OUTSIDE_HOURS,NONE,0,0.003420406409634559,0,,,,,,,,,,,,,,,,0.00047,0.00047,1.15016,1.15035,1.15016,1.1503,,,,,,,,,,,,,,,,,,,,,,,,,,,,,,,no_breakout
2026-03-16T21:02:23.296307+00:00,XAUUSD.s,anaconda,24480388,H4,OUTSIDE_HOURS,OUTSIDE_HOURS,NONE,0,53.04264473818639,0,,,,,,,,,,,,,,,,0.29,0.29,4990.37,5021.53,4983.96,5006.35,,,,,,,,,,,,,,,,,,,,,,,,,,,,,,,no_breakout
2026-03-16T21:02:23.296995+00:00,USOUSD.s,anaconda,24480388,H4,OUTSIDE_HOURS,OUTSIDE_HOURS,NONE,0,4.269709235283789,0,,,,,,,,,,,,,,,,0.079,0.079,95.547,95.567,92.947,94.162,,,,,,,,,,,,,,,,,,,,,,,,,,,,,,,no_breakout
2026-03-16T21:07:23.835281+00:00,BTCUSD,anaconda,24480388,H4,HOLD,HOLD,NONE,0,991.007403080019,0,,,,,,,,,,,,,,,,17.08,17.08,74230.03,74502.62,74137.75,74292.74,71004.46225451039,70711.3967321006,293.06552240978635,72.68258593818969,74442.71,70311.13,2,,,,,,,,,,,,,,,,,,,,,,,,"weak_separation,no_breakout,rsi_out_of_zone"
2026-03-16T21:12:24.381483+00:00,BTCUSD,anaconda,24480388,H4,HOLD,HOLD,NONE,0,991.007403080019,0,,,,,,,,,,,,,,,,17.02,17.02,74230.03,74502.62,74137.75,74378.73,71004.46225451039,70711.3967321006,293.06552240978635,73.20461840649347,74442.71,70311.13,2,,,,,,,,,,,,,,,,,,,,,,,,"weak_separation,no_breakout,rsi_out_of_zone"
2026-03-16T21:17:24.850079+00:00,BTCUSD,anaconda,24480388,H4,HOLD,HOLD,NONE,0,991.007403080019,0,,,,,,,,,,,,,,,,17.03,17.03,74230.03,74502.62,74137.75,74391.58,71004.46225451039,70711.3967321006,293.06552240978635,73.28092017531688,74442.71,70311.13,2,,,,,,,,,,,,,,,,,,,,,,,,"weak_separation,no_breakout,rsi_out_of_zone"
2026-03-16T21:22:25.405184+00:00,BTCUSD,anaconda,24480388,H4,HOLD,HOLD,NONE,0,991.007403080019,0,,,,,,,,,,,,,,,,16.95,16.95,74230.03,74502.62,74137.75,74270.0,71004.46225451039,70711.3967321006,293.06552240978635,72.54111639324313,74442.71,70311.13,2,,,,,,,,,,,,,,,,,,,,,,,,"weak_separation,no_breakout,rsi_out_of_zone"
2026-03-16T21:27:25.967615+00:00,BTCUSD,anaconda,24480388,H4,HOLD,HOLD,NONE,0,991.007403080019,0,,,,,,,,,,,,,,,,17.08,17.08,74230.03,74502.62,74137.75,74237.24,71004.46225451039,70711.3967321006,293.06552240978635,72.33471532184964,74442.71,70311.13,2,,,,,,,,,,,,,,,,,,,,,,,,"weak_separation,no_breakout,rsi_out_of_zone"
2026-03-16T21:32:26.449431+00:00,BTCUSD,anaconda,24480388,H4,HOLD,HOLD,NONE,0,991.007403080019,0,,,,,,,,,,,,,,,,17.02,17.02,74230.03,74502.62,74137.75,74307.54,71004.46225451039,70711.3967321006,293.06552240978635,72.77387886024334,74442.71,70311.13,2,,,,,,,,,,,,,,,,,,,,,,,,"weak_separation,no_breakout,rsi_out_of_zone"
2026-03-16T21:37:26.945767+00:00,BTCUSD,anaconda,24480388,H4,HOLD,HOLD,NONE,0,1010.4809745085907,0,,,,,,,,,,,,,,,,17.1,17.1,74230.03,74775.25,74137.75,74675.44,71004.46225451039,70711.3967321006,293.06552240978635,74.86218036191586,74442.71,70311.13,2,,,,,,,,,,,,,,,,,,,,,,,,"weak_separation,no_breakout,rsi_out_of_zone"
2026-03-16T21:42:27.468356+00:00,BTCUSD,anaconda,24480388,H4,HOLD,HOLD,NONE,0,1011.7845459371622,0,,,,,,,,,,,,,,,,17.11,17.11,74230.03,74793.5,74137.75,74336.85,71004.46225451039,70711.3967321006,293.06552240978635,72.95288690236106,74442.71,70311.13,2,,,,,,,,,,,,,,,,,,,,,,,,"weak_separation,no_breakout,rsi_out_of_zone"
2026-03-16T21:47:28.083194+00:00,BTCUSD,anaconda,24480388,H4,HOLD,HOLD,NONE,0,1011.7845459371622,0,,,,,,,,,,,,,,,,16.94,16.94,74230.03,74793.5,74137.75,74409.78,71004.46225451039,70711.3967321006,293.06552240978635,73.3882489994011,74442.71,70311.13,2,,,,,,,,,,,,,,,,,,,,,,,,"weak_separation,no_breakout,rsi_out_of_zone"
2026-03-16T21:52:28.569377+00:00,BTCUSD,anaconda,24480388,H4,HOLD,HOLD,NONE,0,1011.7845459371622,0,,,,,,,,,,,,,,,,17.06,17.06,74230.03,74793.5,74137.75,74493.02,71004.46225451039,70711.3967321006,293.06552240978635,73.86833890483868,74442.71,70311.13,2,,,,,,,,,,,,,,,,,,,,,,,,"weak_separation,no_breakout,rsi_out_of_zone"
2026-03-16T21:52:28.570178+00:00,USDJPY.s,anaconda,24480388,H4,OUTSIDE_HOURS,OUTSIDE_HOURS,NONE,0,0.40556548044150276,0,,,,,,,,,,,,,,,,0.116,0.116,158.943,159.076,158.943,159.012,,,,,,,,,,,,,,,,,,,,,,,,,,,,,,,no_breakout
2026-03-16T21:52:28.570839+00:00,EURUSD.s,anaconda,24480388,H4,OUTSIDE_HOURS,OUTSIDE_HOURS,NONE,0,0.0034704064096345534,0,,,,,,,,,,,,,,,,0.00043,0.00043,1.15016,1.1511,1.15006,1.15063,,,,,,,,,,,,,,,,,,,,,,,,,,,,,,,no_breakout
2026-03-16T21:52:28.571452+00:00,XAUUSD.s,anaconda,24480388,H4,OUTSIDE_HOURS,OUTSIDE_HOURS,NONE,0,53.04264473818639,0,,,,,,,,,,,,,,,,0.29,0.29,4990.37,5021.53,4983.96,5006.35,,,,,,,,,,,,,,,,,,,,,,,,,,,,,,,no_breakout
2026-03-16T21:52:28.577052+00:00,USOUSD.s,anaconda,24480388,H4,OUTSIDE_HOURS,OUTSIDE_HOURS,NONE,0,4.269709235283789,0,,,,,,,,,,,,,,,,0.079,0.079,95.547,95.567,92.947,94.162,,,,,,,,,,,,,,,,,,,,,,,,,,,,,,,no_breakout
2026-03-16T21:57:29.044221+00:00,BTCUSD,anaconda,24480388,H4,HOLD,HOLD,NONE,0,1011.7845459371622,0,,,,,,,,,,,,,,,,17.05,17.05,74230.03,74793.5,74137.75,74387.97,71004.46225451039,70711.3967321006,293.06552240978635,73.25952835229465,74442.71,70311.13,2,,,,,,,,,,,,,,,,,,,,,,,,"weak_separation,no_breakout,rsi_out_of_zone"
2026-03-16T22:02:29.524185+00:00,BTCUSD,anaconda,24480388,H4,HOLD,HOLD,NONE,0,1011.7845459371622,0,,,,,,,,,,,,,,,,17.1,17.1,74230.03,74793.5,74137.75,74454.07,71004.46225451039,70711.3967321006,293.06552240978635,73.64586799517079,74442.71,70311.13,2,,,,,,,,,,,,,,,,,,,,,,,,"weak_separation,no_breakout,rsi_out_of_zone"
2026-03-16T22:07:29.990649+00:00,BTCUSD,anaconda,24480388,H4,HOLD,HOLD,NONE,0,1014.786688794305,0,,,,,,,,,,,,,,,,16.98,16.98,74230.03,74835.53,74137.75,74765.21,71004.46225451039,70711.3967321006,293.06552240978635,75.32401172309828,74442.71,70311.13,2,,,,,,,,,,,,,,,,,,,,,,,,"weak_separation,no_breakout,rsi_out_of_zone"
2026-03-16T22:12:30.511521+00:00,BTCUSD,anaconda,24480388,H4,HOLD,HOLD,NONE,0,1019.1474030800194,0,,,,,,,,,,,,,,,,17.1,17.1,74230.03,74896.58,74137.75,74848.75,71004.46225451039,70711.3967321006,293.06552240978635,75.73880456861545,74442.71,70311.13,2,,,,,,,,,,,,,,,,,,,,,,,,"weak_separation,no_breakout,rsi_out_of_zone"
2026-03-16T22:17:31.096000+00:00,BTCUSD,anaconda,24480388,H4,HOLD,HOLD,NONE,0,1019.1474030800194,0,,,,,,,,,,,,,,,,16.94,16.94,74230.03,74896.58,74137.75,74774.53,71004.46225451039,70711.3967321006,293.06552240978635,75.37098896071275,74442.71,70311.13,2,,,,,,,,,,,,,,,,,,,,,,,,"weak_separation,no_breakout,rsi_out_of_zone"
2026-03-16T22:22:31.569286+00:00,BTCUSD,anaconda,24480388,H4,HOLD,HOLD,NONE,0,1019.1474030800194,0,,,,,,,,,,,,,,,,16.96,16.96,74230.03,74896.58,74137.75,74762.03,71004.46225451039,70711.3967321006,293.06552240978635,75.3079419776064,74442.71,70311.13,2,,,,,,,,,,,,,,,,,,,,,,,,"weak_separation,no_breakout,rsi_out_of_zone"
2026-03-16T22:27:32.068516+00:00,BTCUSD,anaconda,24480388,H4,HOLD,HOLD,NONE,0,1019.1474030800194,0,,,,,,,,,,,,,,,,16.96,16.96,74230.03,74896.58,74137.75,74616.12,71004.46225451039,70711.3967321006,293.06552240978635,74.54739757464003,74442.71,70311.13,2,,,,,,,,,,,,,,,,,,,,,,,,"weak_separation,no_breakout,rsi_out_of_zone"
2026-03-16T22:32:32.561389+00:00,BTCUSD,anaconda,24480388,H4,HOLD,HOLD,NONE,0,1019.1474030800194,0,,,,,,,,,,,,,,,,17.01,17.01,74230.03,74896.58,74137.75,74662.24,71004.46225451039,70711.3967321006,293.06552240978635,74.79280967224942,74442.71,70311.13,2,,,,,,,,,,,,,,,,,,,,,,,,"weak_separation,no_breakout,rsi_out_of_zone"
2026-03-16T22:37:33.107886+00:00,BTCUSD,anaconda,24480388,H4,HOLD,HOLD,NONE,0,1019.1474030800194,0,,,,,,,,,,,,,,,,16.98,16.98,74230.03,74896.58,74137.75,74722.92,71004.46225451039,70711.3967321006,293.06552240978635,75.1085788527877,74442.71,70311.13,2,,,,,,,,,,,,,,,,,,,,,,,,"weak_separation,no_breakout,rsi_out_of_zone"
2026-03-16T22:42:33.615787+00:00,BTCUSD,anaconda,24480388,H4,HOLD,HOLD,NONE,0,1019.1474030800194,0,,,,,,,,,,,,,,,,17.05,17.05,74230.03,74896.58,74137.75,74764.12,71004.46225451039,70711.3967321006,293.06552240978635,75.31850589644225,74442.71,70311.13,2,,,,,,,,,,,,,,,,,,,,,,,,"weak_separation,no_breakout,rsi_out_of_zone"
2026-03-16T22:42:33.616612+00:00,USDJPY.s,anaconda,24480388,H4,OUTSIDE_HOURS,OUTSIDE_HOURS,NONE,0,0.4099226232986461,0,,,,,,,,,,,,,,,,0.022,0.022,158.943,159.125,158.931,159.111,,,,,,,,,,,,,,,,,,,,,,,,,,,,,,,no_breakout
2026-03-16T22:42:33.617386+00:00,EURUSD.s,anaconda,24480388,H4,OUTSIDE_HOURS,OUTSIDE_HOURS,NONE,0,0.003483263552491701,0,,,,,,,,,,,,,,,,0.00018,0.00018,1.15016,1.1511,1.14988,1.1499,,,,,,,,,,,,,,,,,,,,,,,,,,,,,,,no_breakout
2026-03-16T22:42:33.618243+00:00,XAUUSD.s,anaconda,24480388,H4,OUTSIDE_HOURS,OUTSIDE_HOURS,NONE,0,50.4974558285509,0,,,,,,,,,,,,,,,,0.36,0.36,5006.83,5015.93,4998.52,5001.73,,,,,,,,,,,,,,,,,,,,,,,,,,,,,,,no_breakout
2026-03-16T22:42:33.622982+00:00,USOUSD.s,anaconda,24480388,H4,OUTSIDE_HOURS,OUTSIDE_HOURS,NONE,0,4.045087147069207,0,,,,,,,,,,,,,,,,0.079,0.079,94.371,94.986,93.861,94.956,,,,,,,,,,,,,,,,,,,,,,,,,,,,,,,no_breakout
2026-03-16T22:47:34.157502+00:00,BTCUSD,anaconda,24480388,H4,HOLD,HOLD,NONE,0,1019.1474030800194,0,,,,,,,,,,,,,,,,17.06,17.06,74230.03,74896.58,74137.75,74839.23,71004.46225451039,70711.3967321006,293.06552240978635,75.69224123161116,74442.71,70311.13,2,,,,,,,,,,,,,,,,,,,,,,,,"weak_separation,no_breakout,rsi_out_of_zone"
2026-03-16T22:52:34.647642+00:00,BTCUSD,anaconda,24480388,H4,HOLD,HOLD,NONE,0,1019.1474030800194,0,,,,,,,,,,,,,,,,16.98,16.98,74230.03,74896.58,74137.75,74829.45,71004.46225451039,70711.3967321006,293.06552240978635,75.64421971689794,74442.71,70311.13,2,,,,,,,,,,,,,,,,,,,,,,,,"weak_separation,no_breakout,rsi_out_of_zone"
2026-03-16T22:57:35.164722+00:00,BTCUSD,anaconda,24480388,H4,HOLD,HOLD,NONE,0,1019.1474030800194,0,,,,,,,,,,,,,,,,17.03,17.03,74230.03,74896.58,74137.75,74713.58,71004.46225451039,70711.3967321006,293.06552240978635,75.06049109794114,74442.71,70311.13,2,,,,,,,,,,,,,,,,,,,,,,,,"weak_separation,no_breakout,rsi_out_of_zone"
2026-03-16T23:02:35.738418+00:00,BTCUSD,anaconda,24480388,H4,HOLD,HOLD,NONE,0,1019.1474030800194,0,,,,,,,,,,,,,,,,17.08,17.08,74230.03,74896.58,74137.75,74603.5,71004.46225451039,70711.3967321006,293.06552240978635,74.47940956911935,74442.71,70311.13,2,,,,,,,,,,,,,,,,,,,,,,,,"weak_separation,no_breakout,rsi_out_of_zone"
2026-03-16T23:07:36.239996+00:00,BTCUSD,anaconda,24480388,H4,HOLD,HOLD,NONE,0,1019.1474030800194,0,,,,,,,,,,,,,,,,17.12,17.12,74230.03,74896.58,74137.75,74333.15,71004.46225451039,70711.3967321006,293.06552240978635,72.93041943071606,74442.71,70311.13,2,,,,,,,,,,,,,,,,,,,,,,,,"weak_separation,no_breakout,rsi_out_of_zone"
2026-03-16T23:12:36.716184+00:00,BTCUSD,anaconda,24480388,H4,HOLD,HOLD,NONE,0,1019.1474030800194,0,,,,,,,,,,,,,,,,17.04,17.04,74230.03,74896.58,74137.75,74394.79,71004.46225451039,70711.3967321006,293.06552240978635,73.29991298607831,74442.71,70311.13,2,,,,,,,,,,,,,,,,,,,,,,,,"weak_separation,no_breakout,rsi_out_of_zone"
2026-03-16T23:17:37.431246+00:00,BTCUSD,anaconda,24480388,H4,HOLD,HOLD,NONE,0,1019.1474030800194,0,,,,,,,,,,,,,,,,17.02,17.02,74230.03,74896.58,74137.75,74452.77,71004.46225451039,70711.3967321006,293.06552240978635,73.63837743595818,74442.71,70311.13,2,,,,,,,,,,,,,,,,,,,,,,,,"weak_separation,no_breakout,rsi_out_of_zone"
2026-03-16T23:22:37.956090+00:00,BTCUSD,anaconda,24480388,H4,HOLD,HOLD,NONE,0,1019.1474030800194,0,,,,,,,,,,,,,,,,16.98,16.98,74230.03,74896.58,74137.75,74444.23,71004.46225451039,70711.3967321006,293.06552240978635,73.58906416241996,74442.71,70311.13,2,,,,,,,,,,,,,,,,,,,,,,,,"weak_separation,no_breakout,rsi_out_of_zone"
2026-03-16T23:27:38.450378+00:00,BTCUSD,anaconda,24480388,H4,HOLD,HOLD,NONE,0,1019.1474030800194,0,,,,,,,,,,,,,,,,17.03,17.03,74230.03,74896.58,74137.75,74572.24,71004.46225451039,70711.3967321006,293.06552240978635,74.3094273435983,74442.71,70311.13,2,,,,,,,,,,,,,,,,,,,,,,,,"weak_separation,no_breakout,rsi_out_of_zone"
2026-03-16T23:32:38.942976+00:00,BTCUSD,anaconda,24480388,H4,HOLD,HOLD,NONE,0,1019.1474030800194,0,,,,,,,,,,,,,,,,17.03,17.03,74230.03,74896.58,74137.75,74644.82,71004.46225451039,70711.3967321006,293.06552240978635,74.70067319767058,74442.71,70311.13,2,,,,,,,,,,,,,,,,,,,,,,,,"weak_separation,no_breakout,rsi_out_of_zone"
2026-03-16T23:32:38.943783+00:00,USDJPY.s,anaconda,24480388,H4,OUTSIDE_HOURS,OUTSIDE_HOURS,NONE,0,0.41613690901293104,0,,,,,,,,,,,,,,,,0.025,0.025,158.943,159.212,158.931,159.187,,,,,,,,,,,,,,,,,,,,,,,,,,,,,,,no_breakout
2026-03-16T23:32:38.944581+00:00,EURUSD.s,anaconda,24480388,H4,OUTSIDE_HOURS,OUTSIDE_HOURS,NONE,0,0.0035175492667774183,0,,,,,,,,,,,,,,,,0.00018,0.00018,1.15016,1.1511,1.1494,1.14964,,,,,,,,,,,,,,,,,,,,,,,,,,,,,,,no_breakout
2026-03-16T23:32:38.945367+00:00,XAUUSD.s,anaconda,24480388,H4,OUTSIDE_HOURS,OUTSIDE_HOURS,NONE,0,50.4974558285509,0,,,,,,,,,,,,,,,,0.29,0.29,5006.83,5015.93,4998.52,5012.41,,,,,,,,,,,,,,,,,,,,,,,,,,,,,,,no_breakout
2026-03-16T23:32:38.947909+00:00,USOUSD.s,anaconda,24480388,H4,OUTSIDE_HOURS,OUTSIDE_HOURS,NONE,0,4.065087147069208,0,,,,,,,,,,,,,,,,0.079,0.079,94.371,95.266,93.861,94.976,,,,,,,,,,,,,,,,,,,,,,,,,,,,,,,no_breakout
2026-03-16T23:37:39.494924+00:00,BTCUSD,anaconda,24480388,H4,HOLD,HOLD,NONE,0,1019.1474030800194,0,,,,,,,,,,,,,,,,17.09,17.09,74230.03,74896.58,74137.75,74712.6,71004.46225451039,70711.3967321006,293.06552240978635,75.05543471511841,74442.71,70311.13,2,,,,,,,,,,,,,,,,,,,,,,,,"weak_separation,no_breakout,rsi_out_of_zone"
2026-03-16T23:42:40.054989+00:00,BTCUSD,anaconda,24480388,H4,HOLD,HOLD,NONE,0,1019.1474030800194,0,,,,,,,,,,,,,,,,17.0,17.0,74230.03,74896.58,74137.75,74744.96,71004.46225451039,70711.3967321006,293.06552240978635,75.2213218179862,74442.71,70311.13,2,,,,,,,,,,,,,,,,,,,,,,,,"weak_separation,no_breakout,rsi_out_of_zone"
2026-03-16T23:47:40.558519+00:00,BTCUSD,anaconda,24480388,H4,HOLD,HOLD,NONE,0,1020.0288316514477,0,,,,,,,,,,,,,,,,17.03,17.03,74230.03,74908.92,74137.75,74876.09,71004.46225451039,70711.3967321006,293.06552240978635,75.87154105758515,74442.71,70311.13,2,,,,,,,,,,,,,,,,,,,,,,,,"weak_separation,no_breakout,rsi_out_of_zone"
2026-03-16T23:52:41.048414+00:00,BTCUSD,anaconda,24480388,H4,HOLD,HOLD,NONE,0,1020.0288316514477,0,,,,,,,,,,,,,,,,17.11,17.11,74230.03,74908.92,74137.75,74697.77,71004.46225451039,70711.3967321006,293.06552240978635,74.97866718555038,74442.71,70311.13,2,,,,,,,,,,,,,,,,,,,,,,,,"weak_separation,no_breakout,rsi_out_of_zone"
2026-03-16T23:57:41.519273+00:00,BTCUSD,anaconda,24480388,H4,HOLD,HOLD,NONE,0,1020.0288316514477,0,,,,,,,,,,,,,,,,17.11,17.11,74230.03,74908.92,74137.75,74844.53,71004.46225451039,70711.3967321006,293.06552240978635,75.71818612841595,74442.71,70311.13,2,,,,,,,,,,,,,,,,,,,,,,,,"weak_separation,no_breakout,rsi_out_of_zone"
