timestamp,symbol,bot,account,timeframe,signal,signal_type,trigger,confidence,atr,executed,entry_price,sl_price,sl,tp_price,tp,volume_lots,ticket,exit_price,exit_reason,profit,pnl,outcome,duration_minutes,account_balance,account_equity,spread,spread_points,bar_open,bar_high,bar_low,bar_close,ema_fast,ema_slow,ema_separation,rsi,n_bar_high,n_bar_low,conditions_met,ema_50,nearest_sr_level,sr_distance_atr,pattern_type,pin_wick_size,pin_body_ratio,engulf_size_atr,inside_bar_vol_ratio,pattern_detected,sr_nearby,ema_20,momentum_fast_ema,momentum_slow_ema,breakout_high,breakout_low,pullback_distance_atr,volume_ratio,h1_trend,bb_upper,bb_lower,bb_mid,price_position_in_bb,adx,hold_reason
2026-03-13T00:02:56.326354+00:00,BTCUSD,anaconda,24480388,H4,HOLD,HOLD,NONE,0,1097.285067395227,0,,,,,,,,,,,,,,,,16.96,16.96,70155.58,70728.05,70006.27,70427.33,69226.13246349714,70432.80903013966,1206.67656664252,57.165147344396175,71773.21,66868.31,3,,,,,,,,,,,,,,,,,,,,,,,,"price_mixed_ema,no_breakout"
2026-03-13T00:07:56.783198+00:00,BTCUSD,anaconda,24480388,H4,HOLD,HOLD,NONE,0,1097.285067395227,0,,,,,,,,,,,,,,,,17.08,17.08,70155.58,70728.05,70006.27,70604.84,69226.13246349714,70432.80903013966,1206.67656664252,58.91562369833765,71773.21,66868.31,3,,,,,,,,,,,,,,,,,,,,,,,,"price_mixed_ema,no_breakout"
2026-03-13T00:07:56.783761+00:00,USDJPY.s,anaconda,24480388,H4,OUTSIDE_HOURS,OUTSIDE_HOURS,NONE,0,0.43800970106367715,0,,,,,,,,,,,,,,,,0.024,0.024,159.252,159.414,159.01,159.013,,,,,,,,,,,,,,,,,,,,,,,,,,,,,,,no_breakout
2026-03-13T00:07:56.784235+00:00,EURUSD.s,anaconda,24480388,H4,OUTSIDE_HOURS,OUTSIDE_HOURS,NONE,0,0.003432911788332374,0,,,,,,,,,,,,,,,,0.00019,0.00019,1.15078,1.15252,1.15078,1.15251,,,,,,,,,,,,,,,,,,,,,,,,,,,,,,,no_breakout
2026-03-13T00:07:56.784936+00:00,XAUUSD.s,anaconda,24480388,H4,OUTSIDE_HOURS,OUTSIDE_HOURS,NONE,0,51.70400247860431,0,,,,,,,,,,,,,,,,0.32,0.32,5080.69,5104.17,5072.94,5103.61,,,,,,,,,,,,,,,,,,,,,,,,,,,,,,,"price_mixed_ema,no_breakout"
2026-03-13T00:07:56.785696+00:00,USOUSD.s,anaconda,24480388,H4,OUTSIDE_HOURS,OUTSIDE_HOURS,NONE,0,5.031538491941125,0,,,,,,,,,,,,,,,,0.079,0.079,96.93,97.99,95.675,95.97,,,,,,,,,,,,,,,,,,,,,,,,,,,,,,,no_breakout
2026-03-13T00:12:57.221874+00:00,BTCUSD,anaconda,24480388,H4,HOLD,HOLD,NONE,0,1114.1272102523697,0,,,,,,,,,,,,,,,,16.98,16.98,70155.58,70963.84,70006.27,70930.26,69226.13246349714,70432.80903013966,1206.67656664252,61.77902457928859,71773.21,66868.31,3,,,,,,,,,,,,,,,,,,,,,,,,"price_mixed_ema,no_breakout"
2026-03-13T00:17:57.709528+00:00,BTCUSD,anaconda,24480388,H4,HOLD,HOLD,NONE,0,1165.1650673952265,0,,,,,,,,,,,,,,,,17.11,17.11,70155.58,71678.37,70006.27,71397.72,69226.13246349714,70432.80903013966,1206.67656664252,65.25733835423426,71773.21,66868.31,3,,,,,,,,,,,,,,,,,,,,,,,,"price_mixed_ema,no_breakout"
2026-03-13T00:22:58.135732+00:00,BTCUSD,anaconda,24480388,H4,HOLD,HOLD,NONE,0,1170.7357816809415,0,,,,,,,,,,,,,,,,16.99,16.99,70155.58,71756.36,70006.27,71640.89,69226.13246349714,70432.80903013966,1206.67656664252,66.8277291223578,71773.21,66868.31,3,,,,,,,,,,,,,,,,,,,,,,,,"price_mixed_ema,no_breakout"
2026-03-13T00:29:46.522374+00:00,BTCUSD,anaconda,24480388,H4,HOLD,HOLD,NONE,0,1170.7357816809415,0,,,,,,,,,,,,,,,,17.0,17.0,70155.58,71756.36,70006.27,71427.5,69226.13246349714,70432.80903013966,1206.67656664252,65.45760089727192,71773.21,66868.31,3,,,,,,,,,,,,,,,,,,,,,,,,"price_mixed_ema,no_breakout"
2026-03-13T00:29:46.533872+00:00,USDJPY.s,anaconda,24480388,H4,OUTSIDE_HOURS,OUTSIDE_HOURS,NONE,0,0.43858112963510437,0,,,,,,,,,,,,,,,,0.024,0.024,159.252,159.414,159.002,159.019,,,,,,,,,,,,,,,,,,,,,,,,,,,,,,,no_breakout
2026-03-13T00:29:46.534377+00:00,EURUSD.s,anaconda,24480388,H4,OUTSIDE_HOURS,OUTSIDE_HOURS,NONE,0,0.0034500546454752324,0,,,,,,,,,,,,,,,,0.00019,0.00019,1.15078,1.15276,1.15078,1.15257,,,,,,,,,,,,,,,,,,,,,,,,,,,,,,,no_breakout
2026-03-13T00:29:46.534854+00:00,XAUUSD.s,anaconda,24480388,H4,OUTSIDE_HOURS,OUTSIDE_HOURS,NONE,0,52.00328819288999,0,,,,,,,,,,,,,,,,0.35,0.35,5080.69,5108.36,5072.94,5106.05,,,,,,,,,,,,,,,,,,,,,,,,,,,,,,,"price_mixed_ema,no_breakout"
2026-03-13T00:29:46.535354+00:00,USOUSD.s,anaconda,24480388,H4,OUTSIDE_HOURS,OUTSIDE_HOURS,NONE,0,5.092967063369696,0,,,,,,,,,,,,,,,,0.079,0.079,96.93,97.99,94.815,95.18,,,,,,,,,,,,,,,,,,,,,,,,,,,,,,,no_breakout
2026-03-13T00:34:47.177257+00:00,BTCUSD,anaconda,24480388,H4,HOLD,HOLD,NONE,0,1187.9372102523694,0,,,,,,,,,,,,,,,,17.08,17.08,70155.58,71997.18,70006.27,71939.88,69226.13246349714,70432.80903013966,1206.67656664252,68.57426213361909,71773.21,66868.31,3,,,,,,,,,,,,,,,,,,,,,,,,"price_mixed_ema,no_breakout"
2026-03-13T00:39:47.590666+00:00,BTCUSD,anaconda,24480388,H4,HOLD,HOLD,NONE,0,1187.9372102523694,0,,,,,,,,,,,,,,,,17.11,17.11,70155.58,71997.18,70006.27,71724.2,69226.13246349714,70432.80903013966,1206.67656664252,67.33359241088729,71773.21,66868.31,3,,,,,,,,,,,,,,,,,,,,,,,,"price_mixed_ema,no_breakout"
2026-03-13T00:44:48.011760+00:00,BTCUSD,anaconda,24480388,H4,HOLD,HOLD,NONE,0,1187.9372102523694,0,,,,,,,,,,,,,,,,17.04,17.04,70155.58,71997.18,70006.27,71491.52,69226.13246349714,70432.80903013966,1206.67656664252,65.88039758679193,71773.21,66868.31,3,,,,,,,,,,,,,,,,,,,,,,,,"price_mixed_ema,no_breakout"
2026-03-13T00:49:48.421716+00:00,BTCUSD,anaconda,24480388,H4,HOLD,HOLD,NONE,0,1187.9372102523694,0,,,,,,,,,,,,,,,,16.99,16.99,70155.58,71997.18,70006.27,71301.41,69226.13246349714,70432.80903013966,1206.67656664252,64.5934772942275,71773.21,66868.31,3,,,,,,,,,,,,,,,,,,,,,,,,"price_mixed_ema,no_breakout"
2026-03-13T00:54:48.895591+00:00,BTCUSD,anaconda,24480388,H4,HOLD,HOLD,NONE,0,1187.9372102523694,0,,,,,,,,,,,,,,,,17.02,17.02,70155.58,71997.18,70006.27,71236.74,69226.13246349714,70432.80903013966,1206.67656664252,64.13328731220535,71773.21,66868.31,3,,,,,,,,,,,,,,,,,,,,,,,,"price_mixed_ema,no_breakout"
2026-03-13T00:59:49.320443+00:00,BTCUSD,anaconda,24480388,H4,HOLD,HOLD,NONE,0,1187.9372102523694,0,,,,,,,,,,,,,,,,16.95,16.95,70155.58,71997.18,70006.27,71437.37,69226.13246349714,70432.80903013966,1206.67656664252,65.52346559500401,71773.21,66868.31,3,,,,,,,,,,,,,,,,,,,,,,,,"price_mixed_ema,no_breakout"
2026-03-13T01:04:49.783891+00:00,BTCUSD,anaconda,24480388,H4,HOLD,HOLD,NONE,0,1116.5481238158648,0,,,,,,,,,,,,,,,,17.06,17.06,71467.84,71648.01,71459.52,71532.73,69314.11719286529,70400.83344086005,1086.7162479947583,66.19190691184826,71773.21,67325.3,4,,,,,,,,,,,,,,,,,,,,,,,,no_breakout
2026-03-13T01:09:50.243001+00:00,BTCUSD,anaconda,24480388,H4,HOLD,HOLD,NONE,0,1119.7209809587218,0,,,,,,,,,,,,,,,,17.04,17.04,71467.84,71692.43,71459.52,71628.25,69314.11719286529,70400.83344086005,1086.7162479947583,66.85826424130151,71773.21,67325.3,4,,,,,,,,,,,,,,,,,,,,,,,,no_breakout
2026-03-13T01:14:50.684936+00:00,BTCUSD,anaconda,24480388,H4,HOLD,HOLD,NONE,0,1119.7209809587218,0,,,,,,,,,,,,,,,,17.04,17.04,71467.84,71692.43,71459.52,71597.88,69314.11719286529,70400.83344086005,1086.7162479947583,66.64926612272194,71773.21,67325.3,4,,,,,,,,,,,,,,,,,,,,,,,,no_breakout
2026-03-13T01:19:51.129432+00:00,BTCUSD,anaconda,24480388,H4,HOLD,HOLD,NONE,0,1123.8902666730082,0,,,,,,,,,,,,,,,,17.09,17.09,71467.84,71750.8,71459.52,71541.82,69314.11719286529,70400.83344086005,1086.7162479947583,66.25647114493377,71773.21,67325.3,4,,,,,,,,,,,,,,,,,,,,,,,,no_breakout
2026-03-13T01:19:51.129933+00:00,USDJPY.s,anaconda,24480388,H4,OUTSIDE_HOURS,OUTSIDE_HOURS,NONE,0,0.4143253346680692,0,,,,,,,,,,,,,,,,0.025,0.025,159.085,159.125,159.026,159.089,,,,,,,,,,,,,,,,,,,,,,,,,,,,,,,no_breakout
2026-03-13T01:19:51.130402+00:00,EURUSD.s,anaconda,24480388,H4,OUTSIDE_HOURS,OUTSIDE_HOURS,NONE,0,0.0032493364564861417,0,,,,,,,,,,,,,,,,0.00018,0.00018,1.15226,1.15288,1.15224,1.15258,,,,,,,,,,,,,,,,,,,,,,,,,,,,,,,no_breakout
2026-03-13T01:19:51.130862+00:00,XAUUSD.s,anaconda,24480388,H4,OUTSIDE_HOURS,OUTSIDE_HOURS,NONE,0,49.26361454695284,0,,,,,,,,,,,,,,,,0.32,0.32,5113.66,5120.71,5113.46,5116.08,,,,,,,,,,,,,,,,,,,,,,,,,,,,,,,"price_mixed_ema,no_breakout"
2026-03-13T01:19:51.131314+00:00,USOUSD.s,anaconda,24480388,H4,OUTSIDE_HOURS,OUTSIDE_HOURS,NONE,0,4.796326558831411,0,,,,,,,,,,,,,,,,0.079,0.079,95.54,95.6,94.66,94.99,,,,,,,,,,,,,,,,,,,,,,,,,,,,,,,no_breakout
2026-03-13T01:24:51.597788+00:00,BTCUSD,anaconda,24480388,H4,HOLD,HOLD,NONE,0,1123.8902666730082,0,,,,,,,,,,,,,,,,17.1,17.1,71467.84,71750.8,71459.52,71485.63,69314.11719286529,70400.83344086005,1086.7162479947583,65.8533697303256,71773.21,67325.3,4,,,,,,,,,,,,,,,,,,,,,,,,no_breakout
2026-03-13T01:29:52.059959+00:00,BTCUSD,anaconda,24480388,H4,HOLD,HOLD,NONE,0,1123.8902666730082,0,,,,,,,,,,,,,,,,17.04,17.04,71467.84,71750.8,71459.52,71520.42,69314.11719286529,70400.83344086005,1086.7162479947583,66.10407686103085,71773.21,67325.3,4,,,,,,,,,,,,,,,,,,,,,,,,no_breakout
2026-03-13T01:34:52.546040+00:00,BTCUSD,anaconda,24480388,H4,HOLD,HOLD,NONE,0,1123.8902666730082,0,,,,,,,,,,,,,,,,17.03,17.03,71467.84,71750.8,71459.52,71493.68,69314.11719286529,70400.83344086005,1086.7162479947583,65.9117096587753,71773.21,67325.3,4,,,,,,,,,,,,,,,,,,,,,,,,no_breakout
2026-03-13T01:39:53.009945+00:00,BTCUSD,anaconda,24480388,H4,HOLD,HOLD,NONE,0,1137.1324095301509,0,,,,,,,,,,,,,,,,17.05,17.05,71467.84,71750.8,71274.13,71366.02,69314.11719286529,70400.83344086005,1086.7162479947583,64.31378158264936,71773.21,67325.3,4,,,,,,,,,,,,,,,,,,,,,,,,no_breakout
2026-03-13T01:44:53.461859+00:00,BTCUSD,anaconda,24480388,H4,HOLD,HOLD,NONE,0,1137.1324095301509,0,,,,,,,,,,,,,,,,17.0,17.0,71467.84,71750.8,71274.13,71608.86,69314.11719286529,70400.83344086005,1086.7162479947583,66.72513104691473,71773.21,67325.3,4,,,,,,,,,,,,,,,,,,,,,,,,no_breakout
2026-03-13T01:49:53.907627+00:00,BTCUSD,anaconda,24480388,H4,HOLD,HOLD,NONE,0,1137.1324095301509,0,,,,,,,,,,,,,,,,16.97,16.97,71467.84,71750.8,71274.13,71604.45,69314.11719286529,70400.83344086005,1086.7162479947583,66.69470222043769,71773.21,67325.3,4,,,,,,,,,,,,,,,,,,,,,,,,no_breakout
2026-03-13T01:54:54.372753+00:00,BTCUSD,anaconda,24480388,H4,HOLD,HOLD,NONE,0,1137.1324095301509,0,,,,,,,,,,,,,,,,17.09,17.09,71467.84,71750.8,71274.13,71656.17,69314.11719286529,70400.83344086005,1086.7162479947583,67.04810436453559,71773.21,67325.3,4,,,,,,,,,,,,,,,,,,,,,,,,no_breakout
2026-03-13T01:59:54.840882+00:00,BTCUSD,anaconda,24480388,H4,HOLD,HOLD,NONE,0,1137.1324095301509,0,,,,,,,,,,,,,,,,17.05,17.05,71467.84,71750.8,71274.13,71647.25,69314.11719286529,70400.83344086005,1086.7162479947583,66.9876902926438,71773.21,67325.3,4,,,,,,,,,,,,,,,,,,,,,,,,no_breakout
2026-03-13T02:04:55.343438+00:00,BTCUSD,anaconda,24480388,H4,HOLD,HOLD,NONE,0,1137.1324095301509,0,,,,,,,,,,,,,,,,16.99,16.99,71467.84,71750.8,71274.13,71542.36,69314.11719286529,70400.83344086005,1086.7162479947583,66.26029888491856,71773.21,67325.3,4,,,,,,,,,,,,,,,,,,,,,,,,no_breakout
2026-03-13T02:09:55.786833+00:00,BTCUSD,anaconda,24480388,H4,HOLD,HOLD,NONE,0,1137.1324095301509,0,,,,,,,,,,,,,,,,17.11,17.11,71467.84,71750.8,71274.13,71562.48,69314.11719286529,70400.83344086005,1086.7162479947583,66.40230128282832,71773.21,67325.3,4,,,,,,,,,,,,,,,,,,,,,,,,no_breakout
2026-03-13T02:09:55.787368+00:00,USDJPY.s,anaconda,24480388,H4,OUTSIDE_HOURS,OUTSIDE_HOURS,NONE,0,0.4249681918109264,0,,,,,,,,,,,,,,,,0.024,0.024,159.085,159.274,159.026,159.218,,,,,,,,,,,,,,,,,,,,,,,,,,,,,,,"no_breakout,rsi_out_of_zone"
2026-03-13T02:09:55.787848+00:00,EURUSD.s,anaconda,24480388,H4,OUTSIDE_HOURS,OUTSIDE_HOURS,NONE,0,0.003312193599343284,0,,,,,,,,,,,,,,,,0.00018,0.00018,1.15226,1.15288,1.15136,1.152,,,,,,,,,,,,,,,,,,,,,,,,,,,,,,,no_breakout
2026-03-13T02:09:55.788317+00:00,XAUUSD.s,anaconda,24480388,H4,OUTSIDE_HOURS,OUTSIDE_HOURS,NONE,0,50.14361454695282,0,,,,,,,,,,,,,,,,0.31,0.31,5113.66,5128.37,5108.8,5124.74,,,,,,,,,,,,,,,,,,,,,,,,,,,,,,,"price_mixed_ema,no_breakout"
2026-03-13T02:09:55.788805+00:00,USOUSD.s,anaconda,24480388,H4,OUTSIDE_HOURS,OUTSIDE_HOURS,NONE,0,4.838469415974268,0,,,,,,,,,,,,,,,,0.079,0.079,95.54,96.19,94.66,95.505,,,,,,,,,,,,,,,,,,,,,,,,,,,,,,,no_breakout
2026-03-13T02:14:56.235938+00:00,BTCUSD,anaconda,24480388,H4,HOLD,HOLD,NONE,0,1137.1324095301509,0,,,,,,,,,,,,,,,,17.03,17.03,71467.84,71750.8,71274.13,71551.53,69314.11719286529,70400.83344086005,1086.7162479947583,66.32516725018803,71773.21,67325.3,4,,,,,,,,,,,,,,,,,,,,,,,,no_breakout
2026-03-13T02:19:56.723453+00:00,BTCUSD,anaconda,24480388,H4,HOLD,HOLD,NONE,0,1137.1324095301509,0,,,,,,,,,,,,,,,,17.09,17.09,71467.84,71750.8,71274.13,71590.1,69314.11719286529,70400.83344086005,1086.7162479947583,66.5953014573787,71773.21,67325.3,4,,,,,,,,,,,,,,,,,,,,,,,,no_breakout
2026-03-13T02:24:57.200715+00:00,BTCUSD,anaconda,24480388,H4,HOLD,HOLD,NONE,0,1137.1324095301509,0,,,,,,,,,,,,,,,,17.08,17.08,71467.84,71750.8,71274.13,71463.7,69314.11719286529,70400.83344086005,1086.7162479947583,65.65209859869908,71773.21,67325.3,4,,,,,,,,,,,,,,,,,,,,,,,,no_breakout
2026-03-13T02:29:57.686329+00:00,BTCUSD,anaconda,24480388,H4,HOLD,HOLD,NONE,0,1137.1324095301509,0,,,,,,,,,,,,,,,,16.99,16.99,71467.84,71750.8,71274.13,71445.47,69314.11719286529,70400.83344086005,1086.7162479947583,65.3981176043801,71773.21,67325.3,4,,,,,,,,,,,,,,,,,,,,,,,,no_breakout
2026-03-13T02:34:58.150833+00:00,BTCUSD,anaconda,24480388,H4,HOLD,HOLD,NONE,0,1137.1324095301509,0,,,,,,,,,,,,,,,,17.08,17.08,71467.84,71750.8,71274.13,71344.3,69314.11719286529,70400.83344086005,1086.7162479947583,64.02357685022966,71773.21,67325.3,4,,,,,,,,,,,,,,,,,,,,,,,,no_breakout
2026-03-13T02:39:58.633966+00:00,BTCUSD,anaconda,24480388,H4,HOLD,HOLD,NONE,0,1142.1209809587233,0,,,,,,,,,,,,,,,,17.05,17.05,71467.84,71750.8,71204.29,71232.45,69314.11719286529,70400.83344086005,1086.7162479947583,62.56965726285816,71773.21,67325.3,4,,,,,,,,,,,,,,,,,,,,,,,,no_breakout
2026-03-13T02:44:59.104000+00:00,BTCUSD,anaconda,24480388,H4,HOLD,HOLD,NONE,0,1146.016695244437,0,,,,,,,,,,,,,,,,17.02,17.02,71467.84,71750.8,71149.75,71151.83,69314.11719286529,70400.83344086005,1086.7162479947583,61.56198369942822,71773.21,67325.3,4,,,,,,,,,,,,,,,,,,,,,,,,no_breakout
2026-03-13T02:49:59.593056+00:00,BTCUSD,anaconda,24480388,H4,HOLD,HOLD,NONE,0,1149.4509809587228,0,,,,,,,,,,,,,,,,17.08,17.08,71467.84,71750.8,71101.67,71238.57,69314.11719286529,70400.83344086005,1086.7162479947583,62.647500275305696,71773.21,67325.3,4,,,,,,,,,,,,,,,,,,,,,,,,no_breakout
2026-03-13T02:55:00.083651+00:00,BTCUSD,anaconda,24480388,H4,HOLD,HOLD,NONE,0,1153.765980958723,0,,,,,,,,,,,,,,,,17.04,17.04,71467.84,71750.8,71041.26,71114.38,69314.11719286529,70400.83344086005,1086.7162479947583,61.10485254801931,71773.21,67325.3,4,,,,,,,,,,,,,,,,,,,,,,,,no_breakout
2026-03-13T03:19:38.701429+00:00,BTCUSD,anaconda,24480388,H4,HOLD,HOLD,NONE,0,1153.765980958723,0,,,,,,,,,,,,,,,,17.02,17.02,71467.84,71750.8,71041.26,71218.8,69314.11719286529,70400.83344086005,1086.7162479947583,62.39673179484198,71773.21,67325.3,4,,,,,,,,,,,,,,,,,,,,,,,,no_breakout
2026-03-13T03:19:38.715313+00:00,USDJPY.s,anaconda,24480388,H4,OUTSIDE_HOURS,OUTSIDE_HOURS,NONE,0,0.43132533466806905,0,,,,,,,,,,,,,,,,0.023,0.023,159.085,159.363,159.026,159.318,,,,,,,,,,,,,,,,,,,,,,,,,,,,,,,"no_breakout,rsi_out_of_zone"
2026-03-13T03:19:38.715988+00:00,EURUSD.s,anaconda,24480388,H4,OUTSIDE_HOURS,OUTSIDE_HOURS,NONE,0,0.003352907885057566,0,,,,,,,,,,,,,,,,0.00019,0.00019,1.15226,1.15288,1.15079,1.1508099999999999,,,,,,,,,,,,,,,,,,,,,,,,,,,,,,,"no_breakout,rsi_out_of_zone"
2026-03-13T03:19:38.716602+00:00,XAUUSD.s,anaconda,24480388,H4,OUTSIDE_HOURS,OUTSIDE_HOURS,NONE,0,50.1436145469528,0,,,,,,,,,,,,,,,,0.35,0.35,5113.66,5128.37,5108.8,5110.63,,,,,,,,,,,,,,,,,,,,,,,,,,,,,,,"price_mixed_ema,no_breakout"
2026-03-13T03:19:38.717143+00:00,USOUSD.s,anaconda,24480388,H4,OUTSIDE_HOURS,OUTSIDE_HOURS,NONE,0,4.866326558831413,0,,,,,,,,,,,,,,,,0.079,0.079,95.54,96.58,94.66,95.94,,,,,,,,,,,,,,,,,,,,,,,,,,,,,,,no_breakout
2026-03-13T03:24:39.570110+00:00,BTCUSD,anaconda,24480388,H4,HOLD,HOLD,NONE,0,1153.765980958723,0,,,,,,,,,,,,,,,,17.04,17.04,71467.84,71750.8,71041.26,71253.3,69314.11719286529,70400.83344086005,1086.7162479947583,62.83565421838969,71773.21,67325.3,4,,,,,,,,,,,,,,,,,,,,,,,,no_breakout
2026-03-13T03:29:40.047347+00:00,BTCUSD,anaconda,24480388,H4,HOLD,HOLD,NONE,0,1153.765980958723,0,,,,,,,,,,,,,,,,16.97,16.97,71467.84,71750.8,71041.26,71096.87,69314.11719286529,70400.83344086005,1086.7162479947583,60.893438891800564,71773.21,67325.3,4,,,,,,,,,,,,,,,,,,,,,,,,no_breakout
2026-03-13T03:34:40.672051+00:00,BTCUSD,anaconda,24480388,H4,HOLD,HOLD,NONE,0,1159.9624095301517,0,,,,,,,,,,,,,,,,17.1,17.1,71467.84,71750.8,70954.51,71189.56,69314.11719286529,70400.83344086005,1086.7162479947583,62.0295017603854,71773.21,67325.3,4,,,,,,,,,,,,,,,,,,,,,,,,no_breakout
2026-03-13T03:39:41.181568+00:00,BTCUSD,anaconda,24480388,H4,HOLD,HOLD,NONE,0,1159.9624095301517,0,,,,,,,,,,,,,,,,17.11,17.11,71467.84,71750.8,70954.51,71034.94,69314.11719286529,70400.83344086005,1086.7162479947583,60.15729858779792,71773.21,67325.3,4,,,,,,,,,,,,,,,,,,,,,,,,no_breakout
2026-03-13T03:44:41.657421+00:00,BTCUSD,anaconda,24480388,H4,HOLD,HOLD,NONE,0,1159.9624095301517,0,,,,,,,,,,,,,,,,17.05,17.05,71467.84,71750.8,70954.51,71126.96,69314.11719286529,70400.83344086005,1086.7162479947583,61.25765044125613,71773.21,67325.3,4,,,,,,,,,,,,,,,,,,,,,,,,no_breakout
2026-03-13T03:49:42.227030+00:00,BTCUSD,anaconda,24480388,H4,HOLD,HOLD,NONE,0,1159.9624095301517,0,,,,,,,,,,,,,,,,17.06,17.06,71467.84,71750.8,70954.51,71199.57,69314.11719286529,70400.83344086005,1086.7162479947583,62.154731435524745,71773.21,67325.3,4,,,,,,,,,,,,,,,,,,,,,,,,no_breakout
2026-03-13T04:11:20.289794+00:00,BTCUSD,anaconda,24480388,H4,HOLD,HOLD,NONE,0,1159.9624095301517,0,,,,,,,,,,,,,,,,16.96,16.96,71467.84,71750.8,70954.51,71419.86,69314.11719286529,70400.83344086005,1086.7162479947583,65.04461965861239,71773.21,67325.3,4,,,,,,,,,,,,,,,,,,,,,,,,no_breakout
2026-03-13T04:11:20.302163+00:00,USDJPY.s,anaconda,24480388,H4,OUTSIDE_HOURS,OUTSIDE_HOURS,NONE,0,0.434468191810927,0,,,,,,,,,,,,,,,,0.024,0.024,159.085,159.407,159.026,159.39,,,,,,,,,,,,,,,,,,,,,,,,,,,,,,,"no_breakout,rsi_out_of_zone"
2026-03-13T04:11:20.302781+00:00,EURUSD.s,anaconda,24480388,H4,OUTSIDE_HOURS,OUTSIDE_HOURS,NONE,0,0.003380765027914701,0,,,,,,,,,,,,,,,,0.00019,0.00019,1.15226,1.15288,1.1504,1.15058,,,,,,,,,,,,,,,,,,,,,,,,,,,,,,,"no_breakout,rsi_out_of_zone"
2026-03-13T04:11:20.303510+00:00,XAUUSD.s,anaconda,24480388,H4,OUTSIDE_HOURS,OUTSIDE_HOURS,NONE,0,50.32218597552422,0,,,,,,,,,,,,,,,,0.34,0.34,5113.66,5128.37,5106.3,5112.86,,,,,,,,,,,,,,,,,,,,,,,,,,,,,,,"price_mixed_ema,no_breakout"
2026-03-13T04:11:20.304071+00:00,USOUSD.s,anaconda,24480388,H4,OUTSIDE_HOURS,OUTSIDE_HOURS,NONE,0,4.866326558831413,0,,,,,,,,,,,,,,,,0.079,0.079,95.54,96.58,94.66,95.545,,,,,,,,,,,,,,,,,,,,,,,,,,,,,,,no_breakout
2026-03-13T04:16:21.227921+00:00,BTCUSD,anaconda,24480388,H4,HOLD,HOLD,NONE,0,1159.9624095301517,0,,,,,,,,,,,,,,,,17.01,17.01,71467.84,71750.8,70954.51,71309.47,69314.11719286529,70400.83344086005,1086.7162479947583,63.56363511078469,71773.21,67325.3,4,,,,,,,,,,,,,,,,,,,,,,,,no_breakout
2026-03-13T04:21:21.650765+00:00,BTCUSD,anaconda,24480388,H4,HOLD,HOLD,NONE,0,1159.9624095301517,0,,,,,,,,,,,,,,,,16.94,16.94,71467.84,71750.8,70954.51,71339.44,69314.11719286529,70400.83344086005,1086.7162479947583,63.95899974763812,71773.21,67325.3,4,,,,,,,,,,,,,,,,,,,,,,,,no_breakout
2026-03-13T04:26:22.096649+00:00,BTCUSD,anaconda,24480388,H4,HOLD,HOLD,NONE,0,1159.9624095301517,0,,,,,,,,,,,,,,,,17.11,17.11,71467.84,71750.8,70954.51,71311.06,69314.11719286529,70400.83344086005,1086.7162479947583,63.58448759088695,71773.21,67325.3,4,,,,,,,,,,,,,,,,,,,,,,,,no_breakout
2026-03-13T04:31:22.508259+00:00,BTCUSD,anaconda,24480388,H4,HOLD,HOLD,NONE,0,1159.9624095301517,0,,,,,,,,,,,,,,,,17.11,17.11,71467.84,71750.8,70954.51,71280.48,69314.11719286529,70400.83344086005,1086.7162479947583,63.18582178745446,71773.21,67325.3,4,,,,,,,,,,,,,,,,,,,,,,,,no_breakout
2026-03-13T04:36:22.928170+00:00,BTCUSD,anaconda,24480388,H4,HOLD,HOLD,NONE,0,1159.9624095301517,0,,,,,,,,,,,,,,,,16.96,16.96,71467.84,71750.8,70954.51,71306.87,69314.11719286529,70400.83344086005,1086.7162479947583,63.52956616830993,71773.21,67325.3,4,,,,,,,,,,,,,,,,,,,,,,,,no_breakout
2026-03-13T04:41:23.374021+00:00,BTCUSD,anaconda,24480388,H4,HOLD,HOLD,NONE,0,1159.9624095301517,0,,,,,,,,,,,,,,,,17.03,17.03,71467.84,71750.8,70954.51,71377.75,69314.11719286529,70400.83344086005,1086.7162479947583,64.47160492240344,71773.21,67325.3,4,,,,,,,,,,,,,,,,,,,,,,,,no_breakout
2026-03-13T04:46:23.876193+00:00,BTCUSD,anaconda,24480388,H4,HOLD,HOLD,NONE,0,1159.9624095301517,0,,,,,,,,,,,,,,,,17.05,17.05,71467.84,71750.8,70954.51,71367.85,69314.11719286529,70400.83344086005,1086.7162479947583,64.33835274848417,71773.21,67325.3,4,,,,,,,,,,,,,,,,,,,,,,,,no_breakout
2026-03-13T04:51:24.330324+00:00,BTCUSD,anaconda,24480388,H4,HOLD,HOLD,NONE,0,1159.9624095301517,0,,,,,,,,,,,,,,,,17.06,17.06,71467.84,71750.8,70954.51,71348.56,69314.11719286529,70400.83344086005,1086.7162479947583,64.08028881356117,71773.21,67325.3,4,,,,,,,,,,,,,,,,,,,,,,,,no_breakout
2026-03-13T04:56:24.850103+00:00,BTCUSD,anaconda,24480388,H4,HOLD,HOLD,NONE,0,1159.9624095301517,0,,,,,,,,,,,,,,,,17.07,17.07,71467.84,71750.8,70954.51,71328.46,69314.11719286529,70400.83344086005,1086.7162479947583,63.81358186557049,71773.21,67325.3,4,,,,,,,,,,,,,,,,,,,,,,,,no_breakout
2026-03-13T05:01:25.268764+00:00,BTCUSD,anaconda,24480388,H4,HOLD,HOLD,NONE,0,1083.3815231397202,0,,,,,,,,,,,,,,,,17.05,17.05,71384.76,71394.29,71306.46,71356.93,69395.27019729115,70388.622970671,993.3527733798546,64.15242564606247,71773.21,68122.2,4,,,,,,,,,,,,,,,,,,,,,,,,no_breakout
2026-03-13T05:01:25.269330+00:00,USDJPY.s,anaconda,24480388,H4,OUTSIDE_HOURS,OUTSIDE_HOURS,NONE,0,0.42513883118061974,0,,,,,,,,,,,,,,,,0.024,0.024,159.497,159.498,159.443,159.461,,,,,,,,,,,,,,,,,,,,,,,,,,,,,,,"no_breakout,rsi_out_of_zone"
2026-03-13T05:01:25.269795+00:00,EURUSD.s,anaconda,24480388,H4,OUTSIDE_HOURS,OUTSIDE_HOURS,NONE,0,0.0031796899749458596,0,,,,,,,,,,,,,,,,0.00019,0.00019,1.15024,1.15032,1.1502,1.15025,,,,,,,,,,,,,,,,,,,,,,,,,,,,,,,"no_breakout,rsi_out_of_zone"
2026-03-13T05:01:25.270426+00:00,XAUUSD.s,anaconda,24480388,H4,OUTSIDE_HOURS,OUTSIDE_HOURS,NONE,0,47.10264207911443,0,,,,,,,,,,,,,,,,0.28,0.28,5104.28,5105.64,5103.79,5103.89,,,,,,,,,,,,,,,,,,,,,,,,,,,,,,,"price_mixed_ema,no_breakout"
2026-03-13T05:01:25.270969+00:00,USOUSD.s,anaconda,24480388,H4,OUTSIDE_HOURS,OUTSIDE_HOURS,NONE,0,4.539088947484308,0,,,,,,,,,,,,,,,,0.079,0.079,95.265,95.39,95.105,95.28,,,,,,,,,,,,,,,,,,,,,,,,,,,,,,,no_breakout
2026-03-13T05:06:25.681849+00:00,BTCUSD,anaconda,24480388,H4,HOLD,HOLD,NONE,0,1086.5508088540066,0,,,,,,,,,,,,,,,,16.95,16.95,71384.76,71394.29,71262.09,71308.51,69395.27019729115,70388.622970671,993.3527733798546,63.44191218294799,71773.21,68122.2,4,,,,,,,,,,,,,,,,,,,,,,,,no_breakout
2026-03-13T05:11:26.120337+00:00,BTCUSD,anaconda,24480388,H4,HOLD,HOLD,NONE,0,1089.0608088540066,0,,,,,,,,,,,,,,,,17.06,17.06,71384.76,71429.43,71262.09,71390.47,69395.27019729115,70388.622970671,993.3527733798546,64.60714050276312,71773.21,68122.2,4,,,,,,,,,,,,,,,,,,,,,,,,no_breakout
2026-03-13T05:16:26.529614+00:00,BTCUSD,anaconda,24480388,H4,HOLD,HOLD,NONE,0,1091.2565231397202,0,,,,,,,,,,,,,,,,16.99,16.99,71384.76,71429.43,71231.35,71273.98,69395.27019729115,70388.622970671,993.3527733798546,62.94475857566515,71773.21,68122.2,4,,,,,,,,,,,,,,,,,,,,,,,,no_breakout
2026-03-13T05:21:26.970645+00:00,BTCUSD,anaconda,24480388,H4,HOLD,HOLD,NONE,0,1091.2565231397202,0,,,,,,,,,,,,,,,,17.02,17.02,71384.76,71429.43,71231.35,71332.18,69395.27019729115,70388.622970671,993.3527733798546,63.78726794294911,71773.21,68122.2,4,,,,,,,,,,,,,,,,,,,,,,,,no_breakout
2026-03-13T05:26:27.417292+00:00,BTCUSD,anaconda,24480388,H4,HOLD,HOLD,NONE,0,1091.567237425435,0,,,,,,,,,,,,,,,,16.98,16.98,71384.76,71433.78,71231.35,71390.13,69395.27019729115,70388.622970671,993.3527733798546,64.60434415211581,71773.21,68122.2,4,,,,,,,,,,,,,,,,,,,,,,,,no_breakout
2026-03-13T05:31:27.897601+00:00,BTCUSD,anaconda,24480388,H4,HOLD,HOLD,NONE,0,1094.3879517111498,0,,,,,,,,,,,,,,,,17.05,17.05,71384.76,71473.27,71231.35,71468.05,69395.27019729115,70388.622970671,993.3527733798546,65.23385403508217,71773.21,68122.2,4,,,,,,,,,,,,,,,,,,,,,,,,no_breakout
2026-03-13T05:36:28.337436+00:00,BTCUSD,anaconda,24480388,H4,HOLD,HOLD,NONE,0,1103.7265231397205,0,,,,,,,,,,,,,,,,16.96,16.96,71384.76,71604.01,71231.35,71539.25,69395.27019729115,70388.622970671,993.3527733798546,65.78980840108554,71773.21,68122.2,4,,,,,,,,,,,,,,,,,,,,,,,,no_breakout
2026-03-13T05:41:28.752941+00:00,BTCUSD,anaconda,24480388,H4,HOLD,HOLD,NONE,0,1104.163665996864,0,,,,,,,,,,,,,,,,16.95,16.95,71384.76,71610.13,71231.35,71594.42,69395.27019729115,70388.622970671,993.3527733798546,66.20851791258565,71773.21,68122.2,4,,,,,,,,,,,,,,,,,,,,,,,,no_breakout
2026-03-13T05:46:29.246843+00:00,BTCUSD,anaconda,24480388,H4,HOLD,HOLD,NONE,0,1104.779380282578,0,,,,,,,,,,,,,,,,16.96,16.96,71384.76,71618.75,71231.35,71579.59,69395.27019729115,70388.622970671,993.3527733798546,66.09697707267753,71773.21,68122.2,4,,,,,,,,,,,,,,,,,,,,,,,,no_breakout
2026-03-13T05:51:29.739419+00:00,BTCUSD,anaconda,24480388,H4,HOLD,HOLD,NONE,0,1104.817951711149,0,,,,,,,,,,,,,,,,17.11,17.11,71384.76,71619.29,71231.35,71500.11,69395.27019729115,70388.622970671,993.3527733798546,65.48640980859713,71773.21,68122.2,4,,,,,,,,,,,,,,,,,,,,,,,,no_breakout
2026-03-13T05:51:29.740197+00:00,USDJPY.s,anaconda,24480388,H4,OUTSIDE_HOURS,OUTSIDE_HOURS,NONE,0,0.4347816883234783,0,,,,,,,,,,,,,,,,0.025,0.025,159.497,159.498,159.308,159.357,,,,,,,,,,,,,,,,,,,,,,,,,,,,,,,"no_breakout,rsi_out_of_zone"
2026-03-13T05:51:29.740822+00:00,EURUSD.s,anaconda,24480388,H4,OUTSIDE_HOURS,OUTSIDE_HOURS,NONE,0,0.003211832832088705,0,,,,,,,,,,,,,,,,0.00019,0.00019,1.15024,1.15056,1.14999,1.15021,,,,,,,,,,,,,,,,,,,,,,,,,,,,,,,"no_breakout,rsi_out_of_zone"
2026-03-13T05:51:29.741349+00:00,XAUUSD.s,anaconda,24480388,H4,OUTSIDE_HOURS,OUTSIDE_HOURS,NONE,0,47.86692779340014,0,,,,,,,,,,,,,,,,0.34,0.34,5104.28,5110.91,5098.36,5102.45,,,,,,,,,,,,,,,,,,,,,,,,,,,,,,,"price_mixed_ema,no_breakout"
2026-03-13T05:51:29.741838+00:00,USOUSD.s,anaconda,24480388,H4,OUTSIDE_HOURS,OUTSIDE_HOURS,NONE,0,4.570874661770023,0,,,,,,,,,,,,,,,,0.079,0.079,95.265,95.6,94.87,95.2,,,,,,,,,,,,,,,,,,,,,,,,,,,,,,,no_breakout
2026-03-13T05:56:30.167028+00:00,BTCUSD,anaconda,24480388,H4,HOLD,HOLD,NONE,0,1104.817951711149,0,,,,,,,,,,,,,,,,16.95,16.95,71384.76,71619.29,71231.35,71585.36,69395.27019729115,70388.622970671,993.3527733798546,66.14046236117599,71773.21,68122.2,4,,,,,,,,,,,,,,,,,,,,,,,,no_breakout
2026-03-13T06:01:30.665714+00:00,BTCUSD,anaconda,24480388,H4,HOLD,HOLD,NONE,0,1105.4108088540063,0,,,,,,,,,,,,,,,,16.98,16.98,71384.76,71627.59,71231.35,71523.0,69395.27019729115,70388.622970671,993.3527733798546,65.66449445272201,71773.21,68122.2,4,,,,,,,,,,,,,,,,,,,,,,,,no_breakout
2026-03-13T06:06:31.111416+00:00,BTCUSD,anaconda,24480388,H4,HOLD,HOLD,NONE,0,1105.4108088540063,0,,,,,,,,,,,,,,,,17.0,17.0,71384.76,71627.59,71231.35,71496.03,69395.27019729115,70388.622970671,993.3527733798546,65.45447316901334,71773.21,68122.2,4,,,,,,,,,,,,,,,,,,,,,,,,no_breakout
2026-03-13T06:11:31.547026+00:00,BTCUSD,anaconda,24480388,H4,HOLD,HOLD,NONE,0,1105.4108088540063,0,,,,,,,,,,,,,,,,17.0,17.0,71384.76,71627.59,71231.35,71518.84,69395.27019729115,70388.622970671,993.3527733798546,65.63226634796922,71773.21,68122.2,4,,,,,,,,,,,,,,,,,,,,,,,,no_breakout
2026-03-13T06:16:32.011224+00:00,BTCUSD,anaconda,24480388,H4,HOLD,HOLD,NONE,0,1105.4108088540063,0,,,,,,,,,,,,,,,,17.03,17.03,71384.76,71627.59,71231.35,71484.21,69395.27019729115,70388.622970671,993.3527733798546,65.36161630526931,71773.21,68122.2,4,,,,,,,,,,,,,,,,,,,,,,,,no_breakout
2026-03-13T06:21:32.427134+00:00,BTCUSD,anaconda,24480388,H4,HOLD,HOLD,NONE,0,1105.4108088540063,0,,,,,,,,,,,,,,,,17.09,17.09,71384.76,71627.59,71231.35,71472.29,69395.27019729115,70388.622970671,993.3527733798546,65.26746693322511,71773.21,68122.2,4,,,,,,,,,,,,,,,,,,,,,,,,no_breakout
2026-03-13T06:26:33.111445+00:00,BTCUSD,anaconda,24480388,H4,HOLD,HOLD,NONE,0,1105.4108088540063,0,,,,,,,,,,,,,,,,17.12,17.12,71384.76,71627.59,71231.35,71372.27,69395.27019729115,70388.622970671,993.3527733798546,64.38085576544745,71773.21,68122.2,4,,,,,,,,,,,,,,,,,,,,,,,,no_breakout
2026-03-13T06:31:33.575786+00:00,BTCUSD,anaconda,24480388,H4,HOLD,HOLD,NONE,0,1106.7029517111498,0,,,,,,,,,,,,,,,,17.06,17.06,71384.76,71627.59,71213.26,71273.54,69395.27019729115,70388.622970671,993.3527733798546,62.93847384549377,71773.21,68122.2,4,,,,,,,,,,,,,,,,,,,,,,,,no_breakout
2026-03-13T06:36:34.035885+00:00,BTCUSD,anaconda,24480388,H4,HOLD,HOLD,NONE,0,1108.0043802825785,0,,,,,,,,,,,,,,,,17.0,17.0,71384.76,71627.59,71195.04,71241.61,69395.27019729115,70388.622970671,993.3527733798546,62.485728345150164,71773.21,68122.2,4,,,,,,,,,,,,,,,,,,,,,,,,no_breakout
2026-03-13T06:41:34.476918+00:00,BTCUSD,anaconda,24480388,H4,HOLD,HOLD,NONE,0,1109.5593802825779,0,,,,,,,,,,,,,,,,17.04,17.04,71384.76,71627.59,71173.27,71293.64,69395.27019729115,70388.622970671,993.3527733798546,63.226858434692076,71773.21,68122.2,4,,,,,,,,,,,,,,,,,,,,,,,,no_breakout
2026-03-13T06:41:34.477645+00:00,USDJPY.s,anaconda,24480388,H4,OUTSIDE_HOURS,OUTSIDE_HOURS,NONE,0,0.4347816883234783,0,,,,,,,,,,,,,,,,0.024,0.024,159.497,159.498,159.308,159.378,,,,,,,,,,,,,,,,,,,,,,,,,,,,,,,"no_breakout,rsi_out_of_zone"
2026-03-13T06:41:34.478190+00:00,EURUSD.s,anaconda,24480388,H4,OUTSIDE_HOURS,OUTSIDE_HOURS,NONE,0,0.0032839756892315748,0,,,,,,,,,,,,,,,,0.00019,0.00019,1.15024,1.15056,1.14898,1.14924,,,,,,,,,,,,,,,,,,,,,,,,,,,,,,,"no_breakout,rsi_out_of_zone"
2026-03-13T06:41:34.478751+00:00,XAUUSD.s,anaconda,24480388,H4,OUTSIDE_HOURS,OUTSIDE_HOURS,NONE,0,48.616213507685835,0,,,,,,,,,,,,,,,,0.34,0.34,5104.28,5110.91,5087.87,5092.86,,,,,,,,,,,,,,,,,,,,,,,,,,,,,,,"price_mixed_ema,no_breakout"
2026-03-13T06:41:34.479423+00:00,USOUSD.s,anaconda,24480388,H4,OUTSIDE_HOURS,OUTSIDE_HOURS,NONE,0,4.611231804627167,0,,,,,,,,,,,,,,,,0.079,0.079,95.265,95.8,94.505,95.295,,,,,,,,,,,,,,,,,,,,,,,,,,,,,,,no_breakout
2026-03-13T06:46:34.943394+00:00,BTCUSD,anaconda,24480388,H4,HOLD,HOLD,NONE,0,1109.5593802825779,0,,,,,,,,,,,,,,,,17.0,17.0,71384.76,71627.59,71173.27,71244.09,69395.27019729115,70388.622970671,993.3527733798546,62.52065960492573,71773.21,68122.2,4,,,,,,,,,,,,,,,,,,,,,,,,no_breakout
2026-03-13T06:51:35.354748+00:00,BTCUSD,anaconda,24480388,H4,HOLD,HOLD,NONE,0,1109.5593802825779,0,,,,,,,,,,,,,,,,17.08,17.08,71384.76,71627.59,71173.27,71280.64,69395.27019729115,70388.622970671,993.3527733798546,63.040040048495214,71773.21,68122.2,4,,,,,,,,,,,,,,,,,,,,,,,,no_breakout
2026-03-13T06:56:35.806027+00:00,BTCUSD,anaconda,24480388,H4,HOLD,HOLD,NONE,0,1109.5593802825779,0,,,,,,,,,,,,,,,,17.02,17.02,71384.76,71627.59,71173.27,71353.23,69395.27019729115,70388.622970671,993.3527733798546,64.09757085601447,71773.21,68122.2,4,,,,,,,,,,,,,,,,,,,,,,,,no_breakout
2026-03-13T07:01:36.260950+00:00,BTCUSD,anaconda,24480388,H4,HOLD,HOLD,NONE,0,1109.5593802825779,0,,,,,,,,,,,,,,,,17.06,17.06,71384.76,71627.59,71173.27,71228.21,69395.27019729115,70388.622970671,993.3527733798546,62.297660066569854,71773.21,68122.2,4,,,,,,,,,,,,,,,,,,,,,,,,no_breakout
2026-03-13T07:01:36.262440+00:00,USDJPY.s,anaconda,24480388,H4,HOLD,HOLD,NONE,0,0.4347816883234783,0,,,,,,,,,,,,,,,,0.024,0.024,159.497,159.498,159.308,159.444,157.98892074782853,156.56233681613634,1.4265839316921927,68.42814209956018,159.42,157.264,3,,,,,,,,,,,,,,,,,,,,,,,,"no_breakout,rsi_out_of_zone"
2026-03-13T07:01:36.263870+00:00,EURUSD.s,anaconda,24480388,H4,HOLD,HOLD,NONE,0,0.0033768328320887076,0,,,,,,,,,,,,,,,,0.00018,0.00018,1.15024,1.15056,1.14768,1.14775,1.160557138507644,1.1714094075425483,0.010852269034904216,27.577609973959525,1.16665,1.15092,3,,,,,,,,,,,,,,,,,,,,,,,,"no_breakout,rsi_out_of_zone"
2026-03-13T07:01:36.265497+00:00,XAUUSD.s,anaconda,24480388,H4,HOLD,HOLD,NONE,0,48.91764207911442,0,,,,,,,,,,,,,,,,0.35,0.35,5104.28,5110.91,5083.65,5087.05,5152.258749989541,5041.752110002252,110.50663998728851,37.78788146244955,5238.46,5055.02,3,,,,,,,,,,,,,,,,,,,,,,,,"price_mixed_ema,no_breakout"
2026-03-13T07:06:36.719804+00:00,BTCUSD,anaconda,24480388,H4,HOLD,HOLD,NONE,0,1109.5593802825779,0,,,,,,,,,,,,,,,,17.07,17.07,71384.76,71627.59,71173.27,71368.97,69395.27019729115,70388.622970671,993.3527733798546,64.33157776605567,71773.21,68122.2,4,,,,,,,,,,,,,,,,,,,,,,,,no_breakout
2026-03-13T07:06:36.721568+00:00,USDJPY.s,anaconda,24480388,H4,HOLD,HOLD,NONE,0,0.4347816883234783,0,,,,,,,,,,,,,,,,0.023,0.023,159.497,159.498,159.308,159.42,157.98892074782853,156.56233681613634,1.4265839316921927,67.58969454636784,159.42,157.264,3,,,,,,,,,,,,,,,,,,,,,,,,"no_breakout,rsi_out_of_zone"
2026-03-13T07:06:36.723369+00:00,EURUSD.s,anaconda,24480388,H4,HOLD,HOLD,NONE,0,0.0033882614035172743,0,,,,,,,,,,,,,,,,0.00019,0.00019,1.15024,1.15056,1.14752,1.14753,1.160557138507644,1.1714094075425483,0.010852269034904216,27.24095434813931,1.16665,1.15092,3,,,,,,,,,,,,,,,,,,,,,,,,"no_breakout,rsi_out_of_zone"
2026-03-13T07:06:36.724858+00:00,XAUUSD.s,anaconda,24480388,H4,HOLD,HOLD,NONE,0,48.91764207911442,0,,,,,,,,,,,,,,,,0.34,0.34,5104.28,5110.91,5083.65,5091.63,5152.258749989541,5041.752110002252,110.50663998728851,38.52344327390508,5238.46,5055.02,3,,,,,,,,,,,,,,,,,,,,,,,,"price_mixed_ema,no_breakout"
2026-03-13T07:11:37.202531+00:00,BTCUSD,anaconda,24480388,H4,HOLD,HOLD,NONE,0,1109.5593802825779,0,,,,,,,,,,,,,,,,17.03,17.03,71384.76,71627.59,71173.27,71466.62,69395.27019729115,70388.622970671,993.3527733798546,65.22250293363342,71773.21,68122.2,4,,,,,,,,,,,,,,,,,,,,,,,,no_breakout
2026-03-13T07:11:37.203899+00:00,USDJPY.s,anaconda,24480388,H4,HOLD,HOLD,NONE,0,0.4347816883234783,0,,,,,,,,,,,,,,,,0.023,0.023,159.497,159.498,159.308,159.425,157.98892074782853,156.56233681613634,1.4265839316921927,67.76267237484687,159.42,157.264,3,,,,,,,,,,,,,,,,,,,,,,,,"no_breakout,rsi_out_of_zone"
2026-03-13T07:11:37.205213+00:00,EURUSD.s,anaconda,24480388,H4,HOLD,HOLD,NONE,0,0.003392547117803001,0,,,,,,,,,,,,,,,,0.00018,0.00018,1.15024,1.15056,1.14746,1.14751,1.160557138507644,1.1714094075425483,0.010852269034904216,27.210756417679065,1.16665,1.15092,3,,,,,,,,,,,,,,,,,,,,,,,,"no_breakout,rsi_out_of_zone"
2026-03-13T07:11:37.206457+00:00,XAUUSD.s,anaconda,24480388,H4,HOLD,HOLD,NONE,0,48.91764207911442,0,,,,,,,,,,,,,,,,0.32,0.32,5104.28,5110.91,5083.65,5090.96,5152.258749989541,5041.752110002252,110.50663998728851,38.41405617079382,5238.46,5055.02,3,,,,,,,,,,,,,,,,,,,,,,,,"price_mixed_ema,no_breakout"
2026-03-13T07:16:37.615980+00:00,BTCUSD,anaconda,24480388,H4,HOLD,HOLD,NONE,0,1109.5593802825779,0,,,,,,,,,,,,,,,,16.97,16.97,71384.76,71627.59,71173.27,71415.28,69395.27019729115,70388.622970671,993.3527733798546,64.81000623923096,71773.21,68122.2,4,,,,,,,,,,,,,,,,,,,,,,,,no_breakout
2026-03-13T07:16:37.617587+00:00,USDJPY.s,anaconda,24480388,H4,HOLD,HOLD,NONE,0,0.4347816883234783,0,,,,,,,,,,,,,,,,0.023,0.023,159.497,159.498,159.308,159.455,157.98892074782853,156.56233681613634,1.4265839316921927,68.8194223106154,159.42,157.264,3,,,,,,,,,,,,,,,,,,,,,,,,"no_breakout,rsi_out_of_zone"
2026-03-13T07:16:37.618802+00:00,EURUSD.s,anaconda,24480388,H4,HOLD,HOLD,NONE,0,0.003405404260660133,0,,,,,,,,,,,,,,,,0.00019,0.00019,1.15024,1.15056,1.14728,1.14728,1.160557138507644,1.1714094075425483,0.010852269034904216,26.868231800912582,1.16665,1.15092,3,,,,,,,,,,,,,,,,,,,,,,,,"no_breakout,rsi_out_of_zone"
2026-03-13T07:16:37.620069+00:00,XAUUSD.s,anaconda,24480388,H4,HOLD,HOLD,NONE,0,48.91764207911442,0,,,,,,,,,,,,,,,,0.31,0.31,5104.28,5110.91,5083.65,5084.01,5152.258749989541,5041.752110002252,110.50663998728851,37.314964153074555,5238.46,5055.02,3,,,,,,,,,,,,,,,,,,,,,,,,"price_mixed_ema,no_breakout"
2026-03-13T07:21:38.043629+00:00,BTCUSD,anaconda,24480388,H4,HOLD,HOLD,NONE,0,1109.5593802825779,0,,,,,,,,,,,,,,,,16.96,16.96,71384.76,71627.59,71173.27,71464.33,69395.27019729115,70388.622970671,993.3527733798546,65.20430984833642,71773.21,68122.2,4,,,,,,,,,,,,,,,,,,,,,,,,no_breakout
2026-03-13T07:21:38.045172+00:00,USDJPY.s,anaconda,24480388,H4,HOLD,HOLD,NONE,0,0.43735311689490697,0,,,,,,,,,,,,,,,,0.024,0.024,159.497,159.534,159.308,159.52,157.98892074782853,156.56233681613634,1.4265839316921927,70.71344789342992,159.42,157.264,3,,,,,,,,,,,,,,,,,,,,,,,,"no_breakout,rsi_out_of_zone"
2026-03-13T07:21:38.046301+00:00,EURUSD.s,anaconda,24480388,H4,HOLD,HOLD,NONE,0,0.0034311185463744287,0,,,,,,,,,,,,,,,,0.00018,0.00018,1.15024,1.15056,1.14692,1.14692,1.160557138507644,1.1714094075425483,0.010852269034904216,26.349083598546684,1.16665,1.15092,3,,,,,,,,,,,,,,,,,,,,,,,,"no_breakout,rsi_out_of_zone"
2026-03-13T07:21:38.047453+00:00,XAUUSD.s,anaconda,24480388,H4,HOLD,HOLD,NONE,0,49.60621350768581,0,,,,,,,,,,,,,,,,0.28,0.28,5104.28,5110.91,5074.01,5074.04,5152.258749989541,5041.752110002252,110.50663998728851,35.843776728981666,5238.46,5055.02,3,,,,,,,,,,,,,,,,,,,,,,,,"price_mixed_ema,no_breakout"
2026-03-13T07:26:38.465149+00:00,BTCUSD,anaconda,24480388,H4,HOLD,HOLD,NONE,0,1109.5593802825779,0,,,,,,,,,,,,,,,,17.1,17.1,71384.76,71627.59,71173.27,71491.4,69395.27019729115,70388.622970671,993.3527733798546,65.41815967748349,71773.21,68122.2,4,,,,,,,,,,,,,,,,,,,,,,,,no_breakout
2026-03-13T07:26:38.466681+00:00,USDJPY.s,anaconda,24480388,H4,HOLD,HOLD,NONE,0,0.43735311689490697,0,,,,,,,,,,,,,,,,0.024,0.024,159.497,159.534,159.308,159.478,157.98892074782853,156.56233681613634,1.4265839316921927,69.65218843923894,159.42,157.264,3,,,,,,,,,,,,,,,,,,,,,,,,"no_breakout,rsi_out_of_zone"
2026-03-13T07:26:38.468003+00:00,EURUSD.s,anaconda,24480388,H4,HOLD,HOLD,NONE,0,0.0034568328320887082,0,,,,,,,,,,,,,,,,0.00018,0.00018,1.15024,1.15056,1.14656,1.14679,1.160557138507644,1.1714094075425483,0.010852269034904216,26.166509605156577,1.16665,1.15092,3,,,,,,,,,,,,,,,,,,,,,,,,"no_breakout,rsi_out_of_zone"
2026-03-13T07:26:38.469410+00:00,XAUUSD.s,anaconda,24480388,H4,HOLD,HOLD,NONE,0,49.77335636482868,0,,,,,,,,,,,,,,,,0.32,0.32,5104.28,5110.91,5071.67,5079.96,5152.258749989541,5041.752110002252,110.50663998728851,36.70301429532429,5238.46,5055.02,3,,,,,,,,,,,,,,,,,,,,,,,,"price_mixed_ema,no_breakout"
2026-03-13T07:31:38.886138+00:00,BTCUSD,anaconda,24480388,H4,HOLD,HOLD,NONE,0,1109.5593802825779,0,,,,,,,,,,,,,,,,17.05,17.05,71384.76,71627.59,71173.27,71549.01,69395.27019729115,70388.622970671,993.3527733798546,65.86463516594517,71773.21,68122.2,4,,,,,,,,,,,,,,,,,,,,,,,,no_breakout
2026-03-13T07:31:38.887737+00:00,USDJPY.s,anaconda,24480388,H4,HOLD,HOLD,NONE,0,0.43735311689490697,0,,,,,,,,,,,,,,,,0.023,0.023,159.497,159.534,159.308,159.46,157.98892074782853,156.56233681613634,1.4265839316921927,68.99876007066655,159.42,157.264,3,,,,,,,,,,,,,,,,,,,,,,,,"no_breakout,rsi_out_of_zone"
2026-03-13T07:31:38.889162+00:00,EURUSD.s,anaconda,24480388,H4,HOLD,HOLD,NONE,0,0.0034568328320887082,0,,,,,,,,,,,,,,,,0.00019,0.00019,1.15024,1.15056,1.14656,1.147,1.160557138507644,1.1714094075425483,0.010852269034904216,26.462708638633544,1.16665,1.15092,3,,,,,,,,,,,,,,,,,,,,,,,,"no_breakout,rsi_out_of_zone"
2026-03-13T07:31:38.890499+00:00,XAUUSD.s,anaconda,24480388,H4,HOLD,HOLD,NONE,0,49.77335636482868,0,,,,,,,,,,,,,,,,0.28,0.28,5104.28,5110.91,5071.67,5085.48,5152.258749989541,5041.752110002252,110.50663998728851,37.54215751828352,5238.46,5055.02,3,,,,,,,,,,,,,,,,,,,,,,,,"price_mixed_ema,no_breakout"
2026-03-13T07:31:38.891117+00:00,USOUSD.s,anaconda,24480388,H4,OUTSIDE_HOURS,OUTSIDE_HOURS,NONE,0,4.700517518912881,0,,,,,,,,,,,,,,,,0.079,0.079,95.265,97.05,94.505,96.64,,,,,,,,,,,,,,,,,,,,,,,,,,,,,,,no_breakout
2026-03-13T07:36:39.341827+00:00,BTCUSD,anaconda,24480388,H4,HOLD,HOLD,NONE,0,1109.5593802825779,0,,,,,,,,,,,,,,,,17.05,17.05,71384.76,71627.59,71173.27,71458.43,69395.27019729115,70388.622970671,993.3527733798546,65.15734901955005,71773.21,68122.2,4,,,,,,,,,,,,,,,,,,,,,,,,no_breakout
2026-03-13T07:36:39.343343+00:00,USDJPY.s,anaconda,24480388,H4,HOLD,HOLD,NONE,0,0.43735311689490697,0,,,,,,,,,,,,,,,,0.024,0.024,159.497,159.534,159.308,159.381,157.98892074782853,156.56233681613634,1.4265839316921927,66.27018450908133,159.42,157.264,3,,,,,,,,,,,,,,,,,,,,,,,,"no_breakout,rsi_out_of_zone"
2026-03-13T07:36:39.344690+00:00,EURUSD.s,anaconda,24480388,H4,HOLD,HOLD,NONE,0,0.0034568328320887082,0,,,,,,,,,,,,,,,,0.00018,0.00018,1.15024,1.15056,1.14656,1.1473,1.160557138507644,1.1714094075425483,0.010852269034904216,26.89767385168453,1.16665,1.15092,3,,,,,,,,,,,,,,,,,,,,,,,,"no_breakout,rsi_out_of_zone"
2026-03-13T07:36:39.346112+00:00,XAUUSD.s,anaconda,24480388,H4,HOLD,HOLD,NONE,0,49.77335636482868,0,,,,,,,,,,,,,,,,0.29,0.29,5104.28,5110.91,5071.67,5091.39,5152.258749989541,5041.752110002252,110.50663998728851,38.48418829720268,5238.46,5055.02,3,,,,,,,,,,,,,,,,,,,,,,,,"price_mixed_ema,no_breakout"
2026-03-13T07:41:39.787084+00:00,BTCUSD,anaconda,24480388,H4,HOLD,HOLD,NONE,0,1109.5593802825779,0,,,,,,,,,,,,,,,,16.94,16.94,71384.76,71627.59,71173.27,71564.92,69395.27019729115,70388.622970671,993.3527733798546,65.98591278028698,71773.21,68122.2,4,,,,,,,,,,,,,,,,,,,,,,,,no_breakout
2026-03-13T07:41:39.788565+00:00,USDJPY.s,anaconda,24480388,H4,HOLD,HOLD,NONE,0,0.43735311689490697,0,,,,,,,,,,,,,,,,0.023,0.023,159.497,159.534,159.308,159.367,157.98892074782853,156.56233681613634,1.4265839316921927,65.80899343719402,159.42,157.264,3,,,,,,,,,,,,,,,,,,,,,,,,"no_breakout,rsi_out_of_zone"
2026-03-13T07:41:39.789735+00:00,EURUSD.s,anaconda,24480388,H4,HOLD,HOLD,NONE,0,0.0034568328320887082,0,,,,,,,,,,,,,,,,0.00018,0.00018,1.15024,1.15056,1.14656,1.14706,1.160557138507644,1.1714094075425483,0.010852269034904216,26.548572610405614,1.16665,1.15092,3,,,,,,,,,,,,,,,,,,,,,,,,"no_breakout,rsi_out_of_zone"
2026-03-13T07:41:39.791130+00:00,XAUUSD.s,anaconda,24480388,H4,HOLD,HOLD,NONE,0,49.77335636482868,0,,,,,,,,,,,,,,,,0.32,0.32,5104.28,5110.91,5071.67,5091.38,5152.258749989541,5041.752110002252,110.50663998728851,38.48255440922821,5238.46,5055.02,3,,,,,,,,,,,,,,,,,,,,,,,,"price_mixed_ema,no_breakout"
2026-03-13T07:46:40.234139+00:00,BTCUSD,anaconda,24480388,H4,HOLD,HOLD,NONE,0,1109.5593802825779,0,,,,,,,,,,,,,,,,17.08,17.08,71384.76,71627.59,71173.27,71580.98,69395.27019729115,70388.622970671,993.3527733798546,66.10746294098257,71773.21,68122.2,4,,,,,,,,,,,,,,,,,,,,,,,,no_breakout
2026-03-13T07:46:40.235487+00:00,USDJPY.s,anaconda,24480388,H4,HOLD,HOLD,NONE,0,0.43735311689490697,0,,,,,,,,,,,,,,,,0.023,0.023,159.497,159.534,159.308,159.407,157.98892074782853,156.56233681613634,1.4265839316921927,67.14405794993426,159.42,157.264,3,,,,,,,,,,,,,,,,,,,,,,,,"no_breakout,rsi_out_of_zone"
2026-03-13T07:46:40.236913+00:00,EURUSD.s,anaconda,24480388,H4,HOLD,HOLD,NONE,0,0.003464689974945855,0,,,,,,,,,,,,,,,,0.00018,0.00018,1.15024,1.15056,1.14645,1.14668,1.160557138507644,1.1714094075425483,0.010852269034904216,26.013988593296816,1.16665,1.15092,3,,,,,,,,,,,,,,,,,,,,,,,,"no_breakout,rsi_out_of_zone"
2026-03-13T07:46:40.238175+00:00,XAUUSD.s,anaconda,24480388,H4,HOLD,HOLD,NONE,0,49.77335636482868,0,,,,,,,,,,,,,,,,0.28,0.28,5104.28,5110.91,5071.67,5091.78,5152.258749989541,5041.752110002252,110.50663998728851,38.548018327133235,5238.46,5055.02,3,,,,,,,,,,,,,,,,,,,,,,,,"price_mixed_ema,no_breakout"
2026-03-13T07:51:40.688846+00:00,BTCUSD,anaconda,24480388,H4,HOLD,HOLD,NONE,0,1112.2722374254356,0,,,,,,,,,,,,,,,,16.97,16.97,71384.76,71665.57,71173.27,71593.01,69395.27019729115,70388.622970671,993.3527733798546,66.19794446639068,71773.21,68122.2,4,,,,,,,,,,,,,,,,,,,,,,,,no_breakout
2026-03-13T07:51:40.690214+00:00,USDJPY.s,anaconda,24480388,H4,HOLD,HOLD,NONE,0,0.43735311689490697,0,,,,,,,,,,,,,,,,0.023,0.023,159.497,159.534,159.308,159.392,157.98892074782853,156.56233681613634,1.4265839316921927,66.63710877865417,159.42,157.264,3,,,,,,,,,,,,,,,,,,,,,,,,"no_breakout,rsi_out_of_zone"
2026-03-13T07:51:40.691535+00:00,EURUSD.s,anaconda,24480388,H4,HOLD,HOLD,NONE,0,0.003540404260660145,0,,,,,,,,,,,,,,,,0.00019,0.00019,1.15024,1.15056,1.14539,1.14553,1.160557138507644,1.1714094075425483,0.010852269034904216,24.51979823396745,1.16665,1.15092,3,,,,,,,,,,,,,,,,,,,,,,,,"no_breakout,rsi_out_of_zone"
2026-03-13T07:51:40.692769+00:00,XAUUSD.s,anaconda,24480388,H4,HOLD,HOLD,NONE,0,49.77335636482868,0,,,,,,,,,,,,,,,,0.29,0.29,5104.28,5110.91,5071.67,5085.82,5152.258749989541,5041.752110002252,110.50663998728851,37.595100140021295,5238.46,5055.02,3,,,,,,,,,,,,,,,,,,,,,,,,"price_mixed_ema,no_breakout"
2026-03-13T07:56:41.312584+00:00,BTCUSD,anaconda,24480388,H4,HOLD,HOLD,NONE,0,1112.2722374254356,0,,,,,,,,,,,,,,,,17.08,17.08,71384.76,71665.57,71173.27,71569.42,69395.27019729115,70388.622970671,993.3527733798546,66.02005887594379,71773.21,68122.2,4,,,,,,,,,,,,,,,,,,,,,,,,no_breakout
2026-03-13T07:56:41.314790+00:00,USDJPY.s,anaconda,24480388,H4,HOLD,HOLD,NONE,0,0.43735311689490697,0,,,,,,,,,,,,,,,,0.023,0.023,159.497,159.534,159.308,159.44,157.98892074782853,156.56233681613634,1.4265839316921927,68.28695925040302,159.42,157.264,3,,,,,,,,,,,,,,,,,,,,,,,,"no_breakout,rsi_out_of_zone"
2026-03-13T07:56:41.316937+00:00,EURUSD.s,anaconda,24480388,H4,HOLD,HOLD,NONE,0,0.003540404260660145,0,,,,,,,,,,,,,,,,0.00019,0.00019,1.15024,1.15056,1.14539,1.14567,1.160557138507644,1.1714094075425483,0.010852269034904216,24.69245894305159,1.16665,1.15092,3,,,,,,,,,,,,,,,,,,,,,,,,"no_breakout,rsi_out_of_zone"
2026-03-13T07:56:41.318576+00:00,XAUUSD.s,anaconda,24480388,H4,HOLD,HOLD,NONE,0,49.77335636482868,0,,,,,,,,,,,,,,,,0.29,0.29,5104.28,5110.91,5071.67,5085.21,5152.258749989541,5041.752110002252,110.50663998728851,37.50022095165237,5238.46,5055.02,3,,,,,,,,,,,,,,,,,,,,,,,,"price_mixed_ema,no_breakout"
2026-03-13T08:01:41.858723+00:00,BTCUSD,anaconda,24480388,H4,HOLD,HOLD,NONE,0,1112.2722374254356,0,,,,,,,,,,,,,,,,17.09,17.09,71384.76,71665.57,71173.27,71643.45,69395.27019729115,70388.622970671,993.3527733798546,66.5721189199694,71773.21,68122.2,4,,,,,,,,,,,,,,,,,,,,,,,,no_breakout
2026-03-13T08:01:41.860331+00:00,USDJPY.s,anaconda,24480388,H4,HOLD,HOLD,NONE,0,0.43735311689490697,0,,,,,,,,,,,,,,,,0.023,0.023,159.497,159.534,159.308,159.402,157.98892074782853,156.56233681613634,1.4265839316921927,66.97422002248936,159.42,157.264,3,,,,,,,,,,,,,,,,,,,,,,,,"no_breakout,rsi_out_of_zone"
2026-03-13T08:01:41.861654+00:00,EURUSD.s,anaconda,24480388,H4,HOLD,HOLD,NONE,0,0.0035575471178029877,0,,,,,,,,,,,,,,,,0.00018,0.00018,1.15024,1.15056,1.1451500000000001,1.14528,1.160557138507644,1.1714094075425483,0.010852269034904216,24.21740727768507,1.16665,1.15092,3,,,,,,,,,,,,,,,,,,,,,,,,"no_breakout,rsi_out_of_zone"
2026-03-13T08:01:41.862902+00:00,XAUUSD.s,anaconda,24480388,H4,HOLD,HOLD,NONE,0,49.77335636482868,0,,,,,,,,,,,,,,,,0.28,0.28,5104.28,5110.91,5071.67,5080.29,5152.258749989541,5041.752110002252,110.50663998728851,36.75212477526685,5238.46,5055.02,3,,,,,,,,,,,,,,,,,,,,,,,,"price_mixed_ema,no_breakout"
2026-03-13T08:06:42.335199+00:00,BTCUSD,anaconda,24480388,H4,HOLD,HOLD,NONE,0,1112.2722374254356,0,,,,,,,,,,,,,,,,17.03,17.03,71384.76,71665.57,71173.27,71491.83,69395.27019729115,70388.622970671,993.3527733798546,65.42153542034166,71773.21,68122.2,4,,,,,,,,,,,,,,,,,,,,,,,,no_breakout
2026-03-13T08:06:42.336548+00:00,USDJPY.s,anaconda,24480388,H4,HOLD,HOLD,NONE,0,0.43735311689490697,0,,,,,,,,,,,,,,,,0.023,0.023,159.497,159.534,159.308,159.449,157.98892074782853,156.56233681613634,1.4265839316921927,68.60544374180549,159.42,157.264,3,,,,,,,,,,,,,,,,,,,,,,,,"no_breakout,rsi_out_of_zone"
2026-03-13T08:06:42.337760+00:00,EURUSD.s,anaconda,24480388,H4,HOLD,HOLD,NONE,0,0.0035989756892315606,0,,,,,,,,,,,,,,,,0.00018,0.00018,1.15024,1.15056,1.14457,1.14457,1.160557138507644,1.1714094075425483,0.010852269034904216,23.39791036972788,1.16665,1.15092,3,,,,,,,,,,,,,,,,,,,,,,,,"no_breakout,rsi_out_of_zone"
2026-03-13T08:06:42.338939+00:00,XAUUSD.s,anaconda,24480388,H4,HOLD,HOLD,NONE,0,50.13049922197153,0,,,,,,,,,,,,,,,,0.29,0.29,5104.28,5110.91,5066.67,5069.63,5152.258749989541,5041.752110002252,110.50663998728851,35.229401535632476,5238.46,5055.02,3,,,,,,,,,,,,,,,,,,,,,,,,"price_mixed_ema,no_breakout"
2026-03-13T08:11:42.778898+00:00,BTCUSD,anaconda,24480388,H4,HOLD,HOLD,NONE,0,1112.2722374254356,0,,,,,,,,,,,,,,,,17.08,17.08,71384.76,71665.57,71173.27,71474.77,69395.27019729115,70388.622970671,993.3527733798546,65.28709719841987,71773.21,68122.2,4,,,,,,,,,,,,,,,,,,,,,,,,no_breakout
2026-03-13T08:11:42.780173+00:00,USDJPY.s,anaconda,24480388,H4,HOLD,HOLD,NONE,0,0.43735311689490697,0,,,,,,,,,,,,,,,,0.023,0.023,159.497,159.534,159.308,159.385,157.98892074782853,156.56233681613634,1.4265839316921927,66.40314304828706,159.42,157.264,3,,,,,,,,,,,,,,,,,,,,,,,,"no_breakout,rsi_out_of_zone"
2026-03-13T08:11:42.781343+00:00,EURUSD.s,anaconda,24480388,H4,HOLD,HOLD,NONE,0,0.0036625471178029934,0,,,,,,,,,,,,,,,,0.00019,0.00019,1.15024,1.15056,1.14368,1.14375,1.160557138507644,1.1714094075425483,0.010852269034904216,22.51787021441966,1.16665,1.15092,3,,,,,,,,,,,,,,,,,,,,,,,,"no_breakout,rsi_out_of_zone"
2026-03-13T08:11:42.782625+00:00,XAUUSD.s,anaconda,24480388,H4,HOLD,HOLD,NONE,0,50.13049922197153,0,,,,,,,,,,,,,,,,0.29,0.29,5104.28,5110.91,5066.67,5074.98,5152.258749989541,5041.752110002252,110.50663998728851,35.97751287624297,5238.46,5055.02,3,,,,,,,,,,,,,,,,,,,,,,,,"price_mixed_ema,no_breakout"
2026-03-13T08:16:43.198479+00:00,BTCUSD,anaconda,24480388,H4,HOLD,HOLD,NONE,0,1112.2722374254356,0,,,,,,,,,,,,,,,,17.1,17.1,71384.76,71665.57,71173.27,71487.24,69395.27019729115,70388.622970671,993.3527733798546,65.38546726265137,71773.21,68122.2,4,,,,,,,,,,,,,,,,,,,,,,,,no_breakout
2026-03-13T08:16:43.199883+00:00,USDJPY.s,anaconda,24480388,H4,HOLD,HOLD,NONE,0,0.43735311689490697,0,,,,,,,,,,,,,,,,0.024,0.024,159.497,159.534,159.308,159.449,157.98892074782853,156.56233681613634,1.4265839316921927,68.60544374180549,159.42,157.264,3,,,,,,,,,,,,,,,,,,,,,,,,"no_breakout,rsi_out_of_zone"
2026-03-13T08:16:43.201164+00:00,EURUSD.s,anaconda,24480388,H4,HOLD,HOLD,NONE,0,0.003668261403517285,0,,,,,,,,,,,,,,,,0.00018,0.00018,1.15024,1.15056,1.1436,1.14364,1.160557138507644,1.1714094075425483,0.010852269034904216,22.404826651585623,1.16665,1.15092,3,,,,,,,,,,,,,,,,,,,,,,,,"no_breakout,rsi_out_of_zone"
2026-03-13T08:16:43.202880+00:00,XAUUSD.s,anaconda,24480388,H4,HOLD,HOLD,NONE,0,50.13049922197153,0,,,,,,,,,,,,,,,,0.28,0.28,5104.28,5110.91,5066.67,5076.87,5152.258749989541,5041.752110002252,110.50663998728851,36.249451209170985,5238.46,5055.02,3,,,,,,,,,,,,,,,,,,,,,,,,"price_mixed_ema,no_breakout"
2026-03-13T08:21:43.680584+00:00,BTCUSD,anaconda,24480388,H4,HOLD,HOLD,NONE,0,1112.2722374254356,0,,,,,,,,,,,,,,,,16.99,16.99,71384.76,71665.57,71173.27,71514.01,69395.27019729115,70388.622970671,993.3527733798546,65.5947716754493,71773.21,68122.2,4,,,,,,,,,,,,,,,,,,,,,,,,no_breakout
2026-03-13T08:21:43.682202+00:00,USDJPY.s,anaconda,24480388,H4,HOLD,HOLD,NONE,0,0.43735311689490697,0,,,,,,,,,,,,,,,,0.023,0.023,159.497,159.534,159.308,159.471,157.98892074782853,156.56233681613634,1.4265839316921927,69.3966121834246,159.42,157.264,3,,,,,,,,,,,,,,,,,,,,,,,,"no_breakout,rsi_out_of_zone"
2026-03-13T08:21:43.683712+00:00,EURUSD.s,anaconda,24480388,H4,HOLD,HOLD,NONE,0,0.00369611854637442,0,,,,,,,,,,,,,,,,0.00019,0.00019,1.15024,1.15056,1.14321,1.14336,1.160557138507644,1.1714094075425483,0.010852269034904216,22.122136332650527,1.16665,1.15092,3,,,,,,,,,,,,,,,,,,,,,,,,"no_breakout,rsi_out_of_zone"
2026-03-13T08:21:43.685363+00:00,XAUUSD.s,anaconda,24480388,H4,HOLD,HOLD,NONE,0,50.13049922197153,0,,,,,,,,,,,,,,,,0.28,0.28,5104.28,5110.91,5066.67,5067.07,5152.258749989541,5041.752110002252,110.50663998728851,34.8823238490469,5238.46,5055.02,3,,,,,,,,,,,,,,,,,,,,,,,,"price_mixed_ema,no_breakout"
2026-03-13T08:21:43.685933+00:00,USOUSD.s,anaconda,24480388,H4,OUTSIDE_HOURS,OUTSIDE_HOURS,NONE,0,4.755160376055738,0,,,,,,,,,,,,,,,,0.079,0.079,95.265,97.815,94.505,97.385,,,,,,,,,,,,,,,,,,,,,,,,,,,,,,,no_breakout
2026-03-13T08:26:44.110994+00:00,BTCUSD,anaconda,24480388,H4,HOLD,HOLD,NONE,0,1112.2722374254356,0,,,,,,,,,,,,,,,,16.97,16.97,71384.76,71665.57,71173.27,71528.26,69395.27019729115,70388.622970671,993.3527733798546,65.70515798419198,71773.21,68122.2,4,,,,,,,,,,,,,,,,,,,,,,,,no_breakout
2026-03-13T08:26:44.112198+00:00,USDJPY.s,anaconda,24480388,H4,HOLD,HOLD,NONE,0,0.43735311689490697,0,,,,,,,,,,,,,,,,0.024,0.024,159.497,159.534,159.308,159.482,157.98892074782853,156.56233681613634,1.4265839316921927,69.79907899614327,159.42,157.264,3,,,,,,,,,,,,,,,,,,,,,,,,"no_breakout,rsi_out_of_zone"
2026-03-13T08:26:44.113536+00:00,EURUSD.s,anaconda,24480388,H4,HOLD,HOLD,NONE,0,0.00369683283208871,0,,,,,,,,,,,,,,,,0.0002,0.0002,1.15024,1.15056,1.1432,1.14384,1.160557138507644,1.1714094075425483,0.010852269034904216,22.611212390742665,1.16665,1.15092,3,,,,,,,,,,,,,,,,,,,,,,,,"no_breakout,rsi_out_of_zone"
2026-03-13T08:26:44.114740+00:00,XAUUSD.s,anaconda,24480388,H4,HOLD,HOLD,NONE,0,50.49835636482865,0,,,,,,,,,,,,,,,,0.32,0.32,5104.28,5110.91,5061.52,5071.05,5152.258749989541,5041.752110002252,110.50663998728851,35.424915818906555,5238.46,5055.02,3,,,,,,,,,,,,,,,,,,,,,,,,"price_mixed_ema,no_breakout"
2026-03-13T08:31:44.526866+00:00,BTCUSD,anaconda,24480388,H4,HOLD,HOLD,NONE,0,1112.2722374254356,0,,,,,,,,,,,,,,,,17.06,17.06,71384.76,71665.57,71173.27,71635.95,69395.27019729115,70388.622970671,993.3527733798546,66.51700751623108,71773.21,68122.2,4,,,,,,,,,,,,,,,,,,,,,,,,no_breakout
2026-03-13T08:31:44.528215+00:00,USDJPY.s,anaconda,24480388,H4,HOLD,HOLD,NONE,0,0.43735311689490697,0,,,,,,,,,,,,,,,,0.023,0.023,159.497,159.534,159.308,159.477,157.98892074782853,156.56233681613634,1.4265839316921927,69.61556235165231,159.42,157.264,3,,,,,,,,,,,,,,,,,,,,,,,,"no_breakout,rsi_out_of_zone"
2026-03-13T08:31:44.529607+00:00,EURUSD.s,anaconda,24480388,H4,HOLD,HOLD,NONE,0,0.00369683283208871,0,,,,,,,,,,,,,,,,0.00018,0.00018,1.15024,1.15056,1.1432,1.14406,1.160557138507644,1.1714094075425483,0.010852269034904216,22.842673330036888,1.16665,1.15092,3,,,,,,,,,,,,,,,,,,,,,,,,"no_breakout,rsi_out_of_zone"
2026-03-13T08:31:44.531068+00:00,XAUUSD.s,anaconda,24480388,H4,HOLD,HOLD,NONE,0,50.49835636482865,0,,,,,,,,,,,,,,,,0.29,0.29,5104.28,5110.91,5061.52,5073.0,5152.258749989541,5041.752110002252,110.50663998728851,35.6969671222392,5238.46,5055.02,3,,,,,,,,,,,,,,,,,,,,,,,,"price_mixed_ema,no_breakout"
2026-03-13T08:36:44.979977+00:00,BTCUSD,anaconda,24480388,H4,HOLD,HOLD,NONE,0,1134.1108088540066,0,,,,,,,,,,,,,,,,17.07,17.07,71384.76,71971.31,71173.27,71926.38,69395.27019729115,70388.622970671,993.3527733798546,68.52637600868036,71773.21,68122.2,4,,,,,,,,,,,,,,,,,,,,,,,,no_breakout
2026-03-13T08:36:44.981223+00:00,USDJPY.s,anaconda,24480388,H4,HOLD,HOLD,NONE,0,0.43735311689490697,0,,,,,,,,,,,,,,,,0.024,0.024,159.497,159.534,159.308,159.431,157.98892074782853,156.56233681613634,1.4265839316921927,67.97141807270592,159.42,157.264,3,,,,,,,,,,,,,,,,,,,,,,,,"no_breakout,rsi_out_of_zone"
2026-03-13T08:36:44.982400+00:00,EURUSD.s,anaconda,24480388,H4,HOLD,HOLD,NONE,0,0.00369683283208871,0,,,,,,,,,,,,,,,,0.00018,0.00018,1.15024,1.15056,1.1432,1.14453,1.160557138507644,1.1714094075425483,0.010852269034904216,23.353388722454284,1.16665,1.15092,3,,,,,,,,,,,,,,,,,,,,,,,,"no_breakout,rsi_out_of_zone"
2026-03-13T08:36:44.983547+00:00,XAUUSD.s,anaconda,24480388,H4,HOLD,HOLD,NONE,0,50.49835636482865,0,,,,,,,,,,,,,,,,0.29,0.29,5104.28,5110.91,5061.52,5079.29,5152.258749989541,5041.752110002252,110.50663998728851,36.60370779693096,5238.46,5055.02,3,,,,,,,,,,,,,,,,,,,,,,,,"price_mixed_ema,no_breakout"
2026-03-13T08:41:45.382705+00:00,BTCUSD,anaconda,24480388,H4,HOLD,HOLD,NONE,0,1147.1565231397208,0,,,,,,,,,,,,,,,,17.05,17.05,71384.76,72153.95,71173.27,72036.04,69395.27019729115,70388.622970671,993.3527733798546,69.22373750825354,71773.21,68122.2,4,,,,,,,,,,,,,,,,,,,,,,,,no_breakout
2026-03-13T08:41:45.384387+00:00,USDJPY.s,anaconda,24480388,H4,HOLD,HOLD,NONE,0,0.43735311689490697,0,,,,,,,,,,,,,,,,0.024,0.024,159.497,159.534,159.308,159.451,157.98892074782853,156.56233681613634,1.4265839316921927,68.67662192948194,159.42,157.264,3,,,,,,,,,,,,,,,,,,,,,,,,"no_breakout,rsi_out_of_zone"
2026-03-13T08:41:45.385569+00:00,EURUSD.s,anaconda,24480388,H4,HOLD,HOLD,NONE,0,0.00369683283208871,0,,,,,,,,,,,,,,,,0.00018,0.00018,1.15024,1.15056,1.1432,1.14472,1.160557138507644,1.1714094075425483,0.010852269034904216,23.56638931378093,1.16665,1.15092,3,,,,,,,,,,,,,,,,,,,,,,,,"no_breakout,rsi_out_of_zone"
2026-03-13T08:41:45.386789+00:00,XAUUSD.s,anaconda,24480388,H4,HOLD,HOLD,NONE,0,50.49835636482865,0,,,,,,,,,,,,,,,,0.29,0.29,5104.28,5110.91,5061.52,5082.61,5152.258749989541,5041.752110002252,110.50663998728851,37.10113137849959,5238.46,5055.02,3,,,,,,,,,,,,,,,,,,,,,,,,"price_mixed_ema,no_breakout"
2026-03-13T08:46:45.798910+00:00,BTCUSD,anaconda,24480388,H4,HOLD,HOLD,NONE,0,1147.1565231397208,0,,,,,,,,,,,,,,,,17.04,17.04,71384.76,72153.95,71173.27,71828.05,69395.27019729115,70388.622970671,993.3527733798546,67.87363411319686,71773.21,68122.2,4,,,,,,,,,,,,,,,,,,,,,,,,no_breakout
2026-03-13T08:46:45.800183+00:00,USDJPY.s,anaconda,24480388,H4,HOLD,HOLD,NONE,0,0.43735311689490697,0,,,,,,,,,,,,,,,,0.024,0.024,159.497,159.534,159.308,159.412,157.98892074782853,156.56233681613634,1.4265839316921927,67.31475944113537,159.42,157.264,3,,,,,,,,,,,,,,,,,,,,,,,,"no_breakout,rsi_out_of_zone"
2026-03-13T08:46:45.801395+00:00,EURUSD.s,anaconda,24480388,H4,HOLD,HOLD,NONE,0,0.00369683283208871,0,,,,,,,,,,,,,,,,0.00018,0.00018,1.15024,1.15056,1.1432,1.1442,1.160557138507644,1.1714094075425483,0.010852269034904216,22.9924501030455,1.16665,1.15092,3,,,,,,,,,,,,,,,,,,,,,,,,"no_breakout,rsi_out_of_zone"
2026-03-13T08:46:45.802615+00:00,XAUUSD.s,anaconda,24480388,H4,HOLD,HOLD,NONE,0,50.49835636482865,0,,,,,,,,,,,,,,,,0.29,0.29,5104.28,5110.91,5061.52,5078.33,5152.258749989541,5041.752110002252,110.50663998728851,36.46235089045915,5238.46,5055.02,3,,,,,,,,,,,,,,,,,,,,,,,,"price_mixed_ema,no_breakout"
2026-03-13T08:51:46.217007+00:00,BTCUSD,anaconda,24480388,H4,HOLD,HOLD,NONE,0,1147.1565231397208,0,,,,,,,,,,,,,,,,17.07,17.07,71384.76,72153.95,71173.27,71793.06,69395.27019729115,70388.622970671,993.3527733798546,67.63478084302506,71773.21,68122.2,4,,,,,,,,,,,,,,,,,,,,,,,,no_breakout
2026-03-13T08:51:46.218529+00:00,USDJPY.s,anaconda,24480388,H4,HOLD,HOLD,NONE,0,0.43735311689490697,0,,,,,,,,,,,,,,,,0.023,0.023,159.497,159.534,159.308,159.39,157.98892074782853,156.56233681613634,1.4265839316921927,66.57009335998292,159.42,157.264,3,,,,,,,,,,,,,,,,,,,,,,,,"no_breakout,rsi_out_of_zone"
2026-03-13T08:51:46.219673+00:00,EURUSD.s,anaconda,24480388,H4,HOLD,HOLD,NONE,0,0.00369683283208871,0,,,,,,,,,,,,,,,,0.00023,0.00023,1.15024,1.15056,1.1432,1.14411,1.160557138507644,1.1714094075425483,0.010852269034904216,22.895940506072918,1.16665,1.15092,3,,,,,,,,,,,,,,,,,,,,,,,,"no_breakout,rsi_out_of_zone"
2026-03-13T08:51:46.220880+00:00,XAUUSD.s,anaconda,24480388,H4,HOLD,HOLD,NONE,0,50.49835636482865,0,,,,,,,,,,,,,,,,0.28,0.28,5104.28,5110.91,5061.52,5085.87,5152.258749989541,5041.752110002252,110.50663998728851,37.60289841643873,5238.46,5055.02,3,,,,,,,,,,,,,,,,,,,,,,,,"price_mixed_ema,no_breakout"
2026-03-13T08:56:46.630359+00:00,BTCUSD,anaconda,24480388,H4,HOLD,HOLD,NONE,0,1147.1565231397208,0,,,,,,,,,,,,,,,,17.0,17.0,71384.76,72153.95,71173.27,71779.31,69395.27019729115,70388.622970671,993.3527733798546,67.5399438856124,71773.21,68122.2,4,,,,,,,,,,,,,,,,,,,,,,,,no_breakout
2026-03-13T08:56:46.631603+00:00,USDJPY.s,anaconda,24480388,H4,HOLD,HOLD,NONE,0,0.43735311689490697,0,,,,,,,,,,,,,,,,0.025,0.025,159.497,159.534,159.308,159.401,157.98892074782853,156.56233681613634,1.4265839316921927,66.94035548827635,159.42,157.264,3,,,,,,,,,,,,,,,,,,,,,,,,"no_breakout,rsi_out_of_zone"
2026-03-13T08:56:46.632897+00:00,EURUSD.s,anaconda,24480388,H4,HOLD,HOLD,NONE,0,0.00369683283208871,0,,,,,,,,,,,,,,,,0.00018,0.00018,1.15024,1.15056,1.1432,1.14416,1.160557138507644,1.1714094075425483,0.010852269034904216,22.94945669184851,1.16665,1.15092,3,,,,,,,,,,,,,,,,,,,,,,,,"no_breakout,rsi_out_of_zone"
2026-03-13T08:56:46.633987+00:00,XAUUSD.s,anaconda,24480388,H4,HOLD,HOLD,NONE,0,50.49835636482865,0,,,,,,,,,,,,,,,,0.32,0.32,5104.28,5110.91,5061.52,5084.71,5152.258749989541,5041.752110002252,110.50663998728851,37.42280753236923,5238.46,5055.02,3,,,,,,,,,,,,,,,,,,,,,,,,"price_mixed_ema,no_breakout"
2026-03-13T09:01:47.052165+00:00,BTCUSD,anaconda,24480388,H4,HOLD,HOLD,NONE,0,1071.6424856775225,0,,,,,,,,,,,,,,,,16.94,16.94,71817.34,71895.92,71805.96,71894.96,69490.27364386852,70365.19063143911,874.9169875705848,68.37695889546993,71997.18,68225.24,4,,,,,,,,,,,,,,,,,,,,,,,,no_breakout
2026-03-13T09:01:47.053875+00:00,USDJPY.s,anaconda,24480388,H4,HOLD,HOLD,NONE,0,0.41104217997487186,0,,,,,,,,,,,,,,,,0.024,0.024,159.323,159.334,159.265,159.284,158.04127592860445,156.5829771308101,1.458298797794356,63.06758890245313,159.42,157.264,4,,,,,,,,,,,,,,,,,,,,,,,,no_breakout
2026-03-13T09:01:47.055205+00:00,EURUSD.s,anaconda,24480388,H4,HOLD,HOLD,NONE,0,0.003459201915448305,0,,,,,,,,,,,,,,,,0.00018,0.00018,1.14443,1.1448,1.14443,1.14475,1.159924707449716,1.1711862132915571,0.011261505841841046,24.513541680907963,1.16665,1.15078,4,,,,,,,,,,,,,,,,,,,,,,,,rsi_out_of_zone
2026-03-13T09:01:47.056392+00:00,XAUUSD.s,anaconda,24480388,H4,HOLD,HOLD,NONE,0,47.17704519476487,0,,,,,,,,,,,,,,,,0.29,0.29,5087.45,5089.9,5085.9,5089.9,5149.716956220072,5040.047526646205,109.66942957386618,38.549558569036066,5238.46,5055.02,3,,,,,,,,,,,,,,,,,,,,,,,,"price_mixed_ema,no_breakout"
2026-03-13T09:06:47.466556+00:00,BTCUSD,anaconda,24480388,H4,HOLD,HOLD,NONE,0,1077.5689142489512,0,,,,,,,,,,,,,,,,17.06,17.06,71817.34,71972.15,71799.22,71896.45,69490.27364386852,70365.19063143911,874.9169875705848,68.38782437438536,71997.18,68225.24,4,,,,,,,,,,,,,,,,,,,,,,,,no_breakout
2026-03-13T09:06:47.467936+00:00,USDJPY.s,anaconda,24480388,H4,HOLD,HOLD,NONE,0,0.41275646568915564,0,,,,,,,,,,,,,,,,0.025,0.025,159.323,159.334,159.241,159.295,158.04127592860445,156.5829771308101,1.458298797794356,63.436947411057886,159.42,157.264,4,,,,,,,,,,,,,,,,,,,,,,,,no_breakout
2026-03-13T09:06:47.469182+00:00,EURUSD.s,anaconda,24480388,H4,HOLD,HOLD,NONE,0,0.0035156304868768657,0,,,,,,,,,,,,,,,,0.00018,0.00018,1.14443,1.1455899999999999,1.14443,1.14508,1.159924707449716,1.1711862132915571,0.011261505841841046,25.78064426820633,1.16665,1.15078,4,,,,,,,,,,,,,,,,,,,,,,,,rsi_out_of_zone
2026-03-13T09:06:47.470702+00:00,XAUUSD.s,anaconda,24480388,H4,HOLD,HOLD,NONE,0,47.6863309090506,0,,,,,,,,,,,,,,,,0.29,0.29,5087.45,5097.03,5085.9,5092.8,5149.716956220072,5040.047526646205,109.66942957386618,39.35639371009121,5238.46,5055.02,3,,,,,,,,,,,,,,,,,,,,,,,,"price_mixed_ema,no_breakout"
2026-03-13T09:11:47.885004+00:00,BTCUSD,anaconda,24480388,H4,HOLD,HOLD,NONE,0,1077.9917713918082,0,,,,,,,,,,,,,,,,17.07,17.07,71817.34,71972.15,71793.3,71823.3,69490.27364386852,70365.19063143911,874.9169875705848,67.84542894232146,71997.18,68225.24,4,,,,,,,,,,,,,,,,,,,,,,,,no_breakout
2026-03-13T09:11:47.886430+00:00,USDJPY.s,anaconda,24480388,H4,HOLD,HOLD,NONE,0,0.41275646568915564,0,,,,,,,,,,,,,,,,0.024,0.024,159.323,159.334,159.241,159.316,158.04127592860445,156.5829771308101,1.458298797794356,64.15423584132776,159.42,157.264,4,,,,,,,,,,,,,,,,,,,,,,,,no_breakout
2026-03-13T09:11:47.887930+00:00,EURUSD.s,anaconda,24480388,H4,HOLD,HOLD,NONE,0,0.0035156304868768657,0,,,,,,,,,,,,,,,,0.0002,0.0002,1.14443,1.1455899999999999,1.14443,1.14518,1.159924707449716,1.1711862132915571,0.011261505841841046,26.156258880783284,1.16665,1.15078,4,,,,,,,,,,,,,,,,,,,,,,,,rsi_out_of_zone
2026-03-13T09:11:47.889203+00:00,XAUUSD.s,anaconda,24480388,H4,HOLD,HOLD,NONE,0,47.6863309090506,0,,,,,,,,,,,,,,,,0.28,0.28,5087.45,5097.03,5085.9,5090.98,5149.716956220072,5040.047526646205,109.66942957386618,38.85253163676017,5238.46,5055.02,3,,,,,,,,,,,,,,,,,,,,,,,,"price_mixed_ema,no_breakout"
2026-03-13T09:11:47.889727+00:00,USOUSD.s,anaconda,24480388,H4,OUTSIDE_HOURS,OUTSIDE_HOURS,NONE,0,4.469077492058035,0,,,,,,,,,,,,,,,,0.079,0.079,95.625,95.73,94.98,95.615,,,,,,,,,,,,,,,,,,,,,,,,,,,,,,,no_breakout
2026-03-13T09:16:48.379622+00:00,BTCUSD,anaconda,24480388,H4,HOLD,HOLD,NONE,0,1089.242485677523,0,,,,,,,,,,,,,,,,17.02,17.02,71817.34,71972.15,71635.79,71645.02,69490.27364386852,70365.19063143911,874.9169875705848,65.15854345636923,71997.18,68225.24,4,,,,,,,,,,,,,,,,,,,,,,,,no_breakout
2026-03-13T09:16:48.380806+00:00,USDJPY.s,anaconda,24480388,H4,HOLD,HOLD,NONE,0,0.41361360854629853,0,,,,,,,,,,,,,,,,0.023,0.023,159.323,159.346,159.241,159.344,158.04127592860445,156.5829771308101,1.458298797794356,64.81233751197092,159.42,157.264,4,,,,,,,,,,,,,,,,,,,,,,,,no_breakout
2026-03-13T09:16:48.382026+00:00,EURUSD.s,anaconda,24480388,H4,HOLD,HOLD,NONE,0,0.003531344772591159,0,,,,,,,,,,,,,,,,0.00019,0.00019,1.14443,1.14581,1.14443,1.1453,1.159924707449716,1.1711862132915571,0.011261505841841046,26.602008235013813,1.16665,1.15078,4,,,,,,,,,,,,,,,,,,,,,,,,rsi_out_of_zone
2026-03-13T09:16:48.383145+00:00,XAUUSD.s,anaconda,24480388,H4,HOLD,HOLD,NONE,0,47.6863309090506,0,,,,,,,,,,,,,,,,0.29,0.29,5087.45,5097.03,5085.9,5089.04,5149.716956220072,5040.047526646205,109.66942957386618,38.30614648368618,5238.46,5055.02,3,,,,,,,,,,,,,,,,,,,,,,,,"price_mixed_ema,no_breakout"
2026-03-13T09:21:48.789147+00:00,BTCUSD,anaconda,24480388,H4,HOLD,HOLD,NONE,0,1093.1060571060943,0,,,,,,,,,,,,,,,,17.06,17.06,71817.34,71972.15,71581.7,71706.38,69490.27364386852,70365.19063143911,874.9169875705848,66.07352090442444,71997.18,68225.24,4,,,,,,,,,,,,,,,,,,,,,,,,no_breakout
2026-03-13T09:21:48.790655+00:00,USDJPY.s,anaconda,24480388,H4,HOLD,HOLD,NONE,0,0.41361360854629853,0,,,,,,,,,,,,,,,,0.024,0.024,159.323,159.346,159.241,159.332,158.04127592860445,156.5829771308101,1.458298797794356,64.5849828215853,159.42,157.264,4,,,,,,,,,,,,,,,,,,,,,,,,no_breakout
2026-03-13T09:21:48.791877+00:00,EURUSD.s,anaconda,24480388,H4,HOLD,HOLD,NONE,0,0.003531344772591159,0,,,,,,,,,,,,,,,,0.00019,0.00019,1.14443,1.14581,1.14443,1.14556,1.159924707449716,1.1711862132915571,0.011261505841841046,27.549575540765673,1.16665,1.15078,4,,,,,,,,,,,,,,,,,,,,,,,,rsi_out_of_zone
2026-03-13T09:21:48.793083+00:00,XAUUSD.s,anaconda,24480388,H4,HOLD,HOLD,NONE,0,47.6863309090506,0,,,,,,,,,,,,,,,,0.29,0.29,5087.45,5097.03,5085.9,5088.77,5149.716956220072,5040.047526646205,109.66942957386618,38.229328170268865,5238.46,5055.02,3,,,,,,,,,,,,,,,,,,,,,,,,"price_mixed_ema,no_breakout"
2026-03-13T09:26:49.212072+00:00,BTCUSD,anaconda,24480388,H4,HOLD,HOLD,NONE,0,1093.1060571060943,0,,,,,,,,,,,,,,,,16.97,16.97,71817.34,71972.15,71581.7,71784.92,69490.27364386852,70365.19063143911,874.9169875705848,67.2828626061691,71997.18,68225.24,4,,,,,,,,,,,,,,,,,,,,,,,,no_breakout
2026-03-13T09:26:49.213550+00:00,USDJPY.s,anaconda,24480388,H4,HOLD,HOLD,NONE,0,0.4138278942605832,0,,,,,,,,,,,,,,,,0.024,0.024,159.323,159.349,159.241,159.33,158.04127592860445,156.5829771308101,1.458298797794356,64.54680442925421,159.42,157.264,4,,,,,,,,,,,,,,,,,,,,,,,,no_breakout
2026-03-13T09:26:49.215015+00:00,EURUSD.s,anaconda,24480388,H4,HOLD,HOLD,NONE,0,0.003531344772591159,0,,,,,,,,,,,,,,,,0.00018,0.00018,1.14443,1.14581,1.14443,1.14564,1.159924707449716,1.1711862132915571,0.011261505841841046,27.836231999187447,1.16665,1.15078,4,,,,,,,,,,,,,,,,,,,,,,,,rsi_out_of_zone
2026-03-13T09:26:49.216198+00:00,XAUUSD.s,anaconda,24480388,H4,HOLD,HOLD,NONE,0,47.81704519476487,0,,,,,,,,,,,,,,,,0.28,0.28,5087.45,5097.03,5084.07,5087.45,5149.716956220072,5040.047526646205,109.66942957386618,37.85100131299087,5238.46,5055.02,3,,,,,,,,,,,,,,,,,,,,,,,,"price_mixed_ema,no_breakout"
2026-03-13T09:31:49.656724+00:00,BTCUSD,anaconda,24480388,H4,HOLD,HOLD,NONE,0,1093.1060571060943,0,,,,,,,,,,,,,,,,17.01,17.01,71817.34,71972.15,71581.7,71832.58,69490.27364386852,70365.19063143911,874.9169875705848,67.91526725035686,71997.18,68225.24,4,,,,,,,,,,,,,,,,,,,,,,,,no_breakout
2026-03-13T09:31:49.658126+00:00,USDJPY.s,anaconda,24480388,H4,HOLD,HOLD,NONE,0,0.4161850371177272,0,,,,,,,,,,,,,,,,0.025,0.025,159.323,159.382,159.241,159.363,158.04127592860445,156.5829771308101,1.458298797794356,65.16640585923199,159.42,157.264,3,,,,,,,,,,,,,,,,,,,,,,,,"no_breakout,rsi_out_of_zone"
2026-03-13T09:31:49.659486+00:00,EURUSD.s,anaconda,24480388,H4,HOLD,HOLD,NONE,0,0.0035406304868768708,0,,,,,,,,,,,,,,,,0.00019,0.00019,1.14443,1.14594,1.14443,1.1456,1.159924707449716,1.1711862132915571,0.011261505841841046,27.693187877379017,1.16665,1.15078,4,,,,,,,,,,,,,,,,,,,,,,,,rsi_out_of_zone
2026-03-13T09:31:49.660930+00:00,XAUUSD.s,anaconda,24480388,H4,HOLD,HOLD,NONE,0,47.81704519476487,0,,,,,,,,,,,,,,,,0.31,0.31,5087.45,5097.03,5084.07,5091.4,5149.716956220072,5040.047526646205,109.66942957386618,38.969549221504145,5238.46,5055.02,3,,,,,,,,,,,,,,,,,,,,,,,,"price_mixed_ema,no_breakout"
2026-03-13T09:36:50.099352+00:00,BTCUSD,anaconda,24480388,H4,HOLD,HOLD,NONE,0,1093.1060571060943,0,,,,,,,,,,,,,,,,17.07,17.07,71817.34,71972.15,71581.7,71863.15,69490.27364386852,70365.19063143911,874.9169875705848,68.14319680598172,71997.18,68225.24,4,,,,,,,,,,,,,,,,,,,,,,,,no_breakout
2026-03-13T09:36:50.100915+00:00,USDJPY.s,anaconda,24480388,H4,HOLD,HOLD,NONE,0,0.416327894260583,0,,,,,,,,,,,,,,,,0.023,0.023,159.323,159.384,159.241,159.352,158.04127592860445,156.5829771308101,1.458298797794356,64.96229248922089,159.42,157.264,4,,,,,,,,,,,,,,,,,,,,,,,,no_breakout
2026-03-13T09:36:50.104453+00:00,EURUSD.s,anaconda,24480388,H4,HOLD,HOLD,NONE,0,0.003550630486876873,0,,,,,,,,,,,,,,,,0.00019,0.00019,1.14443,1.14608,1.14443,1.14579,1.159924707449716,1.1711862132915571,0.011261505841841046,28.367643934950877,1.16665,1.15078,4,,,,,,,,,,,,,,,,,,,,,,,,rsi_out_of_zone
2026-03-13T09:36:50.105959+00:00,XAUUSD.s,anaconda,24480388,H4,HOLD,HOLD,NONE,0,47.81704519476487,0,,,,,,,,,,,,,,,,0.28,0.28,5087.45,5097.03,5084.07,5088.04,5149.716956220072,5040.047526646205,109.66942957386618,38.020673158413594,5238.46,5055.02,3,,,,,,,,,,,,,,,,,,,,,,,,"price_mixed_ema,no_breakout"
2026-03-13T09:41:50.551928+00:00,BTCUSD,anaconda,24480388,H4,HOLD,HOLD,NONE,0,1093.1060571060943,0,,,,,,,,,,,,,,,,17.01,17.01,71817.34,71972.15,71581.7,71875.76,69490.27364386852,70365.19063143911,874.9169875705848,68.23627614213903,71997.18,68225.24,4,,,,,,,,,,,,,,,,,,,,,,,,no_breakout
2026-03-13T09:41:50.553220+00:00,USDJPY.s,anaconda,24480388,H4,HOLD,HOLD,NONE,0,0.416327894260583,0,,,,,,,,,,,,,,,,0.024,0.024,159.323,159.384,159.241,159.366,158.04127592860445,156.5829771308101,1.458298797794356,65.22166106181555,159.42,157.264,3,,,,,,,,,,,,,,,,,,,,,,,,"no_breakout,rsi_out_of_zone"
2026-03-13T09:41:50.554452+00:00,EURUSD.s,anaconda,24480388,H4,HOLD,HOLD,NONE,0,0.003550630486876873,0,,,,,,,,,,,,,,,,0.00019,0.00019,1.14443,1.14608,1.14443,1.1454900000000001,1.159924707449716,1.1711862132915571,0.011261505841841046,27.296876465799514,1.16665,1.15078,4,,,,,,,,,,,,,,,,,,,,,,,,rsi_out_of_zone
2026-03-13T09:41:50.555825+00:00,XAUUSD.s,anaconda,24480388,H4,HOLD,HOLD,NONE,0,47.81704519476487,0,,,,,,,,,,,,,,,,0.31,0.31,5087.45,5097.03,5084.07,5085.12,5149.716956220072,5040.047526646205,109.66942957386618,37.446169865981936,5238.46,5055.02,3,,,,,,,,,,,,,,,,,,,,,,,,"price_mixed_ema,no_breakout"
2026-03-13T09:46:51.005605+00:00,BTCUSD,anaconda,24480388,H4,HOLD,HOLD,NONE,0,1093.1060571060943,0,,,,,,,,,,,,,,,,16.96,16.96,71817.34,71972.15,71581.7,71885.09,69490.27364386852,70365.19063143911,874.9169875705848,68.30479517188827,71997.18,68225.24,4,,,,,,,,,,,,,,,,,,,,,,,,no_breakout
2026-03-13T09:46:51.007080+00:00,USDJPY.s,anaconda,24480388,H4,HOLD,HOLD,NONE,0,0.4208993228320131,0,,,,,,,,,,,,,,,,0.024,0.024,159.323,159.448,159.241,159.438,158.04127592860445,156.5829771308101,1.458298797794356,66.49712506421616,159.42,157.264,3,,,,,,,,,,,,,,,,,,,,,,,,"no_breakout,rsi_out_of_zone"
2026-03-13T09:46:51.008270+00:00,EURUSD.s,anaconda,24480388,H4,HOLD,HOLD,NONE,0,0.003550630486876873,0,,,,,,,,,,,,,,,,0.00018,0.00018,1.14443,1.14608,1.14443,1.14521,1.159924707449716,1.1711862132915571,0.011261505841841046,26.268203022913312,1.16665,1.15078,4,,,,,,,,,,,,,,,,,,,,,,,,rsi_out_of_zone
2026-03-13T09:46:51.009846+00:00,XAUUSD.s,anaconda,24480388,H4,HOLD,HOLD,NONE,0,47.87490233762198,0,,,,,,,,,,,,,,,,0.31,0.31,5087.45,5097.03,5083.26,5086.98,5149.716956220072,5040.047526646205,109.66942957386618,37.76863680950804,5238.46,5055.02,3,,,,,,,,,,,,,,,,,,,,,,,,"price_mixed_ema,no_breakout"
2026-03-13T09:51:51.418457+00:00,BTCUSD,anaconda,24480388,H4,HOLD,HOLD,NONE,0,1101.2789142489523,0,,,,,,,,,,,,,,,,16.97,16.97,71817.34,72086.57,71581.7,72084.83,69490.27364386852,70365.19063143911,874.9169875705848,69.70389896826472,71997.18,68225.24,4,,,,,,,,,,,,,,,,,,,,,,,,no_breakout
2026-03-13T09:51:51.419697+00:00,USDJPY.s,anaconda,24480388,H4,HOLD,HOLD,NONE,0,0.4222564656891563,0,,,,,,,,,,,,,,,,0.024,0.024,159.323,159.467,159.241,159.449,158.04127592860445,156.5829771308101,1.458298797794356,66.68379530205098,159.42,157.264,3,,,,,,,,,,,,,,,,,,,,,,,,"no_breakout,rsi_out_of_zone"
2026-03-13T09:51:51.420947+00:00,EURUSD.s,anaconda,24480388,H4,HOLD,HOLD,NONE,0,0.003550630486876873,0,,,,,,,,,,,,,,,,0.00019,0.00019,1.14443,1.14608,1.14443,1.14524,1.159924707449716,1.1711862132915571,0.011261505841841046,26.379808273153884,1.16665,1.15078,4,,,,,,,,,,,,,,,,,,,,,,,,rsi_out_of_zone
2026-03-13T09:51:51.422330+00:00,XAUUSD.s,anaconda,24480388,H4,HOLD,HOLD,NONE,0,47.87490233762198,0,,,,,,,,,,,,,,,,0.28,0.28,5087.45,5097.03,5083.26,5092.68,5149.716956220072,5040.047526646205,109.66942957386618,39.32342787482111,5238.46,5055.02,3,,,,,,,,,,,,,,,,,,,,,,,,"price_mixed_ema,no_breakout"
2026-03-13T09:56:51.828974+00:00,BTCUSD,anaconda,24480388,H4,HOLD,HOLD,NONE,0,1102.1596285346657,0,,,,,,,,,,,,,,,,17.02,17.02,71817.34,72098.9,71581.7,72033.35,69490.27364386852,70365.19063143911,874.9169875705848,69.35525197862334,71997.18,68225.24,4,,,,,,,,,,,,,,,,,,,,,,,,no_breakout
2026-03-13T09:56:51.830387+00:00,USDJPY.s,anaconda,24480388,H4,HOLD,HOLD,NONE,0,0.423256465689155,0,,,,,,,,,,,,,,,,0.024,0.024,159.323,159.481,159.241,159.478,158.04127592860445,156.5829771308101,1.458298797794356,67.16609922983142,159.42,157.264,3,,,,,,,,,,,,,,,,,,,,,,,,"no_breakout,rsi_out_of_zone"
2026-03-13T09:56:51.831520+00:00,EURUSD.s,anaconda,24480388,H4,HOLD,HOLD,NONE,0,0.003550630486876873,0,,,,,,,,,,,,,,,,0.00018,0.00018,1.14443,1.14608,1.14443,1.1454,1.159924707449716,1.1711862132915571,0.011261505841841046,26.96937579033107,1.16665,1.15078,4,,,,,,,,,,,,,,,,,,,,,,,,rsi_out_of_zone
2026-03-13T09:56:51.832699+00:00,XAUUSD.s,anaconda,24480388,H4,HOLD,HOLD,NONE,0,47.87490233762198,0,,,,,,,,,,,,,,,,0.29,0.29,5087.45,5097.03,5083.26,5092.48,5149.716956220072,5040.047526646205,109.66942957386618,39.26840509842557,5238.46,5055.02,3,,,,,,,,,,,,,,,,,,,,,,,,"price_mixed_ema,no_breakout"
2026-03-13T10:01:52.258425+00:00,BTCUSD,anaconda,24480388,H4,HOLD,HOLD,NONE,0,1113.8753428203802,0,,,,,,,,,,,,,,,,17.11,17.11,71817.34,72262.92,71581.7,72155.38,69490.27364386852,70365.19063143911,874.9169875705848,70.1690093366319,71997.18,68225.24,3,,,,,,,,,,,,,,,,,,,,,,,,"no_breakout,rsi_out_of_zone"
2026-03-13T10:01:52.259821+00:00,USDJPY.s,anaconda,24480388,H4,HOLD,HOLD,NONE,0,0.42347075140344176,0,,,,,,,,,,,,,,,,0.023,0.023,159.323,159.484,159.241,159.44,158.04127592860445,156.5829771308101,1.458298797794356,66.53122053915045,159.42,157.264,3,,,,,,,,,,,,,,,,,,,,,,,,"no_breakout,rsi_out_of_zone"
2026-03-13T10:01:52.261144+00:00,EURUSD.s,anaconda,24480388,H4,HOLD,HOLD,NONE,0,0.003550630486876873,0,,,,,,,,,,,,,,,,0.00018,0.00018,1.14443,1.14608,1.14443,1.14554,1.159924707449716,1.1711862132915571,0.011261505841841046,27.477555232829786,1.16665,1.15078,4,,,,,,,,,,,,,,,,,,,,,,,,rsi_out_of_zone
2026-03-13T10:01:52.262547+00:00,XAUUSD.s,anaconda,24480388,H4,HOLD,HOLD,NONE,0,47.87490233762198,0,,,,,,,,,,,,,,,,0.28,0.28,5087.45,5097.03,5083.26,5086.43,5149.716956220072,5040.047526646205,109.66942957386618,37.67270682611176,5238.46,5055.02,3,,,,,,,,,,,,,,,,,,,,,,,,"price_mixed_ema,no_breakout"
2026-03-13T10:01:52.263067+00:00,USOUSD.s,anaconda,24480388,H4,OUTSIDE_HOURS,OUTSIDE_HOURS,NONE,0,4.505863206343749,0,,,,,,,,,,,,,,,,0.079,0.079,95.625,96.245,94.98,95.53,,,,,,,,,,,,,,,,,,,,,,,,,,,,,,,no_breakout
2026-03-13T10:06:52.746964+00:00,BTCUSD,anaconda,24480388,H4,HOLD,HOLD,NONE,0,1114.2153428203799,0,,,,,,,,,,,,,,,,17.05,17.05,71817.34,72267.68,71581.7,72139.01,69490.27364386852,70365.19063143911,874.9169875705848,70.0623648437594,71997.18,68225.24,3,,,,,,,,,,,,,,,,,,,,,,,,"no_breakout,rsi_out_of_zone"
2026-03-13T10:06:52.748171+00:00,USDJPY.s,anaconda,24480388,H4,HOLD,HOLD,NONE,0,0.42347075140344176,0,,,,,,,,,,,,,,,,0.023,0.023,159.323,159.484,159.241,159.414,158.04127592860445,156.5829771308101,1.458298797794356,66.08249381663617,159.42,157.264,3,,,,,,,,,,,,,,,,,,,,,,,,"no_breakout,rsi_out_of_zone"
2026-03-13T10:06:52.749334+00:00,EURUSD.s,anaconda,24480388,H4,HOLD,HOLD,NONE,0,0.0035613447725911657,0,,,,,,,,,,,,,,,,0.00018,0.00018,1.14443,1.14623,1.14443,1.14611,1.159924707449716,1.1711862132915571,0.011261505841841046,29.475569063971122,1.16665,1.15078,4,,,,,,,,,,,,,,,,,,,,,,,,rsi_out_of_zone
2026-03-13T10:06:52.750661+00:00,XAUUSD.s,anaconda,24480388,H4,HOLD,HOLD,NONE,0,47.87490233762198,0,,,,,,,,,,,,,,,,0.28,0.28,5087.45,5097.03,5083.26,5089.74,5149.716956220072,5040.047526646205,109.66942957386618,38.50441813967999,5238.46,5055.02,3,,,,,,,,,,,,,,,,,,,,,,,,"price_mixed_ema,no_breakout"
2026-03-13T10:11:53.181094+00:00,BTCUSD,anaconda,24480388,H4,HOLD,HOLD,NONE,0,1114.2153428203799,0,,,,,,,,,,,,,,,,16.97,16.97,71817.34,72267.68,71581.7,72178.69,69490.27364386852,70365.19063143911,874.9169875705848,70.3195607579222,71997.18,68225.24,3,,,,,,,,,,,,,,,,,,,,,,,,"no_breakout,rsi_out_of_zone"
2026-03-13T10:11:53.182603+00:00,USDJPY.s,anaconda,24480388,H4,HOLD,HOLD,NONE,0,0.42347075140344176,0,,,,,,,,,,,,,,,,0.024,0.024,159.323,159.484,159.241,159.416,158.04127592860445,156.5829771308101,1.458298797794356,66.11743800420842,159.42,157.264,3,,,,,,,,,,,,,,,,,,,,,,,,"no_breakout,rsi_out_of_zone"
2026-03-13T10:11:53.183786+00:00,EURUSD.s,anaconda,24480388,H4,HOLD,HOLD,NONE,0,0.003573487629734023,0,,,,,,,,,,,,,,,,0.00018,0.00018,1.14443,1.1464,1.14443,1.14626,1.159924707449716,1.1711862132915571,0.011261505841841046,29.983196094993374,1.16665,1.15078,4,,,,,,,,,,,,,,,,,,,,,,,,rsi_out_of_zone
2026-03-13T10:11:53.184939+00:00,XAUUSD.s,anaconda,24480388,H4,HOLD,HOLD,NONE,0,47.87490233762198,0,,,,,,,,,,,,,,,,0.29,0.29,5087.45,5097.03,5083.26,5088.77,5149.716956220072,5040.047526646205,109.66942957386618,38.229328170268865,5238.46,5055.02,3,,,,,,,,,,,,,,,,,,,,,,,,"price_mixed_ema,no_breakout"
2026-03-13T10:16:53.670050+00:00,BTCUSD,anaconda,24480388,H4,HOLD,HOLD,NONE,0,1122.522485677523,0,,,,,,,,,,,,,,,,16.97,16.97,71817.34,72383.98,71581.7,72255.78,69490.27364386852,70365.19063143911,874.9169875705848,70.80681368290867,71997.18,68225.24,3,,,,,,,,,,,,,,,,,,,,,,,,"no_breakout,rsi_out_of_zone"
2026-03-13T10:16:53.671546+00:00,USDJPY.s,anaconda,24480388,H4,HOLD,HOLD,NONE,0,0.42347075140344176,0,,,,,,,,,,,,,,,,0.025,0.025,159.323,159.484,159.241,159.443,158.04127592860445,156.5829771308101,1.458298797794356,66.58223383029261,159.42,157.264,3,,,,,,,,,,,,,,,,,,,,,,,,"no_breakout,rsi_out_of_zone"
2026-03-13T10:16:53.672873+00:00,EURUSD.s,anaconda,24480388,H4,HOLD,HOLD,NONE,0,0.003573487629734023,0,,,,,,,,,,,,,,,,0.00019,0.00019,1.14443,1.1464,1.14443,1.146,1.159924707449716,1.1711862132915571,0.011261505841841046,29.09860612300109,1.16665,1.15078,4,,,,,,,,,,,,,,,,,,,,,,,,rsi_out_of_zone
2026-03-13T10:16:53.674389+00:00,XAUUSD.s,anaconda,24480388,H4,HOLD,HOLD,NONE,0,47.87490233762198,0,,,,,,,,,,,,,,,,0.28,0.28,5087.45,5097.03,5083.26,5095.46,5149.716956220072,5040.047526646205,109.66942957386618,40.078048314837986,5238.46,5055.02,3,,,,,,,,,,,,,,,,,,,,,,,,"price_mixed_ema,no_breakout"
2026-03-13T10:21:54.119435+00:00,BTCUSD,anaconda,24480388,H4,HOLD,HOLD,NONE,0,1130.8374856775233,0,,,,,,,,,,,,,,,,17.1,17.1,71817.34,72500.39,71581.7,72373.65,69490.27364386852,70365.19063143911,874.9169875705848,71.5216461199597,71997.18,68225.24,3,,,,,,,,,,,,,,,,,,,,,,,,"no_breakout,rsi_out_of_zone"
2026-03-13T10:21:54.121315+00:00,USDJPY.s,anaconda,24480388,H4,HOLD,HOLD,NONE,0,0.42347075140344176,0,,,,,,,,,,,,,,,,0.024,0.024,159.323,159.484,159.241,159.478,158.04127592860445,156.5829771308101,1.458298797794356,67.16609922983142,159.42,157.264,3,,,,,,,,,,,,,,,,,,,,,,,,"no_breakout,rsi_out_of_zone"
2026-03-13T10:21:54.122949+00:00,EURUSD.s,anaconda,24480388,H4,HOLD,HOLD,NONE,0,0.003573487629734023,0,,,,,,,,,,,,,,,,0.00019,0.00019,1.14443,1.1464,1.14443,1.14544,1.159924707449716,1.1711862132915571,0.011261505841841046,27.115295182320168,1.16665,1.15078,4,,,,,,,,,,,,,,,,,,,,,,,,rsi_out_of_zone
2026-03-13T10:21:54.124286+00:00,XAUUSD.s,anaconda,24480388,H4,HOLD,HOLD,NONE,0,47.87490233762198,0,,,,,,,,,,,,,,,,0.28,0.28,5087.45,5097.03,5083.26,5090.89,5149.716956220072,5040.047526646205,109.66942957386618,38.82739803526741,5238.46,5055.02,3,,,,,,,,,,,,,,,,,,,,,,,,"price_mixed_ema,no_breakout"
2026-03-13T10:26:54.579122+00:00,BTCUSD,anaconda,24480388,H4,HOLD,HOLD,NONE,0,1130.8374856775233,0,,,,,,,,,,,,,,,,16.97,16.97,71817.34,72500.39,71581.7,72301.46,69490.27364386852,70365.19063143911,874.9169875705848,71.08806164860405,71997.18,68225.24,3,,,,,,,,,,,,,,,,,,,,,,,,"no_breakout,rsi_out_of_zone"
2026-03-13T10:26:54.580683+00:00,USDJPY.s,anaconda,24480388,H4,HOLD,HOLD,NONE,0,0.42347075140344176,0,,,,,,,,,,,,,,,,0.024,0.024,159.323,159.484,159.241,159.479,158.04127592860445,156.5829771308101,1.458298797794356,67.18248145980806,159.42,157.264,3,,,,,,,,,,,,,,,,,,,,,,,,"no_breakout,rsi_out_of_zone"
2026-03-13T10:26:54.582195+00:00,EURUSD.s,anaconda,24480388,H4,HOLD,HOLD,NONE,0,0.003573487629734023,0,,,,,,,,,,,,,,,,0.00018,0.00018,1.14443,1.1464,1.14443,1.1453,1.159924707449716,1.1711862132915571,0.011261505841841046,26.602008235013813,1.16665,1.15078,4,,,,,,,,,,,,,,,,,,,,,,,,rsi_out_of_zone
2026-03-13T10:26:54.583742+00:00,XAUUSD.s,anaconda,24480388,H4,HOLD,HOLD,NONE,0,47.87490233762198,0,,,,,,,,,,,,,,,,0.28,0.28,5087.45,5097.03,5083.26,5091.68,5149.716956220072,5040.047526646205,109.66942957386618,39.04731244400424,5238.46,5055.02,3,,,,,,,,,,,,,,,,,,,,,,,,"price_mixed_ema,no_breakout"
2026-03-13T10:31:55.018625+00:00,BTCUSD,anaconda,24480388,H4,HOLD,HOLD,NONE,0,1130.8374856775233,0,,,,,,,,,,,,,,,,17.12,17.12,71817.34,72500.39,71581.7,72341.34,69490.27364386852,70365.19063143911,874.9169875705848,71.32920576439484,71997.18,68225.24,3,,,,,,,,,,,,,,,,,,,,,,,,"no_breakout,rsi_out_of_zone"
2026-03-13T10:31:55.020084+00:00,USDJPY.s,anaconda,24480388,H4,HOLD,HOLD,NONE,0,0.424042179974869,0,,,,,,,,,,,,,,,,0.024,0.024,159.323,159.492,159.241,159.481,158.04127592860445,156.5829771308101,1.458298797794356,67.21519692590215,159.42,157.264,3,,,,,,,,,,,,,,,,,,,,,,,,"no_breakout,rsi_out_of_zone"
2026-03-13T10:31:55.021379+00:00,EURUSD.s,anaconda,24480388,H4,HOLD,HOLD,NONE,0,0.003573487629734023,0,,,,,,,,,,,,,,,,0.00018,0.00018,1.14443,1.1464,1.14443,1.14521,1.159924707449716,1.1711862132915571,0.011261505841841046,26.268203022913312,1.16665,1.15078,4,,,,,,,,,,,,,,,,,,,,,,,,rsi_out_of_zone
2026-03-13T10:31:55.022519+00:00,XAUUSD.s,anaconda,24480388,H4,HOLD,HOLD,NONE,0,47.87490233762198,0,,,,,,,,,,,,,,,,0.31,0.31,5087.45,5097.03,5083.26,5086.3,5149.716956220072,5040.047526646205,109.66942957386618,37.65010362766566,5238.46,5055.02,3,,,,,,,,,,,,,,,,,,,,,,,,"price_mixed_ema,no_breakout"
2026-03-13T10:36:55.451111+00:00,BTCUSD,anaconda,24480388,H4,HOLD,HOLD,NONE,0,1130.8374856775233,0,,,,,,,,,,,,,,,,17.03,17.03,71817.34,72500.39,71581.7,72474.84,69490.27364386852,70365.19063143911,874.9169875705848,72.10796947854556,71997.18,68225.24,3,,,,,,,,,,,,,,,,,,,,,,,,"no_breakout,rsi_out_of_zone"
2026-03-13T10:36:55.452431+00:00,USDJPY.s,anaconda,24480388,H4,HOLD,HOLD,NONE,0,0.424042179974869,0,,,,,,,,,,,,,,,,0.023,0.023,159.323,159.492,159.241,159.475,158.04127592860445,156.5829771308101,1.458298797794356,67.1168542582559,159.42,157.264,3,,,,,,,,,,,,,,,,,,,,,,,,"no_breakout,rsi_out_of_zone"
2026-03-13T10:36:55.454036+00:00,EURUSD.s,anaconda,24480388,H4,HOLD,HOLD,NONE,0,0.003573487629734023,0,,,,,,,,,,,,,,,,0.0002,0.0002,1.14443,1.1464,1.14443,1.14555,1.159924707449716,1.1711862132915571,0.011261505841841046,27.513583276092803,1.16665,1.15078,4,,,,,,,,,,,,,,,,,,,,,,,,rsi_out_of_zone
2026-03-13T10:36:55.455199+00:00,XAUUSD.s,anaconda,24480388,H4,HOLD,HOLD,NONE,0,48.11275948047912,0,,,,,,,,,,,,,,,,0.29,0.29,5087.45,5097.03,5079.93,5084.16,5149.716956220072,5040.047526646205,109.66942957386618,37.28188029795582,5238.46,5055.02,3,,,,,,,,,,,,,,,,,,,,,,,,"price_mixed_ema,no_breakout"
2026-03-13T10:41:55.892529+00:00,BTCUSD,anaconda,24480388,H4,HOLD,HOLD,NONE,0,1134.272485677523,0,,,,,,,,,,,,,,,,16.96,16.96,71817.34,72548.48,71581.7,72530.08,69490.27364386852,70365.19063143911,874.9169875705848,72.41797154597914,71997.18,68225.24,3,,,,,,,,,,,,,,,,,,,,,,,,"no_breakout,rsi_out_of_zone"
2026-03-13T10:41:55.893998+00:00,USDJPY.s,anaconda,24480388,H4,HOLD,HOLD,NONE,0,0.424042179974869,0,,,,,,,,,,,,,,,,0.024,0.024,159.323,159.492,159.241,159.465,158.04127592860445,156.5829771308101,1.458298797794356,66.9516321455996,159.42,157.264,3,,,,,,,,,,,,,,,,,,,,,,,,"no_breakout,rsi_out_of_zone"
2026-03-13T10:41:55.895222+00:00,EURUSD.s,anaconda,24480388,H4,HOLD,HOLD,NONE,0,0.003573487629734023,0,,,,,,,,,,,,,,,,0.00019,0.00019,1.14443,1.1464,1.14443,1.1455899999999999,1.159924707449716,1.1711862132915571,0.011261505841841046,27.65733819541998,1.16665,1.15078,4,,,,,,,,,,,,,,,,,,,,,,,,rsi_out_of_zone
2026-03-13T10:41:55.896624+00:00,XAUUSD.s,anaconda,24480388,H4,HOLD,HOLD,NONE,0,48.11275948047912,0,,,,,,,,,,,,,,,,0.28,0.28,5087.45,5097.03,5079.93,5088.56,5149.716956220072,5040.047526646205,109.66942957386618,38.16944820735581,5238.46,5055.02,3,,,,,,,,,,,,,,,,,,,,,,,,"price_mixed_ema,no_breakout"
2026-03-13T10:46:56.333931+00:00,BTCUSD,anaconda,24480388,H4,HOLD,HOLD,NONE,0,1135.8031999632378,0,,,,,,,,,,,,,,,,16.96,16.96,71817.34,72569.91,71581.7,72458.77,69490.27364386852,70365.19063143911,874.9169875705848,72.01647328181006,71997.18,68225.24,3,,,,,,,,,,,,,,,,,,,,,,,,"no_breakout,rsi_out_of_zone"
2026-03-13T10:46:56.335993+00:00,USDJPY.s,anaconda,24480388,H4,HOLD,HOLD,NONE,0,0.424042179974869,0,,,,,,,,,,,,,,,,0.024,0.024,159.323,159.492,159.241,159.442,158.04127592860445,156.5829771308101,1.458298797794356,66.56524668752382,159.42,157.264,3,,,,,,,,,,,,,,,,,,,,,,,,"no_breakout,rsi_out_of_zone"
2026-03-13T10:46:56.337792+00:00,EURUSD.s,anaconda,24480388,H4,HOLD,HOLD,NONE,0,0.003573487629734023,0,,,,,,,,,,,,,,,,0.00019,0.00019,1.14443,1.1464,1.14443,1.14519,1.159924707449716,1.1711862132915571,0.011261505841841046,26.193611344714938,1.16665,1.15078,4,,,,,,,,,,,,,,,,,,,,,,,,rsi_out_of_zone
2026-03-13T10:46:56.339530+00:00,XAUUSD.s,anaconda,24480388,H4,HOLD,HOLD,NONE,0,48.11275948047912,0,,,,,,,,,,,,,,,,0.29,0.29,5087.45,5097.03,5079.93,5084.73,5149.716956220072,5040.047526646205,109.66942957386618,37.379252910913564,5238.46,5055.02,3,,,,,,,,,,,,,,,,,,,,,,,,"price_mixed_ema,no_breakout"
2026-03-13T10:51:57.147335+00:00,BTCUSD,anaconda,24480388,H4,HOLD,HOLD,NONE,0,1136.108199963237,0,,,,,,,,,,,,,,,,17.04,17.04,71817.34,72574.18,71581.7,72527.18,69490.27364386852,70365.19063143911,874.9169875705848,72.40186848393218,71997.18,68225.24,3,,,,,,,,,,,,,,,,,,,,,,,,"no_breakout,rsi_out_of_zone"
2026-03-13T10:51:57.149133+00:00,USDJPY.s,anaconda,24480388,H4,HOLD,HOLD,NONE,0,0.424042179974869,0,,,,,,,,,,,,,,,,0.023,0.023,159.323,159.492,159.241,159.36,158.04127592860445,156.5829771308101,1.458298797794356,65.11097480029724,159.42,157.264,3,,,,,,,,,,,,,,,,,,,,,,,,"no_breakout,rsi_out_of_zone"
2026-03-13T10:51:57.150587+00:00,EURUSD.s,anaconda,24480388,H4,HOLD,HOLD,NONE,0,0.0036256304868768725,0,,,,,,,,,,,,,,,,0.00018,0.00018,1.14443,1.14713,1.14443,1.14655,1.159924707449716,1.1711862132915571,0.011261505841841046,30.944171403938597,1.16665,1.15078,4,,,,,,,,,,,,,,,,,,,,,,,,rsi_out_of_zone
2026-03-13T10:51:57.152095+00:00,XAUUSD.s,anaconda,24480388,H4,HOLD,HOLD,NONE,0,48.137045194764845,0,,,,,,,,,,,,,,,,0.28,0.28,5087.45,5097.37,5079.93,5096.22,5149.716956220072,5040.047526646205,109.66942957386618,40.28109139142652,5238.46,5055.02,3,,,,,,,,,,,,,,,,,,,,,,,,"price_mixed_ema,no_breakout"
2026-03-13T10:51:57.152645+00:00,USOUSD.s,anaconda,24480388,H4,OUTSIDE_HOURS,OUTSIDE_HOURS,NONE,0,4.621934634915178,0,,,,,,,,,,,,,,,,0.079,0.079,95.625,96.245,93.355,93.595,,,,,,,,,,,,,,,,,,,,,,,,,,,,,,,no_breakout
2026-03-13T10:56:57.599961+00:00,BTCUSD,anaconda,24480388,H4,HOLD,HOLD,NONE,0,1136.108199963237,0,,,,,,,,,,,,,,,,17.1,17.1,71817.34,72574.18,71581.7,72415.11,69490.27364386852,70365.19063143911,874.9169875705848,71.76483243720158,71997.18,68225.24,3,,,,,,,,,,,,,,,,,,,,,,,,"no_breakout,rsi_out_of_zone"
2026-03-13T10:56:57.601690+00:00,USDJPY.s,anaconda,24480388,H4,HOLD,HOLD,NONE,0,0.424042179974869,0,,,,,,,,,,,,,,,,0.023,0.023,159.323,159.492,159.241,159.392,158.04127592860445,156.5829771308101,1.458298797794356,65.693296007633,159.42,157.264,3,,,,,,,,,,,,,,,,,,,,,,,,"no_breakout,rsi_out_of_zone"
2026-03-13T10:56:57.602969+00:00,EURUSD.s,anaconda,24480388,H4,HOLD,HOLD,NONE,0,0.0036256304868768725,0,,,,,,,,,,,,,,,,0.00018,0.00018,1.14443,1.14713,1.14443,1.14604,1.159924707449716,1.1711862132915571,0.011261505841841046,29.23614891396008,1.16665,1.15078,4,,,,,,,,,,,,,,,,,,,,,,,,rsi_out_of_zone
2026-03-13T10:56:57.604200+00:00,XAUUSD.s,anaconda,24480388,H4,HOLD,HOLD,NONE,0,48.2013309090506,0,,,,,,,,,,,,,,,,0.28,0.28,5087.45,5098.27,5079.93,5096.08,5149.716956220072,5040.047526646205,109.66942957386618,40.24379217505292,5238.46,5055.02,3,,,,,,,,,,,,,,,,,,,,,,,,"price_mixed_ema,no_breakout"
2026-03-13T11:01:58.034849+00:00,BTCUSD,anaconda,24480388,H4,HOLD,HOLD,NONE,0,1136.108199963237,0,,,,,,,,,,,,,,,,17.03,17.03,71817.34,72574.18,71581.7,72476.4,69490.27364386852,70365.19063143911,874.9169875705848,72.1168196487758,71997.18,68225.24,3,,,,,,,,,,,,,,,,,,,,,,,,"no_breakout,rsi_out_of_zone"
2026-03-13T11:01:58.036380+00:00,USDJPY.s,anaconda,24480388,H4,HOLD,HOLD,NONE,0,0.424042179974869,0,,,,,,,,,,,,,,,,0.025,0.025,159.323,159.492,159.241,159.349,158.04127592860445,156.5829771308101,1.458298797794356,64.90620938863253,159.42,157.264,4,,,,,,,,,,,,,,,,,,,,,,,,no_breakout
2026-03-13T11:01:58.037562+00:00,EURUSD.s,anaconda,24480388,H4,HOLD,HOLD,NONE,0,0.0036256304868768725,0,,,,,,,,,,,,,,,,0.00019,0.00019,1.14443,1.14713,1.14443,1.14618,1.159924707449716,1.1711862132915571,0.011261505841841046,29.713374583916988,1.16665,1.15078,4,,,,,,,,,,,,,,,,,,,,,,,,rsi_out_of_zone
2026-03-13T11:01:58.038715+00:00,XAUUSD.s,anaconda,24480388,H4,HOLD,HOLD,NONE,0,48.2013309090506,0,,,,,,,,,,,,,,,,0.28,0.28,5087.45,5098.27,5079.93,5097.05,5149.716956220072,5040.047526646205,109.66942957386618,40.50126965064762,5238.46,5055.02,3,,,,,,,,,,,,,,,,,,,,,,,,"price_mixed_ema,no_breakout"
2026-03-13T11:06:58.478349+00:00,BTCUSD,anaconda,24480388,H4,HOLD,HOLD,NONE,0,1136.108199963237,0,,,,,,,,,,,,,,,,17.01,17.01,71817.34,72574.18,71581.7,72383.45,69490.27364386852,70365.19063143911,874.9169875705848,71.57950595187323,71997.18,68225.24,3,,,,,,,,,,,,,,,,,,,,,,,,"no_breakout,rsi_out_of_zone"
2026-03-13T11:06:58.480193+00:00,USDJPY.s,anaconda,24480388,H4,HOLD,HOLD,NONE,0,0.424042179974869,0,,,,,,,,,,,,,,,,0.024,0.024,159.323,159.492,159.241,159.337,158.04127592860445,156.5829771308101,1.458298797794356,64.68007002894734,159.42,157.264,4,,,,,,,,,,,,,,,,,,,,,,,,no_breakout
2026-03-13T11:06:58.481853+00:00,EURUSD.s,anaconda,24480388,H4,HOLD,HOLD,NONE,0,0.0036256304868768725,0,,,,,,,,,,,,,,,,0.0002,0.0002,1.14443,1.14713,1.14443,1.14636,1.159924707449716,1.1711862132915571,0.011261505841841046,30.317573678463603,1.16665,1.15078,4,,,,,,,,,,,,,,,,,,,,,,,,rsi_out_of_zone
2026-03-13T11:06:58.483238+00:00,XAUUSD.s,anaconda,24480388,H4,HOLD,HOLD,NONE,0,48.2013309090506,0,,,,,,,,,,,,,,,,0.32,0.32,5087.45,5098.27,5079.93,5094.14,5149.716956220072,5040.047526646205,109.66942957386618,39.72209354053822,5238.46,5055.02,3,,,,,,,,,,,,,,,,,,,,,,,,"price_mixed_ema,no_breakout"
2026-03-13T11:11:59.022694+00:00,BTCUSD,anaconda,24480388,H4,HOLD,HOLD,NONE,0,1136.108199963237,0,,,,,,,,,,,,,,,,16.99,16.99,71817.34,72574.18,71581.7,72341.88,69490.27364386852,70365.19063143911,874.9169875705848,71.33244340582357,71997.18,68225.24,3,,,,,,,,,,,,,,,,,,,,,,,,"no_breakout,rsi_out_of_zone"
2026-03-13T11:11:59.023971+00:00,USDJPY.s,anaconda,24480388,H4,HOLD,HOLD,NONE,0,0.424042179974869,0,,,,,,,,,,,,,,,,0.023,0.023,159.323,159.492,159.241,159.402,158.04127592860445,156.5829771308101,1.458298797794356,65.8713056252646,159.42,157.264,3,,,,,,,,,,,,,,,,,,,,,,,,"no_breakout,rsi_out_of_zone"
2026-03-13T11:11:59.025078+00:00,EURUSD.s,anaconda,24480388,H4,HOLD,HOLD,NONE,0,0.0036256304868768725,0,,,,,,,,,,,,,,,,0.00018,0.00018,1.14443,1.14713,1.14443,1.14564,1.159924707449716,1.1711862132915571,0.011261505841841046,27.836231999187447,1.16665,1.15078,4,,,,,,,,,,,,,,,,,,,,,,,,rsi_out_of_zone
2026-03-13T11:11:59.026487+00:00,XAUUSD.s,anaconda,24480388,H4,HOLD,HOLD,NONE,0,48.2013309090506,0,,,,,,,,,,,,,,,,0.31,0.31,5087.45,5098.27,5079.93,5086.48,5149.716956220072,5040.047526646205,109.66942957386618,37.681407592168114,5238.46,5055.02,3,,,,,,,,,,,,,,,,,,,,,,,,"price_mixed_ema,no_breakout"
2026-03-13T11:16:59.477618+00:00,BTCUSD,anaconda,24480388,H4,HOLD,HOLD,NONE,0,1136.108199963237,0,,,,,,,,,,,,,,,,17.0,17.0,71817.34,72574.18,71581.7,72359.08,69490.27364386852,70365.19063143911,874.9169875705848,71.43518708084531,71997.18,68225.24,3,,,,,,,,,,,,,,,,,,,,,,,,"no_breakout,rsi_out_of_zone"
2026-03-13T11:16:59.479244+00:00,USDJPY.s,anaconda,24480388,H4,HOLD,HOLD,NONE,0,0.424042179974869,0,,,,,,,,,,,,,,,,0.023,0.023,159.323,159.492,159.241,159.415,158.04127592860445,156.5829771308101,1.458298797794356,66.09997491554779,159.42,157.264,3,,,,,,,,,,,,,,,,,,,,,,,,"no_breakout,rsi_out_of_zone"
2026-03-13T11:16:59.480556+00:00,EURUSD.s,anaconda,24480388,H4,HOLD,HOLD,NONE,0,0.0036256304868768725,0,,,,,,,,,,,,,,,,0.00019,0.00019,1.14443,1.14713,1.14443,1.14577,1.159924707449716,1.1711862132915571,0.011261505841841046,28.297241658451767,1.16665,1.15078,4,,,,,,,,,,,,,,,,,,,,,,,,rsi_out_of_zone
2026-03-13T11:16:59.481809+00:00,XAUUSD.s,anaconda,24480388,H4,HOLD,HOLD,NONE,0,48.2013309090506,0,,,,,,,,,,,,,,,,0.29,0.29,5087.45,5098.27,5079.93,5091.12,5149.716956220072,5040.047526646205,109.66942957386618,38.89158732545062,5238.46,5055.02,3,,,,,,,,,,,,,,,,,,,,,,,,"price_mixed_ema,no_breakout"
2026-03-13T11:21:59.930375+00:00,BTCUSD,anaconda,24480388,H4,HOLD,HOLD,NONE,0,1136.108199963237,0,,,,,,,,,,,,,,,,16.95,16.95,71817.34,72574.18,71581.7,72324.81,69490.27364386852,70365.19063143911,874.9169875705848,71.22974291274019,71997.18,68225.24,3,,,,,,,,,,,,,,,,,,,,,,,,"no_breakout,rsi_out_of_zone"
2026-03-13T11:21:59.931748+00:00,USDJPY.s,anaconda,24480388,H4,HOLD,HOLD,NONE,0,0.424042179974869,0,,,,,,,,,,,,,,,,0.023,0.023,159.323,159.492,159.241,159.405,158.04127592860445,156.5829771308101,1.458298797794356,65.92434884650001,159.42,157.264,3,,,,,,,,,,,,,,,,,,,,,,,,"no_breakout,rsi_out_of_zone"
2026-03-13T11:21:59.932889+00:00,EURUSD.s,anaconda,24480388,H4,HOLD,HOLD,NONE,0,0.0036256304868768725,0,,,,,,,,,,,,,,,,0.00018,0.00018,1.14443,1.14713,1.14443,1.14642,1.159924707449716,1.1711862132915571,0.011261505841841046,30.51667160477085,1.16665,1.15078,4,,,,,,,,,,,,,,,,,,,,,,,,rsi_out_of_zone
2026-03-13T11:21:59.934270+00:00,XAUUSD.s,anaconda,24480388,H4,HOLD,HOLD,NONE,0,48.2013309090506,0,,,,,,,,,,,,,,,,0.28,0.28,5087.45,5098.27,5079.93,5093.64,5149.716956220072,5040.047526646205,109.66942957386618,39.58615537035635,5238.46,5055.02,3,,,,,,,,,,,,,,,,,,,,,,,,"price_mixed_ema,no_breakout"
2026-03-13T11:27:00.351993+00:00,BTCUSD,anaconda,24480388,H4,HOLD,HOLD,NONE,0,1136.108199963237,0,,,,,,,,,,,,,,,,17.12,17.12,71817.34,72574.18,71581.7,72401.65,69490.27364386852,70365.19063143911,874.9169875705848,71.68633851128419,71997.18,68225.24,3,,,,,,,,,,,,,,,,,,,,,,,,"no_breakout,rsi_out_of_zone"
2026-03-13T11:27:00.353431+00:00,USDJPY.s,anaconda,24480388,H4,HOLD,HOLD,NONE,0,0.424042179974869,0,,,,,,,,,,,,,,,,0.025,0.025,159.323,159.492,159.241,159.417,158.04127592860445,156.5829771308101,1.458298797794356,66.13488311043687,159.42,157.264,3,,,,,,,,,,,,,,,,,,,,,,,,"no_breakout,rsi_out_of_zone"
2026-03-13T11:27:00.354695+00:00,EURUSD.s,anaconda,24480388,H4,HOLD,HOLD,NONE,0,0.0036256304868768725,0,,,,,,,,,,,,,,,,0.00018,0.00018,1.14443,1.14713,1.14443,1.14668,1.159924707449716,1.1711862132915571,0.011261505841841046,31.366442940675213,1.16665,1.15078,4,,,,,,,,,,,,,,,,,,,,,,,,rsi_out_of_zone
2026-03-13T11:27:00.355860+00:00,XAUUSD.s,anaconda,24480388,H4,HOLD,HOLD,NONE,0,48.2013309090506,0,,,,,,,,,,,,,,,,0.28,0.28,5087.45,5098.27,5079.93,5095.04,5149.716956220072,5040.047526646205,109.66942957386618,39.96524684709757,5238.46,5055.02,3,,,,,,,,,,,,,,,,,,,,,,,,"price_mixed_ema,no_breakout"
2026-03-13T11:32:00.776680+00:00,BTCUSD,anaconda,24480388,H4,HOLD,HOLD,NONE,0,1136.108199963237,0,,,,,,,,,,,,,,,,16.98,16.98,71817.34,72574.18,71581.7,72311.5,69490.27364386852,70365.19063143911,874.9169875705848,71.14915220603561,71997.18,68225.24,3,,,,,,,,,,,,,,,,,,,,,,,,"no_breakout,rsi_out_of_zone"
2026-03-13T11:32:00.778747+00:00,USDJPY.s,anaconda,24480388,H4,HOLD,HOLD,NONE,0,0.424042179974869,0,,,,,,,,,,,,,,,,0.025,0.025,159.323,159.492,159.241,159.407,158.04127592860445,156.5829771308101,1.458298797794356,65.95961948835523,159.42,157.264,3,,,,,,,,,,,,,,,,,,,,,,,,"no_breakout,rsi_out_of_zone"
2026-03-13T11:32:00.780759+00:00,EURUSD.s,anaconda,24480388,H4,HOLD,HOLD,NONE,0,0.0036256304868768725,0,,,,,,,,,,,,,,,,0.00019,0.00019,1.14443,1.14713,1.14443,1.14661,1.159924707449716,1.1711862132915571,0.011261505841841046,31.1397097997244,1.16665,1.15078,4,,,,,,,,,,,,,,,,,,,,,,,,rsi_out_of_zone
2026-03-13T11:32:00.782531+00:00,XAUUSD.s,anaconda,24480388,H4,HOLD,HOLD,NONE,0,48.2013309090506,0,,,,,,,,,,,,,,,,0.28,0.28,5087.45,5098.27,5079.93,5093.77,5149.716956220072,5040.047526646205,109.66942957386618,39.621558243431416,5238.46,5055.02,3,,,,,,,,,,,,,,,,,,,,,,,,"price_mixed_ema,no_breakout"
2026-03-13T11:37:01.483531+00:00,BTCUSD,anaconda,24480388,H4,HOLD,HOLD,NONE,0,1136.108199963237,0,,,,,,,,,,,,,,,,16.99,16.99,71817.34,72574.18,71581.7,72328.92,69490.27364386852,70365.19063143911,874.9169875705848,71.25453764650288,71997.18,68225.24,3,,,,,,,,,,,,,,,,,,,,,,,,"no_breakout,rsi_out_of_zone"
2026-03-13T11:37:01.484964+00:00,USDJPY.s,anaconda,24480388,H4,HOLD,HOLD,NONE,0,0.424042179974869,0,,,,,,,,,,,,,,,,0.024,0.024,159.323,159.492,159.241,159.4,158.04127592860445,156.5829771308101,1.458298797794356,65.83585163943329,159.42,157.264,3,,,,,,,,,,,,,,,,,,,,,,,,"no_breakout,rsi_out_of_zone"
2026-03-13T11:37:01.486181+00:00,EURUSD.s,anaconda,24480388,H4,HOLD,HOLD,NONE,0,0.0036256304868768725,0,,,,,,,,,,,,,,,,0.00018,0.00018,1.14443,1.14713,1.14443,1.14613,1.159924707449716,1.1711862132915571,0.011261505841841046,29.543677540398477,1.16665,1.15078,4,,,,,,,,,,,,,,,,,,,,,,,,rsi_out_of_zone
2026-03-13T11:37:01.487612+00:00,XAUUSD.s,anaconda,24480388,H4,HOLD,HOLD,NONE,0,48.2013309090506,0,,,,,,,,,,,,,,,,0.28,0.28,5087.45,5098.27,5079.93,5092.6,5149.716956220072,5040.047526646205,109.66942957386618,39.30143073274229,5238.46,5055.02,3,,,,,,,,,,,,,,,,,,,,,,,,"price_mixed_ema,no_breakout"
2026-03-13T11:42:01.930310+00:00,BTCUSD,anaconda,24480388,H4,HOLD,HOLD,NONE,0,1136.108199963237,0,,,,,,,,,,,,,,,,16.95,16.95,71817.34,72574.18,71581.7,72307.12,69490.27364386852,70365.19063143911,874.9169875705848,71.12253292178173,71997.18,68225.24,3,,,,,,,,,,,,,,,,,,,,,,,,"no_breakout,rsi_out_of_zone"
2026-03-13T11:42:01.931999+00:00,USDJPY.s,anaconda,24480388,H4,HOLD,HOLD,NONE,0,0.424042179974869,0,,,,,,,,,,,,,,,,0.023,0.023,159.323,159.492,159.241,159.369,158.04127592860445,156.5829771308101,1.458298797794356,65.27674124358421,159.42,157.264,3,,,,,,,,,,,,,,,,,,,,,,,,"no_breakout,rsi_out_of_zone"
2026-03-13T11:42:01.933329+00:00,EURUSD.s,anaconda,24480388,H4,HOLD,HOLD,NONE,0,0.0036256304868768725,0,,,,,,,,,,,,,,,,0.00019,0.00019,1.14443,1.14713,1.14443,1.14594,1.159924707449716,1.1711862132915571,0.011261505841841046,28.891286479518172,1.16665,1.15078,4,,,,,,,,,,,,,,,,,,,,,,,,rsi_out_of_zone
2026-03-13T11:42:01.934677+00:00,XAUUSD.s,anaconda,24480388,H4,HOLD,HOLD,NONE,0,48.2013309090506,0,,,,,,,,,,,,,,,,0.28,0.28,5087.45,5098.27,5079.93,5094.79,5149.716956220072,5040.047526646205,109.66942957386618,39.897901257963134,5238.46,5055.02,3,,,,,,,,,,,,,,,,,,,,,,,,"price_mixed_ema,no_breakout"
2026-03-13T11:42:01.935287+00:00,USOUSD.s,anaconda,24480388,H4,OUTSIDE_HOURS,OUTSIDE_HOURS,NONE,0,4.6387203492008915,0,,,,,,,,,,,,,,,,0.079,0.079,95.625,96.245,93.12,94.155,,,,,,,,,,,,,,,,,,,,,,,,,,,,,,,no_breakout
2026-03-13T11:47:02.406718+00:00,BTCUSD,anaconda,24480388,H4,HOLD,HOLD,NONE,0,1136.108199963237,0,,,,,,,,,,,,,,,,17.1,17.1,71817.34,72574.18,71581.7,72264.69,69490.27364386852,70365.19063143911,874.9169875705848,70.86210055622723,71997.18,68225.24,3,,,,,,,,,,,,,,,,,,,,,,,,"no_breakout,rsi_out_of_zone"
2026-03-13T11:47:02.408359+00:00,USDJPY.s,anaconda,24480388,H4,HOLD,HOLD,NONE,0,0.424042179974869,0,,,,,,,,,,,,,,,,0.023,0.023,159.323,159.492,159.241,159.306,158.04127592860445,156.5829771308101,1.458298797794356,63.81065773970773,159.42,157.264,4,,,,,,,,,,,,,,,,,,,,,,,,no_breakout
2026-03-13T11:47:02.409686+00:00,EURUSD.s,anaconda,24480388,H4,HOLD,HOLD,NONE,0,0.0036256304868768725,0,,,,,,,,,,,,,,,,0.00018,0.00018,1.14443,1.14713,1.14443,1.14658,1.159924707449716,1.1711862132915571,0.011261505841841046,31.04207921965427,1.16665,1.15078,4,,,,,,,,,,,,,,,,,,,,,,,,rsi_out_of_zone
2026-03-13T11:47:02.410997+00:00,XAUUSD.s,anaconda,24480388,H4,HOLD,HOLD,NONE,0,48.2013309090506,0,,,,,,,,,,,,,,,,0.28,0.28,5087.45,5098.27,5079.93,5093.27,5149.716956220072,5040.047526646205,109.66942957386618,39.48516572956013,5238.46,5055.02,3,,,,,,,,,,,,,,,,,,,,,,,,"price_mixed_ema,no_breakout"
2026-03-13T11:52:02.840415+00:00,BTCUSD,anaconda,24480388,H4,HOLD,HOLD,NONE,0,1136.108199963237,0,,,,,,,,,,,,,,,,17.12,17.12,71817.34,72574.18,71581.7,72244.16,69490.27364386852,70365.19063143911,874.9169875705848,70.734395150766,71997.18,68225.24,3,,,,,,,,,,,,,,,,,,,,,,,,"no_breakout,rsi_out_of_zone"
2026-03-13T11:52:02.841971+00:00,USDJPY.s,anaconda,24480388,H4,HOLD,HOLD,NONE,0,0.424042179974869,0,,,,,,,,,,,,,,,,0.023,0.023,159.323,159.492,159.241,159.289,158.04127592860445,156.5829771308101,1.458298797794356,63.23494451913224,159.42,157.264,4,,,,,,,,,,,,,,,,,,,,,,,,no_breakout
2026-03-13T11:52:02.843183+00:00,EURUSD.s,anaconda,24480388,H4,HOLD,HOLD,NONE,0,0.0036256304868768725,0,,,,,,,,,,,,,,,,0.00018,0.00018,1.14443,1.14713,1.14443,1.14679,1.159924707449716,1.1711862132915571,0.011261505841841046,31.719736717834763,1.16665,1.15078,4,,,,,,,,,,,,,,,,,,,,,,,,rsi_out_of_zone
2026-03-13T11:52:02.844544+00:00,XAUUSD.s,anaconda,24480388,H4,HOLD,HOLD,NONE,0,48.2013309090506,0,,,,,,,,,,,,,,,,0.29,0.29,5087.45,5098.27,5079.93,5095.84,5149.716956220072,5040.047526646205,109.66942957386618,40.17974214582077,5238.46,5055.02,3,,,,,,,,,,,,,,,,,,,,,,,,"price_mixed_ema,no_breakout"
2026-03-13T11:57:03.270175+00:00,BTCUSD,anaconda,24480388,H4,HOLD,HOLD,NONE,0,1136.108199963237,0,,,,,,,,,,,,,,,,17.02,17.02,71817.34,72574.18,71581.7,72270.21,69490.27364386852,70365.19063143911,874.9169875705848,70.89624742565348,71997.18,68225.24,3,,,,,,,,,,,,,,,,,,,,,,,,"no_breakout,rsi_out_of_zone"
2026-03-13T11:57:03.271767+00:00,USDJPY.s,anaconda,24480388,H4,HOLD,HOLD,NONE,0,0.424042179974869,0,,,,,,,,,,,,,,,,0.024,0.024,159.323,159.492,159.241,159.31,158.04127592860445,156.5829771308101,1.458298797794356,63.94764642438862,159.42,157.264,4,,,,,,,,,,,,,,,,,,,,,,,,no_breakout
2026-03-13T11:57:03.272988+00:00,EURUSD.s,anaconda,24480388,H4,HOLD,HOLD,NONE,0,0.0036256304868768725,0,,,,,,,,,,,,,,,,0.00019,0.00019,1.14443,1.14713,1.14443,1.14688,1.159924707449716,1.1711862132915571,0.011261505841841046,32.006101264217534,1.16665,1.15078,4,,,,,,,,,,,,,,,,,,,,,,,,rsi_out_of_zone
2026-03-13T11:57:03.274190+00:00,XAUUSD.s,anaconda,24480388,H4,HOLD,HOLD,NONE,0,48.23275948047914,0,,,,,,,,,,,,,,,,0.29,0.29,5087.45,5098.71,5079.93,5098.71,5149.716956220072,5040.047526646205,109.66942957386618,40.936791156654266,5238.46,5055.02,3,,,,,,,,,,,,,,,,,,,,,,,,"price_mixed_ema,no_breakout"
2026-03-13T12:02:03.729655+00:00,BTCUSD,anaconda,24480388,H4,HOLD,HOLD,NONE,0,1136.108199963237,0,,,,,,,,,,,,,,,,17.02,17.02,71817.34,72574.18,71581.7,72304.9,69490.27364386852,70365.19063143911,874.9169875705848,71.1090221891726,71997.18,68225.24,3,,,,,,,,,,,,,,,,,,,,,,,,"no_breakout,rsi_out_of_zone"
2026-03-13T12:02:03.731437+00:00,USDJPY.s,anaconda,24480388,H4,HOLD,HOLD,NONE,0,0.424042179974869,0,,,,,,,,,,,,,,,,0.024,0.024,159.323,159.492,159.241,159.285,158.04127592860445,156.5829771308101,1.458298797794356,63.10098912136004,159.42,157.264,4,,,,,,,,,,,,,,,,,,,,,,,,no_breakout
2026-03-13T12:02:03.733396+00:00,EURUSD.s,anaconda,24480388,H4,HOLD,HOLD,NONE,0,0.0036256304868768725,0,,,,,,,,,,,,,,,,0.00018,0.00018,1.14443,1.14713,1.14443,1.14698,1.159924707449716,1.1711862132915571,0.011261505841841046,32.32147999802673,1.16665,1.15078,4,,,,,,,,,,,,,,,,,,,,,,,,rsi_out_of_zone
2026-03-13T12:02:03.735303+00:00,XAUUSD.s,anaconda,24480388,H4,HOLD,HOLD,NONE,0,49.588473766193395,0,,,,,,,,,,,,,,,,0.29,0.29,5087.45,5117.69,5079.93,5117.42,5149.716956220072,5040.047526646205,109.66942957386618,45.43827502869827,5238.46,5055.02,3,,,,,,,,,,,,,,,,,,,,,,,,"price_mixed_ema,no_breakout"
2026-03-13T12:07:04.420421+00:00,BTCUSD,anaconda,24480388,H4,HOLD,HOLD,NONE,0,1136.108199963237,0,,,,,,,,,,,,,,,,17.11,17.11,71817.34,72574.18,71581.7,72413.35,69490.27364386852,70365.19063143911,874.9169875705848,71.75459348647175,71997.18,68225.24,3,,,,,,,,,,,,,,,,,,,,,,,,"no_breakout,rsi_out_of_zone"
2026-03-13T12:07:04.421920+00:00,USDJPY.s,anaconda,24480388,H4,HOLD,HOLD,NONE,0,0.424042179974869,0,,,,,,,,,,,,,,,,0.023,0.023,159.323,159.492,159.241,159.328,158.04127592860445,156.5829771308101,1.458298797794356,64.508543633311,159.42,157.264,4,,,,,,,,,,,,,,,,,,,,,,,,no_breakout
2026-03-13T12:07:04.423678+00:00,EURUSD.s,anaconda,24480388,H4,HOLD,HOLD,NONE,0,0.0036334876297340196,0,,,,,,,,,,,,,,,,0.00018,0.00018,1.14443,1.14724,1.14443,1.14684,1.159924707449716,1.1711862132915571,0.011261505841841046,31.879125229692747,1.16665,1.15078,4,,,,,,,,,,,,,,,,,,,,,,,,rsi_out_of_zone
2026-03-13T12:07:04.425122+00:00,XAUUSD.s,anaconda,24480388,H4,HOLD,HOLD,NONE,0,49.66918805190769,0,,,,,,,,,,,,,,,,0.29,0.29,5087.45,5118.82,5079.93,5116.2,5149.716956220072,5040.047526646205,109.66942957386618,45.16576878168812,5238.46,5055.02,3,,,,,,,,,,,,,,,,,,,,,,,,"price_mixed_ema,no_breakout"
2026-03-13T12:12:05.008234+00:00,BTCUSD,anaconda,24480388,H4,HOLD,HOLD,NONE,0,1136.108199963237,0,,,,,,,,,,,,,,,,17.08,17.08,71817.34,72574.18,71581.7,72365.63,69490.27364386852,70365.19063143911,874.9169875705848,71.47411994211348,71997.18,68225.24,3,,,,,,,,,,,,,,,,,,,,,,,,"no_breakout,rsi_out_of_zone"
2026-03-13T12:12:05.009710+00:00,USDJPY.s,anaconda,24480388,H4,HOLD,HOLD,NONE,0,0.424042179974869,0,,,,,,,,,,,,,,,,0.023,0.023,159.323,159.492,159.241,159.364,158.04127592860445,156.5829771308101,1.458298797794356,65.1848437583175,159.42,157.264,3,,,,,,,,,,,,,,,,,,,,,,,,"no_breakout,rsi_out_of_zone"
2026-03-13T12:12:05.011116+00:00,EURUSD.s,anaconda,24480388,H4,HOLD,HOLD,NONE,0,0.0036334876297340196,0,,,,,,,,,,,,,,,,0.00018,0.00018,1.14443,1.14724,1.14443,1.1463,1.159924707449716,1.1711862132915571,0.011261505841841046,30.117331480682395,1.16665,1.15078,4,,,,,,,,,,,,,,,,,,,,,,,,rsi_out_of_zone
2026-03-13T12:12:05.012596+00:00,XAUUSD.s,anaconda,24480388,H4,HOLD,HOLD,NONE,0,49.66918805190769,0,,,,,,,,,,,,,,,,0.31,0.31,5087.45,5118.82,5079.93,5107.86,5149.716956220072,5040.047526646205,109.66942957386618,43.22741401206918,5238.46,5055.02,3,,,,,,,,,,,,,,,,,,,,,,,,"price_mixed_ema,no_breakout"
2026-03-13T12:17:05.569054+00:00,BTCUSD,anaconda,24480388,H4,HOLD,HOLD,NONE,0,1136.108199963237,0,,,,,,,,,,,,,,,,17.1,17.1,71817.34,72574.18,71581.7,72339.83,69490.27364386852,70365.19063143911,874.9169875705848,71.32014847683891,71997.18,68225.24,3,,,,,,,,,,,,,,,,,,,,,,,,"no_breakout,rsi_out_of_zone"
2026-03-13T12:17:05.570383+00:00,USDJPY.s,anaconda,24480388,H4,HOLD,HOLD,NONE,0,0.424042179974869,0,,,,,,,,,,,,,,,,0.024,0.024,159.323,159.492,159.241,159.353,158.04127592860445,156.5829771308101,1.458298797794356,64.98094704353807,159.42,157.264,4,,,,,,,,,,,,,,,,,,,,,,,,no_breakout
2026-03-13T12:17:05.571523+00:00,EURUSD.s,anaconda,24480388,H4,HOLD,HOLD,NONE,0,0.0036334876297340196,0,,,,,,,,,,,,,,,,0.00019,0.00019,1.14443,1.14724,1.14443,1.1461999999999999,1.159924707449716,1.1711862132915571,0.011261505841841046,29.78102473700487,1.16665,1.15078,4,,,,,,,,,,,,,,,,,,,,,,,,rsi_out_of_zone
2026-03-13T12:17:05.572762+00:00,XAUUSD.s,anaconda,24480388,H4,HOLD,HOLD,NONE,0,49.66918805190769,0,,,,,,,,,,,,,,,,0.32,0.32,5087.45,5118.82,5079.93,5105.86,5149.716956220072,5040.047526646205,109.66942957386618,42.742034584487385,5238.46,5055.02,3,,,,,,,,,,,,,,,,,,,,,,,,"price_mixed_ema,no_breakout"
2026-03-13T12:22:05.995206+00:00,BTCUSD,anaconda,24480388,H4,HOLD,HOLD,NONE,0,1136.108199963237,0,,,,,,,,,,,,,,,,17.05,17.05,71817.34,72574.18,71581.7,72390.38,69490.27364386852,70365.19063143911,874.9169875705848,71.62027941118303,71997.18,68225.24,3,,,,,,,,,,,,,,,,,,,,,,,,"no_breakout,rsi_out_of_zone"
2026-03-13T12:22:05.996533+00:00,USDJPY.s,anaconda,24480388,H4,HOLD,HOLD,NONE,0,0.424042179974869,0,,,,,,,,,,,,,,,,0.025,0.025,159.323,159.492,159.241,159.381,158.04127592860445,156.5829771308101,1.458298797794356,65.49532828916884,159.42,157.264,3,,,,,,,,,,,,,,,,,,,,,,,,"no_breakout,rsi_out_of_zone"
2026-03-13T12:22:05.997755+00:00,EURUSD.s,anaconda,24480388,H4,HOLD,HOLD,NONE,0,0.0036334876297340196,0,,,,,,,,,,,,,,,,0.00019,0.00019,1.14443,1.14724,1.14443,1.14616,1.159924707449716,1.1711862132915571,0.011261505841841046,29.64559395451363,1.16665,1.15078,4,,,,,,,,,,,,,,,,,,,,,,,,rsi_out_of_zone
2026-03-13T12:22:05.999029+00:00,XAUUSD.s,anaconda,24480388,H4,HOLD,HOLD,NONE,0,49.66918805190769,0,,,,,,,,,,,,,,,,0.31,0.31,5087.45,5118.82,5079.93,5111.21,5149.716956220072,5040.047526646205,109.66942957386618,44.02224671634048,5238.46,5055.02,3,,,,,,,,,,,,,,,,,,,,,,,,"price_mixed_ema,no_breakout"
2026-03-13T12:27:06.423059+00:00,BTCUSD,anaconda,24480388,H4,HOLD,HOLD,NONE,0,1136.108199963237,0,,,,,,,,,,,,,,,,17.06,17.06,71817.34,72574.18,71581.7,72396.22,69490.27364386852,70365.19063143911,874.9169875705848,71.65454900209457,71997.18,68225.24,3,,,,,,,,,,,,,,,,,,,,,,,,"no_breakout,rsi_out_of_zone"
2026-03-13T12:27:06.424365+00:00,USDJPY.s,anaconda,24480388,H4,HOLD,HOLD,NONE,0,0.424042179974869,0,,,,,,,,,,,,,,,,0.024,0.024,159.323,159.492,159.241,159.375,158.04127592860445,156.5829771308101,1.458298797794356,65.38637986044603,159.42,157.264,3,,,,,,,,,,,,,,,,,,,,,,,,"no_breakout,rsi_out_of_zone"
2026-03-13T12:27:06.425726+00:00,EURUSD.s,anaconda,24480388,H4,HOLD,HOLD,NONE,0,0.0036334876297340196,0,,,,,,,,,,,,,,,,0.00018,0.00018,1.14443,1.14724,1.14443,1.14696,1.159924707449716,1.1711862132915571,0.011261505841841046,32.25863852193319,1.16665,1.15078,4,,,,,,,,,,,,,,,,,,,,,,,,rsi_out_of_zone
2026-03-13T12:27:06.426858+00:00,XAUUSD.s,anaconda,24480388,H4,HOLD,HOLD,NONE,0,49.66918805190769,0,,,,,,,,,,,,,,,,0.31,0.31,5087.45,5118.82,5079.93,5111.66,5149.716956220072,5040.047526646205,109.66942957386618,44.12732288747754,5238.46,5055.02,3,,,,,,,,,,,,,,,,,,,,,,,,"price_mixed_ema,no_breakout"
2026-03-13T12:32:06.859306+00:00,BTCUSD,anaconda,24480388,H4,HOLD,HOLD,NONE,0,1136.108199963237,0,,,,,,,,,,,,,,,,16.95,16.95,71817.34,72574.18,71581.7,72454.14,69490.27364386852,70365.19063143911,874.9169875705848,71.99000040571605,71997.18,68225.24,3,,,,,,,,,,,,,,,,,,,,,,,,"no_breakout,rsi_out_of_zone"
2026-03-13T12:32:06.860978+00:00,USDJPY.s,anaconda,24480388,H4,HOLD,HOLD,NONE,0,0.424042179974869,0,,,,,,,,,,,,,,,,0.025,0.025,159.323,159.492,159.241,159.352,158.04127592860445,156.5829771308101,1.458298797794356,64.96229248922089,159.42,157.264,4,,,,,,,,,,,,,,,,,,,,,,,,no_breakout
2026-03-13T12:32:06.862355+00:00,EURUSD.s,anaconda,24480388,H4,HOLD,HOLD,NONE,0,0.0036499162011625875,0,,,,,,,,,,,,,,,,0.00018,0.00018,1.14443,1.14747,1.14443,1.14719,1.159924707449716,1.1711862132915571,0.011261505841841046,32.974344158145726,1.16665,1.15078,4,,,,,,,,,,,,,,,,,,,,,,,,rsi_out_of_zone
2026-03-13T12:32:06.863924+00:00,XAUUSD.s,anaconda,24480388,H4,HOLD,HOLD,NONE,0,49.66918805190769,0,,,,,,,,,,,,,,,,0.28,0.28,5087.45,5118.82,5079.93,5113.05,5149.716956220072,5040.047526646205,109.66942957386618,44.44941471166489,5238.46,5055.02,3,,,,,,,,,,,,,,,,,,,,,,,,"price_mixed_ema,no_breakout"
2026-03-13T12:32:06.864496+00:00,USOUSD.s,anaconda,24480388,H4,OUTSIDE_HOURS,OUTSIDE_HOURS,NONE,0,4.645506063486606,0,,,,,,,,,,,,,,,,0.079,0.079,95.625,96.245,93.025,93.83,,,,,,,,,,,,,,,,,,,,,,,,,,,,,,,no_breakout
2026-03-13T12:37:07.312374+00:00,BTCUSD,anaconda,24480388,H4,HOLD,HOLD,NONE,0,1139.3524856775236,0,,,,,,,,,,,,,,,,17.03,17.03,71817.34,72619.6,71581.7,72382.39,69490.27364386852,70365.19063143911,874.9169875705848,71.57325898579518,71997.18,68225.24,3,,,,,,,,,,,,,,,,,,,,,,,,"no_breakout,rsi_out_of_zone"
2026-03-13T12:37:07.313764+00:00,USDJPY.s,anaconda,24480388,H4,HOLD,HOLD,NONE,0,0.424042179974869,0,,,,,,,,,,,,,,,,0.024,0.024,159.323,159.492,159.241,159.314,158.04127592860445,156.5829771308101,1.458298797794356,64.08522454894347,159.42,157.264,4,,,,,,,,,,,,,,,,,,,,,,,,no_breakout
2026-03-13T12:37:07.315062+00:00,EURUSD.s,anaconda,24480388,H4,HOLD,HOLD,NONE,0,0.0036499162011625875,0,,,,,,,,,,,,,,,,0.00019,0.00019,1.14443,1.14747,1.14443,1.14731,1.159924707449716,1.1711862132915571,0.011261505841841046,33.341785150410104,1.16665,1.15078,4,,,,,,,,,,,,,,,,,,,,,,,,rsi_out_of_zone
2026-03-13T12:37:07.316244+00:00,XAUUSD.s,anaconda,24480388,H4,HOLD,HOLD,NONE,0,49.66918805190769,0,,,,,,,,,,,,,,,,0.32,0.32,5087.45,5118.82,5079.93,5114.47,5149.716956220072,5040.047526646205,109.66942957386618,44.774645965175814,5238.46,5055.02,3,,,,,,,,,,,,,,,,,,,,,,,,"price_mixed_ema,no_breakout"
2026-03-13T12:42:07.808056+00:00,BTCUSD,anaconda,24480388,H4,HOLD,HOLD,NONE,0,1139.3524856775236,0,,,,,,,,,,,,,,,,17.1,17.1,71817.34,72619.6,71581.7,72389.48,69490.27364386852,70365.19063143911,874.9169875705848,71.61499076819322,71997.18,68225.24,3,,,,,,,,,,,,,,,,,,,,,,,,"no_breakout,rsi_out_of_zone"
2026-03-13T12:42:07.809621+00:00,USDJPY.s,anaconda,24480388,H4,HOLD,HOLD,NONE,0,0.424042179974869,0,,,,,,,,,,,,,,,,0.024,0.024,159.323,159.492,159.241,159.332,158.04127592860445,156.5829771308101,1.458298797794356,64.5849828215853,159.42,157.264,4,,,,,,,,,,,,,,,,,,,,,,,,no_breakout
2026-03-13T12:42:07.811035+00:00,EURUSD.s,anaconda,24480388,H4,HOLD,HOLD,NONE,0,0.0036499162011625875,0,,,,,,,,,,,,,,,,0.00019,0.00019,1.14443,1.14747,1.14443,1.14718,1.159924707449716,1.1711862132915571,0.011261505841841046,32.94354113829657,1.16665,1.15078,4,,,,,,,,,,,,,,,,,,,,,,,,rsi_out_of_zone
2026-03-13T12:42:07.812372+00:00,XAUUSD.s,anaconda,24480388,H4,HOLD,HOLD,NONE,0,49.66918805190769,0,,,,,,,,,,,,,,,,0.29,0.29,5087.45,5118.82,5079.93,5110.78,5149.716956220072,5040.047526646205,109.66942957386618,43.92147067006719,5238.46,5055.02,3,,,,,,,,,,,,,,,,,,,,,,,,"price_mixed_ema,no_breakout"
2026-03-13T12:47:08.255053+00:00,BTCUSD,anaconda,24480388,H4,HOLD,HOLD,NONE,0,1147.6817713918094,0,,,,,,,,,,,,,,,,17.05,17.05,71817.34,72736.21,71581.7,72640.98,69490.27364386852,70365.19063143911,874.9169875705848,73.0199827278924,71997.18,68225.24,3,,,,,,,,,,,,,,,,,,,,,,,,"no_breakout,rsi_out_of_zone"
2026-03-13T12:47:08.256447+00:00,USDJPY.s,anaconda,24480388,H4,HOLD,HOLD,NONE,0,0.42732789426058476,0,,,,,,,,,,,,,,,,0.025,0.025,159.323,159.492,159.195,159.247,158.04127592860445,156.5829771308101,1.458298797794356,61.856160286927434,159.42,157.264,4,,,,,,,,,,,,,,,,,,,,,,,,no_breakout
2026-03-13T12:47:08.258251+00:00,EURUSD.s,anaconda,24480388,H4,SELL,SELL,BREAKOUT_5C,0.9,0.003742773344019736,0,,,,,,,,,,,,,,,,0.0002,0.0002,1.14443,1.14877,1.14443,1.14822,1.159924707449716,1.1711862132915571,0.011261505841841046,36.00233151495583,1.16665,1.15078,5,,,,,,,,,,,,,,,,,,,,,,,,
2026-03-13T12:47:11.041954+00:00,XAUUSD.s,anaconda,24480388,H4,HOLD,HOLD,NONE,0,49.81704519476487,0,,,,,,,,,,,,,,,,0.29,0.29,5087.45,5120.89,5079.93,5119.81,5149.716956220072,5040.047526646205,109.66942957386618,45.964344618065454,5238.46,5055.02,3,,,,,,,,,,,,,,,,,,,,,,,,"price_mixed_ema,no_breakout"
2026-03-13T12:52:11.470333+00:00,BTCUSD,anaconda,24480388,H4,HOLD,HOLD,NONE,0,1157.762485677523,0,,,,,,,,,,,,,,,,16.99,16.99,71817.34,72877.34,71581.7,72681.49,69490.27364386852,70365.19063143911,874.9169875705848,73.23338668969188,71997.18,68225.24,3,,,,,,,,,,,,,,,,,,,,,,,,"no_breakout,rsi_out_of_zone"
2026-03-13T12:52:11.471863+00:00,USDJPY.s,anaconda,24480388,H4,HOLD,HOLD,NONE,0,0.42732789426058476,0,,,,,,,,,,,,,,,,0.024,0.024,159.323,159.492,159.195,159.3,158.04127592860445,156.5829771308101,1.458298797794356,63.606271652532655,159.42,157.264,4,,,,,,,,,,,,,,,,,,,,,,,,no_breakout
2026-03-13T12:52:11.473387+00:00,EURUSD.s,anaconda,24480388,H4,SELL,SELL,BREAKOUT_5C,0.9,0.003742773344019736,0,,,,,,,,,,,,,,,,0.00018,0.00018,1.14443,1.14877,1.14443,1.14792,1.159924707449716,1.1711862132915571,0.011261505841841046,35.14900814863897,1.16665,1.15078,5,,,,,,,,,,,,,,,,,,,,,,,,
2026-03-13T12:52:14.124905+00:00,XAUUSD.s,anaconda,24480388,H4,HOLD,HOLD,NONE,0,49.880616623336266,0,,,,,,,,,,,,,,,,0.29,0.29,5087.45,5121.78,5079.93,5118.77,5149.716956220072,5040.047526646205,109.66942957386618,45.73667928191007,5238.46,5055.02,3,,,,,,,,,,,,,,,,,,,,,,,,"price_mixed_ema,no_breakout"
2026-03-13T12:57:14.548116+00:00,BTCUSD,anaconda,24480388,H4,HOLD,HOLD,NONE,0,1157.762485677523,0,,,,,,,,,,,,,,,,16.98,16.98,71817.34,72877.34,71581.7,72759.02,69490.27364386852,70365.19063143911,874.9169875705848,73.63253670049906,71997.18,68225.24,3,,,,,,,,,,,,,,,,,,,,,,,,"no_breakout,rsi_out_of_zone"
2026-03-13T12:57:14.549690+00:00,USDJPY.s,anaconda,24480388,H4,HOLD,HOLD,NONE,0,0.42732789426058476,0,,,,,,,,,,,,,,,,0.024,0.024,159.323,159.492,159.195,159.303,158.04127592860445,156.5829771308101,1.458298797794356,63.70830077099284,159.42,157.264,4,,,,,,,,,,,,,,,,,,,,,,,,no_breakout
2026-03-13T12:57:14.551312+00:00,EURUSD.s,anaconda,24480388,H4,HOLD,HOLD,NONE,0,0.003742773344019736,0,,,,,,,,,,,,,,,,0.00018,0.00018,1.14443,1.14877,1.14443,1.14778,1.159924707449716,1.1711862132915571,0.011261505841841046,34.74295425859047,1.16665,1.15078,4,,,,,,,,,,,,,,,,,,,,,,,,rsi_out_of_zone
2026-03-13T12:57:14.552733+00:00,XAUUSD.s,anaconda,24480388,H4,HOLD,HOLD,NONE,0,49.880616623336266,0,,,,,,,,,,,,,,,,0.28,0.28,5087.45,5121.78,5079.93,5118.82,5149.716956220072,5040.047526646205,109.66942957386618,45.74766862059944,5238.46,5055.02,3,,,,,,,,,,,,,,,,,,,,,,,,"price_mixed_ema,no_breakout"
2026-03-13T13:02:15.055437+00:00,BTCUSD,anaconda,24480388,H4,HOLD,HOLD,NONE,0,1080.4587366163012,0,,,,,,,,,,,,,,,,17.06,17.06,72769.46,72822.22,72746.71,72792.61,69618.824803509,70505.91449537469,887.0896918656945,73.81550779689042,71997.18,68369.52,4,,,,,,,,,,,,,,,,,,,,,,,,rsi_out_of_zone
2026-03-13T13:02:15.056908+00:00,USDJPY.s,anaconda,24480388,H4,HOLD,HOLD,NONE,0,0.40130447325109403,0,,,,,,,,,,,,,,,,0.024,0.024,159.324,159.325,159.262,159.286,158.09154003268887,156.6135096418983,1.4780303907905648,62.99719331479823,159.675,157.264,4,,,,,,,,,,,,,,,,,,,,,,,,no_breakout
2026-03-13T13:02:15.058256+00:00,EURUSD.s,anaconda,24480388,H4,HOLD,HOLD,NONE,0,0.0035147181051959184,0,,,,,,,,,,,,,,,,0.00019,0.00019,1.1477,1.14825,1.1477,1.14816,1.1594460842565055,1.1708958952443318,0.01144981098782627,35.97112759862581,1.16665,1.14992,4,,,,,,,,,,,,,,,,,,,,,,,,no_breakout
2026-03-13T13:02:15.059466+00:00,XAUUSD.s,anaconda,24480388,H4,HOLD,HOLD,NONE,0,46.725572579283536,0,,,,,,,,,,,,,,,,0.29,0.29,5118.23,5120.87,5115.16,5117.73,5148.482628606206,5041.320377254796,107.1622513514103,45.51520494448165,5238.46,5055.02,3,,,,,,,,,,,,,,,,,,,,,,,,"price_mixed_ema,no_breakout"
2026-03-13T13:02:15.060791+00:00,USOUSD.s,anaconda,24480388,H4,HOLD,HOLD,NONE,0,4.433480120188322,0,,,,,,,,,,,,,,,,0.079,0.079,93.56,93.8,93.005,93.065,86.62388335917711,73.2085601573562,13.415323201820911,52.61695611941876,97.99,76.779,4,,,,,,,,,,,,,,,,,,,,,,,,no_breakout
2026-03-13T13:07:15.481196+00:00,BTCUSD,anaconda,24480388,H4,HOLD,HOLD,NONE,0,1091.5108794734435,0,,,,,,,,,,,,,,,,17.1,17.1,72769.46,72916.15,72685.91,72831.13,69618.824803509,70505.91449537469,887.0896918656945,74.02783258776303,71997.18,68369.52,4,,,,,,,,,,,,,,,,,,,,,,,,rsi_out_of_zone
2026-03-13T13:07:15.482749+00:00,USDJPY.s,anaconda,24480388,H4,HOLD,HOLD,NONE,0,0.40351875896538014,0,,,,,,,,,,,,,,,,0.023,0.023,159.324,159.356,159.262,159.319,158.09154003268887,156.6135096418983,1.4780303907905648,64.2426335314856,159.675,157.264,4,,,,,,,,,,,,,,,,,,,,,,,,no_breakout
2026-03-13T13:07:15.484116+00:00,EURUSD.s,anaconda,24480388,H4,HOLD,HOLD,NONE,0,0.003534003819481632,0,,,,,,,,,,,,,,,,0.00019,0.00019,1.1477,1.14825,1.14743,1.14761,1.1594460842565055,1.1708958952443318,0.01144981098782627,34.37894098414982,1.16665,1.14992,3,,,,,,,,,,,,,,,,,,,,,,,,"no_breakout,rsi_out_of_zone"
2026-03-13T13:07:15.485630+00:00,XAUUSD.s,anaconda,24480388,H4,HOLD,HOLD,NONE,0,46.80985829356928,0,,,,,,,,,,,,,,,,0.29,0.29,5118.23,5121.13,5114.24,5119.5,5148.482628606206,5041.320377254796,107.1622513514103,45.92726079536667,5238.46,5055.02,3,,,,,,,,,,,,,,,,,,,,,,,,"price_mixed_ema,no_breakout"
2026-03-13T13:07:15.486977+00:00,USOUSD.s,anaconda,24480388,H4,HOLD,HOLD,NONE,0,4.456694405902607,0,,,,,,,,,,,,,,,,0.079,0.079,93.56,94.02,92.9,93.405,86.62388335917711,73.2085601573562,13.415323201820911,53.6013449868703,97.99,76.779,4,,,,,,,,,,,,,,,,,,,,,,,,no_breakout
2026-03-13T13:12:15.914767+00:00,BTCUSD,anaconda,24480388,H4,HOLD,HOLD,NONE,0,1092.5151651877293,0,,,,,,,,,,,,,,,,17.02,17.02,72769.46,72916.15,72671.85,72739.52,69618.824803509,70505.91449537469,887.0896918656945,73.23355465494902,71997.18,68369.52,4,,,,,,,,,,,,,,,,,,,,,,,,rsi_out_of_zone
2026-03-13T13:12:15.916308+00:00,USDJPY.s,anaconda,24480388,H4,HOLD,HOLD,NONE,0,0.40351875896538014,0,,,,,,,,,,,,,,,,0.033,0.033,159.324,159.356,159.262,159.275,158.09154003268887,156.6135096418983,1.4780303907905648,62.59270866879181,159.675,157.264,4,,,,,,,,,,,,,,,,,,,,,,,,no_breakout
2026-03-13T13:12:15.917515+00:00,EURUSD.s,anaconda,24480388,H4,HOLD,HOLD,NONE,0,0.003544003819481634,0,,,,,,,,,,,,,,,,0.00018,0.00018,1.1477,1.14825,1.14729,1.14791,1.1594460842565055,1.1708958952443318,0.01144981098782627,35.18101831456593,1.16665,1.14992,4,,,,,,,,,,,,,,,,,,,,,,,,no_breakout
2026-03-13T13:12:15.918625+00:00,XAUUSD.s,anaconda,24480388,H4,HOLD,HOLD,NONE,0,47.06057257928357,0,,,,,,,,,,,,,,,,0.29,0.29,5118.23,5121.13,5110.73,5111.5,5148.482628606206,5041.320377254796,107.1622513514103,44.27380693277954,5238.46,5055.02,3,,,,,,,,,,,,,,,,,,,,,,,,"price_mixed_ema,no_breakout"
2026-03-13T13:12:15.920111+00:00,USOUSD.s,anaconda,24480388,H4,HOLD,HOLD,NONE,0,4.469551548759751,0,,,,,,,,,,,,,,,,0.079,0.079,93.56,94.2,92.9,93.9,86.62388335917711,73.2085601573562,13.415323201820911,54.915882924576984,97.99,76.779,4,,,,,,,,,,,,,,,,,,,,,,,,no_breakout
2026-03-13T13:17:16.339066+00:00,BTCUSD,anaconda,24480388,H4,HOLD,HOLD,NONE,0,1092.5151651877293,0,,,,,,,,,,,,,,,,16.99,16.99,72769.46,72916.15,72671.85,72803.88,69618.824803509,70505.91449537469,887.0896918656945,73.87798718780381,71997.18,68369.52,4,,,,,,,,,,,,,,,,,,,,,,,,rsi_out_of_zone
2026-03-13T13:17:16.340691+00:00,USDJPY.s,anaconda,24480388,H4,HOLD,HOLD,NONE,0,0.40430447325109414,0,,,,,,,,,,,,,,,,0.024,0.024,159.324,159.356,159.251,159.281,158.09154003268887,156.6135096418983,1.4780303907905648,62.812690494033184,159.675,157.264,4,,,,,,,,,,,,,,,,,,,,,,,,no_breakout
2026-03-13T13:17:16.342057+00:00,EURUSD.s,anaconda,24480388,H4,HOLD,HOLD,NONE,0,0.0035475752480530545,0,,,,,,,,,,,,,,,,0.00019,0.00019,1.1477,1.1482999999999999,1.14729,1.14756,1.1594460842565055,1.1708958952443318,0.01144981098782627,34.293968683781046,1.16665,1.14992,3,,,,,,,,,,,,,,,,,,,,,,,,"no_breakout,rsi_out_of_zone"
2026-03-13T13:17:16.343435+00:00,XAUUSD.s,anaconda,24480388,H4,HOLD,HOLD,NONE,0,47.09557257928356,0,,,,,,,,,,,,,,,,0.29,0.29,5118.23,5121.13,5110.24,5113.09,5148.482628606206,5041.320377254796,107.1622513514103,44.584151484993654,5238.46,5055.02,3,,,,,,,,,,,,,,,,,,,,,,,,"price_mixed_ema,no_breakout"
2026-03-13T13:17:16.344753+00:00,USOUSD.s,anaconda,24480388,H4,HOLD,HOLD,NONE,0,4.469551548759751,0,,,,,,,,,,,,,,,,0.079,0.079,93.56,94.2,92.9,93.58,86.62388335917711,73.2085601573562,13.415323201820911,54.11565336572803,97.99,76.779,4,,,,,,,,,,,,,,,,,,,,,,,,no_breakout
2026-03-13T13:22:16.767173+00:00,BTCUSD,anaconda,24480388,H4,HOLD,HOLD,NONE,0,1117.1051651877299,0,,,,,,,,,,,,,,,,17.12,17.12,72769.46,73260.41,72671.85,73043.49,69618.824803509,70505.91449537469,887.0896918656945,75.13920105035677,71997.18,68369.52,4,,,,,,,,,,,,,,,,,,,,,,,,rsi_out_of_zone
2026-03-13T13:22:16.768653+00:00,USDJPY.s,anaconda,24480388,H4,HOLD,HOLD,NONE,0,0.40430447325109414,0,,,,,,,,,,,,,,,,0.024,0.024,159.324,159.356,159.251,159.277,158.09154003268887,156.6135096418983,1.4780303907905648,62.66586453985996,159.675,157.264,4,,,,,,,,,,,,,,,,,,,,,,,,no_breakout
2026-03-13T13:22:16.770147+00:00,EURUSD.s,anaconda,24480388,H4,HOLD,HOLD,NONE,0,0.0035475752480530545,0,,,,,,,,,,,,,,,,0.00019,0.00019,1.1477,1.1482999999999999,1.14729,1.14751,1.1594460842565055,1.1708958952443318,0.01144981098782627,34.209415389331696,1.16665,1.14992,3,,,,,,,,,,,,,,,,,,,,,,,,"no_breakout,rsi_out_of_zone"
2026-03-13T13:22:16.771585+00:00,XAUUSD.s,anaconda,24480388,H4,HOLD,HOLD,NONE,0,47.12985829356924,0,,,,,,,,,,,,,,,,0.28,0.28,5118.23,5121.13,5109.76,5111.81,5148.482628606206,5041.320377254796,107.1622513514103,44.33397483369137,5238.46,5055.02,3,,,,,,,,,,,,,,,,,,,,,,,,"price_mixed_ema,no_breakout"
2026-03-13T13:22:16.773090+00:00,USOUSD.s,anaconda,24480388,H4,HOLD,HOLD,NONE,0,4.469551548759751,0,,,,,,,,,,,,,,,,0.079,0.079,93.56,94.2,92.9,93.86,86.62388335917711,73.2085601573562,13.415323201820911,54.81738401506472,97.99,76.779,4,,,,,,,,,,,,,,,,,,,,,,,,no_breakout
2026-03-13T13:27:17.226121+00:00,BTCUSD,anaconda,24480388,H4,HOLD,HOLD,NONE,0,1117.1051651877299,0,,,,,,,,,,,,,,,,16.97,16.97,72769.46,73260.41,72671.85,73023.69,69618.824803509,70505.91449537469,887.0896918656945,75.0396161234667,71997.18,68369.52,4,,,,,,,,,,,,,,,,,,,,,,,,rsi_out_of_zone
2026-03-13T13:27:17.227574+00:00,USDJPY.s,anaconda,24480388,H4,HOLD,HOLD,NONE,0,0.40430447325109414,0,,,,,,,,,,,,,,,,0.023,0.023,159.324,159.356,159.251,159.26,158.09154003268887,156.6135096418983,1.4780303907905648,62.049436750165334,159.675,157.264,4,,,,,,,,,,,,,,,,,,,,,,,,no_breakout
2026-03-13T13:27:17.228865+00:00,EURUSD.s,anaconda,24480388,H4,HOLD,HOLD,NONE,0,0.0035475752480530545,0,,,,,,,,,,,,,,,,0.00019,0.00019,1.1477,1.1482999999999999,1.14729,1.1476899999999999,1.1594460842565055,1.1708958952443318,0.01144981098782627,34.51577600201253,1.16665,1.14992,3,,,,,,,,,,,,,,,,,,,,,,,,"no_breakout,rsi_out_of_zone"
2026-03-13T13:27:17.230196+00:00,XAUUSD.s,anaconda,24480388,H4,HOLD,HOLD,NONE,0,47.25414400785494,0,,,,,,,,,,,,,,,,0.32,0.32,5118.23,5121.13,5108.02,5108.45,5148.482628606206,5041.320377254796,107.1622513514103,43.69042549058932,5238.46,5055.02,3,,,,,,,,,,,,,,,,,,,,,,,,"price_mixed_ema,no_breakout"
2026-03-13T13:27:17.231553+00:00,USOUSD.s,anaconda,24480388,H4,HOLD,HOLD,NONE,0,4.469551548759751,0,,,,,,,,,,,,,,,,0.079,0.079,93.56,94.2,92.9,93.505,86.62388335917711,73.2085601573562,13.415323201820911,53.89791965876699,97.99,76.779,4,,,,,,,,,,,,,,,,,,,,,,,,no_breakout
2026-03-13T13:32:17.656851+00:00,BTCUSD,anaconda,24480388,H4,HOLD,HOLD,NONE,0,1117.8580223305864,0,,,,,,,,,,,,,,,,16.96,16.96,72769.46,73270.95,72671.85,73253.88,69618.824803509,70505.91449537469,887.0896918656945,76.15028104538649,71997.18,68369.52,4,,,,,,,,,,,,,,,,,,,,,,,,rsi_out_of_zone
2026-03-13T13:32:17.658256+00:00,USDJPY.s,anaconda,24480388,H4,HOLD,HOLD,NONE,0,0.40651875896538026,0,,,,,,,,,,,,,,,,0.024,0.024,159.324,159.356,159.22,159.241,158.09154003268887,156.6135096418983,1.4780303907905648,61.37468329459039,159.675,157.264,4,,,,,,,,,,,,,,,,,,,,,,,,no_breakout
2026-03-13T13:32:17.659681+00:00,EURUSD.s,anaconda,24480388,H4,HOLD,HOLD,NONE,0,0.0035475752480530545,0,,,,,,,,,,,,,,,,0.00019,0.00019,1.1477,1.1482999999999999,1.14729,1.14795,1.1594460842565055,1.1708958952443318,0.01144981098782627,35.30874359939493,1.16665,1.14992,4,,,,,,,,,,,,,,,,,,,,,,,,no_breakout
2026-03-13T13:32:17.660818+00:00,XAUUSD.s,anaconda,24480388,H4,HOLD,HOLD,NONE,0,47.49842972214066,0,,,,,,,,,,,,,,,,0.28,0.28,5118.23,5121.13,5104.6,5106.64,5148.482628606206,5041.320377254796,107.1622513514103,43.3514346586017,5238.46,5055.02,3,,,,,,,,,,,,,,,,,,,,,,,,"price_mixed_ema,no_breakout"
2026-03-13T13:32:17.662064+00:00,USOUSD.s,anaconda,24480388,H4,HOLD,HOLD,NONE,0,4.469551548759751,0,,,,,,,,,,,,,,,,0.079,0.079,93.56,94.2,92.9,93.49,86.62388335917711,73.2085601573562,13.415323201820911,53.85322441176038,97.99,76.779,4,,,,,,,,,,,,,,,,,,,,,,,,no_breakout
2026-03-13T13:37:18.170319+00:00,BTCUSD,anaconda,24480388,H4,HOLD,HOLD,NONE,0,1120.7973080448728,0,,,,,,,,,,,,,,,,17.11,17.11,72769.46,73312.1,72671.85,72814.44,69618.824803509,70505.91449537469,887.0896918656945,73.93626045393573,71997.18,68369.52,4,,,,,,,,,,,,,,,,,,,,,,,,rsi_out_of_zone
2026-03-13T13:37:18.171892+00:00,USDJPY.s,anaconda,24480388,H4,HOLD,HOLD,NONE,0,0.4098759018225229,0,,,,,,,,,,,,,,,,0.024,0.024,159.324,159.356,159.173,159.173,158.09154003268887,156.6135096418983,1.4780303907905648,59.07551836336919,159.675,157.264,4,,,,,,,,,,,,,,,,,,,,,,,,no_breakout
2026-03-13T13:37:18.173230+00:00,EURUSD.s,anaconda,24480388,H4,HOLD,HOLD,NONE,0,0.0035475752480530545,0,,,,,,,,,,,,,,,,0.00019,0.00019,1.1477,1.1482999999999999,1.14729,1.14813,1.1594460842565055,1.1708958952443318,0.01144981098782627,35.877333009713226,1.16665,1.14992,4,,,,,,,,,,,,,,,,,,,,,,,,no_breakout
2026-03-13T13:37:18.174351+00:00,XAUUSD.s,anaconda,24480388,H4,HOLD,HOLD,NONE,0,48.070572579283535,0,,,,,,,,,,,,,,,,0.28,0.28,5118.23,5121.13,5096.59,5102.64,5148.482628606206,5041.320377254796,107.1622513514103,42.620627265432745,5238.46,5055.02,3,,,,,,,,,,,,,,,,,,,,,,,,"price_mixed_ema,no_breakout"
2026-03-13T13:37:18.175589+00:00,USOUSD.s,anaconda,24480388,H4,HOLD,HOLD,NONE,0,4.469551548759751,0,,,,,,,,,,,,,,,,0.079,0.079,93.56,94.2,92.9,93.465,86.62388335917711,73.2085601573562,13.415323201820911,53.77889683433961,97.99,76.779,4,,,,,,,,,,,,,,,,,,,,,,,,no_breakout
2026-03-13T13:42:18.723551+00:00,BTCUSD,anaconda,24480388,H4,HOLD,HOLD,NONE,0,1120.7973080448728,0,,,,,,,,,,,,,,,,16.96,16.96,72769.46,73312.1,72671.85,73052.11,69618.824803509,70505.91449537469,887.0896918656945,75.18230785359651,71997.18,68369.52,4,,,,,,,,,,,,,,,,,,,,,,,,rsi_out_of_zone
2026-03-13T13:42:18.725086+00:00,USDJPY.s,anaconda,24480388,H4,HOLD,HOLD,NONE,0,0.41351875896537915,0,,,,,,,,,,,,,,,,0.023,0.023,159.324,159.356,159.122,159.135,158.09154003268887,156.6135096418983,1.4780303907905648,57.864180333699316,159.675,157.264,4,,,,,,,,,,,,,,,,,,,,,,,,no_breakout
2026-03-13T13:42:18.726513+00:00,EURUSD.s,anaconda,24480388,H4,HOLD,HOLD,NONE,0,0.0035854323909102074,0,,,,,,,,,,,,,,,,0.00018,0.00018,1.1477,1.14883,1.14729,1.14882,1.1594460842565055,1.1708958952443318,0.01144981098782627,37.96735132426794,1.16665,1.14992,4,,,,,,,,,,,,,,,,,,,,,,,,no_breakout
2026-03-13T13:42:18.727721+00:00,XAUUSD.s,anaconda,24480388,H4,HOLD,HOLD,NONE,0,48.070572579283535,0,,,,,,,,,,,,,,,,0.29,0.29,5118.23,5121.13,5096.59,5104.94,5148.482628606206,5041.320377254796,107.1622513514103,43.03780140575656,5238.46,5055.02,3,,,,,,,,,,,,,,,,,,,,,,,,"price_mixed_ema,no_breakout"
2026-03-13T13:42:18.729077+00:00,USOUSD.s,anaconda,24480388,H4,HOLD,HOLD,NONE,0,4.469551548759751,0,,,,,,,,,,,,,,,,0.079,0.079,93.56,94.2,92.9,93.935,86.62388335917711,73.2085601573562,13.415323201820911,55.00171785072906,97.99,76.779,4,,,,,,,,,,,,,,,,,,,,,,,,no_breakout
2026-03-13T13:47:19.158735+00:00,BTCUSD,anaconda,24480388,H4,HOLD,HOLD,NONE,0,1128.8315937591583,0,,,,,,,,,,,,,,,,17.01,17.01,72769.46,73424.58,72671.85,73278.24,69618.824803509,70505.91449537469,887.0896918656945,76.26206143732098,71997.18,68369.52,4,,,,,,,,,,,,,,,,,,,,,,,,rsi_out_of_zone
2026-03-13T13:47:19.160301+00:00,USDJPY.s,anaconda,24480388,H4,HOLD,HOLD,NONE,0,0.41680447325109493,0,,,,,,,,,,,,,,,,0.023,0.023,159.324,159.356,159.076,159.078,158.09154003268887,156.6135096418983,1.4780303907905648,56.13753781745409,159.675,157.264,4,,,,,,,,,,,,,,,,,,,,,,,,no_breakout
2026-03-13T13:47:19.161660+00:00,EURUSD.s,anaconda,24480388,H4,HOLD,HOLD,NONE,0,0.0035854323909102074,0,,,,,,,,,,,,,,,,0.00019,0.00019,1.1477,1.14883,1.14729,1.14877,1.1594460842565055,1.1708958952443318,0.01144981098782627,37.820490242873355,1.16665,1.14992,4,,,,,,,,,,,,,,,,,,,,,,,,no_breakout
2026-03-13T13:47:19.162953+00:00,XAUUSD.s,anaconda,24480388,H4,HOLD,HOLD,NONE,0,48.070572579283535,0,,,,,,,,,,,,,,,,0.28,0.28,5118.23,5121.13,5096.59,5114.02,5148.482628606206,5041.320377254796,107.1622513514103,44.76769872298579,5238.46,5055.02,3,,,,,,,,,,,,,,,,,,,,,,,,"price_mixed_ema,no_breakout"
2026-03-13T13:47:19.164486+00:00,USOUSD.s,anaconda,24480388,H4,HOLD,HOLD,NONE,0,4.469551548759751,0,,,,,,,,,,,,,,,,0.079,0.079,93.56,94.2,92.9,93.865,86.62388335917711,73.2085601573562,13.415323201820911,54.8297199096654,97.99,76.779,4,,,,,,,,,,,,,,,,,,,,,,,,no_breakout
2026-03-13T13:55:00.944288+00:00,BTCUSD,anaconda,24480388,H4,HOLD,HOLD,NONE,0,1133.046593759158,0,,,,,,,,,,,,,,,,17.06,17.06,72769.46,73483.59,72671.85,73460.04,69618.824803509,70505.91449537469,887.0896918656945,77.06431324774101,71997.18,68369.52,4,,,,,,,,,,,,,,,,,,,,,,,,rsi_out_of_zone
2026-03-13T13:55:00.959637+00:00,USDJPY.s,anaconda,24480388,H4,HOLD,HOLD,NONE,0,0.4208044732510937,0,,,,,,,,,,,,,,,,0.023,0.023,159.324,159.356,159.02,159.028,158.09154003268887,156.6135096418983,1.4780303907905648,54.70561477863425,159.675,157.264,4,,,,,,,,,,,,,,,,,,,,,,,,no_breakout
2026-03-13T13:55:00.975303+00:00,EURUSD.s,anaconda,24480388,H4,HOLD,HOLD,NONE,0,0.0035925752480530635,0,,,,,,,,,,,,,,,,0.00019,0.00019,1.1477,1.14893,1.14729,1.14852,1.1594460842565055,1.1708958952443318,0.01144981098782627,37.07562916208498,1.16665,1.14992,4,,,,,,,,,,,,,,,,,,,,,,,,no_breakout
2026-03-13T13:55:00.977460+00:00,XAUUSD.s,anaconda,24480388,H4,HOLD,HOLD,NONE,0,48.070572579283535,0,,,,,,,,,,,,,,,,0.28,0.28,5118.23,5121.13,5096.59,5108.26,5148.482628606206,5041.320377254796,107.1622513514103,43.65459197339918,5238.46,5055.02,3,,,,,,,,,,,,,,,,,,,,,,,,"price_mixed_ema,no_breakout"
2026-03-13T13:55:00.979196+00:00,USOUSD.s,anaconda,24480388,H4,HOLD,HOLD,NONE,0,4.47205154875975,0,,,,,,,,,,,,,,,,0.099,0.099,93.56,94.235,92.9,93.83,86.62388335917711,73.2085601573562,13.415323201820911,54.74322692130089,97.99,76.779,4,,,,,,,,,,,,,,,,,,,,,,,,no_breakout
2026-03-13T14:00:01.409040+00:00,BTCUSD,anaconda,24480388,H4,HOLD,HOLD,NONE,0,1139.97016518773,0,,,,,,,,,,,,,,,,17.11,17.11,72769.46,73580.52,72671.85,73386.2,69618.824803509,70505.91449537469,887.0896918656945,76.7451006834047,71997.18,68369.52,4,,,,,,,,,,,,,,,,,,,,,,,,rsi_out_of_zone
2026-03-13T14:00:01.410357+00:00,USDJPY.s,anaconda,24480388,H4,HOLD,HOLD,NONE,0,0.42280447325109516,0,,,,,,,,,,,,,,,,0.024,0.024,159.324,159.356,158.992,159.095,158.09154003268887,156.6135096418983,1.4780303907905648,56.64162118262466,159.675,157.264,4,,,,,,,,,,,,,,,,,,,,,,,,no_breakout
2026-03-13T14:00:01.411833+00:00,EURUSD.s,anaconda,24480388,H4,HOLD,HOLD,NONE,0,0.0035925752480530635,0,,,,,,,,,,,,,,,,0.00019,0.00019,1.1477,1.14893,1.14729,1.14778,1.1594460842565055,1.1708958952443318,0.01144981098782627,34.76240542715372,1.16665,1.14992,3,,,,,,,,,,,,,,,,,,,,,,,,"no_breakout,rsi_out_of_zone"
2026-03-13T14:00:01.413243+00:00,XAUUSD.s,anaconda,24480388,H4,HOLD,HOLD,NONE,0,48.070572579283535,0,,,,,,,,,,,,,,,,0.36,0.36,5118.23,5121.13,5096.59,5098.37,5148.482628606206,5041.320377254796,107.1622513514103,41.8672001263034,5238.46,5055.02,3,,,,,,,,,,,,,,,,,,,,,,,,"price_mixed_ema,no_breakout"
2026-03-13T14:00:01.414412+00:00,USOUSD.s,anaconda,24480388,H4,HOLD,HOLD,NONE,0,4.494908691616893,0,,,,,,,,,,,,,,,,0.079,0.079,93.56,94.555,92.9,94.44,86.62388335917711,73.2085601573562,13.415323201820911,56.204786610223195,97.99,76.779,4,,,,,,,,,,,,,,,,,,,,,,,,no_breakout
2026-03-13T14:05:01.884402+00:00,BTCUSD,anaconda,24480388,H4,HOLD,HOLD,NONE,0,1141.4158794734435,0,,,,,,,,,,,,,,,,17.0,17.0,72769.46,73600.76,72671.85,73378.25,69618.824803509,70505.91449537469,887.0896918656945,76.71020197200014,71997.18,68369.52,4,,,,,,,,,,,,,,,,,,,,,,,,rsi_out_of_zone
2026-03-13T14:05:01.885788+00:00,USDJPY.s,anaconda,24480388,H4,HOLD,HOLD,NONE,0,0.42280447325109516,0,,,,,,,,,,,,,,,,0.024,0.024,159.324,159.356,158.992,159.141,158.09154003268887,156.6135096418983,1.4780303907905648,58.05213089651452,159.675,157.264,4,,,,,,,,,,,,,,,,,,,,,,,,no_breakout
2026-03-13T14:05:01.887202+00:00,EURUSD.s,anaconda,24480388,H4,HOLD,HOLD,NONE,0,0.0036040038194816307,0,,,,,,,,,,,,,,,,0.00019,0.00019,1.1477,1.14893,1.14713,1.14726,1.1594460842565055,1.1708958952443318,0.01144981098782627,33.792826853664124,1.16665,1.14992,3,,,,,,,,,,,,,,,,,,,,,,,,"no_breakout,rsi_out_of_zone"
2026-03-13T14:05:01.888321+00:00,XAUUSD.s,anaconda,24480388,H4,HOLD,HOLD,NONE,0,48.147001150712086,0,,,,,,,,,,,,,,,,0.28,0.28,5118.23,5121.13,5095.52,5105.8,5148.482628606206,5041.320377254796,107.1622513514103,43.19589367059587,5238.46,5055.02,3,,,,,,,,,,,,,,,,,,,,,,,,"price_mixed_ema,no_breakout"
2026-03-13T14:05:01.889430+00:00,USOUSD.s,anaconda,24480388,H4,HOLD,HOLD,NONE,0,4.515980120188321,0,,,,,,,,,,,,,,,,0.079,0.079,93.56,94.85,92.9,94.475,86.62388335917711,73.2085601573562,13.415323201820911,56.28578825411839,97.99,76.779,4,,,,,,,,,,,,,,,,,,,,,,,,no_breakout
2026-03-13T14:10:02.306194+00:00,BTCUSD,anaconda,24480388,H4,HOLD,HOLD,NONE,0,1141.4158794734435,0,,,,,,,,,,,,,,,,17.01,17.01,72769.46,73600.76,72671.85,73413.17,69618.824803509,70505.91449537469,887.0896918656945,76.86271761195813,71997.18,68369.52,4,,,,,,,,,,,,,,,,,,,,,,,,rsi_out_of_zone
2026-03-13T14:10:02.307453+00:00,USDJPY.s,anaconda,24480388,H4,HOLD,HOLD,NONE,0,0.42280447325109516,0,,,,,,,,,,,,,,,,0.025,0.025,159.324,159.356,158.992,159.151,158.09154003268887,156.6135096418983,1.4780303907905648,58.36810988501553,159.675,157.264,4,,,,,,,,,,,,,,,,,,,,,,,,no_breakout
2026-03-13T14:10:02.308791+00:00,EURUSD.s,anaconda,24480388,H4,HOLD,HOLD,NONE,0,0.0036040038194816307,0,,,,,,,,,,,,,,,,0.00018,0.00018,1.1477,1.14893,1.14713,1.14764,1.1594460842565055,1.1708958952443318,0.01144981098782627,34.430126784811065,1.16665,1.14992,3,,,,,,,,,,,,,,,,,,,,,,,,"no_breakout,rsi_out_of_zone"
2026-03-13T14:10:02.309969+00:00,XAUUSD.s,anaconda,24480388,H4,HOLD,HOLD,NONE,0,48.147001150712086,0,,,,,,,,,,,,,,,,0.29,0.29,5118.23,5121.13,5095.52,5100.18,5148.482628606206,5041.320377254796,107.1622513514103,42.183291458031434,5238.46,5055.02,3,,,,,,,,,,,,,,,,,,,,,,,,"price_mixed_ema,no_breakout"
2026-03-13T14:10:02.311335+00:00,USOUSD.s,anaconda,24480388,H4,HOLD,HOLD,NONE,0,4.515980120188321,0,,,,,,,,,,,,,,,,0.099,0.099,93.56,94.85,92.9,94.675,86.62388335917711,73.2085601573562,13.415323201820911,56.742966826308006,97.99,76.779,4,,,,,,,,,,,,,,,,,,,,,,,,no_breakout
2026-03-13T14:15:02.724578+00:00,BTCUSD,anaconda,24480388,H4,HOLD,HOLD,NONE,0,1141.4158794734435,0,,,,,,,,,,,,,,,,17.04,17.04,72769.46,73600.76,72671.85,73490.27,69618.824803509,70505.91449537469,887.0896918656945,77.19248430156193,71997.18,68369.52,4,,,,,,,,,,,,,,,,,,,,,,,,rsi_out_of_zone
2026-03-13T14:15:02.725845+00:00,USDJPY.s,anaconda,24480388,H4,HOLD,HOLD,NONE,0,0.42280447325109516,0,,,,,,,,,,,,,,,,0.024,0.024,159.324,159.356,158.992,159.143,158.09154003268887,156.6135096418983,1.4780303907905648,58.11505270641066,159.675,157.264,4,,,,,,,,,,,,,,,,,,,,,,,,no_breakout
2026-03-13T14:15:02.727151+00:00,EURUSD.s,anaconda,24480388,H4,HOLD,HOLD,NONE,0,0.0036040038194816307,0,,,,,,,,,,,,,,,,0.00018,0.00018,1.1477,1.14893,1.14713,1.1474199999999999,1.1594460842565055,1.1708958952443318,0.01144981098782627,34.05826550519704,1.16665,1.14992,3,,,,,,,,,,,,,,,,,,,,,,,,"no_breakout,rsi_out_of_zone"
2026-03-13T14:15:02.728377+00:00,XAUUSD.s,anaconda,24480388,H4,HOLD,HOLD,NONE,0,48.55200115071209,0,,,,,,,,,,,,,,,,0.28,0.28,5118.23,5121.13,5089.85,5090.97,5148.482628606206,5041.320377254796,107.1622513514103,40.622702480270746,5238.46,5055.02,3,,,,,,,,,,,,,,,,,,,,,,,,"price_mixed_ema,no_breakout"
2026-03-13T14:15:02.729517+00:00,USOUSD.s,anaconda,24480388,H4,HOLD,HOLD,NONE,0,4.515980120188321,0,,,,,,,,,,,,,,,,0.079,0.079,93.56,94.85,92.9,94.48,86.62388335917711,73.2085601573562,13.415323201820911,56.297335464079154,97.99,76.779,4,,,,,,,,,,,,,,,,,,,,,,,,no_breakout
2026-03-13T14:20:03.248466+00:00,BTCUSD,anaconda,24480388,H4,HOLD,HOLD,NONE,0,1141.4158794734435,0,,,,,,,,,,,,,,,,16.97,16.97,72769.46,73600.76,72671.85,73546.95,69618.824803509,70505.91449537469,887.0896918656945,77.42897883633313,71997.18,68369.52,4,,,,,,,,,,,,,,,,,,,,,,,,rsi_out_of_zone
2026-03-13T14:20:03.250251+00:00,USDJPY.s,anaconda,24480388,H4,HOLD,HOLD,NONE,0,0.42280447325109516,0,,,,,,,,,,,,,,,,0.024,0.024,159.324,159.356,158.992,159.17,158.09154003268887,156.6135096418983,1.4780303907905648,58.978045532131155,159.675,157.264,4,,,,,,,,,,,,,,,,,,,,,,,,no_breakout
2026-03-13T14:20:03.251624+00:00,EURUSD.s,anaconda,24480388,H4,HOLD,HOLD,NONE,0,0.003621146676624489,0,,,,,,,,,,,,,,,,0.00018,0.00018,1.1477,1.14893,1.14689,1.14709,1.1594460842565055,1.1708958952443318,0.01144981098782627,33.515294502866894,1.16665,1.14992,3,,,,,,,,,,,,,,,,,,,,,,,,"no_breakout,rsi_out_of_zone"
2026-03-13T14:20:03.253128+00:00,XAUUSD.s,anaconda,24480388,H4,HOLD,HOLD,NONE,0,49.067001150712095,0,,,,,,,,,,,,,,,,0.29,0.29,5118.23,5121.13,5082.64,5089.68,5148.482628606206,5041.320377254796,107.1622513514103,40.4132900967127,5238.46,5055.02,3,,,,,,,,,,,,,,,,,,,,,,,,"price_mixed_ema,no_breakout"
2026-03-13T14:20:03.254423+00:00,USOUSD.s,anaconda,24480388,H4,HOLD,HOLD,NONE,0,4.515980120188321,0,,,,,,,,,,,,,,,,0.079,0.079,93.56,94.85,92.9,94.475,86.62388335917711,73.2085601573562,13.415323201820911,56.28578825411839,97.99,76.779,4,,,,,,,,,,,,,,,,,,,,,,,,no_breakout
2026-03-13T14:25:03.684035+00:00,BTCUSD,anaconda,24480388,H4,HOLD,HOLD,NONE,0,1157.373022330587,0,,,,,,,,,,,,,,,,16.94,16.94,72769.46,73824.16,72671.85,73806.64,69618.824803509,70505.91449537469,887.0896918656945,78.45265429287524,71997.18,68369.52,4,,,,,,,,,,,,,,,,,,,,,,,,rsi_out_of_zone
2026-03-13T14:25:03.685527+00:00,USDJPY.s,anaconda,24480388,H4,HOLD,HOLD,NONE,0,0.42280447325109516,0,,,,,,,,,,,,,,,,0.024,0.024,159.324,159.356,158.992,159.134,158.09154003268887,156.6135096418983,1.4780303907905648,57.83297349784797,159.675,157.264,4,,,,,,,,,,,,,,,,,,,,,,,,no_breakout
2026-03-13T14:25:03.686871+00:00,EURUSD.s,anaconda,24480388,H4,HOLD,HOLD,NONE,0,0.003621146676624489,0,,,,,,,,,,,,,,,,0.00019,0.00019,1.1477,1.14893,1.14689,1.14759,1.1594460842565055,1.1708958952443318,0.01144981098782627,34.34490158415579,1.16665,1.14992,3,,,,,,,,,,,,,,,,,,,,,,,,"no_breakout,rsi_out_of_zone"
2026-03-13T14:25:03.688011+00:00,XAUUSD.s,anaconda,24480388,H4,HOLD,HOLD,NONE,0,49.067001150712095,0,,,,,,,,,,,,,,,,0.29,0.29,5118.23,5121.13,5082.64,5091.87,5148.482628606206,5041.320377254796,107.1622513514103,40.77009405680328,5238.46,5055.02,3,,,,,,,,,,,,,,,,,,,,,,,,"price_mixed_ema,no_breakout"
2026-03-13T14:25:03.689176+00:00,USOUSD.s,anaconda,24480388,H4,HOLD,HOLD,NONE,0,4.515980120188321,0,,,,,,,,,,,,,,,,0.079,0.079,93.56,94.85,92.9,94.42,86.62388335917711,73.2085601573562,13.415323201820911,56.158365034899624,97.99,76.779,4,,,,,,,,,,,,,,,,,,,,,,,,no_breakout
2026-03-13T14:30:04.142913+00:00,BTCUSD,anaconda,24480388,H4,HOLD,HOLD,NONE,0,1161.6923080448728,0,,,,,,,,,,,,,,,,16.98,16.98,72769.46,73884.63,72671.85,73740.68,69618.824803509,70505.91449537469,887.0896918656945,78.20154533237731,71997.18,68369.52,4,,,,,,,,,,,,,,,,,,,,,,,,rsi_out_of_zone
2026-03-13T14:30:04.144235+00:00,USDJPY.s,anaconda,24480388,H4,HOLD,HOLD,NONE,0,0.42280447325109516,0,,,,,,,,,,,,,,,,0.023,0.023,159.324,159.356,158.992,159.162,158.09154003268887,156.6135096418983,1.4780303907905648,58.71968362651143,159.675,157.264,4,,,,,,,,,,,,,,,,,,,,,,,,no_breakout
2026-03-13T14:30:04.145395+00:00,EURUSD.s,anaconda,24480388,H4,HOLD,HOLD,NONE,0,0.003621146676624489,0,,,,,,,,,,,,,,,,0.00019,0.00019,1.1477,1.14893,1.14689,1.1475,1.1594460842565055,1.1708958952443318,0.01144981098782627,34.19255473855391,1.16665,1.14992,3,,,,,,,,,,,,,,,,,,,,,,,,"no_breakout,rsi_out_of_zone"
2026-03-13T14:30:04.146615+00:00,XAUUSD.s,anaconda,24480388,H4,HOLD,HOLD,NONE,0,49.067001150712095,0,,,,,,,,,,,,,,,,0.28,0.28,5118.23,5121.13,5082.64,5087.71,5148.482628606206,5041.320377254796,107.1622513514103,40.09762344990592,5238.46,5055.02,3,,,,,,,,,,,,,,,,,,,,,,,,"price_mixed_ema,no_breakout"
2026-03-13T14:30:04.148084+00:00,USOUSD.s,anaconda,24480388,H4,HOLD,HOLD,NONE,0,4.515980120188321,0,,,,,,,,,,,,,,,,0.079,0.079,93.56,94.85,92.9,94.525,86.62388335917711,73.2085601573562,13.415323201820911,56.40098648481833,97.99,76.779,4,,,,,,,,,,,,,,,,,,,,,,,,no_breakout
2026-03-13T14:35:04.573083+00:00,BTCUSD,anaconda,24480388,H4,HOLD,HOLD,NONE,0,1162.3494509020154,0,,,,,,,,,,,,,,,,17.04,17.04,72769.46,73893.83,72671.85,73730.43,69618.824803509,70505.91449537469,887.0896918656945,78.16199732888329,71997.18,68369.52,4,,,,,,,,,,,,,,,,,,,,,,,,rsi_out_of_zone
2026-03-13T14:35:04.574481+00:00,USDJPY.s,anaconda,24480388,H4,HOLD,HOLD,NONE,0,0.42280447325109516,0,,,,,,,,,,,,,,,,0.024,0.024,159.324,159.356,158.992,159.15,158.09154003268887,156.6135096418983,1.4780303907905648,58.33635728113707,159.675,157.264,4,,,,,,,,,,,,,,,,,,,,,,,,no_breakout
2026-03-13T14:35:04.575721+00:00,EURUSD.s,anaconda,24480388,H4,HOLD,HOLD,NONE,0,0.003621146676624489,0,,,,,,,,,,,,,,,,0.00018,0.00018,1.1477,1.14893,1.14689,1.14797,1.1594460842565055,1.1708958952443318,0.01144981098782627,35.37241766636335,1.16665,1.14992,4,,,,,,,,,,,,,,,,,,,,,,,,no_breakout
2026-03-13T14:35:04.576845+00:00,XAUUSD.s,anaconda,24480388,H4,HOLD,HOLD,NONE,0,49.067001150712095,0,,,,,,,,,,,,,,,,0.28,0.28,5118.23,5121.13,5082.64,5090.23,5148.482628606206,5041.320377254796,107.1622513514103,40.50230983615323,5238.46,5055.02,3,,,,,,,,,,,,,,,,,,,,,,,,"price_mixed_ema,no_breakout"
2026-03-13T14:35:04.578133+00:00,USOUSD.s,anaconda,24480388,H4,HOLD,HOLD,NONE,0,4.515980120188321,0,,,,,,,,,,,,,,,,0.079,0.079,93.56,94.85,92.9,94.335,86.62388335917711,73.2085601573562,13.415323201820911,55.95997047517941,97.99,76.779,4,,,,,,,,,,,,,,,,,,,,,,,,no_breakout
2026-03-13T14:40:04.995393+00:00,BTCUSD,anaconda,24480388,H4,HOLD,HOLD,NONE,0,1162.3494509020154,0,,,,,,,,,,,,,,,,17.02,17.02,72769.46,73893.83,72671.85,73445.07,69618.824803509,70505.91449537469,887.0896918656945,77.00030769509716,71997.18,68369.52,4,,,,,,,,,,,,,,,,,,,,,,,,rsi_out_of_zone
2026-03-13T14:40:04.996728+00:00,USDJPY.s,anaconda,24480388,H4,HOLD,HOLD,NONE,0,0.42280447325109516,0,,,,,,,,,,,,,,,,0.024,0.024,159.324,159.356,158.992,159.283,158.09154003268887,156.6135096418983,1.4780303907905648,62.886361783346665,159.675,157.264,4,,,,,,,,,,,,,,,,,,,,,,,,no_breakout
2026-03-13T14:40:04.998240+00:00,EURUSD.s,anaconda,24480388,H4,HOLD,HOLD,NONE,0,0.003621146676624489,0,,,,,,,,,,,,,,,,0.00018,0.00018,1.1477,1.14893,1.14689,1.14713,1.1594460842565055,1.1708958952443318,0.01144981098782627,33.580185321004905,1.16665,1.14992,3,,,,,,,,,,,,,,,,,,,,,,,,"no_breakout,rsi_out_of_zone"
2026-03-13T14:40:04.999452+00:00,XAUUSD.s,anaconda,24480388,H4,HOLD,HOLD,NONE,0,49.15200115071213,0,,,,,,,,,,,,,,,,0.29,0.29,5118.23,5121.13,5081.45,5081.45,5148.482628606206,5041.320377254796,107.1622513514103,39.12648002430762,5238.46,5055.02,3,,,,,,,,,,,,,,,,,,,,,,,,"price_mixed_ema,no_breakout"
2026-03-13T14:40:05.000579+00:00,USOUSD.s,anaconda,24480388,H4,HOLD,HOLD,NONE,0,4.51705154875975,0,,,,,,,,,,,,,,,,0.079,0.079,93.56,94.865,92.9,94.835,86.62388335917711,73.2085601573562,13.415323201820911,57.10188169074166,97.99,76.779,4,,,,,,,,,,,,,,,,,,,,,,,,no_breakout
2026-03-13T14:45:05.422250+00:00,BTCUSD,anaconda,24480388,H4,HOLD,HOLD,NONE,0,1162.3494509020154,0,,,,,,,,,,,,,,,,17.03,17.03,72769.46,73893.83,72671.85,72884.68,69618.824803509,70505.91449537469,887.0896918656945,74.31734663191729,71997.18,68369.52,4,,,,,,,,,,,,,,,,,,,,,,,,rsi_out_of_zone
2026-03-13T14:45:05.423848+00:00,USDJPY.s,anaconda,24480388,H4,HOLD,HOLD,NONE,0,0.42280447325109516,0,,,,,,,,,,,,,,,,0.024,0.024,159.324,159.356,158.992,159.315,158.09154003268887,156.6135096418983,1.4780303907905648,64.08905461429603,159.675,157.264,4,,,,,,,,,,,,,,,,,,,,,,,,no_breakout
2026-03-13T14:45:05.425281+00:00,EURUSD.s,anaconda,24480388,H4,HOLD,HOLD,NONE,0,0.003647575248053059,0,,,,,,,,,,,,,,,,0.00018,0.00018,1.1477,1.14893,1.14652,1.14656,1.1594460842565055,1.1708958952443318,0.01144981098782627,32.678576394478426,1.16665,1.14992,3,,,,,,,,,,,,,,,,,,,,,,,,"no_breakout,rsi_out_of_zone"
2026-03-13T14:45:05.426578+00:00,XAUUSD.s,anaconda,24480388,H4,HOLD,HOLD,NONE,0,49.64414400785495,0,,,,,,,,,,,,,,,,0.31,0.31,5118.23,5121.13,5074.56,5077.47,5148.482628606206,5041.320377254796,107.1622513514103,38.53313430115047,5238.46,5055.02,3,,,,,,,,,,,,,,,,,,,,,,,,"price_mixed_ema,no_breakout"
2026-03-13T14:45:05.428006+00:00,USOUSD.s,anaconda,24480388,H4,HOLD,HOLD,NONE,0,4.553122977331179,0,,,,,,,,,,,,,,,,0.079,0.079,93.56,95.37,92.9,95.21,86.62388335917711,73.2085601573562,13.415323201820911,57.920195192851246,97.99,76.779,4,,,,,,,,,,,,,,,,,,,,,,,,no_breakout
2026-03-13T14:50:05.840908+00:00,BTCUSD,anaconda,24480388,H4,HOLD,HOLD,NONE,0,1162.3494509020154,0,,,,,,,,,,,,,,,,16.96,16.96,72769.46,73893.83,72671.85,72779.41,69618.824803509,70505.91449537469,887.0896918656945,73.74194763536,71997.18,68369.52,4,,,,,,,,,,,,,,,,,,,,,,,,rsi_out_of_zone
2026-03-13T14:50:05.842424+00:00,USDJPY.s,anaconda,24480388,H4,HOLD,HOLD,NONE,0,0.42280447325109516,0,,,,,,,,,,,,,,,,0.025,0.025,159.324,159.356,158.992,159.318,158.09154003268887,156.6135096418983,1.4780303907905648,64.20416983849627,159.675,157.264,4,,,,,,,,,,,,,,,,,,,,,,,,no_breakout
2026-03-13T14:50:05.843690+00:00,EURUSD.s,anaconda,24480388,H4,HOLD,HOLD,NONE,0,0.003673289533767339,0,,,,,,,,,,,,,,,,0.00018,0.00018,1.1477,1.14893,1.14616,1.1463700000000001,1.1594460842565055,1.1708958952443318,0.01144981098782627,32.38870362154559,1.16665,1.14992,3,,,,,,,,,,,,,,,,,,,,,,,,"no_breakout,rsi_out_of_zone"
2026-03-13T14:50:05.844894+00:00,XAUUSD.s,anaconda,24480388,H4,HOLD,HOLD,NONE,0,49.79914400785495,0,,,,,,,,,,,,,,,,0.28,0.28,5118.23,5121.13,5072.39,5077.56,5148.482628606206,5041.320377254796,107.1622513514103,38.54635272782054,5238.46,5055.02,3,,,,,,,,,,,,,,,,,,,,,,,,"price_mixed_ema,no_breakout"
2026-03-13T14:50:05.846283+00:00,USOUSD.s,anaconda,24480388,H4,HOLD,HOLD,NONE,0,4.554908691616893,0,,,,,,,,,,,,,,,,0.079,0.079,93.56,95.395,92.9,95.125,86.62388335917711,73.2085601573562,13.415323201820911,57.73745893027819,97.99,76.779,4,,,,,,,,,,,,,,,,,,,,,,,,no_breakout
2026-03-13T14:55:06.285483+00:00,BTCUSD,anaconda,24480388,H4,HOLD,HOLD,NONE,0,1178.4758794734444,0,,,,,,,,,,,,,,,,17.12,17.12,72769.46,73893.83,72446.08,72638.14,69618.824803509,70505.91449537469,887.0896918656945,71.69226772701795,71997.18,68369.52,4,,,,,,,,,,,,,,,,,,,,,,,,rsi_out_of_zone
2026-03-13T14:55:06.288006+00:00,USDJPY.s,anaconda,24480388,H4,HOLD,HOLD,NONE,0,0.42280447325109516,0,,,,,,,,,,,,,,,,0.023,0.023,159.324,159.356,158.992,159.316,158.09154003268887,156.6135096418983,1.4780303907905648,64.1273804623828,159.675,157.264,4,,,,,,,,,,,,,,,,,,,,,,,,no_breakout
2026-03-13T14:55:06.290300+00:00,EURUSD.s,anaconda,24480388,H4,HOLD,HOLD,NONE,0,0.003681860962338776,0,,,,,,,,,,,,,,,,0.00018,0.00018,1.1477,1.14893,1.14604,1.14616,1.1594460842565055,1.1708958952443318,0.01144981098782627,32.07424290194193,1.16665,1.14992,3,,,,,,,,,,,,,,,,,,,,,,,,"no_breakout,rsi_out_of_zone"
2026-03-13T14:55:06.291617+00:00,XAUUSD.s,anaconda,24480388,H4,HOLD,HOLD,NONE,0,50.82485829356928,0,,,,,,,,,,,,,,,,0.29,0.29,5118.23,5121.13,5058.03,5062.88,5148.482628606206,5041.320377254796,107.1622513514103,36.5038277215168,5238.46,5055.02,3,,,,,,,,,,,,,,,,,,,,,,,,"price_mixed_ema,no_breakout"
2026-03-13T14:55:06.292985+00:00,USOUSD.s,anaconda,24480388,H4,HOLD,HOLD,NONE,0,4.5613372630454645,0,,,,,,,,,,,,,,,,0.079,0.079,93.56,95.485,92.9,95.37,86.62388335917711,73.2085601573562,13.415323201820911,58.259917055892785,97.99,76.779,4,,,,,,,,,,,,,,,,,,,,,,,,no_breakout
2026-03-13T15:00:06.707921+00:00,BTCUSD,anaconda,24480388,H4,HOLD,HOLD,NONE,0,1185.3508794734444,0,,,,,,,,,,,,,,,,16.96,16.96,72769.46,73893.83,72349.83,72439.27,69618.824803509,70505.91449537469,887.0896918656945,68.84981566497868,71997.18,68369.52,5,,,,,,,,,,,,,,,,,,,,,,,,unknown
2026-03-13T15:00:06.709493+00:00,USDJPY.s,anaconda,24480388,H4,HOLD,HOLD,NONE,0,0.42366161610823805,0,,,,,,,,,,,,,,,,0.024,0.024,159.324,159.368,158.992,159.358,158.09154003268887,156.6135096418983,1.4780303907905648,65.12986158220144,159.675,157.264,3,,,,,,,,,,,,,,,,,,,,,,,,"no_breakout,rsi_out_of_zone"
2026-03-13T15:00:06.710821+00:00,EURUSD.s,anaconda,24480388,H4,HOLD,HOLD,NONE,0,0.0037240038194816237,0,,,,,,,,,,,,,,,,0.00018,0.00018,1.1477,1.14893,1.14545,1.1457,1.1594460842565055,1.1708958952443318,0.01144981098782627,31.40631684976387,1.16665,1.14992,3,,,,,,,,,,,,,,,,,,,,,,,,"no_breakout,rsi_out_of_zone"
2026-03-13T15:00:06.712175+00:00,XAUUSD.s,anaconda,24480388,H4,HOLD,HOLD,NONE,0,52.40128686499783,0,,,,,,,,,,,,,,,,0.29,0.29,5118.23,5121.13,5035.96,5039.43,5148.482628606206,5041.320377254796,107.1622513514103,33.655095004586215,5238.46,5055.02,3,,,,,,,,,,,,,,,,,,,,,,,,"price_mixed_ema,no_breakout"
2026-03-13T15:00:06.713449+00:00,USOUSD.s,anaconda,24480388,H4,HOLD,HOLD,NONE,0,4.5784801201883205,0,,,,,,,,,,,,,,,,0.079,0.079,93.56,95.725,92.9,95.655,86.62388335917711,73.2085601573562,13.415323201820911,58.85165179210193,97.99,76.779,4,,,,,,,,,,,,,,,,,,,,,,,,no_breakout
2026-03-13T15:05:07.211694+00:00,BTCUSD,anaconda,24480388,H4,HOLD,HOLD,NONE,0,1197.3015937591583,0,,,,,,,,,,,,,,,,17.11,17.11,72769.46,73893.83,72182.52,72413.27,69618.824803509,70505.91449537469,887.0896918656945,68.49477154314275,71997.18,68369.52,5,,,,,,,,,,,,,,,,,,,,,,,,unknown
2026-03-13T15:05:07.213356+00:00,USDJPY.s,anaconda,24480388,H4,HOLD,HOLD,NONE,0,0.4262330446796667,0,,,,,,,,,,,,,,,,0.023,0.023,159.324,159.404,158.992,159.389,158.09154003268887,156.6135096418983,1.4780303907905648,65.75426372004003,159.675,157.264,3,,,,,,,,,,,,,,,,,,,,,,,,"no_breakout,rsi_out_of_zone"
2026-03-13T15:05:07.215267+00:00,EURUSD.s,anaconda,24480388,H4,HOLD,HOLD,NONE,0,0.003730432390910206,0,,,,,,,,,,,,,,,,0.00018,0.00018,1.1477,1.14893,1.14536,1.1457,1.1594460842565055,1.1708958952443318,0.01144981098782627,31.40631684976387,1.16665,1.14992,3,,,,,,,,,,,,,,,,,,,,,,,,"no_breakout,rsi_out_of_zone"
2026-03-13T15:05:07.216954+00:00,XAUUSD.s,anaconda,24480388,H4,HOLD,HOLD,NONE,0,52.40128686499783,0,,,,,,,,,,,,,,,,0.28,0.28,5118.23,5121.13,5035.96,5054.34,5148.482628606206,5041.320377254796,107.1622513514103,35.41221399975947,5238.46,5055.02,3,,,,,,,,,,,,,,,,,,,,,,,,"price_mixed_ema,no_breakout"
2026-03-13T15:05:07.218396+00:00,USOUSD.s,anaconda,24480388,H4,HOLD,HOLD,NONE,0,4.60205154875975,0,,,,,,,,,,,,,,,,0.079,0.079,93.56,96.055,92.9,95.995,86.62388335917711,73.2085601573562,13.415323201820911,59.535999211443176,97.99,76.779,4,,,,,,,,,,,,,,,,,,,,,,,,no_breakout
2026-03-13T15:10:07.688686+00:00,BTCUSD,anaconda,24480388,H4,HOLD,HOLD,NONE,0,1197.3015937591583,0,,,,,,,,,,,,,,,,17.07,17.07,72769.46,73893.83,72182.52,72612.0,69618.824803509,70505.91449537469,887.0896918656945,71.30532326992302,71997.18,68369.52,4,,,,,,,,,,,,,,,,,,,,,,,,rsi_out_of_zone
2026-03-13T15:10:07.691266+00:00,USDJPY.s,anaconda,24480388,H4,HOLD,HOLD,NONE,0,0.42751875896538105,0,,,,,,,,,,,,,,,,0.024,0.024,159.324,159.422,158.992,159.384,158.09154003268887,156.6135096418983,1.4780303907905648,65.65507057763674,159.675,157.264,3,,,,,,,,,,,,,,,,,,,,,,,,"no_breakout,rsi_out_of_zone"
2026-03-13T15:10:07.692977+00:00,EURUSD.s,anaconda,24480388,H4,HOLD,HOLD,NONE,0,0.003744003819481628,0,,,,,,,,,,,,,,,,0.0002,0.0002,1.1477,1.14893,1.14517,1.14546,1.1594460842565055,1.1708958952443318,0.01144981098782627,31.068758174219553,1.16665,1.14992,3,,,,,,,,,,,,,,,,,,,,,,,,"no_breakout,rsi_out_of_zone"
2026-03-13T15:10:07.694656+00:00,XAUUSD.s,anaconda,24480388,H4,HOLD,HOLD,NONE,0,52.40128686499783,0,,,,,,,,,,,,,,,,0.29,0.29,5118.23,5121.13,5035.96,5065.75,5148.482628606206,5041.320377254796,107.1622513514103,36.88594870794991,5238.46,5055.02,3,,,,,,,,,,,,,,,,,,,,,,,,"price_mixed_ema,no_breakout"
2026-03-13T15:10:07.696243+00:00,USOUSD.s,anaconda,24480388,H4,HOLD,HOLD,NONE,0,4.60705154875975,0,,,,,,,,,,,,,,,,0.079,0.079,93.56,96.125,92.9,95.715,86.62388335917711,73.2085601573562,13.415323201820911,58.97409601690234,97.99,76.779,4,,,,,,,,,,,,,,,,,,,,,,,,no_breakout
2026-03-13T15:15:08.123624+00:00,BTCUSD,anaconda,24480388,H4,HOLD,HOLD,NONE,0,1197.3015937591583,0,,,,,,,,,,,,,,,,17.03,17.03,72769.46,73893.83,72182.52,72643.58,69618.824803509,70505.91449537469,887.0896918656945,71.77332333152525,71997.18,68369.52,4,,,,,,,,,,,,,,,,,,,,,,,,rsi_out_of_zone
2026-03-13T15:15:08.125134+00:00,USDJPY.s,anaconda,24480388,H4,HOLD,HOLD,NONE,0,0.42751875896538105,0,,,,,,,,,,,,,,,,0.023,0.023,159.324,159.422,158.992,159.385,158.09154003268887,156.6135096418983,1.4780303907905648,65.67495514974227,159.675,157.264,3,,,,,,,,,,,,,,,,,,,,,,,,"no_breakout,rsi_out_of_zone"
2026-03-13T15:15:08.126467+00:00,EURUSD.s,anaconda,24480388,H4,HOLD,HOLD,NONE,0,0.003744003819481628,0,,,,,,,,,,,,,,,,0.00018,0.00018,1.1477,1.14893,1.14517,1.14593,1.1594460842565055,1.1708958952443318,0.01144981098782627,31.736766003157513,1.16665,1.14992,3,,,,,,,,,,,,,,,,,,,,,,,,"no_breakout,rsi_out_of_zone"
2026-03-13T15:15:08.127943+00:00,XAUUSD.s,anaconda,24480388,H4,HOLD,HOLD,NONE,0,52.40128686499783,0,,,,,,,,,,,,,,,,0.28,0.28,5118.23,5121.13,5035.96,5068.27,5148.482628606206,5041.320377254796,107.1622513514103,37.228126889202414,5238.46,5055.02,3,,,,,,,,,,,,,,,,,,,,,,,,"price_mixed_ema,no_breakout"
2026-03-13T15:15:08.129319+00:00,USOUSD.s,anaconda,24480388,H4,HOLD,HOLD,NONE,0,4.60705154875975,0,,,,,,,,,,,,,,,,0.079,0.079,93.56,96.125,92.9,95.63,86.62388335917711,73.2085601573562,13.415323201820911,58.800417384226684,97.99,76.779,4,,,,,,,,,,,,,,,,,,,,,,,,no_breakout
2026-03-13T15:20:08.552071+00:00,BTCUSD,anaconda,24480388,H4,HOLD,HOLD,NONE,0,1197.3015937591583,0,,,,,,,,,,,,,,,,17.0,17.0,72769.46,73893.83,72182.52,72668.28,69618.824803509,70505.91449537469,887.0896918656945,72.14366877759335,71997.18,68369.52,4,,,,,,,,,,,,,,,,,,,,,,,,rsi_out_of_zone
2026-03-13T15:20:08.553407+00:00,USDJPY.s,anaconda,24480388,H4,HOLD,HOLD,NONE,0,0.4281616161082392,0,,,,,,,,,,,,,,,,0.023,0.023,159.324,159.431,158.992,159.419,158.09154003268887,156.6135096418983,1.4780303907905648,66.33759519337787,159.675,157.264,3,,,,,,,,,,,,,,,,,,,,,,,,"no_breakout,rsi_out_of_zone"
2026-03-13T15:20:08.554984+00:00,EURUSD.s,anaconda,24480388,H4,HOLD,HOLD,NONE,0,0.0037482895337673386,0,,,,,,,,,,,,,,,,0.00018,0.00018,1.1477,1.14893,1.14511,1.14534,1.1594460842565055,1.1708958952443318,0.01144981098782627,30.902685380683195,1.16665,1.14992,3,,,,,,,,,,,,,,,,,,,,,,,,"no_breakout,rsi_out_of_zone"
2026-03-13T15:20:08.556295+00:00,XAUUSD.s,anaconda,24480388,H4,HOLD,HOLD,NONE,0,52.40128686499783,0,,,,,,,,,,,,,,,,0.32,0.32,5118.23,5121.13,5035.96,5063.24,5148.482628606206,5041.320377254796,107.1622513514103,36.55132444535999,5238.46,5055.02,3,,,,,,,,,,,,,,,,,,,,,,,,"price_mixed_ema,no_breakout"
2026-03-13T15:20:08.557431+00:00,USOUSD.s,anaconda,24480388,H4,HOLD,HOLD,NONE,0,4.60705154875975,0,,,,,,,,,,,,,,,,0.079,0.079,93.56,96.125,92.9,95.945,86.62388335917711,73.2085601573562,13.415323201820911,59.43679100000559,97.99,76.779,4,,,,,,,,,,,,,,,,,,,,,,,,no_breakout
2026-03-13T15:25:08.986258+00:00,BTCUSD,anaconda,24480388,H4,HOLD,HOLD,NONE,0,1197.3015937591583,0,,,,,,,,,,,,,,,,17.03,17.03,72769.46,73893.83,72182.52,72544.11,69618.824803509,70505.91449537469,887.0896918656945,70.31960465581125,71997.18,68369.52,4,,,,,,,,,,,,,,,,,,,,,,,,rsi_out_of_zone
2026-03-13T15:25:08.987796+00:00,USDJPY.s,anaconda,24480388,H4,HOLD,HOLD,NONE,0,0.43116161610823933,0,,,,,,,,,,,,,,,,0.023,0.023,159.324,159.473,158.992,159.468,158.09154003268887,156.6135096418983,1.4780303907905648,67.24878967436496,159.675,157.264,3,,,,,,,,,,,,,,,,,,,,,,,,"no_breakout,rsi_out_of_zone"
2026-03-13T15:25:08.989285+00:00,EURUSD.s,anaconda,24480388,H4,HOLD,HOLD,NONE,0,0.0037782895337673448,0,,,,,,,,,,,,,,,,0.00019,0.00019,1.1477,1.14893,1.14469,1.14475,1.1594460842565055,1.1708958952443318,0.01144981098782627,30.111323358236618,1.16665,1.14992,3,,,,,,,,,,,,,,,,,,,,,,,,"no_breakout,rsi_out_of_zone"
2026-03-13T15:25:08.990575+00:00,XAUUSD.s,anaconda,24480388,H4,HOLD,HOLD,NONE,0,52.40128686499783,0,,,,,,,,,,,,,,,,0.29,0.29,5118.23,5121.13,5035.96,5059.4,5148.482628606206,5041.320377254796,107.1622513514103,36.05097776803366,5238.46,5055.02,3,,,,,,,,,,,,,,,,,,,,,,,,"price_mixed_ema,no_breakout"
2026-03-13T15:25:08.991710+00:00,USOUSD.s,anaconda,24480388,H4,HOLD,HOLD,NONE,0,4.60705154875975,0,,,,,,,,,,,,,,,,0.079,0.079,93.56,96.125,92.9,95.95,86.62388335917711,73.2085601573562,13.415323201820911,59.44673370695124,97.99,76.779,4,,,,,,,,,,,,,,,,,,,,,,,,no_breakout
2026-03-13T15:30:09.422590+00:00,BTCUSD,anaconda,24480388,H4,HOLD,HOLD,NONE,0,1197.3015937591583,0,,,,,,,,,,,,,,,,16.95,16.95,72769.46,73893.83,72182.52,72445.64,69618.824803509,70505.91449537469,887.0896918656945,68.9373635502,71997.18,68369.52,5,,,,,,,,,,,,,,,,,,,,,,,,unknown
2026-03-13T15:30:09.424087+00:00,USDJPY.s,anaconda,24480388,H4,HOLD,HOLD,NONE,0,0.43116161610823933,0,,,,,,,,,,,,,,,,0.024,0.024,159.324,159.473,158.992,159.451,158.09154003268887,156.6135096418983,1.4780303907905648,66.93830230757692,159.675,157.264,3,,,,,,,,,,,,,,,,,,,,,,,,"no_breakout,rsi_out_of_zone"
2026-03-13T15:30:09.425765+00:00,EURUSD.s,anaconda,24480388,H4,HOLD,HOLD,NONE,0,0.0037840038194816364,0,,,,,,,,,,,,,,,,0.00019,0.00019,1.1477,1.14893,1.14461,1.14491,1.1594460842565055,1.1708958952443318,0.01144981098782627,30.321896665689138,1.16665,1.14992,3,,,,,,,,,,,,,,,,,,,,,,,,"no_breakout,rsi_out_of_zone"
2026-03-13T15:30:09.427206+00:00,XAUUSD.s,anaconda,24480388,H4,HOLD,HOLD,NONE,0,52.40128686499783,0,,,,,,,,,,,,,,,,0.29,0.29,5118.23,5121.13,5035.96,5063.72,5148.482628606206,5041.320377254796,107.1622513514103,36.61484601147586,5238.46,5055.02,3,,,,,,,,,,,,,,,,,,,,,,,,"price_mixed_ema,no_breakout"
2026-03-13T15:30:09.428621+00:00,USOUSD.s,anaconda,24480388,H4,HOLD,HOLD,NONE,0,4.60705154875975,0,,,,,,,,,,,,,,,,0.079,0.079,93.56,96.125,92.9,95.785,86.62388335917711,73.2085601573562,13.415323201820911,59.11602979147966,97.99,76.779,4,,,,,,,,,,,,,,,,,,,,,,,,no_breakout
2026-03-13T15:35:09.856457+00:00,BTCUSD,anaconda,24480388,H4,HOLD,HOLD,NONE,0,1197.3015937591583,0,,,,,,,,,,,,,,,,17.07,17.07,72769.46,73893.83,72182.52,72517.96,69618.824803509,70505.91449537469,887.0896918656945,69.94715554018481,71997.18,68369.52,5,,,,,,,,,,,,,,,,,,,,,,,,unknown
2026-03-13T15:35:09.858170+00:00,USDJPY.s,anaconda,24480388,H4,HOLD,HOLD,NONE,0,0.4320901875368091,0,,,,,,,,,,,,,,,,0.023,0.023,159.324,159.486,158.992,159.476,158.09154003268887,156.6135096418983,1.4780303907905648,67.39289237704529,159.675,157.264,3,,,,,,,,,,,,,,,,,,,,,,,,"no_breakout,rsi_out_of_zone"
2026-03-13T15:35:09.859551+00:00,EURUSD.s,anaconda,24480388,H4,HOLD,HOLD,NONE,0,0.0038090038194816254,0,,,,,,,,,,,,,,,,0.00018,0.00018,1.1477,1.14893,1.14426,1.1445,1.1594460842565055,1.1708958952443318,0.01144981098782627,29.788094812148117,1.16665,1.14992,3,,,,,,,,,,,,,,,,,,,,,,,,"no_breakout,rsi_out_of_zone"
2026-03-13T15:35:09.861156+00:00,XAUUSD.s,anaconda,24480388,H4,HOLD,HOLD,NONE,0,52.40128686499783,0,,,,,,,,,,,,,,,,0.29,0.29,5118.23,5121.13,5035.96,5064.37,5148.482628606206,5041.320377254796,107.1622513514103,36.70121755285456,5238.46,5055.02,3,,,,,,,,,,,,,,,,,,,,,,,,"price_mixed_ema,no_breakout"
2026-03-13T15:35:09.862579+00:00,USOUSD.s,anaconda,24480388,H4,HOLD,HOLD,NONE,0,4.622408691616893,0,,,,,,,,,,,,,,,,0.079,0.079,93.56,96.34,92.9,96.135,86.62388335917711,73.2085601573562,13.415323201820911,59.811218070244415,97.99,76.779,4,,,,,,,,,,,,,,,,,,,,,,,,no_breakout
2026-03-13T15:40:10.386079+00:00,BTCUSD,anaconda,24480388,H4,HOLD,HOLD,NONE,0,1197.3015937591583,0,,,,,,,,,,,,,,,,17.09,17.09,72769.46,73893.83,72182.52,72337.92,69618.824803509,70505.91449537469,887.0896918656945,67.48620522165076,71997.18,68369.52,5,,,,,,,,,,,,,,,,,,,,,,,,unknown
2026-03-13T15:40:10.387457+00:00,USDJPY.s,anaconda,24480388,H4,HOLD,HOLD,NONE,0,0.4366616161082392,0,,,,,,,,,,,,,,,,0.023,0.023,159.324,159.55,158.992,159.538,158.09154003268887,156.6135096418983,1.4780303907905648,68.46811024800067,159.675,157.264,3,,,,,,,,,,,,,,,,,,,,,,,,"no_breakout,rsi_out_of_zone"
2026-03-13T15:40:10.388665+00:00,EURUSD.s,anaconda,24480388,H4,HOLD,HOLD,NONE,0,0.0038304323909101948,0,,,,,,,,,,,,,,,,0.00019,0.00019,1.1477,1.14893,1.14396,1.14422,1.1594460842565055,1.1708958952443318,0.01144981098782627,29.434219381254806,1.16665,1.14992,3,,,,,,,,,,,,,,,,,,,,,,,,"no_breakout,rsi_out_of_zone"
2026-03-13T15:40:10.389783+00:00,XAUUSD.s,anaconda,24480388,H4,HOLD,HOLD,NONE,0,52.40128686499783,0,,,,,,,,,,,,,,,,0.29,0.29,5118.23,5121.13,5035.96,5058.39,5148.482628606206,5041.320377254796,107.1622513514103,35.92164331006542,5238.46,5055.02,3,,,,,,,,,,,,,,,,,,,,,,,,"price_mixed_ema,no_breakout"
2026-03-13T15:40:10.391156+00:00,USOUSD.s,anaconda,24480388,H4,HOLD,HOLD,NONE,0,4.636337263045464,0,,,,,,,,,,,,,,,,0.079,0.079,93.56,96.535,92.9,96.445,86.62388335917711,73.2085601573562,13.415323201820911,60.40750582235866,97.99,76.779,4,,,,,,,,,,,,,,,,,,,,,,,,no_breakout
2026-03-13T15:45:10.831637+00:00,BTCUSD,anaconda,24480388,H4,HOLD,HOLD,NONE,0,1219.3158794734438,0,,,,,,,,,,,,,,,,17.06,17.06,72769.46,73893.83,71874.32,71920.06,69618.824803509,70505.91449537469,887.0896918656945,62.391489699442,71997.18,68369.52,5,,,,,,,,,,,,,,,,,,,,,,,,unknown
2026-03-13T15:45:10.832961+00:00,USDJPY.s,anaconda,24480388,H4,HOLD,HOLD,NONE,0,0.4384473303939519,0,,,,,,,,,,,,,,,,0.024,0.024,159.324,159.575,158.992,159.548,158.09154003268887,156.6135096418983,1.4780303907905648,68.63492667497282,159.675,157.264,3,,,,,,,,,,,,,,,,,,,,,,,,"no_breakout,rsi_out_of_zone"
2026-03-13T15:45:10.834440+00:00,EURUSD.s,anaconda,24480388,H4,HOLD,HOLD,NONE,0,0.003872575248053058,0,,,,,,,,,,,,,,,,0.00018,0.00018,1.1477,1.14893,1.14337,1.14375,1.1594460842565055,1.1708958952443318,0.01144981098782627,28.858746355864128,1.16665,1.14992,3,,,,,,,,,,,,,,,,,,,,,,,,"no_breakout,rsi_out_of_zone"
2026-03-13T15:45:10.836005+00:00,XAUUSD.s,anaconda,24480388,H4,HOLD,HOLD,NONE,0,52.40128686499783,0,,,,,,,,,,,,,,,,0.29,0.29,5118.23,5121.13,5035.96,5046.29,5148.482628606206,5041.320377254796,107.1622513514103,34.4413709625441,5238.46,5055.02,3,,,,,,,,,,,,,,,,,,,,,,,,"price_mixed_ema,no_breakout"
2026-03-13T15:45:10.837155+00:00,USOUSD.s,anaconda,24480388,H4,HOLD,HOLD,NONE,0,4.653837263045464,0,,,,,,,,,,,,,,,,0.079,0.079,93.56,96.78,92.9,96.53,86.62388335917711,73.2085601573562,13.415323201820911,60.567925597008404,97.99,76.779,4,,,,,,,,,,,,,,,,,,,,,,,,no_breakout
2026-03-13T15:50:11.456942+00:00,BTCUSD,anaconda,24480388,H4,HOLD,HOLD,NONE,0,1219.3158794734438,0,,,,,,,,,,,,,,,,16.99,16.99,72769.46,73893.83,71874.32,72188.26,69618.824803509,70505.91449537469,887.0896918656945,65.56857326503341,71997.18,68369.52,5,,,,,,,,,,,,,,,,,,,,,,,,unknown
2026-03-13T15:50:11.458352+00:00,USDJPY.s,anaconda,24480388,H4,HOLD,HOLD,NONE,0,0.4394473303939526,0,,,,,,,,,,,,,,,,0.023,0.023,159.324,159.589,158.992,159.52,158.09154003268887,156.6135096418983,1.4780303907905648,68.16332586868748,159.675,157.264,3,,,,,,,,,,,,,,,,,,,,,,,,"no_breakout,rsi_out_of_zone"
2026-03-13T15:50:11.459642+00:00,EURUSD.s,anaconda,24480388,H4,HOLD,HOLD,NONE,0,0.003872575248053058,0,,,,,,,,,,,,,,,,0.00018,0.00018,1.1477,1.14893,1.14337,1.14431,1.1594460842565055,1.1708958952443318,0.01144981098782627,29.547044606602398,1.16665,1.14992,3,,,,,,,,,,,,,,,,,,,,,,,,"no_breakout,rsi_out_of_zone"
2026-03-13T15:50:11.460828+00:00,XAUUSD.s,anaconda,24480388,H4,HOLD,HOLD,NONE,0,52.40128686499783,0,,,,,,,,,,,,,,,,0.29,0.29,5118.23,5121.13,5035.96,5049.91,5148.482628606206,5041.320377254796,107.1622513514103,34.87127994445066,5238.46,5055.02,3,,,,,,,,,,,,,,,,,,,,,,,,"price_mixed_ema,no_breakout"
2026-03-13T15:50:11.462135+00:00,USOUSD.s,anaconda,24480388,H4,HOLD,HOLD,NONE,0,4.654194405902607,0,,,,,,,,,,,,,,,,0.079,0.079,93.56,96.785,92.9,96.24,86.62388335917711,73.2085601573562,13.415323201820911,60.0151877872543,97.99,76.779,4,,,,,,,,,,,,,,,,,,,,,,,,no_breakout
2026-03-13T15:55:11.894786+00:00,BTCUSD,anaconda,24480388,H4,HOLD,HOLD,NONE,0,1219.3158794734438,0,,,,,,,,,,,,,,,,17.07,17.07,72769.46,73893.83,71874.32,71943.96,69618.824803509,70505.91449537469,887.0896918656945,62.66205785741306,71997.18,68369.52,5,,,,,,,,,,,,,,,,,,,,,,,,unknown
2026-03-13T15:55:11.896480+00:00,USDJPY.s,anaconda,24480388,H4,HOLD,HOLD,NONE,0,0.4394473303939526,0,,,,,,,,,,,,,,,,0.024,0.024,159.324,159.589,158.992,159.532,158.09154003268887,156.6135096418983,1.4780303907905648,68.3671659339372,159.675,157.264,3,,,,,,,,,,,,,,,,,,,,,,,,"no_breakout,rsi_out_of_zone"
2026-03-13T15:55:11.897885+00:00,EURUSD.s,anaconda,24480388,H4,HOLD,HOLD,NONE,0,0.003872575248053058,0,,,,,,,,,,,,,,,,0.00019,0.00019,1.1477,1.14893,1.14337,1.14406,1.1594460842565055,1.1708958952443318,0.01144981098782627,29.235754376213407,1.16665,1.14992,3,,,,,,,,,,,,,,,,,,,,,,,,"no_breakout,rsi_out_of_zone"
2026-03-13T15:55:11.899479+00:00,XAUUSD.s,anaconda,24480388,H4,HOLD,HOLD,NONE,0,52.67842972214069,0,,,,,,,,,,,,,,,,0.29,0.29,5118.23,5121.13,5032.08,5035.5,5148.482628606206,5041.320377254796,107.1622513514103,33.22061413662293,5238.46,5055.02,3,,,,,,,,,,,,,,,,,,,,,,,,"price_mixed_ema,no_breakout"
2026-03-13T15:55:11.900816+00:00,USOUSD.s,anaconda,24480388,H4,HOLD,HOLD,NONE,0,4.654194405902607,0,,,,,,,,,,,,,,,,0.079,0.079,93.56,96.785,92.9,96.165,86.62388335917711,73.2085601573562,13.415323201820911,59.86970716733353,97.99,76.779,4,,,,,,,,,,,,,,,,,,,,,,,,no_breakout
2026-03-13T16:00:12.338607+00:00,BTCUSD,anaconda,24480388,H4,HOLD,HOLD,NONE,0,1229.680879473444,0,,,,,,,,,,,,,,,,16.98,16.98,72769.46,73893.83,71729.21,71831.64,69618.824803509,70505.91449537469,887.0896918656945,61.41049371361749,71997.18,68369.52,5,,,,,,,,,,,,,,,,,,,,,,,,unknown
2026-03-13T16:00:12.340127+00:00,USDJPY.s,anaconda,24480388,H4,HOLD,HOLD,NONE,0,0.4394473303939526,0,,,,,,,,,,,,,,,,0.023,0.023,159.324,159.589,158.992,159.552,158.09154003268887,156.6135096418983,1.4780303907905648,68.70116007469318,159.675,157.264,3,,,,,,,,,,,,,,,,,,,,,,,,"no_breakout,rsi_out_of_zone"
2026-03-13T16:00:12.341850+00:00,EURUSD.s,anaconda,24480388,H4,HOLD,HOLD,NONE,0,0.003872575248053058,0,,,,,,,,,,,,,,,,0.00018,0.00018,1.1477,1.14893,1.14337,1.14417,1.1594460842565055,1.1708958952443318,0.01144981098782627,29.37191022808898,1.16665,1.14992,3,,,,,,,,,,,,,,,,,,,,,,,,"no_breakout,rsi_out_of_zone"
2026-03-13T16:00:12.343583+00:00,XAUUSD.s,anaconda,24480388,H4,HOLD,HOLD,NONE,0,52.80771543642637,0,,,,,,,,,,,,,,,,0.29,0.29,5118.23,5121.13,5030.27,5030.46,5148.482628606206,5041.320377254796,107.1622513514103,32.67956820937411,5238.46,5055.02,3,,,,,,,,,,,,,,,,,,,,,,,,"price_mixed_ema,no_breakout"
2026-03-13T16:00:12.345059+00:00,USOUSD.s,anaconda,24480388,H4,HOLD,HOLD,NONE,0,4.654194405902607,0,,,,,,,,,,,,,,,,0.079,0.079,93.56,96.785,92.9,96.415,86.62388335917711,73.2085601573562,13.415323201820911,60.35057499439971,97.99,76.779,4,,,,,,,,,,,,,,,,,,,,,,,,no_breakout
2026-03-13T16:05:12.913593+00:00,BTCUSD,anaconda,24480388,H4,HOLD,HOLD,NONE,0,1237.2215937591588,0,,,,,,,,,,,,,,,,16.99,16.99,72769.46,73893.83,71623.64,71678.52,69618.824803509,70505.91449537469,887.0896918656945,59.78270203098388,71997.18,68369.52,5,,,,,,,,,,,,,,,,,,,,,,,,unknown
2026-03-13T16:05:12.915063+00:00,USDJPY.s,anaconda,24480388,H4,HOLD,HOLD,NONE,0,0.43966161610823934,0,,,,,,,,,,,,,,,,0.024,0.024,159.324,159.592,158.992,159.537,158.09154003268887,156.6135096418983,1.4780303907905648,68.45133095917002,159.675,157.264,3,,,,,,,,,,,,,,,,,,,,,,,,"no_breakout,rsi_out_of_zone"
2026-03-13T16:05:12.916360+00:00,EURUSD.s,anaconda,24480388,H4,HOLD,HOLD,NONE,0,0.003872575248053058,0,,,,,,,,,,,,,,,,0.00019,0.00019,1.1477,1.14893,1.14337,1.14456,1.1594460842565055,1.1708958952443318,0.01144981098782627,29.865035158701843,1.16665,1.14992,3,,,,,,,,,,,,,,,,,,,,,,,,"no_breakout,rsi_out_of_zone"
2026-03-13T16:05:12.917494+00:00,XAUUSD.s,anaconda,24480388,H4,HOLD,HOLD,NONE,0,53.20057257928352,0,,,,,,,,,,,,,,,,0.32,0.32,5118.23,5121.13,5024.77,5026.51,5148.482628606206,5041.320377254796,107.1622513514103,32.26769740285552,5238.46,5055.02,3,,,,,,,,,,,,,,,,,,,,,,,,"price_mixed_ema,no_breakout"
2026-03-13T16:05:12.918594+00:00,USOUSD.s,anaconda,24480388,H4,HOLD,HOLD,NONE,0,4.654194405902607,0,,,,,,,,,,,,,,,,0.079,0.079,93.56,96.785,92.9,96.675,86.62388335917711,73.2085601573562,13.415323201820911,60.838603180657714,97.99,76.779,4,,,,,,,,,,,,,,,,,,,,,,,,no_breakout
2026-03-13T16:10:13.341091+00:00,BTCUSD,anaconda,24480388,H4,HOLD,HOLD,NONE,0,1241.227308044873,0,,,,,,,,,,,,,,,,16.99,16.99,72769.46,73893.83,71567.56,71642.67,69618.824803509,70505.91449537469,887.0896918656945,59.41397743986822,71997.18,68369.52,5,,,,,,,,,,,,,,,,,,,,,,,,unknown
2026-03-13T16:10:13.342787+00:00,USDJPY.s,anaconda,24480388,H4,HOLD,HOLD,NONE,0,0.43966161610823934,0,,,,,,,,,,,,,,,,0.024,0.024,159.324,159.592,158.992,159.539,158.09154003268887,156.6135096418983,1.4780303907905648,68.48487169805149,159.675,157.264,3,,,,,,,,,,,,,,,,,,,,,,,,"no_breakout,rsi_out_of_zone"
2026-03-13T16:10:13.344129+00:00,EURUSD.s,anaconda,24480388,H4,HOLD,HOLD,NONE,0,0.003872575248053058,0,,,,,,,,,,,,,,,,0.00019,0.00019,1.1477,1.14893,1.14337,1.14456,1.1594460842565055,1.1708958952443318,0.01144981098782627,29.865035158701843,1.16665,1.14992,3,,,,,,,,,,,,,,,,,,,,,,,,"no_breakout,rsi_out_of_zone"
2026-03-13T16:10:13.345452+00:00,XAUUSD.s,anaconda,24480388,H4,HOLD,HOLD,NONE,0,53.6127154364264,0,,,,,,,,,,,,,,,,0.29,0.29,5118.23,5121.13,5019.0,5037.17,5148.482628606206,5041.320377254796,107.1622513514103,33.403862644274724,5238.46,5055.02,3,,,,,,,,,,,,,,,,,,,,,,,,"price_mixed_ema,no_breakout"
2026-03-13T16:10:13.346864+00:00,USOUSD.s,anaconda,24480388,H4,HOLD,HOLD,NONE,0,4.654194405902607,0,,,,,,,,,,,,,,,,0.079,0.079,93.56,96.785,92.9,96.425,86.62388335917711,73.2085601573562,13.415323201820911,60.36957011988419,97.99,76.779,4,,,,,,,,,,,,,,,,,,,,,,,,no_breakout
2026-03-13T16:15:13.781774+00:00,BTCUSD,anaconda,24480388,H4,HOLD,HOLD,NONE,0,1241.227308044873,0,,,,,,,,,,,,,,,,16.98,16.98,72769.46,73893.83,71567.56,71733.69,69618.824803509,70505.91449537469,887.0896918656945,60.35916380545052,71997.18,68369.52,5,,,,,,,,,,,,,,,,,,,,,,,,unknown
2026-03-13T16:15:13.783115+00:00,USDJPY.s,anaconda,24480388,H4,HOLD,HOLD,NONE,0,0.43966161610823934,0,,,,,,,,,,,,,,,,0.024,0.024,159.324,159.592,158.992,159.565,158.09154003268887,156.6135096418983,1.4780303907905648,68.91449991220442,159.675,157.264,3,,,,,,,,,,,,,,,,,,,,,,,,"no_breakout,rsi_out_of_zone"
2026-03-13T16:15:13.784274+00:00,EURUSD.s,anaconda,24480388,H4,HOLD,HOLD,NONE,0,0.003872575248053058,0,,,,,,,,,,,,,,,,0.00018,0.00018,1.1477,1.14893,1.14337,1.14439,1.1594460842565055,1.1708958952443318,0.01144981098782627,29.64806230735327,1.16665,1.14992,3,,,,,,,,,,,,,,,,,,,,,,,,"no_breakout,rsi_out_of_zone"
2026-03-13T16:15:13.785542+00:00,XAUUSD.s,anaconda,24480388,H4,HOLD,HOLD,NONE,0,53.6127154364264,0,,,,,,,,,,,,,,,,0.29,0.29,5118.23,5121.13,5019.0,5033.23,5148.482628606206,5041.320377254796,107.1622513514103,32.97472781913224,5238.46,5055.02,3,,,,,,,,,,,,,,,,,,,,,,,,"price_mixed_ema,no_breakout"
2026-03-13T16:15:13.786864+00:00,USOUSD.s,anaconda,24480388,H4,HOLD,HOLD,NONE,0,4.654194405902607,0,,,,,,,,,,,,,,,,0.079,0.079,93.56,96.785,92.9,96.495,86.62388335917711,73.2085601573562,13.415323201820911,60.502028094454076,97.99,76.779,4,,,,,,,,,,,,,,,,,,,,,,,,no_breakout
2026-03-13T16:20:14.206287+00:00,BTCUSD,anaconda,24480388,H4,HOLD,HOLD,NONE,0,1256.3615937591592,0,,,,,,,,,,,,,,,,16.96,16.96,72769.46,73893.83,71355.68,71410.03,69618.824803509,70505.91449537469,887.0896918656945,57.127499544333475,71997.18,68369.52,5,,,,,,,,,,,,,,,,,,,,,,,,unknown
2026-03-13T16:20:14.207623+00:00,USDJPY.s,anaconda,24480388,H4,HOLD,HOLD,NONE,0,0.4420901875368102,0,,,,,,,,,,,,,,,,0.023,0.023,159.324,159.626,158.992,159.582,158.09154003268887,156.6135096418983,1.4780303907905648,69.18913321782247,159.675,157.264,3,,,,,,,,,,,,,,,,,,,,,,,,"no_breakout,rsi_out_of_zone"
2026-03-13T16:20:14.208827+00:00,EURUSD.s,anaconda,24480388,H4,HOLD,HOLD,NONE,0,0.003872575248053058,0,,,,,,,,,,,,,,,,0.00019,0.00019,1.1477,1.14893,1.14337,1.1441,1.1594460842565055,1.1708958952443318,0.01144981098782627,29.28511929458554,1.16665,1.14992,3,,,,,,,,,,,,,,,,,,,,,,,,"no_breakout,rsi_out_of_zone"
2026-03-13T16:20:14.210208+00:00,XAUUSD.s,anaconda,24480388,H4,HOLD,HOLD,NONE,0,53.6127154364264,0,,,,,,,,,,,,,,,,0.29,0.29,5118.23,5121.13,5019.0,5035.48,5148.482628606206,5041.320377254796,107.1622513514103,33.218431726301304,5238.46,5055.02,3,,,,,,,,,,,,,,,,,,,,,,,,"price_mixed_ema,no_breakout"
2026-03-13T16:20:14.211430+00:00,USOUSD.s,anaconda,24480388,H4,HOLD,HOLD,NONE,0,4.70705154875975,0,,,,,,,,,,,,,,,,0.079,0.079,93.56,97.525,92.9,97.3,86.62388335917711,73.2085601573562,13.415323201820911,61.96400965646113,97.99,76.779,4,,,,,,,,,,,,,,,,,,,,,,,,no_breakout
2026-03-13T16:25:14.732330+00:00,BTCUSD,anaconda,24480388,H4,HOLD,HOLD,NONE,0,1263.420879473444,0,,,,,,,,,,,,,,,,16.95,16.95,72769.46,73893.83,71256.85,71318.63,69618.824803509,70505.91449537469,887.0896918656945,56.276619789009715,71997.18,68369.52,5,,,,,,,,,,,,,,,,,,,,,,,,unknown
2026-03-13T16:25:14.733815+00:00,USDJPY.s,anaconda,24480388,H4,HOLD,HOLD,NONE,0,0.4420901875368102,0,,,,,,,,,,,,,,,,0.024,0.024,159.324,159.626,158.992,159.581,158.09154003268887,156.6135096418983,1.4780303907905648,69.1731127166191,159.675,157.264,3,,,,,,,,,,,,,,,,,,,,,,,,"no_breakout,rsi_out_of_zone"
2026-03-13T16:25:14.735343+00:00,EURUSD.s,anaconda,24480388,H4,HOLD,HOLD,NONE,0,0.003872575248053058,0,,,,,,,,,,,,,,,,0.00019,0.00019,1.1477,1.14893,1.14337,1.14384,1.1594460842565055,1.1708958952443318,0.01144981098782627,28.96719485378918,1.16665,1.14992,3,,,,,,,,,,,,,,,,,,,,,,,,"no_breakout,rsi_out_of_zone"
2026-03-13T16:25:14.736938+00:00,XAUUSD.s,anaconda,24480388,H4,HOLD,HOLD,NONE,0,53.6127154364264,0,,,,,,,,,,,,,,,,0.28,0.28,5118.23,5121.13,5019.0,5040.11,5148.482628606206,5041.320377254796,107.1622513514103,33.73142831445318,5238.46,5055.02,3,,,,,,,,,,,,,,,,,,,,,,,,"price_mixed_ema,no_breakout"
2026-03-13T16:25:14.738238+00:00,USOUSD.s,anaconda,24480388,H4,HOLD,HOLD,NONE,0,4.70705154875975,0,,,,,,,,,,,,,,,,0.079,0.079,93.56,97.525,92.9,97.23,86.62388335917711,73.2085601573562,13.415323201820911,61.841191077305524,97.99,76.779,4,,,,,,,,,,,,,,,,,,,,,,,,no_breakout
2026-03-13T16:30:15.167396+00:00,BTCUSD,anaconda,24480388,H4,HOLD,HOLD,NONE,0,1271.3501651877305,0,,,,,,,,,,,,,,,,17.1,17.1,72769.46,73893.83,71145.84,71442.03,69618.824803509,70505.91449537469,887.0896918656945,57.43151400007621,71997.18,68369.52,5,,,,,,,,,,,,,,,,,,,,,,,,unknown
2026-03-13T16:30:15.168669+00:00,USDJPY.s,anaconda,24480388,H4,HOLD,HOLD,NONE,0,0.4420901875368102,0,,,,,,,,,,,,,,,,0.024,0.024,159.324,159.626,158.992,159.598,158.09154003268887,156.6135096418983,1.4780303907905648,69.44321531251109,159.675,157.264,3,,,,,,,,,,,,,,,,,,,,,,,,"no_breakout,rsi_out_of_zone"
2026-03-13T16:30:15.169885+00:00,EURUSD.s,anaconda,24480388,H4,HOLD,HOLD,NONE,0,0.003872575248053058,0,,,,,,,,,,,,,,,,0.00018,0.00018,1.1477,1.14893,1.14337,1.14374,1.1594460842565055,1.1708958952443318,0.01144981098782627,28.84674662706155,1.16665,1.14992,3,,,,,,,,,,,,,,,,,,,,,,,,"no_breakout,rsi_out_of_zone"
2026-03-13T16:30:15.171007+00:00,XAUUSD.s,anaconda,24480388,H4,HOLD,HOLD,NONE,0,53.6127154364264,0,,,,,,,,,,,,,,,,0.28,0.28,5118.23,5121.13,5019.0,5041.38,5148.482628606206,5041.320377254796,107.1622513514103,33.874923192889554,5238.46,5055.02,3,,,,,,,,,,,,,,,,,,,,,,,,"price_mixed_ema,no_breakout"
2026-03-13T16:30:15.172415+00:00,USOUSD.s,anaconda,24480388,H4,HOLD,HOLD,NONE,0,4.70705154875975,0,,,,,,,,,,,,,,,,0.079,0.079,93.56,97.525,92.9,97.235,86.62388335917711,73.2085601573562,13.415323201820911,61.84999013082708,97.99,76.779,4,,,,,,,,,,,,,,,,,,,,,,,,no_breakout
2026-03-13T16:35:15.586514+00:00,BTCUSD,anaconda,24480388,H4,HOLD,HOLD,NONE,0,1271.3501651877305,0,,,,,,,,,,,,,,,,17.03,17.03,72769.46,73893.83,71145.84,71677.02,69618.824803509,70505.91449537469,887.0896918656945,59.767182508374106,71997.18,68369.52,5,,,,,,,,,,,,,,,,,,,,,,,,unknown
2026-03-13T16:35:15.588145+00:00,USDJPY.s,anaconda,24480388,H4,HOLD,HOLD,NONE,0,0.4420901875368102,0,,,,,,,,,,,,,,,,0.023,0.023,159.324,159.626,158.992,159.582,158.09154003268887,156.6135096418983,1.4780303907905648,69.18913321782247,159.675,157.264,3,,,,,,,,,,,,,,,,,,,,,,,,"no_breakout,rsi_out_of_zone"
2026-03-13T16:35:15.589387+00:00,EURUSD.s,anaconda,24480388,H4,HOLD,HOLD,NONE,0,0.003872575248053058,0,,,,,,,,,,,,,,,,0.00019,0.00019,1.1477,1.14893,1.14337,1.14384,1.1594460842565055,1.1708958952443318,0.01144981098782627,28.96719485378918,1.16665,1.14992,3,,,,,,,,,,,,,,,,,,,,,,,,"no_breakout,rsi_out_of_zone"
2026-03-13T16:35:15.590634+00:00,XAUUSD.s,anaconda,24480388,H4,HOLD,HOLD,NONE,0,53.6127154364264,0,,,,,,,,,,,,,,,,0.29,0.29,5118.23,5121.13,5019.0,5046.33,5148.482628606206,5041.320377254796,107.1622513514103,34.446063412481294,5238.46,5055.02,3,,,,,,,,,,,,,,,,,,,,,,,,"price_mixed_ema,no_breakout"
2026-03-13T16:35:15.591869+00:00,USOUSD.s,anaconda,24480388,H4,HOLD,HOLD,NONE,0,4.70705154875975,0,,,,,,,,,,,,,,,,0.099,0.099,93.56,97.525,92.9,96.82,86.62388335917711,73.2085601573562,13.415323201820911,61.10559001993167,97.99,76.779,4,,,,,,,,,,,,,,,,,,,,,,,,no_breakout
2026-03-13T16:40:16.030455+00:00,BTCUSD,anaconda,24480388,H4,HOLD,HOLD,NONE,0,1271.3501651877305,0,,,,,,,,,,,,,,,,17.11,17.11,72769.46,73893.83,71145.84,71817.48,69618.824803509,70505.91449537469,887.0896918656945,61.256250867433835,71997.18,68369.52,5,,,,,,,,,,,,,,,,,,,,,,,,unknown
2026-03-13T16:40:16.048414+00:00,USDJPY.s,anaconda,24480388,H4,HOLD,HOLD,NONE,0,0.4420901875368102,0,,,,,,,,,,,,,,,,0.025,0.025,159.324,159.626,158.992,159.593,158.09154003268887,156.6135096418983,1.4780303907905648,69.36426598102479,159.675,157.264,3,,,,,,,,,,,,,,,,,,,,,,,,"no_breakout,rsi_out_of_zone"
2026-03-13T16:40:16.064117+00:00,EURUSD.s,anaconda,24480388,H4,HOLD,HOLD,NONE,0,0.003872575248053058,0,,,,,,,,,,,,,,,,0.00018,0.00018,1.1477,1.14893,1.14337,1.14361,1.1594460842565055,1.1708958952443318,0.01144981098782627,28.69165337674434,1.16665,1.14992,3,,,,,,,,,,,,,,,,,,,,,,,,"no_breakout,rsi_out_of_zone"
2026-03-13T16:40:16.067465+00:00,XAUUSD.s,anaconda,24480388,H4,HOLD,HOLD,NONE,0,53.6127154364264,0,,,,,,,,,,,,,,,,0.28,0.28,5118.23,5121.13,5019.0,5046.75,5148.482628606206,5041.320377254796,107.1622513514103,34.49541144540912,5238.46,5055.02,3,,,,,,,,,,,,,,,,,,,,,,,,"price_mixed_ema,no_breakout"
2026-03-13T16:40:16.068882+00:00,USOUSD.s,anaconda,24480388,H4,HOLD,HOLD,NONE,0,4.70705154875975,0,,,,,,,,,,,,,,,,0.079,0.079,93.56,97.525,92.9,96.445,86.62388335917711,73.2085601573562,13.415323201820911,60.40750582235866,97.99,76.779,4,,,,,,,,,,,,,,,,,,,,,,,,no_breakout
2026-03-13T16:45:16.735901+00:00,BTCUSD,anaconda,24480388,H4,HOLD,HOLD,NONE,0,1271.3501651877305,0,,,,,,,,,,,,,,,,17.08,17.08,72769.46,73893.83,71145.84,71783.21,69618.824803509,70505.91449537469,887.0896918656945,60.88614008701405,71997.18,68369.52,5,,,,,,,,,,,,,,,,,,,,,,,,unknown
2026-03-13T16:45:16.737704+00:00,USDJPY.s,anaconda,24480388,H4,HOLD,HOLD,NONE,0,0.4420901875368102,0,,,,,,,,,,,,,,,,0.023,0.023,159.324,159.626,158.992,159.601,158.09154003268887,156.6135096418983,1.4780303907905648,69.49038989602396,159.675,157.264,3,,,,,,,,,,,,,,,,,,,,,,,,"no_breakout,rsi_out_of_zone"
2026-03-13T16:45:16.739597+00:00,EURUSD.s,anaconda,24480388,H4,HOLD,HOLD,NONE,0,0.003872575248053058,0,,,,,,,,,,,,,,,,0.00018,0.00018,1.1477,1.14893,1.14337,1.14372,1.1594460842565055,1.1708958952443318,0.01144981098782627,28.82277708215794,1.16665,1.14992,3,,,,,,,,,,,,,,,,,,,,,,,,"no_breakout,rsi_out_of_zone"
2026-03-13T16:45:16.740805+00:00,XAUUSD.s,anaconda,24480388,H4,HOLD,HOLD,NONE,0,53.6127154364264,0,,,,,,,,,,,,,,,,0.29,0.29,5118.23,5121.13,5019.0,5044.7,5148.482628606206,5041.320377254796,107.1622513514103,34.25587593967825,5238.46,5055.02,3,,,,,,,,,,,,,,,,,,,,,,,,"price_mixed_ema,no_breakout"
2026-03-13T16:45:16.741925+00:00,USOUSD.s,anaconda,24480388,H4,HOLD,HOLD,NONE,0,4.70705154875975,0,,,,,,,,,,,,,,,,0.079,0.079,93.56,97.525,92.9,96.94,86.62388335917711,73.2085601573562,13.415323201820911,61.3238070506574,97.99,76.779,4,,,,,,,,,,,,,,,,,,,,,,,,no_breakout
2026-03-13T16:50:17.151009+00:00,BTCUSD,anaconda,24480388,H4,HOLD,HOLD,NONE,0,1271.3501651877305,0,,,,,,,,,,,,,,,,16.95,16.95,72769.46,73893.83,71145.84,71941.96,69618.824803509,70505.91449537469,887.0896918656945,62.63932623141001,71997.18,68369.52,5,,,,,,,,,,,,,,,,,,,,,,,,unknown
2026-03-13T16:50:17.152984+00:00,USDJPY.s,anaconda,24480388,H4,HOLD,HOLD,NONE,0,0.4420901875368102,0,,,,,,,,,,,,,,,,0.024,0.024,159.324,159.626,158.992,159.564,158.09154003268887,156.6135096418983,1.4780303907905648,68.89819246443318,159.675,157.264,3,,,,,,,,,,,,,,,,,,,,,,,,"no_breakout,rsi_out_of_zone"
2026-03-13T16:50:17.154474+00:00,EURUSD.s,anaconda,24480388,H4,HOLD,HOLD,NONE,0,0.003872575248053058,0,,,,,,,,,,,,,,,,0.00018,0.00018,1.1477,1.14893,1.14337,1.14419,1.1594460842565055,1.1708958952443318,0.01144981098782627,29.39680220606232,1.16665,1.14992,3,,,,,,,,,,,,,,,,,,,,,,,,"no_breakout,rsi_out_of_zone"
2026-03-13T16:50:17.155943+00:00,XAUUSD.s,anaconda,24480388,H4,HOLD,HOLD,NONE,0,53.6127154364264,0,,,,,,,,,,,,,,,,0.29,0.29,5118.23,5121.13,5019.0,5042.71,5148.482628606206,5041.320377254796,107.1622513514103,34.02651196025735,5238.46,5055.02,3,,,,,,,,,,,,,,,,,,,,,,,,"price_mixed_ema,no_breakout"
2026-03-13T16:50:17.157506+00:00,USOUSD.s,anaconda,24480388,H4,HOLD,HOLD,NONE,0,4.70705154875975,0,,,,,,,,,,,,,,,,0.079,0.079,93.56,97.525,92.9,96.845,86.62388335917711,73.2085601573562,13.415323201820911,61.15125472773954,97.99,76.779,4,,,,,,,,,,,,,,,,,,,,,,,,no_breakout
2026-03-13T16:55:17.562771+00:00,BTCUSD,anaconda,24480388,H4,HOLD,HOLD,NONE,0,1271.3501651877305,0,,,,,,,,,,,,,,,,16.95,16.95,72769.46,73893.83,71145.84,72040.93,69618.824803509,70505.91449537469,887.0896918656945,63.78434746482607,71997.18,68369.52,5,,,,,,,,,,,,,,,,,,,,,,,,unknown
2026-03-13T16:55:17.564310+00:00,USDJPY.s,anaconda,24480388,H4,HOLD,HOLD,NONE,0,0.4420901875368102,0,,,,,,,,,,,,,,,,0.024,0.024,159.324,159.626,158.992,159.549,158.09154003268887,156.6135096418983,1.4780303907905648,68.65151129111398,159.675,157.264,3,,,,,,,,,,,,,,,,,,,,,,,,"no_breakout,rsi_out_of_zone"
2026-03-13T16:55:17.565552+00:00,EURUSD.s,anaconda,24480388,H4,HOLD,HOLD,NONE,0,0.003872575248053058,0,,,,,,,,,,,,,,,,0.00018,0.00018,1.1477,1.14893,1.14337,1.14449,1.1594460842565055,1.1708958952443318,0.01144981098782627,29.775309947093717,1.16665,1.14992,3,,,,,,,,,,,,,,,,,,,,,,,,"no_breakout,rsi_out_of_zone"
2026-03-13T16:55:17.567089+00:00,XAUUSD.s,anaconda,24480388,H4,HOLD,HOLD,NONE,0,53.6127154364264,0,,,,,,,,,,,,,,,,0.28,0.28,5118.23,5121.13,5019.0,5050.69,5148.482628606206,5041.320377254796,107.1622513514103,34.965321465700015,5238.46,5055.02,3,,,,,,,,,,,,,,,,,,,,,,,,"price_mixed_ema,no_breakout"
2026-03-13T16:55:17.568702+00:00,USOUSD.s,anaconda,24480388,H4,HOLD,HOLD,NONE,0,4.70705154875975,0,,,,,,,,,,,,,,,,0.079,0.079,93.56,97.525,92.9,96.96,86.62388335917711,73.2085601573562,13.415323201820911,61.359938718610906,97.99,76.779,4,,,,,,,,,,,,,,,,,,,,,,,,no_breakout
2026-03-13T17:00:17.971443+00:00,BTCUSD,anaconda,24480388,H4,HOLD,HOLD,NONE,0,1182.7208676701252,0,,,,,,,,,,,,,,,,17.0,17.0,71869.28,71891.17,71860.63,71890.84,69707.08292980361,70512.3854275814,805.3024977777823,61.98785180297894,72153.95,68782.31,4,,,,,,,,,,,,,,,,,,,,,,,,no_breakout
2026-03-13T17:00:17.972768+00:00,USDJPY.s,anaconda,24480388,H4,HOLD,HOLD,NONE,0,0.4115837455616589,0,,,,,,,,,,,,,,,,0.023,0.023,159.603,159.606,159.591,159.598,158.1508533311436,156.65226699175147,1.4985863393921193,69.30003506853413,159.675,157.264,3,,,,,,,,,,,,,,,,,,,,,,,,"no_breakout,rsi_out_of_zone"
2026-03-13T17:00:17.973934+00:00,EURUSD.s,anaconda,24480388,H4,HOLD,HOLD,NONE,0,0.003610248444636431,0,,,,,,,,,,,,,,,,0.00019,0.00019,1.14412,1.14432,1.14412,1.14423,1.1588450491495748,1.1705334218150647,0.011688372665489943,29.673011882823218,1.16665,1.1432,3,,,,,,,,,,,,,,,,,,,,,,,,"no_breakout,rsi_out_of_zone"
2026-03-13T17:00:17.975217+00:00,XAUUSD.s,anaconda,24480388,H4,HOLD,HOLD,NONE,0,49.93895004550606,0,,,,,,,,,,,,,,,,0.28,0.28,5045.93,5047.86,5045.68,5046.94,5144.461397381461,5044.835487962979,99.62590941848248,34.64865659890823,5238.46,5055.02,3,,,,,,,,,,,,,,,,,,,,,,,,"price_mixed_ema,no_breakout"
2026-03-13T17:00:17.976729+00:00,USOUSD.s,anaconda,24480388,H4,HOLD,HOLD,NONE,0,4.37976215240198,0,,,,,,,,,,,,,,,,0.079,0.079,96.86,96.865,96.74,96.75,87.02549541253234,73.4410813060046,13.584414106527731,60.823065089330555,97.99,76.779,4,,,,,,,,,,,,,,,,,,,,,,,,no_breakout
2026-03-13T17:05:18.419629+00:00,BTCUSD,anaconda,24480388,H4,HOLD,HOLD,NONE,0,1189.7472962415534,0,,,,,,,,,,,,,,,,17.02,17.02,71869.28,71989.54,71860.63,71978.44,69707.08292980361,70512.3854275814,805.3024977777823,62.636168188362376,72153.95,68782.31,4,,,,,,,,,,,,,,,,,,,,,,,,no_breakout
2026-03-13T17:05:18.421238+00:00,USDJPY.s,anaconda,24480388,H4,HOLD,HOLD,NONE,0,0.41336945984737355,0,,,,,,,,,,,,,,,,0.023,0.023,159.603,159.631,159.591,159.623,158.1508533311436,156.65226699175147,1.4985863393921193,69.86430890651074,159.675,157.264,3,,,,,,,,,,,,,,,,,,,,,,,,"no_breakout,rsi_out_of_zone"
2026-03-13T17:05:18.422536+00:00,EURUSD.s,anaconda,24480388,H4,HOLD,HOLD,NONE,0,0.0036388198732078565,0,,,,,,,,,,,,,,,,0.00019,0.00019,1.14412,1.14432,1.14372,1.1438,1.1588450491495748,1.1705334218150647,0.011688372665489943,28.87609693297952,1.16665,1.1432,3,,,,,,,,,,,,,,,,,,,,,,,,"no_breakout,rsi_out_of_zone"
2026-03-13T17:05:18.423898+00:00,XAUUSD.s,anaconda,24480388,H4,HOLD,HOLD,NONE,0,50.28323575979182,0,,,,,,,,,,,,,,,,0.32,0.32,5045.93,5050.38,5043.38,5044.3,5144.461397381461,5044.835487962979,99.62590941848248,34.18857905860804,5238.46,5055.02,3,,,,,,,,,,,,,,,,,,,,,,,,"price_mixed_ema,no_breakout"
2026-03-13T17:05:18.425239+00:00,USOUSD.s,anaconda,24480388,H4,HOLD,HOLD,NONE,0,4.388333580973409,0,,,,,,,,,,,,,,,,0.079,0.079,96.86,96.95,96.705,96.775,87.02549541253234,73.4410813060046,13.584414106527731,60.90196539380756,97.99,76.779,4,,,,,,,,,,,,,,,,,,,,,,,,no_breakout
2026-03-13T17:10:18.839695+00:00,BTCUSD,anaconda,24480388,H4,HOLD,HOLD,NONE,0,1195.6587248129827,0,,,,,,,,,,,,,,,,17.08,17.08,71869.28,72072.3,71860.63,72012.73,69707.08292980361,70512.3854275814,805.3024977777823,62.88396149991741,72153.95,68782.31,4,,,,,,,,,,,,,,,,,,,,,,,,no_breakout
2026-03-13T17:10:18.841188+00:00,USDJPY.s,anaconda,24480388,H4,HOLD,HOLD,NONE,0,0.41394088841880283,0,,,,,,,,,,,,,,,,0.024,0.024,159.603,159.639,159.591,159.639,158.1508533311436,156.65226699175147,1.4985863393921193,70.13419183137415,159.675,157.264,3,,,,,,,,,,,,,,,,,,,,,,,,"no_breakout,rsi_out_of_zone"
2026-03-13T17:10:18.842564+00:00,EURUSD.s,anaconda,24480388,H4,HOLD,HOLD,NONE,0,0.0036509627303507137,0,,,,,,,,,,,,,,,,0.00018,0.00018,1.14412,1.14432,1.14355,1.14362,1.1588450491495748,1.1705334218150647,0.011688372665489943,28.637698318908633,1.16665,1.1432,3,,,,,,,,,,,,,,,,,,,,,,,,"no_breakout,rsi_out_of_zone"
2026-03-13T17:10:18.843740+00:00,XAUUSD.s,anaconda,24480388,H4,HOLD,HOLD,NONE,0,50.29609290264899,0,,,,,,,,,,,,,,,,0.28,0.28,5045.93,5050.56,5043.38,5049.41,5144.461397381461,5044.835487962979,99.62590941848248,35.250803029850076,5238.46,5055.02,3,,,,,,,,,,,,,,,,,,,,,,,,"price_mixed_ema,no_breakout"
2026-03-13T17:10:18.845135+00:00,USOUSD.s,anaconda,24480388,H4,HOLD,HOLD,NONE,0,4.414405009544837,0,,,,,,,,,,,,,,,,0.079,0.079,96.86,96.95,96.34,96.54,87.02549541253234,73.4410813060046,13.584414106527731,60.16828675242484,97.99,76.779,4,,,,,,,,,,,,,,,,,,,,,,,,no_breakout
2026-03-13T17:15:19.260406+00:00,BTCUSD,anaconda,24480388,H4,HOLD,HOLD,NONE,0,1200.888724812983,0,,,,,,,,,,,,,,,,17.03,17.03,71869.28,72145.52,71860.63,72075.03,69707.08292980361,70512.3854275814,805.3024977777823,63.32585612304726,72153.95,68782.31,4,,,,,,,,,,,,,,,,,,,,,,,,no_breakout
2026-03-13T17:15:19.262161+00:00,USDJPY.s,anaconda,24480388,H4,HOLD,HOLD,NONE,0,0.4166551741330873,0,,,,,,,,,,,,,,,,0.023,0.023,159.603,159.677,159.591,159.644,158.1508533311436,156.65226699175147,1.4985863393921193,70.21754168031228,159.675,157.264,3,,,,,,,,,,,,,,,,,,,,,,,,"no_breakout,rsi_out_of_zone"
2026-03-13T17:15:19.263921+00:00,EURUSD.s,anaconda,24480388,H4,HOLD,HOLD,NONE,0,0.0036681055874935725,0,,,,,,,,,,,,,,,,0.00019,0.00019,1.14412,1.14432,1.14331,1.14379,1.1588450491495748,1.1705334218150647,0.011688372665489943,28.86274848429369,1.16665,1.1432,3,,,,,,,,,,,,,,,,,,,,,,,,"no_breakout,rsi_out_of_zone"
2026-03-13T17:15:19.265391+00:00,XAUUSD.s,anaconda,24480388,H4,HOLD,HOLD,NONE,0,50.81109290264899,0,,,,,,,,,,,,,,,,0.28,0.28,5045.93,5057.77,5043.38,5057.72,5144.461397381461,5044.835487962979,99.62590941848248,37.19763150689633,5238.46,5055.02,3,,,,,,,,,,,,,,,,,,,,,,,,"price_mixed_ema,no_breakout"
2026-03-13T17:15:19.266763+00:00,USOUSD.s,anaconda,24480388,H4,HOLD,HOLD,NONE,0,4.414405009544837,0,,,,,,,,,,,,,,,,0.099,0.099,96.86,96.95,96.34,96.58,87.02549541253234,73.4410813060046,13.584414106527731,60.29191729973963,97.99,76.779,4,,,,,,,,,,,,,,,,,,,,,,,,no_breakout
2026-03-13T17:20:19.693085+00:00,BTCUSD,anaconda,24480388,H4,HOLD,HOLD,NONE,0,1208.0558676701255,0,,,,,,,,,,,,,,,,17.04,17.04,71869.28,72245.86,71860.63,72047.49,69707.08292980361,70512.3854275814,805.3024977777823,63.13181905656341,72153.95,68782.31,4,,,,,,,,,,,,,,,,,,,,,,,,no_breakout
2026-03-13T17:20:19.694318+00:00,USDJPY.s,anaconda,24480388,H4,HOLD,HOLD,NONE,0,0.4166551741330873,0,,,,,,,,,,,,,,,,0.024,0.024,159.603,159.677,159.591,159.618,158.1508533311436,156.65226699175147,1.4985863393921193,69.77896736987225,159.675,157.264,3,,,,,,,,,,,,,,,,,,,,,,,,"no_breakout,rsi_out_of_zone"
2026-03-13T17:20:19.695645+00:00,EURUSD.s,anaconda,24480388,H4,HOLD,HOLD,NONE,0,0.0036716770160649926,0,,,,,,,,,,,,,,,,0.00019,0.00019,1.14412,1.1443699999999999,1.14331,1.14432,1.1588450491495748,1.1705334218150647,0.011688372665489943,29.967369028638046,1.16665,1.1432,3,,,,,,,,,,,,,,,,,,,,,,,,"no_breakout,rsi_out_of_zone"
2026-03-13T17:20:19.696806+00:00,XAUUSD.s,anaconda,24480388,H4,HOLD,HOLD,NONE,0,51.11609290264895,0,,,,,,,,,,,,,,,,0.28,0.28,5045.93,5062.04,5043.38,5059.6,5144.461397381461,5044.835487962979,99.62590941848248,37.621940260106264,5238.46,5055.02,3,,,,,,,,,,,,,,,,,,,,,,,,"price_mixed_ema,no_breakout"
2026-03-13T17:20:19.698050+00:00,USOUSD.s,anaconda,24480388,H4,HOLD,HOLD,NONE,0,4.419405009544836,0,,,,,,,,,,,,,,,,0.079,0.079,96.86,97.02,96.34,96.625,87.02549541253234,73.4410813060046,13.584414106527731,60.43161036149666,97.99,76.779,4,,,,,,,,,,,,,,,,,,,,,,,,no_breakout
2026-03-13T17:25:20.115213+00:00,BTCUSD,anaconda,24480388,H4,HOLD,HOLD,NONE,0,1208.8437248129824,0,,,,,,,,,,,,,,,,17.03,17.03,71869.28,72245.86,71849.6,71854.33,69707.08292980361,70512.3854275814,805.3024977777823,61.64081374605555,72153.95,68782.31,4,,,,,,,,,,,,,,,,,,,,,,,,no_breakout
2026-03-13T17:25:20.116680+00:00,USDJPY.s,anaconda,24480388,H4,HOLD,HOLD,NONE,0,0.4166551741330873,0,,,,,,,,,,,,,,,,0.025,0.025,159.603,159.677,159.591,159.618,158.1508533311436,156.65226699175147,1.4985863393921193,69.77896736987225,159.675,157.264,3,,,,,,,,,,,,,,,,,,,,,,,,"no_breakout,rsi_out_of_zone"
2026-03-13T17:25:20.117922+00:00,EURUSD.s,anaconda,24480388,H4,HOLD,HOLD,NONE,0,0.003672391301779283,0,,,,,,,,,,,,,,,,0.00018,0.00018,1.14412,1.14438,1.14331,1.14419,1.1588450491495748,1.1705334218150647,0.011688372665489943,29.541390730193754,1.16665,1.1432,3,,,,,,,,,,,,,,,,,,,,,,,,"no_breakout,rsi_out_of_zone"
2026-03-13T17:25:20.119145+00:00,XAUUSD.s,anaconda,24480388,H4,HOLD,HOLD,NONE,0,51.11609290264895,0,,,,,,,,,,,,,,,,0.29,0.29,5045.93,5062.04,5043.38,5054.74,5144.461397381461,5044.835487962979,99.62590941848248,36.51310123777315,5238.46,5055.02,3,,,,,,,,,,,,,,,,,,,,,,,,"price_mixed_ema,no_breakout"
2026-03-13T17:25:20.120412+00:00,USOUSD.s,anaconda,24480388,H4,HOLD,HOLD,NONE,0,4.419405009544836,0,,,,,,,,,,,,,,,,0.079,0.079,96.86,97.02,96.34,96.745,87.02549541253234,73.4410813060046,13.584414106527731,60.80730955432529,97.99,76.779,4,,,,,,,,,,,,,,,,,,,,,,,,no_breakout
2026-03-13T17:30:20.537757+00:00,BTCUSD,anaconda,24480388,H4,HOLD,HOLD,NONE,0,1227.9758676701258,0,,,,,,,,,,,,,,,,17.04,17.04,71869.28,72245.86,71581.75,71647.93,69707.08292980361,70512.3854275814,805.3024977777823,59.21683121148475,72153.95,68782.31,4,,,,,,,,,,,,,,,,,,,,,,,,no_breakout
2026-03-13T17:30:20.539157+00:00,USDJPY.s,anaconda,24480388,H4,HOLD,HOLD,NONE,0,0.4177266027045169,0,,,,,,,,,,,,,,,,0.025,0.025,159.603,159.677,159.576,159.583,158.1508533311436,156.65226699175147,1.4985863393921193,68.71360587681374,159.675,157.264,3,,,,,,,,,,,,,,,,,,,,,,,,"no_breakout,rsi_out_of_zone"
2026-03-13T17:30:20.540499+00:00,EURUSD.s,anaconda,24480388,H4,HOLD,HOLD,NONE,0,0.0036738198732078637,0,,,,,,,,,,,,,,,,0.00018,0.00018,1.14412,1.1444,1.14331,1.14428,1.1588450491495748,1.1705334218150647,0.011688372665489943,29.836848406502284,1.16665,1.1432,3,,,,,,,,,,,,,,,,,,,,,,,,"no_breakout,rsi_out_of_zone"
2026-03-13T17:30:20.541695+00:00,XAUUSD.s,anaconda,24480388,H4,HOLD,HOLD,NONE,0,51.11609290264895,0,,,,,,,,,,,,,,,,0.29,0.29,5045.93,5062.04,5043.38,5055.99,5144.461397381461,5044.835487962979,99.62590941848248,36.80204505635618,5238.46,5055.02,3,,,,,,,,,,,,,,,,,,,,,,,,"price_mixed_ema,no_breakout"
2026-03-13T17:30:20.543053+00:00,USOUSD.s,anaconda,24480388,H4,HOLD,HOLD,NONE,0,4.419405009544836,0,,,,,,,,,,,,,,,,0.079,0.079,96.86,97.02,96.34,96.755,87.02549541253234,73.4410813060046,13.584414106527731,60.83882879115727,97.99,76.779,4,,,,,,,,,,,,,,,,,,,,,,,,no_breakout
2026-03-13T17:35:20.969909+00:00,BTCUSD,anaconda,24480388,H4,HOLD,HOLD,NONE,0,1230.358010527269,0,,,,,,,,,,,,,,,,16.98,16.98,71869.28,72245.86,71548.4,71575.39,69707.08292980361,70512.3854275814,805.3024977777823,58.40957200777123,72153.95,68782.31,4,,,,,,,,,,,,,,,,,,,,,,,,no_breakout
2026-03-13T17:35:20.971178+00:00,USDJPY.s,anaconda,24480388,H4,HOLD,HOLD,NONE,0,0.41908374556166017,0,,,,,,,,,,,,,,,,0.024,0.024,159.603,159.677,159.557,159.567,158.1508533311436,156.65226699175147,1.4985863393921193,68.09892303035475,159.675,157.264,3,,,,,,,,,,,,,,,,,,,,,,,,"no_breakout,rsi_out_of_zone"
2026-03-13T17:35:20.972511+00:00,EURUSD.s,anaconda,24480388,H4,HOLD,HOLD,NONE,0,0.0036738198732078637,0,,,,,,,,,,,,,,,,0.00019,0.00019,1.14412,1.1444,1.14331,1.14425,1.1588450491495748,1.1705334218150647,0.011688372665489943,29.73863822372107,1.16665,1.1432,3,,,,,,,,,,,,,,,,,,,,,,,,"no_breakout,rsi_out_of_zone"
2026-03-13T17:35:20.973797+00:00,XAUUSD.s,anaconda,24480388,H4,HOLD,HOLD,NONE,0,51.11609290264895,0,,,,,,,,,,,,,,,,0.28,0.28,5045.93,5062.04,5043.38,5059.08,5144.461397381461,5044.835487962979,99.62590941848248,37.505152945566046,5238.46,5055.02,3,,,,,,,,,,,,,,,,,,,,,,,,"price_mixed_ema,no_breakout"
2026-03-13T17:35:20.975074+00:00,USOUSD.s,anaconda,24480388,H4,HOLD,HOLD,NONE,0,4.43476215240198,0,,,,,,,,,,,,,,,,0.079,0.079,96.86,97.235,96.34,97.195,87.02549541253234,73.4410813060046,13.584414106527731,61.84412454609913,97.99,76.779,4,,,,,,,,,,,,,,,,,,,,,,,,no_breakout
2026-03-13T17:40:21.394036+00:00,BTCUSD,anaconda,24480388,H4,HOLD,HOLD,NONE,0,1241.637296241554,0,,,,,,,,,,,,,,,,17.06,17.06,71869.28,72245.86,71390.49,71399.15,69707.08292980361,70512.3854275814,805.3024977777823,56.53704587834153,72153.95,68782.31,4,,,,,,,,,,,,,,,,,,,,,,,,no_breakout
2026-03-13T17:40:21.395735+00:00,USDJPY.s,anaconda,24480388,H4,HOLD,HOLD,NONE,0,0.42001231699022995,0,,,,,,,,,,,,,,,,0.023,0.023,159.603,159.677,159.544,159.567,158.1508533311436,156.65226699175147,1.4985863393921193,68.09892303035475,159.675,157.264,3,,,,,,,,,,,,,,,,,,,,,,,,"no_breakout,rsi_out_of_zone"
2026-03-13T17:40:21.397478+00:00,EURUSD.s,anaconda,24480388,H4,HOLD,HOLD,NONE,0,0.0036766770160649937,0,,,,,,,,,,,,,,,,0.00019,0.00019,1.14412,1.14444,1.14331,1.1442700000000001,1.1588450491495748,1.1705334218150647,0.011688372665489943,29.804142199037628,1.16665,1.1432,3,,,,,,,,,,,,,,,,,,,,,,,,"no_breakout,rsi_out_of_zone"
2026-03-13T17:40:21.399177+00:00,XAUUSD.s,anaconda,24480388,H4,HOLD,HOLD,NONE,0,51.238950045506115,0,,,,,,,,,,,,,,,,0.28,0.28,5045.93,5063.76,5043.38,5057.95,5144.461397381461,5044.835487962979,99.62590941848248,37.249851267364974,5238.46,5055.02,3,,,,,,,,,,,,,,,,,,,,,,,,"price_mixed_ema,no_breakout"
2026-03-13T17:40:21.400970+00:00,USOUSD.s,anaconda,24480388,H4,HOLD,HOLD,NONE,0,4.446905009544837,0,,,,,,,,,,,,,,,,0.079,0.079,96.86,97.405,96.34,97.385,87.02549541253234,73.4410813060046,13.584414106527731,62.21208566119378,97.99,76.779,4,,,,,,,,,,,,,,,,,,,,,,,,no_breakout
2026-03-13T17:45:21.836214+00:00,BTCUSD,anaconda,24480388,H4,HOLD,HOLD,NONE,0,1266.3151533844114,0,,,,,,,,,,,,,,,,17.08,17.08,71869.28,72245.86,71045.0,71210.62,69707.08292980361,70512.3854275814,805.3024977777823,54.66244465277691,72153.95,68782.31,4,,,,,,,,,,,,,,,,,,,,,,,,no_breakout
2026-03-13T17:45:21.837644+00:00,USDJPY.s,anaconda,24480388,H4,HOLD,HOLD,NONE,0,0.42001231699022995,0,,,,,,,,,,,,,,,,0.025,0.025,159.603,159.677,159.544,159.552,158.1508533311436,156.65226699175147,1.4985863393921193,67.53256265521583,159.675,157.264,3,,,,,,,,,,,,,,,,,,,,,,,,"no_breakout,rsi_out_of_zone"
2026-03-13T17:45:21.839121+00:00,EURUSD.s,anaconda,24480388,H4,HOLD,HOLD,NONE,0,0.003677391301779284,0,,,,,,,,,,,,,,,,0.00018,0.00018,1.14412,1.14445,1.14331,1.14445,1.1588450491495748,1.1705334218150647,0.011688372665489943,30.3882275255297,1.16665,1.1432,3,,,,,,,,,,,,,,,,,,,,,,,,"no_breakout,rsi_out_of_zone"
2026-03-13T17:45:21.840434+00:00,XAUUSD.s,anaconda,24480388,H4,HOLD,HOLD,NONE,0,51.238950045506115,0,,,,,,,,,,,,,,,,0.29,0.29,5045.93,5063.76,5043.38,5054.17,5144.461397381461,5044.835487962979,99.62590941848248,36.38046392223863,5238.46,5055.02,3,,,,,,,,,,,,,,,,,,,,,,,,"price_mixed_ema,no_breakout"
2026-03-13T17:45:21.842057+00:00,USOUSD.s,anaconda,24480388,H4,HOLD,HOLD,NONE,0,4.465476438116266,0,,,,,,,,,,,,,,,,0.079,0.079,96.86,97.665,96.34,97.595,87.02549541253234,73.4410813060046,13.584414106527731,62.61060975252704,97.99,76.779,4,,,,,,,,,,,,,,,,,,,,,,,,no_breakout
2026-03-13T17:48:18.883673+00:00,BTCUSD,anaconda,24480388,H4,HOLD,HOLD,NONE,0,1266.3151533844114,0,,,,,,,,,,,,,,,,17.01,17.01,71869.28,72245.86,71045.0,71136.69,69707.08292980361,70512.3854275814,805.3024977777823,53.96083638927052,72153.95,68782.31,4,,,,,,,,,,,,,,,,,,,,,,,,no_breakout
2026-03-13T17:48:18.902348+00:00,USDJPY.s,anaconda,24480388,H4,HOLD,HOLD,NONE,0,0.42029803127594556,0,,,,,,,,,,,,,,,,0.024,0.024,159.603,159.677,159.54,159.581,158.1508533311436,156.65226699175147,1.4985863393921193,68.63616435681664,159.675,157.264,3,,,,,,,,,,,,,,,,,,,,,,,,"no_breakout,rsi_out_of_zone"
2026-03-13T17:48:18.937641+00:00,EURUSD.s,anaconda,24480388,H4,HOLD,HOLD,NONE,0,0.0036831055874935754,0,,,,,,,,,,,,,,,,0.00019,0.00019,1.14412,1.14453,1.14331,1.14408,1.1588450491495748,1.1705334218150647,0.011688372665489943,29.254932055628686,1.16665,1.1432,3,,,,,,,,,,,,,,,,,,,,,,,,"no_breakout,rsi_out_of_zone"
2026-03-13T17:48:18.939688+00:00,XAUUSD.s,anaconda,24480388,H4,HOLD,HOLD,NONE,0,51.238950045506115,0,,,,,,,,,,,,,,,,0.29,0.29,5045.93,5063.76,5043.38,5049.29,5144.461397381461,5044.835487962979,99.62590941848248,35.22180551838966,5238.46,5055.02,3,,,,,,,,,,,,,,,,,,,,,,,,"price_mixed_ema,no_breakout"
2026-03-13T17:48:18.941652+00:00,USOUSD.s,anaconda,24480388,H4,HOLD,HOLD,NONE,0,4.485476438116265,0,,,,,,,,,,,,,,,,0.079,0.079,96.86,97.945,96.34,97.875,87.02549541253234,73.4410813060046,13.584414106527731,63.129080623379004,97.99,76.779,4,,,,,,,,,,,,,,,,,,,,,,,,no_breakout
2026-03-13T17:53:19.673227+00:00,BTCUSD,anaconda,24480388,H4,HOLD,HOLD,NONE,0,1272.0394390986971,0,,,,,,,,,,,,,,,,16.96,16.96,71869.28,72245.86,70964.86,71016.69,69707.08292980361,70512.3854275814,805.3024977777823,52.85957639401914,72153.95,68782.31,4,,,,,,,,,,,,,,,,,,,,,,,,no_breakout
2026-03-13T17:53:19.674551+00:00,USDJPY.s,anaconda,24480388,H4,HOLD,HOLD,NONE,0,0.42029803127594556,0,,,,,,,,,,,,,,,,0.024,0.024,159.603,159.677,159.54,159.582,158.1508533311436,156.65226699175147,1.4985863393921193,68.67486328500212,159.675,157.264,3,,,,,,,,,,,,,,,,,,,,,,,,"no_breakout,rsi_out_of_zone"
2026-03-13T17:53:19.676062+00:00,EURUSD.s,anaconda,24480388,H4,HOLD,HOLD,NONE,0,0.0036831055874935754,0,,,,,,,,,,,,,,,,0.00018,0.00018,1.14412,1.14453,1.14331,1.14396,1.1588450491495748,1.1705334218150647,0.011688372665489943,29.091363792685897,1.16665,1.1432,3,,,,,,,,,,,,,,,,,,,,,,,,"no_breakout,rsi_out_of_zone"
2026-03-13T17:53:19.677280+00:00,XAUUSD.s,anaconda,24480388,H4,HOLD,HOLD,NONE,0,51.238950045506115,0,,,,,,,,,,,,,,,,0.28,0.28,5045.93,5063.76,5043.38,5046.43,5144.461397381461,5044.835487962979,99.62590941848248,34.52292912330317,5238.46,5055.02,3,,,,,,,,,,,,,,,,,,,,,,,,"price_mixed_ema,no_breakout"
2026-03-13T17:53:19.678397+00:00,USOUSD.s,anaconda,24480388,H4,HOLD,HOLD,NONE,0,4.503333580973408,0,,,,,,,,,,,,,,,,0.079,0.079,96.86,98.195,96.34,98.07,87.02549541253234,73.4410813060046,13.584414106527731,63.481745790522595,97.99,76.779,4,,,,,,,,,,,,,,,,,,,,,,,,no_breakout
2026-03-13T17:58:20.114118+00:00,BTCUSD,anaconda,24480388,H4,HOLD,HOLD,NONE,0,1277.032296241554,0,,,,,,,,,,,,,,,,16.97,16.97,71869.28,72245.86,70894.96,70950.06,69707.08292980361,70512.3854275814,805.3024977777823,52.267292717701,72153.95,68782.31,4,,,,,,,,,,,,,,,,,,,,,,,,no_breakout
2026-03-13T17:58:20.115776+00:00,USDJPY.s,anaconda,24480388,H4,HOLD,HOLD,NONE,0,0.42029803127594556,0,,,,,,,,,,,,,,,,0.025,0.025,159.603,159.677,159.54,159.571,158.1508533311436,156.65226699175147,1.4985863393921193,68.25156042619007,159.675,157.264,3,,,,,,,,,,,,,,,,,,,,,,,,"no_breakout,rsi_out_of_zone"
2026-03-13T17:58:20.117185+00:00,EURUSD.s,anaconda,24480388,H4,HOLD,HOLD,NONE,0,0.0036831055874935754,0,,,,,,,,,,,,,,,,0.00019,0.00019,1.14412,1.14453,1.14331,1.1440299999999999,1.1588450491495748,1.1705334218150647,0.011688372665489943,29.186555603265475,1.16665,1.1432,3,,,,,,,,,,,,,,,,,,,,,,,,"no_breakout,rsi_out_of_zone"
2026-03-13T17:58:20.118489+00:00,XAUUSD.s,anaconda,24480388,H4,HOLD,HOLD,NONE,0,51.238950045506115,0,,,,,,,,,,,,,,,,0.28,0.28,5045.93,5063.76,5043.38,5045.45,5144.461397381461,5044.835487962979,99.62590941848248,34.33690501537856,5238.46,5055.02,3,,,,,,,,,,,,,,,,,,,,,,,,"price_mixed_ema,no_breakout"
2026-03-13T17:58:20.119686+00:00,USOUSD.s,anaconda,24480388,H4,HOLD,HOLD,NONE,0,4.504047866687694,0,,,,,,,,,,,,,,,,0.079,0.079,96.86,98.205,96.34,98.155,87.02549541253234,73.4410813060046,13.584414106527731,63.63336910377201,97.99,76.779,4,,,,,,,,,,,,,,,,,,,,,,,,no_breakout
2026-03-13T18:03:20.652170+00:00,BTCUSD,anaconda,24480388,H4,HOLD,HOLD,NONE,0,1277.032296241554,0,,,,,,,,,,,,,,,,17.0,17.0,71869.28,72245.86,70894.96,71082.58,69707.08292980361,70512.3854275814,805.3024977777823,53.458632218247736,72153.95,68782.31,4,,,,,,,,,,,,,,,,,,,,,,,,no_breakout
2026-03-13T18:03:20.653579+00:00,USDJPY.s,anaconda,24480388,H4,HOLD,HOLD,NONE,0,0.42029803127594556,0,,,,,,,,,,,,,,,,0.023,0.023,159.603,159.677,159.54,159.603,158.1508533311436,156.65226699175147,1.4985863393921193,69.49774217593297,159.675,157.264,3,,,,,,,,,,,,,,,,,,,,,,,,"no_breakout,rsi_out_of_zone"
2026-03-13T18:03:20.654995+00:00,EURUSD.s,anaconda,24480388,H4,HOLD,HOLD,NONE,0,0.0036831055874935754,0,,,,,,,,,,,,,,,,0.00019,0.00019,1.14412,1.14453,1.14331,1.1439300000000001,1.1588450491495748,1.1705334218150647,0.011688372665489943,29.05075711933806,1.16665,1.1432,3,,,,,,,,,,,,,,,,,,,,,,,,"no_breakout,rsi_out_of_zone"
2026-03-13T18:03:20.656301+00:00,XAUUSD.s,anaconda,24480388,H4,HOLD,HOLD,NONE,0,51.238950045506115,0,,,,,,,,,,,,,,,,0.32,0.32,5045.93,5063.76,5043.38,5045.62,5144.461397381461,5044.835487962979,99.62590941848248,34.35894072062378,5238.46,5055.02,3,,,,,,,,,,,,,,,,,,,,,,,,"price_mixed_ema,no_breakout"
2026-03-13T18:03:20.657641+00:00,USOUSD.s,anaconda,24480388,H4,HOLD,HOLD,NONE,0,4.504047866687694,0,,,,,,,,,,,,,,,,0.079,0.079,96.86,98.205,96.34,97.975,87.02549541253234,73.4410813060046,13.584414106527731,63.31078124441824,97.99,76.779,4,,,,,,,,,,,,,,,,,,,,,,,,no_breakout
2026-03-13T18:08:21.101800+00:00,BTCUSD,anaconda,24480388,H4,HOLD,HOLD,NONE,0,1277.032296241554,0,,,,,,,,,,,,,,,,17.07,17.07,71869.28,72245.86,70894.96,71036.5,69707.08292980361,70512.3854275814,805.3024977777823,53.03826783547717,72153.95,68782.31,4,,,,,,,,,,,,,,,,,,,,,,,,no_breakout
2026-03-13T18:08:21.103128+00:00,USDJPY.s,anaconda,24480388,H4,HOLD,HOLD,NONE,0,0.42029803127594556,0,,,,,,,,,,,,,,,,0.025,0.025,159.603,159.677,159.54,159.629,158.1508533311436,156.65226699175147,1.4985863393921193,69.96608466714005,159.675,157.264,3,,,,,,,,,,,,,,,,,,,,,,,,"no_breakout,rsi_out_of_zone"
2026-03-13T18:08:21.104576+00:00,EURUSD.s,anaconda,24480388,H4,HOLD,HOLD,NONE,0,0.0036831055874935754,0,,,,,,,,,,,,,,,,0.00018,0.00018,1.14412,1.14453,1.14331,1.14382,1.1588450491495748,1.1705334218150647,0.011688372665489943,28.902830905000897,1.16665,1.1432,3,,,,,,,,,,,,,,,,,,,,,,,,"no_breakout,rsi_out_of_zone"
2026-03-13T18:08:21.105743+00:00,XAUUSD.s,anaconda,24480388,H4,HOLD,HOLD,NONE,0,51.238950045506115,0,,,,,,,,,,,,,,,,0.29,0.29,5045.93,5063.76,5043.38,5047.0,5144.461397381461,5044.835487962979,99.62590941848248,34.66341633014301,5238.46,5055.02,3,,,,,,,,,,,,,,,,,,,,,,,,"price_mixed_ema,no_breakout"
2026-03-13T18:08:21.106954+00:00,USOUSD.s,anaconda,24480388,H4,HOLD,HOLD,NONE,0,4.539047866687693,0,,,,,,,,,,,,,,,,0.079,0.079,96.86,98.695,96.34,98.665,87.02549541253234,73.4410813060046,13.584414106527731,64.51731106257903,97.99,76.779,4,,,,,,,,,,,,,,,,,,,,,,,,no_breakout
2026-03-13T18:13:21.558570+00:00,BTCUSD,anaconda,24480388,H4,HOLD,HOLD,NONE,0,1277.032296241554,0,,,,,,,,,,,,,,,,17.02,17.02,71869.28,72245.86,70894.96,71163.87,69707.08292980361,70512.3854275814,805.3024977777823,54.21667569998702,72153.95,68782.31,4,,,,,,,,,,,,,,,,,,,,,,,,no_breakout
2026-03-13T18:13:21.560196+00:00,USDJPY.s,anaconda,24480388,H4,HOLD,HOLD,NONE,0,0.42029803127594556,0,,,,,,,,,,,,,,,,0.024,0.024,159.603,159.677,159.54,159.605,158.1508533311436,156.65226699175147,1.4985863393921193,69.55480047531269,159.675,157.264,3,,,,,,,,,,,,,,,,,,,,,,,,"no_breakout,rsi_out_of_zone"
2026-03-13T18:13:21.561787+00:00,EURUSD.s,anaconda,24480388,H4,HOLD,HOLD,NONE,0,0.0036831055874935754,0,,,,,,,,,,,,,,,,0.00018,0.00018,1.14412,1.14453,1.14331,1.14372,1.1588450491495748,1.1705334218150647,0.011688372665489943,28.769653779128276,1.16665,1.1432,3,,,,,,,,,,,,,,,,,,,,,,,,"no_breakout,rsi_out_of_zone"
2026-03-13T18:13:21.563413+00:00,XAUUSD.s,anaconda,24480388,H4,HOLD,HOLD,NONE,0,51.367521474077556,0,,,,,,,,,,,,,,,,0.29,0.29,5045.93,5063.76,5041.58,5041.69,5144.461397381461,5044.835487962979,99.62590941848248,33.8566519769402,5238.46,5055.02,3,,,,,,,,,,,,,,,,,,,,,,,,"price_mixed_ema,no_breakout"
2026-03-13T18:13:21.564744+00:00,USOUSD.s,anaconda,24480388,H4,HOLD,HOLD,NONE,0,4.572619295259123,0,,,,,,,,,,,,,,,,0.079,0.079,96.86,99.165,96.34,99.135,87.02549541253234,73.4410813060046,13.584414106527731,65.29471017090412,97.99,76.779,4,,,,,,,,,,,,,,,,,,,,,,,,no_breakout
2026-03-13T18:18:21.980483+00:00,BTCUSD,anaconda,24480388,H4,HOLD,HOLD,NONE,0,1277.032296241554,0,,,,,,,,,,,,,,,,17.07,17.07,71869.28,72245.86,70894.96,71111.05,69707.08292980361,70512.3854275814,805.3024977777823,53.721696141103074,72153.95,68782.31,4,,,,,,,,,,,,,,,,,,,,,,,,no_breakout
2026-03-13T18:18:21.981666+00:00,USDJPY.s,anaconda,24480388,H4,HOLD,HOLD,NONE,0,0.42029803127594556,0,,,,,,,,,,,,,,,,0.024,0.024,159.603,159.677,159.54,159.626,158.1508533311436,156.65226699175147,1.4985863393921193,69.91528286272066,159.675,157.264,3,,,,,,,,,,,,,,,,,,,,,,,,"no_breakout,rsi_out_of_zone"
2026-03-13T18:18:21.982978+00:00,EURUSD.s,anaconda,24480388,H4,HOLD,HOLD,NONE,0,0.0036831055874935754,0,,,,,,,,,,,,,,,,0.00019,0.00019,1.14412,1.14453,1.14331,1.14352,1.1588450491495748,1.1705334218150647,0.011688372665489943,28.50694779114363,1.16665,1.1432,3,,,,,,,,,,,,,,,,,,,,,,,,"no_breakout,rsi_out_of_zone"
2026-03-13T18:18:21.984123+00:00,XAUUSD.s,anaconda,24480388,H4,HOLD,HOLD,NONE,0,51.44109290264897,0,,,,,,,,,,,,,,,,0.29,0.29,5045.93,5063.76,5040.55,5045.05,5144.461397381461,5044.835487962979,99.62590941848248,34.285167623070535,5238.46,5055.02,3,,,,,,,,,,,,,,,,,,,,,,,,"price_mixed_ema,no_breakout"
2026-03-13T18:18:21.985254+00:00,USOUSD.s,anaconda,24480388,H4,HOLD,HOLD,NONE,0,4.579047866687694,0,,,,,,,,,,,,,,,,0.079,0.079,96.86,99.255,96.34,99.075,87.02549541253234,73.4410813060046,13.584414106527731,65.19736980521796,97.99,76.779,4,,,,,,,,,,,,,,,,,,,,,,,,no_breakout
2026-03-13T18:23:22.393602+00:00,BTCUSD,anaconda,24480388,H4,HOLD,HOLD,NONE,0,1281.503010527269,0,,,,,,,,,,,,,,,,17.07,17.07,71869.28,72245.86,70832.37,70868.93,69707.08292980361,70512.3854275814,805.3024977777823,51.563795115144366,72153.95,68782.31,4,,,,,,,,,,,,,,,,,,,,,,,,no_breakout
2026-03-13T18:23:22.394826+00:00,USDJPY.s,anaconda,24480388,H4,HOLD,HOLD,NONE,0,0.42029803127594556,0,,,,,,,,,,,,,,,,0.023,0.023,159.603,159.677,159.54,159.661,158.1508533311436,156.65226699175147,1.4985863393921193,70.4974839747381,159.675,157.264,3,,,,,,,,,,,,,,,,,,,,,,,,"no_breakout,rsi_out_of_zone"
2026-03-13T18:23:22.396121+00:00,EURUSD.s,anaconda,24480388,H4,HOLD,HOLD,NONE,0,0.0036988198732078688,0,,,,,,,,,,,,,,,,0.00019,0.00019,1.14412,1.14453,1.14309,1.14316,1.1588450491495748,1.1705334218150647,0.011688372665489943,28.045971770946835,1.16665,1.1432,3,,,,,,,,,,,,,,,,,,,,,,,,"no_breakout,rsi_out_of_zone"
2026-03-13T18:23:22.397327+00:00,XAUUSD.s,anaconda,24480388,H4,HOLD,HOLD,NONE,0,51.606092902648996,0,,,,,,,,,,,,,,,,0.31,0.31,5045.93,5063.76,5038.24,5038.26,5144.461397381461,5044.835487962979,99.62590941848248,33.4301184589288,5238.46,5055.02,3,,,,,,,,,,,,,,,,,,,,,,,,"price_mixed_ema,no_breakout"
2026-03-13T18:23:22.398600+00:00,USOUSD.s,anaconda,24480388,H4,HOLD,HOLD,NONE,0,4.581190723830551,0,,,,,,,,,,,,,,,,0.079,0.079,96.86,99.285,96.34,99.115,87.02549541253234,73.4410813060046,13.584414106527731,65.26232393963483,97.99,76.779,4,,,,,,,,,,,,,,,,,,,,,,,,no_breakout
2026-03-13T18:28:22.852544+00:00,BTCUSD,anaconda,24480388,H4,HOLD,HOLD,NONE,0,1281.503010527269,0,,,,,,,,,,,,,,,,17.1,17.1,71869.28,72245.86,70832.37,71069.95,69707.08292980361,70512.3854275814,805.3024977777823,53.342753711275364,72153.95,68782.31,4,,,,,,,,,,,,,,,,,,,,,,,,no_breakout
2026-03-13T18:28:22.853798+00:00,USDJPY.s,anaconda,24480388,H4,HOLD,HOLD,NONE,0,0.42029803127594556,0,,,,,,,,,,,,,,,,0.023,0.023,159.603,159.677,159.54,159.655,158.1508533311436,156.65226699175147,1.4985863393921193,70.39928374041291,159.675,157.264,3,,,,,,,,,,,,,,,,,,,,,,,,"no_breakout,rsi_out_of_zone"
2026-03-13T18:28:22.855061+00:00,EURUSD.s,anaconda,24480388,H4,HOLD,HOLD,NONE,0,0.0036988198732078688,0,,,,,,,,,,,,,,,,0.00019,0.00019,1.14412,1.14453,1.14309,1.1434199999999999,1.1588450491495748,1.1705334218150647,0.011688372665489943,28.37738576683934,1.16665,1.1432,3,,,,,,,,,,,,,,,,,,,,,,,,"no_breakout,rsi_out_of_zone"
2026-03-13T18:28:22.856203+00:00,XAUUSD.s,anaconda,24480388,H4,HOLD,HOLD,NONE,0,51.7596643312204,0,,,,,,,,,,,,,,,,0.32,0.32,5045.93,5063.76,5036.09,5038.67,5144.461397381461,5044.835487962979,99.62590941848248,33.48053712005668,5238.46,5055.02,3,,,,,,,,,,,,,,,,,,,,,,,,"price_mixed_ema,no_breakout"
2026-03-13T18:28:22.857523+00:00,USOUSD.s,anaconda,24480388,H4,HOLD,HOLD,NONE,0,4.581190723830551,0,,,,,,,,,,,,,,,,0.079,0.079,96.86,99.285,96.34,98.765,87.02549541253234,73.4410813060046,13.584414106527731,64.68561803766909,97.99,76.779,4,,,,,,,,,,,,,,,,,,,,,,,,no_breakout
2026-03-13T18:36:02.574947+00:00,BTCUSD,anaconda,24480388,H4,HOLD,HOLD,NONE,0,1281.503010527269,0,,,,,,,,,,,,,,,,17.11,17.11,71869.28,72245.86,70832.37,71226.35,69707.08292980361,70512.3854275814,805.3024977777823,54.81408550351015,72153.95,68782.31,4,,,,,,,,,,,,,,,,,,,,,,,,no_breakout
2026-03-13T18:36:02.591036+00:00,USDJPY.s,anaconda,24480388,H4,HOLD,HOLD,NONE,0,0.42029803127594556,0,,,,,,,,,,,,,,,,0.024,0.024,159.603,159.677,159.54,159.616,158.1508533311436,156.65226699175147,1.4985863393921193,69.74469526123085,159.675,157.264,3,,,,,,,,,,,,,,,,,,,,,,,,"no_breakout,rsi_out_of_zone"
2026-03-13T18:36:02.605747+00:00,EURUSD.s,anaconda,24480388,H4,HOLD,HOLD,NONE,0,0.0036988198732078688,0,,,,,,,,,,,,,,,,0.00019,0.00019,1.14412,1.14453,1.14309,1.14386,1.1588450491495748,1.1705334218150647,0.011688372665489943,28.956447629071775,1.16665,1.1432,3,,,,,,,,,,,,,,,,,,,,,,,,"no_breakout,rsi_out_of_zone"
2026-03-13T18:36:02.607775+00:00,XAUUSD.s,anaconda,24480388,H4,HOLD,HOLD,NONE,0,51.7596643312204,0,,,,,,,,,,,,,,,,0.28,0.28,5045.93,5063.76,5036.09,5046.74,5144.461397381461,5044.835487962979,99.62590941848248,34.59940929685335,5238.46,5055.02,3,,,,,,,,,,,,,,,,,,,,,,,,"price_mixed_ema,no_breakout"
2026-03-13T18:36:02.609266+00:00,USOUSD.s,anaconda,24480388,H4,HOLD,HOLD,NONE,0,4.581190723830551,0,,,,,,,,,,,,,,,,0.079,0.079,96.86,99.285,96.34,98.2,87.02549541253234,73.4410813060046,13.584414106527731,63.71313165785586,97.99,76.779,4,,,,,,,,,,,,,,,,,,,,,,,,no_breakout
2026-03-13T18:41:03.056931+00:00,BTCUSD,anaconda,24480388,H4,HOLD,HOLD,NONE,0,1281.503010527269,0,,,,,,,,,,,,,,,,17.04,17.04,71869.28,72245.86,70832.37,71229.55,69707.08292980361,70512.3854275814,805.3024977777823,54.845037292319,72153.95,68782.31,4,,,,,,,,,,,,,,,,,,,,,,,,no_breakout
2026-03-13T18:41:03.058237+00:00,USDJPY.s,anaconda,24480388,H4,HOLD,HOLD,NONE,0,0.42029803127594556,0,,,,,,,,,,,,,,,,0.023,0.023,159.603,159.677,159.54,159.618,158.1508533311436,156.65226699175147,1.4985863393921193,69.77896736987225,159.675,157.264,3,,,,,,,,,,,,,,,,,,,,,,,,"no_breakout,rsi_out_of_zone"
2026-03-13T18:41:03.059479+00:00,EURUSD.s,anaconda,24480388,H4,HOLD,HOLD,NONE,0,0.0036988198732078688,0,,,,,,,,,,,,,,,,0.00019,0.00019,1.14412,1.14453,1.14309,1.14386,1.1588450491495748,1.1705334218150647,0.011688372665489943,28.956447629071775,1.16665,1.1432,3,,,,,,,,,,,,,,,,,,,,,,,,"no_breakout,rsi_out_of_zone"
2026-03-13T18:41:03.060818+00:00,XAUUSD.s,anaconda,24480388,H4,HOLD,HOLD,NONE,0,51.7596643312204,0,,,,,,,,,,,,,,,,0.32,0.32,5045.93,5063.76,5036.09,5043.92,5144.461397381461,5044.835487962979,99.62590941848248,34.13984827957003,5238.46,5055.02,3,,,,,,,,,,,,,,,,,,,,,,,,"price_mixed_ema,no_breakout"
2026-03-13T18:41:03.062061+00:00,USOUSD.s,anaconda,24480388,H4,HOLD,HOLD,NONE,0,4.581190723830551,0,,,,,,,,,,,,,,,,0.079,0.079,96.86,99.285,96.34,97.95,87.02549541253234,73.4410813060046,13.584414106527731,63.26552418830611,97.99,76.779,4,,,,,,,,,,,,,,,,,,,,,,,,no_breakout
2026-03-13T18:46:03.548957+00:00,BTCUSD,anaconda,24480388,H4,HOLD,HOLD,NONE,0,1281.503010527269,0,,,,,,,,,,,,,,,,17.09,17.09,71869.28,72245.86,70832.37,71189.78,69707.08292980361,70512.3854275814,805.3024977777823,54.46282962534818,72153.95,68782.31,4,,,,,,,,,,,,,,,,,,,,,,,,no_breakout
2026-03-13T18:46:03.550578+00:00,USDJPY.s,anaconda,24480388,H4,HOLD,HOLD,NONE,0,0.42029803127594556,0,,,,,,,,,,,,,,,,0.024,0.024,159.603,159.677,159.54,159.606,158.1508533311436,156.65226699175147,1.4985863393921193,69.57216208216677,159.675,157.264,3,,,,,,,,,,,,,,,,,,,,,,,,"no_breakout,rsi_out_of_zone"
2026-03-13T18:46:03.551949+00:00,EURUSD.s,anaconda,24480388,H4,HOLD,HOLD,NONE,0,0.0036988198732078688,0,,,,,,,,,,,,,,,,0.00018,0.00018,1.14412,1.14453,1.14309,1.14389,1.1588450491495748,1.1705334218150647,0.011688372665489943,28.99679089877607,1.16665,1.1432,3,,,,,,,,,,,,,,,,,,,,,,,,"no_breakout,rsi_out_of_zone"
2026-03-13T18:46:03.553455+00:00,XAUUSD.s,anaconda,24480388,H4,HOLD,HOLD,NONE,0,51.7596643312204,0,,,,,,,,,,,,,,,,0.32,0.32,5045.93,5063.76,5036.09,5044.16,5144.461397381461,5044.835487962979,99.62590941848248,34.17060943703845,5238.46,5055.02,3,,,,,,,,,,,,,,,,,,,,,,,,"price_mixed_ema,no_breakout"
2026-03-13T18:46:03.554629+00:00,USOUSD.s,anaconda,24480388,H4,HOLD,HOLD,NONE,0,4.581190723830551,0,,,,,,,,,,,,,,,,0.079,0.079,96.86,99.285,96.34,97.645,87.02549541253234,73.4410813060046,13.584414106527731,62.70426057364248,97.99,76.779,4,,,,,,,,,,,,,,,,,,,,,,,,no_breakout
2026-03-13T18:51:04.024627+00:00,BTCUSD,anaconda,24480388,H4,HOLD,HOLD,NONE,0,1281.503010527269,0,,,,,,,,,,,,,,,,17.1,17.1,71869.28,72245.86,70832.37,71131.09,69707.08292980361,70512.3854275814,805.3024977777823,53.90842452527074,72153.95,68782.31,4,,,,,,,,,,,,,,,,,,,,,,,,no_breakout
2026-03-13T18:51:04.026012+00:00,USDJPY.s,anaconda,24480388,H4,HOLD,HOLD,NONE,0,0.42029803127594556,0,,,,,,,,,,,,,,,,0.024,0.024,159.603,159.677,159.54,159.606,158.1508533311436,156.65226699175147,1.4985863393921193,69.57216208216677,159.675,157.264,3,,,,,,,,,,,,,,,,,,,,,,,,"no_breakout,rsi_out_of_zone"
2026-03-13T18:51:04.027308+00:00,EURUSD.s,anaconda,24480388,H4,HOLD,HOLD,NONE,0,0.0036988198732078688,0,,,,,,,,,,,,,,,,0.00019,0.00019,1.14412,1.14453,1.14309,1.14388,1.1588450491495748,1.1705334218150647,0.011688372665489943,28.98333065737461,1.16665,1.1432,3,,,,,,,,,,,,,,,,,,,,,,,,"no_breakout,rsi_out_of_zone"
2026-03-13T18:51:04.028473+00:00,XAUUSD.s,anaconda,24480388,H4,HOLD,HOLD,NONE,0,51.7596643312204,0,,,,,,,,,,,,,,,,0.31,0.31,5045.93,5063.76,5036.09,5042.44,5144.461397381461,5044.835487962979,99.62590941848248,33.951371546524186,5238.46,5055.02,3,,,,,,,,,,,,,,,,,,,,,,,,"price_mixed_ema,no_breakout"
2026-03-13T18:51:04.029688+00:00,USOUSD.s,anaconda,24480388,H4,HOLD,HOLD,NONE,0,4.581190723830551,0,,,,,,,,,,,,,,,,0.099,0.099,96.86,99.285,96.34,97.175,87.02549541253234,73.4410813060046,13.584414106527731,61.804974506735086,97.99,76.779,4,,,,,,,,,,,,,,,,,,,,,,,,no_breakout
2026-03-13T18:56:04.471287+00:00,BTCUSD,anaconda,24480388,H4,HOLD,HOLD,NONE,0,1281.503010527269,0,,,,,,,,,,,,,,,,17.04,17.04,71869.28,72245.86,70832.37,71078.04,69707.08292980361,70512.3854275814,805.3024977777823,53.4169204300703,72153.95,68782.31,4,,,,,,,,,,,,,,,,,,,,,,,,no_breakout
2026-03-13T18:56:04.472834+00:00,USDJPY.s,anaconda,24480388,H4,HOLD,HOLD,NONE,0,0.42029803127594556,0,,,,,,,,,,,,,,,,0.023,0.023,159.603,159.677,159.54,159.641,158.1508533311436,156.65226699175147,1.4985863393921193,70.16758769188546,159.675,157.264,3,,,,,,,,,,,,,,,,,,,,,,,,"no_breakout,rsi_out_of_zone"
2026-03-13T18:56:04.474202+00:00,EURUSD.s,anaconda,24480388,H4,HOLD,HOLD,NONE,0,0.0036988198732078688,0,,,,,,,,,,,,,,,,0.00018,0.00018,1.14412,1.14453,1.14309,1.1435,1.1588450491495748,1.1705334218150647,0.011688372665489943,28.48094082645774,1.16665,1.1432,3,,,,,,,,,,,,,,,,,,,,,,,,"no_breakout,rsi_out_of_zone"
2026-03-13T18:56:04.475541+00:00,XAUUSD.s,anaconda,24480388,H4,HOLD,HOLD,NONE,0,51.7596643312204,0,,,,,,,,,,,,,,,,0.28,0.28,5045.93,5063.76,5036.09,5044.83,5144.461397381461,5044.835487962979,99.62590941848248,34.25677845951405,5238.46,5055.02,3,,,,,,,,,,,,,,,,,,,,,,,,"price_mixed_ema,no_breakout"
2026-03-13T18:56:04.477021+00:00,USOUSD.s,anaconda,24480388,H4,HOLD,HOLD,NONE,0,4.581190723830551,0,,,,,,,,,,,,,,,,0.079,0.079,96.86,99.285,96.34,97.35,87.02549541253234,73.4410813060046,13.584414106527731,62.14483755455178,97.99,76.779,4,,,,,,,,,,,,,,,,,,,,,,,,no_breakout
2026-03-13T19:01:04.925011+00:00,BTCUSD,anaconda,24480388,H4,HOLD,HOLD,NONE,0,1281.503010527269,0,,,,,,,,,,,,,,,,16.95,16.95,71869.28,72245.86,70832.37,71024.43,69707.08292980361,70512.3854275814,805.3024977777823,52.92924973609939,72153.95,68782.31,4,,,,,,,,,,,,,,,,,,,,,,,,no_breakout
2026-03-13T19:06:05.369354+00:00,BTCUSD,anaconda,24480388,H4,HOLD,HOLD,NONE,0,1281.503010527269,0,,,,,,,,,,,,,,,,17.05,17.05,71869.28,72245.86,70832.37,71000.06,69707.08292980361,70512.3854275814,805.3024977777823,52.71049642283154,72153.95,68782.31,4,,,,,,,,,,,,,,,,,,,,,,,,no_breakout
2026-03-13T19:11:05.815094+00:00,BTCUSD,anaconda,24480388,H4,HOLD,HOLD,NONE,0,1281.503010527269,0,,,,,,,,,,,,,,,,17.06,17.06,71869.28,72245.86,70832.37,71224.6,69707.08292980361,70512.3854275814,805.3024977777823,54.79717351614638,72153.95,68782.31,4,,,,,,,,,,,,,,,,,,,,,,,,no_breakout
