timestamp,symbol,bot,signal,trigger,confidence,entry_price,sl_price,tp_price,rsi,atr_pts,adx,h1_trend,volume_ratio,ml_action,ml_confidence,reason
2026-03-20T02:10:09.279047+00:00,XAUUSD-STD,indian_king_cobra,BUY,EMA_PULLBACK,0.8,4687.26,4677.002263109689,4718.033210670935,63.615371059316324,1026,30.354809454355788,BOTH,0,BUY,0.65081787109375,"Bullish pullback: low 4670.34 near EMA 4668.52, bounce 4684.74, RSI 64"
2026-03-20T02:10:19.306949+00:00,XAUUSD-STD,indian_king_cobra,BUY,EMA_PULLBACK,0.8,4687.57,4677.200834538259,4718.67749638522,63.75452260947456,1037,31.80188457957602,BOTH,0,BUY,0.8295348286628723,"Bullish pullback: low 4670.34 near EMA 4668.52, bounce 4684.74, RSI 64"
2026-03-20T02:10:29.335940+00:00,XAUUSD-STD,indian_king_cobra,BUY,EMA_PULLBACK,0.8,4687.7,4677.330834538259,4718.8074963852205,63.81256023222486,1037,31.80188457957602,BOTH,0,BUY,0.8275901079177856,"Bullish pullback: low 4670.34 near EMA 4668.52, bounce 4684.74, RSI 64"
2026-03-20T02:10:39.361764+00:00,XAUUSD-STD,indian_king_cobra,BUY,EMA_PULLBACK,0.8,4687.81,4677.44083453826,4718.917496385221,63.86152401444062,1037,31.80188457957602,BOTH,0,BUY,0.8275901079177856,"Bullish pullback: low 4670.34 near EMA 4668.52, bounce 4684.74, RSI 64"
2026-03-20T02:10:49.391674+00:00,XAUUSD-STD,indian_king_cobra,BUY,EMA_PULLBACK,0.8,4687.25,4676.8808345382595,4718.357496385221,63.6108645085398,1037,31.80188457957602,BOTH,0,BUY,0.8048062324523926,"Bullish pullback: low 4670.34 near EMA 4668.52, bounce 4684.74, RSI 64"
2026-03-20T02:10:59.418582+00:00,XAUUSD-STD,indian_king_cobra,BUY,EMA_PULLBACK,0.8,4686.57,4676.200834538259,4717.67749638522,63.301777852158615,1037,31.80188457957602,BOTH,0,BUY,0.7869595289230347,"Bullish pullback: low 4670.34 near EMA 4668.52, bounce 4684.74, RSI 63"
2026-03-20T02:11:09.446492+00:00,XAUUSD-STD,indian_king_cobra,BUY,EMA_PULLBACK,0.8,4686.45,4676.080834538259,4717.5574963852205,63.246687272535496,1037,31.80188457957602,BOTH,0,BUY,0.7735888361930847,"Bullish pullback: low 4670.34 near EMA 4668.52, bounce 4684.74, RSI 63"
2026-03-20T02:11:19.472766+00:00,XAUUSD-STD,indian_king_cobra,BUY,EMA_PULLBACK,0.8,4685.84,4675.47083453826,4716.947496385221,62.964066420099186,1037,31.80188457957602,BOTH,0,BUY,0.6842781901359558,"Bullish pullback: low 4670.34 near EMA 4668.52, bounce 4684.74, RSI 63"
2026-03-20T02:11:29.498289+00:00,XAUUSD-STD,indian_king_cobra,BUY,EMA_PULLBACK,0.8,4685.43,4675.06083453826,4716.537496385221,62.77165294305525,1037,31.80188457957602,BOTH,0,BUY,0.6356353163719177,"Bullish pullback: low 4670.34 near EMA 4668.52, bounce 4684.74, RSI 63"
2026-03-20T02:11:39.526058+00:00,XAUUSD-STD,indian_king_cobra,BUY,EMA_PULLBACK,0.8,4685.82,4675.450834538259,4716.92749638522,62.954726553408214,1037,31.80188457957602,BOTH,0,BUY,0.6842781901359558,"Bullish pullback: low 4670.34 near EMA 4668.52, bounce 4684.74, RSI 63"
2026-03-20T02:11:49.558240+00:00,XAUUSD-STD,indian_king_cobra,BUY,EMA_PULLBACK,0.8,4686.31,4675.94083453826,4717.417496385221,63.182205513657024,1037,31.80188457957602,BOTH,0,BUY,0.7888772487640381,"Bullish pullback: low 4670.34 near EMA 4668.52, bounce 4684.74, RSI 63"
2026-03-20T02:11:59.585215+00:00,XAUUSD-STD,indian_king_cobra,BUY,EMA_PULLBACK,0.8,4686.17,4675.80083453826,4717.277496385221,63.11749709739394,1037,31.80188457957602,BOTH,0,BUY,0.7157294154167175,"Bullish pullback: low 4670.34 near EMA 4668.52, bounce 4684.74, RSI 63"
2026-03-20T02:12:09.612446+00:00,XAUUSD-STD,indian_king_cobra,BUY,EMA_PULLBACK,0.8,4687.02,4676.65083453826,4718.127496385221,63.506904847692496,1037,31.80188457957602,BOTH,0,BUY,0.7918611764907837,"Bullish pullback: low 4670.34 near EMA 4668.52, bounce 4684.74, RSI 64"
2026-03-20T02:12:19.641746+00:00,XAUUSD-STD,indian_king_cobra,BUY,EMA_PULLBACK,0.8,4686.15,4675.780834538259,4717.25749638522,63.10823446558299,1037,31.80188457957602,BOTH,0,BUY,0.7157294154167175,"Bullish pullback: low 4670.34 near EMA 4668.52, bounce 4684.74, RSI 63"
2026-03-20T02:12:29.669396+00:00,XAUUSD-STD,indian_king_cobra,BUY,EMA_PULLBACK,0.8,4686.72,4676.35083453826,4717.827496385221,63.37040926369943,1037,31.80188457957602,BOTH,0,BUY,0.8303549885749817,"Bullish pullback: low 4670.34 near EMA 4668.52, bounce 4684.74, RSI 63"
2026-03-20T02:12:39.698748+00:00,XAUUSD-STD,indian_king_cobra,BUY,EMA_PULLBACK,0.8,4686.1,4675.73083453826,4717.207496385221,63.08505751895502,1037,31.80188457957602,BOTH,0,BUY,0.7157294154167175,"Bullish pullback: low 4670.34 near EMA 4668.52, bounce 4684.74, RSI 63"
2026-03-20T02:12:49.729229+00:00,XAUUSD-STD,indian_king_cobra,BUY,EMA_PULLBACK,0.8,4686.85,4676.48083453826,4717.957496385221,63.42968251222235,1037,31.80188457957602,BOTH,0,BUY,0.8248594999313354,"Bullish pullback: low 4670.34 near EMA 4668.52, bounce 4684.74, RSI 63"
2026-03-20T02:12:59.756406+00:00,XAUUSD-STD,indian_king_cobra,BUY,EMA_PULLBACK,0.8,4686.95,4676.580834538259,4718.0574963852205,63.47514694619477,1037,31.80188457957602,BOTH,0,BUY,0.808908224105835,"Bullish pullback: low 4670.34 near EMA 4668.52, bounce 4684.74, RSI 63"
2026-03-20T02:13:09.784492+00:00,XAUUSD-STD,indian_king_cobra,BUY,EMA_PULLBACK,0.8,4686.56,4676.19083453826,4717.667496385221,63.2971932792638,1037,31.80188457957602,BOTH,0,BUY,0.7869595289230347,"Bullish pullback: low 4670.34 near EMA 4668.52, bounce 4684.74, RSI 63"
2026-03-20T02:13:19.812668+00:00,XAUUSD-STD,indian_king_cobra,BUY,EMA_PULLBACK,0.8,4687.32,4676.950834538259,4718.42749638522,63.64238694092156,1037,31.80188457957602,BOTH,0,BUY,0.8396984934806824,"Bullish pullback: low 4670.34 near EMA 4668.52, bounce 4684.74, RSI 64"
2026-03-20T02:13:29.844644+00:00,XAUUSD-STD,indian_king_cobra,BUY,EMA_PULLBACK,0.8,4687.36,4676.990834538259,4718.46749638522,63.660375251340525,1037,31.80188457957602,BOTH,0,BUY,0.8396984934806824,"Bullish pullback: low 4670.34 near EMA 4668.52, bounce 4684.74, RSI 64"
2026-03-20T02:13:39.872202+00:00,XAUUSD-STD,indian_king_cobra,BUY,EMA_PULLBACK,0.8,4687.77,4677.40083453826,4718.877496385221,63.84373434106918,1037,31.80188457957602,BOTH,0,BUY,0.8275901079177856,"Bullish pullback: low 4670.34 near EMA 4668.52, bounce 4684.74, RSI 64"
2026-03-20T02:13:49.899310+00:00,XAUUSD-STD,indian_king_cobra,BUY,EMA_PULLBACK,0.8,4687.72,4677.35083453826,4718.827496385221,63.82147260451706,1037,31.80188457957602,BOTH,0,BUY,0.8275901079177856,"Bullish pullback: low 4670.34 near EMA 4668.52, bounce 4684.74, RSI 64"
2026-03-20T02:13:59.926668+00:00,XAUUSD-STD,indian_king_cobra,BUY,EMA_PULLBACK,0.8,4687.87,4677.500834538259,4718.977496385221,63.888175725298254,1037,31.80188457957602,BOTH,0,BUY,0.8275901079177856,"Bullish pullback: low 4670.34 near EMA 4668.52, bounce 4684.74, RSI 64"
2026-03-20T02:14:09.953864+00:00,XAUUSD-STD,indian_king_cobra,BUY,EMA_PULLBACK,0.8,4689.02,4678.619405966831,4720.2217820995065,64.39150874511434,1040,32.19922494228631,BOTH,0,BUY,0.772188663482666,"Bullish pullback: low 4670.34 near EMA 4668.52, bounce 4684.74, RSI 64"
2026-03-20T02:14:19.983348+00:00,XAUUSD-STD,indian_king_cobra,BUY,EMA_PULLBACK,0.8,4688.87,4678.469405966831,4720.071782099506,64.32665377534646,1040,32.19922494228631,BOTH,0,BUY,0.747207760810852,"Bullish pullback: low 4670.34 near EMA 4668.52, bounce 4684.74, RSI 64"
2026-03-20T02:14:30.011972+00:00,XAUUSD-STD,indian_king_cobra,BUY,EMA_PULLBACK,0.8,4688.82,4678.419405966831,4720.021782099506,64.30498292127092,1040,32.19922494228631,BOTH,0,BUY,0.747207760810852,"Bullish pullback: low 4670.34 near EMA 4668.52, bounce 4684.74, RSI 64"
2026-03-20T02:14:40.039679+00:00,XAUUSD-STD,indian_king_cobra,BUY,EMA_PULLBACK,0.8,4686.96,4676.559405966831,4718.161782099506,63.47968717298327,1040,32.19922494228631,BOTH,0,BUY,0.8314905762672424,"Bullish pullback: low 4670.34 near EMA 4668.52, bounce 4684.74, RSI 63"
2026-03-20T02:14:50.064634+00:00,XAUUSD-STD,indian_king_cobra,BUY,EMA_PULLBACK,0.8,4686.93,4676.529405966831,4718.131782099506,63.466063105113896,1040,32.19922494228631,BOTH,0,BUY,0.8344524502754211,"Bullish pullback: low 4670.34 near EMA 4668.52, bounce 4684.74, RSI 63"
2026-03-20T02:25:40.500919+00:00,BTCUSD,indian_king_cobra,SELL,EMA_PULLBACK,0.8,70180.87,70285.58938654566,69866.71184036302,40.6960220011488,10472,18.850800200389525,BOTH,0,HOLD,0.9324737787246704,"Bearish pullback: high 70311.13 near EMA 70335.63, reject 70232.04, RSI 41"
2026-03-20T02:25:50.585336+00:00,BTCUSD,indian_king_cobra,SELL,EMA_PULLBACK,0.8,70197.56,70302.27938654566,69883.40184036302,41.66976745360827,10472,18.850800200389525,BOTH,0,HOLD,0.9324737787246704,"Bearish pullback: high 70311.13 near EMA 70335.63, reject 70232.04, RSI 42"
2026-03-20T02:26:00.664944+00:00,BTCUSD,indian_king_cobra,SELL,EMA_PULLBACK,0.8,70199.38,70304.09938654567,69885.22184036302,41.778776930671135,10472,18.850800200389525,BOTH,0,HOLD,0.9324737787246704,"Bearish pullback: high 70311.13 near EMA 70335.63, reject 70232.04, RSI 42"
2026-03-20T02:26:10.755576+00:00,BTCUSD,indian_king_cobra,SELL,EMA_PULLBACK,0.8,70198.15,70302.86938654566,69883.99184036301,41.70504332370883,10472,18.850800200389525,BOTH,0,HOLD,0.9324737787246704,"Bearish pullback: high 70311.13 near EMA 70335.63, reject 70232.04, RSI 42"
2026-03-20T02:26:20.837332+00:00,BTCUSD,indian_king_cobra,SELL,EMA_PULLBACK,0.8,70203.65,70308.36938654566,69889.49184036301,42.0367825319219,10472,18.850800200389525,BOTH,0,HOLD,0.9324737787246704,"Bearish pullback: high 70311.13 near EMA 70335.63, reject 70232.04, RSI 42"
2026-03-20T02:26:30.922965+00:00,BTCUSD,indian_king_cobra,SELL,EMA_PULLBACK,0.8,70193.97,70298.68938654567,69879.81184036302,41.45640244059627,10472,18.850800200389525,BOTH,0,HOLD,0.9324737787246704,"Bearish pullback: high 70311.13 near EMA 70335.63, reject 70232.04, RSI 41"
2026-03-20T02:26:41.007272+00:00,BTCUSD,indian_king_cobra,SELL,EMA_PULLBACK,0.8,70196.57,70301.28938654567,69882.41184036303,41.610709626614266,10472,18.850800200389525,BOTH,0,HOLD,0.9324737787246704,"Bearish pullback: high 70311.13 near EMA 70335.63, reject 70232.04, RSI 42"
2026-03-20T02:26:51.086545+00:00,BTCUSD,indian_king_cobra,SELL,EMA_PULLBACK,0.8,70199.61,70304.32938654567,69885.45184036302,41.79259345957271,10472,18.850800200389525,BOTH,0,HOLD,0.9324737787246704,"Bearish pullback: high 70311.13 near EMA 70335.63, reject 70232.04, RSI 42"
2026-03-20T02:27:01.169677+00:00,BTCUSD,indian_king_cobra,SELL,EMA_PULLBACK,0.8,70185.91,70290.62938654567,69871.75184036302,40.98524049037404,10472,18.850800200389525,BOTH,0,HOLD,0.9324737787246704,"Bearish pullback: high 70311.13 near EMA 70335.63, reject 70232.04, RSI 41"
2026-03-20T02:27:11.250197+00:00,BTCUSD,indian_king_cobra,SELL,EMA_PULLBACK,0.8,70172.98,70278.04010083136,69857.79969750588,40.25136448333173,10506,19.397749485880865,BOTH,0,HOLD,0.9324737787246704,"Bearish pullback: high 70311.13 near EMA 70335.63, reject 70232.04, RSI 40"
2026-03-20T02:27:21.331045+00:00,BTCUSD,indian_king_cobra,SELL,EMA_PULLBACK,0.8,70172.8,70277.87938654567,69857.56184036302,40.24133354533338,10508,19.428488484385387,BOTH,0,HOLD,0.9324737787246704,"Bearish pullback: high 70311.13 near EMA 70335.63, reject 70232.04, RSI 40"
2026-03-20T02:27:31.417394+00:00,BTCUSD,indian_king_cobra,SELL,EMA_PULLBACK,0.8,70171.84,70277.05224368851,69856.20326893445,40.18791953441143,10521,19.63961061415319,BOTH,0,HOLD,0.9324737787246704,"Bearish pullback: high 70311.13 near EMA 70335.63, reject 70232.04, RSI 40"
2026-03-20T02:27:41.494914+00:00,BTCUSD,indian_king_cobra,SELL,EMA_PULLBACK,0.8,70174.02,70279.39081511709,69857.90755464874,40.309419072395386,10537,19.890151258052054,BOTH,0,HOLD,0.9324737787246704,"Bearish pullback: high 70311.13 near EMA 70335.63, reject 70232.04, RSI 40"
2026-03-20T02:27:51.575119+00:00,BTCUSD,indian_king_cobra,SELL,EMA_PULLBACK,0.8,70179.64,70285.01081511709,69863.52755464874,40.626057487560274,10537,19.890151258052054,BOTH,0,HOLD,0.9324737787246704,"Bearish pullback: high 70311.13 near EMA 70335.63, reject 70232.04, RSI 41"
2026-03-20T02:28:01.658479+00:00,BTCUSD,indian_king_cobra,SELL,EMA_PULLBACK,0.8,70180.71,70286.0808151171,69864.59755464875,40.68690729459903,10537,19.890151258052054,BOTH,0,HOLD,0.9324737787246704,"Bearish pullback: high 70311.13 near EMA 70335.63, reject 70232.04, RSI 41"
2026-03-20T02:28:11.744961+00:00,BTCUSD,indian_king_cobra,SELL,EMA_PULLBACK,0.8,70210.03,70315.40081511709,69893.91755464874,42.42827334436897,10537,19.890151258052054,BOTH,0,HOLD,0.9324737787246704,"Bearish pullback: high 70311.13 near EMA 70335.63, reject 70232.04, RSI 42"
2026-03-20T02:28:21.861601+00:00,BTCUSD,indian_king_cobra,SELL,EMA_PULLBACK,0.8,70214.05,70319.42081511709,69897.93755464874,42.67871630488143,10537,19.890151258052054,BOTH,0,HOLD,0.9324737787246704,"Bearish pullback: high 70311.13 near EMA 70335.63, reject 70232.04, RSI 43"
2026-03-20T02:28:31.940881+00:00,BTCUSD,indian_king_cobra,SELL,EMA_PULLBACK,0.8,70213.41,70318.78081511709,69897.29755464874,42.63864709230037,10537,19.890151258052054,BOTH,0,HOLD,0.9324737787246704,"Bearish pullback: high 70311.13 near EMA 70335.63, reject 70232.04, RSI 43"
2026-03-20T02:28:42.018329+00:00,BTCUSD,indian_king_cobra,SELL,EMA_PULLBACK,0.8,70219.94,70325.31081511709,69903.82755464874,43.05104491527981,10537,19.890151258052054,BOTH,0,HOLD,0.9324737787246704,"Bearish pullback: high 70311.13 near EMA 70335.63, reject 70232.04, RSI 43"
2026-03-20T02:28:52.102313+00:00,BTCUSD,indian_king_cobra,SELL,EMA_PULLBACK,0.8,70222.53,70327.90081511709,69906.41755464874,43.21683267584951,10537,19.890151258052054,BOTH,0,HOLD,0.9324737787246704,"Bearish pullback: high 70311.13 near EMA 70335.63, reject 70232.04, RSI 43"
2026-03-20T02:29:02.184217+00:00,BTCUSD,indian_king_cobra,SELL,EMA_PULLBACK,0.8,70217.79,70323.16081511708,69901.67755464873,42.914385008674216,10537,19.890151258052054,BOTH,0,HOLD,0.9324737787246704,"Bearish pullback: high 70311.13 near EMA 70335.63, reject 70232.04, RSI 43"
2026-03-20T02:29:12.266329+00:00,BTCUSD,indian_king_cobra,SELL,EMA_PULLBACK,0.8,70218.23,70323.60081511708,69902.11755464874,42.942281960884216,10537,19.890151258052054,BOTH,0,HOLD,0.9324737787246704,"Bearish pullback: high 70311.13 near EMA 70335.63, reject 70232.04, RSI 43"
2026-03-20T02:29:22.349620+00:00,BTCUSD,indian_king_cobra,SELL,EMA_PULLBACK,0.8,70223.66,70329.03081511709,69907.54755464874,43.289565537466046,10537,19.890151258052054,BOTH,0,HOLD,0.9324737787246704,"Bearish pullback: high 70311.13 near EMA 70335.63, reject 70232.04, RSI 43"
2026-03-20T02:29:32.433275+00:00,BTCUSD,indian_king_cobra,SELL,EMA_PULLBACK,0.8,70222.45,70327.82081511708,69906.33755464874,43.21169270956496,10537,19.890151258052054,BOTH,0,HOLD,0.9324737787246704,"Bearish pullback: high 70311.13 near EMA 70335.63, reject 70232.04, RSI 43"
2026-03-20T02:29:42.514142+00:00,BTCUSD,indian_king_cobra,SELL,EMA_PULLBACK,0.8,70222.5,70327.87081511709,69906.38755464874,43.214905045204475,10537,19.890151258052054,BOTH,0,HOLD,0.9324737787246704,"Bearish pullback: high 70311.13 near EMA 70335.63, reject 70232.04, RSI 43"
2026-03-20T02:29:52.595120+00:00,BTCUSD,indian_king_cobra,SELL,EMA_PULLBACK,0.8,70231.12,70336.49081511708,69915.00755464874,43.775943217190914,10537,19.890151258052054,BOTH,0,HOLD,0.9324737787246704,"Bearish pullback: high 70311.13 near EMA 70335.63, reject 70232.04, RSI 44"
2026-03-20T02:35:02.846941+00:00,BTCUSD,indian_king_cobra,SELL,EMA_PULLBACK,0.8,70086.83,70191.34615792346,69773.28152622965,35.821157723107575,10452,29.698990849342902,BOTH,0,HOLD,0.9324737787246704,"Bearish pullback: high 70271.04 near EMA 70302.73, reject 70081.06, RSI 36"
2026-03-20T02:35:02.873860+00:00,XAUUSD-STD,indian_king_cobra,BUY,EMA_PULLBACK,0.8,4691.18,4682.171345250932,4718.205964247204,64.34286609936572,901,31.753124439106717,BOTH,0,BUY,0.4511956572532654,"Bullish pullback: low 4679.47 near EMA 4675.64, bounce 4689.96, RSI 64"
2026-03-20T02:35:12.957932+00:00,BTCUSD,indian_king_cobra,SELL,EMA_PULLBACK,0.8,70087.78,70192.34830078059,69774.07509765822,35.90534327967423,10457,29.698990849342863,BOTH,0,HOLD,0.9324737787246704,"Bearish pullback: high 70271.04 near EMA 70302.73, reject 70081.06, RSI 36"
2026-03-20T02:35:12.986307+00:00,XAUUSD-STD,indian_king_cobra,BUY,EMA_PULLBACK,0.8,4690.48,4681.457059536646,4717.54882139006,63.96816439230837,902,31.977809000692474,BOTH,0,SELL,0.4328936040401459,"Bullish pullback: low 4679.47 near EMA 4675.64, bounce 4689.96, RSI 64"
2026-03-20T02:35:23.070131+00:00,BTCUSD,indian_king_cobra,SELL,EMA_PULLBACK,0.8,70087.1,70191.70472935203,69773.28581194395,35.845106630681926,10460,29.69899084934285,BOTH,0,HOLD,0.9324737787246704,"Bearish pullback: high 70271.04 near EMA 70302.73, reject 70081.06, RSI 36"
2026-03-20T02:35:23.097707+00:00,XAUUSD-STD,indian_king_cobra,BUY,EMA_PULLBACK,0.8,4690.22,4681.161345250933,4717.395964247204,63.82697587884851,906,31.977809000692197,BOTH,0,SELL,0.44636017084121704,"Bullish pullback: low 4679.47 near EMA 4675.64, bounce 4689.96, RSI 64"
2026-03-20T02:35:33.180062+00:00,BTCUSD,indian_king_cobra,SELL,EMA_PULLBACK,0.8,70096.8,70202.80972935203,69778.77081194395,36.69379466967045,10601,29.698990849342007,BOTH,0,HOLD,0.9324737787246704,"Bearish pullback: high 70271.04 near EMA 70302.73, reject 70081.06, RSI 37"
2026-03-20T02:35:33.205921+00:00,XAUUSD-STD,indian_king_cobra,BUY,EMA_PULLBACK,0.8,4690.38,4681.321345250933,4717.5559642472035,63.91399174691729,906,31.977809000692197,BOTH,0,BUY,0.438834011554718,"Bullish pullback: low 4679.47 near EMA 4675.64, bounce 4689.96, RSI 64"
2026-03-20T02:35:43.286393+00:00,BTCUSD,indian_king_cobra,SELL,EMA_PULLBACK,0.8,70101.84,70207.84972935202,69783.81081194394,37.12595855682576,10601,29.698990849342007,BOTH,0,HOLD,0.9324737787246704,"Bearish pullback: high 70271.04 near EMA 70302.73, reject 70081.06, RSI 37"
2026-03-20T02:35:43.313350+00:00,XAUUSD-STD,indian_king_cobra,BUY,EMA_PULLBACK,0.8,4689.48,4680.419916679503,4716.660249961488,63.22550152014617,906,31.9778090006922,BOTH,0,BUY,0.43299949169158936,"Bullish pullback: low 4679.47 near EMA 4675.64, bounce 4689.96, RSI 63"
2026-03-20T02:35:53.397340+00:00,BTCUSD,indian_king_cobra,SELL,EMA_PULLBACK,0.8,70081.41,70187.41972935203,69763.38081194395,35.336594987415126,10601,29.698990849342007,BOTH,0,HOLD,0.9324737787246704,"Bearish pullback: high 70271.04 near EMA 70302.73, reject 70081.06, RSI 35"
2026-03-20T02:35:53.423187+00:00,XAUUSD-STD,indian_king_cobra,BUY,EMA_PULLBACK,0.8,4687.53,4678.3277738223605,4715.136678532917,61.42625482667535,920,31.977809000691153,BOTH,0,BUY,0.6732737421989441,"Bullish pullback: low 4679.47 near EMA 4675.64, bounce 4689.96, RSI 61"
2026-03-20T02:36:03.506310+00:00,BTCUSD,indian_king_cobra,SELL,EMA_PULLBACK,0.8,70094.46,70200.46972935203,69776.43081194395,36.49112121856437,10601,29.698990849342007,BOTH,0,HOLD,0.9324737787246704,"Bearish pullback: high 70271.04 near EMA 70302.73, reject 70081.06, RSI 36"
2026-03-20T02:36:03.535617+00:00,XAUUSD-STD,indian_king_cobra,BUY,EMA_PULLBACK,0.8,4687.48,4678.255630965217,4715.1531071043455,61.38146585629383,922,31.97780900069098,BOTH,0,BUY,0.6309186816215515,"Bullish pullback: low 4679.47 near EMA 4675.64, bounce 4689.96, RSI 61"
2026-03-20T02:36:13.614324+00:00,BTCUSD,indian_king_cobra,SELL,EMA_PULLBACK,0.8,70114.65,70221.11615792345,69795.25152622965,38.198271155755045,10647,29.698990849341744,BOTH,0,HOLD,0.9324737787246704,"Bearish pullback: high 70271.04 near EMA 70302.73, reject 70081.06, RSI 38"
2026-03-20T02:36:13.641652+00:00,XAUUSD-STD,indian_king_cobra,BUY,EMA_PULLBACK,0.8,4686.62,4677.347059536646,4714.43882139006,60.62119216624208,927,31.97780900069063,BOTH,0,BUY,0.6186668276786804,"Bullish pullback: low 4679.47 near EMA 4675.64, bounce 4689.96, RSI 61"
2026-03-20T02:36:23.722394+00:00,BTCUSD,indian_king_cobra,SELL,EMA_PULLBACK,0.8,70139.8,70248.37687220916,69814.06938337252,40.20060140190909,10858,29.698990849340483,BOTH,0,HOLD,0.9324737787246704,"Bearish pullback: high 70271.04 near EMA 70302.73, reject 70081.06, RSI 40"
2026-03-20T02:36:23.749838+00:00,XAUUSD-STD,indian_king_cobra,BUY,EMA_PULLBACK,0.8,4687.63,4678.3563452509325,4715.450964247204,61.51602914434266,927,31.977809000690616,BOTH,0,BUY,0.6156148314476013,"Bullish pullback: low 4679.47 near EMA 4675.64, bounce 4689.96, RSI 62"
2026-03-20T02:36:33.829378+00:00,BTCUSD,indian_king_cobra,SELL,EMA_PULLBACK,0.8,70129.8,70238.37687220916,69804.06938337252,39.420187460440296,10858,29.698990849340483,BOTH,0,HOLD,0.9324737787246704,"Bearish pullback: high 70271.04 near EMA 70302.73, reject 70081.06, RSI 39"
2026-03-20T02:36:33.856357+00:00,XAUUSD-STD,indian_king_cobra,BUY,EMA_PULLBACK,0.8,4686.79,4677.516345250932,4714.610964247204,60.76998166523419,927,31.977809000690616,BOTH,0,BUY,0.6418678164482117,"Bullish pullback: low 4679.47 near EMA 4675.64, bounce 4689.96, RSI 61"
2026-03-20T02:36:43.939252+00:00,BTCUSD,indian_king_cobra,SELL,EMA_PULLBACK,0.8,70115.66,70224.23687220916,69789.92938337252,38.28126374242365,10858,29.698990849340483,BOTH,0,HOLD,0.9324737787246704,"Bearish pullback: high 70271.04 near EMA 70302.73, reject 70081.06, RSI 38"
2026-03-20T02:36:43.963521+00:00,XAUUSD-STD,indian_king_cobra,BUY,EMA_PULLBACK,0.8,4685.08,4675.699202393789,4713.222392818632,59.3058092059861,938,31.977809000689827,BOTH,0,BUY,0.5513927340507507,"Bullish pullback: low 4679.47 near EMA 4675.64, bounce 4689.96, RSI 59"
2026-03-20T02:36:54.047840+00:00,BTCUSD,indian_king_cobra,SELL,EMA_PULLBACK,0.8,70125.79,70234.36687220915,69800.05938337251,39.10148952821754,10858,29.698990849340483,BOTH,0,HOLD,0.9324737787246704,"Bearish pullback: high 70271.04 near EMA 70302.73, reject 70081.06, RSI 39"
2026-03-20T02:36:54.075774+00:00,XAUUSD-STD,indian_king_cobra,BUY,EMA_PULLBACK,0.8,4682.86,4673.333488108075,4711.439535675775,57.50701765985094,953,31.977809000688755,BOTH,0,BUY,0.5164250135421753,"Bullish pullback: low 4679.47 near EMA 4675.64, bounce 4689.96, RSI 58"
2026-03-20T02:37:04.162354+00:00,BTCUSD,indian_king_cobra,SELL,EMA_PULLBACK,0.8,70135.28,70243.85687220916,69809.54938337252,39.8503591250166,10858,29.698990849340483,BOTH,0,HOLD,0.9324737787246704,"Bearish pullback: high 70271.04 near EMA 70302.73, reject 70081.06, RSI 40"
2026-03-20T02:37:04.189969+00:00,XAUUSD-STD,indian_king_cobra,BUY,EMA_PULLBACK,0.8,4682.79,4673.159916679503,4711.68024996149,57.452071877379765,963,31.977809000687998,BOTH,0,BUY,0.4709167182445526,"Bullish pullback: low 4679.47 near EMA 4675.64, bounce 4689.96, RSI 57"
2026-03-20T02:37:14.273202+00:00,BTCUSD,indian_king_cobra,SELL,EMA_PULLBACK,0.8,70126.59,70235.16687220916,69800.85938337252,39.16533763689009,10858,29.698990849340483,BOTH,0,HOLD,0.9324737787246704,"Bearish pullback: high 70271.04 near EMA 70302.73, reject 70081.06, RSI 39"
2026-03-20T02:37:14.300250+00:00,XAUUSD-STD,indian_king_cobra,BUY,EMA_PULLBACK,0.8,4682.75,4673.119916679503,4711.64024996149,57.420721403288965,963,31.977809000687998,BOTH,0,BUY,0.4709167182445526,"Bullish pullback: low 4679.47 near EMA 4675.64, bounce 4689.96, RSI 57"
2026-03-20T02:37:24.381276+00:00,BTCUSD,indian_king_cobra,SELL,EMA_PULLBACK,0.8,70119.54,70228.11687220915,69793.80938337251,38.59802449948175,10858,29.698990849340483,BOTH,0,HOLD,0.9324737787246704,"Bearish pullback: high 70271.04 near EMA 70302.73, reject 70081.06, RSI 39"
2026-03-20T02:37:24.406286+00:00,XAUUSD-STD,indian_king_cobra,BUY,EMA_PULLBACK,0.8,4681.31,4671.6627738223615,4710.251678532918,56.31445230065136,965,31.97780900068787,BOTH,0,BUY,0.5370912551879883,"Bullish pullback: low 4679.47 near EMA 4675.64, bounce 4689.96, RSI 56"
2026-03-20T02:37:34.488015+00:00,BTCUSD,indian_king_cobra,SELL,EMA_PULLBACK,0.8,70124.67,70233.24687220916,69798.93938337252,39.01187668838084,10858,29.698990849340483,BOTH,0,HOLD,0.9324737787246704,"Bearish pullback: high 70271.04 near EMA 70302.73, reject 70081.06, RSI 39"
2026-03-20T02:37:34.512460+00:00,XAUUSD-STD,indian_king_cobra,BUY,EMA_PULLBACK,0.8,4681.12,4671.462059536646,4710.093821390061,56.17166140531593,966,31.977809000687788,BOTH,0,BUY,0.5550156831741333,"Bullish pullback: low 4679.47 near EMA 4675.64, bounce 4689.96, RSI 56"
2026-03-20T02:37:44.590182+00:00,BTCUSD,indian_king_cobra,SELL,EMA_PULLBACK,0.8,70150.58,70259.61258649488,69823.48224051537,41.01967516558298,10903,29.698990849340213,BOTH,0,HOLD,0.9324737787246704,"Bearish pullback: high 70271.04 near EMA 70302.73, reject 70081.06, RSI 41"
2026-03-20T02:37:44.614676+00:00,XAUUSD-STD,indian_king_cobra,BUY,EMA_PULLBACK,0.8,4681.51,4671.828488108075,4710.554535675775,56.46554489054792,968,31.977809000687614,BOTH,0,BUY,0.5574750900268555,"Bullish pullback: low 4679.47 near EMA 4675.64, bounce 4689.96, RSI 56"
2026-03-20T02:37:54.699655+00:00,BTCUSD,indian_king_cobra,SELL,EMA_PULLBACK,0.8,70145.73,70254.76258649488,69818.63224051536,40.653961735963016,10903,29.698990849340213,BOTH,0,HOLD,0.9324737787246704,"Bearish pullback: high 70271.04 near EMA 70302.73, reject 70081.06, RSI 41"
2026-03-20T02:37:54.723235+00:00,XAUUSD-STD,indian_king_cobra,BUY,EMA_PULLBACK,0.8,4680.36,4670.654916679503,4709.475249961489,55.607666328517354,971,31.977809000687444,BOTH,0,BUY,0.5202227234840393,"Bullish pullback: low 4679.47 near EMA 4675.64, bounce 4689.96, RSI 56"
2026-03-20T02:38:04.802744+00:00,BTCUSD,indian_king_cobra,SELL,EMA_PULLBACK,0.8,70135.68,70244.71258649488,69808.58224051536,39.88151940158463,10903,29.698990849340213,BOTH,0,HOLD,0.9324737787246704,"Bearish pullback: high 70271.04 near EMA 70302.73, reject 70081.06, RSI 40"
2026-03-20T02:38:04.831625+00:00,XAUUSD-STD,indian_king_cobra,BUY,EMA_PULLBACK,0.8,4679.77,4670.022773822361,4709.011678532918,55.177576585670096,975,31.977809000687134,BOTH,0,BUY,0.4452207088470459,"Bullish pullback: low 4679.47 near EMA 4675.64, bounce 4689.96, RSI 55"
2026-03-20T02:38:14.918533+00:00,BTCUSD,indian_king_cobra,SELL,EMA_PULLBACK,0.8,70130.92,70239.95258649488,69803.82224051536,39.5086052846109,10903,29.698990849340213,BOTH,0,HOLD,0.9324737787246704,"Bearish pullback: high 70271.04 near EMA 70302.73, reject 70081.06, RSI 40"
2026-03-20T02:38:14.951046+00:00,XAUUSD-STD,indian_king_cobra,BUY,EMA_PULLBACK,0.8,4679.52,4669.734916679504,4708.875249961489,54.99733538936234,979,31.977809000686854,BOTH,0,SELL,0.46369847655296326,"Bullish pullback: low 4679.47 near EMA 4675.64, bounce 4689.96, RSI 55"
2026-03-20T02:38:25.035245+00:00,BTCUSD,indian_king_cobra,SELL,EMA_PULLBACK,0.8,70135.97,70245.00258649488,69808.87224051537,39.90409042151986,10903,29.698990849340213,BOTH,0,HOLD,0.9324737787246704,"Bearish pullback: high 70271.04 near EMA 70302.73, reject 70081.06, RSI 40"
2026-03-20T02:38:25.057896+00:00,XAUUSD-STD,indian_king_cobra,BUY,EMA_PULLBACK,0.8,4680.96,4671.174916679503,4710.315249961489,56.05197688925593,979,31.977809000686854,BOTH,0,BUY,0.5242391228675842,"Bullish pullback: low 4679.47 near EMA 4675.64, bounce 4689.96, RSI 56"
2026-03-20T02:38:35.141433+00:00,BTCUSD,indian_king_cobra,SELL,EMA_PULLBACK,0.8,70143.69,70252.72258649489,69816.59224051537,40.498777333845325,10903,29.698990849340213,BOTH,0,HOLD,0.9324737787246704,"Bearish pullback: high 70271.04 near EMA 70302.73, reject 70081.06, RSI 40"
2026-03-20T02:38:35.167929+00:00,XAUUSD-STD,indian_king_cobra,BUY,EMA_PULLBACK,0.8,4680.99,4671.204916679503,4710.345249961489,56.074378871180436,979,31.977809000686854,BOTH,0,BUY,0.5317675471305847,"Bullish pullback: low 4679.47 near EMA 4675.64, bounce 4689.96, RSI 56"
2026-03-20T02:38:45.248830+00:00,BTCUSD,indian_king_cobra,SELL,EMA_PULLBACK,0.8,70143.72,70252.75258649488,69816.62224051537,40.5010653369638,10903,29.698990849340213,BOTH,0,HOLD,0.9324737787246704,"Bearish pullback: high 70271.04 near EMA 70302.73, reject 70081.06, RSI 41"
2026-03-20T02:38:45.276288+00:00,XAUUSD-STD,indian_king_cobra,BUY,EMA_PULLBACK,0.8,4681.89,4672.104916679504,4711.245249961489,56.754865921453316,979,31.977809000686854,BOTH,0,BUY,0.4719870090484619,"Bullish pullback: low 4679.47 near EMA 4675.64, bounce 4689.96, RSI 57"
2026-03-20T02:38:55.358394+00:00,BTCUSD,indian_king_cobra,SELL,EMA_PULLBACK,0.8,70143.38,70252.41258649489,69816.28224051537,40.47512432694571,10903,29.698990849340213,BOTH,0,HOLD,0.9324737787246704,"Bearish pullback: high 70271.04 near EMA 70302.73, reject 70081.06, RSI 40"
2026-03-20T02:38:55.385844+00:00,XAUUSD-STD,indian_king_cobra,BUY,EMA_PULLBACK,0.8,4680.51,4670.724916679504,4709.865249961489,55.71808229313144,979,31.977809000686854,BOTH,0,BUY,0.502174437046051,"Bullish pullback: low 4679.47 near EMA 4675.64, bounce 4689.96, RSI 56"
2026-03-20T02:39:05.465445+00:00,BTCUSD,indian_king_cobra,SELL,EMA_PULLBACK,0.8,70131.73,70240.76258649488,69804.63224051536,39.5723896610988,10903,29.698990849340213,BOTH,0,HOLD,0.9324737787246704,"Bearish pullback: high 70271.04 near EMA 70302.73, reject 70081.06, RSI 40"
2026-03-20T02:39:05.489239+00:00,XAUUSD-STD,indian_king_cobra,BUY,EMA_PULLBACK,0.8,4681.12,4671.334916679503,4710.475249961489,56.17166140531593,979,31.977809000686854,BOTH,0,BUY,0.5339625477790833,"Bullish pullback: low 4679.47 near EMA 4675.64, bounce 4689.96, RSI 56"
2026-03-20T02:39:15.571879+00:00,BTCUSD,indian_king_cobra,SELL,EMA_PULLBACK,0.8,70119.86,70228.89258649488,69792.76224051537,38.62400402127676,10903,29.698990849340213,BOTH,0,HOLD,0.9324737787246704,"Bearish pullback: high 70271.04 near EMA 70302.73, reject 70081.06, RSI 39"
2026-03-20T02:39:15.601200+00:00,XAUUSD-STD,indian_king_cobra,BUY,EMA_PULLBACK,0.8,4681.77,4671.984916679504,4711.125249961489,56.6631815976899,979,31.977809000686854,BOTH,0,BUY,0.48845961689949036,"Bullish pullback: low 4679.47 near EMA 4675.64, bounce 4689.96, RSI 57"
2026-03-20T02:39:25.687985+00:00,BTCUSD,indian_king_cobra,SELL,EMA_PULLBACK,0.8,70107.24,70216.27258649489,69780.14224051537,37.582491210037894,10903,29.698990849340213,BOTH,0,HOLD,0.9324737787246704,"Bearish pullback: high 70271.04 near EMA 70302.73, reject 70081.06, RSI 38"
2026-03-20T02:39:25.718734+00:00,XAUUSD-STD,indian_king_cobra,BUY,EMA_PULLBACK,0.8,4680.53,4670.744916679503,4709.885249961489,55.732837560827654,979,31.977809000686854,BOTH,0,BUY,0.502174437046051,"Bullish pullback: low 4679.47 near EMA 4675.64, bounce 4689.96, RSI 56"
2026-03-20T02:39:35.799476+00:00,BTCUSD,indian_king_cobra,SELL,EMA_PULLBACK,0.8,70103.68,70212.71258649488,69776.58224051536,37.28226606370949,10903,29.698990849340213,BOTH,0,HOLD,0.9324737787246704,"Bearish pullback: high 70271.04 near EMA 70302.73, reject 70081.06, RSI 37"
2026-03-20T02:39:35.828925+00:00,XAUUSD-STD,indian_king_cobra,BUY,EMA_PULLBACK,0.8,4681.07,4671.284916679503,4710.425249961489,56.13420512618547,979,31.977809000686854,BOTH,0,BUY,0.5339625477790833,"Bullish pullback: low 4679.47 near EMA 4675.64, bounce 4689.96, RSI 56"
2026-03-20T02:39:45.910296+00:00,BTCUSD,indian_king_cobra,SELL,EMA_PULLBACK,0.8,70106.03,70215.06258649488,69778.93224051537,37.48077136493962,10903,29.698990849340213,BOTH,0,HOLD,0.9324737787246704,"Bearish pullback: high 70271.04 near EMA 70302.73, reject 70081.06, RSI 37"
2026-03-20T02:39:45.934888+00:00,XAUUSD-STD,indian_king_cobra,BUY,EMA_PULLBACK,0.8,4681.52,4671.734916679504,4710.875249961489,56.473120805551666,979,31.977809000686854,BOTH,0,BUY,0.5590647459030151,"Bullish pullback: low 4679.47 near EMA 4675.64, bounce 4689.96, RSI 56"
2026-03-20T02:39:56.018954+00:00,BTCUSD,indian_king_cobra,SELL,EMA_PULLBACK,0.8,70106.9,70215.93258649488,69779.80224051536,37.55394222635575,10903,29.698990849340213,BOTH,0,HOLD,0.9324737787246704,"Bearish pullback: high 70271.04 near EMA 70302.73, reject 70081.06, RSI 38"
2026-03-20T02:39:56.048878+00:00,XAUUSD-STD,indian_king_cobra,BUY,EMA_PULLBACK,0.8,4683.27,4673.484916679504,4712.625249961489,57.83096537870402,979,31.977809000686854,BOTH,0,BUY,0.5249722599983215,"Bullish pullback: low 4679.47 near EMA 4675.64, bounce 4689.96, RSI 58"
2026-03-20T02:45:06.250213+00:00,XAUUSD-STD,indian_king_cobra,BUY,EMA_PULLBACK,0.8,4684.83,4676.0071992870335,4711.2984021389,58.854223706346836,882,31.977853662206435,BOTH,0,HOLD,0.4351031184196472,"Bullish pullback: low 4681.68 near EMA 4677.30, bounce 4685.22, RSI 59"
2026-03-20T02:45:16.276183+00:00,XAUUSD-STD,indian_king_cobra,BUY,EMA_PULLBACK,0.8,4684.12,4675.179342144176,4710.941973567472,58.19986529913657,894,31.977853662205433,BOTH,0,BUY,0.37390249967575073,"Bullish pullback: low 4681.68 near EMA 4677.30, bounce 4685.22, RSI 58"
2026-03-20T02:45:26.303278+00:00,XAUUSD-STD,indian_king_cobra,BUY,EMA_PULLBACK,0.8,4684.64,4675.682199287034,4711.5134021389,58.677676087388114,896,31.977853662205288,BOTH,0,BUY,0.5828720927238464,"Bullish pullback: low 4681.68 near EMA 4677.30, bounce 4685.22, RSI 59"
2026-03-20T02:45:36.330114+00:00,XAUUSD-STD,indian_king_cobra,BUY,EMA_PULLBACK,0.8,4684.34,4675.3821992870335,4711.2134021389,58.401063056482435,896,31.977853662205288,BOTH,0,BUY,0.5124111175537109,"Bullish pullback: low 4681.68 near EMA 4677.30, bounce 4685.22, RSI 58"
2026-03-20T02:45:46.356367+00:00,XAUUSD-STD,indian_king_cobra,BUY,EMA_PULLBACK,0.8,4684.75,4675.792199287033,4711.6234021389,58.779758543581,896,31.977853662205288,BOTH,0,BUY,0.6060168147087097,"Bullish pullback: low 4681.68 near EMA 4677.30, bounce 4685.22, RSI 59"
2026-03-20T02:45:56.385897+00:00,XAUUSD-STD,indian_king_cobra,BUY,EMA_PULLBACK,0.8,4684.24,4675.282199287033,4711.1134021389,58.3094373521719,896,31.977853662205288,BOTH,0,BUY,0.5141915678977966,"Bullish pullback: low 4681.68 near EMA 4677.30, bounce 4685.22, RSI 58"
2026-03-20T02:46:06.414515+00:00,XAUUSD-STD,indian_king_cobra,BUY,EMA_PULLBACK,0.8,4684.6,4675.642199287034,4711.4734021389,58.64064304915415,896,31.977853662205288,BOTH,0,BUY,0.5851969122886658,"Bullish pullback: low 4681.68 near EMA 4677.30, bounce 4685.22, RSI 59"
2026-03-20T02:46:16.444128+00:00,XAUUSD-STD,indian_king_cobra,BUY,EMA_PULLBACK,0.8,4684.69,4675.732199287033,4711.5634021389,58.72403321390808,896,31.977853662205288,BOTH,0,BUY,0.5783494114875793,"Bullish pullback: low 4681.68 near EMA 4677.30, bounce 4685.22, RSI 59"
2026-03-20T02:46:26.476550+00:00,XAUUSD-STD,indian_king_cobra,BUY,EMA_PULLBACK,0.8,4684.6,4675.6093421441765,4711.571973567472,58.64064304915415,899,31.977853662205003,BOTH,0,BUY,0.6694872379302979,"Bullish pullback: low 4681.68 near EMA 4677.30, bounce 4685.22, RSI 59"
2026-03-20T02:46:36.505559+00:00,XAUUSD-STD,indian_king_cobra,BUY,EMA_PULLBACK,0.8,4684.91,4675.919342144176,4711.8819735674715,58.92887778088354,899,31.977853662205003,BOTH,0,BUY,0.6994140148162842,"Bullish pullback: low 4681.68 near EMA 4677.30, bounce 4685.22, RSI 59"
2026-03-20T02:46:46.532520+00:00,XAUUSD-STD,indian_king_cobra,BUY,EMA_PULLBACK,0.8,4683.99,4674.999342144176,4710.961973567471,58.08162600714384,899,31.977853662205003,BOTH,0,BUY,0.5171288847923279,"Bullish pullback: low 4681.68 near EMA 4677.30, bounce 4685.22, RSI 58"
2026-03-20T02:46:56.557571+00:00,XAUUSD-STD,indian_king_cobra,BUY,EMA_PULLBACK,0.8,4685.13,4676.139342144176,4712.101973567472,59.13515645170048,899,31.977853662205003,BOTH,0,BUY,0.6941076517105103,"Bullish pullback: low 4681.68 near EMA 4677.30, bounce 4685.22, RSI 59"
2026-03-20T02:47:06.583041+00:00,XAUUSD-STD,indian_king_cobra,BUY,EMA_PULLBACK,0.8,4685.72,4676.729342144176,4712.691973567472,59.542287366619206,899,31.977853662205003,BOTH,0,BUY,0.7051289081573486,"Bullish pullback: low 4681.68 near EMA 4677.30, bounce 4685.22, RSI 60"
2026-03-20T02:47:16.611525+00:00,XAUUSD-STD,indian_king_cobra,BUY,EMA_PULLBACK,0.8,4685.86,4676.869342144176,4712.831973567471,59.631627949593216,899,31.977853662205003,BOTH,0,BUY,0.7059453725814819,"Bullish pullback: low 4681.68 near EMA 4677.30, bounce 4685.22, RSI 60"
2026-03-20T02:47:26.641098+00:00,XAUUSD-STD,indian_king_cobra,BUY,EMA_PULLBACK,0.8,4686.03,4677.0357707156045,4713.0126878531855,59.73958390406238,899,31.977853662204975,BOTH,0,BUY,0.7288589477539062,"Bullish pullback: low 4681.68 near EMA 4677.30, bounce 4685.22, RSI 60"
2026-03-20T02:47:36.667598+00:00,XAUUSD-STD,indian_king_cobra,BUY,EMA_PULLBACK,0.8,4687.38,4678.249342144176,4714.771973567472,60.57680852619131,913,33.538502311027564,BOTH,0,BUY,0.6931257247924805,"Bullish pullback: low 4681.68 near EMA 4677.30, bounce 4685.22, RSI 61"
2026-03-20T02:47:46.694650+00:00,XAUUSD-STD,indian_king_cobra,BUY,EMA_PULLBACK,0.8,4687.34,4678.209342144176,4714.731973567472,60.55250275471086,913,33.538502311027564,BOTH,0,BUY,0.7001350522041321,"Bullish pullback: low 4681.68 near EMA 4677.30, bounce 4685.22, RSI 61"
2026-03-20T02:47:56.721276+00:00,XAUUSD-STD,indian_king_cobra,BUY,EMA_PULLBACK,0.8,4688.56,4679.38648500132,4716.0805449960435,61.28059457181031,917,34.2740951991803,BOTH,0,BUY,0.5758350491523743,"Bullish pullback: low 4681.68 near EMA 4677.30, bounce 4685.22, RSI 61"
2026-03-20T02:48:06.750481+00:00,XAUUSD-STD,indian_king_cobra,BUY,EMA_PULLBACK,0.8,4687.55,4678.358627858462,4715.124116424615,60.67977477301524,919,34.57580854463298,BOTH,0,BUY,0.6287216544151306,"Bullish pullback: low 4681.68 near EMA 4677.30, bounce 4685.22, RSI 61"
2026-03-20T02:48:16.778153+00:00,XAUUSD-STD,indian_king_cobra,BUY,EMA_PULLBACK,0.8,4689.69,4680.43505642989,4717.454830710329,61.93140154320995,925,35.6277859014786,BOTH,0,BUY,0.5076359510421753,"Bullish pullback: low 4681.68 near EMA 4677.30, bounce 4685.22, RSI 62"
2026-03-20T02:48:26.808105+00:00,XAUUSD-STD,indian_king_cobra,BUY,EMA_PULLBACK,0.8,4690.82,4681.437199287033,4718.9684021389,62.56069226218436,938,37.644326754656866,BOTH,0,BUY,0.5791251063346863,"Bullish pullback: low 4681.68 near EMA 4677.30, bounce 4685.22, RSI 63"
2026-03-20T02:48:36.835819+00:00,XAUUSD-STD,indian_king_cobra,BUY,EMA_PULLBACK,0.8,4690.81,4681.427199287034,4718.958402138901,62.55521457356076,938,37.644326754656866,BOTH,0,BUY,0.5791251063346863,"Bullish pullback: low 4681.68 near EMA 4677.30, bounce 4685.22, RSI 63"
2026-03-20T02:48:46.865243+00:00,XAUUSD-STD,indian_king_cobra,BUY,EMA_PULLBACK,0.8,4690.99,4681.607199287033,4719.1384021389,62.653568374642354,938,37.644326754656866,BOTH,0,BUY,0.5593759417533875,"Bullish pullback: low 4681.68 near EMA 4677.30, bounce 4685.22, RSI 63"
2026-03-20T02:48:56.890757+00:00,XAUUSD-STD,indian_king_cobra,BUY,EMA_PULLBACK,0.8,4692.01,4682.581485001319,4720.295544996044,63.20129021799846,943,38.335002553424815,BOTH,0,BUY,0.6008022427558899,"Bullish pullback: low 4681.68 near EMA 4677.30, bounce 4685.22, RSI 63"
2026-03-20T02:49:06.920433+00:00,XAUUSD-STD,indian_king_cobra,BUY,EMA_PULLBACK,0.8,4693.51,4683.982913572748,4722.091259281758,63.97819449650617,953,39.77342206599174,BUY,0,BUY,0.7039288878440857,"Bullish pullback: low 4681.68 near EMA 4677.30, bounce 4685.22, RSI 64"
2026-03-20T02:49:16.948459+00:00,XAUUSD-STD,indian_king_cobra,BUY,EMA_PULLBACK,0.8,4696.42,4686.68505642989,4725.624830710329,65.39551804602746,973,42.59697249501837,BUY,0,BUY,0.6283121705055237,"Bullish pullback: low 4681.68 near EMA 4677.30, bounce 4685.22, RSI 65"
2026-03-20T02:49:26.982557+00:00,XAUUSD-STD,indian_king_cobra,BUY,EMA_PULLBACK,0.8,4696.21,4686.397199287033,4725.648402138901,65.29698155717077,981,43.58761135379751,BUY,0,BUY,0.6425455212593079,"Bullish pullback: low 4681.68 near EMA 4677.30, bounce 4685.22, RSI 65"
2026-03-20T02:49:37.011495+00:00,XAUUSD-STD,indian_king_cobra,BUY,EMA_PULLBACK,0.8,4696.8,4686.987199287033,4726.238402138901,65.57240703251765,981,43.58761135379751,BUY,0,BUY,0.6536735892295837,"Bullish pullback: low 4681.68 near EMA 4677.30, bounce 4685.22, RSI 66"
2026-03-20T02:49:47.039365+00:00,XAUUSD-STD,indian_king_cobra,BUY,EMA_PULLBACK,0.8,4696.16,4686.347199287033,4725.5984021389,65.2734377206511,981,43.58761135379751,BUY,0,BUY,0.6425455212593079,"Bullish pullback: low 4681.68 near EMA 4677.30, bounce 4685.22, RSI 65"
2026-03-20T02:49:57.068754+00:00,XAUUSD-STD,indian_king_cobra,BUY,EMA_PULLBACK,0.8,4699.89,4689.878627858462,4729.924116424615,66.94633190649552,1001,45.96591163931388,BUY,0,BUY,0.6757014393806458,"Bullish pullback: low 4681.68 near EMA 4677.30, bounce 4685.22, RSI 67"
2026-03-20T02:50:07.096625+00:00,XAUUSD-STD,indian_king_cobra,BUY,EMA_PULLBACK,0.8,4700.72,4691.308726405287,4728.95382078414,67.33348592521577,941,46.59388669792713,BUY,0,SELL,0.6420900225639343,"Bullish pullback: low 4682.94 near EMA 4679.42, bounce 4699.58, RSI 67"
2026-03-20T02:50:17.126254+00:00,XAUUSD-STD,indian_king_cobra,BUY,EMA_PULLBACK,0.8,4702.4,4692.8201549767155,4731.139535069853,68.07081718540724,958,48.553728486816084,BUY,0,BUY,0.5414116978645325,"Bullish pullback: low 4682.94 near EMA 4679.42, bounce 4699.58, RSI 68"
2026-03-20T02:50:27.157088+00:00,XAUUSD-STD,indian_king_cobra,BUY,EMA_PULLBACK,0.8,4703.43,4693.835154976716,4732.214535069854,68.50663686625965,959,48.72117472693637,BUY,0,BUY,0.5994399189949036,"Bullish pullback: low 4682.94 near EMA 4679.42, bounce 4699.58, RSI 69"
2026-03-20T02:50:37.191214+00:00,XAUUSD-STD,indian_king_cobra,BUY,EMA_PULLBACK,0.8,4701.3,4691.704440691002,4730.086677926996,67.59185924864192,960,48.72912117339849,BUY,0,BUY,0.701494574546814,"Bullish pullback: low 4682.94 near EMA 4679.42, bounce 4699.58, RSI 68"
2026-03-20T02:50:47.221645+00:00,XAUUSD-STD,indian_king_cobra,BUY,EMA_PULLBACK,0.8,4702.49,4692.894440691001,4731.276677926996,68.10937887551368,960,48.72912117339849,BUY,0,BUY,0.5958479642868042,"Bullish pullback: low 4682.94 near EMA 4679.42, bounce 4699.58, RSI 68"
2026-03-20T02:50:57.246570+00:00,XAUUSD-STD,indian_king_cobra,BUY,EMA_PULLBACK,0.8,4703.17,4693.572297833858,4731.963106498425,68.39775058785722,960,48.75294574255453,BUY,0,BUY,0.6187155842781067,"Bullish pullback: low 4682.94 near EMA 4679.42, bounce 4699.58, RSI 68"
2026-03-20T02:51:07.274446+00:00,XAUUSD-STD,indian_king_cobra,BUY,EMA_PULLBACK,0.8,4700.61,4691.012297833858,4729.403106498425,67.28401862607383,960,48.75294574255453,BUY,0,BUY,0.613957405090332,"Bullish pullback: low 4682.94 near EMA 4679.42, bounce 4699.58, RSI 67"
2026-03-20T02:51:17.300668+00:00,XAUUSD-STD,indian_king_cobra,BUY,EMA_PULLBACK,0.8,4700.67,4691.072297833858,4729.463106498425,67.31101934637672,960,48.75294574255453,BUY,0,BUY,0.613957405090332,"Bullish pullback: low 4682.94 near EMA 4679.42, bounce 4699.58, RSI 67"
2026-03-20T02:51:27.326404+00:00,XAUUSD-STD,indian_king_cobra,BUY,EMA_PULLBACK,0.8,4702.1,4692.502297833858,4730.893106498425,67.94160197349305,960,48.75294574255453,BUY,0,BUY,0.5928264856338501,"Bullish pullback: low 4682.94 near EMA 4679.42, bounce 4699.58, RSI 68"
2026-03-20T02:51:37.352766+00:00,XAUUSD-STD,indian_king_cobra,BUY,EMA_PULLBACK,0.8,4701.99,4692.392297833858,4730.783106498425,67.89396062946386,960,48.75294574255453,BUY,0,BUY,0.6105028986930847,"Bullish pullback: low 4682.94 near EMA 4679.42, bounce 4699.58, RSI 68"
2026-03-20T02:51:47.382916+00:00,XAUUSD-STD,indian_king_cobra,BUY,EMA_PULLBACK,0.8,4700.44,4690.842297833858,4729.233106498425,67.20727378942752,960,48.75294574255453,BUY,0,BUY,0.5970977544784546,"Bullish pullback: low 4682.94 near EMA 4679.42, bounce 4699.58, RSI 67"
2026-03-20T02:51:57.410761+00:00,XAUUSD-STD,indian_king_cobra,BUY,EMA_PULLBACK,0.8,4698.8,4689.157297833859,4727.7281064984245,66.09354054857442,964,48.75294574255405,BUY,0,BUY,0.6481750011444092,"Bullish pullback: low 4682.94 near EMA 4679.42, bounce 4699.58, RSI 66"
2026-03-20T02:52:07.439525+00:00,XAUUSD-STD,indian_king_cobra,BUY,EMA_PULLBACK,0.8,4698.83,4689.165154976716,4727.8245350698535,66.12094242258212,966,48.75294574255382,BUY,0,BUY,0.6295645236968994,"Bullish pullback: low 4682.94 near EMA 4679.42, bounce 4699.58, RSI 66"
2026-03-20T02:52:17.468293+00:00,XAUUSD-STD,indian_king_cobra,BUY,EMA_PULLBACK,0.8,4697.23,4687.463012119572,4726.530963641281,64.69053189450045,977,48.75294574255274,BUY,0,BUY,0.663364589214325,"Bullish pullback: low 4682.94 near EMA 4679.42, bounce 4699.58, RSI 65"
2026-03-20T02:52:27.495450+00:00,XAUUSD-STD,indian_king_cobra,BUY,EMA_PULLBACK,0.8,4696.37,4686.55086926243,4725.82739221271,63.9469649608631,982,48.752945742552185,BUY,0,BUY,0.6140610575675964,"Bullish pullback: low 4682.94 near EMA 4679.42, bounce 4699.58, RSI 64"
2026-03-20T02:52:37.520076+00:00,XAUUSD-STD,indian_king_cobra,BUY,EMA_PULLBACK,0.8,4696.83,4687.01086926243,4726.28739221271,64.34254737628865,982,48.752945742552185,BUY,0,BUY,0.5847674608230591,"Bullish pullback: low 4682.94 near EMA 4679.42, bounce 4699.58, RSI 64"
2026-03-20T02:52:47.549089+00:00,XAUUSD-STD,indian_king_cobra,BUY,EMA_PULLBACK,0.8,4695.97,4686.122297833858,4725.513106498425,63.606913060899586,985,48.75294574255187,BUY,0,BUY,0.5687499046325684,"Bullish pullback: low 4682.94 near EMA 4679.42, bounce 4699.58, RSI 64"
2026-03-20T02:52:57.577356+00:00,XAUUSD-STD,indian_king_cobra,BUY,EMA_PULLBACK,0.8,4695.79,4685.927297833859,4725.378106498425,63.45506680487857,986,48.75294574255172,BUY,0,BUY,0.4863242506980896,"Bullish pullback: low 4682.94 near EMA 4679.42, bounce 4699.58, RSI 63"
2026-03-20T02:53:07.607877+00:00,XAUUSD-STD,indian_king_cobra,BUY,EMA_PULLBACK,0.8,4696.14,4686.277297833859,4725.728106498425,63.75099221410274,986,48.75294574255172,BUY,0,BUY,0.5639829039573669,"Bullish pullback: low 4682.94 near EMA 4679.42, bounce 4699.58, RSI 64"
2026-03-20T02:53:17.637948+00:00,XAUUSD-STD,indian_king_cobra,BUY,EMA_PULLBACK,0.8,4696.02,4686.157297833859,4725.6081064984255,63.64922163402967,986,48.75294574255172,BUY,0,BUY,0.5789322853088379,"Bullish pullback: low 4682.94 near EMA 4679.42, bounce 4699.58, RSI 64"
2026-03-20T02:53:27.663910+00:00,XAUUSD-STD,indian_king_cobra,BUY,EMA_PULLBACK,0.8,4695.73,4685.863012119572,4725.330963641281,63.404612367673366,987,48.75294574255167,BUY,0,BUY,0.4805620312690735,"Bullish pullback: low 4682.94 near EMA 4679.42, bounce 4699.58, RSI 63"
2026-03-20T02:53:37.691030+00:00,XAUUSD-STD,indian_king_cobra,BUY,EMA_PULLBACK,0.8,4695.82,4685.932297833858,4725.483106498425,63.480324147434665,989,48.75294574255147,BUY,0,BUY,0.52956223487854,"Bullish pullback: low 4682.94 near EMA 4679.42, bounce 4699.58, RSI 63"
2026-03-20T02:53:47.723676+00:00,XAUUSD-STD,indian_king_cobra,BUY,EMA_PULLBACK,0.8,4695.45,4685.55086926243,4725.147392212711,63.17021528696447,990,48.75294574255134,BUY,0,BUY,0.5224244594573975,"Bullish pullback: low 4682.94 near EMA 4679.42, bounce 4699.58, RSI 63"
2026-03-20T02:53:57.749919+00:00,XAUUSD-STD,indian_king_cobra,BUY,EMA_PULLBACK,0.8,4694.48,4684.529440691001,4724.331677926995,62.371428739617116,995,48.75294574255079,BUY,0,BUY,0.48096370697021484,"Bullish pullback: low 4682.94 near EMA 4679.42, bounce 4699.58, RSI 62"
2026-03-20T02:54:07.778637+00:00,XAUUSD-STD,indian_king_cobra,BUY,EMA_PULLBACK,0.8,4694.51,4684.539440691002,4724.421677926996,62.39583063024061,997,48.752945742550594,BUY,0,BUY,0.4826584756374359,"Bullish pullback: low 4682.94 near EMA 4679.42, bounce 4699.58, RSI 62"
2026-03-20T02:54:17.808264+00:00,XAUUSD-STD,indian_king_cobra,BUY,EMA_PULLBACK,0.8,4696.12,4686.1494406910015,4726.031677926996,63.734007856233305,997,48.752945742550594,BUY,0,BUY,0.590086817741394,"Bullish pullback: low 4682.94 near EMA 4679.42, bounce 4699.58, RSI 64"
2026-03-20T02:54:27.834540+00:00,XAUUSD-STD,indian_king_cobra,BUY,EMA_PULLBACK,0.8,4696.05,4686.079440691002,4725.961677926996,63.67463380485694,997,48.752945742550594,BUY,0,BUY,0.5941227674484253,"Bullish pullback: low 4682.94 near EMA 4679.42, bounce 4699.58, RSI 64"
2026-03-20T02:54:37.863440+00:00,XAUUSD-STD,indian_king_cobra,BUY,EMA_PULLBACK,0.8,4696.94,4686.969440691001,4726.851677926996,64.43786935886239,997,48.752945742550594,BUY,0,BUY,0.5858069062232971,"Bullish pullback: low 4682.94 near EMA 4679.42, bounce 4699.58, RSI 64"
2026-03-20T02:54:47.894847+00:00,XAUUSD-STD,indian_king_cobra,BUY,EMA_PULLBACK,0.8,4697.36,4687.389440691001,4727.271677926996,64.80443872987499,997,48.752945742550594,BUY,0,BUY,0.6436988711357117,"Bullish pullback: low 4682.94 near EMA 4679.42, bounce 4699.58, RSI 65"
2026-03-20T02:54:57.923130+00:00,XAUUSD-STD,indian_king_cobra,BUY,EMA_PULLBACK,0.8,4698.2,4688.229440691001,4728.111677926996,65.55023333928682,997,48.752945742550594,BUY,0,BUY,0.5722712874412537,"Bullish pullback: low 4682.94 near EMA 4679.42, bounce 4699.58, RSI 66"
2026-03-20T03:20:08.862795+00:00,BTCUSD,indian_king_cobra,BUY,EMA_PULLBACK,0.8,70493.26,70388.09404305625,70808.75787083122,59.412563226634724,10517,22.48702959292096,BUY,0,HOLD,0.9324737787246704,"Bullish pullback: low 70396.54 near EMA 70356.57, bounce 70507.19, RSI 59"
2026-03-20T03:20:18.966257+00:00,BTCUSD,indian_king_cobra,BUY,EMA_PULLBACK,0.8,70491.13,70385.82975734197,70807.0307279741,59.258695199199565,10530,22.48702959292089,BUY,0,HOLD,0.9324737787246704,"Bullish pullback: low 70396.54 near EMA 70356.57, bounce 70507.19, RSI 59"
2026-03-20T03:20:29.048996+00:00,BTCUSD,indian_king_cobra,BUY,EMA_PULLBACK,0.8,70486.1,70380.19904305626,70803.80287083123,58.89847956176732,10590,22.487029592920614,BUY,0,HOLD,0.9324737787246704,"Bullish pullback: low 70396.54 near EMA 70356.57, bounce 70507.19, RSI 59"
2026-03-20T03:20:39.141109+00:00,BTCUSD,indian_king_cobra,BUY,EMA_PULLBACK,0.8,70514.16,70407.75904305626,70833.36287083123,60.77790137401027,10640,23.00903212264513,BUY,0,HOLD,0.9324737787246704,"Bullish pullback: low 70396.54 near EMA 70356.57, bounce 70507.19, RSI 61"
2026-03-20T03:20:49.219641+00:00,BTCUSD,indian_king_cobra,BUY,EMA_PULLBACK,0.8,70534.1,70425.37547162769,70860.27358511696,61.7164452879706,10872,26.61367759335624,BUY,0,HOLD,0.9324737787246704,"Bullish pullback: low 70396.54 near EMA 70356.57, bounce 70507.19, RSI 62"
2026-03-20T03:20:59.307998+00:00,BTCUSD,indian_king_cobra,BUY,EMA_PULLBACK,0.8,70520.82,70411.2011859134,70849.6764422598,61.096453574928944,10962,27.912656399450107,BUY,0,HOLD,0.9324737787246704,"Bullish pullback: low 70396.54 near EMA 70356.57, bounce 70507.19, RSI 61"
2026-03-20T03:21:09.400602+00:00,BTCUSD,indian_king_cobra,BUY,EMA_PULLBACK,0.8,70520.71,70411.0911859134,70849.5664422598,61.09123423367254,10962,27.912656399450107,BUY,0,HOLD,0.9324737787246704,"Bullish pullback: low 70396.54 near EMA 70356.57, bounce 70507.19, RSI 61"
2026-03-20T03:21:19.490423+00:00,BTCUSD,indian_king_cobra,BUY,EMA_PULLBACK,0.8,70541.88,70432.2611859134,70870.7364422598,62.070568622837904,10962,27.912656399450107,BUY,0,HOLD,0.9324737787246704,"Bullish pullback: low 70396.54 near EMA 70356.57, bounce 70507.19, RSI 62"
2026-03-20T03:21:29.575272+00:00,BTCUSD,indian_king_cobra,BUY,EMA_PULLBACK,0.8,70525.5,70415.8811859134,70854.3564422598,61.31722306267001,10962,27.912656399450107,BUY,0,HOLD,0.9324737787246704,"Bullish pullback: low 70396.54 near EMA 70356.57, bounce 70507.19, RSI 61"
2026-03-20T03:21:39.658458+00:00,BTCUSD,indian_king_cobra,BUY,EMA_PULLBACK,0.8,70529.0,70419.3811859134,70857.8564422598,61.48069772910425,10962,27.912656399450107,BUY,0,HOLD,0.9324737787246704,"Bullish pullback: low 70396.54 near EMA 70356.57, bounce 70507.19, RSI 61"
2026-03-20T03:21:49.745498+00:00,BTCUSD,indian_king_cobra,BUY,EMA_PULLBACK,0.8,70508.64,70399.0211859134,70837.4964422598,60.509895353597024,10962,27.912656399450107,BUY,0,HOLD,0.9324737787246704,"Bullish pullback: low 70396.54 near EMA 70356.57, bounce 70507.19, RSI 61"
2026-03-20T03:21:59.828790+00:00,BTCUSD,indian_king_cobra,BUY,EMA_PULLBACK,0.8,70493.33,70383.7111859134,70822.1864422598,59.417633484982225,10962,27.912656399450107,BUY,0,HOLD,0.9324737787246704,"Bullish pullback: low 70396.54 near EMA 70356.57, bounce 70507.19, RSI 59"
2026-03-20T03:22:09.907357+00:00,BTCUSD,indian_king_cobra,BUY,EMA_PULLBACK,0.8,70499.05,70389.4311859134,70827.9064422598,59.83489112086591,10962,27.912656399450107,BUY,0,HOLD,0.9324737787246704,"Bullish pullback: low 70396.54 near EMA 70356.57, bounce 70507.19, RSI 60"
2026-03-20T03:22:20.005608+00:00,BTCUSD,indian_king_cobra,BUY,EMA_PULLBACK,0.8,70497.25,70387.6311859134,70826.1064422598,59.70295574720321,10962,27.912656399450107,BUY,0,HOLD,0.9324737787246704,"Bullish pullback: low 70396.54 near EMA 70356.57, bounce 70507.19, RSI 60"
2026-03-20T03:22:30.094080+00:00,BTCUSD,indian_king_cobra,BUY,EMA_PULLBACK,0.8,70483.02,70373.2511859134,70812.32644225981,58.68006389483282,10977,27.91265639945002,BUY,0,HOLD,0.9324737787246704,"Bullish pullback: low 70396.54 near EMA 70356.57, bounce 70507.19, RSI 59"
2026-03-20T03:22:40.184803+00:00,BTCUSD,indian_king_cobra,BUY,EMA_PULLBACK,0.8,70485.47,70375.70118591339,70814.77644225981,58.853671454177466,10977,27.91265639945002,BUY,0,HOLD,0.9324737787246704,"Bullish pullback: low 70396.54 near EMA 70356.57, bounce 70507.19, RSI 59"
2026-03-20T03:22:50.271559+00:00,BTCUSD,indian_king_cobra,BUY,EMA_PULLBACK,0.8,70504.7,70394.93118591339,70834.00644225981,60.25283585117503,10977,27.91265639945002,BUY,0,HOLD,0.9324737787246704,"Bullish pullback: low 70396.54 near EMA 70356.57, bounce 70507.19, RSI 60"
2026-03-20T03:23:00.360319+00:00,BTCUSD,indian_king_cobra,BUY,EMA_PULLBACK,0.8,70533.14,70423.37118591339,70862.44644225981,61.672290000013774,10977,27.91265639945002,BUY,0,HOLD,0.9324737787246704,"Bullish pullback: low 70396.54 near EMA 70356.57, bounce 70507.19, RSI 62"
2026-03-20T03:23:10.451015+00:00,BTCUSD,indian_king_cobra,BUY,EMA_PULLBACK,0.8,70527.45,70417.68118591339,70856.75644225981,61.40847258148252,10977,27.91265639945002,BUY,0,HOLD,0.9324737787246704,"Bullish pullback: low 70396.54 near EMA 70356.57, bounce 70507.19, RSI 61"
2026-03-20T03:23:20.541855+00:00,BTCUSD,indian_king_cobra,BUY,EMA_PULLBACK,0.8,70526.11,70416.34118591339,70855.41644225981,61.34581413007181,10977,27.91265639945002,BUY,0,HOLD,0.9324737787246704,"Bullish pullback: low 70396.54 near EMA 70356.57, bounce 70507.19, RSI 61"
2026-03-20T03:23:30.622124+00:00,BTCUSD,indian_king_cobra,BUY,EMA_PULLBACK,0.8,70526.11,70416.34118591339,70855.41644225981,61.34581413007181,10977,27.91265639945002,BUY,0,HOLD,0.9324737787246704,"Bullish pullback: low 70396.54 near EMA 70356.57, bounce 70507.19, RSI 61"
2026-03-20T03:23:40.706997+00:00,BTCUSD,indian_king_cobra,BUY,EMA_PULLBACK,0.8,70554.58,70444.8111859134,70883.88644225981,62.63476991196015,10977,27.91265639945002,BUY,0,HOLD,0.9324737787246704,"Bullish pullback: low 70396.54 near EMA 70356.57, bounce 70507.19, RSI 63"
2026-03-20T03:23:50.789933+00:00,BTCUSD,indian_king_cobra,BUY,EMA_PULLBACK,0.8,70520.66,70410.8911859134,70849.96644225981,61.088861342836786,10977,27.91265639945002,BUY,0,HOLD,0.9324737787246704,"Bullish pullback: low 70396.54 near EMA 70356.57, bounce 70507.19, RSI 61"
2026-03-20T03:24:00.870286+00:00,BTCUSD,indian_king_cobra,BUY,EMA_PULLBACK,0.8,70515.84,70406.07118591339,70845.14644225981,60.85874786672772,10977,27.91265639945002,BUY,0,HOLD,0.9324737787246704,"Bullish pullback: low 70396.54 near EMA 70356.57, bounce 70507.19, RSI 61"
2026-03-20T03:24:10.948742+00:00,BTCUSD,indian_king_cobra,BUY,EMA_PULLBACK,0.8,70526.68,70416.91118591338,70855.9864422598,61.37249220177409,10977,27.91265639945002,BUY,0,HOLD,0.9324737787246704,"Bullish pullback: low 70396.54 near EMA 70356.57, bounce 70507.19, RSI 61"
2026-03-20T03:24:21.027836+00:00,BTCUSD,indian_king_cobra,BUY,EMA_PULLBACK,0.8,70515.97,70406.20118591339,70845.27644225981,60.86498995458288,10977,27.91265639945002,BUY,0,HOLD,0.9324737787246704,"Bullish pullback: low 70396.54 near EMA 70356.57, bounce 70507.19, RSI 61"
2026-03-20T03:24:31.107323+00:00,BTCUSD,indian_king_cobra,BUY,EMA_PULLBACK,0.8,70510.6,70400.8311859134,70839.90644225982,60.60547525578471,10977,27.91265639945002,BUY,0,HOLD,0.9324737787246704,"Bullish pullback: low 70396.54 near EMA 70356.57, bounce 70507.19, RSI 61"
2026-03-20T03:24:41.198764+00:00,BTCUSD,indian_king_cobra,BUY,EMA_PULLBACK,0.8,70505.4,70395.63118591339,70834.7064422598,60.30502346398816,10977,27.91265639945002,BUY,0,HOLD,0.9324737787246704,"Bullish pullback: low 70396.54 near EMA 70356.57, bounce 70507.19, RSI 60"
2026-03-20T03:24:51.279091+00:00,BTCUSD,indian_king_cobra,BUY,EMA_PULLBACK,0.8,70517.35,70407.5811859134,70846.65644225982,60.931129583074046,10977,27.91265639945002,BUY,0,HOLD,0.9324737787246704,"Bullish pullback: low 70396.54 near EMA 70356.57, bounce 70507.19, RSI 61"
2026-03-20T03:50:32.351506+00:00,BTCUSD,indian_king_cobra,BUY,EMA_PULLBACK,0.8,70747.38,70627.22519430824,71107.84441707532,67.98583915236844,12015,40.72532669794943,BUY,0,HOLD,0.9324737787246704,"Bullish pullback: low 70551.63 near EMA 70473.75, bounce 70623.82, RSI 68"
2026-03-20T03:50:42.439008+00:00,BTCUSD,indian_king_cobra,BUY,EMA_PULLBACK,0.8,70734.54,70613.52662287965,71097.58013136103,67.5003185207211,12101,41.6056954610782,BUY,0,HOLD,0.9324737787246704,"Bullish pullback: low 70551.63 near EMA 70473.75, bounce 70623.82, RSI 68"
2026-03-20T03:50:52.524855+00:00,BTCUSD,indian_king_cobra,BUY,EMA_PULLBACK,0.8,70750.28,70629.26662287966,71113.32013136103,68.09349578292176,12101,41.6056954610782,BUY,0,HOLD,0.9324737787246704,"Bullish pullback: low 70551.63 near EMA 70473.75, bounce 70623.82, RSI 68"
2026-03-20T03:51:02.604199+00:00,BTCUSD,indian_king_cobra,BUY,EMA_PULLBACK,0.8,70742.15,70621.13662287965,71105.19013136103,67.78983821143026,12101,41.6056954610782,BUY,0,HOLD,0.9324737787246704,"Bullish pullback: low 70551.63 near EMA 70473.75, bounce 70623.82, RSI 68"
2026-03-20T03:51:12.690721+00:00,BTCUSD,indian_king_cobra,BUY,EMA_PULLBACK,0.8,70723.95,70602.93662287966,71086.99013136103,67.08865523961686,12101,41.6056954610782,BUY,0,HOLD,0.9324737787246704,"Bullish pullback: low 70551.63 near EMA 70473.75, bounce 70623.82, RSI 67"
2026-03-20T03:51:22.776356+00:00,BTCUSD,indian_king_cobra,BUY,EMA_PULLBACK,0.8,70737.15,70616.13662287965,71100.19013136103,67.60019963637879,12101,41.6056954610782,BUY,0,HOLD,0.9324737787246704,"Bullish pullback: low 70551.63 near EMA 70473.75, bounce 70623.82, RSI 68"
2026-03-20T03:51:32.858580+00:00,BTCUSD,indian_king_cobra,BUY,EMA_PULLBACK,0.8,70738.76,70617.74662287965,71101.80013136103,67.66150654710678,12101,41.6056954610782,BUY,0,HOLD,0.9324737787246704,"Bullish pullback: low 70551.63 near EMA 70473.75, bounce 70623.82, RSI 68"
2026-03-20T03:51:42.937466+00:00,BTCUSD,indian_king_cobra,BUY,EMA_PULLBACK,0.8,70761.81,70640.79662287966,71124.85013136103,68.51445611146066,12101,41.6056954610782,BUY,0,HOLD,0.9324737787246704,"Bullish pullback: low 70551.63 near EMA 70473.75, bounce 70623.82, RSI 69"
2026-03-20T03:51:53.016383+00:00,BTCUSD,indian_king_cobra,BUY,EMA_PULLBACK,0.8,70761.83,70640.81662287966,71124.87013136104,68.51517666108305,12101,41.6056954610782,BUY,0,HOLD,0.9324737787246704,"Bullish pullback: low 70551.63 near EMA 70473.75, bounce 70623.82, RSI 69"
2026-03-20T03:52:03.100601+00:00,BTCUSD,indian_king_cobra,BUY,EMA_PULLBACK,0.8,70756.27,70635.25662287966,71119.31013136104,68.31358591867443,12101,41.6056954610782,BUY,0,HOLD,0.9324737787246704,"Bullish pullback: low 70551.63 near EMA 70473.75, bounce 70623.82, RSI 68"
2026-03-20T03:52:13.180205+00:00,BTCUSD,indian_king_cobra,BUY,EMA_PULLBACK,0.8,70748.65,70627.63662287965,71111.69013136103,68.03307461241474,12101,41.6056954610782,BUY,0,HOLD,0.9324737787246704,"Bullish pullback: low 70551.63 near EMA 70473.75, bounce 70623.82, RSI 68"
2026-03-20T03:52:23.262663+00:00,BTCUSD,indian_king_cobra,BUY,EMA_PULLBACK,0.8,70729.98,70608.96662287966,71093.02013136103,67.3243277402837,12101,41.6056954610782,BUY,0,HOLD,0.9324737787246704,"Bullish pullback: low 70551.63 near EMA 70473.75, bounce 70623.82, RSI 67"
2026-03-20T03:52:33.340726+00:00,BTCUSD,indian_king_cobra,BUY,EMA_PULLBACK,0.8,70730.78,70609.76662287966,71093.82013136103,67.3553410483151,12101,41.6056954610782,BUY,0,HOLD,0.9324737787246704,"Bullish pullback: low 70551.63 near EMA 70473.75, bounce 70623.82, RSI 67"
2026-03-20T03:52:43.434165+00:00,BTCUSD,indian_king_cobra,BUY,EMA_PULLBACK,0.8,70740.79,70619.77662287965,71103.83013136103,67.73847666120486,12101,41.6056954610782,BUY,0,HOLD,0.9324737787246704,"Bullish pullback: low 70551.63 near EMA 70473.75, bounce 70623.82, RSI 68"
2026-03-20T03:52:53.519928+00:00,BTCUSD,indian_king_cobra,BUY,EMA_PULLBACK,0.8,70752.52,70631.50662287966,71115.56013136104,68.17615690673956,12101,41.6056954610782,BUY,0,HOLD,0.9324737787246704,"Bullish pullback: low 70551.63 near EMA 70473.75, bounce 70623.82, RSI 68"
2026-03-20T03:53:03.603125+00:00,BTCUSD,indian_king_cobra,BUY,EMA_PULLBACK,0.8,70733.74,70612.72662287967,71096.78013136104,67.46958019573071,12101,41.6056954610782,BUY,0,HOLD,0.9324737787246704,"Bullish pullback: low 70551.63 near EMA 70473.75, bounce 70623.82, RSI 67"
2026-03-20T03:53:13.756698+00:00,BTCUSD,indian_king_cobra,BUY,EMA_PULLBACK,0.8,70734.89,70613.87662287966,71097.93013136103,67.51374827889846,12101,41.6056954610782,BUY,0,HOLD,0.9324737787246704,"Bullish pullback: low 70551.63 near EMA 70473.75, bounce 70623.82, RSI 68"
2026-03-20T03:53:23.851306+00:00,BTCUSD,indian_king_cobra,BUY,EMA_PULLBACK,0.8,70717.5,70596.48662287966,71080.54013136103,66.83277549320934,12101,41.6056954610782,BUY,0,HOLD,0.9324737787246704,"Bullish pullback: low 70551.63 near EMA 70473.75, bounce 70623.82, RSI 67"
2026-03-20T03:53:33.955324+00:00,BTCUSD,indian_king_cobra,BUY,EMA_PULLBACK,0.8,70725.74,70604.72662287967,71088.78013136104,67.15896844353244,12101,41.6056954610782,BUY,0,HOLD,0.9324737787246704,"Bullish pullback: low 70551.63 near EMA 70473.75, bounce 70623.82, RSI 67"
2026-03-20T03:53:44.044566+00:00,BTCUSD,indian_king_cobra,BUY,EMA_PULLBACK,0.8,70715.56,70594.54662287966,71078.60013136103,66.75503304651312,12101,41.6056954610782,BUY,0,HOLD,0.9324737787246704,"Bullish pullback: low 70551.63 near EMA 70473.75, bounce 70623.82, RSI 67"
2026-03-20T03:53:54.123323+00:00,BTCUSD,indian_king_cobra,BUY,EMA_PULLBACK,0.8,70717.98,70596.96662287966,71081.02013136103,66.85195465976233,12101,41.6056954610782,BUY,0,HOLD,0.9324737787246704,"Bullish pullback: low 70551.63 near EMA 70473.75, bounce 70623.82, RSI 67"
2026-03-20T03:54:04.210419+00:00,BTCUSD,indian_king_cobra,BUY,EMA_PULLBACK,0.8,70710.1,70589.08662287967,71073.14013136104,66.53426288159501,12101,41.6056954610782,BUY,0,HOLD,0.9324737787246704,"Bullish pullback: low 70551.63 near EMA 70473.75, bounce 70623.82, RSI 67"
2026-03-20T03:54:14.293333+00:00,BTCUSD,indian_king_cobra,BUY,EMA_PULLBACK,0.8,70716.12,70595.10662287966,71079.16013136103,66.777511557017,12101,41.6056954610782,BUY,0,HOLD,0.9324737787246704,"Bullish pullback: low 70551.63 near EMA 70473.75, bounce 70623.82, RSI 67"
2026-03-20T03:54:24.378026+00:00,BTCUSD,indian_king_cobra,BUY,EMA_PULLBACK,0.8,70717.38,70596.36662287966,71080.42013136104,66.8279772332894,12101,41.6056954610782,BUY,0,HOLD,0.9324737787246704,"Bullish pullback: low 70551.63 near EMA 70473.75, bounce 70623.82, RSI 67"
2026-03-20T03:54:34.463721+00:00,BTCUSD,indian_king_cobra,BUY,EMA_PULLBACK,0.8,70717.42,70596.40662287966,71080.46013136103,66.82957680751245,12101,41.6056954610782,BUY,0,HOLD,0.9324737787246704,"Bullish pullback: low 70551.63 near EMA 70473.75, bounce 70623.82, RSI 67"
2026-03-20T03:54:44.568762+00:00,BTCUSD,indian_king_cobra,BUY,EMA_PULLBACK,0.8,70717.6,70596.58662287967,71080.64013136104,66.83677298290488,12101,41.6056954610782,BUY,0,HOLD,0.9324737787246704,"Bullish pullback: low 70551.63 near EMA 70473.75, bounce 70623.82, RSI 67"
2026-03-20T03:54:54.652330+00:00,BTCUSD,indian_king_cobra,BUY,EMA_PULLBACK,0.8,70715.92,70594.90662287966,71078.96013136103,66.76948700791351,12101,41.6056954610782,BUY,0,HOLD,0.9324737787246704,"Bullish pullback: low 70551.63 near EMA 70473.75, bounce 70623.82, RSI 67"
2026-03-20T04:15:05.390966+00:00,XAUUSD-STD,indian_king_cobra,BUY,EMA_PULLBACK,0.8,4719.51,4712.14947046737,4741.591588597892,59.985116206327966,736,23.275725863150008,BUY,0,SELL,0.4789503812789917,"Bullish pullback: low 4716.69 near EMA 4715.28, bounce 4719.12, RSI 60"
2026-03-20T04:15:15.417936+00:00,XAUUSD-STD,indian_king_cobra,BUY,EMA_PULLBACK,0.8,4719.32,4711.944470467369,4741.446588597892,59.83220212739827,738,23.2757258631499,BUY,0,SELL,0.5487384796142578,"Bullish pullback: low 4716.69 near EMA 4715.28, bounce 4719.12, RSI 60"
2026-03-20T04:15:25.444715+00:00,XAUUSD-STD,indian_king_cobra,BUY,EMA_PULLBACK,0.8,4719.53,4712.154470467369,4741.656588597892,60.00114472573192,738,23.2757258631499,BUY,0,SELL,0.467989981174469,"Bullish pullback: low 4716.69 near EMA 4715.28, bounce 4719.12, RSI 60"
2026-03-20T04:15:35.475582+00:00,XAUUSD-STD,indian_king_cobra,BUY,EMA_PULLBACK,0.8,4719.73,4712.353756181655,4741.858731455034,60.160726488315284,738,23.275725863149898,BUY,0,SELL,0.47984933853149414,"Bullish pullback: low 4716.69 near EMA 4715.28, bounce 4719.12, RSI 60"
2026-03-20T04:15:45.503333+00:00,XAUUSD-STD,indian_king_cobra,BUY,EMA_PULLBACK,0.8,4720.18,4712.7637561816555,4742.428731455035,60.515171176927524,742,23.2757258631496,BUY,0,BUY,0.3855912983417511,"Bullish pullback: low 4716.69 near EMA 4715.28, bounce 4719.12, RSI 61"
2026-03-20T04:15:55.528916+00:00,XAUUSD-STD,indian_king_cobra,BUY,EMA_PULLBACK,0.8,4720.66,4713.216613324512,4742.990160026463,60.88635926317224,744,23.656034802048918,BUY,0,BUY,0.4505690336227417,"Bullish pullback: low 4716.69 near EMA 4715.28, bounce 4719.12, RSI 61"
2026-03-20T04:16:05.556569+00:00,XAUUSD-STD,indian_king_cobra,BUY,EMA_PULLBACK,0.8,4722.14,4714.58947046737,4744.791588597892,61.98816019987243,755,26.15184732215012,BUY,0,BUY,0.6495739817619324,"Bullish pullback: low 4716.69 near EMA 4715.28, bounce 4719.12, RSI 62"
2026-03-20T04:16:15.584753+00:00,XAUUSD-STD,indian_king_cobra,BUY,EMA_PULLBACK,0.8,4721.9,4714.349470467369,4744.551588597891,61.81372597250341,755,26.15184732215012,BUY,0,BUY,0.6476209759712219,"Bullish pullback: low 4716.69 near EMA 4715.28, bounce 4719.12, RSI 62"
2026-03-20T04:16:25.616378+00:00,XAUUSD-STD,indian_king_cobra,BUY,EMA_PULLBACK,0.8,4721.59,4714.03947046737,4744.241588597892,61.586031523281434,755,26.15184732215012,BUY,0,BUY,0.6303050518035889,"Bullish pullback: low 4716.69 near EMA 4715.28, bounce 4719.12, RSI 62"
2026-03-20T04:16:35.644312+00:00,XAUUSD-STD,indian_king_cobra,BUY,EMA_PULLBACK,0.8,4721.55,4713.99947046737,4744.201588597892,61.556453653003985,755,26.15184732215012,BUY,0,BUY,0.6145873069763184,"Bullish pullback: low 4716.69 near EMA 4715.28, bounce 4719.12, RSI 62"
2026-03-20T04:16:45.672797+00:00,XAUUSD-STD,indian_king_cobra,BUY,EMA_PULLBACK,0.8,4721.12,4713.56947046737,4743.771588597891,61.23559086178084,755,26.15184732215012,BUY,0,BUY,0.6412217020988464,"Bullish pullback: low 4716.69 near EMA 4715.28, bounce 4719.12, RSI 61"
2026-03-20T04:16:55.702562+00:00,XAUUSD-STD,indian_king_cobra,BUY,EMA_PULLBACK,0.8,4721.25,4713.69947046737,4743.9015885978915,61.33315933273801,755,26.15184732215012,BUY,0,BUY,0.6608059406280518,"Bullish pullback: low 4716.69 near EMA 4715.28, bounce 4719.12, RSI 61"
2026-03-20T04:17:05.728905+00:00,XAUUSD-STD,indian_king_cobra,BUY,EMA_PULLBACK,0.8,4721.04,4713.48947046737,4743.6915885978915,61.17530360635032,755,26.15184732215012,BUY,0,BUY,0.6257452964782715,"Bullish pullback: low 4716.69 near EMA 4715.28, bounce 4719.12, RSI 61"
2026-03-20T04:17:15.754519+00:00,XAUUSD-STD,indian_king_cobra,BUY,EMA_PULLBACK,0.8,4720.97,4713.41947046737,4743.621588597892,61.12239822314372,755,26.15184732215012,BUY,0,BUY,0.5832561254501343,"Bullish pullback: low 4716.69 near EMA 4715.28, bounce 4719.12, RSI 61"
2026-03-20T04:17:25.781117+00:00,XAUUSD-STD,indian_king_cobra,BUY,EMA_PULLBACK,0.8,4721.04,4713.48947046737,4743.6915885978915,61.17530360635032,755,26.15184732215012,BUY,0,BUY,0.6257452964782715,"Bullish pullback: low 4716.69 near EMA 4715.28, bounce 4719.12, RSI 61"
2026-03-20T04:17:35.807694+00:00,XAUUSD-STD,indian_king_cobra,BUY,EMA_PULLBACK,0.8,4719.61,4712.0594704673695,4742.261588597891,60.065130599827214,755,26.15184732215012,BUY,0,BUY,0.497179239988327,"Bullish pullback: low 4716.69 near EMA 4715.28, bounce 4719.12, RSI 60"
2026-03-20T04:17:45.834758+00:00,XAUUSD-STD,indian_king_cobra,BUY,EMA_PULLBACK,0.8,4718.8,4711.228756181656,4741.513731455035,59.28685544732403,757,26.151847322149955,BUY,0,BUY,0.5509543418884277,"Bullish pullback: low 4716.69 near EMA 4715.28, bounce 4719.12, RSI 59"
2026-03-20T04:17:55.861102+00:00,XAUUSD-STD,indian_king_cobra,BUY,EMA_PULLBACK,0.8,4719.39,4711.816613324512,4742.110160026464,59.88867467289956,757,26.151847322149933,BUY,0,SELL,0.4562319815158844,"Bullish pullback: low 4716.69 near EMA 4715.28, bounce 4719.12, RSI 60"
2026-03-20T04:18:05.888697+00:00,XAUUSD-STD,indian_king_cobra,BUY,EMA_PULLBACK,0.8,4719.98,4712.406613324511,4742.700160026463,60.35842192414585,757,26.151847322149933,BUY,0,BUY,0.4474295973777771,"Bullish pullback: low 4716.69 near EMA 4715.28, bounce 4719.12, RSI 60"
2026-03-20T04:18:15.918840+00:00,XAUUSD-STD,indian_king_cobra,BUY,EMA_PULLBACK,0.8,4720.71,4713.136613324512,4743.430160026463,60.92462373337114,757,26.151847322149933,BUY,0,BUY,0.5159528851509094,"Bullish pullback: low 4716.69 near EMA 4715.28, bounce 4719.12, RSI 61"
2026-03-20T04:18:25.947776+00:00,XAUUSD-STD,indian_king_cobra,BUY,EMA_PULLBACK,0.8,4720.73,4713.156613324511,4743.450160026463,60.93990856675834,757,26.151847322149933,BUY,0,BUY,0.517213761806488,"Bullish pullback: low 4716.69 near EMA 4715.28, bounce 4719.12, RSI 61"
2026-03-20T04:18:35.972785+00:00,XAUUSD-STD,indian_king_cobra,BUY,EMA_PULLBACK,0.8,4720.85,4713.276613324512,4743.570160026464,61.03136704301635,757,26.151847322149933,BUY,0,BUY,0.4990537166595459,"Bullish pullback: low 4716.69 near EMA 4715.28, bounce 4719.12, RSI 61"
2026-03-20T04:18:46.000314+00:00,XAUUSD-STD,indian_king_cobra,BUY,EMA_PULLBACK,0.8,4720.16,4712.586613324512,4742.880160026463,60.499552056800916,757,26.151847322149933,BUY,0,BUY,0.5073414444923401,"Bullish pullback: low 4716.69 near EMA 4715.28, bounce 4719.12, RSI 60"
2026-03-20T04:18:56.028609+00:00,XAUUSD-STD,indian_king_cobra,BUY,EMA_PULLBACK,0.8,4720.62,4713.046613324512,4743.340160026463,60.855693687345045,757,26.151847322149933,BUY,0,BUY,0.5157011151313782,"Bullish pullback: low 4716.69 near EMA 4715.28, bounce 4719.12, RSI 61"
2026-03-20T04:19:06.056015+00:00,XAUUSD-STD,indian_king_cobra,BUY,EMA_PULLBACK,0.8,4720.5,4712.926613324512,4743.220160026463,60.76340777341897,757,26.151847322149933,BUY,0,BUY,0.5032841563224792,"Bullish pullback: low 4716.69 near EMA 4715.28, bounce 4719.12, RSI 61"
2026-03-20T04:19:16.084069+00:00,XAUUSD-STD,indian_king_cobra,BUY,EMA_PULLBACK,0.8,4720.53,4712.956613324512,4743.250160026463,60.78652002254793,757,26.151847322149933,BUY,0,BUY,0.5042992830276489,"Bullish pullback: low 4716.69 near EMA 4715.28, bounce 4719.12, RSI 61"
2026-03-20T04:19:26.115160+00:00,XAUUSD-STD,indian_king_cobra,BUY,EMA_PULLBACK,0.8,4720.77,4713.196613324512,4743.490160026464,60.97044238842779,757,26.151847322149933,BUY,0,BUY,0.501624345779419,"Bullish pullback: low 4716.69 near EMA 4715.28, bounce 4719.12, RSI 61"
2026-03-20T04:19:36.142097+00:00,XAUUSD-STD,indian_king_cobra,BUY,EMA_PULLBACK,0.8,4720.82,4713.246613324512,4743.540160026463,61.00854260027915,757,26.151847322149933,BUY,0,BUY,0.49142730236053467,"Bullish pullback: low 4716.69 near EMA 4715.28, bounce 4719.12, RSI 61"
2026-03-20T04:19:46.169720+00:00,XAUUSD-STD,indian_king_cobra,BUY,EMA_PULLBACK,0.8,4720.02,4712.446613324512,4742.740160026464,60.38987125933542,757,26.151847322149933,BUY,0,BUY,0.48280197381973267,"Bullish pullback: low 4716.69 near EMA 4715.28, bounce 4719.12, RSI 60"
2026-03-20T04:19:56.195567+00:00,XAUUSD-STD,indian_king_cobra,BUY,EMA_PULLBACK,0.8,4719.78,4712.206613324512,4742.500160026463,60.200423165743686,757,26.151847322149933,BUY,0,BUY,0.4686849117279053,"Bullish pullback: low 4716.69 near EMA 4715.28, bounce 4719.12, RSI 60"
2026-03-20T04:25:06.390538+00:00,XAUUSD-STD,indian_king_cobra,BUY,EMA_PULLBACK,0.8,4720.88,4714.062743368685,4741.331769893946,61.15733870192249,682,25.29901643822546,BUY,0,SELL,0.4167572259902954,"Bullish pullback: low 4718.45 near EMA 4716.13, bounce 4720.81, RSI 61"
2026-03-20T04:25:16.415429+00:00,XAUUSD-STD,indian_king_cobra,BUY,EMA_PULLBACK,0.8,4721.55,4714.690600511542,4742.128198465375,61.735338770185244,686,25.29901643822509,BUY,0,HOLD,0.36028969287872314,"Bullish pullback: low 4718.45 near EMA 4716.13, bounce 4720.81, RSI 62"
2026-03-20T04:25:26.441052+00:00,XAUUSD-STD,indian_king_cobra,BUY,EMA_PULLBACK,0.8,4722.14,4715.23202908297,4742.86391275109,62.230264536126114,691,25.29901643822465,BUY,0,BUY,0.48037445545196533,"Bullish pullback: low 4718.45 near EMA 4716.13, bounce 4720.81, RSI 62"
2026-03-20T04:25:36.467794+00:00,XAUUSD-STD,indian_king_cobra,BUY,EMA_PULLBACK,0.8,4722.21,4715.30202908297,4742.933912751089,62.28813623289131,691,25.29901643822465,BUY,0,BUY,0.46301043033599854,"Bullish pullback: low 4718.45 near EMA 4716.13, bounce 4720.81, RSI 62"
2026-03-20T04:25:46.495823+00:00,XAUUSD-STD,indian_king_cobra,BUY,EMA_PULLBACK,0.8,4722.61,4715.65202908297,4743.483912751089,62.61545904703217,696,26.40756251884641,BUY,0,BUY,0.49923405051231384,"Bullish pullback: low 4718.45 near EMA 4716.13, bounce 4720.81, RSI 63"
2026-03-20T04:25:56.522835+00:00,XAUUSD-STD,indian_king_cobra,BUY,EMA_PULLBACK,0.8,4722.72,4715.762029082971,4743.593912751089,62.70447905966635,696,26.40756251884641,BUY,0,BUY,0.5093523859977722,"Bullish pullback: low 4718.45 near EMA 4716.13, bounce 4720.81, RSI 63"
2026-03-20T04:26:06.548662+00:00,XAUUSD-STD,indian_king_cobra,BUY,EMA_PULLBACK,0.8,4723.07,4716.067743368684,4744.076769893946,62.9849252784829,700,27.519017663867633,BUY,0,BUY,0.6048609018325806,"Bullish pullback: low 4718.45 near EMA 4716.13, bounce 4720.81, RSI 63"
2026-03-20T04:26:16.573995+00:00,XAUUSD-STD,indian_king_cobra,BUY,EMA_PULLBACK,0.8,4723.31,4716.307743368685,4744.316769893947,63.17480612122489,700,27.519017663867633,BUY,0,BUY,0.6012805700302124,"Bullish pullback: low 4718.45 near EMA 4716.13, bounce 4720.81, RSI 63"
2026-03-20T04:26:26.600922+00:00,XAUUSD-STD,indian_king_cobra,BUY,EMA_PULLBACK,0.8,4723.59,4716.570600511542,4744.648198465376,63.393886223496814,702,27.94029759370505,BUY,0,BUY,0.6061003804206848,"Bullish pullback: low 4718.45 near EMA 4716.13, bounce 4720.81, RSI 63"
2026-03-20T04:26:36.630804+00:00,XAUUSD-STD,indian_king_cobra,BUY,EMA_PULLBACK,0.8,4722.08,4715.060600511541,4743.138198465375,62.18051866981813,702,27.94029759370505,BUY,0,BUY,0.5626254677772522,"Bullish pullback: low 4718.45 near EMA 4716.13, bounce 4720.81, RSI 62"
2026-03-20T04:26:46.657762+00:00,XAUUSD-STD,indian_king_cobra,BUY,EMA_PULLBACK,0.8,4722.77,4715.750600511542,4743.828198465376,62.744802704989276,702,27.94029759370505,BUY,0,BUY,0.5826001763343811,"Bullish pullback: low 4718.45 near EMA 4716.13, bounce 4720.81, RSI 63"
2026-03-20T04:26:56.687283+00:00,XAUUSD-STD,indian_king_cobra,BUY,EMA_PULLBACK,0.8,4723.23,4716.210600511541,4744.288198465375,63.1117293345012,702,27.94029759370505,BUY,0,BUY,0.5921971201896667,"Bullish pullback: low 4718.45 near EMA 4716.13, bounce 4720.81, RSI 63"
2026-03-20T04:27:06.716532+00:00,XAUUSD-STD,indian_king_cobra,BUY,EMA_PULLBACK,0.8,4723.49,4716.470600511541,4744.548198465375,63.31594320533981,702,27.94029759370505,BUY,0,BUY,0.6182733774185181,"Bullish pullback: low 4718.45 near EMA 4716.13, bounce 4720.81, RSI 63"
2026-03-20T04:27:16.747425+00:00,XAUUSD-STD,indian_king_cobra,BUY,EMA_PULLBACK,0.8,4724.14,4717.0934576544,4745.2796270368035,63.81672078148669,705,28.597400033268517,BUY,0,BUY,0.5386711955070496,"Bullish pullback: low 4718.45 near EMA 4716.13, bounce 4720.81, RSI 64"
2026-03-20T04:27:26.776768+00:00,XAUUSD-STD,indian_king_cobra,BUY,EMA_PULLBACK,0.8,4723.7,4716.653457654399,4744.839627036803,63.479241884722654,705,28.597400033268517,BUY,0,BUY,0.5843587517738342,"Bullish pullback: low 4718.45 near EMA 4716.13, bounce 4720.81, RSI 63"
2026-03-20T04:27:36.804256+00:00,XAUUSD-STD,indian_king_cobra,BUY,EMA_PULLBACK,0.8,4723.78,4716.73202908297,4744.923912751089,63.54106913567698,705,28.631652563236674,BUY,0,BUY,0.5897744297981262,"Bullish pullback: low 4718.45 near EMA 4716.13, bounce 4720.81, RSI 64"
2026-03-20T04:27:46.834623+00:00,XAUUSD-STD,indian_king_cobra,BUY,EMA_PULLBACK,0.8,4723.29,4716.2420290829705,4744.433912751089,63.15905715649612,705,28.631652563236674,BUY,0,BUY,0.5649532675743103,"Bullish pullback: low 4718.45 near EMA 4716.13, bounce 4720.81, RSI 63"
2026-03-20T04:27:56.860561+00:00,XAUUSD-STD,indian_king_cobra,BUY,EMA_PULLBACK,0.8,4723.74,4716.69202908297,4744.883912751089,63.51018169973977,705,28.631652563236674,BUY,0,BUY,0.5875906944274902,"Bullish pullback: low 4718.45 near EMA 4716.13, bounce 4720.81, RSI 64"
2026-03-20T04:28:06.886882+00:00,XAUUSD-STD,indian_king_cobra,BUY,EMA_PULLBACK,0.8,4723.26,4716.212029082971,4744.40391275109,63.13540843569723,705,28.631652563236674,BUY,0,BUY,0.5649532675743103,"Bullish pullback: low 4718.45 near EMA 4716.13, bounce 4720.81, RSI 63"
2026-03-20T04:28:16.915313+00:00,XAUUSD-STD,indian_king_cobra,BUY,EMA_PULLBACK,0.8,4722.98,4715.93202908297,4744.123912751089,62.9132141473535,705,28.631652563236674,BUY,0,BUY,0.5529450178146362,"Bullish pullback: low 4718.45 near EMA 4716.13, bounce 4720.81, RSI 63"
2026-03-20T04:28:26.945423+00:00,XAUUSD-STD,indian_king_cobra,BUY,EMA_PULLBACK,0.8,4721.97,4714.922029082971,4743.11391275109,62.08897675414198,705,28.631652563236674,BUY,0,BUY,0.5401660203933716,"Bullish pullback: low 4718.45 near EMA 4716.13, bounce 4720.81, RSI 62"
2026-03-20T04:28:36.971359+00:00,XAUUSD-STD,indian_king_cobra,BUY,EMA_PULLBACK,0.8,4721.17,4714.122029082971,4742.313912751089,61.40964724779586,705,28.631652563236674,BUY,0,BUY,0.4457671642303467,"Bullish pullback: low 4718.45 near EMA 4716.13, bounce 4720.81, RSI 61"
2026-03-20T04:28:46.997894+00:00,XAUUSD-STD,indian_king_cobra,BUY,EMA_PULLBACK,0.8,4720.95,4713.90202908297,4742.093912751089,61.21854236035201,705,28.631652563236674,BUY,0,SELL,0.46863433718681335,"Bullish pullback: low 4718.45 near EMA 4716.13, bounce 4720.81, RSI 61"
2026-03-20T04:28:57.026117+00:00,XAUUSD-STD,indian_king_cobra,BUY,EMA_PULLBACK,0.8,4721.62,4714.57202908297,4742.763912751089,61.794735885769164,705,28.631652563236674,BUY,0,BUY,0.5023818016052246,"Bullish pullback: low 4718.45 near EMA 4716.13, bounce 4720.81, RSI 62"
2026-03-20T04:29:07.057641+00:00,XAUUSD-STD,indian_king_cobra,BUY,EMA_PULLBACK,0.8,4721.58,4714.53202908297,4742.723912751089,61.760817276601706,705,28.631652563236674,BUY,0,BUY,0.5023818016052246,"Bullish pullback: low 4718.45 near EMA 4716.13, bounce 4720.81, RSI 62"
2026-03-20T04:29:17.086168+00:00,XAUUSD-STD,indian_king_cobra,BUY,EMA_PULLBACK,0.8,4721.87,4714.82202908297,4743.013912751089,62.005371427839464,705,28.631652563236674,BUY,0,BUY,0.5404114723205566,"Bullish pullback: low 4718.45 near EMA 4716.13, bounce 4720.81, RSI 62"
2026-03-20T04:29:27.111911+00:00,XAUUSD-STD,indian_king_cobra,BUY,EMA_PULLBACK,0.8,4722.27,4715.222029082971,4743.41391275109,62.33759957754965,705,28.631652563236674,BUY,0,BUY,0.5186483860015869,"Bullish pullback: low 4718.45 near EMA 4716.13, bounce 4720.81, RSI 62"
2026-03-20T04:29:37.140173+00:00,XAUUSD-STD,indian_king_cobra,BUY,EMA_PULLBACK,0.8,4721.98,4714.93202908297,4743.123912751089,62.09731705458509,705,28.631652563236674,BUY,0,BUY,0.5401660203933716,"Bullish pullback: low 4718.45 near EMA 4716.13, bounce 4720.81, RSI 62"
2026-03-20T04:29:47.171470+00:00,XAUUSD-STD,indian_king_cobra,BUY,EMA_PULLBACK,0.8,4721.86,4714.81202908297,4743.003912751089,61.99699060946897,705,28.631652563236674,BUY,0,BUY,0.536727249622345,"Bullish pullback: low 4718.45 near EMA 4716.13, bounce 4720.81, RSI 62"
2026-03-20T04:29:57.200904+00:00,XAUUSD-STD,indian_king_cobra,BUY,EMA_PULLBACK,0.8,4722.71,4715.662029082971,4743.853912751089,62.69640385357688,705,28.631652563236674,BUY,0,BUY,0.5695555806159973,"Bullish pullback: low 4718.45 near EMA 4716.13, bounce 4720.81, RSI 63"
2026-03-20T04:30:07.230409+00:00,XAUUSD-STD,indian_king_cobra,BUY,EMA_PULLBACK,0.8,4724.08,4717.488312763106,4743.855061710682,63.80618880530985,659,28.631645603921957,BUY,0,HOLD,0.48374730348587036,"Bullish pullback: low 4720.62 near EMA 4716.83, bounce 4723.48, RSI 64"
2026-03-20T04:30:17.256794+00:00,XAUUSD-STD,indian_king_cobra,BUY,EMA_PULLBACK,0.8,4724.65,4718.016884191677,4744.549347424968,64.26698577536501,663,29.415635046945194,BUY,0,HOLD,0.4926094114780426,"Bullish pullback: low 4720.62 near EMA 4716.83, bounce 4723.48, RSI 64"
2026-03-20T04:30:27.285011+00:00,XAUUSD-STD,indian_king_cobra,BUY,EMA_PULLBACK,0.8,4724.35,4717.696884191678,4744.309347424968,64.025933502741,665,29.916945922832067,BUY,0,BUY,0.467107355594635,"Bullish pullback: low 4720.62 near EMA 4716.83, bounce 4723.48, RSI 64"
2026-03-20T04:30:37.314012+00:00,XAUUSD-STD,indian_king_cobra,BUY,EMA_PULLBACK,0.8,4724.26,4717.606884191678,4744.219347424968,63.95298234777997,665,29.916945922832067,BUY,0,BUY,0.399177223443985,"Bullish pullback: low 4720.62 near EMA 4716.83, bounce 4723.48, RSI 64"
2026-03-20T04:30:47.347045+00:00,XAUUSD-STD,indian_king_cobra,BUY,EMA_PULLBACK,0.8,4724.33,4717.676884191677,4744.289347424968,64.00974766394668,665,29.916945922832067,BUY,0,BUY,0.39920827746391296,"Bullish pullback: low 4720.62 near EMA 4716.83, bounce 4723.48, RSI 64"
2026-03-20T04:30:57.376649+00:00,XAUUSD-STD,indian_king_cobra,BUY,EMA_PULLBACK,0.8,4724.53,4717.876884191677,4744.4893474249675,64.17095356204277,665,29.916945922832067,BUY,0,BUY,0.43412500619888306,"Bullish pullback: low 4720.62 near EMA 4716.83, bounce 4723.48, RSI 64"
2026-03-20T04:31:07.402732+00:00,XAUUSD-STD,indian_king_cobra,BUY,EMA_PULLBACK,0.8,4725.32,4718.639741334534,4745.360775996396,64.79384410774456,668,30.586015304560515,BUY,0,BUY,0.3953772187232971,"Bullish pullback: low 4720.62 near EMA 4716.83, bounce 4723.48, RSI 65"
2026-03-20T04:31:17.430047+00:00,XAUUSD-STD,indian_king_cobra,BUY,EMA_PULLBACK,0.8,4725.33,4718.64402704882,4745.387918853539,64.80159001768936,669,30.725247448386856,BUY,0,BUY,0.3927450180053711,"Bullish pullback: low 4720.62 near EMA 4716.83, bounce 4723.48, RSI 65"
2026-03-20T04:31:27.457436+00:00,XAUUSD-STD,indian_king_cobra,BUY,EMA_PULLBACK,0.8,4724.3,4717.61402704882,4744.35791885354,63.98544157791265,669,30.725247448386856,BUY,0,HOLD,0.4083860516548157,"Bullish pullback: low 4720.62 near EMA 4716.83, bounce 4723.48, RSI 64"
2026-03-20T04:31:37.485891+00:00,XAUUSD-STD,indian_king_cobra,BUY,EMA_PULLBACK,0.8,4724.42,4717.73402704882,4744.477918853539,64.08246947080184,669,30.725247448386856,BUY,0,BUY,0.4663022756576538,"Bullish pullback: low 4720.62 near EMA 4716.83, bounce 4723.48, RSI 64"
2026-03-20T04:31:47.511805+00:00,XAUUSD-STD,indian_king_cobra,BUY,EMA_PULLBACK,0.8,4725.69,4718.9547413345335,4745.895775996397,65.07819058999709,674,31.903334771651092,BUY,0,BUY,0.42961639165878296,"Bullish pullback: low 4720.62 near EMA 4716.83, bounce 4723.48, RSI 65"
2026-03-20T04:31:57.539430+00:00,XAUUSD-STD,indian_king_cobra,BUY,EMA_PULLBACK,0.8,4724.97,4718.234741334534,4745.1757759963975,64.5205727956244,674,31.903334771651092,BUY,0,BUY,0.44376614689826965,"Bullish pullback: low 4720.62 near EMA 4716.83, bounce 4723.48, RSI 65"
2026-03-20T04:32:07.564886+00:00,XAUUSD-STD,indian_king_cobra,BUY,EMA_PULLBACK,0.8,4724.83,4718.094741334534,4745.035775996397,64.41007273248252,674,31.903334771651092,BUY,0,BUY,0.4262391924858093,"Bullish pullback: low 4720.62 near EMA 4716.83, bounce 4723.48, RSI 64"
2026-03-20T04:32:17.591316+00:00,XAUUSD-STD,indian_king_cobra,BUY,EMA_PULLBACK,0.8,4724.03,4717.294741334534,4744.235775996397,63.76520040445198,674,31.903334771651092,BUY,0,BUY,0.3500092923641205,"Bullish pullback: low 4720.62 near EMA 4716.83, bounce 4723.48, RSI 64"
2026-03-20T04:32:27.618824+00:00,XAUUSD-STD,indian_king_cobra,BUY,EMA_PULLBACK,0.8,4723.2,4716.441884191677,4743.474347424968,62.904163721874056,676,31.903334771650854,BUY,0,HOLD,0.39918121695518494,"Bullish pullback: low 4720.62 near EMA 4716.83, bounce 4723.48, RSI 63"
2026-03-20T04:32:37.647607+00:00,XAUUSD-STD,indian_king_cobra,BUY,EMA_PULLBACK,0.8,4723.94,4717.167598477391,4744.257204567825,63.69118685767357,677,31.90333477165069,BUY,0,HOLD,0.3765607178211212,"Bullish pullback: low 4720.62 near EMA 4716.83, bounce 4723.48, RSI 64"
2026-03-20T04:32:47.674500+00:00,XAUUSD-STD,indian_king_cobra,BUY,EMA_PULLBACK,0.8,4724.3,4717.527598477392,4744.617204567826,63.98544157791265,677,31.90333477165069,BUY,0,HOLD,0.3988112211227417,"Bullish pullback: low 4720.62 near EMA 4716.83, bounce 4723.48, RSI 64"
2026-03-20T04:32:57.703609+00:00,XAUUSD-STD,indian_king_cobra,BUY,EMA_PULLBACK,0.8,4723.95,4717.177598477391,4744.2672045678255,63.69942551314018,677,31.90333477165069,BUY,0,HOLD,0.3765607178211212,"Bullish pullback: low 4720.62 near EMA 4716.83, bounce 4723.48, RSI 64"
2026-03-20T04:33:07.732353+00:00,XAUUSD-STD,indian_king_cobra,BUY,EMA_PULLBACK,0.8,4724.56,4717.787598477392,4744.877204567826,64.19500997398328,677,31.90333477165069,BUY,0,BUY,0.4229443073272705,"Bullish pullback: low 4720.62 near EMA 4716.83, bounce 4723.48, RSI 64"
2026-03-20T04:33:17.758943+00:00,XAUUSD-STD,indian_king_cobra,BUY,EMA_PULLBACK,0.8,4725.39,4718.617598477392,4745.707204567826,64.8479939943793,677,31.90333477165069,BUY,0,BUY,0.418777197599411,"Bullish pullback: low 4720.62 near EMA 4716.83, bounce 4723.48, RSI 65"
2026-03-20T04:33:27.785339+00:00,XAUUSD-STD,indian_king_cobra,BUY,EMA_PULLBACK,0.8,4725.27,4718.497598477392,4745.587204567826,64.75506336376753,677,31.90333477165069,BUY,0,BUY,0.39904916286468506,"Bullish pullback: low 4720.62 near EMA 4716.83, bounce 4723.48, RSI 65"
2026-03-20T04:33:37.814769+00:00,XAUUSD-STD,indian_king_cobra,BUY,EMA_PULLBACK,0.8,4724.82,4718.047598477391,4745.137204567825,64.40215352691746,677,31.90333477165069,BUY,0,HOLD,0.41526907682418823,"Bullish pullback: low 4720.62 near EMA 4716.83, bounce 4723.48, RSI 64"
2026-03-20T04:33:47.841689+00:00,XAUUSD-STD,indian_king_cobra,BUY,EMA_PULLBACK,0.8,4724.76,4717.987598477392,4745.077204567826,64.35456418543757,677,31.90333477165069,BUY,0,HOLD,0.41077136993408203,"Bullish pullback: low 4720.62 near EMA 4716.83, bounce 4723.48, RSI 64"
2026-03-20T04:33:57.869843+00:00,XAUUSD-STD,indian_king_cobra,BUY,EMA_PULLBACK,0.8,4723.43,4716.657598477392,4743.747204567826,63.23560774975557,677,31.90333477165069,BUY,0,BUY,0.3970598578453064,"Bullish pullback: low 4720.62 near EMA 4716.83, bounce 4723.48, RSI 63"
2026-03-20T04:34:07.896377+00:00,XAUUSD-STD,indian_king_cobra,BUY,EMA_PULLBACK,0.8,4723.85,4717.077598477392,4744.167204567826,63.61687033047402,677,31.90333477165069,BUY,0,BUY,0.37364134192466736,"Bullish pullback: low 4720.62 near EMA 4716.83, bounce 4723.48, RSI 64"
2026-03-20T04:34:17.922863+00:00,XAUUSD-STD,indian_king_cobra,BUY,EMA_PULLBACK,0.8,4724.62,4717.847598477391,4744.937204567826,64.24302601579305,677,31.90333477165069,BUY,0,BUY,0.4229443073272705,"Bullish pullback: low 4720.62 near EMA 4716.83, bounce 4723.48, RSI 64"
2026-03-20T04:34:27.951946+00:00,XAUUSD-STD,indian_king_cobra,BUY,EMA_PULLBACK,0.8,4724.86,4718.087598477391,4745.177204567825,64.43380922250903,677,31.90333477165069,BUY,0,BUY,0.41646650433540344,"Bullish pullback: low 4720.62 near EMA 4716.83, bounce 4723.48, RSI 64"
2026-03-20T04:34:37.979742+00:00,XAUUSD-STD,indian_king_cobra,BUY,EMA_PULLBACK,0.8,4724.49,4717.717598477391,4744.8072045678255,64.13882801659015,677,31.90333477165069,BUY,0,BUY,0.4192520081996918,"Bullish pullback: low 4720.62 near EMA 4716.83, bounce 4723.48, RSI 64"
2026-03-20T04:34:48.008682+00:00,XAUUSD-STD,indian_king_cobra,BUY,EMA_PULLBACK,0.8,4724.49,4717.717598477391,4744.8072045678255,64.13882801659015,677,31.90333477165069,BUY,0,BUY,0.4192520081996918,"Bullish pullback: low 4720.62 near EMA 4716.83, bounce 4723.48, RSI 64"
2026-03-20T04:34:58.037800+00:00,XAUUSD-STD,indian_king_cobra,BUY,EMA_PULLBACK,0.8,4724.84,4718.067598477392,4745.157204567826,64.41798841536996,677,31.90333477165069,BUY,0,HOLD,0.41526907682418823,"Bullish pullback: low 4720.62 near EMA 4716.83, bounce 4723.48, RSI 64"
2026-03-20T05:03:33.541854+00:00,BTCUSD,indian_king_cobra,BUY,EMA_PULLBACK,0.8,70820.3,70703.81378323968,71169.75865028099,60.19965255783468,11649,20.559370376132122,BUY,0,HOLD,0.7352473735809326,"Bullish pullback: low 70731.05 near EMA 70682.46, bounce 70771.75, RSI 60"
2026-03-20T05:03:43.611611+00:00,BTCUSD,indian_king_cobra,BUY,EMA_PULLBACK,0.8,70804.5,70688.01378323967,71153.95865028098,59.46540058952998,11649,20.559370376132122,BUY,0,HOLD,0.6931307911872864,"Bullish pullback: low 70731.05 near EMA 70682.46, bounce 70771.75, RSI 59"
2026-03-20T05:03:53.680310+00:00,BTCUSD,indian_king_cobra,BUY,EMA_PULLBACK,0.8,70822.95,70704.9702118111,71176.8893645667,60.320205395180295,11798,22.526688931484614,BUY,0,HOLD,0.724561870098114,"Bullish pullback: low 70731.05 near EMA 70682.46, bounce 70771.75, RSI 60"
2026-03-20T05:04:03.744747+00:00,BTCUSD,indian_king_cobra,BUY,EMA_PULLBACK,0.8,70824.34,70706.3602118111,71178.2793645667,60.383147240421955,11798,22.526688931484614,BUY,0,HOLD,0.7143261432647705,"Bullish pullback: low 70731.05 near EMA 70682.46, bounce 70771.75, RSI 60"
2026-03-20T05:04:13.814809+00:00,BTCUSD,indian_king_cobra,BUY,EMA_PULLBACK,0.8,70827.19,70709.2102118111,71181.1293645667,60.51157824855034,11798,22.526688931484614,BUY,0,HOLD,0.7129225134849548,"Bullish pullback: low 70731.05 near EMA 70682.46, bounce 70771.75, RSI 61"
2026-03-20T05:04:23.891479+00:00,BTCUSD,indian_king_cobra,BUY,EMA_PULLBACK,0.8,70818.69,70700.7102118111,71172.6293645667,60.12605265277022,11798,22.526688931484614,BUY,0,HOLD,0.6979259252548218,"Bullish pullback: low 70731.05 near EMA 70682.46, bounce 70771.75, RSI 60"
2026-03-20T05:04:33.961494+00:00,BTCUSD,indian_king_cobra,BUY,EMA_PULLBACK,0.8,70797.77,70679.79021181111,71151.7093645667,59.14435381042419,11798,22.526688931484614,BUY,0,HOLD,0.6743274927139282,"Bullish pullback: low 70731.05 near EMA 70682.46, bounce 70771.75, RSI 59"
2026-03-20T05:04:44.034320+00:00,BTCUSD,indian_king_cobra,BUY,EMA_PULLBACK,0.8,70771.81,70653.8302118111,71125.7493645667,57.85681780899244,11798,22.526688931484614,BUY,0,HOLD,0.716530442237854,"Bullish pullback: low 70731.05 near EMA 70682.46, bounce 70771.75, RSI 58"
2026-03-20T05:04:54.112071+00:00,BTCUSD,indian_king_cobra,BUY,EMA_PULLBACK,0.8,70760.72,70642.7402118111,71114.6593645667,57.08927128615014,11798,22.526688931484614,BUY,0,HOLD,0.6322314143180847,"Bullish pullback: low 70731.05 near EMA 70682.46, bounce 70771.75, RSI 57"
2026-03-20T05:10:04.346252+00:00,BTCUSD,indian_king_cobra,BUY,EMA_PULLBACK,0.8,70839.38,70729.49414548893,71169.03756353323,60.89855180433567,10989,22.56602044285368,BUY,0,HOLD,0.5838664770126343,"Bullish pullback: low 70723.38 near EMA 70703.77, bounce 70840.38, RSI 61"
2026-03-20T05:10:14.414304+00:00,BTCUSD,indian_king_cobra,BUY,EMA_PULLBACK,0.8,70839.64,70729.44985977464,71170.21042067609,60.91823636753921,11019,22.589400723944472,BUY,0,HOLD,0.6183552742004395,"Bullish pullback: low 70723.38 near EMA 70703.77, bounce 70840.38, RSI 61"
2026-03-20T05:10:24.486940+00:00,BTCUSD,indian_king_cobra,BUY,EMA_PULLBACK,0.8,70832.12,70721.69985977463,71163.38042067608,60.35398932473064,11042,22.589400723944358,BUY,0,HOLD,0.6373439431190491,"Bullish pullback: low 70723.38 near EMA 70703.77, bounce 70840.38, RSI 60"
2026-03-20T05:10:34.554224+00:00,BTCUSD,indian_king_cobra,BUY,EMA_PULLBACK,0.8,70825.17,70714.24700263178,71157.93899210465,59.84172625566943,11092,22.58940072394415,BUY,0,HOLD,0.6169344782829285,"Bullish pullback: low 70723.38 near EMA 70703.77, bounce 70840.38, RSI 60"
2026-03-20T05:10:44.621377+00:00,BTCUSD,indian_king_cobra,BUY,EMA_PULLBACK,0.8,70837.37,70726.44700263177,71170.13899210465,60.74680323737033,11092,22.58940072394415,BUY,0,HOLD,0.6052529215812683,"Bullish pullback: low 70723.38 near EMA 70703.77, bounce 70840.38, RSI 61"
2026-03-20T05:10:54.692433+00:00,BTCUSD,indian_king_cobra,BUY,EMA_PULLBACK,0.8,70828.47,70717.54700263178,71161.23899210466,60.08387047289569,11092,22.58940072394415,BUY,0,HOLD,0.6326906681060791,"Bullish pullback: low 70723.38 near EMA 70703.77, bounce 70840.38, RSI 60"
2026-03-20T05:11:04.762776+00:00,BTCUSD,indian_king_cobra,BUY,EMA_PULLBACK,0.8,70822.43,70710.45557406034,71158.35327781894,59.64215126231926,11197,22.589400723943687,BUY,0,HOLD,0.6256768107414246,"Bullish pullback: low 70723.38 near EMA 70703.77, bounce 70840.38, RSI 60"
2026-03-20T05:11:14.832516+00:00,BTCUSD,indian_king_cobra,BUY,EMA_PULLBACK,0.8,70821.05,70709.07557406035,71156.97327781895,59.54213860575562,11197,22.589400723943687,BUY,0,HOLD,0.6378878355026245,"Bullish pullback: low 70723.38 near EMA 70703.77, bounce 70840.38, RSI 60"
2026-03-20T05:11:24.899962+00:00,BTCUSD,indian_king_cobra,BUY,EMA_PULLBACK,0.8,70821.46,70709.48557406035,71157.38327781895,59.57181747045322,11197,22.589400723943687,BUY,0,HOLD,0.6378878355026245,"Bullish pullback: low 70723.38 near EMA 70703.77, bounce 70840.38, RSI 60"
2026-03-20T05:11:34.977057+00:00,BTCUSD,indian_king_cobra,BUY,EMA_PULLBACK,0.8,70827.81,70715.83557406034,71163.73327781894,60.035284985816645,11197,22.589400723943687,BUY,0,HOLD,0.6205465197563171,"Bullish pullback: low 70723.38 near EMA 70703.77, bounce 70840.38, RSI 60"
2026-03-20T05:11:45.052355+00:00,BTCUSD,indian_king_cobra,BUY,EMA_PULLBACK,0.8,70832.38,70720.40557406035,71168.30327781895,60.37332336240072,11197,22.589400723943687,BUY,0,HOLD,0.624309778213501,"Bullish pullback: low 70723.38 near EMA 70703.77, bounce 70840.38, RSI 60"
2026-03-20T05:11:55.117122+00:00,BTCUSD,indian_king_cobra,BUY,EMA_PULLBACK,0.8,70831.19,70719.21557406035,71167.11327781895,60.284934207130085,11197,22.589400723943687,BUY,0,HOLD,0.624309778213501,"Bullish pullback: low 70723.38 near EMA 70703.77, bounce 70840.38, RSI 60"
2026-03-20T05:12:05.183042+00:00,BTCUSD,indian_king_cobra,BUY,EMA_PULLBACK,0.8,70840.49,70728.51557406035,71176.41327781895,60.97967245471147,11197,22.589400723943687,BUY,0,HOLD,0.5924129486083984,"Bullish pullback: low 70723.38 near EMA 70703.77, bounce 70840.38, RSI 61"
2026-03-20T05:12:15.249002+00:00,BTCUSD,indian_king_cobra,BUY,EMA_PULLBACK,0.8,70839.44,70727.46557406035,71175.36327781895,60.90309326664329,11197,22.589400723943687,BUY,0,HOLD,0.5749132633209229,"Bullish pullback: low 70723.38 near EMA 70703.77, bounce 70840.38, RSI 61"
2026-03-20T05:12:25.314540+00:00,BTCUSD,indian_king_cobra,BUY,EMA_PULLBACK,0.8,70839.5,70727.52557406035,71175.42327781895,60.907635406353485,11197,22.589400723943687,BUY,0,HOLD,0.5749132633209229,"Bullish pullback: low 70723.38 near EMA 70703.77, bounce 70840.38, RSI 61"
2026-03-20T05:12:35.382582+00:00,BTCUSD,indian_king_cobra,BUY,EMA_PULLBACK,0.8,70841.42,70729.44557406034,71177.34327781895,61.02477046512795,11197,22.589400723943687,BUY,0,HOLD,0.5482429265975952,"Bullish pullback: low 70723.38 near EMA 70703.77, bounce 70840.38, RSI 61"
2026-03-20T05:12:45.454942+00:00,BTCUSD,indian_king_cobra,BUY,EMA_PULLBACK,0.8,70839.49,70727.51557406035,71175.41327781895,60.90687833602054,11197,22.589400723943687,BUY,0,HOLD,0.5749132633209229,"Bullish pullback: low 70723.38 near EMA 70703.77, bounce 70840.38, RSI 61"
2026-03-20T05:12:55.526189+00:00,BTCUSD,indian_king_cobra,BUY,EMA_PULLBACK,0.8,70821.77,70709.79557406035,71157.69327781895,59.59427723756221,11197,22.589400723943687,BUY,0,HOLD,0.6378878355026245,"Bullish pullback: low 70723.38 near EMA 70703.77, bounce 70840.38, RSI 60"
2026-03-20T05:13:05.592704+00:00,BTCUSD,indian_king_cobra,BUY,EMA_PULLBACK,0.8,70822.09,70710.11557406034,71158.01327781894,59.61747928404064,11197,22.589400723943687,BUY,0,HOLD,0.6388940215110779,"Bullish pullback: low 70723.38 near EMA 70703.77, bounce 70840.38, RSI 60"
2026-03-20T05:13:15.664149+00:00,BTCUSD,indian_king_cobra,BUY,EMA_PULLBACK,0.8,70816.55,70704.57557406035,71152.47327781895,59.21832787922557,11197,22.589400723943687,BUY,0,HOLD,0.657281219959259,"Bullish pullback: low 70723.38 near EMA 70703.77, bounce 70840.38, RSI 59"
2026-03-20T05:13:25.733607+00:00,BTCUSD,indian_king_cobra,BUY,EMA_PULLBACK,0.8,70807.82,70695.0477169175,71146.13684924753,58.60007421687269,11277,22.589400723943342,BUY,0,HOLD,0.7411477565765381,"Bullish pullback: low 70723.38 near EMA 70703.77, bounce 70840.38, RSI 59"
2026-03-20T05:13:35.803176+00:00,BTCUSD,indian_king_cobra,BUY,EMA_PULLBACK,0.8,70812.32,70699.5477169175,71150.63684924753,58.917140813034315,11277,22.589400723943342,BUY,0,HOLD,0.7092043161392212,"Bullish pullback: low 70723.38 near EMA 70703.77, bounce 70840.38, RSI 59"
2026-03-20T05:13:45.876998+00:00,BTCUSD,indian_king_cobra,BUY,EMA_PULLBACK,0.8,70816.0,70703.22771691749,71154.31684924752,59.17899239110213,11277,22.589400723943342,BUY,0,HOLD,0.7095852494239807,"Bullish pullback: low 70723.38 near EMA 70703.77, bounce 70840.38, RSI 59"
2026-03-20T05:13:55.946498+00:00,BTCUSD,indian_king_cobra,BUY,EMA_PULLBACK,0.8,70813.67,70700.89771691749,71151.98684924752,59.012930943304525,11277,22.589400723943342,BUY,0,HOLD,0.6977609992027283,"Bullish pullback: low 70723.38 near EMA 70703.77, bounce 70840.38, RSI 59"
2026-03-20T05:14:06.013592+00:00,BTCUSD,indian_king_cobra,BUY,EMA_PULLBACK,0.8,70813.6,70700.8277169175,71151.91684924753,59.00795639162963,11277,22.589400723943342,BUY,0,HOLD,0.6977609992027283,"Bullish pullback: low 70723.38 near EMA 70703.77, bounce 70840.38, RSI 59"
2026-03-20T05:14:16.081052+00:00,BTCUSD,indian_king_cobra,BUY,EMA_PULLBACK,0.8,70817.61,70704.8377169175,71155.92684924752,59.29428578728857,11277,22.589400723943342,BUY,0,HOLD,0.7165452241897583,"Bullish pullback: low 70723.38 near EMA 70703.77, bounce 70840.38, RSI 59"
2026-03-20T05:14:26.149922+00:00,BTCUSD,indian_king_cobra,BUY,EMA_PULLBACK,0.8,70814.58,70701.8077169175,71152.89684924753,59.07767652415815,11277,22.589400723943342,BUY,0,HOLD,0.6900774836540222,"Bullish pullback: low 70723.38 near EMA 70703.77, bounce 70840.38, RSI 59"
2026-03-20T05:14:36.219384+00:00,BTCUSD,indian_king_cobra,BUY,EMA_PULLBACK,0.8,70808.58,70695.8077169175,71146.89684924753,58.65338351641588,11277,22.589400723943342,BUY,0,HOLD,0.7388336658477783,"Bullish pullback: low 70723.38 near EMA 70703.77, bounce 70840.38, RSI 59"
2026-03-20T05:14:46.288546+00:00,BTCUSD,indian_king_cobra,BUY,EMA_PULLBACK,0.8,70815.72,70702.9477169175,71154.03684924752,59.15898711843549,11277,22.589400723943342,BUY,0,HOLD,0.7552851438522339,"Bullish pullback: low 70723.38 near EMA 70703.77, bounce 70840.38, RSI 59"
2026-03-20T05:14:56.355108+00:00,BTCUSD,indian_king_cobra,BUY,EMA_PULLBACK,0.8,70839.69,70726.9177169175,71178.00684924753,60.92202331946766,11277,22.589400723943342,BUY,0,HOLD,0.7221848368644714,"Bullish pullback: low 70723.38 near EMA 70703.77, bounce 70840.38, RSI 61"
2026-03-20T05:49:07.479499+00:00,XAUUSD-STD,indian_king_cobra,SELL,EMA_PULLBACK,0.8,4698.31,4706.16912732149,4674.73261803553,38.131247147693436,786,27.915203411047226,BOTH,0,BUY,0.5690813660621643,"Bearish pullback: high 4717.40 near EMA 4716.07, reject 4709.42, RSI 38"
2026-03-20T05:49:27.516155+00:00,XAUUSD-STD,indian_king_cobra,SELL,EMA_PULLBACK,0.8,4698.9,4706.7976987500615,4675.206903749815,38.45707998254005,790,28.647529261007875,BOTH,0,BUY,0.5582352876663208,"Bearish pullback: high 4717.40 near EMA 4716.07, reject 4709.42, RSI 38"
2026-03-20T05:53:17.657867+00:00,XAUUSD-STD,indian_king_cobra,SELL,EMA_PULLBACK,0.8,4697.47,4705.480006679658,4673.439979961027,37.533378765694785,801,29.07860842251079,BOTH,0,BUY,0.5200161337852478,"Bearish pullback: high 4710.59 near EMA 4714.63, reject 4700.97, RSI 38"
2026-03-20T05:53:27.693357+00:00,XAUUSD-STD,indian_king_cobra,SELL,EMA_PULLBACK,0.8,4698.38,4706.422863822515,4674.251408532456,38.06061468363984,804,29.72956232361145,BOTH,0,BUY,0.48759472370147705,"Bearish pullback: high 4710.59 near EMA 4714.63, reject 4700.97, RSI 38"
2026-03-20T05:53:37.725937+00:00,XAUUSD-STD,indian_king_cobra,SELL,EMA_PULLBACK,0.8,4698.9,4706.9428638225145,4674.771408532455,38.36859658295053,804,29.72956232361145,BOTH,0,SELL,0.48356929421424866,"Bearish pullback: high 4710.59 near EMA 4714.63, reject 4700.97, RSI 38"
2026-03-20T05:53:47.758626+00:00,XAUUSD-STD,indian_king_cobra,SELL,EMA_PULLBACK,0.8,4697.95,4705.992863822515,4673.821408532455,37.809647452877975,804,29.72956232361145,BOTH,0,BUY,0.5171141624450684,"Bearish pullback: high 4710.59 near EMA 4714.63, reject 4700.97, RSI 38"
2026-03-20T05:53:57.784934+00:00,XAUUSD-STD,indian_king_cobra,SELL,EMA_PULLBACK,0.8,4697.47,4705.546435251086,4673.240694246741,37.533378765694785,808,30.38243998571043,BOTH,0,BUY,0.4840736389160156,"Bearish pullback: high 4710.59 near EMA 4714.63, reject 4700.97, RSI 38"
2026-03-20T05:54:07.813515+00:00,XAUUSD-STD,indian_king_cobra,SELL,EMA_PULLBACK,0.8,4697.22,4705.296435251086,4672.990694246741,37.39108173527297,808,30.38243998571043,BOTH,0,BUY,0.4872927963733673,"Bearish pullback: high 4710.59 near EMA 4714.63, reject 4700.97, RSI 37"
2026-03-20T05:54:17.843594+00:00,XAUUSD-STD,indian_king_cobra,SELL,EMA_PULLBACK,0.8,4697.01,4705.086435251086,4672.780694246741,37.27238340047869,808,30.38243998571043,BOTH,0,BUY,0.5171671509742737,"Bearish pullback: high 4710.59 near EMA 4714.63, reject 4700.97, RSI 37"
2026-03-20T05:54:27.871631+00:00,XAUUSD-STD,indian_king_cobra,SELL,EMA_PULLBACK,0.8,4696.82,4704.896435251086,4672.590694246741,37.16563718520629,808,30.38243998571043,BOTH,0,BUY,0.491756409406662,"Bearish pullback: high 4710.59 near EMA 4714.63, reject 4700.97, RSI 37"
2026-03-20T05:54:37.897933+00:00,XAUUSD-STD,indian_king_cobra,SELL,EMA_PULLBACK,0.8,4697.68,4705.826435251087,4673.240694246741,37.65374794640387,815,31.705480737013097,BOTH,0,SELL,0.49202027916908264,"Bearish pullback: high 4710.59 near EMA 4714.63, reject 4700.97, RSI 38"
2026-03-20T05:54:47.927217+00:00,XAUUSD-STD,indian_king_cobra,SELL,EMA_PULLBACK,0.8,4695.74,4703.886435251086,4671.300694246741,36.57029866612415,815,31.705480737013097,BOTH,0,BUY,0.5008518695831299,"Bearish pullback: high 4710.59 near EMA 4714.63, reject 4700.97, RSI 37"
2026-03-20T05:54:57.952512+00:00,XAUUSD-STD,indian_king_cobra,SELL,EMA_PULLBACK,0.8,4694.88,4703.079292393943,4670.28212281817,36.10970178025346,820,32.67166057523687,BOTH,0,SELL,0.5080631375312805,"Bearish pullback: high 4710.59 near EMA 4714.63, reject 4700.97, RSI 36"
2026-03-20T05:57:28.050488+00:00,XAUUSD-STD,indian_king_cobra,SELL,EMA_PULLBACK,0.8,4689.34,4697.693884709282,4664.278345872152,33.229828464782,835,39.43458470030121,BOTH,0,BUY,0.7233259677886963,"Bearish pullback: high 4706.94 near EMA 4712.69, reject 4694.25, RSI 33"
2026-03-20T05:57:38.075967+00:00,XAUUSD-STD,indian_king_cobra,SELL,EMA_PULLBACK,0.8,4691.29,4699.669598994997,4666.151203015009,34.19769224789859,838,39.83572191941699,BOTH,0,BUY,0.6250717639923096,"Bearish pullback: high 4706.94 near EMA 4712.69, reject 4694.25, RSI 34"
2026-03-20T05:57:48.102946+00:00,XAUUSD-STD,indian_king_cobra,SELL,EMA_PULLBACK,0.8,4690.5,4698.879598994997,4665.361203015009,33.79886870814133,838,39.83572191941699,BOTH,0,BUY,0.7177082896232605,"Bearish pullback: high 4706.94 near EMA 4712.69, reject 4694.25, RSI 34"
2026-03-20T05:57:58.131661+00:00,XAUUSD-STD,indian_king_cobra,SELL,EMA_PULLBACK,0.8,4690.55,4698.929598994997,4665.411203015009,33.82383475268247,838,39.83572191941699,BOTH,0,BUY,0.7177082896232605,"Bearish pullback: high 4706.94 near EMA 4712.69, reject 4694.25, RSI 34"
2026-03-20T05:58:08.159728+00:00,XAUUSD-STD,indian_king_cobra,SELL,EMA_PULLBACK,0.8,4688.89,4697.280313280711,4663.719060157867,33.01420491849106,839,40.00129848483499,BOTH,0,BUY,0.6990098357200623,"Bearish pullback: high 4706.94 near EMA 4712.69, reject 4694.25, RSI 33"
2026-03-20T05:58:18.185145+00:00,XAUUSD-STD,indian_king_cobra,SELL,EMA_PULLBACK,0.8,4688.07,4696.514598994997,4662.736203015009,32.62840224632643,844,40.82640580872634,BOTH,0,BUY,0.6772651076316833,"Bearish pullback: high 4706.94 near EMA 4712.69, reject 4694.25, RSI 33"
2026-03-20T05:58:28.213475+00:00,XAUUSD-STD,indian_king_cobra,SELL,EMA_PULLBACK,0.8,4687.31,4695.816027566426,4661.791917300724,32.27879419037821,851,41.73312986805238,BOTH,0,BUY,0.7279939651489258,"Bearish pullback: high 4706.94 near EMA 4712.69, reject 4694.25, RSI 32"
2026-03-20T05:58:38.238684+00:00,XAUUSD-STD,indian_king_cobra,SELL,EMA_PULLBACK,0.8,4687.72,4696.226027566426,4662.201917300724,32.46646246395214,851,41.73312986805238,BOTH,0,BUY,0.632121205329895,"Bearish pullback: high 4706.94 near EMA 4712.69, reject 4694.25, RSI 32"
2026-03-20T05:58:48.267092+00:00,XAUUSD-STD,indian_king_cobra,SELL,EMA_PULLBACK,0.8,4687.55,4696.081027566426,4661.956917300723,32.388384602702544,853,42.09423907099199,BOTH,0,BUY,0.6173753142356873,"Bearish pullback: high 4706.94 near EMA 4712.69, reject 4694.25, RSI 32"
2026-03-20T05:58:58.295489+00:00,XAUUSD-STD,indian_king_cobra,SELL,EMA_PULLBACK,0.8,4687.75,4696.281027566426,4662.156917300723,32.48028000357077,853,42.09423907099199,BOTH,0,BUY,0.6173753142356873,"Bearish pullback: high 4706.94 near EMA 4712.69, reject 4694.25, RSI 32"
2026-03-20T05:59:08.322359+00:00,XAUUSD-STD,indian_king_cobra,SELL,EMA_PULLBACK,0.8,4688.02,4696.5510275664265,4662.426917300723,32.60516915506652,853,42.09423907099199,BOTH,0,BUY,0.6613025665283203,"Bearish pullback: high 4706.94 near EMA 4712.69, reject 4694.25, RSI 33"
2026-03-20T05:59:18.349501+00:00,XAUUSD-STD,indian_king_cobra,SELL,EMA_PULLBACK,0.8,4688.7,4697.231027566426,4663.106917300723,32.9240017509495,853,42.09423907099199,BOTH,0,BUY,0.6647270321846008,"Bearish pullback: high 4706.94 near EMA 4712.69, reject 4694.25, RSI 33"
2026-03-20T05:59:28.376453+00:00,XAUUSD-STD,indian_king_cobra,SELL,EMA_PULLBACK,0.8,4688.97,4697.501027566426,4663.376917300723,33.052333239463394,853,42.09423907099199,BOTH,0,BUY,0.6517706513404846,"Bearish pullback: high 4706.94 near EMA 4712.69, reject 4694.25, RSI 33"
2026-03-20T05:59:38.402201+00:00,XAUUSD-STD,indian_king_cobra,SELL,EMA_PULLBACK,0.8,4686.26,4694.833884709283,4660.538345872153,31.80792885227035,857,42.702979451952636,BOTH,0,BUY,0.6806507706642151,"Bearish pullback: high 4706.94 near EMA 4712.69, reject 4694.25, RSI 32"
2026-03-20T05:59:48.431218+00:00,XAUUSD-STD,indian_king_cobra,SELL,EMA_PULLBACK,0.8,4687.98,4696.592456137853,4662.142631586437,32.58660649063056,861,43.240005305946575,BOTH,0,BUY,0.6580229997634888,"Bearish pullback: high 4706.94 near EMA 4712.69, reject 4694.25, RSI 33"
2026-03-20T05:59:58.460226+00:00,XAUUSD-STD,indian_king_cobra,SELL,EMA_PULLBACK,0.8,4688.0,4696.612456137854,4662.162631586438,32.59588518008795,861,43.240005305946575,BOTH,0,BUY,0.6580229997634888,"Bearish pullback: high 4706.94 near EMA 4712.69, reject 4694.25, RSI 33"
2026-03-20T06:35:09.731665+00:00,BTCUSD,indian_king_cobra,SELL,EMA_PULLBACK,0.8,70437.59,70534.0040246188,70148.3479261436,35.799492223111315,9641,20.513772461701667,BOTH,0,HOLD,0.5434088706970215,"Bearish pullback: high 70528.26 near EMA 70580.77, reject 70448.97, RSI 36"
2026-03-20T06:35:19.800823+00:00,BTCUSD,indian_king_cobra,SELL,EMA_PULLBACK,0.8,70439.41,70535.84473890452,70150.10578328646,35.91898801055177,9643,20.513772461701656,BOTH,0,HOLD,0.5250391960144043,"Bearish pullback: high 70528.26 near EMA 70580.77, reject 70448.97, RSI 36"
2026-03-20T06:35:29.871970+00:00,BTCUSD,indian_king_cobra,SELL,EMA_PULLBACK,0.8,70455.17,70551.86045319022,70165.0986404293,37.285848121489245,9669,20.51377246170152,BOTH,0,HOLD,0.646802544593811,"Bearish pullback: high 70528.26 near EMA 70580.77, reject 70448.97, RSI 37"
2026-03-20T06:35:39.941703+00:00,BTCUSD,indian_king_cobra,SELL,EMA_PULLBACK,0.8,70453.9,70550.59045319022,70163.8286404293,37.13852287331704,9669,20.51377246170152,BOTH,0,HOLD,0.6173197031021118,"Bearish pullback: high 70528.26 near EMA 70580.77, reject 70448.97, RSI 37"
2026-03-20T06:35:50.012856+00:00,BTCUSD,indian_king_cobra,SELL,EMA_PULLBACK,0.8,70460.02,70556.86831033308,70169.47506900075,37.842170408339,9685,20.51377246170143,BOTH,0,HOLD,0.6059077382087708,"Bearish pullback: high 70528.26 near EMA 70580.77, reject 70448.97, RSI 38"
2026-03-20T06:36:00.108359+00:00,BTCUSD,indian_king_cobra,SELL,EMA_PULLBACK,0.8,70452.96,70549.80973890451,70162.41078328647,37.029032452021,9685,20.513772461701436,BOTH,0,HOLD,0.6038110852241516,"Bearish pullback: high 70528.26 near EMA 70580.77, reject 70448.97, RSI 37"
2026-03-20T06:36:10.180466+00:00,BTCUSD,indian_king_cobra,SELL,EMA_PULLBACK,0.8,70444.39,70541.2397389045,70153.84078328646,36.25007536787677,9685,20.513772461701436,BOTH,0,HOLD,0.5760331749916077,"Bearish pullback: high 70528.26 near EMA 70580.77, reject 70448.97, RSI 36"
2026-03-20T06:36:20.249926+00:00,BTCUSD,indian_king_cobra,SELL,EMA_PULLBACK,0.8,70441.93,70538.7797389045,70151.38078328645,36.08576680098958,9685,20.513772461701436,BOTH,0,HOLD,0.5275562405586243,"Bearish pullback: high 70528.26 near EMA 70580.77, reject 70448.97, RSI 36"
2026-03-20T06:36:30.323177+00:00,BTCUSD,indian_king_cobra,SELL,EMA_PULLBACK,0.8,70442.4,70539.2497389045,70151.85078328646,36.11704388391454,9685,20.513772461701436,BOTH,0,HOLD,0.571006715297699,"Bearish pullback: high 70528.26 near EMA 70580.77, reject 70448.97, RSI 36"
2026-03-20T06:36:40.398816+00:00,BTCUSD,indian_king_cobra,SELL,EMA_PULLBACK,0.8,70433.79,70530.89045319022,70142.4886404293,35.552540900459235,9710,20.5137724617013,BOTH,0,HOLD,0.48937734961509705,"Bearish pullback: high 70528.26 near EMA 70580.77, reject 70448.97, RSI 36"
2026-03-20T06:36:50.468572+00:00,BTCUSD,indian_king_cobra,SELL,EMA_PULLBACK,0.8,70446.59,70543.96259604736,70154.47221185788,36.398290597506595,9737,20.513772461701162,BOTH,0,HOLD,0.6057359576225281,"Bearish pullback: high 70528.26 near EMA 70580.77, reject 70448.97, RSI 36"
2026-03-20T06:37:00.543357+00:00,BTCUSD,indian_king_cobra,SELL,EMA_PULLBACK,0.8,70464.63,70562.33188176167,70171.52435471503,38.36189037610499,9770,20.513772461700977,BOTH,0,HOLD,0.6133965253829956,"Bearish pullback: high 70528.26 near EMA 70580.77, reject 70448.97, RSI 38"
2026-03-20T06:37:10.614376+00:00,BTCUSD,indian_king_cobra,SELL,EMA_PULLBACK,0.8,70435.65,70533.35259604736,70142.54221185787,35.672989942095015,9770,20.513772461700977,BOTH,0,HOLD,0.5141478180885315,"Bearish pullback: high 70528.26 near EMA 70580.77, reject 70448.97, RSI 36"
2026-03-20T06:37:20.687922+00:00,BTCUSD,indian_king_cobra,SELL,EMA_PULLBACK,0.8,70432.76,70530.46259604736,70139.65221185787,35.486189897777834,9770,20.513772461700977,BOTH,0,HOLD,0.49072855710983276,"Bearish pullback: high 70528.26 near EMA 70580.77, reject 70448.97, RSI 35"
2026-03-20T06:37:30.759720+00:00,BTCUSD,indian_king_cobra,SELL,EMA_PULLBACK,0.8,70427.42,70525.31973890451,70133.72078328645,35.14612769751763,9790,20.513772461700867,BOTH,0,HOLD,0.49759018421173096,"Bearish pullback: high 70528.26 near EMA 70580.77, reject 70448.97, RSI 35"
2026-03-20T06:37:40.833302+00:00,BTCUSD,indian_king_cobra,SELL,EMA_PULLBACK,0.8,70416.31,70514.9890246188,70120.27292614359,34.4590977130226,9868,20.51377246170046,BOTH,0,HOLD,0.5818721652030945,"Bearish pullback: high 70528.26 near EMA 70580.77, reject 70448.97, RSI 34"
2026-03-20T06:37:50.903034+00:00,BTCUSD,indian_king_cobra,SELL,EMA_PULLBACK,0.8,70436.61,70535.2890246188,70140.57292614359,35.735477071962976,9868,20.51377246170046,BOTH,0,HOLD,0.48558753728866577,"Bearish pullback: high 70528.26 near EMA 70580.77, reject 70448.97, RSI 36"
2026-03-20T06:38:00.975277+00:00,BTCUSD,indian_king_cobra,SELL,EMA_PULLBACK,0.8,70439.98,70538.6590246188,70143.94292614359,35.956576730305144,9868,20.51377246170046,BOTH,0,HOLD,0.4628417491912842,"Bearish pullback: high 70528.26 near EMA 70580.77, reject 70448.97, RSI 36"
2026-03-20T06:38:11.045862+00:00,BTCUSD,indian_king_cobra,SELL,EMA_PULLBACK,0.8,70432.87,70531.5490246188,70136.83292614359,35.49326411264636,9868,20.51377246170046,BOTH,0,HOLD,0.5003211498260498,"Bearish pullback: high 70528.26 near EMA 70580.77, reject 70448.97, RSI 35"
2026-03-20T06:38:21.117164+00:00,BTCUSD,indian_king_cobra,SELL,EMA_PULLBACK,0.8,70415.94,70514.64545319023,70119.82364042931,34.43667918267931,9871,20.51377246170044,BOTH,0,HOLD,0.5811493992805481,"Bearish pullback: high 70528.26 near EMA 70580.77, reject 70448.97, RSI 34"
2026-03-20T06:38:31.195167+00:00,BTCUSD,indian_king_cobra,SELL,EMA_PULLBACK,0.8,70416.39,70515.71688176166,70118.40935471503,34.46394880125297,9933,20.513772461700107,BOTH,0,HOLD,0.5691047310829163,"Bearish pullback: high 70528.26 near EMA 70580.77, reject 70448.97, RSI 34"
2026-03-20T06:38:41.270543+00:00,BTCUSD,indian_king_cobra,SELL,EMA_PULLBACK,0.8,70417.25,70516.57688176166,70119.26935471503,34.51618439272137,9933,20.513772461700107,BOTH,0,HOLD,0.5799314379692078,"Bearish pullback: high 70528.26 near EMA 70580.77, reject 70448.97, RSI 35"
2026-03-20T06:38:51.341224+00:00,BTCUSD,indian_king_cobra,SELL,EMA_PULLBACK,0.8,70416.23,70515.55688176166,70118.24935471502,34.45424799026229,9933,20.513772461700107,BOTH,0,HOLD,0.5673828125,"Bearish pullback: high 70528.26 near EMA 70580.77, reject 70448.97, RSI 34"
2026-03-20T06:39:01.411860+00:00,BTCUSD,indian_king_cobra,SELL,EMA_PULLBACK,0.8,70409.81,70509.13688176166,70111.82935471502,34.06945842887987,9933,20.513772461700107,BOTH,0,HOLD,0.6075214743614197,"Bearish pullback: high 70528.26 near EMA 70580.77, reject 70448.97, RSI 34"
2026-03-20T06:39:11.494868+00:00,BTCUSD,indian_king_cobra,SELL,EMA_PULLBACK,0.8,70415.33,70515.0040246188,70116.3079261436,34.39978252345196,9967,20.515253809803134,BOTH,0,HOLD,0.5831331014633179,"Bearish pullback: high 70528.26 near EMA 70580.77, reject 70448.97, RSI 34"
2026-03-20T06:39:21.564621+00:00,BTCUSD,indian_king_cobra,SELL,EMA_PULLBACK,0.8,70418.2,70517.8740246188,70119.1779261436,34.57407087414221,9967,20.515253809803134,BOTH,0,HOLD,0.5678321719169617,"Bearish pullback: high 70528.26 near EMA 70580.77, reject 70448.97, RSI 35"
2026-03-20T06:39:31.631306+00:00,BTCUSD,indian_king_cobra,SELL,EMA_PULLBACK,0.8,70418.26,70517.9340246188,70119.2379261436,34.57773338177198,9967,20.515253809803134,BOTH,0,HOLD,0.5894709825515747,"Bearish pullback: high 70528.26 near EMA 70580.77, reject 70448.97, RSI 35"
2026-03-20T06:39:41.706703+00:00,BTCUSD,indian_king_cobra,SELL,EMA_PULLBACK,0.8,70400.69,70500.89045319024,70100.08864042931,33.537387481888516,10020,21.592195089036622,BOTH,0,HOLD,0.6573280692100525,"Bearish pullback: high 70528.26 near EMA 70580.77, reject 70448.97, RSI 34"
2026-03-20T06:39:51.777280+00:00,BTCUSD,indian_king_cobra,SELL,EMA_PULLBACK,0.8,70400.27,70500.47045319024,70099.66864042931,33.5132842234527,10020,21.592195089036622,BOTH,0,HOLD,0.6573280692100525,"Bearish pullback: high 70528.26 near EMA 70580.77, reject 70448.97, RSI 34"
2026-03-20T07:02:31.149110+00:00,BTCUSD,indian_king_cobra,SELL,EMA_PULLBACK,0.8,70231.17,70338.40505401624,69909.46483795127,28.035184782914712,10724,44.82217142327339,BOTH,0,HOLD,0.7877275943756104,"Bearish pullback: high 70497.38 near EMA 70535.53, reject 70488.08, RSI 28"
2026-03-20T07:02:41.228394+00:00,BTCUSD,indian_king_cobra,SELL,EMA_PULLBACK,0.8,70212.4,70319.63505401624,69890.69483795126,27.33545621772832,10724,44.82217142327339,BOTH,0,HOLD,0.7157541513442993,"Bearish pullback: high 70497.38 near EMA 70535.53, reject 70488.08, RSI 27"
2026-03-20T07:02:51.301057+00:00,BTCUSD,indian_king_cobra,SELL,EMA_PULLBACK,0.8,70244.37,70351.60505401624,69922.66483795126,28.54911672617027,10724,44.82217142327339,BOTH,0,HOLD,0.7836137413978577,"Bearish pullback: high 70497.38 near EMA 70535.53, reject 70488.08, RSI 29"
2026-03-20T07:03:01.371710+00:00,BTCUSD,indian_king_cobra,SELL,EMA_PULLBACK,0.8,70216.16,70323.39505401625,69894.45483795127,27.47281388193082,10724,44.82217142327339,BOTH,0,HOLD,0.6869656443595886,"Bearish pullback: high 70497.38 near EMA 70535.53, reject 70488.08, RSI 27"
2026-03-20T07:03:11.439370+00:00,BTCUSD,indian_king_cobra,SELL,EMA_PULLBACK,0.8,70244.45,70351.68505401624,69922.74483795126,28.55228891604328,10724,44.82217142327339,BOTH,0,HOLD,0.7780265808105469,"Bearish pullback: high 70497.38 near EMA 70535.53, reject 70488.08, RSI 29"
2026-03-20T07:03:21.511149+00:00,BTCUSD,indian_king_cobra,SELL,EMA_PULLBACK,0.8,70235.29,70342.52505401624,69913.58483795126,28.193596279527696,10724,44.82217142327339,BOTH,0,HOLD,0.7930346727371216,"Bearish pullback: high 70497.38 near EMA 70535.53, reject 70488.08, RSI 28"
2026-03-20T07:03:31.588540+00:00,BTCUSD,indian_king_cobra,SELL,EMA_PULLBACK,0.8,70244.16,70351.39505401625,69922.45483795127,28.540793080403176,10724,44.82217142327339,BOTH,0,HOLD,0.7836137413978577,"Bearish pullback: high 70497.38 near EMA 70535.53, reject 70488.08, RSI 29"
2026-03-20T07:03:41.668915+00:00,BTCUSD,indian_king_cobra,SELL,EMA_PULLBACK,0.8,70241.42,70348.65505401624,69919.71483795127,28.432632439479036,10724,44.82217142327339,BOTH,0,HOLD,0.7902756333351135,"Bearish pullback: high 70497.38 near EMA 70535.53, reject 70488.08, RSI 28"
2026-03-20T07:03:51.868293+00:00,BTCUSD,indian_king_cobra,SELL,EMA_PULLBACK,0.8,70239.44,70346.67505401625,69917.73483795127,28.35498141149904,10724,44.82217142327339,BOTH,0,HOLD,0.80196613073349,"Bearish pullback: high 70497.38 near EMA 70535.53, reject 70488.08, RSI 28"
2026-03-20T07:04:02.054830+00:00,BTCUSD,indian_king_cobra,SELL,EMA_PULLBACK,0.8,70270.09,70377.32505401624,69948.38483795126,29.606635987320203,10724,44.82217142327339,BOTH,0,HOLD,0.847708523273468,"Bearish pullback: high 70497.38 near EMA 70535.53, reject 70488.08, RSI 30"
2026-03-20T07:04:12.245128+00:00,BTCUSD,indian_king_cobra,SELL,EMA_PULLBACK,0.8,70282.05,70389.28505401625,69960.34483795127,30.125544421211956,10724,44.82217142327339,BOTH,0,HOLD,0.8181893825531006,"Bearish pullback: high 70497.38 near EMA 70535.53, reject 70488.08, RSI 30"
2026-03-20T07:04:22.419040+00:00,BTCUSD,indian_king_cobra,SELL,EMA_PULLBACK,0.8,70280.7,70387.93505401624,69958.99483795126,30.06606307100199,10724,44.82217142327339,BOTH,0,HOLD,0.8309980630874634,"Bearish pullback: high 70497.38 near EMA 70535.53, reject 70488.08, RSI 30"
2026-03-20T07:04:32.556697+00:00,BTCUSD,indian_king_cobra,SELL,EMA_PULLBACK,0.8,70278.04,70385.27505401624,69956.33483795126,29.949547478716482,10724,44.82217142327339,BOTH,0,HOLD,0.8300262689590454,"Bearish pullback: high 70497.38 near EMA 70535.53, reject 70488.08, RSI 30"
2026-03-20T07:04:42.732858+00:00,BTCUSD,indian_king_cobra,SELL,EMA_PULLBACK,0.8,70283.49,70390.72505401625,69961.78483795127,30.18925115185931,10724,44.82217142327339,BOTH,0,HOLD,0.8164178133010864,"Bearish pullback: high 70497.38 near EMA 70535.53, reject 70488.08, RSI 30"
2026-03-20T07:04:52.879540+00:00,BTCUSD,indian_king_cobra,SELL,EMA_PULLBACK,0.8,70293.56,70400.79505401624,69971.85483795126,30.642399247637414,10724,44.82217142327339,BOTH,0,HOLD,0.8097781538963318,"Bearish pullback: high 70497.38 near EMA 70535.53, reject 70488.08, RSI 31"
2026-03-20T07:05:02.955407+00:00,BTCUSD,indian_king_cobra,SELL,EMA_PULLBACK,0.8,70303.82,70404.34469396736,70002.24591809796,31.58096881549895,10052,44.822161825705756,BOTH,0,HOLD,0.706436276435852,"Bearish pullback: high 70489.96 near EMA 70512.77, reject 70296.56, RSI 32"
2026-03-20T07:05:13.023453+00:00,BTCUSD,indian_king_cobra,SELL,EMA_PULLBACK,0.8,70301.09,70403.38755111021,69994.19734666937,31.28197079379501,10230,44.822161825704136,BOTH,0,HOLD,0.676569938659668,"Bearish pullback: high 70489.96 near EMA 70512.77, reject 70296.56, RSI 31"
2026-03-20T07:05:23.091191+00:00,BTCUSD,indian_king_cobra,SELL,EMA_PULLBACK,0.8,70314.09,70416.38755111021,70007.19734666937,32.6828409372508,10230,44.822161825704136,BOTH,0,HOLD,0.6958582401275635,"Bearish pullback: high 70489.96 near EMA 70512.77, reject 70296.56, RSI 33"
2026-03-20T07:05:33.161883+00:00,BTCUSD,indian_king_cobra,SELL,EMA_PULLBACK,0.8,70302.21,70404.50755111022,69995.31734666938,31.4049522222481,10230,44.822161825704136,BOTH,0,HOLD,0.7495976686477661,"Bearish pullback: high 70489.96 near EMA 70512.77, reject 70296.56, RSI 31"
2026-03-20T07:05:43.231925+00:00,BTCUSD,indian_king_cobra,SELL,EMA_PULLBACK,0.8,70306.28,70408.57755111021,69999.38734666938,31.84817565184383,10230,44.822161825704136,BOTH,0,HOLD,0.7527989149093628,"Bearish pullback: high 70489.96 near EMA 70512.77, reject 70296.56, RSI 32"
2026-03-20T07:05:53.299594+00:00,BTCUSD,indian_king_cobra,SELL,EMA_PULLBACK,0.8,70313.89,70416.18755111021,70006.99734666938,32.66172181644603,10230,44.822161825704136,BOTH,0,HOLD,0.7262582778930664,"Bearish pullback: high 70489.96 near EMA 70512.77, reject 70296.56, RSI 33"
2026-03-20T07:06:03.374171+00:00,BTCUSD,indian_king_cobra,SELL,EMA_PULLBACK,0.8,70296.21,70398.50755111022,69989.31734666938,30.762661905382302,10230,44.822161825704136,BOTH,0,HOLD,0.7605491876602173,"Bearish pullback: high 70489.96 near EMA 70512.77, reject 70296.56, RSI 31"
2026-03-20T07:06:13.446218+00:00,BTCUSD,indian_king_cobra,SELL,EMA_PULLBACK,0.8,70276.92,70380.27112253878,69966.86663238367,29.835180174330986,10335,44.822161825703176,BOTH,0,HOLD,0.7747277021408081,"Bearish pullback: high 70489.96 near EMA 70512.77, reject 70296.56, RSI 30"
2026-03-20T07:06:23.521169+00:00,BTCUSD,indian_king_cobra,SELL,EMA_PULLBACK,0.8,70268.32,70372.20397968164,69956.66806095511,29.4394695995597,10388,44.82216182570268,BOTH,0,HOLD,0.8425144553184509,"Bearish pullback: high 70489.96 near EMA 70512.77, reject 70296.56, RSI 29"
2026-03-20T07:06:33.589683+00:00,BTCUSD,indian_king_cobra,SELL,EMA_PULLBACK,0.8,70265.06,70369.18112253878,69952.69663238367,29.292197629705612,10412,44.822161825702466,BOTH,0,HOLD,0.8103906512260437,"Bearish pullback: high 70489.96 near EMA 70512.77, reject 70296.56, RSI 29"
2026-03-20T07:06:43.660434+00:00,BTCUSD,indian_king_cobra,SELL,EMA_PULLBACK,0.8,70270.45,70374.57112253878,69958.08663238367,29.53649581981341,10412,44.822161825702466,BOTH,0,HOLD,0.8175300359725952,"Bearish pullback: high 70489.96 near EMA 70512.77, reject 70296.56, RSI 30"
2026-03-20T07:06:53.731205+00:00,BTCUSD,indian_king_cobra,SELL,EMA_PULLBACK,0.8,70264.45,70368.61040825307,69951.9687752408,29.264804101554105,10416,44.82216182570242,BOTH,0,HOLD,0.8324714303016663,"Bearish pullback: high 70489.96 near EMA 70512.77, reject 70296.56, RSI 29"
2026-03-20T07:07:03.799984+00:00,BTCUSD,indian_king_cobra,SELL,EMA_PULLBACK,0.8,70267.7,70372.26040825306,69954.01877524081,29.411346891200395,10456,44.82216182570205,BOTH,0,HOLD,0.842703104019165,"Bearish pullback: high 70489.96 near EMA 70512.77, reject 70296.56, RSI 29"
2026-03-20T07:07:13.869801+00:00,BTCUSD,indian_king_cobra,SELL,EMA_PULLBACK,0.8,70271.08,70375.64040825306,69957.39877524081,29.565316392686483,10456,44.82216182570205,BOTH,0,HOLD,0.8502748608589172,"Bearish pullback: high 70489.96 near EMA 70512.77, reject 70296.56, RSI 30"
2026-03-20T07:07:23.943828+00:00,BTCUSD,indian_king_cobra,SELL,EMA_PULLBACK,0.8,70270.31,70374.87040825306,69956.62877524081,29.53009887704046,10456,44.82216182570205,BOTH,0,HOLD,0.8422757387161255,"Bearish pullback: high 70489.96 near EMA 70512.77, reject 70296.56, RSI 30"
2026-03-20T07:07:34.018951+00:00,BTCUSD,indian_king_cobra,SELL,EMA_PULLBACK,0.8,70277.39,70381.95040825306,69963.70877524081,29.857113015509967,10456,44.82216182570205,BOTH,0,HOLD,0.8467461466789246,"Bearish pullback: high 70489.96 near EMA 70512.77, reject 70296.56, RSI 30"
2026-03-20T07:07:44.090468+00:00,BTCUSD,indian_king_cobra,SELL,EMA_PULLBACK,0.8,70293.89,70398.45040825306,69980.20877524081,30.648074824586686,10456,44.82216182570205,BOTH,0,HOLD,0.8615793585777283,"Bearish pullback: high 70489.96 near EMA 70512.77, reject 70296.56, RSI 31"
2026-03-20T07:07:54.166341+00:00,BTCUSD,indian_king_cobra,SELL,EMA_PULLBACK,0.8,70308.89,70413.45040825306,69995.20877524081,32.1294031049554,10456,44.82216182570205,BOTH,0,HOLD,0.829574465751648,"Bearish pullback: high 70489.96 near EMA 70512.77, reject 70296.56, RSI 32"
2026-03-20T07:08:04.235301+00:00,BTCUSD,indian_king_cobra,SELL,EMA_PULLBACK,0.8,70317.36,70421.92040825306,70003.67877524081,33.02626923398883,10456,44.82216182570205,BOTH,0,HOLD,0.8209941387176514,"Bearish pullback: high 70489.96 near EMA 70512.77, reject 70296.56, RSI 33"
2026-03-20T07:08:14.303555+00:00,BTCUSD,indian_king_cobra,SELL,EMA_PULLBACK,0.8,70319.41,70423.97040825307,70005.72877524082,33.239787049804505,10456,44.82216182570205,BOTH,0,HOLD,0.8200667500495911,"Bearish pullback: high 70489.96 near EMA 70512.77, reject 70296.56, RSI 33"
2026-03-20T07:08:24.462755+00:00,BTCUSD,indian_king_cobra,SELL,EMA_PULLBACK,0.8,70365.9,70473.12183682449,70044.23448952653,37.74107628616787,10722,44.822161825699595,BOTH,0,HOLD,0.8766853213310242,"Bearish pullback: high 70489.96 near EMA 70512.77, reject 70296.56, RSI 38"
2026-03-20T07:08:34.645597+00:00,BTCUSD,indian_king_cobra,SELL,EMA_PULLBACK,0.8,70362.06,70469.28183682449,70040.39448952653,37.39240360951895,10722,44.822161825699595,BOTH,0,HOLD,0.888446033000946,"Bearish pullback: high 70489.96 near EMA 70512.77, reject 70296.56, RSI 37"
2026-03-20T07:08:44.838843+00:00,BTCUSD,indian_king_cobra,SELL,EMA_PULLBACK,0.8,70365.23,70472.5075511102,70043.39734666939,37.680520132389304,10728,44.82216182569956,BOTH,0,HOLD,0.8875498175621033,"Bearish pullback: high 70489.96 near EMA 70512.77, reject 70296.56, RSI 38"
2026-03-20T07:08:55.020596+00:00,BTCUSD,indian_king_cobra,SELL,EMA_PULLBACK,0.8,70395.11,70505.43683682449,70064.12948952653,40.27138584247837,11033,44.822161825696746,BOTH,0,HOLD,0.8590744137763977,"Bearish pullback: high 70489.96 near EMA 70512.77, reject 70296.56, RSI 40"
2026-03-20T07:09:05.214129+00:00,BTCUSD,indian_king_cobra,SELL,EMA_PULLBACK,0.8,70394.06,70504.38683682449,70063.07948952653,40.183998774982676,11033,44.822161825696746,BOTH,0,HOLD,0.8593654036521912,"Bearish pullback: high 70489.96 near EMA 70512.77, reject 70296.56, RSI 40"
2026-03-20T07:09:15.439999+00:00,BTCUSD,indian_king_cobra,SELL,EMA_PULLBACK,0.8,70377.46,70487.7868368245,70046.47948952654,38.767669254716765,11033,44.822161825696746,BOTH,0,HOLD,0.8218830823898315,"Bearish pullback: high 70489.96 near EMA 70512.77, reject 70296.56, RSI 39"
2026-03-20T07:09:25.761721+00:00,BTCUSD,indian_king_cobra,SELL,EMA_PULLBACK,0.8,70377.14,70487.46683682449,70046.15948952653,38.73970727678636,11033,44.822161825696746,BOTH,0,HOLD,0.8218830823898315,"Bearish pullback: high 70489.96 near EMA 70512.77, reject 70296.56, RSI 39"
2026-03-20T07:09:35.842879+00:00,BTCUSD,indian_king_cobra,SELL,EMA_PULLBACK,0.8,70376.3,70486.6268368245,70045.31948952653,38.66618543441284,11033,44.822161825696746,BOTH,0,HOLD,0.7302398681640625,"Bearish pullback: high 70489.96 near EMA 70512.77, reject 70296.56, RSI 39"
2026-03-20T07:09:45.917065+00:00,BTCUSD,indian_king_cobra,SELL,EMA_PULLBACK,0.8,70373.3,70483.6268368245,70042.31948952653,38.40216061059274,11033,44.822161825696746,BOTH,0,HOLD,0.742638349533081,"Bearish pullback: high 70489.96 near EMA 70512.77, reject 70296.56, RSI 38"
2026-03-20T07:09:55.989754+00:00,BTCUSD,indian_king_cobra,SELL,EMA_PULLBACK,0.8,70362.99,70473.3168368245,70032.00948952654,37.4772056712217,11033,44.822161825696746,BOTH,0,HOLD,0.7691853046417236,"Bearish pullback: high 70489.96 near EMA 70512.77, reject 70296.56, RSI 37"
2026-03-20T07:40:37.269345+00:00,BTCUSD,indian_king_cobra,BUY,MOMENTUM,0.75,70762.27,70640.0995091355,71128.78147259352,62.82876892981411,12217,18.449316566124175,BUY,1.4425210830004438,SELL,0.5348809957504272,"Bullish EMA cross (8/20), vol 1.4x, RSI 63"
2026-03-20T07:40:47.336177+00:00,BTCUSD,indian_king_cobra,BUY,MOMENTUM,0.75,70773.08,70650.37736627835,71141.18790116494,63.24151332672228,12270,19.227732648952436,BUY,1.4411884261483314,SELL,0.6780266761779785,"Bullish EMA cross (8/20), vol 1.4x, RSI 63"
2026-03-20T07:40:57.405040+00:00,BTCUSD,indian_king_cobra,BUY,MOMENTUM,0.75,70773.29,70650.53736627835,71141.54790116493,63.24944074538573,12275,19.30010937079157,BUY,1.4401772525849335,SELL,0.6174970865249634,"Bullish EMA cross (8/20), vol 1.4x, RSI 63"
2026-03-20T07:41:07.472704+00:00,BTCUSD,indian_king_cobra,BUY,MOMENTUM,0.75,70791.18,70667.18450913549,71163.1664725935,63.9124545352132,12400,21.058412300402086,BUY,1.4393268379096547,SELL,0.5677334666252136,"Bullish EMA cross (8/20), vol 1.4x, RSI 64"
2026-03-20T07:41:17.542420+00:00,BTCUSD,indian_king_cobra,BUY,MOMENTUM,0.75,70788.54,70664.54450913549,71160.5264725935,63.81612326420814,12400,21.058412300402086,BUY,1.4382652308600088,SELL,0.4890417754650116,"Bullish EMA cross (8/20), vol 1.4x, RSI 64"
2026-03-20T07:41:27.612186+00:00,BTCUSD,indian_king_cobra,BUY,MOMENTUM,0.75,70761.0,70637.0045091355,71132.9864725935,62.77966889250045,12400,21.058412300402086,BUY,1.4372051886792452,HOLD,0.5184388160705566,"Bullish EMA cross (8/20), vol 1.4x, RSI 63"
2026-03-20T07:41:37.681045+00:00,BTCUSD,indian_king_cobra,BUY,MOMENTUM,0.75,70812.69,70687.02379484978,71189.68861545066,64.67862650911124,12567,23.30472562153426,BUY,1.4348257974320298,SELL,0.5426098108291626,"Bullish EMA cross (8/20), vol 1.4x, RSI 65"
2026-03-20T07:41:47.748060+00:00,BTCUSD,indian_king_cobra,BUY,MOMENTUM,0.75,70808.69,70683.02379484978,71185.68861545066,64.53862132572041,12567,23.30472562153426,BUY,1.4342981133463277,SELL,0.5438594818115234,"Bullish EMA cross (8/20), vol 1.4x, RSI 65"
2026-03-20T07:41:57.818825+00:00,BTCUSD,indian_king_cobra,BUY,MOMENTUM,0.75,70821.92,70695.72093770692,71200.51718687922,64.99750789921251,12620,23.994517382024007,BUY,1.4330859116631147,SELL,0.648859977722168,"Bullish EMA cross (8/20), vol 1.4x, RSI 65"
2026-03-20T07:41:57.842644+00:00,XAUUSD-STD,indian_king_cobra,BUY,EMA_PULLBACK,0.8,4696.48,4688.454042791064,4720.557871626806,57.21021194168847,803,15.796326301281294,BOTH,0,BUY,0.5990917086601257,"Bullish pullback: low 4686.23 near EMA 4685.89, bounce 4693.30, RSI 57"
2026-03-20T07:42:07.909414+00:00,BTCUSD,indian_king_cobra,BUY,MOMENTUM,0.75,70816.41,70690.02236627835,71195.57290116494,64.80784281941537,12639,24.235662971801446,BUY,1.4316129505909991,SELL,0.6372135877609253,"Bullish EMA cross (8/20), vol 1.4x, RSI 65"
2026-03-20T07:42:07.934620+00:00,XAUUSD-STD,indian_king_cobra,BUY,EMA_PULLBACK,0.8,4696.72,4688.694042791065,4720.797871626807,57.392081391597266,803,15.796326301281294,BOTH,0,BUY,0.5432873964309692,"Bullish pullback: low 4686.23 near EMA 4685.89, bounce 4693.30, RSI 57"
2026-03-20T09:20:06.867366+00:00,BTCUSD,indian_king_cobra,SELL,MOMENTUM,0.75,70625.87,70746.90465690262,70262.7660292921,35.72871692872877,12103,28.286671111972545,BOTH,1.475459199036435,HOLD,0.5357316136360168,"Bearish EMA cross (8/20), vol 1.5x, RSI 36"
2026-03-20T09:20:17.030351+00:00,BTCUSD,indian_king_cobra,SELL,MOMENTUM,0.75,70614.82,70737.22394261693,70247.60817214927,35.31590814405364,12240,29.046712441510067,BOTH,1.4739797453123433,HOLD,0.626602053642273,"Bearish EMA cross (8/20), vol 1.5x, RSI 35"
2026-03-20T09:20:27.102352+00:00,BTCUSD,indian_king_cobra,SELL,MOMENTUM,0.75,70604.36,70726.80037118835,70237.03888643497,34.93383441756792,12244,29.0857055421793,BOTH,1.4729458917835672,HOLD,0.612912654876709,"Bearish EMA cross (8/20), vol 1.5x, RSI 35"
2026-03-20T09:20:37.171616+00:00,BTCUSD,indian_king_cobra,SELL,MOMENTUM,0.75,70592.09,70715.40679975977,70222.13960072068,34.49605125101172,12332,30.011082983480204,BOTH,1.470784418356457,HOLD,0.5638842582702637,"Bearish EMA cross (8/20), vol 1.5x, RSI 34"
2026-03-20T09:20:47.236338+00:00,BTCUSD,indian_king_cobra,SELL,MOMENTUM,0.75,70585.21,70709.6625140455,70211.85245786354,34.25534629152891,12445,31.174899556201417,BOTH,1.4685314685314685,HOLD,0.5473029017448425,"Bearish EMA cross (8/20), vol 1.5x, RSI 34"
2026-03-20T09:20:57.305052+00:00,BTCUSD,indian_king_cobra,SELL,MOMENTUM,0.75,70594.38,70719.0925140455,70220.24245786354,34.57692173595407,12471,31.435909014720107,BOTH,1.4666755354529732,HOLD,0.5389228463172913,"Bearish EMA cross (8/20), vol 1.5x, RSI 35"
2026-03-20T09:21:07.371914+00:00,BTCUSD,indian_king_cobra,SELL,MOMENTUM,0.75,70574.53,70699.24251404549,70200.39245786353,33.88827708080919,12471,31.435909014720107,BOTH,1.4652136354575054,HOLD,0.520275354385376,"Bearish EMA cross (8/20), vol 1.5x, RSI 34"
2026-03-20T09:21:17.439704+00:00,BTCUSD,indian_king_cobra,SELL,MOMENTUM,0.75,70558.58,70684.3925140455,70181.14245786353,33.35449571398267,12581,32.51862034638185,BOTH,1.4638518223461463,HOLD,0.46004757285118103,"Bearish EMA cross (8/20), vol 1.5x, RSI 33"
2026-03-20T09:21:27.512570+00:00,BTCUSD,indian_king_cobra,SELL,MOMENTUM,0.75,70586.18,70711.99251404549,70208.74245786353,34.28907927658115,12581,32.51862034638185,BOTH,1.4612326043737573,HOLD,0.5208028554916382,"Bearish EMA cross (8/20), vol 1.5x, RSI 34"
2026-03-20T09:21:37.583245+00:00,BTCUSD,indian_king_cobra,SELL,MOMENTUM,0.75,70591.14,70716.9525140455,70213.70245786353,34.46261326976001,12581,32.51862034638185,BOTH,1.4591053467443091,HOLD,0.5011072754859924,"Bearish EMA cross (8/20), vol 1.5x, RSI 34"
2026-03-20T09:21:47.652816+00:00,BTCUSD,indian_king_cobra,SELL,MOMENTUM,0.75,70560.4,70686.2282283312,70182.9153150064,33.41455224828428,12583,32.533839969973414,BOTH,1.4570805524350756,HOLD,0.45451727509498596,"Bearish EMA cross (8/20), vol 1.5x, RSI 33"
2026-03-20T09:21:47.678743+00:00,XAUUSD-STD,indian_king_cobra,SELL,EMA_PULLBACK,0.8,4685.27,4694.607834100712,4657.256497697864,40.835798999759994,934,16.786903595767793,BOTH,0,BUY,0.5597406625747681,"Bearish pullback: high 4697.33 near EMA 4697.88, reject 4687.53, RSI 41"
2026-03-20T09:21:57.746561+00:00,BTCUSD,indian_king_cobra,SELL,MOMENTUM,0.75,70560.83,70687.3432283312,70181.2903150064,33.428773027432825,12651,33.19067000147625,BOTH,1.455877983559473,HOLD,0.4449114501476288,"Bearish EMA cross (8/20), vol 1.5x, RSI 33"
2026-03-20T09:21:57.772672+00:00,XAUUSD-STD,indian_king_cobra,SELL,EMA_PULLBACK,0.8,4684.98,4694.337119814997,4656.908640555006,40.66549321148242,936,17.155530839574038,BOTH,0,BUY,0.5926655530929565,"Bearish pullback: high 4697.33 near EMA 4697.88, reject 4687.53, RSI 41"
2026-03-20T09:22:07.836416+00:00,BTCUSD,indian_king_cobra,SELL,MOMENTUM,0.75,70616.83,70743.3432283312,70237.2903150064,35.390286979453364,12651,33.19067000147625,BOTH,1.4535746069415605,HOLD,0.553240954875946,"Bearish EMA cross (8/20), vol 1.5x, RSI 35"
2026-03-20T09:22:07.860558+00:00,XAUUSD-STD,indian_king_cobra,SELL,EMA_PULLBACK,0.8,4685.43,4694.792834100713,4657.341497697864,40.930372845682676,936,17.264127337788125,BOTH,0,BUY,0.6433931589126587,"Bearish pullback: high 4697.33 near EMA 4697.88, reject 4687.53, RSI 41"
2026-03-20T09:22:17.926913+00:00,BTCUSD,indian_king_cobra,SELL,MOMENTUM,0.75,70625.36,70751.8732283312,70245.8203150064,35.70945190117695,12651,33.19067000147625,BOTH,1.4521386940630248,HOLD,0.5239234566688538,"Bearish EMA cross (8/20), vol 1.5x, RSI 36"
2026-03-20T09:22:17.952140+00:00,XAUUSD-STD,indian_king_cobra,SELL,EMA_PULLBACK,0.8,4684.88,4694.246405529284,4656.7807834121495,40.60709597637167,937,17.331855689759056,BOTH,0,BUY,0.6225407719612122,"Bearish pullback: high 4697.33 near EMA 4697.88, reject 4687.53, RSI 41"
2026-03-20T09:22:28.019869+00:00,BTCUSD,indian_king_cobra,SELL,MOMENTUM,0.75,70625.09,70751.6032283312,70245.55031500639,35.69926117739263,12651,33.19067000147625,BOTH,1.4502762430939227,HOLD,0.584630012512207,"Bearish EMA cross (8/20), vol 1.5x, RSI 36"
2026-03-20T09:22:28.042309+00:00,XAUUSD-STD,indian_king_cobra,SELL,EMA_PULLBACK,0.8,4687.33,4696.736405529284,4659.110783412149,42.08787171703333,941,18.082906319164454,BOTH,0,BUY,0.5738282203674316,"Bearish pullback: high 4697.33 near EMA 4697.88, reject 4687.53, RSI 42"
2026-03-20T09:22:38.112313+00:00,BTCUSD,indian_king_cobra,SELL,MOMENTUM,0.75,70609.1,70735.6132283312,70229.5603150064,35.10594362468552,12651,33.19067000147625,BOTH,1.448656461467709,HOLD,0.6074004173278809,"Bearish EMA cross (8/20), vol 1.4x, RSI 35"
2026-03-20T09:22:38.135605+00:00,XAUUSD-STD,indian_king_cobra,SELL,EMA_PULLBACK,0.8,4685.23,4694.636405529283,4657.010783412149,40.812223787173664,941,18.082906319164454,BOTH,0,BUY,0.5731319785118103,"Bearish pullback: high 4697.33 near EMA 4697.88, reject 4687.53, RSI 41"
2026-03-20T09:22:48.202402+00:00,BTCUSD,indian_king_cobra,SELL,MOMENTUM,0.75,70608.85,70735.3632283312,70229.3103150064,35.096823782385016,12651,33.19067000147625,BOTH,1.4482758620689655,HOLD,0.6074004173278809,"Bearish EMA cross (8/20), vol 1.4x, RSI 35"
2026-03-20T09:22:48.225755+00:00,XAUUSD-STD,indian_king_cobra,SELL,EMA_PULLBACK,0.8,4685.27,4694.676405529284,4657.05078341215,40.835798999759994,941,18.082906319164454,BOTH,0,BUY,0.5731319785118103,"Bearish pullback: high 4697.33 near EMA 4697.88, reject 4687.53, RSI 41"
2026-03-20T09:22:58.294973+00:00,BTCUSD,indian_king_cobra,SELL,MOMENTUM,0.75,70599.14,70725.6532283312,70219.60031500639,34.7462384882399,12651,33.19067000147625,BOTH,1.4472302441585716,HOLD,0.5702541470527649,"Bearish EMA cross (8/20), vol 1.4x, RSI 35"
2026-03-20T09:22:58.319288+00:00,XAUUSD-STD,indian_king_cobra,SELL,EMA_PULLBACK,0.8,4685.06,4694.466405529284,4656.84078341215,40.71233207194826,941,18.082906319164454,BOTH,0,BUY,0.5349019765853882,"Bearish pullback: high 4697.33 near EMA 4697.88, reject 4687.53, RSI 41"
2026-03-20T09:23:08.383388+00:00,BTCUSD,indian_king_cobra,SELL,MOMENTUM,0.75,70620.2,70746.7132283312,70240.66031500639,35.515697273011625,12651,33.19067000147625,BOTH,1.4459016393442623,HOLD,0.6263651251792908,"Bearish EMA cross (8/20), vol 1.4x, RSI 36"
2026-03-20T09:23:08.409476+00:00,XAUUSD-STD,indian_king_cobra,SELL,EMA_PULLBACK,0.8,4687.32,4696.7264055292835,4659.100783412149,42.081608267193694,941,18.082906319164454,BOTH,0,BUY,0.5738282203674316,"Bearish pullback: high 4697.33 near EMA 4697.88, reject 4687.53, RSI 42"
2026-03-20T09:23:18.476455+00:00,BTCUSD,indian_king_cobra,SELL,MOMENTUM,0.75,70610.03,70736.5432283312,70230.49031500639,35.139911087734504,12651,33.19067000147625,BOTH,1.4453329837441007,HOLD,0.6056767702102661,"Bearish EMA cross (8/20), vol 1.4x, RSI 35"
2026-03-20T09:23:18.501018+00:00,XAUUSD-STD,indian_king_cobra,SELL,EMA_PULLBACK,0.8,4685.86,4695.2664055292835,4657.640783412149,41.18672426008891,941,18.082906319164454,BOTH,0,BUY,0.5284521579742432,"Bearish pullback: high 4697.33 near EMA 4697.88, reject 4687.53, RSI 41"
2026-03-20T09:23:28.567511+00:00,BTCUSD,indian_king_cobra,SELL,MOMENTUM,0.75,70610.04,70736.55322833119,70230.50031500639,35.14027668647297,12651,33.19067000147625,BOTH,1.4439132997184205,HOLD,0.6056767702102661,"Bearish EMA cross (8/20), vol 1.4x, RSI 35"
2026-03-20T09:23:28.590456+00:00,XAUUSD-STD,indian_king_cobra,SELL,EMA_PULLBACK,0.8,4686.06,4695.466405529284,4657.84078341215,41.30705477853903,941,18.082906319164454,BOTH,0,BUY,0.5279026031494141,"Bearish pullback: high 4697.33 near EMA 4697.88, reject 4687.53, RSI 41"
2026-03-20T09:23:38.659504+00:00,BTCUSD,indian_king_cobra,SELL,MOMENTUM,0.75,70613.58,70740.0932283312,70234.0403150064,35.270178420701725,12651,33.19067000147625,BOTH,1.4437714846947127,HOLD,0.6418358087539673,"Bearish EMA cross (8/20), vol 1.4x, RSI 35"
2026-03-20T09:23:38.683964+00:00,XAUUSD-STD,indian_king_cobra,SELL,EMA_PULLBACK,0.8,4685.16,4694.566405529284,4656.940783412149,40.771032598983254,941,18.082906319164454,BOTH,0,BUY,0.5557941198348999,"Bearish pullback: high 4697.33 near EMA 4697.88, reject 4687.53, RSI 41"
2026-03-20T09:23:48.747627+00:00,BTCUSD,indian_king_cobra,SELL,MOMENTUM,0.75,70613.43,70739.94322833119,70233.89031500639,35.26465462758834,12651,33.19067000147625,BOTH,1.4428739693757362,HOLD,0.6418358087539673,"Bearish EMA cross (8/20), vol 1.4x, RSI 35"
2026-03-20T09:23:48.770309+00:00,XAUUSD-STD,indian_king_cobra,SELL,EMA_PULLBACK,0.8,4687.72,4697.126405529284,4659.50078341215,42.376976180020485,941,18.082906319164454,BOTH,0,BUY,0.5551706552505493,"Bearish pullback: high 4697.33 near EMA 4697.88, reject 4687.53, RSI 42"
2026-03-20T09:23:58.832293+00:00,BTCUSD,indian_king_cobra,SELL,MOMENTUM,0.75,70621.11,70747.6232283312,70241.5703150064,35.549714327581015,12651,33.19067000147625,BOTH,1.4420718746934371,HOLD,0.6244857907295227,"Bearish EMA cross (8/20), vol 1.4x, RSI 36"
2026-03-20T09:23:58.854169+00:00,XAUUSD-STD,indian_king_cobra,SELL,EMA_PULLBACK,0.8,4689.56,4699.039262672141,4661.122211983578,43.91323412187019,948,18.082906319164156,BOTH,0,BUY,0.5548040270805359,"Bearish pullback: high 4697.33 near EMA 4697.88, reject 4687.53, RSI 44"
2026-03-20T09:24:08.919320+00:00,BTCUSD,indian_king_cobra,SELL,MOMENTUM,0.75,70553.74,70680.30108547406,70174.05674357784,33.19583035058781,12656,33.23608141533146,BOTH,1.440235140431091,HOLD,0.5075352787971497,"Bearish EMA cross (8/20), vol 1.4x, RSI 33"
2026-03-20T09:24:08.940990+00:00,XAUUSD-STD,indian_king_cobra,SELL,EMA_PULLBACK,0.8,4686.79,4696.275691243569,4658.332926269292,41.75229226678073,949,18.08290631916413,BOTH,0,BUY,0.5405811667442322,"Bearish pullback: high 4697.33 near EMA 4697.88, reject 4687.53, RSI 42"
2026-03-20T09:24:19.006043+00:00,BTCUSD,indian_king_cobra,SELL,MOMENTUM,0.75,70561.65,70688.21108547405,70181.96674357782,33.45592530023379,12656,33.23608141533146,BOTH,1.438590768227043,HOLD,0.4864329397678375,"Bearish EMA cross (8/20), vol 1.4x, RSI 33"
2026-03-20T09:24:19.034364+00:00,XAUUSD-STD,indian_king_cobra,SELL,EMA_PULLBACK,0.8,4687.48,4696.9656912435685,4659.022926269292,42.18204770655089,949,18.08290631916413,BOTH,0,BUY,0.5251763463020325,"Bearish pullback: high 4697.33 near EMA 4697.88, reject 4687.53, RSI 42"
2026-03-20T09:24:29.099657+00:00,BTCUSD,indian_king_cobra,SELL,MOMENTUM,0.75,70573.66,70700.22108547406,70193.97674357783,33.858721591615364,12656,33.23608141533146,BOTH,1.4366692728694292,HOLD,0.503313422203064,"Bearish EMA cross (8/20), vol 1.4x, RSI 34"
2026-03-20T09:24:29.122875+00:00,XAUUSD-STD,indian_king_cobra,SELL,EMA_PULLBACK,0.8,4687.31,4696.795691243569,4658.852926269293,42.075346681310435,949,18.08290631916413,BOTH,0,BUY,0.5354846715927124,"Bearish pullback: high 4697.33 near EMA 4697.88, reject 4687.53, RSI 42"
2026-03-20T09:24:39.189086+00:00,BTCUSD,indian_king_cobra,SELL,MOMENTUM,0.75,70520.05,70649.34894261693,70132.15317214925,32.13188432648715,12930,35.73507936197226,BOTH,1.4347529036665907,HOLD,0.4408147633075714,"Bearish EMA cross (8/20), vol 1.4x, RSI 32"
2026-03-20T09:24:39.214696+00:00,XAUUSD-STD,indian_king_cobra,SELL,EMA_PULLBACK,0.8,4686.27,4695.755691243569,4657.812926269293,41.434160875386866,949,18.08290631916413,BOTH,0,BUY,0.5130729675292969,"Bearish pullback: high 4697.33 near EMA 4697.88, reject 4687.53, RSI 41"
2026-03-20T09:24:49.281017+00:00,BTCUSD,indian_king_cobra,SELL,MOMENTUM,0.75,70503.94,70633.94037118835,70113.93888643497,31.64686253700522,13000,36.34549533840771,BOTH,1.433214169645759,HOLD,0.4570459723472595,"Bearish EMA cross (8/20), vol 1.4x, RSI 32"
2026-03-20T09:24:49.308177+00:00,XAUUSD-STD,indian_king_cobra,SELL,EMA_PULLBACK,0.8,4686.87,4696.355691243569,4658.412926269292,41.80166967033021,949,18.08290631916413,BOTH,0,BUY,0.5373052954673767,"Bearish pullback: high 4697.33 near EMA 4697.88, reject 4687.53, RSI 42"
2026-03-20T09:24:59.370619+00:00,BTCUSD,indian_king_cobra,SELL,MOMENTUM,0.75,70423.33,70558.7975140455,70016.92745786354,29.42443995622675,13547,40.73322801375565,BOTH,1.4301929625425651,SELL,0.3525439500808716,"Bearish EMA cross (8/20), vol 1.4x, RSI 29"
2026-03-20T09:24:59.395299+00:00,XAUUSD-STD,indian_king_cobra,SELL,EMA_PULLBACK,0.8,4687.03,4696.515691243569,4658.572926269292,41.900775678522294,949,18.08290631916413,BOTH,0,BUY,0.5543615221977234,"Bearish pullback: high 4697.33 near EMA 4697.88, reject 4687.53, RSI 42"
2026-03-20T09:25:09.457952+00:00,BTCUSD,indian_king_cobra,SELL,MOMENTUM,0.75,70501.68,70632.45769184045,70109.34692447861,33.72795428992238,13078,40.73321544673781,BOTH,1.5980533999736946,HOLD,0.505297839641571,"Bearish EMA cross (8/20), vol 1.6x, RSI 34"
2026-03-20T09:25:19.523811+00:00,BTCUSD,indian_king_cobra,SELL,MOMENTUM,0.75,70482.84,70613.62126326903,70090.4962101929,32.58456590580268,13078,40.73321544673781,BOTH,1.5960591133004927,HOLD,0.4771755039691925,"Bearish EMA cross (8/20), vol 1.6x, RSI 33"
2026-03-20T09:25:29.597771+00:00,BTCUSD,indian_king_cobra,SELL,MOMENTUM,0.75,70500.18,70631.03054898331,70107.62835305004,33.63834314593174,13085,40.733215446737766,BOTH,1.5942789660149588,HOLD,0.5352029204368591,"Bearish EMA cross (8/20), vol 1.6x, RSI 34"
2026-03-20T09:25:39.664063+00:00,BTCUSD,indian_king_cobra,SELL,MOMENTUM,0.75,70525.27,70659.04197755475,70123.95406733576,35.10606961268731,13377,40.73321544673615,BOTH,1.5919811320754718,HOLD,0.5319517850875854,"Bearish EMA cross (8/20), vol 1.6x, RSI 35"
2026-03-20T09:25:49.735000+00:00,BTCUSD,indian_king_cobra,SELL,MOMENTUM,0.75,70526.11,70659.88197755475,70124.79406733575,35.15408596295454,13377,40.73321544673615,BOTH,1.590262098753313,HOLD,0.5319517850875854,"Bearish EMA cross (8/20), vol 1.6x, RSI 35"
2026-03-20T09:25:59.804005+00:00,BTCUSD,indian_king_cobra,SELL,MOMENTUM,0.75,70510.2,70643.97197755474,70108.88406733575,34.232389277327286,13377,40.73321544673615,BOTH,1.5889622703197541,HOLD,0.4216480255126953,"Bearish EMA cross (8/20), vol 1.6x, RSI 34"
2026-03-20T09:26:09.870617+00:00,BTCUSD,indian_king_cobra,SELL,MOMENTUM,0.75,70511.49,70645.26197755475,70110.17406733576,34.30809640808327,13377,40.73321544673615,BOTH,1.5882871989280696,HOLD,0.44456425309181213,"Bearish EMA cross (8/20), vol 1.6x, RSI 34"
2026-03-20T09:26:19.934638+00:00,BTCUSD,indian_king_cobra,SELL,MOMENTUM,0.75,70403.75,70539.55769184047,69996.3269244786,28.860779648913905,13581,41.78395793649748,BOTH,1.5863171981590887,HOLD,0.4542180895805359,"Bearish EMA cross (8/20), vol 1.6x, RSI 29"
2026-03-20T09:26:30.005255+00:00,BTCUSD,indian_king_cobra,SELL,MOMENTUM,0.75,70480.59,70616.54840612618,70072.71478162146,32.44537203078167,13596,41.90074415081981,BOTH,1.584145506698393,HOLD,0.4193567633628845,"Bearish EMA cross (8/20), vol 1.6x, RSI 32"
2026-03-20T09:26:40.075012+00:00,BTCUSD,indian_king_cobra,SELL,MOMENTUM,0.75,70484.36,70620.31840612619,70076.48478162146,32.67827491037815,13596,41.90074415081981,BOTH,1.5824433446209951,HOLD,0.46837663650512695,"Bearish EMA cross (8/20), vol 1.6x, RSI 33"
2026-03-20T09:26:50.145037+00:00,BTCUSD,indian_king_cobra,SELL,MOMENTUM,0.75,70474.85,70610.80840612619,70066.97478162147,32.087655601254454,13596,41.90074415081981,BOTH,1.5816708432323365,HOLD,0.4821168780326843,"Bearish EMA cross (8/20), vol 1.6x, RSI 32"
2026-03-20T09:27:00.213410+00:00,BTCUSD,indian_king_cobra,SELL,MOMENTUM,0.75,70457.17,70593.12840612618,70049.29478162146,30.961639453555094,13596,41.90074415081981,BOTH,1.5807962529274004,HOLD,0.4752998948097229,"Bearish EMA cross (8/20), vol 1.6x, RSI 31"
2026-03-20T09:27:10.284140+00:00,BTCUSD,indian_king_cobra,SELL,MOMENTUM,0.75,70492.0,70627.95840612618,70084.12478162146,33.145367808068485,13596,41.90074415081981,BOTH,1.5794605134871629,HOLD,0.47083988785743713,"Bearish EMA cross (8/20), vol 1.6x, RSI 33"
2026-03-20T09:27:20.356131+00:00,BTCUSD,indian_king_cobra,SELL,MOMENTUM,0.75,70502.49,70638.44840612619,70094.61478162147,33.77624375243104,13596,41.90074415081981,BOTH,1.5780245470485095,HOLD,0.47446849942207336,"Bearish EMA cross (8/20), vol 1.6x, RSI 34"
2026-03-20T09:27:30.422950+00:00,BTCUSD,indian_king_cobra,SELL,MOMENTUM,0.75,70503.95,70639.90840612618,70096.07478162146,33.86310651219166,13596,41.90074415081981,BOTH,1.5772051664827675,HOLD,0.4731312692165375,"Bearish EMA cross (8/20), vol 1.6x, RSI 34"
2026-03-20T09:27:40.494662+00:00,BTCUSD,indian_king_cobra,SELL,MOMENTUM,0.75,70498.65,70634.60840612618,70090.77478162145,33.54668977641465,13596,41.90074415081981,BOTH,1.5764377696324887,HOLD,0.44276854395866394,"Bearish EMA cross (8/20), vol 1.6x, RSI 34"
2026-03-20T09:27:50.564080+00:00,BTCUSD,indian_king_cobra,SELL,MOMENTUM,0.75,70511.23,70647.18840612618,70103.35478162146,34.292851634460064,13596,41.90074415081981,BOTH,1.5757732961545943,HOLD,0.5203040838241577,"Bearish EMA cross (8/20), vol 1.6x, RSI 34"
2026-03-20T09:28:00.634786+00:00,BTCUSD,indian_king_cobra,SELL,MOMENTUM,0.75,70515.24,70651.19840612619,70107.36478162147,34.52718878576874,13596,41.90074415081981,BOTH,1.5744460282493196,HOLD,0.5020955204963684,"Bearish EMA cross (8/20), vol 1.6x, RSI 35"
2026-03-20T09:28:10.702471+00:00,BTCUSD,indian_king_cobra,SELL,MOMENTUM,0.75,70503.27,70639.22840612619,70095.39478162146,33.82267825156889,13596,41.90074415081981,BOTH,1.5731209943678384,HOLD,0.47214916348457336,"Bearish EMA cross (8/20), vol 1.6x, RSI 34"
2026-03-20T09:28:20.773506+00:00,BTCUSD,indian_king_cobra,SELL,MOMENTUM,0.75,70513.78,70649.73840612618,70105.90478162146,34.44206277340113,13596,41.90074415081981,BOTH,1.5714424289455817,HOLD,0.5186434388160706,"Bearish EMA cross (8/20), vol 1.6x, RSI 34"
2026-03-20T09:28:30.838645+00:00,BTCUSD,indian_king_cobra,SELL,MOMENTUM,0.75,70498.47,70634.42840612619,70090.59478162146,33.53589038006022,13596,41.90074415081981,BOTH,1.5707313920041368,HOLD,0.535518229007721,"Bearish EMA cross (8/20), vol 1.6x, RSI 34"
2026-03-20T09:28:40.913371+00:00,BTCUSD,indian_king_cobra,SELL,MOMENTUM,0.75,70483.8,70619.75840612619,70075.92478162146,32.64378086506591,13596,41.90074415081981,BOTH,1.569868854577169,HOLD,0.516022264957428,"Bearish EMA cross (8/20), vol 1.6x, RSI 33"
2026-03-20T09:28:50.978189+00:00,BTCUSD,indian_king_cobra,SELL,MOMENTUM,0.75,70484.65,70620.60840612618,70076.77478162145,32.69612401663299,13596,41.90074415081981,BOTH,1.569666042245333,HOLD,0.516022264957428,"Bearish EMA cross (8/20), vol 1.6x, RSI 33"
2026-03-20T09:29:01.047573+00:00,BTCUSD,indian_king_cobra,SELL,MOMENTUM,0.75,70505.82,70641.77840612619,70097.94478162147,33.97402995845887,13596,41.90074415081981,BOTH,1.5686021366555853,HOLD,0.5455062985420227,"Bearish EMA cross (8/20), vol 1.6x, RSI 34"
2026-03-20T09:29:11.114669+00:00,BTCUSD,indian_king_cobra,SELL,MOMENTUM,0.75,70521.71,70657.66840612619,70113.83478162147,34.90177996674639,13596,41.90074415081981,BOTH,1.566933195769925,HOLD,0.5633749961853027,"Bearish EMA cross (8/20), vol 1.6x, RSI 35"
2026-03-20T09:29:21.181016+00:00,BTCUSD,indian_king_cobra,SELL,MOMENTUM,0.75,70502.42,70638.37840612618,70094.54478162146,33.77207336719077,13596,41.90074415081981,BOTH,1.5655703379183712,HOLD,0.544954776763916,"Bearish EMA cross (8/20), vol 1.6x, RSI 34"
2026-03-20T09:29:31.248198+00:00,BTCUSD,indian_king_cobra,SELL,MOMENTUM,0.75,70495.04,70630.99840612618,70087.16478162145,33.32942908338897,13596,41.90074415081981,BOTH,1.5650157789656727,HOLD,0.545295000076294,"Bearish EMA cross (8/20), vol 1.6x, RSI 33"
2026-03-20T09:29:41.315876+00:00,BTCUSD,indian_king_cobra,SELL,MOMENTUM,0.75,70512.3,70648.25840612619,70104.42478162146,34.355544426744984,13596,41.90074415081981,BOTH,1.5644112534603745,HOLD,0.5457402467727661,"Bearish EMA cross (8/20), vol 1.6x, RSI 34"
2026-03-20T09:29:51.383544+00:00,BTCUSD,indian_king_cobra,SELL,MOMENTUM,0.75,70518.83,70654.78840612619,70110.95478162146,34.7355683678869,13596,41.90074415081981,BOTH,1.5637568776344155,HOLD,0.4919271171092987,"Bearish EMA cross (8/20), vol 1.6x, RSI 35"
2026-03-20T09:30:01.455434+00:00,BTCUSD,indian_king_cobra,SELL,MOMENTUM,0.75,70496.19,70622.65281251167,70116.80156246499,33.43032080411807,12646,41.900741067343986,BOTH,1.5882871989280696,BUY,0.4422357976436615,"Bearish EMA cross (8/20), vol 1.6x, RSI 33"
2026-03-20T09:30:11.527524+00:00,BTCUSD,indian_king_cobra,SELL,MOMENTUM,0.75,70519.16,70647.2942410831,70134.75727675071,34.85161588330949,12813,41.900741067342985,BOTH,1.5876645650256442,HOLD,0.40689778327941895,"Bearish EMA cross (8/20), vol 1.6x, RSI 35"
2026-03-20T09:30:21.600672+00:00,BTCUSD,indian_king_cobra,SELL,MOMENTUM,0.75,70522.04,70650.43066965452,70136.86799103642,35.029942925419064,12839,41.900741067342835,BOTH,1.587353431100369,HOLD,0.4761897921562195,"Bearish EMA cross (8/20), vol 1.6x, RSI 35"
2026-03-20T09:30:31.675263+00:00,BTCUSD,indian_king_cobra,SELL,MOMENTUM,0.75,70515.6,70644.70209822596,70128.29370532214,34.62982631949589,12910,41.900741067342416,BOTH,1.5856961075402134,HOLD,0.4674747884273529,"Bearish EMA cross (8/20), vol 1.6x, RSI 35"
2026-03-20T09:30:41.745919+00:00,BTCUSD,indian_king_cobra,SELL,MOMENTUM,0.75,70518.59,70647.69209822595,70131.28370532213,34.816205880493484,12910,41.900741067342416,BOTH,1.5847137080996478,HOLD,0.47087669372558594,"Bearish EMA cross (8/20), vol 1.6x, RSI 35"
2026-03-20T09:30:51.814124+00:00,BTCUSD,indian_king_cobra,SELL,MOMENTUM,0.75,70502.54,70631.7692410831,70114.8522767507,33.80308742100837,12923,41.90074106734233,BOTH,1.5833197589183907,HOLD,0.3721120059490204,"Bearish EMA cross (8/20), vol 1.6x, RSI 34"
2026-03-20T09:31:01.879089+00:00,BTCUSD,indian_king_cobra,SELL,MOMENTUM,0.75,70530.27,70659.4992410831,70142.5822767507,35.534198020386185,12923,41.90074106734233,BOTH,1.582185760328157,HOLD,0.5067043304443359,"Bearish EMA cross (8/20), vol 1.6x, RSI 36"
2026-03-20T09:31:11.950301+00:00,BTCUSD,indian_king_cobra,SELL,MOMENTUM,0.75,70560.78,70693.39852679739,70162.92441960784,37.337171802115975,13262,36.31645155388854,BOTH,1.5794605134871629,HOLD,0.6365352272987366,"Bearish EMA cross (8/20), vol 1.6x, RSI 37"
2026-03-20T09:31:22.015544+00:00,BTCUSD,indian_king_cobra,SELL,MOMENTUM,0.75,70552.85,70685.4685267974,70154.99441960784,36.87832307709502,13262,36.31645155388854,BOTH,1.57797331082178,HOLD,0.6668656468391418,"Bearish EMA cross (8/20), vol 1.6x, RSI 37"
2026-03-20T09:31:32.092347+00:00,BTCUSD,indian_king_cobra,SELL,MOMENTUM,0.75,70560.77,70693.3885267974,70162.91441960784,37.33659737916062,13262,36.31645155388854,BOTH,1.57633550647076,HOLD,0.6365352272987366,"Bearish EMA cross (8/20), vol 1.6x, RSI 37"
2026-03-20T09:31:42.162787+00:00,BTCUSD,indian_king_cobra,SELL,MOMENTUM,0.75,70582.83,70718.18566965453,70176.76299103642,38.57866868458222,13536,31.365139012861746,BOTH,1.5736303587618186,HOLD,0.5952879190444946,"Bearish EMA cross (8/20), vol 1.6x, RSI 39"
2026-03-20T09:31:52.228889+00:00,BTCUSD,indian_king_cobra,SELL,MOMENTUM,0.75,70588.04,70723.39566965452,70181.97299103641,38.86485949551341,13536,31.365139012861746,BOTH,1.5715948777648427,HOLD,0.6167986989021301,"Bearish EMA cross (8/20), vol 1.6x, RSI 39"
2026-03-20T09:32:02.297071+00:00,BTCUSD,indian_king_cobra,SELL,MOMENTUM,0.75,70588.94,70724.29566965453,70182.87299103642,38.9140275175972,13536,31.365139012861746,BOTH,1.5703761147731679,HOLD,0.6206012964248657,"Bearish EMA cross (8/20), vol 1.6x, RSI 39"
2026-03-20T09:32:12.364351+00:00,BTCUSD,indian_king_cobra,SELL,MOMENTUM,0.75,70601.41,70736.76566965453,70195.34299103642,39.587228172211546,13536,31.365139012861746,BOTH,1.5687540348612008,HOLD,0.6069716215133667,"Bearish EMA cross (8/20), vol 1.6x, RSI 40"
2026-03-20T09:32:22.434056+00:00,BTCUSD,indian_king_cobra,SELL,MOMENTUM,0.75,70612.06,70747.7942410831,70204.8572767507,40.15053686187451,13573,30.708500621759576,BOTH,1.5667816499564784,HOLD,0.6423288583755493,"Bearish EMA cross (8/20), vol 1.6x, RSI 40"
2026-03-20T09:32:32.501913+00:00,BTCUSD,indian_king_cobra,SELL,MOMENTUM,0.75,70619.56,70756.13066965452,70209.84799103641,40.540970439997984,13657,29.28072180391852,BOTH,1.565318216954393,HOLD,0.6361531019210815,"Bearish EMA cross (8/20), vol 1.6x, RSI 41"
2026-03-20T09:33:12.595092+00:00,BTCUSD,indian_king_cobra,SELL,MOMENTUM,0.75,70632.2,70770.03638394024,70218.69084817926,41.187579471446035,13784,27.178504350165163,BOTH,1.5603929878636102,HOLD,0.6579676866531372,"Bearish EMA cross (8/20), vol 1.6x, RSI 41"
2026-03-20T09:33:22.665568+00:00,BTCUSD,indian_king_cobra,SELL,MOMENTUM,0.75,70627.63,70765.46638394025,70214.12084817927,40.95542713392798,13784,27.178504350165163,BOTH,1.5591915303176132,HOLD,0.6769286394119263,"Bearish EMA cross (8/20), vol 1.6x, RSI 41"
2026-03-20T09:33:32.732122+00:00,BTCUSD,indian_king_cobra,SELL,MOMENTUM,0.75,70633.3,70771.13638394025,70219.79084817927,41.24318625789379,13784,27.178504350165163,BOTH,1.5584915341200618,HOLD,0.6907020211219788,"Bearish EMA cross (8/20), vol 1.6x, RSI 41"
2026-03-20T09:33:42.803839+00:00,BTCUSD,indian_king_cobra,SELL,MOMENTUM,0.75,70618.76,70756.59638394024,70205.25084817926,40.499567064327586,13784,27.178504350165163,BOTH,1.5578920374406977,HOLD,0.6234833002090454,"Bearish EMA cross (8/20), vol 1.6x, RSI 40"
2026-03-20T09:33:52.873194+00:00,BTCUSD,indian_king_cobra,SELL,MOMENTUM,0.75,70619.4,70757.23638394024,70205.89084817926,40.53269437519155,13784,27.178504350165163,BOTH,1.5573429038356779,HOLD,0.6715670228004456,"Bearish EMA cross (8/20), vol 1.6x, RSI 41"
2026-03-20T09:34:02.945357+00:00,BTCUSD,indian_king_cobra,SELL,MOMENTUM,0.75,70617.76,70755.59638394024,70204.25084817926,40.4477316880361,13784,27.178504350165163,BOTH,1.5563953115993083,HOLD,0.5929612517356873,"Bearish EMA cross (8/20), vol 1.6x, RSI 40"
2026-03-20T09:34:13.020198+00:00,BTCUSD,indian_king_cobra,SELL,MOMENTUM,0.75,70607.15,70744.98638394024,70193.64084817926,39.89214382188253,13784,27.178504350165163,BOTH,1.5553990910836588,HOLD,0.5547735095024109,"Bearish EMA cross (8/20), vol 1.6x, RSI 40"
2026-03-20T09:34:23.089126+00:00,BTCUSD,indian_king_cobra,SELL,MOMENTUM,0.75,70609.72,70747.55638394025,70196.21084817927,40.02766997334518,13784,27.178504350165163,BOTH,1.5542053086024945,HOLD,0.5634328126907349,"Bearish EMA cross (8/20), vol 1.6x, RSI 40"
2026-03-20T09:34:33.158136+00:00,BTCUSD,indian_king_cobra,SELL,MOMENTUM,0.75,70600.11,70737.94638394025,70186.60084817927,39.51774047115373,13784,27.178504350165163,BOTH,1.5533111736128868,HOLD,0.552638590335846,"Bearish EMA cross (8/20), vol 1.6x, RSI 40"
2026-03-20T09:34:43.222721+00:00,BTCUSD,indian_king_cobra,SELL,MOMENTUM,0.75,70604.31,70742.14638394024,70190.80084817926,39.74166529685214,13784,27.178504350165163,BOTH,1.552269315532275,HOLD,0.5636438131332397,"Bearish EMA cross (8/20), vol 1.6x, RSI 40"
2026-03-20T09:34:53.291349+00:00,BTCUSD,indian_king_cobra,SELL,MOMENTUM,0.75,70604.83,70742.66638394025,70191.32084817927,39.76927402424284,13784,27.178504350165163,BOTH,1.5511793431425744,HOLD,0.5700187683105469,"Bearish EMA cross (8/20), vol 1.6x, RSI 40"
2026-03-20T09:35:03.321814+00:00,XAUUSD-STD,indian_king_cobra,SELL,EMA_PULLBACK,0.8,4678.45,4687.41713548444,4651.548593546679,38.05209308445319,897,23.98293778730879,BOTH,0,HOLD,0.5334296226501465,"Bearish pullback: high 4692.43 near EMA 4694.65, reject 4678.16, RSI 38"
2026-03-20T09:35:13.348067+00:00,XAUUSD-STD,indian_king_cobra,SELL,EMA_PULLBACK,0.8,4677.38,4686.4328497701545,4650.221450689536,37.38795185931101,905,24.784302597000522,BOTH,0,HOLD,0.3785066306591034,"Bearish pullback: high 4692.43 near EMA 4694.65, reject 4678.16, RSI 37"
2026-03-20T09:35:23.377507+00:00,XAUUSD-STD,indian_king_cobra,SELL,EMA_PULLBACK,0.8,4677.49,4686.542849770154,4650.331450689536,37.44536735218888,905,24.784302597000522,BOTH,0,SELL,0.35211485624313354,"Bearish pullback: high 4692.43 near EMA 4694.65, reject 4678.16, RSI 37"
2026-03-20T09:35:33.403483+00:00,XAUUSD-STD,indian_king_cobra,SELL,EMA_PULLBACK,0.8,4677.95,4687.002849770154,4650.791450689536,37.68739147117487,905,24.784302597000522,BOTH,0,HOLD,0.4040730893611908,"Bearish pullback: high 4692.43 near EMA 4694.65, reject 4678.16, RSI 38"
2026-03-20T09:35:43.432300+00:00,XAUUSD-STD,indian_king_cobra,SELL,EMA_PULLBACK,0.8,4678.58,4687.634278341583,4651.417164975251,38.16491491273711,905,24.784302597000522,BOTH,0,HOLD,0.4277195930480957,"Bearish pullback: high 4692.43 near EMA 4694.65, reject 4678.16, RSI 38"
2026-03-20T09:35:53.459737+00:00,XAUUSD-STD,indian_king_cobra,SELL,EMA_PULLBACK,0.8,4679.31,4688.419278341584,4651.982164975251,38.790897161446644,911,24.784302597000213,BOTH,0,SELL,0.3845564126968384,"Bearish pullback: high 4692.43 near EMA 4694.65, reject 4678.16, RSI 39"
2026-03-20T09:36:03.488480+00:00,XAUUSD-STD,indian_king_cobra,SELL,EMA_PULLBACK,0.8,4679.64,4688.772849770155,4652.241450689537,39.069734676792955,913,24.784302597000078,BOTH,0,BUY,0.4250180721282959,"Bearish pullback: high 4692.43 near EMA 4694.65, reject 4678.16, RSI 39"
2026-03-20T09:36:13.517248+00:00,XAUUSD-STD,indian_king_cobra,SELL,EMA_PULLBACK,0.8,4678.48,4687.614278341583,4651.0771649752505,38.078165417057114,913,24.784302597000064,BOTH,0,BUY,0.5430610775947571,"Bearish pullback: high 4692.43 near EMA 4694.65, reject 4678.16, RSI 38"
2026-03-20T09:36:23.545509+00:00,XAUUSD-STD,indian_king_cobra,SELL,EMA_PULLBACK,0.8,4678.61,4687.744278341583,4651.207164975251,38.19089238393207,913,24.784302597000064,BOTH,0,BUY,0.49997133016586304,"Bearish pullback: high 4692.43 near EMA 4694.65, reject 4678.16, RSI 38"
2026-03-20T09:36:33.570450+00:00,XAUUSD-STD,indian_king_cobra,SELL,EMA_PULLBACK,0.8,4677.93,4687.064278341583,4650.527164975251,37.67680364584173,913,24.784302597000064,BOTH,0,BUY,0.49165478348731995,"Bearish pullback: high 4692.43 near EMA 4694.65, reject 4678.16, RSI 38"
2026-03-20T09:36:43.599667+00:00,XAUUSD-STD,indian_king_cobra,SELL,EMA_PULLBACK,0.8,4678.43,4687.564278341583,4651.027164975251,38.03469932838563,913,24.784302597000064,BOTH,0,BUY,0.5146868228912354,"Bearish pullback: high 4692.43 near EMA 4694.65, reject 4678.16, RSI 38"
2026-03-20T09:36:53.626317+00:00,XAUUSD-STD,indian_king_cobra,SELL,EMA_PULLBACK,0.8,4677.91,4687.044278341583,4650.507164975251,37.666221767885,913,24.784302597000064,BOTH,0,BUY,0.5055174827575684,"Bearish pullback: high 4692.43 near EMA 4694.65, reject 4678.16, RSI 38"
2026-03-20T09:37:03.651519+00:00,XAUUSD-STD,indian_king_cobra,SELL,EMA_PULLBACK,0.8,4678.32,4687.454278341583,4650.917164975251,37.93885880321422,913,24.784302597000064,BOTH,0,BUY,0.5146619081497192,"Bearish pullback: high 4692.43 near EMA 4694.65, reject 4678.16, RSI 38"
2026-03-20T09:37:13.680324+00:00,XAUUSD-STD,indian_king_cobra,SELL,EMA_PULLBACK,0.8,4679.86,4689.014992627297,4652.395022118108,39.254219247304,915,24.784302596999954,BOTH,0,SELL,0.43214669823646545,"Bearish pullback: high 4692.43 near EMA 4694.65, reject 4678.16, RSI 39"
2026-03-20T09:37:23.707073+00:00,XAUUSD-STD,indian_king_cobra,SELL,EMA_PULLBACK,0.8,4680.38,4689.567849770155,4652.816450689536,39.68586428441858,919,24.78430259699977,BOTH,0,BUY,0.47545158863067627,"Bearish pullback: high 4692.43 near EMA 4694.65, reject 4678.16, RSI 40"
2026-03-20T09:37:33.731395+00:00,XAUUSD-STD,indian_king_cobra,SELL,EMA_PULLBACK,0.8,4680.92,4690.154992627297,4653.215022118108,40.12766583880336,923,24.784302596999506,BOTH,0,BUY,0.47394493222236633,"Bearish pullback: high 4692.43 near EMA 4694.65, reject 4678.16, RSI 40"
2026-03-20T09:37:43.758610+00:00,XAUUSD-STD,indian_king_cobra,SELL,EMA_PULLBACK,0.8,4682.72,4692.076421198726,4654.6507364038225,41.55470673098022,936,24.78430259699882,BOTH,0,SELL,0.5602887272834778,"Bearish pullback: high 4692.43 near EMA 4694.65, reject 4678.16, RSI 42"
2026-03-20T09:37:53.785710+00:00,XAUUSD-STD,indian_king_cobra,SELL,EMA_PULLBACK,0.8,4682.56,4691.934278341583,4654.437164975251,41.43061914408871,937,24.784302596998717,BOTH,0,SELL,0.528804361820221,"Bearish pullback: high 4692.43 near EMA 4694.65, reject 4678.16, RSI 41"
2026-03-20T09:38:03.814138+00:00,XAUUSD-STD,indian_king_cobra,SELL,EMA_PULLBACK,0.8,4682.83,4692.204278341583,4654.707164975251,41.639712388688565,937,24.784302596998717,BOTH,0,SELL,0.5652099251747131,"Bearish pullback: high 4692.43 near EMA 4694.65, reject 4678.16, RSI 42"
2026-03-20T09:38:13.842927+00:00,XAUUSD-STD,indian_king_cobra,SELL,EMA_PULLBACK,0.8,4682.89,4692.306421198727,4654.640736403822,41.685974971328314,942,24.784302596998476,BOTH,0,SELL,0.5729900598526001,"Bearish pullback: high 4692.43 near EMA 4694.65, reject 4678.16, RSI 42"
2026-03-20T09:38:23.869238+00:00,XAUUSD-STD,indian_king_cobra,SELL,EMA_PULLBACK,0.8,4682.91,4692.326421198726,4654.660736403822,41.70137953755668,942,24.784302596998476,BOTH,0,SELL,0.5729900598526001,"Bearish pullback: high 4692.43 near EMA 4694.65, reject 4678.16, RSI 42"
2026-03-20T09:38:33.894340+00:00,XAUUSD-STD,indian_king_cobra,SELL,EMA_PULLBACK,0.8,4683.03,4692.446421198726,4654.780736403822,41.79363629234868,942,24.784302596998476,BOTH,0,SELL,0.580492377281189,"Bearish pullback: high 4692.43 near EMA 4694.65, reject 4678.16, RSI 42"
2026-03-20T09:38:43.921292+00:00,XAUUSD-STD,indian_king_cobra,SELL,EMA_PULLBACK,0.8,4683.28,4692.696421198726,4655.030736403822,41.98490313121235,942,24.784302596998476,BOTH,0,SELL,0.5781311392784119,"Bearish pullback: high 4692.43 near EMA 4694.65, reject 4678.16, RSI 42"
2026-03-20T09:38:53.948518+00:00,XAUUSD-STD,indian_king_cobra,SELL,EMA_PULLBACK,0.8,4683.54,4692.956421198726,4655.290736403822,42.18249174838494,942,24.784302596998476,BOTH,0,SELL,0.5759544372558594,"Bearish pullback: high 4692.43 near EMA 4694.65, reject 4678.16, RSI 42"
2026-03-20T09:39:03.975513+00:00,XAUUSD-STD,indian_king_cobra,SELL,EMA_PULLBACK,0.8,4682.41,4691.826421198726,4654.160736403822,41.313807534896775,942,24.784302596998476,BOTH,0,SELL,0.5774596929550171,"Bearish pullback: high 4692.43 near EMA 4694.65, reject 4678.16, RSI 41"
2026-03-20T09:39:14.003984+00:00,XAUUSD-STD,indian_king_cobra,SELL,EMA_PULLBACK,0.8,4681.34,4690.7564211987265,4653.090736403822,40.46683987337229,942,24.784302596998476,BOTH,0,SELL,0.4853112995624542,"Bearish pullback: high 4692.43 near EMA 4694.65, reject 4678.16, RSI 40"
2026-03-20T09:39:24.029357+00:00,XAUUSD-STD,indian_king_cobra,SELL,EMA_PULLBACK,0.8,4680.44,4689.856421198726,4652.190736403822,39.73527506547359,942,24.784302596998476,BOTH,0,BUY,0.5160617232322693,"Bearish pullback: high 4692.43 near EMA 4694.65, reject 4678.16, RSI 40"
2026-03-20T09:39:34.054775+00:00,XAUUSD-STD,indian_king_cobra,SELL,EMA_PULLBACK,0.8,4680.75,4690.166421198726,4652.500736403822,39.98927984698896,942,24.784302596998476,BOTH,0,BUY,0.4940197765827179,"Bearish pullback: high 4692.43 near EMA 4694.65, reject 4678.16, RSI 40"
2026-03-20T09:39:44.085105+00:00,XAUUSD-STD,indian_king_cobra,SELL,EMA_PULLBACK,0.8,4680.36,4689.776421198726,4652.110736403822,39.66937601395292,942,24.784302596998476,BOTH,0,BUY,0.5160617232322693,"Bearish pullback: high 4692.43 near EMA 4694.65, reject 4678.16, RSI 40"
2026-03-20T09:39:54.112542+00:00,XAUUSD-STD,indian_king_cobra,SELL,EMA_PULLBACK,0.8,4680.99,4690.406421198726,4652.740736403822,40.18446297220035,942,24.784302596998476,BOTH,0,SELL,0.48660072684288025,"Bearish pullback: high 4692.43 near EMA 4694.65, reject 4678.16, RSI 40"
2026-03-20T10:45:06.272548+00:00,XAUUSD-STD,indian_king_cobra,SELL,EMA_PULLBACK,0.8,4658.97,4669.73383582035,4626.678492538952,41.93145911698719,1076,28.33782717848976,SELL,0,SELL,0.6573355197906494,"Bearish pullback: high 4669.82 near EMA 4669.15, reject 4659.75, RSI 42"
2026-03-20T10:45:16.301067+00:00,XAUUSD-STD,indian_king_cobra,SELL,EMA_PULLBACK,0.8,4658.41,4669.185264391778,4626.084206824666,41.66935680517285,1078,28.337827178489686,SELL,0,SELL,0.7006475925445557,"Bearish pullback: high 4669.82 near EMA 4669.15, reject 4659.75, RSI 42"
2026-03-20T10:45:26.325906+00:00,XAUUSD-STD,indian_king_cobra,SELL,EMA_PULLBACK,0.8,4658.06,4668.871692963207,4625.6249211103805,41.507200315322216,1081,28.337827178489437,SELL,0,SELL,0.6886473894119263,"Bearish pullback: high 4669.82 near EMA 4669.15, reject 4659.75, RSI 42"
2026-03-20T10:45:36.352924+00:00,XAUUSD-STD,indian_king_cobra,SELL,EMA_PULLBACK,0.8,4658.35,4669.187407248921,4625.837778253238,41.64146862742399,1084,28.33782717848925,SELL,0,SELL,0.6567143201828003,"Bearish pullback: high 4669.82 near EMA 4669.15, reject 4659.75, RSI 42"
2026-03-20T10:45:46.379353+00:00,XAUUSD-STD,indian_king_cobra,SELL,EMA_PULLBACK,0.8,4656.04,4666.970978677492,4623.247063967523,40.59544527602481,1093,28.762228653090318,SELL,0,SELL,0.5080255270004272,"Bearish pullback: high 4669.82 near EMA 4669.15, reject 4659.75, RSI 41"
2026-03-20T10:45:56.408432+00:00,XAUUSD-STD,indian_king_cobra,SELL,EMA_PULLBACK,0.8,4656.72,4667.69383582035,4623.798492538952,40.89786696361584,1097,29.499036593146034,SELL,0,SELL,0.5862040519714355,"Bearish pullback: high 4669.82 near EMA 4669.15, reject 4659.75, RSI 41"
2026-03-20T10:46:06.435138+00:00,XAUUSD-STD,indian_king_cobra,SELL,EMA_PULLBACK,0.8,4656.48,4667.453835820349,4623.558492538951,40.79061673567495,1097,29.499036593146034,SELL,0,SELL,0.5777644515037537,"Bearish pullback: high 4669.82 near EMA 4669.15, reject 4659.75, RSI 41"
2026-03-20T10:46:16.459216+00:00,XAUUSD-STD,indian_king_cobra,SELL,EMA_PULLBACK,0.8,4657.32,4668.293835820349,4624.398492538951,41.168476286237336,1097,29.499036593146034,SELL,0,SELL,0.6388112306594849,"Bearish pullback: high 4669.82 near EMA 4669.15, reject 4659.75, RSI 41"
2026-03-20T10:46:26.487058+00:00,XAUUSD-STD,indian_king_cobra,SELL,EMA_PULLBACK,0.8,4657.57,4668.543835820349,4624.648492538951,41.282290010577114,1097,29.499036593146034,SELL,0,SELL,0.6207107901573181,"Bearish pullback: high 4669.82 near EMA 4669.15, reject 4659.75, RSI 41"
2026-03-20T10:46:36.514213+00:00,XAUUSD-STD,indian_king_cobra,SELL,EMA_PULLBACK,0.8,4657.44,4668.413835820349,4624.518492538951,41.223028450609874,1097,29.499036593146034,SELL,0,SELL,0.6244915723800659,"Bearish pullback: high 4669.82 near EMA 4669.15, reject 4659.75, RSI 41"
2026-03-20T10:46:46.540129+00:00,XAUUSD-STD,indian_king_cobra,SELL,EMA_PULLBACK,0.8,4658.77,4669.74383582035,4625.848492538952,41.83747348340822,1097,29.499036593146034,SELL,0,SELL,0.6913480162620544,"Bearish pullback: high 4669.82 near EMA 4669.15, reject 4659.75, RSI 42"
2026-03-20T10:46:56.634190+00:00,XAUUSD-STD,indian_king_cobra,SELL,EMA_PULLBACK,0.8,4659.25,4670.223835820349,4626.328492538952,42.06375065127715,1097,29.499036593146034,SELL,0,SELL,0.5948979258537292,"Bearish pullback: high 4669.82 near EMA 4669.15, reject 4659.75, RSI 42"
2026-03-20T10:47:06.692553+00:00,XAUUSD-STD,indian_king_cobra,SELL,EMA_PULLBACK,0.8,4656.64,4667.61383582035,4623.718492538952,40.8620542777082,1097,29.499036593146034,SELL,0,SELL,0.5643408894538879,"Bearish pullback: high 4669.82 near EMA 4669.15, reject 4659.75, RSI 41"
2026-03-20T10:47:16.781684+00:00,XAUUSD-STD,indian_king_cobra,SELL,EMA_PULLBACK,0.8,4656.89,4667.86383582035,4623.968492538952,40.974177741191326,1097,29.499036593146034,SELL,0,SELL,0.6082960963249207,"Bearish pullback: high 4669.82 near EMA 4669.15, reject 4659.75, RSI 41"
2026-03-20T10:47:26.838721+00:00,XAUUSD-STD,indian_king_cobra,SELL,EMA_PULLBACK,0.8,4657.34,4668.31383582035,4624.418492538952,41.17755828486972,1097,29.499036593146034,SELL,0,SELL,0.6378021240234375,"Bearish pullback: high 4669.82 near EMA 4669.15, reject 4659.75, RSI 41"
2026-03-20T10:47:36.918354+00:00,XAUUSD-STD,indian_king_cobra,SELL,EMA_PULLBACK,0.8,4657.2,4668.173835820349,4624.2784925389515,41.114068313389275,1097,29.499036593146034,SELL,0,SELL,0.6234750747680664,"Bearish pullback: high 4669.82 near EMA 4669.15, reject 4659.75, RSI 41"
2026-03-20T10:47:47.021686+00:00,XAUUSD-STD,indian_king_cobra,SELL,EMA_PULLBACK,0.8,4655.72,4666.695264391778,4622.794206824666,40.454671416262066,1098,29.523334455445205,SELL,0,SELL,0.5558601021766663,"Bearish pullback: high 4669.82 near EMA 4669.15, reject 4659.75, RSI 40"
2026-03-20T10:47:57.114095+00:00,XAUUSD-STD,indian_king_cobra,SELL,EMA_PULLBACK,0.8,4655.82,4666.795264391778,4622.894206824665,40.49855825443993,1098,29.523334455445205,SELL,0,SELL,0.5453351736068726,"Bearish pullback: high 4669.82 near EMA 4669.15, reject 4659.75, RSI 40"
2026-03-20T10:48:07.143531+00:00,XAUUSD-STD,indian_king_cobra,SELL,EMA_PULLBACK,0.8,4656.01,4666.992407248921,4623.062778253237,40.58220612095642,1098,29.644572974417535,SELL,0,SELL,0.561977207660675,"Bearish pullback: high 4669.82 near EMA 4669.15, reject 4659.75, RSI 41"
2026-03-20T10:48:17.171480+00:00,XAUUSD-STD,indian_king_cobra,SELL,EMA_PULLBACK,0.8,4655.28,4666.295978677492,4622.232063967523,40.26269395814305,1102,30.208851441467672,SELL,0,SELL,0.6025100946426392,"Bearish pullback: high 4669.82 near EMA 4669.15, reject 4659.75, RSI 40"
2026-03-20T10:48:27.203589+00:00,XAUUSD-STD,indian_king_cobra,SELL,EMA_PULLBACK,0.8,4655.03,4666.045978677492,4621.982063967523,40.154425411508456,1102,30.208851441467672,SELL,0,SELL,0.5776399970054626,"Bearish pullback: high 4669.82 near EMA 4669.15, reject 4659.75, RSI 40"
2026-03-20T10:48:37.230873+00:00,XAUUSD-STD,indian_king_cobra,SELL,EMA_PULLBACK,0.8,4653.77,4664.863121534636,4620.490635396095,39.617496192560075,1109,31.471815519392518,SELL,0,SELL,0.6837596297264099,"Bearish pullback: high 4669.82 near EMA 4669.15, reject 4659.75, RSI 40"
2026-03-20T10:48:47.256634+00:00,XAUUSD-STD,indian_king_cobra,SELL,EMA_PULLBACK,0.8,4653.46,4664.619550106064,4619.981349681809,39.487588346548684,1116,32.52330193944591,SELL,0,SELL,0.6971720457077026,"Bearish pullback: high 4669.82 near EMA 4669.15, reject 4659.75, RSI 39"
2026-03-20T10:48:57.284860+00:00,XAUUSD-STD,indian_king_cobra,SELL,EMA_PULLBACK,0.8,4653.72,4664.879550106064,4620.241349681809,39.596485531217944,1116,32.52330193944591,SELL,0,SELL,0.7010422945022583,"Bearish pullback: high 4669.82 near EMA 4669.15, reject 4659.75, RSI 40"
2026-03-20T10:49:07.313782+00:00,XAUUSD-STD,indian_king_cobra,SELL,EMA_PULLBACK,0.8,4654.5,4665.659550106064,4621.021349681809,39.926810892763015,1116,32.52330193944591,SELL,0,SELL,0.7005625367164612,"Bearish pullback: high 4669.82 near EMA 4669.15, reject 4659.75, RSI 40"
2026-03-20T10:49:17.343899+00:00,XAUUSD-STD,indian_king_cobra,SELL,EMA_PULLBACK,0.8,4654.61,4665.769550106063,4621.131349681808,39.97383918643561,1116,32.52330193944591,SELL,0,SELL,0.6795896887779236,"Bearish pullback: high 4669.82 near EMA 4669.15, reject 4659.75, RSI 40"
2026-03-20T10:49:27.369982+00:00,XAUUSD-STD,indian_king_cobra,SELL,EMA_PULLBACK,0.8,4654.73,4665.889550106063,4621.251349681808,40.02526929276011,1116,32.52330193944591,SELL,0,SELL,0.6856971979141235,"Bearish pullback: high 4669.82 near EMA 4669.15, reject 4659.75, RSI 40"
2026-03-20T10:49:37.395356+00:00,XAUUSD-STD,indian_king_cobra,SELL,EMA_PULLBACK,0.8,4654.01,4665.169550106064,4620.531349681809,39.718658538336555,1116,32.52330193944591,SELL,0,SELL,0.7010422945022583,"Bearish pullback: high 4669.82 near EMA 4669.15, reject 4659.75, RSI 40"
2026-03-20T10:49:47.422593+00:00,XAUUSD-STD,indian_king_cobra,SELL,EMA_PULLBACK,0.8,4655.0,4666.159550106064,4621.521349681809,40.141472302497576,1116,32.52330193944591,SELL,0,SELL,0.6670733690261841,"Bearish pullback: high 4669.82 near EMA 4669.15, reject 4659.75, RSI 40"
2026-03-20T10:49:57.450501+00:00,XAUUSD-STD,indian_king_cobra,SELL,EMA_PULLBACK,0.8,4655.48,4666.639550106063,4622.001349681808,40.34973007608348,1116,32.52330193944591,SELL,0,SELL,0.6543461680412292,"Bearish pullback: high 4669.82 near EMA 4669.15, reject 4659.75, RSI 40"
2026-03-20T10:50:27.485171+00:00,XAUUSD-STD,indian_king_cobra,SELL,EMA_PULLBACK,0.8,4651.72,4662.309581268272,4619.951256195184,38.68400320038719,1059,34.00088814152788,SELL,0,SELL,0.6872909665107727,"Bearish pullback: high 4660.37 near EMA 4667.76, reject 4654.63, RSI 39"
2026-03-20T10:50:37.511212+00:00,XAUUSD-STD,indian_king_cobra,SELL,EMA_PULLBACK,0.8,4651.88,4662.469581268272,4620.111256195184,38.75319742737807,1059,34.00088814152788,SELL,0,SELL,0.6929396986961365,"Bearish pullback: high 4660.37 near EMA 4667.76, reject 4654.63, RSI 39"
2026-03-20T10:50:47.537247+00:00,XAUUSD-STD,indian_king_cobra,SELL,EMA_PULLBACK,0.8,4651.79,4662.379581268272,4620.021256195184,38.71424524678346,1059,34.00088814152788,SELL,0,SELL,0.6886742115020752,"Bearish pullback: high 4660.37 near EMA 4667.76, reject 4654.63, RSI 39"
2026-03-20T10:50:57.567400+00:00,XAUUSD-STD,indian_king_cobra,SELL,EMA_PULLBACK,0.8,4652.53,4663.119581268272,4620.761256195184,39.036863069423326,1059,34.00088814152788,SELL,0,SELL,0.7329572439193726,"Bearish pullback: high 4660.37 near EMA 4667.76, reject 4654.63, RSI 39"
2026-03-20T10:51:07.593213+00:00,XAUUSD-STD,indian_king_cobra,SELL,EMA_PULLBACK,0.8,4651.35,4661.966009839701,4619.501970480898,38.524934048183006,1062,34.42256217329313,SELL,0,SELL,0.6650782227516174,"Bearish pullback: high 4660.37 near EMA 4667.76, reject 4654.63, RSI 39"
2026-03-20T10:51:17.619283+00:00,XAUUSD-STD,indian_king_cobra,SELL,EMA_PULLBACK,0.8,4652.28,4662.8960098397,4620.431970480898,38.92727082924014,1062,34.42256217329313,SELL,0,SELL,0.6903623342514038,"Bearish pullback: high 4660.37 near EMA 4667.76, reject 4654.63, RSI 39"
2026-03-20T10:51:27.644561+00:00,XAUUSD-STD,indian_king_cobra,SELL,EMA_PULLBACK,0.8,4647.69,4658.583866982557,4615.008399052326,37.019157770123535,1089,38.55024927065536,SELL,0,SELL,0.7021749019622803,"Bearish pullback: high 4660.37 near EMA 4667.76, reject 4654.63, RSI 37"
2026-03-20T10:51:37.672376+00:00,XAUUSD-STD,indian_king_cobra,SELL,EMA_PULLBACK,0.8,4646.51,4657.551724125415,4613.384827623756,36.55846916435777,1104,40.54177094497692,SELL,0,SELL,0.660822331905365,"Bearish pullback: high 4660.37 near EMA 4667.76, reject 4654.63, RSI 37"
2026-03-20T10:51:47.698549+00:00,XAUUSD-STD,indian_king_cobra,SELL,EMA_PULLBACK,0.8,4645.7,4656.741724125414,4612.5748276237555,36.24881440791628,1104,40.54177094497692,SELL,0,SELL,0.6242076754570007,"Bearish pullback: high 4660.37 near EMA 4667.76, reject 4654.63, RSI 36"
2026-03-20T10:51:57.723624+00:00,XAUUSD-STD,indian_king_cobra,SELL,EMA_PULLBACK,0.8,4645.24,4656.282438411129,4612.112684766612,36.075285297441496,1104,40.55107856287637,SELL,0,SELL,0.6224645972251892,"Bearish pullback: high 4660.37 near EMA 4667.76, reject 4654.63, RSI 36"
2026-03-20T10:52:07.752438+00:00,XAUUSD-STD,indian_king_cobra,SELL,EMA_PULLBACK,0.8,4650.66,4661.710295553986,4617.509113338041,38.23175953780917,1105,40.653270363907104,SELL,0,SELL,0.6541392207145691,"Bearish pullback: high 4660.37 near EMA 4667.76, reject 4654.63, RSI 38"
2026-03-20T10:52:17.778608+00:00,XAUUSD-STD,indian_king_cobra,SELL,EMA_PULLBACK,0.8,4651.73,4662.7802955539855,4618.579113338041,38.68832059968421,1105,40.653270363907104,SELL,0,SELL,0.7013962864875793,"Bearish pullback: high 4660.37 near EMA 4667.76, reject 4654.63, RSI 39"
2026-03-20T10:52:27.805823+00:00,XAUUSD-STD,indian_king_cobra,SELL,EMA_PULLBACK,0.8,4649.4,4660.450295553986,4616.249113338041,37.70775334857953,1105,40.653270363907104,SELL,0,SELL,0.6254027485847473,"Bearish pullback: high 4660.37 near EMA 4667.76, reject 4654.63, RSI 38"
2026-03-20T10:52:37.834833+00:00,XAUUSD-STD,indian_king_cobra,SELL,EMA_PULLBACK,0.8,4647.6,4658.650295553986,4614.449113338042,36.98361188819044,1105,40.653270363907104,SELL,0,SELL,0.642196536064148,"Bearish pullback: high 4660.37 near EMA 4667.76, reject 4654.63, RSI 37"
2026-03-20T10:52:47.862866+00:00,XAUUSD-STD,indian_king_cobra,SELL,EMA_PULLBACK,0.8,4648.33,4659.380295553986,4615.179113338041,37.273912595103475,1105,40.653270363907104,SELL,0,SELL,0.6278858184814453,"Bearish pullback: high 4660.37 near EMA 4667.76, reject 4654.63, RSI 37"
2026-03-20T10:52:57.891309+00:00,XAUUSD-STD,indian_king_cobra,SELL,EMA_PULLBACK,0.8,4649.6,4660.650295553986,4616.449113338042,37.78996778857202,1105,40.653270363907104,SELL,0,SELL,0.6387850642204285,"Bearish pullback: high 4660.37 near EMA 4667.76, reject 4654.63, RSI 38"
2026-03-20T10:53:07.920210+00:00,XAUUSD-STD,indian_king_cobra,SELL,EMA_PULLBACK,0.8,4651.97,4663.020295553986,4618.8191133380415,38.79222807007355,1105,40.653270363907104,SELL,0,SELL,0.7049906253814697,"Bearish pullback: high 4660.37 near EMA 4667.76, reject 4654.63, RSI 39"
2026-03-20T10:53:17.946579+00:00,XAUUSD-STD,indian_king_cobra,SELL,EMA_PULLBACK,0.8,4652.83,4663.880295553986,4619.679113338041,39.16919105344904,1105,40.653270363907104,SELL,0,SELL,0.7509613037109375,"Bearish pullback: high 4660.37 near EMA 4667.76, reject 4654.63, RSI 39"
2026-03-20T10:53:27.973746+00:00,XAUUSD-STD,indian_king_cobra,SELL,EMA_PULLBACK,0.8,4653.14,4664.190295553986,4619.9891133380415,39.306875774881156,1105,40.653270363907104,SELL,0,SELL,0.7551694512367249,"Bearish pullback: high 4660.37 near EMA 4667.76, reject 4654.63, RSI 39"
2026-03-20T10:53:38.004046+00:00,XAUUSD-STD,indian_king_cobra,SELL,EMA_PULLBACK,0.8,4655.58,4666.694581268272,4622.236256195184,40.63289276180646,1111,40.65327036390653,SELL,0,SELL,0.5595161318778992,"Bearish pullback: high 4660.37 near EMA 4667.76, reject 4654.63, RSI 41"
2026-03-20T10:53:48.032661+00:00,XAUUSD-STD,indian_king_cobra,SELL,EMA_PULLBACK,0.8,4655.28,4666.423152696843,4621.850541909469,40.42899943210067,1114,40.65327036390628,SELL,0,SELL,0.5737281441688538,"Bearish pullback: high 4660.37 near EMA 4667.76, reject 4654.63, RSI 40"
2026-03-20T10:53:58.061824+00:00,XAUUSD-STD,indian_king_cobra,SELL,EMA_PULLBACK,0.8,4653.32,4664.463152696843,4619.890541909469,39.38726684402972,1114,40.65327036390628,SELL,0,SELL,0.7110369205474854,"Bearish pullback: high 4660.37 near EMA 4667.76, reject 4654.63, RSI 39"
2026-03-20T10:54:08.088841+00:00,XAUUSD-STD,indian_king_cobra,SELL,EMA_PULLBACK,0.8,4652.93,4664.073152696844,4619.50054190947,39.21349997062554,1114,40.65327036390628,SELL,0,SELL,0.7270815968513489,"Bearish pullback: high 4660.37 near EMA 4667.76, reject 4654.63, RSI 39"
2026-03-20T10:54:18.118931+00:00,XAUUSD-STD,indian_king_cobra,SELL,EMA_PULLBACK,0.8,4650.55,4661.693152696844,4617.1205419094695,38.18543345024262,1114,40.65327036390628,SELL,0,SELL,0.6346258521080017,"Bearish pullback: high 4660.37 near EMA 4667.76, reject 4654.63, RSI 38"
2026-03-20T10:54:28.146750+00:00,XAUUSD-STD,indian_king_cobra,SELL,EMA_PULLBACK,0.8,4649.64,4660.783152696844,4616.21054190947,37.80645371597062,1114,40.65327036390628,SELL,0,SELL,0.6403926610946655,"Bearish pullback: high 4660.37 near EMA 4667.76, reject 4654.63, RSI 38"
2026-03-20T10:54:38.175601+00:00,XAUUSD-STD,indian_king_cobra,SELL,EMA_PULLBACK,0.8,4648.28,4659.423152696843,4614.850541909469,37.25388367800876,1114,40.65327036390628,SELL,0,SELL,0.6225126385688782,"Bearish pullback: high 4660.37 near EMA 4667.76, reject 4654.63, RSI 37"
2026-03-20T10:54:48.204628+00:00,XAUUSD-STD,indian_king_cobra,SELL,EMA_PULLBACK,0.8,4648.87,4660.0131526968435,4615.440541909469,37.491605214699064,1114,40.65327036390628,SELL,0,SELL,0.6168926954269409,"Bearish pullback: high 4660.37 near EMA 4667.76, reject 4654.63, RSI 37"
2026-03-20T10:54:58.231263+00:00,XAUUSD-STD,indian_king_cobra,SELL,EMA_PULLBACK,0.8,4649.37,4660.5131526968435,4615.940541909469,37.695452026324205,1114,40.65327036390628,SELL,0,SELL,0.611420214176178,"Bearish pullback: high 4660.37 near EMA 4667.76, reject 4654.63, RSI 38"
2026-03-20T11:06:38.639764+00:00,BTCUSD,indian_king_cobra,BUY,EMA_PULLBACK,0.8,70753.91,70622.52421725684,71148.06734822948,59.27911715031781,13139,18.73154375236092,BUY,0,HOLD,0.4378478527069092,"Bullish pullback: low 70556.85 near EMA 70562.49, bounce 70639.07, RSI 59"
2026-03-20T11:06:48.706392+00:00,BTCUSD,indian_king_cobra,BUY,EMA_PULLBACK,0.8,70734.82,70603.43421725684,71128.97734822948,58.38632085409063,13139,18.73154375236092,BUY,0,HOLD,0.45319896936416626,"Bullish pullback: low 70556.85 near EMA 70562.49, bounce 70639.07, RSI 58"
2026-03-20T11:06:58.773322+00:00,BTCUSD,indian_king_cobra,BUY,EMA_PULLBACK,0.8,70738.53,70607.14421725683,71132.68734822948,58.56288102004245,13139,18.73154375236092,BUY,0,HOLD,0.4516563415527344,"Bullish pullback: low 70556.85 near EMA 70562.49, bounce 70639.07, RSI 59"
2026-03-20T11:07:08.838058+00:00,BTCUSD,indian_king_cobra,BUY,EMA_PULLBACK,0.8,70751.22,70619.83421725684,71145.37734822948,59.15563768586575,13139,18.73154375236092,BUY,0,HOLD,0.5021470189094543,"Bullish pullback: low 70556.85 near EMA 70562.49, bounce 70639.07, RSI 59"
2026-03-20T11:07:18.902792+00:00,BTCUSD,indian_king_cobra,BUY,EMA_PULLBACK,0.8,70745.72,70614.33421725684,71139.87734822948,58.90082498809238,13139,18.73154375236092,BUY,0,HOLD,0.46247830986976624,"Bullish pullback: low 70556.85 near EMA 70562.49, bounce 70639.07, RSI 59"
2026-03-20T11:07:28.973054+00:00,BTCUSD,indian_king_cobra,BUY,EMA_PULLBACK,0.8,70742.86,70611.47421725684,71137.01734822948,58.767061811898465,13139,18.73154375236092,BUY,0,HOLD,0.46560138463974,"Bullish pullback: low 70556.85 near EMA 70562.49, bounce 70639.07, RSI 59"
2026-03-20T11:07:39.046910+00:00,BTCUSD,indian_king_cobra,BUY,EMA_PULLBACK,0.8,70711.04,70579.65421725683,71105.19734822947,57.21788917004296,13139,18.73154375236092,BUY,0,HOLD,0.4753042757511139,"Bullish pullback: low 70556.85 near EMA 70562.49, bounce 70639.07, RSI 57"
2026-03-20T11:07:49.117179+00:00,BTCUSD,indian_king_cobra,BUY,EMA_PULLBACK,0.8,70696.48,70565.09421725683,71090.63734822947,56.46952998754735,13139,18.73154375236092,BUY,0,HOLD,0.4808932840824127,"Bullish pullback: low 70556.85 near EMA 70562.49, bounce 70639.07, RSI 56"
2026-03-20T11:07:59.185614+00:00,BTCUSD,indian_king_cobra,BUY,EMA_PULLBACK,0.8,70707.78,70576.39421725683,71101.93734822948,57.05257499639131,13139,18.73154375236092,BUY,0,HOLD,0.4913867712020874,"Bullish pullback: low 70556.85 near EMA 70562.49, bounce 70639.07, RSI 57"
2026-03-20T11:08:09.256250+00:00,BTCUSD,indian_king_cobra,BUY,EMA_PULLBACK,0.8,70714.76,70583.37421725683,71108.91734822947,57.40498198385225,13139,18.73154375236092,BUY,0,HOLD,0.6186925172805786,"Bullish pullback: low 70556.85 near EMA 70562.49, bounce 70639.07, RSI 57"
2026-03-20T11:08:19.325816+00:00,BTCUSD,indian_king_cobra,BUY,EMA_PULLBACK,0.8,70710.73,70579.34421725683,71104.88734822947,57.20222388661565,13139,18.73154375236092,BUY,0,HOLD,0.5804218649864197,"Bullish pullback: low 70556.85 near EMA 70562.49, bounce 70639.07, RSI 57"
2026-03-20T11:08:29.396892+00:00,BTCUSD,indian_king_cobra,BUY,EMA_PULLBACK,0.8,70700.0,70568.61421725684,71094.15734822948,56.652841527351185,13139,18.73154375236092,BUY,0,HOLD,0.615370512008667,"Bullish pullback: low 70556.85 near EMA 70562.49, bounce 70639.07, RSI 57"
2026-03-20T11:08:39.462586+00:00,BTCUSD,indian_king_cobra,BUY,EMA_PULLBACK,0.8,70703.49,70572.10421725684,71097.64734822948,56.83307288186219,13139,18.73154375236092,BUY,0,HOLD,0.5845381617546082,"Bullish pullback: low 70556.85 near EMA 70562.49, bounce 70639.07, RSI 57"
2026-03-20T11:08:49.532432+00:00,BTCUSD,indian_king_cobra,BUY,EMA_PULLBACK,0.8,70705.11,70573.72421725684,71099.26734822948,56.91622494904191,13139,18.73154375236092,BUY,0,HOLD,0.5841872096061707,"Bullish pullback: low 70556.85 near EMA 70562.49, bounce 70639.07, RSI 57"
2026-03-20T11:08:59.595857+00:00,BTCUSD,indian_king_cobra,BUY,EMA_PULLBACK,0.8,70706.25,70574.86421725684,71100.40734822948,56.97454759231609,13139,18.73154375236092,BUY,0,HOLD,0.6609091758728027,"Bullish pullback: low 70556.85 near EMA 70562.49, bounce 70639.07, RSI 57"
2026-03-20T11:09:09.666306+00:00,BTCUSD,indian_king_cobra,BUY,EMA_PULLBACK,0.8,70735.46,70604.07421725684,71129.61734822948,58.41688598423875,13139,18.73154375236092,BUY,0,HOLD,0.6465129852294922,"Bullish pullback: low 70556.85 near EMA 70562.49, bounce 70639.07, RSI 58"
2026-03-20T11:09:19.733688+00:00,BTCUSD,indian_king_cobra,BUY,EMA_PULLBACK,0.8,70727.24,70595.85421725684,71121.39734822948,58.02086751741149,13139,18.73154375236092,BUY,0,HOLD,0.7350320816040039,"Bullish pullback: low 70556.85 near EMA 70562.49, bounce 70639.07, RSI 58"
2026-03-20T11:09:29.800289+00:00,BTCUSD,indian_king_cobra,BUY,EMA_PULLBACK,0.8,70719.4,70588.01421725683,71113.55734822947,57.636064049816255,13139,18.73154375236092,BUY,0,HOLD,0.745219349861145,"Bullish pullback: low 70556.85 near EMA 70562.49, bounce 70639.07, RSI 58"
2026-03-20T11:09:39.869126+00:00,BTCUSD,indian_king_cobra,BUY,EMA_PULLBACK,0.8,70717.52,70586.13421725684,71111.67734822948,57.542738774468134,13139,18.73154375236092,BUY,0,HOLD,0.7400912046432495,"Bullish pullback: low 70556.85 near EMA 70562.49, bounce 70639.07, RSI 58"
2026-03-20T11:09:49.935338+00:00,BTCUSD,indian_king_cobra,BUY,EMA_PULLBACK,0.8,70710.91,70579.52421725684,71105.06734822948,57.211321254053225,13139,18.73154375236092,BUY,0,HOLD,0.704433023929596,"Bullish pullback: low 70556.85 near EMA 70562.49, bounce 70639.07, RSI 57"
2026-03-20T11:10:00.004822+00:00,BTCUSD,indian_king_cobra,BUY,EMA_PULLBACK,0.8,70719.2,70587.81421725683,71113.35734822947,57.62615533519231,13139,18.73154375236092,BUY,0,HOLD,0.745219349861145,"Bullish pullback: low 70556.85 near EMA 70562.49, bounce 70639.07, RSI 58"
2026-03-20T11:10:10.074408+00:00,BTCUSD,indian_king_cobra,BUY,EMA_PULLBACK,0.8,70717.98,70595.89105127462,71084.2468461761,57.537749128053434,12209,18.73154163099075,BUY,0,HOLD,0.5140536427497864,"Bullish pullback: low 70621.26 near EMA 70577.42, bounce 70719.20, RSI 58"
2026-03-20T11:10:20.137322+00:00,BTCUSD,indian_king_cobra,BUY,EMA_PULLBACK,0.8,70713.12,70590.2746227032,71081.65613189038,57.18824531876498,12285,18.731541630990503,BUY,0,HOLD,0.5248762965202332,"Bullish pullback: low 70621.26 near EMA 70577.42, bounce 70719.20, RSI 57"
2026-03-20T11:10:30.208480+00:00,BTCUSD,indian_king_cobra,BUY,EMA_PULLBACK,0.8,70707.89,70584.62533698892,71077.68398903325,56.816845589081524,12326,18.73154163099036,BUY,0,HOLD,0.5844647288322449,"Bullish pullback: low 70621.26 near EMA 70577.42, bounce 70719.20, RSI 57"
2026-03-20T11:10:40.272101+00:00,BTCUSD,indian_king_cobra,BUY,EMA_PULLBACK,0.8,70711.93,70588.36319413177,71082.63041760467,57.103313378437385,12357,18.731541630990268,BUY,0,HOLD,0.6006481647491455,"Bullish pullback: low 70621.26 near EMA 70577.42, bounce 70719.20, RSI 57"
2026-03-20T11:10:50.344278+00:00,BTCUSD,indian_king_cobra,BUY,EMA_PULLBACK,0.8,70735.89,70610.86605127463,71110.9618461761,58.4985162249102,12502,18.731541630989785,BUY,0,HOLD,0.5152669548988342,"Bullish pullback: low 70621.26 near EMA 70577.42, bounce 70719.20, RSI 58"
2026-03-20T11:11:00.411950+00:00,BTCUSD,indian_king_cobra,BUY,EMA_PULLBACK,0.8,70757.66,70631.75605127464,71135.3718461761,59.5838292542541,12590,19.10892703495051,BUY,0,HOLD,0.5395774245262146,"Bullish pullback: low 70621.26 near EMA 70577.42, bounce 70719.20, RSI 60"
2026-03-20T11:11:10.481213+00:00,BTCUSD,indian_king_cobra,BUY,EMA_PULLBACK,0.8,70774.1,70646.60747984608,71156.57756046182,60.366531991424566,12749,21.29971455588412,BUY,0,HOLD,0.49495142698287964,"Bullish pullback: low 70621.26 near EMA 70577.42, bounce 70719.20, RSI 60"
2026-03-20T11:11:20.551067+00:00,BTCUSD,indian_king_cobra,BUY,EMA_PULLBACK,0.8,70768.57,70641.07747984608,71151.04756046183,60.10665642776309,12749,21.29971455588412,BUY,0,HOLD,0.5058439373970032,"Bullish pullback: low 70621.26 near EMA 70577.42, bounce 70719.20, RSI 60"
2026-03-20T11:11:30.621835+00:00,BTCUSD,indian_king_cobra,BUY,EMA_PULLBACK,0.8,70761.44,70633.94747984607,71143.91756046182,59.76651824688565,12749,21.29971455588412,BUY,0,HOLD,0.5024402737617493,"Bullish pullback: low 70621.26 near EMA 70577.42, bounce 70719.20, RSI 60"
2026-03-20T11:11:40.691295+00:00,BTCUSD,indian_king_cobra,BUY,EMA_PULLBACK,0.8,70761.93,70634.43747984606,71144.40756046181,59.790079300861336,12749,21.29971455588412,BUY,0,HOLD,0.5071461796760559,"Bullish pullback: low 70621.26 near EMA 70577.42, bounce 70719.20, RSI 60"
2026-03-20T11:11:50.761898+00:00,BTCUSD,indian_king_cobra,BUY,EMA_PULLBACK,0.8,70766.07,70638.57747984608,71148.54756046183,59.98805007186954,12749,21.29971455588412,BUY,0,HOLD,0.5101603269577026,"Bullish pullback: low 70621.26 near EMA 70577.42, bounce 70719.20, RSI 60"
2026-03-20T11:12:00.827128+00:00,BTCUSD,indian_king_cobra,BUY,EMA_PULLBACK,0.8,70782.37,70653.48533698892,71169.02398903323,60.748913662093315,12888,23.124306549804068,BUY,0,HOLD,0.45304393768310547,"Bullish pullback: low 70621.26 near EMA 70577.42, bounce 70719.20, RSI 61"
2026-03-20T11:12:10.895080+00:00,BTCUSD,indian_king_cobra,BUY,EMA_PULLBACK,0.8,70771.28,70642.39533698892,71157.93398903323,60.23443401884296,12888,23.124306549804068,BUY,0,HOLD,0.47118666768074036,"Bullish pullback: low 70621.26 near EMA 70577.42, bounce 70719.20, RSI 60"
2026-03-20T11:12:20.961235+00:00,BTCUSD,indian_king_cobra,BUY,EMA_PULLBACK,0.8,70765.42,70636.53533698892,71152.07398903323,59.95709680938457,12888,23.124306549804068,BUY,0,HOLD,0.44856080412864685,"Bullish pullback: low 70621.26 near EMA 70577.42, bounce 70719.20, RSI 60"
2026-03-20T11:12:31.028892+00:00,BTCUSD,indian_king_cobra,BUY,EMA_PULLBACK,0.8,70760.67,70631.78533698892,71147.32398903323,59.72943789606759,12888,23.124306549804068,BUY,0,HOLD,0.4862033426761627,"Bullish pullback: low 70621.26 near EMA 70577.42, bounce 70719.20, RSI 60"
2026-03-20T11:12:41.097829+00:00,BTCUSD,indian_king_cobra,BUY,EMA_PULLBACK,0.8,70759.74,70630.85533698893,71146.39398903324,59.684561308024314,12888,23.124306549804068,BUY,0,HOLD,0.4898664951324463,"Bullish pullback: low 70621.26 near EMA 70577.42, bounce 70719.20, RSI 60"
2026-03-20T11:12:51.170002+00:00,BTCUSD,indian_king_cobra,BUY,EMA_PULLBACK,0.8,70751.09,70622.20533698892,71137.74398903323,59.26231914364675,12888,23.124306549804068,BUY,0,HOLD,0.49706292152404785,"Bullish pullback: low 70621.26 near EMA 70577.42, bounce 70719.20, RSI 59"
2026-03-20T11:13:01.238233+00:00,BTCUSD,indian_king_cobra,BUY,EMA_PULLBACK,0.8,70735.91,70607.02533698893,71122.56398903324,58.49954004660955,12888,23.124306549804068,BUY,0,HOLD,0.4756745398044586,"Bullish pullback: low 70621.26 near EMA 70577.42, bounce 70719.20, RSI 58"
2026-03-20T11:13:11.301600+00:00,BTCUSD,indian_king_cobra,BUY,EMA_PULLBACK,0.8,70724.04,70595.15533698892,71110.69398903323,57.88288823696584,12888,23.124306549804068,BUY,0,HOLD,0.544557511806488,"Bullish pullback: low 70621.26 near EMA 70577.42, bounce 70719.20, RSI 58"
2026-03-20T11:13:21.368660+00:00,BTCUSD,indian_king_cobra,BUY,EMA_PULLBACK,0.8,70692.41,70562.71819413178,71081.48541760468,55.74529592480437,12969,23.124306549803755,BUY,0,HOLD,0.6664813160896301,"Bullish pullback: low 70621.26 near EMA 70577.42, bounce 70719.20, RSI 56"
2026-03-20T11:13:31.434986+00:00,BTCUSD,indian_king_cobra,BUY,EMA_PULLBACK,0.8,70679.41,70548.00033698892,71073.63898903325,54.87615291894344,13141,23.124306549803098,BUY,0,HOLD,0.6059627532958984,"Bullish pullback: low 70621.26 near EMA 70577.42, bounce 70719.20, RSI 55"
2026-03-20T11:13:41.502395+00:00,BTCUSD,indian_king_cobra,BUY,EMA_PULLBACK,0.8,70687.09,70555.68033698891,71081.31898903324,55.38630928290765,13141,23.124306549803098,BUY,0,HOLD,0.6225971579551697,"Bullish pullback: low 70621.26 near EMA 70577.42, bounce 70719.20, RSI 55"
2026-03-20T11:13:51.567523+00:00,BTCUSD,indian_king_cobra,BUY,EMA_PULLBACK,0.8,70677.73,70546.32033698891,71071.95898903324,54.76580645237168,13141,23.124306549803098,BUY,0,HOLD,0.6305005550384521,"Bullish pullback: low 70621.26 near EMA 70577.42, bounce 70719.20, RSI 55"
2026-03-20T11:14:01.639956+00:00,BTCUSD,indian_king_cobra,BUY,EMA_PULLBACK,0.8,70723.74,70592.33033698892,71117.96898903325,57.86706558252703,13141,23.124306549803098,BUY,0,HOLD,0.6722041964530945,"Bullish pullback: low 70621.26 near EMA 70577.42, bounce 70719.20, RSI 58"
2026-03-20T11:14:11.706078+00:00,BTCUSD,indian_king_cobra,BUY,EMA_PULLBACK,0.8,70756.47,70625.06033698891,71150.69898903325,59.52597219564248,13141,23.124306549803098,BUY,0,HOLD,0.6830825805664062,"Bullish pullback: low 70621.26 near EMA 70577.42, bounce 70719.20, RSI 60"
2026-03-20T11:14:21.773085+00:00,BTCUSD,indian_king_cobra,BUY,EMA_PULLBACK,0.8,70782.04,70650.6303369889,71176.26898903324,60.73379677633609,13141,23.124306549803098,BUY,0,HOLD,0.6859129071235657,"Bullish pullback: low 70621.26 near EMA 70577.42, bounce 70719.20, RSI 61"
2026-03-20T11:14:31.847844+00:00,BTCUSD,indian_king_cobra,BUY,EMA_PULLBACK,0.8,70785.77,70654.36033698892,71179.99898903325,60.903988327887426,13141,23.124306549803098,BUY,0,HOLD,0.6645396947860718,"Bullish pullback: low 70621.26 near EMA 70577.42, bounce 70719.20, RSI 61"
2026-03-20T11:14:41.915509+00:00,BTCUSD,indian_king_cobra,BUY,EMA_PULLBACK,0.8,70754.79,70623.3803369889,71149.01898903324,59.44400906753661,13141,23.124306549803098,BUY,0,HOLD,0.7722533345222473,"Bullish pullback: low 70621.26 near EMA 70577.42, bounce 70719.20, RSI 59"
2026-03-20T11:14:51.986196+00:00,BTCUSD,indian_king_cobra,BUY,EMA_PULLBACK,0.8,70752.0,70620.59033698891,71146.22898903325,59.30715583315898,13141,23.124306549803098,BUY,0,HOLD,0.7047669291496277,"Bullish pullback: low 70621.26 near EMA 70577.42, bounce 70719.20, RSI 59"
2026-03-20T11:15:02.070861+00:00,BTCUSD,indian_king_cobra,BUY,EMA_PULLBACK,0.8,70754.76,70631.70744426706,71123.91766719881,59.08759095230734,12305,23.12430973331012,BUY,0,SELL,0.6126875281333923,"Bullish pullback: low 70667.67 near EMA 70595.54, bounce 70767.72, RSI 59"
2026-03-20T11:15:02.102268+00:00,XAUUSD-STD,indian_king_cobra,SELL,EMA_PULLBACK,0.8,4662.32,4673.4223868368435,4629.012839489469,47.21965306991729,1110,15.607759086596872,SELL,0,HOLD,0.5917410850524902,"Bearish pullback: high 4666.42 near EMA 4663.12, reject 4662.52, RSI 47"
2026-03-20T11:15:12.168061+00:00,BTCUSD,indian_king_cobra,BUY,EMA_PULLBACK,0.8,70744.16,70620.35030140993,71115.58909577025,58.310418432629625,12381,23.12430973330981,BUY,0,SELL,0.5221953988075256,"Bullish pullback: low 70667.67 near EMA 70595.54, bounce 70767.72, RSI 58"
2026-03-20T11:15:12.192407+00:00,XAUUSD-STD,indian_king_cobra,SELL,EMA_PULLBACK,0.8,4662.77,4673.925958265416,4629.302125203755,47.49041064677509,1116,15.607759086596682,SELL,0,HOLD,0.48580873012542725,"Bearish pullback: high 4666.42 near EMA 4663.12, reject 4662.52, RSI 47"
2026-03-20T11:15:22.257898+00:00,BTCUSD,indian_king_cobra,BUY,EMA_PULLBACK,0.8,70728.99,70604.09672998135,71103.66981005597,57.233090146775616,12489,23.12430973330935,BUY,0,HOLD,0.48156505823135376,"Bullish pullback: low 70667.67 near EMA 70595.54, bounce 70767.72, RSI 57"
2026-03-20T11:15:22.280755+00:00,XAUUSD-STD,indian_king_cobra,SELL,EMA_PULLBACK,0.8,4661.23,4672.444529693986,4627.58641091804,46.61165272247186,1121,15.607759086596483,SELL,0,SELL,0.5269187092781067,"Bearish pullback: high 4666.42 near EMA 4663.12, reject 4662.52, RSI 47"
2026-03-20T11:15:32.350480+00:00,BTCUSD,indian_king_cobra,BUY,EMA_PULLBACK,0.8,70718.27,70591.97887283849,71097.14338148454,56.49548347071462,12629,23.12430973330877,BUY,0,HOLD,0.6375375390052795,"Bullish pullback: low 70667.67 near EMA 70595.54, bounce 70767.72, RSI 56"
2026-03-20T11:15:32.377398+00:00,XAUUSD-STD,indian_king_cobra,SELL,EMA_PULLBACK,0.8,4661.44,4672.690958265414,4627.6871252037545,46.7275696940238,1125,15.607759086596351,SELL,0,SELL,0.43369609117507935,"Bearish pullback: high 4666.42 near EMA 4663.12, reject 4662.52, RSI 47"
2026-03-20T11:15:42.447346+00:00,BTCUSD,indian_king_cobra,BUY,EMA_PULLBACK,0.8,70703.35,70576.44101569564,71084.0769529131,55.49997610506987,12691,23.124309733308515,BUY,0,HOLD,0.6920627951622009,"Bullish pullback: low 70667.67 near EMA 70595.54, bounce 70767.72, RSI 55"
2026-03-20T11:15:42.470768+00:00,XAUUSD-STD,indian_king_cobra,SELL,EMA_PULLBACK,0.8,4661.08,4672.330958265415,4627.327125203755,46.52920637095361,1125,15.607759086596351,SELL,0,SELL,0.48921507596969604,"Bearish pullback: high 4666.42 near EMA 4663.12, reject 4662.52, RSI 47"
2026-03-20T11:15:52.538497+00:00,BTCUSD,indian_king_cobra,BUY,EMA_PULLBACK,0.8,70689.88,70562.13744426706,71073.10766719883,54.63088017070791,12774,23.124309733308174,BUY,0,HOLD,0.6897499561309814,"Bullish pullback: low 70667.67 near EMA 70595.54, bounce 70767.72, RSI 55"
2026-03-20T11:15:52.561841+00:00,XAUUSD-STD,indian_king_cobra,SELL,EMA_PULLBACK,0.8,4661.9,4673.150958265414,4628.1471252037545,46.983508716995374,1125,15.607759086596351,SELL,0,SELL,0.4914439916610718,"Bearish pullback: high 4666.42 near EMA 4663.12, reject 4662.52, RSI 47"
2026-03-20T11:16:02.626363+00:00,BTCUSD,indian_king_cobra,BUY,EMA_PULLBACK,0.8,70691.68,70563.85887283848,71075.14338148452,54.74543879049247,12782,23.12430973330814,BUY,0,HOLD,0.6699557304382324,"Bullish pullback: low 70667.67 near EMA 70595.54, bounce 70767.72, RSI 55"
2026-03-20T11:16:02.649355+00:00,XAUUSD-STD,indian_king_cobra,SELL,EMA_PULLBACK,0.8,4661.37,4672.620958265415,4627.617125203755,46.6888666965505,1125,15.607759086596351,SELL,0,SELL,0.43369609117507935,"Bearish pullback: high 4666.42 near EMA 4663.12, reject 4662.52, RSI 47"
2026-03-20T11:16:12.716902+00:00,BTCUSD,indian_king_cobra,BUY,EMA_PULLBACK,0.8,70683.44,70555.29315855277,71067.88052434169,54.22491193975319,12815,23.12430973330801,BUY,0,HOLD,0.6089972853660583,"Bullish pullback: low 70667.67 near EMA 70595.54, bounce 70767.72, RSI 54"
2026-03-20T11:16:12.744743+00:00,XAUUSD-STD,indian_king_cobra,SELL,EMA_PULLBACK,0.8,4659.94,4671.2466725511285,4626.019982346612,45.91201915079658,1131,15.60775908659615,SELL,0,SELL,0.39198607206344604,"Bearish pullback: high 4666.42 near EMA 4663.12, reject 4662.52, RSI 46"
2026-03-20T11:16:22.810522+00:00,BTCUSD,indian_king_cobra,BUY,EMA_PULLBACK,0.8,70673.85,70544.40672998135,71062.17981005597,53.63143208029136,12944,22.750060503082608,BUY,0,HOLD,0.672426164150238,"Bullish pullback: low 70667.67 near EMA 70595.54, bounce 70767.72, RSI 54"
2026-03-20T11:16:22.837859+00:00,XAUUSD-STD,indian_king_cobra,SELL,EMA_PULLBACK,0.8,4660.25,4671.590243979701,4626.229268060898,46.07822406269382,1134,15.60775908659604,SELL,0,BUY,0.45231929421424866,"Bearish pullback: high 4666.42 near EMA 4663.12, reject 4662.52, RSI 46"
2026-03-20T11:16:32.863537+00:00,XAUUSD-STD,indian_king_cobra,SELL,EMA_PULLBACK,0.8,4658.81,4670.208815408273,4624.613553775183,45.316194720895645,1140,15.607759086595834,SELL,0,BUY,0.49394431710243225,"Bearish pullback: high 4666.42 near EMA 4663.12, reject 4662.52, RSI 45"
2026-03-20T11:16:42.889366+00:00,XAUUSD-STD,indian_king_cobra,SELL,EMA_PULLBACK,0.8,4659.24,4670.638815408272,4625.043553775183,45.541092605861834,1140,15.607759086595834,SELL,0,BUY,0.5345523357391357,"Bearish pullback: high 4666.42 near EMA 4663.12, reject 4662.52, RSI 46"
2026-03-20T11:16:52.915955+00:00,XAUUSD-STD,indian_king_cobra,SELL,EMA_PULLBACK,0.8,4661.02,4672.418815408273,4626.823553775183,46.49630943769099,1140,15.607759086595834,SELL,0,SELL,0.4644773602485657,"Bearish pullback: high 4666.42 near EMA 4663.12, reject 4662.52, RSI 46"
2026-03-20T11:17:02.942425+00:00,XAUUSD-STD,indian_king_cobra,SELL,EMA_PULLBACK,0.8,4660.04,4671.438815408273,4625.843553775183,45.96550248089287,1140,15.607759086595834,SELL,0,BUY,0.4911394715309143,"Bearish pullback: high 4666.42 near EMA 4663.12, reject 4662.52, RSI 46"
2026-03-20T11:17:12.967729+00:00,XAUUSD-STD,indian_king_cobra,SELL,EMA_PULLBACK,0.8,4662.21,4673.608815408273,4628.013553775183,47.15757660294711,1140,15.607759086595834,SELL,0,BUY,0.45907849073410034,"Bearish pullback: high 4666.42 near EMA 4663.12, reject 4662.52, RSI 47"
2026-03-20T11:17:22.994752+00:00,XAUUSD-STD,indian_king_cobra,SELL,EMA_PULLBACK,0.8,4660.38,4671.778815408273,4626.183553775183,46.14828156564641,1140,15.607759086595834,SELL,0,BUY,0.5206952095031738,"Bearish pullback: high 4666.42 near EMA 4663.12, reject 4662.52, RSI 46"
2026-03-20T11:17:33.023280+00:00,XAUUSD-STD,indian_king_cobra,SELL,EMA_PULLBACK,0.8,4660.4,4671.798815408272,4626.203553775183,46.159078555557485,1140,15.607759086595834,SELL,0,BUY,0.5206952095031738,"Bearish pullback: high 4666.42 near EMA 4663.12, reject 4662.52, RSI 46"
2026-03-20T11:17:43.049050+00:00,XAUUSD-STD,indian_king_cobra,SELL,EMA_PULLBACK,0.8,4660.36,4671.758815408272,4626.163553775183,46.13748962556396,1140,15.607759086595834,SELL,0,BUY,0.5206952095031738,"Bearish pullback: high 4666.42 near EMA 4663.12, reject 4662.52, RSI 46"
2026-03-20T11:17:53.078399+00:00,XAUUSD-STD,indian_king_cobra,SELL,EMA_PULLBACK,0.8,4661.36,4672.758815408272,4627.163553775183,46.68334293000527,1140,15.607759086595834,SELL,0,SELL,0.4695400297641754,"Bearish pullback: high 4666.42 near EMA 4663.12, reject 4662.52, RSI 47"
2026-03-20T11:18:03.104475+00:00,XAUUSD-STD,indian_king_cobra,SELL,EMA_PULLBACK,0.8,4660.82,4672.218815408272,4626.623553775183,46.38698816238388,1140,15.607759086595834,SELL,0,BUY,0.45225316286087036,"Bearish pullback: high 4666.42 near EMA 4663.12, reject 4662.52, RSI 46"
2026-03-20T11:18:13.133726+00:00,XAUUSD-STD,indian_king_cobra,SELL,EMA_PULLBACK,0.8,4661.11,4672.508815408272,4626.913553775183,46.54567230011915,1140,15.607759086595834,SELL,0,SELL,0.46900832653045654,"Bearish pullback: high 4666.42 near EMA 4663.12, reject 4662.52, RSI 47"
2026-03-20T11:18:23.159758+00:00,XAUUSD-STD,indian_king_cobra,SELL,EMA_PULLBACK,0.8,4664.11,4675.575243979701,4629.714268060898,48.318660947918886,1147,15.607759086595607,SELL,0,BUY,0.487073689699173,"Bearish pullback: high 4666.42 near EMA 4663.12, reject 4662.52, RSI 48"
2026-03-20T11:18:33.185359+00:00,XAUUSD-STD,indian_king_cobra,SELL,EMA_PULLBACK,0.8,4664.94,4676.463815408272,4630.368553775183,48.818704177915286,1152,15.6077590865954,SELL,0,BUY,0.48098984360694885,"Bearish pullback: high 4666.42 near EMA 4663.12, reject 4662.52, RSI 49"
2026-03-20T11:18:43.212666+00:00,XAUUSD-STD,indian_king_cobra,SELL,EMA_PULLBACK,0.8,4664.51,4676.0531011225585,4629.880696632326,48.560859685562775,1154,15.607759086595337,SELL,0,BUY,0.5523823499679565,"Bearish pullback: high 4666.42 near EMA 4663.12, reject 4662.52, RSI 49"
2026-03-20T11:18:53.237250+00:00,XAUUSD-STD,indian_king_cobra,SELL,EMA_PULLBACK,0.8,4664.23,4675.773101122558,4629.600696632326,48.39155971146675,1154,15.607759086595337,SELL,0,BUY,0.48594439029693604,"Bearish pullback: high 4666.42 near EMA 4663.12, reject 4662.52, RSI 48"
2026-03-20T11:19:03.267097+00:00,XAUUSD-STD,indian_king_cobra,SELL,EMA_PULLBACK,0.8,4665.32,4676.868101122558,4630.6756966323255,49.04442468011553,1155,15.60775908659531,SELL,0,BUY,0.4928451478481293,"Bearish pullback: high 4666.42 near EMA 4663.12, reject 4662.52, RSI 49"
2026-03-20T11:19:13.298027+00:00,XAUUSD-STD,indian_king_cobra,SELL,EMA_PULLBACK,0.8,4665.78,4677.382386836844,4630.972839489469,49.315015639507244,1160,15.607759086595127,SELL,0,BUY,0.48017123341560364,"Bearish pullback: high 4666.42 near EMA 4663.12, reject 4662.52, RSI 49"
2026-03-20T11:19:23.323232+00:00,XAUUSD-STD,indian_king_cobra,SELL,EMA_PULLBACK,0.8,4665.04,4676.642386836844,4630.232839489469,48.8782979679528,1160,15.607759086595127,SELL,0,BUY,0.48888206481933594,"Bearish pullback: high 4666.42 near EMA 4663.12, reject 4662.52, RSI 49"
2026-03-20T11:19:33.351143+00:00,XAUUSD-STD,indian_king_cobra,SELL,EMA_PULLBACK,0.8,4665.32,4676.9223868368435,4630.512839489469,49.04442468011553,1160,15.607759086595127,SELL,0,BUY,0.5140807628631592,"Bearish pullback: high 4666.42 near EMA 4663.12, reject 4662.52, RSI 49"
2026-03-20T11:19:43.378404+00:00,XAUUSD-STD,indian_king_cobra,SELL,EMA_PULLBACK,0.8,4664.63,4676.232386836844,4629.8228394894695,48.63307726392755,1160,15.607759086595127,SELL,0,BUY,0.5475593209266663,"Bearish pullback: high 4666.42 near EMA 4663.12, reject 4662.52, RSI 49"
2026-03-20T11:19:53.405016+00:00,XAUUSD-STD,indian_king_cobra,SELL,EMA_PULLBACK,0.8,4665.2,4676.802386836844,4630.392839489469,48.973359910467785,1160,15.607759086595127,SELL,0,BUY,0.5223495364189148,"Bearish pullback: high 4666.42 near EMA 4663.12, reject 4662.52, RSI 49"
2026-03-20T14:55:01.905235+00:00,BTCUSD,indian_king_cobra,SELL,EMA_PULLBACK,0.8,69673.48,69898.10083447273,68999.61749658179,36.35983214084001,22462,25.850422426250038,SELL,0,SELL,0.5695474147796631,"Bearish pullback: high 69916.22 near EMA 70024.72, reject 69653.55, RSI 36"
2026-03-20T14:55:11.987169+00:00,BTCUSD,indian_king_cobra,SELL,EMA_PULLBACK,0.8,69679.18,69904.79012018701,69002.34963943894,36.59905285199214,22561,25.850422426249793,SELL,0,SELL,0.48868605494499207,"Bearish pullback: high 69916.22 near EMA 70024.72, reject 69653.55, RSI 37"
2026-03-20T14:55:22.063313+00:00,BTCUSD,indian_king_cobra,SELL,EMA_PULLBACK,0.8,69674.19,69899.80012018702,68997.35963943895,36.38972818839424,22561,25.850422426249793,SELL,0,SELL,0.45967504382133484,"Bearish pullback: high 69916.22 near EMA 70024.72, reject 69653.55, RSI 36"
2026-03-20T14:55:32.134525+00:00,BTCUSD,indian_king_cobra,SELL,EMA_PULLBACK,0.8,69668.41,69894.02012018702,68991.57963943895,36.145529539610386,22561,25.850422426249793,SELL,0,SELL,0.47636285424232483,"Bearish pullback: high 69916.22 near EMA 70024.72, reject 69653.55, RSI 36"
2026-03-20T14:55:42.206453+00:00,BTCUSD,indian_king_cobra,SELL,EMA_PULLBACK,0.8,69682.32,69907.93012018703,69005.48963943895,36.73006743069171,22561,25.850422426249793,SELL,0,SELL,0.494099497795105,"Bearish pullback: high 69916.22 near EMA 70024.72, reject 69653.55, RSI 37"
2026-03-20T14:55:52.279497+00:00,BTCUSD,indian_king_cobra,SELL,EMA_PULLBACK,0.8,69709.74,69936.50083447274,69029.4574965818,37.8515486173482,22676,25.8504224262495,SELL,0,SELL,0.4490242004394531,"Bearish pullback: high 69916.22 near EMA 70024.72, reject 69653.55, RSI 38"
2026-03-20T14:56:02.353766+00:00,BTCUSD,indian_king_cobra,SELL,EMA_PULLBACK,0.8,69793.76,70027.36797732988,69092.93606801036,41.05317231235872,23361,25.850422426247754,SELL,0,HOLD,0.44018495082855225,"Bearish pullback: high 69916.22 near EMA 70024.72, reject 69653.55, RSI 41"
2026-03-20T14:56:12.436448+00:00,BTCUSD,indian_king_cobra,SELL,EMA_PULLBACK,0.8,69767.94,70001.54797732989,69067.11606801036,40.10496265348303,23361,25.850422426247754,SELL,0,SELL,0.4073973596096039,"Bearish pullback: high 69916.22 near EMA 70024.72, reject 69653.55, RSI 40"
2026-03-20T14:56:22.508255+00:00,BTCUSD,indian_king_cobra,SELL,EMA_PULLBACK,0.8,69763.1,69996.70797732989,69062.27606801037,39.92381387288449,23361,25.850422426247754,SELL,0,HOLD,0.40819230675697327,"Bearish pullback: high 69916.22 near EMA 70024.72, reject 69653.55, RSI 40"
2026-03-20T14:56:32.584602+00:00,BTCUSD,indian_king_cobra,SELL,EMA_PULLBACK,0.8,69699.75,69933.35797732988,68998.92606801036,37.44759016071181,23361,25.850422426247754,SELL,0,HOLD,0.4020489454269409,"Bearish pullback: high 69916.22 near EMA 70024.72, reject 69653.55, RSI 37"
2026-03-20T14:56:42.656567+00:00,BTCUSD,indian_king_cobra,SELL,EMA_PULLBACK,0.8,69697.0,69930.60797732988,68996.17606801036,37.33546698082339,23361,25.850422426247754,SELL,0,HOLD,0.38392800092697144,"Bearish pullback: high 69916.22 near EMA 70024.72, reject 69653.55, RSI 37"
2026-03-20T14:56:52.725523+00:00,BTCUSD,indian_king_cobra,SELL,EMA_PULLBACK,0.8,69687.09,69920.69797732988,68986.26606801036,36.92805995808247,23361,25.850422426247754,SELL,0,SELL,0.39387622475624084,"Bearish pullback: high 69916.22 near EMA 70024.72, reject 69653.55, RSI 37"
2026-03-20T14:57:02.793626+00:00,BTCUSD,indian_king_cobra,SELL,EMA_PULLBACK,0.8,69727.44,69961.04797732989,69026.61606801036,38.55460439485907,23361,25.850422426247754,SELL,0,HOLD,0.4173634350299835,"Bearish pullback: high 69916.22 near EMA 70024.72, reject 69653.55, RSI 39"
2026-03-20T14:57:12.874604+00:00,BTCUSD,indian_king_cobra,SELL,EMA_PULLBACK,0.8,69754.39,69987.99797732988,69053.56606801036,39.59504557801911,23361,25.850422426247754,SELL,0,SELL,0.4211037755012512,"Bearish pullback: high 69916.22 near EMA 70024.72, reject 69653.55, RSI 40"
2026-03-20T14:57:22.945542+00:00,BTCUSD,indian_king_cobra,SELL,EMA_PULLBACK,0.8,69782.94,70016.54797732989,69082.11606801036,40.659499189817446,23361,25.850422426247754,SELL,0,HOLD,0.4311181306838989,"Bearish pullback: high 69916.22 near EMA 70024.72, reject 69653.55, RSI 41"
2026-03-20T14:57:33.018301+00:00,BTCUSD,indian_king_cobra,SELL,EMA_PULLBACK,0.8,69740.59,69974.19797732988,69039.76606801036,39.06671824987514,23361,25.850422426247754,SELL,0,HOLD,0.4294370710849762,"Bearish pullback: high 69916.22 near EMA 70024.72, reject 69653.55, RSI 39"
2026-03-20T14:57:43.091390+00:00,BTCUSD,indian_king_cobra,SELL,EMA_PULLBACK,0.8,69765.18,69998.78797732988,69064.35606801035,40.001797025985425,23361,25.850422426247754,SELL,0,HOLD,0.4102936387062073,"Bearish pullback: high 69916.22 near EMA 70024.72, reject 69653.55, RSI 40"
2026-03-20T14:57:53.175561+00:00,BTCUSD,indian_king_cobra,SELL,EMA_PULLBACK,0.8,69775.04,70008.64797732988,69074.21606801036,40.36872944147964,23361,25.850422426247754,SELL,0,HOLD,0.46845805644989014,"Bearish pullback: high 69916.22 near EMA 70024.72, reject 69653.55, RSI 40"
2026-03-20T14:58:03.249596+00:00,BTCUSD,indian_king_cobra,SELL,EMA_PULLBACK,0.8,69779.58,70013.18797732989,69078.75606801036,40.53617730077214,23361,25.850422426247754,SELL,0,HOLD,0.475102961063385,"Bearish pullback: high 69916.22 near EMA 70024.72, reject 69653.55, RSI 41"
2026-03-20T14:58:13.319657+00:00,BTCUSD,indian_king_cobra,SELL,EMA_PULLBACK,0.8,69775.12,70008.72797732988,69074.29606801036,40.37168822657677,23361,25.850422426247754,SELL,0,HOLD,0.4767380356788635,"Bearish pullback: high 69916.22 near EMA 70024.72, reject 69653.55, RSI 40"
2026-03-20T14:58:23.386409+00:00,BTCUSD,indian_king_cobra,SELL,EMA_PULLBACK,0.8,69780.62,70014.22797732988,69079.79606801036,40.57440310013347,23361,25.850422426247754,SELL,0,HOLD,0.46464288234710693,"Bearish pullback: high 69916.22 near EMA 70024.72, reject 69653.55, RSI 41"
2026-03-20T14:58:33.458775+00:00,BTCUSD,indian_king_cobra,SELL,EMA_PULLBACK,0.8,69798.0,70031.60797732988,69097.17606801036,41.20601899639177,23361,25.850422426247754,SELL,0,HOLD,0.4606430232524872,"Bearish pullback: high 69916.22 near EMA 70024.72, reject 69653.55, RSI 41"
2026-03-20T14:58:43.529896+00:00,BTCUSD,indian_king_cobra,SELL,EMA_PULLBACK,0.8,69786.23,70019.83797732988,69085.40606801036,40.77975723711922,23361,25.850422426247754,SELL,0,HOLD,0.47437170147895813,"Bearish pullback: high 69916.22 near EMA 70024.72, reject 69653.55, RSI 41"
2026-03-20T14:58:53.597032+00:00,BTCUSD,indian_king_cobra,SELL,EMA_PULLBACK,0.8,69765.16,69998.76797732989,69064.33606801037,40.00104815197115,23361,25.850422426247754,SELL,0,HOLD,0.4102936387062073,"Bearish pullback: high 69916.22 near EMA 70024.72, reject 69653.55, RSI 40"
2026-03-20T14:59:03.669981+00:00,BTCUSD,indian_king_cobra,SELL,EMA_PULLBACK,0.8,69762.43,69996.03797732988,69061.60606801035,39.89865111521464,23361,25.850422426247754,SELL,0,HOLD,0.40679576992988586,"Bearish pullback: high 69916.22 near EMA 70024.72, reject 69653.55, RSI 40"
2026-03-20T14:59:13.753831+00:00,BTCUSD,indian_king_cobra,SELL,EMA_PULLBACK,0.8,69731.2,69964.80797732988,69030.37606801036,38.70191058153546,23361,25.850422426247754,SELL,0,HOLD,0.430843710899353,"Bearish pullback: high 69916.22 near EMA 70024.72, reject 69653.55, RSI 39"
2026-03-20T14:59:23.823687+00:00,BTCUSD,indian_king_cobra,SELL,EMA_PULLBACK,0.8,69718.72,69952.32797732989,69017.89606801036,38.210239238244924,23361,25.850422426247754,SELL,0,HOLD,0.39329078793525696,"Bearish pullback: high 69916.22 near EMA 70024.72, reject 69653.55, RSI 38"
2026-03-20T14:59:33.893810+00:00,BTCUSD,indian_king_cobra,SELL,EMA_PULLBACK,0.8,69717.78,69951.38797732988,69016.95606801036,38.17288669336204,23361,25.850422426247754,SELL,0,HOLD,0.3887315094470978,"Bearish pullback: high 69916.22 near EMA 70024.72, reject 69653.55, RSI 38"
2026-03-20T14:59:43.965009+00:00,BTCUSD,indian_king_cobra,SELL,EMA_PULLBACK,0.8,69719.3,69952.90797732989,69018.47606801036,38.23326404628544,23361,25.850422426247754,SELL,0,HOLD,0.39457064867019653,"Bearish pullback: high 69916.22 near EMA 70024.72, reject 69653.55, RSI 38"
2026-03-20T14:59:54.036071+00:00,BTCUSD,indian_king_cobra,SELL,EMA_PULLBACK,0.8,69719.85,69953.45797732989,69019.02606801037,38.25508207043214,23361,25.850422426247754,SELL,0,HOLD,0.4460955262184143,"Bearish pullback: high 69916.22 near EMA 70024.72, reject 69653.55, RSI 38"
2026-03-20T15:05:04.288776+00:00,BTCUSD,indian_king_cobra,SELL,EMA_PULLBACK,0.8,69645.52,69865.06478541534,68986.885643754,36.462574742749,21954,28.702369259726357,SELL,0,BUY,0.49282512068748474,"Bearish pullback: high 69856.44 near EMA 69964.48, reject 69661.49, RSI 36"
2026-03-20T15:05:14.363305+00:00,BTCUSD,indian_king_cobra,SELL,EMA_PULLBACK,0.8,69667.22,69888.59264255819,69003.10207232543,37.13117427677569,22137,28.702369259725778,SELL,0,BUY,0.3828379511833191,"Bearish pullback: high 69856.44 near EMA 69964.48, reject 69661.49, RSI 37"
2026-03-20T15:05:24.436086+00:00,BTCUSD,indian_king_cobra,SELL,EMA_PULLBACK,0.8,69651.31,69873.06407112961,68986.04778661113,36.61125889493181,22175,28.702369259725653,SELL,0,BUY,0.41689595580101013,"Bearish pullback: high 69856.44 near EMA 69964.48, reject 69661.49, RSI 37"
2026-03-20T15:05:34.509938+00:00,BTCUSD,indian_king_cobra,SELL,EMA_PULLBACK,0.8,69633.52,69855.59835684391,68967.28492946828,36.15823412830736,22208,28.702369259725554,SELL,0,BUY,0.5301318168640137,"Bearish pullback: high 69856.44 near EMA 69964.48, reject 69661.49, RSI 36"
2026-03-20T15:05:44.588831+00:00,BTCUSD,indian_king_cobra,SELL,EMA_PULLBACK,0.8,69614.48,69837.92549970104,68944.14350089684,35.68563629780854,22345,28.70236925972512,SELL,0,BUY,0.5887702107429504,"Bearish pullback: high 69856.44 near EMA 69964.48, reject 69661.49, RSI 36"
2026-03-20T15:05:54.658576+00:00,BTCUSD,indian_king_cobra,SELL,EMA_PULLBACK,0.8,69604.72,69828.81264255819,68932.44207232543,35.448137830978496,22409,28.702369259724918,SELL,0,BUY,0.6160467863082886,"Bearish pullback: high 69856.44 near EMA 69964.48, reject 69661.49, RSI 35"
2026-03-20T15:06:04.732468+00:00,BTCUSD,indian_king_cobra,SELL,EMA_PULLBACK,0.8,69642.31,69866.40264255818,68970.03207232543,36.38066282494505,22409,28.702369259724918,SELL,0,BUY,0.5925269722938538,"Bearish pullback: high 69856.44 near EMA 69964.48, reject 69661.49, RSI 36"
2026-03-20T15:06:14.812500+00:00,BTCUSD,indian_king_cobra,SELL,EMA_PULLBACK,0.8,69642.78,69866.87264255818,68970.50207232543,36.3926331533948,22409,28.702369259724918,SELL,0,BUY,0.5479601621627808,"Bearish pullback: high 69856.44 near EMA 69964.48, reject 69661.49, RSI 36"
2026-03-20T15:06:24.892165+00:00,BTCUSD,indian_king_cobra,SELL,EMA_PULLBACK,0.8,69626.95,69851.04264255818,68954.67207232543,35.993750074456784,22409,28.702369259724918,SELL,0,BUY,0.5717331767082214,"Bearish pullback: high 69856.44 near EMA 69964.48, reject 69661.49, RSI 36"
2026-03-20T15:06:34.966555+00:00,BTCUSD,indian_king_cobra,SELL,EMA_PULLBACK,0.8,69626.3,69850.39264255819,68954.02207232543,35.97755823234456,22409,28.702369259724918,SELL,0,BUY,0.5717331767082214,"Bearish pullback: high 69856.44 near EMA 69964.48, reject 69661.49, RSI 36"
2026-03-20T15:06:45.032143+00:00,BTCUSD,indian_king_cobra,SELL,EMA_PULLBACK,0.8,69616.98,69841.07264255818,68944.70207232542,35.74698381335993,22409,28.702369259724918,SELL,0,BUY,0.6517552733421326,"Bearish pullback: high 69856.44 near EMA 69964.48, reject 69661.49, RSI 36"
2026-03-20T15:06:55.104617+00:00,BTCUSD,indian_king_cobra,SELL,EMA_PULLBACK,0.8,69605.26,69829.35264255818,68932.98207232542,35.461195470653806,22409,28.702369259724918,SELL,0,BUY,0.6490002870559692,"Bearish pullback: high 69856.44 near EMA 69964.48, reject 69661.49, RSI 35"
2026-03-20T15:07:05.173741+00:00,BTCUSD,indian_king_cobra,SELL,EMA_PULLBACK,0.8,69593.06,69818.00478541534,68918.22564375399,35.168516596670216,22494,29.176548886916112,SELL,0,BUY,0.6802511215209961,"Bearish pullback: high 69856.44 near EMA 69964.48, reject 69661.49, RSI 35"
2026-03-20T15:07:15.248270+00:00,BTCUSD,indian_king_cobra,SELL,EMA_PULLBACK,0.8,69600.26,69825.21549970105,68925.39350089684,35.34065798445492,22496,29.184840627262673,SELL,0,BUY,0.6227137446403503,"Bearish pullback: high 69856.44 near EMA 69964.48, reject 69661.49, RSI 35"
2026-03-20T15:07:25.320935+00:00,BTCUSD,indian_king_cobra,SELL,EMA_PULLBACK,0.8,69592.74,69817.69692827249,68917.86921518257,35.16090478222692,22496,29.185946045950423,SELL,0,BUY,0.649233877658844,"Bearish pullback: high 69856.44 near EMA 69964.48, reject 69661.49, RSI 35"
2026-03-20T15:07:35.395173+00:00,BTCUSD,indian_king_cobra,SELL,EMA_PULLBACK,0.8,69617.03,69842.5133568439,68940.57992946828,35.74821291519213,22548,29.590956749493394,SELL,0,BUY,0.6130728721618652,"Bearish pullback: high 69856.44 near EMA 69964.48, reject 69661.49, RSI 36"
2026-03-20T15:07:45.466010+00:00,BTCUSD,indian_king_cobra,SELL,EMA_PULLBACK,0.8,69599.3,69824.78335684391,68922.84992946828,35.31760849690873,22548,29.590956749493394,SELL,0,BUY,0.6277218461036682,"Bearish pullback: high 69856.44 near EMA 69964.48, reject 69661.49, RSI 35"
2026-03-20T15:07:55.535752+00:00,BTCUSD,indian_king_cobra,SELL,EMA_PULLBACK,0.8,69593.06,69818.5433568439,68916.60992946828,35.168516596670216,22548,29.590956749493394,SELL,0,BUY,0.6625940799713135,"Bearish pullback: high 69856.44 near EMA 69964.48, reject 69661.49, RSI 35"
2026-03-20T15:08:05.607850+00:00,BTCUSD,indian_king_cobra,SELL,EMA_PULLBACK,0.8,69562.2,69789.32621398676,68880.8213580397,34.449308443386215,22713,30.825631577580236,SELL,0,BUY,0.6609982252120972,"Bearish pullback: high 69856.44 near EMA 69964.48, reject 69661.49, RSI 34"
2026-03-20T15:08:15.677149+00:00,BTCUSD,indian_king_cobra,SELL,EMA_PULLBACK,0.8,69556.38,69784.14978541534,68873.070643754,34.31695466138329,22777,31.297578491613976,SELL,0,BUY,0.706892728805542,"Bearish pullback: high 69856.44 near EMA 69964.48, reject 69661.49, RSI 34"
2026-03-20T15:08:25.744461+00:00,BTCUSD,indian_king_cobra,SELL,EMA_PULLBACK,0.8,69499.17,69730.94978541533,68803.83064375399,33.068094031555376,23178,34.09905637729714,SELL,0,BUY,0.5739960074424744,"Bearish pullback: high 69856.44 near EMA 69964.48, reject 69661.49, RSI 33"
2026-03-20T15:08:35.809396+00:00,BTCUSD,indian_king_cobra,SELL,EMA_PULLBACK,0.8,69515.84,69747.64692827247,68820.41921518256,33.42250560101236,23181,34.11724074154171,SELL,0,BUY,0.657197892665863,"Bearish pullback: high 69856.44 near EMA 69964.48, reject 69661.49, RSI 33"
2026-03-20T15:08:45.876754+00:00,BTCUSD,indian_king_cobra,SELL,EMA_PULLBACK,0.8,69512.83,69744.63692827248,68817.40921518256,33.357950734796944,23181,34.11724074154171,SELL,0,BUY,0.6643401980400085,"Bearish pullback: high 69856.44 near EMA 69964.48, reject 69661.49, RSI 33"
2026-03-20T15:08:55.944480+00:00,BTCUSD,indian_king_cobra,SELL,EMA_PULLBACK,0.8,69510.71,69742.51692827248,68815.28921518257,33.31263298825172,23181,34.11724074154171,SELL,0,BUY,0.6203974485397339,"Bearish pullback: high 69856.44 near EMA 69964.48, reject 69661.49, RSI 33"
2026-03-20T15:09:06.018017+00:00,BTCUSD,indian_king_cobra,SELL,EMA_PULLBACK,0.8,69488.66,69721.04121398677,68791.51635803972,32.84848442252937,23238,34.499644890371755,SELL,0,BUY,0.4935971200466156,"Bearish pullback: high 69856.44 near EMA 69964.48, reject 69661.49, RSI 33"
2026-03-20T15:09:16.082426+00:00,BTCUSD,indian_king_cobra,SELL,EMA_PULLBACK,0.8,69494.87,69727.72049970104,68796.31850089684,32.977890277881215,23285,34.80885149994754,SELL,0,BUY,0.5816465020179749,"Bearish pullback: high 69856.44 near EMA 69964.48, reject 69661.49, RSI 33"
2026-03-20T15:09:26.154538+00:00,BTCUSD,indian_king_cobra,SELL,EMA_PULLBACK,0.8,69495.14,69727.99049970105,68796.58850089685,32.98353975191357,23285,34.80885149994754,SELL,0,BUY,0.5820028781890869,"Bearish pullback: high 69856.44 near EMA 69964.48, reject 69661.49, RSI 33"
2026-03-20T15:09:36.226492+00:00,BTCUSD,indian_king_cobra,SELL,EMA_PULLBACK,0.8,69516.58,69750.38621398677,68815.16135803971,33.43841451463172,23381,35.4296193334558,SELL,0,BUY,0.6159735918045044,"Bearish pullback: high 69856.44 near EMA 69964.48, reject 69661.49, RSI 33"
2026-03-20T15:09:46.296908+00:00,BTCUSD,indian_king_cobra,SELL,EMA_PULLBACK,0.8,69498.38,69732.18621398677,68796.96135803971,33.05148473073726,23381,35.4296193334558,SELL,0,BUY,0.5948881506919861,"Bearish pullback: high 69856.44 near EMA 69964.48, reject 69661.49, RSI 33"
2026-03-20T15:09:56.365191+00:00,BTCUSD,indian_king_cobra,SELL,EMA_PULLBACK,0.8,69510.04,69743.84621398676,68808.6213580397,33.29833646541492,23381,35.4296193334558,SELL,0,BUY,0.575099766254425,"Bearish pullback: high 69856.44 near EMA 69964.48, reject 69661.49, RSI 33"
2026-03-20T15:20:06.903172+00:00,BTCUSD,indian_king_cobra,SELL,EMA_PULLBACK,0.8,69595.04,69841.62340324375,68855.28979026871,39.14104992719539,24658,23.717274933347277,SELL,0,SELL,0.4249611794948578,"Bearish pullback: high 69809.30 near EMA 69870.34, reject 69606.53, RSI 39"
2026-03-20T15:20:16.985115+00:00,BTCUSD,indian_king_cobra,SELL,EMA_PULLBACK,0.8,69576.71,69825.18911752949,68831.27264741158,38.699490122587136,24848,23.71727493334676,SELL,0,SELL,0.4264194965362549,"Bearish pullback: high 69809.30 near EMA 69870.34, reject 69606.53, RSI 39"
2026-03-20T15:20:27.051089+00:00,BTCUSD,indian_king_cobra,SELL,EMA_PULLBACK,0.8,69608.67,69857.14911752948,68863.23264741157,39.50417940652617,24848,23.71727493334676,SELL,0,SELL,0.3790188729763031,"Bearish pullback: high 69809.30 near EMA 69870.34, reject 69606.53, RSI 40"
2026-03-20T15:20:37.121007+00:00,BTCUSD,indian_king_cobra,SELL,EMA_PULLBACK,0.8,69605.64,69854.11911752948,68860.20264741157,39.40102710976905,24848,23.71727493334676,SELL,0,HOLD,0.4027281105518341,"Bearish pullback: high 69809.30 near EMA 69870.34, reject 69606.53, RSI 39"
2026-03-20T15:20:47.199549+00:00,BTCUSD,indian_king_cobra,SELL,EMA_PULLBACK,0.8,69636.35,69887.13411752948,68883.99764741158,40.534769715508844,25078,23.71727493334612,SELL,0,BUY,0.35446396470069885,"Bearish pullback: high 69809.30 near EMA 69870.34, reject 69606.53, RSI 41"
2026-03-20T15:20:57.269676+00:00,BTCUSD,indian_king_cobra,SELL,EMA_PULLBACK,0.8,69642.21,69893.98197467234,68886.89407598301,40.74846347004878,25177,23.71727493334585,SELL,0,BUY,0.41920721530914307,"Bearish pullback: high 69809.30 near EMA 69870.34, reject 69606.53, RSI 41"
2026-03-20T15:20:57.296503+00:00,XAUUSD,indian_king_cobra,SELL,EMA_PULLBACK,0.8,4557.74,4574.064335163144,4508.766994510566,33.52529932546295,1632,48.81784971959248,SELL,0,SELL,0.6175840497016907,"Bearish pullback: high 4576.76 near EMA 4588.18, reject 4562.52, RSI 34"
2026-03-20T15:21:07.368376+00:00,BTCUSD,indian_king_cobra,SELL,EMA_PULLBACK,0.8,69645.1,69896.87197467234,68889.78407598301,40.85328718913027,25177,23.71727493334585,SELL,0,BUY,0.4048476219177246,"Bearish pullback: high 69809.30 near EMA 69870.34, reject 69606.53, RSI 41"
2026-03-20T15:21:07.395368+00:00,XAUUSD,indian_king_cobra,SELL,EMA_PULLBACK,0.8,4561.4,4577.727192306002,4512.418423081995,34.544247592382874,1633,48.84029591772339,SELL,0,SELL,0.7863203883171082,"Bearish pullback: high 4576.76 near EMA 4588.18, reject 4562.52, RSI 35"
2026-03-20T15:21:17.465417+00:00,BTCUSD,indian_king_cobra,SELL,EMA_PULLBACK,0.8,69651.71,69903.85840324376,68895.26479026873,41.09165105179459,25215,23.71727493334575,SELL,0,BUY,0.36555230617523193,"Bearish pullback: high 69809.30 near EMA 69870.34, reject 69606.53, RSI 41"
2026-03-20T15:21:17.492772+00:00,XAUUSD,indian_king_cobra,SELL,EMA_PULLBACK,0.8,4561.96,4578.287192306002,4512.978423081995,34.70564125810908,1633,48.84029591772339,SELL,0,SELL,0.6826027035713196,"Bearish pullback: high 4576.76 near EMA 4588.18, reject 4562.52, RSI 35"
2026-03-20T15:21:27.560576+00:00,BTCUSD,indian_king_cobra,SELL,EMA_PULLBACK,0.8,69615.1,69867.24840324376,68858.65479026873,39.74675565369903,25215,23.71727493334575,SELL,0,SELL,0.3884543180465698,"Bearish pullback: high 69809.30 near EMA 69870.34, reject 69606.53, RSI 40"
2026-03-20T15:21:27.585303+00:00,XAUUSD,indian_king_cobra,SELL,EMA_PULLBACK,0.8,4563.24,4579.577192306001,4514.228423081995,35.25927097113019,1634,48.84029591772331,SELL,0,SELL,0.643093466758728,"Bearish pullback: high 4576.76 near EMA 4588.18, reject 4562.52, RSI 35"
2026-03-20T15:21:37.659112+00:00,BTCUSD,indian_king_cobra,SELL,EMA_PULLBACK,0.8,69580.67,69832.81840324376,68824.22479026872,38.79403865161402,25215,23.71727493334575,SELL,0,SELL,0.34928810596466064,"Bearish pullback: high 69809.30 near EMA 69870.34, reject 69606.53, RSI 39"
2026-03-20T15:21:37.687680+00:00,XAUUSD,indian_king_cobra,SELL,EMA_PULLBACK,0.8,4565.0,4581.42362087743,4515.729137367709,36.19491645448296,1642,48.84029591772266,SELL,0,SELL,0.5539462566375732,"Bearish pullback: high 4576.76 near EMA 4588.18, reject 4562.52, RSI 36"
2026-03-20T15:21:47.756379+00:00,BTCUSD,indian_king_cobra,SELL,EMA_PULLBACK,0.8,69604.6,69856.74840324376,68848.15479026873,39.375367216068604,25215,23.71727493334575,SELL,0,SELL,0.3778887391090393,"Bearish pullback: high 69809.30 near EMA 69870.34, reject 69606.53, RSI 39"
2026-03-20T15:21:47.781058+00:00,XAUUSD,indian_king_cobra,SELL,EMA_PULLBACK,0.8,4563.9,4580.32362087743,4514.629137367709,35.61333616385565,1642,48.84029591772266,SELL,0,SELL,0.5970385670661926,"Bearish pullback: high 4576.76 near EMA 4588.18, reject 4562.52, RSI 36"
2026-03-20T15:21:57.856014+00:00,BTCUSD,indian_king_cobra,SELL,EMA_PULLBACK,0.8,69594.59,69846.9955461009,68837.37336169729,39.13008905347008,25241,23.71727493334567,SELL,0,HOLD,0.3481070399284363,"Bearish pullback: high 69809.30 near EMA 69870.34, reject 69606.53, RSI 39"
2026-03-20T15:21:57.885927+00:00,XAUUSD,indian_king_cobra,SELL,EMA_PULLBACK,0.8,4565.02,4581.4436208774305,4515.749137367709,36.205393408343305,1642,48.84029591772266,SELL,0,SELL,0.5539462566375732,"Bearish pullback: high 4576.76 near EMA 4588.18, reject 4562.52, RSI 36"
2026-03-20T15:22:07.956612+00:00,BTCUSD,indian_king_cobra,SELL,EMA_PULLBACK,0.8,69594.85,69847.2555461009,68837.6333616973,39.1364212538231,25241,23.71727493334567,SELL,0,HOLD,0.3481070399284363,"Bearish pullback: high 69809.30 near EMA 69870.34, reject 69606.53, RSI 39"
2026-03-20T15:22:07.986290+00:00,XAUUSD,indian_king_cobra,SELL,EMA_PULLBACK,0.8,4564.34,4580.76362087743,4515.069137367709,35.847235916708556,1642,48.84029591772266,SELL,0,SELL,0.5405914783477783,"Bearish pullback: high 4576.76 near EMA 4588.18, reject 4562.52, RSI 36"
2026-03-20T15:22:18.056124+00:00,BTCUSD,indian_king_cobra,SELL,EMA_PULLBACK,0.8,69586.46,69838.8655461009,68829.2433616973,38.93311460938525,25241,23.71727493334567,SELL,0,BUY,0.3411805033683777,"Bearish pullback: high 69809.30 near EMA 69870.34, reject 69606.53, RSI 39"
2026-03-20T15:22:18.090116+00:00,XAUUSD,indian_king_cobra,SELL,EMA_PULLBACK,0.8,4564.27,4580.6936208774305,4514.999137367709,35.81013833130615,1642,48.84029591772266,SELL,0,SELL,0.5841167569160461,"Bearish pullback: high 4576.76 near EMA 4588.18, reject 4562.52, RSI 36"
2026-03-20T15:22:28.160502+00:00,BTCUSD,indian_king_cobra,SELL,EMA_PULLBACK,0.8,69632.19,69884.5955461009,68874.9733616973,40.382131115289944,25241,23.71727493334567,SELL,0,BUY,0.35964125394821167,"Bearish pullback: high 69809.30 near EMA 69870.34, reject 69606.53, RSI 40"
2026-03-20T15:22:28.188260+00:00,XAUUSD,indian_king_cobra,SELL,EMA_PULLBACK,0.8,4563.79,4580.21362087743,4514.519137367709,35.55459448437409,1642,48.84029591772266,SELL,0,SELL,0.5985204577445984,"Bearish pullback: high 4576.76 near EMA 4588.18, reject 4562.52, RSI 36"
2026-03-20T15:22:38.252906+00:00,BTCUSD,indian_king_cobra,SELL,EMA_PULLBACK,0.8,69598.47,69850.8755461009,68841.2533616973,39.224798355250655,25241,23.71727493334567,SELL,0,HOLD,0.3421598970890045,"Bearish pullback: high 69809.30 near EMA 69870.34, reject 69606.53, RSI 39"
2026-03-20T15:22:38.278958+00:00,XAUUSD,indian_king_cobra,SELL,EMA_PULLBACK,0.8,4563.68,4580.10362087743,4514.409137367709,35.49574552379927,1642,48.84029591772266,SELL,0,SELL,0.5842576026916504,"Bearish pullback: high 4576.76 near EMA 4588.18, reject 4562.52, RSI 35"
2026-03-20T15:22:48.348089+00:00,BTCUSD,indian_king_cobra,SELL,EMA_PULLBACK,0.8,69615.8,69868.2055461009,68858.5833616973,39.7730462759432,25241,23.71727493334567,SELL,0,SELL,0.3513956367969513,"Bearish pullback: high 69809.30 near EMA 69870.34, reject 69606.53, RSI 40"
2026-03-20T15:22:48.376458+00:00,XAUUSD,indian_king_cobra,SELL,EMA_PULLBACK,0.8,4565.04,4581.46362087743,4515.769137367709,36.215866922084146,1642,48.84029591772266,SELL,0,SELL,0.5539462566375732,"Bearish pullback: high 4576.76 near EMA 4588.18, reject 4562.52, RSI 36"
2026-03-20T15:22:58.445985+00:00,BTCUSD,indian_king_cobra,SELL,EMA_PULLBACK,0.8,69589.88,69842.2855461009,68832.6633616973,39.01573255150356,25241,23.71727493334567,SELL,0,SELL,0.35719165205955505,"Bearish pullback: high 69809.30 near EMA 69870.34, reject 69606.53, RSI 39"
2026-03-20T15:22:58.468807+00:00,XAUUSD,indian_king_cobra,SELL,EMA_PULLBACK,0.8,4565.27,4581.6936208774305,4515.999137367709,36.336065618534974,1642,48.84029591772266,SELL,0,SELL,0.5581857562065125,"Bearish pullback: high 4576.76 near EMA 4588.18, reject 4562.52, RSI 36"
2026-03-20T15:23:08.535156+00:00,BTCUSD,indian_king_cobra,SELL,EMA_PULLBACK,0.8,69566.1,69818.5055461009,68808.8833616973,38.44842376585992,25241,23.71727493334567,SELL,0,SELL,0.3457438349723816,"Bearish pullback: high 69809.30 near EMA 69870.34, reject 69606.53, RSI 38"
2026-03-20T15:23:08.558954+00:00,XAUUSD,indian_king_cobra,SELL,EMA_PULLBACK,0.8,4563.59,4580.01362087743,4514.319137367709,35.44751637287911,1642,48.84029591772266,SELL,0,SELL,0.5868783593177795,"Bearish pullback: high 4576.76 near EMA 4588.18, reject 4562.52, RSI 35"
2026-03-20T15:23:18.631710+00:00,BTCUSD,indian_king_cobra,SELL,EMA_PULLBACK,0.8,69600.64,69853.0455461009,68843.42336169729,39.27796739442111,25241,23.71727493334567,SELL,0,SELL,0.3541675806045532,"Bearish pullback: high 69809.30 near EMA 69870.34, reject 69606.53, RSI 39"
2026-03-20T15:23:18.655455+00:00,XAUUSD,indian_king_cobra,SELL,EMA_PULLBACK,0.8,4563.63,4580.05362087743,4514.359137367709,35.468960451917255,1642,48.84029591772266,SELL,0,SELL,0.5842576026916504,"Bearish pullback: high 4576.76 near EMA 4588.18, reject 4562.52, RSI 35"
2026-03-20T15:23:28.727346+00:00,BTCUSD,indian_king_cobra,SELL,EMA_PULLBACK,0.8,69722.22,69978.60340324376,68953.06979026872,43.51969257054209,25638,23.717274933344576,SELL,0,BUY,0.38667938113212585,"Bearish pullback: high 69809.30 near EMA 69870.34, reject 69606.53, RSI 44"
2026-03-20T15:23:28.751969+00:00,XAUUSD,indian_king_cobra,SELL,EMA_PULLBACK,0.8,4567.94,4584.535763734572,4518.15270879628,37.698971120888174,1660,48.84029591772138,SELL,0,SELL,0.5797759890556335,"Bearish pullback: high 4576.76 near EMA 4588.18, reject 4562.52, RSI 38"
2026-03-20T15:23:38.781091+00:00,XAUUSD,indian_king_cobra,SELL,EMA_PULLBACK,0.8,4570.43,4587.235049448859,4520.014851653424,38.91843932580026,1681,48.8402959177198,SELL,0,SELL,0.6707608699798584,"Bearish pullback: high 4576.76 near EMA 4588.18, reject 4562.52, RSI 39"
2026-03-20T15:23:48.812508+00:00,XAUUSD,indian_king_cobra,SELL,EMA_PULLBACK,0.8,4574.61,4591.714335163144,4523.296994510566,40.861656554647574,1710,48.84029591771756,SELL,0,SELL,0.6921321153640747,"Bearish pullback: high 4576.76 near EMA 4588.18, reject 4562.52, RSI 41"
2026-03-20T15:23:58.842260+00:00,XAUUSD,indian_king_cobra,SELL,EMA_PULLBACK,0.8,4573.68,4590.7843351631445,4522.366994510567,40.44008435086555,1710,48.84029591771756,SELL,0,SELL,0.6440273523330688,"Bearish pullback: high 4576.76 near EMA 4588.18, reject 4562.52, RSI 40"
2026-03-20T15:24:08.872173+00:00,XAUUSD,indian_king_cobra,SELL,EMA_PULLBACK,0.8,4571.59,4588.694335163144,4520.2769945105665,39.4703919045288,1710,48.84029591771756,SELL,0,SELL,0.6772385239601135,"Bearish pullback: high 4576.76 near EMA 4588.18, reject 4562.52, RSI 39"
2026-03-20T15:24:18.898322+00:00,XAUUSD,indian_king_cobra,SELL,EMA_PULLBACK,0.8,4568.44,4585.544335163144,4517.126994510566,37.947735759816275,1710,48.84029591771756,SELL,0,SELL,0.6343608498573303,"Bearish pullback: high 4576.76 near EMA 4588.18, reject 4562.52, RSI 38"
2026-03-20T15:24:28.928395+00:00,XAUUSD,indian_king_cobra,SELL,EMA_PULLBACK,0.8,4566.83,4583.934335163144,4515.516994510566,37.13952060729303,1710,48.84029591771756,SELL,0,SELL,0.6219616532325745,"Bearish pullback: high 4576.76 near EMA 4588.18, reject 4562.52, RSI 37"
2026-03-20T15:24:38.956110+00:00,XAUUSD,indian_king_cobra,SELL,EMA_PULLBACK,0.8,4566.7,4583.804335163144,4515.386994510566,37.073341408842325,1710,48.84029591771756,SELL,0,SELL,0.5773895382881165,"Bearish pullback: high 4576.76 near EMA 4588.18, reject 4562.52, RSI 37"
2026-03-20T15:24:48.984680+00:00,XAUUSD,indian_king_cobra,SELL,EMA_PULLBACK,0.8,4565.65,4582.754335163144,4514.336994510566,36.5336653175777,1710,48.84029591771756,SELL,0,SELL,0.5221673846244812,"Bearish pullback: high 4576.76 near EMA 4588.18, reject 4562.52, RSI 37"
2026-03-20T15:24:59.012295+00:00,XAUUSD,indian_king_cobra,SELL,EMA_PULLBACK,0.8,4562.18,4579.2843351631445,4510.866994510567,34.76945928000015,1710,48.84029591771756,SELL,0,SELL,0.5958158373832703,"Bearish pullback: high 4576.76 near EMA 4588.18, reject 4562.52, RSI 35"
2026-03-20T15:25:09.043121+00:00,XAUUSD,indian_king_cobra,SELL,EMA_PULLBACK,0.8,4562.16,4578.306882596663,4513.719352210011,35.05804819954564,1615,48.84029247895583,SELL,0,SELL,0.4720691740512848,"Bearish pullback: high 4575.06 near EMA 4585.61, reject 4561.15, RSI 35"
2026-03-20T15:25:19.076618+00:00,XAUUSD,indian_king_cobra,SELL,EMA_PULLBACK,0.8,4559.6,4575.83116831095,4510.906495067154,34.00232834784629,1623,48.84029247895515,SELL,0,SELL,0.7684069275856018,"Bearish pullback: high 4575.06 near EMA 4585.61, reject 4561.15, RSI 34"
2026-03-20T15:25:29.106657+00:00,XAUUSD,indian_king_cobra,SELL,EMA_PULLBACK,0.8,4561.68,4578.003311168092,4512.710066495725,34.78116309678569,1632,48.8402924789544,SELL,0,SELL,0.5422941446304321,"Bearish pullback: high 4575.06 near EMA 4585.61, reject 4561.15, RSI 35"
2026-03-20T15:25:39.137967+00:00,XAUUSD,indian_king_cobra,SELL,EMA_PULLBACK,0.8,4560.19,4576.513311168092,4511.2200664957245,34.17984458169438,1632,48.8402924789544,SELL,0,SELL,0.7560084462165833,"Bearish pullback: high 4575.06 near EMA 4585.61, reject 4561.15, RSI 34"
2026-03-20T15:25:49.168682+00:00,XAUUSD,indian_king_cobra,SELL,EMA_PULLBACK,0.8,4553.6,4570.259025453806,4503.6229236385825,32.296547144305066,1666,51.20256406097054,SELL,0,SELL,0.5449268221855164,"Bearish pullback: high 4575.06 near EMA 4585.61, reject 4561.15, RSI 32"
2026-03-20T15:25:59.195928+00:00,XAUUSD,indian_king_cobra,SELL,EMA_PULLBACK,0.8,4543.87,4561.228311168092,4491.795066495724,29.86677997269426,1736,56.048466235744094,SELL,0,BUY,0.6081507205963135,"Bearish pullback: high 4575.06 near EMA 4585.61, reject 4561.15, RSI 30"
2026-03-20T15:26:09.225847+00:00,XAUUSD,indian_king_cobra,SELL,EMA_PULLBACK,0.8,4548.78,4566.226168310949,4496.441495067153,31.045401865615275,1745,56.59007920243248,SELL,0,BUY,0.491183876991272,"Bearish pullback: high 4575.06 near EMA 4585.61, reject 4561.15, RSI 31"
2026-03-20T15:26:19.255087+00:00,XAUUSD,indian_king_cobra,SELL,EMA_PULLBACK,0.8,4549.77,4567.21616831095,4497.431495067153,31.29440597594065,1745,56.59007920243248,SELL,0,BUY,0.49319523572921753,"Bearish pullback: high 4575.06 near EMA 4585.61, reject 4561.15, RSI 31"
2026-03-20T15:26:29.282438+00:00,XAUUSD,indian_king_cobra,SELL,EMA_PULLBACK,0.8,4545.15,4562.596168310949,4492.8114950671525,30.165327681685724,1745,56.59007920243248,SELL,0,BUY,0.5804272890090942,"Bearish pullback: high 4575.06 near EMA 4585.61, reject 4561.15, RSI 30"
2026-03-20T15:26:39.313179+00:00,XAUUSD,indian_king_cobra,SELL,EMA_PULLBACK,0.8,4541.39,4558.969025453806,4488.652923638582,29.304844017979406,1758,57.38421243344542,SELL,0,BUY,0.5497419834136963,"Bearish pullback: high 4575.06 near EMA 4585.61, reject 4561.15, RSI 29"
2026-03-20T15:26:49.347989+00:00,XAUUSD,indian_king_cobra,SELL,EMA_PULLBACK,0.8,4543.42,4561.011168310949,4490.646495067153,29.763220896601055,1759,57.4553477603253,SELL,0,BUY,0.6017810106277466,"Bearish pullback: high 4575.06 near EMA 4585.61, reject 4561.15, RSI 30"
2026-03-20T15:26:59.376887+00:00,XAUUSD,indian_king_cobra,SELL,EMA_PULLBACK,0.8,4541.27,4558.861168310949,4488.496495067154,29.278189416137323,1759,57.4553477603253,SELL,0,BUY,0.6369508504867554,"Bearish pullback: high 4575.06 near EMA 4585.61, reject 4561.15, RSI 29"
2026-03-20T15:27:09.406468+00:00,XAUUSD,indian_king_cobra,SELL,EMA_PULLBACK,0.8,4543.42,4561.011168310949,4490.646495067153,29.763220896601055,1759,57.4553477603253,SELL,0,BUY,0.6017810106277466,"Bearish pullback: high 4575.06 near EMA 4585.61, reject 4561.15, RSI 30"
2026-03-20T15:27:19.435565+00:00,XAUUSD,indian_king_cobra,SELL,EMA_PULLBACK,0.8,4545.46,4563.051168310949,4492.686495067153,30.238532180320192,1759,57.4553477603253,SELL,0,BUY,0.5804272890090942,"Bearish pullback: high 4575.06 near EMA 4585.61, reject 4561.15, RSI 30"
2026-03-20T15:27:29.463875+00:00,XAUUSD,indian_king_cobra,SELL,EMA_PULLBACK,0.8,4544.92,4562.511168310949,4492.146495067153,30.111243296816085,1759,57.4553477603253,SELL,0,BUY,0.5804272890090942,"Bearish pullback: high 4575.06 near EMA 4585.61, reject 4561.15, RSI 30"
2026-03-20T15:27:39.492199+00:00,XAUUSD,indian_king_cobra,SELL,EMA_PULLBACK,0.8,4547.24,4564.831168310949,4494.466495067153,30.665842052173346,1759,57.4553477603253,SELL,0,BUY,0.5936277508735657,"Bearish pullback: high 4575.06 near EMA 4585.61, reject 4561.15, RSI 31"
2026-03-20T15:27:49.521904+00:00,XAUUSD,indian_king_cobra,SELL,EMA_PULLBACK,0.8,4547.98,4565.571168310948,4495.206495067153,30.847062731525583,1759,57.4553477603253,SELL,0,BUY,0.5729415416717529,"Bearish pullback: high 4575.06 near EMA 4585.61, reject 4561.15, RSI 31"
2026-03-20T15:27:59.550878+00:00,XAUUSD,indian_king_cobra,SELL,EMA_PULLBACK,0.8,4549.68,4567.271168310949,4496.906495067154,31.271604303258172,1759,57.4553477603253,SELL,0,BUY,0.49319523572921753,"Bearish pullback: high 4575.06 near EMA 4585.61, reject 4561.15, RSI 31"
2026-03-20T15:28:09.580212+00:00,XAUUSD,indian_king_cobra,SELL,EMA_PULLBACK,0.8,4548.56,4566.151168310949,4495.786495067154,30.990604795057948,1759,57.4553477603253,SELL,0,BUY,0.5088532567024231,"Bearish pullback: high 4575.06 near EMA 4585.61, reject 4561.15, RSI 31"
2026-03-20T15:28:19.609715+00:00,XAUUSD,indian_king_cobra,SELL,EMA_PULLBACK,0.8,4551.56,4569.151168310949,4498.786495067154,31.754914866729862,1759,57.4553477603253,SELL,0,SELL,0.6137660145759583,"Bearish pullback: high 4575.06 near EMA 4585.61, reject 4561.15, RSI 32"
2026-03-20T15:28:29.638834+00:00,XAUUSD,indian_king_cobra,SELL,EMA_PULLBACK,0.8,4553.94,4571.5311683109485,4501.166495067153,32.38862067295514,1759,57.4553477603253,SELL,0,SELL,0.5891824960708618,"Bearish pullback: high 4575.06 near EMA 4585.61, reject 4561.15, RSI 32"
2026-03-20T15:28:39.667311+00:00,XAUUSD,indian_king_cobra,SELL,EMA_PULLBACK,0.8,4553.8,4571.391168310949,4501.0264950671535,32.3506445390605,1759,57.4553477603253,SELL,0,SELL,0.5792772769927979,"Bearish pullback: high 4575.06 near EMA 4585.61, reject 4561.15, RSI 32"
2026-03-20T15:28:49.697752+00:00,XAUUSD,indian_king_cobra,SELL,EMA_PULLBACK,0.8,4555.3,4572.891168310949,4502.5264950671535,32.76222515306257,1759,57.4553477603253,SELL,0,SELL,0.5805302262306213,"Bearish pullback: high 4575.06 near EMA 4585.61, reject 4561.15, RSI 33"
2026-03-20T15:28:59.724083+00:00,XAUUSD,indian_king_cobra,SELL,EMA_PULLBACK,0.8,4554.78,4572.371168310949,4502.006495067153,32.618363111026994,1759,57.4553477603253,SELL,0,SELL,0.6086871027946472,"Bearish pullback: high 4575.06 near EMA 4585.61, reject 4561.15, RSI 33"
2026-03-20T15:29:09.752077+00:00,XAUUSD,indian_king_cobra,SELL,EMA_PULLBACK,0.8,4556.89,4574.481168310949,4504.116495067154,33.210090956385756,1759,57.4553477603253,SELL,0,SELL,0.6479155421257019,"Bearish pullback: high 4575.06 near EMA 4585.61, reject 4561.15, RSI 33"
2026-03-20T15:29:19.780448+00:00,XAUUSD,indian_king_cobra,SELL,EMA_PULLBACK,0.8,4560.57,4578.161168310949,4507.796495067153,34.29516172058389,1759,57.4553477603253,SELL,0,SELL,0.6372221112251282,"Bearish pullback: high 4575.06 near EMA 4585.61, reject 4561.15, RSI 34"
2026-03-20T15:29:29.810421+00:00,XAUUSD,indian_king_cobra,SELL,EMA_PULLBACK,0.8,4560.62,4578.211168310949,4507.846495067153,34.31039298210854,1759,57.4553477603253,SELL,0,SELL,0.6305555105209351,"Bearish pullback: high 4575.06 near EMA 4585.61, reject 4561.15, RSI 34"
2026-03-20T15:29:39.836604+00:00,XAUUSD,indian_king_cobra,SELL,EMA_PULLBACK,0.8,4559.53,4577.121168310949,4506.756495067153,33.981389385693404,1759,57.4553477603253,SELL,0,SELL,0.7433122992515564,"Bearish pullback: high 4575.06 near EMA 4585.61, reject 4561.15, RSI 34"
2026-03-20T15:29:49.864443+00:00,XAUUSD,indian_king_cobra,SELL,EMA_PULLBACK,0.8,4560.47,4578.061168310949,4507.696495067154,34.26473973082811,1759,57.4553477603253,SELL,0,SELL,0.6780592799186707,"Bearish pullback: high 4575.06 near EMA 4585.61, reject 4561.15, RSI 34"
2026-03-20T15:29:59.894206+00:00,XAUUSD,indian_king_cobra,SELL,EMA_PULLBACK,0.8,4562.94,4580.5311683109485,4510.166495067153,35.503006564985284,1759,57.4553477603253,SELL,0,BUY,0.5045101046562195,"Bearish pullback: high 4575.06 near EMA 4585.61, reject 4561.15, RSI 36"
2026-03-20T15:41:10.299425+00:00,XAUUSD,indian_king_cobra,SELL,EMA_PULLBACK,0.8,4557.99,4574.216138983186,4509.31158305044,35.03684390938933,1623,42.14667375503206,SELL,0,SELL,0.5307245850563049,"Bearish pullback: high 4568.66 near EMA 4580.01, reject 4561.00, RSI 35"
2026-03-20T15:41:20.327596+00:00,XAUUSD,indian_king_cobra,SELL,EMA_PULLBACK,0.8,4560.0,4576.2261389831865,4511.3215830504405,35.716836118887585,1623,42.14667375503206,SELL,0,SELL,0.5783372521400452,"Bearish pullback: high 4568.66 near EMA 4580.01, reject 4561.00, RSI 36"
2026-03-20T15:41:30.359063+00:00,XAUUSD,indian_king_cobra,SELL,EMA_PULLBACK,0.8,4560.28,4576.506138983186,4511.60158305044,35.81366159882944,1623,42.14667375503206,SELL,0,SELL,0.5479042530059814,"Bearish pullback: high 4568.66 near EMA 4580.01, reject 4561.00, RSI 36"
2026-03-20T15:41:40.387389+00:00,XAUUSD,indian_king_cobra,SELL,EMA_PULLBACK,0.8,4560.91,4577.136138983186,4512.23158305044,36.03345013796288,1623,42.14667375503206,SELL,0,SELL,0.49241364002227783,"Bearish pullback: high 4568.66 near EMA 4580.01, reject 4561.00, RSI 36"
2026-03-20T15:41:50.419207+00:00,XAUUSD,indian_king_cobra,SELL,EMA_PULLBACK,0.8,4558.57,4574.796138983186,4509.89158305044,35.2303881804166,1623,42.14667375503206,SELL,0,SELL,0.620132327079773,"Bearish pullback: high 4568.66 near EMA 4580.01, reject 4561.00, RSI 35"
2026-03-20T15:42:00.447706+00:00,XAUUSD,indian_king_cobra,SELL,EMA_PULLBACK,0.8,4558.09,4574.334710411758,4509.355868764726,35.0700617524727,1624,42.30568969121873,SELL,0,SELL,0.532356321811676,"Bearish pullback: high 4568.66 near EMA 4580.01, reject 4561.00, RSI 35"
2026-03-20T15:42:10.477611+00:00,XAUUSD,indian_king_cobra,SELL,EMA_PULLBACK,0.8,4559.62,4575.864710411758,4510.885868764726,35.586264466564046,1624,42.30568969121873,SELL,0,SELL,0.554117739200592,"Bearish pullback: high 4568.66 near EMA 4580.01, reject 4561.00, RSI 36"
2026-03-20T15:42:20.508694+00:00,XAUUSD,indian_king_cobra,SELL,EMA_PULLBACK,0.8,4561.01,4577.254710411758,4512.2758687647265,36.07130184745054,1624,42.30568969121873,SELL,0,SELL,0.4999847412109375,"Bearish pullback: high 4568.66 near EMA 4580.01, reject 4561.00, RSI 36"
2026-03-20T15:42:30.539604+00:00,XAUUSD,indian_king_cobra,SELL,EMA_PULLBACK,0.8,4561.08,4577.324710411758,4512.345868764726,36.114898382677254,1624,42.30568969121873,SELL,0,SELL,0.5127905607223511,"Bearish pullback: high 4568.66 near EMA 4580.01, reject 4561.00, RSI 36"
2026-03-20T15:42:40.569546+00:00,XAUUSD,indian_king_cobra,SELL,EMA_PULLBACK,0.8,4561.33,4577.574710411758,4512.595868764726,36.270116071066546,1624,42.30568969121873,SELL,0,BUY,0.5058874487876892,"Bearish pullback: high 4568.66 near EMA 4580.01, reject 4561.00, RSI 36"
2026-03-20T15:42:50.597050+00:00,XAUUSD,indian_king_cobra,SELL,EMA_PULLBACK,0.8,4562.11,4578.359710411757,4513.360868764727,36.749584042329396,1625,42.3056896912187,SELL,0,BUY,0.48145970702171326,"Bearish pullback: high 4568.66 near EMA 4580.01, reject 4561.00, RSI 37"
2026-03-20T15:43:00.626383+00:00,XAUUSD,indian_king_cobra,SELL,EMA_PULLBACK,0.8,4562.24,4578.489710411757,4513.490868764727,36.828794839821164,1625,42.3056896912187,SELL,0,BUY,0.47857096791267395,"Bearish pullback: high 4568.66 near EMA 4580.01, reject 4561.00, RSI 37"
2026-03-20T15:43:10.656065+00:00,XAUUSD,indian_king_cobra,SELL,EMA_PULLBACK,0.8,4563.73,4579.9818532689005,4514.974440193298,37.72270456022532,1625,42.30568969121869,SELL,0,SELL,0.4924161732196808,"Bearish pullback: high 4568.66 near EMA 4580.01, reject 4561.00, RSI 38"
2026-03-20T15:43:20.681281+00:00,XAUUSD,indian_king_cobra,SELL,EMA_PULLBACK,0.8,4565.0,4581.399710411758,4515.800868764726,38.46489422359237,1640,42.305689691217765,SELL,0,SELL,0.555881917476654,"Bearish pullback: high 4568.66 near EMA 4580.01, reject 4561.00, RSI 38"
2026-03-20T15:43:30.710301+00:00,XAUUSD,indian_king_cobra,SELL,EMA_PULLBACK,0.8,4565.27,4581.669710411758,4516.070868764727,38.620408118039926,1640,42.305689691217765,SELL,0,SELL,0.6013364195823669,"Bearish pullback: high 4568.66 near EMA 4580.01, reject 4561.00, RSI 39"
2026-03-20T15:43:40.737397+00:00,XAUUSD,indian_king_cobra,SELL,EMA_PULLBACK,0.8,4565.33,4581.735424697472,4516.113725907584,38.654860074798705,1641,42.30568969121772,SELL,0,SELL,0.6013364195823669,"Bearish pullback: high 4568.66 near EMA 4580.01, reject 4561.00, RSI 39"
2026-03-20T15:43:50.764675+00:00,XAUUSD,indian_king_cobra,SELL,EMA_PULLBACK,0.8,4565.18,4581.596138983186,4515.931583050441,38.56865756479772,1642,42.30568969121766,SELL,0,SELL,0.5782894492149353,"Bearish pullback: high 4568.66 near EMA 4580.01, reject 4561.00, RSI 39"
2026-03-20T15:44:00.794132+00:00,XAUUSD,indian_king_cobra,SELL,EMA_PULLBACK,0.8,4565.6,4582.0497104117585,4516.250868764727,38.809416479101934,1645,42.30568969121746,SELL,0,SELL,0.6109617948532104,"Bearish pullback: high 4568.66 near EMA 4580.01, reject 4561.00, RSI 39"
2026-03-20T15:44:10.822727+00:00,XAUUSD,indian_king_cobra,SELL,EMA_PULLBACK,0.8,4564.09,4580.539710411758,4514.740868764727,37.934901043487606,1645,42.30568969121746,SELL,0,SELL,0.49726977944374084,"Bearish pullback: high 4568.66 near EMA 4580.01, reject 4561.00, RSI 38"
2026-03-20T15:44:20.849190+00:00,XAUUSD,indian_king_cobra,SELL,EMA_PULLBACK,0.8,4563.56,4580.0097104117585,4514.210868764727,37.62199548036604,1645,42.30568969121746,SELL,0,SELL,0.46406686305999756,"Bearish pullback: high 4568.66 near EMA 4580.01, reject 4561.00, RSI 38"
2026-03-20T15:44:30.876486+00:00,XAUUSD,indian_king_cobra,SELL,EMA_PULLBACK,0.8,4563.86,4580.309710411758,4514.510868764726,37.79949823841659,1645,42.30568969121746,SELL,0,SELL,0.49949541687965393,"Bearish pullback: high 4568.66 near EMA 4580.01, reject 4561.00, RSI 38"
2026-03-20T15:44:40.902663+00:00,XAUUSD,indian_king_cobra,SELL,EMA_PULLBACK,0.8,4564.47,4580.919710411758,4515.120868764727,38.157323080672995,1645,42.30568969121746,SELL,0,SELL,0.4983331263065338,"Bearish pullback: high 4568.66 near EMA 4580.01, reject 4561.00, RSI 38"
2026-03-20T15:44:50.928503+00:00,XAUUSD,indian_king_cobra,SELL,EMA_PULLBACK,0.8,4562.02,4578.469710411759,4512.670868764727,36.694629330275305,1645,42.30568969121746,SELL,0,SELL,0.507867693901062,"Bearish pullback: high 4568.66 near EMA 4580.01, reject 4561.00, RSI 37"
2026-03-20T16:10:01.785330+00:00,XAUUSD,indian_king_cobra,SELL,EMA_PULLBACK,0.8,4571.5,4586.468203892135,4526.595388323595,46.106549857775654,1497,16.939016843576436,SELL,0,SELL,0.5292278528213501,"Bearish pullback: high 4580.76 near EMA 4572.21, reject 4571.89, RSI 46"
2026-03-20T16:10:11.811731+00:00,XAUUSD,indian_king_cobra,SELL,EMA_PULLBACK,0.8,4570.78,4585.839632463563,4525.60110260931,45.79911178608993,1506,16.939016843576198,SELL,0,SELL,0.6624698042869568,"Bearish pullback: high 4580.76 near EMA 4572.21, reject 4571.89, RSI 46"
2026-03-20T16:10:21.841359+00:00,XAUUSD,indian_king_cobra,SELL,EMA_PULLBACK,0.8,4570.56,4585.636775320707,4525.329674037882,45.70598849574993,1508,16.93901684357615,SELL,0,SELL,0.7278878092765808,"Bearish pullback: high 4580.76 near EMA 4572.21, reject 4571.89, RSI 46"
2026-03-20T16:10:31.868746+00:00,XAUUSD,indian_king_cobra,SELL,EMA_PULLBACK,0.8,4571.48,4586.663203892134,4525.930388323595,46.09795418759311,1518,17.81521620076342,SELL,0,SELL,0.4482448399066925,"Bearish pullback: high 4580.76 near EMA 4572.21, reject 4571.89, RSI 46"
2026-03-20T16:10:41.900142+00:00,XAUUSD,indian_king_cobra,SELL,EMA_PULLBACK,0.8,4570.58,4585.763203892135,4525.030388323596,45.714438597970414,1518,17.81521620076342,SELL,0,SELL,0.5886288285255432,"Bearish pullback: high 4580.76 near EMA 4572.21, reject 4571.89, RSI 46"
2026-03-20T16:10:51.926528+00:00,XAUUSD,indian_king_cobra,SELL,EMA_PULLBACK,0.8,4571.88,4587.063203892135,4526.330388323596,46.270478818619196,1518,17.81521620076342,SELL,0,SELL,0.44053423404693604,"Bearish pullback: high 4580.76 near EMA 4572.21, reject 4571.89, RSI 46"
2026-03-20T16:11:01.956672+00:00,XAUUSD,indian_king_cobra,SELL,EMA_PULLBACK,0.8,4573.02,4588.307489606421,4527.157531180739,46.83694073976914,1529,17.81521620076314,SELL,0,SELL,0.5127063393592834,"Bearish pullback: high 4580.76 near EMA 4572.21, reject 4571.89, RSI 47"
2026-03-20T16:11:11.990078+00:00,XAUUSD,indian_king_cobra,SELL,EMA_PULLBACK,0.8,4573.42,4588.708918177849,4527.553245466453,47.03311702194456,1529,17.815216200763132,SELL,0,SELL,0.4984324872493744,"Bearish pullback: high 4580.76 near EMA 4572.21, reject 4571.89, RSI 47"
2026-03-20T16:11:22.018219+00:00,XAUUSD,indian_king_cobra,SELL,EMA_PULLBACK,0.8,4575.38,4590.791775320707,4529.1446740378815,47.97382433105712,1541,17.815216200762798,SELL,0,SELL,0.6649225354194641,"Bearish pullback: high 4580.76 near EMA 4572.21, reject 4571.89, RSI 48"
2026-03-20T16:11:32.044771+00:00,XAUUSD,indian_king_cobra,SELL,EMA_PULLBACK,0.8,4574.66,4590.071775320706,4528.424674037881,47.63216669399502,1541,17.815216200762798,SELL,0,SELL,0.6478865742683411,"Bearish pullback: high 4580.76 near EMA 4572.21, reject 4571.89, RSI 48"
2026-03-20T16:11:42.074886+00:00,XAUUSD,indian_king_cobra,SELL,EMA_PULLBACK,0.8,4578.08,4593.6510610349915,4531.366816895024,49.21628391992519,1557,17.81521620076235,SELL,0,SELL,0.5236563086509705,"Bearish pullback: high 4580.76 near EMA 4572.21, reject 4571.89, RSI 49"
2026-03-20T16:11:52.105283+00:00,XAUUSD,indian_king_cobra,SELL,EMA_PULLBACK,0.8,4578.93,4594.624632463564,4531.84610260931,49.59523844324929,1569,17.815216200762013,SELL,0,BUY,0.47017234563827515,"Bearish pullback: high 4580.76 near EMA 4572.21, reject 4571.89, RSI 50"
2026-03-20T16:12:02.132441+00:00,XAUUSD,indian_king_cobra,SELL,EMA_PULLBACK,0.8,4580.08,4595.8382038921345,4532.805388323595,50.09902958190812,1576,17.81521620076183,SELL,0,SELL,0.47830092906951904,"Bearish pullback: high 4580.76 near EMA 4572.21, reject 4571.89, RSI 50"
2026-03-20T16:51:13.440524+00:00,BTCUSD,indian_king_cobra,SELL,EMA_PULLBACK,0.8,69670.92,69869.80746028283,69074.25761915153,40.58453954547411,19889,19.48877085250122,SELL,0,HOLD,0.432476669549942,"Bearish pullback: high 69841.00 near EMA 69869.91, reject 69731.27, RSI 41"
2026-03-20T16:51:23.512800+00:00,BTCUSD,indian_king_cobra,SELL,EMA_PULLBACK,0.8,69656.22,69857.36103171139,69052.79690486581,40.08482004440803,20114,22.141670124960253,SELL,0,BUY,0.4736725389957428,"Bearish pullback: high 69841.00 near EMA 69869.91, reject 69731.27, RSI 40"
2026-03-20T16:51:33.580302+00:00,BTCUSD,indian_king_cobra,SELL,EMA_PULLBACK,0.8,69652.19,69853.97746028283,69046.82761915153,39.94996419758406,20179,22.870679352358398,SELL,0,BUY,0.48536258935928345,"Bearish pullback: high 69841.00 near EMA 69869.91, reject 69731.27, RSI 40"
2026-03-20T16:51:43.653981+00:00,BTCUSD,indian_king_cobra,SELL,EMA_PULLBACK,0.8,69622.7,69824.89746028282,69016.10761915152,38.99009110267586,20220,23.326022961537472,SELL,0,BUY,0.3559721112251282,"Bearish pullback: high 69841.00 near EMA 69869.91, reject 69731.27, RSI 39"
2026-03-20T16:51:53.721302+00:00,BTCUSD,indian_king_cobra,SELL,EMA_PULLBACK,0.8,69599.63,69804.77031742569,68984.20904772295,38.27074619057288,20514,26.44296879863661,SELL,0,BUY,0.42592325806617737,"Bearish pullback: high 69841.00 near EMA 69869.91, reject 69731.27, RSI 38"
2026-03-20T16:52:03.795242+00:00,BTCUSD,indian_king_cobra,SELL,EMA_PULLBACK,0.8,69599.9,69805.13674599711,68984.18976200865,38.279011513197034,20524,26.540819489618144,SELL,0,BUY,0.41908448934555054,"Bearish pullback: high 69841.00 near EMA 69869.91, reject 69731.27, RSI 38"
2026-03-20T16:52:13.864494+00:00,BTCUSD,indian_king_cobra,SELL,EMA_PULLBACK,0.8,69596.57,69802.39174599711,68979.10476200868,38.17732138296849,20582,27.128911251507503,SELL,0,BUY,0.42829808592796326,"Bearish pullback: high 69841.00 near EMA 69869.91, reject 69731.27, RSI 38"
2026-03-20T16:52:23.941946+00:00,BTCUSD,indian_king_cobra,SELL,EMA_PULLBACK,0.8,69618.6,69824.42174599711,69001.13476200867,38.860279822797445,20582,27.128911251507503,SELL,0,BUY,0.407012403011322,"Bearish pullback: high 69841.00 near EMA 69869.91, reject 69731.27, RSI 39"
2026-03-20T16:52:34.014839+00:00,BTCUSD,indian_king_cobra,SELL,EMA_PULLBACK,0.8,69670.57,69876.39174599711,69053.10476200868,40.57249670862555,20582,27.128911251507503,SELL,0,BUY,0.41657817363739014,"Bearish pullback: high 69841.00 near EMA 69869.91, reject 69731.27, RSI 41"
2026-03-20T16:52:44.087365+00:00,BTCUSD,indian_king_cobra,SELL,EMA_PULLBACK,0.8,69684.41,69890.23174599711,69066.94476200867,41.05421594348785,20582,27.128911251507503,SELL,0,BUY,0.3817611634731293,"Bearish pullback: high 69841.00 near EMA 69869.91, reject 69731.27, RSI 41"
2026-03-20T16:52:54.167772+00:00,BTCUSD,indian_king_cobra,SELL,EMA_PULLBACK,0.8,69651.2,69857.0217459971,69033.73476200867,39.91697455518309,20582,27.128911251507503,SELL,0,BUY,0.4990880489349365,"Bearish pullback: high 69841.00 near EMA 69869.91, reject 69731.27, RSI 40"
2026-03-20T16:53:04.235787+00:00,BTCUSD,indian_king_cobra,SELL,EMA_PULLBACK,0.8,69713.43,69919.2517459971,69095.96476200866,42.10238236621521,20582,27.128911251507503,SELL,0,HOLD,0.36152422428131104,"Bearish pullback: high 69841.00 near EMA 69869.91, reject 69731.27, RSI 42"
2026-03-20T16:53:14.302068+00:00,BTCUSD,indian_king_cobra,SELL,EMA_PULLBACK,0.8,69689.17,69894.9917459971,69071.70476200867,41.222548435861114,20582,27.128911251507503,SELL,0,HOLD,0.47269919514656067,"Bearish pullback: high 69841.00 near EMA 69869.91, reject 69731.27, RSI 41"
2026-03-20T16:53:24.374672+00:00,BTCUSD,indian_king_cobra,SELL,EMA_PULLBACK,0.8,69710.59,69916.4117459971,69093.12476200867,41.9974483446326,20582,27.128911251507503,SELL,0,HOLD,0.43376392126083374,"Bearish pullback: high 69841.00 near EMA 69869.91, reject 69731.27, RSI 42"
2026-03-20T16:53:34.444174+00:00,BTCUSD,indian_king_cobra,SELL,EMA_PULLBACK,0.8,69704.68,69910.5017459971,69087.21476200866,41.78075028536977,20582,27.128911251507503,SELL,0,HOLD,0.414802610874176,"Bearish pullback: high 69841.00 near EMA 69869.91, reject 69731.27, RSI 42"
2026-03-20T16:53:44.520855+00:00,BTCUSD,indian_king_cobra,SELL,EMA_PULLBACK,0.8,69727.36,69933.1817459971,69109.89476200867,42.62476433774362,20582,27.128911251507503,SELL,0,HOLD,0.46424341201782227,"Bearish pullback: high 69841.00 near EMA 69869.91, reject 69731.27, RSI 43"
2026-03-20T16:53:54.595502+00:00,BTCUSD,indian_king_cobra,SELL,EMA_PULLBACK,0.8,69725.75,69931.5717459971,69108.28476200867,42.56372695300964,20582,27.128911251507503,SELL,0,HOLD,0.46694108843803406,"Bearish pullback: high 69841.00 near EMA 69869.91, reject 69731.27, RSI 43"
2026-03-20T16:54:04.663520+00:00,BTCUSD,indian_king_cobra,SELL,EMA_PULLBACK,0.8,69702.41,69908.26388885426,69084.84833343724,41.69811093890868,20585,27.12891125150749,SELL,0,HOLD,0.43661031126976013,"Bearish pullback: high 69841.00 near EMA 69869.91, reject 69731.27, RSI 42"
2026-03-20T16:54:14.731773+00:00,BTCUSD,indian_king_cobra,SELL,EMA_PULLBACK,0.8,69749.06,69954.91388885425,69131.49833343724,43.66943552547303,20585,27.12891125150749,SELL,0,HOLD,0.49565401673316956,"Bearish pullback: high 69841.00 near EMA 69869.91, reject 69731.27, RSI 44"
2026-03-20T16:54:24.803744+00:00,BTCUSD,indian_king_cobra,SELL,EMA_PULLBACK,0.8,69755.35,69962.43531742568,69134.09404772296,43.97945725517658,20709,27.128911251507038,SELL,0,HOLD,0.565021812915802,"Bearish pullback: high 69841.00 near EMA 69869.91, reject 69731.27, RSI 44"
2026-03-20T16:54:34.875394+00:00,BTCUSD,indian_king_cobra,SELL,EMA_PULLBACK,0.8,69765.99,69973.07531742568,69144.73404772296,44.4961850805911,20709,27.128911251507038,SELL,0,HOLD,0.5386843085289001,"Bearish pullback: high 69841.00 near EMA 69869.91, reject 69731.27, RSI 44"
2026-03-20T16:54:44.941402+00:00,BTCUSD,indian_king_cobra,SELL,EMA_PULLBACK,0.8,69746.31,69953.39531742567,69125.05404772295,43.53281277437154,20709,27.128911251507038,SELL,0,HOLD,0.5170996785163879,"Bearish pullback: high 69841.00 near EMA 69869.91, reject 69731.27, RSI 44"
2026-03-20T16:54:55.012091+00:00,BTCUSD,indian_king_cobra,SELL,EMA_PULLBACK,0.8,69757.22,69964.30531742568,69135.96404772296,44.070968884698075,20709,27.128911251507038,SELL,0,HOLD,0.5625596642494202,"Bearish pullback: high 69841.00 near EMA 69869.91, reject 69731.27, RSI 44"
2026-03-20T17:10:05.587317+00:00,BTCUSD,indian_king_cobra,SELL,EMA_PULLBACK,0.8,69861.98,70056.55787216585,69278.24638350242,49.30863017270974,19458,21.18068797137451,SELL,0,HOLD,0.6856647729873657,"Bearish pullback: high 69955.97 near EMA 69857.41, reject 69842.52, RSI 49"
2026-03-20T17:10:15.667369+00:00,BTCUSD,indian_king_cobra,SELL,EMA_PULLBACK,0.8,69866.66,70062.47715788014,69279.20852635958,49.526066881252085,19582,21.180687971374162,SELL,0,HOLD,0.6834375858306885,"Bearish pullback: high 69955.97 near EMA 69857.41, reject 69842.52, RSI 50"
2026-03-20T17:10:25.747713+00:00,BTCUSD,indian_king_cobra,SELL,EMA_PULLBACK,0.8,69858.04,70053.85715788013,69270.58852635957,49.12411671456566,19582,21.180687971374162,SELL,0,HOLD,0.6479475498199463,"Bearish pullback: high 69955.97 near EMA 69857.41, reject 69842.52, RSI 49"
2026-03-20T17:10:35.820134+00:00,BTCUSD,indian_king_cobra,SELL,EMA_PULLBACK,0.8,69846.29,70042.10715788013,69258.83852635957,48.56579086897973,19582,21.180687971374162,SELL,0,HOLD,0.6682037711143494,"Bearish pullback: high 69955.97 near EMA 69857.41, reject 69842.52, RSI 49"
2026-03-20T17:10:45.890211+00:00,BTCUSD,indian_king_cobra,SELL,EMA_PULLBACK,0.8,69834.73,70030.86430073727,69246.32709778815,48.033334071260725,19613,21.180687971374066,SELL,0,HOLD,0.6839073896408081,"Bearish pullback: high 69955.97 near EMA 69857.41, reject 69842.52, RSI 48"
2026-03-20T17:10:55.970592+00:00,BTCUSD,indian_king_cobra,SELL,EMA_PULLBACK,0.8,69791.77,69991.92072930871,69191.31781207387,46.1870650102196,20015,21.180687971372947,SELL,0,HOLD,0.681788980960846,"Bearish pullback: high 69955.97 near EMA 69857.41, reject 69842.52, RSI 46"
2026-03-20T17:11:06.045469+00:00,BTCUSD,indian_king_cobra,SELL,EMA_PULLBACK,0.8,69773.32,69975.14787216586,69167.83638350245,45.437008325788646,20183,21.18068797137248,SELL,0,HOLD,0.5532541871070862,"Bearish pullback: high 69955.97 near EMA 69857.41, reject 69842.52, RSI 45"
2026-03-20T17:11:16.120077+00:00,BTCUSD,indian_king_cobra,SELL,EMA_PULLBACK,0.8,69775.56,69977.38787216585,69170.07638350244,45.526770261583096,20183,21.18068797137248,SELL,0,HOLD,0.5329197645187378,"Bearish pullback: high 69955.97 near EMA 69857.41, reject 69842.52, RSI 46"
2026-03-20T17:11:26.202792+00:00,BTCUSD,indian_king_cobra,SELL,EMA_PULLBACK,0.8,69779.87,69981.69787216585,69174.38638350244,45.700483343915586,20183,21.18068797137248,SELL,0,HOLD,0.5313023924827576,"Bearish pullback: high 69955.97 near EMA 69857.41, reject 69842.52, RSI 46"
2026-03-20T17:11:36.288614+00:00,BTCUSD,indian_king_cobra,SELL,EMA_PULLBACK,0.8,69805.87,70007.69787216585,69200.38638350244,46.777186177865175,20183,21.18068797137248,SELL,0,HOLD,0.6464378833770752,"Bearish pullback: high 69955.97 near EMA 69857.41, reject 69842.52, RSI 47"
2026-03-20T17:11:46.362332+00:00,BTCUSD,indian_king_cobra,SELL,EMA_PULLBACK,0.8,69804.24,70006.06787216586,69198.75638350245,46.708196769535576,20183,21.18068797137248,SELL,0,HOLD,0.6484906077384949,"Bearish pullback: high 69955.97 near EMA 69857.41, reject 69842.52, RSI 47"
2026-03-20T17:11:56.439559+00:00,BTCUSD,indian_king_cobra,SELL,EMA_PULLBACK,0.8,69820.65,70022.47787216585,69215.16638350244,47.412174921832225,20183,21.18068797137248,SELL,0,HOLD,0.6673305034637451,"Bearish pullback: high 69955.97 near EMA 69857.41, reject 69842.52, RSI 47"
2026-03-20T17:12:06.511795+00:00,BTCUSD,indian_king_cobra,SELL,EMA_PULLBACK,0.8,69788.67,69990.49787216586,69183.18638350244,46.0593131778488,20183,21.18068797137248,SELL,0,HOLD,0.637024462223053,"Bearish pullback: high 69955.97 near EMA 69857.41, reject 69842.52, RSI 46"
2026-03-20T17:12:16.588850+00:00,BTCUSD,indian_king_cobra,SELL,EMA_PULLBACK,0.8,69768.54,69970.36787216585,69163.05638350244,45.24664135749955,20183,21.18068797137248,SELL,0,HOLD,0.5780823826789856,"Bearish pullback: high 69955.97 near EMA 69857.41, reject 69842.52, RSI 45"
2026-03-20T17:12:26.660083+00:00,BTCUSD,indian_king_cobra,SELL,EMA_PULLBACK,0.8,69771.49,69973.31787216586,69166.00638350245,45.36393831177161,20183,21.18068797137248,SELL,0,HOLD,0.5658836960792542,"Bearish pullback: high 69955.97 near EMA 69857.41, reject 69842.52, RSI 45"
2026-03-20T17:12:36.738110+00:00,BTCUSD,indian_king_cobra,SELL,EMA_PULLBACK,0.8,69750.89,69953.29644359443,69143.67066921672,44.55732624484253,20241,21.18068797137231,SELL,0,HOLD,0.5711143612861633,"Bearish pullback: high 69955.97 near EMA 69857.41, reject 69842.52, RSI 45"
2026-03-20T17:12:46.814828+00:00,BTCUSD,indian_king_cobra,SELL,EMA_PULLBACK,0.8,69757.49,69960.07072930872,69149.74781207387,44.81261457472568,20258,21.18068797137226,SELL,0,HOLD,0.5747069120407104,"Bearish pullback: high 69955.97 near EMA 69857.41, reject 69842.52, RSI 45"
2026-03-20T17:12:56.888275+00:00,BTCUSD,indian_king_cobra,SELL,EMA_PULLBACK,0.8,69785.05,69987.63072930872,69177.30781207386,45.9110236013889,20258,21.18068797137226,SELL,0,HOLD,0.5938946604728699,"Bearish pullback: high 69955.97 near EMA 69857.41, reject 69842.52, RSI 46"
2026-03-20T17:13:06.964147+00:00,BTCUSD,indian_king_cobra,SELL,EMA_PULLBACK,0.8,69814.11,70016.69072930871,69206.36781207386,47.12908509916278,20258,21.18068797137226,SELL,0,HOLD,0.7247958779335022,"Bearish pullback: high 69955.97 near EMA 69857.41, reject 69842.52, RSI 47"
2026-03-20T17:13:17.042269+00:00,BTCUSD,indian_king_cobra,SELL,EMA_PULLBACK,0.8,69812.09,70014.67072930871,69204.34781207386,47.042329638479444,20258,21.18068797137226,SELL,0,HOLD,0.7029436230659485,"Bearish pullback: high 69955.97 near EMA 69857.41, reject 69842.52, RSI 47"
2026-03-20T17:13:27.124109+00:00,BTCUSD,indian_king_cobra,SELL,EMA_PULLBACK,0.8,69788.83,69991.41072930871,69181.08781207386,46.065889521856164,20258,21.18068797137226,SELL,0,HOLD,0.6506005525588989,"Bearish pullback: high 69955.97 near EMA 69857.41, reject 69842.52, RSI 46"
2026-03-20T17:13:37.200153+00:00,BTCUSD,indian_king_cobra,SELL,EMA_PULLBACK,0.8,69775.75,69978.33072930871,69168.00781207386,45.53440031687624,20258,21.18068797137226,SELL,0,HOLD,0.5983884334564209,"Bearish pullback: high 69955.97 near EMA 69857.41, reject 69842.52, RSI 46"
2026-03-20T17:13:47.274687+00:00,BTCUSD,indian_king_cobra,SELL,EMA_PULLBACK,0.8,69777.53,69980.11072930871,69169.78781207386,45.60600629599416,20258,21.18068797137226,SELL,0,HOLD,0.589588463306427,"Bearish pullback: high 69955.97 near EMA 69857.41, reject 69842.52, RSI 46"
2026-03-20T17:13:57.343791+00:00,BTCUSD,indian_king_cobra,SELL,EMA_PULLBACK,0.8,69779.19,69981.77072930872,69171.44781207386,45.67298815213409,20258,21.18068797137226,SELL,0,HOLD,0.588259756565094,"Bearish pullback: high 69955.97 near EMA 69857.41, reject 69842.52, RSI 46"
2026-03-20T17:14:07.414694+00:00,BTCUSD,indian_king_cobra,SELL,EMA_PULLBACK,0.8,69782.9,69985.4807293087,69175.15781207386,45.82340216127481,20258,21.18068797137226,SELL,0,HOLD,0.6008514165878296,"Bearish pullback: high 69955.97 near EMA 69857.41, reject 69842.52, RSI 46"
2026-03-20T17:14:17.489667+00:00,BTCUSD,indian_king_cobra,SELL,EMA_PULLBACK,0.8,69773.91,69976.49072930872,69166.16781207387,45.460616624063015,20258,21.18068797137226,SELL,0,HOLD,0.5977479815483093,"Bearish pullback: high 69955.97 near EMA 69857.41, reject 69842.52, RSI 45"
2026-03-20T17:14:27.565133+00:00,BTCUSD,indian_king_cobra,SELL,EMA_PULLBACK,0.8,69763.41,69965.99072930872,69155.66781207387,45.044102074934585,20258,21.18068797137226,SELL,0,HOLD,0.6067419648170471,"Bearish pullback: high 69955.97 near EMA 69857.41, reject 69842.52, RSI 45"
2026-03-20T17:14:37.636499+00:00,BTCUSD,indian_king_cobra,SELL,EMA_PULLBACK,0.8,69756.88,69959.46072930872,69149.13781207387,44.788897118487355,20258,21.18068797137226,SELL,0,HOLD,0.5847686529159546,"Bearish pullback: high 69955.97 near EMA 69857.41, reject 69842.52, RSI 45"
2026-03-20T17:14:47.737815+00:00,BTCUSD,indian_king_cobra,SELL,EMA_PULLBACK,0.8,69794.93,69979.32852907102,69241.7344127869,45.63694047011418,18440,18.482410197391395,SELL,0,HOLD,0.6728702187538147,"Bearish pullback: high 69957.57 near EMA 69869.85, reject 69853.24, RSI 46"
2026-03-20T17:14:57.805182+00:00,BTCUSD,indian_king_cobra,SELL,EMA_PULLBACK,0.8,69791.61,69976.00852907103,69238.41441278691,45.49749881810008,18440,18.482410197391395,SELL,0,HOLD,0.651612401008606,"Bearish pullback: high 69957.57 near EMA 69869.85, reject 69853.24, RSI 45"
